seed,event_index,opaque_edit,panel,condition,operating_point,category,n,on_num,on_rate,base_exact_num,forced_exact_num,gated_exact_num,base_semantic_num,forced_semantic_num,gated_semantic_num,joint_on_exact_rate,joint_on_semantic_rate,base_correct_damage_num,base_correct_den,off_parity_num,off_num
20260906,1,01223e258bbc7a1f,matched,M0_C1_R2_MEAN_CONTROL,PRIMARY_SAFETY_FIRST,matched_evaluation_positive,4,3,0.75,0,4,3,0,4,3,0.75,0.75,0,0,1,1
20260906,1,01223e258bbc7a1f,matched,M0_C1_R2_MEAN_CONTROL,PRIMARY_SAFETY_FIRST,matched_hard_image,20,1,0.05,0,0,0,4,12,4,0.0,0.05,0,4,19,19
20260906,1,01223e258bbc7a1f,matched,M0_C1_R2_MEAN_CONTROL,SECONDARY_COVERAGE90,matched_evaluation_positive,4,3,0.75,0,4,3,0,4,3,0.75,0.75,0,0,1,1
20260906,1,01223e258bbc7a1f,matched,M0_C1_R2_MEAN_CONTROL,SECONDARY_COVERAGE90,matched_hard_image,20,1,0.05,0,0,0,4,12,4,0.0,0.05,0,4,19,19
20260906,1,01223e258bbc7a1f,matched,M1_C1_CP_CONJUNCTION_CONTROL,PRIMARY_SAFETY_FIRST,matched_evaluation_positive,4,3,0.75,0,4,3,0,4,3,0.75,0.75,0,0,1,1
20260906,1,01223e258bbc7a1f,matched,M1_C1_CP_CONJUNCTION_CONTROL,PRIMARY_SAFETY_FIRST,matched_hard_image,20,0,0.0,0,0,0,4,12,4,0.0,0.0,0,4,20,20
20260906,1,01223e258bbc7a1f,matched,M1_C1_CP_CONJUNCTION_CONTROL,SECONDARY_COVERAGE90,matched_evaluation_positive,4,3,0.75,0,4,3,0,4,3,0.75,0.75,0,0,1,1
20260906,1,01223e258bbc7a1f,matched,M1_C1_CP_CONJUNCTION_CONTROL,SECONDARY_COVERAGE90,matched_hard_image,20,0,0.0,0,0,0,4,12,4,0.0,0.0,0,4,20,20
20260906,1,01223e258bbc7a1f,matched,M2_C1_CP_RESPONSE_VERIFIER,PRIMARY_SAFETY_FIRST,matched_evaluation_positive,4,3,0.75,0,4,3,0,4,3,0.75,0.75,0,0,1,1
20260906,1,01223e258bbc7a1f,matched,M2_C1_CP_RESPONSE_VERIFIER,PRIMARY_SAFETY_FIRST,matched_hard_image,20,1,0.05,0,0,0,4,12,4,0.0,0.0,0,4,19,19
20260906,1,01223e258bbc7a1f,matched,M2_C1_CP_RESPONSE_VERIFIER,SECONDARY_COVERAGE90,matched_evaluation_positive,4,3,0.75,0,4,3,0,4,3,0.75,0.75,0,0,1,1
20260906,1,01223e258bbc7a1f,matched,M2_C1_CP_RESPONSE_VERIFIER,SECONDARY_COVERAGE90,matched_hard_image,20,12,0.6,0,0,0,4,12,8,0.0,0.25,0,4,8,8
20260906,1,01223e258bbc7a1f,matched,M3_C1_PRE_CP_FEATURE_VERIFIER,PRIMARY_SAFETY_FIRST,matched_evaluation_positive,4,3,0.75,0,4,3,0,4,3,0.75,0.75,0,0,1,1
20260906,1,01223e258bbc7a1f,matched,M3_C1_PRE_CP_FEATURE_VERIFIER,PRIMARY_SAFETY_FIRST,matched_hard_image,20,0,0.0,0,0,0,4,12,4,0.0,0.0,0,4,20,20
20260906,1,01223e258bbc7a1f,matched,M3_C1_PRE_CP_FEATURE_VERIFIER,SECONDARY_COVERAGE90,matched_evaluation_positive,4,3,0.75,0,4,3,0,4,3,0.75,0.75,0,0,1,1
20260906,1,01223e258bbc7a1f,matched,M3_C1_PRE_CP_FEATURE_VERIFIER,SECONDARY_COVERAGE90,matched_hard_image,20,0,0.0,0,0,0,4,12,4,0.0,0.0,0,4,20,20
20260906,1,01223e258bbc7a1f,original,M0_C1_R2_MEAN_CONTROL,CONTINUITY_COVERAGE_CONSTRAINED,broad_unrelated_source_qa,15,0,0.0,0,0,0,12,13,12,0.0,0.0,0,12,15,15
20260906,1,01223e258bbc7a1f,original,M0_C1_R2_MEAN_CONTROL,CONTINUITY_COVERAGE_CONSTRAINED,evaluation_positive,4,3,0.75,0,4,3,0,4,3,0.75,0.75,0,0,1,1
20260906,1,01223e258bbc7a1f,original,M0_C1_R2_MEAN_CONTROL,CONTINUITY_COVERAGE_CONSTRAINED,formal_T1G,4,0,0.0,0,4,0,0,4,0,0.0,0.0,0,0,4,4
20260906,1,01223e258bbc7a1f,original,M0_C1_R2_MEAN_CONTROL,CONTINUITY_COVERAGE_CONSTRAINED,formal_T2G,3,2,0.6666666666666666,0,1,1,0,1,1,0.3333333333333333,0.3333333333333333,0,0,1,1
20260906,1,01223e258bbc7a1f,original,M0_C1_R2_MEAN_CONTROL,CONTINUITY_COVERAGE_CONSTRAINED,native,1,1,1.0,0,1,1,0,1,1,1.0,1.0,0,0,0,0
20260906,1,01223e258bbc7a1f,original,M0_C1_R2_MEAN_CONTROL,CONTINUITY_COVERAGE_CONSTRAINED,reviewed_same_fact_text_augmentation,4,4,1.0,0,4,4,0,4,4,1.0,1.0,0,0,0,0
20260906,1,01223e258bbc7a1f,original,M0_C1_R2_MEAN_CONTROL,CONTINUITY_COVERAGE_CONSTRAINED,same_image_other_source_fact,12,2,0.16666666666666666,0,0,0,3,2,3,0.0,0.0,0,3,10,10
20260906,1,01223e258bbc7a1f,original,M0_C1_R2_MEAN_CONTROL,CONTINUITY_COVERAGE_CONSTRAINED,same_question_different_image_conflicting_source_answer,5,1,0.2,0,0,0,2,3,2,0.0,0.0,0,2,4,4
20260906,1,01223e258bbc7a1f,original,M0_C1_R2_MEAN_CONTROL,CONTINUITY_SAFETY_FIRST,broad_unrelated_source_qa,15,0,0.0,0,0,0,12,13,12,0.0,0.0,0,12,15,15
20260906,1,01223e258bbc7a1f,original,M0_C1_R2_MEAN_CONTROL,CONTINUITY_SAFETY_FIRST,evaluation_positive,4,3,0.75,0,4,3,0,4,3,0.75,0.75,0,0,1,1
20260906,1,01223e258bbc7a1f,original,M0_C1_R2_MEAN_CONTROL,CONTINUITY_SAFETY_FIRST,formal_T1G,4,0,0.0,0,4,0,0,4,0,0.0,0.0,0,0,4,4
20260906,1,01223e258bbc7a1f,original,M0_C1_R2_MEAN_CONTROL,CONTINUITY_SAFETY_FIRST,formal_T2G,3,2,0.6666666666666666,0,1,1,0,1,1,0.3333333333333333,0.3333333333333333,0,0,1,1
20260906,1,01223e258bbc7a1f,original,M0_C1_R2_MEAN_CONTROL,CONTINUITY_SAFETY_FIRST,native,1,1,1.0,0,1,1,0,1,1,1.0,1.0,0,0,0,0
20260906,1,01223e258bbc7a1f,original,M0_C1_R2_MEAN_CONTROL,CONTINUITY_SAFETY_FIRST,reviewed_same_fact_text_augmentation,4,4,1.0,0,4,4,0,4,4,1.0,1.0,0,0,0,0
20260906,1,01223e258bbc7a1f,original,M0_C1_R2_MEAN_CONTROL,CONTINUITY_SAFETY_FIRST,same_image_other_source_fact,12,2,0.16666666666666666,0,0,0,3,2,3,0.0,0.0,0,3,10,10
20260906,1,01223e258bbc7a1f,original,M0_C1_R2_MEAN_CONTROL,CONTINUITY_SAFETY_FIRST,same_question_different_image_conflicting_source_answer,5,1,0.2,0,0,0,2,3,2,0.0,0.0,0,2,4,4
20260906,1,01223e258bbc7a1f,original,M1_C1_CP_CONJUNCTION_CONTROL,PRIMARY_SAFETY_FIRST,broad_unrelated_source_qa,15,0,0.0,0,0,0,12,13,12,0.0,0.0,0,12,15,15
20260906,1,01223e258bbc7a1f,original,M1_C1_CP_CONJUNCTION_CONTROL,PRIMARY_SAFETY_FIRST,evaluation_positive,4,3,0.75,0,4,3,0,4,3,0.75,0.75,0,0,1,1
20260906,1,01223e258bbc7a1f,original,M1_C1_CP_CONJUNCTION_CONTROL,PRIMARY_SAFETY_FIRST,formal_T1G,4,0,0.0,0,4,0,0,4,0,0.0,0.0,0,0,4,4
20260906,1,01223e258bbc7a1f,original,M1_C1_CP_CONJUNCTION_CONTROL,PRIMARY_SAFETY_FIRST,formal_T2G,3,2,0.6666666666666666,0,1,1,0,1,1,0.3333333333333333,0.3333333333333333,0,0,1,1
20260906,1,01223e258bbc7a1f,original,M1_C1_CP_CONJUNCTION_CONTROL,PRIMARY_SAFETY_FIRST,native,1,1,1.0,0,1,1,0,1,1,1.0,1.0,0,0,0,0
20260906,1,01223e258bbc7a1f,original,M1_C1_CP_CONJUNCTION_CONTROL,PRIMARY_SAFETY_FIRST,reviewed_same_fact_text_augmentation,4,4,1.0,0,4,4,0,4,4,1.0,1.0,0,0,0,0
20260906,1,01223e258bbc7a1f,original,M1_C1_CP_CONJUNCTION_CONTROL,PRIMARY_SAFETY_FIRST,same_image_other_source_fact,12,3,0.25,0,0,0,3,2,2,0.0,0.0,1,3,9,9
20260906,1,01223e258bbc7a1f,original,M1_C1_CP_CONJUNCTION_CONTROL,PRIMARY_SAFETY_FIRST,same_question_different_image_conflicting_source_answer,5,0,0.0,0,0,0,2,3,2,0.0,0.0,0,2,5,5
20260906,1,01223e258bbc7a1f,original,M1_C1_CP_CONJUNCTION_CONTROL,SECONDARY_COVERAGE90,broad_unrelated_source_qa,15,0,0.0,0,0,0,12,13,12,0.0,0.0,0,12,15,15
20260906,1,01223e258bbc7a1f,original,M1_C1_CP_CONJUNCTION_CONTROL,SECONDARY_COVERAGE90,evaluation_positive,4,3,0.75,0,4,3,0,4,3,0.75,0.75,0,0,1,1
20260906,1,01223e258bbc7a1f,original,M1_C1_CP_CONJUNCTION_CONTROL,SECONDARY_COVERAGE90,formal_T1G,4,0,0.0,0,4,0,0,4,0,0.0,0.0,0,0,4,4
20260906,1,01223e258bbc7a1f,original,M1_C1_CP_CONJUNCTION_CONTROL,SECONDARY_COVERAGE90,formal_T2G,3,2,0.6666666666666666,0,1,1,0,1,1,0.3333333333333333,0.3333333333333333,0,0,1,1
20260906,1,01223e258bbc7a1f,original,M1_C1_CP_CONJUNCTION_CONTROL,SECONDARY_COVERAGE90,native,1,1,1.0,0,1,1,0,1,1,1.0,1.0,0,0,0,0
20260906,1,01223e258bbc7a1f,original,M1_C1_CP_CONJUNCTION_CONTROL,SECONDARY_COVERAGE90,reviewed_same_fact_text_augmentation,4,4,1.0,0,4,4,0,4,4,1.0,1.0,0,0,0,0
20260906,1,01223e258bbc7a1f,original,M1_C1_CP_CONJUNCTION_CONTROL,SECONDARY_COVERAGE90,same_image_other_source_fact,12,3,0.25,0,0,0,3,2,2,0.0,0.0,1,3,9,9
20260906,1,01223e258bbc7a1f,original,M1_C1_CP_CONJUNCTION_CONTROL,SECONDARY_COVERAGE90,same_question_different_image_conflicting_source_answer,5,0,0.0,0,0,0,2,3,2,0.0,0.0,0,2,5,5
20260906,1,01223e258bbc7a1f,original,M2_C1_CP_RESPONSE_VERIFIER,PRIMARY_SAFETY_FIRST,broad_unrelated_source_qa,15,0,0.0,0,0,0,12,13,12,0.0,0.0,0,12,15,15
20260906,1,01223e258bbc7a1f,original,M2_C1_CP_RESPONSE_VERIFIER,PRIMARY_SAFETY_FIRST,evaluation_positive,4,3,0.75,0,4,3,0,4,3,0.75,0.75,0,0,1,1
20260906,1,01223e258bbc7a1f,original,M2_C1_CP_RESPONSE_VERIFIER,PRIMARY_SAFETY_FIRST,formal_T1G,4,0,0.0,0,4,0,0,4,0,0.0,0.0,0,0,4,4
20260906,1,01223e258bbc7a1f,original,M2_C1_CP_RESPONSE_VERIFIER,PRIMARY_SAFETY_FIRST,formal_T2G,3,2,0.6666666666666666,0,1,1,0,1,1,0.3333333333333333,0.3333333333333333,0,0,1,1
20260906,1,01223e258bbc7a1f,original,M2_C1_CP_RESPONSE_VERIFIER,PRIMARY_SAFETY_FIRST,native,1,1,1.0,0,1,1,0,1,1,1.0,1.0,0,0,0,0
20260906,1,01223e258bbc7a1f,original,M2_C1_CP_RESPONSE_VERIFIER,PRIMARY_SAFETY_FIRST,reviewed_same_fact_text_augmentation,4,4,1.0,0,4,4,0,4,4,1.0,1.0,0,0,0,0
20260906,1,01223e258bbc7a1f,original,M2_C1_CP_RESPONSE_VERIFIER,PRIMARY_SAFETY_FIRST,same_image_other_source_fact,12,0,0.0,0,0,0,3,2,3,0.0,0.0,0,3,12,12
20260906,1,01223e258bbc7a1f,original,M2_C1_CP_RESPONSE_VERIFIER,PRIMARY_SAFETY_FIRST,same_question_different_image_conflicting_source_answer,5,1,0.2,0,0,0,2,3,2,0.0,0.0,0,2,4,4
20260906,1,01223e258bbc7a1f,original,M2_C1_CP_RESPONSE_VERIFIER,SECONDARY_COVERAGE90,broad_unrelated_source_qa,15,0,0.0,0,0,0,12,13,12,0.0,0.0,0,12,15,15
20260906,1,01223e258bbc7a1f,original,M2_C1_CP_RESPONSE_VERIFIER,SECONDARY_COVERAGE90,evaluation_positive,4,4,1.0,0,4,4,0,4,4,1.0,1.0,0,0,0,0
20260906,1,01223e258bbc7a1f,original,M2_C1_CP_RESPONSE_VERIFIER,SECONDARY_COVERAGE90,formal_T1G,4,4,1.0,0,4,4,0,4,4,1.0,1.0,0,0,0,0
20260906,1,01223e258bbc7a1f,original,M2_C1_CP_RESPONSE_VERIFIER,SECONDARY_COVERAGE90,formal_T2G,3,3,1.0,0,1,1,0,1,1,0.3333333333333333,0.3333333333333333,0,0,0,0
20260906,1,01223e258bbc7a1f,original,M2_C1_CP_RESPONSE_VERIFIER,SECONDARY_COVERAGE90,native,1,1,1.0,0,1,1,0,1,1,1.0,1.0,0,0,0,0
20260906,1,01223e258bbc7a1f,original,M2_C1_CP_RESPONSE_VERIFIER,SECONDARY_COVERAGE90,reviewed_same_fact_text_augmentation,4,4,1.0,0,4,4,0,4,4,1.0,1.0,0,0,0,0
20260906,1,01223e258bbc7a1f,original,M2_C1_CP_RESPONSE_VERIFIER,SECONDARY_COVERAGE90,same_image_other_source_fact,12,3,0.25,0,0,0,3,2,2,0.0,0.0,1,3,9,9
20260906,1,01223e258bbc7a1f,original,M2_C1_CP_RESPONSE_VERIFIER,SECONDARY_COVERAGE90,same_question_different_image_conflicting_source_answer,5,5,1.0,0,0,0,2,3,3,0.0,0.6,0,2,0,0
20260906,1,01223e258bbc7a1f,original,M3_C1_PRE_CP_FEATURE_VERIFIER,PRIMARY_SAFETY_FIRST,broad_unrelated_source_qa,15,0,0.0,0,0,0,12,13,12,0.0,0.0,0,12,15,15
20260906,1,01223e258bbc7a1f,original,M3_C1_PRE_CP_FEATURE_VERIFIER,PRIMARY_SAFETY_FIRST,evaluation_positive,4,3,0.75,0,4,3,0,4,3,0.75,0.75,0,0,1,1
20260906,1,01223e258bbc7a1f,original,M3_C1_PRE_CP_FEATURE_VERIFIER,PRIMARY_SAFETY_FIRST,formal_T1G,4,0,0.0,0,4,0,0,4,0,0.0,0.0,0,0,4,4
20260906,1,01223e258bbc7a1f,original,M3_C1_PRE_CP_FEATURE_VERIFIER,PRIMARY_SAFETY_FIRST,formal_T2G,3,2,0.6666666666666666,0,1,1,0,1,1,0.3333333333333333,0.3333333333333333,0,0,1,1
20260906,1,01223e258bbc7a1f,original,M3_C1_PRE_CP_FEATURE_VERIFIER,PRIMARY_SAFETY_FIRST,native,1,1,1.0,0,1,1,0,1,1,1.0,1.0,0,0,0,0
20260906,1,01223e258bbc7a1f,original,M3_C1_PRE_CP_FEATURE_VERIFIER,PRIMARY_SAFETY_FIRST,reviewed_same_fact_text_augmentation,4,4,1.0,0,4,4,0,4,4,1.0,1.0,0,0,0,0
20260906,1,01223e258bbc7a1f,original,M3_C1_PRE_CP_FEATURE_VERIFIER,PRIMARY_SAFETY_FIRST,same_image_other_source_fact,12,5,0.4166666666666667,0,0,0,3,2,2,0.0,0.0,1,3,7,7
20260906,1,01223e258bbc7a1f,original,M3_C1_PRE_CP_FEATURE_VERIFIER,PRIMARY_SAFETY_FIRST,same_question_different_image_conflicting_source_answer,5,0,0.0,0,0,0,2,3,2,0.0,0.0,0,2,5,5
20260906,1,01223e258bbc7a1f,original,M3_C1_PRE_CP_FEATURE_VERIFIER,SECONDARY_COVERAGE90,broad_unrelated_source_qa,15,0,0.0,0,0,0,12,13,12,0.0,0.0,0,12,15,15
20260906,1,01223e258bbc7a1f,original,M3_C1_PRE_CP_FEATURE_VERIFIER,SECONDARY_COVERAGE90,evaluation_positive,4,3,0.75,0,4,3,0,4,3,0.75,0.75,0,0,1,1
20260906,1,01223e258bbc7a1f,original,M3_C1_PRE_CP_FEATURE_VERIFIER,SECONDARY_COVERAGE90,formal_T1G,4,0,0.0,0,4,0,0,4,0,0.0,0.0,0,0,4,4
20260906,1,01223e258bbc7a1f,original,M3_C1_PRE_CP_FEATURE_VERIFIER,SECONDARY_COVERAGE90,formal_T2G,3,2,0.6666666666666666,0,1,1,0,1,1,0.3333333333333333,0.3333333333333333,0,0,1,1
20260906,1,01223e258bbc7a1f,original,M3_C1_PRE_CP_FEATURE_VERIFIER,SECONDARY_COVERAGE90,native,1,1,1.0,0,1,1,0,1,1,1.0,1.0,0,0,0,0
20260906,1,01223e258bbc7a1f,original,M3_C1_PRE_CP_FEATURE_VERIFIER,SECONDARY_COVERAGE90,reviewed_same_fact_text_augmentation,4,4,1.0,0,4,4,0,4,4,1.0,1.0,0,0,0,0
20260906,1,01223e258bbc7a1f,original,M3_C1_PRE_CP_FEATURE_VERIFIER,SECONDARY_COVERAGE90,same_image_other_source_fact,12,5,0.4166666666666667,0,0,0,3,2,2,0.0,0.0,1,3,7,7
20260906,1,01223e258bbc7a1f,original,M3_C1_PRE_CP_FEATURE_VERIFIER,SECONDARY_COVERAGE90,same_question_different_image_conflicting_source_answer,5,0,0.0,0,0,0,2,3,2,0.0,0.0,0,2,5,5
20260906,2,1534fc99d84ef734,matched,M0_C1_R2_MEAN_CONTROL,PRIMARY_SAFETY_FIRST,matched_evaluation_positive,4,4,1.0,0,4,4,0,4,4,1.0,1.0,0,0,0,0
20260906,2,1534fc99d84ef734,matched,M0_C1_R2_MEAN_CONTROL,PRIMARY_SAFETY_FIRST,matched_hard_image,20,8,0.4,0,0,0,0,3,0,0.0,0.0,0,0,12,12
20260906,2,1534fc99d84ef734,matched,M0_C1_R2_MEAN_CONTROL,SECONDARY_COVERAGE90,matched_evaluation_positive,4,4,1.0,0,4,4,0,4,4,1.0,1.0,0,0,0,0
20260906,2,1534fc99d84ef734,matched,M0_C1_R2_MEAN_CONTROL,SECONDARY_COVERAGE90,matched_hard_image,20,8,0.4,0,0,0,0,3,0,0.0,0.0,0,0,12,12
20260906,2,1534fc99d84ef734,matched,M1_C1_CP_CONJUNCTION_CONTROL,PRIMARY_SAFETY_FIRST,matched_evaluation_positive,4,3,0.75,0,4,3,0,4,3,0.75,0.75,0,0,1,1
20260906,2,1534fc99d84ef734,matched,M1_C1_CP_CONJUNCTION_CONTROL,PRIMARY_SAFETY_FIRST,matched_hard_image,20,8,0.4,0,0,0,0,3,0,0.0,0.0,0,0,12,12
20260906,2,1534fc99d84ef734,matched,M1_C1_CP_CONJUNCTION_CONTROL,SECONDARY_COVERAGE90,matched_evaluation_positive,4,3,0.75,0,4,3,0,4,3,0.75,0.75,0,0,1,1
20260906,2,1534fc99d84ef734,matched,M1_C1_CP_CONJUNCTION_CONTROL,SECONDARY_COVERAGE90,matched_hard_image,20,8,0.4,0,0,0,0,3,0,0.0,0.0,0,0,12,12
20260906,2,1534fc99d84ef734,matched,M2_C1_CP_RESPONSE_VERIFIER,PRIMARY_SAFETY_FIRST,matched_evaluation_positive,4,2,0.5,0,4,2,0,4,2,0.5,0.5,0,0,2,2
20260906,2,1534fc99d84ef734,matched,M2_C1_CP_RESPONSE_VERIFIER,PRIMARY_SAFETY_FIRST,matched_hard_image,20,0,0.0,0,0,0,0,3,0,0.0,0.0,0,0,20,20
20260906,2,1534fc99d84ef734,matched,M2_C1_CP_RESPONSE_VERIFIER,SECONDARY_COVERAGE90,matched_evaluation_positive,4,2,0.5,0,4,2,0,4,2,0.5,0.5,0,0,2,2
20260906,2,1534fc99d84ef734,matched,M2_C1_CP_RESPONSE_VERIFIER,SECONDARY_COVERAGE90,matched_hard_image,20,0,0.0,0,0,0,0,3,0,0.0,0.0,0,0,20,20
20260906,2,1534fc99d84ef734,matched,M3_C1_PRE_CP_FEATURE_VERIFIER,PRIMARY_SAFETY_FIRST,matched_evaluation_positive,4,3,0.75,0,4,3,0,4,3,0.75,0.75,0,0,1,1
20260906,2,1534fc99d84ef734,matched,M3_C1_PRE_CP_FEATURE_VERIFIER,PRIMARY_SAFETY_FIRST,matched_hard_image,20,0,0.0,0,0,0,0,3,0,0.0,0.0,0,0,20,20
20260906,2,1534fc99d84ef734,matched,M3_C1_PRE_CP_FEATURE_VERIFIER,SECONDARY_COVERAGE90,matched_evaluation_positive,4,3,0.75,0,4,3,0,4,3,0.75,0.75,0,0,1,1
20260906,2,1534fc99d84ef734,matched,M3_C1_PRE_CP_FEATURE_VERIFIER,SECONDARY_COVERAGE90,matched_hard_image,20,0,0.0,0,0,0,0,3,0,0.0,0.0,0,0,20,20
20260906,2,1534fc99d84ef734,original,M0_C1_R2_MEAN_CONTROL,CONTINUITY_COVERAGE_CONSTRAINED,broad_unrelated_source_qa,15,0,0.0,0,0,0,7,5,7,0.0,0.0,0,7,15,15
20260906,2,1534fc99d84ef734,original,M0_C1_R2_MEAN_CONTROL,CONTINUITY_COVERAGE_CONSTRAINED,evaluation_positive,4,4,1.0,0,4,4,0,4,4,1.0,1.0,0,0,0,0
20260906,2,1534fc99d84ef734,original,M0_C1_R2_MEAN_CONTROL,CONTINUITY_COVERAGE_CONSTRAINED,formal_T1G,4,1,0.25,0,4,1,0,4,1,0.25,0.25,0,0,3,3
20260906,2,1534fc99d84ef734,original,M0_C1_R2_MEAN_CONTROL,CONTINUITY_COVERAGE_CONSTRAINED,formal_T2G,4,4,1.0,0,2,2,0,3,3,0.5,0.75,0,0,0,0
20260906,2,1534fc99d84ef734,original,M0_C1_R2_MEAN_CONTROL,CONTINUITY_COVERAGE_CONSTRAINED,native,1,1,1.0,0,1,1,0,1,1,1.0,1.0,0,0,0,0
20260906,2,1534fc99d84ef734,original,M0_C1_R2_MEAN_CONTROL,CONTINUITY_COVERAGE_CONSTRAINED,reviewed_same_fact_text_augmentation,4,4,1.0,0,4,4,0,4,4,1.0,1.0,0,0,0,0
20260906,2,1534fc99d84ef734,original,M0_C1_R2_MEAN_CONTROL,CONTINUITY_COVERAGE_CONSTRAINED,same_image_other_source_fact,2,0,0.0,0,0,0,0,0,0,0.0,0.0,0,0,2,2
20260906,2,1534fc99d84ef734,original,M0_C1_R2_MEAN_CONTROL,CONTINUITY_COVERAGE_CONSTRAINED,same_question_different_image_conflicting_source_answer,5,2,0.4,0,0,0,1,1,1,0.0,0.0,0,1,3,3
20260906,2,1534fc99d84ef734,original,M0_C1_R2_MEAN_CONTROL,CONTINUITY_SAFETY_FIRST,broad_unrelated_source_qa,15,0,0.0,0,0,0,7,5,7,0.0,0.0,0,7,15,15
20260906,2,1534fc99d84ef734,original,M0_C1_R2_MEAN_CONTROL,CONTINUITY_SAFETY_FIRST,evaluation_positive,4,4,1.0,0,4,4,0,4,4,1.0,1.0,0,0,0,0
20260906,2,1534fc99d84ef734,original,M0_C1_R2_MEAN_CONTROL,CONTINUITY_SAFETY_FIRST,formal_T1G,4,1,0.25,0,4,1,0,4,1,0.25,0.25,0,0,3,3
20260906,2,1534fc99d84ef734,original,M0_C1_R2_MEAN_CONTROL,CONTINUITY_SAFETY_FIRST,formal_T2G,4,4,1.0,0,2,2,0,3,3,0.5,0.75,0,0,0,0
20260906,2,1534fc99d84ef734,original,M0_C1_R2_MEAN_CONTROL,CONTINUITY_SAFETY_FIRST,native,1,1,1.0,0,1,1,0,1,1,1.0,1.0,0,0,0,0
20260906,2,1534fc99d84ef734,original,M0_C1_R2_MEAN_CONTROL,CONTINUITY_SAFETY_FIRST,reviewed_same_fact_text_augmentation,4,4,1.0,0,4,4,0,4,4,1.0,1.0,0,0,0,0
20260906,2,1534fc99d84ef734,original,M0_C1_R2_MEAN_CONTROL,CONTINUITY_SAFETY_FIRST,same_image_other_source_fact,2,0,0.0,0,0,0,0,0,0,0.0,0.0,0,0,2,2
20260906,2,1534fc99d84ef734,original,M0_C1_R2_MEAN_CONTROL,CONTINUITY_SAFETY_FIRST,same_question_different_image_conflicting_source_answer,5,2,0.4,0,0,0,1,1,1,0.0,0.0,0,1,3,3
20260906,2,1534fc99d84ef734,original,M1_C1_CP_CONJUNCTION_CONTROL,PRIMARY_SAFETY_FIRST,broad_unrelated_source_qa,15,0,0.0,0,0,0,7,5,7,0.0,0.0,0,7,15,15
20260906,2,1534fc99d84ef734,original,M1_C1_CP_CONJUNCTION_CONTROL,PRIMARY_SAFETY_FIRST,evaluation_positive,4,4,1.0,0,4,4,0,4,4,1.0,1.0,0,0,0,0
20260906,2,1534fc99d84ef734,original,M1_C1_CP_CONJUNCTION_CONTROL,PRIMARY_SAFETY_FIRST,formal_T1G,4,1,0.25,0,4,1,0,4,1,0.25,0.25,0,0,3,3
20260906,2,1534fc99d84ef734,original,M1_C1_CP_CONJUNCTION_CONTROL,PRIMARY_SAFETY_FIRST,formal_T2G,4,4,1.0,0,2,2,0,3,3,0.5,0.75,0,0,0,0
20260906,2,1534fc99d84ef734,original,M1_C1_CP_CONJUNCTION_CONTROL,PRIMARY_SAFETY_FIRST,native,1,1,1.0,0,1,1,0,1,1,1.0,1.0,0,0,0,0
20260906,2,1534fc99d84ef734,original,M1_C1_CP_CONJUNCTION_CONTROL,PRIMARY_SAFETY_FIRST,reviewed_same_fact_text_augmentation,4,4,1.0,0,4,4,0,4,4,1.0,1.0,0,0,0,0
20260906,2,1534fc99d84ef734,original,M1_C1_CP_CONJUNCTION_CONTROL,PRIMARY_SAFETY_FIRST,same_image_other_source_fact,2,0,0.0,0,0,0,0,0,0,0.0,0.0,0,0,2,2
20260906,2,1534fc99d84ef734,original,M1_C1_CP_CONJUNCTION_CONTROL,PRIMARY_SAFETY_FIRST,same_question_different_image_conflicting_source_answer,5,2,0.4,0,0,0,1,1,1,0.0,0.0,0,1,3,3
20260906,2,1534fc99d84ef734,original,M1_C1_CP_CONJUNCTION_CONTROL,SECONDARY_COVERAGE90,broad_unrelated_source_qa,15,0,0.0,0,0,0,7,5,7,0.0,0.0,0,7,15,15
20260906,2,1534fc99d84ef734,original,M1_C1_CP_CONJUNCTION_CONTROL,SECONDARY_COVERAGE90,evaluation_positive,4,4,1.0,0,4,4,0,4,4,1.0,1.0,0,0,0,0
20260906,2,1534fc99d84ef734,original,M1_C1_CP_CONJUNCTION_CONTROL,SECONDARY_COVERAGE90,formal_T1G,4,1,0.25,0,4,1,0,4,1,0.25,0.25,0,0,3,3
20260906,2,1534fc99d84ef734,original,M1_C1_CP_CONJUNCTION_CONTROL,SECONDARY_COVERAGE90,formal_T2G,4,4,1.0,0,2,2,0,3,3,0.5,0.75,0,0,0,0
20260906,2,1534fc99d84ef734,original,M1_C1_CP_CONJUNCTION_CONTROL,SECONDARY_COVERAGE90,native,1,1,1.0,0,1,1,0,1,1,1.0,1.0,0,0,0,0
20260906,2,1534fc99d84ef734,original,M1_C1_CP_CONJUNCTION_CONTROL,SECONDARY_COVERAGE90,reviewed_same_fact_text_augmentation,4,4,1.0,0,4,4,0,4,4,1.0,1.0,0,0,0,0
20260906,2,1534fc99d84ef734,original,M1_C1_CP_CONJUNCTION_CONTROL,SECONDARY_COVERAGE90,same_image_other_source_fact,2,0,0.0,0,0,0,0,0,0,0.0,0.0,0,0,2,2
20260906,2,1534fc99d84ef734,original,M1_C1_CP_CONJUNCTION_CONTROL,SECONDARY_COVERAGE90,same_question_different_image_conflicting_source_answer,5,2,0.4,0,0,0,1,1,1,0.0,0.0,0,1,3,3
20260906,2,1534fc99d84ef734,original,M2_C1_CP_RESPONSE_VERIFIER,PRIMARY_SAFETY_FIRST,broad_unrelated_source_qa,15,0,0.0,0,0,0,7,5,7,0.0,0.0,0,7,15,15
20260906,2,1534fc99d84ef734,original,M2_C1_CP_RESPONSE_VERIFIER,PRIMARY_SAFETY_FIRST,evaluation_positive,4,4,1.0,0,4,4,0,4,4,1.0,1.0,0,0,0,0
20260906,2,1534fc99d84ef734,original,M2_C1_CP_RESPONSE_VERIFIER,PRIMARY_SAFETY_FIRST,formal_T1G,4,0,0.0,0,4,0,0,4,0,0.0,0.0,0,0,4,4
20260906,2,1534fc99d84ef734,original,M2_C1_CP_RESPONSE_VERIFIER,PRIMARY_SAFETY_FIRST,formal_T2G,4,4,1.0,0,2,2,0,3,3,0.5,0.75,0,0,0,0
20260906,2,1534fc99d84ef734,original,M2_C1_CP_RESPONSE_VERIFIER,PRIMARY_SAFETY_FIRST,native,1,1,1.0,0,1,1,0,1,1,1.0,1.0,0,0,0,0
20260906,2,1534fc99d84ef734,original,M2_C1_CP_RESPONSE_VERIFIER,PRIMARY_SAFETY_FIRST,reviewed_same_fact_text_augmentation,4,4,1.0,0,4,4,0,4,4,1.0,1.0,0,0,0,0
20260906,2,1534fc99d84ef734,original,M2_C1_CP_RESPONSE_VERIFIER,PRIMARY_SAFETY_FIRST,same_image_other_source_fact,2,0,0.0,0,0,0,0,0,0,0.0,0.0,0,0,2,2
20260906,2,1534fc99d84ef734,original,M2_C1_CP_RESPONSE_VERIFIER,PRIMARY_SAFETY_FIRST,same_question_different_image_conflicting_source_answer,5,0,0.0,0,0,0,1,1,1,0.0,0.0,0,1,5,5
20260906,2,1534fc99d84ef734,original,M2_C1_CP_RESPONSE_VERIFIER,SECONDARY_COVERAGE90,broad_unrelated_source_qa,15,0,0.0,0,0,0,7,5,7,0.0,0.0,0,7,15,15
20260906,2,1534fc99d84ef734,original,M2_C1_CP_RESPONSE_VERIFIER,SECONDARY_COVERAGE90,evaluation_positive,4,4,1.0,0,4,4,0,4,4,1.0,1.0,0,0,0,0
20260906,2,1534fc99d84ef734,original,M2_C1_CP_RESPONSE_VERIFIER,SECONDARY_COVERAGE90,formal_T1G,4,0,0.0,0,4,0,0,4,0,0.0,0.0,0,0,4,4
20260906,2,1534fc99d84ef734,original,M2_C1_CP_RESPONSE_VERIFIER,SECONDARY_COVERAGE90,formal_T2G,4,4,1.0,0,2,2,0,3,3,0.5,0.75,0,0,0,0
20260906,2,1534fc99d84ef734,original,M2_C1_CP_RESPONSE_VERIFIER,SECONDARY_COVERAGE90,native,1,1,1.0,0,1,1,0,1,1,1.0,1.0,0,0,0,0
20260906,2,1534fc99d84ef734,original,M2_C1_CP_RESPONSE_VERIFIER,SECONDARY_COVERAGE90,reviewed_same_fact_text_augmentation,4,4,1.0,0,4,4,0,4,4,1.0,1.0,0,0,0,0
20260906,2,1534fc99d84ef734,original,M2_C1_CP_RESPONSE_VERIFIER,SECONDARY_COVERAGE90,same_image_other_source_fact,2,0,0.0,0,0,0,0,0,0,0.0,0.0,0,0,2,2
20260906,2,1534fc99d84ef734,original,M2_C1_CP_RESPONSE_VERIFIER,SECONDARY_COVERAGE90,same_question_different_image_conflicting_source_answer,5,0,0.0,0,0,0,1,1,1,0.0,0.0,0,1,5,5
20260906,2,1534fc99d84ef734,original,M3_C1_PRE_CP_FEATURE_VERIFIER,PRIMARY_SAFETY_FIRST,broad_unrelated_source_qa,15,0,0.0,0,0,0,7,5,7,0.0,0.0,0,7,15,15
20260906,2,1534fc99d84ef734,original,M3_C1_PRE_CP_FEATURE_VERIFIER,PRIMARY_SAFETY_FIRST,evaluation_positive,4,4,1.0,0,4,4,0,4,4,1.0,1.0,0,0,0,0
20260906,2,1534fc99d84ef734,original,M3_C1_PRE_CP_FEATURE_VERIFIER,PRIMARY_SAFETY_FIRST,formal_T1G,4,1,0.25,0,4,1,0,4,1,0.25,0.25,0,0,3,3
20260906,2,1534fc99d84ef734,original,M3_C1_PRE_CP_FEATURE_VERIFIER,PRIMARY_SAFETY_FIRST,formal_T2G,4,4,1.0,0,2,2,0,3,3,0.5,0.75,0,0,0,0
20260906,2,1534fc99d84ef734,original,M3_C1_PRE_CP_FEATURE_VERIFIER,PRIMARY_SAFETY_FIRST,native,1,1,1.0,0,1,1,0,1,1,1.0,1.0,0,0,0,0
20260906,2,1534fc99d84ef734,original,M3_C1_PRE_CP_FEATURE_VERIFIER,PRIMARY_SAFETY_FIRST,reviewed_same_fact_text_augmentation,4,4,1.0,0,4,4,0,4,4,1.0,1.0,0,0,0,0
20260906,2,1534fc99d84ef734,original,M3_C1_PRE_CP_FEATURE_VERIFIER,PRIMARY_SAFETY_FIRST,same_image_other_source_fact,2,0,0.0,0,0,0,0,0,0,0.0,0.0,0,0,2,2
20260906,2,1534fc99d84ef734,original,M3_C1_PRE_CP_FEATURE_VERIFIER,PRIMARY_SAFETY_FIRST,same_question_different_image_conflicting_source_answer,5,0,0.0,0,0,0,1,1,1,0.0,0.0,0,1,5,5
20260906,2,1534fc99d84ef734,original,M3_C1_PRE_CP_FEATURE_VERIFIER,SECONDARY_COVERAGE90,broad_unrelated_source_qa,15,0,0.0,0,0,0,7,5,7,0.0,0.0,0,7,15,15
20260906,2,1534fc99d84ef734,original,M3_C1_PRE_CP_FEATURE_VERIFIER,SECONDARY_COVERAGE90,evaluation_positive,4,4,1.0,0,4,4,0,4,4,1.0,1.0,0,0,0,0
20260906,2,1534fc99d84ef734,original,M3_C1_PRE_CP_FEATURE_VERIFIER,SECONDARY_COVERAGE90,formal_T1G,4,1,0.25,0,4,1,0,4,1,0.25,0.25,0,0,3,3
20260906,2,1534fc99d84ef734,original,M3_C1_PRE_CP_FEATURE_VERIFIER,SECONDARY_COVERAGE90,formal_T2G,4,4,1.0,0,2,2,0,3,3,0.5,0.75,0,0,0,0
20260906,2,1534fc99d84ef734,original,M3_C1_PRE_CP_FEATURE_VERIFIER,SECONDARY_COVERAGE90,native,1,1,1.0,0,1,1,0,1,1,1.0,1.0,0,0,0,0
20260906,2,1534fc99d84ef734,original,M3_C1_PRE_CP_FEATURE_VERIFIER,SECONDARY_COVERAGE90,reviewed_same_fact_text_augmentation,4,4,1.0,0,4,4,0,4,4,1.0,1.0,0,0,0,0
20260906,2,1534fc99d84ef734,original,M3_C1_PRE_CP_FEATURE_VERIFIER,SECONDARY_COVERAGE90,same_image_other_source_fact,2,0,0.0,0,0,0,0,0,0,0.0,0.0,0,0,2,2
20260906,2,1534fc99d84ef734,original,M3_C1_PRE_CP_FEATURE_VERIFIER,SECONDARY_COVERAGE90,same_question_different_image_conflicting_source_answer,5,0,0.0,0,0,0,1,1,1,0.0,0.0,0,1,5,5
20260906,3,1b0d2271e842e01a,matched,M0_C1_R2_MEAN_CONTROL,PRIMARY_SAFETY_FIRST,matched_evaluation_positive,4,4,1.0,0,4,4,0,4,4,1.0,1.0,0,0,0,0
20260906,3,1b0d2271e842e01a,matched,M0_C1_R2_MEAN_CONTROL,PRIMARY_SAFETY_FIRST,matched_hard_image,20,0,0.0,0,0,0,0,0,0,0.0,0.0,0,0,20,20
20260906,3,1b0d2271e842e01a,matched,M0_C1_R2_MEAN_CONTROL,SECONDARY_COVERAGE90,matched_evaluation_positive,4,4,1.0,0,4,4,0,4,4,1.0,1.0,0,0,0,0
20260906,3,1b0d2271e842e01a,matched,M0_C1_R2_MEAN_CONTROL,SECONDARY_COVERAGE90,matched_hard_image,20,0,0.0,0,0,0,0,0,0,0.0,0.0,0,0,20,20
20260906,3,1b0d2271e842e01a,matched,M1_C1_CP_CONJUNCTION_CONTROL,PRIMARY_SAFETY_FIRST,matched_evaluation_positive,4,3,0.75,0,4,3,0,4,3,0.75,0.75,0,0,1,1
20260906,3,1b0d2271e842e01a,matched,M1_C1_CP_CONJUNCTION_CONTROL,PRIMARY_SAFETY_FIRST,matched_hard_image,20,0,0.0,0,0,0,0,0,0,0.0,0.0,0,0,20,20
20260906,3,1b0d2271e842e01a,matched,M1_C1_CP_CONJUNCTION_CONTROL,SECONDARY_COVERAGE90,matched_evaluation_positive,4,3,0.75,0,4,3,0,4,3,0.75,0.75,0,0,1,1
20260906,3,1b0d2271e842e01a,matched,M1_C1_CP_CONJUNCTION_CONTROL,SECONDARY_COVERAGE90,matched_hard_image,20,0,0.0,0,0,0,0,0,0,0.0,0.0,0,0,20,20
20260906,3,1b0d2271e842e01a,matched,M2_C1_CP_RESPONSE_VERIFIER,PRIMARY_SAFETY_FIRST,matched_evaluation_positive,4,2,0.5,0,4,2,0,4,2,0.5,0.5,0,0,2,2
20260906,3,1b0d2271e842e01a,matched,M2_C1_CP_RESPONSE_VERIFIER,PRIMARY_SAFETY_FIRST,matched_hard_image,20,0,0.0,0,0,0,0,0,0,0.0,0.0,0,0,20,20
20260906,3,1b0d2271e842e01a,matched,M2_C1_CP_RESPONSE_VERIFIER,SECONDARY_COVERAGE90,matched_evaluation_positive,4,2,0.5,0,4,2,0,4,2,0.5,0.5,0,0,2,2
20260906,3,1b0d2271e842e01a,matched,M2_C1_CP_RESPONSE_VERIFIER,SECONDARY_COVERAGE90,matched_hard_image,20,0,0.0,0,0,0,0,0,0,0.0,0.0,0,0,20,20
20260906,3,1b0d2271e842e01a,matched,M3_C1_PRE_CP_FEATURE_VERIFIER,PRIMARY_SAFETY_FIRST,matched_evaluation_positive,4,4,1.0,0,4,4,0,4,4,1.0,1.0,0,0,0,0
20260906,3,1b0d2271e842e01a,matched,M3_C1_PRE_CP_FEATURE_VERIFIER,PRIMARY_SAFETY_FIRST,matched_hard_image,20,0,0.0,0,0,0,0,0,0,0.0,0.0,0,0,20,20
20260906,3,1b0d2271e842e01a,matched,M3_C1_PRE_CP_FEATURE_VERIFIER,SECONDARY_COVERAGE90,matched_evaluation_positive,4,4,1.0,0,4,4,0,4,4,1.0,1.0,0,0,0,0
20260906,3,1b0d2271e842e01a,matched,M3_C1_PRE_CP_FEATURE_VERIFIER,SECONDARY_COVERAGE90,matched_hard_image,20,0,0.0,0,0,0,0,0,0,0.0,0.0,0,0,20,20
20260906,3,1b0d2271e842e01a,original,M0_C1_R2_MEAN_CONTROL,CONTINUITY_COVERAGE_CONSTRAINED,broad_unrelated_source_qa,15,0,0.0,0,0,0,4,3,4,0.0,0.0,0,4,15,15
20260906,3,1b0d2271e842e01a,original,M0_C1_R2_MEAN_CONTROL,CONTINUITY_COVERAGE_CONSTRAINED,evaluation_positive,4,4,1.0,0,4,4,0,4,4,1.0,1.0,0,0,0,0
20260906,3,1b0d2271e842e01a,original,M0_C1_R2_MEAN_CONTROL,CONTINUITY_COVERAGE_CONSTRAINED,formal_T1G,4,3,0.75,0,4,3,0,4,3,0.75,0.75,0,0,1,1
20260906,3,1b0d2271e842e01a,original,M0_C1_R2_MEAN_CONTROL,CONTINUITY_COVERAGE_CONSTRAINED,formal_T1L,5,2,0.4,0,0,0,2,0,1,0.0,0.0,1,2,3,3
20260906,3,1b0d2271e842e01a,original,M0_C1_R2_MEAN_CONTROL,CONTINUITY_COVERAGE_CONSTRAINED,formal_T2G,3,1,0.3333333333333333,0,1,1,0,1,1,0.3333333333333333,0.3333333333333333,0,0,2,2
20260906,3,1b0d2271e842e01a,original,M0_C1_R2_MEAN_CONTROL,CONTINUITY_COVERAGE_CONSTRAINED,native,1,1,1.0,0,1,1,0,1,1,1.0,1.0,0,0,0,0
20260906,3,1b0d2271e842e01a,original,M0_C1_R2_MEAN_CONTROL,CONTINUITY_COVERAGE_CONSTRAINED,reviewed_same_fact_text_augmentation,4,4,1.0,0,4,4,0,4,4,1.0,1.0,0,0,0,0
20260906,3,1b0d2271e842e01a,original,M0_C1_R2_MEAN_CONTROL,CONTINUITY_COVERAGE_CONSTRAINED,same_question_different_image_conflicting_source_answer,5,0,0.0,0,0,0,0,0,0,0.0,0.0,0,0,5,5
20260906,3,1b0d2271e842e01a,original,M0_C1_R2_MEAN_CONTROL,CONTINUITY_SAFETY_FIRST,broad_unrelated_source_qa,15,0,0.0,0,0,0,4,3,4,0.0,0.0,0,4,15,15
20260906,3,1b0d2271e842e01a,original,M0_C1_R2_MEAN_CONTROL,CONTINUITY_SAFETY_FIRST,evaluation_positive,4,4,1.0,0,4,4,0,4,4,1.0,1.0,0,0,0,0
20260906,3,1b0d2271e842e01a,original,M0_C1_R2_MEAN_CONTROL,CONTINUITY_SAFETY_FIRST,formal_T1G,4,3,0.75,0,4,3,0,4,3,0.75,0.75,0,0,1,1
20260906,3,1b0d2271e842e01a,original,M0_C1_R2_MEAN_CONTROL,CONTINUITY_SAFETY_FIRST,formal_T1L,5,2,0.4,0,0,0,2,0,1,0.0,0.0,1,2,3,3
20260906,3,1b0d2271e842e01a,original,M0_C1_R2_MEAN_CONTROL,CONTINUITY_SAFETY_FIRST,formal_T2G,3,1,0.3333333333333333,0,1,1,0,1,1,0.3333333333333333,0.3333333333333333,0,0,2,2
20260906,3,1b0d2271e842e01a,original,M0_C1_R2_MEAN_CONTROL,CONTINUITY_SAFETY_FIRST,native,1,1,1.0,0,1,1,0,1,1,1.0,1.0,0,0,0,0
20260906,3,1b0d2271e842e01a,original,M0_C1_R2_MEAN_CONTROL,CONTINUITY_SAFETY_FIRST,reviewed_same_fact_text_augmentation,4,4,1.0,0,4,4,0,4,4,1.0,1.0,0,0,0,0
20260906,3,1b0d2271e842e01a,original,M0_C1_R2_MEAN_CONTROL,CONTINUITY_SAFETY_FIRST,same_question_different_image_conflicting_source_answer,5,0,0.0,0,0,0,0,0,0,0.0,0.0,0,0,5,5
20260906,3,1b0d2271e842e01a,original,M1_C1_CP_CONJUNCTION_CONTROL,PRIMARY_SAFETY_FIRST,broad_unrelated_source_qa,15,0,0.0,0,0,0,4,3,4,0.0,0.0,0,4,15,15
20260906,3,1b0d2271e842e01a,original,M1_C1_CP_CONJUNCTION_CONTROL,PRIMARY_SAFETY_FIRST,evaluation_positive,4,4,1.0,0,4,4,0,4,4,1.0,1.0,0,0,0,0
20260906,3,1b0d2271e842e01a,original,M1_C1_CP_CONJUNCTION_CONTROL,PRIMARY_SAFETY_FIRST,formal_T1G,4,3,0.75,0,4,3,0,4,3,0.75,0.75,0,0,1,1
20260906,3,1b0d2271e842e01a,original,M1_C1_CP_CONJUNCTION_CONTROL,PRIMARY_SAFETY_FIRST,formal_T1L,5,1,0.2,0,0,0,2,0,1,0.0,0.0,1,2,4,4
20260906,3,1b0d2271e842e01a,original,M1_C1_CP_CONJUNCTION_CONTROL,PRIMARY_SAFETY_FIRST,formal_T2G,3,1,0.3333333333333333,0,1,1,0,1,1,0.3333333333333333,0.3333333333333333,0,0,2,2
20260906,3,1b0d2271e842e01a,original,M1_C1_CP_CONJUNCTION_CONTROL,PRIMARY_SAFETY_FIRST,native,1,1,1.0,0,1,1,0,1,1,1.0,1.0,0,0,0,0
20260906,3,1b0d2271e842e01a,original,M1_C1_CP_CONJUNCTION_CONTROL,PRIMARY_SAFETY_FIRST,reviewed_same_fact_text_augmentation,4,4,1.0,0,4,4,0,4,4,1.0,1.0,0,0,0,0
20260906,3,1b0d2271e842e01a,original,M1_C1_CP_CONJUNCTION_CONTROL,PRIMARY_SAFETY_FIRST,same_question_different_image_conflicting_source_answer,5,0,0.0,0,0,0,0,0,0,0.0,0.0,0,0,5,5
20260906,3,1b0d2271e842e01a,original,M1_C1_CP_CONJUNCTION_CONTROL,SECONDARY_COVERAGE90,broad_unrelated_source_qa,15,0,0.0,0,0,0,4,3,4,0.0,0.0,0,4,15,15
20260906,3,1b0d2271e842e01a,original,M1_C1_CP_CONJUNCTION_CONTROL,SECONDARY_COVERAGE90,evaluation_positive,4,4,1.0,0,4,4,0,4,4,1.0,1.0,0,0,0,0
20260906,3,1b0d2271e842e01a,original,M1_C1_CP_CONJUNCTION_CONTROL,SECONDARY_COVERAGE90,formal_T1G,4,3,0.75,0,4,3,0,4,3,0.75,0.75,0,0,1,1
20260906,3,1b0d2271e842e01a,original,M1_C1_CP_CONJUNCTION_CONTROL,SECONDARY_COVERAGE90,formal_T1L,5,1,0.2,0,0,0,2,0,1,0.0,0.0,1,2,4,4
20260906,3,1b0d2271e842e01a,original,M1_C1_CP_CONJUNCTION_CONTROL,SECONDARY_COVERAGE90,formal_T2G,3,1,0.3333333333333333,0,1,1,0,1,1,0.3333333333333333,0.3333333333333333,0,0,2,2
20260906,3,1b0d2271e842e01a,original,M1_C1_CP_CONJUNCTION_CONTROL,SECONDARY_COVERAGE90,native,1,1,1.0,0,1,1,0,1,1,1.0,1.0,0,0,0,0
20260906,3,1b0d2271e842e01a,original,M1_C1_CP_CONJUNCTION_CONTROL,SECONDARY_COVERAGE90,reviewed_same_fact_text_augmentation,4,4,1.0,0,4,4,0,4,4,1.0,1.0,0,0,0,0
20260906,3,1b0d2271e842e01a,original,M1_C1_CP_CONJUNCTION_CONTROL,SECONDARY_COVERAGE90,same_question_different_image_conflicting_source_answer,5,0,0.0,0,0,0,0,0,0,0.0,0.0,0,0,5,5
20260906,3,1b0d2271e842e01a,original,M2_C1_CP_RESPONSE_VERIFIER,PRIMARY_SAFETY_FIRST,broad_unrelated_source_qa,15,0,0.0,0,0,0,4,3,4,0.0,0.0,0,4,15,15
20260906,3,1b0d2271e842e01a,original,M2_C1_CP_RESPONSE_VERIFIER,PRIMARY_SAFETY_FIRST,evaluation_positive,4,4,1.0,0,4,4,0,4,4,1.0,1.0,0,0,0,0
20260906,3,1b0d2271e842e01a,original,M2_C1_CP_RESPONSE_VERIFIER,PRIMARY_SAFETY_FIRST,formal_T1G,4,3,0.75,0,4,3,0,4,3,0.75,0.75,0,0,1,1
20260906,3,1b0d2271e842e01a,original,M2_C1_CP_RESPONSE_VERIFIER,PRIMARY_SAFETY_FIRST,formal_T1L,5,1,0.2,0,0,0,2,0,1,0.0,0.0,1,2,4,4
20260906,3,1b0d2271e842e01a,original,M2_C1_CP_RESPONSE_VERIFIER,PRIMARY_SAFETY_FIRST,formal_T2G,3,1,0.3333333333333333,0,1,1,0,1,1,0.3333333333333333,0.3333333333333333,0,0,2,2
20260906,3,1b0d2271e842e01a,original,M2_C1_CP_RESPONSE_VERIFIER,PRIMARY_SAFETY_FIRST,native,1,1,1.0,0,1,1,0,1,1,1.0,1.0,0,0,0,0
20260906,3,1b0d2271e842e01a,original,M2_C1_CP_RESPONSE_VERIFIER,PRIMARY_SAFETY_FIRST,reviewed_same_fact_text_augmentation,4,4,1.0,0,4,4,0,4,4,1.0,1.0,0,0,0,0
20260906,3,1b0d2271e842e01a,original,M2_C1_CP_RESPONSE_VERIFIER,PRIMARY_SAFETY_FIRST,same_question_different_image_conflicting_source_answer,5,0,0.0,0,0,0,0,0,0,0.0,0.0,0,0,5,5
20260906,3,1b0d2271e842e01a,original,M2_C1_CP_RESPONSE_VERIFIER,SECONDARY_COVERAGE90,broad_unrelated_source_qa,15,0,0.0,0,0,0,4,3,4,0.0,0.0,0,4,15,15
20260906,3,1b0d2271e842e01a,original,M2_C1_CP_RESPONSE_VERIFIER,SECONDARY_COVERAGE90,evaluation_positive,4,4,1.0,0,4,4,0,4,4,1.0,1.0,0,0,0,0
20260906,3,1b0d2271e842e01a,original,M2_C1_CP_RESPONSE_VERIFIER,SECONDARY_COVERAGE90,formal_T1G,4,3,0.75,0,4,3,0,4,3,0.75,0.75,0,0,1,1
20260906,3,1b0d2271e842e01a,original,M2_C1_CP_RESPONSE_VERIFIER,SECONDARY_COVERAGE90,formal_T1L,5,1,0.2,0,0,0,2,0,1,0.0,0.0,1,2,4,4
20260906,3,1b0d2271e842e01a,original,M2_C1_CP_RESPONSE_VERIFIER,SECONDARY_COVERAGE90,formal_T2G,3,1,0.3333333333333333,0,1,1,0,1,1,0.3333333333333333,0.3333333333333333,0,0,2,2
20260906,3,1b0d2271e842e01a,original,M2_C1_CP_RESPONSE_VERIFIER,SECONDARY_COVERAGE90,native,1,1,1.0,0,1,1,0,1,1,1.0,1.0,0,0,0,0
20260906,3,1b0d2271e842e01a,original,M2_C1_CP_RESPONSE_VERIFIER,SECONDARY_COVERAGE90,reviewed_same_fact_text_augmentation,4,4,1.0,0,4,4,0,4,4,1.0,1.0,0,0,0,0
20260906,3,1b0d2271e842e01a,original,M2_C1_CP_RESPONSE_VERIFIER,SECONDARY_COVERAGE90,same_question_different_image_conflicting_source_answer,5,0,0.0,0,0,0,0,0,0,0.0,0.0,0,0,5,5
20260906,3,1b0d2271e842e01a,original,M3_C1_PRE_CP_FEATURE_VERIFIER,PRIMARY_SAFETY_FIRST,broad_unrelated_source_qa,15,0,0.0,0,0,0,4,3,4,0.0,0.0,0,4,15,15
20260906,3,1b0d2271e842e01a,original,M3_C1_PRE_CP_FEATURE_VERIFIER,PRIMARY_SAFETY_FIRST,evaluation_positive,4,4,1.0,0,4,4,0,4,4,1.0,1.0,0,0,0,0
20260906,3,1b0d2271e842e01a,original,M3_C1_PRE_CP_FEATURE_VERIFIER,PRIMARY_SAFETY_FIRST,formal_T1G,4,4,1.0,0,4,4,0,4,4,1.0,1.0,0,0,0,0
20260906,3,1b0d2271e842e01a,original,M3_C1_PRE_CP_FEATURE_VERIFIER,PRIMARY_SAFETY_FIRST,formal_T1L,5,2,0.4,0,0,0,2,0,1,0.0,0.0,1,2,3,3
20260906,3,1b0d2271e842e01a,original,M3_C1_PRE_CP_FEATURE_VERIFIER,PRIMARY_SAFETY_FIRST,formal_T2G,3,3,1.0,0,1,1,0,1,1,0.3333333333333333,0.3333333333333333,0,0,0,0
20260906,3,1b0d2271e842e01a,original,M3_C1_PRE_CP_FEATURE_VERIFIER,PRIMARY_SAFETY_FIRST,native,1,1,1.0,0,1,1,0,1,1,1.0,1.0,0,0,0,0
20260906,3,1b0d2271e842e01a,original,M3_C1_PRE_CP_FEATURE_VERIFIER,PRIMARY_SAFETY_FIRST,reviewed_same_fact_text_augmentation,4,4,1.0,0,4,4,0,4,4,1.0,1.0,0,0,0,0
20260906,3,1b0d2271e842e01a,original,M3_C1_PRE_CP_FEATURE_VERIFIER,PRIMARY_SAFETY_FIRST,same_question_different_image_conflicting_source_answer,5,0,0.0,0,0,0,0,0,0,0.0,0.0,0,0,5,5
20260906,3,1b0d2271e842e01a,original,M3_C1_PRE_CP_FEATURE_VERIFIER,SECONDARY_COVERAGE90,broad_unrelated_source_qa,15,0,0.0,0,0,0,4,3,4,0.0,0.0,0,4,15,15
20260906,3,1b0d2271e842e01a,original,M3_C1_PRE_CP_FEATURE_VERIFIER,SECONDARY_COVERAGE90,evaluation_positive,4,4,1.0,0,4,4,0,4,4,1.0,1.0,0,0,0,0
20260906,3,1b0d2271e842e01a,original,M3_C1_PRE_CP_FEATURE_VERIFIER,SECONDARY_COVERAGE90,formal_T1G,4,4,1.0,0,4,4,0,4,4,1.0,1.0,0,0,0,0
20260906,3,1b0d2271e842e01a,original,M3_C1_PRE_CP_FEATURE_VERIFIER,SECONDARY_COVERAGE90,formal_T1L,5,2,0.4,0,0,0,2,0,1,0.0,0.0,1,2,3,3
20260906,3,1b0d2271e842e01a,original,M3_C1_PRE_CP_FEATURE_VERIFIER,SECONDARY_COVERAGE90,formal_T2G,3,3,1.0,0,1,1,0,1,1,0.3333333333333333,0.3333333333333333,0,0,0,0
20260906,3,1b0d2271e842e01a,original,M3_C1_PRE_CP_FEATURE_VERIFIER,SECONDARY_COVERAGE90,native,1,1,1.0,0,1,1,0,1,1,1.0,1.0,0,0,0,0
20260906,3,1b0d2271e842e01a,original,M3_C1_PRE_CP_FEATURE_VERIFIER,SECONDARY_COVERAGE90,reviewed_same_fact_text_augmentation,4,4,1.0,0,4,4,0,4,4,1.0,1.0,0,0,0,0
20260906,3,1b0d2271e842e01a,original,M3_C1_PRE_CP_FEATURE_VERIFIER,SECONDARY_COVERAGE90,same_question_different_image_conflicting_source_answer,5,0,0.0,0,0,0,0,0,0,0.0,0.0,0,0,5,5
20260906,7,13d861159cbf9477,matched,M0_C1_R2_MEAN_CONTROL,PRIMARY_SAFETY_FIRST,matched_evaluation_positive,4,4,1.0,0,4,4,0,4,4,1.0,1.0,0,0,0,0
20260906,7,13d861159cbf9477,matched,M0_C1_R2_MEAN_CONTROL,PRIMARY_SAFETY_FIRST,matched_hard_image,8,0,0.0,0,0,0,0,0,0,0.0,0.0,0,0,8,8
20260906,7,13d861159cbf9477,matched,M0_C1_R2_MEAN_CONTROL,SECONDARY_COVERAGE90,matched_evaluation_positive,4,4,1.0,0,4,4,0,4,4,1.0,1.0,0,0,0,0
20260906,7,13d861159cbf9477,matched,M0_C1_R2_MEAN_CONTROL,SECONDARY_COVERAGE90,matched_hard_image,8,0,0.0,0,0,0,0,0,0,0.0,0.0,0,0,8,8
20260906,7,13d861159cbf9477,matched,M1_C1_CP_CONJUNCTION_CONTROL,PRIMARY_SAFETY_FIRST,matched_evaluation_positive,4,4,1.0,0,4,4,0,4,4,1.0,1.0,0,0,0,0
20260906,7,13d861159cbf9477,matched,M1_C1_CP_CONJUNCTION_CONTROL,PRIMARY_SAFETY_FIRST,matched_hard_image,8,0,0.0,0,0,0,0,0,0,0.0,0.0,0,0,8,8
20260906,7,13d861159cbf9477,matched,M1_C1_CP_CONJUNCTION_CONTROL,SECONDARY_COVERAGE90,matched_evaluation_positive,4,4,1.0,0,4,4,0,4,4,1.0,1.0,0,0,0,0
20260906,7,13d861159cbf9477,matched,M1_C1_CP_CONJUNCTION_CONTROL,SECONDARY_COVERAGE90,matched_hard_image,8,0,0.0,0,0,0,0,0,0,0.0,0.0,0,0,8,8
20260906,7,13d861159cbf9477,matched,M2_C1_CP_RESPONSE_VERIFIER,PRIMARY_SAFETY_FIRST,matched_evaluation_positive,4,2,0.5,0,4,2,0,4,2,0.5,0.5,0,0,2,2
20260906,7,13d861159cbf9477,matched,M2_C1_CP_RESPONSE_VERIFIER,PRIMARY_SAFETY_FIRST,matched_hard_image,8,0,0.0,0,0,0,0,0,0,0.0,0.0,0,0,8,8
20260906,7,13d861159cbf9477,matched,M2_C1_CP_RESPONSE_VERIFIER,SECONDARY_COVERAGE90,matched_evaluation_positive,4,2,0.5,0,4,2,0,4,2,0.5,0.5,0,0,2,2
20260906,7,13d861159cbf9477,matched,M2_C1_CP_RESPONSE_VERIFIER,SECONDARY_COVERAGE90,matched_hard_image,8,0,0.0,0,0,0,0,0,0,0.0,0.0,0,0,8,8
20260906,7,13d861159cbf9477,matched,M3_C1_PRE_CP_FEATURE_VERIFIER,PRIMARY_SAFETY_FIRST,matched_evaluation_positive,4,3,0.75,0,4,3,0,4,3,0.75,0.75,0,0,1,1
20260906,7,13d861159cbf9477,matched,M3_C1_PRE_CP_FEATURE_VERIFIER,PRIMARY_SAFETY_FIRST,matched_hard_image,8,0,0.0,0,0,0,0,0,0,0.0,0.0,0,0,8,8
20260906,7,13d861159cbf9477,matched,M3_C1_PRE_CP_FEATURE_VERIFIER,SECONDARY_COVERAGE90,matched_evaluation_positive,4,3,0.75,0,4,3,0,4,3,0.75,0.75,0,0,1,1
20260906,7,13d861159cbf9477,matched,M3_C1_PRE_CP_FEATURE_VERIFIER,SECONDARY_COVERAGE90,matched_hard_image,8,0,0.0,0,0,0,0,0,0,0.0,0.0,0,0,8,8
20260906,7,13d861159cbf9477,original,M0_C1_R2_MEAN_CONTROL,CONTINUITY_COVERAGE_CONSTRAINED,broad_unrelated_source_qa,18,0,0.0,0,0,0,8,4,8,0.0,0.0,0,8,18,18
20260906,7,13d861159cbf9477,original,M0_C1_R2_MEAN_CONTROL,CONTINUITY_COVERAGE_CONSTRAINED,evaluation_positive,4,4,1.0,0,4,4,0,4,4,1.0,1.0,0,0,0,0
20260906,7,13d861159cbf9477,original,M0_C1_R2_MEAN_CONTROL,CONTINUITY_COVERAGE_CONSTRAINED,formal_T1G,4,0,0.0,0,4,0,0,4,0,0.0,0.0,0,0,4,4
20260906,7,13d861159cbf9477,original,M0_C1_R2_MEAN_CONTROL,CONTINUITY_COVERAGE_CONSTRAINED,formal_T2G,4,0,0.0,0,3,0,0,4,0,0.0,0.0,0,0,4,4
20260906,7,13d861159cbf9477,original,M0_C1_R2_MEAN_CONTROL,CONTINUITY_COVERAGE_CONSTRAINED,native,1,1,1.0,0,1,1,0,1,1,1.0,1.0,0,0,0,0
20260906,7,13d861159cbf9477,original,M0_C1_R2_MEAN_CONTROL,CONTINUITY_COVERAGE_CONSTRAINED,reviewed_same_fact_text_augmentation,4,4,1.0,0,4,4,0,4,4,1.0,1.0,0,0,0,0
20260906,7,13d861159cbf9477,original,M0_C1_R2_MEAN_CONTROL,CONTINUITY_COVERAGE_CONSTRAINED,same_image_other_source_fact,12,0,0.0,0,0,0,6,3,6,0.0,0.0,0,6,12,12
20260906,7,13d861159cbf9477,original,M0_C1_R2_MEAN_CONTROL,CONTINUITY_COVERAGE_CONSTRAINED,same_question_different_image_conflicting_source_answer,2,0,0.0,0,0,0,0,0,0,0.0,0.0,0,0,2,2
20260906,7,13d861159cbf9477,original,M0_C1_R2_MEAN_CONTROL,CONTINUITY_SAFETY_FIRST,broad_unrelated_source_qa,18,0,0.0,0,0,0,8,4,8,0.0,0.0,0,8,18,18
20260906,7,13d861159cbf9477,original,M0_C1_R2_MEAN_CONTROL,CONTINUITY_SAFETY_FIRST,evaluation_positive,4,4,1.0,0,4,4,0,4,4,1.0,1.0,0,0,0,0
20260906,7,13d861159cbf9477,original,M0_C1_R2_MEAN_CONTROL,CONTINUITY_SAFETY_FIRST,formal_T1G,4,0,0.0,0,4,0,0,4,0,0.0,0.0,0,0,4,4
20260906,7,13d861159cbf9477,original,M0_C1_R2_MEAN_CONTROL,CONTINUITY_SAFETY_FIRST,formal_T2G,4,0,0.0,0,3,0,0,4,0,0.0,0.0,0,0,4,4
20260906,7,13d861159cbf9477,original,M0_C1_R2_MEAN_CONTROL,CONTINUITY_SAFETY_FIRST,native,1,1,1.0,0,1,1,0,1,1,1.0,1.0,0,0,0,0
20260906,7,13d861159cbf9477,original,M0_C1_R2_MEAN_CONTROL,CONTINUITY_SAFETY_FIRST,reviewed_same_fact_text_augmentation,4,4,1.0,0,4,4,0,4,4,1.0,1.0,0,0,0,0
20260906,7,13d861159cbf9477,original,M0_C1_R2_MEAN_CONTROL,CONTINUITY_SAFETY_FIRST,same_image_other_source_fact,12,0,0.0,0,0,0,6,3,6,0.0,0.0,0,6,12,12
20260906,7,13d861159cbf9477,original,M0_C1_R2_MEAN_CONTROL,CONTINUITY_SAFETY_FIRST,same_question_different_image_conflicting_source_answer,2,0,0.0,0,0,0,0,0,0,0.0,0.0,0,0,2,2
20260906,7,13d861159cbf9477,original,M1_C1_CP_CONJUNCTION_CONTROL,PRIMARY_SAFETY_FIRST,broad_unrelated_source_qa,18,0,0.0,0,0,0,8,4,8,0.0,0.0,0,8,18,18
20260906,7,13d861159cbf9477,original,M1_C1_CP_CONJUNCTION_CONTROL,PRIMARY_SAFETY_FIRST,evaluation_positive,4,4,1.0,0,4,4,0,4,4,1.0,1.0,0,0,0,0
20260906,7,13d861159cbf9477,original,M1_C1_CP_CONJUNCTION_CONTROL,PRIMARY_SAFETY_FIRST,formal_T1G,4,0,0.0,0,4,0,0,4,0,0.0,0.0,0,0,4,4
20260906,7,13d861159cbf9477,original,M1_C1_CP_CONJUNCTION_CONTROL,PRIMARY_SAFETY_FIRST,formal_T2G,4,3,0.75,0,3,3,0,4,3,0.75,0.75,0,0,1,1
20260906,7,13d861159cbf9477,original,M1_C1_CP_CONJUNCTION_CONTROL,PRIMARY_SAFETY_FIRST,native,1,1,1.0,0,1,1,0,1,1,1.0,1.0,0,0,0,0
20260906,7,13d861159cbf9477,original,M1_C1_CP_CONJUNCTION_CONTROL,PRIMARY_SAFETY_FIRST,reviewed_same_fact_text_augmentation,4,4,1.0,0,4,4,0,4,4,1.0,1.0,0,0,0,0
20260906,7,13d861159cbf9477,original,M1_C1_CP_CONJUNCTION_CONTROL,PRIMARY_SAFETY_FIRST,same_image_other_source_fact,12,0,0.0,0,0,0,6,3,6,0.0,0.0,0,6,12,12
20260906,7,13d861159cbf9477,original,M1_C1_CP_CONJUNCTION_CONTROL,PRIMARY_SAFETY_FIRST,same_question_different_image_conflicting_source_answer,2,0,0.0,0,0,0,0,0,0,0.0,0.0,0,0,2,2
20260906,7,13d861159cbf9477,original,M1_C1_CP_CONJUNCTION_CONTROL,SECONDARY_COVERAGE90,broad_unrelated_source_qa,18,0,0.0,0,0,0,8,4,8,0.0,0.0,0,8,18,18
20260906,7,13d861159cbf9477,original,M1_C1_CP_CONJUNCTION_CONTROL,SECONDARY_COVERAGE90,evaluation_positive,4,4,1.0,0,4,4,0,4,4,1.0,1.0,0,0,0,0
20260906,7,13d861159cbf9477,original,M1_C1_CP_CONJUNCTION_CONTROL,SECONDARY_COVERAGE90,formal_T1G,4,0,0.0,0,4,0,0,4,0,0.0,0.0,0,0,4,4
20260906,7,13d861159cbf9477,original,M1_C1_CP_CONJUNCTION_CONTROL,SECONDARY_COVERAGE90,formal_T2G,4,3,0.75,0,3,3,0,4,3,0.75,0.75,0,0,1,1
20260906,7,13d861159cbf9477,original,M1_C1_CP_CONJUNCTION_CONTROL,SECONDARY_COVERAGE90,native,1,1,1.0,0,1,1,0,1,1,1.0,1.0,0,0,0,0
20260906,7,13d861159cbf9477,original,M1_C1_CP_CONJUNCTION_CONTROL,SECONDARY_COVERAGE90,reviewed_same_fact_text_augmentation,4,4,1.0,0,4,4,0,4,4,1.0,1.0,0,0,0,0
20260906,7,13d861159cbf9477,original,M1_C1_CP_CONJUNCTION_CONTROL,SECONDARY_COVERAGE90,same_image_other_source_fact,12,0,0.0,0,0,0,6,3,6,0.0,0.0,0,6,12,12
20260906,7,13d861159cbf9477,original,M1_C1_CP_CONJUNCTION_CONTROL,SECONDARY_COVERAGE90,same_question_different_image_conflicting_source_answer,2,0,0.0,0,0,0,0,0,0,0.0,0.0,0,0,2,2
20260906,7,13d861159cbf9477,original,M2_C1_CP_RESPONSE_VERIFIER,PRIMARY_SAFETY_FIRST,broad_unrelated_source_qa,18,0,0.0,0,0,0,8,4,8,0.0,0.0,0,8,18,18
20260906,7,13d861159cbf9477,original,M2_C1_CP_RESPONSE_VERIFIER,PRIMARY_SAFETY_FIRST,evaluation_positive,4,4,1.0,0,4,4,0,4,4,1.0,1.0,0,0,0,0
20260906,7,13d861159cbf9477,original,M2_C1_CP_RESPONSE_VERIFIER,PRIMARY_SAFETY_FIRST,formal_T1G,4,1,0.25,0,4,1,0,4,1,0.25,0.25,0,0,3,3
20260906,7,13d861159cbf9477,original,M2_C1_CP_RESPONSE_VERIFIER,PRIMARY_SAFETY_FIRST,formal_T2G,4,3,0.75,0,3,3,0,4,3,0.75,0.75,0,0,1,1
20260906,7,13d861159cbf9477,original,M2_C1_CP_RESPONSE_VERIFIER,PRIMARY_SAFETY_FIRST,native,1,1,1.0,0,1,1,0,1,1,1.0,1.0,0,0,0,0
20260906,7,13d861159cbf9477,original,M2_C1_CP_RESPONSE_VERIFIER,PRIMARY_SAFETY_FIRST,reviewed_same_fact_text_augmentation,4,4,1.0,0,4,4,0,4,4,1.0,1.0,0,0,0,0
20260906,7,13d861159cbf9477,original,M2_C1_CP_RESPONSE_VERIFIER,PRIMARY_SAFETY_FIRST,same_image_other_source_fact,12,0,0.0,0,0,0,6,3,6,0.0,0.0,0,6,12,12
20260906,7,13d861159cbf9477,original,M2_C1_CP_RESPONSE_VERIFIER,PRIMARY_SAFETY_FIRST,same_question_different_image_conflicting_source_answer,2,0,0.0,0,0,0,0,0,0,0.0,0.0,0,0,2,2
20260906,7,13d861159cbf9477,original,M2_C1_CP_RESPONSE_VERIFIER,SECONDARY_COVERAGE90,broad_unrelated_source_qa,18,0,0.0,0,0,0,8,4,8,0.0,0.0,0,8,18,18
20260906,7,13d861159cbf9477,original,M2_C1_CP_RESPONSE_VERIFIER,SECONDARY_COVERAGE90,evaluation_positive,4,4,1.0,0,4,4,0,4,4,1.0,1.0,0,0,0,0
20260906,7,13d861159cbf9477,original,M2_C1_CP_RESPONSE_VERIFIER,SECONDARY_COVERAGE90,formal_T1G,4,1,0.25,0,4,1,0,4,1,0.25,0.25,0,0,3,3
20260906,7,13d861159cbf9477,original,M2_C1_CP_RESPONSE_VERIFIER,SECONDARY_COVERAGE90,formal_T2G,4,3,0.75,0,3,3,0,4,3,0.75,0.75,0,0,1,1
20260906,7,13d861159cbf9477,original,M2_C1_CP_RESPONSE_VERIFIER,SECONDARY_COVERAGE90,native,1,1,1.0,0,1,1,0,1,1,1.0,1.0,0,0,0,0
20260906,7,13d861159cbf9477,original,M2_C1_CP_RESPONSE_VERIFIER,SECONDARY_COVERAGE90,reviewed_same_fact_text_augmentation,4,4,1.0,0,4,4,0,4,4,1.0,1.0,0,0,0,0
20260906,7,13d861159cbf9477,original,M2_C1_CP_RESPONSE_VERIFIER,SECONDARY_COVERAGE90,same_image_other_source_fact,12,0,0.0,0,0,0,6,3,6,0.0,0.0,0,6,12,12
20260906,7,13d861159cbf9477,original,M2_C1_CP_RESPONSE_VERIFIER,SECONDARY_COVERAGE90,same_question_different_image_conflicting_source_answer,2,0,0.0,0,0,0,0,0,0,0.0,0.0,0,0,2,2
20260906,7,13d861159cbf9477,original,M3_C1_PRE_CP_FEATURE_VERIFIER,PRIMARY_SAFETY_FIRST,broad_unrelated_source_qa,18,0,0.0,0,0,0,8,4,8,0.0,0.0,0,8,18,18
20260906,7,13d861159cbf9477,original,M3_C1_PRE_CP_FEATURE_VERIFIER,PRIMARY_SAFETY_FIRST,evaluation_positive,4,4,1.0,0,4,4,0,4,4,1.0,1.0,0,0,0,0
20260906,7,13d861159cbf9477,original,M3_C1_PRE_CP_FEATURE_VERIFIER,PRIMARY_SAFETY_FIRST,formal_T1G,4,3,0.75,0,4,3,0,4,3,0.75,0.75,0,0,1,1
20260906,7,13d861159cbf9477,original,M3_C1_PRE_CP_FEATURE_VERIFIER,PRIMARY_SAFETY_FIRST,formal_T2G,4,4,1.0,0,3,3,0,4,4,0.75,1.0,0,0,0,0
20260906,7,13d861159cbf9477,original,M3_C1_PRE_CP_FEATURE_VERIFIER,PRIMARY_SAFETY_FIRST,native,1,1,1.0,0,1,1,0,1,1,1.0,1.0,0,0,0,0
20260906,7,13d861159cbf9477,original,M3_C1_PRE_CP_FEATURE_VERIFIER,PRIMARY_SAFETY_FIRST,reviewed_same_fact_text_augmentation,4,4,1.0,0,4,4,0,4,4,1.0,1.0,0,0,0,0
20260906,7,13d861159cbf9477,original,M3_C1_PRE_CP_FEATURE_VERIFIER,PRIMARY_SAFETY_FIRST,same_image_other_source_fact,12,3,0.25,0,0,0,6,3,5,0.0,0.08333333333333333,1,6,9,9
20260906,7,13d861159cbf9477,original,M3_C1_PRE_CP_FEATURE_VERIFIER,PRIMARY_SAFETY_FIRST,same_question_different_image_conflicting_source_answer,2,0,0.0,0,0,0,0,0,0,0.0,0.0,0,0,2,2
20260906,7,13d861159cbf9477,original,M3_C1_PRE_CP_FEATURE_VERIFIER,SECONDARY_COVERAGE90,broad_unrelated_source_qa,18,0,0.0,0,0,0,8,4,8,0.0,0.0,0,8,18,18
20260906,7,13d861159cbf9477,original,M3_C1_PRE_CP_FEATURE_VERIFIER,SECONDARY_COVERAGE90,evaluation_positive,4,4,1.0,0,4,4,0,4,4,1.0,1.0,0,0,0,0
20260906,7,13d861159cbf9477,original,M3_C1_PRE_CP_FEATURE_VERIFIER,SECONDARY_COVERAGE90,formal_T1G,4,3,0.75,0,4,3,0,4,3,0.75,0.75,0,0,1,1
20260906,7,13d861159cbf9477,original,M3_C1_PRE_CP_FEATURE_VERIFIER,SECONDARY_COVERAGE90,formal_T2G,4,4,1.0,0,3,3,0,4,4,0.75,1.0,0,0,0,0
20260906,7,13d861159cbf9477,original,M3_C1_PRE_CP_FEATURE_VERIFIER,SECONDARY_COVERAGE90,native,1,1,1.0,0,1,1,0,1,1,1.0,1.0,0,0,0,0
20260906,7,13d861159cbf9477,original,M3_C1_PRE_CP_FEATURE_VERIFIER,SECONDARY_COVERAGE90,reviewed_same_fact_text_augmentation,4,4,1.0,0,4,4,0,4,4,1.0,1.0,0,0,0,0
20260906,7,13d861159cbf9477,original,M3_C1_PRE_CP_FEATURE_VERIFIER,SECONDARY_COVERAGE90,same_image_other_source_fact,12,3,0.25,0,0,0,6,3,5,0.0,0.08333333333333333,1,6,9,9
20260906,7,13d861159cbf9477,original,M3_C1_PRE_CP_FEATURE_VERIFIER,SECONDARY_COVERAGE90,same_question_different_image_conflicting_source_answer,2,0,0.0,0,0,0,0,0,0,0.0,0.0,0,0,2,2
20260906,13,1379df4696783d47,matched,M0_C1_R2_MEAN_CONTROL,PRIMARY_SAFETY_FIRST,matched_evaluation_positive,4,4,1.0,0,4,4,0,4,4,1.0,1.0,0,0,0,0
20260906,13,1379df4696783d47,matched,M0_C1_R2_MEAN_CONTROL,PRIMARY_SAFETY_FIRST,matched_hard_image,4,1,0.25,0,0,0,0,0,0,0.0,0.0,0,0,3,3
20260906,13,1379df4696783d47,matched,M0_C1_R2_MEAN_CONTROL,SECONDARY_COVERAGE90,matched_evaluation_positive,4,4,1.0,0,4,4,0,4,4,1.0,1.0,0,0,0,0
20260906,13,1379df4696783d47,matched,M0_C1_R2_MEAN_CONTROL,SECONDARY_COVERAGE90,matched_hard_image,4,1,0.25,0,0,0,0,0,0,0.0,0.0,0,0,3,3
20260906,13,1379df4696783d47,matched,M1_C1_CP_CONJUNCTION_CONTROL,PRIMARY_SAFETY_FIRST,matched_evaluation_positive,4,2,0.5,0,4,2,0,4,2,0.5,0.5,0,0,2,2
20260906,13,1379df4696783d47,matched,M1_C1_CP_CONJUNCTION_CONTROL,PRIMARY_SAFETY_FIRST,matched_hard_image,4,0,0.0,0,0,0,0,0,0,0.0,0.0,0,0,4,4
20260906,13,1379df4696783d47,matched,M1_C1_CP_CONJUNCTION_CONTROL,SECONDARY_COVERAGE90,matched_evaluation_positive,4,2,0.5,0,4,2,0,4,2,0.5,0.5,0,0,2,2
20260906,13,1379df4696783d47,matched,M1_C1_CP_CONJUNCTION_CONTROL,SECONDARY_COVERAGE90,matched_hard_image,4,0,0.0,0,0,0,0,0,0,0.0,0.0,0,0,4,4
20260906,13,1379df4696783d47,matched,M2_C1_CP_RESPONSE_VERIFIER,PRIMARY_SAFETY_FIRST,matched_evaluation_positive,4,3,0.75,0,4,3,0,4,3,0.75,0.75,0,0,1,1
20260906,13,1379df4696783d47,matched,M2_C1_CP_RESPONSE_VERIFIER,PRIMARY_SAFETY_FIRST,matched_hard_image,4,0,0.0,0,0,0,0,0,0,0.0,0.0,0,0,4,4
20260906,13,1379df4696783d47,matched,M2_C1_CP_RESPONSE_VERIFIER,SECONDARY_COVERAGE90,matched_evaluation_positive,4,3,0.75,0,4,3,0,4,3,0.75,0.75,0,0,1,1
20260906,13,1379df4696783d47,matched,M2_C1_CP_RESPONSE_VERIFIER,SECONDARY_COVERAGE90,matched_hard_image,4,0,0.0,0,0,0,0,0,0,0.0,0.0,0,0,4,4
20260906,13,1379df4696783d47,matched,M3_C1_PRE_CP_FEATURE_VERIFIER,PRIMARY_SAFETY_FIRST,matched_evaluation_positive,4,2,0.5,0,4,2,0,4,2,0.5,0.5,0,0,2,2
20260906,13,1379df4696783d47,matched,M3_C1_PRE_CP_FEATURE_VERIFIER,PRIMARY_SAFETY_FIRST,matched_hard_image,4,0,0.0,0,0,0,0,0,0,0.0,0.0,0,0,4,4
20260906,13,1379df4696783d47,matched,M3_C1_PRE_CP_FEATURE_VERIFIER,SECONDARY_COVERAGE90,matched_evaluation_positive,4,2,0.5,0,4,2,0,4,2,0.5,0.5,0,0,2,2
20260906,13,1379df4696783d47,matched,M3_C1_PRE_CP_FEATURE_VERIFIER,SECONDARY_COVERAGE90,matched_hard_image,4,0,0.0,0,0,0,0,0,0,0.0,0.0,0,0,4,4
20260906,13,1379df4696783d47,original,M0_C1_R2_MEAN_CONTROL,CONTINUITY_COVERAGE_CONSTRAINED,broad_unrelated_source_qa,19,0,0.0,0,0,0,4,3,4,0.0,0.0,0,4,19,19
20260906,13,1379df4696783d47,original,M0_C1_R2_MEAN_CONTROL,CONTINUITY_COVERAGE_CONSTRAINED,evaluation_positive,4,4,1.0,0,4,4,0,4,4,1.0,1.0,0,0,0,0
20260906,13,1379df4696783d47,original,M0_C1_R2_MEAN_CONTROL,CONTINUITY_COVERAGE_CONSTRAINED,formal_T1G,4,1,0.25,0,4,1,0,4,1,0.25,0.25,0,0,3,3
20260906,13,1379df4696783d47,original,M0_C1_R2_MEAN_CONTROL,CONTINUITY_COVERAGE_CONSTRAINED,formal_T2G,4,1,0.25,0,2,1,0,1,0,0.25,0.0,0,0,3,3
20260906,13,1379df4696783d47,original,M0_C1_R2_MEAN_CONTROL,CONTINUITY_COVERAGE_CONSTRAINED,native,1,1,1.0,0,1,1,0,1,1,1.0,1.0,0,0,0,0
20260906,13,1379df4696783d47,original,M0_C1_R2_MEAN_CONTROL,CONTINUITY_COVERAGE_CONSTRAINED,reviewed_same_fact_text_augmentation,4,4,1.0,0,4,4,0,2,2,1.0,0.5,0,0,0,0
20260906,13,1379df4696783d47,original,M0_C1_R2_MEAN_CONTROL,CONTINUITY_COVERAGE_CONSTRAINED,same_question_different_image_conflicting_source_answer,1,0,0.0,0,0,0,0,0,0,0.0,0.0,0,0,1,1
20260906,13,1379df4696783d47,original,M0_C1_R2_MEAN_CONTROL,CONTINUITY_SAFETY_FIRST,broad_unrelated_source_qa,19,0,0.0,0,0,0,4,3,4,0.0,0.0,0,4,19,19
20260906,13,1379df4696783d47,original,M0_C1_R2_MEAN_CONTROL,CONTINUITY_SAFETY_FIRST,evaluation_positive,4,4,1.0,0,4,4,0,4,4,1.0,1.0,0,0,0,0
20260906,13,1379df4696783d47,original,M0_C1_R2_MEAN_CONTROL,CONTINUITY_SAFETY_FIRST,formal_T1G,4,1,0.25,0,4,1,0,4,1,0.25,0.25,0,0,3,3
20260906,13,1379df4696783d47,original,M0_C1_R2_MEAN_CONTROL,CONTINUITY_SAFETY_FIRST,formal_T2G,4,1,0.25,0,2,1,0,1,0,0.25,0.0,0,0,3,3
20260906,13,1379df4696783d47,original,M0_C1_R2_MEAN_CONTROL,CONTINUITY_SAFETY_FIRST,native,1,1,1.0,0,1,1,0,1,1,1.0,1.0,0,0,0,0
20260906,13,1379df4696783d47,original,M0_C1_R2_MEAN_CONTROL,CONTINUITY_SAFETY_FIRST,reviewed_same_fact_text_augmentation,4,4,1.0,0,4,4,0,2,2,1.0,0.5,0,0,0,0
20260906,13,1379df4696783d47,original,M0_C1_R2_MEAN_CONTROL,CONTINUITY_SAFETY_FIRST,same_question_different_image_conflicting_source_answer,1,0,0.0,0,0,0,0,0,0,0.0,0.0,0,0,1,1
20260906,13,1379df4696783d47,original,M1_C1_CP_CONJUNCTION_CONTROL,PRIMARY_SAFETY_FIRST,broad_unrelated_source_qa,19,0,0.0,0,0,0,4,3,4,0.0,0.0,0,4,19,19
20260906,13,1379df4696783d47,original,M1_C1_CP_CONJUNCTION_CONTROL,PRIMARY_SAFETY_FIRST,evaluation_positive,4,4,1.0,0,4,4,0,4,4,1.0,1.0,0,0,0,0
20260906,13,1379df4696783d47,original,M1_C1_CP_CONJUNCTION_CONTROL,PRIMARY_SAFETY_FIRST,formal_T1G,4,1,0.25,0,4,1,0,4,1,0.25,0.25,0,0,3,3
20260906,13,1379df4696783d47,original,M1_C1_CP_CONJUNCTION_CONTROL,PRIMARY_SAFETY_FIRST,formal_T2G,4,2,0.5,0,2,2,0,1,1,0.5,0.25,0,0,2,2
20260906,13,1379df4696783d47,original,M1_C1_CP_CONJUNCTION_CONTROL,PRIMARY_SAFETY_FIRST,native,1,1,1.0,0,1,1,0,1,1,1.0,1.0,0,0,0,0
20260906,13,1379df4696783d47,original,M1_C1_CP_CONJUNCTION_CONTROL,PRIMARY_SAFETY_FIRST,reviewed_same_fact_text_augmentation,4,4,1.0,0,4,4,0,2,2,1.0,0.5,0,0,0,0
20260906,13,1379df4696783d47,original,M1_C1_CP_CONJUNCTION_CONTROL,PRIMARY_SAFETY_FIRST,same_question_different_image_conflicting_source_answer,1,0,0.0,0,0,0,0,0,0,0.0,0.0,0,0,1,1
20260906,13,1379df4696783d47,original,M1_C1_CP_CONJUNCTION_CONTROL,SECONDARY_COVERAGE90,broad_unrelated_source_qa,19,0,0.0,0,0,0,4,3,4,0.0,0.0,0,4,19,19
20260906,13,1379df4696783d47,original,M1_C1_CP_CONJUNCTION_CONTROL,SECONDARY_COVERAGE90,evaluation_positive,4,4,1.0,0,4,4,0,4,4,1.0,1.0,0,0,0,0
20260906,13,1379df4696783d47,original,M1_C1_CP_CONJUNCTION_CONTROL,SECONDARY_COVERAGE90,formal_T1G,4,1,0.25,0,4,1,0,4,1,0.25,0.25,0,0,3,3
20260906,13,1379df4696783d47,original,M1_C1_CP_CONJUNCTION_CONTROL,SECONDARY_COVERAGE90,formal_T2G,4,2,0.5,0,2,2,0,1,1,0.5,0.25,0,0,2,2
20260906,13,1379df4696783d47,original,M1_C1_CP_CONJUNCTION_CONTROL,SECONDARY_COVERAGE90,native,1,1,1.0,0,1,1,0,1,1,1.0,1.0,0,0,0,0
20260906,13,1379df4696783d47,original,M1_C1_CP_CONJUNCTION_CONTROL,SECONDARY_COVERAGE90,reviewed_same_fact_text_augmentation,4,4,1.0,0,4,4,0,2,2,1.0,0.5,0,0,0,0
20260906,13,1379df4696783d47,original,M1_C1_CP_CONJUNCTION_CONTROL,SECONDARY_COVERAGE90,same_question_different_image_conflicting_source_answer,1,0,0.0,0,0,0,0,0,0,0.0,0.0,0,0,1,1
20260906,13,1379df4696783d47,original,M2_C1_CP_RESPONSE_VERIFIER,PRIMARY_SAFETY_FIRST,broad_unrelated_source_qa,19,0,0.0,0,0,0,4,3,4,0.0,0.0,0,4,19,19
20260906,13,1379df4696783d47,original,M2_C1_CP_RESPONSE_VERIFIER,PRIMARY_SAFETY_FIRST,evaluation_positive,4,4,1.0,0,4,4,0,4,4,1.0,1.0,0,0,0,0
20260906,13,1379df4696783d47,original,M2_C1_CP_RESPONSE_VERIFIER,PRIMARY_SAFETY_FIRST,formal_T1G,4,2,0.5,0,4,2,0,4,2,0.5,0.5,0,0,2,2
20260906,13,1379df4696783d47,original,M2_C1_CP_RESPONSE_VERIFIER,PRIMARY_SAFETY_FIRST,formal_T2G,4,2,0.5,0,2,2,0,1,1,0.5,0.25,0,0,2,2
20260906,13,1379df4696783d47,original,M2_C1_CP_RESPONSE_VERIFIER,PRIMARY_SAFETY_FIRST,native,1,1,1.0,0,1,1,0,1,1,1.0,1.0,0,0,0,0
20260906,13,1379df4696783d47,original,M2_C1_CP_RESPONSE_VERIFIER,PRIMARY_SAFETY_FIRST,reviewed_same_fact_text_augmentation,4,4,1.0,0,4,4,0,2,2,1.0,0.5,0,0,0,0
20260906,13,1379df4696783d47,original,M2_C1_CP_RESPONSE_VERIFIER,PRIMARY_SAFETY_FIRST,same_question_different_image_conflicting_source_answer,1,0,0.0,0,0,0,0,0,0,0.0,0.0,0,0,1,1
20260906,13,1379df4696783d47,original,M2_C1_CP_RESPONSE_VERIFIER,SECONDARY_COVERAGE90,broad_unrelated_source_qa,19,0,0.0,0,0,0,4,3,4,0.0,0.0,0,4,19,19
20260906,13,1379df4696783d47,original,M2_C1_CP_RESPONSE_VERIFIER,SECONDARY_COVERAGE90,evaluation_positive,4,4,1.0,0,4,4,0,4,4,1.0,1.0,0,0,0,0
20260906,13,1379df4696783d47,original,M2_C1_CP_RESPONSE_VERIFIER,SECONDARY_COVERAGE90,formal_T1G,4,2,0.5,0,4,2,0,4,2,0.5,0.5,0,0,2,2
20260906,13,1379df4696783d47,original,M2_C1_CP_RESPONSE_VERIFIER,SECONDARY_COVERAGE90,formal_T2G,4,2,0.5,0,2,2,0,1,1,0.5,0.25,0,0,2,2
20260906,13,1379df4696783d47,original,M2_C1_CP_RESPONSE_VERIFIER,SECONDARY_COVERAGE90,native,1,1,1.0,0,1,1,0,1,1,1.0,1.0,0,0,0,0
20260906,13,1379df4696783d47,original,M2_C1_CP_RESPONSE_VERIFIER,SECONDARY_COVERAGE90,reviewed_same_fact_text_augmentation,4,4,1.0,0,4,4,0,2,2,1.0,0.5,0,0,0,0
20260906,13,1379df4696783d47,original,M2_C1_CP_RESPONSE_VERIFIER,SECONDARY_COVERAGE90,same_question_different_image_conflicting_source_answer,1,0,0.0,0,0,0,0,0,0,0.0,0.0,0,0,1,1
20260906,13,1379df4696783d47,original,M3_C1_PRE_CP_FEATURE_VERIFIER,PRIMARY_SAFETY_FIRST,broad_unrelated_source_qa,19,0,0.0,0,0,0,4,3,4,0.0,0.0,0,4,19,19
20260906,13,1379df4696783d47,original,M3_C1_PRE_CP_FEATURE_VERIFIER,PRIMARY_SAFETY_FIRST,evaluation_positive,4,4,1.0,0,4,4,0,4,4,1.0,1.0,0,0,0,0
20260906,13,1379df4696783d47,original,M3_C1_PRE_CP_FEATURE_VERIFIER,PRIMARY_SAFETY_FIRST,formal_T1G,4,3,0.75,0,4,3,0,4,3,0.75,0.75,0,0,1,1
20260906,13,1379df4696783d47,original,M3_C1_PRE_CP_FEATURE_VERIFIER,PRIMARY_SAFETY_FIRST,formal_T2G,4,2,0.5,0,2,2,0,1,1,0.5,0.25,0,0,2,2
20260906,13,1379df4696783d47,original,M3_C1_PRE_CP_FEATURE_VERIFIER,PRIMARY_SAFETY_FIRST,native,1,1,1.0,0,1,1,0,1,1,1.0,1.0,0,0,0,0
20260906,13,1379df4696783d47,original,M3_C1_PRE_CP_FEATURE_VERIFIER,PRIMARY_SAFETY_FIRST,reviewed_same_fact_text_augmentation,4,4,1.0,0,4,4,0,2,2,1.0,0.5,0,0,0,0
20260906,13,1379df4696783d47,original,M3_C1_PRE_CP_FEATURE_VERIFIER,PRIMARY_SAFETY_FIRST,same_question_different_image_conflicting_source_answer,1,0,0.0,0,0,0,0,0,0,0.0,0.0,0,0,1,1
20260906,13,1379df4696783d47,original,M3_C1_PRE_CP_FEATURE_VERIFIER,SECONDARY_COVERAGE90,broad_unrelated_source_qa,19,0,0.0,0,0,0,4,3,4,0.0,0.0,0,4,19,19
20260906,13,1379df4696783d47,original,M3_C1_PRE_CP_FEATURE_VERIFIER,SECONDARY_COVERAGE90,evaluation_positive,4,4,1.0,0,4,4,0,4,4,1.0,1.0,0,0,0,0
20260906,13,1379df4696783d47,original,M3_C1_PRE_CP_FEATURE_VERIFIER,SECONDARY_COVERAGE90,formal_T1G,4,3,0.75,0,4,3,0,4,3,0.75,0.75,0,0,1,1
20260906,13,1379df4696783d47,original,M3_C1_PRE_CP_FEATURE_VERIFIER,SECONDARY_COVERAGE90,formal_T2G,4,2,0.5,0,2,2,0,1,1,0.5,0.25,0,0,2,2
20260906,13,1379df4696783d47,original,M3_C1_PRE_CP_FEATURE_VERIFIER,SECONDARY_COVERAGE90,native,1,1,1.0,0,1,1,0,1,1,1.0,1.0,0,0,0,0
20260906,13,1379df4696783d47,original,M3_C1_PRE_CP_FEATURE_VERIFIER,SECONDARY_COVERAGE90,reviewed_same_fact_text_augmentation,4,4,1.0,0,4,4,0,2,2,1.0,0.5,0,0,0,0
20260906,13,1379df4696783d47,original,M3_C1_PRE_CP_FEATURE_VERIFIER,SECONDARY_COVERAGE90,same_question_different_image_conflicting_source_answer,1,0,0.0,0,0,0,0,0,0,0.0,0.0,0,0,1,1
20260906,15,11999d89b31d5f06,matched,M0_C1_R2_MEAN_CONTROL,PRIMARY_SAFETY_FIRST,matched_evaluation_positive,4,4,1.0,0,4,4,0,4,4,1.0,1.0,0,0,0,0
20260906,15,11999d89b31d5f06,matched,M0_C1_R2_MEAN_CONTROL,PRIMARY_SAFETY_FIRST,matched_hard_image,20,1,0.05,0,0,0,0,0,0,0.0,0.0,0,0,19,19
20260906,15,11999d89b31d5f06,matched,M0_C1_R2_MEAN_CONTROL,SECONDARY_COVERAGE90,matched_evaluation_positive,4,4,1.0,0,4,4,0,4,4,1.0,1.0,0,0,0,0
20260906,15,11999d89b31d5f06,matched,M0_C1_R2_MEAN_CONTROL,SECONDARY_COVERAGE90,matched_hard_image,20,1,0.05,0,0,0,0,0,0,0.0,0.0,0,0,19,19
20260906,15,11999d89b31d5f06,matched,M1_C1_CP_CONJUNCTION_CONTROL,PRIMARY_SAFETY_FIRST,matched_evaluation_positive,4,1,0.25,0,4,1,0,4,1,0.25,0.25,0,0,3,3
20260906,15,11999d89b31d5f06,matched,M1_C1_CP_CONJUNCTION_CONTROL,PRIMARY_SAFETY_FIRST,matched_hard_image,20,1,0.05,0,0,0,0,0,0,0.0,0.0,0,0,19,19
20260906,15,11999d89b31d5f06,matched,M1_C1_CP_CONJUNCTION_CONTROL,SECONDARY_COVERAGE90,matched_evaluation_positive,4,1,0.25,0,4,1,0,4,1,0.25,0.25,0,0,3,3
20260906,15,11999d89b31d5f06,matched,M1_C1_CP_CONJUNCTION_CONTROL,SECONDARY_COVERAGE90,matched_hard_image,20,1,0.05,0,0,0,0,0,0,0.0,0.0,0,0,19,19
20260906,15,11999d89b31d5f06,matched,M2_C1_CP_RESPONSE_VERIFIER,PRIMARY_SAFETY_FIRST,matched_evaluation_positive,4,2,0.5,0,4,2,0,4,2,0.5,0.5,0,0,2,2
20260906,15,11999d89b31d5f06,matched,M2_C1_CP_RESPONSE_VERIFIER,PRIMARY_SAFETY_FIRST,matched_hard_image,20,1,0.05,0,0,0,0,0,0,0.0,0.0,0,0,19,19
20260906,15,11999d89b31d5f06,matched,M2_C1_CP_RESPONSE_VERIFIER,SECONDARY_COVERAGE90,matched_evaluation_positive,4,2,0.5,0,4,2,0,4,2,0.5,0.5,0,0,2,2
20260906,15,11999d89b31d5f06,matched,M2_C1_CP_RESPONSE_VERIFIER,SECONDARY_COVERAGE90,matched_hard_image,20,1,0.05,0,0,0,0,0,0,0.0,0.0,0,0,19,19
20260906,15,11999d89b31d5f06,matched,M3_C1_PRE_CP_FEATURE_VERIFIER,PRIMARY_SAFETY_FIRST,matched_evaluation_positive,4,3,0.75,0,4,3,0,4,3,0.75,0.75,0,0,1,1
20260906,15,11999d89b31d5f06,matched,M3_C1_PRE_CP_FEATURE_VERIFIER,PRIMARY_SAFETY_FIRST,matched_hard_image,20,2,0.1,0,0,0,0,0,0,0.0,0.0,0,0,18,18
20260906,15,11999d89b31d5f06,matched,M3_C1_PRE_CP_FEATURE_VERIFIER,SECONDARY_COVERAGE90,matched_evaluation_positive,4,3,0.75,0,4,3,0,4,3,0.75,0.75,0,0,1,1
20260906,15,11999d89b31d5f06,matched,M3_C1_PRE_CP_FEATURE_VERIFIER,SECONDARY_COVERAGE90,matched_hard_image,20,2,0.1,0,0,0,0,0,0,0.0,0.0,0,0,18,18
20260906,15,11999d89b31d5f06,original,M0_C1_R2_MEAN_CONTROL,CONTINUITY_COVERAGE_CONSTRAINED,broad_unrelated_source_qa,15,0,0.0,0,0,0,5,3,5,0.0,0.0,0,5,15,15
20260906,15,11999d89b31d5f06,original,M0_C1_R2_MEAN_CONTROL,CONTINUITY_COVERAGE_CONSTRAINED,evaluation_positive,4,4,1.0,0,4,4,0,4,4,1.0,1.0,0,0,0,0
20260906,15,11999d89b31d5f06,original,M0_C1_R2_MEAN_CONTROL,CONTINUITY_COVERAGE_CONSTRAINED,formal_T1G,2,0,0.0,0,2,0,0,2,0,0.0,0.0,0,0,2,2
20260906,15,11999d89b31d5f06,original,M0_C1_R2_MEAN_CONTROL,CONTINUITY_COVERAGE_CONSTRAINED,formal_T1L,5,0,0.0,0,2,0,2,2,2,0.0,0.0,0,2,5,5
20260906,15,11999d89b31d5f06,original,M0_C1_R2_MEAN_CONTROL,CONTINUITY_COVERAGE_CONSTRAINED,formal_T2G,4,3,0.75,0,2,2,0,2,2,0.5,0.5,0,0,1,1
20260906,15,11999d89b31d5f06,original,M0_C1_R2_MEAN_CONTROL,CONTINUITY_COVERAGE_CONSTRAINED,native,1,1,1.0,0,1,1,0,1,1,1.0,1.0,0,0,0,0
20260906,15,11999d89b31d5f06,original,M0_C1_R2_MEAN_CONTROL,CONTINUITY_COVERAGE_CONSTRAINED,reviewed_same_fact_text_augmentation,4,4,1.0,0,4,4,0,4,4,1.0,1.0,0,0,0,0
20260906,15,11999d89b31d5f06,original,M0_C1_R2_MEAN_CONTROL,CONTINUITY_COVERAGE_CONSTRAINED,same_question_different_image_conflicting_source_answer,5,1,0.2,0,0,0,0,0,0,0.0,0.0,0,0,4,4
20260906,15,11999d89b31d5f06,original,M0_C1_R2_MEAN_CONTROL,CONTINUITY_SAFETY_FIRST,broad_unrelated_source_qa,15,0,0.0,0,0,0,5,3,5,0.0,0.0,0,5,15,15
20260906,15,11999d89b31d5f06,original,M0_C1_R2_MEAN_CONTROL,CONTINUITY_SAFETY_FIRST,evaluation_positive,4,4,1.0,0,4,4,0,4,4,1.0,1.0,0,0,0,0
20260906,15,11999d89b31d5f06,original,M0_C1_R2_MEAN_CONTROL,CONTINUITY_SAFETY_FIRST,formal_T1G,2,0,0.0,0,2,0,0,2,0,0.0,0.0,0,0,2,2
20260906,15,11999d89b31d5f06,original,M0_C1_R2_MEAN_CONTROL,CONTINUITY_SAFETY_FIRST,formal_T1L,5,0,0.0,0,2,0,2,2,2,0.0,0.0,0,2,5,5
20260906,15,11999d89b31d5f06,original,M0_C1_R2_MEAN_CONTROL,CONTINUITY_SAFETY_FIRST,formal_T2G,4,3,0.75,0,2,2,0,2,2,0.5,0.5,0,0,1,1
20260906,15,11999d89b31d5f06,original,M0_C1_R2_MEAN_CONTROL,CONTINUITY_SAFETY_FIRST,native,1,1,1.0,0,1,1,0,1,1,1.0,1.0,0,0,0,0
20260906,15,11999d89b31d5f06,original,M0_C1_R2_MEAN_CONTROL,CONTINUITY_SAFETY_FIRST,reviewed_same_fact_text_augmentation,4,4,1.0,0,4,4,0,4,4,1.0,1.0,0,0,0,0
20260906,15,11999d89b31d5f06,original,M0_C1_R2_MEAN_CONTROL,CONTINUITY_SAFETY_FIRST,same_question_different_image_conflicting_source_answer,5,1,0.2,0,0,0,0,0,0,0.0,0.0,0,0,4,4
20260906,15,11999d89b31d5f06,original,M1_C1_CP_CONJUNCTION_CONTROL,PRIMARY_SAFETY_FIRST,broad_unrelated_source_qa,15,0,0.0,0,0,0,5,3,5,0.0,0.0,0,5,15,15
20260906,15,11999d89b31d5f06,original,M1_C1_CP_CONJUNCTION_CONTROL,PRIMARY_SAFETY_FIRST,evaluation_positive,4,4,1.0,0,4,4,0,4,4,1.0,1.0,0,0,0,0
20260906,15,11999d89b31d5f06,original,M1_C1_CP_CONJUNCTION_CONTROL,PRIMARY_SAFETY_FIRST,formal_T1G,2,0,0.0,0,2,0,0,2,0,0.0,0.0,0,0,2,2
20260906,15,11999d89b31d5f06,original,M1_C1_CP_CONJUNCTION_CONTROL,PRIMARY_SAFETY_FIRST,formal_T1L,5,0,0.0,0,2,0,2,2,2,0.0,0.0,0,2,5,5
20260906,15,11999d89b31d5f06,original,M1_C1_CP_CONJUNCTION_CONTROL,PRIMARY_SAFETY_FIRST,formal_T2G,4,3,0.75,0,2,2,0,2,2,0.5,0.5,0,0,1,1
20260906,15,11999d89b31d5f06,original,M1_C1_CP_CONJUNCTION_CONTROL,PRIMARY_SAFETY_FIRST,native,1,1,1.0,0,1,1,0,1,1,1.0,1.0,0,0,0,0
20260906,15,11999d89b31d5f06,original,M1_C1_CP_CONJUNCTION_CONTROL,PRIMARY_SAFETY_FIRST,reviewed_same_fact_text_augmentation,4,4,1.0,0,4,4,0,4,4,1.0,1.0,0,0,0,0
20260906,15,11999d89b31d5f06,original,M1_C1_CP_CONJUNCTION_CONTROL,PRIMARY_SAFETY_FIRST,same_question_different_image_conflicting_source_answer,5,1,0.2,0,0,0,0,0,0,0.0,0.0,0,0,4,4
20260906,15,11999d89b31d5f06,original,M1_C1_CP_CONJUNCTION_CONTROL,SECONDARY_COVERAGE90,broad_unrelated_source_qa,15,0,0.0,0,0,0,5,3,5,0.0,0.0,0,5,15,15
20260906,15,11999d89b31d5f06,original,M1_C1_CP_CONJUNCTION_CONTROL,SECONDARY_COVERAGE90,evaluation_positive,4,4,1.0,0,4,4,0,4,4,1.0,1.0,0,0,0,0
20260906,15,11999d89b31d5f06,original,M1_C1_CP_CONJUNCTION_CONTROL,SECONDARY_COVERAGE90,formal_T1G,2,0,0.0,0,2,0,0,2,0,0.0,0.0,0,0,2,2
20260906,15,11999d89b31d5f06,original,M1_C1_CP_CONJUNCTION_CONTROL,SECONDARY_COVERAGE90,formal_T1L,5,0,0.0,0,2,0,2,2,2,0.0,0.0,0,2,5,5
20260906,15,11999d89b31d5f06,original,M1_C1_CP_CONJUNCTION_CONTROL,SECONDARY_COVERAGE90,formal_T2G,4,3,0.75,0,2,2,0,2,2,0.5,0.5,0,0,1,1
20260906,15,11999d89b31d5f06,original,M1_C1_CP_CONJUNCTION_CONTROL,SECONDARY_COVERAGE90,native,1,1,1.0,0,1,1,0,1,1,1.0,1.0,0,0,0,0
20260906,15,11999d89b31d5f06,original,M1_C1_CP_CONJUNCTION_CONTROL,SECONDARY_COVERAGE90,reviewed_same_fact_text_augmentation,4,4,1.0,0,4,4,0,4,4,1.0,1.0,0,0,0,0
20260906,15,11999d89b31d5f06,original,M1_C1_CP_CONJUNCTION_CONTROL,SECONDARY_COVERAGE90,same_question_different_image_conflicting_source_answer,5,1,0.2,0,0,0,0,0,0,0.0,0.0,0,0,4,4
20260906,15,11999d89b31d5f06,original,M2_C1_CP_RESPONSE_VERIFIER,PRIMARY_SAFETY_FIRST,broad_unrelated_source_qa,15,0,0.0,0,0,0,5,3,5,0.0,0.0,0,5,15,15
20260906,15,11999d89b31d5f06,original,M2_C1_CP_RESPONSE_VERIFIER,PRIMARY_SAFETY_FIRST,evaluation_positive,4,4,1.0,0,4,4,0,4,4,1.0,1.0,0,0,0,0
20260906,15,11999d89b31d5f06,original,M2_C1_CP_RESPONSE_VERIFIER,PRIMARY_SAFETY_FIRST,formal_T1G,2,0,0.0,0,2,0,0,2,0,0.0,0.0,0,0,2,2
20260906,15,11999d89b31d5f06,original,M2_C1_CP_RESPONSE_VERIFIER,PRIMARY_SAFETY_FIRST,formal_T1L,5,0,0.0,0,2,0,2,2,2,0.0,0.0,0,2,5,5
20260906,15,11999d89b31d5f06,original,M2_C1_CP_RESPONSE_VERIFIER,PRIMARY_SAFETY_FIRST,formal_T2G,4,3,0.75,0,2,2,0,2,2,0.5,0.5,0,0,1,1
20260906,15,11999d89b31d5f06,original,M2_C1_CP_RESPONSE_VERIFIER,PRIMARY_SAFETY_FIRST,native,1,1,1.0,0,1,1,0,1,1,1.0,1.0,0,0,0,0
20260906,15,11999d89b31d5f06,original,M2_C1_CP_RESPONSE_VERIFIER,PRIMARY_SAFETY_FIRST,reviewed_same_fact_text_augmentation,4,4,1.0,0,4,4,0,4,4,1.0,1.0,0,0,0,0
20260906,15,11999d89b31d5f06,original,M2_C1_CP_RESPONSE_VERIFIER,PRIMARY_SAFETY_FIRST,same_question_different_image_conflicting_source_answer,5,0,0.0,0,0,0,0,0,0,0.0,0.0,0,0,5,5
20260906,15,11999d89b31d5f06,original,M2_C1_CP_RESPONSE_VERIFIER,SECONDARY_COVERAGE90,broad_unrelated_source_qa,15,0,0.0,0,0,0,5,3,5,0.0,0.0,0,5,15,15
20260906,15,11999d89b31d5f06,original,M2_C1_CP_RESPONSE_VERIFIER,SECONDARY_COVERAGE90,evaluation_positive,4,4,1.0,0,4,4,0,4,4,1.0,1.0,0,0,0,0
20260906,15,11999d89b31d5f06,original,M2_C1_CP_RESPONSE_VERIFIER,SECONDARY_COVERAGE90,formal_T1G,2,0,0.0,0,2,0,0,2,0,0.0,0.0,0,0,2,2
20260906,15,11999d89b31d5f06,original,M2_C1_CP_RESPONSE_VERIFIER,SECONDARY_COVERAGE90,formal_T1L,5,0,0.0,0,2,0,2,2,2,0.0,0.0,0,2,5,5
20260906,15,11999d89b31d5f06,original,M2_C1_CP_RESPONSE_VERIFIER,SECONDARY_COVERAGE90,formal_T2G,4,3,0.75,0,2,2,0,2,2,0.5,0.5,0,0,1,1
20260906,15,11999d89b31d5f06,original,M2_C1_CP_RESPONSE_VERIFIER,SECONDARY_COVERAGE90,native,1,1,1.0,0,1,1,0,1,1,1.0,1.0,0,0,0,0
20260906,15,11999d89b31d5f06,original,M2_C1_CP_RESPONSE_VERIFIER,SECONDARY_COVERAGE90,reviewed_same_fact_text_augmentation,4,4,1.0,0,4,4,0,4,4,1.0,1.0,0,0,0,0
20260906,15,11999d89b31d5f06,original,M2_C1_CP_RESPONSE_VERIFIER,SECONDARY_COVERAGE90,same_question_different_image_conflicting_source_answer,5,0,0.0,0,0,0,0,0,0,0.0,0.0,0,0,5,5
20260906,15,11999d89b31d5f06,original,M3_C1_PRE_CP_FEATURE_VERIFIER,PRIMARY_SAFETY_FIRST,broad_unrelated_source_qa,15,0,0.0,0,0,0,5,3,5,0.0,0.0,0,5,15,15
20260906,15,11999d89b31d5f06,original,M3_C1_PRE_CP_FEATURE_VERIFIER,PRIMARY_SAFETY_FIRST,evaluation_positive,4,4,1.0,0,4,4,0,4,4,1.0,1.0,0,0,0,0
20260906,15,11999d89b31d5f06,original,M3_C1_PRE_CP_FEATURE_VERIFIER,PRIMARY_SAFETY_FIRST,formal_T1G,2,0,0.0,0,2,0,0,2,0,0.0,0.0,0,0,2,2
20260906,15,11999d89b31d5f06,original,M3_C1_PRE_CP_FEATURE_VERIFIER,PRIMARY_SAFETY_FIRST,formal_T1L,5,1,0.2,0,2,0,2,2,2,0.0,0.0,0,2,4,4
20260906,15,11999d89b31d5f06,original,M3_C1_PRE_CP_FEATURE_VERIFIER,PRIMARY_SAFETY_FIRST,formal_T2G,4,3,0.75,0,2,2,0,2,2,0.5,0.5,0,0,1,1
20260906,15,11999d89b31d5f06,original,M3_C1_PRE_CP_FEATURE_VERIFIER,PRIMARY_SAFETY_FIRST,native,1,1,1.0,0,1,1,0,1,1,1.0,1.0,0,0,0,0
20260906,15,11999d89b31d5f06,original,M3_C1_PRE_CP_FEATURE_VERIFIER,PRIMARY_SAFETY_FIRST,reviewed_same_fact_text_augmentation,4,4,1.0,0,4,4,0,4,4,1.0,1.0,0,0,0,0
20260906,15,11999d89b31d5f06,original,M3_C1_PRE_CP_FEATURE_VERIFIER,PRIMARY_SAFETY_FIRST,same_question_different_image_conflicting_source_answer,5,1,0.2,0,0,0,0,0,0,0.0,0.0,0,0,4,4
20260906,15,11999d89b31d5f06,original,M3_C1_PRE_CP_FEATURE_VERIFIER,SECONDARY_COVERAGE90,broad_unrelated_source_qa,15,0,0.0,0,0,0,5,3,5,0.0,0.0,0,5,15,15
20260906,15,11999d89b31d5f06,original,M3_C1_PRE_CP_FEATURE_VERIFIER,SECONDARY_COVERAGE90,evaluation_positive,4,4,1.0,0,4,4,0,4,4,1.0,1.0,0,0,0,0
20260906,15,11999d89b31d5f06,original,M3_C1_PRE_CP_FEATURE_VERIFIER,SECONDARY_COVERAGE90,formal_T1G,2,0,0.0,0,2,0,0,2,0,0.0,0.0,0,0,2,2
20260906,15,11999d89b31d5f06,original,M3_C1_PRE_CP_FEATURE_VERIFIER,SECONDARY_COVERAGE90,formal_T1L,5,1,0.2,0,2,0,2,2,2,0.0,0.0,0,2,4,4
20260906,15,11999d89b31d5f06,original,M3_C1_PRE_CP_FEATURE_VERIFIER,SECONDARY_COVERAGE90,formal_T2G,4,3,0.75,0,2,2,0,2,2,0.5,0.5,0,0,1,1
20260906,15,11999d89b31d5f06,original,M3_C1_PRE_CP_FEATURE_VERIFIER,SECONDARY_COVERAGE90,native,1,1,1.0,0,1,1,0,1,1,1.0,1.0,0,0,0,0
20260906,15,11999d89b31d5f06,original,M3_C1_PRE_CP_FEATURE_VERIFIER,SECONDARY_COVERAGE90,reviewed_same_fact_text_augmentation,4,4,1.0,0,4,4,0,4,4,1.0,1.0,0,0,0,0
20260906,15,11999d89b31d5f06,original,M3_C1_PRE_CP_FEATURE_VERIFIER,SECONDARY_COVERAGE90,same_question_different_image_conflicting_source_answer,5,1,0.2,0,0,0,0,0,0,0.0,0.0,0,0,4,4
20260906,16,30c09c9279241ba5,matched,M0_C1_R2_MEAN_CONTROL,PRIMARY_SAFETY_FIRST,matched_evaluation_positive,4,4,1.0,0,4,4,0,4,4,1.0,1.0,0,0,0,0
20260906,16,30c09c9279241ba5,matched,M0_C1_R2_MEAN_CONTROL,PRIMARY_SAFETY_FIRST,matched_hard_image,20,4,0.2,0,0,0,0,0,0,0.0,0.0,0,0,16,16
20260906,16,30c09c9279241ba5,matched,M0_C1_R2_MEAN_CONTROL,SECONDARY_COVERAGE90,matched_evaluation_positive,4,4,1.0,0,4,4,0,4,4,1.0,1.0,0,0,0,0
20260906,16,30c09c9279241ba5,matched,M0_C1_R2_MEAN_CONTROL,SECONDARY_COVERAGE90,matched_hard_image,20,4,0.2,0,0,0,0,0,0,0.0,0.0,0,0,16,16
20260906,16,30c09c9279241ba5,matched,M1_C1_CP_CONJUNCTION_CONTROL,PRIMARY_SAFETY_FIRST,matched_evaluation_positive,4,3,0.75,0,4,3,0,4,3,0.75,0.75,0,0,1,1
20260906,16,30c09c9279241ba5,matched,M1_C1_CP_CONJUNCTION_CONTROL,PRIMARY_SAFETY_FIRST,matched_hard_image,20,3,0.15,0,0,0,0,0,0,0.0,0.0,0,0,17,17
20260906,16,30c09c9279241ba5,matched,M1_C1_CP_CONJUNCTION_CONTROL,SECONDARY_COVERAGE90,matched_evaluation_positive,4,3,0.75,0,4,3,0,4,3,0.75,0.75,0,0,1,1
20260906,16,30c09c9279241ba5,matched,M1_C1_CP_CONJUNCTION_CONTROL,SECONDARY_COVERAGE90,matched_hard_image,20,3,0.15,0,0,0,0,0,0,0.0,0.0,0,0,17,17
20260906,16,30c09c9279241ba5,matched,M2_C1_CP_RESPONSE_VERIFIER,PRIMARY_SAFETY_FIRST,matched_evaluation_positive,4,4,1.0,0,4,4,0,4,4,1.0,1.0,0,0,0,0
20260906,16,30c09c9279241ba5,matched,M2_C1_CP_RESPONSE_VERIFIER,PRIMARY_SAFETY_FIRST,matched_hard_image,20,3,0.15,0,0,0,0,0,0,0.0,0.0,0,0,17,17
20260906,16,30c09c9279241ba5,matched,M2_C1_CP_RESPONSE_VERIFIER,SECONDARY_COVERAGE90,matched_evaluation_positive,4,4,1.0,0,4,4,0,4,4,1.0,1.0,0,0,0,0
20260906,16,30c09c9279241ba5,matched,M2_C1_CP_RESPONSE_VERIFIER,SECONDARY_COVERAGE90,matched_hard_image,20,3,0.15,0,0,0,0,0,0,0.0,0.0,0,0,17,17
20260906,16,30c09c9279241ba5,matched,M3_C1_PRE_CP_FEATURE_VERIFIER,PRIMARY_SAFETY_FIRST,matched_evaluation_positive,4,3,0.75,0,4,3,0,4,3,0.75,0.75,0,0,1,1
20260906,16,30c09c9279241ba5,matched,M3_C1_PRE_CP_FEATURE_VERIFIER,PRIMARY_SAFETY_FIRST,matched_hard_image,20,6,0.3,0,0,0,0,0,0,0.0,0.0,0,0,14,14
20260906,16,30c09c9279241ba5,matched,M3_C1_PRE_CP_FEATURE_VERIFIER,SECONDARY_COVERAGE90,matched_evaluation_positive,4,3,0.75,0,4,3,0,4,3,0.75,0.75,0,0,1,1
20260906,16,30c09c9279241ba5,matched,M3_C1_PRE_CP_FEATURE_VERIFIER,SECONDARY_COVERAGE90,matched_hard_image,20,6,0.3,0,0,0,0,0,0,0.0,0.0,0,0,14,14
20260906,16,30c09c9279241ba5,original,M0_C1_R2_MEAN_CONTROL,CONTINUITY_COVERAGE_CONSTRAINED,broad_unrelated_source_qa,15,0,0.0,0,0,0,3,5,3,0.0,0.0,0,3,15,15
20260906,16,30c09c9279241ba5,original,M0_C1_R2_MEAN_CONTROL,CONTINUITY_COVERAGE_CONSTRAINED,evaluation_positive,4,4,1.0,0,4,4,0,4,4,1.0,1.0,0,0,0,0
20260906,16,30c09c9279241ba5,original,M0_C1_R2_MEAN_CONTROL,CONTINUITY_COVERAGE_CONSTRAINED,formal_T1G,4,2,0.5,0,4,2,0,4,2,0.5,0.5,0,0,2,2
20260906,16,30c09c9279241ba5,original,M0_C1_R2_MEAN_CONTROL,CONTINUITY_COVERAGE_CONSTRAINED,formal_T1L,5,4,0.8,0,0,0,2,0,0,0.0,0.0,2,2,1,1
20260906,16,30c09c9279241ba5,original,M0_C1_R2_MEAN_CONTROL,CONTINUITY_COVERAGE_CONSTRAINED,formal_T2G,4,3,0.75,0,2,2,0,2,2,0.5,0.5,0,0,1,1
20260906,16,30c09c9279241ba5,original,M0_C1_R2_MEAN_CONTROL,CONTINUITY_COVERAGE_CONSTRAINED,native,1,1,1.0,0,1,1,0,1,1,1.0,1.0,0,0,0,0
20260906,16,30c09c9279241ba5,original,M0_C1_R2_MEAN_CONTROL,CONTINUITY_COVERAGE_CONSTRAINED,reviewed_same_fact_text_augmentation,4,4,1.0,0,4,4,0,4,4,1.0,1.0,0,0,0,0
20260906,16,30c09c9279241ba5,original,M0_C1_R2_MEAN_CONTROL,CONTINUITY_COVERAGE_CONSTRAINED,same_question_different_image_conflicting_source_answer,5,1,0.2,0,0,0,0,0,0,0.0,0.0,0,0,4,4
20260906,16,30c09c9279241ba5,original,M0_C1_R2_MEAN_CONTROL,CONTINUITY_SAFETY_FIRST,broad_unrelated_source_qa,15,0,0.0,0,0,0,3,5,3,0.0,0.0,0,3,15,15
20260906,16,30c09c9279241ba5,original,M0_C1_R2_MEAN_CONTROL,CONTINUITY_SAFETY_FIRST,evaluation_positive,4,4,1.0,0,4,4,0,4,4,1.0,1.0,0,0,0,0
20260906,16,30c09c9279241ba5,original,M0_C1_R2_MEAN_CONTROL,CONTINUITY_SAFETY_FIRST,formal_T1G,4,2,0.5,0,4,2,0,4,2,0.5,0.5,0,0,2,2
20260906,16,30c09c9279241ba5,original,M0_C1_R2_MEAN_CONTROL,CONTINUITY_SAFETY_FIRST,formal_T1L,5,4,0.8,0,0,0,2,0,0,0.0,0.0,2,2,1,1
20260906,16,30c09c9279241ba5,original,M0_C1_R2_MEAN_CONTROL,CONTINUITY_SAFETY_FIRST,formal_T2G,4,3,0.75,0,2,2,0,2,2,0.5,0.5,0,0,1,1
20260906,16,30c09c9279241ba5,original,M0_C1_R2_MEAN_CONTROL,CONTINUITY_SAFETY_FIRST,native,1,1,1.0,0,1,1,0,1,1,1.0,1.0,0,0,0,0
20260906,16,30c09c9279241ba5,original,M0_C1_R2_MEAN_CONTROL,CONTINUITY_SAFETY_FIRST,reviewed_same_fact_text_augmentation,4,4,1.0,0,4,4,0,4,4,1.0,1.0,0,0,0,0
20260906,16,30c09c9279241ba5,original,M0_C1_R2_MEAN_CONTROL,CONTINUITY_SAFETY_FIRST,same_question_different_image_conflicting_source_answer,5,1,0.2,0,0,0,0,0,0,0.0,0.0,0,0,4,4
20260906,16,30c09c9279241ba5,original,M1_C1_CP_CONJUNCTION_CONTROL,PRIMARY_SAFETY_FIRST,broad_unrelated_source_qa,15,0,0.0,0,0,0,3,5,3,0.0,0.0,0,3,15,15
20260906,16,30c09c9279241ba5,original,M1_C1_CP_CONJUNCTION_CONTROL,PRIMARY_SAFETY_FIRST,evaluation_positive,4,3,0.75,0,4,3,0,4,3,0.75,0.75,0,0,1,1
20260906,16,30c09c9279241ba5,original,M1_C1_CP_CONJUNCTION_CONTROL,PRIMARY_SAFETY_FIRST,formal_T1G,4,2,0.5,0,4,2,0,4,2,0.5,0.5,0,0,2,2
20260906,16,30c09c9279241ba5,original,M1_C1_CP_CONJUNCTION_CONTROL,PRIMARY_SAFETY_FIRST,formal_T1L,5,4,0.8,0,0,0,2,0,0,0.0,0.0,2,2,1,1
20260906,16,30c09c9279241ba5,original,M1_C1_CP_CONJUNCTION_CONTROL,PRIMARY_SAFETY_FIRST,formal_T2G,4,1,0.25,0,2,1,0,2,1,0.25,0.25,0,0,3,3
20260906,16,30c09c9279241ba5,original,M1_C1_CP_CONJUNCTION_CONTROL,PRIMARY_SAFETY_FIRST,native,1,1,1.0,0,1,1,0,1,1,1.0,1.0,0,0,0,0
20260906,16,30c09c9279241ba5,original,M1_C1_CP_CONJUNCTION_CONTROL,PRIMARY_SAFETY_FIRST,reviewed_same_fact_text_augmentation,4,4,1.0,0,4,4,0,4,4,1.0,1.0,0,0,0,0
20260906,16,30c09c9279241ba5,original,M1_C1_CP_CONJUNCTION_CONTROL,PRIMARY_SAFETY_FIRST,same_question_different_image_conflicting_source_answer,5,1,0.2,0,0,0,0,0,0,0.0,0.0,0,0,4,4
20260906,16,30c09c9279241ba5,original,M1_C1_CP_CONJUNCTION_CONTROL,SECONDARY_COVERAGE90,broad_unrelated_source_qa,15,0,0.0,0,0,0,3,5,3,0.0,0.0,0,3,15,15
20260906,16,30c09c9279241ba5,original,M1_C1_CP_CONJUNCTION_CONTROL,SECONDARY_COVERAGE90,evaluation_positive,4,3,0.75,0,4,3,0,4,3,0.75,0.75,0,0,1,1
20260906,16,30c09c9279241ba5,original,M1_C1_CP_CONJUNCTION_CONTROL,SECONDARY_COVERAGE90,formal_T1G,4,2,0.5,0,4,2,0,4,2,0.5,0.5,0,0,2,2
20260906,16,30c09c9279241ba5,original,M1_C1_CP_CONJUNCTION_CONTROL,SECONDARY_COVERAGE90,formal_T1L,5,4,0.8,0,0,0,2,0,0,0.0,0.0,2,2,1,1
20260906,16,30c09c9279241ba5,original,M1_C1_CP_CONJUNCTION_CONTROL,SECONDARY_COVERAGE90,formal_T2G,4,1,0.25,0,2,1,0,2,1,0.25,0.25,0,0,3,3
20260906,16,30c09c9279241ba5,original,M1_C1_CP_CONJUNCTION_CONTROL,SECONDARY_COVERAGE90,native,1,1,1.0,0,1,1,0,1,1,1.0,1.0,0,0,0,0
20260906,16,30c09c9279241ba5,original,M1_C1_CP_CONJUNCTION_CONTROL,SECONDARY_COVERAGE90,reviewed_same_fact_text_augmentation,4,4,1.0,0,4,4,0,4,4,1.0,1.0,0,0,0,0
20260906,16,30c09c9279241ba5,original,M1_C1_CP_CONJUNCTION_CONTROL,SECONDARY_COVERAGE90,same_question_different_image_conflicting_source_answer,5,1,0.2,0,0,0,0,0,0,0.0,0.0,0,0,4,4
20260906,16,30c09c9279241ba5,original,M2_C1_CP_RESPONSE_VERIFIER,PRIMARY_SAFETY_FIRST,broad_unrelated_source_qa,15,0,0.0,0,0,0,3,5,3,0.0,0.0,0,3,15,15
20260906,16,30c09c9279241ba5,original,M2_C1_CP_RESPONSE_VERIFIER,PRIMARY_SAFETY_FIRST,evaluation_positive,4,3,0.75,0,4,3,0,4,3,0.75,0.75,0,0,1,1
20260906,16,30c09c9279241ba5,original,M2_C1_CP_RESPONSE_VERIFIER,PRIMARY_SAFETY_FIRST,formal_T1G,4,3,0.75,0,4,3,0,4,3,0.75,0.75,0,0,1,1
20260906,16,30c09c9279241ba5,original,M2_C1_CP_RESPONSE_VERIFIER,PRIMARY_SAFETY_FIRST,formal_T1L,5,4,0.8,0,0,0,2,0,0,0.0,0.0,2,2,1,1
20260906,16,30c09c9279241ba5,original,M2_C1_CP_RESPONSE_VERIFIER,PRIMARY_SAFETY_FIRST,formal_T2G,4,0,0.0,0,2,0,0,2,0,0.0,0.0,0,0,4,4
20260906,16,30c09c9279241ba5,original,M2_C1_CP_RESPONSE_VERIFIER,PRIMARY_SAFETY_FIRST,native,1,1,1.0,0,1,1,0,1,1,1.0,1.0,0,0,0,0
20260906,16,30c09c9279241ba5,original,M2_C1_CP_RESPONSE_VERIFIER,PRIMARY_SAFETY_FIRST,reviewed_same_fact_text_augmentation,4,4,1.0,0,4,4,0,4,4,1.0,1.0,0,0,0,0
20260906,16,30c09c9279241ba5,original,M2_C1_CP_RESPONSE_VERIFIER,PRIMARY_SAFETY_FIRST,same_question_different_image_conflicting_source_answer,5,1,0.2,0,0,0,0,0,0,0.0,0.0,0,0,4,4
20260906,16,30c09c9279241ba5,original,M2_C1_CP_RESPONSE_VERIFIER,SECONDARY_COVERAGE90,broad_unrelated_source_qa,15,0,0.0,0,0,0,3,5,3,0.0,0.0,0,3,15,15
20260906,16,30c09c9279241ba5,original,M2_C1_CP_RESPONSE_VERIFIER,SECONDARY_COVERAGE90,evaluation_positive,4,3,0.75,0,4,3,0,4,3,0.75,0.75,0,0,1,1
20260906,16,30c09c9279241ba5,original,M2_C1_CP_RESPONSE_VERIFIER,SECONDARY_COVERAGE90,formal_T1G,4,3,0.75,0,4,3,0,4,3,0.75,0.75,0,0,1,1
20260906,16,30c09c9279241ba5,original,M2_C1_CP_RESPONSE_VERIFIER,SECONDARY_COVERAGE90,formal_T1L,5,4,0.8,0,0,0,2,0,0,0.0,0.0,2,2,1,1
20260906,16,30c09c9279241ba5,original,M2_C1_CP_RESPONSE_VERIFIER,SECONDARY_COVERAGE90,formal_T2G,4,0,0.0,0,2,0,0,2,0,0.0,0.0,0,0,4,4
20260906,16,30c09c9279241ba5,original,M2_C1_CP_RESPONSE_VERIFIER,SECONDARY_COVERAGE90,native,1,1,1.0,0,1,1,0,1,1,1.0,1.0,0,0,0,0
20260906,16,30c09c9279241ba5,original,M2_C1_CP_RESPONSE_VERIFIER,SECONDARY_COVERAGE90,reviewed_same_fact_text_augmentation,4,4,1.0,0,4,4,0,4,4,1.0,1.0,0,0,0,0
20260906,16,30c09c9279241ba5,original,M2_C1_CP_RESPONSE_VERIFIER,SECONDARY_COVERAGE90,same_question_different_image_conflicting_source_answer,5,1,0.2,0,0,0,0,0,0,0.0,0.0,0,0,4,4
20260906,16,30c09c9279241ba5,original,M3_C1_PRE_CP_FEATURE_VERIFIER,PRIMARY_SAFETY_FIRST,broad_unrelated_source_qa,15,0,0.0,0,0,0,3,5,3,0.0,0.0,0,3,15,15
20260906,16,30c09c9279241ba5,original,M3_C1_PRE_CP_FEATURE_VERIFIER,PRIMARY_SAFETY_FIRST,evaluation_positive,4,4,1.0,0,4,4,0,4,4,1.0,1.0,0,0,0,0
20260906,16,30c09c9279241ba5,original,M3_C1_PRE_CP_FEATURE_VERIFIER,PRIMARY_SAFETY_FIRST,formal_T1G,4,4,1.0,0,4,4,0,4,4,1.0,1.0,0,0,0,0
20260906,16,30c09c9279241ba5,original,M3_C1_PRE_CP_FEATURE_VERIFIER,PRIMARY_SAFETY_FIRST,formal_T1L,5,4,0.8,0,0,0,2,0,0,0.0,0.0,2,2,1,1
20260906,16,30c09c9279241ba5,original,M3_C1_PRE_CP_FEATURE_VERIFIER,PRIMARY_SAFETY_FIRST,formal_T2G,4,3,0.75,0,2,2,0,2,2,0.5,0.5,0,0,1,1
20260906,16,30c09c9279241ba5,original,M3_C1_PRE_CP_FEATURE_VERIFIER,PRIMARY_SAFETY_FIRST,native,1,1,1.0,0,1,1,0,1,1,1.0,1.0,0,0,0,0
20260906,16,30c09c9279241ba5,original,M3_C1_PRE_CP_FEATURE_VERIFIER,PRIMARY_SAFETY_FIRST,reviewed_same_fact_text_augmentation,4,4,1.0,0,4,4,0,4,4,1.0,1.0,0,0,0,0
20260906,16,30c09c9279241ba5,original,M3_C1_PRE_CP_FEATURE_VERIFIER,PRIMARY_SAFETY_FIRST,same_question_different_image_conflicting_source_answer,5,2,0.4,0,0,0,0,0,0,0.0,0.0,0,0,3,3
20260906,16,30c09c9279241ba5,original,M3_C1_PRE_CP_FEATURE_VERIFIER,SECONDARY_COVERAGE90,broad_unrelated_source_qa,15,0,0.0,0,0,0,3,5,3,0.0,0.0,0,3,15,15
20260906,16,30c09c9279241ba5,original,M3_C1_PRE_CP_FEATURE_VERIFIER,SECONDARY_COVERAGE90,evaluation_positive,4,4,1.0,0,4,4,0,4,4,1.0,1.0,0,0,0,0
20260906,16,30c09c9279241ba5,original,M3_C1_PRE_CP_FEATURE_VERIFIER,SECONDARY_COVERAGE90,formal_T1G,4,4,1.0,0,4,4,0,4,4,1.0,1.0,0,0,0,0
20260906,16,30c09c9279241ba5,original,M3_C1_PRE_CP_FEATURE_VERIFIER,SECONDARY_COVERAGE90,formal_T1L,5,4,0.8,0,0,0,2,0,0,0.0,0.0,2,2,1,1
20260906,16,30c09c9279241ba5,original,M3_C1_PRE_CP_FEATURE_VERIFIER,SECONDARY_COVERAGE90,formal_T2G,4,3,0.75,0,2,2,0,2,2,0.5,0.5,0,0,1,1
20260906,16,30c09c9279241ba5,original,M3_C1_PRE_CP_FEATURE_VERIFIER,SECONDARY_COVERAGE90,native,1,1,1.0,0,1,1,0,1,1,1.0,1.0,0,0,0,0
20260906,16,30c09c9279241ba5,original,M3_C1_PRE_CP_FEATURE_VERIFIER,SECONDARY_COVERAGE90,reviewed_same_fact_text_augmentation,4,4,1.0,0,4,4,0,4,4,1.0,1.0,0,0,0,0
20260906,16,30c09c9279241ba5,original,M3_C1_PRE_CP_FEATURE_VERIFIER,SECONDARY_COVERAGE90,same_question_different_image_conflicting_source_answer,5,2,0.4,0,0,0,0,0,0,0.0,0.0,0,0,3,3
20260907,1,01223e258bbc7a1f,matched,M0_C1_R2_MEAN_CONTROL,PRIMARY_SAFETY_FIRST,matched_evaluation_positive,4,4,1.0,0,4,4,0,4,4,1.0,1.0,0,0,0,0
20260907,1,01223e258bbc7a1f,matched,M0_C1_R2_MEAN_CONTROL,PRIMARY_SAFETY_FIRST,matched_hard_image,20,4,0.2,0,0,0,4,12,5,0.0,0.2,0,4,16,16
20260907,1,01223e258bbc7a1f,matched,M0_C1_R2_MEAN_CONTROL,SECONDARY_COVERAGE90,matched_evaluation_positive,4,4,1.0,0,4,4,0,4,4,1.0,1.0,0,0,0,0
20260907,1,01223e258bbc7a1f,matched,M0_C1_R2_MEAN_CONTROL,SECONDARY_COVERAGE90,matched_hard_image,20,6,0.3,0,0,0,4,12,6,0.0,0.3,0,4,14,14
20260907,1,01223e258bbc7a1f,matched,M1_C1_CP_CONJUNCTION_CONTROL,PRIMARY_SAFETY_FIRST,matched_evaluation_positive,4,4,1.0,0,4,4,0,4,4,1.0,1.0,0,0,0,0
20260907,1,01223e258bbc7a1f,matched,M1_C1_CP_CONJUNCTION_CONTROL,PRIMARY_SAFETY_FIRST,matched_hard_image,20,4,0.2,0,0,0,4,12,5,0.0,0.2,0,4,16,16
20260907,1,01223e258bbc7a1f,matched,M1_C1_CP_CONJUNCTION_CONTROL,SECONDARY_COVERAGE90,matched_evaluation_positive,4,4,1.0,0,4,4,0,4,4,1.0,1.0,0,0,0,0
20260907,1,01223e258bbc7a1f,matched,M1_C1_CP_CONJUNCTION_CONTROL,SECONDARY_COVERAGE90,matched_hard_image,20,4,0.2,0,0,0,4,12,5,0.0,0.2,0,4,16,16
20260907,1,01223e258bbc7a1f,matched,M2_C1_CP_RESPONSE_VERIFIER,PRIMARY_SAFETY_FIRST,matched_evaluation_positive,4,4,1.0,0,4,4,0,4,4,1.0,1.0,0,0,0,0
20260907,1,01223e258bbc7a1f,matched,M2_C1_CP_RESPONSE_VERIFIER,PRIMARY_SAFETY_FIRST,matched_hard_image,20,8,0.4,0,0,0,4,12,5,0.0,0.2,0,4,12,12
20260907,1,01223e258bbc7a1f,matched,M2_C1_CP_RESPONSE_VERIFIER,SECONDARY_COVERAGE90,matched_evaluation_positive,4,4,1.0,0,4,4,0,4,4,1.0,1.0,0,0,0,0
20260907,1,01223e258bbc7a1f,matched,M2_C1_CP_RESPONSE_VERIFIER,SECONDARY_COVERAGE90,matched_hard_image,20,8,0.4,0,0,0,4,12,5,0.0,0.2,0,4,12,12
20260907,1,01223e258bbc7a1f,matched,M3_C1_PRE_CP_FEATURE_VERIFIER,PRIMARY_SAFETY_FIRST,matched_evaluation_positive,4,4,1.0,0,4,4,0,4,4,1.0,1.0,0,0,0,0
20260907,1,01223e258bbc7a1f,matched,M3_C1_PRE_CP_FEATURE_VERIFIER,PRIMARY_SAFETY_FIRST,matched_hard_image,20,4,0.2,0,0,0,4,12,5,0.0,0.2,0,4,16,16
20260907,1,01223e258bbc7a1f,matched,M3_C1_PRE_CP_FEATURE_VERIFIER,SECONDARY_COVERAGE90,matched_evaluation_positive,4,4,1.0,0,4,4,0,4,4,1.0,1.0,0,0,0,0
20260907,1,01223e258bbc7a1f,matched,M3_C1_PRE_CP_FEATURE_VERIFIER,SECONDARY_COVERAGE90,matched_hard_image,20,4,0.2,0,0,0,4,12,5,0.0,0.2,0,4,16,16
20260907,1,01223e258bbc7a1f,original,M0_C1_R2_MEAN_CONTROL,CONTINUITY_COVERAGE_CONSTRAINED,broad_unrelated_source_qa,15,0,0.0,0,0,0,12,13,12,0.0,0.0,0,12,15,15
20260907,1,01223e258bbc7a1f,original,M0_C1_R2_MEAN_CONTROL,CONTINUITY_COVERAGE_CONSTRAINED,evaluation_positive,4,4,1.0,0,4,4,0,4,4,1.0,1.0,0,0,0,0
20260907,1,01223e258bbc7a1f,original,M0_C1_R2_MEAN_CONTROL,CONTINUITY_COVERAGE_CONSTRAINED,formal_T1G,4,2,0.5,0,4,2,0,4,2,0.5,0.5,0,0,2,2
20260907,1,01223e258bbc7a1f,original,M0_C1_R2_MEAN_CONTROL,CONTINUITY_COVERAGE_CONSTRAINED,formal_T2G,3,3,1.0,0,3,3,0,3,3,1.0,1.0,0,0,0,0
20260907,1,01223e258bbc7a1f,original,M0_C1_R2_MEAN_CONTROL,CONTINUITY_COVERAGE_CONSTRAINED,native,1,1,1.0,0,1,1,0,1,1,1.0,1.0,0,0,0,0
20260907,1,01223e258bbc7a1f,original,M0_C1_R2_MEAN_CONTROL,CONTINUITY_COVERAGE_CONSTRAINED,reviewed_same_fact_text_augmentation,4,4,1.0,0,4,4,0,4,4,1.0,1.0,0,0,0,0
20260907,1,01223e258bbc7a1f,original,M0_C1_R2_MEAN_CONTROL,CONTINUITY_COVERAGE_CONSTRAINED,same_image_other_source_fact,12,6,0.5,0,0,0,3,2,2,0.0,0.0,1,3,6,6
20260907,1,01223e258bbc7a1f,original,M0_C1_R2_MEAN_CONTROL,CONTINUITY_COVERAGE_CONSTRAINED,same_question_different_image_conflicting_source_answer,5,3,0.6,0,0,0,2,3,3,0.0,0.6,0,2,2,2
20260907,1,01223e258bbc7a1f,original,M0_C1_R2_MEAN_CONTROL,CONTINUITY_SAFETY_FIRST,broad_unrelated_source_qa,15,0,0.0,0,0,0,12,13,12,0.0,0.0,0,12,15,15
20260907,1,01223e258bbc7a1f,original,M0_C1_R2_MEAN_CONTROL,CONTINUITY_SAFETY_FIRST,evaluation_positive,4,4,1.0,0,4,4,0,4,4,1.0,1.0,0,0,0,0
20260907,1,01223e258bbc7a1f,original,M0_C1_R2_MEAN_CONTROL,CONTINUITY_SAFETY_FIRST,formal_T1G,4,2,0.5,0,4,2,0,4,2,0.5,0.5,0,0,2,2
20260907,1,01223e258bbc7a1f,original,M0_C1_R2_MEAN_CONTROL,CONTINUITY_SAFETY_FIRST,formal_T2G,3,3,1.0,0,3,3,0,3,3,1.0,1.0,0,0,0,0
20260907,1,01223e258bbc7a1f,original,M0_C1_R2_MEAN_CONTROL,CONTINUITY_SAFETY_FIRST,native,1,1,1.0,0,1,1,0,1,1,1.0,1.0,0,0,0,0
20260907,1,01223e258bbc7a1f,original,M0_C1_R2_MEAN_CONTROL,CONTINUITY_SAFETY_FIRST,reviewed_same_fact_text_augmentation,4,4,1.0,0,4,4,0,4,4,1.0,1.0,0,0,0,0
20260907,1,01223e258bbc7a1f,original,M0_C1_R2_MEAN_CONTROL,CONTINUITY_SAFETY_FIRST,same_image_other_source_fact,12,6,0.5,0,0,0,3,2,2,0.0,0.0,1,3,6,6
20260907,1,01223e258bbc7a1f,original,M0_C1_R2_MEAN_CONTROL,CONTINUITY_SAFETY_FIRST,same_question_different_image_conflicting_source_answer,5,3,0.6,0,0,0,2,3,3,0.0,0.6,0,2,2,2
20260907,1,01223e258bbc7a1f,original,M1_C1_CP_CONJUNCTION_CONTROL,PRIMARY_SAFETY_FIRST,broad_unrelated_source_qa,15,0,0.0,0,0,0,12,13,12,0.0,0.0,0,12,15,15
20260907,1,01223e258bbc7a1f,original,M1_C1_CP_CONJUNCTION_CONTROL,PRIMARY_SAFETY_FIRST,evaluation_positive,4,4,1.0,0,4,4,0,4,4,1.0,1.0,0,0,0,0
20260907,1,01223e258bbc7a1f,original,M1_C1_CP_CONJUNCTION_CONTROL,PRIMARY_SAFETY_FIRST,formal_T1G,4,1,0.25,0,4,1,0,4,1,0.25,0.25,0,0,3,3
20260907,1,01223e258bbc7a1f,original,M1_C1_CP_CONJUNCTION_CONTROL,PRIMARY_SAFETY_FIRST,formal_T2G,3,3,1.0,0,3,3,0,3,3,1.0,1.0,0,0,0,0
20260907,1,01223e258bbc7a1f,original,M1_C1_CP_CONJUNCTION_CONTROL,PRIMARY_SAFETY_FIRST,native,1,1,1.0,0,1,1,0,1,1,1.0,1.0,0,0,0,0
20260907,1,01223e258bbc7a1f,original,M1_C1_CP_CONJUNCTION_CONTROL,PRIMARY_SAFETY_FIRST,reviewed_same_fact_text_augmentation,4,4,1.0,0,4,4,0,4,4,1.0,1.0,0,0,0,0
20260907,1,01223e258bbc7a1f,original,M1_C1_CP_CONJUNCTION_CONTROL,PRIMARY_SAFETY_FIRST,same_image_other_source_fact,12,3,0.25,0,0,0,3,2,2,0.0,0.0,1,3,9,9
20260907,1,01223e258bbc7a1f,original,M1_C1_CP_CONJUNCTION_CONTROL,PRIMARY_SAFETY_FIRST,same_question_different_image_conflicting_source_answer,5,1,0.2,0,0,0,2,3,2,0.0,0.2,0,2,4,4
20260907,1,01223e258bbc7a1f,original,M1_C1_CP_CONJUNCTION_CONTROL,SECONDARY_COVERAGE90,broad_unrelated_source_qa,15,0,0.0,0,0,0,12,13,12,0.0,0.0,0,12,15,15
20260907,1,01223e258bbc7a1f,original,M1_C1_CP_CONJUNCTION_CONTROL,SECONDARY_COVERAGE90,evaluation_positive,4,4,1.0,0,4,4,0,4,4,1.0,1.0,0,0,0,0
20260907,1,01223e258bbc7a1f,original,M1_C1_CP_CONJUNCTION_CONTROL,SECONDARY_COVERAGE90,formal_T1G,4,1,0.25,0,4,1,0,4,1,0.25,0.25,0,0,3,3
20260907,1,01223e258bbc7a1f,original,M1_C1_CP_CONJUNCTION_CONTROL,SECONDARY_COVERAGE90,formal_T2G,3,3,1.0,0,3,3,0,3,3,1.0,1.0,0,0,0,0
20260907,1,01223e258bbc7a1f,original,M1_C1_CP_CONJUNCTION_CONTROL,SECONDARY_COVERAGE90,native,1,1,1.0,0,1,1,0,1,1,1.0,1.0,0,0,0,0
20260907,1,01223e258bbc7a1f,original,M1_C1_CP_CONJUNCTION_CONTROL,SECONDARY_COVERAGE90,reviewed_same_fact_text_augmentation,4,4,1.0,0,4,4,0,4,4,1.0,1.0,0,0,0,0
20260907,1,01223e258bbc7a1f,original,M1_C1_CP_CONJUNCTION_CONTROL,SECONDARY_COVERAGE90,same_image_other_source_fact,12,3,0.25,0,0,0,3,2,2,0.0,0.0,1,3,9,9
20260907,1,01223e258bbc7a1f,original,M1_C1_CP_CONJUNCTION_CONTROL,SECONDARY_COVERAGE90,same_question_different_image_conflicting_source_answer,5,1,0.2,0,0,0,2,3,2,0.0,0.2,0,2,4,4
20260907,1,01223e258bbc7a1f,original,M2_C1_CP_RESPONSE_VERIFIER,PRIMARY_SAFETY_FIRST,broad_unrelated_source_qa,15,1,0.06666666666666667,0,0,0,12,13,12,0.0,0.06666666666666667,0,12,14,14
20260907,1,01223e258bbc7a1f,original,M2_C1_CP_RESPONSE_VERIFIER,PRIMARY_SAFETY_FIRST,evaluation_positive,4,4,1.0,0,4,4,0,4,4,1.0,1.0,0,0,0,0
20260907,1,01223e258bbc7a1f,original,M2_C1_CP_RESPONSE_VERIFIER,PRIMARY_SAFETY_FIRST,formal_T1G,4,1,0.25,0,4,1,0,4,1,0.25,0.25,0,0,3,3
20260907,1,01223e258bbc7a1f,original,M2_C1_CP_RESPONSE_VERIFIER,PRIMARY_SAFETY_FIRST,formal_T2G,3,3,1.0,0,3,3,0,3,3,1.0,1.0,0,0,0,0
20260907,1,01223e258bbc7a1f,original,M2_C1_CP_RESPONSE_VERIFIER,PRIMARY_SAFETY_FIRST,native,1,1,1.0,0,1,1,0,1,1,1.0,1.0,0,0,0,0
20260907,1,01223e258bbc7a1f,original,M2_C1_CP_RESPONSE_VERIFIER,PRIMARY_SAFETY_FIRST,reviewed_same_fact_text_augmentation,4,4,1.0,0,4,4,0,4,4,1.0,1.0,0,0,0,0
20260907,1,01223e258bbc7a1f,original,M2_C1_CP_RESPONSE_VERIFIER,PRIMARY_SAFETY_FIRST,same_image_other_source_fact,12,8,0.6666666666666666,0,0,0,3,2,2,0.0,0.08333333333333333,1,3,4,4
20260907,1,01223e258bbc7a1f,original,M2_C1_CP_RESPONSE_VERIFIER,PRIMARY_SAFETY_FIRST,same_question_different_image_conflicting_source_answer,5,1,0.2,0,0,0,2,3,2,0.0,0.2,0,2,4,4
20260907,1,01223e258bbc7a1f,original,M2_C1_CP_RESPONSE_VERIFIER,SECONDARY_COVERAGE90,broad_unrelated_source_qa,15,1,0.06666666666666667,0,0,0,12,13,12,0.0,0.06666666666666667,0,12,14,14
20260907,1,01223e258bbc7a1f,original,M2_C1_CP_RESPONSE_VERIFIER,SECONDARY_COVERAGE90,evaluation_positive,4,4,1.0,0,4,4,0,4,4,1.0,1.0,0,0,0,0
20260907,1,01223e258bbc7a1f,original,M2_C1_CP_RESPONSE_VERIFIER,SECONDARY_COVERAGE90,formal_T1G,4,2,0.5,0,4,2,0,4,2,0.5,0.5,0,0,2,2
20260907,1,01223e258bbc7a1f,original,M2_C1_CP_RESPONSE_VERIFIER,SECONDARY_COVERAGE90,formal_T2G,3,3,1.0,0,3,3,0,3,3,1.0,1.0,0,0,0,0
20260907,1,01223e258bbc7a1f,original,M2_C1_CP_RESPONSE_VERIFIER,SECONDARY_COVERAGE90,native,1,1,1.0,0,1,1,0,1,1,1.0,1.0,0,0,0,0
20260907,1,01223e258bbc7a1f,original,M2_C1_CP_RESPONSE_VERIFIER,SECONDARY_COVERAGE90,reviewed_same_fact_text_augmentation,4,4,1.0,0,4,4,0,4,4,1.0,1.0,0,0,0,0
20260907,1,01223e258bbc7a1f,original,M2_C1_CP_RESPONSE_VERIFIER,SECONDARY_COVERAGE90,same_image_other_source_fact,12,8,0.6666666666666666,0,0,0,3,2,2,0.0,0.08333333333333333,1,3,4,4
20260907,1,01223e258bbc7a1f,original,M2_C1_CP_RESPONSE_VERIFIER,SECONDARY_COVERAGE90,same_question_different_image_conflicting_source_answer,5,2,0.4,0,0,0,2,3,2,0.0,0.2,0,2,3,3
20260907,1,01223e258bbc7a1f,original,M3_C1_PRE_CP_FEATURE_VERIFIER,PRIMARY_SAFETY_FIRST,broad_unrelated_source_qa,15,0,0.0,0,0,0,12,13,12,0.0,0.0,0,12,15,15
20260907,1,01223e258bbc7a1f,original,M3_C1_PRE_CP_FEATURE_VERIFIER,PRIMARY_SAFETY_FIRST,evaluation_positive,4,4,1.0,0,4,4,0,4,4,1.0,1.0,0,0,0,0
20260907,1,01223e258bbc7a1f,original,M3_C1_PRE_CP_FEATURE_VERIFIER,PRIMARY_SAFETY_FIRST,formal_T1G,4,1,0.25,0,4,1,0,4,1,0.25,0.25,0,0,3,3
20260907,1,01223e258bbc7a1f,original,M3_C1_PRE_CP_FEATURE_VERIFIER,PRIMARY_SAFETY_FIRST,formal_T2G,3,3,1.0,0,3,3,0,3,3,1.0,1.0,0,0,0,0
20260907,1,01223e258bbc7a1f,original,M3_C1_PRE_CP_FEATURE_VERIFIER,PRIMARY_SAFETY_FIRST,native,1,1,1.0,0,1,1,0,1,1,1.0,1.0,0,0,0,0
20260907,1,01223e258bbc7a1f,original,M3_C1_PRE_CP_FEATURE_VERIFIER,PRIMARY_SAFETY_FIRST,reviewed_same_fact_text_augmentation,4,4,1.0,0,4,4,0,4,4,1.0,1.0,0,0,0,0
20260907,1,01223e258bbc7a1f,original,M3_C1_PRE_CP_FEATURE_VERIFIER,PRIMARY_SAFETY_FIRST,same_image_other_source_fact,12,4,0.3333333333333333,0,0,0,3,2,2,0.0,0.0,1,3,8,8
20260907,1,01223e258bbc7a1f,original,M3_C1_PRE_CP_FEATURE_VERIFIER,PRIMARY_SAFETY_FIRST,same_question_different_image_conflicting_source_answer,5,1,0.2,0,0,0,2,3,2,0.0,0.2,0,2,4,4
20260907,1,01223e258bbc7a1f,original,M3_C1_PRE_CP_FEATURE_VERIFIER,SECONDARY_COVERAGE90,broad_unrelated_source_qa,15,0,0.0,0,0,0,12,13,12,0.0,0.0,0,12,15,15
20260907,1,01223e258bbc7a1f,original,M3_C1_PRE_CP_FEATURE_VERIFIER,SECONDARY_COVERAGE90,evaluation_positive,4,4,1.0,0,4,4,0,4,4,1.0,1.0,0,0,0,0
20260907,1,01223e258bbc7a1f,original,M3_C1_PRE_CP_FEATURE_VERIFIER,SECONDARY_COVERAGE90,formal_T1G,4,1,0.25,0,4,1,0,4,1,0.25,0.25,0,0,3,3
20260907,1,01223e258bbc7a1f,original,M3_C1_PRE_CP_FEATURE_VERIFIER,SECONDARY_COVERAGE90,formal_T2G,3,3,1.0,0,3,3,0,3,3,1.0,1.0,0,0,0,0
20260907,1,01223e258bbc7a1f,original,M3_C1_PRE_CP_FEATURE_VERIFIER,SECONDARY_COVERAGE90,native,1,1,1.0,0,1,1,0,1,1,1.0,1.0,0,0,0,0
20260907,1,01223e258bbc7a1f,original,M3_C1_PRE_CP_FEATURE_VERIFIER,SECONDARY_COVERAGE90,reviewed_same_fact_text_augmentation,4,4,1.0,0,4,4,0,4,4,1.0,1.0,0,0,0,0
20260907,1,01223e258bbc7a1f,original,M3_C1_PRE_CP_FEATURE_VERIFIER,SECONDARY_COVERAGE90,same_image_other_source_fact,12,4,0.3333333333333333,0,0,0,3,2,2,0.0,0.0,1,3,8,8
20260907,1,01223e258bbc7a1f,original,M3_C1_PRE_CP_FEATURE_VERIFIER,SECONDARY_COVERAGE90,same_question_different_image_conflicting_source_answer,5,1,0.2,0,0,0,2,3,2,0.0,0.2,0,2,4,4
20260907,2,1534fc99d84ef734,matched,M0_C1_R2_MEAN_CONTROL,PRIMARY_SAFETY_FIRST,matched_evaluation_positive,4,4,1.0,0,4,4,0,4,4,1.0,1.0,0,0,0,0
20260907,2,1534fc99d84ef734,matched,M0_C1_R2_MEAN_CONTROL,PRIMARY_SAFETY_FIRST,matched_hard_image,20,0,0.0,0,0,0,0,4,0,0.0,0.0,0,0,20,20
20260907,2,1534fc99d84ef734,matched,M0_C1_R2_MEAN_CONTROL,SECONDARY_COVERAGE90,matched_evaluation_positive,4,4,1.0,0,4,4,0,4,4,1.0,1.0,0,0,0,0
20260907,2,1534fc99d84ef734,matched,M0_C1_R2_MEAN_CONTROL,SECONDARY_COVERAGE90,matched_hard_image,20,0,0.0,0,0,0,0,4,0,0.0,0.0,0,0,20,20
20260907,2,1534fc99d84ef734,matched,M1_C1_CP_CONJUNCTION_CONTROL,PRIMARY_SAFETY_FIRST,matched_evaluation_positive,4,2,0.5,0,4,2,0,4,2,0.5,0.5,0,0,2,2
20260907,2,1534fc99d84ef734,matched,M1_C1_CP_CONJUNCTION_CONTROL,PRIMARY_SAFETY_FIRST,matched_hard_image,20,0,0.0,0,0,0,0,4,0,0.0,0.0,0,0,20,20
20260907,2,1534fc99d84ef734,matched,M1_C1_CP_CONJUNCTION_CONTROL,SECONDARY_COVERAGE90,matched_evaluation_positive,4,2,0.5,0,4,2,0,4,2,0.5,0.5,0,0,2,2
20260907,2,1534fc99d84ef734,matched,M1_C1_CP_CONJUNCTION_CONTROL,SECONDARY_COVERAGE90,matched_hard_image,20,0,0.0,0,0,0,0,4,0,0.0,0.0,0,0,20,20
20260907,2,1534fc99d84ef734,matched,M2_C1_CP_RESPONSE_VERIFIER,PRIMARY_SAFETY_FIRST,matched_evaluation_positive,4,4,1.0,0,4,4,0,4,4,1.0,1.0,0,0,0,0
20260907,2,1534fc99d84ef734,matched,M2_C1_CP_RESPONSE_VERIFIER,PRIMARY_SAFETY_FIRST,matched_hard_image,20,0,0.0,0,0,0,0,4,0,0.0,0.0,0,0,20,20
20260907,2,1534fc99d84ef734,matched,M2_C1_CP_RESPONSE_VERIFIER,SECONDARY_COVERAGE90,matched_evaluation_positive,4,4,1.0,0,4,4,0,4,4,1.0,1.0,0,0,0,0
20260907,2,1534fc99d84ef734,matched,M2_C1_CP_RESPONSE_VERIFIER,SECONDARY_COVERAGE90,matched_hard_image,20,0,0.0,0,0,0,0,4,0,0.0,0.0,0,0,20,20
20260907,2,1534fc99d84ef734,matched,M3_C1_PRE_CP_FEATURE_VERIFIER,PRIMARY_SAFETY_FIRST,matched_evaluation_positive,4,3,0.75,0,4,3,0,4,3,0.75,0.75,0,0,1,1
20260907,2,1534fc99d84ef734,matched,M3_C1_PRE_CP_FEATURE_VERIFIER,PRIMARY_SAFETY_FIRST,matched_hard_image,20,0,0.0,0,0,0,0,4,0,0.0,0.0,0,0,20,20
20260907,2,1534fc99d84ef734,matched,M3_C1_PRE_CP_FEATURE_VERIFIER,SECONDARY_COVERAGE90,matched_evaluation_positive,4,3,0.75,0,4,3,0,4,3,0.75,0.75,0,0,1,1
20260907,2,1534fc99d84ef734,matched,M3_C1_PRE_CP_FEATURE_VERIFIER,SECONDARY_COVERAGE90,matched_hard_image,20,0,0.0,0,0,0,0,4,0,0.0,0.0,0,0,20,20
20260907,2,1534fc99d84ef734,original,M0_C1_R2_MEAN_CONTROL,CONTINUITY_COVERAGE_CONSTRAINED,broad_unrelated_source_qa,15,0,0.0,0,0,0,7,7,7,0.0,0.0,0,7,15,15
20260907,2,1534fc99d84ef734,original,M0_C1_R2_MEAN_CONTROL,CONTINUITY_COVERAGE_CONSTRAINED,evaluation_positive,4,4,1.0,0,4,4,0,4,4,1.0,1.0,0,0,0,0
20260907,2,1534fc99d84ef734,original,M0_C1_R2_MEAN_CONTROL,CONTINUITY_COVERAGE_CONSTRAINED,formal_T1G,4,0,0.0,0,4,0,0,4,0,0.0,0.0,0,0,4,4
20260907,2,1534fc99d84ef734,original,M0_C1_R2_MEAN_CONTROL,CONTINUITY_COVERAGE_CONSTRAINED,formal_T2G,4,1,0.25,0,1,1,0,2,1,0.25,0.25,0,0,3,3
20260907,2,1534fc99d84ef734,original,M0_C1_R2_MEAN_CONTROL,CONTINUITY_COVERAGE_CONSTRAINED,native,1,1,1.0,0,1,1,0,1,1,1.0,1.0,0,0,0,0
20260907,2,1534fc99d84ef734,original,M0_C1_R2_MEAN_CONTROL,CONTINUITY_COVERAGE_CONSTRAINED,reviewed_same_fact_text_augmentation,4,4,1.0,0,4,4,0,4,4,1.0,1.0,0,0,0,0
20260907,2,1534fc99d84ef734,original,M0_C1_R2_MEAN_CONTROL,CONTINUITY_COVERAGE_CONSTRAINED,same_image_other_source_fact,2,0,0.0,0,0,0,0,0,0,0.0,0.0,0,0,2,2
20260907,2,1534fc99d84ef734,original,M0_C1_R2_MEAN_CONTROL,CONTINUITY_COVERAGE_CONSTRAINED,same_question_different_image_conflicting_source_answer,5,0,0.0,0,0,0,1,1,1,0.0,0.0,0,1,5,5
20260907,2,1534fc99d84ef734,original,M0_C1_R2_MEAN_CONTROL,CONTINUITY_SAFETY_FIRST,broad_unrelated_source_qa,15,0,0.0,0,0,0,7,7,7,0.0,0.0,0,7,15,15
20260907,2,1534fc99d84ef734,original,M0_C1_R2_MEAN_CONTROL,CONTINUITY_SAFETY_FIRST,evaluation_positive,4,4,1.0,0,4,4,0,4,4,1.0,1.0,0,0,0,0
20260907,2,1534fc99d84ef734,original,M0_C1_R2_MEAN_CONTROL,CONTINUITY_SAFETY_FIRST,formal_T1G,4,0,0.0,0,4,0,0,4,0,0.0,0.0,0,0,4,4
20260907,2,1534fc99d84ef734,original,M0_C1_R2_MEAN_CONTROL,CONTINUITY_SAFETY_FIRST,formal_T2G,4,1,0.25,0,1,1,0,2,1,0.25,0.25,0,0,3,3
20260907,2,1534fc99d84ef734,original,M0_C1_R2_MEAN_CONTROL,CONTINUITY_SAFETY_FIRST,native,1,1,1.0,0,1,1,0,1,1,1.0,1.0,0,0,0,0
20260907,2,1534fc99d84ef734,original,M0_C1_R2_MEAN_CONTROL,CONTINUITY_SAFETY_FIRST,reviewed_same_fact_text_augmentation,4,4,1.0,0,4,4,0,4,4,1.0,1.0,0,0,0,0
20260907,2,1534fc99d84ef734,original,M0_C1_R2_MEAN_CONTROL,CONTINUITY_SAFETY_FIRST,same_image_other_source_fact,2,0,0.0,0,0,0,0,0,0,0.0,0.0,0,0,2,2
20260907,2,1534fc99d84ef734,original,M0_C1_R2_MEAN_CONTROL,CONTINUITY_SAFETY_FIRST,same_question_different_image_conflicting_source_answer,5,0,0.0,0,0,0,1,1,1,0.0,0.0,0,1,5,5
20260907,2,1534fc99d84ef734,original,M1_C1_CP_CONJUNCTION_CONTROL,PRIMARY_SAFETY_FIRST,broad_unrelated_source_qa,15,0,0.0,0,0,0,7,7,7,0.0,0.0,0,7,15,15
20260907,2,1534fc99d84ef734,original,M1_C1_CP_CONJUNCTION_CONTROL,PRIMARY_SAFETY_FIRST,evaluation_positive,4,4,1.0,0,4,4,0,4,4,1.0,1.0,0,0,0,0
20260907,2,1534fc99d84ef734,original,M1_C1_CP_CONJUNCTION_CONTROL,PRIMARY_SAFETY_FIRST,formal_T1G,4,0,0.0,0,4,0,0,4,0,0.0,0.0,0,0,4,4
20260907,2,1534fc99d84ef734,original,M1_C1_CP_CONJUNCTION_CONTROL,PRIMARY_SAFETY_FIRST,formal_T2G,4,1,0.25,0,1,1,0,2,1,0.25,0.25,0,0,3,3
20260907,2,1534fc99d84ef734,original,M1_C1_CP_CONJUNCTION_CONTROL,PRIMARY_SAFETY_FIRST,native,1,1,1.0,0,1,1,0,1,1,1.0,1.0,0,0,0,0
20260907,2,1534fc99d84ef734,original,M1_C1_CP_CONJUNCTION_CONTROL,PRIMARY_SAFETY_FIRST,reviewed_same_fact_text_augmentation,4,4,1.0,0,4,4,0,4,4,1.0,1.0,0,0,0,0
20260907,2,1534fc99d84ef734,original,M1_C1_CP_CONJUNCTION_CONTROL,PRIMARY_SAFETY_FIRST,same_image_other_source_fact,2,0,0.0,0,0,0,0,0,0,0.0,0.0,0,0,2,2
20260907,2,1534fc99d84ef734,original,M1_C1_CP_CONJUNCTION_CONTROL,PRIMARY_SAFETY_FIRST,same_question_different_image_conflicting_source_answer,5,0,0.0,0,0,0,1,1,1,0.0,0.0,0,1,5,5
20260907,2,1534fc99d84ef734,original,M1_C1_CP_CONJUNCTION_CONTROL,SECONDARY_COVERAGE90,broad_unrelated_source_qa,15,0,0.0,0,0,0,7,7,7,0.0,0.0,0,7,15,15
20260907,2,1534fc99d84ef734,original,M1_C1_CP_CONJUNCTION_CONTROL,SECONDARY_COVERAGE90,evaluation_positive,4,4,1.0,0,4,4,0,4,4,1.0,1.0,0,0,0,0
20260907,2,1534fc99d84ef734,original,M1_C1_CP_CONJUNCTION_CONTROL,SECONDARY_COVERAGE90,formal_T1G,4,0,0.0,0,4,0,0,4,0,0.0,0.0,0,0,4,4
20260907,2,1534fc99d84ef734,original,M1_C1_CP_CONJUNCTION_CONTROL,SECONDARY_COVERAGE90,formal_T2G,4,1,0.25,0,1,1,0,2,1,0.25,0.25,0,0,3,3
20260907,2,1534fc99d84ef734,original,M1_C1_CP_CONJUNCTION_CONTROL,SECONDARY_COVERAGE90,native,1,1,1.0,0,1,1,0,1,1,1.0,1.0,0,0,0,0
20260907,2,1534fc99d84ef734,original,M1_C1_CP_CONJUNCTION_CONTROL,SECONDARY_COVERAGE90,reviewed_same_fact_text_augmentation,4,4,1.0,0,4,4,0,4,4,1.0,1.0,0,0,0,0
20260907,2,1534fc99d84ef734,original,M1_C1_CP_CONJUNCTION_CONTROL,SECONDARY_COVERAGE90,same_image_other_source_fact,2,0,0.0,0,0,0,0,0,0,0.0,0.0,0,0,2,2
20260907,2,1534fc99d84ef734,original,M1_C1_CP_CONJUNCTION_CONTROL,SECONDARY_COVERAGE90,same_question_different_image_conflicting_source_answer,5,0,0.0,0,0,0,1,1,1,0.0,0.0,0,1,5,5
20260907,2,1534fc99d84ef734,original,M2_C1_CP_RESPONSE_VERIFIER,PRIMARY_SAFETY_FIRST,broad_unrelated_source_qa,15,0,0.0,0,0,0,7,7,7,0.0,0.0,0,7,15,15
20260907,2,1534fc99d84ef734,original,M2_C1_CP_RESPONSE_VERIFIER,PRIMARY_SAFETY_FIRST,evaluation_positive,4,4,1.0,0,4,4,0,4,4,1.0,1.0,0,0,0,0
20260907,2,1534fc99d84ef734,original,M2_C1_CP_RESPONSE_VERIFIER,PRIMARY_SAFETY_FIRST,formal_T1G,4,0,0.0,0,4,0,0,4,0,0.0,0.0,0,0,4,4
20260907,2,1534fc99d84ef734,original,M2_C1_CP_RESPONSE_VERIFIER,PRIMARY_SAFETY_FIRST,formal_T2G,4,1,0.25,0,1,1,0,2,1,0.25,0.25,0,0,3,3
20260907,2,1534fc99d84ef734,original,M2_C1_CP_RESPONSE_VERIFIER,PRIMARY_SAFETY_FIRST,native,1,1,1.0,0,1,1,0,1,1,1.0,1.0,0,0,0,0
20260907,2,1534fc99d84ef734,original,M2_C1_CP_RESPONSE_VERIFIER,PRIMARY_SAFETY_FIRST,reviewed_same_fact_text_augmentation,4,3,0.75,0,4,3,0,4,3,0.75,0.75,0,0,1,1
20260907,2,1534fc99d84ef734,original,M2_C1_CP_RESPONSE_VERIFIER,PRIMARY_SAFETY_FIRST,same_image_other_source_fact,2,0,0.0,0,0,0,0,0,0,0.0,0.0,0,0,2,2
20260907,2,1534fc99d84ef734,original,M2_C1_CP_RESPONSE_VERIFIER,PRIMARY_SAFETY_FIRST,same_question_different_image_conflicting_source_answer,5,0,0.0,0,0,0,1,1,1,0.0,0.0,0,1,5,5
20260907,2,1534fc99d84ef734,original,M2_C1_CP_RESPONSE_VERIFIER,SECONDARY_COVERAGE90,broad_unrelated_source_qa,15,0,0.0,0,0,0,7,7,7,0.0,0.0,0,7,15,15
20260907,2,1534fc99d84ef734,original,M2_C1_CP_RESPONSE_VERIFIER,SECONDARY_COVERAGE90,evaluation_positive,4,4,1.0,0,4,4,0,4,4,1.0,1.0,0,0,0,0
20260907,2,1534fc99d84ef734,original,M2_C1_CP_RESPONSE_VERIFIER,SECONDARY_COVERAGE90,formal_T1G,4,0,0.0,0,4,0,0,4,0,0.0,0.0,0,0,4,4
20260907,2,1534fc99d84ef734,original,M2_C1_CP_RESPONSE_VERIFIER,SECONDARY_COVERAGE90,formal_T2G,4,1,0.25,0,1,1,0,2,1,0.25,0.25,0,0,3,3
20260907,2,1534fc99d84ef734,original,M2_C1_CP_RESPONSE_VERIFIER,SECONDARY_COVERAGE90,native,1,1,1.0,0,1,1,0,1,1,1.0,1.0,0,0,0,0
20260907,2,1534fc99d84ef734,original,M2_C1_CP_RESPONSE_VERIFIER,SECONDARY_COVERAGE90,reviewed_same_fact_text_augmentation,4,3,0.75,0,4,3,0,4,3,0.75,0.75,0,0,1,1
20260907,2,1534fc99d84ef734,original,M2_C1_CP_RESPONSE_VERIFIER,SECONDARY_COVERAGE90,same_image_other_source_fact,2,0,0.0,0,0,0,0,0,0,0.0,0.0,0,0,2,2
20260907,2,1534fc99d84ef734,original,M2_C1_CP_RESPONSE_VERIFIER,SECONDARY_COVERAGE90,same_question_different_image_conflicting_source_answer,5,0,0.0,0,0,0,1,1,1,0.0,0.0,0,1,5,5
20260907,2,1534fc99d84ef734,original,M3_C1_PRE_CP_FEATURE_VERIFIER,PRIMARY_SAFETY_FIRST,broad_unrelated_source_qa,15,0,0.0,0,0,0,7,7,7,0.0,0.0,0,7,15,15
20260907,2,1534fc99d84ef734,original,M3_C1_PRE_CP_FEATURE_VERIFIER,PRIMARY_SAFETY_FIRST,evaluation_positive,4,4,1.0,0,4,4,0,4,4,1.0,1.0,0,0,0,0
20260907,2,1534fc99d84ef734,original,M3_C1_PRE_CP_FEATURE_VERIFIER,PRIMARY_SAFETY_FIRST,formal_T1G,4,0,0.0,0,4,0,0,4,0,0.0,0.0,0,0,4,4
20260907,2,1534fc99d84ef734,original,M3_C1_PRE_CP_FEATURE_VERIFIER,PRIMARY_SAFETY_FIRST,formal_T2G,4,1,0.25,0,1,1,0,2,1,0.25,0.25,0,0,3,3
20260907,2,1534fc99d84ef734,original,M3_C1_PRE_CP_FEATURE_VERIFIER,PRIMARY_SAFETY_FIRST,native,1,1,1.0,0,1,1,0,1,1,1.0,1.0,0,0,0,0
20260907,2,1534fc99d84ef734,original,M3_C1_PRE_CP_FEATURE_VERIFIER,PRIMARY_SAFETY_FIRST,reviewed_same_fact_text_augmentation,4,4,1.0,0,4,4,0,4,4,1.0,1.0,0,0,0,0
20260907,2,1534fc99d84ef734,original,M3_C1_PRE_CP_FEATURE_VERIFIER,PRIMARY_SAFETY_FIRST,same_image_other_source_fact,2,0,0.0,0,0,0,0,0,0,0.0,0.0,0,0,2,2
20260907,2,1534fc99d84ef734,original,M3_C1_PRE_CP_FEATURE_VERIFIER,PRIMARY_SAFETY_FIRST,same_question_different_image_conflicting_source_answer,5,0,0.0,0,0,0,1,1,1,0.0,0.0,0,1,5,5
20260907,2,1534fc99d84ef734,original,M3_C1_PRE_CP_FEATURE_VERIFIER,SECONDARY_COVERAGE90,broad_unrelated_source_qa,15,0,0.0,0,0,0,7,7,7,0.0,0.0,0,7,15,15
20260907,2,1534fc99d84ef734,original,M3_C1_PRE_CP_FEATURE_VERIFIER,SECONDARY_COVERAGE90,evaluation_positive,4,4,1.0,0,4,4,0,4,4,1.0,1.0,0,0,0,0
20260907,2,1534fc99d84ef734,original,M3_C1_PRE_CP_FEATURE_VERIFIER,SECONDARY_COVERAGE90,formal_T1G,4,0,0.0,0,4,0,0,4,0,0.0,0.0,0,0,4,4
20260907,2,1534fc99d84ef734,original,M3_C1_PRE_CP_FEATURE_VERIFIER,SECONDARY_COVERAGE90,formal_T2G,4,1,0.25,0,1,1,0,2,1,0.25,0.25,0,0,3,3
20260907,2,1534fc99d84ef734,original,M3_C1_PRE_CP_FEATURE_VERIFIER,SECONDARY_COVERAGE90,native,1,1,1.0,0,1,1,0,1,1,1.0,1.0,0,0,0,0
20260907,2,1534fc99d84ef734,original,M3_C1_PRE_CP_FEATURE_VERIFIER,SECONDARY_COVERAGE90,reviewed_same_fact_text_augmentation,4,4,1.0,0,4,4,0,4,4,1.0,1.0,0,0,0,0
20260907,2,1534fc99d84ef734,original,M3_C1_PRE_CP_FEATURE_VERIFIER,SECONDARY_COVERAGE90,same_image_other_source_fact,2,0,0.0,0,0,0,0,0,0,0.0,0.0,0,0,2,2
20260907,2,1534fc99d84ef734,original,M3_C1_PRE_CP_FEATURE_VERIFIER,SECONDARY_COVERAGE90,same_question_different_image_conflicting_source_answer,5,0,0.0,0,0,0,1,1,1,0.0,0.0,0,1,5,5
20260907,3,1b0d2271e842e01a,matched,M0_C1_R2_MEAN_CONTROL,PRIMARY_SAFETY_FIRST,matched_evaluation_positive,4,0,0.0,0,4,0,0,4,0,0.0,0.0,0,0,4,4
20260907,3,1b0d2271e842e01a,matched,M0_C1_R2_MEAN_CONTROL,PRIMARY_SAFETY_FIRST,matched_hard_image,20,0,0.0,0,0,0,0,0,0,0.0,0.0,0,0,20,20
20260907,3,1b0d2271e842e01a,matched,M0_C1_R2_MEAN_CONTROL,SECONDARY_COVERAGE90,matched_evaluation_positive,4,4,1.0,0,4,4,0,4,4,1.0,1.0,0,0,0,0
20260907,3,1b0d2271e842e01a,matched,M0_C1_R2_MEAN_CONTROL,SECONDARY_COVERAGE90,matched_hard_image,20,9,0.45,0,0,0,0,0,0,0.0,0.0,0,0,11,11
20260907,3,1b0d2271e842e01a,matched,M1_C1_CP_CONJUNCTION_CONTROL,PRIMARY_SAFETY_FIRST,matched_evaluation_positive,4,2,0.5,0,4,2,0,4,2,0.5,0.5,0,0,2,2
20260907,3,1b0d2271e842e01a,matched,M1_C1_CP_CONJUNCTION_CONTROL,PRIMARY_SAFETY_FIRST,matched_hard_image,20,0,0.0,0,0,0,0,0,0,0.0,0.0,0,0,20,20
20260907,3,1b0d2271e842e01a,matched,M1_C1_CP_CONJUNCTION_CONTROL,SECONDARY_COVERAGE90,matched_evaluation_positive,4,3,0.75,0,4,3,0,4,3,0.75,0.75,0,0,1,1
20260907,3,1b0d2271e842e01a,matched,M1_C1_CP_CONJUNCTION_CONTROL,SECONDARY_COVERAGE90,matched_hard_image,20,0,0.0,0,0,0,0,0,0,0.0,0.0,0,0,20,20
20260907,3,1b0d2271e842e01a,matched,M2_C1_CP_RESPONSE_VERIFIER,PRIMARY_SAFETY_FIRST,matched_evaluation_positive,4,2,0.5,0,4,2,0,4,2,0.5,0.5,0,0,2,2
20260907,3,1b0d2271e842e01a,matched,M2_C1_CP_RESPONSE_VERIFIER,PRIMARY_SAFETY_FIRST,matched_hard_image,20,0,0.0,0,0,0,0,0,0,0.0,0.0,0,0,20,20
20260907,3,1b0d2271e842e01a,matched,M2_C1_CP_RESPONSE_VERIFIER,SECONDARY_COVERAGE90,matched_evaluation_positive,4,3,0.75,0,4,3,0,4,3,0.75,0.75,0,0,1,1
20260907,3,1b0d2271e842e01a,matched,M2_C1_CP_RESPONSE_VERIFIER,SECONDARY_COVERAGE90,matched_hard_image,20,0,0.0,0,0,0,0,0,0,0.0,0.0,0,0,20,20
20260907,3,1b0d2271e842e01a,matched,M3_C1_PRE_CP_FEATURE_VERIFIER,PRIMARY_SAFETY_FIRST,matched_evaluation_positive,4,4,1.0,0,4,4,0,4,4,1.0,1.0,0,0,0,0
20260907,3,1b0d2271e842e01a,matched,M3_C1_PRE_CP_FEATURE_VERIFIER,PRIMARY_SAFETY_FIRST,matched_hard_image,20,4,0.2,0,0,0,0,0,0,0.0,0.0,0,0,16,16
20260907,3,1b0d2271e842e01a,matched,M3_C1_PRE_CP_FEATURE_VERIFIER,SECONDARY_COVERAGE90,matched_evaluation_positive,4,4,1.0,0,4,4,0,4,4,1.0,1.0,0,0,0,0
20260907,3,1b0d2271e842e01a,matched,M3_C1_PRE_CP_FEATURE_VERIFIER,SECONDARY_COVERAGE90,matched_hard_image,20,4,0.2,0,0,0,0,0,0,0.0,0.0,0,0,16,16
20260907,3,1b0d2271e842e01a,original,M0_C1_R2_MEAN_CONTROL,CONTINUITY_COVERAGE_CONSTRAINED,broad_unrelated_source_qa,15,0,0.0,0,0,0,4,0,4,0.0,0.0,0,4,15,15
20260907,3,1b0d2271e842e01a,original,M0_C1_R2_MEAN_CONTROL,CONTINUITY_COVERAGE_CONSTRAINED,evaluation_positive,4,4,1.0,0,4,4,0,4,4,1.0,1.0,0,0,0,0
20260907,3,1b0d2271e842e01a,original,M0_C1_R2_MEAN_CONTROL,CONTINUITY_COVERAGE_CONSTRAINED,formal_T1G,4,0,0.0,0,4,0,0,4,0,0.0,0.0,0,0,4,4
20260907,3,1b0d2271e842e01a,original,M0_C1_R2_MEAN_CONTROL,CONTINUITY_COVERAGE_CONSTRAINED,formal_T1L,5,2,0.4,0,0,0,2,0,1,0.0,0.0,1,2,3,3
20260907,3,1b0d2271e842e01a,original,M0_C1_R2_MEAN_CONTROL,CONTINUITY_COVERAGE_CONSTRAINED,formal_T2G,3,2,0.6666666666666666,0,3,2,0,3,2,0.6666666666666666,0.6666666666666666,0,0,1,1
20260907,3,1b0d2271e842e01a,original,M0_C1_R2_MEAN_CONTROL,CONTINUITY_COVERAGE_CONSTRAINED,native,1,0,0.0,0,1,0,0,1,0,0.0,0.0,0,0,1,1
20260907,3,1b0d2271e842e01a,original,M0_C1_R2_MEAN_CONTROL,CONTINUITY_COVERAGE_CONSTRAINED,reviewed_same_fact_text_augmentation,4,4,1.0,0,4,4,0,4,4,1.0,1.0,0,0,0,0
20260907,3,1b0d2271e842e01a,original,M0_C1_R2_MEAN_CONTROL,CONTINUITY_COVERAGE_CONSTRAINED,same_question_different_image_conflicting_source_answer,5,0,0.0,0,0,0,0,0,0,0.0,0.0,0,0,5,5
20260907,3,1b0d2271e842e01a,original,M0_C1_R2_MEAN_CONTROL,CONTINUITY_SAFETY_FIRST,broad_unrelated_source_qa,15,0,0.0,0,0,0,4,0,4,0.0,0.0,0,4,15,15
20260907,3,1b0d2271e842e01a,original,M0_C1_R2_MEAN_CONTROL,CONTINUITY_SAFETY_FIRST,evaluation_positive,4,4,1.0,0,4,4,0,4,4,1.0,1.0,0,0,0,0
20260907,3,1b0d2271e842e01a,original,M0_C1_R2_MEAN_CONTROL,CONTINUITY_SAFETY_FIRST,formal_T1G,4,0,0.0,0,4,0,0,4,0,0.0,0.0,0,0,4,4
20260907,3,1b0d2271e842e01a,original,M0_C1_R2_MEAN_CONTROL,CONTINUITY_SAFETY_FIRST,formal_T1L,5,2,0.4,0,0,0,2,0,1,0.0,0.0,1,2,3,3
20260907,3,1b0d2271e842e01a,original,M0_C1_R2_MEAN_CONTROL,CONTINUITY_SAFETY_FIRST,formal_T2G,3,2,0.6666666666666666,0,3,2,0,3,2,0.6666666666666666,0.6666666666666666,0,0,1,1
20260907,3,1b0d2271e842e01a,original,M0_C1_R2_MEAN_CONTROL,CONTINUITY_SAFETY_FIRST,native,1,0,0.0,0,1,0,0,1,0,0.0,0.0,0,0,1,1
20260907,3,1b0d2271e842e01a,original,M0_C1_R2_MEAN_CONTROL,CONTINUITY_SAFETY_FIRST,reviewed_same_fact_text_augmentation,4,4,1.0,0,4,4,0,4,4,1.0,1.0,0,0,0,0
20260907,3,1b0d2271e842e01a,original,M0_C1_R2_MEAN_CONTROL,CONTINUITY_SAFETY_FIRST,same_question_different_image_conflicting_source_answer,5,0,0.0,0,0,0,0,0,0,0.0,0.0,0,0,5,5
20260907,3,1b0d2271e842e01a,original,M1_C1_CP_CONJUNCTION_CONTROL,PRIMARY_SAFETY_FIRST,broad_unrelated_source_qa,15,0,0.0,0,0,0,4,0,4,0.0,0.0,0,4,15,15
20260907,3,1b0d2271e842e01a,original,M1_C1_CP_CONJUNCTION_CONTROL,PRIMARY_SAFETY_FIRST,evaluation_positive,4,4,1.0,0,4,4,0,4,4,1.0,1.0,0,0,0,0
20260907,3,1b0d2271e842e01a,original,M1_C1_CP_CONJUNCTION_CONTROL,PRIMARY_SAFETY_FIRST,formal_T1G,4,2,0.5,0,4,2,0,4,2,0.5,0.5,0,0,2,2
20260907,3,1b0d2271e842e01a,original,M1_C1_CP_CONJUNCTION_CONTROL,PRIMARY_SAFETY_FIRST,formal_T1L,5,1,0.2,0,0,0,2,0,1,0.0,0.0,1,2,4,4
20260907,3,1b0d2271e842e01a,original,M1_C1_CP_CONJUNCTION_CONTROL,PRIMARY_SAFETY_FIRST,formal_T2G,3,2,0.6666666666666666,0,3,2,0,3,2,0.6666666666666666,0.6666666666666666,0,0,1,1
20260907,3,1b0d2271e842e01a,original,M1_C1_CP_CONJUNCTION_CONTROL,PRIMARY_SAFETY_FIRST,native,1,1,1.0,0,1,1,0,1,1,1.0,1.0,0,0,0,0
20260907,3,1b0d2271e842e01a,original,M1_C1_CP_CONJUNCTION_CONTROL,PRIMARY_SAFETY_FIRST,reviewed_same_fact_text_augmentation,4,4,1.0,0,4,4,0,4,4,1.0,1.0,0,0,0,0
20260907,3,1b0d2271e842e01a,original,M1_C1_CP_CONJUNCTION_CONTROL,PRIMARY_SAFETY_FIRST,same_question_different_image_conflicting_source_answer,5,0,0.0,0,0,0,0,0,0,0.0,0.0,0,0,5,5
20260907,3,1b0d2271e842e01a,original,M1_C1_CP_CONJUNCTION_CONTROL,SECONDARY_COVERAGE90,broad_unrelated_source_qa,15,0,0.0,0,0,0,4,0,4,0.0,0.0,0,4,15,15
20260907,3,1b0d2271e842e01a,original,M1_C1_CP_CONJUNCTION_CONTROL,SECONDARY_COVERAGE90,evaluation_positive,4,4,1.0,0,4,4,0,4,4,1.0,1.0,0,0,0,0
20260907,3,1b0d2271e842e01a,original,M1_C1_CP_CONJUNCTION_CONTROL,SECONDARY_COVERAGE90,formal_T1G,4,2,0.5,0,4,2,0,4,2,0.5,0.5,0,0,2,2
20260907,3,1b0d2271e842e01a,original,M1_C1_CP_CONJUNCTION_CONTROL,SECONDARY_COVERAGE90,formal_T1L,5,1,0.2,0,0,0,2,0,1,0.0,0.0,1,2,4,4
20260907,3,1b0d2271e842e01a,original,M1_C1_CP_CONJUNCTION_CONTROL,SECONDARY_COVERAGE90,formal_T2G,3,2,0.6666666666666666,0,3,2,0,3,2,0.6666666666666666,0.6666666666666666,0,0,1,1
20260907,3,1b0d2271e842e01a,original,M1_C1_CP_CONJUNCTION_CONTROL,SECONDARY_COVERAGE90,native,1,1,1.0,0,1,1,0,1,1,1.0,1.0,0,0,0,0
20260907,3,1b0d2271e842e01a,original,M1_C1_CP_CONJUNCTION_CONTROL,SECONDARY_COVERAGE90,reviewed_same_fact_text_augmentation,4,4,1.0,0,4,4,0,4,4,1.0,1.0,0,0,0,0
20260907,3,1b0d2271e842e01a,original,M1_C1_CP_CONJUNCTION_CONTROL,SECONDARY_COVERAGE90,same_question_different_image_conflicting_source_answer,5,0,0.0,0,0,0,0,0,0,0.0,0.0,0,0,5,5
20260907,3,1b0d2271e842e01a,original,M2_C1_CP_RESPONSE_VERIFIER,PRIMARY_SAFETY_FIRST,broad_unrelated_source_qa,15,0,0.0,0,0,0,4,0,4,0.0,0.0,0,4,15,15
20260907,3,1b0d2271e842e01a,original,M2_C1_CP_RESPONSE_VERIFIER,PRIMARY_SAFETY_FIRST,evaluation_positive,4,3,0.75,0,4,3,0,4,3,0.75,0.75,0,0,1,1
20260907,3,1b0d2271e842e01a,original,M2_C1_CP_RESPONSE_VERIFIER,PRIMARY_SAFETY_FIRST,formal_T1G,4,0,0.0,0,4,0,0,4,0,0.0,0.0,0,0,4,4
20260907,3,1b0d2271e842e01a,original,M2_C1_CP_RESPONSE_VERIFIER,PRIMARY_SAFETY_FIRST,formal_T1L,5,0,0.0,0,0,0,2,0,2,0.0,0.0,0,2,5,5
20260907,3,1b0d2271e842e01a,original,M2_C1_CP_RESPONSE_VERIFIER,PRIMARY_SAFETY_FIRST,formal_T2G,3,1,0.3333333333333333,0,3,1,0,3,1,0.3333333333333333,0.3333333333333333,0,0,2,2
20260907,3,1b0d2271e842e01a,original,M2_C1_CP_RESPONSE_VERIFIER,PRIMARY_SAFETY_FIRST,native,1,0,0.0,0,1,0,0,1,0,0.0,0.0,0,0,1,1
20260907,3,1b0d2271e842e01a,original,M2_C1_CP_RESPONSE_VERIFIER,PRIMARY_SAFETY_FIRST,reviewed_same_fact_text_augmentation,4,4,1.0,0,4,4,0,4,4,1.0,1.0,0,0,0,0
20260907,3,1b0d2271e842e01a,original,M2_C1_CP_RESPONSE_VERIFIER,PRIMARY_SAFETY_FIRST,same_question_different_image_conflicting_source_answer,5,0,0.0,0,0,0,0,0,0,0.0,0.0,0,0,5,5
20260907,3,1b0d2271e842e01a,original,M2_C1_CP_RESPONSE_VERIFIER,SECONDARY_COVERAGE90,broad_unrelated_source_qa,15,0,0.0,0,0,0,4,0,4,0.0,0.0,0,4,15,15
20260907,3,1b0d2271e842e01a,original,M2_C1_CP_RESPONSE_VERIFIER,SECONDARY_COVERAGE90,evaluation_positive,4,4,1.0,0,4,4,0,4,4,1.0,1.0,0,0,0,0
20260907,3,1b0d2271e842e01a,original,M2_C1_CP_RESPONSE_VERIFIER,SECONDARY_COVERAGE90,formal_T1G,4,2,0.5,0,4,2,0,4,2,0.5,0.5,0,0,2,2
20260907,3,1b0d2271e842e01a,original,M2_C1_CP_RESPONSE_VERIFIER,SECONDARY_COVERAGE90,formal_T1L,5,0,0.0,0,0,0,2,0,2,0.0,0.0,0,2,5,5
20260907,3,1b0d2271e842e01a,original,M2_C1_CP_RESPONSE_VERIFIER,SECONDARY_COVERAGE90,formal_T2G,3,2,0.6666666666666666,0,3,2,0,3,2,0.6666666666666666,0.6666666666666666,0,0,1,1
20260907,3,1b0d2271e842e01a,original,M2_C1_CP_RESPONSE_VERIFIER,SECONDARY_COVERAGE90,native,1,1,1.0,0,1,1,0,1,1,1.0,1.0,0,0,0,0
20260907,3,1b0d2271e842e01a,original,M2_C1_CP_RESPONSE_VERIFIER,SECONDARY_COVERAGE90,reviewed_same_fact_text_augmentation,4,4,1.0,0,4,4,0,4,4,1.0,1.0,0,0,0,0
20260907,3,1b0d2271e842e01a,original,M2_C1_CP_RESPONSE_VERIFIER,SECONDARY_COVERAGE90,same_question_different_image_conflicting_source_answer,5,0,0.0,0,0,0,0,0,0,0.0,0.0,0,0,5,5
20260907,3,1b0d2271e842e01a,original,M3_C1_PRE_CP_FEATURE_VERIFIER,PRIMARY_SAFETY_FIRST,broad_unrelated_source_qa,15,0,0.0,0,0,0,4,0,4,0.0,0.0,0,4,15,15
20260907,3,1b0d2271e842e01a,original,M3_C1_PRE_CP_FEATURE_VERIFIER,PRIMARY_SAFETY_FIRST,evaluation_positive,4,4,1.0,0,4,4,0,4,4,1.0,1.0,0,0,0,0
20260907,3,1b0d2271e842e01a,original,M3_C1_PRE_CP_FEATURE_VERIFIER,PRIMARY_SAFETY_FIRST,formal_T1G,4,4,1.0,0,4,4,0,4,4,1.0,1.0,0,0,0,0
20260907,3,1b0d2271e842e01a,original,M3_C1_PRE_CP_FEATURE_VERIFIER,PRIMARY_SAFETY_FIRST,formal_T1L,5,3,0.6,0,0,0,2,0,1,0.0,0.0,1,2,2,2
20260907,3,1b0d2271e842e01a,original,M3_C1_PRE_CP_FEATURE_VERIFIER,PRIMARY_SAFETY_FIRST,formal_T2G,3,3,1.0,0,3,3,0,3,3,1.0,1.0,0,0,0,0
20260907,3,1b0d2271e842e01a,original,M3_C1_PRE_CP_FEATURE_VERIFIER,PRIMARY_SAFETY_FIRST,native,1,1,1.0,0,1,1,0,1,1,1.0,1.0,0,0,0,0
20260907,3,1b0d2271e842e01a,original,M3_C1_PRE_CP_FEATURE_VERIFIER,PRIMARY_SAFETY_FIRST,reviewed_same_fact_text_augmentation,4,4,1.0,0,4,4,0,4,4,1.0,1.0,0,0,0,0
20260907,3,1b0d2271e842e01a,original,M3_C1_PRE_CP_FEATURE_VERIFIER,PRIMARY_SAFETY_FIRST,same_question_different_image_conflicting_source_answer,5,1,0.2,0,0,0,0,0,0,0.0,0.0,0,0,4,4
20260907,3,1b0d2271e842e01a,original,M3_C1_PRE_CP_FEATURE_VERIFIER,SECONDARY_COVERAGE90,broad_unrelated_source_qa,15,0,0.0,0,0,0,4,0,4,0.0,0.0,0,4,15,15
20260907,3,1b0d2271e842e01a,original,M3_C1_PRE_CP_FEATURE_VERIFIER,SECONDARY_COVERAGE90,evaluation_positive,4,4,1.0,0,4,4,0,4,4,1.0,1.0,0,0,0,0
20260907,3,1b0d2271e842e01a,original,M3_C1_PRE_CP_FEATURE_VERIFIER,SECONDARY_COVERAGE90,formal_T1G,4,4,1.0,0,4,4,0,4,4,1.0,1.0,0,0,0,0
20260907,3,1b0d2271e842e01a,original,M3_C1_PRE_CP_FEATURE_VERIFIER,SECONDARY_COVERAGE90,formal_T1L,5,3,0.6,0,0,0,2,0,1,0.0,0.0,1,2,2,2
20260907,3,1b0d2271e842e01a,original,M3_C1_PRE_CP_FEATURE_VERIFIER,SECONDARY_COVERAGE90,formal_T2G,3,3,1.0,0,3,3,0,3,3,1.0,1.0,0,0,0,0
20260907,3,1b0d2271e842e01a,original,M3_C1_PRE_CP_FEATURE_VERIFIER,SECONDARY_COVERAGE90,native,1,1,1.0,0,1,1,0,1,1,1.0,1.0,0,0,0,0
20260907,3,1b0d2271e842e01a,original,M3_C1_PRE_CP_FEATURE_VERIFIER,SECONDARY_COVERAGE90,reviewed_same_fact_text_augmentation,4,4,1.0,0,4,4,0,4,4,1.0,1.0,0,0,0,0
20260907,3,1b0d2271e842e01a,original,M3_C1_PRE_CP_FEATURE_VERIFIER,SECONDARY_COVERAGE90,same_question_different_image_conflicting_source_answer,5,1,0.2,0,0,0,0,0,0,0.0,0.0,0,0,4,4
20260907,7,13d861159cbf9477,matched,M0_C1_R2_MEAN_CONTROL,PRIMARY_SAFETY_FIRST,matched_evaluation_positive,4,2,0.5,0,4,2,0,4,2,0.5,0.5,0,0,2,2
20260907,7,13d861159cbf9477,matched,M0_C1_R2_MEAN_CONTROL,PRIMARY_SAFETY_FIRST,matched_hard_image,8,0,0.0,0,0,0,0,0,0,0.0,0.0,0,0,8,8
20260907,7,13d861159cbf9477,matched,M0_C1_R2_MEAN_CONTROL,SECONDARY_COVERAGE90,matched_evaluation_positive,4,4,1.0,0,4,4,0,4,4,1.0,1.0,0,0,0,0
20260907,7,13d861159cbf9477,matched,M0_C1_R2_MEAN_CONTROL,SECONDARY_COVERAGE90,matched_hard_image,8,3,0.375,0,0,0,0,0,0,0.0,0.0,0,0,5,5
20260907,7,13d861159cbf9477,matched,M1_C1_CP_CONJUNCTION_CONTROL,PRIMARY_SAFETY_FIRST,matched_evaluation_positive,4,3,0.75,0,4,3,0,4,3,0.75,0.75,0,0,1,1
20260907,7,13d861159cbf9477,matched,M1_C1_CP_CONJUNCTION_CONTROL,PRIMARY_SAFETY_FIRST,matched_hard_image,8,0,0.0,0,0,0,0,0,0,0.0,0.0,0,0,8,8
20260907,7,13d861159cbf9477,matched,M1_C1_CP_CONJUNCTION_CONTROL,SECONDARY_COVERAGE90,matched_evaluation_positive,4,3,0.75,0,4,3,0,4,3,0.75,0.75,0,0,1,1
20260907,7,13d861159cbf9477,matched,M1_C1_CP_CONJUNCTION_CONTROL,SECONDARY_COVERAGE90,matched_hard_image,8,3,0.375,0,0,0,0,0,0,0.0,0.0,0,0,5,5
20260907,7,13d861159cbf9477,matched,M2_C1_CP_RESPONSE_VERIFIER,PRIMARY_SAFETY_FIRST,matched_evaluation_positive,4,3,0.75,0,4,3,0,4,3,0.75,0.75,0,0,1,1
20260907,7,13d861159cbf9477,matched,M2_C1_CP_RESPONSE_VERIFIER,PRIMARY_SAFETY_FIRST,matched_hard_image,8,1,0.125,0,0,0,0,0,0,0.0,0.0,0,0,7,7
20260907,7,13d861159cbf9477,matched,M2_C1_CP_RESPONSE_VERIFIER,SECONDARY_COVERAGE90,matched_evaluation_positive,4,3,0.75,0,4,3,0,4,3,0.75,0.75,0,0,1,1
20260907,7,13d861159cbf9477,matched,M2_C1_CP_RESPONSE_VERIFIER,SECONDARY_COVERAGE90,matched_hard_image,8,1,0.125,0,0,0,0,0,0,0.0,0.0,0,0,7,7
20260907,7,13d861159cbf9477,matched,M3_C1_PRE_CP_FEATURE_VERIFIER,PRIMARY_SAFETY_FIRST,matched_evaluation_positive,4,3,0.75,0,4,3,0,4,3,0.75,0.75,0,0,1,1
20260907,7,13d861159cbf9477,matched,M3_C1_PRE_CP_FEATURE_VERIFIER,PRIMARY_SAFETY_FIRST,matched_hard_image,8,0,0.0,0,0,0,0,0,0,0.0,0.0,0,0,8,8
20260907,7,13d861159cbf9477,matched,M3_C1_PRE_CP_FEATURE_VERIFIER,SECONDARY_COVERAGE90,matched_evaluation_positive,4,3,0.75,0,4,3,0,4,3,0.75,0.75,0,0,1,1
20260907,7,13d861159cbf9477,matched,M3_C1_PRE_CP_FEATURE_VERIFIER,SECONDARY_COVERAGE90,matched_hard_image,8,0,0.0,0,0,0,0,0,0,0.0,0.0,0,0,8,8
20260907,7,13d861159cbf9477,original,M0_C1_R2_MEAN_CONTROL,CONTINUITY_COVERAGE_CONSTRAINED,broad_unrelated_source_qa,18,0,0.0,0,0,0,8,0,8,0.0,0.0,0,8,18,18
20260907,7,13d861159cbf9477,original,M0_C1_R2_MEAN_CONTROL,CONTINUITY_COVERAGE_CONSTRAINED,evaluation_positive,4,3,0.75,0,4,3,0,4,3,0.75,0.75,0,0,1,1
20260907,7,13d861159cbf9477,original,M0_C1_R2_MEAN_CONTROL,CONTINUITY_COVERAGE_CONSTRAINED,formal_T1G,4,3,0.75,0,4,3,0,4,3,0.75,0.75,0,0,1,1
20260907,7,13d861159cbf9477,original,M0_C1_R2_MEAN_CONTROL,CONTINUITY_COVERAGE_CONSTRAINED,formal_T2G,4,1,0.25,0,0,0,0,1,0,0.0,0.0,0,0,3,3
20260907,7,13d861159cbf9477,original,M0_C1_R2_MEAN_CONTROL,CONTINUITY_COVERAGE_CONSTRAINED,native,1,1,1.0,0,1,1,0,1,1,1.0,1.0,0,0,0,0
20260907,7,13d861159cbf9477,original,M0_C1_R2_MEAN_CONTROL,CONTINUITY_COVERAGE_CONSTRAINED,reviewed_same_fact_text_augmentation,4,4,1.0,0,3,3,0,4,4,0.75,1.0,0,0,0,0
20260907,7,13d861159cbf9477,original,M0_C1_R2_MEAN_CONTROL,CONTINUITY_COVERAGE_CONSTRAINED,same_image_other_source_fact,12,0,0.0,0,0,0,6,0,6,0.0,0.0,0,6,12,12
20260907,7,13d861159cbf9477,original,M0_C1_R2_MEAN_CONTROL,CONTINUITY_COVERAGE_CONSTRAINED,same_question_different_image_conflicting_source_answer,2,0,0.0,0,0,0,0,0,0,0.0,0.0,0,0,2,2
20260907,7,13d861159cbf9477,original,M0_C1_R2_MEAN_CONTROL,CONTINUITY_SAFETY_FIRST,broad_unrelated_source_qa,18,0,0.0,0,0,0,8,0,8,0.0,0.0,0,8,18,18
20260907,7,13d861159cbf9477,original,M0_C1_R2_MEAN_CONTROL,CONTINUITY_SAFETY_FIRST,evaluation_positive,4,0,0.0,0,4,0,0,4,0,0.0,0.0,0,0,4,4
20260907,7,13d861159cbf9477,original,M0_C1_R2_MEAN_CONTROL,CONTINUITY_SAFETY_FIRST,formal_T1G,4,0,0.0,0,4,0,0,4,0,0.0,0.0,0,0,4,4
20260907,7,13d861159cbf9477,original,M0_C1_R2_MEAN_CONTROL,CONTINUITY_SAFETY_FIRST,formal_T2G,4,0,0.0,0,0,0,0,1,0,0.0,0.0,0,0,4,4
20260907,7,13d861159cbf9477,original,M0_C1_R2_MEAN_CONTROL,CONTINUITY_SAFETY_FIRST,native,1,0,0.0,0,1,0,0,1,0,0.0,0.0,0,0,1,1
20260907,7,13d861159cbf9477,original,M0_C1_R2_MEAN_CONTROL,CONTINUITY_SAFETY_FIRST,reviewed_same_fact_text_augmentation,4,4,1.0,0,3,3,0,4,4,0.75,1.0,0,0,0,0
20260907,7,13d861159cbf9477,original,M0_C1_R2_MEAN_CONTROL,CONTINUITY_SAFETY_FIRST,same_image_other_source_fact,12,0,0.0,0,0,0,6,0,6,0.0,0.0,0,6,12,12
20260907,7,13d861159cbf9477,original,M0_C1_R2_MEAN_CONTROL,CONTINUITY_SAFETY_FIRST,same_question_different_image_conflicting_source_answer,2,0,0.0,0,0,0,0,0,0,0.0,0.0,0,0,2,2
20260907,7,13d861159cbf9477,original,M1_C1_CP_CONJUNCTION_CONTROL,PRIMARY_SAFETY_FIRST,broad_unrelated_source_qa,18,0,0.0,0,0,0,8,0,8,0.0,0.0,0,8,18,18
20260907,7,13d861159cbf9477,original,M1_C1_CP_CONJUNCTION_CONTROL,PRIMARY_SAFETY_FIRST,evaluation_positive,4,0,0.0,0,4,0,0,4,0,0.0,0.0,0,0,4,4
20260907,7,13d861159cbf9477,original,M1_C1_CP_CONJUNCTION_CONTROL,PRIMARY_SAFETY_FIRST,formal_T1G,4,3,0.75,0,4,3,0,4,3,0.75,0.75,0,0,1,1
20260907,7,13d861159cbf9477,original,M1_C1_CP_CONJUNCTION_CONTROL,PRIMARY_SAFETY_FIRST,formal_T2G,4,0,0.0,0,0,0,0,1,0,0.0,0.0,0,0,4,4
20260907,7,13d861159cbf9477,original,M1_C1_CP_CONJUNCTION_CONTROL,PRIMARY_SAFETY_FIRST,native,1,1,1.0,0,1,1,0,1,1,1.0,1.0,0,0,0,0
20260907,7,13d861159cbf9477,original,M1_C1_CP_CONJUNCTION_CONTROL,PRIMARY_SAFETY_FIRST,reviewed_same_fact_text_augmentation,4,4,1.0,0,3,3,0,4,4,0.75,1.0,0,0,0,0
20260907,7,13d861159cbf9477,original,M1_C1_CP_CONJUNCTION_CONTROL,PRIMARY_SAFETY_FIRST,same_image_other_source_fact,12,0,0.0,0,0,0,6,0,6,0.0,0.0,0,6,12,12
20260907,7,13d861159cbf9477,original,M1_C1_CP_CONJUNCTION_CONTROL,PRIMARY_SAFETY_FIRST,same_question_different_image_conflicting_source_answer,2,0,0.0,0,0,0,0,0,0,0.0,0.0,0,0,2,2
20260907,7,13d861159cbf9477,original,M1_C1_CP_CONJUNCTION_CONTROL,SECONDARY_COVERAGE90,broad_unrelated_source_qa,18,1,0.05555555555555555,0,0,0,8,0,8,0.0,0.0,0,8,17,17
20260907,7,13d861159cbf9477,original,M1_C1_CP_CONJUNCTION_CONTROL,SECONDARY_COVERAGE90,evaluation_positive,4,4,1.0,0,4,4,0,4,4,1.0,1.0,0,0,0,0
20260907,7,13d861159cbf9477,original,M1_C1_CP_CONJUNCTION_CONTROL,SECONDARY_COVERAGE90,formal_T1G,4,3,0.75,0,4,3,0,4,3,0.75,0.75,0,0,1,1
20260907,7,13d861159cbf9477,original,M1_C1_CP_CONJUNCTION_CONTROL,SECONDARY_COVERAGE90,formal_T2G,4,4,1.0,0,0,0,0,1,1,0.0,0.25,0,0,0,0
20260907,7,13d861159cbf9477,original,M1_C1_CP_CONJUNCTION_CONTROL,SECONDARY_COVERAGE90,native,1,1,1.0,0,1,1,0,1,1,1.0,1.0,0,0,0,0
20260907,7,13d861159cbf9477,original,M1_C1_CP_CONJUNCTION_CONTROL,SECONDARY_COVERAGE90,reviewed_same_fact_text_augmentation,4,4,1.0,0,3,3,0,4,4,0.75,1.0,0,0,0,0
20260907,7,13d861159cbf9477,original,M1_C1_CP_CONJUNCTION_CONTROL,SECONDARY_COVERAGE90,same_image_other_source_fact,12,0,0.0,0,0,0,6,0,6,0.0,0.0,0,6,12,12
20260907,7,13d861159cbf9477,original,M1_C1_CP_CONJUNCTION_CONTROL,SECONDARY_COVERAGE90,same_question_different_image_conflicting_source_answer,2,0,0.0,0,0,0,0,0,0,0.0,0.0,0,0,2,2
20260907,7,13d861159cbf9477,original,M2_C1_CP_RESPONSE_VERIFIER,PRIMARY_SAFETY_FIRST,broad_unrelated_source_qa,18,0,0.0,0,0,0,8,0,8,0.0,0.0,0,8,18,18
20260907,7,13d861159cbf9477,original,M2_C1_CP_RESPONSE_VERIFIER,PRIMARY_SAFETY_FIRST,evaluation_positive,4,4,1.0,0,4,4,0,4,4,1.0,1.0,0,0,0,0
20260907,7,13d861159cbf9477,original,M2_C1_CP_RESPONSE_VERIFIER,PRIMARY_SAFETY_FIRST,formal_T1G,4,3,0.75,0,4,3,0,4,3,0.75,0.75,0,0,1,1
20260907,7,13d861159cbf9477,original,M2_C1_CP_RESPONSE_VERIFIER,PRIMARY_SAFETY_FIRST,formal_T2G,4,0,0.0,0,0,0,0,1,0,0.0,0.0,0,0,4,4
20260907,7,13d861159cbf9477,original,M2_C1_CP_RESPONSE_VERIFIER,PRIMARY_SAFETY_FIRST,native,1,1,1.0,0,1,1,0,1,1,1.0,1.0,0,0,0,0
20260907,7,13d861159cbf9477,original,M2_C1_CP_RESPONSE_VERIFIER,PRIMARY_SAFETY_FIRST,reviewed_same_fact_text_augmentation,4,0,0.0,0,3,0,0,4,0,0.0,0.0,0,0,4,4
20260907,7,13d861159cbf9477,original,M2_C1_CP_RESPONSE_VERIFIER,PRIMARY_SAFETY_FIRST,same_image_other_source_fact,12,0,0.0,0,0,0,6,0,6,0.0,0.0,0,6,12,12
20260907,7,13d861159cbf9477,original,M2_C1_CP_RESPONSE_VERIFIER,PRIMARY_SAFETY_FIRST,same_question_different_image_conflicting_source_answer,2,0,0.0,0,0,0,0,0,0,0.0,0.0,0,0,2,2
20260907,7,13d861159cbf9477,original,M2_C1_CP_RESPONSE_VERIFIER,SECONDARY_COVERAGE90,broad_unrelated_source_qa,18,0,0.0,0,0,0,8,0,8,0.0,0.0,0,8,18,18
20260907,7,13d861159cbf9477,original,M2_C1_CP_RESPONSE_VERIFIER,SECONDARY_COVERAGE90,evaluation_positive,4,4,1.0,0,4,4,0,4,4,1.0,1.0,0,0,0,0
20260907,7,13d861159cbf9477,original,M2_C1_CP_RESPONSE_VERIFIER,SECONDARY_COVERAGE90,formal_T1G,4,3,0.75,0,4,3,0,4,3,0.75,0.75,0,0,1,1
20260907,7,13d861159cbf9477,original,M2_C1_CP_RESPONSE_VERIFIER,SECONDARY_COVERAGE90,formal_T2G,4,0,0.0,0,0,0,0,1,0,0.0,0.0,0,0,4,4
20260907,7,13d861159cbf9477,original,M2_C1_CP_RESPONSE_VERIFIER,SECONDARY_COVERAGE90,native,1,1,1.0,0,1,1,0,1,1,1.0,1.0,0,0,0,0
20260907,7,13d861159cbf9477,original,M2_C1_CP_RESPONSE_VERIFIER,SECONDARY_COVERAGE90,reviewed_same_fact_text_augmentation,4,0,0.0,0,3,0,0,4,0,0.0,0.0,0,0,4,4
20260907,7,13d861159cbf9477,original,M2_C1_CP_RESPONSE_VERIFIER,SECONDARY_COVERAGE90,same_image_other_source_fact,12,0,0.0,0,0,0,6,0,6,0.0,0.0,0,6,12,12
20260907,7,13d861159cbf9477,original,M2_C1_CP_RESPONSE_VERIFIER,SECONDARY_COVERAGE90,same_question_different_image_conflicting_source_answer,2,0,0.0,0,0,0,0,0,0,0.0,0.0,0,0,2,2
20260907,7,13d861159cbf9477,original,M3_C1_PRE_CP_FEATURE_VERIFIER,PRIMARY_SAFETY_FIRST,broad_unrelated_source_qa,18,0,0.0,0,0,0,8,0,8,0.0,0.0,0,8,18,18
20260907,7,13d861159cbf9477,original,M3_C1_PRE_CP_FEATURE_VERIFIER,PRIMARY_SAFETY_FIRST,evaluation_positive,4,3,0.75,0,4,3,0,4,3,0.75,0.75,0,0,1,1
20260907,7,13d861159cbf9477,original,M3_C1_PRE_CP_FEATURE_VERIFIER,PRIMARY_SAFETY_FIRST,formal_T1G,4,3,0.75,0,4,3,0,4,3,0.75,0.75,0,0,1,1
20260907,7,13d861159cbf9477,original,M3_C1_PRE_CP_FEATURE_VERIFIER,PRIMARY_SAFETY_FIRST,formal_T2G,4,0,0.0,0,0,0,0,1,0,0.0,0.0,0,0,4,4
20260907,7,13d861159cbf9477,original,M3_C1_PRE_CP_FEATURE_VERIFIER,PRIMARY_SAFETY_FIRST,native,1,1,1.0,0,1,1,0,1,1,1.0,1.0,0,0,0,0
20260907,7,13d861159cbf9477,original,M3_C1_PRE_CP_FEATURE_VERIFIER,PRIMARY_SAFETY_FIRST,reviewed_same_fact_text_augmentation,4,0,0.0,0,3,0,0,4,0,0.0,0.0,0,0,4,4
20260907,7,13d861159cbf9477,original,M3_C1_PRE_CP_FEATURE_VERIFIER,PRIMARY_SAFETY_FIRST,same_image_other_source_fact,12,0,0.0,0,0,0,6,0,6,0.0,0.0,0,6,12,12
20260907,7,13d861159cbf9477,original,M3_C1_PRE_CP_FEATURE_VERIFIER,PRIMARY_SAFETY_FIRST,same_question_different_image_conflicting_source_answer,2,0,0.0,0,0,0,0,0,0,0.0,0.0,0,0,2,2
20260907,7,13d861159cbf9477,original,M3_C1_PRE_CP_FEATURE_VERIFIER,SECONDARY_COVERAGE90,broad_unrelated_source_qa,18,0,0.0,0,0,0,8,0,8,0.0,0.0,0,8,18,18
20260907,7,13d861159cbf9477,original,M3_C1_PRE_CP_FEATURE_VERIFIER,SECONDARY_COVERAGE90,evaluation_positive,4,3,0.75,0,4,3,0,4,3,0.75,0.75,0,0,1,1
20260907,7,13d861159cbf9477,original,M3_C1_PRE_CP_FEATURE_VERIFIER,SECONDARY_COVERAGE90,formal_T1G,4,3,0.75,0,4,3,0,4,3,0.75,0.75,0,0,1,1
20260907,7,13d861159cbf9477,original,M3_C1_PRE_CP_FEATURE_VERIFIER,SECONDARY_COVERAGE90,formal_T2G,4,0,0.0,0,0,0,0,1,0,0.0,0.0,0,0,4,4
20260907,7,13d861159cbf9477,original,M3_C1_PRE_CP_FEATURE_VERIFIER,SECONDARY_COVERAGE90,native,1,1,1.0,0,1,1,0,1,1,1.0,1.0,0,0,0,0
20260907,7,13d861159cbf9477,original,M3_C1_PRE_CP_FEATURE_VERIFIER,SECONDARY_COVERAGE90,reviewed_same_fact_text_augmentation,4,0,0.0,0,3,0,0,4,0,0.0,0.0,0,0,4,4
20260907,7,13d861159cbf9477,original,M3_C1_PRE_CP_FEATURE_VERIFIER,SECONDARY_COVERAGE90,same_image_other_source_fact,12,0,0.0,0,0,0,6,0,6,0.0,0.0,0,6,12,12
20260907,7,13d861159cbf9477,original,M3_C1_PRE_CP_FEATURE_VERIFIER,SECONDARY_COVERAGE90,same_question_different_image_conflicting_source_answer,2,0,0.0,0,0,0,0,0,0,0.0,0.0,0,0,2,2
20260907,13,1379df4696783d47,matched,M0_C1_R2_MEAN_CONTROL,PRIMARY_SAFETY_FIRST,matched_evaluation_positive,4,1,0.25,0,4,1,0,4,1,0.25,0.25,0,0,3,3
20260907,13,1379df4696783d47,matched,M0_C1_R2_MEAN_CONTROL,PRIMARY_SAFETY_FIRST,matched_hard_image,4,1,0.25,0,0,0,0,0,0,0.0,0.0,0,0,3,3
20260907,13,1379df4696783d47,matched,M0_C1_R2_MEAN_CONTROL,SECONDARY_COVERAGE90,matched_evaluation_positive,4,3,0.75,0,4,3,0,4,3,0.75,0.75,0,0,1,1
20260907,13,1379df4696783d47,matched,M0_C1_R2_MEAN_CONTROL,SECONDARY_COVERAGE90,matched_hard_image,4,3,0.75,0,0,0,0,0,0,0.0,0.0,0,0,1,1
20260907,13,1379df4696783d47,matched,M1_C1_CP_CONJUNCTION_CONTROL,PRIMARY_SAFETY_FIRST,matched_evaluation_positive,4,1,0.25,0,4,1,0,4,1,0.25,0.25,0,0,3,3
20260907,13,1379df4696783d47,matched,M1_C1_CP_CONJUNCTION_CONTROL,PRIMARY_SAFETY_FIRST,matched_hard_image,4,1,0.25,0,0,0,0,0,0,0.0,0.0,0,0,3,3
20260907,13,1379df4696783d47,matched,M1_C1_CP_CONJUNCTION_CONTROL,SECONDARY_COVERAGE90,matched_evaluation_positive,4,3,0.75,0,4,3,0,4,3,0.75,0.75,0,0,1,1
20260907,13,1379df4696783d47,matched,M1_C1_CP_CONJUNCTION_CONTROL,SECONDARY_COVERAGE90,matched_hard_image,4,3,0.75,0,0,0,0,0,0,0.0,0.0,0,0,1,1
20260907,13,1379df4696783d47,matched,M2_C1_CP_RESPONSE_VERIFIER,PRIMARY_SAFETY_FIRST,matched_evaluation_positive,4,1,0.25,0,4,1,0,4,1,0.25,0.25,0,0,3,3
20260907,13,1379df4696783d47,matched,M2_C1_CP_RESPONSE_VERIFIER,PRIMARY_SAFETY_FIRST,matched_hard_image,4,2,0.5,0,0,0,0,0,0,0.0,0.0,0,0,2,2
20260907,13,1379df4696783d47,matched,M2_C1_CP_RESPONSE_VERIFIER,SECONDARY_COVERAGE90,matched_evaluation_positive,4,1,0.25,0,4,1,0,4,1,0.25,0.25,0,0,3,3
20260907,13,1379df4696783d47,matched,M2_C1_CP_RESPONSE_VERIFIER,SECONDARY_COVERAGE90,matched_hard_image,4,2,0.5,0,0,0,0,0,0,0.0,0.0,0,0,2,2
20260907,13,1379df4696783d47,matched,M3_C1_PRE_CP_FEATURE_VERIFIER,PRIMARY_SAFETY_FIRST,matched_evaluation_positive,4,2,0.5,0,4,2,0,4,2,0.5,0.5,0,0,2,2
20260907,13,1379df4696783d47,matched,M3_C1_PRE_CP_FEATURE_VERIFIER,PRIMARY_SAFETY_FIRST,matched_hard_image,4,0,0.0,0,0,0,0,0,0,0.0,0.0,0,0,4,4
20260907,13,1379df4696783d47,matched,M3_C1_PRE_CP_FEATURE_VERIFIER,SECONDARY_COVERAGE90,matched_evaluation_positive,4,2,0.5,0,4,2,0,4,2,0.5,0.5,0,0,2,2
20260907,13,1379df4696783d47,matched,M3_C1_PRE_CP_FEATURE_VERIFIER,SECONDARY_COVERAGE90,matched_hard_image,4,0,0.0,0,0,0,0,0,0,0.0,0.0,0,0,4,4
20260907,13,1379df4696783d47,original,M0_C1_R2_MEAN_CONTROL,CONTINUITY_COVERAGE_CONSTRAINED,broad_unrelated_source_qa,19,0,0.0,0,0,0,4,0,4,0.0,0.0,0,4,19,19
20260907,13,1379df4696783d47,original,M0_C1_R2_MEAN_CONTROL,CONTINUITY_COVERAGE_CONSTRAINED,evaluation_positive,4,3,0.75,0,4,3,0,4,3,0.75,0.75,0,0,1,1
20260907,13,1379df4696783d47,original,M0_C1_R2_MEAN_CONTROL,CONTINUITY_COVERAGE_CONSTRAINED,formal_T1G,4,0,0.0,0,3,0,0,3,0,0.0,0.0,0,0,4,4
20260907,13,1379df4696783d47,original,M0_C1_R2_MEAN_CONTROL,CONTINUITY_COVERAGE_CONSTRAINED,formal_T2G,4,0,0.0,0,1,0,0,1,0,0.0,0.0,0,0,4,4
20260907,13,1379df4696783d47,original,M0_C1_R2_MEAN_CONTROL,CONTINUITY_COVERAGE_CONSTRAINED,native,1,0,0.0,0,1,0,0,1,0,0.0,0.0,0,0,1,1
20260907,13,1379df4696783d47,original,M0_C1_R2_MEAN_CONTROL,CONTINUITY_COVERAGE_CONSTRAINED,reviewed_same_fact_text_augmentation,4,4,1.0,0,2,2,0,2,2,0.5,0.5,0,0,0,0
20260907,13,1379df4696783d47,original,M0_C1_R2_MEAN_CONTROL,CONTINUITY_COVERAGE_CONSTRAINED,same_question_different_image_conflicting_source_answer,1,0,0.0,0,0,0,0,0,0,0.0,0.0,0,0,1,1
20260907,13,1379df4696783d47,original,M0_C1_R2_MEAN_CONTROL,CONTINUITY_SAFETY_FIRST,broad_unrelated_source_qa,19,0,0.0,0,0,0,4,0,4,0.0,0.0,0,4,19,19
20260907,13,1379df4696783d47,original,M0_C1_R2_MEAN_CONTROL,CONTINUITY_SAFETY_FIRST,evaluation_positive,4,3,0.75,0,4,3,0,4,3,0.75,0.75,0,0,1,1
20260907,13,1379df4696783d47,original,M0_C1_R2_MEAN_CONTROL,CONTINUITY_SAFETY_FIRST,formal_T1G,4,0,0.0,0,3,0,0,3,0,0.0,0.0,0,0,4,4
20260907,13,1379df4696783d47,original,M0_C1_R2_MEAN_CONTROL,CONTINUITY_SAFETY_FIRST,formal_T2G,4,0,0.0,0,1,0,0,1,0,0.0,0.0,0,0,4,4
20260907,13,1379df4696783d47,original,M0_C1_R2_MEAN_CONTROL,CONTINUITY_SAFETY_FIRST,native,1,0,0.0,0,1,0,0,1,0,0.0,0.0,0,0,1,1
20260907,13,1379df4696783d47,original,M0_C1_R2_MEAN_CONTROL,CONTINUITY_SAFETY_FIRST,reviewed_same_fact_text_augmentation,4,4,1.0,0,2,2,0,2,2,0.5,0.5,0,0,0,0
20260907,13,1379df4696783d47,original,M0_C1_R2_MEAN_CONTROL,CONTINUITY_SAFETY_FIRST,same_question_different_image_conflicting_source_answer,1,0,0.0,0,0,0,0,0,0,0.0,0.0,0,0,1,1
20260907,13,1379df4696783d47,original,M1_C1_CP_CONJUNCTION_CONTROL,PRIMARY_SAFETY_FIRST,broad_unrelated_source_qa,19,0,0.0,0,0,0,4,0,4,0.0,0.0,0,4,19,19
20260907,13,1379df4696783d47,original,M1_C1_CP_CONJUNCTION_CONTROL,PRIMARY_SAFETY_FIRST,evaluation_positive,4,3,0.75,0,4,3,0,4,3,0.75,0.75,0,0,1,1
20260907,13,1379df4696783d47,original,M1_C1_CP_CONJUNCTION_CONTROL,PRIMARY_SAFETY_FIRST,formal_T1G,4,0,0.0,0,3,0,0,3,0,0.0,0.0,0,0,4,4
20260907,13,1379df4696783d47,original,M1_C1_CP_CONJUNCTION_CONTROL,PRIMARY_SAFETY_FIRST,formal_T2G,4,0,0.0,0,1,0,0,1,0,0.0,0.0,0,0,4,4
20260907,13,1379df4696783d47,original,M1_C1_CP_CONJUNCTION_CONTROL,PRIMARY_SAFETY_FIRST,native,1,0,0.0,0,1,0,0,1,0,0.0,0.0,0,0,1,1
20260907,13,1379df4696783d47,original,M1_C1_CP_CONJUNCTION_CONTROL,PRIMARY_SAFETY_FIRST,reviewed_same_fact_text_augmentation,4,4,1.0,0,2,2,0,2,2,0.5,0.5,0,0,0,0
20260907,13,1379df4696783d47,original,M1_C1_CP_CONJUNCTION_CONTROL,PRIMARY_SAFETY_FIRST,same_question_different_image_conflicting_source_answer,1,0,0.0,0,0,0,0,0,0,0.0,0.0,0,0,1,1
20260907,13,1379df4696783d47,original,M1_C1_CP_CONJUNCTION_CONTROL,SECONDARY_COVERAGE90,broad_unrelated_source_qa,19,0,0.0,0,0,0,4,0,4,0.0,0.0,0,4,19,19
20260907,13,1379df4696783d47,original,M1_C1_CP_CONJUNCTION_CONTROL,SECONDARY_COVERAGE90,evaluation_positive,4,3,0.75,0,4,3,0,4,3,0.75,0.75,0,0,1,1
20260907,13,1379df4696783d47,original,M1_C1_CP_CONJUNCTION_CONTROL,SECONDARY_COVERAGE90,formal_T1G,4,0,0.0,0,3,0,0,3,0,0.0,0.0,0,0,4,4
20260907,13,1379df4696783d47,original,M1_C1_CP_CONJUNCTION_CONTROL,SECONDARY_COVERAGE90,formal_T2G,4,0,0.0,0,1,0,0,1,0,0.0,0.0,0,0,4,4
20260907,13,1379df4696783d47,original,M1_C1_CP_CONJUNCTION_CONTROL,SECONDARY_COVERAGE90,native,1,0,0.0,0,1,0,0,1,0,0.0,0.0,0,0,1,1
20260907,13,1379df4696783d47,original,M1_C1_CP_CONJUNCTION_CONTROL,SECONDARY_COVERAGE90,reviewed_same_fact_text_augmentation,4,4,1.0,0,2,2,0,2,2,0.5,0.5,0,0,0,0
20260907,13,1379df4696783d47,original,M1_C1_CP_CONJUNCTION_CONTROL,SECONDARY_COVERAGE90,same_question_different_image_conflicting_source_answer,1,0,0.0,0,0,0,0,0,0,0.0,0.0,0,0,1,1
20260907,13,1379df4696783d47,original,M2_C1_CP_RESPONSE_VERIFIER,PRIMARY_SAFETY_FIRST,broad_unrelated_source_qa,19,0,0.0,0,0,0,4,0,4,0.0,0.0,0,4,19,19
20260907,13,1379df4696783d47,original,M2_C1_CP_RESPONSE_VERIFIER,PRIMARY_SAFETY_FIRST,evaluation_positive,4,3,0.75,0,4,3,0,4,3,0.75,0.75,0,0,1,1
20260907,13,1379df4696783d47,original,M2_C1_CP_RESPONSE_VERIFIER,PRIMARY_SAFETY_FIRST,formal_T1G,4,0,0.0,0,3,0,0,3,0,0.0,0.0,0,0,4,4
20260907,13,1379df4696783d47,original,M2_C1_CP_RESPONSE_VERIFIER,PRIMARY_SAFETY_FIRST,formal_T2G,4,0,0.0,0,1,0,0,1,0,0.0,0.0,0,0,4,4
20260907,13,1379df4696783d47,original,M2_C1_CP_RESPONSE_VERIFIER,PRIMARY_SAFETY_FIRST,native,1,0,0.0,0,1,0,0,1,0,0.0,0.0,0,0,1,1
20260907,13,1379df4696783d47,original,M2_C1_CP_RESPONSE_VERIFIER,PRIMARY_SAFETY_FIRST,reviewed_same_fact_text_augmentation,4,4,1.0,0,2,2,0,2,2,0.5,0.5,0,0,0,0
20260907,13,1379df4696783d47,original,M2_C1_CP_RESPONSE_VERIFIER,PRIMARY_SAFETY_FIRST,same_question_different_image_conflicting_source_answer,1,0,0.0,0,0,0,0,0,0,0.0,0.0,0,0,1,1
20260907,13,1379df4696783d47,original,M2_C1_CP_RESPONSE_VERIFIER,SECONDARY_COVERAGE90,broad_unrelated_source_qa,19,0,0.0,0,0,0,4,0,4,0.0,0.0,0,4,19,19
20260907,13,1379df4696783d47,original,M2_C1_CP_RESPONSE_VERIFIER,SECONDARY_COVERAGE90,evaluation_positive,4,3,0.75,0,4,3,0,4,3,0.75,0.75,0,0,1,1
20260907,13,1379df4696783d47,original,M2_C1_CP_RESPONSE_VERIFIER,SECONDARY_COVERAGE90,formal_T1G,4,0,0.0,0,3,0,0,3,0,0.0,0.0,0,0,4,4
20260907,13,1379df4696783d47,original,M2_C1_CP_RESPONSE_VERIFIER,SECONDARY_COVERAGE90,formal_T2G,4,0,0.0,0,1,0,0,1,0,0.0,0.0,0,0,4,4
20260907,13,1379df4696783d47,original,M2_C1_CP_RESPONSE_VERIFIER,SECONDARY_COVERAGE90,native,1,0,0.0,0,1,0,0,1,0,0.0,0.0,0,0,1,1
20260907,13,1379df4696783d47,original,M2_C1_CP_RESPONSE_VERIFIER,SECONDARY_COVERAGE90,reviewed_same_fact_text_augmentation,4,4,1.0,0,2,2,0,2,2,0.5,0.5,0,0,0,0
20260907,13,1379df4696783d47,original,M2_C1_CP_RESPONSE_VERIFIER,SECONDARY_COVERAGE90,same_question_different_image_conflicting_source_answer,1,0,0.0,0,0,0,0,0,0,0.0,0.0,0,0,1,1
20260907,13,1379df4696783d47,original,M3_C1_PRE_CP_FEATURE_VERIFIER,PRIMARY_SAFETY_FIRST,broad_unrelated_source_qa,19,0,0.0,0,0,0,4,0,4,0.0,0.0,0,4,19,19
20260907,13,1379df4696783d47,original,M3_C1_PRE_CP_FEATURE_VERIFIER,PRIMARY_SAFETY_FIRST,evaluation_positive,4,4,1.0,0,4,4,0,4,4,1.0,1.0,0,0,0,0
20260907,13,1379df4696783d47,original,M3_C1_PRE_CP_FEATURE_VERIFIER,PRIMARY_SAFETY_FIRST,formal_T1G,4,4,1.0,0,3,3,0,3,3,0.75,0.75,0,0,0,0
20260907,13,1379df4696783d47,original,M3_C1_PRE_CP_FEATURE_VERIFIER,PRIMARY_SAFETY_FIRST,formal_T2G,4,1,0.25,0,1,1,0,1,1,0.25,0.25,0,0,3,3
20260907,13,1379df4696783d47,original,M3_C1_PRE_CP_FEATURE_VERIFIER,PRIMARY_SAFETY_FIRST,native,1,1,1.0,0,1,1,0,1,1,1.0,1.0,0,0,0,0
20260907,13,1379df4696783d47,original,M3_C1_PRE_CP_FEATURE_VERIFIER,PRIMARY_SAFETY_FIRST,reviewed_same_fact_text_augmentation,4,4,1.0,0,2,2,0,2,2,0.5,0.5,0,0,0,0
20260907,13,1379df4696783d47,original,M3_C1_PRE_CP_FEATURE_VERIFIER,PRIMARY_SAFETY_FIRST,same_question_different_image_conflicting_source_answer,1,0,0.0,0,0,0,0,0,0,0.0,0.0,0,0,1,1
20260907,13,1379df4696783d47,original,M3_C1_PRE_CP_FEATURE_VERIFIER,SECONDARY_COVERAGE90,broad_unrelated_source_qa,19,0,0.0,0,0,0,4,0,4,0.0,0.0,0,4,19,19
20260907,13,1379df4696783d47,original,M3_C1_PRE_CP_FEATURE_VERIFIER,SECONDARY_COVERAGE90,evaluation_positive,4,4,1.0,0,4,4,0,4,4,1.0,1.0,0,0,0,0
20260907,13,1379df4696783d47,original,M3_C1_PRE_CP_FEATURE_VERIFIER,SECONDARY_COVERAGE90,formal_T1G,4,4,1.0,0,3,3,0,3,3,0.75,0.75,0,0,0,0
20260907,13,1379df4696783d47,original,M3_C1_PRE_CP_FEATURE_VERIFIER,SECONDARY_COVERAGE90,formal_T2G,4,1,0.25,0,1,1,0,1,1,0.25,0.25,0,0,3,3
20260907,13,1379df4696783d47,original,M3_C1_PRE_CP_FEATURE_VERIFIER,SECONDARY_COVERAGE90,native,1,1,1.0,0,1,1,0,1,1,1.0,1.0,0,0,0,0
20260907,13,1379df4696783d47,original,M3_C1_PRE_CP_FEATURE_VERIFIER,SECONDARY_COVERAGE90,reviewed_same_fact_text_augmentation,4,4,1.0,0,2,2,0,2,2,0.5,0.5,0,0,0,0
20260907,13,1379df4696783d47,original,M3_C1_PRE_CP_FEATURE_VERIFIER,SECONDARY_COVERAGE90,same_question_different_image_conflicting_source_answer,1,0,0.0,0,0,0,0,0,0,0.0,0.0,0,0,1,1
20260907,15,11999d89b31d5f06,matched,M0_C1_R2_MEAN_CONTROL,PRIMARY_SAFETY_FIRST,matched_evaluation_positive,4,3,0.75,0,4,3,0,4,3,0.75,0.75,0,0,1,1
20260907,15,11999d89b31d5f06,matched,M0_C1_R2_MEAN_CONTROL,PRIMARY_SAFETY_FIRST,matched_hard_image,20,0,0.0,0,0,0,0,0,0,0.0,0.0,0,0,20,20
20260907,15,11999d89b31d5f06,matched,M0_C1_R2_MEAN_CONTROL,SECONDARY_COVERAGE90,matched_evaluation_positive,4,4,1.0,0,4,4,0,4,4,1.0,1.0,0,0,0,0
20260907,15,11999d89b31d5f06,matched,M0_C1_R2_MEAN_CONTROL,SECONDARY_COVERAGE90,matched_hard_image,20,9,0.45,0,0,0,0,0,0,0.0,0.0,0,0,11,11
20260907,15,11999d89b31d5f06,matched,M1_C1_CP_CONJUNCTION_CONTROL,PRIMARY_SAFETY_FIRST,matched_evaluation_positive,4,2,0.5,0,4,2,0,4,2,0.5,0.5,0,0,2,2
20260907,15,11999d89b31d5f06,matched,M1_C1_CP_CONJUNCTION_CONTROL,PRIMARY_SAFETY_FIRST,matched_hard_image,20,0,0.0,0,0,0,0,0,0,0.0,0.0,0,0,20,20
20260907,15,11999d89b31d5f06,matched,M1_C1_CP_CONJUNCTION_CONTROL,SECONDARY_COVERAGE90,matched_evaluation_positive,4,3,0.75,0,4,3,0,4,3,0.75,0.75,0,0,1,1
20260907,15,11999d89b31d5f06,matched,M1_C1_CP_CONJUNCTION_CONTROL,SECONDARY_COVERAGE90,matched_hard_image,20,9,0.45,0,0,0,0,0,0,0.0,0.0,0,0,11,11
20260907,15,11999d89b31d5f06,matched,M2_C1_CP_RESPONSE_VERIFIER,PRIMARY_SAFETY_FIRST,matched_evaluation_positive,4,2,0.5,0,4,2,0,4,2,0.5,0.5,0,0,2,2
20260907,15,11999d89b31d5f06,matched,M2_C1_CP_RESPONSE_VERIFIER,PRIMARY_SAFETY_FIRST,matched_hard_image,20,0,0.0,0,0,0,0,0,0,0.0,0.0,0,0,20,20
20260907,15,11999d89b31d5f06,matched,M2_C1_CP_RESPONSE_VERIFIER,SECONDARY_COVERAGE90,matched_evaluation_positive,4,2,0.5,0,4,2,0,4,2,0.5,0.5,0,0,2,2
20260907,15,11999d89b31d5f06,matched,M2_C1_CP_RESPONSE_VERIFIER,SECONDARY_COVERAGE90,matched_hard_image,20,0,0.0,0,0,0,0,0,0,0.0,0.0,0,0,20,20
20260907,15,11999d89b31d5f06,matched,M3_C1_PRE_CP_FEATURE_VERIFIER,PRIMARY_SAFETY_FIRST,matched_evaluation_positive,4,3,0.75,0,4,3,0,4,3,0.75,0.75,0,0,1,1
20260907,15,11999d89b31d5f06,matched,M3_C1_PRE_CP_FEATURE_VERIFIER,PRIMARY_SAFETY_FIRST,matched_hard_image,20,0,0.0,0,0,0,0,0,0,0.0,0.0,0,0,20,20
20260907,15,11999d89b31d5f06,matched,M3_C1_PRE_CP_FEATURE_VERIFIER,SECONDARY_COVERAGE90,matched_evaluation_positive,4,3,0.75,0,4,3,0,4,3,0.75,0.75,0,0,1,1
20260907,15,11999d89b31d5f06,matched,M3_C1_PRE_CP_FEATURE_VERIFIER,SECONDARY_COVERAGE90,matched_hard_image,20,0,0.0,0,0,0,0,0,0,0.0,0.0,0,0,20,20
20260907,15,11999d89b31d5f06,original,M0_C1_R2_MEAN_CONTROL,CONTINUITY_COVERAGE_CONSTRAINED,broad_unrelated_source_qa,15,0,0.0,0,0,0,5,7,5,0.0,0.0,0,5,15,15
20260907,15,11999d89b31d5f06,original,M0_C1_R2_MEAN_CONTROL,CONTINUITY_COVERAGE_CONSTRAINED,evaluation_positive,4,4,1.0,0,4,4,0,4,4,1.0,1.0,0,0,0,0
20260907,15,11999d89b31d5f06,original,M0_C1_R2_MEAN_CONTROL,CONTINUITY_COVERAGE_CONSTRAINED,formal_T1G,2,2,1.0,0,2,2,0,2,2,1.0,1.0,0,0,0,0
20260907,15,11999d89b31d5f06,original,M0_C1_R2_MEAN_CONTROL,CONTINUITY_COVERAGE_CONSTRAINED,formal_T1L,5,3,0.6,0,2,2,2,2,2,0.4,0.4,0,2,2,2
20260907,15,11999d89b31d5f06,original,M0_C1_R2_MEAN_CONTROL,CONTINUITY_COVERAGE_CONSTRAINED,formal_T2G,4,0,0.0,0,2,0,0,3,0,0.0,0.0,0,0,4,4
20260907,15,11999d89b31d5f06,original,M0_C1_R2_MEAN_CONTROL,CONTINUITY_COVERAGE_CONSTRAINED,native,1,1,1.0,0,1,1,0,1,1,1.0,1.0,0,0,0,0
20260907,15,11999d89b31d5f06,original,M0_C1_R2_MEAN_CONTROL,CONTINUITY_COVERAGE_CONSTRAINED,reviewed_same_fact_text_augmentation,4,4,1.0,0,4,4,0,4,4,1.0,1.0,0,0,0,0
20260907,15,11999d89b31d5f06,original,M0_C1_R2_MEAN_CONTROL,CONTINUITY_COVERAGE_CONSTRAINED,same_question_different_image_conflicting_source_answer,5,1,0.2,0,0,0,0,0,0,0.0,0.0,0,0,4,4
20260907,15,11999d89b31d5f06,original,M0_C1_R2_MEAN_CONTROL,CONTINUITY_SAFETY_FIRST,broad_unrelated_source_qa,15,0,0.0,0,0,0,5,7,5,0.0,0.0,0,5,15,15
20260907,15,11999d89b31d5f06,original,M0_C1_R2_MEAN_CONTROL,CONTINUITY_SAFETY_FIRST,evaluation_positive,4,4,1.0,0,4,4,0,4,4,1.0,1.0,0,0,0,0
20260907,15,11999d89b31d5f06,original,M0_C1_R2_MEAN_CONTROL,CONTINUITY_SAFETY_FIRST,formal_T1G,2,2,1.0,0,2,2,0,2,2,1.0,1.0,0,0,0,0
20260907,15,11999d89b31d5f06,original,M0_C1_R2_MEAN_CONTROL,CONTINUITY_SAFETY_FIRST,formal_T1L,5,3,0.6,0,2,2,2,2,2,0.4,0.4,0,2,2,2
20260907,15,11999d89b31d5f06,original,M0_C1_R2_MEAN_CONTROL,CONTINUITY_SAFETY_FIRST,formal_T2G,4,0,0.0,0,2,0,0,3,0,0.0,0.0,0,0,4,4
20260907,15,11999d89b31d5f06,original,M0_C1_R2_MEAN_CONTROL,CONTINUITY_SAFETY_FIRST,native,1,1,1.0,0,1,1,0,1,1,1.0,1.0,0,0,0,0
20260907,15,11999d89b31d5f06,original,M0_C1_R2_MEAN_CONTROL,CONTINUITY_SAFETY_FIRST,reviewed_same_fact_text_augmentation,4,4,1.0,0,4,4,0,4,4,1.0,1.0,0,0,0,0
20260907,15,11999d89b31d5f06,original,M0_C1_R2_MEAN_CONTROL,CONTINUITY_SAFETY_FIRST,same_question_different_image_conflicting_source_answer,5,1,0.2,0,0,0,0,0,0,0.0,0.0,0,0,4,4
20260907,15,11999d89b31d5f06,original,M1_C1_CP_CONJUNCTION_CONTROL,PRIMARY_SAFETY_FIRST,broad_unrelated_source_qa,15,0,0.0,0,0,0,5,7,5,0.0,0.0,0,5,15,15
20260907,15,11999d89b31d5f06,original,M1_C1_CP_CONJUNCTION_CONTROL,PRIMARY_SAFETY_FIRST,evaluation_positive,4,3,0.75,0,4,3,0,4,3,0.75,0.75,0,0,1,1
20260907,15,11999d89b31d5f06,original,M1_C1_CP_CONJUNCTION_CONTROL,PRIMARY_SAFETY_FIRST,formal_T1G,2,2,1.0,0,2,2,0,2,2,1.0,1.0,0,0,0,0
20260907,15,11999d89b31d5f06,original,M1_C1_CP_CONJUNCTION_CONTROL,PRIMARY_SAFETY_FIRST,formal_T1L,5,3,0.6,0,2,2,2,2,2,0.4,0.4,0,2,2,2
20260907,15,11999d89b31d5f06,original,M1_C1_CP_CONJUNCTION_CONTROL,PRIMARY_SAFETY_FIRST,formal_T2G,4,0,0.0,0,2,0,0,3,0,0.0,0.0,0,0,4,4
20260907,15,11999d89b31d5f06,original,M1_C1_CP_CONJUNCTION_CONTROL,PRIMARY_SAFETY_FIRST,native,1,1,1.0,0,1,1,0,1,1,1.0,1.0,0,0,0,0
20260907,15,11999d89b31d5f06,original,M1_C1_CP_CONJUNCTION_CONTROL,PRIMARY_SAFETY_FIRST,reviewed_same_fact_text_augmentation,4,4,1.0,0,4,4,0,4,4,1.0,1.0,0,0,0,0
20260907,15,11999d89b31d5f06,original,M1_C1_CP_CONJUNCTION_CONTROL,PRIMARY_SAFETY_FIRST,same_question_different_image_conflicting_source_answer,5,3,0.6,0,0,0,0,0,0,0.0,0.0,0,0,2,2
20260907,15,11999d89b31d5f06,original,M1_C1_CP_CONJUNCTION_CONTROL,SECONDARY_COVERAGE90,broad_unrelated_source_qa,15,0,0.0,0,0,0,5,7,5,0.0,0.0,0,5,15,15
20260907,15,11999d89b31d5f06,original,M1_C1_CP_CONJUNCTION_CONTROL,SECONDARY_COVERAGE90,evaluation_positive,4,3,0.75,0,4,3,0,4,3,0.75,0.75,0,0,1,1
20260907,15,11999d89b31d5f06,original,M1_C1_CP_CONJUNCTION_CONTROL,SECONDARY_COVERAGE90,formal_T1G,2,2,1.0,0,2,2,0,2,2,1.0,1.0,0,0,0,0
20260907,15,11999d89b31d5f06,original,M1_C1_CP_CONJUNCTION_CONTROL,SECONDARY_COVERAGE90,formal_T1L,5,3,0.6,0,2,2,2,2,2,0.4,0.4,0,2,2,2
20260907,15,11999d89b31d5f06,original,M1_C1_CP_CONJUNCTION_CONTROL,SECONDARY_COVERAGE90,formal_T2G,4,0,0.0,0,2,0,0,3,0,0.0,0.0,0,0,4,4
20260907,15,11999d89b31d5f06,original,M1_C1_CP_CONJUNCTION_CONTROL,SECONDARY_COVERAGE90,native,1,1,1.0,0,1,1,0,1,1,1.0,1.0,0,0,0,0
20260907,15,11999d89b31d5f06,original,M1_C1_CP_CONJUNCTION_CONTROL,SECONDARY_COVERAGE90,reviewed_same_fact_text_augmentation,4,4,1.0,0,4,4,0,4,4,1.0,1.0,0,0,0,0
20260907,15,11999d89b31d5f06,original,M1_C1_CP_CONJUNCTION_CONTROL,SECONDARY_COVERAGE90,same_question_different_image_conflicting_source_answer,5,3,0.6,0,0,0,0,0,0,0.0,0.0,0,0,2,2
20260907,15,11999d89b31d5f06,original,M2_C1_CP_RESPONSE_VERIFIER,PRIMARY_SAFETY_FIRST,broad_unrelated_source_qa,15,0,0.0,0,0,0,5,7,5,0.0,0.0,0,5,15,15
20260907,15,11999d89b31d5f06,original,M2_C1_CP_RESPONSE_VERIFIER,PRIMARY_SAFETY_FIRST,evaluation_positive,4,3,0.75,0,4,3,0,4,3,0.75,0.75,0,0,1,1
20260907,15,11999d89b31d5f06,original,M2_C1_CP_RESPONSE_VERIFIER,PRIMARY_SAFETY_FIRST,formal_T1G,2,2,1.0,0,2,2,0,2,2,1.0,1.0,0,0,0,0
20260907,15,11999d89b31d5f06,original,M2_C1_CP_RESPONSE_VERIFIER,PRIMARY_SAFETY_FIRST,formal_T1L,5,3,0.6,0,2,2,2,2,2,0.4,0.4,0,2,2,2
20260907,15,11999d89b31d5f06,original,M2_C1_CP_RESPONSE_VERIFIER,PRIMARY_SAFETY_FIRST,formal_T2G,4,2,0.5,0,2,2,0,3,2,0.5,0.5,0,0,2,2
20260907,15,11999d89b31d5f06,original,M2_C1_CP_RESPONSE_VERIFIER,PRIMARY_SAFETY_FIRST,native,1,1,1.0,0,1,1,0,1,1,1.0,1.0,0,0,0,0
20260907,15,11999d89b31d5f06,original,M2_C1_CP_RESPONSE_VERIFIER,PRIMARY_SAFETY_FIRST,reviewed_same_fact_text_augmentation,4,4,1.0,0,4,4,0,4,4,1.0,1.0,0,0,0,0
20260907,15,11999d89b31d5f06,original,M2_C1_CP_RESPONSE_VERIFIER,PRIMARY_SAFETY_FIRST,same_question_different_image_conflicting_source_answer,5,0,0.0,0,0,0,0,0,0,0.0,0.0,0,0,5,5
20260907,15,11999d89b31d5f06,original,M2_C1_CP_RESPONSE_VERIFIER,SECONDARY_COVERAGE90,broad_unrelated_source_qa,15,0,0.0,0,0,0,5,7,5,0.0,0.0,0,5,15,15
20260907,15,11999d89b31d5f06,original,M2_C1_CP_RESPONSE_VERIFIER,SECONDARY_COVERAGE90,evaluation_positive,4,3,0.75,0,4,3,0,4,3,0.75,0.75,0,0,1,1
20260907,15,11999d89b31d5f06,original,M2_C1_CP_RESPONSE_VERIFIER,SECONDARY_COVERAGE90,formal_T1G,2,2,1.0,0,2,2,0,2,2,1.0,1.0,0,0,0,0
20260907,15,11999d89b31d5f06,original,M2_C1_CP_RESPONSE_VERIFIER,SECONDARY_COVERAGE90,formal_T1L,5,3,0.6,0,2,2,2,2,2,0.4,0.4,0,2,2,2
20260907,15,11999d89b31d5f06,original,M2_C1_CP_RESPONSE_VERIFIER,SECONDARY_COVERAGE90,formal_T2G,4,2,0.5,0,2,2,0,3,2,0.5,0.5,0,0,2,2
20260907,15,11999d89b31d5f06,original,M2_C1_CP_RESPONSE_VERIFIER,SECONDARY_COVERAGE90,native,1,1,1.0,0,1,1,0,1,1,1.0,1.0,0,0,0,0
20260907,15,11999d89b31d5f06,original,M2_C1_CP_RESPONSE_VERIFIER,SECONDARY_COVERAGE90,reviewed_same_fact_text_augmentation,4,4,1.0,0,4,4,0,4,4,1.0,1.0,0,0,0,0
20260907,15,11999d89b31d5f06,original,M2_C1_CP_RESPONSE_VERIFIER,SECONDARY_COVERAGE90,same_question_different_image_conflicting_source_answer,5,0,0.0,0,0,0,0,0,0,0.0,0.0,0,0,5,5
20260907,15,11999d89b31d5f06,original,M3_C1_PRE_CP_FEATURE_VERIFIER,PRIMARY_SAFETY_FIRST,broad_unrelated_source_qa,15,1,0.06666666666666667,0,0,0,5,7,5,0.0,0.0,0,5,14,14
20260907,15,11999d89b31d5f06,original,M3_C1_PRE_CP_FEATURE_VERIFIER,PRIMARY_SAFETY_FIRST,evaluation_positive,4,3,0.75,0,4,3,0,4,3,0.75,0.75,0,0,1,1
20260907,15,11999d89b31d5f06,original,M3_C1_PRE_CP_FEATURE_VERIFIER,PRIMARY_SAFETY_FIRST,formal_T1G,2,0,0.0,0,2,0,0,2,0,0.0,0.0,0,0,2,2
20260907,15,11999d89b31d5f06,original,M3_C1_PRE_CP_FEATURE_VERIFIER,PRIMARY_SAFETY_FIRST,formal_T1L,5,0,0.0,0,2,0,2,2,2,0.0,0.0,0,2,5,5
20260907,15,11999d89b31d5f06,original,M3_C1_PRE_CP_FEATURE_VERIFIER,PRIMARY_SAFETY_FIRST,formal_T2G,4,3,0.75,0,2,2,0,3,3,0.5,0.75,0,0,1,1
20260907,15,11999d89b31d5f06,original,M3_C1_PRE_CP_FEATURE_VERIFIER,PRIMARY_SAFETY_FIRST,native,1,1,1.0,0,1,1,0,1,1,1.0,1.0,0,0,0,0
20260907,15,11999d89b31d5f06,original,M3_C1_PRE_CP_FEATURE_VERIFIER,PRIMARY_SAFETY_FIRST,reviewed_same_fact_text_augmentation,4,2,0.5,0,4,2,0,4,2,0.5,0.5,0,0,2,2
20260907,15,11999d89b31d5f06,original,M3_C1_PRE_CP_FEATURE_VERIFIER,PRIMARY_SAFETY_FIRST,same_question_different_image_conflicting_source_answer,5,0,0.0,0,0,0,0,0,0,0.0,0.0,0,0,5,5
20260907,15,11999d89b31d5f06,original,M3_C1_PRE_CP_FEATURE_VERIFIER,SECONDARY_COVERAGE90,broad_unrelated_source_qa,15,1,0.06666666666666667,0,0,0,5,7,5,0.0,0.0,0,5,14,14
20260907,15,11999d89b31d5f06,original,M3_C1_PRE_CP_FEATURE_VERIFIER,SECONDARY_COVERAGE90,evaluation_positive,4,3,0.75,0,4,3,0,4,3,0.75,0.75,0,0,1,1
20260907,15,11999d89b31d5f06,original,M3_C1_PRE_CP_FEATURE_VERIFIER,SECONDARY_COVERAGE90,formal_T1G,2,0,0.0,0,2,0,0,2,0,0.0,0.0,0,0,2,2
20260907,15,11999d89b31d5f06,original,M3_C1_PRE_CP_FEATURE_VERIFIER,SECONDARY_COVERAGE90,formal_T1L,5,0,0.0,0,2,0,2,2,2,0.0,0.0,0,2,5,5
20260907,15,11999d89b31d5f06,original,M3_C1_PRE_CP_FEATURE_VERIFIER,SECONDARY_COVERAGE90,formal_T2G,4,3,0.75,0,2,2,0,3,3,0.5,0.75,0,0,1,1
20260907,15,11999d89b31d5f06,original,M3_C1_PRE_CP_FEATURE_VERIFIER,SECONDARY_COVERAGE90,native,1,1,1.0,0,1,1,0,1,1,1.0,1.0,0,0,0,0
20260907,15,11999d89b31d5f06,original,M3_C1_PRE_CP_FEATURE_VERIFIER,SECONDARY_COVERAGE90,reviewed_same_fact_text_augmentation,4,2,0.5,0,4,2,0,4,2,0.5,0.5,0,0,2,2
20260907,15,11999d89b31d5f06,original,M3_C1_PRE_CP_FEATURE_VERIFIER,SECONDARY_COVERAGE90,same_question_different_image_conflicting_source_answer,5,0,0.0,0,0,0,0,0,0,0.0,0.0,0,0,5,5
20260907,16,30c09c9279241ba5,matched,M0_C1_R2_MEAN_CONTROL,PRIMARY_SAFETY_FIRST,matched_evaluation_positive,4,4,1.0,0,4,4,0,4,4,1.0,1.0,0,0,0,0
20260907,16,30c09c9279241ba5,matched,M0_C1_R2_MEAN_CONTROL,PRIMARY_SAFETY_FIRST,matched_hard_image,20,0,0.0,0,0,0,0,0,0,0.0,0.0,0,0,20,20
20260907,16,30c09c9279241ba5,matched,M0_C1_R2_MEAN_CONTROL,SECONDARY_COVERAGE90,matched_evaluation_positive,4,4,1.0,0,4,4,0,4,4,1.0,1.0,0,0,0,0
20260907,16,30c09c9279241ba5,matched,M0_C1_R2_MEAN_CONTROL,SECONDARY_COVERAGE90,matched_hard_image,20,0,0.0,0,0,0,0,0,0,0.0,0.0,0,0,20,20
20260907,16,30c09c9279241ba5,matched,M1_C1_CP_CONJUNCTION_CONTROL,PRIMARY_SAFETY_FIRST,matched_evaluation_positive,4,4,1.0,0,4,4,0,4,4,1.0,1.0,0,0,0,0
20260907,16,30c09c9279241ba5,matched,M1_C1_CP_CONJUNCTION_CONTROL,PRIMARY_SAFETY_FIRST,matched_hard_image,20,0,0.0,0,0,0,0,0,0,0.0,0.0,0,0,20,20
20260907,16,30c09c9279241ba5,matched,M1_C1_CP_CONJUNCTION_CONTROL,SECONDARY_COVERAGE90,matched_evaluation_positive,4,4,1.0,0,4,4,0,4,4,1.0,1.0,0,0,0,0
20260907,16,30c09c9279241ba5,matched,M1_C1_CP_CONJUNCTION_CONTROL,SECONDARY_COVERAGE90,matched_hard_image,20,0,0.0,0,0,0,0,0,0,0.0,0.0,0,0,20,20
20260907,16,30c09c9279241ba5,matched,M2_C1_CP_RESPONSE_VERIFIER,PRIMARY_SAFETY_FIRST,matched_evaluation_positive,4,4,1.0,0,4,4,0,4,4,1.0,1.0,0,0,0,0
20260907,16,30c09c9279241ba5,matched,M2_C1_CP_RESPONSE_VERIFIER,PRIMARY_SAFETY_FIRST,matched_hard_image,20,0,0.0,0,0,0,0,0,0,0.0,0.0,0,0,20,20
20260907,16,30c09c9279241ba5,matched,M2_C1_CP_RESPONSE_VERIFIER,SECONDARY_COVERAGE90,matched_evaluation_positive,4,4,1.0,0,4,4,0,4,4,1.0,1.0,0,0,0,0
20260907,16,30c09c9279241ba5,matched,M2_C1_CP_RESPONSE_VERIFIER,SECONDARY_COVERAGE90,matched_hard_image,20,0,0.0,0,0,0,0,0,0,0.0,0.0,0,0,20,20
20260907,16,30c09c9279241ba5,matched,M3_C1_PRE_CP_FEATURE_VERIFIER,PRIMARY_SAFETY_FIRST,matched_evaluation_positive,4,3,0.75,0,4,3,0,4,3,0.75,0.75,0,0,1,1
20260907,16,30c09c9279241ba5,matched,M3_C1_PRE_CP_FEATURE_VERIFIER,PRIMARY_SAFETY_FIRST,matched_hard_image,20,4,0.2,0,0,0,0,0,0,0.0,0.0,0,0,16,16
20260907,16,30c09c9279241ba5,matched,M3_C1_PRE_CP_FEATURE_VERIFIER,SECONDARY_COVERAGE90,matched_evaluation_positive,4,3,0.75,0,4,3,0,4,3,0.75,0.75,0,0,1,1
20260907,16,30c09c9279241ba5,matched,M3_C1_PRE_CP_FEATURE_VERIFIER,SECONDARY_COVERAGE90,matched_hard_image,20,4,0.2,0,0,0,0,0,0,0.0,0.0,0,0,16,16
20260907,16,30c09c9279241ba5,original,M0_C1_R2_MEAN_CONTROL,CONTINUITY_COVERAGE_CONSTRAINED,broad_unrelated_source_qa,15,0,0.0,0,0,0,3,3,3,0.0,0.0,0,3,15,15
20260907,16,30c09c9279241ba5,original,M0_C1_R2_MEAN_CONTROL,CONTINUITY_COVERAGE_CONSTRAINED,evaluation_positive,4,4,1.0,0,4,4,0,4,4,1.0,1.0,0,0,0,0
20260907,16,30c09c9279241ba5,original,M0_C1_R2_MEAN_CONTROL,CONTINUITY_COVERAGE_CONSTRAINED,formal_T1G,4,0,0.0,0,4,0,0,4,0,0.0,0.0,0,0,4,4
20260907,16,30c09c9279241ba5,original,M0_C1_R2_MEAN_CONTROL,CONTINUITY_COVERAGE_CONSTRAINED,formal_T1L,5,0,0.0,0,0,0,2,0,2,0.0,0.0,0,2,5,5
20260907,16,30c09c9279241ba5,original,M0_C1_R2_MEAN_CONTROL,CONTINUITY_COVERAGE_CONSTRAINED,formal_T2G,4,2,0.5,0,0,0,0,0,0,0.0,0.0,0,0,2,2
20260907,16,30c09c9279241ba5,original,M0_C1_R2_MEAN_CONTROL,CONTINUITY_COVERAGE_CONSTRAINED,native,1,1,1.0,0,1,1,0,1,1,1.0,1.0,0,0,0,0
20260907,16,30c09c9279241ba5,original,M0_C1_R2_MEAN_CONTROL,CONTINUITY_COVERAGE_CONSTRAINED,reviewed_same_fact_text_augmentation,4,4,1.0,0,4,4,0,4,4,1.0,1.0,0,0,0,0
20260907,16,30c09c9279241ba5,original,M0_C1_R2_MEAN_CONTROL,CONTINUITY_COVERAGE_CONSTRAINED,same_question_different_image_conflicting_source_answer,5,0,0.0,0,0,0,0,0,0,0.0,0.0,0,0,5,5
20260907,16,30c09c9279241ba5,original,M0_C1_R2_MEAN_CONTROL,CONTINUITY_SAFETY_FIRST,broad_unrelated_source_qa,15,0,0.0,0,0,0,3,3,3,0.0,0.0,0,3,15,15
20260907,16,30c09c9279241ba5,original,M0_C1_R2_MEAN_CONTROL,CONTINUITY_SAFETY_FIRST,evaluation_positive,4,4,1.0,0,4,4,0,4,4,1.0,1.0,0,0,0,0
20260907,16,30c09c9279241ba5,original,M0_C1_R2_MEAN_CONTROL,CONTINUITY_SAFETY_FIRST,formal_T1G,4,0,0.0,0,4,0,0,4,0,0.0,0.0,0,0,4,4
20260907,16,30c09c9279241ba5,original,M0_C1_R2_MEAN_CONTROL,CONTINUITY_SAFETY_FIRST,formal_T1L,5,0,0.0,0,0,0,2,0,2,0.0,0.0,0,2,5,5
20260907,16,30c09c9279241ba5,original,M0_C1_R2_MEAN_CONTROL,CONTINUITY_SAFETY_FIRST,formal_T2G,4,2,0.5,0,0,0,0,0,0,0.0,0.0,0,0,2,2
20260907,16,30c09c9279241ba5,original,M0_C1_R2_MEAN_CONTROL,CONTINUITY_SAFETY_FIRST,native,1,1,1.0,0,1,1,0,1,1,1.0,1.0,0,0,0,0
20260907,16,30c09c9279241ba5,original,M0_C1_R2_MEAN_CONTROL,CONTINUITY_SAFETY_FIRST,reviewed_same_fact_text_augmentation,4,4,1.0,0,4,4,0,4,4,1.0,1.0,0,0,0,0
20260907,16,30c09c9279241ba5,original,M0_C1_R2_MEAN_CONTROL,CONTINUITY_SAFETY_FIRST,same_question_different_image_conflicting_source_answer,5,0,0.0,0,0,0,0,0,0,0.0,0.0,0,0,5,5
20260907,16,30c09c9279241ba5,original,M1_C1_CP_CONJUNCTION_CONTROL,PRIMARY_SAFETY_FIRST,broad_unrelated_source_qa,15,0,0.0,0,0,0,3,3,3,0.0,0.0,0,3,15,15
20260907,16,30c09c9279241ba5,original,M1_C1_CP_CONJUNCTION_CONTROL,PRIMARY_SAFETY_FIRST,evaluation_positive,4,4,1.0,0,4,4,0,4,4,1.0,1.0,0,0,0,0
20260907,16,30c09c9279241ba5,original,M1_C1_CP_CONJUNCTION_CONTROL,PRIMARY_SAFETY_FIRST,formal_T1G,4,0,0.0,0,4,0,0,4,0,0.0,0.0,0,0,4,4
20260907,16,30c09c9279241ba5,original,M1_C1_CP_CONJUNCTION_CONTROL,PRIMARY_SAFETY_FIRST,formal_T1L,5,0,0.0,0,0,0,2,0,2,0.0,0.0,0,2,5,5
20260907,16,30c09c9279241ba5,original,M1_C1_CP_CONJUNCTION_CONTROL,PRIMARY_SAFETY_FIRST,formal_T2G,4,0,0.0,0,0,0,0,0,0,0.0,0.0,0,0,4,4
20260907,16,30c09c9279241ba5,original,M1_C1_CP_CONJUNCTION_CONTROL,PRIMARY_SAFETY_FIRST,native,1,0,0.0,0,1,0,0,1,0,0.0,0.0,0,0,1,1
20260907,16,30c09c9279241ba5,original,M1_C1_CP_CONJUNCTION_CONTROL,PRIMARY_SAFETY_FIRST,reviewed_same_fact_text_augmentation,4,3,0.75,0,4,3,0,4,3,0.75,0.75,0,0,1,1
20260907,16,30c09c9279241ba5,original,M1_C1_CP_CONJUNCTION_CONTROL,PRIMARY_SAFETY_FIRST,same_question_different_image_conflicting_source_answer,5,0,0.0,0,0,0,0,0,0,0.0,0.0,0,0,5,5
20260907,16,30c09c9279241ba5,original,M1_C1_CP_CONJUNCTION_CONTROL,SECONDARY_COVERAGE90,broad_unrelated_source_qa,15,0,0.0,0,0,0,3,3,3,0.0,0.0,0,3,15,15
20260907,16,30c09c9279241ba5,original,M1_C1_CP_CONJUNCTION_CONTROL,SECONDARY_COVERAGE90,evaluation_positive,4,4,1.0,0,4,4,0,4,4,1.0,1.0,0,0,0,0
20260907,16,30c09c9279241ba5,original,M1_C1_CP_CONJUNCTION_CONTROL,SECONDARY_COVERAGE90,formal_T1G,4,0,0.0,0,4,0,0,4,0,0.0,0.0,0,0,4,4
20260907,16,30c09c9279241ba5,original,M1_C1_CP_CONJUNCTION_CONTROL,SECONDARY_COVERAGE90,formal_T1L,5,0,0.0,0,0,0,2,0,2,0.0,0.0,0,2,5,5
20260907,16,30c09c9279241ba5,original,M1_C1_CP_CONJUNCTION_CONTROL,SECONDARY_COVERAGE90,formal_T2G,4,0,0.0,0,0,0,0,0,0,0.0,0.0,0,0,4,4
20260907,16,30c09c9279241ba5,original,M1_C1_CP_CONJUNCTION_CONTROL,SECONDARY_COVERAGE90,native,1,0,0.0,0,1,0,0,1,0,0.0,0.0,0,0,1,1
20260907,16,30c09c9279241ba5,original,M1_C1_CP_CONJUNCTION_CONTROL,SECONDARY_COVERAGE90,reviewed_same_fact_text_augmentation,4,3,0.75,0,4,3,0,4,3,0.75,0.75,0,0,1,1
20260907,16,30c09c9279241ba5,original,M1_C1_CP_CONJUNCTION_CONTROL,SECONDARY_COVERAGE90,same_question_different_image_conflicting_source_answer,5,0,0.0,0,0,0,0,0,0,0.0,0.0,0,0,5,5
20260907,16,30c09c9279241ba5,original,M2_C1_CP_RESPONSE_VERIFIER,PRIMARY_SAFETY_FIRST,broad_unrelated_source_qa,15,0,0.0,0,0,0,3,3,3,0.0,0.0,0,3,15,15
20260907,16,30c09c9279241ba5,original,M2_C1_CP_RESPONSE_VERIFIER,PRIMARY_SAFETY_FIRST,evaluation_positive,4,4,1.0,0,4,4,0,4,4,1.0,1.0,0,0,0,0
20260907,16,30c09c9279241ba5,original,M2_C1_CP_RESPONSE_VERIFIER,PRIMARY_SAFETY_FIRST,formal_T1G,4,0,0.0,0,4,0,0,4,0,0.0,0.0,0,0,4,4
20260907,16,30c09c9279241ba5,original,M2_C1_CP_RESPONSE_VERIFIER,PRIMARY_SAFETY_FIRST,formal_T1L,5,0,0.0,0,0,0,2,0,2,0.0,0.0,0,2,5,5
20260907,16,30c09c9279241ba5,original,M2_C1_CP_RESPONSE_VERIFIER,PRIMARY_SAFETY_FIRST,formal_T2G,4,2,0.5,0,0,0,0,0,0,0.0,0.0,0,0,2,2
20260907,16,30c09c9279241ba5,original,M2_C1_CP_RESPONSE_VERIFIER,PRIMARY_SAFETY_FIRST,native,1,1,1.0,0,1,1,0,1,1,1.0,1.0,0,0,0,0
20260907,16,30c09c9279241ba5,original,M2_C1_CP_RESPONSE_VERIFIER,PRIMARY_SAFETY_FIRST,reviewed_same_fact_text_augmentation,4,4,1.0,0,4,4,0,4,4,1.0,1.0,0,0,0,0
20260907,16,30c09c9279241ba5,original,M2_C1_CP_RESPONSE_VERIFIER,PRIMARY_SAFETY_FIRST,same_question_different_image_conflicting_source_answer,5,0,0.0,0,0,0,0,0,0,0.0,0.0,0,0,5,5
20260907,16,30c09c9279241ba5,original,M2_C1_CP_RESPONSE_VERIFIER,SECONDARY_COVERAGE90,broad_unrelated_source_qa,15,0,0.0,0,0,0,3,3,3,0.0,0.0,0,3,15,15
20260907,16,30c09c9279241ba5,original,M2_C1_CP_RESPONSE_VERIFIER,SECONDARY_COVERAGE90,evaluation_positive,4,4,1.0,0,4,4,0,4,4,1.0,1.0,0,0,0,0
20260907,16,30c09c9279241ba5,original,M2_C1_CP_RESPONSE_VERIFIER,SECONDARY_COVERAGE90,formal_T1G,4,0,0.0,0,4,0,0,4,0,0.0,0.0,0,0,4,4
20260907,16,30c09c9279241ba5,original,M2_C1_CP_RESPONSE_VERIFIER,SECONDARY_COVERAGE90,formal_T1L,5,0,0.0,0,0,0,2,0,2,0.0,0.0,0,2,5,5
20260907,16,30c09c9279241ba5,original,M2_C1_CP_RESPONSE_VERIFIER,SECONDARY_COVERAGE90,formal_T2G,4,2,0.5,0,0,0,0,0,0,0.0,0.0,0,0,2,2
20260907,16,30c09c9279241ba5,original,M2_C1_CP_RESPONSE_VERIFIER,SECONDARY_COVERAGE90,native,1,1,1.0,0,1,1,0,1,1,1.0,1.0,0,0,0,0
20260907,16,30c09c9279241ba5,original,M2_C1_CP_RESPONSE_VERIFIER,SECONDARY_COVERAGE90,reviewed_same_fact_text_augmentation,4,4,1.0,0,4,4,0,4,4,1.0,1.0,0,0,0,0
20260907,16,30c09c9279241ba5,original,M2_C1_CP_RESPONSE_VERIFIER,SECONDARY_COVERAGE90,same_question_different_image_conflicting_source_answer,5,0,0.0,0,0,0,0,0,0,0.0,0.0,0,0,5,5
20260907,16,30c09c9279241ba5,original,M3_C1_PRE_CP_FEATURE_VERIFIER,PRIMARY_SAFETY_FIRST,broad_unrelated_source_qa,15,0,0.0,0,0,0,3,3,3,0.0,0.0,0,3,15,15
20260907,16,30c09c9279241ba5,original,M3_C1_PRE_CP_FEATURE_VERIFIER,PRIMARY_SAFETY_FIRST,evaluation_positive,4,4,1.0,0,4,4,0,4,4,1.0,1.0,0,0,0,0
20260907,16,30c09c9279241ba5,original,M3_C1_PRE_CP_FEATURE_VERIFIER,PRIMARY_SAFETY_FIRST,formal_T1G,4,0,0.0,0,4,0,0,4,0,0.0,0.0,0,0,4,4
20260907,16,30c09c9279241ba5,original,M3_C1_PRE_CP_FEATURE_VERIFIER,PRIMARY_SAFETY_FIRST,formal_T1L,5,0,0.0,0,0,0,2,0,2,0.0,0.0,0,2,5,5
20260907,16,30c09c9279241ba5,original,M3_C1_PRE_CP_FEATURE_VERIFIER,PRIMARY_SAFETY_FIRST,formal_T2G,4,2,0.5,0,0,0,0,0,0,0.0,0.0,0,0,2,2
20260907,16,30c09c9279241ba5,original,M3_C1_PRE_CP_FEATURE_VERIFIER,PRIMARY_SAFETY_FIRST,native,1,1,1.0,0,1,1,0,1,1,1.0,1.0,0,0,0,0
20260907,16,30c09c9279241ba5,original,M3_C1_PRE_CP_FEATURE_VERIFIER,PRIMARY_SAFETY_FIRST,reviewed_same_fact_text_augmentation,4,4,1.0,0,4,4,0,4,4,1.0,1.0,0,0,0,0
20260907,16,30c09c9279241ba5,original,M3_C1_PRE_CP_FEATURE_VERIFIER,PRIMARY_SAFETY_FIRST,same_question_different_image_conflicting_source_answer,5,1,0.2,0,0,0,0,0,0,0.0,0.0,0,0,4,4
20260907,16,30c09c9279241ba5,original,M3_C1_PRE_CP_FEATURE_VERIFIER,SECONDARY_COVERAGE90,broad_unrelated_source_qa,15,0,0.0,0,0,0,3,3,3,0.0,0.0,0,3,15,15
20260907,16,30c09c9279241ba5,original,M3_C1_PRE_CP_FEATURE_VERIFIER,SECONDARY_COVERAGE90,evaluation_positive,4,4,1.0,0,4,4,0,4,4,1.0,1.0,0,0,0,0
20260907,16,30c09c9279241ba5,original,M3_C1_PRE_CP_FEATURE_VERIFIER,SECONDARY_COVERAGE90,formal_T1G,4,0,0.0,0,4,0,0,4,0,0.0,0.0,0,0,4,4
20260907,16,30c09c9279241ba5,original,M3_C1_PRE_CP_FEATURE_VERIFIER,SECONDARY_COVERAGE90,formal_T1L,5,0,0.0,0,0,0,2,0,2,0.0,0.0,0,2,5,5
20260907,16,30c09c9279241ba5,original,M3_C1_PRE_CP_FEATURE_VERIFIER,SECONDARY_COVERAGE90,formal_T2G,4,2,0.5,0,0,0,0,0,0,0.0,0.0,0,0,2,2
20260907,16,30c09c9279241ba5,original,M3_C1_PRE_CP_FEATURE_VERIFIER,SECONDARY_COVERAGE90,native,1,1,1.0,0,1,1,0,1,1,1.0,1.0,0,0,0,0
20260907,16,30c09c9279241ba5,original,M3_C1_PRE_CP_FEATURE_VERIFIER,SECONDARY_COVERAGE90,reviewed_same_fact_text_augmentation,4,4,1.0,0,4,4,0,4,4,1.0,1.0,0,0,0,0
20260907,16,30c09c9279241ba5,original,M3_C1_PRE_CP_FEATURE_VERIFIER,SECONDARY_COVERAGE90,same_question_different_image_conflicting_source_answer,5,1,0.2,0,0,0,0,0,0,0.0,0.0,0,0,4,4
20260908,1,01223e258bbc7a1f,matched,M0_C1_R2_MEAN_CONTROL,PRIMARY_SAFETY_FIRST,matched_evaluation_positive,4,1,0.25,0,4,1,0,4,1,0.25,0.25,0,0,3,3
20260908,1,01223e258bbc7a1f,matched,M0_C1_R2_MEAN_CONTROL,PRIMARY_SAFETY_FIRST,matched_hard_image,20,0,0.0,0,0,0,4,12,4,0.0,0.0,0,4,20,20
20260908,1,01223e258bbc7a1f,matched,M0_C1_R2_MEAN_CONTROL,SECONDARY_COVERAGE90,matched_evaluation_positive,4,4,1.0,0,4,4,0,4,4,1.0,1.0,0,0,0,0
20260908,1,01223e258bbc7a1f,matched,M0_C1_R2_MEAN_CONTROL,SECONDARY_COVERAGE90,matched_hard_image,20,11,0.55,0,0,0,4,12,8,0.0,0.35,0,4,9,9
20260908,1,01223e258bbc7a1f,matched,M1_C1_CP_CONJUNCTION_CONTROL,PRIMARY_SAFETY_FIRST,matched_evaluation_positive,4,2,0.5,0,4,2,0,4,2,0.5,0.5,0,0,2,2
20260908,1,01223e258bbc7a1f,matched,M1_C1_CP_CONJUNCTION_CONTROL,PRIMARY_SAFETY_FIRST,matched_hard_image,20,2,0.1,0,0,0,4,12,4,0.0,0.0,0,4,18,18
20260908,1,01223e258bbc7a1f,matched,M1_C1_CP_CONJUNCTION_CONTROL,SECONDARY_COVERAGE90,matched_evaluation_positive,4,3,0.75,0,4,3,0,4,3,0.75,0.75,0,0,1,1
20260908,1,01223e258bbc7a1f,matched,M1_C1_CP_CONJUNCTION_CONTROL,SECONDARY_COVERAGE90,matched_hard_image,20,10,0.5,0,0,0,4,12,7,0.0,0.3,0,4,10,10
20260908,1,01223e258bbc7a1f,matched,M2_C1_CP_RESPONSE_VERIFIER,PRIMARY_SAFETY_FIRST,matched_evaluation_positive,4,2,0.5,0,4,2,0,4,2,0.5,0.5,0,0,2,2
20260908,1,01223e258bbc7a1f,matched,M2_C1_CP_RESPONSE_VERIFIER,PRIMARY_SAFETY_FIRST,matched_hard_image,20,0,0.0,0,0,0,4,12,4,0.0,0.0,0,4,20,20
20260908,1,01223e258bbc7a1f,matched,M2_C1_CP_RESPONSE_VERIFIER,SECONDARY_COVERAGE90,matched_evaluation_positive,4,4,1.0,0,4,4,0,4,4,1.0,1.0,0,0,0,0
20260908,1,01223e258bbc7a1f,matched,M2_C1_CP_RESPONSE_VERIFIER,SECONDARY_COVERAGE90,matched_hard_image,20,0,0.0,0,0,0,4,12,4,0.0,0.0,0,4,20,20
20260908,1,01223e258bbc7a1f,matched,M3_C1_PRE_CP_FEATURE_VERIFIER,PRIMARY_SAFETY_FIRST,matched_evaluation_positive,4,4,1.0,0,4,4,0,4,4,1.0,1.0,0,0,0,0
20260908,1,01223e258bbc7a1f,matched,M3_C1_PRE_CP_FEATURE_VERIFIER,PRIMARY_SAFETY_FIRST,matched_hard_image,20,8,0.4,0,0,0,4,12,7,0.0,0.25,0,4,12,12
20260908,1,01223e258bbc7a1f,matched,M3_C1_PRE_CP_FEATURE_VERIFIER,SECONDARY_COVERAGE90,matched_evaluation_positive,4,4,1.0,0,4,4,0,4,4,1.0,1.0,0,0,0,0
20260908,1,01223e258bbc7a1f,matched,M3_C1_PRE_CP_FEATURE_VERIFIER,SECONDARY_COVERAGE90,matched_hard_image,20,10,0.5,0,0,0,4,12,9,0.0,0.35,0,4,10,10
20260908,1,01223e258bbc7a1f,original,M0_C1_R2_MEAN_CONTROL,CONTINUITY_COVERAGE_CONSTRAINED,broad_unrelated_source_qa,15,0,0.0,0,0,0,12,13,12,0.0,0.0,0,12,15,15
20260908,1,01223e258bbc7a1f,original,M0_C1_R2_MEAN_CONTROL,CONTINUITY_COVERAGE_CONSTRAINED,evaluation_positive,4,3,0.75,0,4,3,0,4,3,0.75,0.75,0,0,1,1
20260908,1,01223e258bbc7a1f,original,M0_C1_R2_MEAN_CONTROL,CONTINUITY_COVERAGE_CONSTRAINED,formal_T1G,4,4,1.0,0,4,4,0,4,4,1.0,1.0,0,0,0,0
20260908,1,01223e258bbc7a1f,original,M0_C1_R2_MEAN_CONTROL,CONTINUITY_COVERAGE_CONSTRAINED,formal_T2G,3,1,0.3333333333333333,0,1,1,0,2,1,0.3333333333333333,0.3333333333333333,0,0,2,2
20260908,1,01223e258bbc7a1f,original,M0_C1_R2_MEAN_CONTROL,CONTINUITY_COVERAGE_CONSTRAINED,native,1,1,1.0,0,1,1,0,1,1,1.0,1.0,0,0,0,0
20260908,1,01223e258bbc7a1f,original,M0_C1_R2_MEAN_CONTROL,CONTINUITY_COVERAGE_CONSTRAINED,reviewed_same_fact_text_augmentation,4,4,1.0,0,4,4,0,4,4,1.0,1.0,0,0,0,0
20260908,1,01223e258bbc7a1f,original,M0_C1_R2_MEAN_CONTROL,CONTINUITY_COVERAGE_CONSTRAINED,same_image_other_source_fact,12,0,0.0,0,0,0,3,3,3,0.0,0.0,0,3,12,12
20260908,1,01223e258bbc7a1f,original,M0_C1_R2_MEAN_CONTROL,CONTINUITY_COVERAGE_CONSTRAINED,same_question_different_image_conflicting_source_answer,5,1,0.2,0,0,0,2,3,2,0.0,0.0,0,2,4,4
20260908,1,01223e258bbc7a1f,original,M0_C1_R2_MEAN_CONTROL,CONTINUITY_SAFETY_FIRST,broad_unrelated_source_qa,15,0,0.0,0,0,0,12,13,12,0.0,0.0,0,12,15,15
20260908,1,01223e258bbc7a1f,original,M0_C1_R2_MEAN_CONTROL,CONTINUITY_SAFETY_FIRST,evaluation_positive,4,3,0.75,0,4,3,0,4,3,0.75,0.75,0,0,1,1
20260908,1,01223e258bbc7a1f,original,M0_C1_R2_MEAN_CONTROL,CONTINUITY_SAFETY_FIRST,formal_T1G,4,4,1.0,0,4,4,0,4,4,1.0,1.0,0,0,0,0
20260908,1,01223e258bbc7a1f,original,M0_C1_R2_MEAN_CONTROL,CONTINUITY_SAFETY_FIRST,formal_T2G,3,1,0.3333333333333333,0,1,1,0,2,1,0.3333333333333333,0.3333333333333333,0,0,2,2
20260908,1,01223e258bbc7a1f,original,M0_C1_R2_MEAN_CONTROL,CONTINUITY_SAFETY_FIRST,native,1,1,1.0,0,1,1,0,1,1,1.0,1.0,0,0,0,0
20260908,1,01223e258bbc7a1f,original,M0_C1_R2_MEAN_CONTROL,CONTINUITY_SAFETY_FIRST,reviewed_same_fact_text_augmentation,4,4,1.0,0,4,4,0,4,4,1.0,1.0,0,0,0,0
20260908,1,01223e258bbc7a1f,original,M0_C1_R2_MEAN_CONTROL,CONTINUITY_SAFETY_FIRST,same_image_other_source_fact,12,0,0.0,0,0,0,3,3,3,0.0,0.0,0,3,12,12
20260908,1,01223e258bbc7a1f,original,M0_C1_R2_MEAN_CONTROL,CONTINUITY_SAFETY_FIRST,same_question_different_image_conflicting_source_answer,5,1,0.2,0,0,0,2,3,2,0.0,0.0,0,2,4,4
20260908,1,01223e258bbc7a1f,original,M1_C1_CP_CONJUNCTION_CONTROL,PRIMARY_SAFETY_FIRST,broad_unrelated_source_qa,15,0,0.0,0,0,0,12,13,12,0.0,0.0,0,12,15,15
20260908,1,01223e258bbc7a1f,original,M1_C1_CP_CONJUNCTION_CONTROL,PRIMARY_SAFETY_FIRST,evaluation_positive,4,4,1.0,0,4,4,0,4,4,1.0,1.0,0,0,0,0
20260908,1,01223e258bbc7a1f,original,M1_C1_CP_CONJUNCTION_CONTROL,PRIMARY_SAFETY_FIRST,formal_T1G,4,4,1.0,0,4,4,0,4,4,1.0,1.0,0,0,0,0
20260908,1,01223e258bbc7a1f,original,M1_C1_CP_CONJUNCTION_CONTROL,PRIMARY_SAFETY_FIRST,formal_T2G,3,3,1.0,0,1,1,0,2,2,0.3333333333333333,0.6666666666666666,0,0,0,0
20260908,1,01223e258bbc7a1f,original,M1_C1_CP_CONJUNCTION_CONTROL,PRIMARY_SAFETY_FIRST,native,1,1,1.0,0,1,1,0,1,1,1.0,1.0,0,0,0,0
20260908,1,01223e258bbc7a1f,original,M1_C1_CP_CONJUNCTION_CONTROL,PRIMARY_SAFETY_FIRST,reviewed_same_fact_text_augmentation,4,4,1.0,0,4,4,0,4,4,1.0,1.0,0,0,0,0
20260908,1,01223e258bbc7a1f,original,M1_C1_CP_CONJUNCTION_CONTROL,PRIMARY_SAFETY_FIRST,same_image_other_source_fact,12,1,0.08333333333333333,0,0,0,3,3,3,0.0,0.0,0,3,11,11
20260908,1,01223e258bbc7a1f,original,M1_C1_CP_CONJUNCTION_CONTROL,PRIMARY_SAFETY_FIRST,same_question_different_image_conflicting_source_answer,5,1,0.2,0,0,0,2,3,2,0.0,0.0,0,2,4,4
20260908,1,01223e258bbc7a1f,original,M1_C1_CP_CONJUNCTION_CONTROL,SECONDARY_COVERAGE90,broad_unrelated_source_qa,15,0,0.0,0,0,0,12,13,12,0.0,0.0,0,12,15,15
20260908,1,01223e258bbc7a1f,original,M1_C1_CP_CONJUNCTION_CONTROL,SECONDARY_COVERAGE90,evaluation_positive,4,4,1.0,0,4,4,0,4,4,1.0,1.0,0,0,0,0
20260908,1,01223e258bbc7a1f,original,M1_C1_CP_CONJUNCTION_CONTROL,SECONDARY_COVERAGE90,formal_T1G,4,4,1.0,0,4,4,0,4,4,1.0,1.0,0,0,0,0
20260908,1,01223e258bbc7a1f,original,M1_C1_CP_CONJUNCTION_CONTROL,SECONDARY_COVERAGE90,formal_T2G,3,3,1.0,0,1,1,0,2,2,0.3333333333333333,0.6666666666666666,0,0,0,0
20260908,1,01223e258bbc7a1f,original,M1_C1_CP_CONJUNCTION_CONTROL,SECONDARY_COVERAGE90,native,1,1,1.0,0,1,1,0,1,1,1.0,1.0,0,0,0,0
20260908,1,01223e258bbc7a1f,original,M1_C1_CP_CONJUNCTION_CONTROL,SECONDARY_COVERAGE90,reviewed_same_fact_text_augmentation,4,4,1.0,0,4,4,0,4,4,1.0,1.0,0,0,0,0
20260908,1,01223e258bbc7a1f,original,M1_C1_CP_CONJUNCTION_CONTROL,SECONDARY_COVERAGE90,same_image_other_source_fact,12,1,0.08333333333333333,0,0,0,3,3,3,0.0,0.0,0,3,11,11
20260908,1,01223e258bbc7a1f,original,M1_C1_CP_CONJUNCTION_CONTROL,SECONDARY_COVERAGE90,same_question_different_image_conflicting_source_answer,5,1,0.2,0,0,0,2,3,2,0.0,0.0,0,2,4,4
20260908,1,01223e258bbc7a1f,original,M2_C1_CP_RESPONSE_VERIFIER,PRIMARY_SAFETY_FIRST,broad_unrelated_source_qa,15,0,0.0,0,0,0,12,13,12,0.0,0.0,0,12,15,15
20260908,1,01223e258bbc7a1f,original,M2_C1_CP_RESPONSE_VERIFIER,PRIMARY_SAFETY_FIRST,evaluation_positive,4,4,1.0,0,4,4,0,4,4,1.0,1.0,0,0,0,0
20260908,1,01223e258bbc7a1f,original,M2_C1_CP_RESPONSE_VERIFIER,PRIMARY_SAFETY_FIRST,formal_T1G,4,4,1.0,0,4,4,0,4,4,1.0,1.0,0,0,0,0
20260908,1,01223e258bbc7a1f,original,M2_C1_CP_RESPONSE_VERIFIER,PRIMARY_SAFETY_FIRST,formal_T2G,3,3,1.0,0,1,1,0,2,2,0.3333333333333333,0.6666666666666666,0,0,0,0
20260908,1,01223e258bbc7a1f,original,M2_C1_CP_RESPONSE_VERIFIER,PRIMARY_SAFETY_FIRST,native,1,1,1.0,0,1,1,0,1,1,1.0,1.0,0,0,0,0
20260908,1,01223e258bbc7a1f,original,M2_C1_CP_RESPONSE_VERIFIER,PRIMARY_SAFETY_FIRST,reviewed_same_fact_text_augmentation,4,4,1.0,0,4,4,0,4,4,1.0,1.0,0,0,0,0
20260908,1,01223e258bbc7a1f,original,M2_C1_CP_RESPONSE_VERIFIER,PRIMARY_SAFETY_FIRST,same_image_other_source_fact,12,1,0.08333333333333333,0,0,0,3,3,3,0.0,0.0,0,3,11,11
20260908,1,01223e258bbc7a1f,original,M2_C1_CP_RESPONSE_VERIFIER,PRIMARY_SAFETY_FIRST,same_question_different_image_conflicting_source_answer,5,0,0.0,0,0,0,2,3,2,0.0,0.0,0,2,5,5
20260908,1,01223e258bbc7a1f,original,M2_C1_CP_RESPONSE_VERIFIER,SECONDARY_COVERAGE90,broad_unrelated_source_qa,15,0,0.0,0,0,0,12,13,12,0.0,0.0,0,12,15,15
20260908,1,01223e258bbc7a1f,original,M2_C1_CP_RESPONSE_VERIFIER,SECONDARY_COVERAGE90,evaluation_positive,4,4,1.0,0,4,4,0,4,4,1.0,1.0,0,0,0,0
20260908,1,01223e258bbc7a1f,original,M2_C1_CP_RESPONSE_VERIFIER,SECONDARY_COVERAGE90,formal_T1G,4,4,1.0,0,4,4,0,4,4,1.0,1.0,0,0,0,0
20260908,1,01223e258bbc7a1f,original,M2_C1_CP_RESPONSE_VERIFIER,SECONDARY_COVERAGE90,formal_T2G,3,3,1.0,0,1,1,0,2,2,0.3333333333333333,0.6666666666666666,0,0,0,0
20260908,1,01223e258bbc7a1f,original,M2_C1_CP_RESPONSE_VERIFIER,SECONDARY_COVERAGE90,native,1,1,1.0,0,1,1,0,1,1,1.0,1.0,0,0,0,0
20260908,1,01223e258bbc7a1f,original,M2_C1_CP_RESPONSE_VERIFIER,SECONDARY_COVERAGE90,reviewed_same_fact_text_augmentation,4,4,1.0,0,4,4,0,4,4,1.0,1.0,0,0,0,0
20260908,1,01223e258bbc7a1f,original,M2_C1_CP_RESPONSE_VERIFIER,SECONDARY_COVERAGE90,same_image_other_source_fact,12,1,0.08333333333333333,0,0,0,3,3,3,0.0,0.0,0,3,11,11
20260908,1,01223e258bbc7a1f,original,M2_C1_CP_RESPONSE_VERIFIER,SECONDARY_COVERAGE90,same_question_different_image_conflicting_source_answer,5,0,0.0,0,0,0,2,3,2,0.0,0.0,0,2,5,5
20260908,1,01223e258bbc7a1f,original,M3_C1_PRE_CP_FEATURE_VERIFIER,PRIMARY_SAFETY_FIRST,broad_unrelated_source_qa,15,0,0.0,0,0,0,12,13,12,0.0,0.0,0,12,15,15
20260908,1,01223e258bbc7a1f,original,M3_C1_PRE_CP_FEATURE_VERIFIER,PRIMARY_SAFETY_FIRST,evaluation_positive,4,4,1.0,0,4,4,0,4,4,1.0,1.0,0,0,0,0
20260908,1,01223e258bbc7a1f,original,M3_C1_PRE_CP_FEATURE_VERIFIER,PRIMARY_SAFETY_FIRST,formal_T1G,4,4,1.0,0,4,4,0,4,4,1.0,1.0,0,0,0,0
20260908,1,01223e258bbc7a1f,original,M3_C1_PRE_CP_FEATURE_VERIFIER,PRIMARY_SAFETY_FIRST,formal_T2G,3,3,1.0,0,1,1,0,2,2,0.3333333333333333,0.6666666666666666,0,0,0,0
20260908,1,01223e258bbc7a1f,original,M3_C1_PRE_CP_FEATURE_VERIFIER,PRIMARY_SAFETY_FIRST,native,1,1,1.0,0,1,1,0,1,1,1.0,1.0,0,0,0,0
20260908,1,01223e258bbc7a1f,original,M3_C1_PRE_CP_FEATURE_VERIFIER,PRIMARY_SAFETY_FIRST,reviewed_same_fact_text_augmentation,4,4,1.0,0,4,4,0,4,4,1.0,1.0,0,0,0,0
20260908,1,01223e258bbc7a1f,original,M3_C1_PRE_CP_FEATURE_VERIFIER,PRIMARY_SAFETY_FIRST,same_image_other_source_fact,12,1,0.08333333333333333,0,0,0,3,3,3,0.0,0.0,0,3,11,11
20260908,1,01223e258bbc7a1f,original,M3_C1_PRE_CP_FEATURE_VERIFIER,PRIMARY_SAFETY_FIRST,same_question_different_image_conflicting_source_answer,5,0,0.0,0,0,0,2,3,2,0.0,0.0,0,2,5,5
20260908,1,01223e258bbc7a1f,original,M3_C1_PRE_CP_FEATURE_VERIFIER,SECONDARY_COVERAGE90,broad_unrelated_source_qa,15,0,0.0,0,0,0,12,13,12,0.0,0.0,0,12,15,15
20260908,1,01223e258bbc7a1f,original,M3_C1_PRE_CP_FEATURE_VERIFIER,SECONDARY_COVERAGE90,evaluation_positive,4,4,1.0,0,4,4,0,4,4,1.0,1.0,0,0,0,0
20260908,1,01223e258bbc7a1f,original,M3_C1_PRE_CP_FEATURE_VERIFIER,SECONDARY_COVERAGE90,formal_T1G,4,4,1.0,0,4,4,0,4,4,1.0,1.0,0,0,0,0
20260908,1,01223e258bbc7a1f,original,M3_C1_PRE_CP_FEATURE_VERIFIER,SECONDARY_COVERAGE90,formal_T2G,3,3,1.0,0,1,1,0,2,2,0.3333333333333333,0.6666666666666666,0,0,0,0
20260908,1,01223e258bbc7a1f,original,M3_C1_PRE_CP_FEATURE_VERIFIER,SECONDARY_COVERAGE90,native,1,1,1.0,0,1,1,0,1,1,1.0,1.0,0,0,0,0
20260908,1,01223e258bbc7a1f,original,M3_C1_PRE_CP_FEATURE_VERIFIER,SECONDARY_COVERAGE90,reviewed_same_fact_text_augmentation,4,4,1.0,0,4,4,0,4,4,1.0,1.0,0,0,0,0
20260908,1,01223e258bbc7a1f,original,M3_C1_PRE_CP_FEATURE_VERIFIER,SECONDARY_COVERAGE90,same_image_other_source_fact,12,1,0.08333333333333333,0,0,0,3,3,3,0.0,0.0,0,3,11,11
20260908,1,01223e258bbc7a1f,original,M3_C1_PRE_CP_FEATURE_VERIFIER,SECONDARY_COVERAGE90,same_question_different_image_conflicting_source_answer,5,0,0.0,0,0,0,2,3,2,0.0,0.0,0,2,5,5
20260908,2,1534fc99d84ef734,matched,M0_C1_R2_MEAN_CONTROL,PRIMARY_SAFETY_FIRST,matched_evaluation_positive,4,4,1.0,0,4,4,0,4,4,1.0,1.0,0,0,0,0
20260908,2,1534fc99d84ef734,matched,M0_C1_R2_MEAN_CONTROL,PRIMARY_SAFETY_FIRST,matched_hard_image,20,4,0.2,0,0,0,0,3,0,0.0,0.0,0,0,16,16
20260908,2,1534fc99d84ef734,matched,M0_C1_R2_MEAN_CONTROL,SECONDARY_COVERAGE90,matched_evaluation_positive,4,4,1.0,0,4,4,0,4,4,1.0,1.0,0,0,0,0
20260908,2,1534fc99d84ef734,matched,M0_C1_R2_MEAN_CONTROL,SECONDARY_COVERAGE90,matched_hard_image,20,4,0.2,0,0,0,0,3,0,0.0,0.0,0,0,16,16
20260908,2,1534fc99d84ef734,matched,M1_C1_CP_CONJUNCTION_CONTROL,PRIMARY_SAFETY_FIRST,matched_evaluation_positive,4,4,1.0,0,4,4,0,4,4,1.0,1.0,0,0,0,0
20260908,2,1534fc99d84ef734,matched,M1_C1_CP_CONJUNCTION_CONTROL,PRIMARY_SAFETY_FIRST,matched_hard_image,20,4,0.2,0,0,0,0,3,0,0.0,0.0,0,0,16,16
20260908,2,1534fc99d84ef734,matched,M1_C1_CP_CONJUNCTION_CONTROL,SECONDARY_COVERAGE90,matched_evaluation_positive,4,4,1.0,0,4,4,0,4,4,1.0,1.0,0,0,0,0
20260908,2,1534fc99d84ef734,matched,M1_C1_CP_CONJUNCTION_CONTROL,SECONDARY_COVERAGE90,matched_hard_image,20,4,0.2,0,0,0,0,3,0,0.0,0.0,0,0,16,16
20260908,2,1534fc99d84ef734,matched,M2_C1_CP_RESPONSE_VERIFIER,PRIMARY_SAFETY_FIRST,matched_evaluation_positive,4,4,1.0,0,4,4,0,4,4,1.0,1.0,0,0,0,0
20260908,2,1534fc99d84ef734,matched,M2_C1_CP_RESPONSE_VERIFIER,PRIMARY_SAFETY_FIRST,matched_hard_image,20,3,0.15,0,0,0,0,3,0,0.0,0.0,0,0,17,17
20260908,2,1534fc99d84ef734,matched,M2_C1_CP_RESPONSE_VERIFIER,SECONDARY_COVERAGE90,matched_evaluation_positive,4,4,1.0,0,4,4,0,4,4,1.0,1.0,0,0,0,0
20260908,2,1534fc99d84ef734,matched,M2_C1_CP_RESPONSE_VERIFIER,SECONDARY_COVERAGE90,matched_hard_image,20,3,0.15,0,0,0,0,3,0,0.0,0.0,0,0,17,17
20260908,2,1534fc99d84ef734,matched,M3_C1_PRE_CP_FEATURE_VERIFIER,PRIMARY_SAFETY_FIRST,matched_evaluation_positive,4,3,0.75,0,4,3,0,4,3,0.75,0.75,0,0,1,1
20260908,2,1534fc99d84ef734,matched,M3_C1_PRE_CP_FEATURE_VERIFIER,PRIMARY_SAFETY_FIRST,matched_hard_image,20,0,0.0,0,0,0,0,3,0,0.0,0.0,0,0,20,20
20260908,2,1534fc99d84ef734,matched,M3_C1_PRE_CP_FEATURE_VERIFIER,SECONDARY_COVERAGE90,matched_evaluation_positive,4,3,0.75,0,4,3,0,4,3,0.75,0.75,0,0,1,1
20260908,2,1534fc99d84ef734,matched,M3_C1_PRE_CP_FEATURE_VERIFIER,SECONDARY_COVERAGE90,matched_hard_image,20,0,0.0,0,0,0,0,3,0,0.0,0.0,0,0,20,20
20260908,2,1534fc99d84ef734,original,M0_C1_R2_MEAN_CONTROL,CONTINUITY_COVERAGE_CONSTRAINED,broad_unrelated_source_qa,15,0,0.0,0,0,0,7,3,7,0.0,0.0,0,7,15,15
20260908,2,1534fc99d84ef734,original,M0_C1_R2_MEAN_CONTROL,CONTINUITY_COVERAGE_CONSTRAINED,evaluation_positive,4,4,1.0,0,4,4,0,4,4,1.0,1.0,0,0,0,0
20260908,2,1534fc99d84ef734,original,M0_C1_R2_MEAN_CONTROL,CONTINUITY_COVERAGE_CONSTRAINED,formal_T1G,4,1,0.25,0,4,1,0,4,1,0.25,0.25,0,0,3,3
20260908,2,1534fc99d84ef734,original,M0_C1_R2_MEAN_CONTROL,CONTINUITY_COVERAGE_CONSTRAINED,formal_T2G,4,3,0.75,0,2,2,0,3,3,0.5,0.75,0,0,1,1
20260908,2,1534fc99d84ef734,original,M0_C1_R2_MEAN_CONTROL,CONTINUITY_COVERAGE_CONSTRAINED,native,1,1,1.0,0,1,1,0,1,1,1.0,1.0,0,0,0,0
20260908,2,1534fc99d84ef734,original,M0_C1_R2_MEAN_CONTROL,CONTINUITY_COVERAGE_CONSTRAINED,reviewed_same_fact_text_augmentation,4,4,1.0,0,4,4,0,4,4,1.0,1.0,0,0,0,0
20260908,2,1534fc99d84ef734,original,M0_C1_R2_MEAN_CONTROL,CONTINUITY_COVERAGE_CONSTRAINED,same_image_other_source_fact,2,0,0.0,0,0,0,0,0,0,0.0,0.0,0,0,2,2
20260908,2,1534fc99d84ef734,original,M0_C1_R2_MEAN_CONTROL,CONTINUITY_COVERAGE_CONSTRAINED,same_question_different_image_conflicting_source_answer,5,1,0.2,0,0,0,1,1,1,0.0,0.0,0,1,4,4
20260908,2,1534fc99d84ef734,original,M0_C1_R2_MEAN_CONTROL,CONTINUITY_SAFETY_FIRST,broad_unrelated_source_qa,15,0,0.0,0,0,0,7,3,7,0.0,0.0,0,7,15,15
20260908,2,1534fc99d84ef734,original,M0_C1_R2_MEAN_CONTROL,CONTINUITY_SAFETY_FIRST,evaluation_positive,4,4,1.0,0,4,4,0,4,4,1.0,1.0,0,0,0,0
20260908,2,1534fc99d84ef734,original,M0_C1_R2_MEAN_CONTROL,CONTINUITY_SAFETY_FIRST,formal_T1G,4,1,0.25,0,4,1,0,4,1,0.25,0.25,0,0,3,3
20260908,2,1534fc99d84ef734,original,M0_C1_R2_MEAN_CONTROL,CONTINUITY_SAFETY_FIRST,formal_T2G,4,3,0.75,0,2,2,0,3,3,0.5,0.75,0,0,1,1
20260908,2,1534fc99d84ef734,original,M0_C1_R2_MEAN_CONTROL,CONTINUITY_SAFETY_FIRST,native,1,1,1.0,0,1,1,0,1,1,1.0,1.0,0,0,0,0
20260908,2,1534fc99d84ef734,original,M0_C1_R2_MEAN_CONTROL,CONTINUITY_SAFETY_FIRST,reviewed_same_fact_text_augmentation,4,4,1.0,0,4,4,0,4,4,1.0,1.0,0,0,0,0
20260908,2,1534fc99d84ef734,original,M0_C1_R2_MEAN_CONTROL,CONTINUITY_SAFETY_FIRST,same_image_other_source_fact,2,0,0.0,0,0,0,0,0,0,0.0,0.0,0,0,2,2
20260908,2,1534fc99d84ef734,original,M0_C1_R2_MEAN_CONTROL,CONTINUITY_SAFETY_FIRST,same_question_different_image_conflicting_source_answer,5,1,0.2,0,0,0,1,1,1,0.0,0.0,0,1,4,4
20260908,2,1534fc99d84ef734,original,M1_C1_CP_CONJUNCTION_CONTROL,PRIMARY_SAFETY_FIRST,broad_unrelated_source_qa,15,0,0.0,0,0,0,7,3,7,0.0,0.0,0,7,15,15
20260908,2,1534fc99d84ef734,original,M1_C1_CP_CONJUNCTION_CONTROL,PRIMARY_SAFETY_FIRST,evaluation_positive,4,3,0.75,0,4,3,0,4,3,0.75,0.75,0,0,1,1
20260908,2,1534fc99d84ef734,original,M1_C1_CP_CONJUNCTION_CONTROL,PRIMARY_SAFETY_FIRST,formal_T1G,4,1,0.25,0,4,1,0,4,1,0.25,0.25,0,0,3,3
20260908,2,1534fc99d84ef734,original,M1_C1_CP_CONJUNCTION_CONTROL,PRIMARY_SAFETY_FIRST,formal_T2G,4,1,0.25,0,2,1,0,3,1,0.25,0.25,0,0,3,3
20260908,2,1534fc99d84ef734,original,M1_C1_CP_CONJUNCTION_CONTROL,PRIMARY_SAFETY_FIRST,native,1,1,1.0,0,1,1,0,1,1,1.0,1.0,0,0,0,0
20260908,2,1534fc99d84ef734,original,M1_C1_CP_CONJUNCTION_CONTROL,PRIMARY_SAFETY_FIRST,reviewed_same_fact_text_augmentation,4,4,1.0,0,4,4,0,4,4,1.0,1.0,0,0,0,0
20260908,2,1534fc99d84ef734,original,M1_C1_CP_CONJUNCTION_CONTROL,PRIMARY_SAFETY_FIRST,same_image_other_source_fact,2,0,0.0,0,0,0,0,0,0,0.0,0.0,0,0,2,2
20260908,2,1534fc99d84ef734,original,M1_C1_CP_CONJUNCTION_CONTROL,PRIMARY_SAFETY_FIRST,same_question_different_image_conflicting_source_answer,5,1,0.2,0,0,0,1,1,1,0.0,0.0,0,1,4,4
20260908,2,1534fc99d84ef734,original,M1_C1_CP_CONJUNCTION_CONTROL,SECONDARY_COVERAGE90,broad_unrelated_source_qa,15,0,0.0,0,0,0,7,3,7,0.0,0.0,0,7,15,15
20260908,2,1534fc99d84ef734,original,M1_C1_CP_CONJUNCTION_CONTROL,SECONDARY_COVERAGE90,evaluation_positive,4,3,0.75,0,4,3,0,4,3,0.75,0.75,0,0,1,1
20260908,2,1534fc99d84ef734,original,M1_C1_CP_CONJUNCTION_CONTROL,SECONDARY_COVERAGE90,formal_T1G,4,1,0.25,0,4,1,0,4,1,0.25,0.25,0,0,3,3
20260908,2,1534fc99d84ef734,original,M1_C1_CP_CONJUNCTION_CONTROL,SECONDARY_COVERAGE90,formal_T2G,4,1,0.25,0,2,1,0,3,1,0.25,0.25,0,0,3,3
20260908,2,1534fc99d84ef734,original,M1_C1_CP_CONJUNCTION_CONTROL,SECONDARY_COVERAGE90,native,1,1,1.0,0,1,1,0,1,1,1.0,1.0,0,0,0,0
20260908,2,1534fc99d84ef734,original,M1_C1_CP_CONJUNCTION_CONTROL,SECONDARY_COVERAGE90,reviewed_same_fact_text_augmentation,4,4,1.0,0,4,4,0,4,4,1.0,1.0,0,0,0,0
20260908,2,1534fc99d84ef734,original,M1_C1_CP_CONJUNCTION_CONTROL,SECONDARY_COVERAGE90,same_image_other_source_fact,2,0,0.0,0,0,0,0,0,0,0.0,0.0,0,0,2,2
20260908,2,1534fc99d84ef734,original,M1_C1_CP_CONJUNCTION_CONTROL,SECONDARY_COVERAGE90,same_question_different_image_conflicting_source_answer,5,1,0.2,0,0,0,1,1,1,0.0,0.0,0,1,4,4
20260908,2,1534fc99d84ef734,original,M2_C1_CP_RESPONSE_VERIFIER,PRIMARY_SAFETY_FIRST,broad_unrelated_source_qa,15,1,0.06666666666666667,0,0,0,7,3,7,0.0,0.06666666666666667,0,7,14,14
20260908,2,1534fc99d84ef734,original,M2_C1_CP_RESPONSE_VERIFIER,PRIMARY_SAFETY_FIRST,evaluation_positive,4,4,1.0,0,4,4,0,4,4,1.0,1.0,0,0,0,0
20260908,2,1534fc99d84ef734,original,M2_C1_CP_RESPONSE_VERIFIER,PRIMARY_SAFETY_FIRST,formal_T1G,4,1,0.25,0,4,1,0,4,1,0.25,0.25,0,0,3,3
20260908,2,1534fc99d84ef734,original,M2_C1_CP_RESPONSE_VERIFIER,PRIMARY_SAFETY_FIRST,formal_T2G,4,3,0.75,0,2,2,0,3,3,0.5,0.75,0,0,1,1
20260908,2,1534fc99d84ef734,original,M2_C1_CP_RESPONSE_VERIFIER,PRIMARY_SAFETY_FIRST,native,1,1,1.0,0,1,1,0,1,1,1.0,1.0,0,0,0,0
20260908,2,1534fc99d84ef734,original,M2_C1_CP_RESPONSE_VERIFIER,PRIMARY_SAFETY_FIRST,reviewed_same_fact_text_augmentation,4,4,1.0,0,4,4,0,4,4,1.0,1.0,0,0,0,0
20260908,2,1534fc99d84ef734,original,M2_C1_CP_RESPONSE_VERIFIER,PRIMARY_SAFETY_FIRST,same_image_other_source_fact,2,0,0.0,0,0,0,0,0,0,0.0,0.0,0,0,2,2
20260908,2,1534fc99d84ef734,original,M2_C1_CP_RESPONSE_VERIFIER,PRIMARY_SAFETY_FIRST,same_question_different_image_conflicting_source_answer,5,1,0.2,0,0,0,1,1,1,0.0,0.0,0,1,4,4
20260908,2,1534fc99d84ef734,original,M2_C1_CP_RESPONSE_VERIFIER,SECONDARY_COVERAGE90,broad_unrelated_source_qa,15,1,0.06666666666666667,0,0,0,7,3,7,0.0,0.06666666666666667,0,7,14,14
20260908,2,1534fc99d84ef734,original,M2_C1_CP_RESPONSE_VERIFIER,SECONDARY_COVERAGE90,evaluation_positive,4,4,1.0,0,4,4,0,4,4,1.0,1.0,0,0,0,0
20260908,2,1534fc99d84ef734,original,M2_C1_CP_RESPONSE_VERIFIER,SECONDARY_COVERAGE90,formal_T1G,4,1,0.25,0,4,1,0,4,1,0.25,0.25,0,0,3,3
20260908,2,1534fc99d84ef734,original,M2_C1_CP_RESPONSE_VERIFIER,SECONDARY_COVERAGE90,formal_T2G,4,3,0.75,0,2,2,0,3,3,0.5,0.75,0,0,1,1
20260908,2,1534fc99d84ef734,original,M2_C1_CP_RESPONSE_VERIFIER,SECONDARY_COVERAGE90,native,1,1,1.0,0,1,1,0,1,1,1.0,1.0,0,0,0,0
20260908,2,1534fc99d84ef734,original,M2_C1_CP_RESPONSE_VERIFIER,SECONDARY_COVERAGE90,reviewed_same_fact_text_augmentation,4,4,1.0,0,4,4,0,4,4,1.0,1.0,0,0,0,0
20260908,2,1534fc99d84ef734,original,M2_C1_CP_RESPONSE_VERIFIER,SECONDARY_COVERAGE90,same_image_other_source_fact,2,0,0.0,0,0,0,0,0,0,0.0,0.0,0,0,2,2
20260908,2,1534fc99d84ef734,original,M2_C1_CP_RESPONSE_VERIFIER,SECONDARY_COVERAGE90,same_question_different_image_conflicting_source_answer,5,1,0.2,0,0,0,1,1,1,0.0,0.0,0,1,4,4
20260908,2,1534fc99d84ef734,original,M3_C1_PRE_CP_FEATURE_VERIFIER,PRIMARY_SAFETY_FIRST,broad_unrelated_source_qa,15,1,0.06666666666666667,0,0,0,7,3,7,0.0,0.06666666666666667,0,7,14,14
20260908,2,1534fc99d84ef734,original,M3_C1_PRE_CP_FEATURE_VERIFIER,PRIMARY_SAFETY_FIRST,evaluation_positive,4,4,1.0,0,4,4,0,4,4,1.0,1.0,0,0,0,0
20260908,2,1534fc99d84ef734,original,M3_C1_PRE_CP_FEATURE_VERIFIER,PRIMARY_SAFETY_FIRST,formal_T1G,4,1,0.25,0,4,1,0,4,1,0.25,0.25,0,0,3,3
20260908,2,1534fc99d84ef734,original,M3_C1_PRE_CP_FEATURE_VERIFIER,PRIMARY_SAFETY_FIRST,formal_T2G,4,4,1.0,0,2,2,0,3,3,0.5,0.75,0,0,0,0
20260908,2,1534fc99d84ef734,original,M3_C1_PRE_CP_FEATURE_VERIFIER,PRIMARY_SAFETY_FIRST,native,1,1,1.0,0,1,1,0,1,1,1.0,1.0,0,0,0,0
20260908,2,1534fc99d84ef734,original,M3_C1_PRE_CP_FEATURE_VERIFIER,PRIMARY_SAFETY_FIRST,reviewed_same_fact_text_augmentation,4,4,1.0,0,4,4,0,4,4,1.0,1.0,0,0,0,0
20260908,2,1534fc99d84ef734,original,M3_C1_PRE_CP_FEATURE_VERIFIER,PRIMARY_SAFETY_FIRST,same_image_other_source_fact,2,0,0.0,0,0,0,0,0,0,0.0,0.0,0,0,2,2
20260908,2,1534fc99d84ef734,original,M3_C1_PRE_CP_FEATURE_VERIFIER,PRIMARY_SAFETY_FIRST,same_question_different_image_conflicting_source_answer,5,0,0.0,0,0,0,1,1,1,0.0,0.0,0,1,5,5
20260908,2,1534fc99d84ef734,original,M3_C1_PRE_CP_FEATURE_VERIFIER,SECONDARY_COVERAGE90,broad_unrelated_source_qa,15,1,0.06666666666666667,0,0,0,7,3,7,0.0,0.06666666666666667,0,7,14,14
20260908,2,1534fc99d84ef734,original,M3_C1_PRE_CP_FEATURE_VERIFIER,SECONDARY_COVERAGE90,evaluation_positive,4,4,1.0,0,4,4,0,4,4,1.0,1.0,0,0,0,0
20260908,2,1534fc99d84ef734,original,M3_C1_PRE_CP_FEATURE_VERIFIER,SECONDARY_COVERAGE90,formal_T1G,4,1,0.25,0,4,1,0,4,1,0.25,0.25,0,0,3,3
20260908,2,1534fc99d84ef734,original,M3_C1_PRE_CP_FEATURE_VERIFIER,SECONDARY_COVERAGE90,formal_T2G,4,4,1.0,0,2,2,0,3,3,0.5,0.75,0,0,0,0
20260908,2,1534fc99d84ef734,original,M3_C1_PRE_CP_FEATURE_VERIFIER,SECONDARY_COVERAGE90,native,1,1,1.0,0,1,1,0,1,1,1.0,1.0,0,0,0,0
20260908,2,1534fc99d84ef734,original,M3_C1_PRE_CP_FEATURE_VERIFIER,SECONDARY_COVERAGE90,reviewed_same_fact_text_augmentation,4,4,1.0,0,4,4,0,4,4,1.0,1.0,0,0,0,0
20260908,2,1534fc99d84ef734,original,M3_C1_PRE_CP_FEATURE_VERIFIER,SECONDARY_COVERAGE90,same_image_other_source_fact,2,0,0.0,0,0,0,0,0,0,0.0,0.0,0,0,2,2
20260908,2,1534fc99d84ef734,original,M3_C1_PRE_CP_FEATURE_VERIFIER,SECONDARY_COVERAGE90,same_question_different_image_conflicting_source_answer,5,0,0.0,0,0,0,1,1,1,0.0,0.0,0,1,5,5
20260908,3,1b0d2271e842e01a,matched,M0_C1_R2_MEAN_CONTROL,PRIMARY_SAFETY_FIRST,matched_evaluation_positive,4,2,0.5,0,4,2,0,4,2,0.5,0.5,0,0,2,2
20260908,3,1b0d2271e842e01a,matched,M0_C1_R2_MEAN_CONTROL,PRIMARY_SAFETY_FIRST,matched_hard_image,20,11,0.55,0,0,0,0,0,0,0.0,0.0,0,0,9,9
20260908,3,1b0d2271e842e01a,matched,M0_C1_R2_MEAN_CONTROL,SECONDARY_COVERAGE90,matched_evaluation_positive,4,3,0.75,0,4,3,0,4,3,0.75,0.75,0,0,1,1
20260908,3,1b0d2271e842e01a,matched,M0_C1_R2_MEAN_CONTROL,SECONDARY_COVERAGE90,matched_hard_image,20,16,0.8,0,0,0,0,0,0,0.0,0.0,0,0,4,4
20260908,3,1b0d2271e842e01a,matched,M1_C1_CP_CONJUNCTION_CONTROL,PRIMARY_SAFETY_FIRST,matched_evaluation_positive,4,2,0.5,0,4,2,0,4,2,0.5,0.5,0,0,2,2
20260908,3,1b0d2271e842e01a,matched,M1_C1_CP_CONJUNCTION_CONTROL,PRIMARY_SAFETY_FIRST,matched_hard_image,20,2,0.1,0,0,0,0,0,0,0.0,0.0,0,0,18,18
20260908,3,1b0d2271e842e01a,matched,M1_C1_CP_CONJUNCTION_CONTROL,SECONDARY_COVERAGE90,matched_evaluation_positive,4,3,0.75,0,4,3,0,4,3,0.75,0.75,0,0,1,1
20260908,3,1b0d2271e842e01a,matched,M1_C1_CP_CONJUNCTION_CONTROL,SECONDARY_COVERAGE90,matched_hard_image,20,11,0.55,0,0,0,0,0,0,0.0,0.0,0,0,9,9
20260908,3,1b0d2271e842e01a,matched,M2_C1_CP_RESPONSE_VERIFIER,PRIMARY_SAFETY_FIRST,matched_evaluation_positive,4,2,0.5,0,4,2,0,4,2,0.5,0.5,0,0,2,2
20260908,3,1b0d2271e842e01a,matched,M2_C1_CP_RESPONSE_VERIFIER,PRIMARY_SAFETY_FIRST,matched_hard_image,20,8,0.4,0,0,0,0,0,0,0.0,0.0,0,0,12,12
20260908,3,1b0d2271e842e01a,matched,M2_C1_CP_RESPONSE_VERIFIER,SECONDARY_COVERAGE90,matched_evaluation_positive,4,3,0.75,0,4,3,0,4,3,0.75,0.75,0,0,1,1
20260908,3,1b0d2271e842e01a,matched,M2_C1_CP_RESPONSE_VERIFIER,SECONDARY_COVERAGE90,matched_hard_image,20,14,0.7,0,0,0,0,0,0,0.0,0.0,0,0,6,6
20260908,3,1b0d2271e842e01a,matched,M3_C1_PRE_CP_FEATURE_VERIFIER,PRIMARY_SAFETY_FIRST,matched_evaluation_positive,4,4,1.0,0,4,4,0,4,4,1.0,1.0,0,0,0,0
20260908,3,1b0d2271e842e01a,matched,M3_C1_PRE_CP_FEATURE_VERIFIER,PRIMARY_SAFETY_FIRST,matched_hard_image,20,0,0.0,0,0,0,0,0,0,0.0,0.0,0,0,20,20
20260908,3,1b0d2271e842e01a,matched,M3_C1_PRE_CP_FEATURE_VERIFIER,SECONDARY_COVERAGE90,matched_evaluation_positive,4,4,1.0,0,4,4,0,4,4,1.0,1.0,0,0,0,0
20260908,3,1b0d2271e842e01a,matched,M3_C1_PRE_CP_FEATURE_VERIFIER,SECONDARY_COVERAGE90,matched_hard_image,20,0,0.0,0,0,0,0,0,0,0.0,0.0,0,0,20,20
20260908,3,1b0d2271e842e01a,original,M0_C1_R2_MEAN_CONTROL,CONTINUITY_COVERAGE_CONSTRAINED,broad_unrelated_source_qa,15,0,0.0,0,0,0,4,0,4,0.0,0.0,0,4,15,15
20260908,3,1b0d2271e842e01a,original,M0_C1_R2_MEAN_CONTROL,CONTINUITY_COVERAGE_CONSTRAINED,evaluation_positive,4,3,0.75,0,4,3,0,4,3,0.75,0.75,0,0,1,1
20260908,3,1b0d2271e842e01a,original,M0_C1_R2_MEAN_CONTROL,CONTINUITY_COVERAGE_CONSTRAINED,formal_T1G,4,2,0.5,0,4,2,0,4,2,0.5,0.5,0,0,2,2
20260908,3,1b0d2271e842e01a,original,M0_C1_R2_MEAN_CONTROL,CONTINUITY_COVERAGE_CONSTRAINED,formal_T1L,5,1,0.2,0,0,0,2,0,2,0.0,0.0,0,2,4,4
20260908,3,1b0d2271e842e01a,original,M0_C1_R2_MEAN_CONTROL,CONTINUITY_COVERAGE_CONSTRAINED,formal_T2G,3,1,0.3333333333333333,0,1,1,0,1,1,0.3333333333333333,0.3333333333333333,0,0,2,2
20260908,3,1b0d2271e842e01a,original,M0_C1_R2_MEAN_CONTROL,CONTINUITY_COVERAGE_CONSTRAINED,native,1,1,1.0,0,1,1,0,1,1,1.0,1.0,0,0,0,0
20260908,3,1b0d2271e842e01a,original,M0_C1_R2_MEAN_CONTROL,CONTINUITY_COVERAGE_CONSTRAINED,reviewed_same_fact_text_augmentation,4,4,1.0,0,2,2,0,4,4,0.5,1.0,0,0,0,0
20260908,3,1b0d2271e842e01a,original,M0_C1_R2_MEAN_CONTROL,CONTINUITY_COVERAGE_CONSTRAINED,same_question_different_image_conflicting_source_answer,5,4,0.8,0,0,0,0,0,0,0.0,0.0,0,0,1,1
20260908,3,1b0d2271e842e01a,original,M0_C1_R2_MEAN_CONTROL,CONTINUITY_SAFETY_FIRST,broad_unrelated_source_qa,15,0,0.0,0,0,0,4,0,4,0.0,0.0,0,4,15,15
20260908,3,1b0d2271e842e01a,original,M0_C1_R2_MEAN_CONTROL,CONTINUITY_SAFETY_FIRST,evaluation_positive,4,3,0.75,0,4,3,0,4,3,0.75,0.75,0,0,1,1
20260908,3,1b0d2271e842e01a,original,M0_C1_R2_MEAN_CONTROL,CONTINUITY_SAFETY_FIRST,formal_T1G,4,2,0.5,0,4,2,0,4,2,0.5,0.5,0,0,2,2
20260908,3,1b0d2271e842e01a,original,M0_C1_R2_MEAN_CONTROL,CONTINUITY_SAFETY_FIRST,formal_T1L,5,1,0.2,0,0,0,2,0,2,0.0,0.0,0,2,4,4
20260908,3,1b0d2271e842e01a,original,M0_C1_R2_MEAN_CONTROL,CONTINUITY_SAFETY_FIRST,formal_T2G,3,1,0.3333333333333333,0,1,1,0,1,1,0.3333333333333333,0.3333333333333333,0,0,2,2
20260908,3,1b0d2271e842e01a,original,M0_C1_R2_MEAN_CONTROL,CONTINUITY_SAFETY_FIRST,native,1,1,1.0,0,1,1,0,1,1,1.0,1.0,0,0,0,0
20260908,3,1b0d2271e842e01a,original,M0_C1_R2_MEAN_CONTROL,CONTINUITY_SAFETY_FIRST,reviewed_same_fact_text_augmentation,4,4,1.0,0,2,2,0,4,4,0.5,1.0,0,0,0,0
20260908,3,1b0d2271e842e01a,original,M0_C1_R2_MEAN_CONTROL,CONTINUITY_SAFETY_FIRST,same_question_different_image_conflicting_source_answer,5,4,0.8,0,0,0,0,0,0,0.0,0.0,0,0,1,1
20260908,3,1b0d2271e842e01a,original,M1_C1_CP_CONJUNCTION_CONTROL,PRIMARY_SAFETY_FIRST,broad_unrelated_source_qa,15,1,0.06666666666666667,0,0,0,4,0,4,0.0,0.0,0,4,14,14
20260908,3,1b0d2271e842e01a,original,M1_C1_CP_CONJUNCTION_CONTROL,PRIMARY_SAFETY_FIRST,evaluation_positive,4,4,1.0,0,4,4,0,4,4,1.0,1.0,0,0,0,0
20260908,3,1b0d2271e842e01a,original,M1_C1_CP_CONJUNCTION_CONTROL,PRIMARY_SAFETY_FIRST,formal_T1G,4,2,0.5,0,4,2,0,4,2,0.5,0.5,0,0,2,2
20260908,3,1b0d2271e842e01a,original,M1_C1_CP_CONJUNCTION_CONTROL,PRIMARY_SAFETY_FIRST,formal_T1L,5,1,0.2,0,0,0,2,0,2,0.0,0.0,0,2,4,4
20260908,3,1b0d2271e842e01a,original,M1_C1_CP_CONJUNCTION_CONTROL,PRIMARY_SAFETY_FIRST,formal_T2G,3,1,0.3333333333333333,0,1,1,0,1,1,0.3333333333333333,0.3333333333333333,0,0,2,2
20260908,3,1b0d2271e842e01a,original,M1_C1_CP_CONJUNCTION_CONTROL,PRIMARY_SAFETY_FIRST,native,1,1,1.0,0,1,1,0,1,1,1.0,1.0,0,0,0,0
20260908,3,1b0d2271e842e01a,original,M1_C1_CP_CONJUNCTION_CONTROL,PRIMARY_SAFETY_FIRST,reviewed_same_fact_text_augmentation,4,4,1.0,0,2,2,0,4,4,0.5,1.0,0,0,0,0
20260908,3,1b0d2271e842e01a,original,M1_C1_CP_CONJUNCTION_CONTROL,PRIMARY_SAFETY_FIRST,same_question_different_image_conflicting_source_answer,5,4,0.8,0,0,0,0,0,0,0.0,0.0,0,0,1,1
20260908,3,1b0d2271e842e01a,original,M1_C1_CP_CONJUNCTION_CONTROL,SECONDARY_COVERAGE90,broad_unrelated_source_qa,15,1,0.06666666666666667,0,0,0,4,0,4,0.0,0.0,0,4,14,14
20260908,3,1b0d2271e842e01a,original,M1_C1_CP_CONJUNCTION_CONTROL,SECONDARY_COVERAGE90,evaluation_positive,4,4,1.0,0,4,4,0,4,4,1.0,1.0,0,0,0,0
20260908,3,1b0d2271e842e01a,original,M1_C1_CP_CONJUNCTION_CONTROL,SECONDARY_COVERAGE90,formal_T1G,4,2,0.5,0,4,2,0,4,2,0.5,0.5,0,0,2,2
20260908,3,1b0d2271e842e01a,original,M1_C1_CP_CONJUNCTION_CONTROL,SECONDARY_COVERAGE90,formal_T1L,5,1,0.2,0,0,0,2,0,2,0.0,0.0,0,2,4,4
20260908,3,1b0d2271e842e01a,original,M1_C1_CP_CONJUNCTION_CONTROL,SECONDARY_COVERAGE90,formal_T2G,3,1,0.3333333333333333,0,1,1,0,1,1,0.3333333333333333,0.3333333333333333,0,0,2,2
20260908,3,1b0d2271e842e01a,original,M1_C1_CP_CONJUNCTION_CONTROL,SECONDARY_COVERAGE90,native,1,1,1.0,0,1,1,0,1,1,1.0,1.0,0,0,0,0
20260908,3,1b0d2271e842e01a,original,M1_C1_CP_CONJUNCTION_CONTROL,SECONDARY_COVERAGE90,reviewed_same_fact_text_augmentation,4,4,1.0,0,2,2,0,4,4,0.5,1.0,0,0,0,0
20260908,3,1b0d2271e842e01a,original,M1_C1_CP_CONJUNCTION_CONTROL,SECONDARY_COVERAGE90,same_question_different_image_conflicting_source_answer,5,4,0.8,0,0,0,0,0,0,0.0,0.0,0,0,1,1
20260908,3,1b0d2271e842e01a,original,M2_C1_CP_RESPONSE_VERIFIER,PRIMARY_SAFETY_FIRST,broad_unrelated_source_qa,15,0,0.0,0,0,0,4,0,4,0.0,0.0,0,4,15,15
20260908,3,1b0d2271e842e01a,original,M2_C1_CP_RESPONSE_VERIFIER,PRIMARY_SAFETY_FIRST,evaluation_positive,4,2,0.5,0,4,2,0,4,2,0.5,0.5,0,0,2,2
20260908,3,1b0d2271e842e01a,original,M2_C1_CP_RESPONSE_VERIFIER,PRIMARY_SAFETY_FIRST,formal_T1G,4,2,0.5,0,4,2,0,4,2,0.5,0.5,0,0,2,2
20260908,3,1b0d2271e842e01a,original,M2_C1_CP_RESPONSE_VERIFIER,PRIMARY_SAFETY_FIRST,formal_T1L,5,4,0.8,0,0,0,2,0,1,0.0,0.0,1,2,1,1
20260908,3,1b0d2271e842e01a,original,M2_C1_CP_RESPONSE_VERIFIER,PRIMARY_SAFETY_FIRST,formal_T2G,3,1,0.3333333333333333,0,1,1,0,1,1,0.3333333333333333,0.3333333333333333,0,0,2,2
20260908,3,1b0d2271e842e01a,original,M2_C1_CP_RESPONSE_VERIFIER,PRIMARY_SAFETY_FIRST,native,1,1,1.0,0,1,1,0,1,1,1.0,1.0,0,0,0,0
20260908,3,1b0d2271e842e01a,original,M2_C1_CP_RESPONSE_VERIFIER,PRIMARY_SAFETY_FIRST,reviewed_same_fact_text_augmentation,4,4,1.0,0,2,2,0,4,4,0.5,1.0,0,0,0,0
20260908,3,1b0d2271e842e01a,original,M2_C1_CP_RESPONSE_VERIFIER,PRIMARY_SAFETY_FIRST,same_question_different_image_conflicting_source_answer,5,5,1.0,0,0,0,0,0,0,0.0,0.0,0,0,0,0
20260908,3,1b0d2271e842e01a,original,M2_C1_CP_RESPONSE_VERIFIER,SECONDARY_COVERAGE90,broad_unrelated_source_qa,15,0,0.0,0,0,0,4,0,4,0.0,0.0,0,4,15,15
20260908,3,1b0d2271e842e01a,original,M2_C1_CP_RESPONSE_VERIFIER,SECONDARY_COVERAGE90,evaluation_positive,4,3,0.75,0,4,3,0,4,3,0.75,0.75,0,0,1,1
20260908,3,1b0d2271e842e01a,original,M2_C1_CP_RESPONSE_VERIFIER,SECONDARY_COVERAGE90,formal_T1G,4,4,1.0,0,4,4,0,4,4,1.0,1.0,0,0,0,0
20260908,3,1b0d2271e842e01a,original,M2_C1_CP_RESPONSE_VERIFIER,SECONDARY_COVERAGE90,formal_T1L,5,5,1.0,0,0,0,2,0,0,0.0,0.0,2,2,0,0
20260908,3,1b0d2271e842e01a,original,M2_C1_CP_RESPONSE_VERIFIER,SECONDARY_COVERAGE90,formal_T2G,3,1,0.3333333333333333,0,1,1,0,1,1,0.3333333333333333,0.3333333333333333,0,0,2,2
20260908,3,1b0d2271e842e01a,original,M2_C1_CP_RESPONSE_VERIFIER,SECONDARY_COVERAGE90,native,1,1,1.0,0,1,1,0,1,1,1.0,1.0,0,0,0,0
20260908,3,1b0d2271e842e01a,original,M2_C1_CP_RESPONSE_VERIFIER,SECONDARY_COVERAGE90,reviewed_same_fact_text_augmentation,4,4,1.0,0,2,2,0,4,4,0.5,1.0,0,0,0,0
20260908,3,1b0d2271e842e01a,original,M2_C1_CP_RESPONSE_VERIFIER,SECONDARY_COVERAGE90,same_question_different_image_conflicting_source_answer,5,5,1.0,0,0,0,0,0,0,0.0,0.0,0,0,0,0
20260908,3,1b0d2271e842e01a,original,M3_C1_PRE_CP_FEATURE_VERIFIER,PRIMARY_SAFETY_FIRST,broad_unrelated_source_qa,15,0,0.0,0,0,0,4,0,4,0.0,0.0,0,4,15,15
20260908,3,1b0d2271e842e01a,original,M3_C1_PRE_CP_FEATURE_VERIFIER,PRIMARY_SAFETY_FIRST,evaluation_positive,4,4,1.0,0,4,4,0,4,4,1.0,1.0,0,0,0,0
20260908,3,1b0d2271e842e01a,original,M3_C1_PRE_CP_FEATURE_VERIFIER,PRIMARY_SAFETY_FIRST,formal_T1G,4,1,0.25,0,4,1,0,4,1,0.25,0.25,0,0,3,3
20260908,3,1b0d2271e842e01a,original,M3_C1_PRE_CP_FEATURE_VERIFIER,PRIMARY_SAFETY_FIRST,formal_T1L,5,0,0.0,0,0,0,2,0,2,0.0,0.0,0,2,5,5
20260908,3,1b0d2271e842e01a,original,M3_C1_PRE_CP_FEATURE_VERIFIER,PRIMARY_SAFETY_FIRST,formal_T2G,3,1,0.3333333333333333,0,1,1,0,1,1,0.3333333333333333,0.3333333333333333,0,0,2,2
20260908,3,1b0d2271e842e01a,original,M3_C1_PRE_CP_FEATURE_VERIFIER,PRIMARY_SAFETY_FIRST,native,1,1,1.0,0,1,1,0,1,1,1.0,1.0,0,0,0,0
20260908,3,1b0d2271e842e01a,original,M3_C1_PRE_CP_FEATURE_VERIFIER,PRIMARY_SAFETY_FIRST,reviewed_same_fact_text_augmentation,4,4,1.0,0,2,2,0,4,4,0.5,1.0,0,0,0,0
20260908,3,1b0d2271e842e01a,original,M3_C1_PRE_CP_FEATURE_VERIFIER,PRIMARY_SAFETY_FIRST,same_question_different_image_conflicting_source_answer,5,0,0.0,0,0,0,0,0,0,0.0,0.0,0,0,5,5
20260908,3,1b0d2271e842e01a,original,M3_C1_PRE_CP_FEATURE_VERIFIER,SECONDARY_COVERAGE90,broad_unrelated_source_qa,15,0,0.0,0,0,0,4,0,4,0.0,0.0,0,4,15,15
20260908,3,1b0d2271e842e01a,original,M3_C1_PRE_CP_FEATURE_VERIFIER,SECONDARY_COVERAGE90,evaluation_positive,4,4,1.0,0,4,4,0,4,4,1.0,1.0,0,0,0,0
20260908,3,1b0d2271e842e01a,original,M3_C1_PRE_CP_FEATURE_VERIFIER,SECONDARY_COVERAGE90,formal_T1G,4,1,0.25,0,4,1,0,4,1,0.25,0.25,0,0,3,3
20260908,3,1b0d2271e842e01a,original,M3_C1_PRE_CP_FEATURE_VERIFIER,SECONDARY_COVERAGE90,formal_T1L,5,0,0.0,0,0,0,2,0,2,0.0,0.0,0,2,5,5
20260908,3,1b0d2271e842e01a,original,M3_C1_PRE_CP_FEATURE_VERIFIER,SECONDARY_COVERAGE90,formal_T2G,3,1,0.3333333333333333,0,1,1,0,1,1,0.3333333333333333,0.3333333333333333,0,0,2,2
20260908,3,1b0d2271e842e01a,original,M3_C1_PRE_CP_FEATURE_VERIFIER,SECONDARY_COVERAGE90,native,1,1,1.0,0,1,1,0,1,1,1.0,1.0,0,0,0,0
20260908,3,1b0d2271e842e01a,original,M3_C1_PRE_CP_FEATURE_VERIFIER,SECONDARY_COVERAGE90,reviewed_same_fact_text_augmentation,4,4,1.0,0,2,2,0,4,4,0.5,1.0,0,0,0,0
20260908,3,1b0d2271e842e01a,original,M3_C1_PRE_CP_FEATURE_VERIFIER,SECONDARY_COVERAGE90,same_question_different_image_conflicting_source_answer,5,0,0.0,0,0,0,0,0,0,0.0,0.0,0,0,5,5
20260908,7,13d861159cbf9477,matched,M0_C1_R2_MEAN_CONTROL,PRIMARY_SAFETY_FIRST,matched_evaluation_positive,4,4,1.0,0,4,4,0,4,4,1.0,1.0,0,0,0,0
20260908,7,13d861159cbf9477,matched,M0_C1_R2_MEAN_CONTROL,PRIMARY_SAFETY_FIRST,matched_hard_image,8,2,0.25,0,0,0,0,0,0,0.0,0.0,0,0,6,6
20260908,7,13d861159cbf9477,matched,M0_C1_R2_MEAN_CONTROL,SECONDARY_COVERAGE90,matched_evaluation_positive,4,4,1.0,0,4,4,0,4,4,1.0,1.0,0,0,0,0
20260908,7,13d861159cbf9477,matched,M0_C1_R2_MEAN_CONTROL,SECONDARY_COVERAGE90,matched_hard_image,8,2,0.25,0,0,0,0,0,0,0.0,0.0,0,0,6,6
20260908,7,13d861159cbf9477,matched,M1_C1_CP_CONJUNCTION_CONTROL,PRIMARY_SAFETY_FIRST,matched_evaluation_positive,4,3,0.75,0,4,3,0,4,3,0.75,0.75,0,0,1,1
20260908,7,13d861159cbf9477,matched,M1_C1_CP_CONJUNCTION_CONTROL,PRIMARY_SAFETY_FIRST,matched_hard_image,8,0,0.0,0,0,0,0,0,0,0.0,0.0,0,0,8,8
20260908,7,13d861159cbf9477,matched,M1_C1_CP_CONJUNCTION_CONTROL,SECONDARY_COVERAGE90,matched_evaluation_positive,4,3,0.75,0,4,3,0,4,3,0.75,0.75,0,0,1,1
20260908,7,13d861159cbf9477,matched,M1_C1_CP_CONJUNCTION_CONTROL,SECONDARY_COVERAGE90,matched_hard_image,8,0,0.0,0,0,0,0,0,0,0.0,0.0,0,0,8,8
20260908,7,13d861159cbf9477,matched,M2_C1_CP_RESPONSE_VERIFIER,PRIMARY_SAFETY_FIRST,matched_evaluation_positive,4,2,0.5,0,4,2,0,4,2,0.5,0.5,0,0,2,2
20260908,7,13d861159cbf9477,matched,M2_C1_CP_RESPONSE_VERIFIER,PRIMARY_SAFETY_FIRST,matched_hard_image,8,0,0.0,0,0,0,0,0,0,0.0,0.0,0,0,8,8
20260908,7,13d861159cbf9477,matched,M2_C1_CP_RESPONSE_VERIFIER,SECONDARY_COVERAGE90,matched_evaluation_positive,4,2,0.5,0,4,2,0,4,2,0.5,0.5,0,0,2,2
20260908,7,13d861159cbf9477,matched,M2_C1_CP_RESPONSE_VERIFIER,SECONDARY_COVERAGE90,matched_hard_image,8,0,0.0,0,0,0,0,0,0,0.0,0.0,0,0,8,8
20260908,7,13d861159cbf9477,matched,M3_C1_PRE_CP_FEATURE_VERIFIER,PRIMARY_SAFETY_FIRST,matched_evaluation_positive,4,3,0.75,0,4,3,0,4,3,0.75,0.75,0,0,1,1
20260908,7,13d861159cbf9477,matched,M3_C1_PRE_CP_FEATURE_VERIFIER,PRIMARY_SAFETY_FIRST,matched_hard_image,8,0,0.0,0,0,0,0,0,0,0.0,0.0,0,0,8,8
20260908,7,13d861159cbf9477,matched,M3_C1_PRE_CP_FEATURE_VERIFIER,SECONDARY_COVERAGE90,matched_evaluation_positive,4,3,0.75,0,4,3,0,4,3,0.75,0.75,0,0,1,1
20260908,7,13d861159cbf9477,matched,M3_C1_PRE_CP_FEATURE_VERIFIER,SECONDARY_COVERAGE90,matched_hard_image,8,0,0.0,0,0,0,0,0,0,0.0,0.0,0,0,8,8
20260908,7,13d861159cbf9477,original,M0_C1_R2_MEAN_CONTROL,CONTINUITY_COVERAGE_CONSTRAINED,broad_unrelated_source_qa,18,0,0.0,0,0,0,8,7,8,0.0,0.0,0,8,18,18
20260908,7,13d861159cbf9477,original,M0_C1_R2_MEAN_CONTROL,CONTINUITY_COVERAGE_CONSTRAINED,evaluation_positive,4,4,1.0,0,4,4,0,4,4,1.0,1.0,0,0,0,0
20260908,7,13d861159cbf9477,original,M0_C1_R2_MEAN_CONTROL,CONTINUITY_COVERAGE_CONSTRAINED,formal_T1G,4,3,0.75,0,4,3,0,4,3,0.75,0.75,0,0,1,1
20260908,7,13d861159cbf9477,original,M0_C1_R2_MEAN_CONTROL,CONTINUITY_COVERAGE_CONSTRAINED,formal_T2G,4,4,1.0,0,2,2,0,2,2,0.5,0.5,0,0,0,0
20260908,7,13d861159cbf9477,original,M0_C1_R2_MEAN_CONTROL,CONTINUITY_COVERAGE_CONSTRAINED,native,1,1,1.0,0,1,1,0,1,1,1.0,1.0,0,0,0,0
20260908,7,13d861159cbf9477,original,M0_C1_R2_MEAN_CONTROL,CONTINUITY_COVERAGE_CONSTRAINED,reviewed_same_fact_text_augmentation,4,4,1.0,0,4,4,0,4,4,1.0,1.0,0,0,0,0
20260908,7,13d861159cbf9477,original,M0_C1_R2_MEAN_CONTROL,CONTINUITY_COVERAGE_CONSTRAINED,same_image_other_source_fact,12,0,0.0,0,0,0,6,6,6,0.0,0.0,0,6,12,12
20260908,7,13d861159cbf9477,original,M0_C1_R2_MEAN_CONTROL,CONTINUITY_COVERAGE_CONSTRAINED,same_question_different_image_conflicting_source_answer,2,2,1.0,0,0,0,0,0,0,0.0,0.0,0,0,0,0
20260908,7,13d861159cbf9477,original,M0_C1_R2_MEAN_CONTROL,CONTINUITY_SAFETY_FIRST,broad_unrelated_source_qa,18,0,0.0,0,0,0,8,7,8,0.0,0.0,0,8,18,18
20260908,7,13d861159cbf9477,original,M0_C1_R2_MEAN_CONTROL,CONTINUITY_SAFETY_FIRST,evaluation_positive,4,4,1.0,0,4,4,0,4,4,1.0,1.0,0,0,0,0
20260908,7,13d861159cbf9477,original,M0_C1_R2_MEAN_CONTROL,CONTINUITY_SAFETY_FIRST,formal_T1G,4,3,0.75,0,4,3,0,4,3,0.75,0.75,0,0,1,1
20260908,7,13d861159cbf9477,original,M0_C1_R2_MEAN_CONTROL,CONTINUITY_SAFETY_FIRST,formal_T2G,4,4,1.0,0,2,2,0,2,2,0.5,0.5,0,0,0,0
20260908,7,13d861159cbf9477,original,M0_C1_R2_MEAN_CONTROL,CONTINUITY_SAFETY_FIRST,native,1,1,1.0,0,1,1,0,1,1,1.0,1.0,0,0,0,0
20260908,7,13d861159cbf9477,original,M0_C1_R2_MEAN_CONTROL,CONTINUITY_SAFETY_FIRST,reviewed_same_fact_text_augmentation,4,4,1.0,0,4,4,0,4,4,1.0,1.0,0,0,0,0
20260908,7,13d861159cbf9477,original,M0_C1_R2_MEAN_CONTROL,CONTINUITY_SAFETY_FIRST,same_image_other_source_fact,12,0,0.0,0,0,0,6,6,6,0.0,0.0,0,6,12,12
20260908,7,13d861159cbf9477,original,M0_C1_R2_MEAN_CONTROL,CONTINUITY_SAFETY_FIRST,same_question_different_image_conflicting_source_answer,2,2,1.0,0,0,0,0,0,0,0.0,0.0,0,0,0,0
20260908,7,13d861159cbf9477,original,M1_C1_CP_CONJUNCTION_CONTROL,PRIMARY_SAFETY_FIRST,broad_unrelated_source_qa,18,0,0.0,0,0,0,8,7,8,0.0,0.0,0,8,18,18
20260908,7,13d861159cbf9477,original,M1_C1_CP_CONJUNCTION_CONTROL,PRIMARY_SAFETY_FIRST,evaluation_positive,4,4,1.0,0,4,4,0,4,4,1.0,1.0,0,0,0,0
20260908,7,13d861159cbf9477,original,M1_C1_CP_CONJUNCTION_CONTROL,PRIMARY_SAFETY_FIRST,formal_T1G,4,0,0.0,0,4,0,0,4,0,0.0,0.0,0,0,4,4
20260908,7,13d861159cbf9477,original,M1_C1_CP_CONJUNCTION_CONTROL,PRIMARY_SAFETY_FIRST,formal_T2G,4,4,1.0,0,2,2,0,2,2,0.5,0.5,0,0,0,0
20260908,7,13d861159cbf9477,original,M1_C1_CP_CONJUNCTION_CONTROL,PRIMARY_SAFETY_FIRST,native,1,1,1.0,0,1,1,0,1,1,1.0,1.0,0,0,0,0
20260908,7,13d861159cbf9477,original,M1_C1_CP_CONJUNCTION_CONTROL,PRIMARY_SAFETY_FIRST,reviewed_same_fact_text_augmentation,4,4,1.0,0,4,4,0,4,4,1.0,1.0,0,0,0,0
20260908,7,13d861159cbf9477,original,M1_C1_CP_CONJUNCTION_CONTROL,PRIMARY_SAFETY_FIRST,same_image_other_source_fact,12,0,0.0,0,0,0,6,6,6,0.0,0.0,0,6,12,12
20260908,7,13d861159cbf9477,original,M1_C1_CP_CONJUNCTION_CONTROL,PRIMARY_SAFETY_FIRST,same_question_different_image_conflicting_source_answer,2,0,0.0,0,0,0,0,0,0,0.0,0.0,0,0,2,2
20260908,7,13d861159cbf9477,original,M1_C1_CP_CONJUNCTION_CONTROL,SECONDARY_COVERAGE90,broad_unrelated_source_qa,18,0,0.0,0,0,0,8,7,8,0.0,0.0,0,8,18,18
20260908,7,13d861159cbf9477,original,M1_C1_CP_CONJUNCTION_CONTROL,SECONDARY_COVERAGE90,evaluation_positive,4,4,1.0,0,4,4,0,4,4,1.0,1.0,0,0,0,0
20260908,7,13d861159cbf9477,original,M1_C1_CP_CONJUNCTION_CONTROL,SECONDARY_COVERAGE90,formal_T1G,4,0,0.0,0,4,0,0,4,0,0.0,0.0,0,0,4,4
20260908,7,13d861159cbf9477,original,M1_C1_CP_CONJUNCTION_CONTROL,SECONDARY_COVERAGE90,formal_T2G,4,4,1.0,0,2,2,0,2,2,0.5,0.5,0,0,0,0
20260908,7,13d861159cbf9477,original,M1_C1_CP_CONJUNCTION_CONTROL,SECONDARY_COVERAGE90,native,1,1,1.0,0,1,1,0,1,1,1.0,1.0,0,0,0,0
20260908,7,13d861159cbf9477,original,M1_C1_CP_CONJUNCTION_CONTROL,SECONDARY_COVERAGE90,reviewed_same_fact_text_augmentation,4,4,1.0,0,4,4,0,4,4,1.0,1.0,0,0,0,0
20260908,7,13d861159cbf9477,original,M1_C1_CP_CONJUNCTION_CONTROL,SECONDARY_COVERAGE90,same_image_other_source_fact,12,0,0.0,0,0,0,6,6,6,0.0,0.0,0,6,12,12
20260908,7,13d861159cbf9477,original,M1_C1_CP_CONJUNCTION_CONTROL,SECONDARY_COVERAGE90,same_question_different_image_conflicting_source_answer,2,0,0.0,0,0,0,0,0,0,0.0,0.0,0,0,2,2
20260908,7,13d861159cbf9477,original,M2_C1_CP_RESPONSE_VERIFIER,PRIMARY_SAFETY_FIRST,broad_unrelated_source_qa,18,0,0.0,0,0,0,8,7,8,0.0,0.0,0,8,18,18
20260908,7,13d861159cbf9477,original,M2_C1_CP_RESPONSE_VERIFIER,PRIMARY_SAFETY_FIRST,evaluation_positive,4,4,1.0,0,4,4,0,4,4,1.0,1.0,0,0,0,0
20260908,7,13d861159cbf9477,original,M2_C1_CP_RESPONSE_VERIFIER,PRIMARY_SAFETY_FIRST,formal_T1G,4,0,0.0,0,4,0,0,4,0,0.0,0.0,0,0,4,4
20260908,7,13d861159cbf9477,original,M2_C1_CP_RESPONSE_VERIFIER,PRIMARY_SAFETY_FIRST,formal_T2G,4,4,1.0,0,2,2,0,2,2,0.5,0.5,0,0,0,0
20260908,7,13d861159cbf9477,original,M2_C1_CP_RESPONSE_VERIFIER,PRIMARY_SAFETY_FIRST,native,1,1,1.0,0,1,1,0,1,1,1.0,1.0,0,0,0,0
20260908,7,13d861159cbf9477,original,M2_C1_CP_RESPONSE_VERIFIER,PRIMARY_SAFETY_FIRST,reviewed_same_fact_text_augmentation,4,4,1.0,0,4,4,0,4,4,1.0,1.0,0,0,0,0
20260908,7,13d861159cbf9477,original,M2_C1_CP_RESPONSE_VERIFIER,PRIMARY_SAFETY_FIRST,same_image_other_source_fact,12,0,0.0,0,0,0,6,6,6,0.0,0.0,0,6,12,12
20260908,7,13d861159cbf9477,original,M2_C1_CP_RESPONSE_VERIFIER,PRIMARY_SAFETY_FIRST,same_question_different_image_conflicting_source_answer,2,0,0.0,0,0,0,0,0,0,0.0,0.0,0,0,2,2
20260908,7,13d861159cbf9477,original,M2_C1_CP_RESPONSE_VERIFIER,SECONDARY_COVERAGE90,broad_unrelated_source_qa,18,0,0.0,0,0,0,8,7,8,0.0,0.0,0,8,18,18
20260908,7,13d861159cbf9477,original,M2_C1_CP_RESPONSE_VERIFIER,SECONDARY_COVERAGE90,evaluation_positive,4,4,1.0,0,4,4,0,4,4,1.0,1.0,0,0,0,0
20260908,7,13d861159cbf9477,original,M2_C1_CP_RESPONSE_VERIFIER,SECONDARY_COVERAGE90,formal_T1G,4,0,0.0,0,4,0,0,4,0,0.0,0.0,0,0,4,4
20260908,7,13d861159cbf9477,original,M2_C1_CP_RESPONSE_VERIFIER,SECONDARY_COVERAGE90,formal_T2G,4,4,1.0,0,2,2,0,2,2,0.5,0.5,0,0,0,0
20260908,7,13d861159cbf9477,original,M2_C1_CP_RESPONSE_VERIFIER,SECONDARY_COVERAGE90,native,1,1,1.0,0,1,1,0,1,1,1.0,1.0,0,0,0,0
20260908,7,13d861159cbf9477,original,M2_C1_CP_RESPONSE_VERIFIER,SECONDARY_COVERAGE90,reviewed_same_fact_text_augmentation,4,4,1.0,0,4,4,0,4,4,1.0,1.0,0,0,0,0
20260908,7,13d861159cbf9477,original,M2_C1_CP_RESPONSE_VERIFIER,SECONDARY_COVERAGE90,same_image_other_source_fact,12,0,0.0,0,0,0,6,6,6,0.0,0.0,0,6,12,12
20260908,7,13d861159cbf9477,original,M2_C1_CP_RESPONSE_VERIFIER,SECONDARY_COVERAGE90,same_question_different_image_conflicting_source_answer,2,0,0.0,0,0,0,0,0,0,0.0,0.0,0,0,2,2
20260908,7,13d861159cbf9477,original,M3_C1_PRE_CP_FEATURE_VERIFIER,PRIMARY_SAFETY_FIRST,broad_unrelated_source_qa,18,0,0.0,0,0,0,8,7,8,0.0,0.0,0,8,18,18
20260908,7,13d861159cbf9477,original,M3_C1_PRE_CP_FEATURE_VERIFIER,PRIMARY_SAFETY_FIRST,evaluation_positive,4,4,1.0,0,4,4,0,4,4,1.0,1.0,0,0,0,0
20260908,7,13d861159cbf9477,original,M3_C1_PRE_CP_FEATURE_VERIFIER,PRIMARY_SAFETY_FIRST,formal_T1G,4,0,0.0,0,4,0,0,4,0,0.0,0.0,0,0,4,4
20260908,7,13d861159cbf9477,original,M3_C1_PRE_CP_FEATURE_VERIFIER,PRIMARY_SAFETY_FIRST,formal_T2G,4,4,1.0,0,2,2,0,2,2,0.5,0.5,0,0,0,0
20260908,7,13d861159cbf9477,original,M3_C1_PRE_CP_FEATURE_VERIFIER,PRIMARY_SAFETY_FIRST,native,1,1,1.0,0,1,1,0,1,1,1.0,1.0,0,0,0,0
20260908,7,13d861159cbf9477,original,M3_C1_PRE_CP_FEATURE_VERIFIER,PRIMARY_SAFETY_FIRST,reviewed_same_fact_text_augmentation,4,4,1.0,0,4,4,0,4,4,1.0,1.0,0,0,0,0
20260908,7,13d861159cbf9477,original,M3_C1_PRE_CP_FEATURE_VERIFIER,PRIMARY_SAFETY_FIRST,same_image_other_source_fact,12,0,0.0,0,0,0,6,6,6,0.0,0.0,0,6,12,12
20260908,7,13d861159cbf9477,original,M3_C1_PRE_CP_FEATURE_VERIFIER,PRIMARY_SAFETY_FIRST,same_question_different_image_conflicting_source_answer,2,0,0.0,0,0,0,0,0,0,0.0,0.0,0,0,2,2
20260908,7,13d861159cbf9477,original,M3_C1_PRE_CP_FEATURE_VERIFIER,SECONDARY_COVERAGE90,broad_unrelated_source_qa,18,0,0.0,0,0,0,8,7,8,0.0,0.0,0,8,18,18
20260908,7,13d861159cbf9477,original,M3_C1_PRE_CP_FEATURE_VERIFIER,SECONDARY_COVERAGE90,evaluation_positive,4,4,1.0,0,4,4,0,4,4,1.0,1.0,0,0,0,0
20260908,7,13d861159cbf9477,original,M3_C1_PRE_CP_FEATURE_VERIFIER,SECONDARY_COVERAGE90,formal_T1G,4,0,0.0,0,4,0,0,4,0,0.0,0.0,0,0,4,4
20260908,7,13d861159cbf9477,original,M3_C1_PRE_CP_FEATURE_VERIFIER,SECONDARY_COVERAGE90,formal_T2G,4,4,1.0,0,2,2,0,2,2,0.5,0.5,0,0,0,0
20260908,7,13d861159cbf9477,original,M3_C1_PRE_CP_FEATURE_VERIFIER,SECONDARY_COVERAGE90,native,1,1,1.0,0,1,1,0,1,1,1.0,1.0,0,0,0,0
20260908,7,13d861159cbf9477,original,M3_C1_PRE_CP_FEATURE_VERIFIER,SECONDARY_COVERAGE90,reviewed_same_fact_text_augmentation,4,4,1.0,0,4,4,0,4,4,1.0,1.0,0,0,0,0
20260908,7,13d861159cbf9477,original,M3_C1_PRE_CP_FEATURE_VERIFIER,SECONDARY_COVERAGE90,same_image_other_source_fact,12,0,0.0,0,0,0,6,6,6,0.0,0.0,0,6,12,12
20260908,7,13d861159cbf9477,original,M3_C1_PRE_CP_FEATURE_VERIFIER,SECONDARY_COVERAGE90,same_question_different_image_conflicting_source_answer,2,0,0.0,0,0,0,0,0,0,0.0,0.0,0,0,2,2
20260908,13,1379df4696783d47,matched,M0_C1_R2_MEAN_CONTROL,PRIMARY_SAFETY_FIRST,matched_evaluation_positive,4,4,1.0,0,4,4,0,4,4,1.0,1.0,0,0,0,0
20260908,13,1379df4696783d47,matched,M0_C1_R2_MEAN_CONTROL,PRIMARY_SAFETY_FIRST,matched_hard_image,4,4,1.0,0,0,0,0,0,0,0.0,0.0,0,0,0,0
20260908,13,1379df4696783d47,matched,M0_C1_R2_MEAN_CONTROL,SECONDARY_COVERAGE90,matched_evaluation_positive,4,4,1.0,0,4,4,0,4,4,1.0,1.0,0,0,0,0
20260908,13,1379df4696783d47,matched,M0_C1_R2_MEAN_CONTROL,SECONDARY_COVERAGE90,matched_hard_image,4,4,1.0,0,0,0,0,0,0,0.0,0.0,0,0,0,0
20260908,13,1379df4696783d47,matched,M1_C1_CP_CONJUNCTION_CONTROL,PRIMARY_SAFETY_FIRST,matched_evaluation_positive,4,4,1.0,0,4,4,0,4,4,1.0,1.0,0,0,0,0
20260908,13,1379df4696783d47,matched,M1_C1_CP_CONJUNCTION_CONTROL,PRIMARY_SAFETY_FIRST,matched_hard_image,4,4,1.0,0,0,0,0,0,0,0.0,0.0,0,0,0,0
20260908,13,1379df4696783d47,matched,M1_C1_CP_CONJUNCTION_CONTROL,SECONDARY_COVERAGE90,matched_evaluation_positive,4,4,1.0,0,4,4,0,4,4,1.0,1.0,0,0,0,0
20260908,13,1379df4696783d47,matched,M1_C1_CP_CONJUNCTION_CONTROL,SECONDARY_COVERAGE90,matched_hard_image,4,4,1.0,0,0,0,0,0,0,0.0,0.0,0,0,0,0
20260908,13,1379df4696783d47,matched,M2_C1_CP_RESPONSE_VERIFIER,PRIMARY_SAFETY_FIRST,matched_evaluation_positive,4,2,0.5,0,4,2,0,4,2,0.5,0.5,0,0,2,2
20260908,13,1379df4696783d47,matched,M2_C1_CP_RESPONSE_VERIFIER,PRIMARY_SAFETY_FIRST,matched_hard_image,4,2,0.5,0,0,0,0,0,0,0.0,0.0,0,0,2,2
20260908,13,1379df4696783d47,matched,M2_C1_CP_RESPONSE_VERIFIER,SECONDARY_COVERAGE90,matched_evaluation_positive,4,2,0.5,0,4,2,0,4,2,0.5,0.5,0,0,2,2
20260908,13,1379df4696783d47,matched,M2_C1_CP_RESPONSE_VERIFIER,SECONDARY_COVERAGE90,matched_hard_image,4,2,0.5,0,0,0,0,0,0,0.0,0.0,0,0,2,2
20260908,13,1379df4696783d47,matched,M3_C1_PRE_CP_FEATURE_VERIFIER,PRIMARY_SAFETY_FIRST,matched_evaluation_positive,4,2,0.5,0,4,2,0,4,2,0.5,0.5,0,0,2,2
20260908,13,1379df4696783d47,matched,M3_C1_PRE_CP_FEATURE_VERIFIER,PRIMARY_SAFETY_FIRST,matched_hard_image,4,2,0.5,0,0,0,0,0,0,0.0,0.0,0,0,2,2
20260908,13,1379df4696783d47,matched,M3_C1_PRE_CP_FEATURE_VERIFIER,SECONDARY_COVERAGE90,matched_evaluation_positive,4,2,0.5,0,4,2,0,4,2,0.5,0.5,0,0,2,2
20260908,13,1379df4696783d47,matched,M3_C1_PRE_CP_FEATURE_VERIFIER,SECONDARY_COVERAGE90,matched_hard_image,4,2,0.5,0,0,0,0,0,0,0.0,0.0,0,0,2,2
20260908,13,1379df4696783d47,original,M0_C1_R2_MEAN_CONTROL,CONTINUITY_COVERAGE_CONSTRAINED,broad_unrelated_source_qa,19,0,0.0,0,0,0,4,4,4,0.0,0.0,0,4,19,19
20260908,13,1379df4696783d47,original,M0_C1_R2_MEAN_CONTROL,CONTINUITY_COVERAGE_CONSTRAINED,evaluation_positive,4,4,1.0,0,4,4,0,4,4,1.0,1.0,0,0,0,0
20260908,13,1379df4696783d47,original,M0_C1_R2_MEAN_CONTROL,CONTINUITY_COVERAGE_CONSTRAINED,formal_T1G,4,4,1.0,0,4,4,0,4,4,1.0,1.0,0,0,0,0
20260908,13,1379df4696783d47,original,M0_C1_R2_MEAN_CONTROL,CONTINUITY_COVERAGE_CONSTRAINED,formal_T2G,4,3,0.75,0,2,2,0,2,2,0.5,0.5,0,0,1,1
20260908,13,1379df4696783d47,original,M0_C1_R2_MEAN_CONTROL,CONTINUITY_COVERAGE_CONSTRAINED,native,1,1,1.0,0,1,1,0,1,1,1.0,1.0,0,0,0,0
20260908,13,1379df4696783d47,original,M0_C1_R2_MEAN_CONTROL,CONTINUITY_COVERAGE_CONSTRAINED,reviewed_same_fact_text_augmentation,4,4,1.0,0,4,4,0,2,2,1.0,0.5,0,0,0,0
20260908,13,1379df4696783d47,original,M0_C1_R2_MEAN_CONTROL,CONTINUITY_COVERAGE_CONSTRAINED,same_question_different_image_conflicting_source_answer,1,1,1.0,0,0,0,0,0,0,0.0,0.0,0,0,0,0
20260908,13,1379df4696783d47,original,M0_C1_R2_MEAN_CONTROL,CONTINUITY_SAFETY_FIRST,broad_unrelated_source_qa,19,0,0.0,0,0,0,4,4,4,0.0,0.0,0,4,19,19
20260908,13,1379df4696783d47,original,M0_C1_R2_MEAN_CONTROL,CONTINUITY_SAFETY_FIRST,evaluation_positive,4,4,1.0,0,4,4,0,4,4,1.0,1.0,0,0,0,0
20260908,13,1379df4696783d47,original,M0_C1_R2_MEAN_CONTROL,CONTINUITY_SAFETY_FIRST,formal_T1G,4,4,1.0,0,4,4,0,4,4,1.0,1.0,0,0,0,0
20260908,13,1379df4696783d47,original,M0_C1_R2_MEAN_CONTROL,CONTINUITY_SAFETY_FIRST,formal_T2G,4,3,0.75,0,2,2,0,2,2,0.5,0.5,0,0,1,1
20260908,13,1379df4696783d47,original,M0_C1_R2_MEAN_CONTROL,CONTINUITY_SAFETY_FIRST,native,1,1,1.0,0,1,1,0,1,1,1.0,1.0,0,0,0,0
20260908,13,1379df4696783d47,original,M0_C1_R2_MEAN_CONTROL,CONTINUITY_SAFETY_FIRST,reviewed_same_fact_text_augmentation,4,4,1.0,0,4,4,0,2,2,1.0,0.5,0,0,0,0
20260908,13,1379df4696783d47,original,M0_C1_R2_MEAN_CONTROL,CONTINUITY_SAFETY_FIRST,same_question_different_image_conflicting_source_answer,1,1,1.0,0,0,0,0,0,0,0.0,0.0,0,0,0,0
20260908,13,1379df4696783d47,original,M1_C1_CP_CONJUNCTION_CONTROL,PRIMARY_SAFETY_FIRST,broad_unrelated_source_qa,19,0,0.0,0,0,0,4,4,4,0.0,0.0,0,4,19,19
20260908,13,1379df4696783d47,original,M1_C1_CP_CONJUNCTION_CONTROL,PRIMARY_SAFETY_FIRST,evaluation_positive,4,3,0.75,0,4,3,0,4,3,0.75,0.75,0,0,1,1
20260908,13,1379df4696783d47,original,M1_C1_CP_CONJUNCTION_CONTROL,PRIMARY_SAFETY_FIRST,formal_T1G,4,1,0.25,0,4,1,0,4,1,0.25,0.25,0,0,3,3
20260908,13,1379df4696783d47,original,M1_C1_CP_CONJUNCTION_CONTROL,PRIMARY_SAFETY_FIRST,formal_T2G,4,0,0.0,0,2,0,0,2,0,0.0,0.0,0,0,4,4
20260908,13,1379df4696783d47,original,M1_C1_CP_CONJUNCTION_CONTROL,PRIMARY_SAFETY_FIRST,native,1,0,0.0,0,1,0,0,1,0,0.0,0.0,0,0,1,1
20260908,13,1379df4696783d47,original,M1_C1_CP_CONJUNCTION_CONTROL,PRIMARY_SAFETY_FIRST,reviewed_same_fact_text_augmentation,4,2,0.5,0,4,2,0,2,2,0.5,0.5,0,0,2,2
20260908,13,1379df4696783d47,original,M1_C1_CP_CONJUNCTION_CONTROL,PRIMARY_SAFETY_FIRST,same_question_different_image_conflicting_source_answer,1,0,0.0,0,0,0,0,0,0,0.0,0.0,0,0,1,1
20260908,13,1379df4696783d47,original,M1_C1_CP_CONJUNCTION_CONTROL,SECONDARY_COVERAGE90,broad_unrelated_source_qa,19,0,0.0,0,0,0,4,4,4,0.0,0.0,0,4,19,19
20260908,13,1379df4696783d47,original,M1_C1_CP_CONJUNCTION_CONTROL,SECONDARY_COVERAGE90,evaluation_positive,4,3,0.75,0,4,3,0,4,3,0.75,0.75,0,0,1,1
20260908,13,1379df4696783d47,original,M1_C1_CP_CONJUNCTION_CONTROL,SECONDARY_COVERAGE90,formal_T1G,4,1,0.25,0,4,1,0,4,1,0.25,0.25,0,0,3,3
20260908,13,1379df4696783d47,original,M1_C1_CP_CONJUNCTION_CONTROL,SECONDARY_COVERAGE90,formal_T2G,4,0,0.0,0,2,0,0,2,0,0.0,0.0,0,0,4,4
20260908,13,1379df4696783d47,original,M1_C1_CP_CONJUNCTION_CONTROL,SECONDARY_COVERAGE90,native,1,0,0.0,0,1,0,0,1,0,0.0,0.0,0,0,1,1
20260908,13,1379df4696783d47,original,M1_C1_CP_CONJUNCTION_CONTROL,SECONDARY_COVERAGE90,reviewed_same_fact_text_augmentation,4,2,0.5,0,4,2,0,2,2,0.5,0.5,0,0,2,2
20260908,13,1379df4696783d47,original,M1_C1_CP_CONJUNCTION_CONTROL,SECONDARY_COVERAGE90,same_question_different_image_conflicting_source_answer,1,0,0.0,0,0,0,0,0,0,0.0,0.0,0,0,1,1
20260908,13,1379df4696783d47,original,M2_C1_CP_RESPONSE_VERIFIER,PRIMARY_SAFETY_FIRST,broad_unrelated_source_qa,19,0,0.0,0,0,0,4,4,4,0.0,0.0,0,4,19,19
20260908,13,1379df4696783d47,original,M2_C1_CP_RESPONSE_VERIFIER,PRIMARY_SAFETY_FIRST,evaluation_positive,4,2,0.5,0,4,2,0,4,2,0.5,0.5,0,0,2,2
20260908,13,1379df4696783d47,original,M2_C1_CP_RESPONSE_VERIFIER,PRIMARY_SAFETY_FIRST,formal_T1G,4,3,0.75,0,4,3,0,4,3,0.75,0.75,0,0,1,1
20260908,13,1379df4696783d47,original,M2_C1_CP_RESPONSE_VERIFIER,PRIMARY_SAFETY_FIRST,formal_T2G,4,1,0.25,0,2,1,0,2,1,0.25,0.25,0,0,3,3
20260908,13,1379df4696783d47,original,M2_C1_CP_RESPONSE_VERIFIER,PRIMARY_SAFETY_FIRST,native,1,1,1.0,0,1,1,0,1,1,1.0,1.0,0,0,0,0
20260908,13,1379df4696783d47,original,M2_C1_CP_RESPONSE_VERIFIER,PRIMARY_SAFETY_FIRST,reviewed_same_fact_text_augmentation,4,1,0.25,0,4,1,0,2,0,0.25,0.0,0,0,3,3
20260908,13,1379df4696783d47,original,M2_C1_CP_RESPONSE_VERIFIER,PRIMARY_SAFETY_FIRST,same_question_different_image_conflicting_source_answer,1,0,0.0,0,0,0,0,0,0,0.0,0.0,0,0,1,1
20260908,13,1379df4696783d47,original,M2_C1_CP_RESPONSE_VERIFIER,SECONDARY_COVERAGE90,broad_unrelated_source_qa,19,0,0.0,0,0,0,4,4,4,0.0,0.0,0,4,19,19
20260908,13,1379df4696783d47,original,M2_C1_CP_RESPONSE_VERIFIER,SECONDARY_COVERAGE90,evaluation_positive,4,2,0.5,0,4,2,0,4,2,0.5,0.5,0,0,2,2
20260908,13,1379df4696783d47,original,M2_C1_CP_RESPONSE_VERIFIER,SECONDARY_COVERAGE90,formal_T1G,4,3,0.75,0,4,3,0,4,3,0.75,0.75,0,0,1,1
20260908,13,1379df4696783d47,original,M2_C1_CP_RESPONSE_VERIFIER,SECONDARY_COVERAGE90,formal_T2G,4,1,0.25,0,2,1,0,2,1,0.25,0.25,0,0,3,3
20260908,13,1379df4696783d47,original,M2_C1_CP_RESPONSE_VERIFIER,SECONDARY_COVERAGE90,native,1,1,1.0,0,1,1,0,1,1,1.0,1.0,0,0,0,0
20260908,13,1379df4696783d47,original,M2_C1_CP_RESPONSE_VERIFIER,SECONDARY_COVERAGE90,reviewed_same_fact_text_augmentation,4,1,0.25,0,4,1,0,2,0,0.25,0.0,0,0,3,3
20260908,13,1379df4696783d47,original,M2_C1_CP_RESPONSE_VERIFIER,SECONDARY_COVERAGE90,same_question_different_image_conflicting_source_answer,1,0,0.0,0,0,0,0,0,0,0.0,0.0,0,0,1,1
20260908,13,1379df4696783d47,original,M3_C1_PRE_CP_FEATURE_VERIFIER,PRIMARY_SAFETY_FIRST,broad_unrelated_source_qa,19,0,0.0,0,0,0,4,4,4,0.0,0.0,0,4,19,19
20260908,13,1379df4696783d47,original,M3_C1_PRE_CP_FEATURE_VERIFIER,PRIMARY_SAFETY_FIRST,evaluation_positive,4,4,1.0,0,4,4,0,4,4,1.0,1.0,0,0,0,0
20260908,13,1379df4696783d47,original,M3_C1_PRE_CP_FEATURE_VERIFIER,PRIMARY_SAFETY_FIRST,formal_T1G,4,4,1.0,0,4,4,0,4,4,1.0,1.0,0,0,0,0
20260908,13,1379df4696783d47,original,M3_C1_PRE_CP_FEATURE_VERIFIER,PRIMARY_SAFETY_FIRST,formal_T2G,4,3,0.75,0,2,2,0,2,2,0.5,0.5,0,0,1,1
20260908,13,1379df4696783d47,original,M3_C1_PRE_CP_FEATURE_VERIFIER,PRIMARY_SAFETY_FIRST,native,1,1,1.0,0,1,1,0,1,1,1.0,1.0,0,0,0,0
20260908,13,1379df4696783d47,original,M3_C1_PRE_CP_FEATURE_VERIFIER,PRIMARY_SAFETY_FIRST,reviewed_same_fact_text_augmentation,4,4,1.0,0,4,4,0,2,2,1.0,0.5,0,0,0,0
20260908,13,1379df4696783d47,original,M3_C1_PRE_CP_FEATURE_VERIFIER,PRIMARY_SAFETY_FIRST,same_question_different_image_conflicting_source_answer,1,1,1.0,0,0,0,0,0,0,0.0,0.0,0,0,0,0
20260908,13,1379df4696783d47,original,M3_C1_PRE_CP_FEATURE_VERIFIER,SECONDARY_COVERAGE90,broad_unrelated_source_qa,19,0,0.0,0,0,0,4,4,4,0.0,0.0,0,4,19,19
20260908,13,1379df4696783d47,original,M3_C1_PRE_CP_FEATURE_VERIFIER,SECONDARY_COVERAGE90,evaluation_positive,4,4,1.0,0,4,4,0,4,4,1.0,1.0,0,0,0,0
20260908,13,1379df4696783d47,original,M3_C1_PRE_CP_FEATURE_VERIFIER,SECONDARY_COVERAGE90,formal_T1G,4,4,1.0,0,4,4,0,4,4,1.0,1.0,0,0,0,0
20260908,13,1379df4696783d47,original,M3_C1_PRE_CP_FEATURE_VERIFIER,SECONDARY_COVERAGE90,formal_T2G,4,3,0.75,0,2,2,0,2,2,0.5,0.5,0,0,1,1
20260908,13,1379df4696783d47,original,M3_C1_PRE_CP_FEATURE_VERIFIER,SECONDARY_COVERAGE90,native,1,1,1.0,0,1,1,0,1,1,1.0,1.0,0,0,0,0
20260908,13,1379df4696783d47,original,M3_C1_PRE_CP_FEATURE_VERIFIER,SECONDARY_COVERAGE90,reviewed_same_fact_text_augmentation,4,4,1.0,0,4,4,0,2,2,1.0,0.5,0,0,0,0
20260908,13,1379df4696783d47,original,M3_C1_PRE_CP_FEATURE_VERIFIER,SECONDARY_COVERAGE90,same_question_different_image_conflicting_source_answer,1,1,1.0,0,0,0,0,0,0,0.0,0.0,0,0,0,0
20260908,15,11999d89b31d5f06,matched,M0_C1_R2_MEAN_CONTROL,PRIMARY_SAFETY_FIRST,matched_evaluation_positive,4,4,1.0,0,4,4,0,4,4,1.0,1.0,0,0,0,0
20260908,15,11999d89b31d5f06,matched,M0_C1_R2_MEAN_CONTROL,PRIMARY_SAFETY_FIRST,matched_hard_image,20,4,0.2,0,0,0,0,0,0,0.0,0.0,0,0,16,16
20260908,15,11999d89b31d5f06,matched,M0_C1_R2_MEAN_CONTROL,SECONDARY_COVERAGE90,matched_evaluation_positive,4,4,1.0,0,4,4,0,4,4,1.0,1.0,0,0,0,0
20260908,15,11999d89b31d5f06,matched,M0_C1_R2_MEAN_CONTROL,SECONDARY_COVERAGE90,matched_hard_image,20,4,0.2,0,0,0,0,0,0,0.0,0.0,0,0,16,16
20260908,15,11999d89b31d5f06,matched,M1_C1_CP_CONJUNCTION_CONTROL,PRIMARY_SAFETY_FIRST,matched_evaluation_positive,4,2,0.5,0,4,2,0,4,2,0.5,0.5,0,0,2,2
20260908,15,11999d89b31d5f06,matched,M1_C1_CP_CONJUNCTION_CONTROL,PRIMARY_SAFETY_FIRST,matched_hard_image,20,0,0.0,0,0,0,0,0,0,0.0,0.0,0,0,20,20
20260908,15,11999d89b31d5f06,matched,M1_C1_CP_CONJUNCTION_CONTROL,SECONDARY_COVERAGE90,matched_evaluation_positive,4,2,0.5,0,4,2,0,4,2,0.5,0.5,0,0,2,2
20260908,15,11999d89b31d5f06,matched,M1_C1_CP_CONJUNCTION_CONTROL,SECONDARY_COVERAGE90,matched_hard_image,20,0,0.0,0,0,0,0,0,0,0.0,0.0,0,0,20,20
20260908,15,11999d89b31d5f06,matched,M2_C1_CP_RESPONSE_VERIFIER,PRIMARY_SAFETY_FIRST,matched_evaluation_positive,4,2,0.5,0,4,2,0,4,2,0.5,0.5,0,0,2,2
20260908,15,11999d89b31d5f06,matched,M2_C1_CP_RESPONSE_VERIFIER,PRIMARY_SAFETY_FIRST,matched_hard_image,20,1,0.05,0,0,0,0,0,0,0.0,0.0,0,0,19,19
20260908,15,11999d89b31d5f06,matched,M2_C1_CP_RESPONSE_VERIFIER,SECONDARY_COVERAGE90,matched_evaluation_positive,4,2,0.5,0,4,2,0,4,2,0.5,0.5,0,0,2,2
20260908,15,11999d89b31d5f06,matched,M2_C1_CP_RESPONSE_VERIFIER,SECONDARY_COVERAGE90,matched_hard_image,20,1,0.05,0,0,0,0,0,0,0.0,0.0,0,0,19,19
20260908,15,11999d89b31d5f06,matched,M3_C1_PRE_CP_FEATURE_VERIFIER,PRIMARY_SAFETY_FIRST,matched_evaluation_positive,4,3,0.75,0,4,3,0,4,3,0.75,0.75,0,0,1,1
20260908,15,11999d89b31d5f06,matched,M3_C1_PRE_CP_FEATURE_VERIFIER,PRIMARY_SAFETY_FIRST,matched_hard_image,20,0,0.0,0,0,0,0,0,0,0.0,0.0,0,0,20,20
20260908,15,11999d89b31d5f06,matched,M3_C1_PRE_CP_FEATURE_VERIFIER,SECONDARY_COVERAGE90,matched_evaluation_positive,4,3,0.75,0,4,3,0,4,3,0.75,0.75,0,0,1,1
20260908,15,11999d89b31d5f06,matched,M3_C1_PRE_CP_FEATURE_VERIFIER,SECONDARY_COVERAGE90,matched_hard_image,20,0,0.0,0,0,0,0,0,0,0.0,0.0,0,0,20,20
20260908,15,11999d89b31d5f06,original,M0_C1_R2_MEAN_CONTROL,CONTINUITY_COVERAGE_CONSTRAINED,broad_unrelated_source_qa,15,0,0.0,0,0,0,5,3,5,0.0,0.0,0,5,15,15
20260908,15,11999d89b31d5f06,original,M0_C1_R2_MEAN_CONTROL,CONTINUITY_COVERAGE_CONSTRAINED,evaluation_positive,4,4,1.0,0,4,4,0,4,4,1.0,1.0,0,0,0,0
20260908,15,11999d89b31d5f06,original,M0_C1_R2_MEAN_CONTROL,CONTINUITY_COVERAGE_CONSTRAINED,formal_T1G,2,0,0.0,0,2,0,0,2,0,0.0,0.0,0,0,2,2
20260908,15,11999d89b31d5f06,original,M0_C1_R2_MEAN_CONTROL,CONTINUITY_COVERAGE_CONSTRAINED,formal_T1L,5,1,0.2,0,2,0,2,2,2,0.0,0.0,0,2,4,4
20260908,15,11999d89b31d5f06,original,M0_C1_R2_MEAN_CONTROL,CONTINUITY_COVERAGE_CONSTRAINED,formal_T2G,4,2,0.5,0,2,2,0,2,2,0.5,0.5,0,0,2,2
20260908,15,11999d89b31d5f06,original,M0_C1_R2_MEAN_CONTROL,CONTINUITY_COVERAGE_CONSTRAINED,native,1,1,1.0,0,1,1,0,1,1,1.0,1.0,0,0,0,0
20260908,15,11999d89b31d5f06,original,M0_C1_R2_MEAN_CONTROL,CONTINUITY_COVERAGE_CONSTRAINED,reviewed_same_fact_text_augmentation,4,4,1.0,0,4,4,0,4,4,1.0,1.0,0,0,0,0
20260908,15,11999d89b31d5f06,original,M0_C1_R2_MEAN_CONTROL,CONTINUITY_COVERAGE_CONSTRAINED,same_question_different_image_conflicting_source_answer,5,1,0.2,0,0,0,0,0,0,0.0,0.0,0,0,4,4
20260908,15,11999d89b31d5f06,original,M0_C1_R2_MEAN_CONTROL,CONTINUITY_SAFETY_FIRST,broad_unrelated_source_qa,15,0,0.0,0,0,0,5,3,5,0.0,0.0,0,5,15,15
20260908,15,11999d89b31d5f06,original,M0_C1_R2_MEAN_CONTROL,CONTINUITY_SAFETY_FIRST,evaluation_positive,4,4,1.0,0,4,4,0,4,4,1.0,1.0,0,0,0,0
20260908,15,11999d89b31d5f06,original,M0_C1_R2_MEAN_CONTROL,CONTINUITY_SAFETY_FIRST,formal_T1G,2,0,0.0,0,2,0,0,2,0,0.0,0.0,0,0,2,2
20260908,15,11999d89b31d5f06,original,M0_C1_R2_MEAN_CONTROL,CONTINUITY_SAFETY_FIRST,formal_T1L,5,1,0.2,0,2,0,2,2,2,0.0,0.0,0,2,4,4
20260908,15,11999d89b31d5f06,original,M0_C1_R2_MEAN_CONTROL,CONTINUITY_SAFETY_FIRST,formal_T2G,4,2,0.5,0,2,2,0,2,2,0.5,0.5,0,0,2,2
20260908,15,11999d89b31d5f06,original,M0_C1_R2_MEAN_CONTROL,CONTINUITY_SAFETY_FIRST,native,1,1,1.0,0,1,1,0,1,1,1.0,1.0,0,0,0,0
20260908,15,11999d89b31d5f06,original,M0_C1_R2_MEAN_CONTROL,CONTINUITY_SAFETY_FIRST,reviewed_same_fact_text_augmentation,4,4,1.0,0,4,4,0,4,4,1.0,1.0,0,0,0,0
20260908,15,11999d89b31d5f06,original,M0_C1_R2_MEAN_CONTROL,CONTINUITY_SAFETY_FIRST,same_question_different_image_conflicting_source_answer,5,1,0.2,0,0,0,0,0,0,0.0,0.0,0,0,4,4
20260908,15,11999d89b31d5f06,original,M1_C1_CP_CONJUNCTION_CONTROL,PRIMARY_SAFETY_FIRST,broad_unrelated_source_qa,15,0,0.0,0,0,0,5,3,5,0.0,0.0,0,5,15,15
20260908,15,11999d89b31d5f06,original,M1_C1_CP_CONJUNCTION_CONTROL,PRIMARY_SAFETY_FIRST,evaluation_positive,4,4,1.0,0,4,4,0,4,4,1.0,1.0,0,0,0,0
20260908,15,11999d89b31d5f06,original,M1_C1_CP_CONJUNCTION_CONTROL,PRIMARY_SAFETY_FIRST,formal_T1G,2,0,0.0,0,2,0,0,2,0,0.0,0.0,0,0,2,2
20260908,15,11999d89b31d5f06,original,M1_C1_CP_CONJUNCTION_CONTROL,PRIMARY_SAFETY_FIRST,formal_T1L,5,0,0.0,0,2,0,2,2,2,0.0,0.0,0,2,5,5
20260908,15,11999d89b31d5f06,original,M1_C1_CP_CONJUNCTION_CONTROL,PRIMARY_SAFETY_FIRST,formal_T2G,4,1,0.25,0,2,1,0,2,1,0.25,0.25,0,0,3,3
20260908,15,11999d89b31d5f06,original,M1_C1_CP_CONJUNCTION_CONTROL,PRIMARY_SAFETY_FIRST,native,1,0,0.0,0,1,0,0,1,0,0.0,0.0,0,0,1,1
20260908,15,11999d89b31d5f06,original,M1_C1_CP_CONJUNCTION_CONTROL,PRIMARY_SAFETY_FIRST,reviewed_same_fact_text_augmentation,4,4,1.0,0,4,4,0,4,4,1.0,1.0,0,0,0,0
20260908,15,11999d89b31d5f06,original,M1_C1_CP_CONJUNCTION_CONTROL,PRIMARY_SAFETY_FIRST,same_question_different_image_conflicting_source_answer,5,0,0.0,0,0,0,0,0,0,0.0,0.0,0,0,5,5
20260908,15,11999d89b31d5f06,original,M1_C1_CP_CONJUNCTION_CONTROL,SECONDARY_COVERAGE90,broad_unrelated_source_qa,15,0,0.0,0,0,0,5,3,5,0.0,0.0,0,5,15,15
20260908,15,11999d89b31d5f06,original,M1_C1_CP_CONJUNCTION_CONTROL,SECONDARY_COVERAGE90,evaluation_positive,4,4,1.0,0,4,4,0,4,4,1.0,1.0,0,0,0,0
20260908,15,11999d89b31d5f06,original,M1_C1_CP_CONJUNCTION_CONTROL,SECONDARY_COVERAGE90,formal_T1G,2,0,0.0,0,2,0,0,2,0,0.0,0.0,0,0,2,2
20260908,15,11999d89b31d5f06,original,M1_C1_CP_CONJUNCTION_CONTROL,SECONDARY_COVERAGE90,formal_T1L,5,0,0.0,0,2,0,2,2,2,0.0,0.0,0,2,5,5
20260908,15,11999d89b31d5f06,original,M1_C1_CP_CONJUNCTION_CONTROL,SECONDARY_COVERAGE90,formal_T2G,4,1,0.25,0,2,1,0,2,1,0.25,0.25,0,0,3,3
20260908,15,11999d89b31d5f06,original,M1_C1_CP_CONJUNCTION_CONTROL,SECONDARY_COVERAGE90,native,1,0,0.0,0,1,0,0,1,0,0.0,0.0,0,0,1,1
20260908,15,11999d89b31d5f06,original,M1_C1_CP_CONJUNCTION_CONTROL,SECONDARY_COVERAGE90,reviewed_same_fact_text_augmentation,4,4,1.0,0,4,4,0,4,4,1.0,1.0,0,0,0,0
20260908,15,11999d89b31d5f06,original,M1_C1_CP_CONJUNCTION_CONTROL,SECONDARY_COVERAGE90,same_question_different_image_conflicting_source_answer,5,0,0.0,0,0,0,0,0,0,0.0,0.0,0,0,5,5
20260908,15,11999d89b31d5f06,original,M2_C1_CP_RESPONSE_VERIFIER,PRIMARY_SAFETY_FIRST,broad_unrelated_source_qa,15,0,0.0,0,0,0,5,3,5,0.0,0.0,0,5,15,15
20260908,15,11999d89b31d5f06,original,M2_C1_CP_RESPONSE_VERIFIER,PRIMARY_SAFETY_FIRST,evaluation_positive,4,4,1.0,0,4,4,0,4,4,1.0,1.0,0,0,0,0
20260908,15,11999d89b31d5f06,original,M2_C1_CP_RESPONSE_VERIFIER,PRIMARY_SAFETY_FIRST,formal_T1G,2,0,0.0,0,2,0,0,2,0,0.0,0.0,0,0,2,2
20260908,15,11999d89b31d5f06,original,M2_C1_CP_RESPONSE_VERIFIER,PRIMARY_SAFETY_FIRST,formal_T1L,5,1,0.2,0,2,0,2,2,2,0.0,0.0,0,2,4,4
20260908,15,11999d89b31d5f06,original,M2_C1_CP_RESPONSE_VERIFIER,PRIMARY_SAFETY_FIRST,formal_T2G,4,2,0.5,0,2,1,0,2,1,0.25,0.25,0,0,2,2
20260908,15,11999d89b31d5f06,original,M2_C1_CP_RESPONSE_VERIFIER,PRIMARY_SAFETY_FIRST,native,1,1,1.0,0,1,1,0,1,1,1.0,1.0,0,0,0,0
20260908,15,11999d89b31d5f06,original,M2_C1_CP_RESPONSE_VERIFIER,PRIMARY_SAFETY_FIRST,reviewed_same_fact_text_augmentation,4,4,1.0,0,4,4,0,4,4,1.0,1.0,0,0,0,0
20260908,15,11999d89b31d5f06,original,M2_C1_CP_RESPONSE_VERIFIER,PRIMARY_SAFETY_FIRST,same_question_different_image_conflicting_source_answer,5,1,0.2,0,0,0,0,0,0,0.0,0.0,0,0,4,4
20260908,15,11999d89b31d5f06,original,M2_C1_CP_RESPONSE_VERIFIER,SECONDARY_COVERAGE90,broad_unrelated_source_qa,15,0,0.0,0,0,0,5,3,5,0.0,0.0,0,5,15,15
20260908,15,11999d89b31d5f06,original,M2_C1_CP_RESPONSE_VERIFIER,SECONDARY_COVERAGE90,evaluation_positive,4,4,1.0,0,4,4,0,4,4,1.0,1.0,0,0,0,0
20260908,15,11999d89b31d5f06,original,M2_C1_CP_RESPONSE_VERIFIER,SECONDARY_COVERAGE90,formal_T1G,2,0,0.0,0,2,0,0,2,0,0.0,0.0,0,0,2,2
20260908,15,11999d89b31d5f06,original,M2_C1_CP_RESPONSE_VERIFIER,SECONDARY_COVERAGE90,formal_T1L,5,1,0.2,0,2,0,2,2,2,0.0,0.0,0,2,4,4
20260908,15,11999d89b31d5f06,original,M2_C1_CP_RESPONSE_VERIFIER,SECONDARY_COVERAGE90,formal_T2G,4,2,0.5,0,2,1,0,2,1,0.25,0.25,0,0,2,2
20260908,15,11999d89b31d5f06,original,M2_C1_CP_RESPONSE_VERIFIER,SECONDARY_COVERAGE90,native,1,1,1.0,0,1,1,0,1,1,1.0,1.0,0,0,0,0
20260908,15,11999d89b31d5f06,original,M2_C1_CP_RESPONSE_VERIFIER,SECONDARY_COVERAGE90,reviewed_same_fact_text_augmentation,4,4,1.0,0,4,4,0,4,4,1.0,1.0,0,0,0,0
20260908,15,11999d89b31d5f06,original,M2_C1_CP_RESPONSE_VERIFIER,SECONDARY_COVERAGE90,same_question_different_image_conflicting_source_answer,5,1,0.2,0,0,0,0,0,0,0.0,0.0,0,0,4,4
20260908,15,11999d89b31d5f06,original,M3_C1_PRE_CP_FEATURE_VERIFIER,PRIMARY_SAFETY_FIRST,broad_unrelated_source_qa,15,0,0.0,0,0,0,5,3,5,0.0,0.0,0,5,15,15
20260908,15,11999d89b31d5f06,original,M3_C1_PRE_CP_FEATURE_VERIFIER,PRIMARY_SAFETY_FIRST,evaluation_positive,4,4,1.0,0,4,4,0,4,4,1.0,1.0,0,0,0,0
20260908,15,11999d89b31d5f06,original,M3_C1_PRE_CP_FEATURE_VERIFIER,PRIMARY_SAFETY_FIRST,formal_T1G,2,2,1.0,0,2,2,0,2,2,1.0,1.0,0,0,0,0
20260908,15,11999d89b31d5f06,original,M3_C1_PRE_CP_FEATURE_VERIFIER,PRIMARY_SAFETY_FIRST,formal_T1L,5,1,0.2,0,2,0,2,2,2,0.0,0.0,0,2,4,4
20260908,15,11999d89b31d5f06,original,M3_C1_PRE_CP_FEATURE_VERIFIER,PRIMARY_SAFETY_FIRST,formal_T2G,4,4,1.0,0,2,2,0,2,2,0.5,0.5,0,0,0,0
20260908,15,11999d89b31d5f06,original,M3_C1_PRE_CP_FEATURE_VERIFIER,PRIMARY_SAFETY_FIRST,native,1,1,1.0,0,1,1,0,1,1,1.0,1.0,0,0,0,0
20260908,15,11999d89b31d5f06,original,M3_C1_PRE_CP_FEATURE_VERIFIER,PRIMARY_SAFETY_FIRST,reviewed_same_fact_text_augmentation,4,4,1.0,0,4,4,0,4,4,1.0,1.0,0,0,0,0
20260908,15,11999d89b31d5f06,original,M3_C1_PRE_CP_FEATURE_VERIFIER,PRIMARY_SAFETY_FIRST,same_question_different_image_conflicting_source_answer,5,0,0.0,0,0,0,0,0,0,0.0,0.0,0,0,5,5
20260908,15,11999d89b31d5f06,original,M3_C1_PRE_CP_FEATURE_VERIFIER,SECONDARY_COVERAGE90,broad_unrelated_source_qa,15,0,0.0,0,0,0,5,3,5,0.0,0.0,0,5,15,15
20260908,15,11999d89b31d5f06,original,M3_C1_PRE_CP_FEATURE_VERIFIER,SECONDARY_COVERAGE90,evaluation_positive,4,4,1.0,0,4,4,0,4,4,1.0,1.0,0,0,0,0
20260908,15,11999d89b31d5f06,original,M3_C1_PRE_CP_FEATURE_VERIFIER,SECONDARY_COVERAGE90,formal_T1G,2,2,1.0,0,2,2,0,2,2,1.0,1.0,0,0,0,0
20260908,15,11999d89b31d5f06,original,M3_C1_PRE_CP_FEATURE_VERIFIER,SECONDARY_COVERAGE90,formal_T1L,5,1,0.2,0,2,0,2,2,2,0.0,0.0,0,2,4,4
20260908,15,11999d89b31d5f06,original,M3_C1_PRE_CP_FEATURE_VERIFIER,SECONDARY_COVERAGE90,formal_T2G,4,4,1.0,0,2,2,0,2,2,0.5,0.5,0,0,0,0
20260908,15,11999d89b31d5f06,original,M3_C1_PRE_CP_FEATURE_VERIFIER,SECONDARY_COVERAGE90,native,1,1,1.0,0,1,1,0,1,1,1.0,1.0,0,0,0,0
20260908,15,11999d89b31d5f06,original,M3_C1_PRE_CP_FEATURE_VERIFIER,SECONDARY_COVERAGE90,reviewed_same_fact_text_augmentation,4,4,1.0,0,4,4,0,4,4,1.0,1.0,0,0,0,0
20260908,15,11999d89b31d5f06,original,M3_C1_PRE_CP_FEATURE_VERIFIER,SECONDARY_COVERAGE90,same_question_different_image_conflicting_source_answer,5,0,0.0,0,0,0,0,0,0,0.0,0.0,0,0,5,5
20260908,16,30c09c9279241ba5,matched,M0_C1_R2_MEAN_CONTROL,PRIMARY_SAFETY_FIRST,matched_evaluation_positive,4,4,1.0,0,4,4,0,4,4,1.0,1.0,0,0,0,0
20260908,16,30c09c9279241ba5,matched,M0_C1_R2_MEAN_CONTROL,PRIMARY_SAFETY_FIRST,matched_hard_image,20,4,0.2,0,0,0,0,0,0,0.0,0.0,0,0,16,16
20260908,16,30c09c9279241ba5,matched,M0_C1_R2_MEAN_CONTROL,SECONDARY_COVERAGE90,matched_evaluation_positive,4,4,1.0,0,4,4,0,4,4,1.0,1.0,0,0,0,0
20260908,16,30c09c9279241ba5,matched,M0_C1_R2_MEAN_CONTROL,SECONDARY_COVERAGE90,matched_hard_image,20,4,0.2,0,0,0,0,0,0,0.0,0.0,0,0,16,16
20260908,16,30c09c9279241ba5,matched,M1_C1_CP_CONJUNCTION_CONTROL,PRIMARY_SAFETY_FIRST,matched_evaluation_positive,4,3,0.75,0,4,3,0,4,3,0.75,0.75,0,0,1,1
20260908,16,30c09c9279241ba5,matched,M1_C1_CP_CONJUNCTION_CONTROL,PRIMARY_SAFETY_FIRST,matched_hard_image,20,2,0.1,0,0,0,0,0,0,0.0,0.0,0,0,18,18
20260908,16,30c09c9279241ba5,matched,M1_C1_CP_CONJUNCTION_CONTROL,SECONDARY_COVERAGE90,matched_evaluation_positive,4,3,0.75,0,4,3,0,4,3,0.75,0.75,0,0,1,1
20260908,16,30c09c9279241ba5,matched,M1_C1_CP_CONJUNCTION_CONTROL,SECONDARY_COVERAGE90,matched_hard_image,20,2,0.1,0,0,0,0,0,0,0.0,0.0,0,0,18,18
20260908,16,30c09c9279241ba5,matched,M2_C1_CP_RESPONSE_VERIFIER,PRIMARY_SAFETY_FIRST,matched_evaluation_positive,4,4,1.0,0,4,4,0,4,4,1.0,1.0,0,0,0,0
20260908,16,30c09c9279241ba5,matched,M2_C1_CP_RESPONSE_VERIFIER,PRIMARY_SAFETY_FIRST,matched_hard_image,20,4,0.2,0,0,0,0,0,0,0.0,0.0,0,0,16,16
20260908,16,30c09c9279241ba5,matched,M2_C1_CP_RESPONSE_VERIFIER,SECONDARY_COVERAGE90,matched_evaluation_positive,4,4,1.0,0,4,4,0,4,4,1.0,1.0,0,0,0,0
20260908,16,30c09c9279241ba5,matched,M2_C1_CP_RESPONSE_VERIFIER,SECONDARY_COVERAGE90,matched_hard_image,20,4,0.2,0,0,0,0,0,0,0.0,0.0,0,0,16,16
20260908,16,30c09c9279241ba5,matched,M3_C1_PRE_CP_FEATURE_VERIFIER,PRIMARY_SAFETY_FIRST,matched_evaluation_positive,4,3,0.75,0,4,3,0,4,3,0.75,0.75,0,0,1,1
20260908,16,30c09c9279241ba5,matched,M3_C1_PRE_CP_FEATURE_VERIFIER,PRIMARY_SAFETY_FIRST,matched_hard_image,20,3,0.15,0,0,0,0,0,0,0.0,0.0,0,0,17,17
20260908,16,30c09c9279241ba5,matched,M3_C1_PRE_CP_FEATURE_VERIFIER,SECONDARY_COVERAGE90,matched_evaluation_positive,4,3,0.75,0,4,3,0,4,3,0.75,0.75,0,0,1,1
20260908,16,30c09c9279241ba5,matched,M3_C1_PRE_CP_FEATURE_VERIFIER,SECONDARY_COVERAGE90,matched_hard_image,20,3,0.15,0,0,0,0,0,0,0.0,0.0,0,0,17,17
20260908,16,30c09c9279241ba5,original,M0_C1_R2_MEAN_CONTROL,CONTINUITY_COVERAGE_CONSTRAINED,broad_unrelated_source_qa,15,1,0.06666666666666667,0,0,0,3,3,3,0.0,0.0,0,3,14,14
20260908,16,30c09c9279241ba5,original,M0_C1_R2_MEAN_CONTROL,CONTINUITY_COVERAGE_CONSTRAINED,evaluation_positive,4,4,1.0,0,4,4,0,4,4,1.0,1.0,0,0,0,0
20260908,16,30c09c9279241ba5,original,M0_C1_R2_MEAN_CONTROL,CONTINUITY_COVERAGE_CONSTRAINED,formal_T1G,4,2,0.5,0,4,2,0,4,2,0.5,0.5,0,0,2,2
20260908,16,30c09c9279241ba5,original,M0_C1_R2_MEAN_CONTROL,CONTINUITY_COVERAGE_CONSTRAINED,formal_T1L,5,1,0.2,0,0,0,2,0,2,0.0,0.0,0,2,4,4
20260908,16,30c09c9279241ba5,original,M0_C1_R2_MEAN_CONTROL,CONTINUITY_COVERAGE_CONSTRAINED,formal_T2G,4,4,1.0,0,4,4,0,4,4,1.0,1.0,0,0,0,0
20260908,16,30c09c9279241ba5,original,M0_C1_R2_MEAN_CONTROL,CONTINUITY_COVERAGE_CONSTRAINED,native,1,1,1.0,0,1,1,0,1,1,1.0,1.0,0,0,0,0
20260908,16,30c09c9279241ba5,original,M0_C1_R2_MEAN_CONTROL,CONTINUITY_COVERAGE_CONSTRAINED,reviewed_same_fact_text_augmentation,4,4,1.0,0,4,4,0,4,4,1.0,1.0,0,0,0,0
20260908,16,30c09c9279241ba5,original,M0_C1_R2_MEAN_CONTROL,CONTINUITY_COVERAGE_CONSTRAINED,same_question_different_image_conflicting_source_answer,5,1,0.2,0,0,0,0,0,0,0.0,0.0,0,0,4,4
20260908,16,30c09c9279241ba5,original,M0_C1_R2_MEAN_CONTROL,CONTINUITY_SAFETY_FIRST,broad_unrelated_source_qa,15,1,0.06666666666666667,0,0,0,3,3,3,0.0,0.0,0,3,14,14
20260908,16,30c09c9279241ba5,original,M0_C1_R2_MEAN_CONTROL,CONTINUITY_SAFETY_FIRST,evaluation_positive,4,4,1.0,0,4,4,0,4,4,1.0,1.0,0,0,0,0
20260908,16,30c09c9279241ba5,original,M0_C1_R2_MEAN_CONTROL,CONTINUITY_SAFETY_FIRST,formal_T1G,4,2,0.5,0,4,2,0,4,2,0.5,0.5,0,0,2,2
20260908,16,30c09c9279241ba5,original,M0_C1_R2_MEAN_CONTROL,CONTINUITY_SAFETY_FIRST,formal_T1L,5,1,0.2,0,0,0,2,0,2,0.0,0.0,0,2,4,4
20260908,16,30c09c9279241ba5,original,M0_C1_R2_MEAN_CONTROL,CONTINUITY_SAFETY_FIRST,formal_T2G,4,4,1.0,0,4,4,0,4,4,1.0,1.0,0,0,0,0
20260908,16,30c09c9279241ba5,original,M0_C1_R2_MEAN_CONTROL,CONTINUITY_SAFETY_FIRST,native,1,1,1.0,0,1,1,0,1,1,1.0,1.0,0,0,0,0
20260908,16,30c09c9279241ba5,original,M0_C1_R2_MEAN_CONTROL,CONTINUITY_SAFETY_FIRST,reviewed_same_fact_text_augmentation,4,4,1.0,0,4,4,0,4,4,1.0,1.0,0,0,0,0
20260908,16,30c09c9279241ba5,original,M0_C1_R2_MEAN_CONTROL,CONTINUITY_SAFETY_FIRST,same_question_different_image_conflicting_source_answer,5,1,0.2,0,0,0,0,0,0,0.0,0.0,0,0,4,4
20260908,16,30c09c9279241ba5,original,M1_C1_CP_CONJUNCTION_CONTROL,PRIMARY_SAFETY_FIRST,broad_unrelated_source_qa,15,0,0.0,0,0,0,3,3,3,0.0,0.0,0,3,15,15
20260908,16,30c09c9279241ba5,original,M1_C1_CP_CONJUNCTION_CONTROL,PRIMARY_SAFETY_FIRST,evaluation_positive,4,3,0.75,0,4,3,0,4,3,0.75,0.75,0,0,1,1
20260908,16,30c09c9279241ba5,original,M1_C1_CP_CONJUNCTION_CONTROL,PRIMARY_SAFETY_FIRST,formal_T1G,4,1,0.25,0,4,1,0,4,1,0.25,0.25,0,0,3,3
20260908,16,30c09c9279241ba5,original,M1_C1_CP_CONJUNCTION_CONTROL,PRIMARY_SAFETY_FIRST,formal_T1L,5,0,0.0,0,0,0,2,0,2,0.0,0.0,0,2,5,5
20260908,16,30c09c9279241ba5,original,M1_C1_CP_CONJUNCTION_CONTROL,PRIMARY_SAFETY_FIRST,formal_T2G,4,1,0.25,0,4,1,0,4,1,0.25,0.25,0,0,3,3
20260908,16,30c09c9279241ba5,original,M1_C1_CP_CONJUNCTION_CONTROL,PRIMARY_SAFETY_FIRST,native,1,0,0.0,0,1,0,0,1,0,0.0,0.0,0,0,1,1
20260908,16,30c09c9279241ba5,original,M1_C1_CP_CONJUNCTION_CONTROL,PRIMARY_SAFETY_FIRST,reviewed_same_fact_text_augmentation,4,4,1.0,0,4,4,0,4,4,1.0,1.0,0,0,0,0
20260908,16,30c09c9279241ba5,original,M1_C1_CP_CONJUNCTION_CONTROL,PRIMARY_SAFETY_FIRST,same_question_different_image_conflicting_source_answer,5,0,0.0,0,0,0,0,0,0,0.0,0.0,0,0,5,5
20260908,16,30c09c9279241ba5,original,M1_C1_CP_CONJUNCTION_CONTROL,SECONDARY_COVERAGE90,broad_unrelated_source_qa,15,0,0.0,0,0,0,3,3,3,0.0,0.0,0,3,15,15
20260908,16,30c09c9279241ba5,original,M1_C1_CP_CONJUNCTION_CONTROL,SECONDARY_COVERAGE90,evaluation_positive,4,3,0.75,0,4,3,0,4,3,0.75,0.75,0,0,1,1
20260908,16,30c09c9279241ba5,original,M1_C1_CP_CONJUNCTION_CONTROL,SECONDARY_COVERAGE90,formal_T1G,4,1,0.25,0,4,1,0,4,1,0.25,0.25,0,0,3,3
20260908,16,30c09c9279241ba5,original,M1_C1_CP_CONJUNCTION_CONTROL,SECONDARY_COVERAGE90,formal_T1L,5,0,0.0,0,0,0,2,0,2,0.0,0.0,0,2,5,5
20260908,16,30c09c9279241ba5,original,M1_C1_CP_CONJUNCTION_CONTROL,SECONDARY_COVERAGE90,formal_T2G,4,1,0.25,0,4,1,0,4,1,0.25,0.25,0,0,3,3
20260908,16,30c09c9279241ba5,original,M1_C1_CP_CONJUNCTION_CONTROL,SECONDARY_COVERAGE90,native,1,0,0.0,0,1,0,0,1,0,0.0,0.0,0,0,1,1
20260908,16,30c09c9279241ba5,original,M1_C1_CP_CONJUNCTION_CONTROL,SECONDARY_COVERAGE90,reviewed_same_fact_text_augmentation,4,4,1.0,0,4,4,0,4,4,1.0,1.0,0,0,0,0
20260908,16,30c09c9279241ba5,original,M1_C1_CP_CONJUNCTION_CONTROL,SECONDARY_COVERAGE90,same_question_different_image_conflicting_source_answer,5,0,0.0,0,0,0,0,0,0,0.0,0.0,0,0,5,5
20260908,16,30c09c9279241ba5,original,M2_C1_CP_RESPONSE_VERIFIER,PRIMARY_SAFETY_FIRST,broad_unrelated_source_qa,15,1,0.06666666666666667,0,0,0,3,3,3,0.0,0.0,0,3,14,14
20260908,16,30c09c9279241ba5,original,M2_C1_CP_RESPONSE_VERIFIER,PRIMARY_SAFETY_FIRST,evaluation_positive,4,4,1.0,0,4,4,0,4,4,1.0,1.0,0,0,0,0
20260908,16,30c09c9279241ba5,original,M2_C1_CP_RESPONSE_VERIFIER,PRIMARY_SAFETY_FIRST,formal_T1G,4,2,0.5,0,4,2,0,4,2,0.5,0.5,0,0,2,2
20260908,16,30c09c9279241ba5,original,M2_C1_CP_RESPONSE_VERIFIER,PRIMARY_SAFETY_FIRST,formal_T1L,5,1,0.2,0,0,0,2,0,2,0.0,0.0,0,2,4,4
20260908,16,30c09c9279241ba5,original,M2_C1_CP_RESPONSE_VERIFIER,PRIMARY_SAFETY_FIRST,formal_T2G,4,4,1.0,0,4,4,0,4,4,1.0,1.0,0,0,0,0
20260908,16,30c09c9279241ba5,original,M2_C1_CP_RESPONSE_VERIFIER,PRIMARY_SAFETY_FIRST,native,1,1,1.0,0,1,1,0,1,1,1.0,1.0,0,0,0,0
20260908,16,30c09c9279241ba5,original,M2_C1_CP_RESPONSE_VERIFIER,PRIMARY_SAFETY_FIRST,reviewed_same_fact_text_augmentation,4,4,1.0,0,4,4,0,4,4,1.0,1.0,0,0,0,0
20260908,16,30c09c9279241ba5,original,M2_C1_CP_RESPONSE_VERIFIER,PRIMARY_SAFETY_FIRST,same_question_different_image_conflicting_source_answer,5,1,0.2,0,0,0,0,0,0,0.0,0.0,0,0,4,4
20260908,16,30c09c9279241ba5,original,M2_C1_CP_RESPONSE_VERIFIER,SECONDARY_COVERAGE90,broad_unrelated_source_qa,15,1,0.06666666666666667,0,0,0,3,3,3,0.0,0.0,0,3,14,14
20260908,16,30c09c9279241ba5,original,M2_C1_CP_RESPONSE_VERIFIER,SECONDARY_COVERAGE90,evaluation_positive,4,4,1.0,0,4,4,0,4,4,1.0,1.0,0,0,0,0
20260908,16,30c09c9279241ba5,original,M2_C1_CP_RESPONSE_VERIFIER,SECONDARY_COVERAGE90,formal_T1G,4,2,0.5,0,4,2,0,4,2,0.5,0.5,0,0,2,2
20260908,16,30c09c9279241ba5,original,M2_C1_CP_RESPONSE_VERIFIER,SECONDARY_COVERAGE90,formal_T1L,5,1,0.2,0,0,0,2,0,2,0.0,0.0,0,2,4,4
20260908,16,30c09c9279241ba5,original,M2_C1_CP_RESPONSE_VERIFIER,SECONDARY_COVERAGE90,formal_T2G,4,4,1.0,0,4,4,0,4,4,1.0,1.0,0,0,0,0
20260908,16,30c09c9279241ba5,original,M2_C1_CP_RESPONSE_VERIFIER,SECONDARY_COVERAGE90,native,1,1,1.0,0,1,1,0,1,1,1.0,1.0,0,0,0,0
20260908,16,30c09c9279241ba5,original,M2_C1_CP_RESPONSE_VERIFIER,SECONDARY_COVERAGE90,reviewed_same_fact_text_augmentation,4,4,1.0,0,4,4,0,4,4,1.0,1.0,0,0,0,0
20260908,16,30c09c9279241ba5,original,M2_C1_CP_RESPONSE_VERIFIER,SECONDARY_COVERAGE90,same_question_different_image_conflicting_source_answer,5,1,0.2,0,0,0,0,0,0,0.0,0.0,0,0,4,4
20260908,16,30c09c9279241ba5,original,M3_C1_PRE_CP_FEATURE_VERIFIER,PRIMARY_SAFETY_FIRST,broad_unrelated_source_qa,15,1,0.06666666666666667,0,0,0,3,3,3,0.0,0.0,0,3,14,14
20260908,16,30c09c9279241ba5,original,M3_C1_PRE_CP_FEATURE_VERIFIER,PRIMARY_SAFETY_FIRST,evaluation_positive,4,4,1.0,0,4,4,0,4,4,1.0,1.0,0,0,0,0
20260908,16,30c09c9279241ba5,original,M3_C1_PRE_CP_FEATURE_VERIFIER,PRIMARY_SAFETY_FIRST,formal_T1G,4,2,0.5,0,4,2,0,4,2,0.5,0.5,0,0,2,2
20260908,16,30c09c9279241ba5,original,M3_C1_PRE_CP_FEATURE_VERIFIER,PRIMARY_SAFETY_FIRST,formal_T1L,5,0,0.0,0,0,0,2,0,2,0.0,0.0,0,2,5,5
20260908,16,30c09c9279241ba5,original,M3_C1_PRE_CP_FEATURE_VERIFIER,PRIMARY_SAFETY_FIRST,formal_T2G,4,4,1.0,0,4,4,0,4,4,1.0,1.0,0,0,0,0
20260908,16,30c09c9279241ba5,original,M3_C1_PRE_CP_FEATURE_VERIFIER,PRIMARY_SAFETY_FIRST,native,1,1,1.0,0,1,1,0,1,1,1.0,1.0,0,0,0,0
20260908,16,30c09c9279241ba5,original,M3_C1_PRE_CP_FEATURE_VERIFIER,PRIMARY_SAFETY_FIRST,reviewed_same_fact_text_augmentation,4,4,1.0,0,4,4,0,4,4,1.0,1.0,0,0,0,0
20260908,16,30c09c9279241ba5,original,M3_C1_PRE_CP_FEATURE_VERIFIER,PRIMARY_SAFETY_FIRST,same_question_different_image_conflicting_source_answer,5,1,0.2,0,0,0,0,0,0,0.0,0.0,0,0,4,4
20260908,16,30c09c9279241ba5,original,M3_C1_PRE_CP_FEATURE_VERIFIER,SECONDARY_COVERAGE90,broad_unrelated_source_qa,15,1,0.06666666666666667,0,0,0,3,3,3,0.0,0.0,0,3,14,14
20260908,16,30c09c9279241ba5,original,M3_C1_PRE_CP_FEATURE_VERIFIER,SECONDARY_COVERAGE90,evaluation_positive,4,4,1.0,0,4,4,0,4,4,1.0,1.0,0,0,0,0
20260908,16,30c09c9279241ba5,original,M3_C1_PRE_CP_FEATURE_VERIFIER,SECONDARY_COVERAGE90,formal_T1G,4,2,0.5,0,4,2,0,4,2,0.5,0.5,0,0,2,2
20260908,16,30c09c9279241ba5,original,M3_C1_PRE_CP_FEATURE_VERIFIER,SECONDARY_COVERAGE90,formal_T1L,5,0,0.0,0,0,0,2,0,2,0.0,0.0,0,2,5,5
20260908,16,30c09c9279241ba5,original,M3_C1_PRE_CP_FEATURE_VERIFIER,SECONDARY_COVERAGE90,formal_T2G,4,4,1.0,0,4,4,0,4,4,1.0,1.0,0,0,0,0
20260908,16,30c09c9279241ba5,original,M3_C1_PRE_CP_FEATURE_VERIFIER,SECONDARY_COVERAGE90,native,1,1,1.0,0,1,1,0,1,1,1.0,1.0,0,0,0,0
20260908,16,30c09c9279241ba5,original,M3_C1_PRE_CP_FEATURE_VERIFIER,SECONDARY_COVERAGE90,reviewed_same_fact_text_augmentation,4,4,1.0,0,4,4,0,4,4,1.0,1.0,0,0,0,0
20260908,16,30c09c9279241ba5,original,M3_C1_PRE_CP_FEATURE_VERIFIER,SECONDARY_COVERAGE90,same_question_different_image_conflicting_source_answer,5,1,0.2,0,0,0,0,0,0,0.0,0.0,0,0,4,4
