seed,event_index,opaque_edit,scope_status,condition,step,operating_point,broad_fpr,hard_fpr,positive_tpr,threshold
20260906,1,01223e258bbc7a1f,HARD_EVALUABLE,C1_R2_FIXED_Q_LONG_RECOVERY,0,COVERAGE_CONSTRAINED,0.0,0.0,1.0,0.0905241072177887
20260906,1,01223e258bbc7a1f,HARD_EVALUABLE,C1_R2_FIXED_Q_LONG_RECOVERY,0,SAFETY_FIRST,0.0,0.0,1.0,0.0905241072177887
20260906,1,01223e258bbc7a1f,HARD_EVALUABLE,C1_R2_FIXED_Q_LONG_RECOVERY,80,COVERAGE_CONSTRAINED,0.0,0.0,1.0,0.0905241072177887
20260906,1,01223e258bbc7a1f,HARD_EVALUABLE,C1_R2_FIXED_Q_LONG_RECOVERY,80,SAFETY_FIRST,0.0,0.0,1.0,0.0905241072177887
20260906,1,01223e258bbc7a1f,HARD_EVALUABLE,C1_R2_FIXED_Q_LONG_RECOVERY,320,COVERAGE_CONSTRAINED,0.0,0.0,1.0,0.0905241072177887
20260906,1,01223e258bbc7a1f,HARD_EVALUABLE,C1_R2_FIXED_Q_LONG_RECOVERY,320,SAFETY_FIRST,0.0,0.0,1.0,0.0905241072177887
20260906,1,01223e258bbc7a1f,HARD_EVALUABLE,C1_R2_FIXED_Q_LONG_RECOVERY,800,COVERAGE_CONSTRAINED,0.0,0.0,1.0,0.0905241072177887
20260906,1,01223e258bbc7a1f,HARD_EVALUABLE,C1_R2_FIXED_Q_LONG_RECOVERY,800,SAFETY_FIRST,0.0,0.0,1.0,0.0905241072177887
20260906,1,01223e258bbc7a1f,HARD_EVALUABLE,C1_R2_FIXED_Q_LONG_RECOVERY,1600,COVERAGE_CONSTRAINED,0.0,0.0,1.0,0.0905241072177887
20260906,1,01223e258bbc7a1f,HARD_EVALUABLE,C1_R2_FIXED_Q_LONG_RECOVERY,1600,SAFETY_FIRST,0.0,0.0,1.0,0.0905241072177887
20260906,1,01223e258bbc7a1f,HARD_EVALUABLE,C2_R2_SHARED_Q_JOINT,0,COVERAGE_CONSTRAINED,0.0,0.0,1.0,0.0905241072177887
20260906,1,01223e258bbc7a1f,HARD_EVALUABLE,C2_R2_SHARED_Q_JOINT,0,SAFETY_FIRST,0.0,0.0,1.0,0.0905241072177887
20260906,1,01223e258bbc7a1f,HARD_EVALUABLE,C2_R2_SHARED_Q_JOINT,80,COVERAGE_CONSTRAINED,0.0,0.0,1.0,0.10945332050323486
20260906,1,01223e258bbc7a1f,HARD_EVALUABLE,C2_R2_SHARED_Q_JOINT,80,SAFETY_FIRST,0.0,0.0,1.0,0.10945332050323486
20260906,1,01223e258bbc7a1f,HARD_EVALUABLE,C2_R2_SHARED_Q_JOINT,320,COVERAGE_CONSTRAINED,0.0,0.0,1.0,0.12208932638168335
20260906,1,01223e258bbc7a1f,HARD_EVALUABLE,C2_R2_SHARED_Q_JOINT,320,SAFETY_FIRST,0.0,0.0,1.0,0.12208932638168335
20260906,1,01223e258bbc7a1f,HARD_EVALUABLE,C2_R2_SHARED_Q_JOINT,800,COVERAGE_CONSTRAINED,0.0,0.0,1.0,0.12304043769836426
20260906,1,01223e258bbc7a1f,HARD_EVALUABLE,C2_R2_SHARED_Q_JOINT,800,SAFETY_FIRST,0.0,0.0,1.0,0.12304043769836426
20260906,1,01223e258bbc7a1f,HARD_EVALUABLE,C2_R2_SHARED_Q_JOINT,1600,COVERAGE_CONSTRAINED,0.0,0.0,1.0,0.09081271290779114
20260906,1,01223e258bbc7a1f,HARD_EVALUABLE,C2_R2_SHARED_Q_JOINT,1600,SAFETY_FIRST,0.0,0.0,1.0,0.09081271290779114
20260906,1,01223e258bbc7a1f,HARD_EVALUABLE,C3_R2_SHARED_Q_EXECUTION_ANCHOR,0,COVERAGE_CONSTRAINED,0.0,0.0,1.0,0.0905241072177887
20260906,1,01223e258bbc7a1f,HARD_EVALUABLE,C3_R2_SHARED_Q_EXECUTION_ANCHOR,0,SAFETY_FIRST,0.0,0.0,1.0,0.0905241072177887
20260906,1,01223e258bbc7a1f,HARD_EVALUABLE,C3_R2_SHARED_Q_EXECUTION_ANCHOR,80,COVERAGE_CONSTRAINED,0.0,0.0,1.0,0.07065948843955994
20260906,1,01223e258bbc7a1f,HARD_EVALUABLE,C3_R2_SHARED_Q_EXECUTION_ANCHOR,80,SAFETY_FIRST,0.0,0.0,1.0,0.07065948843955994
20260906,1,01223e258bbc7a1f,HARD_EVALUABLE,C3_R2_SHARED_Q_EXECUTION_ANCHOR,320,COVERAGE_CONSTRAINED,0.0,0.0,1.0,0.12228769063949585
20260906,1,01223e258bbc7a1f,HARD_EVALUABLE,C3_R2_SHARED_Q_EXECUTION_ANCHOR,320,SAFETY_FIRST,0.0,0.0,1.0,0.12228769063949585
20260906,1,01223e258bbc7a1f,HARD_EVALUABLE,C3_R2_SHARED_Q_EXECUTION_ANCHOR,800,COVERAGE_CONSTRAINED,0.0,0.0,1.0,0.3280450105667114
20260906,1,01223e258bbc7a1f,HARD_EVALUABLE,C3_R2_SHARED_Q_EXECUTION_ANCHOR,800,SAFETY_FIRST,0.0,0.0,1.0,0.3280450105667114
20260906,1,01223e258bbc7a1f,HARD_EVALUABLE,C3_R2_SHARED_Q_EXECUTION_ANCHOR,1600,COVERAGE_CONSTRAINED,0.0,0.0,1.0,0.24915999174118042
20260906,1,01223e258bbc7a1f,HARD_EVALUABLE,C3_R2_SHARED_Q_EXECUTION_ANCHOR,1600,SAFETY_FIRST,0.0,0.0,1.0,0.24915999174118042
20260906,2,1534fc99d84ef734,HARD_EVALUABLE,C1_R2_FIXED_Q_LONG_RECOVERY,0,COVERAGE_CONSTRAINED,0.0,0.0,1.0,0.9053342342376709
20260906,2,1534fc99d84ef734,HARD_EVALUABLE,C1_R2_FIXED_Q_LONG_RECOVERY,0,SAFETY_FIRST,0.0,0.0,1.0,0.9053342342376709
20260906,2,1534fc99d84ef734,HARD_EVALUABLE,C1_R2_FIXED_Q_LONG_RECOVERY,80,COVERAGE_CONSTRAINED,0.0,0.0,1.0,0.9053342342376709
20260906,2,1534fc99d84ef734,HARD_EVALUABLE,C1_R2_FIXED_Q_LONG_RECOVERY,80,SAFETY_FIRST,0.0,0.0,1.0,0.9053342342376709
20260906,2,1534fc99d84ef734,HARD_EVALUABLE,C1_R2_FIXED_Q_LONG_RECOVERY,320,COVERAGE_CONSTRAINED,0.0,0.0,1.0,0.9053342342376709
20260906,2,1534fc99d84ef734,HARD_EVALUABLE,C1_R2_FIXED_Q_LONG_RECOVERY,320,SAFETY_FIRST,0.0,0.0,1.0,0.9053342342376709
20260906,2,1534fc99d84ef734,HARD_EVALUABLE,C1_R2_FIXED_Q_LONG_RECOVERY,800,COVERAGE_CONSTRAINED,0.0,0.0,1.0,0.9053342342376709
20260906,2,1534fc99d84ef734,HARD_EVALUABLE,C1_R2_FIXED_Q_LONG_RECOVERY,800,SAFETY_FIRST,0.0,0.0,1.0,0.9053342342376709
20260906,2,1534fc99d84ef734,HARD_EVALUABLE,C1_R2_FIXED_Q_LONG_RECOVERY,1600,COVERAGE_CONSTRAINED,0.0,0.0,1.0,0.9053342342376709
20260906,2,1534fc99d84ef734,HARD_EVALUABLE,C1_R2_FIXED_Q_LONG_RECOVERY,1600,SAFETY_FIRST,0.0,0.0,1.0,0.9053342342376709
20260906,2,1534fc99d84ef734,HARD_EVALUABLE,C2_R2_SHARED_Q_JOINT,0,COVERAGE_CONSTRAINED,0.0,0.0,1.0,0.9053342342376709
20260906,2,1534fc99d84ef734,HARD_EVALUABLE,C2_R2_SHARED_Q_JOINT,0,SAFETY_FIRST,0.0,0.0,1.0,0.9053342342376709
20260906,2,1534fc99d84ef734,HARD_EVALUABLE,C2_R2_SHARED_Q_JOINT,80,COVERAGE_CONSTRAINED,0.0,0.0,1.0,0.9779707193374634
20260906,2,1534fc99d84ef734,HARD_EVALUABLE,C2_R2_SHARED_Q_JOINT,80,SAFETY_FIRST,0.0,0.0,1.0,0.9779707193374634
20260906,2,1534fc99d84ef734,HARD_EVALUABLE,C2_R2_SHARED_Q_JOINT,320,COVERAGE_CONSTRAINED,0.0,0.0,1.0,0.7379674911499023
20260906,2,1534fc99d84ef734,HARD_EVALUABLE,C2_R2_SHARED_Q_JOINT,320,SAFETY_FIRST,0.0,0.0,1.0,0.7379674911499023
20260906,2,1534fc99d84ef734,HARD_EVALUABLE,C2_R2_SHARED_Q_JOINT,800,COVERAGE_CONSTRAINED,0.0,0.0,1.0,0.8190513253211975
20260906,2,1534fc99d84ef734,HARD_EVALUABLE,C2_R2_SHARED_Q_JOINT,800,SAFETY_FIRST,0.0,0.0,1.0,0.8190513253211975
20260906,2,1534fc99d84ef734,HARD_EVALUABLE,C2_R2_SHARED_Q_JOINT,1600,COVERAGE_CONSTRAINED,0.0,0.0,1.0,0.8833052515983582
20260906,2,1534fc99d84ef734,HARD_EVALUABLE,C2_R2_SHARED_Q_JOINT,1600,SAFETY_FIRST,0.0,0.0,1.0,0.8833052515983582
20260906,2,1534fc99d84ef734,HARD_EVALUABLE,C3_R2_SHARED_Q_EXECUTION_ANCHOR,0,COVERAGE_CONSTRAINED,0.0,0.0,1.0,0.9053342342376709
20260906,2,1534fc99d84ef734,HARD_EVALUABLE,C3_R2_SHARED_Q_EXECUTION_ANCHOR,0,SAFETY_FIRST,0.0,0.0,1.0,0.9053342342376709
20260906,2,1534fc99d84ef734,HARD_EVALUABLE,C3_R2_SHARED_Q_EXECUTION_ANCHOR,80,COVERAGE_CONSTRAINED,0.0,0.0,1.0,0.9756577014923096
20260906,2,1534fc99d84ef734,HARD_EVALUABLE,C3_R2_SHARED_Q_EXECUTION_ANCHOR,80,SAFETY_FIRST,0.0,0.0,1.0,0.9756577014923096
20260906,2,1534fc99d84ef734,HARD_EVALUABLE,C3_R2_SHARED_Q_EXECUTION_ANCHOR,320,COVERAGE_CONSTRAINED,0.0,0.0,1.0,0.8457891345024109
20260906,2,1534fc99d84ef734,HARD_EVALUABLE,C3_R2_SHARED_Q_EXECUTION_ANCHOR,320,SAFETY_FIRST,0.0,0.0,1.0,0.8457891345024109
20260906,2,1534fc99d84ef734,HARD_EVALUABLE,C3_R2_SHARED_Q_EXECUTION_ANCHOR,800,COVERAGE_CONSTRAINED,0.0,0.0,1.0,0.8959062695503235
20260906,2,1534fc99d84ef734,HARD_EVALUABLE,C3_R2_SHARED_Q_EXECUTION_ANCHOR,800,SAFETY_FIRST,0.0,0.0,1.0,0.8959062695503235
20260906,2,1534fc99d84ef734,HARD_EVALUABLE,C3_R2_SHARED_Q_EXECUTION_ANCHOR,1600,COVERAGE_CONSTRAINED,0.0,0.0,1.0,0.8647130131721497
20260906,2,1534fc99d84ef734,HARD_EVALUABLE,C3_R2_SHARED_Q_EXECUTION_ANCHOR,1600,SAFETY_FIRST,0.0,0.0,1.0,0.8647130131721497
20260906,3,1b0d2271e842e01a,HARD_EVALUABLE,C1_R2_FIXED_Q_LONG_RECOVERY,0,COVERAGE_CONSTRAINED,0.0,0.0,1.0,0.17182713747024536
20260906,3,1b0d2271e842e01a,HARD_EVALUABLE,C1_R2_FIXED_Q_LONG_RECOVERY,0,SAFETY_FIRST,0.0,0.0,1.0,0.17182713747024536
20260906,3,1b0d2271e842e01a,HARD_EVALUABLE,C1_R2_FIXED_Q_LONG_RECOVERY,80,COVERAGE_CONSTRAINED,0.0,0.0,1.0,0.17182713747024536
20260906,3,1b0d2271e842e01a,HARD_EVALUABLE,C1_R2_FIXED_Q_LONG_RECOVERY,80,SAFETY_FIRST,0.0,0.0,1.0,0.17182713747024536
20260906,3,1b0d2271e842e01a,HARD_EVALUABLE,C1_R2_FIXED_Q_LONG_RECOVERY,320,COVERAGE_CONSTRAINED,0.0,0.0,1.0,0.17182713747024536
20260906,3,1b0d2271e842e01a,HARD_EVALUABLE,C1_R2_FIXED_Q_LONG_RECOVERY,320,SAFETY_FIRST,0.0,0.0,1.0,0.17182713747024536
20260906,3,1b0d2271e842e01a,HARD_EVALUABLE,C1_R2_FIXED_Q_LONG_RECOVERY,800,COVERAGE_CONSTRAINED,0.0,0.0,1.0,0.17182713747024536
20260906,3,1b0d2271e842e01a,HARD_EVALUABLE,C1_R2_FIXED_Q_LONG_RECOVERY,800,SAFETY_FIRST,0.0,0.0,1.0,0.17182713747024536
20260906,3,1b0d2271e842e01a,HARD_EVALUABLE,C1_R2_FIXED_Q_LONG_RECOVERY,1600,COVERAGE_CONSTRAINED,0.0,0.0,1.0,0.17182713747024536
20260906,3,1b0d2271e842e01a,HARD_EVALUABLE,C1_R2_FIXED_Q_LONG_RECOVERY,1600,SAFETY_FIRST,0.0,0.0,1.0,0.17182713747024536
20260906,3,1b0d2271e842e01a,HARD_EVALUABLE,C2_R2_SHARED_Q_JOINT,0,COVERAGE_CONSTRAINED,0.0,0.0,1.0,0.17182713747024536
20260906,3,1b0d2271e842e01a,HARD_EVALUABLE,C2_R2_SHARED_Q_JOINT,0,SAFETY_FIRST,0.0,0.0,1.0,0.17182713747024536
20260906,3,1b0d2271e842e01a,HARD_EVALUABLE,C2_R2_SHARED_Q_JOINT,80,COVERAGE_CONSTRAINED,0.0,0.0,1.0,0.16603827476501465
20260906,3,1b0d2271e842e01a,HARD_EVALUABLE,C2_R2_SHARED_Q_JOINT,80,SAFETY_FIRST,0.0,0.0,1.0,0.16603827476501465
20260906,3,1b0d2271e842e01a,HARD_EVALUABLE,C2_R2_SHARED_Q_JOINT,320,COVERAGE_CONSTRAINED,0.0,0.0,1.0,0.14981672167778015
20260906,3,1b0d2271e842e01a,HARD_EVALUABLE,C2_R2_SHARED_Q_JOINT,320,SAFETY_FIRST,0.0,0.0,1.0,0.14981672167778015
20260906,3,1b0d2271e842e01a,HARD_EVALUABLE,C2_R2_SHARED_Q_JOINT,800,COVERAGE_CONSTRAINED,0.0,0.0,1.0,0.13430726528167725
20260906,3,1b0d2271e842e01a,HARD_EVALUABLE,C2_R2_SHARED_Q_JOINT,800,SAFETY_FIRST,0.0,0.0,1.0,0.13430726528167725
20260906,3,1b0d2271e842e01a,HARD_EVALUABLE,C2_R2_SHARED_Q_JOINT,1600,COVERAGE_CONSTRAINED,0.0,0.0,1.0,0.11992114782333374
20260906,3,1b0d2271e842e01a,HARD_EVALUABLE,C2_R2_SHARED_Q_JOINT,1600,SAFETY_FIRST,0.0,0.0,1.0,0.11992114782333374
20260906,3,1b0d2271e842e01a,HARD_EVALUABLE,C3_R2_SHARED_Q_EXECUTION_ANCHOR,0,COVERAGE_CONSTRAINED,0.0,0.0,1.0,0.17182713747024536
20260906,3,1b0d2271e842e01a,HARD_EVALUABLE,C3_R2_SHARED_Q_EXECUTION_ANCHOR,0,SAFETY_FIRST,0.0,0.0,1.0,0.17182713747024536
20260906,3,1b0d2271e842e01a,HARD_EVALUABLE,C3_R2_SHARED_Q_EXECUTION_ANCHOR,80,COVERAGE_CONSTRAINED,0.0,0.0,1.0,0.2733822762966156
20260906,3,1b0d2271e842e01a,HARD_EVALUABLE,C3_R2_SHARED_Q_EXECUTION_ANCHOR,80,SAFETY_FIRST,0.0,0.0,1.0,0.2733822762966156
20260906,3,1b0d2271e842e01a,HARD_EVALUABLE,C3_R2_SHARED_Q_EXECUTION_ANCHOR,320,COVERAGE_CONSTRAINED,0.0,0.0,1.0,0.9047282934188843
20260906,3,1b0d2271e842e01a,HARD_EVALUABLE,C3_R2_SHARED_Q_EXECUTION_ANCHOR,320,SAFETY_FIRST,0.0,0.0,1.0,0.9047282934188843
20260906,3,1b0d2271e842e01a,HARD_EVALUABLE,C3_R2_SHARED_Q_EXECUTION_ANCHOR,800,COVERAGE_CONSTRAINED,0.0,0.0,1.0,0.8111708760261536
20260906,3,1b0d2271e842e01a,HARD_EVALUABLE,C3_R2_SHARED_Q_EXECUTION_ANCHOR,800,SAFETY_FIRST,0.0,0.0,1.0,0.8111708760261536
20260906,3,1b0d2271e842e01a,HARD_EVALUABLE,C3_R2_SHARED_Q_EXECUTION_ANCHOR,1600,COVERAGE_CONSTRAINED,0.0,0.0,1.0,0.5976415276527405
20260906,3,1b0d2271e842e01a,HARD_EVALUABLE,C3_R2_SHARED_Q_EXECUTION_ANCHOR,1600,SAFETY_FIRST,0.0,0.0,1.0,0.5976415276527405
20260906,4,029f61ab6aaeeef1,BROAD_ONLY,C1_R2_FIXED_Q_LONG_RECOVERY,0,COVERAGE_CONSTRAINED,0.0,,1.0,0.11862410604953766
20260906,4,029f61ab6aaeeef1,BROAD_ONLY,C1_R2_FIXED_Q_LONG_RECOVERY,0,SAFETY_FIRST,0.0,,1.0,0.11862410604953766
20260906,4,029f61ab6aaeeef1,BROAD_ONLY,C1_R2_FIXED_Q_LONG_RECOVERY,80,COVERAGE_CONSTRAINED,0.0,,1.0,0.11862410604953766
20260906,4,029f61ab6aaeeef1,BROAD_ONLY,C1_R2_FIXED_Q_LONG_RECOVERY,80,SAFETY_FIRST,0.0,,1.0,0.11862410604953766
20260906,4,029f61ab6aaeeef1,BROAD_ONLY,C1_R2_FIXED_Q_LONG_RECOVERY,320,COVERAGE_CONSTRAINED,0.0,,1.0,0.11862410604953766
20260906,4,029f61ab6aaeeef1,BROAD_ONLY,C1_R2_FIXED_Q_LONG_RECOVERY,320,SAFETY_FIRST,0.0,,1.0,0.11862410604953766
20260906,4,029f61ab6aaeeef1,BROAD_ONLY,C1_R2_FIXED_Q_LONG_RECOVERY,800,COVERAGE_CONSTRAINED,0.0,,1.0,0.11862410604953766
20260906,4,029f61ab6aaeeef1,BROAD_ONLY,C1_R2_FIXED_Q_LONG_RECOVERY,800,SAFETY_FIRST,0.0,,1.0,0.11862410604953766
20260906,4,029f61ab6aaeeef1,BROAD_ONLY,C1_R2_FIXED_Q_LONG_RECOVERY,1600,COVERAGE_CONSTRAINED,0.0,,1.0,0.11862410604953766
20260906,4,029f61ab6aaeeef1,BROAD_ONLY,C1_R2_FIXED_Q_LONG_RECOVERY,1600,SAFETY_FIRST,0.0,,1.0,0.11862410604953766
20260906,4,029f61ab6aaeeef1,BROAD_ONLY,C2_R2_SHARED_Q_JOINT,0,COVERAGE_CONSTRAINED,0.0,,1.0,0.11862410604953766
20260906,4,029f61ab6aaeeef1,BROAD_ONLY,C2_R2_SHARED_Q_JOINT,0,SAFETY_FIRST,0.0,,1.0,0.11862410604953766
20260906,4,029f61ab6aaeeef1,BROAD_ONLY,C2_R2_SHARED_Q_JOINT,80,COVERAGE_CONSTRAINED,0.0,,1.0,0.16460007429122925
20260906,4,029f61ab6aaeeef1,BROAD_ONLY,C2_R2_SHARED_Q_JOINT,80,SAFETY_FIRST,0.0,,1.0,0.16460007429122925
20260906,4,029f61ab6aaeeef1,BROAD_ONLY,C2_R2_SHARED_Q_JOINT,320,COVERAGE_CONSTRAINED,0.0,,1.0,0.14209389686584473
20260906,4,029f61ab6aaeeef1,BROAD_ONLY,C2_R2_SHARED_Q_JOINT,320,SAFETY_FIRST,0.0,,1.0,0.14209389686584473
20260906,4,029f61ab6aaeeef1,BROAD_ONLY,C2_R2_SHARED_Q_JOINT,800,COVERAGE_CONSTRAINED,0.0,,1.0,0.07605802267789841
20260906,4,029f61ab6aaeeef1,BROAD_ONLY,C2_R2_SHARED_Q_JOINT,800,SAFETY_FIRST,0.0,,1.0,0.07605802267789841
20260906,4,029f61ab6aaeeef1,BROAD_ONLY,C2_R2_SHARED_Q_JOINT,1600,COVERAGE_CONSTRAINED,0.0,,1.0,0.11544503271579742
20260906,4,029f61ab6aaeeef1,BROAD_ONLY,C2_R2_SHARED_Q_JOINT,1600,SAFETY_FIRST,0.0,,1.0,0.11544503271579742
20260906,4,029f61ab6aaeeef1,BROAD_ONLY,C3_R2_SHARED_Q_EXECUTION_ANCHOR,0,COVERAGE_CONSTRAINED,0.0,,1.0,0.11862410604953766
20260906,4,029f61ab6aaeeef1,BROAD_ONLY,C3_R2_SHARED_Q_EXECUTION_ANCHOR,0,SAFETY_FIRST,0.0,,1.0,0.11862410604953766
20260906,4,029f61ab6aaeeef1,BROAD_ONLY,C3_R2_SHARED_Q_EXECUTION_ANCHOR,80,COVERAGE_CONSTRAINED,0.0,,1.0,0.41296446323394775
20260906,4,029f61ab6aaeeef1,BROAD_ONLY,C3_R2_SHARED_Q_EXECUTION_ANCHOR,80,SAFETY_FIRST,0.0,,1.0,0.41296446323394775
20260906,4,029f61ab6aaeeef1,BROAD_ONLY,C3_R2_SHARED_Q_EXECUTION_ANCHOR,320,COVERAGE_CONSTRAINED,0.0,,1.0,0.5845673084259033
20260906,4,029f61ab6aaeeef1,BROAD_ONLY,C3_R2_SHARED_Q_EXECUTION_ANCHOR,320,SAFETY_FIRST,0.0,,1.0,0.5845673084259033
20260906,4,029f61ab6aaeeef1,BROAD_ONLY,C3_R2_SHARED_Q_EXECUTION_ANCHOR,800,COVERAGE_CONSTRAINED,0.0,,1.0,0.36616164445877075
20260906,4,029f61ab6aaeeef1,BROAD_ONLY,C3_R2_SHARED_Q_EXECUTION_ANCHOR,800,SAFETY_FIRST,0.0,,1.0,0.36616164445877075
20260906,4,029f61ab6aaeeef1,BROAD_ONLY,C3_R2_SHARED_Q_EXECUTION_ANCHOR,1600,COVERAGE_CONSTRAINED,0.0,,1.0,0.2516120970249176
20260906,4,029f61ab6aaeeef1,BROAD_ONLY,C3_R2_SHARED_Q_EXECUTION_ANCHOR,1600,SAFETY_FIRST,0.0,,1.0,0.2516120970249176
20260906,5,1607639d73eb56a8,BROAD_ONLY,C1_R2_FIXED_Q_LONG_RECOVERY,0,COVERAGE_CONSTRAINED,0.0,0.0,1.0,-0.0179598331451416
20260906,5,1607639d73eb56a8,BROAD_ONLY,C1_R2_FIXED_Q_LONG_RECOVERY,0,SAFETY_FIRST,0.0,0.0,1.0,-0.0179598331451416
20260906,5,1607639d73eb56a8,BROAD_ONLY,C1_R2_FIXED_Q_LONG_RECOVERY,80,COVERAGE_CONSTRAINED,0.0,0.0,1.0,-0.0179598331451416
20260906,5,1607639d73eb56a8,BROAD_ONLY,C1_R2_FIXED_Q_LONG_RECOVERY,80,SAFETY_FIRST,0.0,0.0,1.0,-0.0179598331451416
20260906,5,1607639d73eb56a8,BROAD_ONLY,C1_R2_FIXED_Q_LONG_RECOVERY,320,COVERAGE_CONSTRAINED,0.0,0.0,1.0,-0.0179598331451416
20260906,5,1607639d73eb56a8,BROAD_ONLY,C1_R2_FIXED_Q_LONG_RECOVERY,320,SAFETY_FIRST,0.0,0.0,1.0,-0.0179598331451416
20260906,5,1607639d73eb56a8,BROAD_ONLY,C1_R2_FIXED_Q_LONG_RECOVERY,800,COVERAGE_CONSTRAINED,0.0,0.0,1.0,-0.0179598331451416
20260906,5,1607639d73eb56a8,BROAD_ONLY,C1_R2_FIXED_Q_LONG_RECOVERY,800,SAFETY_FIRST,0.0,0.0,1.0,-0.0179598331451416
20260906,5,1607639d73eb56a8,BROAD_ONLY,C1_R2_FIXED_Q_LONG_RECOVERY,1600,COVERAGE_CONSTRAINED,0.0,0.0,1.0,-0.0179598331451416
20260906,5,1607639d73eb56a8,BROAD_ONLY,C1_R2_FIXED_Q_LONG_RECOVERY,1600,SAFETY_FIRST,0.0,0.0,1.0,-0.0179598331451416
20260906,5,1607639d73eb56a8,BROAD_ONLY,C2_R2_SHARED_Q_JOINT,0,COVERAGE_CONSTRAINED,0.0,0.0,1.0,-0.0179598331451416
20260906,5,1607639d73eb56a8,BROAD_ONLY,C2_R2_SHARED_Q_JOINT,0,SAFETY_FIRST,0.0,0.0,1.0,-0.0179598331451416
20260906,5,1607639d73eb56a8,BROAD_ONLY,C2_R2_SHARED_Q_JOINT,80,COVERAGE_CONSTRAINED,0.0,0.0,1.0,0.2399103343486786
20260906,5,1607639d73eb56a8,BROAD_ONLY,C2_R2_SHARED_Q_JOINT,80,SAFETY_FIRST,0.0,0.0,1.0,0.2399103343486786
20260906,5,1607639d73eb56a8,BROAD_ONLY,C2_R2_SHARED_Q_JOINT,320,COVERAGE_CONSTRAINED,0.0,0.0,1.0,0.08162124454975128
20260906,5,1607639d73eb56a8,BROAD_ONLY,C2_R2_SHARED_Q_JOINT,320,SAFETY_FIRST,0.0,0.0,1.0,0.08162124454975128
20260906,5,1607639d73eb56a8,BROAD_ONLY,C2_R2_SHARED_Q_JOINT,800,COVERAGE_CONSTRAINED,0.0,0.0,1.0,0.019553370773792267
20260906,5,1607639d73eb56a8,BROAD_ONLY,C2_R2_SHARED_Q_JOINT,800,SAFETY_FIRST,0.0,0.0,1.0,0.019553370773792267
20260906,5,1607639d73eb56a8,BROAD_ONLY,C2_R2_SHARED_Q_JOINT,1600,COVERAGE_CONSTRAINED,0.0,0.0,1.0,-0.00792396068572998
20260906,5,1607639d73eb56a8,BROAD_ONLY,C2_R2_SHARED_Q_JOINT,1600,SAFETY_FIRST,0.0,0.0,1.0,-0.00792396068572998
20260906,5,1607639d73eb56a8,BROAD_ONLY,C3_R2_SHARED_Q_EXECUTION_ANCHOR,0,COVERAGE_CONSTRAINED,0.0,0.0,1.0,-0.0179598331451416
20260906,5,1607639d73eb56a8,BROAD_ONLY,C3_R2_SHARED_Q_EXECUTION_ANCHOR,0,SAFETY_FIRST,0.0,0.0,1.0,-0.0179598331451416
20260906,5,1607639d73eb56a8,BROAD_ONLY,C3_R2_SHARED_Q_EXECUTION_ANCHOR,80,COVERAGE_CONSTRAINED,0.0,0.0,1.0,0.375113844871521
20260906,5,1607639d73eb56a8,BROAD_ONLY,C3_R2_SHARED_Q_EXECUTION_ANCHOR,80,SAFETY_FIRST,0.0,0.0,1.0,0.375113844871521
20260906,5,1607639d73eb56a8,BROAD_ONLY,C3_R2_SHARED_Q_EXECUTION_ANCHOR,320,COVERAGE_CONSTRAINED,0.0,0.0,1.0,0.21328166127204895
20260906,5,1607639d73eb56a8,BROAD_ONLY,C3_R2_SHARED_Q_EXECUTION_ANCHOR,320,SAFETY_FIRST,0.0,0.0,1.0,0.21328166127204895
20260906,5,1607639d73eb56a8,BROAD_ONLY,C3_R2_SHARED_Q_EXECUTION_ANCHOR,800,COVERAGE_CONSTRAINED,0.0,0.0,1.0,0.12833431363105774
20260906,5,1607639d73eb56a8,BROAD_ONLY,C3_R2_SHARED_Q_EXECUTION_ANCHOR,800,SAFETY_FIRST,0.0,0.0,1.0,0.12833431363105774
20260906,5,1607639d73eb56a8,BROAD_ONLY,C3_R2_SHARED_Q_EXECUTION_ANCHOR,1600,COVERAGE_CONSTRAINED,0.0,0.0,1.0,0.3293207287788391
20260906,5,1607639d73eb56a8,BROAD_ONLY,C3_R2_SHARED_Q_EXECUTION_ANCHOR,1600,SAFETY_FIRST,0.0,0.0,1.0,0.3293207287788391
20260906,7,13d861159cbf9477,HARD_EVALUABLE,C1_R2_FIXED_Q_LONG_RECOVERY,0,COVERAGE_CONSTRAINED,0.0,0.0,1.0,0.9974654912948608
20260906,7,13d861159cbf9477,HARD_EVALUABLE,C1_R2_FIXED_Q_LONG_RECOVERY,0,SAFETY_FIRST,0.0,0.0,1.0,0.9974654912948608
20260906,7,13d861159cbf9477,HARD_EVALUABLE,C1_R2_FIXED_Q_LONG_RECOVERY,80,COVERAGE_CONSTRAINED,0.0,0.0,1.0,0.9974654912948608
20260906,7,13d861159cbf9477,HARD_EVALUABLE,C1_R2_FIXED_Q_LONG_RECOVERY,80,SAFETY_FIRST,0.0,0.0,1.0,0.9974654912948608
20260906,7,13d861159cbf9477,HARD_EVALUABLE,C1_R2_FIXED_Q_LONG_RECOVERY,320,COVERAGE_CONSTRAINED,0.0,0.0,1.0,0.9974654912948608
20260906,7,13d861159cbf9477,HARD_EVALUABLE,C1_R2_FIXED_Q_LONG_RECOVERY,320,SAFETY_FIRST,0.0,0.0,1.0,0.9974654912948608
20260906,7,13d861159cbf9477,HARD_EVALUABLE,C1_R2_FIXED_Q_LONG_RECOVERY,800,COVERAGE_CONSTRAINED,0.0,0.0,1.0,0.9974654912948608
20260906,7,13d861159cbf9477,HARD_EVALUABLE,C1_R2_FIXED_Q_LONG_RECOVERY,800,SAFETY_FIRST,0.0,0.0,1.0,0.9974654912948608
20260906,7,13d861159cbf9477,HARD_EVALUABLE,C1_R2_FIXED_Q_LONG_RECOVERY,1600,COVERAGE_CONSTRAINED,0.0,0.0,1.0,0.9974654912948608
20260906,7,13d861159cbf9477,HARD_EVALUABLE,C1_R2_FIXED_Q_LONG_RECOVERY,1600,SAFETY_FIRST,0.0,0.0,1.0,0.9974654912948608
20260906,7,13d861159cbf9477,HARD_EVALUABLE,C2_R2_SHARED_Q_JOINT,0,COVERAGE_CONSTRAINED,0.0,0.0,1.0,0.9974654912948608
20260906,7,13d861159cbf9477,HARD_EVALUABLE,C2_R2_SHARED_Q_JOINT,0,SAFETY_FIRST,0.0,0.0,1.0,0.9974654912948608
20260906,7,13d861159cbf9477,HARD_EVALUABLE,C2_R2_SHARED_Q_JOINT,80,COVERAGE_CONSTRAINED,0.0,0.0,0.75,0.9974216222763062
20260906,7,13d861159cbf9477,HARD_EVALUABLE,C2_R2_SHARED_Q_JOINT,80,SAFETY_FIRST,0.0,0.0,0.75,0.9974216222763062
20260906,7,13d861159cbf9477,HARD_EVALUABLE,C2_R2_SHARED_Q_JOINT,320,COVERAGE_CONSTRAINED,0.0,0.0,1.0,0.9968134760856628
20260906,7,13d861159cbf9477,HARD_EVALUABLE,C2_R2_SHARED_Q_JOINT,320,SAFETY_FIRST,0.0,0.0,1.0,0.9968134760856628
20260906,7,13d861159cbf9477,HARD_EVALUABLE,C2_R2_SHARED_Q_JOINT,800,COVERAGE_CONSTRAINED,0.0,0.0,1.0,0.9810073375701904
20260906,7,13d861159cbf9477,HARD_EVALUABLE,C2_R2_SHARED_Q_JOINT,800,SAFETY_FIRST,0.0,0.0,1.0,0.9810073375701904
20260906,7,13d861159cbf9477,HARD_EVALUABLE,C2_R2_SHARED_Q_JOINT,1600,COVERAGE_CONSTRAINED,0.0,0.0,1.0,0.9127196073532104
20260906,7,13d861159cbf9477,HARD_EVALUABLE,C2_R2_SHARED_Q_JOINT,1600,SAFETY_FIRST,0.0,0.0,1.0,0.9127196073532104
20260906,7,13d861159cbf9477,HARD_EVALUABLE,C3_R2_SHARED_Q_EXECUTION_ANCHOR,0,COVERAGE_CONSTRAINED,0.0,0.0,1.0,0.9974654912948608
20260906,7,13d861159cbf9477,HARD_EVALUABLE,C3_R2_SHARED_Q_EXECUTION_ANCHOR,0,SAFETY_FIRST,0.0,0.0,1.0,0.9974654912948608
20260906,7,13d861159cbf9477,HARD_EVALUABLE,C3_R2_SHARED_Q_EXECUTION_ANCHOR,80,COVERAGE_CONSTRAINED,0.0,0.0,0.75,0.9896126985549927
20260906,7,13d861159cbf9477,HARD_EVALUABLE,C3_R2_SHARED_Q_EXECUTION_ANCHOR,80,SAFETY_FIRST,0.0,0.0,0.75,0.9896126985549927
20260906,7,13d861159cbf9477,HARD_EVALUABLE,C3_R2_SHARED_Q_EXECUTION_ANCHOR,320,COVERAGE_CONSTRAINED,0.0,0.0,1.0,0.93025803565979
20260906,7,13d861159cbf9477,HARD_EVALUABLE,C3_R2_SHARED_Q_EXECUTION_ANCHOR,320,SAFETY_FIRST,0.0,0.0,1.0,0.93025803565979
20260906,7,13d861159cbf9477,HARD_EVALUABLE,C3_R2_SHARED_Q_EXECUTION_ANCHOR,800,COVERAGE_CONSTRAINED,0.0,0.0,1.0,0.6440035104751587
20260906,7,13d861159cbf9477,HARD_EVALUABLE,C3_R2_SHARED_Q_EXECUTION_ANCHOR,800,SAFETY_FIRST,0.0,0.0,1.0,0.6440035104751587
20260906,7,13d861159cbf9477,HARD_EVALUABLE,C3_R2_SHARED_Q_EXECUTION_ANCHOR,1600,COVERAGE_CONSTRAINED,0.0,0.0,1.0,0.4956997334957123
20260906,7,13d861159cbf9477,HARD_EVALUABLE,C3_R2_SHARED_Q_EXECUTION_ANCHOR,1600,SAFETY_FIRST,0.0,0.0,1.0,0.4956997334957123
20260906,8,06e9147a95404227,BROAD_ONLY,C1_R2_FIXED_Q_LONG_RECOVERY,0,COVERAGE_CONSTRAINED,0.0,,1.0,-0.04143831133842468
20260906,8,06e9147a95404227,BROAD_ONLY,C1_R2_FIXED_Q_LONG_RECOVERY,0,SAFETY_FIRST,0.0,,1.0,-0.04143831133842468
20260906,8,06e9147a95404227,BROAD_ONLY,C1_R2_FIXED_Q_LONG_RECOVERY,80,COVERAGE_CONSTRAINED,0.0,,1.0,-0.04143831133842468
20260906,8,06e9147a95404227,BROAD_ONLY,C1_R2_FIXED_Q_LONG_RECOVERY,80,SAFETY_FIRST,0.0,,1.0,-0.04143831133842468
20260906,8,06e9147a95404227,BROAD_ONLY,C1_R2_FIXED_Q_LONG_RECOVERY,320,COVERAGE_CONSTRAINED,0.0,,1.0,-0.04143831133842468
20260906,8,06e9147a95404227,BROAD_ONLY,C1_R2_FIXED_Q_LONG_RECOVERY,320,SAFETY_FIRST,0.0,,1.0,-0.04143831133842468
20260906,8,06e9147a95404227,BROAD_ONLY,C1_R2_FIXED_Q_LONG_RECOVERY,800,COVERAGE_CONSTRAINED,0.0,,1.0,-0.04143831133842468
20260906,8,06e9147a95404227,BROAD_ONLY,C1_R2_FIXED_Q_LONG_RECOVERY,800,SAFETY_FIRST,0.0,,1.0,-0.04143831133842468
20260906,8,06e9147a95404227,BROAD_ONLY,C1_R2_FIXED_Q_LONG_RECOVERY,1600,COVERAGE_CONSTRAINED,0.0,,1.0,-0.04143831133842468
20260906,8,06e9147a95404227,BROAD_ONLY,C1_R2_FIXED_Q_LONG_RECOVERY,1600,SAFETY_FIRST,0.0,,1.0,-0.04143831133842468
20260906,8,06e9147a95404227,BROAD_ONLY,C2_R2_SHARED_Q_JOINT,0,COVERAGE_CONSTRAINED,0.0,,1.0,-0.04143831133842468
20260906,8,06e9147a95404227,BROAD_ONLY,C2_R2_SHARED_Q_JOINT,0,SAFETY_FIRST,0.0,,1.0,-0.04143831133842468
20260906,8,06e9147a95404227,BROAD_ONLY,C2_R2_SHARED_Q_JOINT,80,COVERAGE_CONSTRAINED,0.0,,1.0,-0.06374475359916687
20260906,8,06e9147a95404227,BROAD_ONLY,C2_R2_SHARED_Q_JOINT,80,SAFETY_FIRST,0.0,,1.0,-0.06374475359916687
20260906,8,06e9147a95404227,BROAD_ONLY,C2_R2_SHARED_Q_JOINT,320,COVERAGE_CONSTRAINED,0.0,,1.0,-0.07577431201934814
20260906,8,06e9147a95404227,BROAD_ONLY,C2_R2_SHARED_Q_JOINT,320,SAFETY_FIRST,0.0,,1.0,-0.07577431201934814
20260906,8,06e9147a95404227,BROAD_ONLY,C2_R2_SHARED_Q_JOINT,800,COVERAGE_CONSTRAINED,0.0,,1.0,-0.08723980188369751
20260906,8,06e9147a95404227,BROAD_ONLY,C2_R2_SHARED_Q_JOINT,800,SAFETY_FIRST,0.0,,1.0,-0.08723980188369751
20260906,8,06e9147a95404227,BROAD_ONLY,C2_R2_SHARED_Q_JOINT,1600,COVERAGE_CONSTRAINED,0.0,,1.0,-0.10001906752586365
20260906,8,06e9147a95404227,BROAD_ONLY,C2_R2_SHARED_Q_JOINT,1600,SAFETY_FIRST,0.0,,1.0,-0.10001906752586365
20260906,8,06e9147a95404227,BROAD_ONLY,C3_R2_SHARED_Q_EXECUTION_ANCHOR,0,COVERAGE_CONSTRAINED,0.0,,1.0,-0.04143831133842468
20260906,8,06e9147a95404227,BROAD_ONLY,C3_R2_SHARED_Q_EXECUTION_ANCHOR,0,SAFETY_FIRST,0.0,,1.0,-0.04143831133842468
20260906,8,06e9147a95404227,BROAD_ONLY,C3_R2_SHARED_Q_EXECUTION_ANCHOR,80,COVERAGE_CONSTRAINED,0.0,,1.0,-0.07122087478637695
20260906,8,06e9147a95404227,BROAD_ONLY,C3_R2_SHARED_Q_EXECUTION_ANCHOR,80,SAFETY_FIRST,0.0,,1.0,-0.07122087478637695
20260906,8,06e9147a95404227,BROAD_ONLY,C3_R2_SHARED_Q_EXECUTION_ANCHOR,320,COVERAGE_CONSTRAINED,0.0,,1.0,-0.026733487844467163
20260906,8,06e9147a95404227,BROAD_ONLY,C3_R2_SHARED_Q_EXECUTION_ANCHOR,320,SAFETY_FIRST,0.0,,1.0,-0.026733487844467163
20260906,8,06e9147a95404227,BROAD_ONLY,C3_R2_SHARED_Q_EXECUTION_ANCHOR,800,COVERAGE_CONSTRAINED,0.0,,1.0,-0.00745081901550293
20260906,8,06e9147a95404227,BROAD_ONLY,C3_R2_SHARED_Q_EXECUTION_ANCHOR,800,SAFETY_FIRST,0.0,,1.0,-0.00745081901550293
20260906,8,06e9147a95404227,BROAD_ONLY,C3_R2_SHARED_Q_EXECUTION_ANCHOR,1600,COVERAGE_CONSTRAINED,0.0,,1.0,0.05495026707649231
20260906,8,06e9147a95404227,BROAD_ONLY,C3_R2_SHARED_Q_EXECUTION_ANCHOR,1600,SAFETY_FIRST,0.0,,1.0,0.05495026707649231
20260906,9,0b2d75291d40cb7c,BROAD_ONLY,C1_R2_FIXED_Q_LONG_RECOVERY,0,COVERAGE_CONSTRAINED,0.0,0.0,1.0,0.6757007241249084
20260906,9,0b2d75291d40cb7c,BROAD_ONLY,C1_R2_FIXED_Q_LONG_RECOVERY,0,SAFETY_FIRST,0.0,0.0,1.0,0.6757007241249084
20260906,9,0b2d75291d40cb7c,BROAD_ONLY,C1_R2_FIXED_Q_LONG_RECOVERY,80,COVERAGE_CONSTRAINED,0.0,0.0,1.0,0.6757007241249084
20260906,9,0b2d75291d40cb7c,BROAD_ONLY,C1_R2_FIXED_Q_LONG_RECOVERY,80,SAFETY_FIRST,0.0,0.0,1.0,0.6757007241249084
20260906,9,0b2d75291d40cb7c,BROAD_ONLY,C1_R2_FIXED_Q_LONG_RECOVERY,320,COVERAGE_CONSTRAINED,0.0,0.0,1.0,0.6757007241249084
20260906,9,0b2d75291d40cb7c,BROAD_ONLY,C1_R2_FIXED_Q_LONG_RECOVERY,320,SAFETY_FIRST,0.0,0.0,1.0,0.6757007241249084
20260906,9,0b2d75291d40cb7c,BROAD_ONLY,C1_R2_FIXED_Q_LONG_RECOVERY,800,COVERAGE_CONSTRAINED,0.0,0.0,1.0,0.6757007241249084
20260906,9,0b2d75291d40cb7c,BROAD_ONLY,C1_R2_FIXED_Q_LONG_RECOVERY,800,SAFETY_FIRST,0.0,0.0,1.0,0.6757007241249084
20260906,9,0b2d75291d40cb7c,BROAD_ONLY,C1_R2_FIXED_Q_LONG_RECOVERY,1600,COVERAGE_CONSTRAINED,0.0,0.0,1.0,0.6757007241249084
20260906,9,0b2d75291d40cb7c,BROAD_ONLY,C1_R2_FIXED_Q_LONG_RECOVERY,1600,SAFETY_FIRST,0.0,0.0,1.0,0.6757007241249084
20260906,9,0b2d75291d40cb7c,BROAD_ONLY,C2_R2_SHARED_Q_JOINT,0,COVERAGE_CONSTRAINED,0.0,0.0,1.0,0.6757007241249084
20260906,9,0b2d75291d40cb7c,BROAD_ONLY,C2_R2_SHARED_Q_JOINT,0,SAFETY_FIRST,0.0,0.0,1.0,0.6757007241249084
20260906,9,0b2d75291d40cb7c,BROAD_ONLY,C2_R2_SHARED_Q_JOINT,80,COVERAGE_CONSTRAINED,0.0,0.0,1.0,0.7866213321685791
20260906,9,0b2d75291d40cb7c,BROAD_ONLY,C2_R2_SHARED_Q_JOINT,80,SAFETY_FIRST,0.0,0.0,1.0,0.7866213321685791
20260906,9,0b2d75291d40cb7c,BROAD_ONLY,C2_R2_SHARED_Q_JOINT,320,COVERAGE_CONSTRAINED,0.0,0.0,1.0,0.876161515712738
20260906,9,0b2d75291d40cb7c,BROAD_ONLY,C2_R2_SHARED_Q_JOINT,320,SAFETY_FIRST,0.0,0.0,1.0,0.876161515712738
20260906,9,0b2d75291d40cb7c,BROAD_ONLY,C2_R2_SHARED_Q_JOINT,800,COVERAGE_CONSTRAINED,0.0,0.0,1.0,0.8843279480934143
20260906,9,0b2d75291d40cb7c,BROAD_ONLY,C2_R2_SHARED_Q_JOINT,800,SAFETY_FIRST,0.0,0.0,1.0,0.8843279480934143
20260906,9,0b2d75291d40cb7c,BROAD_ONLY,C2_R2_SHARED_Q_JOINT,1600,COVERAGE_CONSTRAINED,0.0,0.0,1.0,0.8254721164703369
20260906,9,0b2d75291d40cb7c,BROAD_ONLY,C2_R2_SHARED_Q_JOINT,1600,SAFETY_FIRST,0.0,0.0,1.0,0.8254721164703369
20260906,9,0b2d75291d40cb7c,BROAD_ONLY,C3_R2_SHARED_Q_EXECUTION_ANCHOR,0,COVERAGE_CONSTRAINED,0.0,0.0,1.0,0.6757007241249084
20260906,9,0b2d75291d40cb7c,BROAD_ONLY,C3_R2_SHARED_Q_EXECUTION_ANCHOR,0,SAFETY_FIRST,0.0,0.0,1.0,0.6757007241249084
20260906,9,0b2d75291d40cb7c,BROAD_ONLY,C3_R2_SHARED_Q_EXECUTION_ANCHOR,80,COVERAGE_CONSTRAINED,0.0,0.0,1.0,0.9009094834327698
20260906,9,0b2d75291d40cb7c,BROAD_ONLY,C3_R2_SHARED_Q_EXECUTION_ANCHOR,80,SAFETY_FIRST,0.0,0.0,1.0,0.9009094834327698
20260906,9,0b2d75291d40cb7c,BROAD_ONLY,C3_R2_SHARED_Q_EXECUTION_ANCHOR,320,COVERAGE_CONSTRAINED,0.0,0.0,1.0,0.9553632736206055
20260906,9,0b2d75291d40cb7c,BROAD_ONLY,C3_R2_SHARED_Q_EXECUTION_ANCHOR,320,SAFETY_FIRST,0.0,0.0,1.0,0.9553632736206055
20260906,9,0b2d75291d40cb7c,BROAD_ONLY,C3_R2_SHARED_Q_EXECUTION_ANCHOR,800,COVERAGE_CONSTRAINED,0.0,0.0,1.0,0.9664651155471802
20260906,9,0b2d75291d40cb7c,BROAD_ONLY,C3_R2_SHARED_Q_EXECUTION_ANCHOR,800,SAFETY_FIRST,0.0,0.0,1.0,0.9664651155471802
20260906,9,0b2d75291d40cb7c,BROAD_ONLY,C3_R2_SHARED_Q_EXECUTION_ANCHOR,1600,COVERAGE_CONSTRAINED,0.0,0.0,1.0,0.9549110531806946
20260906,9,0b2d75291d40cb7c,BROAD_ONLY,C3_R2_SHARED_Q_EXECUTION_ANCHOR,1600,SAFETY_FIRST,0.0,0.0,1.0,0.9549110531806946
20260906,12,319cba8ffa622b0e,BROAD_ONLY,C1_R2_FIXED_Q_LONG_RECOVERY,0,COVERAGE_CONSTRAINED,0.0,,1.0,-0.1099577471613884
20260906,12,319cba8ffa622b0e,BROAD_ONLY,C1_R2_FIXED_Q_LONG_RECOVERY,0,SAFETY_FIRST,0.0,,1.0,-0.1099577471613884
20260906,12,319cba8ffa622b0e,BROAD_ONLY,C1_R2_FIXED_Q_LONG_RECOVERY,80,COVERAGE_CONSTRAINED,0.0,,1.0,-0.1099577471613884
20260906,12,319cba8ffa622b0e,BROAD_ONLY,C1_R2_FIXED_Q_LONG_RECOVERY,80,SAFETY_FIRST,0.0,,1.0,-0.1099577471613884
20260906,12,319cba8ffa622b0e,BROAD_ONLY,C1_R2_FIXED_Q_LONG_RECOVERY,320,COVERAGE_CONSTRAINED,0.0,,1.0,-0.1099577471613884
20260906,12,319cba8ffa622b0e,BROAD_ONLY,C1_R2_FIXED_Q_LONG_RECOVERY,320,SAFETY_FIRST,0.0,,1.0,-0.1099577471613884
20260906,12,319cba8ffa622b0e,BROAD_ONLY,C1_R2_FIXED_Q_LONG_RECOVERY,800,COVERAGE_CONSTRAINED,0.0,,1.0,-0.1099577471613884
20260906,12,319cba8ffa622b0e,BROAD_ONLY,C1_R2_FIXED_Q_LONG_RECOVERY,800,SAFETY_FIRST,0.0,,1.0,-0.1099577471613884
20260906,12,319cba8ffa622b0e,BROAD_ONLY,C1_R2_FIXED_Q_LONG_RECOVERY,1600,COVERAGE_CONSTRAINED,0.0,,1.0,-0.1099577471613884
20260906,12,319cba8ffa622b0e,BROAD_ONLY,C1_R2_FIXED_Q_LONG_RECOVERY,1600,SAFETY_FIRST,0.0,,1.0,-0.1099577471613884
20260906,12,319cba8ffa622b0e,BROAD_ONLY,C2_R2_SHARED_Q_JOINT,0,COVERAGE_CONSTRAINED,0.0,,1.0,-0.1099577471613884
20260906,12,319cba8ffa622b0e,BROAD_ONLY,C2_R2_SHARED_Q_JOINT,0,SAFETY_FIRST,0.0,,1.0,-0.1099577471613884
20260906,12,319cba8ffa622b0e,BROAD_ONLY,C2_R2_SHARED_Q_JOINT,80,COVERAGE_CONSTRAINED,0.0,,1.0,-0.155747190117836
20260906,12,319cba8ffa622b0e,BROAD_ONLY,C2_R2_SHARED_Q_JOINT,80,SAFETY_FIRST,0.0,,1.0,-0.155747190117836
20260906,12,319cba8ffa622b0e,BROAD_ONLY,C2_R2_SHARED_Q_JOINT,320,COVERAGE_CONSTRAINED,0.0,,1.0,-0.19672441482543945
20260906,12,319cba8ffa622b0e,BROAD_ONLY,C2_R2_SHARED_Q_JOINT,320,SAFETY_FIRST,0.0,,1.0,-0.19672441482543945
20260906,12,319cba8ffa622b0e,BROAD_ONLY,C2_R2_SHARED_Q_JOINT,800,COVERAGE_CONSTRAINED,0.0,,1.0,-0.30961883068084717
20260906,12,319cba8ffa622b0e,BROAD_ONLY,C2_R2_SHARED_Q_JOINT,800,SAFETY_FIRST,0.0,,1.0,-0.30961883068084717
20260906,12,319cba8ffa622b0e,BROAD_ONLY,C2_R2_SHARED_Q_JOINT,1600,COVERAGE_CONSTRAINED,0.0,,1.0,-0.3887496292591095
20260906,12,319cba8ffa622b0e,BROAD_ONLY,C2_R2_SHARED_Q_JOINT,1600,SAFETY_FIRST,0.0,,1.0,-0.3887496292591095
20260906,12,319cba8ffa622b0e,BROAD_ONLY,C3_R2_SHARED_Q_EXECUTION_ANCHOR,0,COVERAGE_CONSTRAINED,0.0,,1.0,-0.1099577471613884
20260906,12,319cba8ffa622b0e,BROAD_ONLY,C3_R2_SHARED_Q_EXECUTION_ANCHOR,0,SAFETY_FIRST,0.0,,1.0,-0.1099577471613884
20260906,12,319cba8ffa622b0e,BROAD_ONLY,C3_R2_SHARED_Q_EXECUTION_ANCHOR,80,COVERAGE_CONSTRAINED,0.0,,1.0,-0.2700020968914032
20260906,12,319cba8ffa622b0e,BROAD_ONLY,C3_R2_SHARED_Q_EXECUTION_ANCHOR,80,SAFETY_FIRST,0.0,,1.0,-0.2700020968914032
20260906,12,319cba8ffa622b0e,BROAD_ONLY,C3_R2_SHARED_Q_EXECUTION_ANCHOR,320,COVERAGE_CONSTRAINED,0.0,,1.0,-0.1750677525997162
20260906,12,319cba8ffa622b0e,BROAD_ONLY,C3_R2_SHARED_Q_EXECUTION_ANCHOR,320,SAFETY_FIRST,0.0,,1.0,-0.1750677525997162
20260906,12,319cba8ffa622b0e,BROAD_ONLY,C3_R2_SHARED_Q_EXECUTION_ANCHOR,800,COVERAGE_CONSTRAINED,0.0,,1.0,-0.0646257996559143
20260906,12,319cba8ffa622b0e,BROAD_ONLY,C3_R2_SHARED_Q_EXECUTION_ANCHOR,800,SAFETY_FIRST,0.0,,1.0,-0.0646257996559143
20260906,12,319cba8ffa622b0e,BROAD_ONLY,C3_R2_SHARED_Q_EXECUTION_ANCHOR,1600,COVERAGE_CONSTRAINED,0.0,,1.0,0.014741048216819763
20260906,12,319cba8ffa622b0e,BROAD_ONLY,C3_R2_SHARED_Q_EXECUTION_ANCHOR,1600,SAFETY_FIRST,0.0,,1.0,0.014741048216819763
20260906,13,1379df4696783d47,HARD_EVALUABLE,C1_R2_FIXED_Q_LONG_RECOVERY,0,COVERAGE_CONSTRAINED,0.0,0.0,1.0,0.9918549656867981
20260906,13,1379df4696783d47,HARD_EVALUABLE,C1_R2_FIXED_Q_LONG_RECOVERY,0,SAFETY_FIRST,0.0,0.0,1.0,0.9918549656867981
20260906,13,1379df4696783d47,HARD_EVALUABLE,C1_R2_FIXED_Q_LONG_RECOVERY,80,COVERAGE_CONSTRAINED,0.0,0.0,1.0,0.9918549656867981
20260906,13,1379df4696783d47,HARD_EVALUABLE,C1_R2_FIXED_Q_LONG_RECOVERY,80,SAFETY_FIRST,0.0,0.0,1.0,0.9918549656867981
20260906,13,1379df4696783d47,HARD_EVALUABLE,C1_R2_FIXED_Q_LONG_RECOVERY,320,COVERAGE_CONSTRAINED,0.0,0.0,1.0,0.9918549656867981
20260906,13,1379df4696783d47,HARD_EVALUABLE,C1_R2_FIXED_Q_LONG_RECOVERY,320,SAFETY_FIRST,0.0,0.0,1.0,0.9918549656867981
20260906,13,1379df4696783d47,HARD_EVALUABLE,C1_R2_FIXED_Q_LONG_RECOVERY,800,COVERAGE_CONSTRAINED,0.0,0.0,1.0,0.9918549656867981
20260906,13,1379df4696783d47,HARD_EVALUABLE,C1_R2_FIXED_Q_LONG_RECOVERY,800,SAFETY_FIRST,0.0,0.0,1.0,0.9918549656867981
20260906,13,1379df4696783d47,HARD_EVALUABLE,C1_R2_FIXED_Q_LONG_RECOVERY,1600,COVERAGE_CONSTRAINED,0.0,0.0,1.0,0.9918549656867981
20260906,13,1379df4696783d47,HARD_EVALUABLE,C1_R2_FIXED_Q_LONG_RECOVERY,1600,SAFETY_FIRST,0.0,0.0,1.0,0.9918549656867981
20260906,13,1379df4696783d47,HARD_EVALUABLE,C2_R2_SHARED_Q_JOINT,0,COVERAGE_CONSTRAINED,0.0,0.0,1.0,0.9918549656867981
20260906,13,1379df4696783d47,HARD_EVALUABLE,C2_R2_SHARED_Q_JOINT,0,SAFETY_FIRST,0.0,0.0,1.0,0.9918549656867981
20260906,13,1379df4696783d47,HARD_EVALUABLE,C2_R2_SHARED_Q_JOINT,80,COVERAGE_CONSTRAINED,0.0,0.0,1.0,0.9935511350631714
20260906,13,1379df4696783d47,HARD_EVALUABLE,C2_R2_SHARED_Q_JOINT,80,SAFETY_FIRST,0.0,0.0,1.0,0.9935511350631714
20260906,13,1379df4696783d47,HARD_EVALUABLE,C2_R2_SHARED_Q_JOINT,320,COVERAGE_CONSTRAINED,0.0,0.0,1.0,0.9984972476959229
20260906,13,1379df4696783d47,HARD_EVALUABLE,C2_R2_SHARED_Q_JOINT,320,SAFETY_FIRST,0.0,0.0,1.0,0.9984972476959229
20260906,13,1379df4696783d47,HARD_EVALUABLE,C2_R2_SHARED_Q_JOINT,800,COVERAGE_CONSTRAINED,0.0,0.0,1.0,0.9985171556472778
20260906,13,1379df4696783d47,HARD_EVALUABLE,C2_R2_SHARED_Q_JOINT,800,SAFETY_FIRST,0.0,0.0,1.0,0.9985171556472778
20260906,13,1379df4696783d47,HARD_EVALUABLE,C2_R2_SHARED_Q_JOINT,1600,COVERAGE_CONSTRAINED,0.0,0.0,1.0,0.9995295405387878
20260906,13,1379df4696783d47,HARD_EVALUABLE,C2_R2_SHARED_Q_JOINT,1600,SAFETY_FIRST,0.0,0.0,1.0,0.9995295405387878
20260906,13,1379df4696783d47,HARD_EVALUABLE,C3_R2_SHARED_Q_EXECUTION_ANCHOR,0,COVERAGE_CONSTRAINED,0.0,0.0,1.0,0.9918549656867981
20260906,13,1379df4696783d47,HARD_EVALUABLE,C3_R2_SHARED_Q_EXECUTION_ANCHOR,0,SAFETY_FIRST,0.0,0.0,1.0,0.9918549656867981
20260906,13,1379df4696783d47,HARD_EVALUABLE,C3_R2_SHARED_Q_EXECUTION_ANCHOR,80,COVERAGE_CONSTRAINED,0.0,0.0,1.0,0.9906572103500366
20260906,13,1379df4696783d47,HARD_EVALUABLE,C3_R2_SHARED_Q_EXECUTION_ANCHOR,80,SAFETY_FIRST,0.0,0.0,1.0,0.9906572103500366
20260906,13,1379df4696783d47,HARD_EVALUABLE,C3_R2_SHARED_Q_EXECUTION_ANCHOR,320,COVERAGE_CONSTRAINED,0.0,0.0,1.0,0.9953510761260986
20260906,13,1379df4696783d47,HARD_EVALUABLE,C3_R2_SHARED_Q_EXECUTION_ANCHOR,320,SAFETY_FIRST,0.0,0.0,1.0,0.9953510761260986
20260906,13,1379df4696783d47,HARD_EVALUABLE,C3_R2_SHARED_Q_EXECUTION_ANCHOR,800,COVERAGE_CONSTRAINED,0.0,0.0,1.0,0.9559569358825684
20260906,13,1379df4696783d47,HARD_EVALUABLE,C3_R2_SHARED_Q_EXECUTION_ANCHOR,800,SAFETY_FIRST,0.0,0.0,1.0,0.9559569358825684
20260906,13,1379df4696783d47,HARD_EVALUABLE,C3_R2_SHARED_Q_EXECUTION_ANCHOR,1600,COVERAGE_CONSTRAINED,0.0,0.0,1.0,0.9920982122421265
20260906,13,1379df4696783d47,HARD_EVALUABLE,C3_R2_SHARED_Q_EXECUTION_ANCHOR,1600,SAFETY_FIRST,0.0,0.0,1.0,0.9920982122421265
20260906,15,11999d89b31d5f06,HARD_EVALUABLE,C1_R2_FIXED_Q_LONG_RECOVERY,0,COVERAGE_CONSTRAINED,0.0,0.0,1.0,0.41781100630760193
20260906,15,11999d89b31d5f06,HARD_EVALUABLE,C1_R2_FIXED_Q_LONG_RECOVERY,0,SAFETY_FIRST,0.0,0.0,1.0,0.41781100630760193
20260906,15,11999d89b31d5f06,HARD_EVALUABLE,C1_R2_FIXED_Q_LONG_RECOVERY,80,COVERAGE_CONSTRAINED,0.0,0.0,1.0,0.41781100630760193
20260906,15,11999d89b31d5f06,HARD_EVALUABLE,C1_R2_FIXED_Q_LONG_RECOVERY,80,SAFETY_FIRST,0.0,0.0,1.0,0.41781100630760193
20260906,15,11999d89b31d5f06,HARD_EVALUABLE,C1_R2_FIXED_Q_LONG_RECOVERY,320,COVERAGE_CONSTRAINED,0.0,0.0,1.0,0.41781100630760193
20260906,15,11999d89b31d5f06,HARD_EVALUABLE,C1_R2_FIXED_Q_LONG_RECOVERY,320,SAFETY_FIRST,0.0,0.0,1.0,0.41781100630760193
20260906,15,11999d89b31d5f06,HARD_EVALUABLE,C1_R2_FIXED_Q_LONG_RECOVERY,800,COVERAGE_CONSTRAINED,0.0,0.0,1.0,0.41781100630760193
20260906,15,11999d89b31d5f06,HARD_EVALUABLE,C1_R2_FIXED_Q_LONG_RECOVERY,800,SAFETY_FIRST,0.0,0.0,1.0,0.41781100630760193
20260906,15,11999d89b31d5f06,HARD_EVALUABLE,C1_R2_FIXED_Q_LONG_RECOVERY,1600,COVERAGE_CONSTRAINED,0.0,0.0,1.0,0.41781100630760193
20260906,15,11999d89b31d5f06,HARD_EVALUABLE,C1_R2_FIXED_Q_LONG_RECOVERY,1600,SAFETY_FIRST,0.0,0.0,1.0,0.41781100630760193
20260906,15,11999d89b31d5f06,HARD_EVALUABLE,C2_R2_SHARED_Q_JOINT,0,COVERAGE_CONSTRAINED,0.0,0.0,1.0,0.41781100630760193
20260906,15,11999d89b31d5f06,HARD_EVALUABLE,C2_R2_SHARED_Q_JOINT,0,SAFETY_FIRST,0.0,0.0,1.0,0.41781100630760193
20260906,15,11999d89b31d5f06,HARD_EVALUABLE,C2_R2_SHARED_Q_JOINT,80,COVERAGE_CONSTRAINED,0.0,0.0,1.0,0.28688573837280273
20260906,15,11999d89b31d5f06,HARD_EVALUABLE,C2_R2_SHARED_Q_JOINT,80,SAFETY_FIRST,0.0,0.0,1.0,0.28688573837280273
20260906,15,11999d89b31d5f06,HARD_EVALUABLE,C2_R2_SHARED_Q_JOINT,320,COVERAGE_CONSTRAINED,0.0,0.0,1.0,0.3631174564361572
20260906,15,11999d89b31d5f06,HARD_EVALUABLE,C2_R2_SHARED_Q_JOINT,320,SAFETY_FIRST,0.0,0.0,1.0,0.3631174564361572
20260906,15,11999d89b31d5f06,HARD_EVALUABLE,C2_R2_SHARED_Q_JOINT,800,COVERAGE_CONSTRAINED,0.0,0.0,1.0,0.44066518545150757
20260906,15,11999d89b31d5f06,HARD_EVALUABLE,C2_R2_SHARED_Q_JOINT,800,SAFETY_FIRST,0.0,0.0,1.0,0.44066518545150757
20260906,15,11999d89b31d5f06,HARD_EVALUABLE,C2_R2_SHARED_Q_JOINT,1600,COVERAGE_CONSTRAINED,0.0,0.0,1.0,0.5184600949287415
20260906,15,11999d89b31d5f06,HARD_EVALUABLE,C2_R2_SHARED_Q_JOINT,1600,SAFETY_FIRST,0.0,0.0,1.0,0.5184600949287415
20260906,15,11999d89b31d5f06,HARD_EVALUABLE,C3_R2_SHARED_Q_EXECUTION_ANCHOR,0,COVERAGE_CONSTRAINED,0.0,0.0,1.0,0.41781100630760193
20260906,15,11999d89b31d5f06,HARD_EVALUABLE,C3_R2_SHARED_Q_EXECUTION_ANCHOR,0,SAFETY_FIRST,0.0,0.0,1.0,0.41781100630760193
20260906,15,11999d89b31d5f06,HARD_EVALUABLE,C3_R2_SHARED_Q_EXECUTION_ANCHOR,80,COVERAGE_CONSTRAINED,0.0,0.0,1.0,0.3793550133705139
20260906,15,11999d89b31d5f06,HARD_EVALUABLE,C3_R2_SHARED_Q_EXECUTION_ANCHOR,80,SAFETY_FIRST,0.0,0.0,1.0,0.3793550133705139
20260906,15,11999d89b31d5f06,HARD_EVALUABLE,C3_R2_SHARED_Q_EXECUTION_ANCHOR,320,COVERAGE_CONSTRAINED,0.0,0.0,1.0,0.3802694082260132
20260906,15,11999d89b31d5f06,HARD_EVALUABLE,C3_R2_SHARED_Q_EXECUTION_ANCHOR,320,SAFETY_FIRST,0.0,0.0,1.0,0.3802694082260132
20260906,15,11999d89b31d5f06,HARD_EVALUABLE,C3_R2_SHARED_Q_EXECUTION_ANCHOR,800,COVERAGE_CONSTRAINED,0.0,0.0,1.0,0.4734330475330353
20260906,15,11999d89b31d5f06,HARD_EVALUABLE,C3_R2_SHARED_Q_EXECUTION_ANCHOR,800,SAFETY_FIRST,0.0,0.0,1.0,0.4734330475330353
20260906,15,11999d89b31d5f06,HARD_EVALUABLE,C3_R2_SHARED_Q_EXECUTION_ANCHOR,1600,COVERAGE_CONSTRAINED,0.0,0.0,1.0,0.5128235816955566
20260906,15,11999d89b31d5f06,HARD_EVALUABLE,C3_R2_SHARED_Q_EXECUTION_ANCHOR,1600,SAFETY_FIRST,0.0,0.0,1.0,0.5128235816955566
20260906,16,30c09c9279241ba5,HARD_EVALUABLE,C1_R2_FIXED_Q_LONG_RECOVERY,0,COVERAGE_CONSTRAINED,0.0,0.0,1.0,0.470736026763916
20260906,16,30c09c9279241ba5,HARD_EVALUABLE,C1_R2_FIXED_Q_LONG_RECOVERY,0,SAFETY_FIRST,0.0,0.0,1.0,0.470736026763916
20260906,16,30c09c9279241ba5,HARD_EVALUABLE,C1_R2_FIXED_Q_LONG_RECOVERY,80,COVERAGE_CONSTRAINED,0.0,0.0,1.0,0.470736026763916
20260906,16,30c09c9279241ba5,HARD_EVALUABLE,C1_R2_FIXED_Q_LONG_RECOVERY,80,SAFETY_FIRST,0.0,0.0,1.0,0.470736026763916
20260906,16,30c09c9279241ba5,HARD_EVALUABLE,C1_R2_FIXED_Q_LONG_RECOVERY,320,COVERAGE_CONSTRAINED,0.0,0.0,1.0,0.470736026763916
20260906,16,30c09c9279241ba5,HARD_EVALUABLE,C1_R2_FIXED_Q_LONG_RECOVERY,320,SAFETY_FIRST,0.0,0.0,1.0,0.470736026763916
20260906,16,30c09c9279241ba5,HARD_EVALUABLE,C1_R2_FIXED_Q_LONG_RECOVERY,800,COVERAGE_CONSTRAINED,0.0,0.0,1.0,0.470736026763916
20260906,16,30c09c9279241ba5,HARD_EVALUABLE,C1_R2_FIXED_Q_LONG_RECOVERY,800,SAFETY_FIRST,0.0,0.0,1.0,0.470736026763916
20260906,16,30c09c9279241ba5,HARD_EVALUABLE,C1_R2_FIXED_Q_LONG_RECOVERY,1600,COVERAGE_CONSTRAINED,0.0,0.0,1.0,0.470736026763916
20260906,16,30c09c9279241ba5,HARD_EVALUABLE,C1_R2_FIXED_Q_LONG_RECOVERY,1600,SAFETY_FIRST,0.0,0.0,1.0,0.470736026763916
20260906,16,30c09c9279241ba5,HARD_EVALUABLE,C2_R2_SHARED_Q_JOINT,0,COVERAGE_CONSTRAINED,0.0,0.0,1.0,0.470736026763916
20260906,16,30c09c9279241ba5,HARD_EVALUABLE,C2_R2_SHARED_Q_JOINT,0,SAFETY_FIRST,0.0,0.0,1.0,0.470736026763916
20260906,16,30c09c9279241ba5,HARD_EVALUABLE,C2_R2_SHARED_Q_JOINT,80,COVERAGE_CONSTRAINED,0.0,0.0,1.0,0.3553285002708435
20260906,16,30c09c9279241ba5,HARD_EVALUABLE,C2_R2_SHARED_Q_JOINT,80,SAFETY_FIRST,0.0,0.0,1.0,0.3553285002708435
20260906,16,30c09c9279241ba5,HARD_EVALUABLE,C2_R2_SHARED_Q_JOINT,320,COVERAGE_CONSTRAINED,0.0,0.0,1.0,0.5679684281349182
20260906,16,30c09c9279241ba5,HARD_EVALUABLE,C2_R2_SHARED_Q_JOINT,320,SAFETY_FIRST,0.0,0.0,1.0,0.5679684281349182
20260906,16,30c09c9279241ba5,HARD_EVALUABLE,C2_R2_SHARED_Q_JOINT,800,COVERAGE_CONSTRAINED,0.0,0.0,1.0,0.6331871747970581
20260906,16,30c09c9279241ba5,HARD_EVALUABLE,C2_R2_SHARED_Q_JOINT,800,SAFETY_FIRST,0.0,0.0,1.0,0.6331871747970581
20260906,16,30c09c9279241ba5,HARD_EVALUABLE,C2_R2_SHARED_Q_JOINT,1600,COVERAGE_CONSTRAINED,0.0,0.25,1.0,0.803220808506012
20260906,16,30c09c9279241ba5,HARD_EVALUABLE,C2_R2_SHARED_Q_JOINT,1600,SAFETY_FIRST,0.0,0.0,0.25,0.9685114026069641
20260906,16,30c09c9279241ba5,HARD_EVALUABLE,C3_R2_SHARED_Q_EXECUTION_ANCHOR,0,COVERAGE_CONSTRAINED,0.0,0.0,1.0,0.470736026763916
20260906,16,30c09c9279241ba5,HARD_EVALUABLE,C3_R2_SHARED_Q_EXECUTION_ANCHOR,0,SAFETY_FIRST,0.0,0.0,1.0,0.470736026763916
20260906,16,30c09c9279241ba5,HARD_EVALUABLE,C3_R2_SHARED_Q_EXECUTION_ANCHOR,80,COVERAGE_CONSTRAINED,0.0,0.0,1.0,0.2846044600009918
20260906,16,30c09c9279241ba5,HARD_EVALUABLE,C3_R2_SHARED_Q_EXECUTION_ANCHOR,80,SAFETY_FIRST,0.0,0.0,1.0,0.2846044600009918
20260906,16,30c09c9279241ba5,HARD_EVALUABLE,C3_R2_SHARED_Q_EXECUTION_ANCHOR,320,COVERAGE_CONSTRAINED,0.0,0.0,1.0,0.9424465894699097
20260906,16,30c09c9279241ba5,HARD_EVALUABLE,C3_R2_SHARED_Q_EXECUTION_ANCHOR,320,SAFETY_FIRST,0.0,0.0,1.0,0.9424465894699097
20260906,16,30c09c9279241ba5,HARD_EVALUABLE,C3_R2_SHARED_Q_EXECUTION_ANCHOR,800,COVERAGE_CONSTRAINED,0.0,0.0,1.0,0.8364783525466919
20260906,16,30c09c9279241ba5,HARD_EVALUABLE,C3_R2_SHARED_Q_EXECUTION_ANCHOR,800,SAFETY_FIRST,0.0,0.0,1.0,0.8364783525466919
20260906,16,30c09c9279241ba5,HARD_EVALUABLE,C3_R2_SHARED_Q_EXECUTION_ANCHOR,1600,COVERAGE_CONSTRAINED,0.0,0.0,1.0,0.7904074192047119
20260906,16,30c09c9279241ba5,HARD_EVALUABLE,C3_R2_SHARED_Q_EXECUTION_ANCHOR,1600,SAFETY_FIRST,0.0,0.0,1.0,0.7904074192047119
20260907,1,01223e258bbc7a1f,HARD_EVALUABLE,C1_R2_FIXED_Q_LONG_RECOVERY,0,COVERAGE_CONSTRAINED,0.0,0.0,0.75,0.013318866491317749
20260907,1,01223e258bbc7a1f,HARD_EVALUABLE,C1_R2_FIXED_Q_LONG_RECOVERY,0,SAFETY_FIRST,0.0,0.0,0.75,0.013318866491317749
20260907,1,01223e258bbc7a1f,HARD_EVALUABLE,C1_R2_FIXED_Q_LONG_RECOVERY,80,COVERAGE_CONSTRAINED,0.0,0.0,0.75,0.013318866491317749
20260907,1,01223e258bbc7a1f,HARD_EVALUABLE,C1_R2_FIXED_Q_LONG_RECOVERY,80,SAFETY_FIRST,0.0,0.0,0.75,0.013318866491317749
20260907,1,01223e258bbc7a1f,HARD_EVALUABLE,C1_R2_FIXED_Q_LONG_RECOVERY,320,COVERAGE_CONSTRAINED,0.0,0.0,0.75,0.013318866491317749
20260907,1,01223e258bbc7a1f,HARD_EVALUABLE,C1_R2_FIXED_Q_LONG_RECOVERY,320,SAFETY_FIRST,0.0,0.0,0.75,0.013318866491317749
20260907,1,01223e258bbc7a1f,HARD_EVALUABLE,C1_R2_FIXED_Q_LONG_RECOVERY,800,COVERAGE_CONSTRAINED,0.0,0.0,0.75,0.013318866491317749
20260907,1,01223e258bbc7a1f,HARD_EVALUABLE,C1_R2_FIXED_Q_LONG_RECOVERY,800,SAFETY_FIRST,0.0,0.0,0.75,0.013318866491317749
20260907,1,01223e258bbc7a1f,HARD_EVALUABLE,C1_R2_FIXED_Q_LONG_RECOVERY,1600,COVERAGE_CONSTRAINED,0.0,0.0,0.75,0.013318866491317749
20260907,1,01223e258bbc7a1f,HARD_EVALUABLE,C1_R2_FIXED_Q_LONG_RECOVERY,1600,SAFETY_FIRST,0.0,0.0,0.75,0.013318866491317749
20260907,1,01223e258bbc7a1f,HARD_EVALUABLE,C2_R2_SHARED_Q_JOINT,0,COVERAGE_CONSTRAINED,0.0,0.0,0.75,0.013318866491317749
20260907,1,01223e258bbc7a1f,HARD_EVALUABLE,C2_R2_SHARED_Q_JOINT,0,SAFETY_FIRST,0.0,0.0,0.75,0.013318866491317749
20260907,1,01223e258bbc7a1f,HARD_EVALUABLE,C2_R2_SHARED_Q_JOINT,80,COVERAGE_CONSTRAINED,0.0,0.0,1.0,0.04202273488044739
20260907,1,01223e258bbc7a1f,HARD_EVALUABLE,C2_R2_SHARED_Q_JOINT,80,SAFETY_FIRST,0.0,0.0,1.0,0.04202273488044739
20260907,1,01223e258bbc7a1f,HARD_EVALUABLE,C2_R2_SHARED_Q_JOINT,320,COVERAGE_CONSTRAINED,0.0,0.0,1.0,0.02848723530769348
20260907,1,01223e258bbc7a1f,HARD_EVALUABLE,C2_R2_SHARED_Q_JOINT,320,SAFETY_FIRST,0.0,0.0,1.0,0.02848723530769348
20260907,1,01223e258bbc7a1f,HARD_EVALUABLE,C2_R2_SHARED_Q_JOINT,800,COVERAGE_CONSTRAINED,0.0,0.0,1.0,0.014146387577056885
20260907,1,01223e258bbc7a1f,HARD_EVALUABLE,C2_R2_SHARED_Q_JOINT,800,SAFETY_FIRST,0.0,0.0,1.0,0.014146387577056885
20260907,1,01223e258bbc7a1f,HARD_EVALUABLE,C2_R2_SHARED_Q_JOINT,1600,COVERAGE_CONSTRAINED,0.0,1.0,1.0,-0.03905576467514038
20260907,1,01223e258bbc7a1f,HARD_EVALUABLE,C2_R2_SHARED_Q_JOINT,1600,SAFETY_FIRST,0.0,0.0,0.5,0.009438395500183105
20260907,1,01223e258bbc7a1f,HARD_EVALUABLE,C3_R2_SHARED_Q_EXECUTION_ANCHOR,0,COVERAGE_CONSTRAINED,0.0,0.0,0.75,0.013318866491317749
20260907,1,01223e258bbc7a1f,HARD_EVALUABLE,C3_R2_SHARED_Q_EXECUTION_ANCHOR,0,SAFETY_FIRST,0.0,0.0,0.75,0.013318866491317749
20260907,1,01223e258bbc7a1f,HARD_EVALUABLE,C3_R2_SHARED_Q_EXECUTION_ANCHOR,80,COVERAGE_CONSTRAINED,0.0,0.0,1.0,0.19672244787216187
20260907,1,01223e258bbc7a1f,HARD_EVALUABLE,C3_R2_SHARED_Q_EXECUTION_ANCHOR,80,SAFETY_FIRST,0.0,0.0,1.0,0.19672244787216187
20260907,1,01223e258bbc7a1f,HARD_EVALUABLE,C3_R2_SHARED_Q_EXECUTION_ANCHOR,320,COVERAGE_CONSTRAINED,0.0,0.0,1.0,0.21559500694274902
20260907,1,01223e258bbc7a1f,HARD_EVALUABLE,C3_R2_SHARED_Q_EXECUTION_ANCHOR,320,SAFETY_FIRST,0.0,0.0,1.0,0.21559500694274902
20260907,1,01223e258bbc7a1f,HARD_EVALUABLE,C3_R2_SHARED_Q_EXECUTION_ANCHOR,800,COVERAGE_CONSTRAINED,0.0,0.0,1.0,0.15943628549575806
20260907,1,01223e258bbc7a1f,HARD_EVALUABLE,C3_R2_SHARED_Q_EXECUTION_ANCHOR,800,SAFETY_FIRST,0.0,0.0,1.0,0.15943628549575806
20260907,1,01223e258bbc7a1f,HARD_EVALUABLE,C3_R2_SHARED_Q_EXECUTION_ANCHOR,1600,COVERAGE_CONSTRAINED,0.0,0.0,1.0,0.1032741367816925
20260907,1,01223e258bbc7a1f,HARD_EVALUABLE,C3_R2_SHARED_Q_EXECUTION_ANCHOR,1600,SAFETY_FIRST,0.0,0.0,1.0,0.1032741367816925
20260907,2,1534fc99d84ef734,HARD_EVALUABLE,C1_R2_FIXED_Q_LONG_RECOVERY,0,COVERAGE_CONSTRAINED,0.0,0.0,1.0,0.7251291871070862
20260907,2,1534fc99d84ef734,HARD_EVALUABLE,C1_R2_FIXED_Q_LONG_RECOVERY,0,SAFETY_FIRST,0.0,0.0,1.0,0.7251291871070862
20260907,2,1534fc99d84ef734,HARD_EVALUABLE,C1_R2_FIXED_Q_LONG_RECOVERY,80,COVERAGE_CONSTRAINED,0.0,0.0,1.0,0.7251291871070862
20260907,2,1534fc99d84ef734,HARD_EVALUABLE,C1_R2_FIXED_Q_LONG_RECOVERY,80,SAFETY_FIRST,0.0,0.0,1.0,0.7251291871070862
20260907,2,1534fc99d84ef734,HARD_EVALUABLE,C1_R2_FIXED_Q_LONG_RECOVERY,320,COVERAGE_CONSTRAINED,0.0,0.0,1.0,0.7251291871070862
20260907,2,1534fc99d84ef734,HARD_EVALUABLE,C1_R2_FIXED_Q_LONG_RECOVERY,320,SAFETY_FIRST,0.0,0.0,1.0,0.7251291871070862
20260907,2,1534fc99d84ef734,HARD_EVALUABLE,C1_R2_FIXED_Q_LONG_RECOVERY,800,COVERAGE_CONSTRAINED,0.0,0.0,1.0,0.7251291871070862
20260907,2,1534fc99d84ef734,HARD_EVALUABLE,C1_R2_FIXED_Q_LONG_RECOVERY,800,SAFETY_FIRST,0.0,0.0,1.0,0.7251291871070862
20260907,2,1534fc99d84ef734,HARD_EVALUABLE,C1_R2_FIXED_Q_LONG_RECOVERY,1600,COVERAGE_CONSTRAINED,0.0,0.0,1.0,0.7251291871070862
20260907,2,1534fc99d84ef734,HARD_EVALUABLE,C1_R2_FIXED_Q_LONG_RECOVERY,1600,SAFETY_FIRST,0.0,0.0,1.0,0.7251291871070862
20260907,2,1534fc99d84ef734,HARD_EVALUABLE,C2_R2_SHARED_Q_JOINT,0,COVERAGE_CONSTRAINED,0.0,0.0,1.0,0.7251291871070862
20260907,2,1534fc99d84ef734,HARD_EVALUABLE,C2_R2_SHARED_Q_JOINT,0,SAFETY_FIRST,0.0,0.0,1.0,0.7251291871070862
20260907,2,1534fc99d84ef734,HARD_EVALUABLE,C2_R2_SHARED_Q_JOINT,80,COVERAGE_CONSTRAINED,0.0,0.0,1.0,0.7633252143859863
20260907,2,1534fc99d84ef734,HARD_EVALUABLE,C2_R2_SHARED_Q_JOINT,80,SAFETY_FIRST,0.0,0.0,1.0,0.7633252143859863
20260907,2,1534fc99d84ef734,HARD_EVALUABLE,C2_R2_SHARED_Q_JOINT,320,COVERAGE_CONSTRAINED,0.0,0.0,1.0,0.7827193737030029
20260907,2,1534fc99d84ef734,HARD_EVALUABLE,C2_R2_SHARED_Q_JOINT,320,SAFETY_FIRST,0.0,0.0,1.0,0.7827193737030029
20260907,2,1534fc99d84ef734,HARD_EVALUABLE,C2_R2_SHARED_Q_JOINT,800,COVERAGE_CONSTRAINED,0.0,0.0,1.0,0.8466250896453857
20260907,2,1534fc99d84ef734,HARD_EVALUABLE,C2_R2_SHARED_Q_JOINT,800,SAFETY_FIRST,0.0,0.0,1.0,0.8466250896453857
20260907,2,1534fc99d84ef734,HARD_EVALUABLE,C2_R2_SHARED_Q_JOINT,1600,COVERAGE_CONSTRAINED,0.0,0.0,1.0,0.8878510594367981
20260907,2,1534fc99d84ef734,HARD_EVALUABLE,C2_R2_SHARED_Q_JOINT,1600,SAFETY_FIRST,0.0,0.0,1.0,0.8878510594367981
20260907,2,1534fc99d84ef734,HARD_EVALUABLE,C3_R2_SHARED_Q_EXECUTION_ANCHOR,0,COVERAGE_CONSTRAINED,0.0,0.0,1.0,0.7251291871070862
20260907,2,1534fc99d84ef734,HARD_EVALUABLE,C3_R2_SHARED_Q_EXECUTION_ANCHOR,0,SAFETY_FIRST,0.0,0.0,1.0,0.7251291871070862
20260907,2,1534fc99d84ef734,HARD_EVALUABLE,C3_R2_SHARED_Q_EXECUTION_ANCHOR,80,COVERAGE_CONSTRAINED,0.0,0.0,1.0,0.9963709115982056
20260907,2,1534fc99d84ef734,HARD_EVALUABLE,C3_R2_SHARED_Q_EXECUTION_ANCHOR,80,SAFETY_FIRST,0.0,0.0,1.0,0.9963709115982056
20260907,2,1534fc99d84ef734,HARD_EVALUABLE,C3_R2_SHARED_Q_EXECUTION_ANCHOR,320,COVERAGE_CONSTRAINED,0.0,0.0,1.0,0.9913740158081055
20260907,2,1534fc99d84ef734,HARD_EVALUABLE,C3_R2_SHARED_Q_EXECUTION_ANCHOR,320,SAFETY_FIRST,0.0,0.0,1.0,0.9913740158081055
20260907,2,1534fc99d84ef734,HARD_EVALUABLE,C3_R2_SHARED_Q_EXECUTION_ANCHOR,800,COVERAGE_CONSTRAINED,0.0,0.0,1.0,0.9803575277328491
20260907,2,1534fc99d84ef734,HARD_EVALUABLE,C3_R2_SHARED_Q_EXECUTION_ANCHOR,800,SAFETY_FIRST,0.0,0.0,1.0,0.9803575277328491
20260907,2,1534fc99d84ef734,HARD_EVALUABLE,C3_R2_SHARED_Q_EXECUTION_ANCHOR,1600,COVERAGE_CONSTRAINED,0.0,0.0,1.0,0.9820666313171387
20260907,2,1534fc99d84ef734,HARD_EVALUABLE,C3_R2_SHARED_Q_EXECUTION_ANCHOR,1600,SAFETY_FIRST,0.0,0.0,1.0,0.9820666313171387
20260907,3,1b0d2271e842e01a,HARD_EVALUABLE,C1_R2_FIXED_Q_LONG_RECOVERY,0,COVERAGE_CONSTRAINED,0.0,0.25,1.0,-0.0044540464878082275
20260907,3,1b0d2271e842e01a,HARD_EVALUABLE,C1_R2_FIXED_Q_LONG_RECOVERY,0,SAFETY_FIRST,0.0,0.0,0.5,-9.176135063171387e-05
20260907,3,1b0d2271e842e01a,HARD_EVALUABLE,C1_R2_FIXED_Q_LONG_RECOVERY,80,COVERAGE_CONSTRAINED,0.0,0.25,1.0,-0.0044540464878082275
20260907,3,1b0d2271e842e01a,HARD_EVALUABLE,C1_R2_FIXED_Q_LONG_RECOVERY,80,SAFETY_FIRST,0.0,0.0,0.5,-9.176135063171387e-05
20260907,3,1b0d2271e842e01a,HARD_EVALUABLE,C1_R2_FIXED_Q_LONG_RECOVERY,320,COVERAGE_CONSTRAINED,0.0,0.25,1.0,-0.0044540464878082275
20260907,3,1b0d2271e842e01a,HARD_EVALUABLE,C1_R2_FIXED_Q_LONG_RECOVERY,320,SAFETY_FIRST,0.0,0.0,0.5,-9.176135063171387e-05
20260907,3,1b0d2271e842e01a,HARD_EVALUABLE,C1_R2_FIXED_Q_LONG_RECOVERY,800,COVERAGE_CONSTRAINED,0.0,0.25,1.0,-0.0044540464878082275
20260907,3,1b0d2271e842e01a,HARD_EVALUABLE,C1_R2_FIXED_Q_LONG_RECOVERY,800,SAFETY_FIRST,0.0,0.0,0.5,-9.176135063171387e-05
20260907,3,1b0d2271e842e01a,HARD_EVALUABLE,C1_R2_FIXED_Q_LONG_RECOVERY,1600,COVERAGE_CONSTRAINED,0.0,0.25,1.0,-0.0044540464878082275
20260907,3,1b0d2271e842e01a,HARD_EVALUABLE,C1_R2_FIXED_Q_LONG_RECOVERY,1600,SAFETY_FIRST,0.0,0.0,0.5,-9.176135063171387e-05
20260907,3,1b0d2271e842e01a,HARD_EVALUABLE,C2_R2_SHARED_Q_JOINT,0,COVERAGE_CONSTRAINED,0.0,0.25,1.0,-0.0044540464878082275
20260907,3,1b0d2271e842e01a,HARD_EVALUABLE,C2_R2_SHARED_Q_JOINT,0,SAFETY_FIRST,0.0,0.0,0.5,-9.176135063171387e-05
20260907,3,1b0d2271e842e01a,HARD_EVALUABLE,C2_R2_SHARED_Q_JOINT,80,COVERAGE_CONSTRAINED,0.0,0.0,1.0,0.9738753437995911
20260907,3,1b0d2271e842e01a,HARD_EVALUABLE,C2_R2_SHARED_Q_JOINT,80,SAFETY_FIRST,0.0,0.0,1.0,0.9738753437995911
20260907,3,1b0d2271e842e01a,HARD_EVALUABLE,C2_R2_SHARED_Q_JOINT,320,COVERAGE_CONSTRAINED,0.25,0.25,1.0,0.8315564393997192
20260907,3,1b0d2271e842e01a,HARD_EVALUABLE,C2_R2_SHARED_Q_JOINT,320,SAFETY_FIRST,0.0,0.0,0.0,0.987595021724701
20260907,3,1b0d2271e842e01a,HARD_EVALUABLE,C2_R2_SHARED_Q_JOINT,800,COVERAGE_CONSTRAINED,0.0,0.0,1.0,0.8488016128540039
20260907,3,1b0d2271e842e01a,HARD_EVALUABLE,C2_R2_SHARED_Q_JOINT,800,SAFETY_FIRST,0.0,0.0,1.0,0.8488016128540039
20260907,3,1b0d2271e842e01a,HARD_EVALUABLE,C2_R2_SHARED_Q_JOINT,1600,COVERAGE_CONSTRAINED,0.0,0.0,1.0,0.6264450550079346
20260907,3,1b0d2271e842e01a,HARD_EVALUABLE,C2_R2_SHARED_Q_JOINT,1600,SAFETY_FIRST,0.0,0.0,1.0,0.6264450550079346
20260907,3,1b0d2271e842e01a,HARD_EVALUABLE,C3_R2_SHARED_Q_EXECUTION_ANCHOR,0,COVERAGE_CONSTRAINED,0.0,0.25,1.0,-0.0044540464878082275
20260907,3,1b0d2271e842e01a,HARD_EVALUABLE,C3_R2_SHARED_Q_EXECUTION_ANCHOR,0,SAFETY_FIRST,0.0,0.0,0.5,-9.176135063171387e-05
20260907,3,1b0d2271e842e01a,HARD_EVALUABLE,C3_R2_SHARED_Q_EXECUTION_ANCHOR,80,COVERAGE_CONSTRAINED,0.0,0.0,1.0,0.9866510629653931
20260907,3,1b0d2271e842e01a,HARD_EVALUABLE,C3_R2_SHARED_Q_EXECUTION_ANCHOR,80,SAFETY_FIRST,0.0,0.0,1.0,0.9866510629653931
20260907,3,1b0d2271e842e01a,HARD_EVALUABLE,C3_R2_SHARED_Q_EXECUTION_ANCHOR,320,COVERAGE_CONSTRAINED,0.0,0.25,1.0,0.9709354043006897
20260907,3,1b0d2271e842e01a,HARD_EVALUABLE,C3_R2_SHARED_Q_EXECUTION_ANCHOR,320,SAFETY_FIRST,0.0,0.0,0.25,0.9920926094055176
20260907,3,1b0d2271e842e01a,HARD_EVALUABLE,C3_R2_SHARED_Q_EXECUTION_ANCHOR,800,COVERAGE_CONSTRAINED,0.0,0.0,1.0,0.806829035282135
20260907,3,1b0d2271e842e01a,HARD_EVALUABLE,C3_R2_SHARED_Q_EXECUTION_ANCHOR,800,SAFETY_FIRST,0.0,0.0,1.0,0.806829035282135
20260907,3,1b0d2271e842e01a,HARD_EVALUABLE,C3_R2_SHARED_Q_EXECUTION_ANCHOR,1600,COVERAGE_CONSTRAINED,0.0,0.0,1.0,0.8872922658920288
20260907,3,1b0d2271e842e01a,HARD_EVALUABLE,C3_R2_SHARED_Q_EXECUTION_ANCHOR,1600,SAFETY_FIRST,0.0,0.0,1.0,0.8872922658920288
20260907,4,029f61ab6aaeeef1,BROAD_ONLY,C1_R2_FIXED_Q_LONG_RECOVERY,0,COVERAGE_CONSTRAINED,0.0,,1.0,0.13530074059963226
20260907,4,029f61ab6aaeeef1,BROAD_ONLY,C1_R2_FIXED_Q_LONG_RECOVERY,0,SAFETY_FIRST,0.0,,1.0,0.13530074059963226
20260907,4,029f61ab6aaeeef1,BROAD_ONLY,C1_R2_FIXED_Q_LONG_RECOVERY,80,COVERAGE_CONSTRAINED,0.0,,1.0,0.13530074059963226
20260907,4,029f61ab6aaeeef1,BROAD_ONLY,C1_R2_FIXED_Q_LONG_RECOVERY,80,SAFETY_FIRST,0.0,,1.0,0.13530074059963226
20260907,4,029f61ab6aaeeef1,BROAD_ONLY,C1_R2_FIXED_Q_LONG_RECOVERY,320,COVERAGE_CONSTRAINED,0.0,,1.0,0.13530074059963226
20260907,4,029f61ab6aaeeef1,BROAD_ONLY,C1_R2_FIXED_Q_LONG_RECOVERY,320,SAFETY_FIRST,0.0,,1.0,0.13530074059963226
20260907,4,029f61ab6aaeeef1,BROAD_ONLY,C1_R2_FIXED_Q_LONG_RECOVERY,800,COVERAGE_CONSTRAINED,0.0,,1.0,0.13530074059963226
20260907,4,029f61ab6aaeeef1,BROAD_ONLY,C1_R2_FIXED_Q_LONG_RECOVERY,800,SAFETY_FIRST,0.0,,1.0,0.13530074059963226
20260907,4,029f61ab6aaeeef1,BROAD_ONLY,C1_R2_FIXED_Q_LONG_RECOVERY,1600,COVERAGE_CONSTRAINED,0.0,,1.0,0.13530074059963226
20260907,4,029f61ab6aaeeef1,BROAD_ONLY,C1_R2_FIXED_Q_LONG_RECOVERY,1600,SAFETY_FIRST,0.0,,1.0,0.13530074059963226
20260907,4,029f61ab6aaeeef1,BROAD_ONLY,C2_R2_SHARED_Q_JOINT,0,COVERAGE_CONSTRAINED,0.0,,1.0,0.13530074059963226
20260907,4,029f61ab6aaeeef1,BROAD_ONLY,C2_R2_SHARED_Q_JOINT,0,SAFETY_FIRST,0.0,,1.0,0.13530074059963226
20260907,4,029f61ab6aaeeef1,BROAD_ONLY,C2_R2_SHARED_Q_JOINT,80,COVERAGE_CONSTRAINED,0.0,,1.0,-0.07176902890205383
20260907,4,029f61ab6aaeeef1,BROAD_ONLY,C2_R2_SHARED_Q_JOINT,80,SAFETY_FIRST,0.0,,1.0,-0.07176902890205383
20260907,4,029f61ab6aaeeef1,BROAD_ONLY,C2_R2_SHARED_Q_JOINT,320,COVERAGE_CONSTRAINED,0.0,,1.0,-0.03885549306869507
20260907,4,029f61ab6aaeeef1,BROAD_ONLY,C2_R2_SHARED_Q_JOINT,320,SAFETY_FIRST,0.0,,1.0,-0.03885549306869507
20260907,4,029f61ab6aaeeef1,BROAD_ONLY,C2_R2_SHARED_Q_JOINT,800,COVERAGE_CONSTRAINED,0.0,,1.0,-0.014247626066207886
20260907,4,029f61ab6aaeeef1,BROAD_ONLY,C2_R2_SHARED_Q_JOINT,800,SAFETY_FIRST,0.0,,1.0,-0.014247626066207886
20260907,4,029f61ab6aaeeef1,BROAD_ONLY,C2_R2_SHARED_Q_JOINT,1600,COVERAGE_CONSTRAINED,0.0,,1.0,-0.021042704582214355
20260907,4,029f61ab6aaeeef1,BROAD_ONLY,C2_R2_SHARED_Q_JOINT,1600,SAFETY_FIRST,0.0,,1.0,-0.021042704582214355
20260907,4,029f61ab6aaeeef1,BROAD_ONLY,C3_R2_SHARED_Q_EXECUTION_ANCHOR,0,COVERAGE_CONSTRAINED,0.0,,1.0,0.13530074059963226
20260907,4,029f61ab6aaeeef1,BROAD_ONLY,C3_R2_SHARED_Q_EXECUTION_ANCHOR,0,SAFETY_FIRST,0.0,,1.0,0.13530074059963226
20260907,4,029f61ab6aaeeef1,BROAD_ONLY,C3_R2_SHARED_Q_EXECUTION_ANCHOR,80,COVERAGE_CONSTRAINED,0.0,,1.0,-0.08121615648269653
20260907,4,029f61ab6aaeeef1,BROAD_ONLY,C3_R2_SHARED_Q_EXECUTION_ANCHOR,80,SAFETY_FIRST,0.0,,1.0,-0.08121615648269653
20260907,4,029f61ab6aaeeef1,BROAD_ONLY,C3_R2_SHARED_Q_EXECUTION_ANCHOR,320,COVERAGE_CONSTRAINED,0.0,,1.0,0.04038357734680176
20260907,4,029f61ab6aaeeef1,BROAD_ONLY,C3_R2_SHARED_Q_EXECUTION_ANCHOR,320,SAFETY_FIRST,0.0,,1.0,0.04038357734680176
20260907,4,029f61ab6aaeeef1,BROAD_ONLY,C3_R2_SHARED_Q_EXECUTION_ANCHOR,800,COVERAGE_CONSTRAINED,0.0,,1.0,0.11809973418712616
20260907,4,029f61ab6aaeeef1,BROAD_ONLY,C3_R2_SHARED_Q_EXECUTION_ANCHOR,800,SAFETY_FIRST,0.0,,1.0,0.11809973418712616
20260907,4,029f61ab6aaeeef1,BROAD_ONLY,C3_R2_SHARED_Q_EXECUTION_ANCHOR,1600,COVERAGE_CONSTRAINED,0.0,,1.0,0.08671459555625916
20260907,4,029f61ab6aaeeef1,BROAD_ONLY,C3_R2_SHARED_Q_EXECUTION_ANCHOR,1600,SAFETY_FIRST,0.0,,1.0,0.08671459555625916
20260907,5,1607639d73eb56a8,BROAD_ONLY,C1_R2_FIXED_Q_LONG_RECOVERY,0,COVERAGE_CONSTRAINED,0.0,1.0,1.0,0.20647473633289337
20260907,5,1607639d73eb56a8,BROAD_ONLY,C1_R2_FIXED_Q_LONG_RECOVERY,0,SAFETY_FIRST,0.0,1.0,1.0,0.20647473633289337
20260907,5,1607639d73eb56a8,BROAD_ONLY,C1_R2_FIXED_Q_LONG_RECOVERY,80,COVERAGE_CONSTRAINED,0.0,1.0,1.0,0.20647473633289337
20260907,5,1607639d73eb56a8,BROAD_ONLY,C1_R2_FIXED_Q_LONG_RECOVERY,80,SAFETY_FIRST,0.0,1.0,1.0,0.20647473633289337
20260907,5,1607639d73eb56a8,BROAD_ONLY,C1_R2_FIXED_Q_LONG_RECOVERY,320,COVERAGE_CONSTRAINED,0.0,1.0,1.0,0.20647473633289337
20260907,5,1607639d73eb56a8,BROAD_ONLY,C1_R2_FIXED_Q_LONG_RECOVERY,320,SAFETY_FIRST,0.0,1.0,1.0,0.20647473633289337
20260907,5,1607639d73eb56a8,BROAD_ONLY,C1_R2_FIXED_Q_LONG_RECOVERY,800,COVERAGE_CONSTRAINED,0.0,1.0,1.0,0.20647473633289337
20260907,5,1607639d73eb56a8,BROAD_ONLY,C1_R2_FIXED_Q_LONG_RECOVERY,800,SAFETY_FIRST,0.0,1.0,1.0,0.20647473633289337
20260907,5,1607639d73eb56a8,BROAD_ONLY,C1_R2_FIXED_Q_LONG_RECOVERY,1600,COVERAGE_CONSTRAINED,0.0,1.0,1.0,0.20647473633289337
20260907,5,1607639d73eb56a8,BROAD_ONLY,C1_R2_FIXED_Q_LONG_RECOVERY,1600,SAFETY_FIRST,0.0,1.0,1.0,0.20647473633289337
20260907,5,1607639d73eb56a8,BROAD_ONLY,C2_R2_SHARED_Q_JOINT,0,COVERAGE_CONSTRAINED,0.0,1.0,1.0,0.20647473633289337
20260907,5,1607639d73eb56a8,BROAD_ONLY,C2_R2_SHARED_Q_JOINT,0,SAFETY_FIRST,0.0,1.0,1.0,0.20647473633289337
20260907,5,1607639d73eb56a8,BROAD_ONLY,C2_R2_SHARED_Q_JOINT,80,COVERAGE_CONSTRAINED,0.0,0.0,1.0,0.9992581605911255
20260907,5,1607639d73eb56a8,BROAD_ONLY,C2_R2_SHARED_Q_JOINT,80,SAFETY_FIRST,0.0,0.0,1.0,0.9992581605911255
20260907,5,1607639d73eb56a8,BROAD_ONLY,C2_R2_SHARED_Q_JOINT,320,COVERAGE_CONSTRAINED,0.0,0.0,1.0,0.9989738464355469
20260907,5,1607639d73eb56a8,BROAD_ONLY,C2_R2_SHARED_Q_JOINT,320,SAFETY_FIRST,0.0,0.0,1.0,0.9989738464355469
20260907,5,1607639d73eb56a8,BROAD_ONLY,C2_R2_SHARED_Q_JOINT,800,COVERAGE_CONSTRAINED,0.0,1.0,1.0,0.286052942276001
20260907,5,1607639d73eb56a8,BROAD_ONLY,C2_R2_SHARED_Q_JOINT,800,SAFETY_FIRST,0.0,1.0,1.0,0.286052942276001
20260907,5,1607639d73eb56a8,BROAD_ONLY,C2_R2_SHARED_Q_JOINT,1600,COVERAGE_CONSTRAINED,0.0,1.0,1.0,0.17984530329704285
20260907,5,1607639d73eb56a8,BROAD_ONLY,C2_R2_SHARED_Q_JOINT,1600,SAFETY_FIRST,0.0,1.0,1.0,0.17984530329704285
20260907,5,1607639d73eb56a8,BROAD_ONLY,C3_R2_SHARED_Q_EXECUTION_ANCHOR,0,COVERAGE_CONSTRAINED,0.0,1.0,1.0,0.20647473633289337
20260907,5,1607639d73eb56a8,BROAD_ONLY,C3_R2_SHARED_Q_EXECUTION_ANCHOR,0,SAFETY_FIRST,0.0,1.0,1.0,0.20647473633289337
20260907,5,1607639d73eb56a8,BROAD_ONLY,C3_R2_SHARED_Q_EXECUTION_ANCHOR,80,COVERAGE_CONSTRAINED,0.0,1.0,1.0,0.1433691680431366
20260907,5,1607639d73eb56a8,BROAD_ONLY,C3_R2_SHARED_Q_EXECUTION_ANCHOR,80,SAFETY_FIRST,0.0,1.0,1.0,0.1433691680431366
20260907,5,1607639d73eb56a8,BROAD_ONLY,C3_R2_SHARED_Q_EXECUTION_ANCHOR,320,COVERAGE_CONSTRAINED,0.0,0.0,1.0,0.9644134044647217
20260907,5,1607639d73eb56a8,BROAD_ONLY,C3_R2_SHARED_Q_EXECUTION_ANCHOR,320,SAFETY_FIRST,0.0,0.0,1.0,0.9644134044647217
20260907,5,1607639d73eb56a8,BROAD_ONLY,C3_R2_SHARED_Q_EXECUTION_ANCHOR,800,COVERAGE_CONSTRAINED,0.0,0.0,1.0,0.2890244126319885
20260907,5,1607639d73eb56a8,BROAD_ONLY,C3_R2_SHARED_Q_EXECUTION_ANCHOR,800,SAFETY_FIRST,0.0,0.0,1.0,0.2890244126319885
20260907,5,1607639d73eb56a8,BROAD_ONLY,C3_R2_SHARED_Q_EXECUTION_ANCHOR,1600,COVERAGE_CONSTRAINED,0.0,0.0,1.0,0.9767273664474487
20260907,5,1607639d73eb56a8,BROAD_ONLY,C3_R2_SHARED_Q_EXECUTION_ANCHOR,1600,SAFETY_FIRST,0.0,0.0,1.0,0.9767273664474487
20260907,7,13d861159cbf9477,HARD_EVALUABLE,C1_R2_FIXED_Q_LONG_RECOVERY,0,COVERAGE_CONSTRAINED,0.0,0.5,0.75,0.7288538217544556
20260907,7,13d861159cbf9477,HARD_EVALUABLE,C1_R2_FIXED_Q_LONG_RECOVERY,0,SAFETY_FIRST,0.0,0.0,0.0,0.8558964729309083
20260907,7,13d861159cbf9477,HARD_EVALUABLE,C1_R2_FIXED_Q_LONG_RECOVERY,80,COVERAGE_CONSTRAINED,0.0,0.5,0.75,0.7288538217544556
20260907,7,13d861159cbf9477,HARD_EVALUABLE,C1_R2_FIXED_Q_LONG_RECOVERY,80,SAFETY_FIRST,0.0,0.0,0.0,0.8558964729309083
20260907,7,13d861159cbf9477,HARD_EVALUABLE,C1_R2_FIXED_Q_LONG_RECOVERY,320,COVERAGE_CONSTRAINED,0.0,0.5,0.75,0.7288538217544556
20260907,7,13d861159cbf9477,HARD_EVALUABLE,C1_R2_FIXED_Q_LONG_RECOVERY,320,SAFETY_FIRST,0.0,0.0,0.0,0.8558964729309083
20260907,7,13d861159cbf9477,HARD_EVALUABLE,C1_R2_FIXED_Q_LONG_RECOVERY,800,COVERAGE_CONSTRAINED,0.0,0.5,0.75,0.7288538217544556
20260907,7,13d861159cbf9477,HARD_EVALUABLE,C1_R2_FIXED_Q_LONG_RECOVERY,800,SAFETY_FIRST,0.0,0.0,0.0,0.8558964729309083
20260907,7,13d861159cbf9477,HARD_EVALUABLE,C1_R2_FIXED_Q_LONG_RECOVERY,1600,COVERAGE_CONSTRAINED,0.0,0.5,0.75,0.7288538217544556
20260907,7,13d861159cbf9477,HARD_EVALUABLE,C1_R2_FIXED_Q_LONG_RECOVERY,1600,SAFETY_FIRST,0.0,0.0,0.0,0.8558964729309083
20260907,7,13d861159cbf9477,HARD_EVALUABLE,C2_R2_SHARED_Q_JOINT,0,COVERAGE_CONSTRAINED,0.0,0.5,0.75,0.7288538217544556
20260907,7,13d861159cbf9477,HARD_EVALUABLE,C2_R2_SHARED_Q_JOINT,0,SAFETY_FIRST,0.0,0.0,0.0,0.8558964729309083
20260907,7,13d861159cbf9477,HARD_EVALUABLE,C2_R2_SHARED_Q_JOINT,80,COVERAGE_CONSTRAINED,0.0,0.5,1.0,0.6854861974716187
20260907,7,13d861159cbf9477,HARD_EVALUABLE,C2_R2_SHARED_Q_JOINT,80,SAFETY_FIRST,0.0,0.0,0.25,0.8797086477279663
20260907,7,13d861159cbf9477,HARD_EVALUABLE,C2_R2_SHARED_Q_JOINT,320,COVERAGE_CONSTRAINED,0.0,0.5,1.0,0.6923730373382568
20260907,7,13d861159cbf9477,HARD_EVALUABLE,C2_R2_SHARED_Q_JOINT,320,SAFETY_FIRST,0.0,0.0,0.25,0.9404788613319397
20260907,7,13d861159cbf9477,HARD_EVALUABLE,C2_R2_SHARED_Q_JOINT,800,COVERAGE_CONSTRAINED,0.0,0.5,1.0,0.6898009777069092
20260907,7,13d861159cbf9477,HARD_EVALUABLE,C2_R2_SHARED_Q_JOINT,800,SAFETY_FIRST,0.0,0.0,0.25,0.955446720123291
20260907,7,13d861159cbf9477,HARD_EVALUABLE,C2_R2_SHARED_Q_JOINT,1600,COVERAGE_CONSTRAINED,0.0,0.5,1.0,0.6634020805358887
20260907,7,13d861159cbf9477,HARD_EVALUABLE,C2_R2_SHARED_Q_JOINT,1600,SAFETY_FIRST,0.0,0.0,0.25,0.9695027470588684
20260907,7,13d861159cbf9477,HARD_EVALUABLE,C3_R2_SHARED_Q_EXECUTION_ANCHOR,0,COVERAGE_CONSTRAINED,0.0,0.5,0.75,0.7288538217544556
20260907,7,13d861159cbf9477,HARD_EVALUABLE,C3_R2_SHARED_Q_EXECUTION_ANCHOR,0,SAFETY_FIRST,0.0,0.0,0.0,0.8558964729309083
20260907,7,13d861159cbf9477,HARD_EVALUABLE,C3_R2_SHARED_Q_EXECUTION_ANCHOR,80,COVERAGE_CONSTRAINED,0.0,0.5,1.0,0.7442425489425659
20260907,7,13d861159cbf9477,HARD_EVALUABLE,C3_R2_SHARED_Q_EXECUTION_ANCHOR,80,SAFETY_FIRST,0.0,0.0,0.25,0.9216769933700562
20260907,7,13d861159cbf9477,HARD_EVALUABLE,C3_R2_SHARED_Q_EXECUTION_ANCHOR,320,COVERAGE_CONSTRAINED,0.0,0.0,1.0,0.9952881336212158
20260907,7,13d861159cbf9477,HARD_EVALUABLE,C3_R2_SHARED_Q_EXECUTION_ANCHOR,320,SAFETY_FIRST,0.0,0.0,1.0,0.9952881336212158
20260907,7,13d861159cbf9477,HARD_EVALUABLE,C3_R2_SHARED_Q_EXECUTION_ANCHOR,800,COVERAGE_CONSTRAINED,0.0,0.0,1.0,0.9947806596755981
20260907,7,13d861159cbf9477,HARD_EVALUABLE,C3_R2_SHARED_Q_EXECUTION_ANCHOR,800,SAFETY_FIRST,0.0,0.0,1.0,0.9947806596755981
20260907,7,13d861159cbf9477,HARD_EVALUABLE,C3_R2_SHARED_Q_EXECUTION_ANCHOR,1600,COVERAGE_CONSTRAINED,0.0,0.0,1.0,0.993492603302002
20260907,7,13d861159cbf9477,HARD_EVALUABLE,C3_R2_SHARED_Q_EXECUTION_ANCHOR,1600,SAFETY_FIRST,0.0,0.0,1.0,0.993492603302002
20260907,8,06e9147a95404227,BROAD_ONLY,C1_R2_FIXED_Q_LONG_RECOVERY,0,COVERAGE_CONSTRAINED,0.0,,1.0,-0.025419563055038452
20260907,8,06e9147a95404227,BROAD_ONLY,C1_R2_FIXED_Q_LONG_RECOVERY,0,SAFETY_FIRST,0.0,,1.0,-0.025419563055038452
20260907,8,06e9147a95404227,BROAD_ONLY,C1_R2_FIXED_Q_LONG_RECOVERY,80,COVERAGE_CONSTRAINED,0.0,,1.0,-0.025419563055038452
20260907,8,06e9147a95404227,BROAD_ONLY,C1_R2_FIXED_Q_LONG_RECOVERY,80,SAFETY_FIRST,0.0,,1.0,-0.025419563055038452
20260907,8,06e9147a95404227,BROAD_ONLY,C1_R2_FIXED_Q_LONG_RECOVERY,320,COVERAGE_CONSTRAINED,0.0,,1.0,-0.025419563055038452
20260907,8,06e9147a95404227,BROAD_ONLY,C1_R2_FIXED_Q_LONG_RECOVERY,320,SAFETY_FIRST,0.0,,1.0,-0.025419563055038452
20260907,8,06e9147a95404227,BROAD_ONLY,C1_R2_FIXED_Q_LONG_RECOVERY,800,COVERAGE_CONSTRAINED,0.0,,1.0,-0.025419563055038452
20260907,8,06e9147a95404227,BROAD_ONLY,C1_R2_FIXED_Q_LONG_RECOVERY,800,SAFETY_FIRST,0.0,,1.0,-0.025419563055038452
20260907,8,06e9147a95404227,BROAD_ONLY,C1_R2_FIXED_Q_LONG_RECOVERY,1600,COVERAGE_CONSTRAINED,0.0,,1.0,-0.025419563055038452
20260907,8,06e9147a95404227,BROAD_ONLY,C1_R2_FIXED_Q_LONG_RECOVERY,1600,SAFETY_FIRST,0.0,,1.0,-0.025419563055038452
20260907,8,06e9147a95404227,BROAD_ONLY,C2_R2_SHARED_Q_JOINT,0,COVERAGE_CONSTRAINED,0.0,,1.0,-0.025419563055038452
20260907,8,06e9147a95404227,BROAD_ONLY,C2_R2_SHARED_Q_JOINT,0,SAFETY_FIRST,0.0,,1.0,-0.025419563055038452
20260907,8,06e9147a95404227,BROAD_ONLY,C2_R2_SHARED_Q_JOINT,80,COVERAGE_CONSTRAINED,0.0,,1.0,-0.02798682451248169
20260907,8,06e9147a95404227,BROAD_ONLY,C2_R2_SHARED_Q_JOINT,80,SAFETY_FIRST,0.0,,1.0,-0.02798682451248169
20260907,8,06e9147a95404227,BROAD_ONLY,C2_R2_SHARED_Q_JOINT,320,COVERAGE_CONSTRAINED,0.0,,1.0,-0.05539172887802124
20260907,8,06e9147a95404227,BROAD_ONLY,C2_R2_SHARED_Q_JOINT,320,SAFETY_FIRST,0.0,,1.0,-0.05539172887802124
20260907,8,06e9147a95404227,BROAD_ONLY,C2_R2_SHARED_Q_JOINT,800,COVERAGE_CONSTRAINED,0.0,,1.0,-0.11577460169792175
20260907,8,06e9147a95404227,BROAD_ONLY,C2_R2_SHARED_Q_JOINT,800,SAFETY_FIRST,0.0,,1.0,-0.11577460169792175
20260907,8,06e9147a95404227,BROAD_ONLY,C2_R2_SHARED_Q_JOINT,1600,COVERAGE_CONSTRAINED,0.0,,1.0,-0.13942119479179382
20260907,8,06e9147a95404227,BROAD_ONLY,C2_R2_SHARED_Q_JOINT,1600,SAFETY_FIRST,0.0,,1.0,-0.13942119479179382
20260907,8,06e9147a95404227,BROAD_ONLY,C3_R2_SHARED_Q_EXECUTION_ANCHOR,0,COVERAGE_CONSTRAINED,0.0,,1.0,-0.025419563055038452
20260907,8,06e9147a95404227,BROAD_ONLY,C3_R2_SHARED_Q_EXECUTION_ANCHOR,0,SAFETY_FIRST,0.0,,1.0,-0.025419563055038452
20260907,8,06e9147a95404227,BROAD_ONLY,C3_R2_SHARED_Q_EXECUTION_ANCHOR,80,COVERAGE_CONSTRAINED,0.0,,1.0,0.033991485834121704
20260907,8,06e9147a95404227,BROAD_ONLY,C3_R2_SHARED_Q_EXECUTION_ANCHOR,80,SAFETY_FIRST,0.0,,1.0,0.033991485834121704
20260907,8,06e9147a95404227,BROAD_ONLY,C3_R2_SHARED_Q_EXECUTION_ANCHOR,320,COVERAGE_CONSTRAINED,0.0,,1.0,0.48187512159347534
20260907,8,06e9147a95404227,BROAD_ONLY,C3_R2_SHARED_Q_EXECUTION_ANCHOR,320,SAFETY_FIRST,0.0,,1.0,0.48187512159347534
20260907,8,06e9147a95404227,BROAD_ONLY,C3_R2_SHARED_Q_EXECUTION_ANCHOR,800,COVERAGE_CONSTRAINED,0.0,,1.0,0.5336366891860962
20260907,8,06e9147a95404227,BROAD_ONLY,C3_R2_SHARED_Q_EXECUTION_ANCHOR,800,SAFETY_FIRST,0.0,,1.0,0.5336366891860962
20260907,8,06e9147a95404227,BROAD_ONLY,C3_R2_SHARED_Q_EXECUTION_ANCHOR,1600,COVERAGE_CONSTRAINED,0.0,,1.0,0.5893864631652832
20260907,8,06e9147a95404227,BROAD_ONLY,C3_R2_SHARED_Q_EXECUTION_ANCHOR,1600,SAFETY_FIRST,0.0,,1.0,0.5893864631652832
20260907,9,0b2d75291d40cb7c,BROAD_ONLY,C1_R2_FIXED_Q_LONG_RECOVERY,0,COVERAGE_CONSTRAINED,0.0,0.0,1.0,0.7848741412162781
20260907,9,0b2d75291d40cb7c,BROAD_ONLY,C1_R2_FIXED_Q_LONG_RECOVERY,0,SAFETY_FIRST,0.0,0.0,1.0,0.7848741412162781
20260907,9,0b2d75291d40cb7c,BROAD_ONLY,C1_R2_FIXED_Q_LONG_RECOVERY,80,COVERAGE_CONSTRAINED,0.0,0.0,1.0,0.7848741412162781
20260907,9,0b2d75291d40cb7c,BROAD_ONLY,C1_R2_FIXED_Q_LONG_RECOVERY,80,SAFETY_FIRST,0.0,0.0,1.0,0.7848741412162781
20260907,9,0b2d75291d40cb7c,BROAD_ONLY,C1_R2_FIXED_Q_LONG_RECOVERY,320,COVERAGE_CONSTRAINED,0.0,0.0,1.0,0.7848741412162781
20260907,9,0b2d75291d40cb7c,BROAD_ONLY,C1_R2_FIXED_Q_LONG_RECOVERY,320,SAFETY_FIRST,0.0,0.0,1.0,0.7848741412162781
20260907,9,0b2d75291d40cb7c,BROAD_ONLY,C1_R2_FIXED_Q_LONG_RECOVERY,800,COVERAGE_CONSTRAINED,0.0,0.0,1.0,0.7848741412162781
20260907,9,0b2d75291d40cb7c,BROAD_ONLY,C1_R2_FIXED_Q_LONG_RECOVERY,800,SAFETY_FIRST,0.0,0.0,1.0,0.7848741412162781
20260907,9,0b2d75291d40cb7c,BROAD_ONLY,C1_R2_FIXED_Q_LONG_RECOVERY,1600,COVERAGE_CONSTRAINED,0.0,0.0,1.0,0.7848741412162781
20260907,9,0b2d75291d40cb7c,BROAD_ONLY,C1_R2_FIXED_Q_LONG_RECOVERY,1600,SAFETY_FIRST,0.0,0.0,1.0,0.7848741412162781
20260907,9,0b2d75291d40cb7c,BROAD_ONLY,C2_R2_SHARED_Q_JOINT,0,COVERAGE_CONSTRAINED,0.0,0.0,1.0,0.7848741412162781
20260907,9,0b2d75291d40cb7c,BROAD_ONLY,C2_R2_SHARED_Q_JOINT,0,SAFETY_FIRST,0.0,0.0,1.0,0.7848741412162781
20260907,9,0b2d75291d40cb7c,BROAD_ONLY,C2_R2_SHARED_Q_JOINT,80,COVERAGE_CONSTRAINED,0.0,0.0,1.0,0.4443010985851288
20260907,9,0b2d75291d40cb7c,BROAD_ONLY,C2_R2_SHARED_Q_JOINT,80,SAFETY_FIRST,0.0,0.0,1.0,0.4443010985851288
20260907,9,0b2d75291d40cb7c,BROAD_ONLY,C2_R2_SHARED_Q_JOINT,320,COVERAGE_CONSTRAINED,0.0,0.0,1.0,0.5496189594268799
20260907,9,0b2d75291d40cb7c,BROAD_ONLY,C2_R2_SHARED_Q_JOINT,320,SAFETY_FIRST,0.0,0.0,1.0,0.5496189594268799
20260907,9,0b2d75291d40cb7c,BROAD_ONLY,C2_R2_SHARED_Q_JOINT,800,COVERAGE_CONSTRAINED,0.0,0.0,1.0,0.5997053384780884
20260907,9,0b2d75291d40cb7c,BROAD_ONLY,C2_R2_SHARED_Q_JOINT,800,SAFETY_FIRST,0.0,0.0,1.0,0.5997053384780884
20260907,9,0b2d75291d40cb7c,BROAD_ONLY,C2_R2_SHARED_Q_JOINT,1600,COVERAGE_CONSTRAINED,0.0,1.0,1.0,-0.497163861989975
20260907,9,0b2d75291d40cb7c,BROAD_ONLY,C2_R2_SHARED_Q_JOINT,1600,SAFETY_FIRST,0.0,1.0,1.0,-0.497163861989975
20260907,9,0b2d75291d40cb7c,BROAD_ONLY,C3_R2_SHARED_Q_EXECUTION_ANCHOR,0,COVERAGE_CONSTRAINED,0.0,0.0,1.0,0.7848741412162781
20260907,9,0b2d75291d40cb7c,BROAD_ONLY,C3_R2_SHARED_Q_EXECUTION_ANCHOR,0,SAFETY_FIRST,0.0,0.0,1.0,0.7848741412162781
20260907,9,0b2d75291d40cb7c,BROAD_ONLY,C3_R2_SHARED_Q_EXECUTION_ANCHOR,80,COVERAGE_CONSTRAINED,0.0,0.0,1.0,0.7212769985198975
20260907,9,0b2d75291d40cb7c,BROAD_ONLY,C3_R2_SHARED_Q_EXECUTION_ANCHOR,80,SAFETY_FIRST,0.0,0.0,1.0,0.7212769985198975
20260907,9,0b2d75291d40cb7c,BROAD_ONLY,C3_R2_SHARED_Q_EXECUTION_ANCHOR,320,COVERAGE_CONSTRAINED,0.0,0.0,1.0,0.8696203231811523
20260907,9,0b2d75291d40cb7c,BROAD_ONLY,C3_R2_SHARED_Q_EXECUTION_ANCHOR,320,SAFETY_FIRST,0.0,0.0,1.0,0.8696203231811523
20260907,9,0b2d75291d40cb7c,BROAD_ONLY,C3_R2_SHARED_Q_EXECUTION_ANCHOR,800,COVERAGE_CONSTRAINED,0.0,0.0,1.0,0.7577685117721558
20260907,9,0b2d75291d40cb7c,BROAD_ONLY,C3_R2_SHARED_Q_EXECUTION_ANCHOR,800,SAFETY_FIRST,0.0,0.0,1.0,0.7577685117721558
20260907,9,0b2d75291d40cb7c,BROAD_ONLY,C3_R2_SHARED_Q_EXECUTION_ANCHOR,1600,COVERAGE_CONSTRAINED,0.0,0.0,1.0,0.930006206035614
20260907,9,0b2d75291d40cb7c,BROAD_ONLY,C3_R2_SHARED_Q_EXECUTION_ANCHOR,1600,SAFETY_FIRST,0.0,0.0,1.0,0.930006206035614
20260907,12,319cba8ffa622b0e,BROAD_ONLY,C1_R2_FIXED_Q_LONG_RECOVERY,0,COVERAGE_CONSTRAINED,0.0,,1.0,-0.1287698745727539
20260907,12,319cba8ffa622b0e,BROAD_ONLY,C1_R2_FIXED_Q_LONG_RECOVERY,0,SAFETY_FIRST,0.0,,1.0,-0.1287698745727539
20260907,12,319cba8ffa622b0e,BROAD_ONLY,C1_R2_FIXED_Q_LONG_RECOVERY,80,COVERAGE_CONSTRAINED,0.0,,1.0,-0.1287698745727539
20260907,12,319cba8ffa622b0e,BROAD_ONLY,C1_R2_FIXED_Q_LONG_RECOVERY,80,SAFETY_FIRST,0.0,,1.0,-0.1287698745727539
20260907,12,319cba8ffa622b0e,BROAD_ONLY,C1_R2_FIXED_Q_LONG_RECOVERY,320,COVERAGE_CONSTRAINED,0.0,,1.0,-0.1287698745727539
20260907,12,319cba8ffa622b0e,BROAD_ONLY,C1_R2_FIXED_Q_LONG_RECOVERY,320,SAFETY_FIRST,0.0,,1.0,-0.1287698745727539
20260907,12,319cba8ffa622b0e,BROAD_ONLY,C1_R2_FIXED_Q_LONG_RECOVERY,800,COVERAGE_CONSTRAINED,0.0,,1.0,-0.1287698745727539
20260907,12,319cba8ffa622b0e,BROAD_ONLY,C1_R2_FIXED_Q_LONG_RECOVERY,800,SAFETY_FIRST,0.0,,1.0,-0.1287698745727539
20260907,12,319cba8ffa622b0e,BROAD_ONLY,C1_R2_FIXED_Q_LONG_RECOVERY,1600,COVERAGE_CONSTRAINED,0.0,,1.0,-0.1287698745727539
20260907,12,319cba8ffa622b0e,BROAD_ONLY,C1_R2_FIXED_Q_LONG_RECOVERY,1600,SAFETY_FIRST,0.0,,1.0,-0.1287698745727539
20260907,12,319cba8ffa622b0e,BROAD_ONLY,C2_R2_SHARED_Q_JOINT,0,COVERAGE_CONSTRAINED,0.0,,1.0,-0.1287698745727539
20260907,12,319cba8ffa622b0e,BROAD_ONLY,C2_R2_SHARED_Q_JOINT,0,SAFETY_FIRST,0.0,,1.0,-0.1287698745727539
20260907,12,319cba8ffa622b0e,BROAD_ONLY,C2_R2_SHARED_Q_JOINT,80,COVERAGE_CONSTRAINED,0.0,,1.0,-0.19647228717803955
20260907,12,319cba8ffa622b0e,BROAD_ONLY,C2_R2_SHARED_Q_JOINT,80,SAFETY_FIRST,0.0,,1.0,-0.19647228717803955
20260907,12,319cba8ffa622b0e,BROAD_ONLY,C2_R2_SHARED_Q_JOINT,320,COVERAGE_CONSTRAINED,0.0,,1.0,-0.23800185322761536
20260907,12,319cba8ffa622b0e,BROAD_ONLY,C2_R2_SHARED_Q_JOINT,320,SAFETY_FIRST,0.0,,1.0,-0.23800185322761536
20260907,12,319cba8ffa622b0e,BROAD_ONLY,C2_R2_SHARED_Q_JOINT,800,COVERAGE_CONSTRAINED,0.0,,1.0,-0.2555507719516754
20260907,12,319cba8ffa622b0e,BROAD_ONLY,C2_R2_SHARED_Q_JOINT,800,SAFETY_FIRST,0.0,,1.0,-0.2555507719516754
20260907,12,319cba8ffa622b0e,BROAD_ONLY,C2_R2_SHARED_Q_JOINT,1600,COVERAGE_CONSTRAINED,0.0,,1.0,-0.20225052535533905
20260907,12,319cba8ffa622b0e,BROAD_ONLY,C2_R2_SHARED_Q_JOINT,1600,SAFETY_FIRST,0.0,,1.0,-0.20225052535533905
20260907,12,319cba8ffa622b0e,BROAD_ONLY,C3_R2_SHARED_Q_EXECUTION_ANCHOR,0,COVERAGE_CONSTRAINED,0.0,,1.0,-0.1287698745727539
20260907,12,319cba8ffa622b0e,BROAD_ONLY,C3_R2_SHARED_Q_EXECUTION_ANCHOR,0,SAFETY_FIRST,0.0,,1.0,-0.1287698745727539
20260907,12,319cba8ffa622b0e,BROAD_ONLY,C3_R2_SHARED_Q_EXECUTION_ANCHOR,80,COVERAGE_CONSTRAINED,0.0,,1.0,-0.22407443821430206
20260907,12,319cba8ffa622b0e,BROAD_ONLY,C3_R2_SHARED_Q_EXECUTION_ANCHOR,80,SAFETY_FIRST,0.0,,1.0,-0.22407443821430206
20260907,12,319cba8ffa622b0e,BROAD_ONLY,C3_R2_SHARED_Q_EXECUTION_ANCHOR,320,COVERAGE_CONSTRAINED,0.0,,1.0,-0.06091153249144554
20260907,12,319cba8ffa622b0e,BROAD_ONLY,C3_R2_SHARED_Q_EXECUTION_ANCHOR,320,SAFETY_FIRST,0.0,,1.0,-0.06091153249144554
20260907,12,319cba8ffa622b0e,BROAD_ONLY,C3_R2_SHARED_Q_EXECUTION_ANCHOR,800,COVERAGE_CONSTRAINED,0.0,,1.0,0.21772681176662445
20260907,12,319cba8ffa622b0e,BROAD_ONLY,C3_R2_SHARED_Q_EXECUTION_ANCHOR,800,SAFETY_FIRST,0.0,,1.0,0.21772681176662445
20260907,12,319cba8ffa622b0e,BROAD_ONLY,C3_R2_SHARED_Q_EXECUTION_ANCHOR,1600,COVERAGE_CONSTRAINED,0.0,,1.0,0.28326019644737244
20260907,12,319cba8ffa622b0e,BROAD_ONLY,C3_R2_SHARED_Q_EXECUTION_ANCHOR,1600,SAFETY_FIRST,0.0,,1.0,0.28326019644737244
20260907,13,1379df4696783d47,HARD_EVALUABLE,C1_R2_FIXED_Q_LONG_RECOVERY,0,COVERAGE_CONSTRAINED,0.0,0.0,1.0,-0.06301972270011902
20260907,13,1379df4696783d47,HARD_EVALUABLE,C1_R2_FIXED_Q_LONG_RECOVERY,0,SAFETY_FIRST,0.0,0.0,1.0,-0.06301972270011902
20260907,13,1379df4696783d47,HARD_EVALUABLE,C1_R2_FIXED_Q_LONG_RECOVERY,80,COVERAGE_CONSTRAINED,0.0,0.0,1.0,-0.06301972270011902
20260907,13,1379df4696783d47,HARD_EVALUABLE,C1_R2_FIXED_Q_LONG_RECOVERY,80,SAFETY_FIRST,0.0,0.0,1.0,-0.06301972270011902
20260907,13,1379df4696783d47,HARD_EVALUABLE,C1_R2_FIXED_Q_LONG_RECOVERY,320,COVERAGE_CONSTRAINED,0.0,0.0,1.0,-0.06301972270011902
20260907,13,1379df4696783d47,HARD_EVALUABLE,C1_R2_FIXED_Q_LONG_RECOVERY,320,SAFETY_FIRST,0.0,0.0,1.0,-0.06301972270011902
20260907,13,1379df4696783d47,HARD_EVALUABLE,C1_R2_FIXED_Q_LONG_RECOVERY,800,COVERAGE_CONSTRAINED,0.0,0.0,1.0,-0.06301972270011902
20260907,13,1379df4696783d47,HARD_EVALUABLE,C1_R2_FIXED_Q_LONG_RECOVERY,800,SAFETY_FIRST,0.0,0.0,1.0,-0.06301972270011902
20260907,13,1379df4696783d47,HARD_EVALUABLE,C1_R2_FIXED_Q_LONG_RECOVERY,1600,COVERAGE_CONSTRAINED,0.0,0.0,1.0,-0.06301972270011902
20260907,13,1379df4696783d47,HARD_EVALUABLE,C1_R2_FIXED_Q_LONG_RECOVERY,1600,SAFETY_FIRST,0.0,0.0,1.0,-0.06301972270011902
20260907,13,1379df4696783d47,HARD_EVALUABLE,C2_R2_SHARED_Q_JOINT,0,COVERAGE_CONSTRAINED,0.0,0.0,1.0,-0.06301972270011902
20260907,13,1379df4696783d47,HARD_EVALUABLE,C2_R2_SHARED_Q_JOINT,0,SAFETY_FIRST,0.0,0.0,1.0,-0.06301972270011902
20260907,13,1379df4696783d47,HARD_EVALUABLE,C2_R2_SHARED_Q_JOINT,80,COVERAGE_CONSTRAINED,0.0,0.0,1.0,0.545699954032898
20260907,13,1379df4696783d47,HARD_EVALUABLE,C2_R2_SHARED_Q_JOINT,80,SAFETY_FIRST,0.0,0.0,1.0,0.545699954032898
20260907,13,1379df4696783d47,HARD_EVALUABLE,C2_R2_SHARED_Q_JOINT,320,COVERAGE_CONSTRAINED,0.0,0.5,1.0,0.9803648591041565
20260907,13,1379df4696783d47,HARD_EVALUABLE,C2_R2_SHARED_Q_JOINT,320,SAFETY_FIRST,0.0,0.0,0.25,0.9898657202720642
20260907,13,1379df4696783d47,HARD_EVALUABLE,C2_R2_SHARED_Q_JOINT,800,COVERAGE_CONSTRAINED,0.0,0.0,1.0,0.9948283433914185
20260907,13,1379df4696783d47,HARD_EVALUABLE,C2_R2_SHARED_Q_JOINT,800,SAFETY_FIRST,0.0,0.0,1.0,0.9948283433914185
20260907,13,1379df4696783d47,HARD_EVALUABLE,C2_R2_SHARED_Q_JOINT,1600,COVERAGE_CONSTRAINED,0.0,0.0,1.0,0.7733465433120728
20260907,13,1379df4696783d47,HARD_EVALUABLE,C2_R2_SHARED_Q_JOINT,1600,SAFETY_FIRST,0.0,0.0,1.0,0.7733465433120728
20260907,13,1379df4696783d47,HARD_EVALUABLE,C3_R2_SHARED_Q_EXECUTION_ANCHOR,0,COVERAGE_CONSTRAINED,0.0,0.0,1.0,-0.06301972270011902
20260907,13,1379df4696783d47,HARD_EVALUABLE,C3_R2_SHARED_Q_EXECUTION_ANCHOR,0,SAFETY_FIRST,0.0,0.0,1.0,-0.06301972270011902
20260907,13,1379df4696783d47,HARD_EVALUABLE,C3_R2_SHARED_Q_EXECUTION_ANCHOR,80,COVERAGE_CONSTRAINED,0.0,0.0,1.0,0.6214792728424072
20260907,13,1379df4696783d47,HARD_EVALUABLE,C3_R2_SHARED_Q_EXECUTION_ANCHOR,80,SAFETY_FIRST,0.0,0.0,1.0,0.6214792728424072
20260907,13,1379df4696783d47,HARD_EVALUABLE,C3_R2_SHARED_Q_EXECUTION_ANCHOR,320,COVERAGE_CONSTRAINED,0.0,1.0,1.0,0.8675962686538696
20260907,13,1379df4696783d47,HARD_EVALUABLE,C3_R2_SHARED_Q_EXECUTION_ANCHOR,320,SAFETY_FIRST,0.0,0.0,0.0,0.995351552963257
20260907,13,1379df4696783d47,HARD_EVALUABLE,C3_R2_SHARED_Q_EXECUTION_ANCHOR,800,COVERAGE_CONSTRAINED,0.0,1.0,1.0,0.15756428241729736
20260907,13,1379df4696783d47,HARD_EVALUABLE,C3_R2_SHARED_Q_EXECUTION_ANCHOR,800,SAFETY_FIRST,0.0,0.0,0.0,0.9930089712142945
20260907,13,1379df4696783d47,HARD_EVALUABLE,C3_R2_SHARED_Q_EXECUTION_ANCHOR,1600,COVERAGE_CONSTRAINED,0.0,1.0,1.0,0.04859507083892822
20260907,13,1379df4696783d47,HARD_EVALUABLE,C3_R2_SHARED_Q_EXECUTION_ANCHOR,1600,SAFETY_FIRST,0.0,0.0,0.0,0.9976769089698793
20260907,15,11999d89b31d5f06,HARD_EVALUABLE,C1_R2_FIXED_Q_LONG_RECOVERY,0,COVERAGE_CONSTRAINED,0.0,0.0,1.0,0.9974968433380127
20260907,15,11999d89b31d5f06,HARD_EVALUABLE,C1_R2_FIXED_Q_LONG_RECOVERY,0,SAFETY_FIRST,0.0,0.0,1.0,0.9974968433380127
20260907,15,11999d89b31d5f06,HARD_EVALUABLE,C1_R2_FIXED_Q_LONG_RECOVERY,80,COVERAGE_CONSTRAINED,0.0,0.0,1.0,0.9974968433380127
20260907,15,11999d89b31d5f06,HARD_EVALUABLE,C1_R2_FIXED_Q_LONG_RECOVERY,80,SAFETY_FIRST,0.0,0.0,1.0,0.9974968433380127
20260907,15,11999d89b31d5f06,HARD_EVALUABLE,C1_R2_FIXED_Q_LONG_RECOVERY,320,COVERAGE_CONSTRAINED,0.0,0.0,1.0,0.9974968433380127
20260907,15,11999d89b31d5f06,HARD_EVALUABLE,C1_R2_FIXED_Q_LONG_RECOVERY,320,SAFETY_FIRST,0.0,0.0,1.0,0.9974968433380127
20260907,15,11999d89b31d5f06,HARD_EVALUABLE,C1_R2_FIXED_Q_LONG_RECOVERY,800,COVERAGE_CONSTRAINED,0.0,0.0,1.0,0.9974968433380127
20260907,15,11999d89b31d5f06,HARD_EVALUABLE,C1_R2_FIXED_Q_LONG_RECOVERY,800,SAFETY_FIRST,0.0,0.0,1.0,0.9974968433380127
20260907,15,11999d89b31d5f06,HARD_EVALUABLE,C1_R2_FIXED_Q_LONG_RECOVERY,1600,COVERAGE_CONSTRAINED,0.0,0.0,1.0,0.9974968433380127
20260907,15,11999d89b31d5f06,HARD_EVALUABLE,C1_R2_FIXED_Q_LONG_RECOVERY,1600,SAFETY_FIRST,0.0,0.0,1.0,0.9974968433380127
20260907,15,11999d89b31d5f06,HARD_EVALUABLE,C2_R2_SHARED_Q_JOINT,0,COVERAGE_CONSTRAINED,0.0,0.0,1.0,0.9974968433380127
20260907,15,11999d89b31d5f06,HARD_EVALUABLE,C2_R2_SHARED_Q_JOINT,0,SAFETY_FIRST,0.0,0.0,1.0,0.9974968433380127
20260907,15,11999d89b31d5f06,HARD_EVALUABLE,C2_R2_SHARED_Q_JOINT,80,COVERAGE_CONSTRAINED,0.0,0.0,1.0,0.9968181848526001
20260907,15,11999d89b31d5f06,HARD_EVALUABLE,C2_R2_SHARED_Q_JOINT,80,SAFETY_FIRST,0.0,0.0,1.0,0.9968181848526001
20260907,15,11999d89b31d5f06,HARD_EVALUABLE,C2_R2_SHARED_Q_JOINT,320,COVERAGE_CONSTRAINED,0.0,0.0,1.0,0.9321101307868958
20260907,15,11999d89b31d5f06,HARD_EVALUABLE,C2_R2_SHARED_Q_JOINT,320,SAFETY_FIRST,0.0,0.0,1.0,0.9321101307868958
20260907,15,11999d89b31d5f06,HARD_EVALUABLE,C2_R2_SHARED_Q_JOINT,800,COVERAGE_CONSTRAINED,0.0,0.0,1.0,0.3822233974933624
20260907,15,11999d89b31d5f06,HARD_EVALUABLE,C2_R2_SHARED_Q_JOINT,800,SAFETY_FIRST,0.0,0.0,1.0,0.3822233974933624
20260907,15,11999d89b31d5f06,HARD_EVALUABLE,C2_R2_SHARED_Q_JOINT,1600,COVERAGE_CONSTRAINED,0.0,0.0,1.0,0.27356961369514465
20260907,15,11999d89b31d5f06,HARD_EVALUABLE,C2_R2_SHARED_Q_JOINT,1600,SAFETY_FIRST,0.0,0.0,1.0,0.27356961369514465
20260907,15,11999d89b31d5f06,HARD_EVALUABLE,C3_R2_SHARED_Q_EXECUTION_ANCHOR,0,COVERAGE_CONSTRAINED,0.0,0.0,1.0,0.9974968433380127
20260907,15,11999d89b31d5f06,HARD_EVALUABLE,C3_R2_SHARED_Q_EXECUTION_ANCHOR,0,SAFETY_FIRST,0.0,0.0,1.0,0.9974968433380127
20260907,15,11999d89b31d5f06,HARD_EVALUABLE,C3_R2_SHARED_Q_EXECUTION_ANCHOR,80,COVERAGE_CONSTRAINED,0.0,0.0,1.0,0.9933823347091675
20260907,15,11999d89b31d5f06,HARD_EVALUABLE,C3_R2_SHARED_Q_EXECUTION_ANCHOR,80,SAFETY_FIRST,0.0,0.0,1.0,0.9933823347091675
20260907,15,11999d89b31d5f06,HARD_EVALUABLE,C3_R2_SHARED_Q_EXECUTION_ANCHOR,320,COVERAGE_CONSTRAINED,0.0,0.5,1.0,0.7370496988296509
20260907,15,11999d89b31d5f06,HARD_EVALUABLE,C3_R2_SHARED_Q_EXECUTION_ANCHOR,320,SAFETY_FIRST,0.0,0.0,0.5,0.7686845660209656
20260907,15,11999d89b31d5f06,HARD_EVALUABLE,C3_R2_SHARED_Q_EXECUTION_ANCHOR,800,COVERAGE_CONSTRAINED,0.0,0.0,1.0,0.6783550977706909
20260907,15,11999d89b31d5f06,HARD_EVALUABLE,C3_R2_SHARED_Q_EXECUTION_ANCHOR,800,SAFETY_FIRST,0.0,0.0,1.0,0.6783550977706909
20260907,15,11999d89b31d5f06,HARD_EVALUABLE,C3_R2_SHARED_Q_EXECUTION_ANCHOR,1600,COVERAGE_CONSTRAINED,0.0,0.0,1.0,0.620076596736908
20260907,15,11999d89b31d5f06,HARD_EVALUABLE,C3_R2_SHARED_Q_EXECUTION_ANCHOR,1600,SAFETY_FIRST,0.0,0.0,1.0,0.620076596736908
20260907,16,30c09c9279241ba5,HARD_EVALUABLE,C1_R2_FIXED_Q_LONG_RECOVERY,0,COVERAGE_CONSTRAINED,0.0,0.0,1.0,0.8924559354782104
20260907,16,30c09c9279241ba5,HARD_EVALUABLE,C1_R2_FIXED_Q_LONG_RECOVERY,0,SAFETY_FIRST,0.0,0.0,1.0,0.8924559354782104
20260907,16,30c09c9279241ba5,HARD_EVALUABLE,C1_R2_FIXED_Q_LONG_RECOVERY,80,COVERAGE_CONSTRAINED,0.0,0.0,1.0,0.8924559354782104
20260907,16,30c09c9279241ba5,HARD_EVALUABLE,C1_R2_FIXED_Q_LONG_RECOVERY,80,SAFETY_FIRST,0.0,0.0,1.0,0.8924559354782104
20260907,16,30c09c9279241ba5,HARD_EVALUABLE,C1_R2_FIXED_Q_LONG_RECOVERY,320,COVERAGE_CONSTRAINED,0.0,0.0,1.0,0.8924559354782104
20260907,16,30c09c9279241ba5,HARD_EVALUABLE,C1_R2_FIXED_Q_LONG_RECOVERY,320,SAFETY_FIRST,0.0,0.0,1.0,0.8924559354782104
20260907,16,30c09c9279241ba5,HARD_EVALUABLE,C1_R2_FIXED_Q_LONG_RECOVERY,800,COVERAGE_CONSTRAINED,0.0,0.0,1.0,0.8924559354782104
20260907,16,30c09c9279241ba5,HARD_EVALUABLE,C1_R2_FIXED_Q_LONG_RECOVERY,800,SAFETY_FIRST,0.0,0.0,1.0,0.8924559354782104
20260907,16,30c09c9279241ba5,HARD_EVALUABLE,C1_R2_FIXED_Q_LONG_RECOVERY,1600,COVERAGE_CONSTRAINED,0.0,0.0,1.0,0.8924559354782104
20260907,16,30c09c9279241ba5,HARD_EVALUABLE,C1_R2_FIXED_Q_LONG_RECOVERY,1600,SAFETY_FIRST,0.0,0.0,1.0,0.8924559354782104
20260907,16,30c09c9279241ba5,HARD_EVALUABLE,C2_R2_SHARED_Q_JOINT,0,COVERAGE_CONSTRAINED,0.0,0.0,1.0,0.8924559354782104
20260907,16,30c09c9279241ba5,HARD_EVALUABLE,C2_R2_SHARED_Q_JOINT,0,SAFETY_FIRST,0.0,0.0,1.0,0.8924559354782104
20260907,16,30c09c9279241ba5,HARD_EVALUABLE,C2_R2_SHARED_Q_JOINT,80,COVERAGE_CONSTRAINED,0.0,0.0,1.0,0.904107928276062
20260907,16,30c09c9279241ba5,HARD_EVALUABLE,C2_R2_SHARED_Q_JOINT,80,SAFETY_FIRST,0.0,0.0,1.0,0.904107928276062
20260907,16,30c09c9279241ba5,HARD_EVALUABLE,C2_R2_SHARED_Q_JOINT,320,COVERAGE_CONSTRAINED,0.0,0.0,1.0,0.9138432145118713
20260907,16,30c09c9279241ba5,HARD_EVALUABLE,C2_R2_SHARED_Q_JOINT,320,SAFETY_FIRST,0.0,0.0,1.0,0.9138432145118713
20260907,16,30c09c9279241ba5,HARD_EVALUABLE,C2_R2_SHARED_Q_JOINT,800,COVERAGE_CONSTRAINED,0.0,0.0,1.0,0.9613125324249268
20260907,16,30c09c9279241ba5,HARD_EVALUABLE,C2_R2_SHARED_Q_JOINT,800,SAFETY_FIRST,0.0,0.0,1.0,0.9613125324249268
20260907,16,30c09c9279241ba5,HARD_EVALUABLE,C2_R2_SHARED_Q_JOINT,1600,COVERAGE_CONSTRAINED,0.0,0.0,1.0,0.9877171516418457
20260907,16,30c09c9279241ba5,HARD_EVALUABLE,C2_R2_SHARED_Q_JOINT,1600,SAFETY_FIRST,0.0,0.0,1.0,0.9877171516418457
20260907,16,30c09c9279241ba5,HARD_EVALUABLE,C3_R2_SHARED_Q_EXECUTION_ANCHOR,0,COVERAGE_CONSTRAINED,0.0,0.0,1.0,0.8924559354782104
20260907,16,30c09c9279241ba5,HARD_EVALUABLE,C3_R2_SHARED_Q_EXECUTION_ANCHOR,0,SAFETY_FIRST,0.0,0.0,1.0,0.8924559354782104
20260907,16,30c09c9279241ba5,HARD_EVALUABLE,C3_R2_SHARED_Q_EXECUTION_ANCHOR,80,COVERAGE_CONSTRAINED,0.0,0.0,1.0,0.9509155750274658
20260907,16,30c09c9279241ba5,HARD_EVALUABLE,C3_R2_SHARED_Q_EXECUTION_ANCHOR,80,SAFETY_FIRST,0.0,0.0,1.0,0.9509155750274658
20260907,16,30c09c9279241ba5,HARD_EVALUABLE,C3_R2_SHARED_Q_EXECUTION_ANCHOR,320,COVERAGE_CONSTRAINED,0.0,0.0,1.0,0.9576605558395386
20260907,16,30c09c9279241ba5,HARD_EVALUABLE,C3_R2_SHARED_Q_EXECUTION_ANCHOR,320,SAFETY_FIRST,0.0,0.0,1.0,0.9576605558395386
20260907,16,30c09c9279241ba5,HARD_EVALUABLE,C3_R2_SHARED_Q_EXECUTION_ANCHOR,800,COVERAGE_CONSTRAINED,0.0,0.0,1.0,0.9279816746711731
20260907,16,30c09c9279241ba5,HARD_EVALUABLE,C3_R2_SHARED_Q_EXECUTION_ANCHOR,800,SAFETY_FIRST,0.0,0.0,1.0,0.9279816746711731
20260907,16,30c09c9279241ba5,HARD_EVALUABLE,C3_R2_SHARED_Q_EXECUTION_ANCHOR,1600,COVERAGE_CONSTRAINED,0.0,0.0,1.0,0.897851824760437
20260907,16,30c09c9279241ba5,HARD_EVALUABLE,C3_R2_SHARED_Q_EXECUTION_ANCHOR,1600,SAFETY_FIRST,0.0,0.0,1.0,0.897851824760437
20260908,1,01223e258bbc7a1f,HARD_EVALUABLE,C1_R2_FIXED_Q_LONG_RECOVERY,0,COVERAGE_CONSTRAINED,0.0,0.0,0.75,0.9880702495574951
20260908,1,01223e258bbc7a1f,HARD_EVALUABLE,C1_R2_FIXED_Q_LONG_RECOVERY,0,SAFETY_FIRST,0.0,0.0,0.75,0.9880702495574951
20260908,1,01223e258bbc7a1f,HARD_EVALUABLE,C1_R2_FIXED_Q_LONG_RECOVERY,80,COVERAGE_CONSTRAINED,0.0,0.0,0.75,0.9880702495574951
20260908,1,01223e258bbc7a1f,HARD_EVALUABLE,C1_R2_FIXED_Q_LONG_RECOVERY,80,SAFETY_FIRST,0.0,0.0,0.75,0.9880702495574951
20260908,1,01223e258bbc7a1f,HARD_EVALUABLE,C1_R2_FIXED_Q_LONG_RECOVERY,320,COVERAGE_CONSTRAINED,0.0,0.0,0.75,0.9880702495574951
20260908,1,01223e258bbc7a1f,HARD_EVALUABLE,C1_R2_FIXED_Q_LONG_RECOVERY,320,SAFETY_FIRST,0.0,0.0,0.75,0.9880702495574951
20260908,1,01223e258bbc7a1f,HARD_EVALUABLE,C1_R2_FIXED_Q_LONG_RECOVERY,800,COVERAGE_CONSTRAINED,0.0,0.0,0.75,0.9880702495574951
20260908,1,01223e258bbc7a1f,HARD_EVALUABLE,C1_R2_FIXED_Q_LONG_RECOVERY,800,SAFETY_FIRST,0.0,0.0,0.75,0.9880702495574951
20260908,1,01223e258bbc7a1f,HARD_EVALUABLE,C1_R2_FIXED_Q_LONG_RECOVERY,1600,COVERAGE_CONSTRAINED,0.0,0.0,0.75,0.9880702495574951
20260908,1,01223e258bbc7a1f,HARD_EVALUABLE,C1_R2_FIXED_Q_LONG_RECOVERY,1600,SAFETY_FIRST,0.0,0.0,0.75,0.9880702495574951
20260908,1,01223e258bbc7a1f,HARD_EVALUABLE,C2_R2_SHARED_Q_JOINT,0,COVERAGE_CONSTRAINED,0.0,0.0,0.75,0.9880702495574951
20260908,1,01223e258bbc7a1f,HARD_EVALUABLE,C2_R2_SHARED_Q_JOINT,0,SAFETY_FIRST,0.0,0.0,0.75,0.9880702495574951
20260908,1,01223e258bbc7a1f,HARD_EVALUABLE,C2_R2_SHARED_Q_JOINT,80,COVERAGE_CONSTRAINED,0.0,0.5,1.0,0.975716233253479
20260908,1,01223e258bbc7a1f,HARD_EVALUABLE,C2_R2_SHARED_Q_JOINT,80,SAFETY_FIRST,0.0,0.0,0.5,0.9974762797355652
20260908,1,01223e258bbc7a1f,HARD_EVALUABLE,C2_R2_SHARED_Q_JOINT,320,COVERAGE_CONSTRAINED,0.0,0.0,1.0,0.986972451210022
20260908,1,01223e258bbc7a1f,HARD_EVALUABLE,C2_R2_SHARED_Q_JOINT,320,SAFETY_FIRST,0.0,0.0,1.0,0.986972451210022
20260908,1,01223e258bbc7a1f,HARD_EVALUABLE,C2_R2_SHARED_Q_JOINT,800,COVERAGE_CONSTRAINED,0.0,0.0,1.0,0.742590606212616
20260908,1,01223e258bbc7a1f,HARD_EVALUABLE,C2_R2_SHARED_Q_JOINT,800,SAFETY_FIRST,0.0,0.0,1.0,0.742590606212616
20260908,1,01223e258bbc7a1f,HARD_EVALUABLE,C2_R2_SHARED_Q_JOINT,1600,COVERAGE_CONSTRAINED,0.0,0.0,1.0,0.774254322052002
20260908,1,01223e258bbc7a1f,HARD_EVALUABLE,C2_R2_SHARED_Q_JOINT,1600,SAFETY_FIRST,0.0,0.0,1.0,0.774254322052002
20260908,1,01223e258bbc7a1f,HARD_EVALUABLE,C3_R2_SHARED_Q_EXECUTION_ANCHOR,0,COVERAGE_CONSTRAINED,0.0,0.0,0.75,0.9880702495574951
20260908,1,01223e258bbc7a1f,HARD_EVALUABLE,C3_R2_SHARED_Q_EXECUTION_ANCHOR,0,SAFETY_FIRST,0.0,0.0,0.75,0.9880702495574951
20260908,1,01223e258bbc7a1f,HARD_EVALUABLE,C3_R2_SHARED_Q_EXECUTION_ANCHOR,80,COVERAGE_CONSTRAINED,0.0,0.0,0.75,0.9981594681739807
20260908,1,01223e258bbc7a1f,HARD_EVALUABLE,C3_R2_SHARED_Q_EXECUTION_ANCHOR,80,SAFETY_FIRST,0.0,0.0,0.75,0.9981594681739807
20260908,1,01223e258bbc7a1f,HARD_EVALUABLE,C3_R2_SHARED_Q_EXECUTION_ANCHOR,320,COVERAGE_CONSTRAINED,0.0,0.0,0.75,0.9878032207489014
20260908,1,01223e258bbc7a1f,HARD_EVALUABLE,C3_R2_SHARED_Q_EXECUTION_ANCHOR,320,SAFETY_FIRST,0.0,0.0,0.75,0.9878032207489014
20260908,1,01223e258bbc7a1f,HARD_EVALUABLE,C3_R2_SHARED_Q_EXECUTION_ANCHOR,800,COVERAGE_CONSTRAINED,0.0,0.25,1.0,0.9719184637069702
20260908,1,01223e258bbc7a1f,HARD_EVALUABLE,C3_R2_SHARED_Q_EXECUTION_ANCHOR,800,SAFETY_FIRST,0.0,0.0,0.5,0.9906865358352661
20260908,1,01223e258bbc7a1f,HARD_EVALUABLE,C3_R2_SHARED_Q_EXECUTION_ANCHOR,1600,COVERAGE_CONSTRAINED,0.0,0.0,1.0,0.35406577587127686
20260908,1,01223e258bbc7a1f,HARD_EVALUABLE,C3_R2_SHARED_Q_EXECUTION_ANCHOR,1600,SAFETY_FIRST,0.0,0.0,1.0,0.35406577587127686
20260908,2,1534fc99d84ef734,HARD_EVALUABLE,C1_R2_FIXED_Q_LONG_RECOVERY,0,COVERAGE_CONSTRAINED,0.0,0.0,1.0,0.18824848532676697
20260908,2,1534fc99d84ef734,HARD_EVALUABLE,C1_R2_FIXED_Q_LONG_RECOVERY,0,SAFETY_FIRST,0.0,0.0,1.0,0.18824848532676697
20260908,2,1534fc99d84ef734,HARD_EVALUABLE,C1_R2_FIXED_Q_LONG_RECOVERY,80,COVERAGE_CONSTRAINED,0.0,0.0,1.0,0.18824848532676697
20260908,2,1534fc99d84ef734,HARD_EVALUABLE,C1_R2_FIXED_Q_LONG_RECOVERY,80,SAFETY_FIRST,0.0,0.0,1.0,0.18824848532676697
20260908,2,1534fc99d84ef734,HARD_EVALUABLE,C1_R2_FIXED_Q_LONG_RECOVERY,320,COVERAGE_CONSTRAINED,0.0,0.0,1.0,0.18824848532676697
20260908,2,1534fc99d84ef734,HARD_EVALUABLE,C1_R2_FIXED_Q_LONG_RECOVERY,320,SAFETY_FIRST,0.0,0.0,1.0,0.18824848532676697
20260908,2,1534fc99d84ef734,HARD_EVALUABLE,C1_R2_FIXED_Q_LONG_RECOVERY,800,COVERAGE_CONSTRAINED,0.0,0.0,1.0,0.18824848532676697
20260908,2,1534fc99d84ef734,HARD_EVALUABLE,C1_R2_FIXED_Q_LONG_RECOVERY,800,SAFETY_FIRST,0.0,0.0,1.0,0.18824848532676697
20260908,2,1534fc99d84ef734,HARD_EVALUABLE,C1_R2_FIXED_Q_LONG_RECOVERY,1600,COVERAGE_CONSTRAINED,0.0,0.0,1.0,0.18824848532676697
20260908,2,1534fc99d84ef734,HARD_EVALUABLE,C1_R2_FIXED_Q_LONG_RECOVERY,1600,SAFETY_FIRST,0.0,0.0,1.0,0.18824848532676697
20260908,2,1534fc99d84ef734,HARD_EVALUABLE,C2_R2_SHARED_Q_JOINT,0,COVERAGE_CONSTRAINED,0.0,0.0,1.0,0.18824848532676697
20260908,2,1534fc99d84ef734,HARD_EVALUABLE,C2_R2_SHARED_Q_JOINT,0,SAFETY_FIRST,0.0,0.0,1.0,0.18824848532676697
20260908,2,1534fc99d84ef734,HARD_EVALUABLE,C2_R2_SHARED_Q_JOINT,80,COVERAGE_CONSTRAINED,0.0,0.0,1.0,0.22045210003852844
20260908,2,1534fc99d84ef734,HARD_EVALUABLE,C2_R2_SHARED_Q_JOINT,80,SAFETY_FIRST,0.0,0.0,1.0,0.22045210003852844
20260908,2,1534fc99d84ef734,HARD_EVALUABLE,C2_R2_SHARED_Q_JOINT,320,COVERAGE_CONSTRAINED,0.0,0.0,1.0,0.20987236499786377
20260908,2,1534fc99d84ef734,HARD_EVALUABLE,C2_R2_SHARED_Q_JOINT,320,SAFETY_FIRST,0.0,0.0,1.0,0.20987236499786377
20260908,2,1534fc99d84ef734,HARD_EVALUABLE,C2_R2_SHARED_Q_JOINT,800,COVERAGE_CONSTRAINED,0.0,0.0,1.0,0.1816830337047577
20260908,2,1534fc99d84ef734,HARD_EVALUABLE,C2_R2_SHARED_Q_JOINT,800,SAFETY_FIRST,0.0,0.0,1.0,0.1816830337047577
20260908,2,1534fc99d84ef734,HARD_EVALUABLE,C2_R2_SHARED_Q_JOINT,1600,COVERAGE_CONSTRAINED,0.0,0.0,1.0,0.1349126398563385
20260908,2,1534fc99d84ef734,HARD_EVALUABLE,C2_R2_SHARED_Q_JOINT,1600,SAFETY_FIRST,0.0,0.0,1.0,0.1349126398563385
20260908,2,1534fc99d84ef734,HARD_EVALUABLE,C3_R2_SHARED_Q_EXECUTION_ANCHOR,0,COVERAGE_CONSTRAINED,0.0,0.0,1.0,0.18824848532676697
20260908,2,1534fc99d84ef734,HARD_EVALUABLE,C3_R2_SHARED_Q_EXECUTION_ANCHOR,0,SAFETY_FIRST,0.0,0.0,1.0,0.18824848532676697
20260908,2,1534fc99d84ef734,HARD_EVALUABLE,C3_R2_SHARED_Q_EXECUTION_ANCHOR,80,COVERAGE_CONSTRAINED,0.0,0.0,1.0,0.16469916701316833
20260908,2,1534fc99d84ef734,HARD_EVALUABLE,C3_R2_SHARED_Q_EXECUTION_ANCHOR,80,SAFETY_FIRST,0.0,0.0,1.0,0.16469916701316833
20260908,2,1534fc99d84ef734,HARD_EVALUABLE,C3_R2_SHARED_Q_EXECUTION_ANCHOR,320,COVERAGE_CONSTRAINED,0.0,0.0,1.0,0.22343412041664124
20260908,2,1534fc99d84ef734,HARD_EVALUABLE,C3_R2_SHARED_Q_EXECUTION_ANCHOR,320,SAFETY_FIRST,0.0,0.0,1.0,0.22343412041664124
20260908,2,1534fc99d84ef734,HARD_EVALUABLE,C3_R2_SHARED_Q_EXECUTION_ANCHOR,800,COVERAGE_CONSTRAINED,0.0,0.75,0.75,0.9441728591918945
20260908,2,1534fc99d84ef734,HARD_EVALUABLE,C3_R2_SHARED_Q_EXECUTION_ANCHOR,800,SAFETY_FIRST,0.0,0.0,0.0,0.967032551765442
20260908,2,1534fc99d84ef734,HARD_EVALUABLE,C3_R2_SHARED_Q_EXECUTION_ANCHOR,1600,COVERAGE_CONSTRAINED,0.0625,0.25,0.75,0.1165618896484375
20260908,2,1534fc99d84ef734,HARD_EVALUABLE,C3_R2_SHARED_Q_EXECUTION_ANCHOR,1600,SAFETY_FIRST,0.0,0.0,0.25,0.1476128101348877
20260908,3,1b0d2271e842e01a,HARD_EVALUABLE,C1_R2_FIXED_Q_LONG_RECOVERY,0,COVERAGE_CONSTRAINED,0.0,0.0,0.75,0.02460530400276184
20260908,3,1b0d2271e842e01a,HARD_EVALUABLE,C1_R2_FIXED_Q_LONG_RECOVERY,0,SAFETY_FIRST,0.0,0.0,0.75,0.02460530400276184
20260908,3,1b0d2271e842e01a,HARD_EVALUABLE,C1_R2_FIXED_Q_LONG_RECOVERY,80,COVERAGE_CONSTRAINED,0.0,0.0,0.75,0.02460530400276184
20260908,3,1b0d2271e842e01a,HARD_EVALUABLE,C1_R2_FIXED_Q_LONG_RECOVERY,80,SAFETY_FIRST,0.0,0.0,0.75,0.02460530400276184
20260908,3,1b0d2271e842e01a,HARD_EVALUABLE,C1_R2_FIXED_Q_LONG_RECOVERY,320,COVERAGE_CONSTRAINED,0.0,0.0,0.75,0.02460530400276184
20260908,3,1b0d2271e842e01a,HARD_EVALUABLE,C1_R2_FIXED_Q_LONG_RECOVERY,320,SAFETY_FIRST,0.0,0.0,0.75,0.02460530400276184
20260908,3,1b0d2271e842e01a,HARD_EVALUABLE,C1_R2_FIXED_Q_LONG_RECOVERY,800,COVERAGE_CONSTRAINED,0.0,0.0,0.75,0.02460530400276184
20260908,3,1b0d2271e842e01a,HARD_EVALUABLE,C1_R2_FIXED_Q_LONG_RECOVERY,800,SAFETY_FIRST,0.0,0.0,0.75,0.02460530400276184
20260908,3,1b0d2271e842e01a,HARD_EVALUABLE,C1_R2_FIXED_Q_LONG_RECOVERY,1600,COVERAGE_CONSTRAINED,0.0,0.0,0.75,0.02460530400276184
20260908,3,1b0d2271e842e01a,HARD_EVALUABLE,C1_R2_FIXED_Q_LONG_RECOVERY,1600,SAFETY_FIRST,0.0,0.0,0.75,0.02460530400276184
20260908,3,1b0d2271e842e01a,HARD_EVALUABLE,C2_R2_SHARED_Q_JOINT,0,COVERAGE_CONSTRAINED,0.0,0.0,0.75,0.02460530400276184
20260908,3,1b0d2271e842e01a,HARD_EVALUABLE,C2_R2_SHARED_Q_JOINT,0,SAFETY_FIRST,0.0,0.0,0.75,0.02460530400276184
20260908,3,1b0d2271e842e01a,HARD_EVALUABLE,C2_R2_SHARED_Q_JOINT,80,COVERAGE_CONSTRAINED,0.0,0.0,1.0,0.400654137134552
20260908,3,1b0d2271e842e01a,HARD_EVALUABLE,C2_R2_SHARED_Q_JOINT,80,SAFETY_FIRST,0.0,0.0,1.0,0.400654137134552
20260908,3,1b0d2271e842e01a,HARD_EVALUABLE,C2_R2_SHARED_Q_JOINT,320,COVERAGE_CONSTRAINED,0.0,0.0,1.0,0.5659400224685669
20260908,3,1b0d2271e842e01a,HARD_EVALUABLE,C2_R2_SHARED_Q_JOINT,320,SAFETY_FIRST,0.0,0.0,1.0,0.5659400224685669
20260908,3,1b0d2271e842e01a,HARD_EVALUABLE,C2_R2_SHARED_Q_JOINT,800,COVERAGE_CONSTRAINED,0.0,0.0,1.0,0.6554464101791382
20260908,3,1b0d2271e842e01a,HARD_EVALUABLE,C2_R2_SHARED_Q_JOINT,800,SAFETY_FIRST,0.0,0.0,1.0,0.6554464101791382
20260908,3,1b0d2271e842e01a,HARD_EVALUABLE,C2_R2_SHARED_Q_JOINT,1600,COVERAGE_CONSTRAINED,0.0,0.0,1.0,0.5113367438316345
20260908,3,1b0d2271e842e01a,HARD_EVALUABLE,C2_R2_SHARED_Q_JOINT,1600,SAFETY_FIRST,0.0,0.0,1.0,0.5113367438316345
20260908,3,1b0d2271e842e01a,HARD_EVALUABLE,C3_R2_SHARED_Q_EXECUTION_ANCHOR,0,COVERAGE_CONSTRAINED,0.0,0.0,0.75,0.02460530400276184
20260908,3,1b0d2271e842e01a,HARD_EVALUABLE,C3_R2_SHARED_Q_EXECUTION_ANCHOR,0,SAFETY_FIRST,0.0,0.0,0.75,0.02460530400276184
20260908,3,1b0d2271e842e01a,HARD_EVALUABLE,C3_R2_SHARED_Q_EXECUTION_ANCHOR,80,COVERAGE_CONSTRAINED,0.0,0.0,1.0,0.5214553475379944
20260908,3,1b0d2271e842e01a,HARD_EVALUABLE,C3_R2_SHARED_Q_EXECUTION_ANCHOR,80,SAFETY_FIRST,0.0,0.0,1.0,0.5214553475379944
20260908,3,1b0d2271e842e01a,HARD_EVALUABLE,C3_R2_SHARED_Q_EXECUTION_ANCHOR,320,COVERAGE_CONSTRAINED,0.0,0.0,1.0,0.9559042453765869
20260908,3,1b0d2271e842e01a,HARD_EVALUABLE,C3_R2_SHARED_Q_EXECUTION_ANCHOR,320,SAFETY_FIRST,0.0,0.0,1.0,0.9559042453765869
20260908,3,1b0d2271e842e01a,HARD_EVALUABLE,C3_R2_SHARED_Q_EXECUTION_ANCHOR,800,COVERAGE_CONSTRAINED,0.0,0.0,1.0,0.8997803330421448
20260908,3,1b0d2271e842e01a,HARD_EVALUABLE,C3_R2_SHARED_Q_EXECUTION_ANCHOR,800,SAFETY_FIRST,0.0,0.0,1.0,0.8997803330421448
20260908,3,1b0d2271e842e01a,HARD_EVALUABLE,C3_R2_SHARED_Q_EXECUTION_ANCHOR,1600,COVERAGE_CONSTRAINED,0.0,0.0,1.0,0.723049521446228
20260908,3,1b0d2271e842e01a,HARD_EVALUABLE,C3_R2_SHARED_Q_EXECUTION_ANCHOR,1600,SAFETY_FIRST,0.0,0.0,1.0,0.723049521446228
20260908,4,029f61ab6aaeeef1,BROAD_ONLY,C1_R2_FIXED_Q_LONG_RECOVERY,0,COVERAGE_CONSTRAINED,0.0,,1.0,-0.11397284269332886
20260908,4,029f61ab6aaeeef1,BROAD_ONLY,C1_R2_FIXED_Q_LONG_RECOVERY,0,SAFETY_FIRST,0.0,,1.0,-0.11397284269332886
20260908,4,029f61ab6aaeeef1,BROAD_ONLY,C1_R2_FIXED_Q_LONG_RECOVERY,80,COVERAGE_CONSTRAINED,0.0,,1.0,-0.11397284269332886
20260908,4,029f61ab6aaeeef1,BROAD_ONLY,C1_R2_FIXED_Q_LONG_RECOVERY,80,SAFETY_FIRST,0.0,,1.0,-0.11397284269332886
20260908,4,029f61ab6aaeeef1,BROAD_ONLY,C1_R2_FIXED_Q_LONG_RECOVERY,320,COVERAGE_CONSTRAINED,0.0,,1.0,-0.11397284269332886
20260908,4,029f61ab6aaeeef1,BROAD_ONLY,C1_R2_FIXED_Q_LONG_RECOVERY,320,SAFETY_FIRST,0.0,,1.0,-0.11397284269332886
20260908,4,029f61ab6aaeeef1,BROAD_ONLY,C1_R2_FIXED_Q_LONG_RECOVERY,800,COVERAGE_CONSTRAINED,0.0,,1.0,-0.11397284269332886
20260908,4,029f61ab6aaeeef1,BROAD_ONLY,C1_R2_FIXED_Q_LONG_RECOVERY,800,SAFETY_FIRST,0.0,,1.0,-0.11397284269332886
20260908,4,029f61ab6aaeeef1,BROAD_ONLY,C1_R2_FIXED_Q_LONG_RECOVERY,1600,COVERAGE_CONSTRAINED,0.0,,1.0,-0.11397284269332886
20260908,4,029f61ab6aaeeef1,BROAD_ONLY,C1_R2_FIXED_Q_LONG_RECOVERY,1600,SAFETY_FIRST,0.0,,1.0,-0.11397284269332886
20260908,4,029f61ab6aaeeef1,BROAD_ONLY,C2_R2_SHARED_Q_JOINT,0,COVERAGE_CONSTRAINED,0.0,,1.0,-0.11397284269332886
20260908,4,029f61ab6aaeeef1,BROAD_ONLY,C2_R2_SHARED_Q_JOINT,0,SAFETY_FIRST,0.0,,1.0,-0.11397284269332886
20260908,4,029f61ab6aaeeef1,BROAD_ONLY,C2_R2_SHARED_Q_JOINT,80,COVERAGE_CONSTRAINED,0.0,,1.0,-0.11338022351264954
20260908,4,029f61ab6aaeeef1,BROAD_ONLY,C2_R2_SHARED_Q_JOINT,80,SAFETY_FIRST,0.0,,1.0,-0.11338022351264954
20260908,4,029f61ab6aaeeef1,BROAD_ONLY,C2_R2_SHARED_Q_JOINT,320,COVERAGE_CONSTRAINED,0.0,,1.0,-0.11037781834602356
20260908,4,029f61ab6aaeeef1,BROAD_ONLY,C2_R2_SHARED_Q_JOINT,320,SAFETY_FIRST,0.0,,1.0,-0.11037781834602356
20260908,4,029f61ab6aaeeef1,BROAD_ONLY,C2_R2_SHARED_Q_JOINT,800,COVERAGE_CONSTRAINED,0.0,,1.0,-0.11544099450111389
20260908,4,029f61ab6aaeeef1,BROAD_ONLY,C2_R2_SHARED_Q_JOINT,800,SAFETY_FIRST,0.0,,1.0,-0.11544099450111389
20260908,4,029f61ab6aaeeef1,BROAD_ONLY,C2_R2_SHARED_Q_JOINT,1600,COVERAGE_CONSTRAINED,0.0,,1.0,-0.11706286668777466
20260908,4,029f61ab6aaeeef1,BROAD_ONLY,C2_R2_SHARED_Q_JOINT,1600,SAFETY_FIRST,0.0,,1.0,-0.11706286668777466
20260908,4,029f61ab6aaeeef1,BROAD_ONLY,C3_R2_SHARED_Q_EXECUTION_ANCHOR,0,COVERAGE_CONSTRAINED,0.0,,1.0,-0.11397284269332886
20260908,4,029f61ab6aaeeef1,BROAD_ONLY,C3_R2_SHARED_Q_EXECUTION_ANCHOR,0,SAFETY_FIRST,0.0,,1.0,-0.11397284269332886
20260908,4,029f61ab6aaeeef1,BROAD_ONLY,C3_R2_SHARED_Q_EXECUTION_ANCHOR,80,COVERAGE_CONSTRAINED,0.0,,1.0,-0.0771888792514801
20260908,4,029f61ab6aaeeef1,BROAD_ONLY,C3_R2_SHARED_Q_EXECUTION_ANCHOR,80,SAFETY_FIRST,0.0,,1.0,-0.0771888792514801
20260908,4,029f61ab6aaeeef1,BROAD_ONLY,C3_R2_SHARED_Q_EXECUTION_ANCHOR,320,COVERAGE_CONSTRAINED,0.0,,1.0,0.6202206611633301
20260908,4,029f61ab6aaeeef1,BROAD_ONLY,C3_R2_SHARED_Q_EXECUTION_ANCHOR,320,SAFETY_FIRST,0.0,,1.0,0.6202206611633301
20260908,4,029f61ab6aaeeef1,BROAD_ONLY,C3_R2_SHARED_Q_EXECUTION_ANCHOR,800,COVERAGE_CONSTRAINED,0.0,,1.0,0.7090981006622314
20260908,4,029f61ab6aaeeef1,BROAD_ONLY,C3_R2_SHARED_Q_EXECUTION_ANCHOR,800,SAFETY_FIRST,0.0,,1.0,0.7090981006622314
20260908,4,029f61ab6aaeeef1,BROAD_ONLY,C3_R2_SHARED_Q_EXECUTION_ANCHOR,1600,COVERAGE_CONSTRAINED,0.0,,1.0,0.7385357618331909
20260908,4,029f61ab6aaeeef1,BROAD_ONLY,C3_R2_SHARED_Q_EXECUTION_ANCHOR,1600,SAFETY_FIRST,0.0,,1.0,0.7385357618331909
20260908,5,1607639d73eb56a8,BROAD_ONLY,C1_R2_FIXED_Q_LONG_RECOVERY,0,COVERAGE_CONSTRAINED,0.0,0.0,1.0,0.04927906394004822
20260908,5,1607639d73eb56a8,BROAD_ONLY,C1_R2_FIXED_Q_LONG_RECOVERY,0,SAFETY_FIRST,0.0,0.0,1.0,0.04927906394004822
20260908,5,1607639d73eb56a8,BROAD_ONLY,C1_R2_FIXED_Q_LONG_RECOVERY,80,COVERAGE_CONSTRAINED,0.0,0.0,1.0,0.04927906394004822
20260908,5,1607639d73eb56a8,BROAD_ONLY,C1_R2_FIXED_Q_LONG_RECOVERY,80,SAFETY_FIRST,0.0,0.0,1.0,0.04927906394004822
20260908,5,1607639d73eb56a8,BROAD_ONLY,C1_R2_FIXED_Q_LONG_RECOVERY,320,COVERAGE_CONSTRAINED,0.0,0.0,1.0,0.04927906394004822
20260908,5,1607639d73eb56a8,BROAD_ONLY,C1_R2_FIXED_Q_LONG_RECOVERY,320,SAFETY_FIRST,0.0,0.0,1.0,0.04927906394004822
20260908,5,1607639d73eb56a8,BROAD_ONLY,C1_R2_FIXED_Q_LONG_RECOVERY,800,COVERAGE_CONSTRAINED,0.0,0.0,1.0,0.04927906394004822
20260908,5,1607639d73eb56a8,BROAD_ONLY,C1_R2_FIXED_Q_LONG_RECOVERY,800,SAFETY_FIRST,0.0,0.0,1.0,0.04927906394004822
20260908,5,1607639d73eb56a8,BROAD_ONLY,C1_R2_FIXED_Q_LONG_RECOVERY,1600,COVERAGE_CONSTRAINED,0.0,0.0,1.0,0.04927906394004822
20260908,5,1607639d73eb56a8,BROAD_ONLY,C1_R2_FIXED_Q_LONG_RECOVERY,1600,SAFETY_FIRST,0.0,0.0,1.0,0.04927906394004822
20260908,5,1607639d73eb56a8,BROAD_ONLY,C2_R2_SHARED_Q_JOINT,0,COVERAGE_CONSTRAINED,0.0,0.0,1.0,0.04927906394004822
20260908,5,1607639d73eb56a8,BROAD_ONLY,C2_R2_SHARED_Q_JOINT,0,SAFETY_FIRST,0.0,0.0,1.0,0.04927906394004822
20260908,5,1607639d73eb56a8,BROAD_ONLY,C2_R2_SHARED_Q_JOINT,80,COVERAGE_CONSTRAINED,0.0,0.0,1.0,0.16841930150985718
20260908,5,1607639d73eb56a8,BROAD_ONLY,C2_R2_SHARED_Q_JOINT,80,SAFETY_FIRST,0.0,0.0,1.0,0.16841930150985718
20260908,5,1607639d73eb56a8,BROAD_ONLY,C2_R2_SHARED_Q_JOINT,320,COVERAGE_CONSTRAINED,0.0,0.0,1.0,0.16209328174591064
20260908,5,1607639d73eb56a8,BROAD_ONLY,C2_R2_SHARED_Q_JOINT,320,SAFETY_FIRST,0.0,0.0,1.0,0.16209328174591064
20260908,5,1607639d73eb56a8,BROAD_ONLY,C2_R2_SHARED_Q_JOINT,800,COVERAGE_CONSTRAINED,0.0,0.0,1.0,0.11172091960906982
20260908,5,1607639d73eb56a8,BROAD_ONLY,C2_R2_SHARED_Q_JOINT,800,SAFETY_FIRST,0.0,0.0,1.0,0.11172091960906982
20260908,5,1607639d73eb56a8,BROAD_ONLY,C2_R2_SHARED_Q_JOINT,1600,COVERAGE_CONSTRAINED,0.0,0.0,1.0,0.6968066692352295
20260908,5,1607639d73eb56a8,BROAD_ONLY,C2_R2_SHARED_Q_JOINT,1600,SAFETY_FIRST,0.0,0.0,1.0,0.6968066692352295
20260908,5,1607639d73eb56a8,BROAD_ONLY,C3_R2_SHARED_Q_EXECUTION_ANCHOR,0,COVERAGE_CONSTRAINED,0.0,0.0,1.0,0.04927906394004822
20260908,5,1607639d73eb56a8,BROAD_ONLY,C3_R2_SHARED_Q_EXECUTION_ANCHOR,0,SAFETY_FIRST,0.0,0.0,1.0,0.04927906394004822
20260908,5,1607639d73eb56a8,BROAD_ONLY,C3_R2_SHARED_Q_EXECUTION_ANCHOR,80,COVERAGE_CONSTRAINED,0.0,0.0,1.0,0.391958087682724
20260908,5,1607639d73eb56a8,BROAD_ONLY,C3_R2_SHARED_Q_EXECUTION_ANCHOR,80,SAFETY_FIRST,0.0,0.0,1.0,0.391958087682724
20260908,5,1607639d73eb56a8,BROAD_ONLY,C3_R2_SHARED_Q_EXECUTION_ANCHOR,320,COVERAGE_CONSTRAINED,0.0,0.0,1.0,0.786382257938385
20260908,5,1607639d73eb56a8,BROAD_ONLY,C3_R2_SHARED_Q_EXECUTION_ANCHOR,320,SAFETY_FIRST,0.0,0.0,1.0,0.786382257938385
20260908,5,1607639d73eb56a8,BROAD_ONLY,C3_R2_SHARED_Q_EXECUTION_ANCHOR,800,COVERAGE_CONSTRAINED,0.0,0.0,1.0,0.7290409803390503
20260908,5,1607639d73eb56a8,BROAD_ONLY,C3_R2_SHARED_Q_EXECUTION_ANCHOR,800,SAFETY_FIRST,0.0,0.0,1.0,0.7290409803390503
20260908,5,1607639d73eb56a8,BROAD_ONLY,C3_R2_SHARED_Q_EXECUTION_ANCHOR,1600,COVERAGE_CONSTRAINED,0.0,0.0,1.0,0.7964456677436829
20260908,5,1607639d73eb56a8,BROAD_ONLY,C3_R2_SHARED_Q_EXECUTION_ANCHOR,1600,SAFETY_FIRST,0.0,0.0,1.0,0.7964456677436829
20260908,7,13d861159cbf9477,HARD_EVALUABLE,C1_R2_FIXED_Q_LONG_RECOVERY,0,COVERAGE_CONSTRAINED,0.0,0.0,1.0,0.005019634962081909
20260908,7,13d861159cbf9477,HARD_EVALUABLE,C1_R2_FIXED_Q_LONG_RECOVERY,0,SAFETY_FIRST,0.0,0.0,1.0,0.005019634962081909
20260908,7,13d861159cbf9477,HARD_EVALUABLE,C1_R2_FIXED_Q_LONG_RECOVERY,80,COVERAGE_CONSTRAINED,0.0,0.0,1.0,0.005019634962081909
20260908,7,13d861159cbf9477,HARD_EVALUABLE,C1_R2_FIXED_Q_LONG_RECOVERY,80,SAFETY_FIRST,0.0,0.0,1.0,0.005019634962081909
20260908,7,13d861159cbf9477,HARD_EVALUABLE,C1_R2_FIXED_Q_LONG_RECOVERY,320,COVERAGE_CONSTRAINED,0.0,0.0,1.0,0.005019634962081909
20260908,7,13d861159cbf9477,HARD_EVALUABLE,C1_R2_FIXED_Q_LONG_RECOVERY,320,SAFETY_FIRST,0.0,0.0,1.0,0.005019634962081909
20260908,7,13d861159cbf9477,HARD_EVALUABLE,C1_R2_FIXED_Q_LONG_RECOVERY,800,COVERAGE_CONSTRAINED,0.0,0.0,1.0,0.005019634962081909
20260908,7,13d861159cbf9477,HARD_EVALUABLE,C1_R2_FIXED_Q_LONG_RECOVERY,800,SAFETY_FIRST,0.0,0.0,1.0,0.005019634962081909
20260908,7,13d861159cbf9477,HARD_EVALUABLE,C1_R2_FIXED_Q_LONG_RECOVERY,1600,COVERAGE_CONSTRAINED,0.0,0.0,1.0,0.005019634962081909
20260908,7,13d861159cbf9477,HARD_EVALUABLE,C1_R2_FIXED_Q_LONG_RECOVERY,1600,SAFETY_FIRST,0.0,0.0,1.0,0.005019634962081909
20260908,7,13d861159cbf9477,HARD_EVALUABLE,C2_R2_SHARED_Q_JOINT,0,COVERAGE_CONSTRAINED,0.0,0.0,1.0,0.005019634962081909
20260908,7,13d861159cbf9477,HARD_EVALUABLE,C2_R2_SHARED_Q_JOINT,0,SAFETY_FIRST,0.0,0.0,1.0,0.005019634962081909
20260908,7,13d861159cbf9477,HARD_EVALUABLE,C2_R2_SHARED_Q_JOINT,80,COVERAGE_CONSTRAINED,0.0,0.0,1.0,0.011818170547485352
20260908,7,13d861159cbf9477,HARD_EVALUABLE,C2_R2_SHARED_Q_JOINT,80,SAFETY_FIRST,0.0,0.0,1.0,0.011818170547485352
20260908,7,13d861159cbf9477,HARD_EVALUABLE,C2_R2_SHARED_Q_JOINT,320,COVERAGE_CONSTRAINED,0.0,0.0,1.0,0.012772202491760254
20260908,7,13d861159cbf9477,HARD_EVALUABLE,C2_R2_SHARED_Q_JOINT,320,SAFETY_FIRST,0.0,0.0,1.0,0.012772202491760254
20260908,7,13d861159cbf9477,HARD_EVALUABLE,C2_R2_SHARED_Q_JOINT,800,COVERAGE_CONSTRAINED,0.0,0.0,1.0,0.015305548906326294
20260908,7,13d861159cbf9477,HARD_EVALUABLE,C2_R2_SHARED_Q_JOINT,800,SAFETY_FIRST,0.0,0.0,1.0,0.015305548906326294
20260908,7,13d861159cbf9477,HARD_EVALUABLE,C2_R2_SHARED_Q_JOINT,1600,COVERAGE_CONSTRAINED,0.0,0.0,1.0,0.017209738492965698
20260908,7,13d861159cbf9477,HARD_EVALUABLE,C2_R2_SHARED_Q_JOINT,1600,SAFETY_FIRST,0.0,0.0,1.0,0.017209738492965698
20260908,7,13d861159cbf9477,HARD_EVALUABLE,C3_R2_SHARED_Q_EXECUTION_ANCHOR,0,COVERAGE_CONSTRAINED,0.0,0.0,1.0,0.005019634962081909
20260908,7,13d861159cbf9477,HARD_EVALUABLE,C3_R2_SHARED_Q_EXECUTION_ANCHOR,0,SAFETY_FIRST,0.0,0.0,1.0,0.005019634962081909
20260908,7,13d861159cbf9477,HARD_EVALUABLE,C3_R2_SHARED_Q_EXECUTION_ANCHOR,80,COVERAGE_CONSTRAINED,0.0,0.0,1.0,0.019220024347305298
20260908,7,13d861159cbf9477,HARD_EVALUABLE,C3_R2_SHARED_Q_EXECUTION_ANCHOR,80,SAFETY_FIRST,0.0,0.0,1.0,0.019220024347305298
20260908,7,13d861159cbf9477,HARD_EVALUABLE,C3_R2_SHARED_Q_EXECUTION_ANCHOR,320,COVERAGE_CONSTRAINED,0.0,0.0,1.0,0.030059754848480225
20260908,7,13d861159cbf9477,HARD_EVALUABLE,C3_R2_SHARED_Q_EXECUTION_ANCHOR,320,SAFETY_FIRST,0.0,0.0,1.0,0.030059754848480225
20260908,7,13d861159cbf9477,HARD_EVALUABLE,C3_R2_SHARED_Q_EXECUTION_ANCHOR,800,COVERAGE_CONSTRAINED,0.0,0.0,1.0,0.06333458423614502
20260908,7,13d861159cbf9477,HARD_EVALUABLE,C3_R2_SHARED_Q_EXECUTION_ANCHOR,800,SAFETY_FIRST,0.0,0.0,1.0,0.06333458423614502
20260908,7,13d861159cbf9477,HARD_EVALUABLE,C3_R2_SHARED_Q_EXECUTION_ANCHOR,1600,COVERAGE_CONSTRAINED,0.0,0.0,1.0,0.038226425647735596
20260908,7,13d861159cbf9477,HARD_EVALUABLE,C3_R2_SHARED_Q_EXECUTION_ANCHOR,1600,SAFETY_FIRST,0.0,0.0,1.0,0.038226425647735596
20260908,8,06e9147a95404227,BROAD_ONLY,C1_R2_FIXED_Q_LONG_RECOVERY,0,COVERAGE_CONSTRAINED,0.0,,1.0,0.006794929504394531
20260908,8,06e9147a95404227,BROAD_ONLY,C1_R2_FIXED_Q_LONG_RECOVERY,0,SAFETY_FIRST,0.0,,1.0,0.006794929504394531
20260908,8,06e9147a95404227,BROAD_ONLY,C1_R2_FIXED_Q_LONG_RECOVERY,80,COVERAGE_CONSTRAINED,0.0,,1.0,0.006794929504394531
20260908,8,06e9147a95404227,BROAD_ONLY,C1_R2_FIXED_Q_LONG_RECOVERY,80,SAFETY_FIRST,0.0,,1.0,0.006794929504394531
20260908,8,06e9147a95404227,BROAD_ONLY,C1_R2_FIXED_Q_LONG_RECOVERY,320,COVERAGE_CONSTRAINED,0.0,,1.0,0.006794929504394531
20260908,8,06e9147a95404227,BROAD_ONLY,C1_R2_FIXED_Q_LONG_RECOVERY,320,SAFETY_FIRST,0.0,,1.0,0.006794929504394531
20260908,8,06e9147a95404227,BROAD_ONLY,C1_R2_FIXED_Q_LONG_RECOVERY,800,COVERAGE_CONSTRAINED,0.0,,1.0,0.006794929504394531
20260908,8,06e9147a95404227,BROAD_ONLY,C1_R2_FIXED_Q_LONG_RECOVERY,800,SAFETY_FIRST,0.0,,1.0,0.006794929504394531
20260908,8,06e9147a95404227,BROAD_ONLY,C1_R2_FIXED_Q_LONG_RECOVERY,1600,COVERAGE_CONSTRAINED,0.0,,1.0,0.006794929504394531
20260908,8,06e9147a95404227,BROAD_ONLY,C1_R2_FIXED_Q_LONG_RECOVERY,1600,SAFETY_FIRST,0.0,,1.0,0.006794929504394531
20260908,8,06e9147a95404227,BROAD_ONLY,C2_R2_SHARED_Q_JOINT,0,COVERAGE_CONSTRAINED,0.0,,1.0,0.006794929504394531
20260908,8,06e9147a95404227,BROAD_ONLY,C2_R2_SHARED_Q_JOINT,0,SAFETY_FIRST,0.0,,1.0,0.006794929504394531
20260908,8,06e9147a95404227,BROAD_ONLY,C2_R2_SHARED_Q_JOINT,80,COVERAGE_CONSTRAINED,0.0,,1.0,0.6789263486862183
20260908,8,06e9147a95404227,BROAD_ONLY,C2_R2_SHARED_Q_JOINT,80,SAFETY_FIRST,0.0,,1.0,0.6789263486862183
20260908,8,06e9147a95404227,BROAD_ONLY,C2_R2_SHARED_Q_JOINT,320,COVERAGE_CONSTRAINED,0.0,,1.0,0.6932178735733032
20260908,8,06e9147a95404227,BROAD_ONLY,C2_R2_SHARED_Q_JOINT,320,SAFETY_FIRST,0.0,,1.0,0.6932178735733032
20260908,8,06e9147a95404227,BROAD_ONLY,C2_R2_SHARED_Q_JOINT,800,COVERAGE_CONSTRAINED,0.0,,1.0,0.4210805296897888
20260908,8,06e9147a95404227,BROAD_ONLY,C2_R2_SHARED_Q_JOINT,800,SAFETY_FIRST,0.0,,1.0,0.4210805296897888
20260908,8,06e9147a95404227,BROAD_ONLY,C2_R2_SHARED_Q_JOINT,1600,COVERAGE_CONSTRAINED,0.0,,1.0,0.277307391166687
20260908,8,06e9147a95404227,BROAD_ONLY,C2_R2_SHARED_Q_JOINT,1600,SAFETY_FIRST,0.0,,1.0,0.277307391166687
20260908,8,06e9147a95404227,BROAD_ONLY,C3_R2_SHARED_Q_EXECUTION_ANCHOR,0,COVERAGE_CONSTRAINED,0.0,,1.0,0.006794929504394531
20260908,8,06e9147a95404227,BROAD_ONLY,C3_R2_SHARED_Q_EXECUTION_ANCHOR,0,SAFETY_FIRST,0.0,,1.0,0.006794929504394531
20260908,8,06e9147a95404227,BROAD_ONLY,C3_R2_SHARED_Q_EXECUTION_ANCHOR,80,COVERAGE_CONSTRAINED,0.0,,1.0,0.7416292428970337
20260908,8,06e9147a95404227,BROAD_ONLY,C3_R2_SHARED_Q_EXECUTION_ANCHOR,80,SAFETY_FIRST,0.0,,1.0,0.7416292428970337
20260908,8,06e9147a95404227,BROAD_ONLY,C3_R2_SHARED_Q_EXECUTION_ANCHOR,320,COVERAGE_CONSTRAINED,0.0,,1.0,0.8515810966491699
20260908,8,06e9147a95404227,BROAD_ONLY,C3_R2_SHARED_Q_EXECUTION_ANCHOR,320,SAFETY_FIRST,0.0,,1.0,0.8515810966491699
20260908,8,06e9147a95404227,BROAD_ONLY,C3_R2_SHARED_Q_EXECUTION_ANCHOR,800,COVERAGE_CONSTRAINED,0.0,,1.0,0.3238363564014435
20260908,8,06e9147a95404227,BROAD_ONLY,C3_R2_SHARED_Q_EXECUTION_ANCHOR,800,SAFETY_FIRST,0.0,,1.0,0.3238363564014435
20260908,8,06e9147a95404227,BROAD_ONLY,C3_R2_SHARED_Q_EXECUTION_ANCHOR,1600,COVERAGE_CONSTRAINED,0.0,,1.0,0.32595309615135193
20260908,8,06e9147a95404227,BROAD_ONLY,C3_R2_SHARED_Q_EXECUTION_ANCHOR,1600,SAFETY_FIRST,0.0,,1.0,0.32595309615135193
20260908,9,0b2d75291d40cb7c,BROAD_ONLY,C1_R2_FIXED_Q_LONG_RECOVERY,0,COVERAGE_CONSTRAINED,0.0,0.0,1.0,0.28428518772125244
20260908,9,0b2d75291d40cb7c,BROAD_ONLY,C1_R2_FIXED_Q_LONG_RECOVERY,0,SAFETY_FIRST,0.0,0.0,1.0,0.28428518772125244
20260908,9,0b2d75291d40cb7c,BROAD_ONLY,C1_R2_FIXED_Q_LONG_RECOVERY,80,COVERAGE_CONSTRAINED,0.0,0.0,1.0,0.28428518772125244
20260908,9,0b2d75291d40cb7c,BROAD_ONLY,C1_R2_FIXED_Q_LONG_RECOVERY,80,SAFETY_FIRST,0.0,0.0,1.0,0.28428518772125244
20260908,9,0b2d75291d40cb7c,BROAD_ONLY,C1_R2_FIXED_Q_LONG_RECOVERY,320,COVERAGE_CONSTRAINED,0.0,0.0,1.0,0.28428518772125244
20260908,9,0b2d75291d40cb7c,BROAD_ONLY,C1_R2_FIXED_Q_LONG_RECOVERY,320,SAFETY_FIRST,0.0,0.0,1.0,0.28428518772125244
20260908,9,0b2d75291d40cb7c,BROAD_ONLY,C1_R2_FIXED_Q_LONG_RECOVERY,800,COVERAGE_CONSTRAINED,0.0,0.0,1.0,0.28428518772125244
20260908,9,0b2d75291d40cb7c,BROAD_ONLY,C1_R2_FIXED_Q_LONG_RECOVERY,800,SAFETY_FIRST,0.0,0.0,1.0,0.28428518772125244
20260908,9,0b2d75291d40cb7c,BROAD_ONLY,C1_R2_FIXED_Q_LONG_RECOVERY,1600,COVERAGE_CONSTRAINED,0.0,0.0,1.0,0.28428518772125244
20260908,9,0b2d75291d40cb7c,BROAD_ONLY,C1_R2_FIXED_Q_LONG_RECOVERY,1600,SAFETY_FIRST,0.0,0.0,1.0,0.28428518772125244
20260908,9,0b2d75291d40cb7c,BROAD_ONLY,C2_R2_SHARED_Q_JOINT,0,COVERAGE_CONSTRAINED,0.0,0.0,1.0,0.28428518772125244
20260908,9,0b2d75291d40cb7c,BROAD_ONLY,C2_R2_SHARED_Q_JOINT,0,SAFETY_FIRST,0.0,0.0,1.0,0.28428518772125244
20260908,9,0b2d75291d40cb7c,BROAD_ONLY,C2_R2_SHARED_Q_JOINT,80,COVERAGE_CONSTRAINED,0.0,0.0,1.0,0.25336313247680664
20260908,9,0b2d75291d40cb7c,BROAD_ONLY,C2_R2_SHARED_Q_JOINT,80,SAFETY_FIRST,0.0,0.0,1.0,0.25336313247680664
20260908,9,0b2d75291d40cb7c,BROAD_ONLY,C2_R2_SHARED_Q_JOINT,320,COVERAGE_CONSTRAINED,0.0,0.0,1.0,0.1764802634716034
20260908,9,0b2d75291d40cb7c,BROAD_ONLY,C2_R2_SHARED_Q_JOINT,320,SAFETY_FIRST,0.0,0.0,1.0,0.1764802634716034
20260908,9,0b2d75291d40cb7c,BROAD_ONLY,C2_R2_SHARED_Q_JOINT,800,COVERAGE_CONSTRAINED,0.0,0.0,1.0,0.11088904738426208
20260908,9,0b2d75291d40cb7c,BROAD_ONLY,C2_R2_SHARED_Q_JOINT,800,SAFETY_FIRST,0.0,0.0,1.0,0.11088904738426208
20260908,9,0b2d75291d40cb7c,BROAD_ONLY,C2_R2_SHARED_Q_JOINT,1600,COVERAGE_CONSTRAINED,0.0,0.0,1.0,0.19618934392929077
20260908,9,0b2d75291d40cb7c,BROAD_ONLY,C2_R2_SHARED_Q_JOINT,1600,SAFETY_FIRST,0.0,0.0,1.0,0.19618934392929077
20260908,9,0b2d75291d40cb7c,BROAD_ONLY,C3_R2_SHARED_Q_EXECUTION_ANCHOR,0,COVERAGE_CONSTRAINED,0.0,0.0,1.0,0.28428518772125244
20260908,9,0b2d75291d40cb7c,BROAD_ONLY,C3_R2_SHARED_Q_EXECUTION_ANCHOR,0,SAFETY_FIRST,0.0,0.0,1.0,0.28428518772125244
20260908,9,0b2d75291d40cb7c,BROAD_ONLY,C3_R2_SHARED_Q_EXECUTION_ANCHOR,80,COVERAGE_CONSTRAINED,0.0,0.0,1.0,0.21973997354507446
20260908,9,0b2d75291d40cb7c,BROAD_ONLY,C3_R2_SHARED_Q_EXECUTION_ANCHOR,80,SAFETY_FIRST,0.0,0.0,1.0,0.21973997354507446
20260908,9,0b2d75291d40cb7c,BROAD_ONLY,C3_R2_SHARED_Q_EXECUTION_ANCHOR,320,COVERAGE_CONSTRAINED,0.0,0.0,1.0,0.2403600513935089
20260908,9,0b2d75291d40cb7c,BROAD_ONLY,C3_R2_SHARED_Q_EXECUTION_ANCHOR,320,SAFETY_FIRST,0.0,0.0,1.0,0.2403600513935089
20260908,9,0b2d75291d40cb7c,BROAD_ONLY,C3_R2_SHARED_Q_EXECUTION_ANCHOR,800,COVERAGE_CONSTRAINED,0.0,0.0,1.0,0.28172650933265686
20260908,9,0b2d75291d40cb7c,BROAD_ONLY,C3_R2_SHARED_Q_EXECUTION_ANCHOR,800,SAFETY_FIRST,0.0,0.0,1.0,0.28172650933265686
20260908,9,0b2d75291d40cb7c,BROAD_ONLY,C3_R2_SHARED_Q_EXECUTION_ANCHOR,1600,COVERAGE_CONSTRAINED,0.0,0.0,1.0,0.2696066200733185
20260908,9,0b2d75291d40cb7c,BROAD_ONLY,C3_R2_SHARED_Q_EXECUTION_ANCHOR,1600,SAFETY_FIRST,0.0,0.0,1.0,0.2696066200733185
20260908,12,319cba8ffa622b0e,BROAD_ONLY,C1_R2_FIXED_Q_LONG_RECOVERY,0,COVERAGE_CONSTRAINED,0.0,,1.0,-0.018720507621765137
20260908,12,319cba8ffa622b0e,BROAD_ONLY,C1_R2_FIXED_Q_LONG_RECOVERY,0,SAFETY_FIRST,0.0,,1.0,-0.018720507621765137
20260908,12,319cba8ffa622b0e,BROAD_ONLY,C1_R2_FIXED_Q_LONG_RECOVERY,80,COVERAGE_CONSTRAINED,0.0,,1.0,-0.018720507621765137
20260908,12,319cba8ffa622b0e,BROAD_ONLY,C1_R2_FIXED_Q_LONG_RECOVERY,80,SAFETY_FIRST,0.0,,1.0,-0.018720507621765137
20260908,12,319cba8ffa622b0e,BROAD_ONLY,C1_R2_FIXED_Q_LONG_RECOVERY,320,COVERAGE_CONSTRAINED,0.0,,1.0,-0.018720507621765137
20260908,12,319cba8ffa622b0e,BROAD_ONLY,C1_R2_FIXED_Q_LONG_RECOVERY,320,SAFETY_FIRST,0.0,,1.0,-0.018720507621765137
20260908,12,319cba8ffa622b0e,BROAD_ONLY,C1_R2_FIXED_Q_LONG_RECOVERY,800,COVERAGE_CONSTRAINED,0.0,,1.0,-0.018720507621765137
20260908,12,319cba8ffa622b0e,BROAD_ONLY,C1_R2_FIXED_Q_LONG_RECOVERY,800,SAFETY_FIRST,0.0,,1.0,-0.018720507621765137
20260908,12,319cba8ffa622b0e,BROAD_ONLY,C1_R2_FIXED_Q_LONG_RECOVERY,1600,COVERAGE_CONSTRAINED,0.0,,1.0,-0.018720507621765137
20260908,12,319cba8ffa622b0e,BROAD_ONLY,C1_R2_FIXED_Q_LONG_RECOVERY,1600,SAFETY_FIRST,0.0,,1.0,-0.018720507621765137
20260908,12,319cba8ffa622b0e,BROAD_ONLY,C2_R2_SHARED_Q_JOINT,0,COVERAGE_CONSTRAINED,0.0,,1.0,-0.018720507621765137
20260908,12,319cba8ffa622b0e,BROAD_ONLY,C2_R2_SHARED_Q_JOINT,0,SAFETY_FIRST,0.0,,1.0,-0.018720507621765137
20260908,12,319cba8ffa622b0e,BROAD_ONLY,C2_R2_SHARED_Q_JOINT,80,COVERAGE_CONSTRAINED,0.0,,1.0,-0.10034087300300598
20260908,12,319cba8ffa622b0e,BROAD_ONLY,C2_R2_SHARED_Q_JOINT,80,SAFETY_FIRST,0.0,,1.0,-0.10034087300300598
20260908,12,319cba8ffa622b0e,BROAD_ONLY,C2_R2_SHARED_Q_JOINT,320,COVERAGE_CONSTRAINED,0.0,,1.0,-0.10703398287296295
20260908,12,319cba8ffa622b0e,BROAD_ONLY,C2_R2_SHARED_Q_JOINT,320,SAFETY_FIRST,0.0,,1.0,-0.10703398287296295
20260908,12,319cba8ffa622b0e,BROAD_ONLY,C2_R2_SHARED_Q_JOINT,800,COVERAGE_CONSTRAINED,0.0,,1.0,-0.1856985092163086
20260908,12,319cba8ffa622b0e,BROAD_ONLY,C2_R2_SHARED_Q_JOINT,800,SAFETY_FIRST,0.0,,1.0,-0.1856985092163086
20260908,12,319cba8ffa622b0e,BROAD_ONLY,C2_R2_SHARED_Q_JOINT,1600,COVERAGE_CONSTRAINED,0.0,,1.0,-0.15918377041816711
20260908,12,319cba8ffa622b0e,BROAD_ONLY,C2_R2_SHARED_Q_JOINT,1600,SAFETY_FIRST,0.0,,1.0,-0.15918377041816711
20260908,12,319cba8ffa622b0e,BROAD_ONLY,C3_R2_SHARED_Q_EXECUTION_ANCHOR,0,COVERAGE_CONSTRAINED,0.0,,1.0,-0.018720507621765137
20260908,12,319cba8ffa622b0e,BROAD_ONLY,C3_R2_SHARED_Q_EXECUTION_ANCHOR,0,SAFETY_FIRST,0.0,,1.0,-0.018720507621765137
20260908,12,319cba8ffa622b0e,BROAD_ONLY,C3_R2_SHARED_Q_EXECUTION_ANCHOR,80,COVERAGE_CONSTRAINED,0.0,,1.0,0.05027414858341217
20260908,12,319cba8ffa622b0e,BROAD_ONLY,C3_R2_SHARED_Q_EXECUTION_ANCHOR,80,SAFETY_FIRST,0.0,,1.0,0.05027414858341217
20260908,12,319cba8ffa622b0e,BROAD_ONLY,C3_R2_SHARED_Q_EXECUTION_ANCHOR,320,COVERAGE_CONSTRAINED,0.0,,1.0,0.12904560565948486
20260908,12,319cba8ffa622b0e,BROAD_ONLY,C3_R2_SHARED_Q_EXECUTION_ANCHOR,320,SAFETY_FIRST,0.0,,1.0,0.12904560565948486
20260908,12,319cba8ffa622b0e,BROAD_ONLY,C3_R2_SHARED_Q_EXECUTION_ANCHOR,800,COVERAGE_CONSTRAINED,0.0,,1.0,0.154696524143219
20260908,12,319cba8ffa622b0e,BROAD_ONLY,C3_R2_SHARED_Q_EXECUTION_ANCHOR,800,SAFETY_FIRST,0.0,,1.0,0.154696524143219
20260908,12,319cba8ffa622b0e,BROAD_ONLY,C3_R2_SHARED_Q_EXECUTION_ANCHOR,1600,COVERAGE_CONSTRAINED,0.0,,1.0,0.16025425493717194
20260908,12,319cba8ffa622b0e,BROAD_ONLY,C3_R2_SHARED_Q_EXECUTION_ANCHOR,1600,SAFETY_FIRST,0.0,,1.0,0.16025425493717194
20260908,13,1379df4696783d47,HARD_EVALUABLE,C1_R2_FIXED_Q_LONG_RECOVERY,0,COVERAGE_CONSTRAINED,0.0,0.0,1.0,0.2533622682094574
20260908,13,1379df4696783d47,HARD_EVALUABLE,C1_R2_FIXED_Q_LONG_RECOVERY,0,SAFETY_FIRST,0.0,0.0,1.0,0.2533622682094574
20260908,13,1379df4696783d47,HARD_EVALUABLE,C1_R2_FIXED_Q_LONG_RECOVERY,80,COVERAGE_CONSTRAINED,0.0,0.0,1.0,0.2533622682094574
20260908,13,1379df4696783d47,HARD_EVALUABLE,C1_R2_FIXED_Q_LONG_RECOVERY,80,SAFETY_FIRST,0.0,0.0,1.0,0.2533622682094574
20260908,13,1379df4696783d47,HARD_EVALUABLE,C1_R2_FIXED_Q_LONG_RECOVERY,320,COVERAGE_CONSTRAINED,0.0,0.0,1.0,0.2533622682094574
20260908,13,1379df4696783d47,HARD_EVALUABLE,C1_R2_FIXED_Q_LONG_RECOVERY,320,SAFETY_FIRST,0.0,0.0,1.0,0.2533622682094574
20260908,13,1379df4696783d47,HARD_EVALUABLE,C1_R2_FIXED_Q_LONG_RECOVERY,800,COVERAGE_CONSTRAINED,0.0,0.0,1.0,0.2533622682094574
20260908,13,1379df4696783d47,HARD_EVALUABLE,C1_R2_FIXED_Q_LONG_RECOVERY,800,SAFETY_FIRST,0.0,0.0,1.0,0.2533622682094574
20260908,13,1379df4696783d47,HARD_EVALUABLE,C1_R2_FIXED_Q_LONG_RECOVERY,1600,COVERAGE_CONSTRAINED,0.0,0.0,1.0,0.2533622682094574
20260908,13,1379df4696783d47,HARD_EVALUABLE,C1_R2_FIXED_Q_LONG_RECOVERY,1600,SAFETY_FIRST,0.0,0.0,1.0,0.2533622682094574
20260908,13,1379df4696783d47,HARD_EVALUABLE,C2_R2_SHARED_Q_JOINT,0,COVERAGE_CONSTRAINED,0.0,0.0,1.0,0.2533622682094574
20260908,13,1379df4696783d47,HARD_EVALUABLE,C2_R2_SHARED_Q_JOINT,0,SAFETY_FIRST,0.0,0.0,1.0,0.2533622682094574
20260908,13,1379df4696783d47,HARD_EVALUABLE,C2_R2_SHARED_Q_JOINT,80,COVERAGE_CONSTRAINED,0.0,0.0,1.0,0.23025785386562347
20260908,13,1379df4696783d47,HARD_EVALUABLE,C2_R2_SHARED_Q_JOINT,80,SAFETY_FIRST,0.0,0.0,1.0,0.23025785386562347
20260908,13,1379df4696783d47,HARD_EVALUABLE,C2_R2_SHARED_Q_JOINT,320,COVERAGE_CONSTRAINED,0.0,0.0,1.0,0.2352740466594696
20260908,13,1379df4696783d47,HARD_EVALUABLE,C2_R2_SHARED_Q_JOINT,320,SAFETY_FIRST,0.0,0.0,1.0,0.2352740466594696
20260908,13,1379df4696783d47,HARD_EVALUABLE,C2_R2_SHARED_Q_JOINT,800,COVERAGE_CONSTRAINED,0.0,0.0,1.0,0.2724376916885376
20260908,13,1379df4696783d47,HARD_EVALUABLE,C2_R2_SHARED_Q_JOINT,800,SAFETY_FIRST,0.0,0.0,1.0,0.2724376916885376
20260908,13,1379df4696783d47,HARD_EVALUABLE,C2_R2_SHARED_Q_JOINT,1600,COVERAGE_CONSTRAINED,0.0,0.0,1.0,0.4229755103588104
20260908,13,1379df4696783d47,HARD_EVALUABLE,C2_R2_SHARED_Q_JOINT,1600,SAFETY_FIRST,0.0,0.0,1.0,0.4229755103588104
20260908,13,1379df4696783d47,HARD_EVALUABLE,C3_R2_SHARED_Q_EXECUTION_ANCHOR,0,COVERAGE_CONSTRAINED,0.0,0.0,1.0,0.2533622682094574
20260908,13,1379df4696783d47,HARD_EVALUABLE,C3_R2_SHARED_Q_EXECUTION_ANCHOR,0,SAFETY_FIRST,0.0,0.0,1.0,0.2533622682094574
20260908,13,1379df4696783d47,HARD_EVALUABLE,C3_R2_SHARED_Q_EXECUTION_ANCHOR,80,COVERAGE_CONSTRAINED,0.0,0.0,1.0,0.24415910243988037
20260908,13,1379df4696783d47,HARD_EVALUABLE,C3_R2_SHARED_Q_EXECUTION_ANCHOR,80,SAFETY_FIRST,0.0,0.0,1.0,0.24415910243988037
20260908,13,1379df4696783d47,HARD_EVALUABLE,C3_R2_SHARED_Q_EXECUTION_ANCHOR,320,COVERAGE_CONSTRAINED,0.0,0.0,1.0,0.6601225137710571
20260908,13,1379df4696783d47,HARD_EVALUABLE,C3_R2_SHARED_Q_EXECUTION_ANCHOR,320,SAFETY_FIRST,0.0,0.0,1.0,0.6601225137710571
20260908,13,1379df4696783d47,HARD_EVALUABLE,C3_R2_SHARED_Q_EXECUTION_ANCHOR,800,COVERAGE_CONSTRAINED,0.0,0.0,1.0,0.7045055627822876
20260908,13,1379df4696783d47,HARD_EVALUABLE,C3_R2_SHARED_Q_EXECUTION_ANCHOR,800,SAFETY_FIRST,0.0,0.0,1.0,0.7045055627822876
20260908,13,1379df4696783d47,HARD_EVALUABLE,C3_R2_SHARED_Q_EXECUTION_ANCHOR,1600,COVERAGE_CONSTRAINED,0.0,0.0,1.0,0.5814002752304077
20260908,13,1379df4696783d47,HARD_EVALUABLE,C3_R2_SHARED_Q_EXECUTION_ANCHOR,1600,SAFETY_FIRST,0.0,0.0,1.0,0.5814002752304077
20260908,15,11999d89b31d5f06,HARD_EVALUABLE,C1_R2_FIXED_Q_LONG_RECOVERY,0,COVERAGE_CONSTRAINED,0.0,0.0,1.0,0.7978217005729675
20260908,15,11999d89b31d5f06,HARD_EVALUABLE,C1_R2_FIXED_Q_LONG_RECOVERY,0,SAFETY_FIRST,0.0,0.0,1.0,0.7978217005729675
20260908,15,11999d89b31d5f06,HARD_EVALUABLE,C1_R2_FIXED_Q_LONG_RECOVERY,80,COVERAGE_CONSTRAINED,0.0,0.0,1.0,0.7978217005729675
20260908,15,11999d89b31d5f06,HARD_EVALUABLE,C1_R2_FIXED_Q_LONG_RECOVERY,80,SAFETY_FIRST,0.0,0.0,1.0,0.7978217005729675
20260908,15,11999d89b31d5f06,HARD_EVALUABLE,C1_R2_FIXED_Q_LONG_RECOVERY,320,COVERAGE_CONSTRAINED,0.0,0.0,1.0,0.7978217005729675
20260908,15,11999d89b31d5f06,HARD_EVALUABLE,C1_R2_FIXED_Q_LONG_RECOVERY,320,SAFETY_FIRST,0.0,0.0,1.0,0.7978217005729675
20260908,15,11999d89b31d5f06,HARD_EVALUABLE,C1_R2_FIXED_Q_LONG_RECOVERY,800,COVERAGE_CONSTRAINED,0.0,0.0,1.0,0.7978217005729675
20260908,15,11999d89b31d5f06,HARD_EVALUABLE,C1_R2_FIXED_Q_LONG_RECOVERY,800,SAFETY_FIRST,0.0,0.0,1.0,0.7978217005729675
20260908,15,11999d89b31d5f06,HARD_EVALUABLE,C1_R2_FIXED_Q_LONG_RECOVERY,1600,COVERAGE_CONSTRAINED,0.0,0.0,1.0,0.7978217005729675
20260908,15,11999d89b31d5f06,HARD_EVALUABLE,C1_R2_FIXED_Q_LONG_RECOVERY,1600,SAFETY_FIRST,0.0,0.0,1.0,0.7978217005729675
20260908,15,11999d89b31d5f06,HARD_EVALUABLE,C2_R2_SHARED_Q_JOINT,0,COVERAGE_CONSTRAINED,0.0,0.0,1.0,0.7978217005729675
20260908,15,11999d89b31d5f06,HARD_EVALUABLE,C2_R2_SHARED_Q_JOINT,0,SAFETY_FIRST,0.0,0.0,1.0,0.7978217005729675
20260908,15,11999d89b31d5f06,HARD_EVALUABLE,C2_R2_SHARED_Q_JOINT,80,COVERAGE_CONSTRAINED,0.0,0.0,1.0,0.22440704703330994
20260908,15,11999d89b31d5f06,HARD_EVALUABLE,C2_R2_SHARED_Q_JOINT,80,SAFETY_FIRST,0.0,0.0,1.0,0.22440704703330994
20260908,15,11999d89b31d5f06,HARD_EVALUABLE,C2_R2_SHARED_Q_JOINT,320,COVERAGE_CONSTRAINED,0.0,0.0,1.0,0.18140941858291626
20260908,15,11999d89b31d5f06,HARD_EVALUABLE,C2_R2_SHARED_Q_JOINT,320,SAFETY_FIRST,0.0,0.0,1.0,0.18140941858291626
20260908,15,11999d89b31d5f06,HARD_EVALUABLE,C2_R2_SHARED_Q_JOINT,800,COVERAGE_CONSTRAINED,0.0,0.0,1.0,0.1313636600971222
20260908,15,11999d89b31d5f06,HARD_EVALUABLE,C2_R2_SHARED_Q_JOINT,800,SAFETY_FIRST,0.0,0.0,1.0,0.1313636600971222
20260908,15,11999d89b31d5f06,HARD_EVALUABLE,C2_R2_SHARED_Q_JOINT,1600,COVERAGE_CONSTRAINED,0.0,0.0,1.0,0.15708598494529724
20260908,15,11999d89b31d5f06,HARD_EVALUABLE,C2_R2_SHARED_Q_JOINT,1600,SAFETY_FIRST,0.0,0.0,1.0,0.15708598494529724
20260908,15,11999d89b31d5f06,HARD_EVALUABLE,C3_R2_SHARED_Q_EXECUTION_ANCHOR,0,COVERAGE_CONSTRAINED,0.0,0.0,1.0,0.7978217005729675
20260908,15,11999d89b31d5f06,HARD_EVALUABLE,C3_R2_SHARED_Q_EXECUTION_ANCHOR,0,SAFETY_FIRST,0.0,0.0,1.0,0.7978217005729675
20260908,15,11999d89b31d5f06,HARD_EVALUABLE,C3_R2_SHARED_Q_EXECUTION_ANCHOR,80,COVERAGE_CONSTRAINED,0.0,0.5,0.75,0.920284628868103
20260908,15,11999d89b31d5f06,HARD_EVALUABLE,C3_R2_SHARED_Q_EXECUTION_ANCHOR,80,SAFETY_FIRST,0.0,0.0,0.5,0.9365088939666748
20260908,15,11999d89b31d5f06,HARD_EVALUABLE,C3_R2_SHARED_Q_EXECUTION_ANCHOR,320,COVERAGE_CONSTRAINED,0.0,0.0,1.0,0.6897901892662048
20260908,15,11999d89b31d5f06,HARD_EVALUABLE,C3_R2_SHARED_Q_EXECUTION_ANCHOR,320,SAFETY_FIRST,0.0,0.0,1.0,0.6897901892662048
20260908,15,11999d89b31d5f06,HARD_EVALUABLE,C3_R2_SHARED_Q_EXECUTION_ANCHOR,800,COVERAGE_CONSTRAINED,0.0,0.75,1.0,0.9931958317756653
20260908,15,11999d89b31d5f06,HARD_EVALUABLE,C3_R2_SHARED_Q_EXECUTION_ANCHOR,800,SAFETY_FIRST,0.0,0.0,0.25,0.9964497089385986
20260908,15,11999d89b31d5f06,HARD_EVALUABLE,C3_R2_SHARED_Q_EXECUTION_ANCHOR,1600,COVERAGE_CONSTRAINED,0.0,0.0,1.0,0.6473102569580078
20260908,15,11999d89b31d5f06,HARD_EVALUABLE,C3_R2_SHARED_Q_EXECUTION_ANCHOR,1600,SAFETY_FIRST,0.0,0.0,1.0,0.6473102569580078
20260908,16,30c09c9279241ba5,HARD_EVALUABLE,C1_R2_FIXED_Q_LONG_RECOVERY,0,COVERAGE_CONSTRAINED,0.0,0.0,1.0,0.0862957239151001
20260908,16,30c09c9279241ba5,HARD_EVALUABLE,C1_R2_FIXED_Q_LONG_RECOVERY,0,SAFETY_FIRST,0.0,0.0,1.0,0.0862957239151001
20260908,16,30c09c9279241ba5,HARD_EVALUABLE,C1_R2_FIXED_Q_LONG_RECOVERY,80,COVERAGE_CONSTRAINED,0.0,0.0,1.0,0.0862957239151001
20260908,16,30c09c9279241ba5,HARD_EVALUABLE,C1_R2_FIXED_Q_LONG_RECOVERY,80,SAFETY_FIRST,0.0,0.0,1.0,0.0862957239151001
20260908,16,30c09c9279241ba5,HARD_EVALUABLE,C1_R2_FIXED_Q_LONG_RECOVERY,320,COVERAGE_CONSTRAINED,0.0,0.0,1.0,0.0862957239151001
20260908,16,30c09c9279241ba5,HARD_EVALUABLE,C1_R2_FIXED_Q_LONG_RECOVERY,320,SAFETY_FIRST,0.0,0.0,1.0,0.0862957239151001
20260908,16,30c09c9279241ba5,HARD_EVALUABLE,C1_R2_FIXED_Q_LONG_RECOVERY,800,COVERAGE_CONSTRAINED,0.0,0.0,1.0,0.0862957239151001
20260908,16,30c09c9279241ba5,HARD_EVALUABLE,C1_R2_FIXED_Q_LONG_RECOVERY,800,SAFETY_FIRST,0.0,0.0,1.0,0.0862957239151001
20260908,16,30c09c9279241ba5,HARD_EVALUABLE,C1_R2_FIXED_Q_LONG_RECOVERY,1600,COVERAGE_CONSTRAINED,0.0,0.0,1.0,0.0862957239151001
20260908,16,30c09c9279241ba5,HARD_EVALUABLE,C1_R2_FIXED_Q_LONG_RECOVERY,1600,SAFETY_FIRST,0.0,0.0,1.0,0.0862957239151001
20260908,16,30c09c9279241ba5,HARD_EVALUABLE,C2_R2_SHARED_Q_JOINT,0,COVERAGE_CONSTRAINED,0.0,0.0,1.0,0.0862957239151001
20260908,16,30c09c9279241ba5,HARD_EVALUABLE,C2_R2_SHARED_Q_JOINT,0,SAFETY_FIRST,0.0,0.0,1.0,0.0862957239151001
20260908,16,30c09c9279241ba5,HARD_EVALUABLE,C2_R2_SHARED_Q_JOINT,80,COVERAGE_CONSTRAINED,0.0,0.0,1.0,0.08391731977462769
20260908,16,30c09c9279241ba5,HARD_EVALUABLE,C2_R2_SHARED_Q_JOINT,80,SAFETY_FIRST,0.0,0.0,1.0,0.08391731977462769
20260908,16,30c09c9279241ba5,HARD_EVALUABLE,C2_R2_SHARED_Q_JOINT,320,COVERAGE_CONSTRAINED,0.0,0.0,1.0,0.08954110741615295
20260908,16,30c09c9279241ba5,HARD_EVALUABLE,C2_R2_SHARED_Q_JOINT,320,SAFETY_FIRST,0.0,0.0,1.0,0.08954110741615295
20260908,16,30c09c9279241ba5,HARD_EVALUABLE,C2_R2_SHARED_Q_JOINT,800,COVERAGE_CONSTRAINED,0.0,0.0,1.0,0.05607372522354126
20260908,16,30c09c9279241ba5,HARD_EVALUABLE,C2_R2_SHARED_Q_JOINT,800,SAFETY_FIRST,0.0,0.0,1.0,0.05607372522354126
20260908,16,30c09c9279241ba5,HARD_EVALUABLE,C2_R2_SHARED_Q_JOINT,1600,COVERAGE_CONSTRAINED,0.0,0.0,1.0,0.015043795108795166
20260908,16,30c09c9279241ba5,HARD_EVALUABLE,C2_R2_SHARED_Q_JOINT,1600,SAFETY_FIRST,0.0,0.0,1.0,0.015043795108795166
20260908,16,30c09c9279241ba5,HARD_EVALUABLE,C3_R2_SHARED_Q_EXECUTION_ANCHOR,0,COVERAGE_CONSTRAINED,0.0,0.0,1.0,0.0862957239151001
20260908,16,30c09c9279241ba5,HARD_EVALUABLE,C3_R2_SHARED_Q_EXECUTION_ANCHOR,0,SAFETY_FIRST,0.0,0.0,1.0,0.0862957239151001
20260908,16,30c09c9279241ba5,HARD_EVALUABLE,C3_R2_SHARED_Q_EXECUTION_ANCHOR,80,COVERAGE_CONSTRAINED,0.0,0.0,1.0,0.05662822723388672
20260908,16,30c09c9279241ba5,HARD_EVALUABLE,C3_R2_SHARED_Q_EXECUTION_ANCHOR,80,SAFETY_FIRST,0.0,0.0,1.0,0.05662822723388672
20260908,16,30c09c9279241ba5,HARD_EVALUABLE,C3_R2_SHARED_Q_EXECUTION_ANCHOR,320,COVERAGE_CONSTRAINED,0.0,0.0,1.0,0.32479044795036316
20260908,16,30c09c9279241ba5,HARD_EVALUABLE,C3_R2_SHARED_Q_EXECUTION_ANCHOR,320,SAFETY_FIRST,0.0,0.0,1.0,0.32479044795036316
20260908,16,30c09c9279241ba5,HARD_EVALUABLE,C3_R2_SHARED_Q_EXECUTION_ANCHOR,800,COVERAGE_CONSTRAINED,0.0,0.0,1.0,0.34345346689224243
20260908,16,30c09c9279241ba5,HARD_EVALUABLE,C3_R2_SHARED_Q_EXECUTION_ANCHOR,800,SAFETY_FIRST,0.0,0.0,1.0,0.34345346689224243
20260908,16,30c09c9279241ba5,HARD_EVALUABLE,C3_R2_SHARED_Q_EXECUTION_ANCHOR,1600,COVERAGE_CONSTRAINED,0.0,0.0,1.0,0.35381385684013367
20260908,16,30c09c9279241ba5,HARD_EVALUABLE,C3_R2_SHARED_Q_EXECUTION_ANCHOR,1600,SAFETY_FIRST,0.0,0.0,1.0,0.35381385684013367
