arm,stage,step,edits,native_ce_median,fit_ce_median,U_kl_median,grad_norm_median,weighted_native_gradient_norm_median,weighted_fit_gradient_norm_median,weighted_U_gradient_norm_median
B0,native_CP,0,12,3.0144835710525513,,,0.0,,,
B0,native_CP,20,12,3.0126755237579346,,,0.041731154546141624,,,
B0,native_CP,40,12,2.994976758956909,,,0.12582559138536453,,,
B0,native_CP,60,12,2.909075617790222,,,0.25970055162906647,,,
B0,native_CP,80,12,2.5716238021850586,,,0.5180311501026154,,,
B0,native_CP,100,12,1.629540741443634,,,0.9292431175708771,,,
B0,native_CP,120,12,0.8538383841514587,,,0.7832328081130981,,,
B0,native_CP,140,12,0.4012453109025955,,,0.40250639617443085,,,
B0,native_CP,160,6,0.3568282276391983,,,0.3369821459054947,,,
B0,A2,0,12,,,,,,,
B0,A2,40,12,0.10895553603768349,0.11048650741577148,,0.11870580166578293,,,
B0,A2,80,12,0.05050298012793064,0.050819458439946175,,0.06698339059948921,,,
B0,CP_W0,1,12,0.049769327044487,0.049385735765099525,,0.0660788081586361,0.032667008228600025,0.0342378793284297,0.0
B0,CP_W0,2,12,0.04873357526957989,0.04967978782951832,,0.06470744870603085,0.03201659396290779,0.03309106454253197,0.0
B0,CP_W0,3,12,0.04777485504746437,0.04779469780623913,,0.06596295163035393,0.03136908821761608,0.03378618322312832,0.0
B0,CP_W0,4,12,0.04680355824530125,0.047092100605368614,,0.06165761686861515,0.030702892690896988,0.03198903892189264,0.0
B0,CP_W0,5,12,0.04582090862095356,0.04550288990139961,,0.060605619102716446,0.030143101699650288,0.03091026283800602,0.0
B0,CP_W0,6,12,0.04493727348744869,0.045862726867198944,,0.05969355255365372,0.029553295113146305,0.030543784610927105,0.0
B0,CP_W0,7,12,0.044088372960686684,0.04419047571718693,,0.05993510223925114,0.029031746089458466,0.03079538606107235,0.0
B0,CP_W0,8,12,0.04335248842835426,0.04358566924929619,,0.056975843384861946,0.028531750664114952,0.02940347045660019,0.0
B0,CP_W0,9,12,0.042486537247896194,0.0421446617692709,,0.05611889436841011,0.027944527566432953,0.028150033205747604,0.0
B0,CP_W0,10,12,0.04169844835996628,0.04262913018465042,,0.055392369627952576,0.02742397878319025,0.0283779576420784,0.0
B0,CP_W0,11,12,0.04097677953541279,0.04111463762819767,,0.05495419166982174,0.0269705755636096,0.028323746286332607,0.0
B0,CP_W0,12,12,0.040285421535372734,0.040546540170907974,,0.05289597809314728,0.02646984253078699,0.02700142003595829,0.0
B0,CP_W0,13,12,0.039618195965886116,0.039327314123511314,,0.051869770511984825,0.02601521834731102,0.025903609581291676,0.0
B0,CP_W0,14,12,0.03893635421991348,0.03974343277513981,,0.051615159958601,0.025585525669157505,0.02610667794942856,0.0
B0,CP_W0,15,12,0.03829244337975979,0.038381993770599365,,0.0506984144449234,0.025134297087788582,0.02619054727256298,0.0
B0,CP_W0,16,12,0.037674108520150185,0.03792678751051426,,0.04916936531662941,0.024741899222135544,0.024993252009153366,0.0
B0,CP_W0,17,12,0.03706306591629982,0.0368350725620985,,0.04794885031878948,0.024356643669307232,0.02394966408610344,0.0
B0,CP_W0,18,12,0.03646150417625904,0.037264175713062286,,0.047848645597696304,0.02394106239080429,0.024164526723325253,0.0
B0,CP_W0,19,12,0.035871864296495914,0.036046537570655346,,0.04691000655293465,0.02346532978117466,0.024320037104189396,0.0
B0,CP_W0,20,12,0.03534968290477991,0.03564055170863867,,0.04551120288670063,0.02304861042648554,0.023171396926045418,0.0
B0,CP_W0,21,12,0.0348179480060935,0.03463032562285662,,0.044450582936406136,0.02267123945057392,0.02222534827888012,0.0
B0,CP_W0,22,12,0.03435042966157198,0.03502804785966873,,0.044461384415626526,0.02235618233680725,0.02237383183091879,0.0
B0,CP_W0,23,12,0.033861259929835796,0.033943429589271545,,0.04373494163155556,0.021931040100753307,0.022652599960565567,0.0
B0,CP_W0,24,12,0.033327704295516014,0.03365199547261,,0.042396098375320435,0.02148107811808586,0.021657129749655724,0.0
B0,CP_W0,25,12,0.03286969568580389,0.03269586432725191,,0.04149612598121166,0.0212121969088912,0.020732557401061058,0.0
B0,CP_W0,26,12,0.03239375725388527,0.03314063884317875,,0.04158620350062847,0.020866104401648045,0.02100346516817808,0.0
B0,CP_W0,27,12,0.031983775086700916,0.03213401697576046,,0.0409933440387249,0.02054501511156559,0.021286608651280403,0.0
B0,CP_W0,28,12,0.03155288938432932,0.03181328717619181,,0.039743004366755486,0.02015459630638361,0.020322661846876144,0.0
B0,CP_W0,29,12,0.031137791462242603,0.030959520488977432,,0.03885801322758198,0.019860096275806427,0.019438287243247032,0.0
B0,CP_W0,30,12,0.030711800791323185,0.03142033703625202,,0.039047736674547195,0.019533191807568073,0.019772326573729515,0.0
B0,CP_W0,31,12,0.030343586578965187,0.030497637577354908,,0.038485750555992126,0.019164469093084335,0.020079283975064754,0.0
B0,CP_W0,32,12,0.02992835734039545,0.030251863412559032,,0.03737439028918743,0.018851038068532944,0.01914455834776163,0.0
B0,CP_W0,33,12,0.029588631354272366,0.029441007412970066,,0.0365837961435318,0.018515256233513355,0.0183322886005044,0.0
B0,CP_W0,34,12,0.029231336899101734,0.02985953353345394,,0.03676651418209076,0.01823724154382944,0.01860664412379265,0.0
B0,CP_W0,35,12,0.028840058483183384,0.02903755847364664,,0.03619214706122875,0.017954377457499504,0.018940714187920094,0.0
B0,CP_W0,36,12,0.028502698056399822,0.02879451308399439,,0.035273101180791855,0.017667148262262344,0.01812321785837412,0.0
B0,CP_W0,37,12,0.02817345503717661,0.028042255900800228,,0.034522270783782005,0.017373179085552692,0.01729073841124773,0.0
B0,CP_W0,38,12,0.027837809175252914,0.02849722746759653,,0.03460396081209183,0.01712821703404188,0.01763282250612974,0.0
B0,CP_W0,39,12,0.027525044977664948,0.027688234113156796,,0.034338830038905144,0.016844828613102436,0.01801842264831066,0.0
B0,CP_W0,40,12,0.027192656882107258,0.027481933124363422,,0.033295415341854095,0.016580472700297832,0.017169118858873844,0.0
B0,CP_W0,41,12,0.026906956918537617,0.02683109324425459,,0.032749894075095654,0.016316605731844902,0.01645108498632908,0.0
B0,CP_W0,42,12,0.02663141768425703,0.027207350358366966,,0.032470954582095146,0.01605636067688465,0.01665059570223093,0.0
B0,CP_W0,43,12,0.026302766986191273,0.02653512265533209,,0.03250681143254042,0.015840907581150532,0.01711741928011179,0.0
B0,CP_W0,44,12,0.026037871837615967,0.026259275153279305,,0.03139304555952549,0.015628233551979065,0.016297674737870693,0.0
B0,CP_W0,45,12,0.025753009133040905,0.025669078342616558,,0.030972673557698727,0.015380751341581345,0.01555761182680726,0.0
B0,CP_W0,46,12,0.02546409424394369,0.026077057234942913,,0.03062710352241993,0.015161813702434301,0.01573793776333332,0.0
B0,CP_W0,47,12,0.025240376591682434,0.025434350594878197,,0.030922772362828255,0.014946809969842434,0.016333756037056446,0.0
B0,CP_W0,48,12,0.02494979277253151,0.025135000236332417,,0.029625666327774525,0.01474622031673789,0.015447662677615881,0.0
B0,CP_W0,49,12,0.024733878672122955,0.024626211263239384,,0.029281510040163994,0.014554389286786318,0.014816940296441317,0.0
B0,CP_W0,50,12,0.0244718873873353,0.025033500976860523,,0.029046001844108105,0.014379275497049093,0.014943608082830906,0.0
B0,CP_W0,51,12,0.02418970689177513,0.024444439448416233,,0.029442518018186092,0.014148409012705088,0.015571946743875742,0.0
B0,CP_W0,52,12,0.023970244452357292,0.024113133549690247,,0.028055806644260883,0.013984521385282278,0.01465322496369481,0.0
B0,CP_W0,53,12,0.023730487562716007,0.023685536347329617,,0.027721882797777653,0.013780612964183092,0.014131179079413414,0.0
B0,CP_W0,54,12,0.023487349040806293,0.024097010493278503,,0.027539992704987526,0.013603273779153824,0.01421442348510027,0.0
B0,CP_W0,55,12,0.023271203972399235,0.023619127459824085,,0.028010105714201927,0.013406747952103615,0.014899247791618109,0.0
B0,CP_W0,56,12,0.023060893639922142,0.023162366822361946,,0.026669477112591267,0.013298789504915476,0.013942331075668335,0.0
B0,CP_W0,57,12,0.02281852997839451,0.022795519791543484,,0.026336866430938244,0.01311668986454606,0.01349212508648634,0.0
B0,CP_W0,58,12,0.022617950104176998,0.02320999000221491,,0.0262007974088192,0.012945572379976511,0.013546669855713844,0.0
B0,CP_W0,59,12,0.022367410361766815,0.022825798951089382,,0.02676405105739832,0.012732619885355234,0.014231978449970484,0.0
B0,CP_W0,60,12,0.022186176851391792,0.022281167097389698,,0.025273773819208145,0.0125994011759758,0.01323711359873414,0.0
B0,CP_W0,61,12,0.021979382261633873,0.021980665624141693,,0.02497800998389721,0.012437725905328989,0.012864315882325172,0.0
B0,CP_W0,62,12,0.021804964169859886,0.022371198050677776,,0.024901477620005608,0.012309805490076542,0.012879793997853994,0.0
B0,CP_W0,63,12,0.02162324544042349,0.022113083861768246,,0.02566855400800705,0.012143461965024471,0.013640379998832941,0.0
B0,CP_W0,64,12,0.021405069157481194,0.02151208696886897,,0.024190258234739304,0.012023353949189186,0.012719457969069481,0.0
B0,CP_W0,65,12,0.02120280684903264,0.021253602113574743,,0.023838133551180363,0.011859731748700142,0.012387376744300127,0.0
B0,CP_W0,66,12,0.021053161937743425,0.02162364963442087,,0.023781614378094673,0.011763736139982939,0.012309432961046696,0.0
B0,CP_W0,67,12,0.02087544370442629,0.021413150243461132,,0.024673743173480034,0.011623611208051443,0.013101357035338879,0.0
B0,CP_W0,68,12,0.020693034399300814,0.02077231975272298,,0.023063750937581062,0.011478567495942116,0.01213314849883318,0.0
B0,CP_W0,69,12,0.020512746181339025,0.02053758641704917,,0.022778977639973164,0.011349132750183344,0.011898006312549114,0.0
B0,CP_W0,70,12,0.02032560110092163,0.02093557408079505,,0.022705592215061188,0.011232001706957817,0.011765128467231989,0.0
B0,CP_W0,71,12,0.02014510240405798,0.020801328122615814,,0.023714457638561726,0.011085136327892542,0.012652595061808825,0.0
B0,CP_W0,72,12,0.019988766871392727,0.020100758410990238,,0.02203725278377533,0.010937655810266733,0.01164989173412323,0.0
B0,CP_W0,73,12,0.01982024684548378,0.01989593170583248,,0.021764659322798252,0.010830901563167572,0.011432863771915436,0.0
B0,CP_W0,74,12,0.019680121447890997,0.020254698116332293,,0.02169972751289606,0.010707071516662836,0.011284336913377047,0.0
B0,CP_W0,75,12,0.019528601318597794,0.020201651845127344,,0.02278776280581951,0.010599932167679071,0.012233030516654253,0.0
B0,CP_W0,76,12,0.019387591630220413,0.019487597979605198,,0.02110191248357296,0.010479546152055264,0.011137284338474274,0.0
B0,CP_W0,77,12,0.019226964097470045,0.01928096590563655,,0.020841334015130997,0.01038125716149807,0.010975770186632872,0.0
B0,CP_W0,78,12,0.01909117167815566,0.019619229715317488,,0.02082756534218788,0.01030070660635829,0.010834941174834967,0.0
B0,CP_W0,79,12,0.018948331009596586,0.01963950926437974,,0.021907554008066654,0.010199801996350288,0.011754326988011599,0.0
B0,CP_W0,80,12,0.018783664796501398,0.018876994494348764,,0.020255069248378277,0.01007135072723031,0.01072034239768982,0.0
B0,CP_W0,81,12,0.018647163175046444,0.01871804567053914,,0.0200095372274518,0.009980278089642525,0.010551898274570704,0.0
B0,CP_W0,82,12,0.018476759549230337,0.01905125891789794,,0.020003519020974636,0.00988117977976799,0.01043340703472495,0.0
B0,CP_W0,83,12,0.01837338414043188,0.019098958931863308,,0.02109455317258835,0.009787613991647959,0.011384006589651108,0.0
B0,CP_W0,84,12,0.018221691250801086,0.01833945047110319,,0.0194908594712615,0.009694595355540514,0.010329346172511578,0.0
B0,CP_W0,85,12,0.01810053689405322,0.01817787578329444,,0.019258111715316772,0.009616485331207514,0.010166769847273827,0.0
B0,CP_W0,86,12,0.01797143602743745,0.018518255557864904,,0.019246145151555538,0.009516398422420025,0.010029088705778122,0.0
B0,CP_W0,87,12,0.01783808832988143,0.018603068310767412,,0.020300506614148617,0.009423391427844763,0.010951148811727762,0.0
B0,CP_W0,88,12,0.017743150237947702,0.01780547620728612,,0.018767642788589,0.009365241043269634,0.009941095486283302,0.0
B0,CP_W0,89,12,0.017605775501579046,0.017670291010290384,,0.018577500246465206,0.009264617692679167,0.009847437031567097,0.0
B0,CP_W0,90,12,0.017457718029618263,0.017966567538678646,,0.018540223129093647,0.00915776751935482,0.009680898394435644,0.0
B0,CP_W0,91,12,0.01733019994571805,0.018081074580550194,,0.019521943293511868,0.00905496021732688,0.01050758920609951,0.0
B0,CP_W0,92,12,0.01722251856699586,0.01724961120635271,,0.01805189996957779,0.00896827643737197,0.009618783369660378,0.0
B0,CP_W0,93,12,0.01710000727325678,0.017184228636324406,,0.01783694140613079,0.008901664521545172,0.009452924132347107,0.0
B0,CP_W0,94,12,0.01698078727349639,0.017499192152172327,,0.017834081314504147,0.008813862223178148,0.009325525257736444,0.0
B0,CP_W0,95,12,0.016853783279657364,0.017558098305016756,,0.018882550299167633,0.008762902114540339,0.010187102947384119,0.0
B0,CP_W0,96,12,0.01671944698318839,0.016702440567314625,,0.01740785874426365,0.008681840496137738,0.009268312714993954,0.0
B0,CP_W0,97,12,0.016609813552349806,0.016711825970560312,,0.017211688682436943,0.008606793591752648,0.009112696396186948,0.0
B0,CP_W0,98,12,0.016440009232610464,0.016995553392916918,,0.017231210600584745,0.008518878370523453,0.009025880601257086,0.0
B0,CP_W0,99,12,0.016342103946954012,0.01703974697738886,,0.018267144914716482,0.008456658339127898,0.009943305980414152,0.0
B0,CP_W0,100,12,0.016212910413742065,0.016188894398510456,,0.016846532933413982,0.00837143650278449,0.00899898773059249,0.0
B0,CP_W0,101,12,0.01608928246423602,0.0162385874427855,,0.01665288209915161,0.008314067497849464,0.008824394550174475,0.0
B0,CP_W0,102,12,0.015966446604579687,0.016483104787766933,,0.01669876603409648,0.00824857922270894,0.008759947959333658,0.0
B0,CP_W0,103,12,0.01585486577823758,0.016579418908804655,,0.017595026176422834,0.008145329542458057,0.009582559112459421,0.0
B0,CP_W0,104,12,0.015721171628683805,0.01567817199975252,,0.016184783075004816,0.008047072449699044,0.008650375762954354,0.0
B0,CP_W0,105,12,0.015610654838383198,0.01575540006160736,,0.016044259537011385,0.007996970089152455,0.008558286121115088,0.0
B0,CP_W0,106,12,0.015513351652771235,0.015994905959814787,,0.016097248997539282,0.007931851549074054,0.008490360109135509,0.0
B0,CP_W0,107,12,0.01538765337318182,0.01613554311916232,,0.017046933993697166,0.007843016646802425,0.009373279521241784,0.0
B0,CP_W0,108,12,0.01526071410626173,0.01523537514731288,,0.015673731919378042,0.007812778232619166,0.008394150994718075,0.0
B0,CP_W0,109,12,0.015166936907917261,0.015304436441510916,,0.015512792859226465,0.00778491236269474,0.008233731146901846,0.0
B0,CP_W0,110,12,0.0150469234213233,0.015535760670900345,,0.015592242125421762,0.007716185413300991,0.008227407233789563,0.0
B0,CP_W0,111,12,0.014954941812902689,0.01570600038394332,,0.016544871032238007,0.00764226564206183,0.009090558160096407,0.0
B0,CP_W0,112,12,0.014845165889710188,0.014796646311879158,,0.015195801388472319,0.007580860052257776,0.008112604031339288,0.0
B0,CP_W0,113,12,0.014750789850950241,0.014878429006785154,,0.014984681271016598,0.007523518288508058,0.007969984086230397,0.0
B0,CP_W0,114,12,0.014660766813904047,0.015120176132768393,,0.015074193943291903,0.0074506765231490135,0.007947730366140604,0.0
B0,CP_W0,115,12,0.014562728349119425,0.015301029663532972,,0.015970943495631218,0.007377914851531386,0.008825549622997642,0.0
B0,CP_W0,116,12,0.014463771134614944,0.014392754528671503,,0.014725140295922756,0.007350395200774074,0.007897613104432821,0.0
B0,CP_W0,117,12,0.014384743757545948,0.014443613588809967,,0.014515381772071123,0.007274785079061985,0.007746085291728377,0.0
B0,CP_W0,118,12,0.014299105387181044,0.014696795027703047,,0.014631135854870081,0.007228883681818843,0.007734613725915551,0.0
B0,CP_W0,119,12,0.0141823492012918,0.014925517607480288,,0.01548427203670144,0.007171831792220473,0.008635347709059715,0.0
B0,CP_W0,120,12,0.01412056153640151,0.013998163398355246,,0.014310271944850683,0.007131194230169058,0.007679416332393885,0.0
B0,CP_W0,121,12,0.01401536539196968,0.014073033351451159,,0.01407795725390315,0.007074628258123994,0.007515078876167536,0.0
B0,CP_W0,122,12,0.013916201423853636,0.014313819352537394,,0.01412194175645709,0.007000207202509046,0.0074534486047923565,0.0
B0,CP_W0,123,12,0.01384021807461977,0.01456854585558176,,0.01500006578862667,0.006961354753002524,0.008330820128321648,0.0
B0,CP_W0,124,12,0.013755619991570711,0.01363229239359498,,0.013825774658471346,0.006911102449521422,0.00743541494011879,0.0
B0,CP_W0,125,12,0.01368532981723547,0.013690483290702105,,0.013622862286865711,0.0068369891960173845,0.007292113266885281,0.0
B0,CP_W0,126,12,0.013584465719759464,0.013945621903985739,,0.01370225427672267,0.006784927798435092,0.007257508346810937,0.0
B0,CP_W0,127,12,0.01350519573315978,0.014195069205015898,,0.014598639216274023,0.006750394124537706,0.00811159098520875,0.0
B0,CP_W0,128,12,0.013427592348307371,0.013261239510029554,,0.013396127615123987,0.006697749253362417,0.00722769764252007,0.0
B0,CP_W0,129,12,0.013358620926737785,0.013349272776395082,,0.013161454815417528,0.00662995595484972,0.007044087629765272,0.0
B0,CP_W0,130,12,0.013257535640150309,0.013584671542048454,,0.013289425056427717,0.006577017717063427,0.0070581340696662664,0.0
B0,CP_W0,131,12,0.013197940774261951,0.013845212291926146,,0.014192255679517984,0.00654034037142992,0.007897049188613892,0.0
B0,CP_W0,132,12,0.013118336908519268,0.012929388787597418,,0.01299252174794674,0.006501605035737157,0.007008738582953811,0.0
B0,CP_W0,133,12,0.01305258460342884,0.013013673014938831,,0.012802412267774343,0.0064352406188845634,0.006883253576233983,0.0
B0,CP_W0,134,12,0.01297634607180953,0.013244197703897953,,0.012908540666103363,0.006388532463461161,0.0068632494658231735,0.0
B0,CP_W0,135,12,0.012878736946731806,0.013558031525462866,,0.013738719280809164,0.0063440941739827394,0.007666909834370017,0.0
B0,CP_W0,136,12,0.012829037383198738,0.012618820182979107,,0.012644564732909203,0.006313791265711188,0.006843042094260454,0.0
B0,CP_W0,137,12,0.012741472106426954,0.012701885309070349,,0.012383317574858665,0.006262196926400065,0.006633020471781492,0.0
B0,CP_W0,138,12,0.0126828383654356,0.012919262982904911,,0.012525519821792841,0.006205648183822632,0.0066399897914379835,0.0
B0,CP_W0,139,12,0.012605525087565184,0.0132442070171237,,0.013349407818168402,0.00614606193266809,0.007530283415690064,0.0
B0,CP_W0,140,12,0.012536735273897648,0.012333748862147331,,0.01221600966528058,0.0060882773250341415,0.006674609845504165,0.0
B0,CP_W0,141,12,0.012469346635043621,0.012397476006299257,,0.012052686419337988,0.00605938583612442,0.006501270458102226,0.0
B0,CP_W0,142,12,0.012390961404889822,0.012624990660697222,,0.012127761263400316,0.006010843673720956,0.0064358029048889875,0.0
B0,CP_W0,143,12,0.012328294105827808,0.01296106493100524,,0.012956091668456793,0.005965061718598008,0.007333151530474424,0.0
B0,CP_W0,144,12,0.012254477944225073,0.012076418846845627,,0.011841153260320425,0.005925497971475124,0.006406464148312807,0.0
B0,CP_W0,145,12,0.012183418963104486,0.01212712051346898,,0.011650024447590113,0.0058718163054436445,0.006298666354268789,0.0
B0,CP_W0,146,12,0.012128343805670738,0.012323999311774969,,0.011740988586097956,0.005830460926517844,0.00625066994689405,0.0
B0,CP_W0,147,12,0.012075018137693405,0.012702114414423704,,0.012590578757226467,0.005809484515339136,0.007171241566538811,0.0
B0,CP_W0,148,12,0.011992765590548515,0.011802234686911106,,0.0115123032592237,0.0057589884381741285,0.0062612611800432205,0.0
B0,CP_W0,149,12,0.011938210111111403,0.011873569805175066,,0.011360252276062965,0.005737564992159605,0.006132009904831648,0.0
B0,CP_W0,150,12,0.011869948823004961,0.012041178066283464,,0.011410714127123356,0.00564680784009397,0.006075600394979119,0.0
B0,CP_W0,151,12,0.011800103355199099,0.012420506216585636,,0.012284289579838514,0.005613206187263131,0.007094272179529071,0.0
B0,CP_W0,152,12,0.011752511374652386,0.011566367466002703,,0.011159736663103104,0.005597480107098818,0.006068886257708073,0.0
B0,CP_W0,153,12,0.011701990384608507,0.01161428028717637,,0.010981343686580658,0.005543939070776105,0.005958129884675145,0.0
B0,CP_W0,154,12,0.011633381247520447,0.011796998791396618,,0.0111383399926126,0.005506359506398439,0.005959649803116918,0.0
B0,CP_W0,155,12,0.011582825798541307,0.012184178922325373,,0.011976500507444143,0.005475139943882823,0.0069162980653345585,0.0
B0,CP_W0,156,12,0.011518010403960943,0.011322720907628536,,0.010835159569978714,0.005423708353191614,0.005927979713305831,0.0
B0,CP_W0,157,12,0.011461404617875814,0.01139878761023283,,0.01076125307008624,0.005420024739578366,0.005877798656001687,0.0
B0,CP_W0,158,12,0.011413945350795984,0.011529190931469202,,0.010826634708791971,0.005347020458430052,0.005799600854516029,0.0
B0,CP_W0,159,12,0.011342163663357496,0.011949414387345314,,0.011630524415522814,0.005333741893991828,0.006749061401933432,0.0
B0,CP_W0,160,12,0.011304783634841442,0.011108377715572715,,0.010571551509201527,0.005300536518916488,0.005802638595923781,0.0
B0,CP_W0,161,12,0.01123825553804636,0.011164895491674542,,0.010411628056317568,0.005259442375972867,0.005691956728696823,0.0
B0,CP_W0,162,12,0.011187499389052391,0.011275167344138026,,0.010545028373599052,0.005237059202045202,0.005654764594510198,0.0
B0,CP_W0,163,12,0.01112449076026678,0.011724790092557669,,0.011285971850156784,0.005163177149370313,0.0065863223280757666,0.0
B0,CP_W0,164,12,0.011072990950196981,0.010906195733696222,,0.010282453615218401,0.005153391510248184,0.005636660614982247,0.0
B0,CP_W0,165,12,0.01101562287658453,0.010956079699099064,,0.010162143036723137,0.005139453569427133,0.005570542067289352,0.0
B0,CP_W0,166,12,0.010963931446895003,0.01106103858910501,,0.010183231439441442,0.005079555790871382,0.005430310033261776,0.0
B0,CP_W0,167,12,0.010926660848781466,0.011500346008688211,,0.011022754479199648,0.005058632930740714,0.006476148730143905,0.0
B0,CP_W0,168,12,0.010877705411985517,0.01069201366044581,,0.00999846588820219,0.005042753182351589,0.005472067045047879,0.0
B0,CP_W0,169,12,0.010825676377862692,0.01075879787094891,,0.00984944636002183,0.004992556292563677,0.00540189235471189,0.0
B0,CP_W0,170,12,0.010771713918074965,0.010839714435860515,,0.009992527309805155,0.004980419063940644,0.0053076473996043205,0.0
B0,CP_W0,171,12,0.01071214908733964,0.011292743030935526,,0.010738193988800049,0.004926023539155722,0.0063524856232106686,0.0
B0,CP_W0,172,12,0.01067146472632885,0.010481869569048285,,0.009725583717226982,0.004881850676611066,0.005380336195230484,0.0
B0,CP_W0,173,12,0.010625225026160479,0.010556103894487023,,0.009588199201971292,0.004848453216254711,0.005288065178319812,0.0
B0,CP_W0,174,12,0.010584254981949925,0.010629047406837344,,0.009681460913270712,0.004814256215468049,0.005196199286729097,0.0
B0,CP_W0,175,12,0.010531287174671888,0.011091921012848616,,0.010491947643458843,0.004775562323629856,0.006233765743672848,0.0
B0,CP_W0,176,12,0.01049226033501327,0.010299426270648837,,0.00947571825236082,0.00476054847240448,0.005234480137005448,0.0
B0,CP_W0,177,12,0.01044072350487113,0.010359743610024452,,0.009330794215202332,0.0047323128674179316,0.005143511109054089,0.0
B0,CP_W0,178,12,0.01039930758997798,0.010441302321851254,,0.00945266056805849,0.004728223197162151,0.005035885144025087,0.0
B0,CP_W0,179,12,0.010353242279961705,0.010886853095144033,,0.010284602642059326,0.004655370255932212,0.006101784063503146,0.0
B0,CP_W0,180,12,0.010306078707799315,0.010121397441253066,,0.009206672664731741,0.004656351637095213,0.005096373381093144,0.0
B0,CP_W0,181,12,0.01025725295767188,0.010185531806200743,,0.00912459846585989,0.004644089611247182,0.005049777217209339,0.0
B0,CP_W0,182,12,0.010213378816843033,0.010249223560094833,,0.009231540374457836,0.004622720880433917,0.004937694873660803,0.0
B0,CP_W0,183,12,0.010165129788219929,0.010704332031309605,,0.01010733749717474,0.0045759587083011866,0.005957045825198293,0.0
B0,CP_W0,184,12,0.010126384673640132,0.009945993078872561,,0.0090140369720757,0.004566358285956085,0.004984127823263407,0.0
B0,CP_W0,185,12,0.010104561923071742,0.010031132027506828,,0.008880807552486658,0.004516274784691632,0.00493939477019012,0.0
B0,CP_W0,186,12,0.010061889654025435,0.010089801391586661,,0.009017455391585827,0.004493824439123273,0.004859195789322257,0.0
B0,CP_W0,187,12,0.010002844501286745,0.010531920241191983,,0.009773572906851768,0.0044640504056587815,0.005847962806001306,0.0
B0,CP_W0,188,12,0.009964452125132084,0.009786481037735939,,0.008807319449260831,0.004460405092686415,0.004871012410148978,0.0
B0,CP_W0,189,12,0.009923812467604876,0.00986088253557682,,0.008681601379066706,0.004415752948261797,0.004836556734517217,0.0
B0,CP_W0,190,12,0.009896689094603062,0.009927343344315886,,0.008727936074137688,0.004373628064058721,0.004693885799497366,0.0
B0,CP_W0,191,12,0.009849384659901261,0.01038364227861166,,0.009530915413051844,0.004349933587945998,0.005749626085162163,0.0
B0,CP_W0,192,12,0.009820740902796388,0.009637571405619383,,0.008557373424991965,0.0043225494446232915,0.00477634696289897,0.0
B0,CP_W0,193,12,0.009776703082025051,0.009707929100841284,,0.008450543507933617,0.004333029151894152,0.0046943482011556625,0.0
B0,CP_W0,194,12,0.009745551971718669,0.009778405306860805,,0.008559795329347253,0.004297546576708555,0.004581245826557279,0.0
B0,CP_W0,195,12,0.00969872809946537,0.010224723955616355,,0.009341348428279161,0.004252916667610407,0.00563780078664422,0.0
B0,CP_W0,196,12,0.009662731550633907,0.009494284866377711,,0.008371304953470826,0.004251616541296244,0.004668559646233916,0.0
B0,CP_W0,197,12,0.009625977370887995,0.009561515878885984,,0.008275384549051523,0.004225325654260814,0.0046248200815171,0.0
B0,CP_W0,198,12,0.009607528569176793,0.009633117821067572,,0.008365468122065067,0.004206487210467458,0.004524982068687677,0.0
B0,CP_W0,199,12,0.009564004605636,0.010075664380565286,,0.00917390757240355,0.004159522359259427,0.005525971995666623,0.0
B0,CP_W0,200,12,0.009512685239315033,0.0093506567645818,,0.00813955208286643,0.004150845459662378,0.004548861063085496,0.0
B0,CP_W0,201,12,0.009481475921347737,0.009419077541679144,,0.00803071423433721,0.004108271328732371,0.004488000296987593,0.0
B0,CP_W0,202,12,0.009449340868741274,0.009477047016844153,,0.008144383784383535,0.004098359611816704,0.004392343107610941,0.0
B0,CP_W0,203,12,0.009412548504769802,0.009923738893121481,,0.008961199084296823,0.004074374563060701,0.005446984199807048,0.0
B0,CP_W0,204,12,0.009376490022987127,0.009205967653542757,,0.007988828932866454,0.004058608319610357,0.00448224856518209,0.0
B0,CP_W0,205,12,0.009346578037366271,0.009266671491786838,,0.00787339685484767,0.004037188598886132,0.0043961385963484645,0.0
B0,CP_W0,206,12,0.009299105033278465,0.009350156877189875,,0.007915552705526352,0.003992112819105387,0.00426431919913739,0.0
B0,CP_W0,207,12,0.009273305768147111,0.009784608148038387,,0.008735292125493288,0.003963007126003504,0.005323303514160216,0.0
B0,CP_W0,208,12,0.009242242202162743,0.0090742283500731,,0.007787240901961923,0.003934712149202824,0.004393901210278273,0.0
B0,CP_W0,209,12,0.009210583753883839,0.009148748591542244,,0.007612360408529639,0.003935974556952715,0.0042539231944829226,0.0
B0,CP_W0,210,12,0.009176788153126836,0.00920974393375218,,0.007785113761201501,0.003907853155396879,0.004205412580631673,0.0
B0,CP_W0,211,12,0.009150201687589288,0.009629461215808988,,0.008547009667381644,0.0038764848140999675,0.0053133792243897915,0.0
B0,CP_W0,212,12,0.009124976117163897,0.008943774970248342,,0.007589998887851834,0.0038641963619738817,0.004286257782950997,0.0
B0,CP_W0,213,12,0.009071223670616746,0.009008043678477407,,0.007431564852595329,0.0038570368196815252,0.004146527033299208,0.0
B0,CP_W0,214,12,0.009050785331055522,0.009074101457372308,,0.007597301388159394,0.0038251063087955117,0.0040938109159469604,0.0
B0,CP_W0,215,12,0.00901481369510293,0.009497248101979494,,0.008379376027733088,0.003804410225711763,0.005141349975019693,0.0
B0,CP_W0,216,12,0.008976624812930822,0.00880291173234582,,0.007426765980198979,0.0037938611349090934,0.0041902047814801335,0.0
B0,CP_W0,217,12,0.008963859640061855,0.00889332010410726,,0.0073089085053652525,0.0037858830764889717,0.004099866957403719,0.0
B0,CP_W0,218,12,0.008919170359149575,0.008957438403740525,,0.007435397943481803,0.003774731536395848,0.004011091776192188,0.0
B0,CP_W0,219,12,0.008890893310308456,0.00937416939996183,,0.008240296272560954,0.0037634652107954025,0.00502987380605191,0.0
B0,CP_W0,220,12,0.008855219930410385,0.00868775462731719,,0.007292483700439334,0.0037159076891839504,0.004139221389777958,0.0
B0,CP_W0,221,12,0.008829168509691954,0.008771073305979371,,0.007161239627748728,0.0037132056895643473,0.004020739463157952,0.0
B0,CP_W0,222,12,0.008801020914688706,0.00884007173590362,,0.007212732452899218,0.0036690125707536936,0.0039064420852810144,0.0
B0,CP_W0,223,12,0.008777667302638292,0.009259298210963607,,0.008059656480327249,0.003613448003306985,0.004949773661792278,0.0
B0,CP_W0,224,12,0.008755605900660157,0.00857920222915709,,0.007083386182785034,0.0036146206548437476,0.004045898211188614,0.0
B0,CP_W0,225,12,0.00871257483959198,0.008649815106764436,,0.006958552869036794,0.003608363098464906,0.003942828741855919,0.0
B0,CP_W0,226,12,0.008691726950928569,0.008729764260351658,,0.007100343471392989,0.0035916927736252546,0.0038439095951616764,0.0
B0,CP_W0,227,12,0.008667270187288523,0.009128988021984696,,0.007926627062261105,0.0035953831393271685,0.004912032978609204,0.0
B0,CP_W0,228,12,0.00862877443432808,0.008471426321193576,,0.006972570903599262,0.0035697303246706724,0.003974676714278758,0.0
B0,CP_W0,229,12,0.008599731139838696,0.008538463152945042,,0.006840839749202132,0.0035430954303592443,0.003891102154739201,0.0
B0,CP_W0,230,12,0.008571750950068235,0.00861218641512096,,0.0069700623862445354,0.0035506720887497067,0.0037600045325234532,0.0
B0,CP_W0,231,12,0.008544339332729578,0.008997651748359203,,0.007735733641311526,0.003512493218295276,0.004811436869204044,0.0
B0,CP_W0,232,12,0.008523224154487252,0.008364936336874962,,0.006803881144151092,0.0034811944933608174,0.0039059591945260763,0.0
B0,CP_W0,233,12,0.008504524827003479,0.00843412708491087,,0.006661691470071673,0.0034578300546854734,0.003807775443419814,0.0
B0,CP_W0,234,12,0.008471459150314331,0.008501134580001235,,0.006795170716941357,0.003449603100307286,0.0036923385923728347,0.0
B0,CP_W0,235,12,0.008444821927696466,0.008894541533663869,,0.007584539474919438,0.0034232205944135785,0.004758249269798398,0.0
B0,CP_W0,236,12,0.008424617117270827,0.008243577787652612,,0.006662074010819197,0.0034213762264698744,0.0038326928624883294,0.0
B0,CP_W0,237,12,0.008389793802052736,0.008323865942656994,,0.0065458002500236034,0.003400030778720975,0.003762753098271787,0.0
B0,CP_W0,238,12,0.008367521688342094,0.00839521805755794,,0.006656997371464968,0.0033774886978790164,0.003625222947448492,0.0
B0,CP_W0,239,12,0.008335845777764916,0.008799846516922116,,0.007510890485718846,0.0033542755991220474,0.004750793683342636,0.0
B0,CP_W0,240,12,0.008324573747813702,0.008153947768732905,,0.006492590298876166,0.0033411200856789947,0.0037501155165955424,0.0
B0,CP_W0,241,12,0.008298615459352732,0.008228129707276821,,0.006430116249248385,0.003349004196934402,0.003711920347996056,0.0
B0,CP_W0,242,12,0.008266968419775367,0.008299293462187052,,0.006540637696161866,0.003321015043184161,0.00357190053910017,0.0
B0,CP_W0,243,12,0.00824507582001388,0.008691982366144657,,0.007355500943958759,0.003303834586404264,0.004634922137483954,0.0
B0,CP_W0,244,12,0.008221143623813987,0.008053722558543086,,0.006427168380469084,0.0033167985966429114,0.003692694124765694,0.0
B0,CP_W0,245,12,0.00819753878749907,0.00813172454945743,,0.00630578794516623,0.0033057472901418805,0.0036483011208474636,0.0
B0,CP_W0,246,12,0.00816750479862094,0.008204893907532096,,0.006474701454862952,0.0032749702222645283,0.0035805401857942343,0.0
B0,CP_W0,247,12,0.00815603882074356,0.008590236539021134,,0.007301960606127977,0.0032637371914461255,0.004610096570104361,0.0
B0,CP_W0,248,12,0.008131868671625853,0.007966422010213137,,0.006304245907813311,0.003271026653237641,0.0036095730029046535,0.0
B0,CP_W0,249,12,0.008109662216156721,0.008029738673940301,,0.006229606224223971,0.003241645870730281,0.003611524822190404,0.0
B0,CP_W0,250,12,0.008085748180747032,0.00811680848710239,,0.0063335285522043705,0.0032270619412884116,0.0034562305081635714,0.0
B0,CP_W0,251,12,0.008065922884270549,0.008503410965204239,,0.007163181668147445,0.0031924438662827015,0.004573644720949233,0.0
B0,CP_W0,252,12,0.008040223736315966,0.007871683919802308,,0.006154484348371625,0.003198713529855013,0.003566265106201172,0.0
B0,CP_W0,253,12,0.008036446524783969,0.007945188088342547,,0.006074950797483325,0.003178104874677956,0.0035443026572465897,0.0
B0,CP_W0,254,12,0.007999700959771872,0.008025331422686577,,0.00628690212033689,0.003184321685694158,0.0034303523134440184,0.0
B0,CP_W0,255,12,0.007969158701598644,0.008405013242736459,,0.007107222685590386,0.003152923542074859,0.004506594035774469,0.0
B0,CP_W0,256,12,0.007957231951877475,0.0077848308719694614,,0.006093932082876563,0.003157927072606981,0.0035422852961346507,0.0
B0,CP_W0,257,12,0.00793270068243146,0.00785489333793521,,0.006003000540658832,0.0031315883388742805,0.0035243533784523606,0.0
B0,CP_W0,258,12,0.00791121949441731,0.00793693563900888,,0.006099189165979624,0.0031193889444693923,0.003311131615191698,0.0
B0,CP_W0,259,12,0.007896199356764555,0.008316301042214036,,0.00694454531185329,0.003109086537733674,0.004426930332556367,0.0
B0,CP_W0,260,12,0.007869635010138154,0.007710138102993369,,0.005997663829475641,0.003116053994745016,0.0034849761286750436,0.0
B0,CP_W0,261,12,0.007851874688640237,0.007780084619298577,,0.005883453646674752,0.0031031896360218525,0.003423897549510002,0.0
B0,CP_W0,262,12,0.00782125280238688,0.007850774098187685,,0.006005931878462434,0.003091763355769217,0.0032582785934209824,0.0
B0,CP_W0,263,12,0.007808352820575237,0.008236490422859788,,0.006852159276604652,0.003064390504732728,0.00437351712025702,0.0
B0,CP_W0,264,12,0.0077904523350298405,0.007624401245266199,,0.00588428252376616,0.003080377820879221,0.0034223366528749466,0.0
B0,CP_W0,265,12,0.007760642794892192,0.007703922921791673,,0.005767159163951874,0.0030564391054213047,0.003382185590453446,0.0
B0,CP_W0,266,12,0.007749714655801654,0.007759101688861847,,0.005923753371462226,0.003028741688467562,0.0032361390767619014,0.0
B0,CP_W0,267,12,0.007728841621428728,0.008141749538481236,,0.006782225100323558,0.0030316890915855765,0.004372831084765494,0.0
B0,CP_W0,268,12,0.007715015206485987,0.007538153324276209,,0.005763860186561942,0.003020735108293593,0.00336180638987571,0.0
B0,CP_W0,269,12,0.007692892104387283,0.007622443605214357,,0.005672411527484655,0.0029966762522235513,0.0033209288958460093,0.0
B0,CP_W0,270,12,0.007676055887714028,0.007701978785917163,,0.005827772198244929,0.0029898666543886065,0.0032110275933519006,0.0
B0,CP_W0,271,12,0.007657614070922136,0.008070566225796938,,0.0066065131686627865,0.0029784507350996137,0.004335962352342904,0.0
B0,CP_W0,272,12,0.007633076049387455,0.007474195910617709,,0.005681914277374744,0.0029706471832469106,0.003334808861836791,0.0
B0,CP_W0,273,12,0.0076245577074587345,0.0075437400955706835,,0.005563645390793681,0.002950335736386478,0.0032560841646045446,0.0
B0,CP_W0,274,12,0.007605014834553003,0.007630807580426335,,0.005718355532735586,0.0029614436207339168,0.0031399826984852552,0.0
B0,CP_W0,275,12,0.0075738513842225075,0.00799574051052332,,0.006600632332265377,0.002924323780462146,0.004300256376154721,0.0
B0,CP_W0,276,12,0.007561447331681848,0.007397129898890853,,0.005599497584626079,0.0029187753098085523,0.0032938049407675862,0.0
B0,CP_W0,277,12,0.007541287690401077,0.007466150680556893,,0.005490292562171817,0.002910074545070529,0.003227682667784393,0.0
B0,CP_W0,278,12,0.007525012828409672,0.007554142735898495,,0.005630215862765908,0.0029009414138272405,0.003111974219791591,0.0
B0,CP_W0,279,12,0.007518075872212648,0.007909111911430955,,0.006511964602395892,0.002896703314036131,0.004267150186933577,0.0
B0,CP_W0,280,12,0.007493800250813365,0.007332253735512495,,0.005518418969586492,0.0028805392794311047,0.0032468910794705153,0.0
B0,CP_W0,281,12,0.007475870894268155,0.007412997307255864,,0.005397912114858627,0.0028750746278092265,0.0031719987746328115,0.0
B0,CP_W0,282,12,0.00746715092100203,0.007469906937330961,,0.0055047881323844194,0.0028690664330497384,0.0030388759914785624,0.0
B0,CP_W0,283,12,0.00745542231015861,0.007842145161703229,,0.006458925781771541,0.0028485978255048394,0.004157976247370243,0.0
B0,CP_W0,284,12,0.007425802992656827,0.007258371450006962,,0.005412634462118149,0.0028418319998309016,0.003167556133121252,0.0
B0,CP_W0,285,12,0.007413753541186452,0.00734022306278348,,0.005317689152434468,0.0028377565322443843,0.003127027885057032,0.0
B0,CP_W0,286,12,0.007391009945422411,0.007410092279314995,,0.005422749323770404,0.0028228474548086524,0.0029949855525046587,0.0
B0,CP_W0,287,12,0.0073640544433146715,0.007771386066451669,,0.006344302091747522,0.002812311751767993,0.004113330040127039,0.0
B0,CP_W0,288,12,0.007357263704761863,0.007190538104623556,,0.0053440120536834,0.0028175368206575513,0.0031600468792021275,0.0
B0,CP_W0,289,12,0.007349443854764104,0.007262142840772867,,0.005217611091211438,0.0027856676606461406,0.0030823732959106565,0.0
B0,CP_W0,290,12,0.00733019458130002,0.007342647993937135,,0.005323805613443255,0.0028033695416525006,0.0029431148432195187,0.0
B0,CP_W0,291,12,0.007314442424103618,0.007695517735555768,,0.006260225083678961,0.0027539393631741405,0.0040826136246323586,0.0
B0,CP_W0,292,12,0.007293490460142493,0.007133718114346266,,0.0051943922881037,0.002771490369923413,0.0030609575333073735,0.0
B0,CP_W0,293,12,0.0072752616833895445,0.007215986493974924,,0.005114100407809019,0.0027627055533230305,0.0030391826294362545,0.0
B0,CP_W0,294,12,0.007264644140377641,0.007288529071956873,,0.005253182956948876,0.0027358642546460032,0.0028953627916052938,0.0
B0,CP_W0,295,12,0.007249400019645691,0.007629633881151676,,0.006166878389194608,0.0027271449798718095,0.004011404584161937,0.0
B0,CP_W0,296,12,0.00723496126011014,0.00707187270745635,,0.00515979970805347,0.002723593031987548,0.0030757341301068664,0.0
B0,CP_W0,297,12,0.007226665271446109,0.007139419671148062,,0.005070833722129464,0.0027054825332015753,0.003031410276889801,0.0
B0,CP_W0,298,12,0.0072056681383401155,0.0072219762951135635,,0.005196136888116598,0.0026825570967048407,0.002902594511397183,0.0
B0,CP_W0,299,12,0.007191377924755216,0.007569254841655493,,0.0061179103795439005,0.002680267090909183,0.003991101868450642,0.0
B0,CP_W0,300,12,0.007181432796642184,0.007011803798377514,,0.005122358910739422,0.0027092491509392858,0.003060200600884855,0.0
B0,CP_W0,301,12,0.007164054317399859,0.007097482681274414,,0.005017462885007262,0.0026888090651482344,0.0029878393979743123,0.0
B0,CP_W0,302,12,0.007152954349294305,0.0071686869487166405,,0.005173932993784547,0.002658923389390111,0.0029010180151090026,0.0
B0,CP_W0,303,12,0.007127201417461038,0.007513333344832063,,0.005983537063002586,0.0026519778184592724,0.0038997650844976306,0.0
B0,CP_W0,304,12,0.0071099435444921255,0.006956582656130195,,0.0050177061930298805,0.00262137979734689,0.003017267328687012,0.0
B0,CP_W0,305,12,0.007113342406228185,0.007025053957477212,,0.00492990342900157,0.0026404191739857197,0.002964191837236285,0.0
B0,CP_W0,306,12,0.007083147065714002,0.007106683449819684,,0.005074400454759598,0.0026250138180330396,0.0028434457490220666,0.0
B0,CP_W0,307,12,0.007069929037243128,0.007456086575984955,,0.005889442283660173,0.0025876876898109913,0.003899796516634524,0.0
B0,CP_W0,308,12,0.007063852855935693,0.006911521079018712,,0.0049457799177616835,0.0026200737338513136,0.002966393600217998,0.0
B0,CP_W0,309,12,0.00704764761030674,0.006973751820623875,,0.004867588402703404,0.002601389540359378,0.002967266598716378,0.0
B0,CP_W0,310,12,0.007027545478194952,0.007051993161439896,,0.00507963658310473,0.0026154175866395235,0.002885656082071364,0.0
B0,CP_W0,311,12,0.007017349358648062,0.007404663832858205,,0.005864088656380773,0.002584419446066022,0.0038548362208530307,0.0
B0,CP_W0,312,12,0.0070158138405531645,0.006848330609500408,,0.004904045257717371,0.0026032929308712482,0.0029328485252335668,0.0
B0,CP_W0,313,12,0.006989961955696344,0.006918056169524789,,0.0048229803796857595,0.002592120668850839,0.002943179802969098,0.0
B0,CP_W0,314,12,0.006983470171689987,0.007007229141891003,,0.005027397070080042,0.002595228492282331,0.0028291376074776053,0.0
B0,CP_W0,315,12,0.006971941329538822,0.007337219780310988,,0.005803573178127408,0.002571268123574555,0.003829536261036992,0.0
B0,CP_W0,316,12,0.006949565140530467,0.006803541444242001,,0.0048211258836090565,0.002577773528173566,0.0028834908735007048,0.0
B0,CP_W0,317,12,0.006941042374819517,0.006872342433780432,,0.004745277110487223,0.0025608332362025976,0.00287617021240294,0.0
B0,CP_W0,318,12,0.006932255579158664,0.006948063615709543,,0.004930178169161081,0.0025476120645180345,0.0027851624181494117,0.0
B0,CP_W0,319,12,0.006919140461832285,0.007283963495865464,,0.005781346466392279,0.0025371750816702843,0.003811263828538358,0.0
B0,CP_W0,320,12,0.0069022830575704575,0.006748168496415019,,0.004758407827466726,0.002554837614297867,0.00288289412856102,0.0
B0,C_NO_H,1,12,0.0068868056405335665,0.0066966398153454065,1.4517160654067993,0.6794887483119965,0.01593585591763258,0.019748976454138756,0.6670456528663635
B0,C_NO_H,2,12,0.0058067115023732185,0.005940963979810476,0.8753840327262878,0.45950575172901154,0.045843012630939484,0.056758467108011246,0.44270285964012146
B0,C_NO_H,3,12,0.005265329964458942,0.005349795334041119,0.6290358752012253,0.16222603619098663,0.04280336759984493,0.040958670899271965,0.16280043125152588
B0,C_NO_H,4,12,0.0049981719348579645,0.005280566867440939,0.44595521688461304,0.1462838128209114,0.05654009059071541,0.07157111540436745,0.11630550399422646
B0,C_NO_H,5,12,0.003972046077251434,0.004111863789148629,0.3417605757713318,0.14442064240574837,0.04275050759315491,0.044342825189232826,0.1189834475517273
B0,C_NO_H,6,12,0.0034466543002054095,0.0036682329373434186,0.2776413708925247,0.12614897266030312,0.044032925739884377,0.040482087060809135,0.11025593802332878
B0,C_NO_H,7,12,0.003119005705229938,0.0032609733752906322,0.22500867396593094,0.12664152681827545,0.04321727342903614,0.0463777594268322,0.10074988752603531
B0,C_NO_H,8,12,0.0029369284166023135,0.0029825096717104316,0.13279064744710922,0.13869383186101913,0.04196173883974552,0.04311981052160263,0.09693527594208717
B0,C_NO_H,9,12,0.0028844967018812895,0.002865141606889665,0.05411032401025295,0.10614972934126854,0.0418251808732748,0.040330514311790466,0.06768811121582985
B0,C_NO_H,10,12,0.0027501333970576525,0.0027162361657246947,0.029898861423134804,0.0840144008398056,0.037254489958286285,0.037108222022652626,0.03041604906320572
B0,C_NO_H,11,12,0.0025525891687721014,0.0025617245119065046,0.024857607670128345,0.07853522896766663,0.0332198441028595,0.0340111218392849,0.024306866340339184
B0,C_NO_H,12,12,0.002309958217665553,0.002358055906370282,0.025526697747409344,0.07852355390787125,0.028234017081558704,0.029647788032889366,0.027221808210015297
B0,C_NO_H,13,12,0.0020600382704287767,0.002078984980471432,0.025493526831269264,0.07811224833130836,0.023007401265203953,0.02496067713946104,0.03308656066656113
B0,C_NO_H,14,12,0.0018195933662354946,0.0017939255922101438,0.024150269106030464,0.06570367887616158,0.01837042160332203,0.018867491744458675,0.032808998599648476
B0,C_NO_H,15,12,0.0016149432049132884,0.0016197787481360137,0.023497169837355614,0.05876392312347889,0.014057943597435951,0.015595607925206423,0.03158881142735481
B0,C_NO_H,16,12,0.001441622618585825,0.0014597951667383313,0.02367318980395794,0.06836503371596336,0.011937331408262253,0.014119992963969707,0.032160017639398575
B0,C_NO_H,17,12,0.001303922850638628,0.0012976669240742922,0.02335928939282894,0.06076592020690441,0.012191501911729574,0.012522578705102205,0.03345699422061443
B0,C_NO_H,18,12,0.0011872168979607522,0.0011579774436540902,0.022303009405732155,0.05488410405814648,0.013374784961342812,0.014089335687458515,0.03207091800868511
B0,C_NO_H,19,12,0.0010917566833086312,0.001101517817005515,0.02071351930499077,0.04762742482125759,0.014878641813993454,0.015360917430371046,0.03112983424216509
B0,C_NO_H,20,12,0.0010054948506876826,0.001010802254313603,0.018917042762041092,0.04246850684285164,0.014008147176355124,0.017733346670866013,0.029231390915811062
B0,C_NO_H,21,12,0.0009263735555578023,0.0009093116677831858,0.017067110165953636,0.04210112430155277,0.014333991333842278,0.01264885626733303,0.0275935223326087
B0,C_NO_H,22,12,0.0008559596608392894,0.0008268688688986003,0.015103281009942293,0.03934981860220432,0.013746925629675388,0.013893264345824718,0.025230374187231064
B0,C_NO_H,23,12,0.0007913235167507082,0.0007995143823791295,0.013215574435889721,0.03454063646495342,0.012183506973087788,0.013947454281151295,0.022908822633326054
B0,C_NO_H,24,12,0.0007342715980485082,0.0007336948765441775,0.012035423424094915,0.029359029605984688,0.01133318105712533,0.011640577111393213,0.01878709439188242
B0,C_NO_H,25,12,0.0006822011491749436,0.0006705859850626439,0.011060560122132301,0.024981772527098656,0.009727949276566505,0.009329477790743113,0.01592310145497322
B0,C_NO_H,26,12,0.0006360861589200795,0.0006169804255478084,0.010065953247249126,0.02117778267711401,0.0082426848821342,0.0077948677353560925,0.014172722119838
B0,C_NO_H,27,12,0.0005955559900030494,0.0006032925739418715,0.009082425385713577,0.017376314848661423,0.007211235351860523,0.008145233616232872,0.013330789282917976
B0,C_NO_H,28,12,0.0005585426697507501,0.0005623598117381334,0.00818783137947321,0.01520893257111311,0.006457114592194557,0.006918224971741438,0.011944033671170473
B0,C_NO_H,29,12,0.0005268719978630543,0.0005260499310679734,0.007210721727460623,0.013246197253465652,0.005995419574901462,0.006595470942556858,0.009030144661664963
B0,C_NO_H,30,12,0.0004972293536411598,0.0004918818303849548,0.006688751513138413,0.012658479623496532,0.005485800793394446,0.00560517911799252,0.007682474562898278
B0,C_NO_H,31,12,0.0004703935846919194,0.000498792331200093,0.006259268848225474,0.013255229219794273,0.004935967968776822,0.005599005613476038,0.008050003089010715
B0,C_NO_H,32,12,0.0004479227791307494,0.00045911307097412646,0.005760866217315197,0.014821867924183607,0.0047288392670452595,0.006054756697267294,0.008909784257411957
B0,C_NO_H,33,12,0.00042721000500023365,0.0004308985226089135,0.005491469521075487,0.01557542523369193,0.004636578494682908,0.0049124048091471195,0.009416177868843079
B0,C_NO_H,34,12,0.00040815082320477813,0.0004065890097990632,0.005275700008496642,0.014414977747946978,0.00402666162699461,0.004371481714770198,0.008934641256928444
B0,C_NO_H,35,12,0.0003892618551617488,0.00042579014552757144,0.0050762544851750135,0.01443499093875289,0.0036343223182484508,0.004835526226088405,0.009558489080518484
B0,C_NO_H,36,12,0.0003721483808476478,0.00038593214412685484,0.004904087632894516,0.014112135395407677,0.003241395461373031,0.005238983314484358,0.008102030027657747
B0,C_NO_H,37,12,0.0003567816165741533,0.00036275325692258775,0.004768135957419872,0.010637851431965828,0.0027686062967404723,0.0038532932521775365,0.007186047034338117
B0,C_NO_H,38,12,0.0003426790644880384,0.00034390851214993745,0.0046377654653042555,0.010617075953632593,0.002494031097739935,0.0032907500863075256,0.00729512027464807
B0,C_NO_H,39,12,0.00032980082323774695,0.00037322063872125,0.004542929586023092,0.010407248511910439,0.0023229403886944056,0.003963729948736727,0.007125499192625284
B0,C_NO_H,40,12,0.0003180309577146545,0.00034735056397039443,0.004441282246261835,0.011792102828621864,0.0021623129723593593,0.00495266611687839,0.005971474107354879
B0,C_NO_H,41,12,0.0003075922286370769,0.00031294990913011134,0.00436474708840251,0.010708179324865341,0.0020941903349012136,0.002619392122142017,0.005445161368697882
B0,C_NO_H,42,12,0.00029700658342335373,0.00029740663012489676,0.00433110655285418,0.010181487305089831,0.0021130082895979285,0.0027797238435596228,0.006006847368553281
B0,C_NO_H,43,12,0.0002878037194022909,0.000331562856445089,0.004275563405826688,0.009013989008963108,0.0021944385953247547,0.0036357464268803596,0.005203508539125323
B0,C_NO_H,44,12,0.0002804735122481361,0.00031514324655290693,0.00417681154794991,0.00762689090333879,0.002210297854617238,0.004619235871359706,0.0052727945148944855
B0,C_NO_H,45,12,0.00027267710538581014,0.0002740960044320673,0.004053486976772547,0.006722164340317249,0.0023791539715602994,0.002546050352975726,0.00449167680926621
B0,C_NO_H,46,12,0.0002656380966072902,0.0002625013730721548,0.003928559832274914,0.006695567397400737,0.0023071253672242165,0.002536880667321384,0.0048021317925304174
B0,C_NO_H,47,12,0.000259850115980953,0.0002958917757496238,0.0037917651934549212,0.007571930065751076,0.002597592305392027,0.003564060549251735,0.004531778860837221
B0,C_NO_H,48,12,0.0002554125676397234,0.00028403947362676263,0.003609114675782621,0.0071118895430117846,0.0025559659115970135,0.004076360026374459,0.004203606746159494
B0,C_NO_H,49,12,0.00024968154320959,0.00024625523656141013,0.0034820351283997297,0.00701376679353416,0.0023905342677608132,0.002190604223869741,0.00432055233977735
B0,C_NO_H,50,12,0.0002446568469167687,0.00023964342108229175,0.0033150854287669063,0.006730103865265846,0.002217103843577206,0.002470180974341929,0.0040830380748957396
B0,C_NO_H,51,12,0.0002411811365163885,0.00026365039229858667,0.0031630743760615587,0.0072123350109905005,0.002352443290874362,0.0028583587845787406,0.003708420437760651
B0,C_NO_H,52,12,0.00023888866417109966,0.0002632506948430091,0.003037988441064954,0.007682343479245901,0.002131518325768411,0.0029815699672326446,0.0035132417688146234
B0,C_NO_H,53,12,0.00023556900850962847,0.00023113797942642123,0.0029224881436675787,0.006631319411098957,0.0019334677490405738,0.0021437848918139935,0.0034244583221152425
B0,C_NO_H,54,12,0.00023181508731795475,0.00023153842630563304,0.002806667936965823,0.005957025568932295,0.001877050381153822,0.0021747646387666464,0.003271309658885002
B0,C_NO_H,55,12,0.00022894916764926165,0.00024854262301232666,0.002728675026446581,0.005716022569686174,0.0021314830519258976,0.0020710183889605105,0.003174753044731915
B0,C_NO_H,56,12,0.0002266421724925749,0.0002491051927790977,0.0026746364310383797,0.0066224681213498116,0.001973685226403177,0.0032926780404523015,0.002823815681040287
B0,C_NO_H,57,12,0.00022338767303153872,0.00021964566258247942,0.0025862451875582337,0.005900133866816759,0.0019487006356939673,0.0015021230792626739,0.0029172092908993363
B0,C_NO_H,58,12,0.00021956553973723203,0.00022592529421672225,0.0025236736983060837,0.005806859582662582,0.0017948723980225623,0.0018022159347310662,0.0032636388204991817
B0,C_NO_H,59,12,0.00021637623285641894,0.00023436338233295828,0.0024516350822523236,0.005021230783313513,0.0015694438479840755,0.001576429815031588,0.003213664866052568
B0,C_NO_H,60,12,0.00021398981334641576,0.00024068657512543723,0.0023891658056527376,0.004539624089375138,0.0015683205565437675,0.0029563461430370808,0.0029636214021593332
B0,C_NO_H,61,12,0.00021170840045670047,0.00021214458683971316,0.002321744803339243,0.004311956698074937,0.0015666919061914086,0.0013807874638587236,0.00263470527715981
B0,C_NO_H,62,12,0.00020962420967407525,0.00021901223226450384,0.002258082153275609,0.00444050133228302,0.0015943378675729036,0.001579637755639851,0.002386027481406927
B0,C_NO_H,63,12,0.0002091800924972631,0.0002259771354147233,0.0022293830988928676,0.004154021735303104,0.001509069639723748,0.001638764573726803,0.0024870147462934256
B0,C_NO_H,64,12,0.00020901822426822037,0.00023665831395192072,0.002207551267929375,0.004211924271658063,0.0014372779405675828,0.0024889124324545264,0.0025977797340601683
B0,C_NO_H,65,12,0.00020872310415143147,0.0002116401883540675,0.0022101637441664934,0.004945811349898577,0.0014301263727247715,0.00174348073778674,0.002471205545589328
B0,C_NO_H,66,12,0.00020763913926202804,0.00021616659796563908,0.0022078106412664056,0.004484071861952543,0.0014139282866381109,0.0015086778439581394,0.002290771808475256
B0,C_NO_H,67,12,0.0002074536168947816,0.00022099288617027923,0.0021972100948914886,0.004695092793554068,0.0014752951101399958,0.0020082106348127127,0.0023247356293722987
B0,C_NO_H,68,12,0.00020793533622054383,0.00023574486112920567,0.0021983333863317966,0.004802810377441347,0.0013835252611897886,0.0022980019566603005,0.002303962246514857
B0,C_NO_H,69,12,0.00020765444787684828,0.0002119658383890055,0.002192295272834599,0.004745651036500931,0.0013663020799867809,0.001509163761511445,0.002462181728333235
B0,C_NO_H,70,12,0.00020709798263851553,0.00021488226047949865,0.002183200209401548,0.004316758248023689,0.001364045892842114,0.0016052445280365646,0.0021735202753916383
B0,C_NO_H,71,12,0.00020646028133342043,0.00021763677068520337,0.002163396216928959,0.004429157357662916,0.0013756310800090432,0.0023923198459669948,0.0017138748080469668
B0,C_NO_H,72,12,0.00020634748943848535,0.0002343919113627635,0.0021397073287516832,0.004148755455389619,0.0014415608602575958,0.0023218748392537236,0.0017971786437556148
B0,C_NO_H,73,12,0.00020532884082058445,0.00020912809850415215,0.0021218701149336994,0.00328049692325294,0.0013576433411799371,0.0015232275472953916,0.001625586417503655
B0,C_NO_H,74,12,0.0002038356542470865,0.00021198263129917905,0.0020991011406295,0.002981447265483439,0.0012558361049741507,0.0016554021276533604,0.0014453084440901875
B0,C_NO_H,75,12,0.00020287332881707698,0.00021452661167131737,0.0020667445496656,0.003632585285231471,0.0013716351240873337,0.0022722622961737216,0.0013726296019740403
B0,C_NO_H,76,12,0.00020295354624977335,0.00022988767159404233,0.0020480025559663773,0.0034486819058656693,0.0013498463667929173,0.002216208027675748,0.0013803847250528634
B0,C_NO_H,77,12,0.00020197400590404868,0.00020400682114996016,0.0020291804103180766,0.0030778980581089854,0.0012950997916050255,0.0014356388710439205,0.0013324447791092098
B0,C_NO_H,78,12,0.0002005360584007576,0.000208834586373996,0.0020149779738858342,0.0030517138075083494,0.0012501959572546184,0.0014076015213504434,0.0016134021570906043
B0,C_NO_H,79,12,0.0001998118095798418,0.00021118138101883233,0.002005356247536838,0.00353769154753536,0.0013542890083044767,0.0023398493649438024,0.0015981215983629227
B0,C_NO_H,80,12,0.00019942229118896648,0.00022466632799478248,0.00201111490605399,0.0033912736689671874,0.0013426310615614057,0.002320141065865755,0.0017466453718952835
B0,C_NO_H,81,12,0.00019827177311526611,0.00020067628065589815,0.0020328270620666444,0.0032968996092677116,0.001305023382883519,0.0014492453774437308,0.0015277147176675498
B0,C_NO_H,82,12,0.00019739715207833797,0.00020535451039904729,0.0020243426552042365,0.003338018897920847,0.0012660464271903038,0.0014073431375436485,0.0017589881899766624
B0,C_NO_H,83,12,0.00019667996821226552,0.00020789297559531406,0.0020063931588083506,0.003258929937146604,0.0012485817424021661,0.0018852782668545842,0.0015778177767060697
B0,C_NO_H,84,12,0.00019677144155139104,0.00022150316362967715,0.001985593349672854,0.00295889750123024,0.001448637107387185,0.001905785989947617,0.0013427332742139697
B0,C_NO_H,85,12,0.00019601528765633702,0.0001983836482395418,0.001968264055904001,0.0030163686024025083,0.0013485594536177814,0.0014972644858062267,0.0014950649929232895
B0,C_NO_H,86,12,0.0001948482749867253,0.000202875082322862,0.001957622589543462,0.0029172119684517384,0.0013727773330174387,0.0013281768769957125,0.001500271784607321
B0,C_NO_H,87,12,0.00019424661877565086,0.00020503320411080495,0.0019535364117473364,0.0030135425040498376,0.001414904196280986,0.0020726086804643273,0.0013707869220525026
B0,C_NO_H,88,12,0.00019386628991924226,0.00021826088050147519,0.0019407407380640507,0.0028688657330349088,0.0012626915122382343,0.0016544210375286639,0.0013169581652618945
B0,C_NO_H,89,12,0.00019289238844066858,0.00019522878574207425,0.0019325302564539015,0.0030403699493035674,0.0013332921080291271,0.001389355631545186,0.0015612199204042554
B0,C_NO_H,90,12,0.00019232627528253943,0.0002003842528210953,0.001930468890350312,0.0028103278018534184,0.0012715989141725004,0.0013296504621393979,0.0016547859413549304
B0,C_NO_H,91,12,0.00019257801614003256,0.00020371846767375246,0.0019353644456714392,0.002901062252931297,0.001341596245765686,0.0020219916477799416,0.001561483833938837
B0,C_NO_H,92,12,0.00019295471429359168,0.00021816555818077177,0.0019355956465005875,0.0029278550064191222,0.0012719281949102879,0.0016485345549881458,0.0016369812656193972
B0,C_NO_H,93,12,0.0001931481674546376,0.0001965593473869376,0.001922721741721034,0.003143412875942886,0.0012797813396900892,0.0016361300949938595,0.0015677211340516806
B0,C_NO_H,94,12,0.00019371826783753932,0.0002008716037380509,0.0019412352121435106,0.0029191073263064027,0.0012385192094370723,0.0014227221836335957,0.00162755063502118
B0,C_NO_H,95,12,0.0001936343323905021,0.00020474912889767438,0.0019659855170175433,0.002917673089541495,0.0014304115320555866,0.0019265211885794997,0.001553493901155889
B0,C_NO_H,96,12,0.00019457635789876804,0.00021894755627727136,0.0019874273566529155,0.0031742510618641973,0.0013312221853993833,0.0018709637806750834,0.0014175098040141165
B0,C_NO_H,97,12,0.00019499995687510818,0.00019886018708348274,0.002005022019147873,0.0031422029715031385,0.0013362692552618682,0.001442919427063316,0.0014233593828976154
B0,C_NO_H,98,12,0.00019545335817383602,0.00020120793487876654,0.0020259347511455417,0.002935421885922551,0.001337240042630583,0.0016986161936074495,0.0014098091050982475
B0,C_NO_H,99,12,0.00019622629770310596,0.00020617157861124724,0.002058168640360236,0.002976257586851716,0.0013894946896471083,0.0022716071689501405,0.001316394773311913
B0,C_NO_H,100,12,0.00019686444284161553,0.00022125771647552028,0.0020794273586943746,0.002985117374919355,0.0013881551567465067,0.00171414710348472,0.0013731304788962007
B0,C_NO_H,101,12,0.00019744163000723347,0.00020178126578684896,0.002105093444697559,0.0032574753277003765,0.0013912375434301794,0.0019426814978942275,0.001272107707336545
B0,C_NO_H,102,12,0.0001963137838174589,0.00020116601808695123,0.0021188276587054133,0.0027640705229714513,0.0013571502058766782,0.0015813192585483193,0.0011125305318273604
B0,C_NO_H,103,12,0.0001952965249074623,0.00020447204587981105,0.002127947984263301,0.0028172300662845373,0.0013516973122023046,0.0021548833465203643,0.0010733063973020762
B0,C_NO_H,104,12,0.00019487537065288052,0.00021885776368435472,0.0021496694535017014,0.003304491168819368,0.001344313786830753,0.002090844383928925,0.0009857110271696001
B0,C_NO_H,105,12,0.00019506715034367517,0.00019777244597207755,0.0021782442927360535,0.0028940418269485235,0.001342121628113091,0.0014065245632082224,0.0010065455571748316
B0,C_NO_H,106,12,0.00019579199579311535,0.00019943561346735805,0.0022073955042287707,0.002699604840017855,0.0013498080661520362,0.001562710152938962,0.0010932088480331004
B0,C_NO_H,107,12,0.00019669147877721116,0.00020439038780750707,0.002235316438600421,0.00319942319765687,0.001394374412484467,0.002498949528671801,0.0009984088537748903
B0,C_NO_H,108,12,0.00019717444956768304,0.0002199814116465859,0.002264495473355055,0.0031013054540380836,0.0014012756291776896,0.002115658193361014,0.0009122075280174613
B0,C_NO_H,109,12,0.000197822337213438,0.00020060291717527434,0.0022926470264792442,0.003164670313708484,0.0014585488243028522,0.0019071384449489415,0.0008384975662920624
B0,C_NO_H,110,12,0.00019565240654628724,0.0001991608223761432,0.0023188343038782477,0.0025225469726137817,0.0013675938243977726,0.0015568843809887767,0.0009341637196484953
B0,C_NO_H,111,12,0.00019473754218779504,0.00020328586833784357,0.002329588867723942,0.003039285773411393,0.0013821282773278654,0.002261923742480576,0.0008374650496989489
B0,C_NO_H,112,12,0.0001944707182701677,0.00021521841699723154,0.0023394915042445064,0.0027789646992459893,0.0013585872948169708,0.0018053268431685865,0.0009277833451051265
B0,C_NO_H,113,12,0.00019380894082132727,0.0001971178498934023,0.0023639730643481016,0.002687214408069849,0.00135106744710356,0.0013993241009302437,0.0011081724078394473
B0,C_NO_H,114,12,0.00019378231809241697,0.00019720742420759052,0.0023670908994972706,0.0024802733096294105,0.0013621547841466963,0.0015915710246190429,0.0008680964820086956
B0,C_NO_H,115,12,0.0001942437156685628,0.00020349612168502063,0.002375485608354211,0.002727962681092322,0.0013161037932150066,0.0019443496130406857,0.0007788373332004994
B0,C_NO_H,116,12,0.00019541745859896764,0.00021000337437726557,0.0023824679665267467,0.0028340828139334917,0.0013195242499932647,0.0016067041433416307,0.0007399567984975874
B0,C_NO_H,117,12,0.00019565437833080068,0.00019999076903332025,0.0024009967455640435,0.0032105724094435573,0.0013532426673918962,0.0020617994596250355,0.0009220092906616628
B0,C_NO_H,118,12,0.0001941888840519823,0.0001982138492166996,0.0023944616550579667,0.0025975098251365125,0.001321164338150993,0.0016103523084893823,0.0009184689552057534
B0,C_NO_H,119,12,0.00019283009169157594,0.00020311794651206583,0.0023939776001498103,0.0028847401263192296,0.0013694731460418552,0.001938248926308006,0.0008826136181596667
B0,C_NO_H,120,12,0.0001934901374625042,0.00020504530402831733,0.0024113469989970326,0.0029545241268351674,0.0013830810494255275,0.0017611616058275104,0.000807038537459448
B0,C_NO_H,121,12,0.00019332798547111452,0.00019762248848564923,0.002421475131995976,0.0025860292371362448,0.0013911968271713704,0.0013559632352553308,0.0008169198117684573
B0,C_NO_H,122,12,0.0001931433071149513,0.00019831592362606898,0.0024478783598169684,0.002362221945077181,0.0013661935809068382,0.0015623261569999158,0.0011096001835539937
B0,C_NO_H,123,12,0.00019213652558391914,0.00020199938444420695,0.0024706090334802866,0.0026705096242949367,0.0013326180051080883,0.0019692155183292925,0.000993875612039119
B0,C_NO_H,124,12,0.00019169957522535697,0.00020248065993655473,0.0024891654029488564,0.002606269670650363,0.001338766363915056,0.0016305382596328855,0.0009503251640126109
B0,C_NO_H,125,12,0.00019139427604386583,0.00020212248637108132,0.0024955045664682984,0.0030938369454815984,0.0013278963160701096,0.0021417319658212364,0.001008175138849765
B0,C_NO_H,126,12,0.00019148243154631928,0.0002012420809478499,0.002495590946637094,0.0024473124649375677,0.0013077568146400154,0.0016322473529726267,0.000785283773439005
B0,C_NO_H,127,12,0.00019028817041544244,0.00020059184316778556,0.0025182978715747595,0.0029373628785833716,0.0011845446424558759,0.002006838272791356,0.0009837759425863624
B0,C_NO_H,128,12,0.00019038753816857934,0.00020138714171480387,0.0025538719492033124,0.003017009934410453,0.0012797306990250945,0.001953154685907066,0.0008007101132534444
B0,C_NO_H,129,12,0.00018973214173456654,0.00020132073404965922,0.0025906151859089732,0.002379353391006589,0.001352384511847049,0.0013795345439575613,0.0006967783847358078
B0,C_NO_H,130,12,0.0001892256404971704,0.00020103489805478603,0.0026185307651758194,0.002445717458613217,0.0013403416378423572,0.00168766884598881,0.000894614786375314
B0,C_NO_H,131,12,0.00018877748516388237,0.00019874228746630251,0.0026659752475097775,0.002452257089316845,0.0012388564355205745,0.0018848249455913901,0.0010410553659312427
B0,C_NO_H,132,12,0.00018843488214770332,0.00019928561232518405,0.002708681393414736,0.0030403390992432833,0.0012542644399218261,0.002018086612224579,0.0010303406161256135
B0,C_NO_H,133,12,0.00018839269614545628,0.00019977902411483228,0.002739256131462753,0.00301624764688313,0.001602721051312983,0.0019124604295939207,0.000980615383014083
B0,C_NO_H,134,12,0.00018789488240145147,0.00019928213441744447,0.002772609004750848,0.0022151534212753177,0.0013038465986028314,0.0015819200198166072,0.0008618759748060256
B0,C_NO_H,135,12,0.00018756095232674852,0.000198147667106241,0.002776738489046693,0.0025582308880984783,0.0013201303663663566,0.0017664905171841383,0.0009094133565668017
B0,C_NO_H,136,12,0.0001877483882708475,0.000198766756511759,0.0027741154190152884,0.0029681380838155746,0.001192866504425183,0.001880371361039579,0.000906110682990402
B0,C_NO_H,137,12,0.00018854910740628839,0.00020065418357262388,0.002746489946730435,0.0025837377179414034,0.0013373160036280751,0.0014019655645824969,0.0010830835672095418
B0,C_NO_H,138,12,0.0001889016930363141,0.00020012503227917477,0.002746464218944311,0.0021022671135142446,0.0012855316163040698,0.0015953099937178195,0.0009981606563087553
B0,C_NO_H,139,12,0.00018900464056059718,0.00019945103849750012,0.0027281560469418764,0.002308818802703172,0.0011506731389090419,0.001681602152530104,0.0009585461230017245
B0,C_NO_H,140,12,0.00018926900520455092,0.00020043631957378238,0.0027118015568703413,0.002486061421222985,0.0011367590923327953,0.0017723318305797875,0.0011248706723563373
B0,C_NO_H,141,12,0.0001895842724479735,0.00020173883967800066,0.0026897492352873087,0.0024864502483978868,0.0011549988121259958,0.0012738170335069299,0.0010001644841395319
B0,C_NO_H,142,12,0.00018976917635882273,0.00020057656365679577,0.0026741959154605865,0.0023240128066390753,0.0011284718057140708,0.0016582541866227984,0.001083402894437313
B0,C_NO_H,143,12,0.00018936064589070156,0.0002005046553676948,0.0026486790738999844,0.0022379609290510416,0.0011444835690781474,0.001735439756885171,0.0009850304631981999
B0,C_NO_H,144,12,0.00018998619634658098,0.0002005972564802505,0.002637887722812593,0.0024168690433725715,0.0012695487821474671,0.0014426097623072565,0.001016234076814726
B0,C_NO_H,145,12,0.0001917522822623141,0.00020404565293574706,0.002622793195769191,0.002301049418747425,0.0011217250139452517,0.0012741783866658807,0.0009548663510940969
B0,C_NO_H,146,12,0.00019350564252818003,0.00020610386854968965,0.002616764628328383,0.0022614712361246347,0.0011933438363485038,0.0015545873320661485,0.0009732359612826258
B0,C_NO_H,147,12,0.0001964876428246498,0.00020732369011966512,0.0026137448148801923,0.0021749004954472184,0.0011997721157968044,0.0016352193197235465,0.0009525588247925043
B0,C_NO_H,148,12,0.0001982678732019849,0.00020877351926174015,0.0026109502650797367,0.0026364880613982677,0.0012860495480708778,0.0014320654445327818,0.0008487812883686274
B0,C_NO_H,149,12,0.0001981547975447029,0.00021054471289971843,0.002611132455058396,0.002759723225608468,0.0013392227701842785,0.0017953094211407006,0.0008534562075510621
B0,C_NO_H,150,12,0.0001949695506482385,0.00020737265003845096,0.002617160906083882,0.002600798266939819,0.0011887112050317228,0.001986551797017455,0.0008036701183300465
B0,C_NO_H,151,12,0.00018976709543494508,0.00020121165289310738,0.0026225789915770292,0.0023118036333471537,0.001273397181648761,0.001669950201176107,0.0008460172393824905
B0,C_NO_H,152,12,0.00018674993043532595,0.00019733385124709457,0.0026304469211027026,0.0025735824601724744,0.0012607703101821244,0.0013732507359236479,0.0008162210579030216
B0,C_NO_H,153,12,0.00018526538769947365,0.00019785812037298456,0.002632487565279007,0.002463493379764259,0.0012152938288636506,0.001221671816892922,0.0008779468480497599
B0,C_NO_H,154,12,0.00018522075697546825,0.00019714290101546794,0.0026378168258816004,0.0021497912821359932,0.0011902414844371378,0.001351378159597516,0.0007284644816536456
B0,C_NO_H,155,12,0.0001856639501056634,0.00019693099602591246,0.0026437450433149934,0.002187941689044237,0.0011204691836610436,0.0015854916418902576,0.0008346544345840812
B0,C_NO_H,156,12,0.0001859779004007578,0.0001966337949852459,0.002638624282553792,0.0025576853659003973,0.0011648108484223485,0.0015963747864589095,0.0010453240247443318
B0,C_NO_H,157,12,0.00018775891658151522,0.00019991337467217818,0.0026406815741211176,0.0026682275347411633,0.0011135850218124688,0.0015859216218814254,0.0011040039244107902
B0,C_NO_H,158,12,0.00018885984900407493,0.00020165548630757257,0.0026362560456618667,0.0023588910698890686,0.0012943457695655525,0.0013982042437419295,0.0008906651055440307
B0,C_NO_H,159,12,0.00018647554679773748,0.0001982218454941176,0.002623863401822746,0.002309966366738081,0.001133255660533905,0.001583559496793896,0.0007858426833990961
B0,C_NO_H,160,12,0.00018416428792988881,0.00019518272893037647,0.0026144332950934768,0.002503357594832778,0.001154088182374835,0.0016934636514633894,0.001143659756053239
B0,C_NO_H,161,12,0.00018185412045568228,0.00019402850011829287,0.0026023954851552844,0.002170642139390111,0.0011595774558372796,0.001159189734607935,0.0009281183301936835
B0,C_NO_H,162,12,0.00018078284483635798,0.00019239098037360236,0.0025913796853274107,0.0020788447000086308,0.0011115537490695715,0.0012951517710462213,0.0009254417091142386
B0,C_NO_H,163,12,0.00017930679314304143,0.00019162170065101236,0.00257080199662596,0.002200851566158235,0.001136136765126139,0.0016681875567883253,0.0007654063811060041
B0,C_NO_H,164,12,0.00017851473239716142,0.00018985966016771272,0.0025641204556450248,0.002297963947057724,0.0010922346264123917,0.0014762794598937035,0.0009855040407273918
B0,C_NO_H,165,12,0.00017845513502834365,0.00018938934954348952,0.0025533761363476515,0.0021328070433810353,0.0011192704550921917,0.0011925342259928584,0.0008683709020260721
B0,C_NO_H,166,12,0.00017816211038734764,0.0001895617097034119,0.0025415989803150296,0.0021353651536628604,0.0011551741044968367,0.0013065679231658578,0.0007439340115524828
B0,C_NO_H,167,12,0.0001783259431249462,0.00019084195810137317,0.0025314645608887076,0.002153943059965968,0.0011183326714672148,0.0015888132038526237,0.000874763005413115
B0,C_NO_H,168,12,0.0001787567016435787,0.00018997376901097596,0.0025249882601201534,0.0022638150257989764,0.001079243142157793,0.0014326171949505806,0.0009060861775651574
B0,C_NO_H,169,12,0.00017948781896848232,0.00019040093320654705,0.0025303829461336136,0.0021579068852588534,0.0011210934026166797,0.0011642578756436706,0.0009026502084452659
B0,C_NO_H,170,12,0.00017952507187146693,0.0001902591611724347,0.002533622202463448,0.0022381071466952562,0.0011371011496521533,0.001425240421667695,0.0010736139956861734
B0,C_NO_H,171,12,0.0001778516743797809,0.00018965134222526103,0.0025376687990501523,0.002225363627076149,0.0011028462322428823,0.001565123617183417,0.001094682258553803
B0,C_NO_H,172,12,0.00017589887283975258,0.00018726861162576824,0.0025448919041082263,0.0022335853427648544,0.0011416654451750219,0.0014786062529310584,0.0009577855817042291
B0,C_NO_H,173,12,0.00017500005924375728,0.00018557924340711907,0.002561161178164184,0.0021544937044382095,0.001112080120947212,0.0011271132389083505,0.001055287750205025
B0,C_NO_H,174,12,0.00017411114095011726,0.000184605763934087,0.0025748113403096795,0.002112856018356979,0.0010797230061143637,0.0012555720750242472,0.0009303832775913179
B0,C_NO_H,175,12,0.00017329544789390638,0.00018471034854883328,0.0025872911792248487,0.002262818394228816,0.0010761161101981997,0.0015380240511149168,0.0010731020011007786
B0,C_NO_H,176,12,0.0001726312402752228,0.0001831444096751511,0.002585980109870434,0.0024146323557943106,0.00116527738282457,0.0015725811826996505,0.001102058682590723
B0,C_NO_H,177,12,0.00017235187988262624,0.00018305655248695984,0.0025936898309737444,0.0025715127121657133,0.00119027093751356,0.0016568980063311756,0.0008304798102471977
B0,C_NO_H,178,12,0.0001724897083477117,0.00018247283878736198,0.0025797701673582196,0.002192229381762445,0.0011218274594284594,0.0014048544107936323,0.000961142621235922
B0,C_NO_H,179,12,0.0001718491257634014,0.0001821615733206272,0.0025718447286635637,0.0021604783833026886,0.0010464001097716391,0.0014515038346871734,0.0009317130607087165
B0,C_NO_H,180,12,0.00017137607937911525,0.00018149199604522437,0.0025581703521311283,0.00231360737234354,0.0010283584706485271,0.0015010281349532306,0.0008285853546112776
B0,C_NO_H,181,12,0.00017164176824735478,0.0001827225278248079,0.002555975108407438,0.00206186028663069,0.0010536480695009232,0.0011366531834937632,0.0008166097686626017
B0,C_NO_H,182,12,0.00017139223200501874,0.0001816782241803594,0.002562174340710044,0.0020119809778407216,0.0011007479042746127,0.0012887567863799632,0.000950988382101059
B0,C_NO_H,183,12,0.00017074916104320437,0.00018085922056343406,0.0025652573676779866,0.002082294085994363,0.001112935016863048,0.001366302603855729,0.0010241935960948467
B0,C_NO_H,184,12,0.00016990245057968423,0.00018000472482526675,0.0025668597081676126,0.0023052276810631156,0.0011185130570083857,0.001501418650150299,0.000979151256615296
B0,C_NO_H,185,12,0.00016914268780965358,0.00018137557344743982,0.0025658782105892897,0.002454008674249053,0.001177574333269149,0.0011880075326189399,0.0012256564805284142
B0,C_NO_H,186,12,0.00016885094373719767,0.00017904759442899376,0.0025731046916916966,0.0020725614158436656,0.0011344391969032586,0.0012849125196225941,0.001024733588565141
B0,C_NO_H,187,12,0.00016729411436244845,0.0001774749398464337,0.0025737059768289328,0.0022694995859637856,0.0011407001875340939,0.001632512139622122,0.0011506025912240148
B0,C_NO_H,188,12,0.0001669862394919619,0.00017641065642237663,0.0025734812952578068,0.002253245795145631,0.0010902351350523531,0.0015061867306940258,0.0010071219294331968
B0,C_NO_H,189,12,0.00016616311040706933,0.0001782830586307682,0.002575480844825506,0.0022493661381304264,0.0010886721720453352,0.0013157895882613957,0.001061672024661675
B0,C_NO_H,190,12,0.000166043930221349,0.0001758967264322564,0.002576335216872394,0.002050757291726768,0.0011170893849339336,0.0012961974134668708,0.0009865981992334127
B0,C_NO_H,191,12,0.00016575462359469384,0.00017565488815307617,0.002590229967609048,0.002032119664363563,0.0010962804080918431,0.0014792524161748588,0.000936576136155054
B0,C_NO_H,192,12,0.00016532505833311006,0.00017536400991957635,0.0025993325980380177,0.002089354849886149,0.0011034387280233204,0.0013866635272279382,0.0009541114850435406
B0,C_NO_H,193,12,0.0001660091438679956,0.0001767758949426934,0.0026306973304599524,0.002253435261081904,0.0010990040027536452,0.0013245496083982289,0.0010271526698488742
B0,C_NO_H,194,12,0.0001663740840740502,0.00017695935093797743,0.002651082118973136,0.0024571492103859782,0.0010801223979797214,0.0014580668066628277,0.0011669183732010424
B0,C_NO_H,195,12,0.00016588369908276945,0.00017557290266267955,0.0026614274829626083,0.002236945554614067,0.0010339876462239772,0.0015447367914021015,0.0012443893356248736
B0,C_NO_H,196,12,0.00016526789841009304,0.00017441051022615284,0.002671304391697049,0.002126287785358727,0.0010938294581137598,0.0013275165692903101,0.0008882549591362476
B0,C_NO_H,197,12,0.0001653386643738486,0.00017517683590995148,0.0026858504861593246,0.0019518057233653963,0.0010417234734632075,0.0012209929409436882,0.0009038546122610569
B0,C_NO_H,198,12,0.00016480853810207918,0.00017610519716981798,0.0026815650053322315,0.002141530509106815,0.0011532894859556109,0.0011647393112070858,0.0009302225953433663
B0,C_NO_H,199,12,0.00016446589143015444,0.00017452613974455744,0.0026800131890922785,0.002166002639569342,0.0011836381163448095,0.0014615497784689069,0.0008768675033934414
B0,C_NO_H,200,12,0.00016412443801527843,0.00017347440007142723,0.0026625230675563216,0.0021109043154865503,0.001094501552870497,0.0013777901767753065,0.000890123366843909
B0,C_NO_H,201,12,0.00016389475058531389,0.00017322268104180694,0.0026574503863230348,0.00232898339163512,0.00108880182961002,0.0016079675406217575,0.0007996657222975045
B0,C_NO_H,202,12,0.00016428460367023945,0.0001760220475262031,0.002656239434145391,0.0021334977354854345,0.0010896384774241596,0.0013616051874123514,0.0008082272252067924
B0,C_NO_H,203,12,0.00016398296429542825,0.00017371806461596861,0.002666217042133212,0.0021391230984590948,0.0010323890601284802,0.0014639316941611469,0.0007759715663269162
B0,C_NO_H,204,12,0.0001635136504773982,0.00017300883337156847,0.002669067238457501,0.0023117197561077774,0.0011377562768757343,0.0016242701676674187,0.0008184299513231963
B0,C_NO_H,205,12,0.00016370483353966847,0.00017233377002412453,0.002671967726200819,0.00205478462157771,0.0010659865802153945,0.0012722683022730052,0.0009374612127430737
B0,C_NO_H,206,12,0.00016418903396697715,0.00017610030772630125,0.002685103565454483,0.0021350490860641003,0.0011168897617608309,0.0014298248570412397,0.0009604718361515552
B0,C_NO_H,207,12,0.00016385011986130849,0.0001738943756208755,0.0026903917314484715,0.00213325530057773,0.0011269546230323613,0.001542143349070102,0.0008222850447054952
B0,C_NO_H,208,12,0.000163779390277341,0.0001725532638374716,0.0027078964048996568,0.002188422717154026,0.0011290324619039893,0.001456898811738938,0.0009901965677272528
B0,C_NO_H,209,12,0.00016405129281338304,0.00017224194016307592,0.0027249265694990754,0.0022072778083384037,0.00108880246989429,0.0012504234910011292,0.00098885185434483
B0,C_NO_H,210,12,0.00016447962843813002,0.00017735180881572887,0.002746124751865864,0.002548772026784718,0.0012146502849645913,0.0017459549708291888,0.0010037208558060229
B0,C_NO_H,211,12,0.00016353107639588416,0.00017333323194179684,0.002760942094027996,0.0023127058520913124,0.001159456092864275,0.001489765418227762,0.0009554422867950052
B0,C_NO_H,212,12,0.0001626074154046364,0.0001725871770759113,0.0027610808610916138,0.0020723706111311913,0.001151402189861983,0.001406923751346767,0.0009194851736538112
B0,C_NO_H,213,12,0.0001626358862267807,0.00017075823416234925,0.0027681898791342974,0.002020984422415495,0.0011050210159737617,0.001209634356200695,0.0009438795677851886
B0,C_NO_H,214,12,0.0001637817913433537,0.00017556147213326767,0.0027657977771013975,0.0021305634872987866,0.0010759532160591334,0.0013093379675410688,0.0009682329546194524
B0,C_NO_H,215,12,0.00016404625785071403,0.00017458081129007041,0.002762835123576224,0.0021262437221594155,0.0011204964248463511,0.0012964855995960534,0.0008221041061915457
B0,C_NO_H,216,12,0.00016462724306620657,0.00017534811195218936,0.0027428922476246953,0.002248544478788972,0.0011152392253279686,0.0015227024559862912,0.0009837440156843513
B0,C_NO_H,217,12,0.00016526904801139608,0.00017354901501676068,0.00274516677018255,0.002349864924326539,0.0011162190057802945,0.0015899116988293827,0.0010130837617907673
B0,C_NO_H,218,12,0.00016505178064107895,0.00017750801634974778,0.0027445172891020775,0.002392674097791314,0.0011427054414525628,0.0015471731312572956,0.0007871843699831516
B0,C_NO_H,219,12,0.00016417656297562644,0.00017431140440749004,0.0027550250524654984,0.0022024919744580984,0.0012515780399553478,0.0013732860097661614,0.0008813326712697744
B0,C_NO_H,220,12,0.0001636030137888156,0.00017443935212213546,0.0027717187767848372,0.0022141385707072914,0.0011599461431615055,0.001495501899626106,0.0007891414861660451
B0,C_NO_H,221,12,0.00016358312859665602,0.00017196126282215118,0.0027703159721568227,0.002229437988717109,0.0011649669613689184,0.0012344226124696434,0.0008600717119406909
B0,C_NO_H,222,12,0.00016461724590044469,0.0001763614927767776,0.002763120108284056,0.0020892337197437882,0.0011931441840715706,0.001358172157779336,0.0008949402545113117
B0,C_NO_H,223,12,0.00016447319649159908,0.0001755032644723542,0.002755461377091706,0.0022200276143848896,0.0011805077665485442,0.0015413073124364018,0.0008993821393232793
B0,C_NO_H,224,12,0.00016482577484566718,0.00017691854009171948,0.0027527710190042853,0.002143431920558214,0.0011537287500686944,0.0014854409382678568,0.0010100014915224165
B0,C_NO_H,225,12,0.0001650815102038905,0.000174587985384278,0.002735704882070422,0.00208571192342788,0.0011453120969235897,0.0014272713451646268,0.0006928362417966127
B0,C_NO_H,226,12,0.0001647488388698548,0.00017859251966001466,0.0027253308799117804,0.0022854760754853487,0.001165071444120258,0.00146039406536147,0.0007942164957057685
B0,C_NO_H,227,12,0.00016378414147766307,0.00017535945517010987,0.002720237825997174,0.002308444119989872,0.0011222336324863136,0.0014386531547643244,0.0007967531564645469
B0,C_NO_H,228,12,0.00016303927259286866,0.00017588079208508134,0.002710481290705502,0.0021167267113924026,0.0010951778094749898,0.0014174419920891523,0.0008088316826615483
B0,C_NO_H,229,12,0.00016293244698317721,0.0001732708769850433,0.0027074820827692747,0.002328130940441042,0.001120461180107668,0.0016881601768545806,0.0008228607475757599
B0,C_NO_H,230,12,0.00016407453222200274,0.0001772728282958269,0.0027089010691270232,0.0023230710066854954,0.001092783611966297,0.0014261971227824688,0.0008437407377641648
B0,C_NO_H,231,12,0.00016343020979547873,0.00017505525465821847,0.0027195896254852414,0.0020977870444767177,0.0011450329620856792,0.0013183209230192006,0.0008253249397967011
B0,C_NO_H,232,12,0.00016361520101781934,0.00017628912610234693,0.0027287668781355023,0.0023250439553521574,0.0011711620027199388,0.00139489775756374,0.0009137717133853585
B0,C_NO_H,233,12,0.0001642706702114083,0.0001757661666488275,0.002725372207351029,0.0022293520742096007,0.0011431185412220657,0.0014268422382883728,0.0009817091340664774
B0,C_NO_H,234,12,0.00016435138968518004,0.0001779134472599253,0.00272794917691499,0.002203306765295565,0.0011936562950722873,0.0014245325000956655,0.0009486175258643925
B0,C_NO_H,235,12,0.0001642807255848311,0.00017624344764044508,0.0027365213027223945,0.00230420078150928,0.0011328923283144832,0.0012721726088784635,0.0010056935134343803
B0,C_NO_H,236,12,0.0001649635742069222,0.00017810917779570445,0.002731302520260215,0.002318496466614306,0.0011632241948973387,0.0015577361918985844,0.0010519406641833484
B0,C_NO_H,237,12,0.00016560668882448226,0.0001772201430867426,0.0027429021429270506,0.002356817713007331,0.0011607406486291438,0.0015633487491868436,0.0011573544470593333
B0,C_NO_H,238,12,0.0001671671780059114,0.00018081480084219947,0.0027578396257013083,0.002524071605876088,0.0011817089398391545,0.001515322015620768,0.001204654690809548
B0,C_NO_H,239,12,0.0001675818784860894,0.00017880590894492343,0.0027589111123234034,0.002302732551470399,0.0012244269018992782,0.0013125611003488302,0.0009793081262614578
B0,C_NO_H,240,12,0.00016818023868836462,0.00018138543964596465,0.0027578158769756556,0.0023915530182421207,0.0011542569263838232,0.0016831959364935756,0.0009377005626447499
B0,C_NO_H,241,12,0.00016894500731723383,0.00018067879136651754,0.002769225975498557,0.002519633388146758,0.0011700851609930396,0.001645727374125272,0.001065150077920407
B0,C_NO_H,242,12,0.00016878726455615833,0.00018269303836859763,0.0027556977001950145,0.0022415921557694674,0.0011968972394242883,0.001397392654325813,0.0010370594100095332
B0,C_NO_H,243,12,0.00016761907318141311,0.0001789299785741605,0.0027588801458477974,0.002523061935789883,0.0011698987218551338,0.0014414144679903984,0.0008630055526737124
B0,C_NO_H,244,12,0.00016664077702444047,0.00017961380945052952,0.002766189747489989,0.0023313191486522555,0.001163531735073775,0.0014629410579800606,0.0009507370123174042
B0,C_NO_H,245,12,0.00016750724898884073,0.00017949802713701501,0.0027799428207799792,0.002302682143636048,0.0011492960038594902,0.0014576672692783177,0.000989324995316565
B0,C_NO_H,246,12,0.00016756553668528795,0.00018170097609981894,0.002799216192215681,0.0022577825002372265,0.0012039312859997153,0.0014077009400352836,0.001008650695439428
B0,C_NO_H,247,12,0.000167330916156061,0.00017746860976330936,0.0028010928072035313,0.0022123033413663507,0.0011810199357569218,0.0015121177420951426,0.000956897099968046
B0,C_NO_H,248,12,0.00016657116793794557,0.00017938281234819442,0.0028235240606591105,0.0024814173812046647,0.001170427887700498,0.0014985629823058844,0.0011931477929465473
B0,C_NO_H,249,12,0.000167467471328564,0.000180000854015816,0.002831269637681544,0.0024462889414280653,0.0012005215394310653,0.0013639795943163335,0.001042254560161382
B0,C_NO_H,250,12,0.00016895846056286246,0.00018361772526986897,0.002841030014678836,0.0022081066854298115,0.0012226392864249647,0.0013586602872237563,0.0010895963641814888
B0,C_NO_H,251,12,0.00016942650836426765,0.00018112970428774133,0.002828810131177306,0.0022640732349827886,0.001191617629956454,0.0014334454899653792,0.0012730666785500944
B0,C_NO_H,252,12,0.00016953211888903752,0.0001825746730901301,0.002838483196683228,0.0023955206852406263,0.0011574194650165737,0.0014937911182641983,0.0011416114284656942
B0,C_NO_H,253,12,0.00017015412595355883,0.00018300162628293037,0.0028321847785264254,0.0024144373601302505,0.0011758434120565653,0.0014120335690677166,0.0012421297142282128
B0,C_NO_H,254,12,0.00017019767255987972,0.00018536722927819937,0.002832554280757904,0.002283396548591554,0.0011881933896802366,0.001356131338980049,0.0010851876577362418
B0,C_NO_H,255,12,0.00016979050997179002,0.0001815496143535711,0.00284663587808609,0.0022879951866343617,0.0011558659607544541,0.0015309372101910412,0.0011217858409509063
B0,C_NO_H,256,12,0.00016992084420053288,0.0001830167748266831,0.0028721324633806944,0.0024633933790028095,0.0011968602193519473,0.0016275576781481504,0.0009630577696952969
B0,C_NO_H,257,12,0.00017040371312759817,0.0001826925144996494,0.0028878969606012106,0.0024228880647569895,0.0011792418081313372,0.0016270974883809686,0.0011767249670810997
B0,C_NO_H,258,12,0.00017161283176392317,0.0001862000353867188,0.0029339108150452375,0.0022470499388873577,0.0012257711496204138,0.0014811219880357385,0.0009714748885016888
B0,C_NO_H,259,12,0.0001719852298265323,0.00018264442769577727,0.0029537364607676864,0.0022040018811821938,0.0012081631575711071,0.0014929365133866668,0.0010797451250255108
B0,C_NO_H,260,12,0.00017229682998731732,0.0001848999090725556,0.003003479680046439,0.0025585723342373967,0.001248153334017843,0.0015725448029115796,0.001153663790319115
B0,C_NO_H,261,12,0.0001722160741337575,0.00018468110647518188,0.003039883798919618,0.002556046820245683,0.0012233832385390997,0.0015327433939091861,0.0012947312789037824
B0,C_NO_H,262,12,0.00017283425404457375,0.0001868453691713512,0.003093720180913806,0.002583833644166589,0.001290341024287045,0.0014319919282570481,0.0013579652877524495
B0,C_NO_H,263,12,0.00017070535250240937,0.0001821392070269212,0.0031383861787617207,0.0024978143628686666,0.0012958128936588764,0.001693287689704448,0.0011243449989706278
B0,C_NO_H,264,12,0.0001700611610431224,0.0001829894827096723,0.003153916448354721,0.0023700959281995893,0.0012920938897877932,0.0014592843945138156,0.001043999393004924
B0,C_NO_H,265,12,0.00017022871907101944,0.00018224438099423423,0.0031698511447757483,0.002609881805256009,0.0012656594044528902,0.001716483966447413,0.000977225397946313
B0,C_NO_H,266,12,0.0001710667638690211,0.00018428219482302666,0.0031857190188020468,0.002504018135368824,0.0012814529472962022,0.0014614294050261378,0.0010460515622980893
B0,C_NO_H,267,12,0.00017104077414842322,0.00018166768131777644,0.0031865258933976293,0.0023997073294594884,0.0012693170574493706,0.001613027008716017,0.001160407962743193
B0,C_NO_H,268,12,0.0001722338784020394,0.00018511498637963086,0.0032034014584496617,0.002413457608781755,0.001286720100324601,0.001496780721936375,0.001195309218019247
B0,C_NO_H,269,12,0.00017317616584477946,0.00018464543245499954,0.003220770275220275,0.0026269102236256003,0.0012625680537894368,0.0016658866661600769,0.0011512001510709524
B0,C_NO_H,270,12,0.00017413074965588748,0.00018703311798162758,0.003229436231777072,0.0024844513973221183,0.0012642647488974035,0.00152222765609622,0.0011714081629179418
B0,C_NO_H,271,12,0.00017360818310407922,0.0001836242590798065,0.0032241467852145433,0.0024454406229779124,0.0012616408639587462,0.0016884869546629488,0.0012656556791625917
B0,C_NO_H,272,12,0.00017284470959566534,0.00018608466780278832,0.003190119401551783,0.002664118306711316,0.0013032411807216704,0.001541036064736545,0.0013206835719756782
B0,C_NO_H,273,12,0.0001730768126435578,0.00018406196613796055,0.0031908020609989762,0.002794182044453919,0.0013050821144133806,0.0017074570059776306,0.0012273200554773211
B0,C_NO_H,274,12,0.00017307305097347125,0.00018584881036076695,0.0032058287179097533,0.0025631753960624337,0.0013125028926879168,0.0014796240138821304,0.001163981854915619
B0,C_NO_H,275,12,0.0001731847587507218,0.00018363660637987778,0.003232037997804582,0.002484555123373866,0.00131296826293692,0.001711231132503599,0.0011951548513025045
B0,C_NO_H,276,12,0.00017333005962427706,0.0001853235880844295,0.0032695214031264186,0.0025991732254624367,0.0013287717010825872,0.0015674764290452003,0.0010717238183133304
B0,C_NO_H,277,12,0.00017485081480117515,0.0001863585930550471,0.003292219480499625,0.0028648916631937027,0.0013385210768319666,0.001801445905584842,0.001056934823282063
B0,C_NO_H,278,12,0.00017606752226129174,0.00018850198102882132,0.003323812154121697,0.002796936547383666,0.0013306004693731666,0.0015439385315403342,0.001106001262087375
B0,C_NO_H,279,12,0.00017551416385686025,0.00018655821622814983,0.0033717951737344265,0.0028844019398093224,0.00132971623679623,0.0016474928706884384,0.0012584500946104527
B0,C_NO_H,280,12,0.00017548949836054817,0.00018773128249449655,0.0033914989326149225,0.0029699717415496707,0.0013587389257736504,0.0017502802656963468,0.0013123250100761652
B0,C_NO_H,281,12,0.00017611158546060324,0.00018736370839178562,0.003429695963859558,0.0030452675418928266,0.001351191836874932,0.001851363864261657,0.001521045051049441
B0,C_NO_H,282,12,0.00017705626669339836,0.0001905810204334557,0.0034747165627777576,0.002895571175031364,0.0014079089160077274,0.001640939386561513,0.0011443992261774838
B0,C_NO_H,283,12,0.00017787560500437394,0.0001903609954752028,0.0034951873822137713,0.0030407612212002277,0.0014065667055547237,0.0016909336554817855,0.0013229222386144102
B0,C_NO_H,284,12,0.00017850362200988457,0.00019179943774361163,0.003520899103023112,0.003182383254170418,0.001406352675985545,0.0016706109745427966,0.0013718349509872496
B0,C_NO_H,285,12,0.00017898019723361358,0.00019150981825077906,0.0035363881615921855,0.0031124160159379244,0.0013897562748752534,0.0018453496741130948,0.001220336533151567
B0,C_NO_H,286,12,0.0001804123749025166,0.0001936463377205655,0.0035510507877916098,0.0035182852298021317,0.0014872030587866902,0.0016561623779125512,0.0013324590399861336
B0,C_NO_H,287,12,0.00017024196131387725,0.00018345972785027698,0.0035717335995286703,0.0028241764521226287,0.001304606324993074,0.001932907965965569,0.001270063512492925
B0,C_NO_H,288,12,0.00016711436182959005,0.00018104071932611987,0.003495413577184081,0.00268754072021693,0.0013329249923117459,0.0016910767881199718,0.0013679420808330178
B0,C_NO_H,289,12,0.0001651104466873221,0.00017818757623899728,0.0034298987593501806,0.002813950995914638,0.0013153592590242624,0.0019786922493949533,0.001336337300017476
B0,C_NO_H,290,12,0.00016500852507306263,0.00017709715757519007,0.0034104292280972004,0.002907529938966036,0.0013973296154290438,0.0016013248241506517,0.0014123915461823344
B0,C_NO_H,291,12,0.00016521210636710748,0.0001784186897566542,0.0034055496798828244,0.0030899849953129888,0.0013007138622924685,0.0017336136079393327,0.0013183493283577263
B0,C_NO_H,292,12,0.00016571240121265873,0.00018043333693640307,0.0034720164258033037,0.0033710376592352986,0.0013465650263242424,0.0019036895246244967,0.0014609450590796769
B0,C_NO_H,293,12,0.000165954465046525,0.00017967593157663941,0.0035675406688824296,0.0032816302264109254,0.0012474501272663474,0.0019177140784449875,0.0013335137628018856
B0,C_NO_H,294,12,0.0001659668851061724,0.00017904247215483338,0.0036307225236669183,0.0030559226870536804,0.001321208372246474,0.0014982512220740318,0.0012490609078668058
B0,C_NO_H,295,12,0.00016592336760368198,0.0001803019258659333,0.0036180863389745355,0.0029242566088214517,0.0012674680328927934,0.0017773344879969954,0.0011616363190114498
B0,C_NO_H,296,12,0.00016616661741863936,0.00018046789045911282,0.003608855768106878,0.0027782729594036937,0.0013673136127181351,0.0017606511828489602,0.0013040635385550559
B0,C_NO_H,297,12,0.0001654452134971507,0.00017929580644704401,0.0035631705541163683,0.002649579895660281,0.0014031726750545204,0.0017751913401298225,0.0013361938763409853
B0,C_NO_H,298,12,0.00016550348664168268,0.0001782612962415442,0.0035785455256700516,0.0030588125810027122,0.0014062304398976266,0.0016370645025745034,0.0015189626137726009
B0,C_NO_H,299,12,0.00016516078176209703,0.00017851140728453174,0.0036153889959678054,0.0026666002813726664,0.0013771338853985071,0.0014821617514826357,0.001511851733084768
B0,C_NO_H,300,12,0.0001651309576118365,0.00017893564654514194,0.0036240648478269577,0.0031822624150663614,0.001252711343113333,0.0017059266683645546,0.0014144324231892824
B0,C_NO_H,301,12,0.00016468279500259086,0.00017857440980151296,0.003632917767390609,0.0035582189448177814,0.001285406353417784,0.002060448285192251,0.001545923121739179
B0,C_NO_H,302,12,0.00016463318024761975,0.0001776280623744242,0.003588038496673107,0.0030086117330938578,0.0014740664046257734,0.0016172814066521823,0.0014638336724601686
B0,C_NO_H,303,12,0.00016425951616838574,0.00017769703117664903,0.003590658539906144,0.0027278827037662268,0.001480553182773292,0.001872686028946191,0.0013341893791221082
B0,C_NO_H,304,12,0.00016397277067881078,0.00017795379972085357,0.003653216757811606,0.0027911800425499678,0.0014522872515954077,0.0015529414522461593,0.00143778434721753
B0,C_NO_H,305,12,0.00016434033022960648,0.0001776012359187007,0.0036739881616085768,0.0033175154821947217,0.001380918431095779,0.0018104384071193635,0.0015772239421494305
B0,C_NO_H,306,12,0.00016492389113409445,0.00017696039139991626,0.0036777033237740397,0.0031273039057850838,0.001322881958913058,0.001554930757265538,0.0014490431640297174
B0,C_NO_H,307,12,0.00016568255523452535,0.00017953466885956004,0.0036966975312680006,0.0031281078699976206,0.001149130577687174,0.0017711888067424297,0.0011602499871514738
B0,C_NO_H,308,12,0.00016549880092497915,0.0001801874823286198,0.003716305596753955,0.0032278092112392187,0.0012329423916526139,0.0017071120673790574,0.0013511769939213991
B0,C_NO_H,309,12,0.00016521571524208412,0.00017869259318104014,0.0037373469676822424,0.0030389963649213314,0.0013313290546648204,0.002034003264270723,0.0014597775298170745
B0,C_NO_H,310,12,0.00016529759159311652,0.00017642892635194585,0.003745157038792968,0.0032279056031256914,0.0015065224724821746,0.0015955637209117413,0.0012821615673601627
B0,C_NO_H,311,12,0.00016478357429150492,0.00017759905313141644,0.0037275729700922966,0.0027080565923824906,0.0013774685794487596,0.0014325593947432935,0.0014607133925892413
B0,C_NO_H,312,12,0.00016494985175086185,0.0001783783663995564,0.003656676155515015,0.0027448850451037288,0.0013004063512198627,0.0015535855782218277,0.001281851320527494
B0,C_NO_H,313,12,0.00016471270646434277,0.00017680160817690194,0.0036704764934256673,0.003081634291447699,0.0016666703158989549,0.00214854022487998,0.0013756711850874126
B0,C_NO_H,314,12,0.00016495981253683567,0.00017492539336672053,0.003664098563604057,0.0025685246801003814,0.0015855196979828179,0.0014558127149939537,0.0013946984545327723
B0,C_NO_H,315,12,0.00016530124412383884,0.00017855502665042877,0.003648634417913854,0.0030402386328205466,0.001638683199416846,0.0018201695056632161,0.0013935612514615059
B0,C_NO_H,316,12,0.00016588355356361717,0.00017908862355398014,0.0036221109330654144,0.0025467650266364217,0.0013805206981487572,0.0014542033313773572,0.0015750311431474984
B0,C_NO_H,317,12,0.0001662362046772614,0.00017873606702778488,0.003588670864701271,0.002543260925449431,0.0013309312053024769,0.0018157234298996627,0.0015316111384890974
B0,C_NO_H,318,12,0.0001660040652495809,0.00017544456932228059,0.0035575495567172766,0.0029823845252394676,0.0014783823862671852,0.0015493989340029657,0.0015240529319271445
B0,C_NO_H,319,12,0.00016553229943383485,0.0001785439671948552,0.0035359238972887397,0.002513724029995501,0.0014138845726847649,0.0016830352833494544,0.001475978409871459
B0,C_NO_H,320,12,0.00016399157175328583,0.00017723390919854864,0.003520255209878087,0.0027041456196457148,0.0011980978888459504,0.0014992377837188542,0.0012736322241835296
P,native_CP,0,12,3.0144835710525513,,,0.0,,,
P,native_CP,20,12,3.012584924697876,,,0.04173034429550171,,,
P,native_CP,40,12,2.9950568675994873,,,0.1258312426507473,,,
P,native_CP,60,12,2.9087655544281006,,,0.25972001999616623,,,
P,native_CP,80,12,2.5718246698379517,,,0.5179309844970703,,,
P,native_CP,100,12,1.6297675967216492,,,0.929183155298233,,,
P,native_CP,120,12,0.8538980185985565,,,0.7832396626472473,,,
P,native_CP,140,12,0.4011981785297394,,,0.4024103879928589,,,
P,native_CP,160,6,0.35668791830539703,,,0.337292805314064,,,
P,A2,0,12,,,,,,,
P,A2,40,12,0.11801615357398987,0.12160266190767288,,0.12779834121465683,,,
P,A2,80,12,0.05606129951775074,0.05672496743500233,,0.07967342436313629,,,
P,CP_W0,1,12,0.05533051677048206,0.051682792603969574,,0.07595320418477058,0.03911634534597397,0.048411231487989426,0.0
P,CP_W0,2,12,0.05426392890512943,0.05778162553906441,,0.07859973609447479,0.038704389706254005,0.04569484479725361,0.0
P,CP_W0,3,12,0.05312592722475529,0.05478569120168686,,0.07630275562405586,0.0379966776818037,0.051143815740942955,0.0
P,CP_W0,4,12,0.0520634800195694,0.05298205278813839,,0.07425377517938614,0.0374897588044405,0.050424572080373764,0.0
P,CP_W0,5,12,0.05115370452404022,0.04718444123864174,,0.0679384246468544,0.03682573698461056,0.04333976469933987,0.0
P,CP_W0,6,12,0.05025112070143223,0.054306669160723686,,0.07097865641117096,0.036269599571824074,0.0414190199226141,0.0
P,CP_W0,7,12,0.049326036125421524,0.05177220702171326,,0.06999857723712921,0.0355372428894043,0.04885321110486984,0.0
P,CP_W0,8,12,0.048458853736519814,0.049146706238389015,,0.06704715639352798,0.03476564958691597,0.04526882618665695,0.0
P,CP_W0,9,12,0.04756718873977661,0.043880047276616096,,0.06627487391233444,0.03407210670411587,0.041359225288033485,0.0
P,CP_W0,10,12,0.046831099316477776,0.051252953708171844,,0.06572606414556503,0.03355599753558636,0.03854898735880852,0.0
P,CP_W0,11,12,0.04603300616145134,0.04906722716987133,,0.06458532065153122,0.03295185975730419,0.047249142080545425,0.0
P,CP_W0,12,12,0.04529821313917637,0.04592989198863506,,0.061666421592235565,0.0323798842728138,0.04183255694806576,0.0
P,CP_W0,13,12,0.04453611373901367,0.0409944299608469,,0.061652567237615585,0.03186910226941109,0.03879532404243946,0.0
P,CP_W0,14,12,0.043847765773534775,0.048650454729795456,,0.06137687340378761,0.031454785726964474,0.03631353937089443,0.0
P,CP_W0,15,12,0.043077483773231506,0.046613309532403946,,0.05973551608622074,0.030798637308180332,0.04546975903213024,0.0
P,CP_W0,16,12,0.04247266985476017,0.043080445379018784,,0.05752195045351982,0.03019838035106659,0.03950121067464352,0.0
P,CP_W0,17,12,0.041806237772107124,0.03841954097151756,,0.057188980281353,0.02975295763462782,0.036534326151013374,0.0
P,CP_W0,18,12,0.04117772914469242,0.04625363275408745,,0.05741332471370697,0.029265278950333595,0.03453010134398937,0.0
P,CP_W0,19,12,0.04055418819189072,0.04448078013956547,,0.0556320883333683,0.02868801634758711,0.043225303292274475,0.0
P,CP_W0,20,12,0.03997923992574215,0.040599893778562546,,0.054038314148783684,0.02820210438221693,0.037716420367360115,0.0
P,CP_W0,21,12,0.03941320441663265,0.036015016958117485,,0.053213806822896004,0.02776510827243328,0.03446125239133835,0.0
P,CP_W0,22,12,0.03887253347784281,0.044104939326643944,,0.0539377648383379,0.027331206016242504,0.03313419036567211,0.0
P,CP_W0,23,12,0.038288057781755924,0.04253751412034035,,0.052034007385373116,0.026893800124526024,0.04116025008261204,0.0
P,CP_W0,24,12,0.03778865281492472,0.03844295162707567,,0.050781792029738426,0.026487809605896473,0.03589479997754097,0.0
P,CP_W0,25,12,0.037224640138447285,0.03424897417426109,,0.04965694434940815,0.026128025725483894,0.03254425898194313,0.0
P,CP_W0,26,12,0.03675921820104122,0.0421097781509161,,0.050552938133478165,0.025782385841012,0.031808714382350445,0.0
P,CP_W0,27,12,0.03626302070915699,0.04078446887433529,,0.04891435243189335,0.02541406825184822,0.03936523757874966,0.0
P,CP_W0,28,12,0.035776371136307716,0.0364645654335618,,0.04781228117644787,0.02500517014414072,0.03420955128967762,0.0
P,CP_W0,29,12,0.0352754071354866,0.0327503951266408,,0.04668564908206463,0.024619641713798046,0.030854664742946625,0.0
P,CP_W0,30,12,0.03488721512258053,0.04030166566371918,,0.047665951773524284,0.024348007515072823,0.03051701933145523,0.0
P,CP_W0,31,12,0.034439277835190296,0.03916049934923649,,0.046114351600408554,0.024005264043807983,0.03797847777605057,0.0
P,CP_W0,32,12,0.03402866329997778,0.03491275664418936,,0.044913383200764656,0.023678758181631565,0.032344523817300797,0.0
P,CP_W0,33,12,0.03361385501921177,0.03133588097989559,,0.044099632650613785,0.023419994860887527,0.029392756521701813,0.0
P,CP_W0,34,12,0.0332248592749238,0.038636110723018646,,0.04514359124004841,0.023121926933526993,0.029398499056696892,0.0
P,CP_W0,35,12,0.03279069438576698,0.0376668106764555,,0.04380933940410614,0.022803091444075108,0.03625655733048916,0.0
P,CP_W0,36,12,0.032398310489952564,0.03360206913203001,,0.04249982535839081,0.022500095888972282,0.031111964024603367,0.0
P,CP_W0,37,12,0.032070630230009556,0.030011500231921673,,0.04166875220835209,0.022238378413021564,0.02803406771272421,0.0
P,CP_W0,38,12,0.03170187119394541,0.03711508959531784,,0.04278622381389141,0.022004197351634502,0.028333439491689205,0.0
P,CP_W0,39,12,0.03135615773499012,0.03632211871445179,,0.04158591665327549,0.021697123534977436,0.03449123725295067,0.0
P,CP_W0,40,12,0.031016218475997448,0.03236342966556549,,0.04035641625523567,0.02139901928603649,0.029936800710856915,0.0
P,CP_W0,41,12,0.03068049903959036,0.02878919616341591,,0.03941900096833706,0.021126609295606613,0.026740720495581627,0.0
P,CP_W0,42,12,0.030324730090796947,0.03570111095905304,,0.041168373078107834,0.02097945660352707,0.027306411415338516,0.0
P,CP_W0,43,12,0.030103973113000393,0.03503686282783747,,0.04006570763885975,0.02069378737360239,0.03280620276927948,0.0
P,CP_W0,44,12,0.029806501232087612,0.0312541825696826,,0.03862610459327698,0.02038162760436535,0.029036874882876873,0.0
P,CP_W0,45,12,0.029524424113333225,0.027634533122181892,,0.03749438375234604,0.020173034630715847,0.02554985973984003,0.0
P,CP_W0,46,12,0.02929143700748682,0.03442473243921995,,0.039706144481897354,0.02000892348587513,0.026491260156035423,0.0
P,CP_W0,47,12,0.029014223255217075,0.03387600462883711,,0.03869164548814297,0.01972912810742855,0.03150048479437828,0.0
P,CP_W0,48,12,0.028749557211995125,0.030168993398547173,,0.036807624623179436,0.01943782437592745,0.027964821085333824,0.0
P,CP_W0,49,12,0.028512006625533104,0.02658158354461193,,0.035765739157795906,0.019246894866228104,0.024643968790769577,0.0
P,CP_W0,50,12,0.02826831117272377,0.03323970176279545,,0.03836836665868759,0.019070041365921497,0.025629605166614056,0.0
P,CP_W0,51,12,0.02803207002580166,0.03282406833022833,,0.037478432059288025,0.018844522535800934,0.030269972048699856,0.0
P,CP_W0,52,12,0.02781690564006567,0.029204806312918663,,0.03525152802467346,0.018659922759979963,0.02707873284816742,0.0
P,CP_W0,53,12,0.027554252184927464,0.025577858090400696,,0.03415304888039827,0.01843030611053109,0.023595210164785385,0.0
P,CP_W0,54,12,0.027324697002768517,0.032116472721099854,,0.0369906984269619,0.018264312762767076,0.02478022500872612,0.0
P,CP_W0,55,12,0.027130850590765476,0.03177481330931187,,0.03634193353354931,0.0180618055164814,0.029116669669747353,0.0
P,CP_W0,56,12,0.02688517514616251,0.028266511857509613,,0.03376026451587677,0.017846224829554558,0.026357083581387997,0.0
P,CP_W0,57,12,0.026678835973143578,0.024653272703289986,,0.03277149051427841,0.01768653839826584,0.022825111635029316,0.0
P,CP_W0,58,12,0.026453867554664612,0.03106735646724701,,0.03583927918225527,0.017522341571748257,0.02406498696655035,0.0
P,CP_W0,59,12,0.026268573477864265,0.0308529119938612,,0.035296679474413395,0.017313034739345312,0.02859220840036869,0.0
P,CP_W0,60,12,0.02606971561908722,0.02742953971028328,,0.03244456648826599,0.01716790348291397,0.025609766133129597,0.0
P,CP_W0,61,12,0.02586931362748146,0.02379283495247364,,0.03134781867265701,0.016977642197161913,0.021963108330965042,0.0
P,CP_W0,62,12,0.025645963847637177,0.030126716941595078,,0.03469519875943661,0.016826290171593428,0.023345707915723324,0.0
P,CP_W0,63,12,0.025472884066402912,0.030001829378306866,,0.034407432191073895,0.016664713621139526,0.02806797157973051,0.0
P,CP_W0,64,12,0.02526482380926609,0.026632240042090416,,0.031280108727514744,0.01653410866856575,0.024818412959575653,0.0
P,CP_W0,65,12,0.025089832954108715,0.022989164106547832,,0.03011347819119692,0.016395637299865484,0.021232791244983673,0.0
P,CP_W0,66,12,0.024889741092920303,0.02920978982001543,,0.03374141827225685,0.016192193143069744,0.022785764187574387,0.0
P,CP_W0,67,12,0.02472056820988655,0.02917248848825693,,0.033661617897450924,0.016050211153924465,0.02756522223353386,0.0
P,CP_W0,68,12,0.024538793601095676,0.025894776917994022,,0.030136060900986195,0.01585744647309184,0.024219955317676067,0.0
P,CP_W0,69,12,0.024370514787733555,0.022239367477595806,,0.02887469995766878,0.0156952366232872,0.020433739759027958,0.0
P,CP_W0,70,12,0.02417774498462677,0.028335382230579853,,0.03272922709584236,0.015573245473206043,0.022083723917603493,0.0
P,CP_W0,71,12,0.02400329429656267,0.028368341736495495,,0.032678126357495785,0.015457600820809603,0.026956100948154926,0.0
P,CP_W0,72,12,0.02386215329170227,0.02516073826700449,,0.029030428268015385,0.015281647443771362,0.023535842075943947,0.0
P,CP_W0,73,12,0.023666189052164555,0.021513639017939568,,0.027930542826652527,0.015192313119769096,0.019780206494033337,0.0
P,CP_W0,74,12,0.023508104495704174,0.027554353699088097,,0.03174472972750664,0.015051370020955801,0.02151605859398842,0.0
P,CP_W0,75,12,0.0233494620770216,0.027643568813800812,,0.031945123337209225,0.014914012048393488,0.02651069685816765,0.0
P,CP_W0,76,12,0.023173547349870205,0.02450395654886961,,0.02803054451942444,0.014709191862493753,0.022942954674363136,0.0
P,CP_W0,77,12,0.023021558299660683,0.020813774317502975,,0.026959520764648914,0.014583707321435213,0.019215605221688747,0.0
P,CP_W0,78,12,0.022895819507539272,0.026815221644937992,,0.030961387790739536,0.014503268990665674,0.021030849777162075,0.0
P,CP_W0,79,12,0.022730893455445766,0.026960989460349083,,0.031103838235139847,0.0143763842061162,0.025985789485275745,0.0
P,CP_W0,80,12,0.022574142552912235,0.02385432831943035,,0.027020620182156563,0.014215384144335985,0.022440975531935692,0.0
P,CP_W0,81,12,0.02244052290916443,0.020197050645947456,,0.026016398333013058,0.014073902741074562,0.018665104173123837,0.0
P,CP_W0,82,12,0.022296709939837456,0.026101103983819485,,0.030014237388968468,0.013984357472509146,0.020453269593417645,0.0
P,CP_W0,83,12,0.022138197906315327,0.026288358494639397,,0.030349855311214924,0.013863591011613607,0.02547499630600214,0.0
P,CP_W0,84,12,0.021986398845911026,0.023270179517567158,,0.026227268390357494,0.013768991455435753,0.022144870832562447,0.0
P,CP_W0,85,12,0.021857963874936104,0.019598310813307762,,0.02518071699887514,0.013642864767462015,0.018167681992053986,0.0
P,CP_W0,86,12,0.021724639926105738,0.025420810095965862,,0.029198793694376945,0.01353365508839488,0.020001424476504326,0.0
P,CP_W0,87,12,0.021566061303019524,0.025693085975944996,,0.029719083569943905,0.013427064754068851,0.024928942322731018,0.0
P,CP_W0,88,12,0.021462082397192717,0.02272197976708412,,0.025487065315246582,0.013275167904794216,0.021589582785964012,0.0
P,CP_W0,89,12,0.021322925575077534,0.019021667540073395,,0.0244056498631835,0.013164198026061058,0.01773898396641016,0.0
P,CP_W0,90,12,0.021190485451370478,0.024826960638165474,,0.028492668643593788,0.013042338192462921,0.019572751596570015,0.0
P,CP_W0,91,12,0.021038414910435677,0.02506712730973959,,0.029019754379987717,0.012934600003063679,0.024344921112060547,0.0
P,CP_W0,92,12,0.02088755276054144,0.02215796709060669,,0.024746795184910297,0.012815011665225029,0.021133082918822765,0.0
P,CP_W0,93,12,0.02076742658391595,0.018491776660084724,,0.023673568852245808,0.012726041488349438,0.01714039919897914,0.0
P,CP_W0,94,12,0.02060241298750043,0.0242344094440341,,0.027780544944107533,0.01262387540191412,0.019139179959893227,0.0
P,CP_W0,95,12,0.02048182673752308,0.02445127349346876,,0.028399263508617878,0.01254787715151906,0.02368255704641342,0.0
P,CP_W0,96,12,0.020316151902079582,0.021689878311008215,,0.024121440015733242,0.012437778059393167,0.02079822588711977,0.0
P,CP_W0,97,12,0.02018307289108634,0.017983328551054,,0.02299826592206955,0.012356295716017485,0.01662415685132146,0.0
P,CP_W0,98,12,0.020040825940668583,0.023648221977055073,,0.02715268451720476,0.012266285717487335,0.018718579784035683,0.0
P,CP_W0,99,12,0.019934992771595716,0.023815777152776718,,0.02795352041721344,0.012145298067480326,0.023173757828772068,0.0
P,CP_W0,100,12,0.019792624283581972,0.021203535608947277,,0.023394178599119186,0.012026730459183455,0.020317506045103073,0.0
P,CP_W0,101,12,0.01968068117275834,0.01750278938561678,,0.022529722191393375,0.011986041907221079,0.016220799181610346,0.0
P,CP_W0,102,12,0.019516137428581715,0.02311766240745783,,0.02652016468346119,0.011846614070236683,0.018298727460205555,0.0
P,CP_W0,103,12,0.01941420277580619,0.02323829848319292,,0.02741779014468193,0.011762996669858694,0.022650865837931633,0.0
P,CP_W0,104,12,0.0192945240996778,0.020763434004038572,,0.022738367319107056,0.011690112296491861,0.01992889028042555,0.0
P,CP_W0,105,12,0.019189799670130014,0.017054098192602396,,0.02191839087754488,0.011589898262172937,0.01577399345114827,0.0
P,CP_W0,106,12,0.019061074126511812,0.022598749957978725,,0.025961261242628098,0.011502621695399284,0.017984583973884583,0.0
P,CP_W0,107,12,0.018937297631055117,0.022672753781080246,,0.02694045566022396,0.011455161962658167,0.022153517231345177,0.0
P,CP_W0,108,12,0.018804692197591066,0.020314585883170366,,0.022221634164452553,0.011312707792967558,0.01951900264248252,0.0
P,CP_W0,109,12,0.018688872456550598,0.016641145572066307,,0.021395619958639145,0.01121995272114873,0.015482675284147263,0.0
P,CP_W0,110,12,0.018567054998129606,0.022044554352760315,,0.02526790462434292,0.011155399028211832,0.017484133131802082,0.0
P,CP_W0,111,12,0.018466162960976362,0.0221668453887105,,0.026451606303453445,0.011093254666775465,0.021733895875513554,0.0
P,CP_W0,112,12,0.01835502777248621,0.019921403378248215,,0.021772798150777817,0.011015321593731642,0.019290170166641474,0.0
P,CP_W0,113,12,0.018230953719466925,0.01624018745496869,,0.020890649408102036,0.010905202478170395,0.01515601621940732,0.0
P,CP_W0,114,12,0.01811779011040926,0.021521016024053097,,0.024767156690359116,0.010874297935515642,0.017192096449434757,0.0
P,CP_W0,115,12,0.018013795372098684,0.021647967398166656,,0.02583791594952345,0.010801052674651146,0.02112457901239395,0.0
P,CP_W0,116,12,0.01790361199527979,0.019511814694851637,,0.021155348978936672,0.010706379543989897,0.018903701100498438,0.0
P,CP_W0,117,12,0.017799869645386934,0.01581995328888297,,0.02039773017168045,0.010675717610865831,0.014780384488403797,0.0
P,CP_W0,118,12,0.017694334033876657,0.021018261089920998,,0.024167679250240326,0.010611487552523613,0.016840385273098946,0.0
P,CP_W0,119,12,0.01760516921058297,0.021169863641262054,,0.0254448214545846,0.010592246428132057,0.02067629061639309,0.0
P,CP_W0,120,12,0.0175198782235384,0.019168971106410027,,0.02079582866281271,0.01049415161833167,0.018791097681969404,0.0
P,CP_W0,121,12,0.017408006358891726,0.015463957097381353,,0.019964293111115694,0.010411552619189024,0.014522579032927752,0.0
P,CP_W0,122,12,0.017298119608312845,0.020554720424115658,,0.023693020455539227,0.010329531040042639,0.016565600410103798,0.0
P,CP_W0,123,12,0.017215030267834663,0.020722609013319016,,0.024988066405057907,0.010272492887452245,0.020267488434910774,0.0
P,CP_W0,124,12,0.017099441029131413,0.018805518746376038,,0.02022629138082266,0.010177618125453591,0.018413324374705553,0.0
P,CP_W0,125,12,0.017018927726894617,0.015108078718185425,,0.019494382198899984,0.010111616691574454,0.014188377186655998,0.0
P,CP_W0,126,12,0.01692195748910308,0.02010494191199541,,0.023170894011855125,0.010011429199948907,0.01624696794897318,0.0
P,CP_W0,127,12,0.016823844984173775,0.020313489250838757,,0.02442178688943386,0.009954030392691493,0.01982534769922495,0.0
P,CP_W0,128,12,0.016724741086363792,0.018479133024811745,,0.019795755855739117,0.009856246178969741,0.01818304741755128,0.0
P,CP_W0,129,12,0.01663186913356185,0.014785448089241982,,0.019092298112809658,0.009789484553039074,0.013901014346629381,0.0
P,CP_W0,130,12,0.016547453124076128,0.019677653908729553,,0.022708402015268803,0.00972788268700242,0.016014657448977232,0.0
P,CP_W0,131,12,0.0164484279230237,0.019907151348888874,,0.024137107655405998,0.00961547764018178,0.019493781961500645,0.0
P,CP_W0,132,12,0.016382980160415173,0.01814313977956772,,0.019341629464179277,0.00958873936906457,0.017806314397603273,0.0
P,CP_W0,133,12,0.016307564452290535,0.014478657394647598,,0.018767567817121744,0.009542564628645778,0.013599812518805265,0.0
P,CP_W0,134,12,0.016189192421734333,0.019267715513706207,,0.022195614874362946,0.009459769818931818,0.01569072436541319,0.0
P,CP_W0,135,12,0.016121390741318464,0.019522215239703655,,0.023723073303699493,0.009413376450538635,0.019104814156889915,0.0
P,CP_W0,136,12,0.01604492124170065,0.017851518467068672,,0.018972458317875862,0.00938335875980556,0.017646375577896833,0.0
P,CP_W0,137,12,0.01595738995820284,0.014168388675898314,,0.01836593309417367,0.009299403754994273,0.013314223382622004,0.0
P,CP_W0,138,12,0.015881607308983803,0.01886522863060236,,0.021656236611306667,0.009250737726688385,0.015354546718299389,0.0
P,CP_W0,139,12,0.015785310883075,0.01913489867001772,,0.02335319761186838,0.009192158002406359,0.01876116171479225,0.0
P,CP_W0,140,12,0.015695838257670403,0.017514055129140615,,0.018562261946499348,0.009141257731243968,0.01727926731109619,0.0
P,CP_W0,141,12,0.01563831139355898,0.013874600175768137,,0.017977401614189148,0.009091497864574194,0.01300759706646204,0.0
P,CP_W0,142,12,0.01554363640025258,0.018472726456820965,,0.021270252764225006,0.009033857379108667,0.015074867755174637,0.0
P,CP_W0,143,12,0.015478941611945629,0.01880115270614624,,0.023007762618362904,0.008957862388342619,0.01838505268096924,0.0
P,CP_W0,144,12,0.015386897139251232,0.01724575972184539,,0.018392648547887802,0.008898846339434385,0.01710697915405035,0.0
P,CP_W0,145,12,0.01532553881406784,0.013591164723038673,,0.017552771605551243,0.008853226667270064,0.012735859956592321,0.0
P,CP_W0,146,12,0.01524526858702302,0.0181717062368989,,0.020913398824632168,0.008791514672338963,0.014895469415932894,0.0
P,CP_W0,147,12,0.015178800094872713,0.018454939126968384,,0.02258229348808527,0.008748048450797796,0.018013007938861847,0.0
P,CP_W0,148,12,0.015097690746188164,0.01698249764740467,,0.017935923766344786,0.008666763314977288,0.01685210131108761,0.0
P,CP_W0,149,12,0.015016460791230202,0.013331203255802393,,0.017132549080997705,0.00862213154323399,0.012501548044383526,0.0
P,CP_W0,150,12,0.014964818023145199,0.01781164202839136,,0.020503271371126175,0.008604520233348012,0.014673661906272173,0.0
P,CP_W0,151,12,0.01488164346665144,0.01810945849865675,,0.022310106083750725,0.00853839423507452,0.017722989432513714,0.0
P,CP_W0,152,12,0.01482824981212616,0.016704011708498,,0.017597629223018885,0.008481628261506557,0.0165485804900527,0.0
P,CP_W0,153,12,0.01473800977692008,0.013075285125523806,,0.01685521099716425,0.008456764975562692,0.012303266674280167,0.0
P,CP_W0,154,12,0.014669246505945921,0.017469470854848623,,0.020038354210555553,0.008452805923298001,0.014435903169214725,0.0
P,CP_W0,155,12,0.014603960793465376,0.017808303236961365,,0.021913809701800346,0.0083850659430027,0.017497407272458076,0.0
P,CP_W0,156,12,0.014532518573105335,0.016439923085272312,,0.017337569035589695,0.008314628386870027,0.016359638422727585,0.0
P,CP_W0,157,12,0.014477087650448084,0.012836562003940344,,0.016519503202289343,0.008276648819446564,0.012052340433001518,0.0
P,CP_W0,158,12,0.014406634494662285,0.0171620175242424,,0.01967398915439844,0.008216809714213014,0.014333078172057867,0.0
P,CP_W0,159,12,0.014338990673422813,0.01750609651207924,,0.021566787734627724,0.008170375367626548,0.017201493494212627,0.0
P,CP_W0,160,12,0.01427781442180276,0.016180901788175106,,0.017042934894561768,0.008122343104332685,0.016147160436958075,0.0
P,CP_W0,161,12,0.014205113984644413,0.01260945200920105,,0.01622347580268979,0.008073350181803107,0.011807812377810478,0.0
P,CP_W0,162,12,0.014147107489407063,0.016867252998054028,,0.019288813695311546,0.0080945766530931,0.013937111478298903,0.0
P,CP_W0,163,12,0.014070375822484493,0.01721676904708147,,0.021259444765746593,0.008010557387024164,0.016968493349850178,0.0
P,CP_W0,164,12,0.01403484120965004,0.01595800230279565,,0.01681679068133235,0.007991228485479951,0.016010822728276253,0.0
P,CP_W0,165,12,0.01396014029160142,0.012389816343784332,,0.01590003538876772,0.007939197355881333,0.011588569730520248,0.0
P,CP_W0,166,12,0.013911507558077574,0.01656459318473935,,0.018959644250571728,0.007910496788099408,0.01376273250207305,0.0
P,CP_W0,167,12,0.01384811382740736,0.016941586509346962,,0.020943487994372845,0.00786723056808114,0.016746487468481064,0.0
P,CP_W0,168,12,0.013780637178570032,0.01572671113535762,,0.016496339347213507,0.007801146479323506,0.015709352679550648,0.0
P,CP_W0,169,12,0.013723288662731647,0.012172281742095947,,0.015637698117643595,0.007772412849590182,0.011411177460104227,0.0
P,CP_W0,170,12,0.013659924268722534,0.0163243911229074,,0.01865399070084095,0.00772620108909905,0.013574560172855854,0.0
P,CP_W0,171,12,0.013602525927126408,0.01666130730882287,,0.020721742883324623,0.007671209285035729,0.01656209956854582,0.0
P,CP_W0,172,12,0.013545527588576078,0.015492249745875597,,0.016331001184880733,0.0076361356768757105,0.01561890309676528,0.0
P,CP_W0,173,12,0.01349572604522109,0.011972002685070038,,0.015314952004700899,0.0075807946268469095,0.011178129818290472,0.0
P,CP_W0,174,12,0.013434257823973894,0.01604151912033558,,0.018276015762239695,0.007519137347117066,0.01329799648374319,0.0
P,CP_W0,175,12,0.013369598891586065,0.016427230555564165,,0.02035201247781515,0.007510985480621457,0.01625915663316846,0.0
P,CP_W0,176,12,0.013332875445485115,0.015282086562365294,,0.016024657990783453,0.007480693282559514,0.015351125039160252,0.0
P,CP_W0,177,12,0.013277977705001831,0.011782185174524784,,0.01498052990064025,0.007421540562063456,0.011011750902980566,0.0
P,CP_W0,178,12,0.013230826705694199,0.015784335788339376,,0.017929792404174805,0.007400857284665108,0.013097407296299934,0.0
P,CP_W0,179,12,0.013162628281861544,0.01615680893883109,,0.02016633190214634,0.007349970517680049,0.016010208055377007,0.0
P,CP_W0,180,12,0.01311787310987711,0.01506800577044487,,0.015930738765746355,0.007316984934732318,0.015251748729497194,0.0
P,CP_W0,181,12,0.013057245872914791,0.011596656404435635,,0.014714665710926056,0.007292725378647447,0.01085539860650897,0.0
P,CP_W0,182,12,0.013022615108639002,0.015520574059337378,,0.017625142354518175,0.007246061693876982,0.012936778832226992,0.0
P,CP_W0,183,12,0.01296318182721734,0.015935013070702553,,0.019860858097672462,0.007200380088761449,0.01573960529640317,0.0
P,CP_W0,184,12,0.012898748740553856,0.014876161701977253,,0.015675627160817385,0.007151241414248943,0.015044686384499073,0.0
P,CP_W0,185,12,0.012854910921305418,0.011388527695089579,,0.014478697441518307,0.007158226566389203,0.010634492617100477,0.0
P,CP_W0,186,12,0.012808168772608042,0.015299147926270962,,0.01736938999965787,0.007111170561984181,0.01279612397775054,0.0
P,CP_W0,187,12,0.012747686821967363,0.015697971917688847,,0.01961905788630247,0.0070658165495842695,0.015566435642540455,0.0
P,CP_W0,188,12,0.012711938004940748,0.014685939531773329,,0.015386418905109167,0.007066957652568817,0.014848302584141493,0.0
P,CP_W0,189,12,0.012653366196900606,0.011205155402421951,,0.014260679949074984,0.007046061335131526,0.010487638413906097,0.0
P,CP_W0,190,12,0.012609526515007019,0.015053810551762581,,0.017024853266775608,0.006979739526286721,0.01265697879716754,0.0
P,CP_W0,191,12,0.012558924499899149,0.015485558658838272,,0.019506586715579033,0.006952522788196802,0.015480090864002705,0.0
P,CP_W0,192,12,0.012513660825788975,0.014506118837743998,,0.015121398959308863,0.006921758176758885,0.014610784128308296,0.0
P,CP_W0,193,12,0.01245529344305396,0.011048303451389074,,0.013986293226480484,0.0068788607604801655,0.010349187534302473,0.0
P,CP_W0,194,12,0.012419294565916061,0.014832057524472475,,0.016811073757708073,0.006845227209851146,0.012556004337966442,0.0
P,CP_W0,195,12,0.012376895174384117,0.015283480286598206,,0.019150186330080032,0.0068295898381620646,0.015242335386574268,0.0
P,CP_W0,196,12,0.012325621210038662,0.014320355374366045,,0.015006634872406721,0.006810787133872509,0.014568161685019732,0.0
P,CP_W0,197,12,0.012285112403333187,0.010879079345613718,,0.013728943187743425,0.006774102337658405,0.010168852750211954,0.0
P,CP_W0,198,12,0.012244056910276413,0.014643206726759672,,0.01651819096878171,0.006728609092533588,0.0123944072984159,0.0
P,CP_W0,199,12,0.012196858413517475,0.015057184267789125,,0.01891015376895666,0.006701624020934105,0.015083593782037497,0.0
P,CP_W0,200,12,0.012138850521296263,0.01413745665922761,,0.014748665504157543,0.0066840797662734985,0.014298409223556519,0.0
P,CP_W0,201,12,0.012112183962017298,0.01073751226067543,,0.013504020869731903,0.006652940064668655,0.009979945607483387,0.0
P,CP_W0,202,12,0.012071545701473951,0.014413243625313044,,0.016209912952035666,0.006628798088058829,0.012225379701703787,0.0
P,CP_W0,203,12,0.012024061754345894,0.014889922458678484,,0.01871595624834299,0.006604265188798308,0.01485051866620779,0.0
P,CP_W0,204,12,0.011971361469477415,0.01395087270066142,,0.014556485693901777,0.006538418121635914,0.014145097695291042,0.0
P,CP_W0,205,12,0.011942737270146608,0.010576877743005753,,0.013250332791358232,0.006516781402751803,0.009822525549679995,0.0
P,CP_W0,206,12,0.011902472469955683,0.014226694125682116,,0.015960979741066694,0.006510679377242923,0.012119906954467297,0.0
P,CP_W0,207,12,0.011841179337352514,0.0146776232868433,,0.018389428965747356,0.006467174971476197,0.014566653408110142,0.0
P,CP_W0,208,12,0.011798038147389889,0.013792954850941896,,0.014468112029135227,0.006448574597015977,0.014084501657634974,0.0
P,CP_W0,209,12,0.011765907518565655,0.010447405278682709,,0.01308358320966363,0.006446202518418431,0.009679158916696906,0.0
P,CP_W0,210,12,0.011731988284736872,0.014029487501829863,,0.01575528597459197,0.006421074271202087,0.012024115305393934,0.0
P,CP_W0,211,12,0.01168381841853261,0.01449725916609168,,0.018174054101109505,0.006403824547305703,0.014398995786905289,0.0
P,CP_W0,212,12,0.011650706175714731,0.013646448962390423,,0.014285603072494268,0.0063473996706306934,0.013855242170393467,0.0
P,CP_W0,213,12,0.011610116809606552,0.010297681204974651,,0.012870057951658964,0.006315955193713307,0.00951553089544177,0.0
P,CP_W0,214,12,0.011568743735551834,0.013856966514140368,,0.015526732429862022,0.00626106490381062,0.011926820501685143,0.0
P,CP_W0,215,12,0.011527716647833586,0.014315100852400064,,0.017876083962619305,0.0062788561917841434,0.014232754707336426,0.0
P,CP_W0,216,12,0.011498544365167618,0.01348303072154522,,0.014174442738294601,0.006235759239643812,0.013778943568468094,0.0
P,CP_W0,217,12,0.011457571294158697,0.010157773736864328,,0.012685191351920366,0.006247826386243105,0.009415014646947384,0.0
P,CP_W0,218,12,0.011421054601669312,0.01365684624761343,,0.01524374820291996,0.006183297839015722,0.011740214191377163,0.0
P,CP_W0,219,12,0.011379679199308157,0.0141265201382339,,0.01762061845511198,0.006184135563671589,0.014108424074947834,0.0
P,CP_W0,220,12,0.01134598720818758,0.01333277765661478,,0.013974515721201897,0.006149620050564408,0.013619872741401196,0.0
P,CP_W0,221,12,0.011299170088022947,0.010031124576926231,,0.012482778169214725,0.0061102998442947865,0.009279021061956882,0.0
P,CP_W0,222,12,0.011273132637143135,0.013502142392098904,,0.015015951357781887,0.006096482975408435,0.01164840953424573,0.0
P,CP_W0,223,12,0.011214108671993017,0.01395689183846116,,0.01731071900576353,0.006066334433853626,0.01387730147689581,0.0
P,CP_W0,224,12,0.011190383695065975,0.013181448448449373,,0.013843553606420755,0.006048009963706136,0.013528595678508282,0.0
P,CP_W0,225,12,0.011155707761645317,0.009911446366459131,,0.01230608019977808,0.0060067325830459595,0.009156747721135616,0.0
P,CP_W0,226,12,0.011110321618616581,0.013323849998414516,,0.014854404143989086,0.005968841724097729,0.011505341622978449,0.0
P,CP_W0,227,12,0.011079720687121153,0.013789310120046139,,0.017122993245720863,0.00595677294768393,0.013764694798737764,0.0
P,CP_W0,228,12,0.011038018856197596,0.013050793204456568,,0.013607616536319256,0.005912897875532508,0.013309314381331205,0.0
P,CP_W0,229,12,0.011015806347131729,0.009779517538845539,,0.012106282636523247,0.005902985343709588,0.008984456770122051,0.0
P,CP_W0,230,12,0.010989169590175152,0.01314864493906498,,0.01461784914135933,0.0058922909665852785,0.011405299883335829,0.0
P,CP_W0,231,12,0.010944750159978867,0.013619930949062109,,0.01689967792481184,0.005835272604599595,0.01362327579408884,0.0
P,CP_W0,232,12,0.010910273063927889,0.012890843208879232,,0.013508722186088562,0.005842150188982487,0.013262703083455563,0.0
P,CP_W0,233,12,0.0108838751912117,0.009653801564127207,,0.011886778753250837,0.0058049485087394714,0.00885143643245101,0.0
P,CP_W0,234,12,0.010841311886906624,0.012992762494832277,,0.01437272084876895,0.0057398302014917135,0.011255363468080759,0.0
P,CP_W0,235,12,0.010802908334881067,0.013475277461111546,,0.01664787158370018,0.0057363673113286495,0.013518604449927807,0.0
P,CP_W0,236,12,0.010773545131087303,0.012742351274937391,,0.013313493225723505,0.00572405057027936,0.013126414734870195,0.0
P,CP_W0,237,12,0.010741100646555424,0.00953151099383831,,0.011749887373298407,0.005688102450221777,0.008794003166258335,0.0
P,CP_W0,238,12,0.01071556145325303,0.012837297283113003,,0.014254164882004261,0.005686698015779257,0.011182803194969893,0.0
P,CP_W0,239,12,0.010676483623683453,0.013331566471606493,,0.016290937550365925,0.005667954916134477,0.013243963476270437,0.0
P,CP_W0,240,12,0.010644980240613222,0.01261442294344306,,0.013239033985882998,0.0056603585835546255,0.013023222796618938,0.0
P,CP_W0,241,12,0.010604077484458685,0.00943294307217002,,0.011586196720600128,0.005612338427454233,0.008653603959828615,0.0
P,CP_W0,242,12,0.01058376720175147,0.012692088726907969,,0.014046099968254566,0.005581044824793935,0.011045639403164387,0.0
P,CP_W0,243,12,0.010544654913246632,0.013162712566554546,,0.016081565991044044,0.005563674261793494,0.013119393028318882,0.0
P,CP_W0,244,12,0.010514063760638237,0.012441295199096203,,0.013043099083006382,0.005551270674914122,0.012775113340467215,0.0
P,CP_W0,245,12,0.010486380197107792,0.009307071100920439,,0.011384463869035244,0.005550141213461757,0.008528932929039001,0.0
P,CP_W0,246,12,0.010453086346387863,0.012531218118965626,,0.01383219426497817,0.0055155400186777115,0.010962797794491053,0.0
P,CP_W0,247,12,0.01041919644922018,0.01303190877661109,,0.01605580747127533,0.005467129405587912,0.013148053083568811,0.0
P,CP_W0,248,12,0.010390953160822392,0.012294504325836897,,0.012835083529353142,0.00549319083802402,0.01257410692051053,0.0
P,CP_W0,249,12,0.010363032342866063,0.009214653633534908,,0.011283135507255793,0.005433728219941258,0.008410819806158543,0.0
P,CP_W0,250,12,0.010340165346860886,0.012390854302793741,,0.01360714714974165,0.0054324655793607235,0.010861747432500124,0.0
P,CP_W0,251,12,0.010295100510120392,0.01288157282397151,,0.015760262496769428,0.0054132582154124975,0.012976982165127993,0.0
P,CP_W0,252,12,0.010265118908137083,0.01217121398076415,,0.012687189504504204,0.005389279453083873,0.012485080864280462,0.0
P,CP_W0,253,12,0.010245011886581779,0.00910765491425991,,0.011113511398434639,0.005387709476053715,0.008261579554527998,0.0
P,CP_W0,254,12,0.010211504762992263,0.012249363586306572,,0.013453079853206873,0.005336189176887274,0.01072554662823677,0.0
P,CP_W0,255,12,0.01019530463963747,0.012729766312986612,,0.015429537277668715,0.005315014161169529,0.01278939051553607,0.0
P,CP_W0,256,12,0.010157734621316195,0.012028750963509083,,0.012576093897223473,0.00530258403159678,0.012326638214290142,0.0
P,CP_W0,257,12,0.010142982471734285,0.009009481873363256,,0.010994776152074337,0.005282461876049638,0.008203809149563313,0.0
P,CP_W0,258,12,0.010098115308210254,0.012111773248761892,,0.013254587072879076,0.005264531821012497,0.01057415921241045,0.0
P,CP_W0,259,12,0.01006549526937306,0.012619728688150644,,0.015324224717915058,0.0052070822566747665,0.012725995387881994,0.0
P,CP_W0,260,12,0.0100532709620893,0.011875461786985397,,0.01239960826933384,0.0052135230507701635,0.012204937171190977,0.0
P,CP_W0,261,12,0.010011829901486635,0.008891938719898462,,0.010758778546005487,0.005190622061491013,0.008115693461149931,0.0
P,CP_W0,262,12,0.009990132879465818,0.011986271012574434,,0.01312378142029047,0.005178168881684542,0.010565292555838823,0.0
P,CP_W0,263,12,0.009953597327694297,0.01250402256846428,,0.015090200584381819,0.005169648444280028,0.012587044853717089,0.0
P,CP_W0,264,12,0.009940417250618339,0.011760805733501911,,0.012312739621847868,0.005195965990424156,0.012131850235164165,0.0
P,CP_W0,265,12,0.009915519272908568,0.00881000654771924,,0.010704099666327238,0.0051570183131843805,0.007979863090440631,0.0
P,CP_W0,266,12,0.009874556213617325,0.011841216590255499,,0.01296328380703926,0.005120743298903108,0.010435212403535843,0.0
P,CP_W0,267,12,0.009847583249211311,0.01237874897196889,,0.014979050494730473,0.005127218086272478,0.012481338810175657,0.0
P,CP_W0,268,12,0.00982244755141437,0.011630133260041475,,0.012163582257926464,0.005123081849887967,0.011980305425822735,0.0
P,CP_W0,269,12,0.009800307918339968,0.008722730912268162,,0.010580435860902071,0.005080003058537841,0.007912562228739262,0.0
P,CP_W0,270,12,0.009778525680303574,0.011727373581379652,,0.012753374874591827,0.005051283165812492,0.010348320007324219,0.0
P,CP_W0,271,12,0.009739809203892946,0.012249185238033533,,0.014741976745426655,0.005042333155870438,0.012316476088017225,0.0
P,CP_W0,272,12,0.009723425144329667,0.011495357379317284,,0.01199083449319005,0.005035969661548734,0.011791378259658813,0.0
P,CP_W0,273,12,0.009697907604277134,0.008633801713585854,,0.010466496460139751,0.005047067301347852,0.007749865762889385,0.0
P,CP_W0,274,12,0.009667585138231516,0.011590590234845877,,0.012472860515117645,0.004997483920305967,0.010149174369871616,0.0
P,CP_W0,275,12,0.009652078850194812,0.012117805425077677,,0.01459816051647067,0.00497855874709785,0.01224117074161768,0.0
P,CP_W0,276,12,0.009632161818444729,0.011377260088920593,,0.011747583746910095,0.004933468997478485,0.011613065376877785,0.0
P,CP_W0,277,12,0.009598390897735953,0.00854755425825715,,0.010260016657412052,0.00494752055965364,0.0077009855303913355,0.0
P,CP_W0,278,12,0.00957794627174735,0.011485854163765907,,0.012286909855902195,0.004932945827022195,0.010037145111709833,0.0
P,CP_W0,279,12,0.009550440357998013,0.012010470032691956,,0.01447997335344553,0.004922359483316541,0.012135241646319628,0.0
P,CP_W0,280,12,0.009520683204755187,0.01127228094264865,,0.011716482229530811,0.00489537906832993,0.011568606831133366,0.0
P,CP_W0,281,12,0.009499901672825217,0.00845690444111824,,0.010159467812627554,0.004882698645815253,0.0075765494257211685,0.0
P,CP_W0,282,12,0.009483732981607318,0.011368006002157927,,0.01219190750271082,0.004851354286074638,0.009987924713641405,0.0
P,CP_W0,283,12,0.009450403274968266,0.011915485840290785,,0.014327002223581076,0.004834504099562764,0.01206378173083067,0.0
P,CP_W0,284,12,0.009424027521163225,0.011179100722074509,,0.01164322579279542,0.004792367573827505,0.011464704759418964,0.0
P,CP_W0,285,12,0.009415511507540941,0.00837586703710258,,0.009950607549399137,0.004777422873303294,0.007501003099605441,0.0
P,CP_W0,286,12,0.009396847803145647,0.011257677804678679,,0.012049941811710596,0.004740326316095889,0.009870675392448902,0.0
P,CP_W0,287,12,0.009365550009533763,0.011802776250988245,,0.014166540931910276,0.00476544676348567,0.012025443371385336,0.0
P,CP_W0,288,12,0.009343091631308198,0.011052697664126754,,0.011490324512124062,0.004699610290117562,0.011290995869785547,0.0
P,CP_W0,289,12,0.009318904485553503,0.008298850152641535,,0.009840928483754396,0.004694992327131331,0.0073124931659549475,0.0
P,CP_W0,290,12,0.009286783635616302,0.011148474644869566,,0.011896610260009766,0.0046403579181060195,0.009809734765440226,0.0
P,CP_W0,291,12,0.009273487376049161,0.01167537085711956,,0.013897334691137075,0.004653090611100197,0.011831009294837713,0.0
P,CP_W0,292,12,0.009252765215933323,0.010942742228507996,,0.011408885009586811,0.004647467634640634,0.01128532737493515,0.0
P,CP_W0,293,12,0.009241133695468307,0.008220103802159429,,0.00976647436618805,0.004637214122340083,0.0071881848853081465,0.0
P,CP_W0,294,12,0.009203639114275575,0.011040459387004375,,0.011788126081228256,0.004614215460605919,0.0097358338534832,0.0
P,CP_W0,295,12,0.009197746170684695,0.011566688306629658,,0.013775623869150877,0.004575970466248691,0.01178784342482686,0.0
P,CP_W0,296,12,0.009161681169643998,0.010838196612894535,,0.011301832739263773,0.004579534055665135,0.011130858678370714,0.0
P,CP_W0,297,12,0.009149228455498815,0.00813848851248622,,0.009599293116480112,0.004546085372567177,0.007160084089264274,0.0
P,CP_W0,298,12,0.009124026168137789,0.01094368426129222,,0.011704305652529001,0.004554634098894894,0.009697055909782648,0.0
P,CP_W0,299,12,0.009104310534894466,0.011481689754873514,,0.013565536588430405,0.004522017203271389,0.011661231983453035,0.0
P,CP_W0,300,12,0.009070702595636249,0.010731441201642156,,0.011132748797535896,0.004500675713643432,0.01099427416920662,0.0
P,CP_W0,301,12,0.009068906074389815,0.008067131973803043,,0.009456376545131207,0.004479211755096912,0.00713848159648478,0.0
P,CP_W0,302,12,0.009043588768690825,0.010851709172129631,,0.011555172502994537,0.004456210765056312,0.009625909850001335,0.0
P,CP_W0,303,12,0.009014165494590998,0.011378430761396885,,0.013500064611434937,0.0044574280036613345,0.011609971057623625,0.0
P,CP_W0,304,12,0.00899397092871368,0.010646406328305602,,0.011070546694099903,0.0044362860498949885,0.010961628518998623,0.0
P,CP_W0,305,12,0.008989783469587564,0.008005032548680902,,0.009346571750938892,0.004432839923538268,0.00703436927869916,0.0
P,CP_W0,306,12,0.008961057290434837,0.01074588904157281,,0.011434166692197323,0.004426025087013841,0.00953690754249692,0.0
P,CP_W0,307,12,0.008938737446442246,0.011285826098173857,,0.013504157774150372,0.004398762946948409,0.011616009287536144,0.0
P,CP_W0,308,12,0.008921531960368156,0.010530412895604968,,0.010993107687681913,0.0044045718386769295,0.010876328218728304,0.0
P,CP_W0,309,12,0.008906935574486852,0.007920321077108383,,0.00922595476731658,0.004379278398118913,0.006947369081899524,0.0
P,CP_W0,310,12,0.008879728382453322,0.010652146302163601,,0.011304577812552452,0.00436375814024359,0.009399032220244408,0.0
P,CP_W0,311,12,0.008863377384841442,0.011199101340025663,,0.013316970318555832,0.0043503494234755635,0.011534817051142454,0.0
P,CP_W0,312,12,0.008850791957229376,0.010436557000502944,,0.010971527080982924,0.00438692606985569,0.010785236954689026,0.0
P,CP_W0,313,12,0.008823826909065247,0.007876936346292496,,0.00918702594935894,0.004356626188382506,0.00694416998885572,0.0
P,CP_W0,314,12,0.008803849574178457,0.010544843971729279,,0.011098552029579878,0.004326479625888169,0.00923639303073287,0.0
P,CP_W0,315,12,0.0087828713003546,0.011117538902908564,,0.013115552254021168,0.0042873144848272204,0.011491190642118454,0.0
P,CP_W0,316,12,0.008775627706199884,0.010359663050621748,,0.010853055864572525,0.004295504069887102,0.010705492924898863,0.0
P,CP_W0,317,12,0.008744094055145979,0.007817202247679234,,0.009044023230671883,0.004254477564245462,0.006793944863602519,0.0
P,CP_W0,318,12,0.008736952673643827,0.010468309745192528,,0.011006738990545273,0.0042375363409519196,0.009175251238048077,0.0
P,CP_W0,319,12,0.008712965995073318,0.011006105691194534,,0.012989518698304892,0.0042428006418049335,0.011373698245733976,0.0
P,CP_W0,320,12,0.008705727523192763,0.010273023508489132,,0.010759261436760426,0.004250410012900829,0.010643885936588049,0.0
P,C_NO_H,1,12,0.008686204440891743,0.011428622528910637,1.081283152103424,0.6352774500846863,0.026352916844189167,0.0664754007011652,0.5478401780128479
P,C_NO_H,2,12,0.007260709768161178,0.007969316327944398,0.6634988486766815,0.48873019218444824,0.05030692741274834,0.06786343455314636,0.37137408554553986
P,C_NO_H,3,12,0.006305499002337456,0.006784267956390977,0.5295073091983795,0.28795625269412994,0.0657360814511776,0.06658658385276794,0.20586999505758286
P,C_NO_H,4,12,0.006055652629584074,0.0067589490208774805,0.43632981181144714,0.19387047737836838,0.06485901772975922,0.12284551933407784,0.13428064435720444
P,C_NO_H,5,12,0.005693888757377863,0.006221709307283163,0.3581475615501404,0.19837959855794907,0.07370149344205856,0.1068761870265007,0.12050527334213257
P,C_NO_H,6,12,0.005016041453927755,0.005802713800221682,0.2840868979692459,0.17475030571222305,0.05857144296169281,0.10286116972565651,0.11589758470654488
P,C_NO_H,7,12,0.0045600185403600335,0.005088052013888955,0.1978192999958992,0.1473167985677719,0.04138002544641495,0.07544076070189476,0.09706627950072289
P,C_NO_H,8,12,0.004245467600412667,0.005376933375373483,0.10689439252018929,0.1333184465765953,0.039258815348148346,0.07774804159998894,0.09549662843346596
P,C_NO_H,9,12,0.003907802747562528,0.004759370815008879,0.05128074809908867,0.11847314611077309,0.0382706131786108,0.05556502752006054,0.07419303245842457
P,C_NO_H,10,12,0.0035764240892603993,0.004125400795601308,0.029531002044677734,0.11602658033370972,0.037097735330462456,0.06443105079233646,0.03964058216661215
P,C_NO_H,11,12,0.0032591650960966945,0.004060897626914084,0.02497682999819517,0.10611455142498016,0.032139431685209274,0.06303087621927261,0.023982624523341656
P,C_NO_H,12,12,0.002963474835269153,0.004375196527689695,0.021654678508639336,0.10206412523984909,0.028253776021301746,0.05935690365731716,0.021767943166196346
P,C_NO_H,13,12,0.0027069549541920424,0.0035997318336740136,0.021176064386963844,0.07650035806000233,0.022459115833044052,0.04026089236140251,0.024135751649737358
P,C_NO_H,14,12,0.002489146951120347,0.0031063109636306763,0.021936915814876556,0.08935027569532394,0.016305072233080864,0.04226137697696686,0.028237945400178432
P,C_NO_H,15,12,0.002216205990407616,0.0027263330994173884,0.022775139659643173,0.07008245587348938,0.014569762628525496,0.038573214784264565,0.031052827835083008
P,C_NO_H,16,12,0.0019997331546619534,0.0030819280073046684,0.022922794334590435,0.06564736738801003,0.01677284436300397,0.0385208074003458,0.03125601448118687
P,C_NO_H,17,12,0.0018203028594143689,0.002635593991726637,0.024234055541455746,0.06967291980981827,0.018577726557850838,0.033937555737793446,0.029619702138006687
P,C_NO_H,18,12,0.0016569035360589623,0.002308970259036869,0.024026725441217422,0.06072959117591381,0.018661204259842634,0.038694364950060844,0.030815618112683296
P,C_NO_H,19,12,0.0015214108861982822,0.0019684212747961283,0.022624691016972065,0.0592427384108305,0.01493405969813466,0.028198999352753162,0.03121806960552931
P,C_NO_H,20,12,0.0013977164926473051,0.002217877423390746,0.02118221390992403,0.058411743491888046,0.0127950687892735,0.038620295003056526,0.03002909943461418
P,C_NO_H,21,12,0.0012896327825728804,0.001859805139247328,0.019464540295302868,0.03774196095764637,0.013805456459522247,0.02424513455480337,0.028515934012830257
P,C_NO_H,22,12,0.0011963453143835068,0.0015723145916126668,0.017239753156900406,0.047843240201473236,0.012844751589000225,0.028878352604806423,0.02597707975655794
P,C_NO_H,23,12,0.001117461099056527,0.0014158721314743161,0.015218279790133238,0.04028956964612007,0.01270346436649561,0.020832336507737637,0.02203369978815317
P,C_NO_H,24,12,0.0010471693822182715,0.0015014773816801608,0.013803593348711729,0.03759570233523846,0.012572943232953548,0.022545591928064823,0.01805358100682497
P,C_NO_H,25,12,0.0009847932087723166,0.00133029482094571,0.012590770609676838,0.0262466324493289,0.011638605035841465,0.016625345684587955,0.01675712037831545
P,C_NO_H,26,12,0.0009281343373004347,0.0011131395876873285,0.011086140759289265,0.03370517026633024,0.010064527858048677,0.017556187696754932,0.016140462830662727
P,C_NO_H,27,12,0.0008749689732212573,0.00111881218617782,0.010269138030707836,0.025916719809174538,0.008373246993869543,0.015483842696994543,0.013407106976956129
P,C_NO_H,28,12,0.0008294819563161582,0.0010856134758796543,0.009536126162856817,0.020633147098124027,0.007089796010404825,0.01281795185059309,0.012341115158051252
P,C_NO_H,29,12,0.0007842850754968822,0.0010178974480368197,0.008636552840471268,0.01676581334322691,0.005748339695855975,0.012560406234115362,0.012415474280714989
P,C_NO_H,30,12,0.0007470884302165359,0.0008522537245880812,0.007937777554616332,0.02311178483068943,0.0053125538397580385,0.014062631875276566,0.00989478686824441
P,C_NO_H,31,12,0.0007115073094610125,0.0009241329389624298,0.0077171893790364265,0.019666562788188457,0.004992778412997723,0.013578819576650858,0.008395206183195114
P,C_NO_H,32,12,0.000680685494444333,0.0008520461851730943,0.007530095521360636,0.013646171428263187,0.0044702221639454365,0.008094249060377479,0.008148239459842443
P,C_NO_H,33,12,0.0006523772026412189,0.0008187814964912832,0.007367133162915707,0.017067997716367245,0.004701860249042511,0.008417419856414199,0.008607338648289442
P,C_NO_H,34,12,0.0006260332884266973,0.0006852077931398526,0.007152629550546408,0.017749507445842028,0.004119977587834001,0.010049987584352493,0.007565388455986977
P,C_NO_H,35,12,0.0005996026302454993,0.0007815950666554272,0.0068344606552273035,0.01709785033017397,0.003917790483683348,0.012652265839278698,0.006796469446271658
P,C_NO_H,36,12,0.0005781538056908175,0.0007029784610494971,0.006538823014125228,0.0153753780759871,0.0031873936532065272,0.006068576825782657,0.0064961707685142756
P,C_NO_H,37,12,0.0005570986832026392,0.000681079545756802,0.0063334612641483545,0.016209358349442482,0.003435905440710485,0.0068686590529978275,0.007238226477056742
P,C_NO_H,38,12,0.0005380990915000439,0.0005767043767264113,0.006148824235424399,0.0149003267288208,0.0030832536285743117,0.006707487627863884,0.007221173960715532
P,C_NO_H,39,12,0.0005205931374803185,0.0006790214392822236,0.005999389803037047,0.01592438295483589,0.0033401979599148035,0.009029325097799301,0.005879663396626711
P,C_NO_H,40,12,0.0005051725747762248,0.0006028245406923816,0.005831427872180939,0.013848855160176754,0.0033321543596684933,0.005294890375807881,0.005454089026898146
P,C_NO_H,41,12,0.00049022794701159,0.0005870542372576892,0.0056754411198198795,0.012272142339497805,0.002991174114868045,0.005575617775321007,0.005317178554832935
P,C_NO_H,42,12,0.0004772030224557966,0.0004997033101972193,0.005516985431313515,0.011226207949221134,0.0031449254602193832,0.005984680261462927,0.0057000291999429464
P,C_NO_H,43,12,0.0004662652063416317,0.0006054530385881662,0.005338392220437527,0.012270260136574507,0.0030098846182227135,0.007583684520795941,0.005851895082741976
P,C_NO_H,44,12,0.0004574665945256129,0.0005328091938281432,0.005199428182095289,0.01066205883398652,0.0030780984088778496,0.0053377298172563314,0.0052672578021883965
P,C_NO_H,45,12,0.00044788587547373027,0.0005181358719710261,0.004941832739859819,0.007641501724720001,0.0026755479630082846,0.0054157773265615106,0.00473414221778512
P,C_NO_H,46,12,0.0004398207529447973,0.0004490594001254067,0.004694690927863121,0.007842306280508637,0.002951886737719178,0.005518554477021098,0.0045072780922055244
P,C_NO_H,47,12,0.00043027337233070284,0.0005456578801386058,0.0044404794462025166,0.00866336515173316,0.0026218134444206953,0.005834576906636357,0.004044849774800241
P,C_NO_H,48,12,0.0004232323990436271,0.0004808166850125417,0.004237620625644922,0.0070121330209076405,0.0027475213864818215,0.0045635513961315155,0.004279811400920153
P,C_NO_H,49,12,0.0004167159349890426,0.00047052986337803304,0.0041316773276776075,0.008602160960435867,0.0029365263180807233,0.005451910430565476,0.004505019402131438
P,C_NO_H,50,12,0.0004092004819540307,0.000407529209041968,0.004001990193501115,0.008316084276884794,0.0024547111243009567,0.00559846218675375,0.004105721949599683
P,C_NO_H,51,12,0.00040315184742212296,0.0004941030929330736,0.003888150444254279,0.008599006570875645,0.0026758702006191015,0.005800331709906459,0.003937668749131262
P,C_NO_H,52,12,0.0003969585959566757,0.00044011826685164124,0.003782337182201445,0.007458384381607175,0.0022930896375328302,0.004034253885038197,0.003863981459289789
P,C_NO_H,53,12,0.0003911474486812949,0.00043405908218119293,0.003699494176544249,0.00823353510349989,0.0020890877349302173,0.0049326480366289616,0.004035223857499659
P,C_NO_H,54,12,0.00038548932934645563,0.00037712314224336296,0.0036085491301491857,0.008659299928694963,0.0022196111967787147,0.005434120073914528,0.0036631940165534616
P,C_NO_H,55,12,0.0003805671149166301,0.0004497763147810474,0.003519053221680224,0.008882661815732718,0.002011178235989064,0.005582255776971579,0.0037268957821652293
P,C_NO_H,56,12,0.0003756668884307146,0.00041359697934240103,0.0034403466852381825,0.007330441614612937,0.001962568669114262,0.003172985278069973,0.003608257044106722
P,C_NO_H,57,12,0.0003698127547977492,0.00040372746298089623,0.0033685099333524704,0.007488847943022847,0.0020665451302193105,0.004015415790490806,0.00365925719961524
P,C_NO_H,58,12,0.0003644994576461613,0.0003530006651999429,0.0032871710136532784,0.00739037967287004,0.001893525943160057,0.005044426652602851,0.0034424562472850084
P,C_NO_H,59,12,0.00035925835254602134,0.0004119370423723012,0.003217896679416299,0.005831936141476035,0.0017875006888061762,0.004739691270515323,0.0034141073701903224
P,C_NO_H,60,12,0.0003537065058480948,0.0003888279607053846,0.003144211368635297,0.004457695875316858,0.00193136022426188,0.002714401693083346,0.0031018599402159452
P,C_NO_H,61,12,0.00034950040571857244,0.0003802644059760496,0.0030851702904328704,0.0049174095038324594,0.001892389205750078,0.0032823121873661876,0.0027451091445982456
P,C_NO_H,62,12,0.00034420080191921443,0.0003331532861921005,0.0030490930657833815,0.006192049710080028,0.001790598500519991,0.00451470713596791,0.0027448287000879645
P,C_NO_H,63,12,0.00033842962875496596,0.0003861144796246663,0.0030377235962077975,0.005592714296653867,0.0018708910793066025,0.004391940543428063,0.003016603528521955
P,C_NO_H,64,12,0.0003336389854666777,0.00036615997669287026,0.0030163497431203723,0.0046842985320836306,0.001916732406243682,0.0025058764731511474,0.002942998195067048
P,C_NO_H,65,12,0.0003297318908153102,0.0003595421294448897,0.0029866895638406277,0.005207501584663987,0.0018277634517289698,0.0028853447875007987,0.0032345260260626674
P,C_NO_H,66,12,0.00032438673224532977,0.00031652217148803174,0.0029684166656807065,0.006204699166119099,0.0017193654784932733,0.0040088079404085875,0.0029426240362226963
P,C_NO_H,67,12,0.000320150691550225,0.00036261398054193705,0.0029386364622041583,0.005360338604077697,0.0016047255485318601,0.004169791820459068,0.0028258177917450666
P,C_NO_H,68,12,0.0003170272320858203,0.0003472408279776573,0.0029174028895795345,0.004735447699204087,0.001586742466315627,0.0025152622256428003,0.002601173473522067
P,C_NO_H,69,12,0.00031333722290582955,0.0003434171521803364,0.00288354663643986,0.004790361505001783,0.001491144357714802,0.002617253689095378,0.0024424648145213723
P,C_NO_H,70,12,0.00030988367507234216,0.00030309639987535775,0.002853302168659866,0.005468843737617135,0.0013719371054321527,0.003798347432166338,0.002532852697186172
P,C_NO_H,71,12,0.0003077581859542988,0.0003435927937971428,0.0028337198309600353,0.0051225891802459955,0.001629528182093054,0.003947297926060855,0.0025283960858359933
P,C_NO_H,72,12,0.00030556331330444664,0.00033247513056267053,0.0028169394936412573,0.0038676117546856403,0.0013678620452992618,0.002285925089381635,0.0023031533928588033
P,C_NO_H,73,12,0.0003035358022316359,0.0003311062027933076,0.0028008747613057494,0.004264617222361267,0.0013508955016732216,0.0027572044637054205,0.0021406164159998298
P,C_NO_H,74,12,0.0003016031550941989,0.0002896182850236073,0.0027821968542411923,0.004931215895339847,0.0014030903694219887,0.003349383478052914,0.002118353731930256
P,C_NO_H,75,12,0.0002991729270434007,0.00032599372207187116,0.0027806737925857306,0.004966385196894407,0.001359076180960983,0.0037512233247980475,0.002053682692348957
P,C_NO_H,76,12,0.00029772586276521906,0.00032092824403662235,0.00276969897095114,0.003581756609492004,0.0013383238692767918,0.0025092324940487742,0.001937415509019047
P,C_NO_H,77,12,0.0002955633608507924,0.0003206123801646754,0.0027593531413003802,0.004231736529618502,0.0013710438506677747,0.0027726006228476763,0.001920930517371744
P,C_NO_H,78,12,0.00029370945412665606,0.00027774233603850007,0.002739959512837231,0.004623733228072524,0.0014318510075099766,0.00287721527274698,0.0019705104641616344
P,C_NO_H,79,12,0.0002904662396758795,0.00031778941047377884,0.0027230107225477695,0.0052816064562648535,0.001573799701873213,0.003843387239612639,0.0018112508114427328
P,C_NO_H,80,12,0.0002876432772609405,0.00030968360078986734,0.0027046280447393656,0.0037135551683604717,0.0015438389382325113,0.002476342022418976,0.0015168136451393366
P,C_NO_H,81,12,0.0002850006057997234,0.00030799007799942046,0.002677497686818242,0.0042686560191214085,0.0015111190732568502,0.002499476308003068,0.0015500813606195152
P,C_NO_H,82,12,0.00028210463642608374,0.0002668977322173305,0.002635421580635011,0.00428945361636579,0.0015223739901557565,0.002878365572541952,0.0014253841363824904
P,C_NO_H,83,12,0.0002792179293464869,0.0003055041452171281,0.0026053182082250714,0.004411225905641913,0.00155241833999753,0.003730658325366676,0.0016265970189124346
P,C_NO_H,84,12,0.0002763920201687142,0.00029691641975659877,0.002570451586507261,0.003650009399279952,0.001475687138736248,0.0024687698460184038,0.0014825226971879601
P,C_NO_H,85,12,0.00027399405371397734,0.00029696580895688385,0.0025316247483715415,0.004272147547453642,0.0014484101557172835,0.002413037931546569,0.0016981879016384482
P,C_NO_H,86,12,0.0002720952907111496,0.0002580550280981697,0.002486075274646282,0.004570639226585627,0.0016917773173190653,0.00307386030908674,0.0014567641192115843
P,C_NO_H,87,12,0.00026882352540269494,0.00029425910906866193,0.0024528956273570657,0.004266320262104273,0.0015261911321431398,0.003123825299553573,0.0013568531139753759
P,C_NO_H,88,12,0.00026699707086663693,0.0002877891092794016,0.002409781445749104,0.0037623204989358783,0.0012697134516201913,0.0024929901119321585,0.0014442770625464618
P,C_NO_H,89,12,0.00026425156102050096,0.00028678489616140723,0.0023882046807557344,0.00417698104865849,0.001329831953626126,0.002272443030960858,0.0013139117509126663
P,C_NO_H,90,12,0.0002621408420964144,0.0002492841231287457,0.0023507203441113234,0.004786917939782143,0.0012806359445676208,0.002987942425534129,0.0013297779951244593
P,C_NO_H,91,12,0.0002605362606118433,0.0002844045156962238,0.002317605772987008,0.0039620359893888235,0.0012981091858819127,0.0029525287682190537,0.0013479430926963687
P,C_NO_H,92,12,0.00025828429352259263,0.0002795270993374288,0.00229223829228431,0.0032586592715233564,0.001260073739103973,0.0022467448143288493,0.0012207332183606923
P,C_NO_H,93,12,0.000256402010563761,0.00027862671413458884,0.002274876576848328,0.00399538385681808,0.0012152798008173704,0.0023070910247042775,0.0011646462953649461
P,C_NO_H,94,12,0.0002548044649302028,0.00024130873498506844,0.0022813035175204277,0.004479225492104888,0.001214661169797182,0.002817817381583154,0.0013034609146416187
P,C_NO_H,95,12,0.0002534597078920342,0.0002762301155598834,0.0022727767936885357,0.003836842952296138,0.001252632646355778,0.0031441644532606006,0.0012352375779300928
P,C_NO_H,96,12,0.00025193054898409173,0.0002710239350562915,0.002270384691655636,0.002863470930606127,0.0012456890544854105,0.0020825754036195576,0.00124344538198784
P,C_NO_H,97,12,0.00025037373416125774,0.0002716091985348612,0.0022837542928755283,0.003643531585112214,0.0012544583878479898,0.0023286681389436126,0.0011691681575030088
P,C_NO_H,98,12,0.0002488275640644133,0.0002346505134482868,0.002274460392072797,0.004167987150140107,0.0012541207252070308,0.002702407306060195,0.0011483568814583123
P,C_NO_H,99,12,0.0002472991109243594,0.00026871010049944744,0.0022868822561576962,0.0037018454167991877,0.0012513042311184108,0.0030620481120422482,0.0011910701869055629
P,C_NO_H,100,12,0.00024681327340658754,0.00026466524286661297,0.002275943639688194,0.0027742607053369284,0.0013292392250150442,0.0019186553545296192,0.001213018549606204
P,C_NO_H,101,12,0.00024545867927372456,0.00026635860558599234,0.002279049949720502,0.003293090034276247,0.001260525721590966,0.002388618770055473,0.0012650640564970672
P,C_NO_H,102,12,0.00024381105322390795,0.00023119227262213826,0.00227746379096061,0.003895163652487099,0.0012466863263398409,0.0027266618562862277,0.0012457432458177209
P,C_NO_H,103,12,0.0002427144136163406,0.0002634777411003597,0.0022796320263296366,0.004030818468891084,0.001284876256249845,0.003208432230167091,0.001219912082888186
P,C_NO_H,104,12,0.00024208049580920488,0.0002583358727861196,0.0022917843889445066,0.00292509188875556,0.0012415563687682152,0.001955608371645212,0.001091481070034206
P,C_NO_H,105,12,0.00024125980417011306,0.00026088248705491424,0.002288318588398397,0.003548470907844603,0.001247148320544511,0.002377254597377032,0.0009825010783970356
P,C_NO_H,106,12,0.00023996249365154654,0.00022808907669968903,0.0022942417999729514,0.004052204778417945,0.0012712267925962806,0.0025822233874350786,0.0010211557382717729
P,C_NO_H,107,12,0.00023869290453149006,0.0002586625050753355,0.002301704022102058,0.003612942062318325,0.0012138052843511105,0.003004089929163456,0.0010965747060254216
P,C_NO_H,108,12,0.00023760542535455897,0.0002530550700612366,0.0023106796434149146,0.002611659001559019,0.0012394552468322217,0.0018822166603058577,0.0011892582406289876
P,C_NO_H,109,12,0.00023655784025322646,0.00025540149363223463,0.0023203694727271795,0.0031702956184744835,0.0011762139620259404,0.002213705622125417,0.0010230250773020089
P,C_NO_H,110,12,0.00023508587764808908,0.00022307402832666412,0.00232582853641361,0.003981547197327018,0.0012042105663567781,0.0029649201314896345,0.0011294297291897237
P,C_NO_H,111,12,0.0002337154801352881,0.00025317419203929603,0.002337615820579231,0.00353342283051461,0.0012285438715480268,0.0030541789019480348,0.0009055504342541099
P,C_NO_H,112,12,0.00023250814410857856,0.0002468631137162447,0.0023426719708368182,0.0023204851895570755,0.0012048928765580058,0.0016382739413529634,0.0008886352588888258
P,C_NO_H,113,12,0.0002313888253411278,0.0002498313406249508,0.002348853973671794,0.003099107649177313,0.0011955031659454107,0.002353564603254199,0.0009905103943310678
P,C_NO_H,114,12,0.00023005602997727692,0.00021780770475743338,0.002359603880904615,0.0037338725524023175,0.0012236504117026925,0.002829832839779556,0.0011112054926343262
P,C_NO_H,115,12,0.00022942962095839903,0.0002484437864040956,0.0023579595144838095,0.003272580564953387,0.0012395232333801687,0.0028098314069211483,0.0011429122823756188
P,C_NO_H,116,12,0.00022827058273833245,0.00024185743677662686,0.0023675098782405257,0.0024862365098670125,0.0012224729871377349,0.001664800860453397,0.0010833740234375
P,C_NO_H,117,12,0.00022694343351759017,0.0002455909998388961,0.0023692118702456355,0.003058712580241263,0.001183875952847302,0.00238327425904572,0.0011293693678453565
P,C_NO_H,118,12,0.00022532042203238234,0.00021306843700585887,0.0023601138964295387,0.003719777101650834,0.0011950701591558754,0.0029664109461009502,0.0011020723613910377
P,C_NO_H,119,12,0.00022467544476967305,0.00024257079348899424,0.0023770295083522797,0.0037805826868861914,0.0011630126973614097,0.0030423549469560385,0.0010573030449450016
P,C_NO_H,120,12,0.00022378027642844245,0.0002356760815018788,0.0023793281288817525,0.0023343884386122227,0.0011701100156642497,0.0015822439454495907,0.0009903543395921588
P,C_NO_H,121,12,0.00022278713731793687,0.00024009645858313888,0.0023871054872870445,0.0031394833931699395,0.001122050016419962,0.002399407560005784,0.0009849592170212418
P,C_NO_H,122,12,0.0002214499399997294,0.0002086056410917081,0.0023880666121840477,0.003729848423972726,0.0011563075822778046,0.002873095218092203,0.0009270393056795001
P,C_NO_H,123,12,0.00022098801127867773,0.00023927587608341128,0.002411461668089032,0.003342346870340407,0.0011631891829892993,0.0026226253248751163,0.0008613168611191213
P,C_NO_H,124,12,0.00022053405700717121,0.00023068233713274822,0.0024096834240481257,0.0023117474047467113,0.001167626935057342,0.0016935174353420734,0.001026325044222176
P,C_NO_H,125,12,0.00022000129683874547,0.00023661093291593716,0.0024187538074329495,0.0030029616318643093,0.0011711138067767024,0.0023075747303664684,0.0008857339853420854
P,C_NO_H,126,12,0.00021943734464002773,0.0002062533822027035,0.0024370952742174268,0.0035258171847090125,0.0011844377149827778,0.0027159233577549458,0.0010502160876058042
P,C_NO_H,127,12,0.00021924933389527723,0.00023604510352015495,0.0024650567211210728,0.003566998289898038,0.001172706950455904,0.0028453218983486295,0.0010046194947790354
P,C_NO_H,128,12,0.0002189109945902601,0.00022797874407842755,0.0024728316348046064,0.002337127458304167,0.0011614332906901836,0.0018596759182401001,0.0010624878923408687
P,C_NO_H,129,12,0.0002179824950871989,0.00023361144121736288,0.0024930915096774697,0.002816435764543712,0.001211155904456973,0.0023021602537482977,0.0010331757948733866
P,C_NO_H,130,12,0.00021757449576398358,0.00020436007616808638,0.002507287194021046,0.003248798195272684,0.0011627816711552441,0.0026803730288520455,0.0009359889372717589
P,C_NO_H,131,12,0.00021718016068916768,0.00023290808167075738,0.002498442423529923,0.003176201833412051,0.0011748714605346322,0.002825310919433832,0.0009391752246301621
P,C_NO_H,132,12,0.00021582670888165012,0.00022403707407647744,0.002495759865269065,0.0023846630938351154,0.0011547968024387956,0.0017513340571895242,0.0009312207694165409
P,C_NO_H,133,12,0.00021491979714483023,0.00022969798737904057,0.002494371961802244,0.002838084939867258,0.0011527349124662578,0.0023850996512919664,0.000984274025540799
P,C_NO_H,134,12,0.00021340535022318363,0.00020108692842768505,0.002493009204044938,0.0031441313913092017,0.0011385336983948946,0.002727028331719339,0.0010553707252256572
P,C_NO_H,135,12,0.00021172204287722707,0.00022930534760234877,0.002488725585862994,0.0028045708313584328,0.0012075115810148418,0.002576137543655932,0.0009722026297822595
P,C_NO_H,136,12,0.00021081824525026605,0.0002202507748734206,0.002491288585588336,0.002350716502405703,0.001166925358120352,0.0017948313616216183,0.0009453424427192658
P,C_NO_H,137,12,0.0002093434741254896,0.0002266201699967496,0.002498088637366891,0.00283312750980258,0.0011914469650946558,0.00224275141954422,0.0008502370619680732
P,C_NO_H,138,12,0.00020776937890332192,0.00019786346820183098,0.002496674773283303,0.0031621650559827685,0.0011910180328413844,0.002733534201979637,0.0008718199096620083
P,C_NO_H,139,12,0.0002061257473542355,0.0002258301610709168,0.0024952152743935585,0.003331887419335544,0.0011885265121236444,0.0027656271122395992,0.0009094534034375101
P,C_NO_H,140,12,0.00020544540166156366,0.00021671070862794295,0.002499263733625412,0.002400720026344061,0.0011756354942917824,0.001897329930216074,0.0008380057406611741
P,C_NO_H,141,12,0.00020381162175908685,0.00022622799588134512,0.0025005562929436564,0.0026209407951682806,0.0011397798953112215,0.0022302933502942324,0.0007464898808393627
P,C_NO_H,142,12,0.0002027142545557581,0.000196023283933755,0.0025070938281714916,0.0030129547230899334,0.0011178811837453395,0.0024290281580761075,0.0008301854832097888
P,C_NO_H,143,12,0.00020093642524443567,0.0002232160113635473,0.002512577688321471,0.0029944697162136436,0.0011309409164823592,0.002598290564492345,0.0008007802243810147
P,C_NO_H,144,12,0.0002001220636884682,0.00021248316625133157,0.002522384515032172,0.0023630765499547124,0.0011201008164789528,0.0019309992785565555,0.0007678317197132856
P,C_NO_H,145,12,0.00019830456585623324,0.000224814131797757,0.0025303829461336136,0.0026976896915584803,0.0011153226951137185,0.002162232529371977,0.0007559855002909899
P,C_NO_H,146,12,0.0001977830906980671,0.00019419762975303456,0.002536537707783282,0.002814742852933705,0.0011655318085104227,0.0023725340142846107,0.0008344850793946534
P,C_NO_H,147,12,0.00019630329188657925,0.00021974551782477647,0.0025350896175950766,0.0028541265055537224,0.0011458775261417031,0.0024440197739750147,0.0008057148952502757
P,C_NO_H,148,12,0.00019520585919963196,0.0002070508780889213,0.0025426263455301523,0.00231714837718755,0.0011358765768818557,0.001751570263877511,0.0008924486464820802
P,C_NO_H,149,12,0.00019404389604460448,0.0002228794983238913,0.0025452953996136785,0.0025092484429478645,0.001126280752941966,0.001958062523044646,0.0008546520257368684
P,C_NO_H,150,12,0.000193140069313813,0.00019430329848546535,0.00254860264249146,0.002866739989258349,0.0011458431836217642,0.0023476508213207126,0.0008446741849184036
P,C_NO_H,151,12,0.0001916205874294974,0.00021699244098272175,0.0025560776703059673,0.0028714302461594343,0.0011676669237203896,0.002590221934951842,0.0009333516063634306
P,C_NO_H,152,12,0.0001904138844111003,0.00020225922344252467,0.002556105493567884,0.002317749778740108,0.0011667516664601862,0.0019045582739636302,0.0008674337586853653
P,C_NO_H,153,12,0.00018961442401632667,0.0002229089877801016,0.0025635705096647143,0.0025542881339788437,0.001187482033856213,0.002006252179853618,0.0007887149695307016
P,C_NO_H,154,12,0.00018859149713534862,0.00019541356596164405,0.0025707574095577,0.0026458936044946313,0.001110779179725796,0.0021508820354938507,0.0008384752145502716
P,C_NO_H,155,12,0.00018731037562247366,0.00021473327797139063,0.0025601236848160625,0.0028965601231902838,0.0011303404462523758,0.0023647817433811724,0.0009941702301148325
P,C_NO_H,156,12,0.0001861781711340882,0.00019889767281711102,0.002551398938521743,0.002439739997498691,0.0011223728652112186,0.0019871105323545635,0.0009149201796390116
P,C_NO_H,157,12,0.00018484247266314924,0.00022367633209796622,0.0025403446052223444,0.002397600095719099,0.0010934016900137067,0.0020199486170895398,0.0008606385090388358
P,C_NO_H,158,12,0.00018455942336004227,0.00019680950208567083,0.0025297689717262983,0.002617999096401036,0.0012198680196888745,0.002341244136914611,0.0008818355854600668
P,C_NO_H,159,12,0.00018367549637332559,0.0002152782108169049,0.002529299119487405,0.002677234122529626,0.0011777928448282182,0.0023145906161516905,0.0009595352748874575
P,C_NO_H,160,12,0.00018295047630090266,0.00019598795915953815,0.002514152438379824,0.002248909557238221,0.0011842793319374323,0.0017268031369894743,0.0009377679962199181
P,C_NO_H,161,12,0.00018385030853096396,0.0002267564632347785,0.002502803923562169,0.0023282243637368083,0.0011195812840014696,0.0019338988931849599,0.0010149559238925576
P,C_NO_H,162,12,0.00018756557983579114,0.0001992023753700778,0.0024939891882240772,0.002695416915230453,0.0011477021034806967,0.0023994457442313433,0.0008499874966219068
P,C_NO_H,163,12,0.00019258915563113987,0.0002278521133121103,0.0024823049316182733,0.0028751265490427613,0.0013555276673287153,0.002298446954227984,0.0009343513229396194
P,C_NO_H,164,12,0.0001945462718140334,0.00019295900710858405,0.002461025957018137,0.0027101562591269612,0.0013987637357786298,0.0019053396536037326,0.0009420760907232761
P,C_NO_H,165,12,0.00019328828057041392,0.00023316479928325862,0.002453083172440529,0.002552179852500558,0.0014035830972716212,0.001991193275898695,0.000808521406725049
P,C_NO_H,166,12,0.00018841699056793004,0.00020009900617878884,0.0024345971178263426,0.0030086339684203267,0.0013830764801241457,0.0025445681530982256,0.0008786605903878808
P,C_NO_H,167,12,0.0001833504720707424,0.00022057880414649844,0.0024136087158694863,0.002562666079029441,0.0010729753121268004,0.0021780591923743486,0.0008426268759649247
P,C_NO_H,168,12,0.00018003567674895748,0.00018914548854809254,0.0024014494847506285,0.0022588097490370274,0.0010910755372606218,0.001804776955395937,0.0008254341373685747
P,C_NO_H,169,12,0.00017732876585796475,0.00022469656687462702,0.0023877600906416774,0.002347335685044527,0.0011262933840043843,0.0017384911770932376,0.001053193409461528
P,C_NO_H,170,12,0.00017638429562794045,0.00019719498959602788,0.0023700373712927103,0.0027014673687517643,0.0011941816774196923,0.002287722658365965,0.0009085210913326591
P,C_NO_H,171,12,0.0001749790317262523,0.0002141973964171484,0.0023693511029705405,0.002684369683265686,0.001201335748191923,0.002212131628766656,0.0008432011818513274
P,C_NO_H,172,12,0.00017610727081773803,0.0001849495165515691,0.0023617257829755545,0.0020964490249753,0.0010764062753878534,0.0016527901170775294,0.0008328805852215737
P,C_NO_H,173,12,0.0001775320924934931,0.00022517247271025553,0.0023463137913495302,0.002241505077108741,0.0010553831234574318,0.0019161602249369025,0.0009614066511858255
P,C_NO_H,174,12,0.00017923596897162497,0.00019883228378603235,0.0023416762705892324,0.0025626597926020622,0.0011686980142258108,0.002200474264100194,0.0010343377362005413
P,C_NO_H,175,12,0.00017955479415832087,0.00021891426877118647,0.0023355166194960475,0.002720257267355919,0.0013750885846093297,0.002284226007759571,0.0010400190367363393
P,C_NO_H,176,12,0.0001775701020960696,0.0001809869718272239,0.0023256572894752026,0.0025053832214325666,0.0012546393554657698,0.001792101829778403,0.0009339225362055004
P,C_NO_H,177,12,0.0001750990777509287,0.00022488788090413436,0.002333054319024086,0.0022724249865859747,0.0010350165539421141,0.0020183505257591605,0.0011068361927755177
P,C_NO_H,178,12,0.0001731044758344069,0.00019633222109405324,0.0023422102676704526,0.0024589059175923467,0.001089150900952518,0.0022129019489511847,0.0009735843632370234
P,C_NO_H,179,12,0.00017103145364671946,0.0002109138367814012,0.0023483906406909227,0.0026623327285051346,0.0010564053081907332,0.0022299118572846055,0.0009931364911608398
P,C_NO_H,180,12,0.00017056597425835207,0.00017738175665726885,0.0023506375728175044,0.002074599266052246,0.0010576163767836988,0.0015927666099742055,0.0008071652846410871
P,C_NO_H,181,12,0.00016987326671369374,0.00021945960179436952,0.0023543513379991055,0.001987461349926889,0.000969387823715806,0.0018195834127254784,0.0008394775504712015
P,C_NO_H,182,12,0.000169315877428744,0.0001940564761753194,0.002363403793424368,0.0024020331911742687,0.0009748739248607308,0.002119793905876577,0.0008409022120758891
P,C_NO_H,183,12,0.00016971927107078955,0.00020924448472214863,0.002365512540563941,0.0025138427736237645,0.000990260421531275,0.0022007491206750274,0.0008004274277482182
P,C_NO_H,184,12,0.00016951560246525332,0.00017427322745788842,0.0023590646451339126,0.002059603517409414,0.0009809903567656875,0.001615620218217373,0.0009259301004931331
P,C_NO_H,185,12,0.00016960991342784837,0.00022063442884245887,0.0023511690087616444,0.0020233422983437777,0.001022202050080523,0.0017271264805458486,0.00096804992062971
P,C_NO_H,186,12,0.00016935541498241946,0.00019566097034839913,0.00234622904099524,0.002375796320848167,0.0009898242715280503,0.002122852369211614,0.0008561098948121071
P,C_NO_H,187,12,0.00016888987738639116,0.00021019492123741657,0.002344353008083999,0.0024290973087772727,0.0010185841820202768,0.0021012499928474426,0.0009587836975697428
P,C_NO_H,188,12,0.00016841940669110045,0.00017087170272134244,0.002338253892958164,0.0021404859144240618,0.001036237459629774,0.001734561927150935,0.0009483342582825571
P,C_NO_H,189,12,0.00016796875570435077,0.00022168271971167997,0.0023345722584053874,0.0023066874127835035,0.001002301083644852,0.0019222693517804146,0.0009845264139585197
P,C_NO_H,190,12,0.0001674759914749302,0.00019353170500835404,0.0023456065682694316,0.0024098585126921535,0.0010118992067873478,0.001990842923987657,0.0009261646773666143
P,C_NO_H,191,12,0.00016676096129231155,0.00020705712086055428,0.0023584284354001284,0.0023838861379772425,0.0010097933118231595,0.0020270036184228957,0.0009288617875427008
P,C_NO_H,192,12,0.00016578643408138305,0.00016850794781930745,0.002374974894337356,0.0021658475743606687,0.0009913713147398084,0.0016183553962036967,0.0009719669760670513
P,C_NO_H,193,12,0.0001653892031754367,0.0002164638790418394,0.002395126037299633,0.0022187468130141497,0.0009388010657858104,0.0017435770714655519,0.0010279820999130607
P,C_NO_H,194,12,0.00016435633006040007,0.00019294150115456432,0.002397885313257575,0.0022510832641273737,0.0009596049785614014,0.001870923035312444,0.0010969899594783783
P,C_NO_H,195,12,0.0001643649666220881,0.0002053363059530966,0.002415534225292504,0.0025364095345139503,0.0009236536279786378,0.0020115056540817022,0.0009608710242900997
P,C_NO_H,196,12,0.00016443074127892032,0.00016590088489465415,0.0024344228440895677,0.0025823243195191026,0.0009515679266769439,0.0015898533165454865,0.000956711097387597
P,C_NO_H,197,12,0.00016394905833294615,0.00021689909044653177,0.002452816581353545,0.002431784523651004,0.0009893482201732695,0.0018066129996441305,0.0009084269113373011
P,C_NO_H,198,12,0.00016280815179925412,0.00019405822968110442,0.002465980709530413,0.0024671590654179454,0.0010212377819698304,0.0019368387875147164,0.0009351918415632099
P,C_NO_H,199,12,0.00016257972310995683,0.00020327292440924793,0.0024785336572676897,0.0022682335693389177,0.001090596430003643,0.0019197393557988107,0.0009413570805918425
P,C_NO_H,200,12,0.00016272495849989355,0.0001635768130654469,0.002497047185897827,0.0019706525490619242,0.001101216592360288,0.001583576260600239,0.0010460622725076973
P,C_NO_H,201,12,0.00016228549793595448,0.00021641933562932536,0.0025015748105943203,0.002021799620706588,0.001092294929549098,0.0016398037550970912,0.0010630973265506327
P,C_NO_H,202,12,0.00016209182649618015,0.00019344333850312978,0.002510695601813495,0.0022494576405733824,0.0011447251308709383,0.001745812885928899,0.0008839283254928887
P,C_NO_H,203,12,0.00016208931629080325,0.00020432440214790404,0.002502991585060954,0.002275067148730159,0.0010526675032451749,0.001818444929085672,0.0008242491167038679
P,C_NO_H,204,12,0.0001625051663722843,0.00016100952052511275,0.002495083026587963,0.0021747872815467417,0.0010227534221485257,0.0016903547220863402,0.0010678490507416427
P,C_NO_H,205,12,0.00016179136582650244,0.0002167023776564747,0.0024998245062306523,0.002331431140191853,0.0010058136249426752,0.0017178280395455658,0.0010941509390249848
P,C_NO_H,206,12,0.00016050526755861938,0.00019440270989434794,0.0024948413483798504,0.0022121438523754478,0.0009503528417553753,0.001652174920309335,0.0009175018349196762
P,C_NO_H,207,12,0.0001597939190105535,0.0002045411165454425,0.0024946152698248625,0.0023853032616898417,0.000960186735028401,0.0018563040648587048,0.0007899773481767625
P,C_NO_H,208,12,0.00015909123612800613,0.0001586158905411139,0.0025025695795193315,0.002387561951763928,0.0010064125526696444,0.0016459645703434944,0.0010490755666978657
P,C_NO_H,209,12,0.00015842583525227383,0.00021284389367792755,0.0025034493301063776,0.002436253591440618,0.0010393207776360214,0.0018928397330455482,0.0008177690324373543
P,C_NO_H,210,12,0.0001576151407789439,0.00019286555470898747,0.002500043367035687,0.0023589730262756348,0.0010453503928147256,0.001690462522674352,0.0008401416416745633
P,C_NO_H,211,12,0.0001573506451677531,0.00020168914488749579,0.002501759212464094,0.0024270887952297926,0.0010788341169245541,0.001634080137591809,0.0009289880108553916
P,C_NO_H,212,12,0.00015754302876302972,0.00015573573909932747,0.002525368705391884,0.002087437780573964,0.0010902947396971285,0.0014233505353331566,0.0008559077105019242
P,C_NO_H,213,12,0.00015738530055386946,0.00021108598593855277,0.002550342585891485,0.002205561031587422,0.0010604942217469215,0.0016544029931537807,0.0008521039562765509
P,C_NO_H,214,12,0.0001571481698192656,0.00019295073434477672,0.002580288681201637,0.0024650696432217956,0.001087054901290685,0.0017464985139667988,0.0009307557484135032
P,C_NO_H,215,12,0.00015656712639611214,0.00020218250574544072,0.00259116489905864,0.002369405934587121,0.001074725529178977,0.0016183851985260844,0.0009095951972994953
P,C_NO_H,216,12,0.0001562902907608077,0.00015359542157966644,0.002602699212729931,0.00214533694088459,0.0009679223294369876,0.0015742967370897532,0.000876043806783855
P,C_NO_H,217,12,0.00015627912944182754,0.00020931688050040975,0.002610610332340002,0.0021399620454758406,0.0009541827603243291,0.0018790363683365285,0.0009602128120604903
P,C_NO_H,218,12,0.00015503769827773795,0.0001933679450303316,0.002600897685624659,0.001987602678127587,0.0009249880095012486,0.0016948389238677919,0.0007555208867415786
P,C_NO_H,219,12,0.00015470004291273654,0.00020208212663419545,0.0026009611319750547,0.002364054089412093,0.0009718180808704346,0.0016784389736130834,0.0009034895338118076
P,C_NO_H,220,12,0.0001543338075862266,0.00015173813153523952,0.0026065673446282744,0.002093348477501422,0.001011999003821984,0.001588865416124463,0.0009263910760637373
P,C_NO_H,221,12,0.00015420096315210685,0.0002084005536744371,0.002598326071165502,0.002216493827290833,0.0009607287647668272,0.0018196665332652628,0.0009135746513493359
P,C_NO_H,222,12,0.00015400106349261478,0.00019133817113470286,0.002597481245175004,0.0019917397294193506,0.000915163429453969,0.0016322474693879485,0.0008347107795998454
P,C_NO_H,223,12,0.00015400598203996196,0.0002000382010010071,0.002606664435006678,0.0023743289057165384,0.0010033765574917197,0.0017663369071669877,0.0008011873287614435
P,C_NO_H,224,12,0.00015363848069682717,0.00014910618483554572,0.002629377879202366,0.0020677107386291027,0.0009683209063950926,0.0014295161818154156,0.0007986837299540639
P,C_NO_H,225,12,0.0001538892393000424,0.00020685372146544978,0.0026327541563659906,0.002203512703999877,0.0009692790627013892,0.0016244194703176618,0.0007537271012552083
P,C_NO_H,226,12,0.00015297797654056922,0.00019243705901317298,0.002628855057992041,0.00232032488565892,0.0009855950193013996,0.00174582505133003,0.0008322715002577752
P,C_NO_H,227,12,0.00015274581528501585,0.0002002687324420549,0.0026381356874480844,0.0022103149676695466,0.0009379474504385144,0.0016727081965655088,0.0008593887323513627
P,C_NO_H,228,12,0.00015249130228767172,0.0001473531883675605,0.0026398327900096774,0.0024136146530508995,0.0009349262691102922,0.0015601578634232283,0.0008123207662720233
P,C_NO_H,229,12,0.00015233490557875484,0.00020483499247347936,0.0026293557602912188,0.0023426435654982924,0.0009142162452917546,0.0019098840421065688,0.0009453357779420912
P,C_NO_H,230,12,0.00015144349890761077,0.00018847521278075874,0.0026264016050845385,0.0020620060386136174,0.0010089711868204176,0.0015912937233224511,0.0008304848743136972
P,C_NO_H,231,12,0.00015096923743840307,0.0001968450887943618,0.0026191622018814087,0.0022384095937013626,0.0010469252592884004,0.0015912135131657124,0.0010742851591203362
P,C_NO_H,232,12,0.00015063404862303287,0.00014643953181803226,0.0026191415963694453,0.002113266906235367,0.001076124026440084,0.0014509560423903167,0.0011460176901891828
P,C_NO_H,233,12,0.00015044782048789784,0.00020331036648713052,0.002618490136228502,0.002327576046809554,0.0010347203351557255,0.0016195582575164735,0.0009791331249289215
P,C_NO_H,234,12,0.00015069979417603463,0.00018720243679126725,0.0026090219616889954,0.002246897085569799,0.001059591246303171,0.0015930334920994937,0.0009730083402246237
P,C_NO_H,235,12,0.0001509244757471606,0.00019757623522309586,0.002608328009955585,0.00236808427143842,0.0010378666338510811,0.001683160604443401,0.0008808525162748992
P,C_NO_H,236,12,0.00015114542475203052,0.00014552089851349592,0.002590745920315385,0.002108462038449943,0.0010068484989460558,0.0014247254584915936,0.0009498387225903571
P,C_NO_H,237,12,0.00015127952792681754,0.00020322969066910446,0.0025884429924190044,0.002334268414415419,0.000996010290691629,0.0017883901600725949,0.0009438831475563347
P,C_NO_H,238,12,0.00015096792776603252,0.00019229923782404512,0.0025707228342071176,0.0021419449476525187,0.0009749641176313162,0.0017565033631399274,0.001005996426101774
P,C_NO_H,239,12,0.00015026653272798285,0.0002004438720177859,0.00257443287409842,0.002331601921468973,0.0010085583198815584,0.0016631832695566118,0.0009555246215313673
P,C_NO_H,240,12,0.00014980346168158576,0.00014456248027272522,0.0025639727246016264,0.0022643618285655975,0.0009911510860547423,0.001538654905743897,0.0009481176384724677
P,C_NO_H,241,12,0.00014972650387790054,0.00020181183208478615,0.002558572101406753,0.0022683236747980118,0.0010183100239373744,0.0017211729427799582,0.0009376931411679834
P,C_NO_H,242,12,0.00014935901708668098,0.00019172820611856878,0.0025586411356925964,0.002185959368944168,0.0010163925180677325,0.0015371432527899742,0.0009194122685585171
P,C_NO_H,243,12,0.00014909451419953257,0.0001996242135646753,0.002549385651946068,0.002283649519085884,0.0011159924906678498,0.0015799523680470884,0.0009399476984981447
P,C_NO_H,244,12,0.0001498703713878058,0.0001436437596566975,0.002546395407989621,0.0020719810272566974,0.0011028128792531788,0.0016278656548820436,0.0010075594764202833
P,C_NO_H,245,12,0.00014966176968300715,0.00020119727560086176,0.0025382047751918435,0.0023618292761966586,0.001144329784438014,0.0017612429801374674,0.0009504984482191503
P,C_NO_H,246,12,0.00014953885693103075,0.0001931832593982108,0.0025337947299703956,0.0023066644789651036,0.0011184579343535006,0.0016107178525999188,0.0008561009599361569
P,C_NO_H,247,12,0.00014904599083820358,0.00019983702804893255,0.0025274367071688175,0.00227423885371536,0.0011372099397704005,0.001652617531362921,0.0009319742384832352
P,C_NO_H,248,12,0.00014907701552147046,0.00014189578359946609,0.0025318064726889133,0.002379987039603293,0.0010548162390477955,0.0015560091705992818,0.0008833202591631562
P,C_NO_H,249,12,0.00014866861602058634,0.00020019653311464936,0.002529792720451951,0.002246674266643822,0.0010196961229667068,0.001644662581384182,0.0008244512428063899
P,C_NO_H,250,12,0.00014845631085336208,0.00019650981266750023,0.002538191736675799,0.00234942021779716,0.001051645027473569,0.001702376059256494,0.0008937715901993215
P,C_NO_H,251,12,0.0001477015030104667,0.00020153573132120073,0.0025450546527281404,0.002442789147607982,0.0010214393259957433,0.0017176573164761066,0.0009858162084128708
P,C_NO_H,252,12,0.00014801060751779005,0.00014056988584343344,0.0025504681980237365,0.0022777911508455873,0.0010045460076071322,0.001444449764676392,0.0009188781841658056
P,C_NO_H,253,12,0.00014821544755250216,0.000199190886633005,0.0025613470934331417,0.0022280679550021887,0.0011065664584748447,0.0017030186136253178,0.0008686487271916121
P,C_NO_H,254,12,0.00014793109585298225,0.00019378280558157712,0.0025719809345901012,0.002416662056930363,0.001118962769396603,0.0016521180514246225,0.0009145463118329644
P,C_NO_H,255,12,0.00014841026131762192,0.0002005025526159443,0.0025787890190258622,0.0023686131462454796,0.0012413742952048779,0.0017875565681606531,0.000806140509666875
P,C_NO_H,256,12,0.0001488608686486259,0.00013890626723878086,0.0025844479678198695,0.002127421903423965,0.0012322076363489032,0.0014621054870076478,0.0008257000590674579
P,C_NO_H,257,12,0.00014864113472867757,0.0001987850191653706,0.002594298799522221,0.002334069926291704,0.0011533305805642158,0.0016434751451015472,0.0008491950284224004
P,C_NO_H,258,12,0.00014833577733952552,0.00019260021508671343,0.0025979996426030993,0.0022034980356693268,0.0011122942087240517,0.001499374397099018,0.0009115996945183724
P,C_NO_H,259,12,0.00014740221376996487,0.0001994593840208836,0.0025961032370105386,0.0023622390581294894,0.0010888594551943243,0.0017066200380213559,0.0010521629301365465
P,C_NO_H,260,12,0.00014698382437927648,0.00013721785217057914,0.0026028534630313516,0.002122959354892373,0.0010191210894845426,0.0014456314384005964,0.0009642845834605396
P,C_NO_H,261,12,0.00014685967471450567,0.0001971995588974096,0.002615224220789969,0.00233031262177974,0.000971123343333602,0.001498278637882322,0.0009117475128732622
P,C_NO_H,262,12,0.00014652816753368825,0.0001953998435055837,0.0026242665480822325,0.002393440459854901,0.0009884560131467879,0.0016281265998259187,0.0009289785521104932
P,C_NO_H,263,12,0.00014617055421695113,0.00020142217545071617,0.0026400809874758124,0.0023632043739780784,0.0009819069236982614,0.0016522835940122604,0.000950040208408609
P,C_NO_H,264,12,0.00014654047845397145,0.00013639844837598503,0.0026476284256204963,0.002229056437499821,0.0009756541985552758,0.0013969885767437518,0.0009361370466649532
P,C_NO_H,265,12,0.00014691912656417117,0.00019633182819234207,0.0026655792025849223,0.0023976541124284267,0.000991054839687422,0.0017499764217063785,0.0010855885338969529
P,C_NO_H,266,12,0.0001469426861149259,0.0001945175536093302,0.002677345182746649,0.0022081765346229076,0.0010773622780106962,0.001640382397454232,0.0010851752595044672
P,C_NO_H,267,12,0.00014672167162643746,0.00020049861632287502,0.002696401090361178,0.002475874964147806,0.0011421132658142596,0.001726510003209114,0.000994600064586848
P,C_NO_H,268,12,0.00014601774455513805,0.0001351569953840226,0.0027135045966133475,0.0021913982927799225,0.0011631701490841806,0.001405866933055222,0.0009008291817735881
P,C_NO_H,269,12,0.00014545290468959138,0.00019551491277525201,0.002738497103564441,0.002446954371407628,0.0011478919768705964,0.0017142707365565002,0.000997567200101912
P,C_NO_H,270,12,0.00014500844554277137,0.00019335517572471872,0.0027588532539084554,0.002285679103806615,0.001135160680860281,0.0017641088925302029,0.000979233387624845
P,C_NO_H,271,12,0.00014473532792180777,0.00020084781863261014,0.0027695251628756523,0.002380605903454125,0.001075377338565886,0.001734812860377133,0.0008983135048765689
P,C_NO_H,272,12,0.00014460491365753114,0.0001340247254120186,0.0027852070052176714,0.0020668806391768157,0.0010599016095511615,0.0014435222838073969,0.0010355598642490804
P,C_NO_H,273,12,0.0001443690125597641,0.00019457379676168784,0.002802623901516199,0.002527255564928055,0.0010247199970763177,0.001690914505161345,0.0009313950722571462
P,C_NO_H,274,12,0.0001442833454348147,0.00019299850100651383,0.002828525612130761,0.0021524314070120454,0.0010259851696901023,0.0015868774498812854,0.0009151051053777337
P,C_NO_H,275,12,0.0001443689616280608,0.00020372976723592728,0.002845640294253826,0.0023552309721708298,0.0010649103205651045,0.001610381354112178,0.0010522333614062518
P,C_NO_H,276,12,0.00014459853991866112,0.0001330215745838359,0.002866254304535687,0.002209142956417054,0.0010303202434442937,0.0014392113662324846,0.0009813600627239794
P,C_NO_H,277,12,0.0001445988382329233,0.00019380039884708822,0.0028916586888954043,0.0023695771815255284,0.0010119644866790622,0.0017582877771928906,0.0010324710165150464
P,C_NO_H,278,12,0.00014430219016503543,0.0001912207226268947,0.0029045584378764033,0.0019440779578872025,0.0009972361149266362,0.0015127205406315625,0.000933171046199277
P,C_NO_H,279,12,0.00014409114373847842,0.00020342713105492294,0.002916885889135301,0.0023668326903134584,0.0010523094679228961,0.0016867996309883893,0.0009442727314308286
P,C_NO_H,280,12,0.0001443021756131202,0.00013194391794968396,0.0029266171623021364,0.0022244565188884735,0.0010363617620896548,0.0014833841705694795,0.0009555472934152931
P,C_NO_H,281,12,0.00014438412472372875,0.00019292873912490904,0.002938600489869714,0.002444860991090536,0.0010167040454689413,0.0016130816657096148,0.0010083833476528525
P,C_NO_H,282,12,0.00014416686462936923,0.00018976446153828874,0.002943649305962026,0.00211896444670856,0.0010014303552452475,0.0014577795518562198,0.0011322317295707762
P,C_NO_H,283,12,0.00014387882401933894,0.0002042827836703509,0.0029498019721359015,0.002290437347255647,0.0009503343899268657,0.0016024176147766411,0.0011272199917584658
P,C_NO_H,284,12,0.00014469444431597367,0.0001312089807470329,0.0029465932166203856,0.0021910356590524316,0.0009606782405171543,0.0014315055450424552,0.0011108434991911054
P,C_NO_H,285,12,0.0001447390895918943,0.00019178898946847767,0.0029429264832288027,0.0024223525542765856,0.0009891135559882969,0.0017185647157020867,0.001118481857702136
P,C_NO_H,286,12,0.00014491034380625933,0.00018846582679543644,0.002938925987109542,0.002290874836035073,0.0010968189453706145,0.0014556415262632072,0.0012293942854739726
P,C_NO_H,287,12,0.00014452300820266828,0.00020427443087100983,0.0029298615409061313,0.002190009690821171,0.0010767053172457963,0.0016591270104981959,0.0012352620251476765
P,C_NO_H,288,12,0.00014474021008936688,0.00013042927457718179,0.0029219835996627808,0.002301824511960149,0.001113169186282903,0.0014723871718160808,0.0010749109205789864
P,C_NO_H,289,12,0.00014449566515395418,0.00018983986228704453,0.0029204810271039605,0.0025114931631833315,0.0010862951749004424,0.001665137941017747,0.0009288631263189018
P,C_NO_H,290,12,0.00014414931501960382,0.00018672402075026184,0.002926686080172658,0.0022692640777677298,0.0010919938795268536,0.0015400287229567766,0.001190012670122087
P,C_NO_H,291,12,0.00014352984726428986,0.00020424090325832367,0.002934938296675682,0.0022875923896208405,0.0010071298165712506,0.001525725587271154,0.0011672788532450795
P,C_NO_H,292,12,0.00014422505046240985,0.00012961981701664627,0.0029317695880308747,0.0023448305437341332,0.0010364122572354972,0.0014559083501808345,0.0011204318725503981
P,C_NO_H,293,12,0.0001446185851818882,0.00018938050925498828,0.0029329953249543905,0.0026031763991340995,0.0010345575865358114,0.001688795629888773,0.001195240707602352
P,C_NO_H,294,12,0.00014550358173437417,0.00018623982032295316,0.002932483796030283,0.002286764793097973,0.0010233974026050419,0.00145486940164119,0.0011444673873484135
P,C_NO_H,295,12,0.00014654386905021966,0.0002039202008745633,0.0029255797853693366,0.002259659697301686,0.0010535741166677326,0.0016010497347451746,0.0010292479419149458
P,C_NO_H,296,12,0.0001467623733333312,0.00012885504111181945,0.0029219334246590734,0.002287226147018373,0.001077722990885377,0.0015034987591207027,0.0010368145303800702
P,C_NO_H,297,12,0.0001455309975426644,0.00019060842896578833,0.002922546584159136,0.0024006207240745425,0.000987837091088295,0.0016590565210208297,0.0009128764795605093
P,C_NO_H,298,12,0.0001451301359338686,0.0001853160938480869,0.0029599398840218782,0.0020830815192312002,0.0010465409141033888,0.0014187064371071756,0.0009351453918498009
P,C_NO_H,299,12,0.00014428225404117256,0.00020504214626271278,0.0029814240988343954,0.0022305938182398677,0.0009766323491930962,0.0016231283079832792,0.0009850634669419378
P,C_NO_H,300,12,0.00014492280024569482,0.00012809524196200073,0.0030135447159409523,0.0022935867309570312,0.000942507031140849,0.0015364731661975384,0.0010702962172217667
P,C_NO_H,301,12,0.00014522696437779814,0.0001905026801978238,0.0030307488050311804,0.002552278689108789,0.0009632004948798567,0.0018364940187893808,0.0010328628704883158
P,C_NO_H,302,12,0.00014630322402808815,0.00018352457118453458,0.003052530577406287,0.002174699562601745,0.0011106289457529783,0.0014303140924312174,0.0010129344300366938
P,C_NO_H,303,12,0.00014710758841829374,0.00020501196559052914,0.0030858415411785245,0.0023831140715628862,0.0011727724340744317,0.0016672946512699127,0.0008016972569748759
P,C_NO_H,304,12,0.00014774933515582234,0.00012784205318894237,0.003107908181846142,0.0021113085094839334,0.001163215609267354,0.0014846985577605665,0.0008877400541678071
P,C_NO_H,305,12,0.00014738691243110225,0.0001904642558656633,0.0031335667008534074,0.002706418512389064,0.0012302114046178758,0.0018512983224354684,0.0010249761980958283
P,C_NO_H,306,12,0.00014723926142323762,0.00018168600217904896,0.0031653583282604814,0.002181206946261227,0.001138934982009232,0.0014691157848574221,0.0010309191420674324
P,C_NO_H,307,12,0.00014583660231437534,0.00020346806559246033,0.003194489749148488,0.0021194980945438147,0.0011364479432813823,0.0016195329371839762,0.0009878460259642452
P,C_NO_H,308,12,0.00014579813432646915,0.0001274150054086931,0.003202669322490692,0.0021761609241366386,0.0010363759356550872,0.0014744148938916624,0.0007799833547323942
P,C_NO_H,309,12,0.00014603904128307477,0.0001893641601782292,0.0032033048337325454,0.0028312437934800982,0.0010726391919888556,0.00195315177552402,0.0008690057147759944
P,C_NO_H,310,12,0.00014631332305725664,0.0001797716031433083,0.003218749538064003,0.0020908809965476394,0.001125641050748527,0.0015473559615202248,0.0008712876006029546
P,C_NO_H,311,12,0.00014665333583252504,0.00020466068963287398,0.0032283037435263395,0.002218434412498027,0.0010862592025659978,0.0014510282198898494,0.0009000395075418055
P,C_NO_H,312,12,0.00014740927144885063,0.0001266453182324767,0.00325790629722178,0.002236838510725647,0.0012042613234370947,0.0015509218210354447,0.000939198536798358
P,C_NO_H,313,12,0.00014749617548659444,0.00018823587015504017,0.003268613712862134,0.0024738971842452884,0.0011802475200966,0.0016646357253193855,0.0009371440391987562
P,C_NO_H,314,12,0.00014649441436631605,0.00017831421428127214,0.0032932498725131154,0.0020898126531392336,0.0011564522283151746,0.0015244054375216365,0.0008342120563611388
P,C_NO_H,315,12,0.0001456217432860285,0.00020595228852471337,0.00331114255823195,0.0023015470942482352,0.0011109270271845162,0.0016640935791656375,0.0009779695537872612
P,C_NO_H,316,12,0.00014554977678926662,0.00012613877333933488,0.0033222570782527328,0.0022622261894866824,0.0010473664733581245,0.0015626749373041093,0.0009389924816787243
P,C_NO_H,317,12,0.0001453114382456988,0.0001870910418801941,0.0033269452396780252,0.0026895012706518173,0.0010949249262921512,0.002038060105405748,0.0010234846267849207
P,C_NO_H,318,12,0.00014595691027352586,0.000176896333869081,0.0033521445002406836,0.002190026920288801,0.0010979390935972333,0.0014887251891195774,0.0008432166941929609
P,C_NO_H,319,12,0.00014597670087823644,0.00020784787193406373,0.003361053648404777,0.0022578255156986415,0.0012152549461461604,0.0017276493599638343,0.0009231956209987402
P,C_NO_H,320,12,0.00014641859888797626,0.00012540876195998862,0.0033786820713430643,0.002330309886019677,0.001251162146218121,0.0016764502506703138,0.0009579039178788662
E,native_CP,0,12,3.0144835710525513,,,0.0,,,
E,native_CP,20,12,3.0125619173049927,,,0.04173033684492111,,,
E,native_CP,40,12,2.995028018951416,,,0.1258264146745205,,,
E,native_CP,60,12,2.909284830093384,,,0.2597167193889618,,,
E,native_CP,80,12,2.5719215869903564,,,0.5179356932640076,,,
E,native_CP,100,12,1.6299124360084534,,,0.9292662441730499,,,
E,native_CP,120,12,0.8535338640213013,,,0.7822599411010742,,,
E,native_CP,140,12,0.4022274315357208,,,0.4016176909208298,,,
E,native_CP,160,6,0.35797061026096344,,,0.33607807755470276,,,
E,A2,0,12,,,,,,,
E,A2,40,12,0.10898641496896744,0.11100119352340698,,0.1179690808057785,,,
E,A2,80,12,0.05117725767195225,0.05157590098679066,,0.06762546673417091,,,
E,CP_W0,1,12,0.050407255068421364,0.05008441209793091,0.05841556750237942,0.0668027475476265,0.033804791048169136,0.03516286052763462,0.007295707706362009
E,CP_W0,2,12,0.04936357960104942,0.05042564868927002,0.058755241334438324,0.06530432961881161,0.03295690752565861,0.03395519778132439,0.007349015213549137
E,CP_W0,3,12,0.04842441529035568,0.048611849546432495,0.05850953422486782,0.06544963829219341,0.0322058480232954,0.03448987565934658,0.007384914672002196
E,CP_W0,4,12,0.04740782640874386,0.04784610867500305,0.058840006589889526,0.06228295713663101,0.031583257019519806,0.03308206796646118,0.007399358786642551
E,CP_W0,5,12,0.046549540013074875,0.046271536499261856,0.05891582742333412,0.06122347712516785,0.030987254343926907,0.0317562697455287,0.007436609826982021
E,CP_W0,6,12,0.04566818103194237,0.046572333201766014,0.058963071554899216,0.0603925995528698,0.030444426462054253,0.03128336742520332,0.007439908105880022
E,CP_W0,7,12,0.04482753574848175,0.04502837732434273,0.05891760438680649,0.059671176597476006,0.029809724539518356,0.03140698932111263,0.007386120967566967
E,CP_W0,8,12,0.04399019479751587,0.04442192241549492,0.05909497290849686,0.05772910639643669,0.029351581819355488,0.030430865474045277,0.007433681283146143
E,CP_W0,9,12,0.04319354519248009,0.04300114884972572,0.05922943167388439,0.05655107833445072,0.028874944895505905,0.02910680416971445,0.007506262511014938
E,CP_W0,10,12,0.0425029993057251,0.04335911385715008,0.05943048559129238,0.05614687316119671,0.028308759443461895,0.02905956469476223,0.0075633288361132145
E,CP_W0,11,12,0.04170124605298042,0.0419448297470808,0.05956503935158253,0.05491500720381737,0.027800897136330605,0.028975429944694042,0.0075861315708607435
E,CP_W0,12,12,0.04102574475109577,0.041472241282463074,0.05958151817321777,0.05352059192955494,0.02737190295010805,0.028144477866590023,0.0075957870576530695
E,CP_W0,13,12,0.04034310393035412,0.04019390046596527,0.05961361527442932,0.05218902602791786,0.02687047515064478,0.026870112866163254,0.007681966293603182
E,CP_W0,14,12,0.03968820907175541,0.04056328535079956,0.05975494533777237,0.05211668275296688,0.026450774632394314,0.026854286901652813,0.007734437473118305
E,CP_W0,15,12,0.03906169347465038,0.03930048085749149,0.05974896252155304,0.05091606453061104,0.025967968627810478,0.026914079673588276,0.007833956275135279
E,CP_W0,16,12,0.038437094539403915,0.03874017484486103,0.05977274291217327,0.04970870167016983,0.02552945166826248,0.026164665818214417,0.007813017815351486
E,CP_W0,17,12,0.037853652611374855,0.03767715021967888,0.0598582848906517,0.04849405027925968,0.025058102793991566,0.02491538506001234,0.007948234910145402
E,CP_W0,18,12,0.037231032736599445,0.038074882701039314,0.05966824293136597,0.04841183125972748,0.024547039531171322,0.024939498864114285,0.00790033070370555
E,CP_W0,19,12,0.03668728191405535,0.03698440082371235,0.05964369513094425,0.04750586301088333,0.02412084210664034,0.02509994525462389,0.007959499256685376
E,CP_W0,20,12,0.03610199689865112,0.03637129161506891,0.059780145063996315,0.046395041048526764,0.023634222336113453,0.024433658458292484,0.008031537290662527
E,CP_W0,21,12,0.03555681183934212,0.035532284528017044,0.05964193120598793,0.0453726164996624,0.023216567002236843,0.023289578966796398,0.008038476342335343
E,CP_W0,22,12,0.03497240785509348,0.03590502496808767,0.05960592068731785,0.04545501433312893,0.02276701293885708,0.023319460451602936,0.00811908533796668
E,CP_W0,23,12,0.03451233636587858,0.034938654862344265,0.059477098286151886,0.04460636153817177,0.022413822822272778,0.02357651200145483,0.008149450644850731
E,CP_W0,24,12,0.03398521430790424,0.034239654429256916,0.05943557433784008,0.043652862310409546,0.021953660994768143,0.022902438417077065,0.008306965930387378
E,CP_W0,25,12,0.03348045330494642,0.03361084219068289,0.05929788202047348,0.04273177869617939,0.021611372008919716,0.021908135153353214,0.008345438400283456
E,CP_W0,26,12,0.03304904606193304,0.034033806063234806,0.05928756855428219,0.04255995899438858,0.021251833997666836,0.021784590557217598,0.00835325219668448
E,CP_W0,27,12,0.032589190639555454,0.033155995421111584,0.059153806418180466,0.0420286413282156,0.020866493694484234,0.02222792338579893,0.008436149451881647
E,CP_W0,28,12,0.032130515202879906,0.03236003313213587,0.059210095554590225,0.04094424471259117,0.020550766959786415,0.021396837197244167,0.008463511010631919
E,CP_W0,29,12,0.03168427385389805,0.0319318687543273,0.05899943225085735,0.04040256515145302,0.02017404604703188,0.020734239369630814,0.008428707253187895
E,CP_W0,30,12,0.031291224993765354,0.032224434427917004,0.05889162793755531,0.039854444563388824,0.01986310165375471,0.0203339122235775,0.008469137363135815
E,CP_W0,31,12,0.030851485207676888,0.031533585861325264,0.05881078168749809,0.039894212037324905,0.019565709866583347,0.021110412664711475,0.00850558327510953
E,CP_W0,32,12,0.03050041012465954,0.030667086131870747,0.058635909110307693,0.03850799798965454,0.019286300987005234,0.020079361274838448,0.00848673889413476
E,CP_W0,33,12,0.03007990214973688,0.030451467260718346,0.0586257204413414,0.03802860341966152,0.018967879936099052,0.019692265428602695,0.008573512779548764
E,CP_W0,34,12,0.02970047201961279,0.030621876940131187,0.05863092467188835,0.03752041235566139,0.018668023869395256,0.01911685150116682,0.008625379530712962
E,CP_W0,35,12,0.029362796805799007,0.030132871121168137,0.05827478691935539,0.03797154873609543,0.018435491248965263,0.020131582394242287,0.00862760073505342
E,CP_W0,36,12,0.02897955197840929,0.029188510961830616,0.05829285830259323,0.03628787212073803,0.018132425844669342,0.018954573199152946,0.008629756746813655
E,CP_W0,37,12,0.028646928258240223,0.02910268772393465,0.058301571756601334,0.03586212918162346,0.017854711040854454,0.018644175492227077,0.008651583222672343
E,CP_W0,38,12,0.028293687850236893,0.029198406264185905,0.05809939280152321,0.03545664809644222,0.01759900525212288,0.018047943711280823,0.008661740459501743
E,CP_W0,39,12,0.028007058426737785,0.02886801678687334,0.05785547196865082,0.03628121688961983,0.017402859404683113,0.019230726175010204,0.008637751452624798
E,CP_W0,40,12,0.027682711370289326,0.027879553847014904,0.05787677876651287,0.03437150828540325,0.017157460562884808,0.01794493291527033,0.008612726349383593
E,CP_W0,41,12,0.02734295092523098,0.02789378445595503,0.05765559896826744,0.03395761363208294,0.01691094134002924,0.01766545232385397,0.008553537540137768
E,CP_W0,42,12,0.027034570463001728,0.02788395155221224,0.05757239833474159,0.03358877822756767,0.016680998727679253,0.017053989693522453,0.008397163823246956
E,CP_W0,43,12,0.02672303281724453,0.027697154320776463,0.057523034512996674,0.03470848128199577,0.01643806044012308,0.018460304476320744,0.008403871208429337
E,CP_W0,44,12,0.02647715900093317,0.026667400263249874,0.057316405698657036,0.032617032527923584,0.01624604221433401,0.017084544524550438,0.0083498265594244
E,CP_W0,45,12,0.02619087416678667,0.0267218304798007,0.05667100101709366,0.03225807845592499,0.016049380414187908,0.016802059020847082,0.008291444275528193
E,CP_W0,46,12,0.02592337317764759,0.026732057332992554,0.056155746802687645,0.03194465860724449,0.015853349585086107,0.01622990146279335,0.008194390218704939
E,CP_W0,47,12,0.025637277401983738,0.026658465154469013,0.05570101551711559,0.033057996071875095,0.01564185181632638,0.01772185042500496,0.0081513412296772
E,CP_W0,48,12,0.025391114875674248,0.025576235726475716,0.05520339123904705,0.031048300676047802,0.01547957956790924,0.016249652951955795,0.008131437469273806
E,CP_W0,49,12,0.025137243792414665,0.02566241566091776,0.05467189662158489,0.03069460205733776,0.0152757428586483,0.01599555416032672,0.008069879841059446
E,CP_W0,50,12,0.024886883795261383,0.025634238496422768,0.05429147556424141,0.030341424979269505,0.015088010113686323,0.01538090268149972,0.008015066850930452
E,CP_W0,51,12,0.02461672481149435,0.025678169913589954,0.05375130660831928,0.031531146727502346,0.014897304587066174,0.017071478068828583,0.007980169728398323
E,CP_W0,52,12,0.024393295869231224,0.02455315925180912,0.05334816128015518,0.02955364901572466,0.014728576876223087,0.015461509115993977,0.007956573972478509
E,CP_W0,53,12,0.02418677881360054,0.024675965309143066,0.052885737270116806,0.029298835434019566,0.01456648949533701,0.015264505986124277,0.007919258438050747
E,CP_W0,54,12,0.023914191871881485,0.024670418351888657,0.052468474954366684,0.028954642824828625,0.014360289089381695,0.014683796092867851,0.00782296946272254
E,CP_W0,55,12,0.023693270049989223,0.024791800417006016,0.052035409957170486,0.030041053891181946,0.014163492247462273,0.01642251666635275,0.007785121677443385
E,CP_W0,56,12,0.023498876951634884,0.023662375286221504,0.051746657118201256,0.028210372664034367,0.01405385509133339,0.014786502812057734,0.007772928569465876
E,CP_W0,57,12,0.02323882095515728,0.02376428246498108,0.051259253174066544,0.027908015996217728,0.013869113754481077,0.014569861814379692,0.007686546538025141
E,CP_W0,58,12,0.023033857345581055,0.023778343573212624,0.050886236131191254,0.027631468139588833,0.013711301144212484,0.014018174726516008,0.007748220348730683
E,CP_W0,59,12,0.022824729792773724,0.02394692972302437,0.05048975721001625,0.028808805160224438,0.013566345907747746,0.015815135557204485,0.007656681817024946
E,CP_W0,60,12,0.022627375088632107,0.022789920680224895,0.050241269171237946,0.026948007754981518,0.01343944389373064,0.014161104802042246,0.007698425091803074
E,CP_W0,61,12,0.022424666211009026,0.022905579768121243,0.04981374926865101,0.02666867058724165,0.013266599737107754,0.013959219679236412,0.007692549843341112
E,CP_W0,62,12,0.022246381267905235,0.022943325340747833,0.04936009645462036,0.026432236656546593,0.01311182091012597,0.013382792007178068,0.007682183990254998
E,CP_W0,63,12,0.022046943195164204,0.023176602087914944,0.04912162944674492,0.027591719292104244,0.012944564688950777,0.015243115834891796,0.007627885788679123
E,CP_W0,64,12,0.02187381125986576,0.02202308364212513,0.048596400767564774,0.025736268609762192,0.012798360083252192,0.013518478721380234,0.007631167070940137
E,CP_W0,65,12,0.02166231069713831,0.02214959729462862,0.04831554368138313,0.025483787059783936,0.012655674014240503,0.013337320648133755,0.007579107070341706
E,CP_W0,66,12,0.021491164341568947,0.02218685019761324,0.04793401062488556,0.025249636732041836,0.012531234882771969,0.01280656224116683,0.007489376701414585
E,CP_W0,67,12,0.02131673786789179,0.02247918862849474,0.04770962335169315,0.02644790429621935,0.01242113346233964,0.014804290141910315,0.007516153855249286
E,CP_W0,68,12,0.02112082578241825,0.021259037777781487,0.047325773164629936,0.02463648747652769,0.012307291850447655,0.012959989719092846,0.007499354658648372
E,CP_W0,69,12,0.020941127091646194,0.021426093764603138,0.04691430367529392,0.024408197961747646,0.012125310022383928,0.012791494373232126,0.007439678534865379
E,CP_W0,70,12,0.02078905375674367,0.02144195232540369,0.04659401625394821,0.02419826854020357,0.012015375308692455,0.012263705488294363,0.007420849055051804
E,CP_W0,71,12,0.020608288701623678,0.021814370527863503,0.04621050879359245,0.025399901904165745,0.011904675513505936,0.014324617106467485,0.007389397127553821
E,CP_W0,72,12,0.02045501535758376,0.020618789829313755,0.045935120433568954,0.02368066180497408,0.011790009681135416,0.012476749252527952,0.007348477374762297
E,CP_W0,73,12,0.02029354777187109,0.020768263842910528,0.04549429193139076,0.023452668450772762,0.011663324199616909,0.012282620649784803,0.007258026162162423
E,CP_W0,74,12,0.020149079151451588,0.02079020580276847,0.045211344957351685,0.023274141363799572,0.011540499050170183,0.011805740650743246,0.007346433820202947
E,CP_W0,75,12,0.01998727535828948,0.02115283254534006,0.04491535574197769,0.024335922673344612,0.01141647482290864,0.013797802850604057,0.007268452784046531
E,CP_W0,76,12,0.0198238012380898,0.019976678304374218,0.044621000066399574,0.022715499624609947,0.011316134128719568,0.01199644012376666,0.007233686279505491
E,CP_W0,77,12,0.019701560959219933,0.02011213218793273,0.044245846569538116,0.02248380333185196,0.011202102527022362,0.011756306979805231,0.007248997455462813
E,CP_W0,78,12,0.01951201492920518,0.020139668602496386,0.04409291781485081,0.022329023107886314,0.011054773349314928,0.011302311439067125,0.007263310253620148
E,CP_W0,79,12,0.019381585996598005,0.02045250404626131,0.043782537803053856,0.023461646400392056,0.01093755243346095,0.013282529078423977,0.007159777684137225
E,CP_W0,80,12,0.01924460055306554,0.019363779108971357,0.04343634657561779,0.02182896714657545,0.010835187509655952,0.011568102519959211,0.007191914366558194
E,CP_W0,81,12,0.019092313013970852,0.019534778781235218,0.043201619759202003,0.021686668507754803,0.010744468308985233,0.011399093549698591,0.007179690059274435
E,CP_W0,82,12,0.018955916166305542,0.0195345520041883,0.04293861240148544,0.021442221477627754,0.010629088152199984,0.010860741138458252,0.007158433087170124
E,CP_W0,83,12,0.018801155034452677,0.019794775638729334,0.04269666224718094,0.022568448446691036,0.010544565971940756,0.012973079923540354,0.007127990946173668
E,CP_W0,84,12,0.018663454335182905,0.018796442542225122,0.042403047904372215,0.020994342863559723,0.010425775777548552,0.011111186817288399,0.007166232448071241
E,CP_W0,85,12,0.01856492506340146,0.018954140599817038,0.042147230356931686,0.020835732109844685,0.010339433327317238,0.010940514504909515,0.007162951631471515
E,CP_W0,86,12,0.018431635107845068,0.0189835662022233,0.041796812787652016,0.02064808178693056,0.010244602337479591,0.010474874172359705,0.00710642640478909
E,CP_W0,87,12,0.01829782919958234,0.019216848071664572,0.04155915416777134,0.021771330386400223,0.010163751430809498,0.01260609645396471,0.007099160924553871
E,CP_W0,88,12,0.01818324765190482,0.01829549577087164,0.04128748178482056,0.020290388725697994,0.010109317023307085,0.010753783863037825,0.007046613609418273
E,CP_W0,89,12,0.018052232451736927,0.018440511543303728,0.04093495197594166,0.020100358873605728,0.00999757880344987,0.010582633316516876,0.0069925019051879644
E,CP_W0,90,12,0.01792144263163209,0.018489339854568243,0.04080738313496113,0.01993565447628498,0.009900266770273447,0.010091076605021954,0.006941105471923947
E,CP_W0,91,12,0.017795630265027285,0.018629209604114294,0.040506765246391296,0.021039849147200584,0.009824862238019705,0.012223010882735252,0.0069276075810194016
E,CP_W0,92,12,0.017669966910034418,0.01778794266283512,0.04028559848666191,0.019585533998906612,0.009736170060932636,0.010387826710939407,0.006889701588079333
E,CP_W0,93,12,0.01754962606355548,0.017934199888259172,0.039984336122870445,0.01936887577176094,0.009621593169867992,0.01020641578361392,0.0068363717291504145
E,CP_W0,94,12,0.017458771355450153,0.017999886069446802,0.03973727114498615,0.019214878790080547,0.009553813841193914,0.009765300899744034,0.006795600755140185
E,CP_W0,95,12,0.017310597002506256,0.018082827795296907,0.039564523845911026,0.020248363725841045,0.009468137752264738,0.011840198189020157,0.006747940555214882
E,CP_W0,96,12,0.017198698595166206,0.017331319395452738,0.039422428235411644,0.01885373704135418,0.009402049239724874,0.010019620880484581,0.006739742821082473
E,CP_W0,97,12,0.01707596844062209,0.017487127799540758,0.039174798876047134,0.01862634252756834,0.009293136186897755,0.009844955988228321,0.006681135622784495
E,CP_W0,98,12,0.016982709523290396,0.01753621408715844,0.03913736902177334,0.018535438925027847,0.009213835000991821,0.009403707925230265,0.006713779177516699
E,CP_W0,99,12,0.01688488107174635,0.01757016172632575,0.0390910804271698,0.019644102081656456,0.009109248872846365,0.011533807031810284,0.006675097858533263
E,CP_W0,100,12,0.016776149161159992,0.01687050936743617,0.038887869566679,0.01819386426359415,0.009017311967909336,0.009728740435093641,0.006651252508163452
E,CP_W0,101,12,0.016655190847814083,0.017034793738275766,0.03895370662212372,0.018024442717432976,0.008953708689659834,0.009502414613962173,0.0066058814991265535
E,CP_W0,102,12,0.016539849806576967,0.01707559823989868,0.03888164833188057,0.017888182774186134,0.008873227518051863,0.009083987213671207,0.006630796007812023
E,CP_W0,103,12,0.016435260884463787,0.017089867033064365,0.03874526731669903,0.01899103820323944,0.008790050633251667,0.011221219319850206,0.006589611992239952
E,CP_W0,104,12,0.01634065993130207,0.01646910747513175,0.0386683065444231,0.017618405632674694,0.008740260265767574,0.009401152841746807,0.006551853148266673
E,CP_W0,105,12,0.016267800237983465,0.016541736666113138,0.0386758241802454,0.017435469664633274,0.008663063868880272,0.009204016998410225,0.006498825736343861
E,CP_W0,106,12,0.016152636613696814,0.01667348574846983,0.0384855642914772,0.017334933392703533,0.00858474150300026,0.008796919137239456,0.006446813466027379
E,CP_W0,107,12,0.016044422518461943,0.01663158740848303,0.038427772000432014,0.01837314385920763,0.008538598194718361,0.010828104801476002,0.006452054949477315
E,CP_W0,108,12,0.015935166738927364,0.016058144625276327,0.03833616152405739,0.017032213509082794,0.008485138416290283,0.009056647308170795,0.00642617279663682
E,CP_W0,109,12,0.015836103819310665,0.01605857163667679,0.03820447623729706,0.016819803975522518,0.008395458804443479,0.008858208544552326,0.00638402090407908
E,CP_W0,110,12,0.015729721169918776,0.016226323787122965,0.0383194200694561,0.016728026792407036,0.008311258861795068,0.008507395163178444,0.00639741588383913
E,CP_W0,111,12,0.015605675987899303,0.016198914032429457,0.038097139447927475,0.017680352553725243,0.008245349628850818,0.010470567271113396,0.006353703327476978
E,CP_W0,112,12,0.01549955504015088,0.015592250507324934,0.03797920607030392,0.016429373994469643,0.008180432952940464,0.008804619777947664,0.006332938792183995
E,CP_W0,113,12,0.015399917028844357,0.015621150378137827,0.03795340843498707,0.016224187798798084,0.00810798304155469,0.008582582930102944,0.006328327115625143
E,CP_W0,114,12,0.01528171868994832,0.015764098148792982,0.03795655444264412,0.016201678663492203,0.008071343181654811,0.008212699554860592,0.006334958132356405
E,CP_W0,115,12,0.015169452875852585,0.015772268176078796,0.037856461480259895,0.017190123442560434,0.00799936056137085,0.010210033971816301,0.006354654207825661
E,CP_W0,116,12,0.015083925798535347,0.015152618754655123,0.03779497183859348,0.015923822298645973,0.007952332496643066,0.008520124014467001,0.006293618585914373
E,CP_W0,117,12,0.014981225598603487,0.015219129621982574,0.03768717683851719,0.015684850048273802,0.00788311823271215,0.008277286076918244,0.006219267845153809
E,CP_W0,118,12,0.01487600477412343,0.015338941011577845,0.03764096647500992,0.015662929508835077,0.007825900800526142,0.007933860877528787,0.006259285379201174
E,CP_W0,119,12,0.014766618143767118,0.01539845485240221,0.03746725060045719,0.01660534320399165,0.007735976716503501,0.009951640386134386,0.006240215850993991
E,CP_W0,120,12,0.014666654635220766,0.014750545378774405,0.037347083911299706,0.01544559421017766,0.0076697038020938635,0.008306028554216027,0.00624408945441246
E,CP_W0,121,12,0.014578777831047773,0.014805103652179241,0.03727843798696995,0.0152205522172153,0.00760482088662684,0.008040122920647264,0.0061551593244075775
E,CP_W0,122,12,0.014484424609690905,0.014941577799618244,0.03726702742278576,0.01519094966351986,0.007563605438917875,0.007704739226028323,0.006166862323880196
E,CP_W0,123,12,0.01438504783436656,0.015010659117251635,0.03710466995835304,0.016110131051391363,0.007480088388547301,0.009694213513284922,0.006190761690959334
E,CP_W0,124,12,0.014305609744042158,0.014377887360751629,0.03706853650510311,0.01494652358815074,0.007428780663758516,0.00805796217173338,0.0061398695688694715
E,CP_W0,125,12,0.014187870547175407,0.014406904112547636,0.03701630420982838,0.014724041800945997,0.007360887248069048,0.007796749705448747,0.006148923421278596
E,CP_W0,126,12,0.014108275063335896,0.014563207514584064,0.036903178319334984,0.014699110761284828,0.007310124114155769,0.0074499358888715506,0.006120429607108235
E,CP_W0,127,12,0.014023184310644865,0.014669735450297594,0.03682069666683674,0.015612689778208733,0.007242994615808129,0.009479775559157133,0.006107798544690013
E,CP_W0,128,12,0.013935972936451435,0.014000228140503168,0.036910127848386765,0.014440925791859627,0.007208039052784443,0.007764089619740844,0.006110105896368623
E,CP_W0,129,12,0.013846709858626127,0.014063711743801832,0.03681475482881069,0.014274874236434698,0.007141737034544349,0.007577238837257028,0.006059407955035567
E,CP_W0,130,12,0.013749840669333935,0.014197733718901873,0.03665875270962715,0.014257597271353006,0.007098075933754444,0.007247003028169274,0.0060617702547460794
E,CP_W0,131,12,0.013680356554687023,0.01433792756870389,0.036680370569229126,0.01510697789490223,0.0070213740691542625,0.009216501144692302,0.0060277312295511365
E,CP_W0,132,12,0.013573205098509789,0.01366317505016923,0.03656178526580334,0.014039411675184965,0.006992940558120608,0.007551099872216582,0.006022075307555497
E,CP_W0,133,12,0.013509717769920826,0.013699428178369999,0.03656669333577156,0.013889128342270851,0.0069526315201073885,0.007369329687207937,0.005971336620859802
E,CP_W0,134,12,0.013412990141659975,0.013849358074367046,0.03651760704815388,0.013888210523873568,0.006896719103679061,0.00705266441218555,0.005914473906159401
E,CP_W0,135,12,0.013352911453694105,0.013985407538712025,0.03640884906053543,0.014771305490285158,0.0068322219885885715,0.009006076026707888,0.0058924618642777205
E,CP_W0,136,12,0.013238283339887857,0.01332985470071435,0.03632725961506367,0.0136132026091218,0.006781993433833122,0.007366074714809656,0.005917702685110271
E,CP_W0,137,12,0.013179950416088104,0.013382432982325554,0.03634960576891899,0.013392917346209288,0.006728212581947446,0.007117832079529762,0.0058648313861340284
E,CP_W0,138,12,0.013088034465909004,0.013514751102775335,0.03617650642991066,0.013385484926402569,0.006686386885121465,0.006805651588365436,0.005860574427060783
E,CP_W0,139,12,0.013018809724599123,0.013664545025676489,0.03613980673253536,0.014258557464927435,0.006640702020376921,0.008752289693802595,0.005867927568033338
E,CP_W0,140,12,0.012932268436998129,0.012999192345887423,0.03597411327064037,0.013145083095878363,0.00656545627862215,0.007131110643967986,0.005820165970362723
E,CP_W0,141,12,0.012876510620117188,0.01306337071582675,0.03594555892050266,0.012963838409632444,0.006537797395139933,0.006894935853779316,0.005806277971714735
E,CP_W0,142,12,0.012800536584109068,0.01320846751332283,0.03588753566145897,0.012988764327019453,0.006467237137258053,0.006604877533391118,0.005781230283901095
E,CP_W0,143,12,0.012708935420960188,0.013377352617681026,0.035858117043972015,0.013848588801920414,0.006457577226683497,0.00849393499083817,0.00579446682240814
E,CP_W0,144,12,0.012630329467356205,0.012694912496954203,0.03567121922969818,0.012770792935043573,0.006376350065693259,0.006916442420333624,0.005764980800449848
E,CP_W0,145,12,0.012583177536725998,0.012755902018398046,0.0356123149394989,0.01259968662634492,0.006345729343593121,0.006697849603369832,0.005732500576414168
E,CP_W0,146,12,0.012490240391343832,0.012885965872555971,0.03566405363380909,0.012606923468410969,0.006304327864199877,0.006378076737746596,0.005714047234505415
E,CP_W0,147,12,0.012427655514329672,0.013098517898470163,0.035539429634809494,0.013480450958013535,0.006252618273720145,0.008317557629197836,0.005705506424419582
E,CP_W0,148,12,0.01235703518614173,0.012416731100529432,0.0355018712580204,0.012440634425729513,0.006201994838193059,0.006748836720362306,0.005700687994249165
E,CP_W0,149,12,0.012290854472666979,0.012466302141547203,0.035305269062519073,0.012234347872436047,0.006167648592963815,0.0065058087930083275,0.005711653735488653
E,CP_W0,150,12,0.012231562752276659,0.012615862302482128,0.035295939072966576,0.012265794910490513,0.0060833950992673635,0.006229316117241979,0.00565939792431891
E,CP_W0,151,12,0.012143854983150959,0.012826030608266592,0.035257721319794655,0.013126073870807886,0.006059138802811503,0.008124162908643484,0.005662706564180553
E,CP_W0,152,12,0.012090193573385477,0.012155951466411352,0.03519560769200325,0.012067526578903198,0.006026491755619645,0.0065818065777421,0.0056623214622959495
E,CP_W0,153,12,0.01202359888702631,0.012204569764435291,0.03496638871729374,0.011939439456909895,0.006000987021252513,0.006396707613021135,0.005627587321214378
E,CP_W0,154,12,0.011957308743149042,0.0123409410007298,0.035017674788832664,0.011932795401662588,0.005941099254414439,0.006065416615456343,0.005601105047389865
E,CP_W0,155,12,0.011898451019078493,0.012577542569488287,0.03498707339167595,0.012779877055436373,0.005927147576585412,0.007928312057629228,0.00559688254725188
E,CP_W0,156,12,0.01183048402890563,0.011873254086822271,0.0348472036421299,0.01172199985012412,0.0058968933299183846,0.006378839490935206,0.0055552765261381865
E,CP_W0,157,12,0.01176076428964734,0.011936565395444632,0.03464551828801632,0.01162438839673996,0.005831169197335839,0.006234674481675029,0.005549255758523941
E,CP_W0,158,12,0.011705365031957626,0.01208428107202053,0.03467332199215889,0.01160168694332242,0.005807946901768446,0.005896308459341526,0.005527148954570293
E,CP_W0,159,12,0.011649838648736477,0.01232137531042099,0.03460317105054855,0.012477532029151917,0.005771973868831992,0.007777540246024728,0.005526567925699055
E,CP_W0,160,12,0.01160387322306633,0.011626200284808874,0.03463746979832649,0.011447369121015072,0.005765773821622133,0.00625204760581255,0.005472519318573177
E,CP_W0,161,12,0.01153348432853818,0.011685562785714865,0.03444691747426987,0.011255713179707527,0.005676382454112172,0.00605806102976203,0.005456156330183148
E,CP_W0,162,12,0.011480042710900307,0.011822961736470461,0.03432092256844044,0.011278849560767412,0.005647313082590699,0.005706653697416186,0.0054583316668868065
E,CP_W0,163,12,0.011433372739702463,0.01206999272108078,0.03436807915568352,0.012189081870019436,0.005631898995488882,0.007599175442010164,0.005439965869300067
E,CP_W0,164,12,0.011377339717000723,0.011385643854737282,0.034354427829384804,0.011125343386083841,0.005575497169047594,0.0060816926416009665,0.005400081630796194
E,CP_W0,165,12,0.011327865533530712,0.011450768681243062,0.03427235037088394,0.010994825512170792,0.005544060608372092,0.005923260468989611,0.005400228314101696
E,CP_W0,166,12,0.011280776001513004,0.011576985474675894,0.034097565338015556,0.011010569985955954,0.005498137325048447,0.005556279560551047,0.005383767304010689
E,CP_W0,167,12,0.011219780892133713,0.011869731824845076,0.03405971825122833,0.011850816197693348,0.005431950092315674,0.007423623465001583,0.005352296866476536
E,CP_W0,168,12,0.011182358954101801,0.011147721903398633,0.03414606489241123,0.01080029783770442,0.005421963520348072,0.005910017993301153,0.0053117102943360806
E,CP_W0,169,12,0.011108466889709234,0.01122232060879469,0.03402771055698395,0.01068333350121975,0.0053922561928629875,0.005767986876890063,0.005293294205330312
E,CP_W0,170,12,0.011066911509260535,0.011352583765983582,0.03403841331601143,0.010706306900829077,0.005334368674084544,0.005456068087369204,0.005282861995510757
E,CP_W0,171,12,0.011023428291082382,0.011638558004051447,0.033885302022099495,0.01152431033551693,0.0053131061140447855,0.007284424500539899,0.005197308142669499
E,CP_W0,172,12,0.010973019525408745,0.010935404105111957,0.033793991431593895,0.010483870282769203,0.005252116126939654,0.005773765966296196,0.005152552970685065
E,CP_W0,173,12,0.010926514631137252,0.0110163448844105,0.03369270171970129,0.010395752266049385,0.005263532279059291,0.005602216115221381,0.00511059642303735
E,CP_W0,174,12,0.010868234559893608,0.011144958669319749,0.03363038972020149,0.010398069862276316,0.005236358614638448,0.005279274191707373,0.005100747104734182
E,CP_W0,175,12,0.010819193441420794,0.011428234167397022,0.033680702559649944,0.01127622276544571,0.005193377612158656,0.007146268617361784,0.005077883251942694
E,CP_W0,176,12,0.010769916698336601,0.010719323996454477,0.03354756161570549,0.010262456722557545,0.005180357722565532,0.005628619575873017,0.005053173517808318
E,CP_W0,177,12,0.010727896122261882,0.010795310139656067,0.03338825237005949,0.010122680105268955,0.005148978205397725,0.00546831707470119,0.005003697006031871
E,CP_W0,178,12,0.010680691571906209,0.01092814258299768,0.03315733186900616,0.01013161614537239,0.005077623063698411,0.005183772882446647,0.004943616106174886
E,CP_W0,179,12,0.010640817228704691,0.01123214652761817,0.033215129747986794,0.01097163325175643,0.005083044990897179,0.007002251455560327,0.004928125883452594
E,CP_W0,180,12,0.010587308555841446,0.010541208321228623,0.033063760958611965,0.009979840368032455,0.005032642977312207,0.005534285679459572,0.0049190056743100286
E,CP_W0,181,12,0.010540132177993655,0.010589257813990116,0.03307786304503679,0.009855588898062706,0.00500638410449028,0.0053837422747164965,0.004835950210690498
E,CP_W0,182,12,0.010492436587810516,0.010718206409364939,0.03299672715365887,0.009927335660904646,0.00500094355084002,0.005063802236691117,0.00484897627029568
E,CP_W0,183,12,0.01045927032828331,0.011041691992431879,0.03288372606039047,0.010747929569333792,0.004944292129948735,0.006827586563304067,0.00481602584477514
E,CP_W0,184,12,0.010403362568467855,0.010332700097933412,0.0328216478228569,0.009737989399582148,0.004911468364298344,0.005417738575488329,0.0047945366241037846
E,CP_W0,185,12,0.01034766179509461,0.010406486690044403,0.032805428840219975,0.009667724370956421,0.004908896517008543,0.00525965541601181,0.004794981214217842
E,CP_W0,186,12,0.010309477569535375,0.010537602705881,0.032671195454895496,0.009665914345532656,0.0048543347511440516,0.004935372620820999,0.004731610999442637
E,CP_W0,187,12,0.010271833278238773,0.010856442619115114,0.03262657020241022,0.010498165152966976,0.004850414814427495,0.006643838714808226,0.00472246459685266
E,CP_W0,188,12,0.010224305558949709,0.0101456253323704,0.0325841773301363,0.009510497096925974,0.004799407673999667,0.005321001634001732,0.004697668831795454
E,CP_W0,189,12,0.010193231981247663,0.010221468517556787,0.03241516277194023,0.009384237229824066,0.004768755519762635,0.005122312810271978,0.004678458324633539
E,CP_W0,190,12,0.010143130086362362,0.010355107486248016,0.03249985445290804,0.009433285798877478,0.004774603759869933,0.004785449244081974,0.004632134223356843
E,CP_W0,191,12,0.010109033435583115,0.01068208971992135,0.03244447987526655,0.010245850309729576,0.004746427293866873,0.006521958624944091,0.004633898381143808
E,CP_W0,192,12,0.010067206341773272,0.009961629519239068,0.03240302111953497,0.00932025397196412,0.004743022378534079,0.0051883982960134745,0.004591276869177818
E,CP_W0,193,12,0.010024849325418472,0.010042014997452497,0.03231749404221773,0.009170443750917912,0.004692134214565158,0.005034214584156871,0.0045753829181194305
E,CP_W0,194,12,0.009988658130168915,0.010167746804654598,0.032236114144325256,0.009209882467985153,0.00465245358645916,0.004711897810921073,0.004545197589322925
E,CP_W0,195,12,0.009940114803612232,0.01052134158089757,0.03223560005426407,0.010016096755862236,0.004652305971831083,0.00638523674570024,0.004505244665779173
E,CP_W0,196,12,0.0099128857254982,0.009795092046260834,0.03234343696385622,0.00901035638526082,0.004616479156538844,0.0050337547436356544,0.004471079213544726
E,CP_W0,197,12,0.009859632700681686,0.00987185351550579,0.03223113343119621,0.008936958387494087,0.004588930634781718,0.004902182845398784,0.004467578721232712
E,CP_W0,198,12,0.00983634265139699,0.009999131551012397,0.032149940729141235,0.008929732255637646,0.004523466108366847,0.0045498390682041645,0.004457728588022292
E,CP_W0,199,12,0.00979293929412961,0.01035420154221356,0.03199969511479139,0.009681244380772114,0.004485634621232748,0.006249483907595277,0.004422782338224351
E,CP_W0,200,12,0.00976135116070509,0.009644541889429092,0.032055494375526905,0.008796527050435543,0.004485660931095481,0.004966498585417867,0.004389820387586951
E,CP_W0,201,12,0.00970312743447721,0.00971211469732225,0.03203117847442627,0.00864231213927269,0.004460660275071859,0.004763873526826501,0.0043730230536311865
E,CP_W0,202,12,0.009683963609859347,0.009824582375586033,0.03194274939596653,0.008712471928447485,0.004434990463778377,0.0044574730563908815,0.004344381392002106
E,CP_W0,203,12,0.009645065991207957,0.010191553505137563,0.03202993422746658,0.009480753913521767,0.004416770068928599,0.006149717373773456,0.004301551845856011
E,CP_W0,204,12,0.009599702199921012,0.009485122514888644,0.03197355568408966,0.008598190266638994,0.004400273901410401,0.004834257764741778,0.004313561366870999
E,CP_W0,205,12,0.009580046869814396,0.009548467816784978,0.03184211999177933,0.008441615384072065,0.004361456027254462,0.00466798129491508,0.004286517738364637
E,CP_W0,206,12,0.009530298644676805,0.00966451852582395,0.03184511512517929,0.008475668262690306,0.004345327732153237,0.00432715960778296,0.004265221185050905
E,CP_W0,207,12,0.009504003450274467,0.010024972958490252,0.0317686228081584,0.009263376705348492,0.004322976688854396,0.006044864421710372,0.004230277147144079
E,CP_W0,208,12,0.009469682583585382,0.009356080088764429,0.03181943017989397,0.008321546949446201,0.004254284081980586,0.0047126649878919125,0.004230336751788855
E,CP_W0,209,12,0.009427231969311833,0.009421229595318437,0.031777641735970974,0.00822686217725277,0.0042524238815531135,0.0045642799232155085,0.004212301108054817
E,CP_W0,210,12,0.009399745147675276,0.009536024183034897,0.031793249770998955,0.008284018374979496,0.004222761606797576,0.004280132940039039,0.00416792999021709
E,CP_W0,211,12,0.009369848761707544,0.00991170248016715,0.03185321390628815,0.009048850741237402,0.004200395895168185,0.005881342804059386,0.004168324870988727
E,CP_W0,212,12,0.0093292489182204,0.009230977855622768,0.03180449362844229,0.00814787345007062,0.0041864721570163965,0.004604702815413475,0.0041371992556378245
E,CP_W0,213,12,0.009299240075051785,0.009278565645217896,0.031832375563681126,0.008040288463234901,0.0041552967159077525,0.004470498883165419,0.00414526357781142
E,CP_W0,214,12,0.009264199063181877,0.009386587655171752,0.03167278878390789,0.008112042210996151,0.00414050230756402,0.004179455921985209,0.004115429008379579
E,CP_W0,215,12,0.009253290947526693,0.009767617797479033,0.03150866646319628,0.008872994687408209,0.004095787764526904,0.00579475169070065,0.004093509982340038
E,CP_W0,216,12,0.009209111100062728,0.00908680073916912,0.03141272813081741,0.007968573831021786,0.004075214848853648,0.004542248556390405,0.004066031542606652
E,CP_W0,217,12,0.009168944088742137,0.009154852014034986,0.03133403230458498,0.007804457098245621,0.004049964831210673,0.004373587085865438,0.0040512693813070655
E,CP_W0,218,12,0.009149729507043958,0.00924957008101046,0.03119351528584957,0.007922832388430834,0.00405017239972949,0.004078771104104817,0.004015389597043395
E,CP_W0,219,12,0.009107815800234675,0.009643553756177425,0.03118914272636175,0.008664141641929746,0.004030685289762914,0.00574286887422204,0.003971626749262214
E,CP_W0,220,12,0.00909091392531991,0.008955506142228842,0.03111926093697548,0.0077930965926498175,0.004012195044197142,0.004429894615896046,0.003969318582676351
E,CP_W0,221,12,0.00905861728824675,0.009024541359394789,0.031060999259352684,0.007615519687533379,0.003974119201302528,0.004281172645278275,0.003944474388845265
E,CP_W0,222,12,0.009022190468385816,0.009117451263591647,0.03089337982237339,0.007715343730524182,0.003971135476604104,0.004023838439024985,0.003896247479133308
E,CP_W0,223,12,0.008983738720417023,0.009507603943347931,0.030841766856610775,0.008574833860620856,0.00395478040445596,0.0056716445833444595,0.003894908237271011
E,CP_W0,224,12,0.008946159621700644,0.008848149562254548,0.03070114366710186,0.0076208573300391436,0.003921738127246499,0.004360721912235022,0.003891369793564081
E,CP_W0,225,12,0.008931783260777593,0.008907300652936101,0.03055528737604618,0.00749063235707581,0.00390985794365406,0.004225604701787233,0.0038925628177821636
E,CP_W0,226,12,0.008894441416487098,0.008983224630355835,0.030608844943344593,0.007573179434984922,0.0038824405055493116,0.003922907402738929,0.0038529608864337206
E,CP_W0,227,12,0.008864042116329074,0.009378118207678199,0.03052203729748726,0.0083596371114254,0.0038724003825336695,0.005551828537136316,0.0038177481619641185
E,CP_W0,228,12,0.008844358380883932,0.00872385362163186,0.030402216129004955,0.0074310703203082085,0.0038572915364056826,0.004293768084608018,0.0038299227599054575
E,CP_W0,229,12,0.00881813745945692,0.008780453586950898,0.030300571583211422,0.0073294988833367825,0.0038310219533741474,0.004182709031738341,0.00380120612680912
E,CP_W0,230,12,0.008779303403571248,0.008863150840625167,0.030166919343173504,0.0074049062095582485,0.003780348226428032,0.003848803578875959,0.003821289399638772
E,CP_W0,231,12,0.008756941417232156,0.00926385005004704,0.030090550892055035,0.008244758239015937,0.0037689042510464787,0.0054544934537261724,0.003804241889156401
E,CP_W0,232,12,0.008734474191442132,0.008615576196461916,0.02997669018805027,0.007286678534001112,0.003756219055503607,0.004199191113002598,0.0037735687801614404
E,CP_W0,233,12,0.008700469974428415,0.008666160982102156,0.029970326460897923,0.007157911080867052,0.003754264791496098,0.004058996797539294,0.003751748357899487
E,CP_W0,234,12,0.008678782964125276,0.008744191145524383,0.029889598488807678,0.007285890402272344,0.003748923772946,0.003780169296078384,0.003733012010343373
E,CP_W0,235,12,0.008655450074002147,0.009143330622464418,0.029781881719827652,0.0080969815608114,0.0037260950775817037,0.005336781730875373,0.003729072166606784
E,CP_W0,236,12,0.008623084519058466,0.008499182062223554,0.029684988781809807,0.007134931394830346,0.003711427911184728,0.004132226458750665,0.003706594812683761
E,CP_W0,237,12,0.00858331099152565,0.008564209099859,0.029634698294103146,0.0070201323833316565,0.003700956702232361,0.003995948703959584,0.003666355274617672
E,CP_W0,238,12,0.008574690204113722,0.008613592712208629,0.029562932439148426,0.007143842289224267,0.0037072463892400265,0.0036923635052517056,0.003677171771414578
E,CP_W0,239,12,0.008541467366740108,0.009030032670125365,0.029547415673732758,0.007967259967699647,0.00368645996786654,0.005212995107285678,0.003672983148135245
E,CP_W0,240,12,0.008514725603163242,0.008403402520343661,0.029397668316960335,0.007036671508103609,0.003666935837827623,0.0040975892916321754,0.003655318752862513
E,CP_W0,241,12,0.008489934029057622,0.008470853790640831,0.029348268173635006,0.00687360530719161,0.003619667375460267,0.003946797340177,0.003630376420915127
E,CP_W0,242,12,0.008465730585157871,0.008512708125635982,0.029297268949449062,0.006980228470638394,0.0036057750694453716,0.003637634450569749,0.003605959704145789
E,CP_W0,243,12,0.00843842327594757,0.00891478848643601,0.029149367474019527,0.007794709876179695,0.0035867333645001054,0.005188364419154823,0.0035859058843925595
E,CP_W0,244,12,0.00840357318520546,0.008292702492326498,0.029141249135136604,0.0068725161254405975,0.00358275871258229,0.003980498877353966,0.0035886099794879556
E,CP_W0,245,12,0.008393112104386091,0.008361591259017587,0.029074199497699738,0.006735225906595588,0.0035309981321915984,0.0038366515655070543,0.0035959946690127254
E,CP_W0,246,12,0.008367044618353248,0.008392621763050556,0.029026315547525883,0.006851146230474114,0.003510796814225614,0.0035822571953758597,0.0035860014613717794
E,CP_W0,247,12,0.008338941959664226,0.008805937133729458,0.028944198973476887,0.007645322009921074,0.003520831116475165,0.005178044666536152,0.003578073577955365
E,CP_W0,248,12,0.008307207375764847,0.008194627705961466,0.028950574807822704,0.006696743657812476,0.003503233310766518,0.003886132501065731,0.003560780081897974
E,CP_W0,249,12,0.008287295000627637,0.008261492010205984,0.028864918276667595,0.006609085248783231,0.0034793014638125896,0.0038106876891106367,0.0035839889897033572
E,CP_W0,250,12,0.008276123320683837,0.008294604951515794,0.028705633245408535,0.006718763383105397,0.0034820103319361806,0.003512726747430861,0.0035174767253920436
E,CP_W0,251,12,0.00824632914736867,0.008698602672666311,0.028691592626273632,0.007547123823314905,0.0034397206036373973,0.005065637524239719,0.003525438252836466
E,CP_W0,252,12,0.00822585029527545,0.008096114033833146,0.028650752268731594,0.0065933873411268,0.003445417620241642,0.0038633333751931787,0.003489784081466496
E,CP_W0,253,12,0.008194357389584184,0.008171160472556949,0.028637368232011795,0.006488268496468663,0.00342208135407418,0.0037322971038520336,0.003503553452901542
E,CP_W0,254,12,0.0081722023896873,0.008188985753804445,0.028543980792164803,0.006565717281773686,0.00340527412481606,0.0034552071010693908,0.0034640695666894317
E,CP_W0,255,12,0.008144211955368519,0.008604669012129307,0.028466491028666496,0.007381506729871035,0.0034001702442765236,0.004980716272257268,0.00346045836340636
E,CP_W0,256,12,0.008130677277222276,0.008009577170014381,0.028419440612196922,0.006459216587245464,0.003409383585676551,0.003807113622315228,0.0034429149236530066
E,CP_W0,257,12,0.008103168569505215,0.008078152080997825,0.028292320668697357,0.006378870690241456,0.0033968816278502345,0.0037036185385659337,0.0034486298682168126
E,CP_W0,258,12,0.008085164241492748,0.008107355097308755,0.028224068693816662,0.006477585528045893,0.003392604412510991,0.003412670688703656,0.0034273277269676328
E,CP_W0,259,12,0.008071652613580227,0.008514107437804341,0.028120611794292927,0.007308742729946971,0.003375824773684144,0.0049616830656304955,0.0034112524008378386
E,CP_W0,260,12,0.00804189802147448,0.007914551766589284,0.02789936773478985,0.006345408270135522,0.003362770192325115,0.003760707098990679,0.0033859724644571543
E,CP_W0,261,12,0.00802688766270876,0.007997288601472974,0.027843041345477104,0.006203051190823317,0.0033334754407405853,0.0035783424973487854,0.003375761560164392
E,CP_W0,262,12,0.008006683317944407,0.00802398775704205,0.027770599350333214,0.0063400298822671175,0.0033373036421835423,0.003339591436088085,0.003364151227287948
E,CP_W0,263,12,0.007977059343829751,0.008428413420915604,0.027730469591915607,0.0071414983831346035,0.0033069372875615954,0.004898146609775722,0.0033544558100402355
E,CP_W0,264,12,0.007961022667586803,0.007834098767489195,0.027672567404806614,0.006232696818187833,0.0033267225371673703,0.003690114594064653,0.0033636438893154263
E,CP_W0,265,12,0.007939198287203908,0.007895365357398987,0.027552279643714428,0.0061160943005234,0.0033132140524685383,0.003524828818626702,0.003368872683495283
E,CP_W0,266,12,0.007919852854683995,0.007936096517369151,0.027519959025084972,0.006223307689651847,0.003290887689217925,0.003255692427046597,0.0033499301644042134
E,CP_W0,267,12,0.007884383434429765,0.00833574216812849,0.027334763668477535,0.007077139802277088,0.0032551742624491453,0.0047801361652091146,0.0033172558760270476
E,CP_W0,268,12,0.007874345174059272,0.007753055542707443,0.027308296412229538,0.006137219024822116,0.0032540708780288696,0.003647978533990681,0.003308654297143221
E,CP_W0,269,12,0.007859979290515184,0.007829084293916821,0.02723837923258543,0.0059842211194336414,0.0032409026753157377,0.0034894488053396344,0.0032940334640443325
E,CP_W0,270,12,0.007843441097065806,0.007865686435252428,0.027194826863706112,0.006151125533506274,0.003228167537599802,0.0032305584754794836,0.0032878798665478826
E,CP_W0,271,12,0.007814612239599228,0.008259663125500083,0.027119564823806286,0.006945592351257801,0.0031898283632472157,0.004750270280055702,0.003299511387012899
E,CP_W0,272,12,0.007795365061610937,0.0076802619732916355,0.026839617639780045,0.0060124562587589025,0.0032048720167949796,0.0035740550374612212,0.003267652355134487
E,CP_W0,273,12,0.007780865766108036,0.007756921462714672,0.02679701242595911,0.005895533133298159,0.0031993038719519973,0.0034304202999919653,0.0032679045107215643
E,CP_W0,274,12,0.007759700529277325,0.0077766370959579945,0.02673139702528715,0.006032214500010014,0.0031808895291760564,0.0031663556583225727,0.0032510091550648212
E,CP_W0,275,12,0.007746940245851874,0.008180997101590037,0.026839549653232098,0.0068701079580932856,0.0031593157909810543,0.0047810368705540895,0.0032733820844441652
E,CP_W0,276,12,0.007730823243036866,0.007609771331772208,0.02673604153096676,0.0059193698689341545,0.0031408192589879036,0.0035117100924253464,0.0032639720011502504
E,CP_W0,277,12,0.007704101502895355,0.007674813969060779,0.026611056178808212,0.005830991314724088,0.00314267014618963,0.0034045096253976226,0.0032329263631254435
E,CP_W0,278,12,0.0076947822235524654,0.0077138436026871204,0.026496090926229954,0.005969082470983267,0.003125653602182865,0.0031433242838829756,0.0032556819496676326
E,CP_W0,279,12,0.007667380152270198,0.00810285098850727,0.02632516622543335,0.006861473200842738,0.0031225483398884535,0.004688434535637498,0.003255065646953881
E,CP_W0,280,12,0.007649062667042017,0.007526168134063482,0.02635063324123621,0.005831380607560277,0.0031058993190526962,0.003490665927529335,0.003225996741093695
E,CP_W0,281,12,0.007643569493666291,0.0075997523963451385,0.02621233370155096,0.005732741905376315,0.003089558333158493,0.0033497298136353493,0.0032425816170871258
E,CP_W0,282,12,0.007612955989316106,0.00763483252376318,0.026068827137351036,0.005845178617164493,0.0030750423902645707,0.0030833055498078465,0.0031881327740848064
E,CP_W0,283,12,0.0075982261914759874,0.00802317587658763,0.026000616140663624,0.006739476229995489,0.003087436663918197,0.00457006914075464,0.0031527357641607523
E,CP_W0,284,12,0.007586323888972402,0.007461239350959659,0.026054580695927143,0.005751958815380931,0.0030604770872741938,0.0034416239941492677,0.0031664922134950757
E,CP_W0,285,12,0.007568827597424388,0.007527954643592238,0.025777939707040787,0.00563916633836925,0.003050464321859181,0.003312271903268993,0.0031210287706926465
E,CP_W0,286,12,0.007555776042863727,0.007571840658783913,0.025831623002886772,0.005761278560385108,0.0030409505125135183,0.003033073269762099,0.0031392151722684503
E,CP_W0,287,12,0.007538495119661093,0.007954242872074246,0.02567687351256609,0.006611143704503775,0.0030146833742037416,0.004527973826043308,0.003088204422965646
E,CP_W0,288,12,0.007507717469707131,0.007394671440124512,0.02558171283453703,0.005652319174259901,0.0030205140355974436,0.0034246057039126754,0.0030876887030899525
E,CP_W0,289,12,0.0075023595709353685,0.007460407912731171,0.02549358457326889,0.005542663391679525,0.00299732550047338,0.003292104578576982,0.0030658398754894733
E,CP_W0,290,12,0.007488986477255821,0.0074991893488913774,0.02537020854651928,0.005650461884215474,0.0029759706230834126,0.003002232755534351,0.003078554873354733
E,CP_W0,291,12,0.007476306753233075,0.007871928624808788,0.025273704901337624,0.006492378655821085,0.0029592133359983563,0.004470327636227012,0.0030383687699213624
E,CP_W0,292,12,0.007449687458574772,0.007323906756937504,0.025215462781488895,0.005563430022448301,0.0029605639865621924,0.0033788979053497314,0.0030548613285645843
E,CP_W0,293,12,0.007433375576511025,0.007391431601718068,0.025114879943430424,0.005467393901199102,0.0029631105717271566,0.0032614804804325104,0.0030186225194483995
E,CP_W0,294,12,0.0074119591154158115,0.0074410997331142426,0.025032267905771732,0.005576174473389983,0.0029459729557856917,0.002974581439048052,0.0030266494723036885
E,CP_W0,295,12,0.007392227416858077,0.007816338445991278,0.024922111071646214,0.006349328672513366,0.002940424485132098,0.004424569080583751,0.0030149341328069568
E,CP_W0,296,12,0.0073816662188619375,0.0072596624959260225,0.024851949885487556,0.005498901940882206,0.002945406944490969,0.0033654924482107162,0.0029689354123547673
E,CP_W0,297,12,0.007369194878265262,0.00732447300106287,0.024844130501151085,0.00537727982737124,0.002936789533123374,0.003212256939150393,0.0029780082404613495
E,CP_W0,298,12,0.007353430613875389,0.007369431667029858,0.02471520658582449,0.005509659647941589,0.002941926592029631,0.0029367002425715327,0.0029307109070941806
E,CP_W0,299,12,0.007345614023506641,0.007736635627225041,0.02466539666056633,0.006284824339672923,0.0029098994564265013,0.004398357588797808,0.0029083084082230926
E,CP_W0,300,12,0.007321329787373543,0.007194652687758207,0.024625200778245926,0.005414722952991724,0.0029058700893074274,0.003290515625849366,0.002921855077147484
E,CP_W0,301,12,0.007302530342712998,0.007261159596964717,0.024522559717297554,0.005280130542814732,0.0028913754504173994,0.0031417625723406672,0.0029146632878109813
E,CP_W0,302,12,0.00729729887098074,0.007304601836949587,0.024358841590583324,0.005434820195659995,0.0028861339669674635,0.0028881437610834837,0.0029120681574568152
E,CP_W0,303,12,0.007274433271959424,0.007678004447370768,0.024278652854263783,0.006283373571932316,0.002905182191170752,0.0043026943458244205,0.0028887466760352254
E,CP_W0,304,12,0.007260386366397142,0.007135977502912283,0.024227515794336796,0.005346771562471986,0.0029052726458758116,0.003256535157561302,0.0028807506896555424
E,CP_W0,305,12,0.007241150131449103,0.007199516054242849,0.02412716019898653,0.005271734204143286,0.002879256964661181,0.0031544206431135535,0.0028640672098845243
E,CP_W0,306,12,0.0072243919130414724,0.007242796244099736,0.02408766932785511,0.005391720216721296,0.002877642516978085,0.0028642950346693397,0.002892551477998495
E,CP_W0,307,12,0.007210112409666181,0.007612875197082758,0.02412248309701681,0.0061973948031663895,0.0028521696804091334,0.0042760344222188,0.0028972161235287786
E,CP_W0,308,12,0.007197804749011993,0.007070733001455665,0.024103304371237755,0.0053333023097366095,0.0028673834167420864,0.00325334828812629,0.00288578774780035
E,CP_W0,309,12,0.0071787184569984674,0.0071452881675213575,0.024074125103652477,0.005194903817027807,0.00284010695759207,0.0031267674639821053,0.0028538223123177886
E,CP_W0,310,12,0.007169886492192745,0.007180545479059219,0.024014807306230068,0.005307875107973814,0.002823432208970189,0.0028479089960455894,0.0028696658555418253
E,CP_W0,311,12,0.007153068669140339,0.0075441033113747835,0.023874915204942226,0.006168146152049303,0.0028004111954942346,0.004285996896214783,0.002856647945009172
E,CP_W0,312,12,0.007139677181839943,0.007013928145170212,0.02374013513326645,0.0051770813297480345,0.0027987281791865826,0.003159397281706333,0.002865054295398295
E,CP_W0,313,12,0.0071315758395940065,0.007087868172675371,0.023702645674347878,0.005134123610332608,0.002807370969094336,0.003095976426266134,0.0028399659786373377
E,CP_W0,314,12,0.007108435966074467,0.0071336268447339535,0.02362542599439621,0.005225205793976784,0.0028060980839654803,0.0027900621062144637,0.002855200436897576
E,CP_W0,315,12,0.007099467096850276,0.007483608089387417,0.02361381985247135,0.006094672484323382,0.002787778270430863,0.004204818047583103,0.002829370554536581
E,CP_W0,316,12,0.0070908942725509405,0.006961204810068011,0.02352621965110302,0.005130468402057886,0.002773790154606104,0.0031324371229857206,0.002810502890497446
E,CP_W0,317,12,0.00706464983522892,0.007032801164314151,0.023401638492941856,0.005020465701818466,0.0027792585315182805,0.0030075450194999576,0.002803178154863417
E,CP_W0,318,12,0.007060349220409989,0.00707960594445467,0.023408095352351665,0.005189279094338417,0.0027774166082963347,0.002767117111943662,0.0028025470674037933
E,CP_W0,319,12,0.007041974691674113,0.007432299666106701,0.023412024602293968,0.006038302788510919,0.002778225694783032,0.0041340740863233805,0.0027828883612528443
E,CP_W0,320,12,0.007030922686681151,0.006909622577950358,0.023234499618411064,0.005058532115072012,0.0027653323486447334,0.0030652962159365416,0.0027922732988372445
E,C_NO_H,1,12,0.00702062901109457,0.006848908960819244,0.02317816484719515,0.03534168843179941,0.016700311563909054,0.019154135137796402,0.018348525278270245
E,C_NO_H,2,12,0.005420540925115347,0.005511687370017171,0.015911605674773455,0.07262999191880226,0.028049231506884098,0.04761680215597153,0.009669512510299683
E,C_NO_H,3,12,0.004301530425436795,0.004398762946948409,0.014434711076319218,0.07230910658836365,0.0333594111725688,0.034985621459782124,0.008533846354112029
E,C_NO_H,4,12,0.003439046209678054,0.0036758448695763946,0.011850613635033369,0.046720538288354874,0.0278517110273242,0.021123483777046204,0.007520194165408611
E,C_NO_H,5,12,0.0028112003346905112,0.002796684275381267,0.010238077491521835,0.03533816337585449,0.02087867446243763,0.018091903999447823,0.005303574493154883
E,C_NO_H,6,12,0.002366099739447236,0.0024171258555725217,0.009340167511254549,0.04019578732550144,0.019479745998978615,0.02201196178793907,0.005771004594862461
E,C_NO_H,7,12,0.0019919475307688117,0.0020438607898540795,0.008748071733862162,0.03446393832564354,0.01478242501616478,0.01959825400263071,0.007178506115451455
E,C_NO_H,8,12,0.001692403806373477,0.0017493959167040884,0.008401190396398306,0.0167482141405344,0.007750196382403374,0.00951911136507988,0.005197557155042887
E,C_NO_H,9,12,0.0014690415700897574,0.0014771762071177363,0.008061111439019442,0.020278033800423145,0.010331304743885994,0.010669296607375145,0.0042280342895537615
E,C_NO_H,10,12,0.0012897005071863532,0.0013160256785340607,0.007619606098160148,0.021381664089858532,0.008861572248861194,0.012077505234628916,0.005573904840275645
E,C_NO_H,11,12,0.0011232294491492212,0.0011527297901920974,0.007201876025646925,0.015784292481839657,0.00776335783302784,0.007567316526547074,0.004517114721238613
E,C_NO_H,12,12,0.000992042594589293,0.0010964254615828395,0.00675908918492496,0.012354427948594093,0.0054074362851679325,0.007436172105371952,0.0034603510284796357
E,C_NO_H,13,12,0.0008938569226302207,0.0008948832401074469,0.006251580081880093,0.0115111512131989,0.00529996445402503,0.0060051740147173405,0.004380972823128104
E,C_NO_H,14,12,0.00082430723705329,0.0008031445904634893,0.005807534325867891,0.012985569890588522,0.0060086308512836695,0.006977523909881711,0.004170212661847472
E,C_NO_H,15,12,0.0007634452194906771,0.0007605534337926656,0.005528463516384363,0.014258441515266895,0.0064068513456732035,0.007873413152992725,0.00398426060564816
E,C_NO_H,16,12,0.0007007506210356951,0.0007882455829530954,0.005412260768935084,0.012683575507253408,0.005280338227748871,0.007645400473847985,0.004007671843282878
E,C_NO_H,17,12,0.0006438222480937839,0.0006388082983903587,0.005271406844258308,0.011358437594026327,0.004721703007817268,0.005936971865594387,0.0036541122244670987
E,C_NO_H,18,12,0.0005956541572231799,0.0005810371367260814,0.005027923500165343,0.00916730286553502,0.004133286420255899,0.004647655878216028,0.004034825949929655
E,C_NO_H,19,12,0.0005488650931511074,0.0005544255836866796,0.004749020794406533,0.00727485679090023,0.003240346210077405,0.003913969732820988,0.00390671007335186
E,C_NO_H,20,12,0.0005096126114949584,0.0005698943277820945,0.004401126177981496,0.005435138707980514,0.003738414729014039,0.003042261116206646,0.004036770085804164
E,C_NO_H,21,12,0.0004743069293908775,0.000464155848021619,0.004344211425632238,0.0069541628472507,0.00326574279461056,0.0024108124198392034,0.004298018524423242
E,C_NO_H,22,12,0.0004440909979166463,0.00044578308006748557,0.004129417007789016,0.00633221329189837,0.002538849599659443,0.0032308408990502357,0.00430672406218946
E,C_NO_H,23,12,0.00041859957855194807,0.00042985194886568934,0.00396178918890655,0.005441833753138781,0.002370938309468329,0.002704318263567984,0.003901789546944201
E,C_NO_H,24,12,0.00039781644591130316,0.00044445776438806206,0.0037631726590916514,0.0060936156660318375,0.0021630916744470596,0.0031991362338885665,0.004077588673681021
E,C_NO_H,25,12,0.00037816840631421655,0.00037322327261790633,0.00366346281953156,0.0055097287986427546,0.002649038564413786,0.0026079502422362566,0.003430174314416945
E,C_NO_H,26,12,0.00036117453419137746,0.00036370233283378184,0.0036296325270086527,0.0055555435828864574,0.0020994944497942924,0.0027717649936676025,0.0033661327324807644
E,C_NO_H,27,12,0.0003470281808404252,0.00035738198494073004,0.0035665553295984864,0.004976601107046008,0.002077993005514145,0.0025101343635469675,0.0037087263772264123
E,C_NO_H,28,12,0.0003341431438457221,0.00036040792474523187,0.0032970557222142816,0.00515094050206244,0.001976746250875294,0.0033417389495298266,0.0029467394342646003
E,C_NO_H,29,12,0.0003205421380698681,0.0003164034860674292,0.0030954903922975063,0.0037400989094749093,0.0017404723912477493,0.0021327422582544386,0.00261830713134259
E,C_NO_H,30,12,0.0003097152803093195,0.00030972828972153366,0.0030046093743294477,0.003910253872163594,0.0017032536561600864,0.002093867980875075,0.002796746324747801
E,C_NO_H,31,12,0.0003024375473614782,0.00030934668029658496,0.0027889275224879384,0.003982463502325118,0.001540275407023728,0.00245348725002259,0.002981851459480822
E,C_NO_H,32,12,0.0002927455061580986,0.0003067877405555919,0.002701645134948194,0.004111848073080182,0.001496891025453806,0.002254609134979546,0.0026245847111567855
E,C_NO_H,33,12,0.000283331741229631,0.00028722920978907496,0.002677359967492521,0.0038614525692537427,0.001372298807837069,0.0016274842200800776,0.002200925024226308
E,C_NO_H,34,12,0.0002759585186140612,0.00028487577219493687,0.0026622603181749582,0.003749683848582208,0.0013031049747951329,0.0016913415747694671,0.0024424317525699735
E,C_NO_H,35,12,0.00026792968856170774,0.00028066293452866375,0.002526545897126198,0.0037538562901318073,0.0012853031512349844,0.002191510866396129,0.002623262698762119
E,C_NO_H,36,12,0.00026101802359335124,0.0002737599133979529,0.0025072855642065406,0.003429613192565739,0.0014705266803503036,0.0018524269107729197,0.0020184246241115034
E,C_NO_H,37,12,0.00025427000946365297,0.00025910240947268903,0.0024782689288258553,0.0030787719879299402,0.001486418943386525,0.0017230840749107301,0.0020295349531807005
E,C_NO_H,38,12,0.00024819728423608467,0.00026147396420128644,0.0024820452090352774,0.003215300035662949,0.0013154694461263716,0.0015203474322333932,0.0026209853822365403
E,C_NO_H,39,12,0.00024229822884080932,0.000254589511314407,0.0024427297757938504,0.003627333673648536,0.0013639993849210441,0.0014695787685923278,0.0024722389644011855
E,C_NO_H,40,12,0.00023714891722192988,0.0002490419356036,0.0023548193275928497,0.003114367718808353,0.0012882815208286047,0.0014908454613760114,0.0017983734724111855
E,C_NO_H,41,12,0.00023168172629084438,0.0002367721899645403,0.0022911453852429986,0.0030044075101614,0.0013354711700230837,0.0015049781068228185,0.001716888917144388
E,C_NO_H,42,12,0.00022738142433809116,0.0002365983891650103,0.002237185719422996,0.003293017391115427,0.0014224839978851378,0.0017589190974831581,0.0019514926825650036
E,C_NO_H,43,12,0.00022271854686550796,0.0002354269163333811,0.0022261402336880565,0.002981718978844583,0.0014087060117162764,0.00147299247328192,0.0015227722469717264
E,C_NO_H,44,12,0.00021870125783607364,0.00023023696121526882,0.0022438993910327554,0.0030143209733068943,0.001268809544853866,0.0014709708048030734,0.0017647568602114916
E,C_NO_H,45,12,0.00021527982607949525,0.0002226991273346357,0.002277935273014009,0.003123049042187631,0.0012151477276347578,0.0014667926589027047,0.0018633583094924688
E,C_NO_H,46,12,0.00021130713139427826,0.0002288289470016025,0.0022950180573388934,0.0029769029933959246,0.0011811735457740724,0.0017740066978149116,0.0016349260113202035
E,C_NO_H,47,12,0.00020686767675215378,0.00022154901671456173,0.0023266086354851723,0.0028250868199393153,0.001106815761886537,0.001707034360151738,0.0015172872226685286
E,C_NO_H,48,12,0.00020523164130281657,0.00021608783572446555,0.002342947875149548,0.0030629116808995605,0.0011212544050067663,0.0014730553375557065,0.0017033281037583947
E,C_NO_H,49,12,0.0002036711448454298,0.00021096207638038322,0.002311752177774906,0.0028851100942119956,0.0011703063501045108,0.0014690819079987705,0.001701026107184589
E,C_NO_H,50,12,0.00020183380547678098,0.00022360170987667516,0.002360588521696627,0.0028988654958084226,0.0011840991210192442,0.0015744644333608449,0.001696721708867699
E,C_NO_H,51,12,0.0001996998253162019,0.0002147670602425933,0.0023692382965236902,0.002927841735072434,0.00135364371817559,0.0012936161365360022,0.0014660871238447726
E,C_NO_H,52,12,0.00019868311937898397,0.0002102009384543635,0.002278112107887864,0.002980780671350658,0.0012825606972910464,0.0015440661227330565,0.0014366222894750535
E,C_NO_H,53,12,0.00019763537420658395,0.00020497334480751306,0.0023057538783177733,0.0022631394676864147,0.0012542673503048718,0.0011944686411879957,0.0012788671883754432
E,C_NO_H,54,12,0.0001967862481251359,0.00021735270274803042,0.0023709810338914394,0.0024390596663579345,0.00123734085354954,0.0013094342430122197,0.0011569180060178041
E,C_NO_H,55,12,0.00019634926866274327,0.0002112004003720358,0.002453243243508041,0.002723917830735445,0.0011703845229931176,0.0012293957406654954,0.0014621621812693775
E,C_NO_H,56,12,0.00019591972522903234,0.00020739532192237675,0.002421191893517971,0.002509229932911694,0.0010120697843376547,0.001326115510892123,0.0012716057244688272
E,C_NO_H,57,12,0.000195167405763641,0.0002026604925049469,0.0023968472378328443,0.002843480557203293,0.0011086813756264746,0.0012631320860236883,0.0014192861272022128
E,C_NO_H,58,12,0.0001943802781170234,0.00021468615886988118,0.002380188787356019,0.0026562894927337766,0.0010956953628920019,0.0013402836630120873,0.001480096543673426
E,C_NO_H,59,12,0.00019397427968215197,0.00020866400154773146,0.002373979426920414,0.002708587795495987,0.0011706773075275123,0.0012905399780720472,0.001379248860757798
E,C_NO_H,60,12,0.00019281598360976204,0.00020437854254851118,0.0023768682731315494,0.0031227064318954945,0.0011405865661799908,0.0015433250810019672,0.0015124271158128977
E,C_NO_H,61,12,0.0001919084752444178,0.000199124711798504,0.0023935805074870586,0.0035885212710127234,0.001181382336653769,0.0014801887446083128,0.0018192835850641131
E,C_NO_H,62,12,0.00019026477093575522,0.00021005188318667933,0.002382469014264643,0.0030212621204555035,0.0011230346281081438,0.0013760405126959085,0.0018072706880047917
E,C_NO_H,63,12,0.0001893646622193046,0.00020398364722495899,0.002348414738662541,0.0025242918636649847,0.0011132914805784822,0.0011870500165969133,0.0017268027877435088
E,C_NO_H,64,12,0.00018799037934513763,0.00019981859804829583,0.0023627043701708317,0.0031528999097645283,0.001130762102548033,0.0016607597935944796,0.0015856908285059035
E,C_NO_H,65,12,0.00018706297123571858,0.00019466772937448695,0.0023641808656975627,0.002634309814311564,0.0010385405039414763,0.0013601886457763612,0.0015912515227682889
E,C_NO_H,66,12,0.00018611693667480722,0.0002046726003754884,0.0023640053113922477,0.0024040575372055173,0.0010640224209055305,0.0013527247938327491,0.001210176618769765
E,C_NO_H,67,12,0.00018485557666281238,0.00019949195120716467,0.0023892995668575168,0.0028615747578442097,0.0010009968827944249,0.0014415426412597299,0.0012667827541008592
E,C_NO_H,68,12,0.00018441358406562358,0.0001960133740794845,0.0024246496614068747,0.0029741901671513915,0.0010160213569179177,0.0016865477082319558,0.0013573617325164378
E,C_NO_H,69,12,0.00018391697813058272,0.00019200222595827654,0.002445621183142066,0.0028280423721298575,0.0010609228629618883,0.001344353600870818,0.0015572599368169904
E,C_NO_H,70,12,0.0001835618750192225,0.0002014633355429396,0.0024874458322301507,0.002276463550515473,0.0011827326961793005,0.0012590428232215345,0.001208591682370752
E,C_NO_H,71,12,0.00018324032134842128,0.0001972597383428365,0.002522155875340104,0.0024595450377091765,0.0011032198672182858,0.0013411534018814564,0.00145818101009354
E,C_NO_H,72,12,0.00018285421538166702,0.00019398103177081794,0.0025513272266834974,0.003173170145601034,0.0010676441597752273,0.0014757307944819331,0.0015106478822417557
E,C_NO_H,73,12,0.0001821043188101612,0.0001900604911497794,0.0025570543948560953,0.002798928995616734,0.0011135078384540975,0.0012837258982472122,0.0013760686852037907
E,C_NO_H,74,12,0.00018144509522244334,0.00019877922750310972,0.0025570543948560953,0.0028786944458261132,0.0010232522618025541,0.001182969193905592,0.0014807957923039794
E,C_NO_H,75,12,0.0001812811751733534,0.0001956296036951244,0.002513019717298448,0.0020738657331094146,0.0010312049998901784,0.0011453689076006413,0.0013856229488737881
E,C_NO_H,76,12,0.00017993912479141727,0.00019131306908093393,0.002500680508092046,0.0036003795685246587,0.001046782883349806,0.001442406210117042,0.0010705184540711343
E,C_NO_H,77,12,0.00017897453653858975,0.00018773388728732243,0.0024533160030841827,0.0030202518682926893,0.0011112135252915323,0.0013172871549613774,0.0011516839731484652
E,C_NO_H,78,12,0.00017827431292971596,0.00019499522750265896,0.002439443487673998,0.002471116604283452,0.001041435287334025,0.001165545079857111,0.0012209807755425572
E,C_NO_H,79,12,0.00017743630451150239,0.0001922925002872944,0.002409204840660095,0.002318010199815035,0.0011454331106506288,0.0011337088653817773,0.001623764168471098
E,C_NO_H,80,12,0.00017659583681961522,0.00018810509936884046,0.0023793706204742193,0.00268249970395118,0.0010730565409176052,0.0014885497512295842,0.0013545837718993425
E,C_NO_H,81,12,0.00017591675714356825,0.00018430243653710932,0.0023657201090827584,0.0029303940245881677,0.0011639902368187904,0.001423208334017545,0.0012478552525863051
E,C_NO_H,82,12,0.00017522151028970256,0.0001917377012432553,0.0023523730924353004,0.0024716381449252367,0.0010618830565363169,0.0012349282624199986,0.0013234529760666192
E,C_NO_H,83,12,0.0001745945992297493,0.00018916529370471835,0.0023331523407250643,0.0022384499898180366,0.0010595956118777394,0.0012696835910901427,0.0010876093874685466
E,C_NO_H,84,12,0.0001740905427141115,0.00018555141286924481,0.002345977700315416,0.002769537619315088,0.001208218454848975,0.0015742144896648824,0.001225262531079352
E,C_NO_H,85,12,0.00017318051686743274,0.00018244518287247047,0.0023436154006049037,0.002959979814477265,0.0012227456318214536,0.0012081352178938687,0.0013395487912930548
E,C_NO_H,86,12,0.00017292351549258456,0.00018849875777959824,0.0023834320018067956,0.0023245654301717877,0.0011450850870460272,0.0012402072898112237,0.001300716190598905
E,C_NO_H,87,12,0.00017171055515063927,0.00018583203200250864,0.002448330749757588,0.0024218251928687096,0.0010852829436771572,0.0013983331737108529,0.0011563190491870046
E,C_NO_H,88,12,0.00017097065574489534,0.00018236580945085734,0.0025468695675954223,0.003002685378305614,0.0012028784840367734,0.0016121448134072125,0.0011858101934194565
E,C_NO_H,89,12,0.00017063788254745305,0.00017953764472622424,0.0026367660611867905,0.00266455567907542,0.0012302069226279855,0.0012220198987051845,0.0012689256109297276
E,C_NO_H,90,12,0.00017063295672414824,0.0001863249999587424,0.0027723482344299555,0.002121195779182017,0.0011159518035128713,0.0013132636086083949,0.0011710046092048287
E,C_NO_H,91,12,0.00017067019507521763,0.00018518894648877904,0.0028571966104209423,0.0024254913441836834,0.0010088708368130028,0.0015622024075128138,0.001164529356174171
E,C_NO_H,92,12,0.0001706677212496288,0.00018219202320324257,0.0029254526598379016,0.0033277698094025254,0.0010412759147584438,0.001850759843364358,0.0011097316746599972
E,C_NO_H,93,12,0.00017098060197895393,0.00018060657748719677,0.0029517561197280884,0.0027890620985999703,0.0009951978572644293,0.001204875996336341,0.0013648890308104455
E,C_NO_H,94,12,0.0001701078363112174,0.00018582968914415687,0.0029770295368507504,0.0024025854654610157,0.0009927104401867837,0.0013181321555748582,0.0015416081878356636
E,C_NO_H,95,12,0.0001698905907687731,0.00018552301480667666,0.003014087793417275,0.00313508661929518,0.0010354845726396888,0.001534244220238179,0.0014608067576773465
E,C_NO_H,96,12,0.00016926240641623735,0.00018172281852457672,0.003022699849680066,0.0030642380006611347,0.0010866610100492835,0.0016210397006943822,0.0016799442237243056
E,C_NO_H,97,12,0.00016867894737515599,0.00017961720732273534,0.002979271695949137,0.002717156196013093,0.0011135207314509898,0.0015434574452228844,0.001392023521475494
E,C_NO_H,98,12,0.00016878695168998092,0.00018414761871099472,0.0029741099569946527,0.003085566684603691,0.0010547350975684822,0.0012392789358273149,0.001073751802323386
E,C_NO_H,99,12,0.00016794895782368258,0.00018419098341837525,0.0029990560142323375,0.003235969226807356,0.0012722594547085464,0.0013438311871141195,0.001387041644193232
E,C_NO_H,100,12,0.00016771804803283885,0.00018116427236236632,0.0030297042103484273,0.002838878659531474,0.0012179228360764682,0.001704951748251915,0.0011792866280302405
E,C_NO_H,101,12,0.00016739033162593842,0.00017972285422729328,0.00298329908400774,0.0028579989448189735,0.0011618580319918692,0.0011915774666704237,0.001508537505287677
E,C_NO_H,102,12,0.00016721030260669068,0.00018214522424386814,0.002896917168982327,0.002585108275525272,0.0010866722441278398,0.0012595519656315446,0.001166172616649419
E,C_NO_H,103,12,0.000167070007591974,0.00018356045620748773,0.002831396530382335,0.002573912963271141,0.0011034730705432594,0.0014595829416066408,0.00127335952129215
E,C_NO_H,104,12,0.00016696700186003,0.00018034872482530773,0.002809591358527541,0.0035620102426037192,0.0010926974937319756,0.0018097018473781645,0.0013985513942316175
E,C_NO_H,105,12,0.00016689624317223206,0.00017973411013372242,0.0028184704715386033,0.002485560718923807,0.0011706767254509032,0.0012586820521391928,0.001442482869606465
E,C_NO_H,106,12,0.0001668850818532519,0.00018167611415265128,0.002862664172425866,0.0028234843630343676,0.0010897794272750616,0.001312345324549824,0.0010580160014797002
E,C_NO_H,107,12,0.00016661564586684108,0.00018313596228836104,0.002912272233515978,0.003530845860950649,0.0011341837816871703,0.0018842905410565436,0.001572496781591326
E,C_NO_H,108,12,0.00016643314302200451,0.00018066530174110085,0.0029308057855814695,0.0028880962636321783,0.0011093993089161813,0.0016451430274173617,0.001284901169128716
E,C_NO_H,109,12,0.00016649273311486468,0.000179384027433116,0.0029504350386559963,0.0027941069565713406,0.0010404960485175252,0.001591191510669887,0.001085065130610019
E,C_NO_H,110,12,0.0001665249583311379,0.00018117075524060056,0.002977750380523503,0.002639951999299228,0.0010562997485976666,0.0012316048960201442,0.0013323828461579978
E,C_NO_H,111,12,0.0001667446704232134,0.00018369209283264354,0.0029925497947260737,0.0033813368063420057,0.001143219938967377,0.0014523495337925851,0.0015418861876241863
E,C_NO_H,112,12,0.0001664764859015122,0.00018140635802410543,0.0029943782137706876,0.0034131300635635853,0.0011534193181432784,0.0015626218519173563,0.0014944003778509796
E,C_NO_H,113,12,0.00016731195501051843,0.00018075446132570505,0.0029572646599262953,0.002559789805673063,0.0011624880717135966,0.0012076273560523987,0.0013153605978004634
E,C_NO_H,114,12,0.0001677327963989228,0.00018261316290590912,0.002916027558967471,0.0029353081481531262,0.001183812681119889,0.0011989474296569824,0.0013137466157786548
E,C_NO_H,115,12,0.00016842547483975068,0.00018574775458546355,0.0028846433851867914,0.002243217662908137,0.001087855373043567,0.001410242635756731,0.001087500830180943
E,C_NO_H,116,12,0.00016862279153428972,0.00018357124645262957,0.0028804835164919496,0.002554396283812821,0.0010955680627375841,0.001510781527031213,0.0011620759032666683
E,C_NO_H,117,12,0.00016923848306760192,0.00018384408758720383,0.0028912483248859644,0.0026025862898677588,0.0011011964525096118,0.0014677950530312955,0.0011288855457678437
E,C_NO_H,118,12,0.0001697399784461595,0.00018509210349293426,0.0028963976074010134,0.0023333622375503182,0.0011304470244795084,0.0012481812736950815,0.0011953714420087636
E,C_NO_H,119,12,0.00016946683899732307,0.00018757613725028932,0.0029267900390550494,0.003250652807764709,0.0011920059914700687,0.001565123675391078,0.0012647281982935965
E,C_NO_H,120,12,0.00016991876327665523,0.0001849167892942205,0.0029700929298996925,0.0026489472948014736,0.0011701586190611124,0.0019776769331656396,0.0013666453305631876
E,C_NO_H,121,12,0.00016973379388218746,0.0001849563341238536,0.0030020124977454543,0.0024981980677694082,0.0010760373843368143,0.0013767509954050183,0.0012786878505721688
E,C_NO_H,122,12,0.00016977106861304492,0.0001861002529039979,0.0030324686085805297,0.0028732181526720524,0.0010566776327323169,0.0011794890160672367,0.0013794981641694903
E,C_NO_H,123,12,0.0001700976281426847,0.00018834842194337398,0.0030521033331751823,0.0027826459845528007,0.0010634790523909032,0.0014745339285582304,0.0012829459737986326
E,C_NO_H,124,12,0.00017058308003470302,0.000185082019015681,0.0028968905098736286,0.0035664341412484646,0.0012518051080405712,0.0016545758116990328,0.0016249179607257247
E,C_NO_H,125,12,0.00017058927187463269,0.0001856106537161395,0.002799052861519158,0.00239327154122293,0.001103531219996512,0.0013356894487515092,0.0010726191103458405
E,C_NO_H,126,12,0.0001717896302579902,0.00018830987391993403,0.002900820691138506,0.003525321721099317,0.001074445026461035,0.001199716527480632,0.0021104527404531837
E,C_NO_H,127,12,0.00017263483459828421,0.000190794984519016,0.0029086158610880375,0.002678541000932455,0.0011621041339822114,0.0016118339262902737,0.0011498386738821864
E,C_NO_H,128,12,0.00017548333562444896,0.0001897463880595751,0.002943497383967042,0.0027385427383705974,0.0011784200905822217,0.001692285411991179,0.0011005386477336287
E,C_NO_H,129,12,0.00017959601973416284,0.00019409697415539995,0.0030016832752153277,0.0037438340950757265,0.0011760141351260245,0.0016095840255729854,0.0013609296292997897
E,C_NO_H,130,12,0.0001826760999392718,0.00020120260887779295,0.0030016464879736304,0.003110645106062293,0.0014798775082454085,0.0011215987033210695,0.0013863907079212368
E,C_NO_H,131,12,0.0001787919391063042,0.00019694575894391164,0.003107731929048896,0.003746194881387055,0.0011866313870996237,0.0015536051942035556,0.0014039118541404605
E,C_NO_H,132,12,0.00017452768952352926,0.00018939162691822276,0.0031881630420684814,0.003026471473276615,0.0011271210969425738,0.001938098284881562,0.0013050187844783068
E,C_NO_H,133,12,0.00017187169578392059,0.00018649829871719703,0.003244946012273431,0.0030260521452873945,0.0011547364993020892,0.0012368765892460942,0.0013891823473386467
E,C_NO_H,134,12,0.00017016239871736616,0.00018752443429548293,0.0032428648555651307,0.0028245843714103103,0.0011163405724801123,0.0011879940866492689,0.0014425248373299837
E,C_NO_H,135,12,0.00016939776833169162,0.00018778401863528416,0.003125733695924282,0.0037205589469522238,0.0010894190636463463,0.0017010407173074782,0.00168132089311257
E,C_NO_H,136,12,0.00016911479906411842,0.00018358282250119373,0.002920687897130847,0.0033661966444924474,0.0011486939038150012,0.00157015718286857,0.0011388619313947856
E,C_NO_H,137,12,0.0001693047961452976,0.00018370933685218915,0.0028943652287125587,0.0030955205438658595,0.0013910833513364196,0.0014298668829724193,0.0015154204447753727
E,C_NO_H,138,12,0.0001690713907009922,0.00018562412151368335,0.0029566577868536115,0.0035356428707018495,0.0014371126308105886,0.001413273042999208,0.001406212046276778
E,C_NO_H,139,12,0.00016871510160854086,0.00018725779227679595,0.002952024224214256,0.003402057336643338,0.0013663559802807868,0.0015388941392302513,0.0015196678577922285
E,C_NO_H,140,12,0.00016913098079385236,0.00018353324412601069,0.0029499890515580773,0.00452664471231401,0.0013850765535607934,0.001802851154934615,0.0016958066844381392
E,C_NO_H,141,12,0.00017000742082018405,0.00018462547450326383,0.002878260682336986,0.0028871052199974656,0.0011161695583723485,0.0012457150733098388,0.001225261192303151
E,C_NO_H,142,12,0.00017120036500273272,0.00018748854927252978,0.003009021165780723,0.0029560242546722293,0.001140168693382293,0.0012186249368824065,0.0014406870468519628
E,C_NO_H,143,12,0.00017168209160445258,0.00019041586347157136,0.003210345283150673,0.0033776041818782687,0.0011188831413164735,0.0015558034065179527,0.0015181561466306448
E,C_NO_H,144,12,0.00017138546536443755,0.0001857503957580775,0.0032264800975099206,0.004407710395753384,0.001388132106512785,0.002072930510621518,0.0014116625534370542
E,C_NO_H,145,12,0.0001708330528344959,0.0001858421164797619,0.0032425065292045474,0.003457781276665628,0.001080625515896827,0.0012768839369527996,0.001283182471524924
E,C_NO_H,146,12,0.00017081444821087644,0.00018716232443694025,0.003194733406417072,0.0028158905915915966,0.0010538370115682483,0.0013042801874689758,0.001361047849059105
E,C_NO_H,147,12,0.00017067791486624628,0.00018836385424947366,0.0031066053779795766,0.0035184029256924987,0.0010280194983351976,0.0015752409235574305,0.0015464933821931481
E,C_NO_H,148,12,0.0001705226968624629,0.00018409315816825256,0.003108263364993036,0.004183272831141949,0.0013243145658634603,0.0016765323234722018,0.0014462683466263115
E,C_NO_H,149,12,0.00017061955441022292,0.00018498313147574663,0.00305583025328815,0.0033568667713552713,0.0013217087252996862,0.0014544061268679798,0.001397740503307432
E,C_NO_H,150,12,0.00017116949311457574,0.00018766761786537245,0.0030922789592295885,0.0034997252514585853,0.0011986230092588812,0.0012461014557629824,0.0017338444013148546
E,C_NO_H,151,12,0.00017084050341509283,0.0001889013801701367,0.0029890381265431643,0.0030875662341713905,0.0011140807764604688,0.0016573214088566601,0.0015041908482089639
E,C_NO_H,152,12,0.00017076110816560686,0.00018399508553557098,0.0029055241029709578,0.0035510543966665864,0.0014044521958567202,0.0022608551662415266,0.001937075867317617
E,C_NO_H,153,12,0.00017068665329134092,0.00018454617384122685,0.0028632301837205887,0.0031905652722343802,0.0011814023600891232,0.0016903210780583322,0.0013616764335893095
E,C_NO_H,154,12,0.00017052527255145833,0.00018700725195230916,0.0029075840720906854,0.0029890984296798706,0.001100750028854236,0.0012589599937200546,0.0016957822372205555
E,C_NO_H,155,12,0.0001701578512438573,0.00018730617011897266,0.003185414243489504,0.0036126975901424885,0.0010854452848434448,0.001673427876085043,0.0022634711349382997
E,C_NO_H,156,12,0.000170250961673446,0.00018326771532883868,0.003453580313362181,0.003941291244700551,0.0010930777352768928,0.0019550571450963616,0.0016893325955606997
E,C_NO_H,157,12,0.00017010074952850118,0.0001836635565268807,0.0034656712086871266,0.003599891788326204,0.0010223064455203712,0.0012917243875563145,0.00151017343159765
E,C_NO_H,158,12,0.00016982269153231755,0.00018631209240993485,0.003266955493018031,0.004059378989040852,0.0011155000538565218,0.0013167309225536883,0.0013387608341872692
E,C_NO_H,159,12,0.00016919822519412264,0.00018564516358310357,0.003387670498341322,0.0028351341607049108,0.001048609206918627,0.0013490281999111176,0.0014967264141887426
E,C_NO_H,160,12,0.00016878730821190402,0.00018175064906245098,0.003399748937226832,0.003772894968278706,0.00106020737439394,0.0015951257082633674,0.0017348238034173846
E,C_NO_H,161,12,0.0001688692718744278,0.00018181997438659891,0.003602606011554599,0.003354571177624166,0.0010937757324427366,0.001208365720231086,0.0015216055326163769
E,C_NO_H,162,12,0.00016850050451466814,0.00018396702216705307,0.0034436582354828715,0.003715499537065625,0.001298637711443007,0.001206118322443217,0.0017011703457683325
E,C_NO_H,163,12,0.0001681019930401817,0.00018333476327825338,0.003282942110672593,0.002970891073346138,0.0011826506233774126,0.0012819415424019098,0.0012457753182388842
E,C_NO_H,164,12,0.00016749611677369103,0.00017935329378815368,0.0035557299852371216,0.004186394275166094,0.001160105224698782,0.0017859703511931002,0.0009980665054172277
E,C_NO_H,165,12,0.00016683939611539245,0.00017983605357585475,0.0032209373312070966,0.0031108184484764934,0.0011173489037901163,0.0013183484552428126,0.00158992491196841
E,C_NO_H,166,12,0.0001667835531407036,0.000182413961738348,0.0032418728806078434,0.003414731239899993,0.0011680989991873503,0.0012400480336509645,0.0013339860597625375
E,C_NO_H,167,12,0.0001668853365117684,0.00018186237866757438,0.0032957594376057386,0.003996340557932854,0.0011360682547092438,0.0012968264636583626,0.001579317613504827
E,C_NO_H,168,12,0.00016633415361866355,0.00017793802544474602,0.003088343655690551,0.0036651917034760118,0.0010906265233643353,0.0017646916094236076,0.0013390964013524354
E,C_NO_H,169,12,0.0001665849340497516,0.0001788665249478072,0.0029109560418874025,0.004269462660886347,0.0010908849071711302,0.001547146704979241,0.0013712916406802833
E,C_NO_H,170,12,0.00016650550242047757,0.0001815164869185537,0.0028266800800338387,0.0032351657282561064,0.0010912808938883245,0.001209812704473734,0.002180750365369022
E,C_NO_H,171,12,0.00016592694737482816,0.00018075500702252612,0.0028449983801692724,0.003357756300829351,0.0010962490341626108,0.0014427239657379687,0.0015976594877429307
E,C_NO_H,172,12,0.0001656861131777987,0.0001777195284375921,0.00271547248121351,0.0042045272421091795,0.0010773226094897836,0.0016855098656378686,0.001952801423612982
E,C_NO_H,173,12,0.00016616286302451044,0.00017821967776399106,0.002738873125053942,0.004008544608950615,0.0012745290878228843,0.0015254606259986758,0.0014879900845699012
E,C_NO_H,174,12,0.00016696481907274574,0.00018206513777840883,0.00288498611189425,0.003390804398804903,0.0012736102798953652,0.0012665616814047098,0.0020075509673915803
E,C_NO_H,175,12,0.0001669338089413941,0.00018165756773669273,0.0030623908387497067,0.00392048922367394,0.0012415480450727046,0.0015480539877898991,0.0013527745031751692
E,C_NO_H,176,12,0.00016782273451099172,0.00018009699851972982,0.0028128913836553693,0.004066194873303175,0.0014384510577656329,0.0020890559535473585,0.001270921085961163
E,C_NO_H,177,12,0.0001691486468189396,0.00018122159235645086,0.002866376074962318,0.004031191812828183,0.0015111411921679974,0.002011119562666863,0.001557361159939319
E,C_NO_H,178,12,0.00017027094872901216,0.0001857858369476162,0.002999463933520019,0.004794192034751177,0.0012966168578714132,0.0012054852559231222,0.0023892411845736206
E,C_NO_H,179,12,0.00017053784540621564,0.00018477368575986475,0.002906883368268609,0.003843879676423967,0.0012264627148397267,0.001441782049369067,0.0021623996435664594
E,C_NO_H,180,12,0.000170832070580218,0.0001826891748351045,0.002868889714591205,0.004399866098538041,0.0011731225531548262,0.0017031528986990452,0.002261618967168033
E,C_NO_H,181,12,0.0001713982128421776,0.0001835754228523001,0.0029397106263786554,0.005121249472722411,0.001162577944342047,0.0015899705467745662,0.002305371279362589
E,C_NO_H,182,12,0.00017193205712828785,0.0001875712041510269,0.0029506608843803406,0.0034827785566449165,0.0012916881823912263,0.0012608444085344672,0.00224654859630391
E,C_NO_H,183,12,0.00017162792210001498,0.0001849735781433992,0.0030479481210932136,0.0047502710949629545,0.0012372228666208684,0.001330816827248782,0.0021623536595143378
E,C_NO_H,184,12,0.00017074272909667343,0.00018302931130165234,0.0029243743047118187,0.0039726876420900226,0.0011222055181860924,0.002207524492405355,0.0020614005625247955
E,C_NO_H,185,12,0.00017106182349380106,0.00018365366850048304,0.0030731677543371916,0.003601274569518864,0.0012189159751869738,0.001567753148265183,0.00257903931196779
E,C_NO_H,186,12,0.00017105561710195616,0.00018648872355697677,0.002882219385355711,0.0033639484317973256,0.0012826777528971434,0.0012823297875002027,0.0023354057921096683
E,C_NO_H,187,12,0.0001709426796878688,0.00018402394925942644,0.002915705321356654,0.00399133434984833,0.0012793511850759387,0.0012658872874453664,0.0013034722651354969
E,C_NO_H,188,12,0.00017099481920013204,0.0001837480886024423,0.002930424874648452,0.003474844270385802,0.0013181698159314692,0.0019371919333934784,0.0014079538523219526
E,C_NO_H,189,12,0.00017141815624199808,0.00018441463907947764,0.0030096489936113358,0.0033280353527516127,0.001240684010554105,0.0013356282142922282,0.0013754322426393628
E,C_NO_H,190,12,0.00017210594523930922,0.00018748559523373842,0.003008663305081427,0.003934942418709397,0.0011405220720916986,0.0011955208610743284,0.0023466802667826414
E,C_NO_H,191,12,0.00017175711400341243,0.00018471052317181602,0.00302237959112972,0.0032347055384889245,0.001181091764010489,0.0013700379058718681,0.0017693900736048818
E,C_NO_H,192,12,0.00017158826813101768,0.0001843837380874902,0.0031906781950965524,0.004080150974914432,0.0012187256361357868,0.0015596721204929054,0.0019381979363970459
E,C_NO_H,193,12,0.00017210479563800618,0.00018559530872153118,0.0031285182340070605,0.004159044590778649,0.0011781230568885803,0.0016582435928285122,0.0019281217246316373
E,C_NO_H,194,12,0.00017236548592336476,0.00018877926049754024,0.0031584412790834904,0.0037877134745940566,0.0011130028287880123,0.0013041970087215304,0.0015389067702926695
E,C_NO_H,195,12,0.0001714641766739078,0.00018403889407636598,0.0030467697652056813,0.004532348248176277,0.0011470867320895195,0.001207068155054003,0.0021238704794086516
E,C_NO_H,196,12,0.00017090918845497072,0.00018347248260397464,0.003057828522287309,0.004598043160513043,0.0013557267957367003,0.0015825695008970797,0.001576061244122684
E,C_NO_H,197,12,0.00017043366824509576,0.00018335686036152765,0.0030941057484596968,0.004952182061970234,0.001274821173865348,0.0017642609309405088,0.0025531487772241235
E,C_NO_H,198,12,0.00017104070138884708,0.00018653950246516615,0.003106638789176941,0.004255048930644989,0.001279227144550532,0.001189480652101338,0.0018804362043738365
E,C_NO_H,199,12,0.00017036158533301204,0.00018219391495222226,0.003107686061412096,0.0041023180820047855,0.001041668641846627,0.001481697370763868,0.0021264285314828157
E,C_NO_H,200,12,0.0001711375152808614,0.0001830514447647147,0.003114385181106627,0.003784371307119727,0.0009854038944467902,0.0015364724094979465,0.0020020882366225123
E,C_NO_H,201,12,0.00017170114733744413,0.00018353547784499824,0.0031198124634101987,0.005468375515192747,0.0012468156055547297,0.0017640811274759471,0.0024325453559868038
E,C_NO_H,202,12,0.00017137961549451575,0.00018697893392527476,0.003112653736025095,0.0045158895663917065,0.0010457992611918598,0.001338902860879898,0.0019199661328457296
E,C_NO_H,203,12,0.0001706744806142524,0.0001828246022341773,0.003113201237283647,0.0049112578853964806,0.0011216851999051869,0.0010884178336709738,0.0016834050184115767
E,C_NO_H,204,12,0.00017096255032811314,0.0001834165450418368,0.003061715862713754,0.005044517340138555,0.0012549097300507128,0.0021755664492957294,0.002381330879870802
E,C_NO_H,205,12,0.00017165649478556588,0.00018454244855092838,0.0029353381833061576,0.0051057590171694756,0.0010441217746119946,0.001290216634515673,0.0021828271565027535
E,C_NO_H,206,12,0.00017232691607205197,0.00018868112238124013,0.0029233935056254268,0.0042498738039284945,0.0010118965292349458,0.0012090963427908719,0.002678383025340736
E,C_NO_H,207,12,0.00017223636677954346,0.00018375210493104532,0.003077166387811303,0.005107732722535729,0.0009498872386757284,0.0011281861807219684,0.0018754535703919828
E,C_NO_H,208,12,0.00017235549603356048,0.00018419251864543185,0.0029840106144547462,0.0050011801067739725,0.0009879698045551777,0.0017182007431983948,0.0018491018563508987
E,C_NO_H,209,12,0.0001726162008708343,0.00018582244229037315,0.003097108914516866,0.005190209252759814,0.001342444564215839,0.0016598967486061156,0.002827517339028418
E,C_NO_H,210,12,0.00017319469043286517,0.00019021423941012472,0.003077870002016425,0.0059793496038764715,0.0012464423198252916,0.0014179523568600416,0.002560331136919558
E,C_NO_H,211,12,0.00017211833619512618,0.0001836490337154828,0.0028930811677128077,0.004205839708447456,0.0010041894565802068,0.0011030496680177748,0.001982437039259821
E,C_NO_H,212,12,0.00017218658467754722,0.00018354803614784032,0.0028257768135517836,0.006971425376832485,0.0010065651731565595,0.001455090707167983,0.0026069271843880415
E,C_NO_H,213,12,0.00017311643023276702,0.00018604088836582378,0.002642683917656541,0.004644980188459158,0.0011037210351787508,0.0014605376054532826,0.0030196586158126593
E,C_NO_H,214,12,0.00017360439960611984,0.0001913887172122486,0.0027498831041157246,0.005469441646710038,0.0012538168812170625,0.001424486399628222,0.0023071844480000436
E,C_NO_H,215,12,0.00017372984439134598,0.00018489176000002772,0.002697343588806689,0.004225304815918207,0.001258959760889411,0.0010788821964524686,0.0024496681289747357
E,C_NO_H,216,12,0.0001734257020871155,0.00018504789477447048,0.00286906270775944,0.005113951163366437,0.0013606317224912345,0.00173009600257501,0.002664660452865064
E,C_NO_H,217,12,0.00017312893032794818,0.00018571070540929213,0.0028222259134054184,0.005624487996101379,0.0012921240413561463,0.001617701374925673,0.0032175295054912567
E,C_NO_H,218,12,0.0001742611057125032,0.00019092560978606343,0.002731999149546027,0.005124804098159075,0.0012042555026710033,0.0013545413385145366,0.002445973688736558
E,C_NO_H,219,12,0.00017350386042380705,0.0001847700696089305,0.0025945869274437428,0.005649848375469446,0.0009958127629943192,0.0013130211154930294,0.004608165705576539
E,C_NO_H,220,12,0.00017433817265555263,0.0001857617317000404,0.003032668959349394,0.006431353045627475,0.0016142018139362335,0.002163963334169239,0.0024043037556111813
E,C_NO_H,221,12,0.0001761333187459968,0.00018807559536071494,0.00291232590097934,0.005370465340092778,0.000987269333563745,0.0015602611820213497,0.003121035755611956
E,C_NO_H,222,12,0.0001782884355634451,0.00019357103883521631,0.0027937431586906314,0.006288036936894059,0.0011288095847703516,0.0015329617890529335,0.003997742081992328
E,C_NO_H,223,12,0.000177113943209406,0.00018731494492385536,0.002648705616593361,0.005927728023380041,0.0010184008569922298,0.0014121600543148816,0.0036118875723332167
E,C_NO_H,224,12,0.00017541927081765607,0.00018657714099390432,0.0025719451950863004,0.004535455489531159,0.0010448030952829868,0.0016707003233022988,0.0021946298656985164
E,C_NO_H,225,12,0.00017436891357647255,0.00018655337044037879,0.0028168855933472514,0.005319909192621708,0.001350166101474315,0.0017835430917330086,0.0037980248453095555
E,C_NO_H,226,12,0.00017424473480787128,0.00018873679073294625,0.0029345081420615315,0.005775728030130267,0.0012543408083729446,0.0013727168552577496,0.004113176488317549
E,C_NO_H,227,12,0.00017419377400074154,0.00018531479145167395,0.0027076115366071463,0.0050754493568092585,0.0013593159965239465,0.0013001127517782152,0.002594980993308127
E,C_NO_H,228,12,0.0001755829362082295,0.00018642423674464226,0.002716683433391154,0.004319561878219247,0.001302321907132864,0.001870090316515416,0.0021275862818583846
E,C_NO_H,229,12,0.0001764806074788794,0.00018827526946552098,0.00298510305583477,0.004305195761844516,0.0012717816280201077,0.0016765848849900067,0.002284782356582582
E,C_NO_H,230,12,0.00017681095050647855,0.00019212970801163465,0.0028944906080141664,0.004028540104627609,0.0012871799990534782,0.0011608128843363374,0.0023874423932284117
E,C_NO_H,231,12,0.00017671546083875,0.00018773717602016404,0.00315736117772758,0.004912629257887602,0.0009606881649233401,0.0011519634281285107,0.003119473112747073
E,C_NO_H,232,12,0.00017646600463194773,0.00018876109243137762,0.0028939589392393827,0.005308910505846143,0.0009198588086292148,0.0016587197314947844,0.0030756053747609258
E,C_NO_H,233,12,0.00017705571372061968,0.0001889336563181132,0.0028533609583973885,0.003961980575695634,0.0009215395257342607,0.0017699471209198236,0.002685949089936912
E,C_NO_H,234,12,0.00017766903329174966,0.00019328339112689719,0.002851082244887948,0.004112189868465066,0.0009494211699347943,0.001538467884529382,0.0026357833994552493
E,C_NO_H,235,12,0.00017789617413654923,0.0001893275839393027,0.0028551548020914197,0.004230121150612831,0.0009897956042550504,0.0011121680727228522,0.0023331657284870744
E,C_NO_H,236,12,0.00017784148803912103,0.00019059834448853508,0.0029158705146983266,0.004511377075687051,0.001068287470843643,0.0017911289469338953,0.00211421336280182
E,C_NO_H,237,12,0.0001771585230017081,0.000189012753253337,0.0029414648888632655,0.004277492640540004,0.0012792935594916344,0.0019182522664777935,0.0021168497623875737
E,C_NO_H,238,12,0.00017713731358526275,0.0001908296690089628,0.0029396263416856527,0.004907369380816817,0.0012312053295318037,0.0015375739894807339,0.002343866741284728
E,C_NO_H,239,12,0.00017512864724267274,0.0001850948901847005,0.0027826105942949653,0.0036282415967434645,0.0009590178378857672,0.0012511244276538491,0.0024013167712837458
E,C_NO_H,240,12,0.00017447811114834622,0.00018478545098332688,0.0028056257870048285,0.00434271851554513,0.0013753187959082425,0.002094105468131602,0.0020522986305877566
E,C_NO_H,241,12,0.00017495116480858997,0.00018621420895215124,0.0029303173068910837,0.004317604470998049,0.0013476114836521447,0.001796611468307674,0.0026524533750489354
E,C_NO_H,242,12,0.00017613427917240188,0.00018896743131335825,0.003080056398175657,0.004756921203806996,0.0012783136335201561,0.0014312320272438228,0.002455162233673036
E,C_NO_H,243,12,0.00017547507013659924,0.00018469632050255314,0.003193516982719302,0.005657355999574065,0.0012668374401982874,0.0013977744965814054,0.0032806264935061336
E,C_NO_H,244,12,0.00017605343600735068,0.00018663016089703888,0.0031668618321418762,0.00565694086253643,0.0017260375316254795,0.00211673928424716,0.002715307055041194
E,C_NO_H,245,12,0.0001769658556440845,0.00018721345259109512,0.0029074085177853703,0.004412141861394048,0.0009481580927968025,0.0015117471339181066,0.0023525888100266457
E,C_NO_H,246,12,0.0001770638773450628,0.00019063675426878035,0.002779992064461112,0.00503540551289916,0.0009107671212404966,0.0017482059192843735,0.0035897311754524708
E,C_NO_H,247,12,0.00017603234300622717,0.00018574416026240215,0.0028828077483922243,0.004108875058591366,0.0009439568966627121,0.0012431832728907466,0.002239354536868632
E,C_NO_H,248,12,0.0001758400976541452,0.00018737274513114244,0.002819373388774693,0.004627897869795561,0.0010575706255622208,0.0016441733459942043,0.003015392110683024
E,C_NO_H,249,12,0.00017680723976809531,0.00018824796279659495,0.0027674100128933787,0.003962272894568741,0.0009758885717019439,0.0014757405151613057,0.002496219123713672
E,C_NO_H,250,12,0.0001777842699084431,0.00019151010201312602,0.002829643082804978,0.005011543165892363,0.0011844430409837514,0.001478737744037062,0.002966375555843115
E,C_NO_H,251,12,0.00017823503003455698,0.00018833050125977024,0.0030821034451946616,0.0038851440185680985,0.001362701877951622,0.0013885940425097942,0.0021254405146464705
E,C_NO_H,252,12,0.00017776699678506702,0.00019009917741641402,0.0029635484097525477,0.004841762827709317,0.001073448860552162,0.0019093278096988797,0.0021394274663180113
E,C_NO_H,253,12,0.0001783814514055848,0.0001897153997560963,0.0029865704709663987,0.004405667539685965,0.00107803670107387,0.0018196485470980406,0.002508552628569305
E,C_NO_H,254,12,0.00017895370547194034,0.0001923180534504354,0.0027588921366259456,0.004857238614931703,0.0008718342578504235,0.0013371091336011887,0.003856576164253056
E,C_NO_H,255,12,0.00017796554311644286,0.0001878709954326041,0.0028825977351516485,0.004182193544693291,0.0009019138233270496,0.0010490550776012242,0.0028308496112003922
E,C_NO_H,256,12,0.00017723176279105246,0.0001882914948510006,0.00300186884123832,0.00557662034407258,0.0008831585000734776,0.0017280512838624418,0.0028359274147078395
E,C_NO_H,257,12,0.00017645210027694702,0.00018740732775768265,0.002878801431506872,0.004875654354691505,0.0010934931924566627,0.0018756825011223555,0.003481442923657596
E,C_NO_H,258,12,0.0001773172989487648,0.00019019513274542987,0.0026571950875222683,0.004874685546383262,0.0008907266892492771,0.0014457598445005715,0.0024497410049661994
E,C_NO_H,259,12,0.00017647805361775681,0.0001859229159890674,0.0028394703986123204,0.006043742410838604,0.000869741867063567,0.0011883172555826604,0.004089995985850692
E,C_NO_H,260,12,0.0001767908179317601,0.00018734519107965752,0.0027960294391959906,0.006554681807756424,0.0014589460915885866,0.00240626058075577,0.0032798536121845245
E,C_NO_H,261,12,0.000177488531335257,0.00018835072842193767,0.0027934336103498936,0.004462683340534568,0.0008489054453093559,0.0018075957777909935,0.003218031721189618
E,C_NO_H,262,12,0.00017742392810760066,0.00019086046086158603,0.002536877407692373,0.00434944243170321,0.0008766746032051742,0.0016117841005325317,0.0035717469872906804
E,C_NO_H,263,12,0.00017588208720553666,0.0001857838869909756,0.002564143855124712,0.005059337243437767,0.0012126347864978015,0.0011312749702483416,0.0027730807196348906
E,C_NO_H,264,12,0.00017543894500704482,0.00018663765513338149,0.002684707520529628,0.005477114347741008,0.0014184481115080416,0.0018404051079414785,0.0026309776585549116
E,C_NO_H,265,12,0.00017661201127339154,0.0001881160933407955,0.002784673939459026,0.004310383694246411,0.0010064418602269143,0.001247888256330043,0.002242855611257255
E,C_NO_H,266,12,0.00017909118469106033,0.00019221242109779269,0.002894405391998589,0.005544804269447923,0.0009632180153857917,0.0015449965721927583,0.0022858226438984275
E,C_NO_H,267,12,0.00017786608077585697,0.0001881551870610565,0.003073585918173194,0.004502835450693965,0.0009067756473086774,0.0010986962588503957,0.002467387937940657
E,C_NO_H,268,12,0.00017624103202251717,0.00018801582336891443,0.0031318997498601675,0.005610810359939933,0.0008604517497587949,0.0013269466580823064,0.0027461115969344974
E,C_NO_H,269,12,0.0001757766876835376,0.00018726959388004616,0.0030111048836261034,0.005320235621184111,0.0008886879368219525,0.0016140058869495988,0.0030180069152265787
E,C_NO_H,270,12,0.0001776500794221647,0.000190107268281281,0.0029461660888046026,0.005026222905144095,0.0010267877078149468,0.0015667934785597026,0.0026525529101490974
E,C_NO_H,271,12,0.00017922302504302934,0.00018895710672950372,0.0030502823647111654,0.004934865050017834,0.0008207331702578813,0.0010590222082100809,0.002837060485035181
E,C_NO_H,272,12,0.0001800844183890149,0.00019204050477128476,0.0028631765162572265,0.00468420353718102,0.0008722829225007445,0.001789722591638565,0.0026693991385400295
E,C_NO_H,273,12,0.00018069629004457965,0.00019204266573069617,0.0030208753887563944,0.0048211729153990746,0.0009854579984676093,0.0017706200596876442,0.0031700822291895747
E,C_NO_H,274,12,0.00017820616631070152,0.0001903777665575035,0.002961478312499821,0.006479341071099043,0.001431428943760693,0.001928800716996193,0.003798728925175965
E,C_NO_H,275,12,0.00017567005124874413,0.00018471140356268734,0.0029128043679520488,0.0053915760945528746,0.0013485843664966524,0.0010064929083455354,0.0037165710236877203
E,C_NO_H,276,12,0.00017490408208686858,0.00018555415590526536,0.0027595830615609884,0.006357520120218396,0.0009981263428926468,0.0017555574304424226,0.0032913521863520145
E,C_NO_H,277,12,0.00017588858463568613,0.0001864243677118793,0.002763221738860011,0.00489932531490922,0.0010525062098167837,0.0013199118548072875,0.0030190969118848443
E,C_NO_H,278,12,0.00017765516531653702,0.00018953263497678563,0.0028934606816619635,0.004797051893547177,0.0009824670851230621,0.0012201701756566763,0.003569000749848783
E,C_NO_H,279,12,0.0001792925686459057,0.00018789075693348423,0.002934485673904419,0.005132378311827779,0.0008957086247391999,0.001089520170353353,0.0028838039143010974
E,C_NO_H,280,12,0.0001820371180656366,0.00019330413488205522,0.0030573849799111485,0.008605344220995903,0.0015348095330409706,0.002338063670322299,0.005574436858296394
E,C_NO_H,281,12,0.00018199755140813068,0.00019320254068588838,0.0030375022906810045,0.004329776624217629,0.0008488133025821298,0.001176689809653908,0.002665414474904537
E,C_NO_H,282,12,0.0001817445518099703,0.00019224275456508622,0.0030733586754649878,0.0058799481485039,0.0013690113555639982,0.001661286922171712,0.003428769647143781
E,C_NO_H,283,12,0.00017921103426488116,0.0001886049794848077,0.0031328306067734957,0.0062657471280545,0.0014174104435369372,0.0016057760221883655,0.00512955104932189
E,C_NO_H,284,12,0.00017911432951223105,0.00019047827663598582,0.0031764438608661294,0.004609477240592241,0.0011086325393989682,0.0018411538330838084,0.0037699436070397496
E,C_NO_H,285,12,0.0001788660738384351,0.0001900362767628394,0.0029196703108027577,0.006063060602173209,0.0011320885096210986,0.0017754833097569644,0.0033514121314510703
E,C_NO_H,286,12,0.00018065504264086485,0.00019161260570399463,0.0031181680969893932,0.005809210939332843,0.0012577571324072778,0.0018456093966960907,0.0033476559910923243
E,C_NO_H,287,12,0.00018166672816732898,0.00019093653827439994,0.003058305475860834,0.004906368674710393,0.001231883798027411,0.0016128376591950655,0.0026619185227900743
E,C_NO_H,288,12,0.0001820376346586272,0.00019356793927727267,0.0034228756558150053,0.0057056446094065905,0.0013732633378822356,0.0020699251908808947,0.00402288674376905
E,C_NO_H,289,12,0.0001821813639253378,0.00019325470202602446,0.0034398019779473543,0.004410250578075647,0.0016710361232981086,0.0016467180103063583,0.0031038536690175533
E,C_NO_H,290,12,0.00018213539442513138,0.00019143299869028851,0.0032526032300665975,0.004252074984833598,0.0010986083652824163,0.0014352482976391912,0.0030008022440597415
E,C_NO_H,291,12,0.00018142182670999318,0.00019062470528297126,0.0031689361203461885,0.006354802288115025,0.0012802809360437095,0.0015882924781180918,0.0036935019306838512
E,C_NO_H,292,12,0.00018181674386141822,0.00019290749332867563,0.002858433173969388,0.005039008799940348,0.00120594073086977,0.0018223939114250243,0.002355925622396171
E,C_NO_H,293,12,0.0001813911076169461,0.00019233526109019294,0.003301832126453519,0.005501058883965015,0.0010456210584379733,0.0012199453776702285,0.003420626395381987
E,C_NO_H,294,12,0.0001821732585085556,0.00019044783402932808,0.0030069780768826604,0.005300509510561824,0.0009968699305318296,0.0011979731498286128,0.0033504851162433624
E,C_NO_H,295,12,0.00018336636276217178,0.00019278372201370075,0.00277975935023278,0.005109584890305996,0.0009194487647619098,0.0010925803799182177,0.0030402595875784755
E,C_NO_H,296,12,0.00018549040396464989,0.00019604238332249224,0.003035029163584113,0.006033257348462939,0.0009102453186642379,0.0017326744855381548,0.0039578708820044994
E,C_NO_H,297,12,0.00018494659889256582,0.00019554438040358946,0.0027715975884348154,0.004473888082429767,0.000989827181911096,0.001399342727381736,0.0026998561806976795
E,C_NO_H,298,12,0.00018415090016787872,0.00019232999329688028,0.003366888267919421,0.008976326324045658,0.001436728227417916,0.001589552906807512,0.003822502098046243
E,C_NO_H,299,12,0.00018301243835594505,0.00019242128473706543,0.0029715894488617778,0.006015055347234011,0.0009511339594610035,0.0011491310433484614,0.003558386117219925
E,C_NO_H,300,12,0.0001823495258577168,0.00019288292241981253,0.003410860663279891,0.005361117888242006,0.0009664088429417461,0.0016482214559800923,0.0036091399379074574
E,C_NO_H,301,12,0.00018253089365316555,0.00019380549201741815,0.0032589666079729795,0.006637304788455367,0.0009561777405906469,0.0015528947697021067,0.003906965837813914
E,C_NO_H,302,12,0.00018359867681283504,0.00019289903138997033,0.003124179900623858,0.006517527159303427,0.001114281010814011,0.0016362879541702569,0.003800011705607176
E,C_NO_H,303,12,0.00018390401965007186,0.00019368909124750644,0.003203128930181265,0.006453840294852853,0.0010974809410981834,0.001367115241009742,0.0036180447787046432
E,C_NO_H,304,12,0.00018418458057567477,0.0001951524245669134,0.0030276633333414793,0.005639551905915141,0.001259908836800605,0.0019495683372952044,0.003455810248851776
E,C_NO_H,305,12,0.00018486248882254586,0.0001953325845533982,0.0027051186189055443,0.004621530883014202,0.0012457456323318183,0.001617080473806709,0.0030549156945198774
E,C_NO_H,306,12,0.00018609903781907633,0.0001944148971233517,0.002711642999202013,0.004617335507646203,0.0011379556963220239,0.0014020293019711971,0.003309682826511562
E,C_NO_H,307,12,0.00018601203919388354,0.00019572998280636966,0.00269776803907007,0.005440168548375368,0.0010243073338642716,0.0013129010912962258,0.003442186862230301
E,C_NO_H,308,12,0.00018596112204249948,0.00019726667233044282,0.0028220590902492404,0.0061353412456810474,0.0009556984296068549,0.0016513241571374238,0.004357516299933195
E,C_NO_H,309,12,0.0001863844954641536,0.00019719470583368093,0.0029792386339977384,0.005252272356301546,0.00095900017186068,0.0016228329041041434,0.004378233337774873
E,C_NO_H,310,12,0.00018812514463206753,0.00019625854474725202,0.0030563254840672016,0.0061942036263644695,0.0009120894537772983,0.0014977577957324684,0.004306120565161109
E,C_NO_H,311,12,0.00018827166786650196,0.00019799946312559769,0.0027627478120848536,0.005725289927795529,0.0012483727768994868,0.0015897193807177246,0.0037469223607331514
E,C_NO_H,312,12,0.000187659592484124,0.00019963174418080598,0.0028008536901324987,0.006386447697877884,0.0010852185660041869,0.0019534939783625305,0.0035405736416578293
E,C_NO_H,313,12,0.00018518151773605496,0.00019642998813651502,0.003154492238536477,0.005064687458798289,0.0014020081143826246,0.001516325690317899,0.0028326226165518165
E,C_NO_H,314,12,0.00018394998915027827,0.00019251554476795718,0.003245281637646258,0.006382407154887915,0.001077717519365251,0.001290365238673985,0.005264410050585866
E,C_NO_H,315,12,0.00018391155026620254,0.00019432093540672213,0.002805761410854757,0.005747768795117736,0.0011205571936443448,0.001671499980147928,0.0048356575425714254
E,C_NO_H,316,12,0.0001838892712839879,0.0001951811573235318,0.0032452892046421766,0.007810257840901613,0.0011177556007169187,0.0021471601794473827,0.004969010595232248
E,C_NO_H,317,12,0.0001838855750975199,0.00019486210658214986,0.002979613025672734,0.007144887000322342,0.0011974124354310334,0.0017902026884257793,0.0036648674868047237
E,C_NO_H,318,12,0.00018334290507482365,0.0001907426558318548,0.0028149904683232307,0.006074338918551803,0.0011611274094320834,0.0013626244035549462,0.004511733190156519
E,C_NO_H,319,12,0.0001822440608520992,0.00019033435819437727,0.00323987880256027,0.009782249573618174,0.0011167628108523786,0.001293808629270643,0.007090894505381584
E,C_NO_H,320,12,0.00018203541549155489,0.00019118324416922405,0.003153251367621124,0.005221443949267268,0.0011025710264220834,0.0016515508177690208,0.003837603610008955
U,native_CP,0,12,3.0144835710525513,,,0.0,,,
U,native_CP,20,12,3.012584924697876,,,0.04173337481915951,,,
U,native_CP,40,12,2.994868040084839,,,0.12582442164421082,,,
U,native_CP,60,12,2.908918857574463,,,0.2597210109233856,,,
U,native_CP,80,12,2.5719525814056396,,,0.517877846956253,,,
U,native_CP,100,12,1.62959486246109,,,0.9292224943637848,,,
U,native_CP,120,12,0.8540076017379761,,,0.7832280397415161,,,
U,native_CP,140,12,0.40127967298030853,,,0.40238232910633087,,,
U,native_CP,160,6,0.3563643991947174,,,0.33699843287467957,,,
U,A2,0,12,,,,,,,
U,A2,40,12,0.10877184197306633,0.11070749908685684,,0.11855378746986389,,,
U,A2,80,12,0.05037677474319935,0.05070919170975685,,0.06674939580261707,,,
U,CP_W0,1,12,0.049681345000863075,0.04931136406958103,,0.06596440635621548,0.03258771635591984,0.03419209364801645,0.0
U,CP_W0,2,12,0.04864022321999073,0.04955711215734482,,0.06449549086391926,0.031942264176905155,0.032944745384156704,0.0
U,CP_W0,3,12,0.047662993893027306,0.047693751752376556,,0.06578891910612583,0.031299990601837635,0.03370470833033323,0.0
U,CP_W0,4,12,0.046703580766916275,0.047011598944664,,0.06152328848838806,0.03063333500176668,0.031931315548717976,0.0
U,CP_W0,5,12,0.0457325354218483,0.045382797718048096,,0.060476601123809814,0.030078767798841,0.030817643739283085,0.0
U,CP_W0,6,12,0.04488418810069561,0.04578377120196819,,0.0595899261534214,0.029520240612328053,0.03045991063117981,0.0
U,CP_W0,7,12,0.04404040612280369,0.044037114828825,,0.059807468205690384,0.02898643258959055,0.03068428859114647,0.0
U,CP_W0,8,12,0.04323004186153412,0.04348566196858883,,0.056834254413843155,0.028403268195688725,0.02936075534671545,0.0
U,CP_W0,9,12,0.04241408035159111,0.0421160664409399,,0.05599650368094444,0.027876063250005245,0.028140965849161148,0.0
U,CP_W0,10,12,0.04160331003367901,0.04244965873658657,,0.05518215522170067,0.027319910936057568,0.028212906792759895,0.0
U,CP_W0,11,12,0.04090886004269123,0.040934136137366295,,0.05474141612648964,0.026886257342994213,0.028205497190356255,0.0
U,CP_W0,12,12,0.0402251910418272,0.0404480267316103,,0.052795637398958206,0.026391777209937572,0.026979001238942146,0.0
U,CP_W0,13,12,0.03951292857527733,0.039204876869916916,,0.05162816867232323,0.02588176541030407,0.02579863090068102,0.0
U,CP_W0,14,12,0.038834743201732635,0.039628636091947556,,0.0514368936419487,0.025486125610768795,0.02601949591189623,0.0
U,CP_W0,15,12,0.0381928663700819,0.038290105760097504,,0.05053318850696087,0.025047180242836475,0.026105299592018127,0.0
U,CP_W0,16,12,0.037567438557744026,0.03782126493752003,,0.049025846645236015,0.024659411050379276,0.024926405400037766,0.0
U,CP_W0,17,12,0.0369578842073679,0.03671333473175764,,0.04773193970322609,0.02422911673784256,0.023827511817216873,0.0
U,CP_W0,18,12,0.03637830447405577,0.03714044950902462,,0.04776640608906746,0.02388097532093525,0.024109607562422752,0.0
U,CP_W0,19,12,0.035803032107651234,0.03594681993126869,,0.04690549336373806,0.023509038612246513,0.024283219128847122,0.0
U,CP_W0,20,12,0.03528665844351053,0.035562324337661266,,0.04549355432391167,0.023083877749741077,0.023116649128496647,0.0
U,CP_W0,21,12,0.03474322985857725,0.03454563394188881,,0.0444276574999094,0.02267560362815857,0.022175094112753868,0.0
U,CP_W0,22,12,0.03427378460764885,0.034968264400959015,,0.04450978524982929,0.02232549339532852,0.022442313842475414,0.0
U,CP_W0,23,12,0.03373090364038944,0.03386853355914354,,0.04371931776404381,0.021909162402153015,0.0226699560880661,0.0
U,CP_W0,24,12,0.03326198924332857,0.033539348281919956,,0.042402587831020355,0.021538094617426395,0.021601945161819458,0.0
U,CP_W0,25,12,0.03281318675726652,0.03260292764753103,,0.04143047146499157,0.021194366738200188,0.02069185022264719,0.0
U,CP_W0,26,12,0.032337193377316,0.03303679917007685,,0.04156525991857052,0.020806786604225636,0.021029479801654816,0.0
U,CP_W0,27,12,0.03188400808721781,0.03203085530549288,,0.040875840932130814,0.020480765961110592,0.021224617958068848,0.0
U,CP_W0,28,12,0.03146355226635933,0.03176716063171625,,0.039690274745225906,0.020126483403146267,0.020256520248949528,0.0
U,CP_W0,29,12,0.03106266539543867,0.030887811444699764,,0.03878166526556015,0.01983656920492649,0.019389064982533455,0.0
U,CP_W0,30,12,0.0306567195802927,0.0313387094065547,,0.03899777866899967,0.019519513472914696,0.01974456198513508,0.0
U,CP_W0,31,12,0.030240115709602833,0.030408249236643314,,0.03835253231227398,0.01915300264954567,0.020019719377160072,0.0
U,CP_W0,32,12,0.02985222451388836,0.030176207423210144,,0.037287451326847076,0.018822303973138332,0.01909585576504469,0.0
U,CP_W0,33,12,0.0294945752248168,0.029396153055131435,,0.03654568828642368,0.018543589860200882,0.018303980119526386,0.0
U,CP_W0,34,12,0.02916258480399847,0.029825618490576744,,0.03676142916083336,0.01823004987090826,0.018612444400787354,0.0
U,CP_W0,35,12,0.028798021376132965,0.028946081176400185,,0.03618615120649338,0.01796368882060051,0.018931477330625057,0.0
U,CP_W0,36,12,0.02844985295087099,0.028741142712533474,,0.03520628809928894,0.01767849363386631,0.018065576441586018,0.0
U,CP_W0,37,12,0.02815070655196905,0.028011485002934933,,0.034478696063160896,0.01739793736487627,0.017260796390473843,0.0
U,CP_W0,38,12,0.02778963092714548,0.028433792293071747,,0.03462938778102398,0.017122886143624783,0.017637185752391815,0.0
U,CP_W0,39,12,0.027449519373476505,0.02765207551419735,,0.034219566732645035,0.01683052722364664,0.017965057864785194,0.0
U,CP_W0,40,12,0.02713098656386137,0.02743933442980051,,0.03328849375247955,0.01656235381960869,0.01716107688844204,0.0
U,CP_W0,41,12,0.02685247641056776,0.026749201118946075,,0.032654340378940105,0.016318505629897118,0.016378390602767467,0.0
U,CP_W0,42,12,0.026542493142187595,0.027158011682331562,,0.032491386868059635,0.016067327465862036,0.01669377088546753,0.0
U,CP_W0,43,12,0.026254593394696712,0.02642937283962965,,0.03244969714432955,0.015837030485272408,0.017064171843230724,0.0
U,CP_W0,44,12,0.025963529013097286,0.02627235371619463,,0.031366425566375256,0.015604250598698854,0.01628679083660245,0.0
U,CP_W0,45,12,0.02571024652570486,0.025614195503294468,,0.030952617526054382,0.015394918620586395,0.015514682047069073,0.0
U,CP_W0,46,12,0.025417602621018887,0.026014269329607487,,0.03063830081373453,0.015157545451074839,0.015757780987769365,0.0
U,CP_W0,47,12,0.025161762721836567,0.0253481762483716,,0.030750961042940617,0.014935920480638742,0.016261757351458073,0.0
U,CP_W0,48,12,0.024910145439207554,0.025095779448747635,,0.029529872350394726,0.014733774121850729,0.015350071247667074,0.0
U,CP_W0,49,12,0.024652485735714436,0.02457001991569996,,0.029194002971053123,0.01451165322214365,0.014776527881622314,0.0
U,CP_W0,50,12,0.024392765015363693,0.024986788630485535,,0.02894910890609026,0.014308612328022718,0.014929209370166063,0.0
U,CP_W0,51,12,0.024140365421772003,0.024373874999582767,,0.02927390579134226,0.014108964242041111,0.01547673437744379,0.0
U,CP_W0,52,12,0.023906811140477657,0.024073665030300617,,0.027948006987571716,0.013930132612586021,0.014582009520381689,0.0
U,CP_W0,53,12,0.02366950921714306,0.023613933473825455,,0.027644282206892967,0.01372893014922738,0.014064144808799028,0.0
U,CP_W0,54,12,0.023469693958759308,0.024025311693549156,,0.02747963834553957,0.013571728952229023,0.014180636499077082,0.0
U,CP_W0,55,12,0.02323602046817541,0.023579257540404797,,0.027923863381147385,0.013401705771684647,0.014818255323916674,0.0
U,CP_W0,56,12,0.02301122434437275,0.023130744695663452,,0.026554139330983162,0.013239125721156597,0.013891772832721472,0.0
U,CP_W0,57,12,0.022778116166591644,0.022752055898308754,,0.026220932602882385,0.013055712450295687,0.013428505510091782,0.0
U,CP_W0,58,12,0.02259643655270338,0.023106536827981472,,0.026119431480765343,0.012917349115014076,0.013496910687536001,0.0
U,CP_W0,59,12,0.022370402701199055,0.02279779687523842,,0.026749015785753727,0.012737466488033533,0.014242458622902632,0.0
U,CP_W0,60,12,0.02217015065252781,0.022284604609012604,,0.025254064239561558,0.012598664034157991,0.01321838516741991,0.0
U,CP_W0,61,12,0.02196289598941803,0.021935423836112022,,0.024950125254690647,0.012428273912519217,0.012846323195844889,0.0
U,CP_W0,62,12,0.021753985434770584,0.022297844290733337,,0.024843490682542324,0.01226840540766716,0.012859422247856855,0.0
U,CP_W0,63,12,0.021591289900243282,0.02205361519008875,,0.025530307553708553,0.012141534127295017,0.013562504202127457,0.0
U,CP_W0,64,12,0.02138847578316927,0.021497363690286875,,0.024119453504681587,0.011984147597104311,0.01268602954223752,0.0
U,CP_W0,65,12,0.021177396643906832,0.021172009874135256,,0.02378356084227562,0.0118195666000247,0.012302817776799202,0.0
U,CP_W0,66,12,0.02101565571501851,0.021544229239225388,,0.023694025352597237,0.011698296293616295,0.012279668357223272,0.0
U,CP_W0,67,12,0.02084079058840871,0.021377609111368656,,0.024617115035653114,0.01160083757713437,0.013074646703898907,0.0
U,CP_W0,68,12,0.020662107970565557,0.02077165385708213,,0.023020753636956215,0.011432850267738104,0.012129540089517832,0.0
U,CP_W0,69,12,0.020484783686697483,0.02048565587028861,,0.02270539291203022,0.01129444595426321,0.011854760348796844,0.0
U,CP_W0,70,12,0.02033194061368704,0.02082835417240858,,0.022675184532999992,0.01121742557734251,0.011747370474040508,0.0
U,CP_W0,71,12,0.02015161467716098,0.02073783567175269,,0.023683877661824226,0.011066692415624857,0.012605831492692232,0.0
U,CP_W0,72,12,0.02000430505722761,0.020089480094611645,,0.022031530737876892,0.01096613286063075,0.01159105496481061,0.0
U,CP_W0,73,12,0.01980093726888299,0.01984028285369277,,0.0217120498418808,0.010813605971634388,0.011386854108422995,0.0
U,CP_W0,74,12,0.019652068614959717,0.02017506631091237,,0.021671555936336517,0.010699078906327486,0.011272888630628586,0.0
U,CP_W0,75,12,0.01951950555667281,0.020170836243778467,,0.022705955430865288,0.010558641981333494,0.01219156151637435,0.0
U,CP_W0,76,12,0.019369924906641245,0.01947289751842618,,0.021071461960673332,0.010474804323166609,0.01113248523324728,0.0
U,CP_W0,77,12,0.019222151022404432,0.01922273589298129,,0.020782463252544403,0.010358863044530153,0.010942220687866211,0.0
U,CP_W0,78,12,0.01905724173411727,0.019579411949962378,,0.02079015038907528,0.01026756688952446,0.010813836008310318,0.0
U,CP_W0,79,12,0.018916903994977474,0.01960018929094076,,0.02184079121798277,0.010172653011977673,0.011705400422215462,0.0
U,CP_W0,80,12,0.018775898031890392,0.018880913499742746,,0.020254760049283504,0.010064569301903248,0.010729873087257147,0.0
U,CP_W0,81,12,0.01863540057092905,0.018662132788449526,,0.019955024123191833,0.009950134437531233,0.010521314106881618,0.0
U,CP_W0,82,12,0.018483650870621204,0.019005116540938616,,0.019955987110733986,0.009850015863776207,0.010413816664367914,0.0
U,CP_W0,83,12,0.018366708885878325,0.019088782835751772,,0.021008271723985672,0.009757236577570438,0.011322192382067442,0.0
U,CP_W0,84,12,0.01824037078768015,0.01830432703718543,,0.019421808421611786,0.00968190748244524,0.010260592214763165,0.0
U,CP_W0,85,12,0.018086684867739677,0.01810686895623803,,0.01924333069473505,0.009591779205948114,0.010176411364227533,0.0
U,CP_W0,86,12,0.017958398908376694,0.018459188286215067,,0.019184776581823826,0.009499034378677607,0.00998980412259698,0.0
U,CP_W0,87,12,0.017851476557552814,0.018543698359280825,,0.02029432263225317,0.009424869902431965,0.010875276289880276,0.0
U,CP_W0,88,12,0.01773155154660344,0.017792651895433664,,0.01873704232275486,0.009349461179226637,0.00992216868326068,0.0
U,CP_W0,89,12,0.017581616062670946,0.01760898856446147,,0.018560389056801796,0.009260587859898806,0.009819481521844864,0.0
U,CP_W0,90,12,0.01746476674452424,0.017946540843695402,,0.018539956770837307,0.009169409982860088,0.009687114972621202,0.0
U,CP_W0,91,12,0.017337134573608637,0.018071122467517853,,0.019543098285794258,0.009056901559233665,0.01051735645160079,0.0
U,CP_W0,92,12,0.01720450585708022,0.01722511602565646,,0.01802134234458208,0.008976607583463192,0.00957396300509572,0.0
U,CP_W0,93,12,0.017103465739637613,0.017123885918408632,,0.01782076247036457,0.008893212303519249,0.009458455722779036,0.0
U,CP_W0,94,12,0.016963419038802385,0.017439717892557383,,0.01785514410585165,0.008832748048007488,0.009336329996585846,0.0
U,CP_W0,95,12,0.016843833029270172,0.01754632918164134,,0.018840129487216473,0.008730143308639526,0.01016582502052188,0.0
U,CP_W0,96,12,0.01671353029087186,0.01668348116800189,,0.01738747302442789,0.008666224777698517,0.009271023329347372,0.0
U,CP_W0,97,12,0.01658646482974291,0.01666971342638135,,0.017180695198476315,0.008600532542914152,0.009101258823648095,0.0
U,CP_W0,98,12,0.016441297717392445,0.01697908155620098,,0.017226215451955795,0.008528644917532802,0.00902655953541398,0.0
U,CP_W0,99,12,0.016293199732899666,0.017041613813489676,,0.018220558296889067,0.008458327734842896,0.00985728157684207,0.0
U,CP_W0,100,12,0.016179772093892097,0.016163809690624475,,0.01682570343837142,0.008393936790525913,0.008945968002080917,0.0
U,CP_W0,101,12,0.01606472721323371,0.01623766915872693,,0.016639224719256163,0.008315135259181261,0.00882133492268622,0.0
U,CP_W0,102,12,0.01595448376610875,0.016476884484291077,,0.01665711123496294,0.008207645965740085,0.00875894445925951,0.0
U,CP_W0,103,12,0.015834780875593424,0.016580744180828333,,0.017575147561728954,0.008111902512609959,0.009570941561833024,0.0
U,CP_W0,104,12,0.015713132917881012,0.015667048282921314,,0.01621232321485877,0.008057907689362764,0.00868343748152256,0.0
U,CP_W0,105,12,0.015609814319759607,0.01573761971667409,,0.016029605641961098,0.00800403906032443,0.008543564938008785,0.0
U,CP_W0,106,12,0.015478543471544981,0.015997900627553463,,0.016055988147854805,0.007925417274236679,0.008450988912954926,0.0
U,CP_W0,107,12,0.015381949953734875,0.016121878288686275,,0.017025742679834366,0.007859065430238843,0.0093348678201437,0.0
U,CP_W0,108,12,0.015264203771948814,0.015218300744891167,,0.01567985489964485,0.007828165777027607,0.008366351714357734,0.0
U,CP_W0,109,12,0.015153315849602222,0.015295976307243109,,0.01551577914506197,0.007777605438604951,0.008260234026238322,0.0
U,CP_W0,110,12,0.015057700220495462,0.015528727788478136,,0.015575652942061424,0.007710295729339123,0.008196071023121476,0.0
U,CP_W0,111,12,0.014941939152777195,0.015722010750323534,,0.01651613600552082,0.007620559306815267,0.009097611298784614,0.0
U,CP_W0,112,12,0.014847038313746452,0.014807330444455147,,0.015143349301069975,0.007558175595477223,0.008086732123047113,0.0
U,CP_W0,113,12,0.014746999368071556,0.014865920413285494,,0.014962076675146818,0.007520994869992137,0.007959306705743074,0.0
U,CP_W0,114,12,0.014653680846095085,0.015124180819839239,,0.015096539165824652,0.007466837065294385,0.007944393437355757,0.0
U,CP_W0,115,12,0.014559703879058361,0.015303939115256071,,0.015987444669008255,0.007385235745459795,0.008840016089379787,0.0
U,CP_W0,116,12,0.014478152617812157,0.014378962572664022,,0.01467167492955923,0.00732439337298274,0.007869667373597622,0.0
U,CP_W0,117,12,0.014382855501025915,0.014456939417868853,,0.01453041611239314,0.007279910612851381,0.007747069466859102,0.0
U,CP_W0,118,12,0.01427591172978282,0.01470094034448266,,0.01465484406799078,0.007229363778606057,0.007755704922601581,0.0
U,CP_W0,119,12,0.014211666770279408,0.01491111982613802,,0.01548217423260212,0.007142162416130304,0.008623231668025255,0.0
U,CP_W0,120,12,0.01409818883985281,0.013989036902785301,,0.014263634569942951,0.007122293347492814,0.007656644331291318,0.0
U,CP_W0,121,12,0.014014470856636763,0.014071241486817598,,0.014078882988542318,0.007077618036419153,0.007501657586544752,0.0
U,CP_W0,122,12,0.013936585746705532,0.014314297121018171,,0.014110592659562826,0.007014051079750061,0.007424772484228015,0.0
U,CP_W0,123,12,0.013822637964040041,0.014558684546500444,,0.015010019298642874,0.006963525665923953,0.008317431202158332,0.0
U,CP_W0,124,12,0.013761184178292751,0.013629489112645388,,0.01380682922899723,0.006884659640491009,0.007446557516232133,0.0
U,CP_W0,125,12,0.013674537651240826,0.013701030984520912,,0.01361649390310049,0.006853194907307625,0.007278989069163799,0.0
U,CP_W0,126,12,0.013591219205409288,0.01393053075298667,,0.013680257834494114,0.00678220484405756,0.007237889338284731,0.0
U,CP_W0,127,12,0.0135121108032763,0.01420819154009223,,0.014557595830410719,0.006736310897395015,0.008061637869104743,0.0
U,CP_W0,128,12,0.013432375155389309,0.013273946475237608,,0.013373333495110273,0.006678801728412509,0.0072400851640850306,0.0
U,CP_W0,129,12,0.013345512561500072,0.013331367168575525,,0.013148887548595667,0.006640732288360596,0.007047988707199693,0.0
U,CP_W0,130,12,0.01328228134661913,0.013572529889643192,,0.013226951472461224,0.0065627319272607565,0.007002560654655099,0.0
U,CP_W0,131,12,0.013194982893764973,0.013869759161025286,,0.014128842856734991,0.00654156319797039,0.007860764628276229,0.0
U,CP_W0,132,12,0.013115455862134695,0.012924449983984232,,0.012959525920450687,0.0064885253086686134,0.006985184038057923,0.0
U,CP_W0,133,12,0.013046854641288519,0.012996818404644728,,0.012781282421201468,0.006439965218305588,0.00685645011253655,0.0
U,CP_W0,134,12,0.012977830599993467,0.013252182863652706,,0.012879651971161366,0.0063717791344970465,0.006836066255345941,0.0
U,CP_W0,135,12,0.012891088612377644,0.013569282367825508,,0.013696264941245317,0.006336004706099629,0.007645819336175919,0.0
U,CP_W0,136,12,0.012823611963540316,0.012619444634765387,,0.012654539197683334,0.006315491162240505,0.0068527814000844955,0.0
U,CP_W0,137,12,0.012739356141537428,0.012694014701992273,,0.012389499694108963,0.00624689063988626,0.0066497474908828735,0.0
U,CP_W0,138,12,0.012675404082983732,0.012930101249366999,,0.012481298297643661,0.0061878294218331575,0.006595376413315535,0.0
U,CP_W0,139,12,0.012608590070158243,0.013263856526464224,,0.013335346709936857,0.006120645208284259,0.007514233235269785,0.0
U,CP_W0,140,12,0.012542699463665485,0.012348194606602192,,0.012177723459899426,0.006086690351366997,0.006589353084564209,0.0
U,CP_W0,141,12,0.012468659318983555,0.012395518366247416,,0.012002164032310247,0.006042638327926397,0.006464826641604304,0.0
U,CP_W0,142,12,0.012397033628076315,0.012617012951523066,,0.012117866892367601,0.006007721880450845,0.006427569082006812,0.0
U,CP_W0,143,12,0.012335692532360554,0.012968323659151793,,0.012893963605165482,0.005937715759500861,0.007284630322828889,0.0
U,CP_W0,144,12,0.012257898226380348,0.012069192249327898,,0.011836132034659386,0.00591961620375514,0.006419399986043572,0.0
U,CP_W0,145,12,0.012176111340522766,0.012138818856328726,,0.01161949522793293,0.005865971790626645,0.006272766971960664,0.0
U,CP_W0,146,12,0.01211303798481822,0.012321661692112684,,0.011761363595724106,0.005832252325490117,0.006279155611991882,0.0
U,CP_W0,147,12,0.012053573969751596,0.012693434022367,,0.012562917079776525,0.005794084165245295,0.007210021838545799,0.0
U,CP_W0,148,12,0.01199227012693882,0.01180522795766592,,0.011480456683784723,0.005756873171776533,0.006236060988157988,0.0
U,CP_W0,149,12,0.011922589037567377,0.011878871824592352,,0.011328091844916344,0.0057211327366530895,0.006121370708569884,0.0
U,CP_W0,150,12,0.011872764211148024,0.012040384579449892,,0.011441236361861229,0.005643426440656185,0.006126857129856944,0.0
U,CP_W0,151,12,0.011819337494671345,0.012429234106093645,,0.012291005346924067,0.005631242645904422,0.007023406680673361,0.0
U,CP_W0,152,12,0.011747729033231735,0.011554718017578125,,0.011134513188153505,0.005573329981416464,0.006050152005627751,0.0
U,CP_W0,153,12,0.011707269120961428,0.0116231394931674,,0.011039376724511385,0.0055688724387437105,0.00598033145070076,0.0
U,CP_W0,154,12,0.011632845737040043,0.011789265088737011,,0.011161464266479015,0.005523753119632602,0.005942023126408458,0.0
U,CP_W0,155,12,0.011574861127883196,0.012187449727207422,,0.011991871520876884,0.005458671133965254,0.006928787566721439,0.0
U,CP_W0,156,12,0.011521974112838507,0.011336501687765121,,0.010800746269524097,0.005410103825852275,0.005900155287235975,0.0
U,CP_W0,157,12,0.011474128812551498,0.01139600994065404,,0.010695235803723335,0.005391377955675125,0.005834475625306368,0.0
U,CP_W0,158,12,0.011415821965783834,0.01152907102368772,,0.01082260999828577,0.005369985243305564,0.005781186744570732,0.0
U,CP_W0,159,12,0.011353625915944576,0.011955348309129477,,0.011578176636248827,0.005320937372744083,0.006656923796981573,0.0
U,CP_W0,160,12,0.01130301458761096,0.011102501768618822,,0.01057384954765439,0.005299032432958484,0.005799521924927831,0.0
U,CP_W0,161,12,0.011240906547755003,0.011162576032802463,,0.010375419165939093,0.005235176999121904,0.005676836473867297,0.0
U,CP_W0,162,12,0.011174588464200497,0.011278506135568023,,0.010482386220246553,0.005215753801167011,0.005598734365776181,0.0
U,CP_W0,163,12,0.011130210943520069,0.01172424340620637,,0.011247449088841677,0.0051759774796664715,0.006556023145094514,0.0
U,CP_W0,164,12,0.011070391163229942,0.010889945551753044,,0.010291568003594875,0.005154879065230489,0.005660593509674072,0.0
U,CP_W0,165,12,0.011024200357496738,0.010943660279735923,,0.010156556498259306,0.005126443924382329,0.005563617683947086,0.0
U,CP_W0,166,12,0.010966261383146048,0.011044912738725543,,0.010157852433621883,0.005076912930235267,0.005410128505900502,0.0
U,CP_W0,167,12,0.010923946974799037,0.011511569377034903,,0.01096537709236145,0.005029356572777033,0.006448052823543549,0.0
U,CP_W0,168,12,0.010881930124014616,0.010690145194530487,,0.009988329838961363,0.0050287735648453236,0.005468195769935846,0.0
U,CP_W0,169,12,0.010802922304719687,0.010762315476313233,,0.009849015157669783,0.0049844058230519295,0.005400787340477109,0.0
U,CP_W0,170,12,0.01078624208457768,0.010830192128196359,,0.009942242875695229,0.004952107323333621,0.00530204176902771,0.0
U,CP_W0,171,12,0.010735027492046356,0.0112881432287395,,0.01074557239189744,0.004921595565974712,0.006347389426082373,0.0
U,CP_W0,172,12,0.010664102155715227,0.010494258720427752,,0.009755906648933887,0.004893661476671696,0.005384726449847221,0.0
U,CP_W0,173,12,0.010620771674439311,0.010563751682639122,,0.009567839559167624,0.004841502523049712,0.005263750907033682,0.0
U,CP_W0,174,12,0.01057999744080007,0.010617038002237678,,0.009670751634985209,0.004808294819667935,0.005177375627681613,0.0
U,CP_W0,175,12,0.010533141903579235,0.011089455801993608,,0.01052833953872323,0.00479073915630579,0.00619572214782238,0.0
U,CP_W0,176,12,0.010485529201105237,0.010299052111804485,,0.009437419474124908,0.004760203417390585,0.0052142683416605,0.0
U,CP_W0,177,12,0.010439166333526373,0.010369464056566358,,0.009327511303126812,0.004744616337120533,0.005119276465848088,0.0
U,CP_W0,178,12,0.010389983654022217,0.010431376285851002,,0.009434586390852928,0.004687251057475805,0.005062765441834927,0.0
U,CP_W0,179,12,0.010339492233470082,0.010893123224377632,,0.01027772482484579,0.004658981692045927,0.006066602887585759,0.0
U,CP_W0,180,12,0.010303644696250558,0.010120034217834473,,0.009188073687255383,0.004648636560887098,0.005083632189780474,0.0
U,CP_W0,181,12,0.01025463454425335,0.010195424314588308,,0.009103765478357673,0.004638181999325752,0.005015534581616521,0.0
U,CP_W0,182,12,0.010210866807028651,0.010257081594318151,,0.009264592546969652,0.004628384253010154,0.0049569259863346815,0.0
U,CP_W0,183,12,0.010163246421143413,0.010710907634347677,,0.01005960674956441,0.004573071841150522,0.0059304863680154085,0.0
U,CP_W0,184,12,0.010128680383786559,0.009940628428012133,,0.009009870234876871,0.0045588703360408545,0.00498263887129724,0.0
U,CP_W0,185,12,0.010081104934215546,0.010031171375885606,,0.008875333005562425,0.004503310890868306,0.004925886634737253,0.0
U,CP_W0,186,12,0.0100446583237499,0.010078191291540861,,0.008966169320046902,0.004473459208384156,0.004811195190995932,0.0
U,CP_W0,187,12,0.010001493385061622,0.01053892308846116,,0.009767512325197458,0.004461044212803245,0.005883354460820556,0.0
U,CP_W0,188,12,0.009970844723284245,0.009772128891199827,,0.008801711024716496,0.004435001872479916,0.004882305394858122,0.0
U,CP_W0,189,12,0.009915067814290524,0.009844282642006874,,0.008672769647091627,0.004419977543875575,0.004815344465896487,0.0
U,CP_W0,190,12,0.009888725820928812,0.00992271420545876,,0.008692027302458882,0.004375282442197204,0.004655118798837066,0.0
U,CP_W0,191,12,0.009837066987529397,0.010375054320320487,,0.009520237799733877,0.004338656202889979,0.0057336557656526566,0.0
U,CP_W0,192,12,0.00980937946587801,0.009619542630389333,,0.008582957088947296,0.00434869818855077,0.004775556968525052,0.0
U,CP_W0,193,12,0.009768454590812325,0.00970988697372377,,0.008425989421084523,0.004315598984248936,0.0046782976714894176,0.0
U,CP_W0,194,12,0.00972628640010953,0.009768915828317404,,0.008564423769712448,0.004310512798838317,0.00458984705619514,0.0
U,CP_W0,195,12,0.009684102376922965,0.010215031215921044,,0.009328898042440414,0.004277994157746434,0.005611912114545703,0.0
U,CP_W0,196,12,0.009651618776842952,0.009480033302679658,,0.008386795409023762,0.004252369864843786,0.004689687862992287,0.0
U,CP_W0,197,12,0.00961995660327375,0.009558668592944741,,0.008281505899503827,0.004229525336995721,0.0046391901560127735,0.0
U,CP_W0,198,12,0.0095830955542624,0.009617225965484977,,0.008361905114725232,0.0041936925845220685,0.004515758948400617,0.0
U,CP_W0,199,12,0.009545048465952277,0.010063202586025,,0.009156927233561873,0.004177927155978978,0.005485880421474576,0.0
U,CP_W0,200,12,0.009509410941973329,0.009338074130937457,,0.0081432294100523,0.004146322142332792,0.004560908069834113,0.0
U,CP_W0,201,12,0.009477123385295272,0.009402232943102717,,0.008037556894123554,0.004100874182768166,0.004540733760222793,0.0
U,CP_W0,202,12,0.00944354641251266,0.009473487501963973,,0.008160123135894537,0.004101790371350944,0.004424875834956765,0.0
U,CP_W0,203,12,0.009408664423972368,0.009905903367325664,,0.008957277983427048,0.0040585994720458984,0.005413877312093973,0.0
U,CP_W0,204,12,0.009374771500006318,0.009212993318215013,,0.007961715571582317,0.004026591312140226,0.0044758833246305585,0.0
U,CP_W0,205,12,0.00933632766827941,0.009278565179556608,,0.007844900712370872,0.0040102130733430386,0.0044184873113408685,0.0
U,CP_W0,206,12,0.00929942075163126,0.009339765878394246,,0.007910728687420487,0.003989929333329201,0.004278616514056921,0.0
U,CP_W0,207,12,0.009279258782044053,0.009771105134859681,,0.00870408839546144,0.0039369313744828105,0.005349868326447904,0.0
U,CP_W0,208,12,0.009230798576027155,0.009078212780877948,,0.007796528283506632,0.003958884044550359,0.004421732854098082,0.0
U,CP_W0,209,12,0.009207568597048521,0.009149647783488035,,0.007581465877592564,0.003923056647181511,0.0042269808473065495,0.0
U,CP_W0,210,12,0.0091819460503757,0.009205261012539268,,0.007750284392386675,0.003900636453181505,0.004160991054959595,0.0
U,CP_W0,211,12,0.009144611423835158,0.009636589558795094,,0.008487011073157191,0.0038740899180993438,0.0052334481151774526,0.0
U,CP_W0,212,12,0.009108367608860135,0.008941494161263108,,0.0075756225269287825,0.0038569243624806404,0.0042739596683532,0.0
U,CP_W0,213,12,0.009075858164578676,0.009020545519888401,,0.007410285994410515,0.003849776228889823,0.004149491083808243,0.0
U,CP_W0,214,12,0.009043397381901741,0.00908374460414052,,0.007592228939756751,0.0038122821133583784,0.004089766414836049,0.0
U,CP_W0,215,12,0.00901369214989245,0.009496363112702966,,0.008342103566974401,0.0038050212897360325,0.00506804883480072,0.0
U,CP_W0,216,12,0.008983870968222618,0.00880981981754303,,0.007453495170921087,0.0038120566168799996,0.004213030217215419,0.0
U,CP_W0,217,12,0.008949120063334703,0.008887986419722438,,0.007292222697287798,0.0037917892914265394,0.004069135640747845,0.0
U,CP_W0,218,12,0.008911590790376067,0.008955337107181549,,0.007446154952049255,0.0037610820727422833,0.0040347621543332934,0.0
U,CP_W0,219,12,0.008879482978954911,0.009369980776682496,,0.008224039105698466,0.003725079237483442,0.004975943476893008,0.0
U,CP_W0,220,12,0.008859907975420356,0.008692460600286722,,0.007254478754475713,0.0037041918840259314,0.004109636996872723,0.0
U,CP_W0,221,12,0.008835568791255355,0.008764833677560091,,0.007136784493923187,0.0037104145158082247,0.004013873869553208,0.0
U,CP_W0,222,12,0.008793180109933019,0.008834499167278409,,0.007237061159685254,0.003670744365081191,0.003930414328351617,0.0
U,CP_W0,223,12,0.008774510584771633,0.00925188441760838,,0.008035154547542334,0.0036252742866054177,0.004954702686518431,0.0
U,CP_W0,224,12,0.008737203432247043,0.008574686711654067,,0.007070891791954637,0.003610525280237198,0.004045129753649235,0.0
U,CP_W0,225,12,0.008712802547961473,0.008646428352221847,,0.006949916714802384,0.0035920783411711454,0.003967563388869166,0.0
U,CP_W0,226,12,0.008692563278600574,0.008711902424693108,,0.007083045551553369,0.003576139220967889,0.003852412337437272,0.0
U,CP_W0,227,12,0.008658759528771043,0.009132425067946315,,0.007909480715170503,0.0035743683110922575,0.00492399325594306,0.0
U,CP_W0,228,12,0.008641289314255118,0.008467108709737659,,0.006972967647016048,0.0035655717365443707,0.003980204463005066,0.0
U,CP_W0,229,12,0.008600873406976461,0.008541390066966414,,0.006847568089142442,0.003553577233105898,0.003886758000589907,0.0
U,CP_W0,230,12,0.008579023880884051,0.00860875565558672,,0.006983042927458882,0.0035507165594026446,0.0037820711731910706,0.0
U,CP_W0,231,12,0.008555948967114091,0.009000620571896434,,0.007748301373794675,0.003508712397888303,0.004861343884840608,0.0
U,CP_W0,232,12,0.008518809219822288,0.008355211932212114,,0.006804634816944599,0.003476001089438796,0.003913863911293447,0.0
U,CP_W0,233,12,0.00851138960570097,0.008435561088845134,,0.006653032032772899,0.0034623314859345555,0.003806356922723353,0.0
U,CP_W0,234,12,0.008472751593217254,0.008494301233440638,,0.006779085844755173,0.0034237306099385023,0.003720111330039799,0.0
U,CP_W0,235,12,0.008444232633337379,0.00890602869912982,,0.00760145578533411,0.0034164274111390114,0.004860871937125921,0.0
U,CP_W0,236,12,0.008413911331444979,0.008241863688454032,,0.006677331868559122,0.0034139404306188226,0.003841504454612732,0.0
U,CP_W0,237,12,0.008398666279390454,0.00832228222861886,,0.006566024152562022,0.0034027594374492764,0.003782120067626238,0.0
U,CP_W0,238,12,0.008363922126591206,0.008398702833801508,,0.006633313838392496,0.0033962480956688523,0.003568513668142259,0.0
U,CP_W0,239,12,0.008341788779944181,0.008789952378720045,,0.007536683697253466,0.0033755352487787604,0.004743865458294749,0.0
U,CP_W0,240,12,0.00831947778351605,0.008144664578139782,,0.006505786208435893,0.0033556323032826185,0.0037365431198850274,0.0
U,CP_W0,241,12,0.008295763051137328,0.008226257283240557,,0.006430828012526035,0.003338600741699338,0.0037017969880253077,0.0
U,CP_W0,242,12,0.008277896093204618,0.008288822369650006,,0.0065386437345296144,0.0033278577029705048,0.0035681113367900252,0.0
U,CP_W0,243,12,0.008235694374889135,0.008696719538420439,,0.00740189547650516,0.003306159283965826,0.004688084940426052,0.0
U,CP_W0,244,12,0.008217057213187218,0.008052124176174402,,0.0064348322339355946,0.0033159707672894,0.0037017572904005647,0.0
U,CP_W0,245,12,0.00819949060678482,0.008125100051984191,,0.00629895250312984,0.003293948248028755,0.0036386294523254037,0.0
U,CP_W0,246,12,0.008168637054041028,0.008202939294278622,,0.006471456727012992,0.003280546283349395,0.0035579532850533724,0.0
U,CP_W0,247,12,0.00815650587901473,0.008585867006331682,,0.007305769249796867,0.003259389544837177,0.004540806170552969,0.0
U,CP_W0,248,12,0.008120521204546094,0.007958832662552595,,0.006242365809157491,0.0032485779374837875,0.0035637454129755497,0.0
U,CP_W0,249,12,0.00810386287048459,0.008034404134377837,,0.006181769073009491,0.003233424387872219,0.003582728444598615,0.0
U,CP_W0,250,12,0.008090975228697062,0.008106812834739685,,0.006331323413178325,0.003209219896234572,0.003449573996476829,0.0
U,CP_W0,251,12,0.008060658816248178,0.00850163004361093,,0.007208006689324975,0.003196206991560757,0.004592201905325055,0.0
U,CP_W0,252,12,0.008042062632739544,0.007866950239986181,,0.006152036366984248,0.0031901788897812366,0.003571874462068081,0.0
U,CP_W0,253,12,0.00802072137594223,0.007946119410917163,,0.006060475949198008,0.0031793316593393683,0.00351817870978266,0.0
U,CP_W0,254,12,0.007990001235157251,0.008016844745725393,,0.00622683996334672,0.00316039624158293,0.003409896627999842,0.0
U,CP_W0,255,12,0.007970875827595592,0.00839581387117505,,0.007069864310324192,0.003138950210995972,0.0045069101033732295,0.0
U,CP_W0,256,12,0.007950750645250082,0.007775351172313094,,0.00606927927583456,0.0031393246026709676,0.0035312469117343426,0.0
U,CP_W0,257,12,0.007935069734230638,0.007865726482123137,,0.005985411116853356,0.003134591970592737,0.0034944749204441905,0.0
U,CP_W0,258,12,0.007918879156932235,0.007940344279631972,,0.006115563213825226,0.003124685841612518,0.0033246264792978764,0.0
U,CP_W0,259,12,0.007891339948400855,0.008311263052746654,,0.006893386133015156,0.003101415350101888,0.004390394315123558,0.0
U,CP_W0,260,12,0.007870485307648778,0.00770732737146318,,0.00597507762722671,0.003099051187746227,0.0034836650593206286,0.0
U,CP_W0,261,12,0.007842876948416233,0.00778151536360383,,0.005883355159312487,0.0031020432943478227,0.003452166449278593,0.0
U,CP_W0,262,12,0.00781775452196598,0.007844010833650827,,0.006004931638017297,0.0030845614382997155,0.0032663512974977493,0.0
U,CP_W0,263,12,0.0078109437599778175,0.008229104103520513,,0.0068345211911946535,0.0030835617799311876,0.004426153842359781,0.0
U,CP_W0,264,12,0.007796894293278456,0.007631168467923999,,0.005876240553334355,0.0030736125772818923,0.0034366949694231153,0.0
U,CP_W0,265,12,0.0077645196579396725,0.007702347356826067,,0.005771365715190768,0.0030567331705242395,0.0033556726993992925,0.0
U,CP_W0,266,12,0.0077470894902944565,0.007767720380797982,,0.0059132270980626345,0.0030200727051123977,0.0032389750704169273,0.0
U,CP_W0,267,12,0.007727688876911998,0.008135617477819324,,0.0067584572825580835,0.0030286909313872457,0.004357332014478743,0.0
U,CP_W0,268,12,0.00771477073431015,0.007551573682576418,,0.005753141129389405,0.003012235974892974,0.00333513249643147,0.0
U,CP_W0,269,12,0.007685109740123153,0.007627094630151987,,0.005684784380719066,0.0030145494965836406,0.0033221403136849403,0.0
U,CP_W0,270,12,0.007671239553019404,0.007691257167607546,,0.005815964657813311,0.002986984676681459,0.003190192044712603,0.0
U,CP_W0,271,12,0.007672344334423542,0.008072055410593748,,0.006623976398259401,0.002964427345432341,0.0043141040951013565,0.0
U,CP_W0,272,12,0.007639023009687662,0.007478510495275259,,0.005698229884728789,0.0029860278591513634,0.0033328047720715404,0.0
U,CP_W0,273,12,0.007608750369399786,0.007546359905973077,,0.005571720423176885,0.002960863756015897,0.00327757082413882,0.0
U,CP_W0,274,12,0.0075899355579167604,0.007618994219228625,,0.005739622516557574,0.0029774202266708016,0.003134113270789385,0.0
U,CP_W0,275,12,0.007587200263515115,0.007991396589204669,,0.006603703834116459,0.0029353967402130365,0.004263885784894228,0.0
U,CP_W0,276,12,0.007562232902273536,0.007396294269710779,,0.005549679743126035,0.0028889502864331007,0.003257837612181902,0.0
U,CP_W0,277,12,0.007551278453320265,0.007473562145605683,,0.005471294512972236,0.0028757028048858047,0.0032340228790417314,0.0
U,CP_W0,278,12,0.007533776108175516,0.0075522123370319605,,0.005565923172980547,0.002873415476642549,0.003092080121859908,0.0
U,CP_W0,279,12,0.007509980350732803,0.00791674735955894,,0.006497470894828439,0.002883030683733523,0.004144389182329178,0.0
U,CP_W0,280,12,0.007483191089704633,0.007324296748265624,,0.005482890643179417,0.002879750798456371,0.003226368920877576,0.0
U,CP_W0,281,12,0.00747545063495636,0.007399627706035972,,0.0053624119609594345,0.002857845975086093,0.0031536640599370003,0.0
U,CP_W0,282,12,0.007460438180714846,0.00748390844091773,,0.005527367582544684,0.0028781318105757236,0.003041922114789486,0.0
U,CP_W0,283,12,0.007441160501912236,0.007839710218831897,,0.0063981967978179455,0.002824701718054712,0.0041066380217671394,0.0
U,CP_W0,284,12,0.007423347793519497,0.007259223377332091,,0.005399676505476236,0.002813870320096612,0.003189168870449066,0.0
U,CP_W0,285,12,0.007401713402941823,0.0073384062852710485,,0.0052974894642829895,0.0028103620279580355,0.0031279613031074405,0.0
U,CP_W0,286,12,0.007395326159894466,0.007407575147226453,,0.005418006330728531,0.0028146443655714393,0.0029942814726382494,0.0
U,CP_W0,287,12,0.0073743348475545645,0.0077586411498487,,0.006356449332088232,0.002794457250274718,0.004116021329537034,0.0
U,CP_W0,288,12,0.007355556357651949,0.007191624492406845,,0.005320865660905838,0.002815129468217492,0.0031441556056961417,0.0
U,CP_W0,289,12,0.0073434896767139435,0.007270289584994316,,0.005210581235587597,0.0027790939202532172,0.0030872441129758954,0.0
U,CP_W0,290,12,0.007327302824705839,0.0073455446399748325,,0.0053318943828344345,0.0027661700733006,0.0029601803980767727,0.0
U,CP_W0,291,12,0.007307003019377589,0.0077005247585475445,,0.00628961157053709,0.0027531313244253397,0.004106048378162086,0.0
U,CP_W0,292,12,0.007290451787412167,0.007134266197681427,,0.005213243421167135,0.002776174107566476,0.0030807183356955647,0.0
U,CP_W0,293,12,0.007279136683791876,0.0072140805423259735,,0.005102281225845218,0.002742468612268567,0.0030370785389095545,0.0
U,CP_W0,294,12,0.00726526603102684,0.007276471005752683,,0.0052606225945055485,0.002745576319284737,0.002917895675636828,0.0
U,CP_W0,295,12,0.007248640060424805,0.007629629224538803,,0.00611847871914506,0.002719246200285852,0.0040303556015715,0.0
U,CP_W0,296,12,0.007234029471874237,0.007063023746013641,,0.005169302457943559,0.0027171457186341286,0.0030815964564681053,0.0
U,CP_W0,297,12,0.0072203162126243114,0.007157717598602176,,0.005053801694884896,0.0027026078896597028,0.0030172313563525677,0.0
U,CP_W0,298,12,0.0072129168547689915,0.007226699031889439,,0.005187810631468892,0.002685180981643498,0.0028917795279994607,0.0
U,CP_W0,299,12,0.007191017735749483,0.007572660222649574,,0.006063196342438459,0.002692574984394014,0.0039775678887963295,0.0
U,CP_W0,300,12,0.007175409933552146,0.007018674397841096,,0.005078050307929516,0.002689977642148733,0.003020459203980863,0.0
U,CP_W0,301,12,0.007170062977820635,0.007093038875609636,,0.004993629176169634,0.0026757612358778715,0.0029667471535503864,0.0
U,CP_W0,302,12,0.007145409472286701,0.007163273869082332,,0.005168470088392496,0.0026809924747794867,0.0028826271882280707,0.0
U,CP_W0,303,12,0.007130707381293178,0.007507583359256387,,0.00597142823971808,0.0026613243389874697,0.00388940516859293,0.0
U,CP_W0,304,12,0.007115209242329001,0.006960299098864198,,0.005018328782171011,0.0026537065859884024,0.0029938649386167526,0.0
U,CP_W0,305,12,0.00710729812271893,0.007032095920294523,,0.004952605348080397,0.002652225084602833,0.002973132417537272,0.0
U,CP_W0,306,12,0.007086077006533742,0.00711179431527853,,0.005099275382235646,0.0026415728498250246,0.002879054402001202,0.0
U,CP_W0,307,12,0.007071177940815687,0.0074627334251999855,,0.005915957968682051,0.0026011847658082843,0.0039072486106306314,0.0
U,CP_W0,308,12,0.007050310960039496,0.006896862760186195,,0.0049334189388900995,0.0026125168660655618,0.002965363673865795,0.0
U,CP_W0,309,12,0.007042013807222247,0.006971508264541626,,0.00486215646378696,0.0026099090464413166,0.0029554757056757808,0.0
U,CP_W0,310,12,0.007033118745312095,0.007054151501506567,,0.0050278776325285435,0.0025981826474890113,0.0028602130478248,0.0
U,CP_W0,311,12,0.0070245403330773115,0.007405854994431138,,0.005850266432389617,0.0025791734224185348,0.0038763985503464937,0.0
U,CP_W0,312,12,0.007007036590948701,0.006847277283668518,,0.004884412046521902,0.002598821301944554,0.002928460016846657,0.0
U,CP_W0,313,12,0.0069878846406936646,0.006922532804310322,,0.004797416739165783,0.0025844330666586757,0.0029203909216448665,0.0
U,CP_W0,314,12,0.006981892744079232,0.0070012875366955996,,0.0049975484143942595,0.0025740439305081964,0.002821936854161322,0.0
U,CP_W0,315,12,0.0069739618338644505,0.007350027095526457,,0.005822783103212714,0.00257790251635015,0.0038100515957921743,0.0
U,CP_W0,316,12,0.006952326744794846,0.006791094085201621,,0.004834786290302873,0.0025722597492858768,0.002910379320383072,0.0
U,CP_W0,317,12,0.00693313661031425,0.00687050074338913,,0.004736357368528843,0.0025577163323760033,0.0028907485539093614,0.0
U,CP_W0,318,12,0.0069292159751057625,0.006947650341317058,,0.004928812384605408,0.002566604525782168,0.0027602561749517918,0.0
U,CP_W0,319,12,0.006913596298545599,0.007284033577889204,,0.005790049210190773,0.002556639024987817,0.0038713975809514523,0.0
U,CP_W0,320,12,0.006901258835569024,0.006740930024534464,,0.004782808944582939,0.002563180052675307,0.0028753887163475156,0.0
U,C_NO_H,1,12,0.006885042181238532,0.006693375529721379,1.1571872048079967,0.4937101900577545,0.016167934983968735,0.0195561982691288,0.412882000207901
U,C_NO_H,2,12,0.005627545760944486,0.005760463420301676,0.7866627350449562,0.3679851144552231,0.046298084780573845,0.056742846965789795,0.28732214868068695
U,C_NO_H,3,12,0.004994078539311886,0.005058286711573601,0.5367063753306865,0.16910655796527863,0.032799676060676575,0.032744696363806725,0.17343395203351974
U,C_NO_H,4,12,0.004670021124184132,0.004848330281674862,0.41057833954691886,0.13993477821350098,0.04018288664519787,0.04529895260930061,0.0978802926838398
U,C_NO_H,5,12,0.00391550175845623,0.004005858791060746,0.3195321451872587,0.118058692663908,0.04218303970992565,0.04336941987276077,0.07898425310850143
U,C_NO_H,6,12,0.0034172949381172657,0.003669020486995578,0.26013709092512727,0.09943798556923866,0.04358076676726341,0.04306718520820141,0.0725659653544426
U,C_NO_H,7,12,0.0030506437178701162,0.0031667965231463313,0.21052408521063626,0.09842858463525772,0.04250115528702736,0.04699061065912247,0.06933260709047318
U,C_NO_H,8,12,0.0027530486695468426,0.002799378358758986,0.16373792989179492,0.09568877518177032,0.039379583671689034,0.0411617998033762,0.06955866888165474
U,C_NO_H,9,12,0.0026038154028356075,0.0025889750104397535,0.13277562940493226,0.07150831446051598,0.03420609049499035,0.03189584519714117,0.06820974498987198
U,C_NO_H,10,12,0.0024118212750181556,0.002381853642873466,0.11595477377995848,0.06844417750835419,0.03040187619626522,0.03252248652279377,0.05578427016735077
U,C_NO_H,11,12,0.0021935285767540336,0.0022011809051036835,0.10142497327178716,0.06388059258460999,0.025621027685701847,0.02824508212506771,0.049635251984000206
U,C_NO_H,12,12,0.0019544863025657833,0.0019887328962795436,0.08804890867322683,0.05924340523779392,0.021250993013381958,0.021622884087264538,0.044062308967113495
U,C_NO_H,13,12,0.001732697302941233,0.0017311963019892573,0.07598172146826983,0.05324670299887657,0.01759737730026245,0.017550489865243435,0.03723171725869179
U,C_NO_H,14,12,0.0015350203029811382,0.0014949064934626222,0.06596610359847546,0.043567484244704247,0.014428083784878254,0.01449132151901722,0.0324668874964118
U,C_NO_H,15,12,0.0013705919263884425,0.0013543819659389555,0.05821485361084342,0.042964162304997444,0.012105717323720455,0.013754652347415686,0.028599283657968044
U,C_NO_H,16,12,0.0012370363692753017,0.0012418481637723744,0.05362061862833798,0.042316801846027374,0.011848051100969315,0.01269101770594716,0.025113994255661964
U,C_NO_H,17,12,0.0011200461885891855,0.0011032404727302492,0.049939948599785566,0.040627460926771164,0.012398488819599152,0.010615245904773474,0.023872452788054943
U,C_NO_H,18,12,0.0010198639938607812,0.0009847719920799136,0.046188737358897926,0.036923984065651894,0.012252295855432749,0.012211239896714687,0.02284666709601879
U,C_NO_H,19,12,0.0009270303708035499,0.0009319587552454323,0.042017556121572854,0.033959997817873955,0.011906824540346861,0.013318538665771484,0.022444404661655426
U,C_NO_H,20,12,0.0008496828668285161,0.0008597061678301543,0.03778904345817864,0.0330761456862092,0.011407798621803522,0.013847575057297945,0.021295245736837387
U,C_NO_H,21,12,0.0007741198933217674,0.0007636638765688986,0.03401665259152651,0.030605709180235863,0.009839432779699564,0.009395341854542494,0.020675706677138805
U,C_NO_H,22,12,0.0007103726384229958,0.0006951206305529922,0.030881932796910407,0.028544243425130844,0.00894791167229414,0.009615980554372072,0.020360923372209072
U,C_NO_H,23,12,0.0006532412371598184,0.0006781309784855694,0.028239855892024934,0.025525986216962337,0.008130807895213366,0.009604474063962698,0.020172646269202232
U,C_NO_H,24,12,0.0006063716427888721,0.0006177556642796844,0.025960373436100782,0.023240179754793644,0.007010679692029953,0.008888117037713528,0.019017313607037067
U,C_NO_H,25,12,0.0005618295690510422,0.0005638785078190267,0.02381331578362733,0.020678159780800343,0.006486301543191075,0.0072115936782211065,0.016977217979729176
U,C_NO_H,26,12,0.0005248782108537853,0.0005210836825426668,0.021864214958623052,0.018866095691919327,0.005973375868052244,0.00649128807708621,0.014618733432143927
U,C_NO_H,27,12,0.0004897767212241888,0.0005264953651931137,0.02025309456512332,0.01766373123973608,0.005835796473547816,0.007049986626952887,0.012888490222394466
U,C_NO_H,28,12,0.000460302471765317,0.000466692159534432,0.018663489748723804,0.015052312053740025,0.005603974685072899,0.006807895377278328,0.011201678309589624
U,C_NO_H,29,12,0.00043215250479988754,0.0004366718349047005,0.01720664503518492,0.012975417543202639,0.0049184043891727924,0.005556403426453471,0.009459634777158499
U,C_NO_H,30,12,0.00040685906424187124,0.0004046733520226553,0.01587160776834935,0.011598895769566298,0.00471709156408906,0.004794313106685877,0.009332199115306139
U,C_NO_H,31,12,0.0003833702503470704,0.00042696704622358084,0.014672196586616337,0.011004344094544649,0.004525881726294756,0.005471021635457873,0.008830617647618055
U,C_NO_H,32,12,0.0003649847349151969,0.0003770639596041292,0.013751586410216987,0.01009289501234889,0.00430210935883224,0.004974582232534885,0.007923109456896782
U,C_NO_H,33,12,0.00034575333120301366,0.00035182040301151574,0.012997954664751888,0.009437974076718092,0.0042801323579624295,0.004369437927380204,0.007444987306371331
U,C_NO_H,34,12,0.00032862642547115684,0.0003273469483247027,0.01235217866487801,0.008722599130123854,0.003951207501813769,0.0035790327237918973,0.00730801559984684
U,C_NO_H,35,12,0.00031351867073681206,0.0003605216334108263,0.011849461658857762,0.008370194118469954,0.003494047559797764,0.0037506690714508295,0.006964462343603373
U,C_NO_H,36,12,0.0003000555734615773,0.00032071079476736486,0.011422556801699102,0.00793501827865839,0.003388214739970863,0.0051116133108735085,0.00661232159473002
U,C_NO_H,37,12,0.0002869210875360295,0.00029418001940939575,0.011046243901364505,0.008143563754856586,0.002932659233920276,0.0034757277462631464,0.0063127519097179174
U,C_NO_H,38,12,0.0002749704144662246,0.000286798516754061,0.01066887357737869,0.007568370783701539,0.002878941595554352,0.002939396887086332,0.005970547208562493
U,C_NO_H,39,12,0.0002644339547259733,0.0003152985154883936,0.01028429075377062,0.007597736548632383,0.002827354590408504,0.0033456222154200077,0.0057261495385318995
U,C_NO_H,40,12,0.0002612974640214816,0.00029691947565879673,0.009937410219572484,0.007411940721794963,0.002859947388060391,0.0048502590507268906,0.005312776425853372
U,C_NO_H,41,12,0.00025703613937366754,0.0002620148879941553,0.009606750519014894,0.007214311743155122,0.0025581130757927895,0.0030958206625655293,0.00506895175203681
U,C_NO_H,42,12,0.0002536298707127571,0.00026445464754942805,0.00941624604165554,0.006465422688052058,0.002301469328813255,0.0025883751222863793,0.0047393240965902805
U,C_NO_H,43,12,0.00025060614279937,0.0002914610522566363,0.009256556537002325,0.006609908305108547,0.0020823407103307545,0.0037954403087496758,0.004432332934811711
U,C_NO_H,44,12,0.0002474637294653803,0.000275871527264826,0.009099436714313925,0.006019225809723139,0.001927070610690862,0.0038276921259239316,0.004467189544811845
U,C_NO_H,45,12,0.00024376541114179417,0.00024250227579614148,0.008960292651318013,0.005876136478036642,0.0020056413486599922,0.0020926969591528177,0.0042191436514258385
U,C_NO_H,46,12,0.00024135367129929364,0.00025016602012328804,0.008806970261503011,0.0053673607762902975,0.002158469404093921,0.0022043082281015813,0.004067620844580233
U,C_NO_H,47,12,0.00023897094797575846,0.00026970299950335175,0.008620490331668406,0.0058008122723549604,0.0019883299828507006,0.0030358718940988183,0.0040641650557518005
U,C_NO_H,48,12,0.0002370741349295713,0.0002627805733936839,0.008538743341341614,0.004777825204655528,0.00204978184774518,0.0028346425388008356,0.0035691283410415053
U,C_NO_H,49,12,0.00023628323106095195,0.0002327604524907656,0.008381964708678424,0.004522502422332764,0.0020320434123277664,0.001702951267361641,0.0032442801166325808
U,C_NO_H,50,12,0.0002350134018342942,0.0002442161858198233,0.00821091472171247,0.004442854318767786,0.0019440866890363395,0.0016640836256556213,0.0030913108494132757
U,C_NO_H,51,12,0.00023500418319599703,0.00025385805929545313,0.008063973998650909,0.004546381765976548,0.002048202615696937,0.002118716947734356,0.0030490750214084983
U,C_NO_H,52,12,0.0002347798363189213,0.0002608049690024927,0.007915403577499092,0.004518459085375071,0.0018633253639563918,0.0031058811582624912,0.0027553902473300695
U,C_NO_H,53,12,0.00023439624783350155,0.00023221287847263739,0.007759696943685413,0.004039880819618702,0.001821911835577339,0.0018339149537496269,0.0026335648726671934
U,C_NO_H,54,12,0.00023197519476525486,0.00024112845858326182,0.007642569695599377,0.0040728028398007154,0.0017278720624744892,0.0017221952439285815,0.0025374984252266586
U,C_NO_H,55,12,0.00023061518731992692,0.00024216665769927204,0.007527660811319947,0.003917678026482463,0.0018604258075356483,0.001567800878547132,0.0025638884399086237
U,C_NO_H,56,12,0.00022823806648375466,0.0002548907432355918,0.007438515429385006,0.0038639705162495375,0.0016953603480942547,0.002683459664694965,0.0026182736037299037
U,C_NO_H,57,12,0.00022472895216196775,0.00022314990928862244,0.007352935709059238,0.003674229490570724,0.0015307922731153667,0.0015639753546565771,0.0025493288412690163
U,C_NO_H,58,12,0.00022211075702216476,0.00023122008860809729,0.007296077930368483,0.0035323341144248843,0.0014526501763612032,0.0015257996274158359,0.002199974376708269
U,C_NO_H,59,12,0.00022075942979427055,0.00023080732353264466,0.00730706776957959,0.003458882332779467,0.001458464772440493,0.001914273714646697,0.0024759334046393633
U,C_NO_H,60,12,0.0002198891234002076,0.0002458395974826999,0.007342101610265672,0.0034221388632431626,0.0013539016363210976,0.0023419909412041306,0.0023189266212284565
U,C_NO_H,61,12,0.00021889757772441953,0.00021731830202043056,0.007394418690819293,0.0031641520326957107,0.0012612616992555559,0.0015388065367005765,0.002277119434438646
U,C_NO_H,62,12,0.00021802294941153377,0.0002257490559713915,0.007344521570485085,0.003099957131780684,0.001178101054392755,0.0015216344618238509,0.002154739457182586
U,C_NO_H,63,12,0.00021807901066495106,0.00022713589714840055,0.007328190293628722,0.0036021872656419873,0.0012818442191928625,0.002565969480201602,0.0019310864736326039
U,C_NO_H,64,12,0.00021880600252188742,0.00024343332188436761,0.007288227672688663,0.003303136443719268,0.00125226000091061,0.0026505928253754973,0.0020139391417615116
U,C_NO_H,65,12,0.00021828677563462406,0.00021564050257438794,0.007269855483900756,0.0030939243733882904,0.0012835414963774383,0.0017129149637185037,0.0020390350255183876
U,C_NO_H,66,12,0.00021661041682818905,0.00022307172912405804,0.007256898493506014,0.003170189564116299,0.0012676504557020962,0.0015524824848398566,0.002046772977337241
U,C_NO_H,67,12,0.0002148978746845387,0.00022311292559606954,0.007203638623468578,0.0038623660802841187,0.0012465976178646088,0.0024190718540921807,0.0020512628834694624
U,C_NO_H,68,12,0.00021368759189499542,0.0002372042290517129,0.007125156442634761,0.003700565779581666,0.0013689881307072937,0.0026694111293181777,0.0022048564860597253
U,C_NO_H,69,12,0.00021191482665017247,0.00020826618856517598,0.007080695824697614,0.003374068532139063,0.0013155065826140344,0.001502443104982376,0.002108448767103255
U,C_NO_H,70,12,0.00020977467647753656,0.00021708795975428075,0.007053822878515348,0.0034102898789569736,0.001364692929200828,0.0014211766538210213,0.002216512686572969
U,C_NO_H,71,12,0.00020975835650460795,0.00021785713761346415,0.0070903920102864506,0.0032721139723435044,0.0014142942964099348,0.0019962263177148998,0.001774523698259145
U,C_NO_H,72,12,0.00020950233010808006,0.0002325261739315465,0.007098016270902008,0.003481274703517556,0.0013978382339701056,0.002556815277785063,0.001559472584631294
U,C_NO_H,73,12,0.00020915982167935,0.0002072562710964121,0.007099751179339364,0.0032487722346559167,0.0014012473402544856,0.0017341874772682786,0.001491362287197262
U,C_NO_H,74,12,0.0002081362545141019,0.0002150402360712178,0.007097552384948358,0.003003882593475282,0.0014916928485035896,0.001574611698742956,0.0015419177943840623
U,C_NO_H,75,12,0.00020683799812104553,0.00021541488968068734,0.007115545769920573,0.0026852235896512866,0.0014451058232225478,0.0019243787392042577,0.0015569908428005874
U,C_NO_H,76,12,0.00020669667719630525,0.00022917676687939093,0.0071029323735274374,0.003315089619718492,0.001539525284897536,0.0019581543165259063,0.0016132487799040973
U,C_NO_H,77,12,0.00020583905279636383,0.00020461156236706302,0.007095252658473328,0.003312828834168613,0.0015916877891868353,0.00173643184825778,0.0016133810277096927
U,C_NO_H,78,12,0.0002054303331533447,0.00021181936608627439,0.007082675234414637,0.0029286652570590377,0.0015511403908021748,0.0017181275761686265,0.0015926659689284861
U,C_NO_H,79,12,0.00020525070431176573,0.00021460446441778913,0.007061762531520799,0.0029384641675278544,0.001631848281249404,0.001976402592845261,0.0015040375292301178
U,C_NO_H,80,12,0.0002067537498078309,0.00023017499916022643,0.007051523047266528,0.0032765355426818132,0.0015035224496386945,0.0019337416160851717,0.0014509835746139288
U,C_NO_H,81,12,0.00020767320529557765,0.00020645141921704635,0.007008121261605993,0.0031339979032054543,0.0014931056066416204,0.0017870417796075344,0.0014953819336369634
U,C_NO_H,82,12,0.00020759586186613888,0.00021430764900287613,0.006973138311877847,0.0028705052100121975,0.0016266629099845886,0.0019009746611118317,0.0015880580758675933
U,C_NO_H,83,12,0.00020754536672029644,0.00021639265469275415,0.006958054495044053,0.0030460823327302933,0.001613600761629641,0.0022867138031870127,0.001590486557688564
U,C_NO_H,84,12,0.0002073494324577041,0.0002306363094248809,0.006951212009880692,0.0034000955056399107,0.0015552310505881906,0.0020585545571520925,0.001564988517202437
U,C_NO_H,85,12,0.00020670541562139988,0.0002058397003565915,0.006950306618819013,0.002934359945356846,0.0015726689016446471,0.001694840204436332,0.001534125185571611
U,C_NO_H,86,12,0.00020573713118210435,0.00021292982273735106,0.0069668201031163335,0.002987522864714265,0.0015646895044483244,0.0016942009679041803,0.001522319100331515
U,C_NO_H,87,12,0.00020511927868938074,0.00021438994735945016,0.00696488912217319,0.003466619527898729,0.0016064114170148969,0.002606514375656843,0.0014424569671973586
U,C_NO_H,88,12,0.00020542786660371348,0.00022729127522325143,0.0069705954228993505,0.0029991279589012265,0.0015317362267524004,0.001977575710043311,0.0013541148509830236
U,C_NO_H,89,12,0.00020488956215558574,0.00020430173753993586,0.0070004481240175664,0.0029198945267125964,0.0015483254683203995,0.0017165116732940078,0.0014877644716762006
U,C_NO_H,90,12,0.000203526062250603,0.0002102404978359118,0.007058818009682,0.0027037011459469795,0.0015383249265141785,0.0018243305385112762,0.0014466815046034753
U,C_NO_H,91,12,0.00020252935064490885,0.00021243408264126629,0.00711708320886828,0.0031746175372973084,0.0014953219215385616,0.0024062356678768992,0.0015306330169551075
U,C_NO_H,92,12,0.00020214472169755027,0.0002252905906061642,0.0071978487248998135,0.0029933812329545617,0.001498060766607523,0.0021014594240114093,0.0013560280203819275
U,C_NO_H,93,12,0.00020081181719433516,0.00020135482918703929,0.007263190287631005,0.002836498199030757,0.0014740026672370732,0.0016105319373309612,0.001448355382308364
U,C_NO_H,94,12,0.00019993367459392175,0.00020714600395876914,0.007328618929022923,0.0028424536576494575,0.001531168760266155,0.0019040509359911084,0.0014820116921328008
U,C_NO_H,95,12,0.0002004493508138694,0.00021112142712809145,0.007421737187542021,0.003075692569836974,0.0015108713996596634,0.002242078189738095,0.0014114045770838857
U,C_NO_H,96,12,0.0002007720831898041,0.00022009994427207857,0.0074982916994486,0.0030677984468638897,0.001501913764514029,0.0021745561389252543,0.0013619546662084758
U,C_NO_H,97,12,0.0002009012969210744,0.00020170108473394066,0.007599626231240109,0.0029260884039103985,0.0014856558409519494,0.001885116333141923,0.001533408125396818
U,C_NO_H,98,12,0.00019961726502515376,0.00020663729083025828,0.007718739245319739,0.0026676604757085443,0.0014634531689807773,0.0017310494440607727,0.001413470832630992
U,C_NO_H,99,12,0.000198164299945347,0.00021014085359638557,0.007828947389498353,0.0030684492085129023,0.0014141119900159538,0.0023075444623827934,0.001390866411384195
U,C_NO_H,100,12,0.00019789613725151867,0.0002140368815162219,0.007946212397655472,0.0030798898078501225,0.0014785872772336006,0.0021048698108643293,0.0014545496669597924
U,C_NO_H,101,12,0.00019673984206747264,0.00019972805603174493,0.008045291877351701,0.002636512042954564,0.0014379766071215272,0.001349165744613856,0.0014766065869480371
U,C_NO_H,102,12,0.00019629935559350997,0.00020334719738457352,0.008108220616122708,0.0025620650267228484,0.0013961379299871624,0.0015285243862308562,0.001455104153137654
U,C_NO_H,103,12,0.00019636597426142544,0.00020783013314940035,0.008142590697389096,0.0029452734161168337,0.0013521448709070683,0.0021544016199186444,0.001567490166053176
U,C_NO_H,104,12,0.00019690298358909786,0.0002089865374728106,0.008150037348968908,0.0026883991668000817,0.0013124205870553851,0.0018610338447615504,0.001624584081582725
U,C_NO_H,105,12,0.00019658681412693113,0.00020252944523235783,0.008121602848405018,0.0027600068133324385,0.0012766193831339478,0.0017606152687221766,0.001517473894637078
U,C_NO_H,106,12,0.0001959983928827569,0.00020145536109339446,0.008077533624600619,0.002679537166841328,0.0013265758752822876,0.0016157402424141765,0.0016546808183193207
U,C_NO_H,107,12,0.00019442426128080115,0.00020435997430467978,0.008018908352823928,0.0028616300551220775,0.0013193050399422646,0.0020425160182639956,0.001577379007358104
U,C_NO_H,108,12,0.00019339886057423428,0.0002049297108897008,0.007973535684868693,0.002662862418219447,0.001305964367929846,0.0017757135792635381,0.001480041944887489
U,C_NO_H,109,12,0.00019326480105519295,0.00020228497305652127,0.007942712778458372,0.0024202114436775446,0.001363366434816271,0.0012524964986369014,0.0015450532082468271
U,C_NO_H,110,12,0.00019261059060227126,0.00020391119323903695,0.007922370481537655,0.002376397605985403,0.0012664994574151933,0.0014930771430954337,0.0015383648569695652
U,C_NO_H,111,12,0.00019158772192895412,0.0002018875238718465,0.00792435064795427,0.002762519521638751,0.0012183683575131,0.0020209801150485873,0.0015147929079830647
U,C_NO_H,112,12,0.0001913270025397651,0.00020208823116263375,0.007968293299200013,0.0024792307522147894,0.0011364805395714939,0.001846926985308528,0.0014361838693730533
U,C_NO_H,113,12,0.0001908106351038441,0.00020151790522504598,0.008025918417843059,0.0026136524975299835,0.0011979074915871024,0.0016193700721487403,0.0013728985795751214
U,C_NO_H,114,12,0.00019025699293706566,0.00020194824173813686,0.008103645173832774,0.002270894590765238,0.0011732889688573778,0.0014635007828474045,0.0014023479889146984
U,C_NO_H,115,12,0.00018957557767862454,0.00019960853387601674,0.008218250499339774,0.0026833980809897184,0.0011279202299192548,0.0020085881114937365,0.0013987316633574665
U,C_NO_H,116,12,0.00018890274805016816,0.00019975838949903846,0.008357168786460534,0.0027754412731155753,0.001110829907702282,0.0017856474732980132,0.0014505950966849923
U,C_NO_H,117,12,0.00018862471915781498,0.0002002742257900536,0.008499237621435896,0.002215800224803388,0.0011215978884138167,0.0012074876576662064,0.0014796896721236408
U,C_NO_H,118,12,0.00018769856251310557,0.00019914660515496507,0.008642657950986177,0.0021894117817282677,0.0010984602849930525,0.0013973527238704264,0.0014891892788000405
U,C_NO_H,119,12,0.00018681337678572163,0.00019679437536979094,0.008763191872276366,0.0025905853835865855,0.0011258406448177993,0.0019324631430208683,0.0015010759816505015
U,C_NO_H,120,12,0.00018546148930909112,0.00019587893621064723,0.00885072405799292,0.0024513419484719634,0.0011613364331424236,0.0016870602266862988,0.001541109406389296
U,C_NO_H,121,12,0.0001851821507443674,0.00019657349912449718,0.008861253299983218,0.0022363350144587457,0.001159945852123201,0.0011828825226984918,0.00158928515156731
U,C_NO_H,122,12,0.00018401769921183586,0.000194571926840581,0.00884344318183139,0.00224576483014971,0.001143144501838833,0.0013275706442072988,0.0016346615157090127
U,C_NO_H,123,12,0.00018298605573363602,0.0001932103477884084,0.008832071878714487,0.002530339756049216,0.0011893289047293365,0.0016924628871493042,0.0015915451804175973
U,C_NO_H,124,12,0.0001823653219616972,0.00019284860900370404,0.008806186873698607,0.0026049595326185226,0.0011794359888881445,0.001565735088661313,0.001532399095594883
U,C_NO_H,125,12,0.0001816577059798874,0.00019384852930670604,0.008780618518358096,0.0029439544305205345,0.0013234033831395209,0.0019297075923532248,0.0014017221401445568
U,C_NO_H,126,12,0.0001816490330384113,0.0001924962707562372,0.008758275798754767,0.0022464634384959936,0.0012413406511768699,0.0013061048812232912,0.0013860170147381723
U,C_NO_H,127,12,0.0001814280985854566,0.00019159654766554013,0.008752332796575502,0.0022821499733254313,0.0011320053017698228,0.0015978714800439775,0.001351955987047404
U,C_NO_H,128,12,0.0001815175055526197,0.0001923968011396937,0.008734349074074998,0.0024265575921162963,0.001204668136779219,0.0015026989276520908,0.0013701666612178087
U,C_NO_H,129,12,0.00018177945457864553,0.00019413535483181477,0.00873792072525248,0.0021896196412853897,0.0011587352491915226,0.0012048105709254742,0.0012879359419457614
U,C_NO_H,130,12,0.00018264722893945873,0.00019426159997237846,0.0087290583178401,0.0021309643052518368,0.0011395025067031384,0.001355007290840149,0.0014130791532807052
U,C_NO_H,131,12,0.00018218165496364236,0.0001934536630869843,0.008714569092262536,0.0021588618401437998,0.0010934968013316393,0.00150177045725286,0.001320940034929663
U,C_NO_H,132,12,0.00018310524319531396,0.0001938640998560004,0.008719958132132888,0.0024988127406686544,0.0011318581528030336,0.0014587509795092046,0.0013607682776637375
U,C_NO_H,133,12,0.0001829487446229905,0.00019551432342268527,0.00873155498993583,0.0020906568970531225,0.0011488996096886694,0.0012395406956784427,0.0013106957194395363
U,C_NO_H,134,12,0.00018284188263351098,0.00019481121853459626,0.0087165153818205,0.0021340084495022893,0.0011861578677780926,0.0014972345670685172,0.0013145069824531674
U,C_NO_H,135,12,0.00018266298138769343,0.00019393748516449705,0.008745916828047484,0.002141998498700559,0.0011349295964464545,0.0015609743422828615,0.0012723516556434333
U,C_NO_H,136,12,0.0001833703790907748,0.00019420500029809773,0.008766116807237267,0.002325209556147456,0.001110823592171073,0.0015243198140524328,0.0012549925595521927
U,C_NO_H,137,12,0.0001849739346653223,0.00019719918782357126,0.008799115719739348,0.0019564758986234665,0.0010583136463537812,0.0010917061008512974,0.001369275851175189
U,C_NO_H,138,12,0.0001876694441307336,0.0001998257721425034,0.008839658577926457,0.0019618766382336617,0.001041116309352219,0.0014531457563862205,0.0012624870869331062
U,C_NO_H,139,12,0.00018933719547931105,0.0002007009243243374,0.008871083497069776,0.002243399270810187,0.0011053429916501045,0.001467769790906459,0.00120840611634776
U,C_NO_H,140,12,0.00018971048848470673,0.00020069787569809705,0.008906861243303865,0.002405167557299137,0.001247661013621837,0.0015153948334045708,0.00123221316607669
U,C_NO_H,141,12,0.0001883381773950532,0.00020085140567971393,0.008970852009952068,0.0021461761789396405,0.0011505838483572006,0.0013173969346098602,0.001306116464547813
U,C_NO_H,142,12,0.0001845628212322481,0.00019698112009791657,0.00899134948849678,0.002150193089619279,0.0010328495409339666,0.0015133438864722848,0.0013390948297455907
U,C_NO_H,143,12,0.00018093360267812386,0.0001926066106534563,0.009008895372971892,0.00234519864898175,0.0011119450791738927,0.0015989119419828057,0.0013038362958468497
U,C_NO_H,144,12,0.00017822748486651108,0.0001890000785351731,0.009029231034219265,0.0022249887697398663,0.0012159717734903097,0.001569923886563629,0.0013082961086183786
U,C_NO_H,145,12,0.00017667203064775094,0.00018845427985070273,0.009059021074790508,0.0023629849893040955,0.0012991627445444465,0.0017133863875642419,0.0013126570847816765
U,C_NO_H,146,12,0.00017555106023792177,0.00018699286738410592,0.0090601064148359,0.0022015838185325265,0.0011004090192727745,0.0014125321758911014,0.0013856515870429575
U,C_NO_H,147,12,0.00017429099534638226,0.0001860435659182258,0.009057548770215362,0.0024197830352932215,0.0011387087870389223,0.0017531738267280161,0.0014451476163230836
U,C_NO_H,148,12,0.00017446606943849474,0.00018484387692296878,0.009085561847314239,0.002371034526731819,0.001131474389694631,0.0016817370778881013,0.001374217972625047
U,C_NO_H,149,12,0.00017417679919162765,0.00018533337424742058,0.009114442567806691,0.002029182796832174,0.0011601880542002618,0.001204859814606607,0.001273866044357419
U,C_NO_H,150,12,0.00017436302732676268,0.00018537901632953435,0.009133517160080373,0.0023751144763082266,0.0012252877349965274,0.0013053377042524517,0.0014711619005538523
U,C_NO_H,151,12,0.00017441391537431628,0.00018536076822783798,0.009125623269937932,0.002296107355505228,0.001230112335179001,0.001426778791937977,0.0013751513324677944
U,C_NO_H,152,12,0.00017521087283967063,0.00018608767277328297,0.009130420512519777,0.0022720987326465547,0.001074123487342149,0.001622042793314904,0.001415894425008446
U,C_NO_H,153,12,0.00017654659313848242,0.00018778873345581815,0.009143407747615129,0.002301453147083521,0.0010963924578391016,0.0013606664724647999,0.0013689513434655964
U,C_NO_H,154,12,0.00017596306861378253,0.00018765047570923343,0.00912629347294569,0.0024071078514680266,0.0011460286914370954,0.0015067707863636315,0.0013097129412926733
U,C_NO_H,155,12,0.00017431576998205855,0.00018520295998314396,0.009124285832513124,0.002126000530552119,0.001121142355259508,0.00146785331889987,0.0013188212178647518
U,C_NO_H,156,12,0.00017279130406677723,0.00018319999799132347,0.00913346029119566,0.002225882257334888,0.0011001270031556487,0.0017143459990620613,0.0011973773944191635
U,C_NO_H,157,12,0.00017155599925899878,0.00018377890228293836,0.00915850407909602,0.0022434581769630313,0.001134758087573573,0.001277491683140397,0.001268632069695741
U,C_NO_H,158,12,0.00017100729746744037,0.00018175439618062228,0.009173939761240035,0.0021345028653740883,0.0011739414767362177,0.0013038394972682,0.0011868434376083314
U,C_NO_H,159,12,0.00016974716709228233,0.000181995055754669,0.009178527747280896,0.0021341171814128757,0.0011460551177151501,0.0013888647081330419,0.0011758212931454182
U,C_NO_H,160,12,0.00016892531857592985,0.00017951901827473193,0.0091925238375552,0.0022227057488635182,0.0011499592219479382,0.0018754239426925778,0.0012232764274813235
U,C_NO_H,161,12,0.0001692704390734434,0.0001813145645428449,0.009253188036382198,0.0020313675049692392,0.0010792898829095066,0.001316131092607975,0.001223376952111721
U,C_NO_H,162,12,0.0001691636789473705,0.000182170384505298,0.009280595579184592,0.0021726019913330674,0.0010377704165875912,0.0014502768754027784,0.001348941179458052
U,C_NO_H,163,12,0.0001689625350991264,0.0001818101154640317,0.00927577423863113,0.002095688250847161,0.0009990058024413884,0.0014684947091154754,0.0012964658089913428
U,C_NO_H,164,12,0.00016785756452009082,0.0001781024839146994,0.009292057016864419,0.002176052483264357,0.0010570647427812219,0.001668955257628113,0.0012456717668101192
U,C_NO_H,165,12,0.00016775076073827222,0.00017917666264111176,0.00929429498501122,0.002033081487752497,0.0010867590608540922,0.0013091108994558454,0.0012127607478760183
U,C_NO_H,166,12,0.00016718335973564535,0.00018172958516515791,0.009271879331208766,0.0021827828604727983,0.0011007768916897476,0.0014276804286055267,0.0010884550865739584
U,C_NO_H,167,12,0.00016568737919442356,0.00017907884466694668,0.009228385402821004,0.0021696267649531364,0.0012595218140631914,0.0016797371208667755,0.0010936761391349137
U,C_NO_H,168,12,0.0001645215743337758,0.00017443750402890146,0.00924534589285031,0.0021521594026125968,0.0011333579022902995,0.0017588100163266063,0.0013167844736017287
U,C_NO_H,169,12,0.0001640262344153598,0.00017439071962144226,0.009264989639632404,0.00224601716035977,0.0011123481090180576,0.0013102475204505026,0.0013621888356283307
U,C_NO_H,170,12,0.0001631708219065331,0.00017865079280454665,0.009271981311030686,0.0020763608044944704,0.0011204444745089859,0.0014857037458568811,0.0013058013864792883
U,C_NO_H,171,12,0.00016203364793909714,0.00017620111611904576,0.0092885791673325,0.0021973613183945417,0.0011450588935986161,0.0016391555545851588,0.0011676638387143612
U,C_NO_H,172,12,0.00016137440252350643,0.0001726155896903947,0.009341861412394792,0.0020622920128516853,0.0011495892540551722,0.0016578438808210194,0.0013082262594252825
U,C_NO_H,173,12,0.00016100069478852674,0.0001723384702927433,0.009391620580572635,0.0024457478430122137,0.0011499194370117038,0.001543691148981452,0.0013114102184772491
U,C_NO_H,174,12,0.00016081197099993005,0.0001781828686944209,0.00943648989778012,0.002157153910957277,0.0011882554972544312,0.0013947809347882867,0.0011719115427695215
U,C_NO_H,175,12,0.00016003976634237915,0.00017536319501232356,0.009485628048423678,0.002306669717654586,0.0011486114817671478,0.0016753767267800868,0.0013070740969851613
U,C_NO_H,176,12,0.00016006208170438185,0.000172505147929769,0.009520255296956747,0.002185674151405692,0.0011008577421307564,0.0018078405992127955,0.0013469476834870875
U,C_NO_H,177,12,0.0001601365875103511,0.00017242787725990638,0.009521694842260332,0.002310704963747412,0.0011227606446482241,0.0016797378193587065,0.001239034638274461
U,C_NO_H,178,12,0.0001606369041837752,0.0001788036825018935,0.009516982163768261,0.0021721847588196397,0.0011645541817415506,0.0013209671014919877,0.001218716090079397
U,C_NO_H,179,12,0.00016070644778665155,0.00017650536756264046,0.00951963800471276,0.0020496337674558163,0.0011301854392513633,0.0014232508838176727,0.0012965020723640919
U,C_NO_H,180,12,0.000160919975314755,0.00017398374620825052,0.009519229282159359,0.002003943605814129,0.0011231231619603932,0.0015242162626236677,0.0012363932328298688
U,C_NO_H,181,12,0.0001612514242879115,0.00017368677072227,0.009527588658966125,0.0020467244321480393,0.0011793611920438707,0.0012669179704971611,0.0011765630915760994
U,C_NO_H,182,12,0.00016201000835280865,0.0001809204404707998,0.009532039659097791,0.0021436295937746763,0.0011941625270992517,0.0013110316940583289,0.0011871469323523343
U,C_NO_H,183,12,0.0001621776318643242,0.00017750226106727496,0.009516455582343042,0.002273468067869544,0.0011763765942305326,0.0012592573766596615,0.0012451703078113496
U,C_NO_H,184,12,0.0001629027319722809,0.00017520416440675035,0.009521319065243006,0.002052358991932124,0.0011735851294361055,0.0017835985636338592,0.0012428021291270852
U,C_NO_H,185,12,0.00016334348765667528,0.0001754410404828377,0.009537551552057266,0.002204658288974315,0.0011454129707999527,0.0012704647378996015,0.0012313607148826122
U,C_NO_H,186,12,0.0001640710252104327,0.00018413845100440085,0.009551187045872211,0.002197124296799302,0.0011347215040586889,0.0013188118464313447,0.0011556674726307392
U,C_NO_H,187,12,0.00016406104987254366,0.00017941541591426358,0.009568272205069662,0.0020873910980299115,0.0010775577975437045,0.0013748796773143113,0.001132599194534123
U,C_NO_H,188,12,0.00016390087694162503,0.00017514081991976127,0.009558970585931092,0.0022886418737471104,0.0011052406043745577,0.0018654803861863911,0.0011856182827614248
U,C_NO_H,189,12,0.00016383877664338797,0.00017559865227667615,0.009568880125880242,0.002180352632422,0.0011704895878210664,0.0012189089320600033,0.0011720866314135492
U,C_NO_H,190,12,0.00016408458031946793,0.00018458660633768886,0.009641953045502305,0.002340950071811676,0.0011293941061012447,0.0014689232921227813,0.0012245270190760493
U,C_NO_H,191,12,0.00016358046559616923,0.0001781229002517648,0.009683542628772558,0.0023867563577368855,0.0012988871312700212,0.001447031565476209,0.0012348302407190204
U,C_NO_H,192,12,0.00016339298599632457,0.00017495568317826837,0.009710600553080439,0.0024660888593643904,0.00127960933605209,0.0018660183995962143,0.0011909775203093886
U,C_NO_H,193,12,0.00016338919522240758,0.00017491693142801523,0.009725620050448924,0.0022347369231283665,0.0011638536816462874,0.0013123428798280656,0.0013249831972643733
U,C_NO_H,194,12,0.00016429421521024778,0.0001847478124545887,0.009752429672516882,0.00237884686794132,0.001126902672694996,0.0015840880223549902,0.0012287803692743182
U,C_NO_H,195,12,0.00016415271238656715,0.0001791222020983696,0.009768324415199458,0.002231822465546429,0.0010941046057268977,0.0014765530941076577,0.0013389343512244523
U,C_NO_H,196,12,0.00016427439550170675,0.00017528336320538074,0.009767817542888224,0.00222271989332512,0.0010645099682733417,0.001645404554437846,0.0013810155796818435
U,C_NO_H,197,12,0.0001649373589316383,0.00017657671560300514,0.009782815724611283,0.002241415437310934,0.0010321610607206821,0.001468317466787994,0.0013460046029649675
U,C_NO_H,198,12,0.00016555806359974667,0.00018552002438809723,0.009800085530150682,0.0022821577731519938,0.0010147130815312266,0.001488272042479366,0.001278054784052074
U,C_NO_H,199,12,0.0001648926772759296,0.00017896704230224714,0.009834764990955591,0.002203163574449718,0.0011262765619903803,0.0014183269813656807,0.0013640171382576227
U,C_NO_H,200,12,0.00016393919213442132,0.00017509462486486882,0.00983985154889524,0.0020168497576378286,0.001189668953884393,0.0014558351249434054,0.0012442193110473454
U,C_NO_H,201,12,0.000164682867762167,0.00017596970428712666,0.009857715712860227,0.002268098818603903,0.0012303983676247299,0.0012272982276044786,0.001135733793489635
U,C_NO_H,202,12,0.00016604851407464594,0.00018554864800535142,0.009852360771037637,0.0022227157023735344,0.0011704309727065265,0.0013496758765541017,0.0011563714360818267
U,C_NO_H,203,12,0.00016591446183156222,0.00017869653675006703,0.009864260838367046,0.0019906864617951214,0.0011888021253980696,0.001259266515262425,0.001167496491689235
U,C_NO_H,204,12,0.00016631917969789356,0.00017729074897943065,0.009890206228010356,0.002300059888511896,0.001213744981214404,0.001503355277236551,0.0011213823454454541
U,C_NO_H,205,12,0.00016708640760043636,0.000178119917109143,0.009897122206166387,0.0022878165473230183,0.0011620385630521923,0.0012849202030338347,0.0013019836624152958
U,C_NO_H,206,12,0.0001674700397416018,0.0001872742868727073,0.009920985274948179,0.00239516980946064,0.001193624280858785,0.0014618235873058438,0.0013432462583296
U,C_NO_H,207,12,0.00016615036292932928,0.00017841107910498977,0.009932236187160015,0.002280580869410187,0.0011967767786700279,0.0014383591478690505,0.0012308404548093677
U,C_NO_H,208,12,0.0001660212510614656,0.00017758111789589748,0.009942399058490991,0.0023288775701075792,0.0011726702214218676,0.001648643403314054,0.0011459895758889616
U,C_NO_H,209,12,0.00016580768715357408,0.00017779460904421285,0.009959497256204486,0.0022946911049075425,0.0011954537185374647,0.001596895104739815,0.0012309181038290262
U,C_NO_H,210,12,0.0001656536987866275,0.00018516007548896596,0.009968416742049157,0.0024468780029565096,0.0011275194701738656,0.0015477922861464322,0.00127337162848562
U,C_NO_H,211,12,0.00016463827341794968,0.00017629804642638192,0.00998263475485146,0.002355541510041803,0.0010968420538119972,0.0014017364010214806,0.0013523144298233092
U,C_NO_H,212,12,0.00016376797429984435,0.00017555382510181516,0.010002083936706187,0.002357784891501069,0.0011383082892280072,0.001547869062051177,0.0013295318931341171
U,C_NO_H,213,12,0.00016460470942547545,0.00017669225053396076,0.01002340274862945,0.0024285915424115956,0.0011760403867810965,0.0012906225747428834,0.0013283564476296306
U,C_NO_H,214,12,0.0001649274563533254,0.00018405386072117835,0.01005116100423038,0.0022602652898058295,0.001114114566007629,0.0013663015561178327,0.0012602495262399316
U,C_NO_H,215,12,0.00016426951333414763,0.00017585725436219946,0.010081203375011682,0.002212037972640246,0.001217444718349725,0.0014619036228395998,0.0011694881250150502
U,C_NO_H,216,12,0.00016390824021073058,0.0001749381990521215,0.010126841627061367,0.0021470554638653994,0.001136548991780728,0.001441912550944835,0.00125274364836514
U,C_NO_H,217,12,0.0001642272764001973,0.00017670096713118255,0.01017916421405971,0.002439834293909371,0.001119521853979677,0.0014428655849769711,0.0012312422622926533
U,C_NO_H,218,12,0.00016402118490077555,0.00018269190331920981,0.010209549916908145,0.002243024529889226,0.0011116579989902675,0.0013766524498350918,0.0012998634483665228
U,C_NO_H,219,12,0.00016318690177286044,0.00017524390568723902,0.010271023400127886,0.002121628844179213,0.0010914869490079582,0.0012592370621860027,0.0013137281057424843
U,C_NO_H,220,12,0.00016293239605147392,0.000173272164829541,0.010320418793708087,0.0025228161830455065,0.001157585997134447,0.0015966618666425347,0.0013093343586660922
U,C_NO_H,221,12,0.00016397517902078107,0.0001758157814037986,0.010380120947957039,0.0024818573147058487,0.0011433794861659408,0.0012720523518510163,0.0013770820223726332
U,C_NO_H,222,12,0.00016452628915430978,0.00018282575183548033,0.010448883147910237,0.002164256409741938,0.001112686237320304,0.0013021509512327611,0.0013074316084384918
U,C_NO_H,223,12,0.00016460574261145666,0.00017671859677648172,0.010519264452159404,0.002214838284999132,0.0011050340253859758,0.0014092476340010762,0.0014255571295507252
U,C_NO_H,224,12,0.00016416620201198384,0.00017448611470172182,0.010571739962324501,0.002420618664473295,0.001099637127481401,0.0014166822656989098,0.0013867799425497651
U,C_NO_H,225,12,0.00016348093777196482,0.0001756989222485572,0.010563736129552127,0.002391232526861131,0.0011507141753099859,0.001522538368590176,0.001322475669439882
U,C_NO_H,226,12,0.00016324879106832668,0.00018070417718263343,0.010557416523806751,0.00220338546205312,0.0010813209228217602,0.0014444239204749465,0.0012856961693614721
U,C_NO_H,227,12,0.0001622208728804253,0.0001745597182889469,0.010574804001953453,0.0023552925558760762,0.00113814469659701,0.0015711374580860138,0.001458632294088602
U,C_NO_H,228,12,0.0001623697899049148,0.00017241774185094982,0.010577696829568595,0.002295734593644738,0.0011613427777774632,0.001419107720721513,0.0013683036668226123
U,C_NO_H,229,12,0.00016312950174324214,0.00017554853548062965,0.010597252566367388,0.0024652944412082434,0.0011511669144965708,0.0014209551154635847,0.0011771242716349661
U,C_NO_H,230,12,0.00016438324382761493,0.00018165357323596254,0.010615529993083328,0.0024191512493416667,0.001179240585770458,0.0014462139806710184,0.0012211997527629137
U,C_NO_H,231,12,0.00016544958634767681,0.00017734032007865608,0.010630118753761053,0.002343442291021347,0.0011870698654092848,0.001371288555674255,0.001252508896868676
U,C_NO_H,232,12,0.00016647001029923558,0.00017684065096545964,0.010645558906253428,0.0025652007898315787,0.0012039783177897334,0.0014984864392317832,0.0013439793838188052
U,C_NO_H,233,12,0.00016676059021847323,0.00017888907314045355,0.010652342089451849,0.0026480105007067323,0.0011716615408658981,0.0015696093905717134,0.0014009440201334655
U,C_NO_H,234,12,0.0001666438765823841,0.00018253986490890384,0.010657417005859315,0.002451812382787466,0.0011607863125391304,0.0014714226126670837,0.0014875574852339923
U,C_NO_H,235,12,0.0001655366286286153,0.00017638824647292495,0.010639877128414809,0.002416929230093956,0.0011466083233244717,0.0014537054230459034,0.0014426725101657212
U,C_NO_H,236,12,0.0001648698525968939,0.00017583879525773227,0.010622411593794822,0.002634312608279288,0.001244590850546956,0.001732239150442183,0.0015585561632178724
U,C_NO_H,237,12,0.0001650225167395547,0.00017641232261667028,0.010563563008327037,0.002288237737957388,0.001177383994217962,0.0015351867768913507,0.0014117819373495877
U,C_NO_H,238,12,0.00016469720867462456,0.00017983338329941034,0.010569837840739638,0.0023591197095811367,0.001167282636743039,0.001347792218439281,0.0011825112742371857
U,C_NO_H,239,12,0.00016406410577474162,0.00017461523384554312,0.010584047168958933,0.0023412666050717235,0.001185532019007951,0.0015222589136101305,0.0012091517564840615
U,C_NO_H,240,12,0.0001645830343477428,0.00017458374350098893,0.010575391841121018,0.0023790094419382513,0.0012036357657052577,0.0015460448921658099,0.0011782505898736417
U,C_NO_H,241,12,0.0001657450629863888,0.0001766171117196791,0.010538502060808242,0.0023486966965720057,0.0011851556482724845,0.0013701303978450596,0.00131942582083866
U,C_NO_H,242,12,0.00016685114678693935,0.0001820143879740499,0.01053376659983769,0.002226005890406668,0.0011480976827442646,0.0014026326243765652,0.0012648077099584043
U,C_NO_H,243,12,0.000165940095030237,0.0001760193263180554,0.010527910385280847,0.0022617491194978356,0.001184526365250349,0.001560883887577802,0.001147733477409929
U,C_NO_H,244,12,0.00016589422739343718,0.0001764001717674546,0.01053223938215524,0.0023885838454589248,0.0011256470752414316,0.0014793775044381618,0.00121784838847816
U,C_NO_H,245,12,0.00016643543494865298,0.00017713614943204448,0.010511573229450732,0.002467205165885389,0.0011728734825737774,0.0015650152927264571,0.0012025770265609026
U,C_NO_H,246,12,0.00016682154819136485,0.00018181467021349818,0.010540430608671159,0.0023594896774739027,0.0011101536802016199,0.0015117524308152497,0.0012624856899492443
U,C_NO_H,247,12,0.00016615624190308154,0.00017641429440118372,0.010590720165055245,0.0022913949796929955,0.0011200358276255429,0.001487575238570571,0.0012530681560747325
U,C_NO_H,248,12,0.00016691855853423476,0.0001783643092494458,0.010616502200718969,0.0024394444189965725,0.0011059741373173892,0.0016778960125520825,0.0013063838705420494
U,C_NO_H,249,12,0.00016790052904980257,0.00017863228276837617,0.010641914559528232,0.002423626254312694,0.0011004989210050553,0.0016297278925776482,0.0013231767807155848
U,C_NO_H,250,12,0.00016824190970510244,0.00018217986507806927,0.010683756845537573,0.0022882280172780156,0.0010951894510071725,0.0014566279714927077,0.0014353657024912536
U,C_NO_H,251,12,0.00016776903794379905,0.0001773715266608633,0.010723175189923495,0.00232332618907094,0.0011587523622438312,0.0015898855053819716,0.0014234825503081083
U,C_NO_H,252,12,0.0001676634346949868,0.00017920108075486496,0.010758306656498462,0.0023481862153857946,0.001150305790361017,0.0016004584031179547,0.001327230711467564
U,C_NO_H,253,12,0.00016784838953753933,0.00017807481344789267,0.010786902043037117,0.0025753495283424854,0.001136710518039763,0.0014611228834837675,0.0014254452544264495
U,C_NO_H,254,12,0.00016902022616704926,0.00018198103498434648,0.01077841012738645,0.0023144250735640526,0.0011212642712052912,0.001456529600545764,0.001353706989903003
U,C_NO_H,255,12,0.00016784470062702894,0.00017761850176611915,0.010776786308269948,0.0023117720847949386,0.001132487814174965,0.0015152698033489287,0.001315691159106791
U,C_NO_H,256,12,0.00016743130254326388,0.00017958350508706644,0.0107509084045887,0.0025357205886393785,0.001148429699242115,0.0016510458663105965,0.0013837444130331278
U,C_NO_H,257,12,0.00016741264698794112,0.00017811952420743182,0.010733473021537066,0.002635906683281064,0.0011512517812661827,0.0015318350051529706,0.0014241801691241562
U,C_NO_H,258,12,0.0001681810535956174,0.00018102137983078137,0.010699582693632692,0.002314350102096796,0.0011484265560284257,0.0013869110844098032,0.0014740634360350668
U,C_NO_H,259,12,0.0001676087995292619,0.000177218702447135,0.010639993380755186,0.002416787436231971,0.0011983434669673443,0.0016100785578601062,0.001445490459445864
U,C_NO_H,260,12,0.0001676981701166369,0.00017961196863325313,0.01061979616060853,0.0026481234235689044,0.0012130846735090017,0.0018087370553985238,0.0013104320969432592
U,C_NO_H,261,12,0.00016878185124369338,0.00017921191465575248,0.010645418241620064,0.0025094118900597095,0.0011663013719953597,0.0015318650985136628,0.0011831899755634367
U,C_NO_H,262,12,0.0001699276253930293,0.00018289460422238335,0.010663012927398085,0.0023297228617593646,0.0011405865079723299,0.0016113011515699327,0.0011776292813010514
U,C_NO_H,263,12,0.00016869379760464653,0.0001791715985746123,0.01071425371337682,0.002357289311476052,0.0011604689061641693,0.0016791621455922723,0.0011344794766046107
U,C_NO_H,264,12,0.0001681959765846841,0.00018071562226396054,0.010777000733651221,0.002704816171899438,0.0011829636641778052,0.0020257364958524704,0.0011677430011332035
U,C_NO_H,265,12,0.00016899046022444963,0.000180561444722116,0.010893690679222346,0.002503695897758007,0.001167137874290347,0.0016089176060631871,0.0012846387107856572
U,C_NO_H,266,12,0.00017060671234503388,0.000183893927896861,0.011002613883465528,0.0022955434396862984,0.001168056740425527,0.0015993965789675713,0.0012600803165696561
U,C_NO_H,267,12,0.00016945231618592516,0.0001801436737878248,0.011119411606341601,0.002208704245276749,0.0012895356048829854,0.001442850916646421,0.0013132222229614854
U,C_NO_H,268,12,0.00016885771765373647,0.0001810372414183803,0.011176386149600148,0.002723201527260244,0.001264045829884708,0.0019036426674574614,0.0013594821211881936
U,C_NO_H,269,12,0.00016909727128222585,0.00017968998872675002,0.011239582486450673,0.0026056477800011635,0.001219065918121487,0.0015844851732254028,0.0014458286459557712
U,C_NO_H,270,12,0.0001691356737865135,0.0001820854377001524,0.011307120556011796,0.002238843822851777,0.0011003612307831645,0.0013847343507222831,0.0013611926697194576
U,C_NO_H,271,12,0.00016875712026376277,0.00017934661445906386,0.01134616369381547,0.002321316162124276,0.0011130645289085805,0.0016384024638682604,0.0012233859160915017
U,C_NO_H,272,12,0.00016876448353286833,0.00018062498565996066,0.01137591463048011,0.0025918170576915145,0.0010678515827748924,0.0018508161301724613,0.0012082955217920244
U,C_NO_H,273,12,0.00016907481040107086,0.00018048810306936502,0.011440083174966276,0.002471717423759401,0.0009851076756604016,0.0015792432241141796,0.0013439286849461496
U,C_NO_H,274,12,0.0001703869056655094,0.00018312674365006387,0.011474791448563337,0.00238081905990839,0.0010955390171147883,0.001529421133454889,0.0013932225992903113
U,C_NO_H,275,12,0.00016894695727387443,0.00017935283540282398,0.011552115157246589,0.002462687320075929,0.001284924685023725,0.0016700534615665674,0.0015621187048964202
U,C_NO_H,276,12,0.00016873105778358877,0.00018090183584718034,0.01161962035112083,0.002686907537281513,0.00142818468157202,0.001619290909729898,0.0016597783542238176
U,C_NO_H,277,12,0.00016905747179407626,0.00018036911933450028,0.011698271310888231,0.0024666670942679048,0.0010646228911355138,0.0014869506703689694,0.0012837530230171978
U,C_NO_H,278,12,0.00017058314551832154,0.00018380612891633064,0.011743326764553785,0.0023653890239074826,0.0010527464910410345,0.0014526547747664154,0.0012928013456985354
U,C_NO_H,279,12,0.00017028151341946796,0.0001811455877032131,0.0118143564555794,0.00227579427883029,0.0010057070176117122,0.0015726054552942514,0.0012841858551837504
U,C_NO_H,280,12,0.00017024426779244095,0.00018338723020860925,0.011846876796334982,0.002437209477648139,0.0010423812491353601,0.0017149469931609929,0.0013378760195337236
U,C_NO_H,281,12,0.00017157498223241419,0.00018270793225383386,0.011908478918485343,0.002643318031914532,0.0011832803138531744,0.0017207878408953547,0.0013241783017292619
U,C_NO_H,282,12,0.0001709891002974473,0.00018449140043230727,0.0120002297218889,0.0023652189411222935,0.0011573437368497252,0.0014709068345837295,0.001330190512817353
U,C_NO_H,283,12,0.00016905272786971182,0.00017954671784536913,0.012094696098938585,0.0023538070963695645,0.0011618065764196217,0.0016878162859939039,0.0013238657265901566
U,C_NO_H,284,12,0.00016803358448669314,0.00017994004883803427,0.012192395213060082,0.0025368344504386187,0.001077517168596387,0.0016047462704591453,0.0013175031053833663
U,C_NO_H,285,12,0.00016741907165851444,0.00017897783982334659,0.012331548775546253,0.002507980214431882,0.0010430480469949543,0.001512698014266789,0.0014271041145548224
U,C_NO_H,286,12,0.00016850906831678003,0.00018077130516758189,0.012465256825089454,0.002355982200242579,0.0010599623492453247,0.0012232932494953275,0.0013975089532323182
U,C_NO_H,287,12,0.0001687647309154272,0.0001799849997041747,0.012576263886876405,0.0025182642275467515,0.0011721966438926756,0.0015073538525030017,0.0014188562636263669
U,C_NO_H,288,12,0.00017035121709341183,0.0001821906989789568,0.012693487806245685,0.002637323341332376,0.0011093211360275745,0.0015028166235424578,0.0013918543700128794
U,C_NO_H,289,12,0.00017215729167219251,0.0001834429713198915,0.012784701678901911,0.0028174262261018157,0.001076776214176789,0.0015094461850821972,0.0014614738756790757
U,C_NO_H,290,12,0.00017246761854039505,0.00018436602113069966,0.012869270821101963,0.002602393738925457,0.0010749043722171336,0.001417355495505035,0.0013506757677532732
U,C_NO_H,291,12,0.00017105380538851023,0.00018146351067116484,0.01292327381670475,0.002571270801126957,0.0011210865923203528,0.001591812411788851,0.0012854200322180986
U,C_NO_H,292,12,0.00017011295130942017,0.00018224915402242914,0.012933200947009027,0.00240267813205719,0.0010610862518660724,0.0015177626046352088,0.0011684540659189224
U,C_NO_H,293,12,0.00017073006165446714,0.000181532850547228,0.01300806833896786,0.0026367362588644028,0.0011064170976169407,0.0015971032553352416,0.001157235645223409
U,C_NO_H,294,12,0.0001716561382636428,0.0001826882071327418,0.013082030252553523,0.0026788735995069146,0.0010911318240687251,0.0012708042049780488,0.001172863005194813
U,C_NO_H,295,12,0.00017170322098536417,0.0001825027575250715,0.013136961264535785,0.0025402356404811144,0.0010452380520291626,0.0015278165228664875,0.001103874936234206
U,C_NO_H,296,12,0.00017244544142158702,0.00018426516908220947,0.013187626004219055,0.0027695753378793597,0.001176973048131913,0.0017898093210533261,0.0013804828049615026
U,C_NO_H,297,12,0.00017347568791592494,0.0001839172255131416,0.013215892645530403,0.0027448615292087197,0.0011683107004500926,0.0016942030051723123,0.0014702779008075595
U,C_NO_H,298,12,0.00017384065722581,0.00018493102834327146,0.013237503380514682,0.0024383405689150095,0.0010493465524632484,0.001435155631043017,0.0015279767685569823
U,C_NO_H,299,12,0.00017228665092261508,0.00018226552492706105,0.013239201181568206,0.0025905397487804294,0.0010542175732553005,0.0016789808287285268,0.0013356940471567214
U,C_NO_H,300,12,0.0001713644087431021,0.0001841138509917073,0.013235353748314083,0.0026560138212516904,0.0010307221673429012,0.0016498235636390746,0.0013444845099002123
U,C_NO_H,301,12,0.00017172081425087526,0.00018290220759809017,0.01324143826495856,0.0027722541708499193,0.0012356684892438352,0.0016080679488368332,0.0012986997026018798
U,C_NO_H,302,12,0.00017214909166796133,0.00018359960813540965,0.013244288275018334,0.0024196868762373924,0.0012372506316751242,0.0014845886616967618,0.0014556139940395951
U,C_NO_H,303,12,0.00017146381287602708,0.00018230913701700047,0.013251836528070271,0.002574139041826129,0.0011021889513358474,0.0015562185435555875,0.001717466686386615
U,C_NO_H,304,12,0.00017172940715681762,0.00018418097897665575,0.013228362030349671,0.0027401698753237724,0.0010679861879907548,0.0016712186625227332,0.001531213871203363
U,C_NO_H,305,12,0.00017331975686829537,0.00018446508329361677,0.013246223772875964,0.0028642347315326333,0.0010490458807907999,0.0015626882086507976,0.0014647700591012836
U,C_NO_H,306,12,0.0001739491053740494,0.00018473911768523976,0.013267903542146086,0.0025445135543122888,0.0011596379335969687,0.0013396262656897306,0.0014714557910338044
U,C_NO_H,307,12,0.00017390320863341913,0.00018507624190533534,0.013382141338661313,0.0028800147119909525,0.001163315202575177,0.0017007234855554998,0.0015368505264632404
U,C_NO_H,308,12,0.00017393164307577536,0.00018650989659363404,0.013509107916615904,0.0028670532628893852,0.0010799103183671832,0.0017177246627397835,0.0014414003235287964
U,C_NO_H,309,12,0.0001739677245495841,0.00018546576029621065,0.013682396989315749,0.0026522167026996613,0.0010843741474673152,0.001494679250754416,0.0015048294444568455
U,C_NO_H,310,12,0.00017426575504941866,0.00018457787518855184,0.013835191843099892,0.0023223329335451126,0.0010671846684999764,0.0013436224544420838,0.001401896821334958
U,C_NO_H,311,12,0.0001740336956572719,0.00018483803432900459,0.01396412318572402,0.0025852781254798174,0.0010855525033548474,0.0015948669170029461,0.0014640383305959404
U,C_NO_H,312,12,0.00017372091679135337,0.00018599484610604122,0.014060471020638943,0.002526829717680812,0.0011274570715613663,0.0015530722448602319,0.0015054859104566276
U,C_NO_H,313,12,0.0001735844271024689,0.0001846478699008003,0.014147333172149956,0.0030852269846946,0.001089153636712581,0.0015485096955671906,0.0013319493154995143
U,C_NO_H,314,12,0.00017315867444267496,0.00018270475993631408,0.014237321517430245,0.0023284018971025944,0.0010978528880514205,0.0013545504771173,0.001457344216760248
U,C_NO_H,315,12,0.00017242253670701757,0.0001839331307564862,0.01429665747564286,0.002596947131678462,0.001248390763066709,0.0017053301562555134,0.0013892867136746645
U,C_NO_H,316,12,0.00017302842752542347,0.0001853818612289615,0.014331190544180573,0.0025484387297183275,0.001040732313413173,0.001552567642647773,0.0012983980122953653
U,C_NO_H,317,12,0.00017399565695086494,0.00018546502542449161,0.014422605303116143,0.0026565236039459705,0.0011018128134310246,0.0016901211929507554,0.001375414663925767
U,C_NO_H,318,12,0.00017425641271984205,0.0001838385360315442,0.014486812381073832,0.0025167801650241017,0.001079489302355796,0.0014283054042607546,0.0012796660303138196
U,C_NO_H,319,12,0.0001733935350785032,0.00018452679796610028,0.014591582608409226,0.002455238369293511,0.0011312408023513854,0.001488865993451327,0.0013214293867349625
U,C_NO_H,320,12,0.00017326942179352045,0.0001858959294622764,0.014691690751351415,0.0027565782656893134,0.0013759236899204552,0.0017733827698975801,0.0012614347506314516
EU,native_CP,0,12,3.0144835710525513,,,0.0,,,
EU,native_CP,20,12,3.012585401535034,,,0.04173031635582447,,,
EU,native_CP,40,12,2.9952056407928467,,,0.12583575397729874,,,
EU,native_CP,60,12,2.908757448196411,,,0.2597164660692215,,,
EU,native_CP,80,12,2.5719772577285767,,,0.517872154712677,,,
EU,native_CP,100,12,1.6297635436058044,,,0.9290862381458282,,,
EU,native_CP,120,12,0.8537876307964325,,,0.7824878394603729,,,
EU,native_CP,140,12,0.40122175216674805,,,0.40165944397449493,,,
EU,native_CP,160,6,0.35793282091617584,,,0.3367163687944412,,,
EU,A2,0,12,,,,,,,
EU,A2,40,12,0.10881444439291954,0.11084253340959549,,0.11777012422680855,,,
EU,A2,80,12,0.05149705708026886,0.05186975188553333,,0.06705055385828018,,,
EU,CP_W0,1,12,0.05065753683447838,0.05039618909358978,0.17067193193361163,0.06614727713167667,0.03365990333259106,0.03518945723772049,0.010705233551561832
EU,CP_W0,2,12,0.04968809336423874,0.05067200027406216,0.17072348948568106,0.06470935046672821,0.032931989058852196,0.03373689018189907,0.010829784907400608
EU,CP_W0,3,12,0.048700831830501556,0.048864442855119705,0.17067697225138545,0.0656732190400362,0.03230848256498575,0.0345448162406683,0.010908612050116062
EU,CP_W0,4,12,0.04770513437688351,0.04809383116662502,0.17095833970233798,0.06173829175531864,0.031580036506056786,0.033006586134433746,0.01095730671659112
EU,CP_W0,5,12,0.046751879155635834,0.04649263620376587,0.17092949524521828,0.060668859630823135,0.03102009743452072,0.031963868997991085,0.010997793171554804
EU,CP_W0,6,12,0.045899998396635056,0.046816686168313026,0.1709360391832888,0.05980016849935055,0.03046642802655697,0.03105982020497322,0.011083553545176983
EU,CP_W0,7,12,0.045021677389740944,0.04518056660890579,0.17076139571145177,0.05962915159761906,0.0298271793872118,0.031432428397238255,0.011091799940913916
EU,CP_W0,8,12,0.044226232916116714,0.0446199718862772,0.17093981755897403,0.057136449962854385,0.029296670109033585,0.030452068895101547,0.011135615408420563
EU,CP_W0,9,12,0.04338378459215164,0.04315613768994808,0.17097565298900008,0.05619749799370766,0.02870663907378912,0.029266727156937122,0.011165544856339693
EU,CP_W0,10,12,0.04264466091990471,0.04355848208069801,0.1707350150682032,0.05560015328228474,0.028264583088457584,0.02887261938303709,0.011180791538208723
EU,CP_W0,11,12,0.04190416820347309,0.042013559490442276,0.17059341818094254,0.05467222072184086,0.027713272720575333,0.028856638818979263,0.01122998958453536
EU,CP_W0,12,12,0.041190603747963905,0.04156726039946079,0.1707242764532566,0.05312228202819824,0.027219628915190697,0.028106804937124252,0.011238944251090288
EU,CP_W0,13,12,0.04047252610325813,0.040308767929673195,0.17051458917558193,0.05179763399064541,0.026817550882697105,0.026973897591233253,0.011233838275074959
EU,CP_W0,14,12,0.039858901873230934,0.04066452197730541,0.17040096782147884,0.05159818008542061,0.02635514922440052,0.026811971329152584,0.011262528598308563
EU,CP_W0,15,12,0.03915932960808277,0.039347508922219276,0.17021067813038826,0.050428517162799835,0.02585201244801283,0.026711017824709415,0.011283278465270996
EU,CP_W0,16,12,0.03858961723744869,0.03897060453891754,0.17012738902121782,0.04919671639800072,0.02548206504434347,0.026123943738639355,0.011262185405939817
EU,CP_W0,17,12,0.03794063441455364,0.0377679318189621,0.17011482268571854,0.047896407544612885,0.02509417664259672,0.025005733594298363,0.011268280446529388
EU,CP_W0,18,12,0.0373323280364275,0.03811097331345081,0.17000073520466685,0.04772773198783398,0.02469975594431162,0.024864953942596912,0.011274993419647217
EU,CP_W0,19,12,0.03682438004761934,0.03698504436761141,0.16963356267660856,0.04684114642441273,0.02434979099780321,0.02482730057090521,0.011248611845076084
EU,CP_W0,20,12,0.0362376794219017,0.036673711612820625,0.16974959010258317,0.045755185186862946,0.023958493024110794,0.024401450529694557,0.011243124958127737
EU,CP_W0,21,12,0.03568441420793533,0.03560518752783537,0.1693333205766976,0.044707559049129486,0.02355614397674799,0.023403252474963665,0.011276216711848974
EU,CP_W0,22,12,0.03521144110709429,0.035966766998171806,0.1691976203583181,0.04464031755924225,0.023220662027597427,0.0232444042339921,0.011222814209759235
EU,CP_W0,23,12,0.03471667878329754,0.034910498186945915,0.16899174824357033,0.04380335658788681,0.022802996449172497,0.023270616307854652,0.011195527389645576
EU,CP_W0,24,12,0.034222363494336605,0.034514689818024635,0.16890910733491182,0.04274032264947891,0.02242592442780733,0.022839096374809742,0.011167556047439575
EU,CP_W0,25,12,0.03376599121838808,0.03363650757819414,0.16873795166611671,0.04177551157772541,0.022032822482287884,0.021863790228962898,0.011114627122879028
EU,CP_W0,26,12,0.033292749896645546,0.03402215335518122,0.16853362508118153,0.04182455874979496,0.021682297810912132,0.021825340576469898,0.011111072264611721
EU,CP_W0,27,12,0.03285617660731077,0.033084895461797714,0.168142297770828,0.041064612567424774,0.02132395002990961,0.02187725156545639,0.011044225189834833
EU,CP_W0,28,12,0.03241073805838823,0.03262138832360506,0.16804664209485054,0.04015619121491909,0.020918541587889194,0.021570435725152493,0.011026658583432436
EU,CP_W0,29,12,0.03199992049485445,0.031910364516079426,0.16769732488319278,0.03925866074860096,0.020580943673849106,0.02061487454921007,0.01104709878563881
EU,CP_W0,30,12,0.03155399952083826,0.03229071665555239,0.16761223459616303,0.039251070469617844,0.02029527071863413,0.020547905936837196,0.011002515442669392
EU,CP_W0,31,12,0.031132911331951618,0.031480724923312664,0.16732844011858106,0.038712309673428535,0.01995010394603014,0.02074260637164116,0.010960436891764402
EU,CP_W0,32,12,0.03073679283261299,0.030947563238441944,0.16692302422598004,0.0377950593829155,0.019685178995132446,0.02043397631496191,0.010878683533519506
EU,CP_W0,33,12,0.030362666584551334,0.030389991588890553,0.1667957012541592,0.037139248102903366,0.019359219819307327,0.019536010921001434,0.01083823712542653
EU,CP_W0,34,12,0.02998229768127203,0.030790012329816818,0.16651185043156147,0.03678320348262787,0.0190723380073905,0.01937421876937151,0.010807984042912722
EU,CP_W0,35,12,0.02962709590792656,0.03002688940614462,0.1661200849339366,0.036642102524638176,0.01883002556860447,0.019669393077492714,0.010758532676845789
EU,CP_W0,36,12,0.02924248017370701,0.029416407458484173,0.16598529508337379,0.035541800782084465,0.018568232655525208,0.019302002154290676,0.010742025915533304
EU,CP_W0,37,12,0.02892467752099037,0.029036404564976692,0.16555080749094486,0.035100193694233894,0.01830960623919964,0.01859134156256914,0.010714256670325994
EU,CP_W0,38,12,0.02855974156409502,0.029405211098492146,0.16537845600396395,0.034549834206700325,0.018006395548582077,0.018249777145683765,0.010678167454898357
EU,CP_W0,39,12,0.02821538969874382,0.028720690868794918,0.16505228215828538,0.03479110822081566,0.017746858298778534,0.018775413744151592,0.010676891077309847
EU,CP_W0,40,12,0.02792344707995653,0.028054254129529,0.16481751156970859,0.03348344936966896,0.017530168406665325,0.018304111436009407,0.01064968854188919
EU,CP_W0,41,12,0.027580782771110535,0.027812822721898556,0.16444094479084015,0.03301481157541275,0.01727331429719925,0.01771568227559328,0.010597165208309889
EU,CP_W0,42,12,0.027289059944450855,0.028070458211004734,0.16430439241230488,0.03265112824738026,0.01704328041523695,0.017295450903475285,0.010573894251137972
EU,CP_W0,43,12,0.02697501052170992,0.02755109127610922,0.16402682103216648,0.03306399378925562,0.016833897680044174,0.01793517917394638,0.010496856644749641
EU,CP_W0,44,12,0.026677860878407955,0.026854773052036762,0.16360284620895982,0.031610255129635334,0.01660216599702835,0.017356672324240208,0.010513330344110727
EU,CP_W0,45,12,0.026421249844133854,0.026667487807571888,0.16344823455438018,0.031228710897266865,0.01641202252358198,0.01692516729235649,0.010479266755282879
EU,CP_W0,46,12,0.026139522902667522,0.026908918283879757,0.16325103817507625,0.030942454002797604,0.01619916968047619,0.01643279939889908,0.010460385121405125
EU,CP_W0,47,12,0.025848918594419956,0.026480119675397873,0.16288168402388692,0.031627947464585304,0.01599866896867752,0.017177989706397057,0.010468701366335154
EU,CP_W0,48,12,0.025609265081584454,0.025772538036108017,0.16263599833473563,0.03005389589816332,0.015805068891495466,0.01654933951795101,0.01041047926992178
EU,CP_W0,49,12,0.025351655669510365,0.02568172663450241,0.16211736239492894,0.02970713283866644,0.015629686880856752,0.016224613413214684,0.010373599827289581
EU,CP_W0,50,12,0.02507253736257553,0.025829417631030083,0.16062947148457168,0.02941433060914278,0.015451638028025627,0.01562242116779089,0.01031516119837761
EU,CP_W0,51,12,0.024862859398126602,0.02549445815384388,0.15925365621224047,0.030263831838965416,0.015271974727511406,0.016466092318296432,0.010271003935486078
EU,CP_W0,52,12,0.024593391455709934,0.024728904478251934,0.1578784380108118,0.028552108444273472,0.015076133888214827,0.015799781307578087,0.01021049590781331
EU,CP_W0,53,12,0.024393906816840172,0.024731338024139404,0.1564827703870833,0.028296301141381264,0.014929902274161577,0.01552340667694807,0.010163015220314264
EU,CP_W0,54,12,0.024113262072205544,0.024868900887668133,0.1551542855799198,0.027980257757008076,0.01474842894822359,0.014938988257199526,0.010080948937684298
EU,CP_W0,55,12,0.02392200380563736,0.024594328366219997,0.15388255044817925,0.029117380268871784,0.014620301779359579,0.015861001331359148,0.01001620665192604
EU,CP_W0,56,12,0.023706188425421715,0.023867687210440636,0.15267658000811934,0.027313082478940487,0.014457094948738813,0.015192204155027866,0.010000001173466444
EU,CP_W0,57,12,0.023481243290007114,0.023866059258580208,0.15153778279200197,0.02698410674929619,0.01428904477506876,0.014913910068571568,0.009930670261383057
EU,CP_W0,58,12,0.02329537644982338,0.02392788790166378,0.15029995888471603,0.02673033159226179,0.01416844129562378,0.014261737931519747,0.009871276561170816
EU,CP_W0,59,12,0.023037520237267017,0.023793893866240978,0.1492366931401193,0.02794553618878126,0.013976045418530703,0.015314572490751743,0.009829585906118155
EU,CP_W0,60,12,0.02285378985106945,0.022992395795881748,0.14808868989348412,0.02601857390254736,0.01383972866460681,0.014545135200023651,0.009763088542968035
EU,CP_W0,61,12,0.022669636644423008,0.02308263909071684,0.14713144125416874,0.02573398593813181,0.013734488282352686,0.01424241391941905,0.009725343436002731
EU,CP_W0,62,12,0.022439852356910706,0.023134843446314335,0.14589971546083688,0.02551969513297081,0.013530056457966566,0.013660965487360954,0.009664682671427727
EU,CP_W0,63,12,0.022239437326788902,0.022998561151325703,0.14502761689946056,0.026749917306005955,0.013393573462963104,0.014799680095165968,0.009652364067733288
EU,CP_W0,64,12,0.022054199129343033,0.022207620553672314,0.14382320027798415,0.02493869885802269,0.013283723033964634,0.013983857352286577,0.009574278257787228
EU,CP_W0,65,12,0.02190128806978464,0.022329900413751602,0.14279975537210704,0.024679155088961124,0.0131513811647892,0.013751471415162086,0.009554262738674879
EU,CP_W0,66,12,0.021708786487579346,0.022362086921930313,0.14193200841546058,0.024496152065694332,0.013004290405660868,0.013151028659194708,0.009510434232652187
EU,CP_W0,67,12,0.02155047468841076,0.02231600135564804,0.14095768062397837,0.025703156366944313,0.012908377684652805,0.014286442194133997,0.009473915211856365
EU,CP_W0,68,12,0.02136438898742199,0.02147848904132843,0.1399418349377811,0.023889945819973946,0.012760774232447147,0.013454669155180454,0.009400628507137299
EU,CP_W0,69,12,0.021174670197069645,0.02159022819250822,0.13900455869734288,0.023613852448761463,0.012631834484636784,0.013149662408977747,0.00936198141425848
EU,CP_W0,70,12,0.02101375162601471,0.0216531315818429,0.13799478504806756,0.02353048324584961,0.012533028144389391,0.012614175211638212,0.009303946048021317
EU,CP_W0,71,12,0.020839362405240536,0.02166333282366395,0.13712980803102254,0.02472094725817442,0.012387561146169901,0.013841959182173014,0.009254906792193651
EU,CP_W0,72,12,0.020690392702817917,0.0208302135579288,0.13635110976174475,0.022969108074903488,0.012302950024604797,0.012978358659893274,0.009275381453335285
EU,CP_W0,73,12,0.020542353857308626,0.020950624253600836,0.13548712721094489,0.022740844637155533,0.012188363820314407,0.012775580398738384,0.009218903724104166
EU,CP_W0,74,12,0.020369733218103647,0.02098543429747224,0.13464189767837526,0.022590426728129387,0.012059366330504417,0.012174777686595917,0.009190345648676157
EU,CP_W0,75,12,0.02019195444881916,0.0209513190202415,0.13371206782758235,0.02376735955476761,0.011937239672988653,0.013445747550576925,0.009109233040362597
EU,CP_W0,76,12,0.020050423685461283,0.020177115220576525,0.13291650069877506,0.022134589962661266,0.011859845835715532,0.012575476430356503,0.009153212420642376
EU,CP_W0,77,12,0.019897122867405415,0.020311384461820126,0.13200921155512332,0.02189192082732916,0.01174406474456191,0.012304926756769419,0.009096710942685604
EU,CP_W0,78,12,0.019773670006543398,0.020370625890791416,0.13127563297748565,0.021774988621473312,0.011643077712506056,0.011775138322263956,0.009077772498130798
EU,CP_W0,79,12,0.019634423311799765,0.020220816135406494,0.1304277424700558,0.02292605396360159,0.01157348696142435,0.013007303234189749,0.009031630121171474
EU,CP_W0,80,12,0.019469839986413717,0.01958749769255519,0.1296665808185935,0.021314379759132862,0.011434386018663645,0.012139512691646814,0.009039509110152721
EU,CP_W0,81,12,0.01932871574535966,0.01969342539086938,0.12890374958515166,0.021100240759551525,0.011329252272844315,0.011889716610312462,0.009010953828692436
EU,CP_W0,82,12,0.01919923210516572,0.019748464226722717,0.12810344211757183,0.020965182222425938,0.01125520933419466,0.01131817838177085,0.008933398872613907
EU,CP_W0,83,12,0.01905300607904792,0.01957681681960821,0.1273541425354779,0.022101720795035362,0.011136175598949194,0.012656479142606258,0.008978372439742088
EU,CP_W0,84,12,0.01892784796655178,0.019022462889552116,0.12660746620967983,0.020545673556625843,0.011046272702515125,0.01173350214958191,0.008928759023547173
EU,CP_W0,85,12,0.01879405602812767,0.019163496792316437,0.1258063532412052,0.02034666482359171,0.010930899064987898,0.011502289678901434,0.00891420478001237
EU,CP_W0,86,12,0.018651269376277924,0.01922329468652606,0.12507901461794974,0.020209716632962227,0.010839737951755524,0.01093073096126318,0.008896452840417624
EU,CP_W0,87,12,0.018535861745476723,0.01897009601816535,0.12438497822731734,0.02130538783967495,0.010767356026917696,0.012346777599304914,0.00889814319089055
EU,CP_W0,88,12,0.018415799364447594,0.018515517469495535,0.12361845737323165,0.01984513271600008,0.01070450246334076,0.011373267509043217,0.00890357419848442
EU,CP_W0,89,12,0.018267995677888393,0.018579304218292236,0.12284382628276944,0.019689498469233513,0.010625576134771109,0.011153265833854675,0.008889893535524607
EU,CP_W0,90,12,0.018180350307375193,0.018706084694713354,0.1221693112514913,0.019530043937265873,0.01053374307230115,0.010545048862695694,0.00890406034886837
EU,CP_W0,91,12,0.018045637290924788,0.018404502421617508,0.1213558723218739,0.02070029452443123,0.010455310344696045,0.012065995018929243,0.008957875426858664
EU,CP_W0,92,12,0.017913577612489462,0.017967430874705315,0.12074005799368023,0.019184074364602566,0.010359151288866997,0.01103242952376604,0.008946848101913929
EU,CP_W0,93,12,0.01779546309262514,0.017972609028220177,0.11997406957671046,0.018973978236317635,0.010294580366462469,0.010731265880167484,0.009028377942740917
EU,CP_W0,94,12,0.017648374196141958,0.018173315096646547,0.11930508585646749,0.01887435745447874,0.010229572653770447,0.010188518092036247,0.008926786482334137
EU,CP_W0,95,12,0.01752942567691207,0.017883891239762306,0.11855423478409648,0.020026080310344696,0.010141334030777216,0.011656183749437332,0.008973524440079927
EU,CP_W0,96,12,0.01737950323149562,0.017394221853464842,0.11785735515877604,0.018580853007733822,0.010060492437332869,0.010704820975661278,0.008991557639092207
EU,CP_W0,97,12,0.017255586571991444,0.017442221753299236,0.11721857096999884,0.018380168825387955,0.009956351481378078,0.010442836210131645,0.00900547532364726
EU,CP_W0,98,12,0.01713568903505802,0.01763409608975053,0.11661005606874823,0.018350228667259216,0.009909926913678646,0.009909324813634157,0.009012417402118444
EU,CP_W0,99,12,0.016990326810628176,0.017357063945382833,0.11603809045627714,0.0194373345002532,0.009839981328696012,0.011313833761960268,0.009002691134810448
EU,CP_W0,100,12,0.016867914702743292,0.016894177068024874,0.11546329446136952,0.017989641055464745,0.00977319898083806,0.010412210132926702,0.008984090760350227
EU,CP_W0,101,12,0.016746412497013807,0.01693399576470256,0.11482999371364713,0.01780903246253729,0.009683730080723763,0.010144803673028946,0.00903617450967431
EU,CP_W0,102,12,0.01662700716406107,0.017102676909416914,0.11433364572003483,0.017775272950530052,0.009625997394323349,0.009584406390786171,0.009038780350238085
EU,CP_W0,103,12,0.01650134287774563,0.016910818871110678,0.11401012325659395,0.018832591362297535,0.009543115738779306,0.011085087899118662,0.009030204731971025
EU,CP_W0,104,12,0.016393634025007486,0.01640385529026389,0.11357685402035714,0.017492692917585373,0.009486108552664518,0.010138364508748055,0.009011576417833567
EU,CP_W0,105,12,0.016275742556899786,0.01644771220162511,0.11297899764031172,0.01729399338364601,0.009437807369977236,0.009862997103482485,0.009021558798849583
EU,CP_W0,106,12,0.016150895971804857,0.01662772335112095,0.1126666497439146,0.01724034547805786,0.009364338126033545,0.009295525029301643,0.00905557256191969
EU,CP_W0,107,12,0.01602948224171996,0.016458797734230757,0.11229111235588789,0.01836634147912264,0.009328283835202456,0.010805980768054724,0.009066246449947357
EU,CP_W0,108,12,0.015918332152068615,0.015954007860273123,0.11188122183084488,0.017019983381032944,0.009245606604963541,0.009877374861389399,0.009101870469748974
EU,CP_W0,109,12,0.01581573812291026,0.01599135622382164,0.11146831000223756,0.016830872744321823,0.00918771093711257,0.009595534764230251,0.009094628971070051
EU,CP_W0,110,12,0.015715993009507656,0.016165129374712706,0.1110878593288362,0.016697783023118973,0.009130026213824749,0.009045194834470749,0.00912527833133936
EU,CP_W0,111,12,0.015606577973812819,0.016031744424253702,0.11071039903908968,0.017799951136112213,0.009056980721652508,0.010578315705060959,0.009147677104920149
EU,CP_W0,112,12,0.015496237203478813,0.015527122654020786,0.11029714792966842,0.016549128107726574,0.009015385061502457,0.009625361301004887,0.009141668677330017
EU,CP_W0,113,12,0.015384999103844166,0.015559045132249594,0.10983686838299037,0.016339291352778673,0.008956522215157747,0.009354408364742994,0.009135632775723934
EU,CP_W0,114,12,0.015276022721081972,0.01574410544708371,0.10937871877104044,0.016259453259408474,0.00885643158107996,0.00876786932349205,0.009158857632428408
EU,CP_W0,115,12,0.015184200368821621,0.015616198070347309,0.1089463485404849,0.01733366772532463,0.008821998257189989,0.010321412235498428,0.009162492118775845
EU,CP_W0,116,12,0.015056551899760962,0.015103640500456095,0.10852085435763001,0.016068489756435156,0.008761233184486628,0.009378531482070684,0.009144480805844069
EU,CP_W0,117,12,0.014974345918744802,0.015166190452873707,0.10803049346432089,0.01585812959820032,0.00870203785598278,0.00908230384811759,0.009163639042526484
EU,CP_W0,118,12,0.014882329851388931,0.015340046491473913,0.10765115963295102,0.015786366537213326,0.00864747492596507,0.008477919735014439,0.009142993949353695
EU,CP_W0,119,12,0.014778070617467165,0.015215873252600431,0.10710710193961859,0.016811841633170843,0.008546297205612063,0.010069666430354118,0.009144318755716085
EU,CP_W0,120,12,0.014682918787002563,0.014708883129060268,0.10661795269697905,0.015584243461489677,0.008520786417648196,0.009095421526581049,0.009117378387600183
EU,CP_W0,121,12,0.014588470570743084,0.014774614945054054,0.10619714632630348,0.015365668572485447,0.00846588471904397,0.008790021296590567,0.009102173615247011
EU,CP_W0,122,12,0.014501327183097601,0.014950017910450697,0.10574546828866005,0.015389404259622097,0.008406318491324782,0.008302649483084679,0.009056849870830774
EU,CP_W0,123,12,0.014403910841792822,0.014856398105621338,0.10529774967581033,0.01634817710146308,0.00836876966059208,0.009860777296125889,0.009078006725758314
EU,CP_W0,124,12,0.01429443946108222,0.014318323228508234,0.10494329128414392,0.015146544203162193,0.00831146421842277,0.00886731082573533,0.009067402686923742
EU,CP_W0,125,12,0.014221927151083946,0.014383957255631685,0.10454465067014099,0.014973382465541363,0.008261206094175577,0.00858617969788611,0.00908433087170124
EU,CP_W0,126,12,0.014130467548966408,0.014566448982805014,0.10410346277058125,0.014961338602006435,0.00822479254566133,0.008037772495299578,0.009102808777242899
EU,CP_W0,127,12,0.01404363801702857,0.014519733376801014,0.10384944071993232,0.01595040038228035,0.008148202439770103,0.009661543183028698,0.009060478303581476
EU,CP_W0,128,12,0.013954787980765104,0.013975887559354305,0.10348427323624491,0.01475452445447445,0.008106584660708904,0.008686062414199114,0.009020724333822727
EU,CP_W0,129,12,0.013883070554584265,0.01404287712648511,0.10300959376618266,0.014531658962368965,0.008053732570260763,0.008362378226593137,0.008995902258902788
EU,CP_W0,130,12,0.013784916140139103,0.014207754749804735,0.10272244000807404,0.014560905750840902,0.007992786588147283,0.007870697882026434,0.008953874465078115
EU,CP_W0,131,12,0.013700815383344889,0.014176178257912397,0.10241047851741314,0.015504345763474703,0.007952616782858968,0.009428963996469975,0.008960951585322618
EU,CP_W0,132,12,0.013632670976221561,0.013641518075019121,0.10205849353224039,0.01435475004836917,0.007875144015997648,0.008484455291181803,0.008958688005805016
EU,CP_W0,133,12,0.013536902610212564,0.013701627496629953,0.1017396254464984,0.014138100203126669,0.007853898452594876,0.008147957269102335,0.00893876887857914
EU,CP_W0,134,12,0.013476113323122263,0.013882416766136885,0.10133113116025924,0.014128418639302254,0.007798105478286743,0.007622384699061513,0.008940496481955051
EU,CP_W0,135,12,0.013387258164584637,0.013877489604055882,0.10102142980322242,0.015110635664314032,0.007747732102870941,0.009270258713513613,0.008882113732397556
EU,CP_W0,136,12,0.013308391906321049,0.013315440621227026,0.10063593201339245,0.013939735479652882,0.0077119802590459585,0.008255252614617348,0.008871912956237793
EU,CP_W0,137,12,0.0132268569432199,0.013383859302848577,0.10040620425716043,0.013774278573691845,0.0076582401525229216,0.007949344580993056,0.008859795052558184
EU,CP_W0,138,12,0.013145125936716795,0.013553319498896599,0.10006743911653757,0.013804994989186525,0.0076151443645358086,0.007442992180585861,0.008862249087542295
EU,CP_W0,139,12,0.013075085822492838,0.013570601586252451,0.09973952081054449,0.014744144398719072,0.007593311136588454,0.009091279236599803,0.00886547239497304
EU,CP_W0,140,12,0.012984452303498983,0.012996324803680182,0.0995164449326694,0.013593703508377075,0.007494761375710368,0.008097846759483218,0.008836063789203763
EU,CP_W0,141,12,0.012908841017633677,0.013081673067063093,0.0990716421045363,0.01339156785979867,0.0074552728328853846,0.007742150453850627,0.008846836863085628
EU,CP_W0,142,12,0.012846169993281364,0.013231584802269936,0.09895125878974795,0.01341914338991046,0.007412457372993231,0.00723665626719594,0.008830820908769965
EU,CP_W0,143,12,0.012782650534063578,0.013277302030473948,0.09860268672928214,0.014351651072502136,0.007390112616121769,0.008886671159416437,0.008820801042020321
EU,CP_W0,144,12,0.012703489512205124,0.012710203882306814,0.09826358128339052,0.013224025722593069,0.007338864728808403,0.007839742116630077,0.008816003566607833
EU,CP_W0,145,12,0.012632996309548616,0.012776216492056847,0.09791091028600932,0.013032476883381605,0.0072845162358134985,0.007545930333435535,0.008816163521260023
EU,CP_W0,146,12,0.012559033464640379,0.012949746567755938,0.09760560654103756,0.013078662101179361,0.0072332569397985935,0.0070458955597132444,0.008756680181249976
EU,CP_W0,147,12,0.012491634115576744,0.01300843060016632,0.09730231566354633,0.014013486448675394,0.0071753759402781725,0.008717919932678342,0.008803639560937881
EU,CP_W0,148,12,0.012434876058250666,0.0124408476985991,0.09699369324371218,0.012813511304557323,0.007131461054086685,0.007628399878740311,0.008745389059185982
EU,CP_W0,149,12,0.012355559039860964,0.012517009861767292,0.09668949320912361,0.012726453598588705,0.007087446749210358,0.007436409359797835,0.008778954157605767
EU,CP_W0,150,12,0.012292834464460611,0.012652947567403316,0.09644295768812298,0.012700460851192474,0.007044952362775803,0.006847686832770705,0.008734364993870258
EU,CP_W0,151,12,0.012219111435115337,0.012740910053253174,0.09613953251391649,0.013662686105817556,0.0070025259628891945,0.00851794914342463,0.008700042963027954
EU,CP_W0,152,12,0.012158441357314587,0.012159981299191713,0.09579717935994267,0.012516232673078775,0.006969192763790488,0.0075037493370473385,0.008716631215065718
EU,CP_W0,153,12,0.012091417331248522,0.012246385682374239,0.09551108041778207,0.012369782663881779,0.006953587755560875,0.007265336811542511,0.008673642762005329
EU,CP_W0,154,12,0.01201587077230215,0.012387033086270094,0.09531278060749174,0.012406437657773495,0.006920504616573453,0.006676002871245146,0.008699774276465178
EU,CP_W0,155,12,0.011959655676037073,0.012485272716730833,0.0949667364358902,0.013374632224440575,0.0068998613860458136,0.0083732926286757,0.008645860245451331
EU,CP_W0,156,12,0.011915824376046658,0.011915217153728008,0.09466352993622422,0.012238014489412308,0.00686886184848845,0.007363574346527457,0.008617340819910169
EU,CP_W0,157,12,0.011854356154799461,0.011990203987807035,0.09448303524404764,0.012119899969547987,0.006823279662057757,0.007122436771169305,0.008643647190183401
EU,CP_W0,158,12,0.0117927435785532,0.012147566303610802,0.09423778709024191,0.012129712849855423,0.006788233760744333,0.006533811567351222,0.008643478620797396
EU,CP_W0,159,12,0.011737143620848656,0.012255720794200897,0.09394706804305315,0.013093871995806694,0.0067459940910339355,0.00821332586929202,0.008643338223919272
EU,CP_W0,160,12,0.011681458912789822,0.011667357757687569,0.0936798982322216,0.0120004927739501,0.006694382289424539,0.007251494098454714,0.0086209150031209
EU,CP_W0,161,12,0.011605514213442802,0.011756082996726036,0.09332900056615472,0.011807885952293873,0.006654882803559303,0.00693152192980051,0.008598016109317541
EU,CP_W0,162,12,0.011558644007891417,0.011891127098351717,0.09303670581430197,0.011789170559495687,0.006620080443099141,0.006335748126730323,0.008610319579020143
EU,CP_W0,163,12,0.01149807684123516,0.012025348376482725,0.09277909034863115,0.012740099802613258,0.0065684025175869465,0.007996244821697474,0.008594623068347573
EU,CP_W0,164,12,0.011426415760070086,0.01143711805343628,0.09251603540033101,0.011754346545785666,0.006575820967555046,0.007076255977153778,0.00854980805888772
EU,CP_W0,165,12,0.011389038525521755,0.011512063909322023,0.09214957850053906,0.011553084012120962,0.006529858568683267,0.006798792397603393,0.008550995262339711
EU,CP_W0,166,12,0.011307073757052422,0.011667171958833933,0.09188862582668662,0.011560452170670033,0.006470130756497383,0.006234363187104464,0.008518984308466315
EU,CP_W0,167,12,0.011269043199717999,0.011796225793659687,0.09174155062064529,0.0124961300753057,0.006454556481912732,0.007884464226663113,0.008524734759703279
EU,CP_W0,168,12,0.011206076480448246,0.011229929979890585,0.09139142222702504,0.011388837825506926,0.006420123158022761,0.006877658423036337,0.008503478020429611
EU,CP_W0,169,12,0.011150948237627745,0.01129738800227642,0.09108302658423781,0.011314505711197853,0.006386141292750835,0.006679148878902197,0.00849199527874589
EU,CP_W0,170,12,0.011102548334747553,0.011438133660703897,0.0909373433329165,0.011260933708399534,0.0063306610099971294,0.006069948896765709,0.00845716125331819
EU,CP_W0,171,12,0.011054517701268196,0.011596301104873419,0.09075792394578457,0.012174297589808702,0.006270947400480509,0.007766509894281626,0.008445877116173506
EU,CP_W0,172,12,0.010996938683092594,0.011015887837857008,0.0905362737365067,0.011107489001005888,0.0062309387139976025,0.006739373318850994,0.008452378679066896
EU,CP_W0,173,12,0.01095554605126381,0.011096380883827806,0.09026717273518443,0.01099429139867425,0.006191713036969304,0.0065028073731809855,0.008452329784631729
EU,CP_W0,174,12,0.010901921894401312,0.011235302779823542,0.08996054977178573,0.011000140570104122,0.00616461830213666,0.005928883329033852,0.008446862455457449
EU,CP_W0,175,12,0.010848743375390768,0.011401814874261618,0.0898796048015356,0.011925308965146542,0.00613921694457531,0.007600197335705161,0.008418282959610224
EU,CP_W0,176,12,0.01079804333858192,0.010810919338837266,0.08939822539687156,0.010866474825888872,0.006112823728471994,0.006583230337128043,0.008415304124355316
EU,CP_W0,177,12,0.010761330835521221,0.010889082215726376,0.08875642977654934,0.01072101155295968,0.006070825271308422,0.006387593923136592,0.008382889442145824
EU,CP_W0,178,12,0.010703708743676543,0.011035722680389881,0.08822159320116044,0.010696910321712494,0.006025668699294329,0.005784438923001289,0.008420994970947504
EU,CP_W0,179,12,0.010654491605237126,0.01121012819930911,0.08757126182317734,0.011583853047341108,0.005987758981063962,0.007445380091667175,0.00837252801284194
EU,CP_W0,180,12,0.010595032712444663,0.01061421213671565,0.08697417695075274,0.010613725520670414,0.005990003235638142,0.006526929093524814,0.008355872938409448
EU,CP_W0,181,12,0.010572880506515503,0.010696890065446496,0.08635553624480963,0.010470959357917309,0.005981779424473643,0.006258812267333269,0.008324290858581662
EU,CP_W0,182,12,0.010511761764064431,0.010829522274434566,0.08583461102098226,0.010458980686962605,0.0059160522650927305,0.005689619109034538,0.008322671288624406
EU,CP_W0,183,12,0.010462797479704022,0.011010415386408567,0.08525700960308313,0.011291173286736012,0.005916605703532696,0.007353005465120077,0.008352705743163824
EU,CP_W0,184,12,0.010427045403048396,0.010414596414193511,0.08475318923592567,0.010322373360395432,0.005908387713134289,0.006381820188835263,0.008296397281810641
EU,CP_W0,185,12,0.010389025090262294,0.010502030374482274,0.08422842286527157,0.010224983561784029,0.005879903445020318,0.006170326378196478,0.00828301627188921
EU,CP_W0,186,12,0.010337189072743058,0.010657132370397449,0.08374766232445836,0.01019577169790864,0.005823537474498153,0.005547520937398076,0.008296570274978876
EU,CP_W0,187,12,0.010295112384483218,0.010839470662176609,0.08332669264636934,0.011046197731047869,0.005799011792987585,0.00718873436562717,0.008276135893538594
EU,CP_W0,188,12,0.010238440940156579,0.010250867111608386,0.08291866383515298,0.010083551052957773,0.005788729526102543,0.00627280562184751,0.00825244770385325
EU,CP_W0,189,12,0.01020799926482141,0.01033802586607635,0.08247108641080558,0.009984146803617477,0.005750594194978476,0.006039033876731992,0.008271289989352226
EU,CP_W0,190,12,0.010161505779251456,0.010471458779647946,0.08202525950036943,0.010015723761171103,0.005724676651880145,0.005454469937831163,0.008259502705186605
EU,CP_W0,191,12,0.01012067194096744,0.010675208643078804,0.08151517189107835,0.010869263205677271,0.005679244641214609,0.007109014550223947,0.00823557935655117
EU,CP_W0,192,12,0.010064260568469763,0.010083404136821628,0.0811247976962477,0.009899816941469908,0.0056653753854334354,0.006143905688077211,0.008244790369644761
EU,CP_W0,193,12,0.010042188921943307,0.01016175840049982,0.08064926620572806,0.009776097722351551,0.005674587329849601,0.0058665594551712275,0.00821458618156612
EU,CP_W0,194,12,0.010001304326578975,0.010304460534825921,0.08029514229856431,0.009808152914047241,0.005623662378638983,0.005297558149322867,0.008229164872318506
EU,CP_W0,195,12,0.0099545291159302,0.010501843178644776,0.07985702748410403,0.010706004686653614,0.005596656119450927,0.0069962153211236,0.008116364944726229
EU,CP_W0,196,12,0.009924720274284482,0.009919734671711922,0.07941503706388175,0.009709580801427364,0.005571790738031268,0.006016526371240616,0.008122797356918454
EU,CP_W0,197,12,0.009878573240712285,0.009996006498113275,0.07900714627467095,0.009577566757798195,0.0055428065825253725,0.005750233307480812,0.008112101815640926
EU,CP_W0,198,12,0.009851052658632398,0.0101323495618999,0.07859465442597866,0.009598052129149437,0.005489483010023832,0.005222424166277051,0.00808452325873077
EU,CP_W0,199,12,0.009806072106584907,0.010363776702433825,0.07814621399156749,0.010417851619422436,0.0054455052595585585,0.006858234293758869,0.008057195460423827
EU,CP_W0,200,12,0.00976136396639049,0.009751045843586326,0.07775468155741691,0.009479065891355276,0.005416533909738064,0.005929970648139715,0.008039974374696612
EU,CP_W0,201,12,0.009726286167278886,0.009842828148975968,0.07740607298910618,0.009310405235737562,0.0054055918008089066,0.00562153453938663,0.008022274123504758
EU,CP_W0,202,12,0.009702567243948579,0.009970774641260505,0.07702770233154296,0.009401573333889246,0.005383315961807966,0.0051418812945485115,0.007979107787832618
EU,CP_W0,203,12,0.009661481715738773,0.010195523966103792,0.07654755082912743,0.010238162241876125,0.0053598235826939344,0.006793523672968149,0.007938498631119728
EU,CP_W0,204,12,0.00963114993646741,0.00960122561082244,0.07624019323848188,0.009256572462618351,0.005327401915565133,0.005788360722362995,0.007899448741227388
EU,CP_W0,205,12,0.009602230042219162,0.00969076412729919,0.0758831559214741,0.009101516101509333,0.005304661113768816,0.005523481173440814,0.007897085044533014
EU,CP_W0,206,12,0.009559860453009605,0.009820102946832776,0.07555909589864314,0.009218427818268538,0.00529235415160656,0.00502592814154923,0.007851558970287442
EU,CP_W0,207,12,0.009525425732135773,0.010068413568660617,0.0751362327951938,0.010051001328974962,0.005251189460977912,0.006702760700136423,0.007787673734128475
EU,CP_W0,208,12,0.009492539335042238,0.009460368659347296,0.07480823639780283,0.009084398858249187,0.005242854356765747,0.005666827317327261,0.007791206706315279
EU,CP_W0,209,12,0.00945378071628511,0.009536592289805412,0.07439655181951821,0.008965149521827698,0.005222963402047753,0.005440935026854277,0.007737678708508611
EU,CP_W0,210,12,0.009427810786291957,0.009676219429820776,0.07414495907723903,0.009064054582268,0.0051936323288828135,0.004944826476275921,0.007747466908767819
EU,CP_W0,211,12,0.009395303437486291,0.009917313000187278,0.07379484344273805,0.009837607387453318,0.005168604198843241,0.006552191684022546,0.007725583389401436
EU,CP_W0,212,12,0.009354947367683053,0.00930828950367868,0.07347580986097454,0.008924317546188831,0.005177393322810531,0.005580347962677479,0.007678076392039657
EU,CP_W0,213,12,0.009330052649602294,0.009391547413542867,0.0731338182464242,0.008802668657153845,0.0051323892548680305,0.005337125388905406,0.00767158716917038
EU,CP_W0,214,12,0.009284479077905416,0.009533514268696308,0.07277015834115445,0.00888240011408925,0.00514155812561512,0.004795691929757595,0.007663421565666795
EU,CP_W0,215,12,0.009267948335036635,0.009780813241377473,0.07245164918713272,0.009676632937043905,0.005062445532530546,0.006458335323259234,0.007637689122930169
EU,CP_W0,216,12,0.00922331283800304,0.009173942962661386,0.0721146606374532,0.008765444159507751,0.005038995062932372,0.005464635323733091,0.007630719803273678
EU,CP_W0,217,12,0.00920322653837502,0.00925316452048719,0.07179282270371914,0.008639526553452015,0.005041803466156125,0.005222200648859143,0.007617927854880691
EU,CP_W0,218,12,0.009177194675430655,0.009387744357809424,0.07145428848452866,0.008726316038519144,0.005004762671887875,0.004719919059425592,0.007606320781633258
EU,CP_W0,219,12,0.009138606488704681,0.00965718668885529,0.07103415904566646,0.009549053851515055,0.00499956333078444,0.006333628436550498,0.007535924902185798
EU,CP_W0,220,12,0.009113465901464224,0.00905697769485414,0.07066990430466831,0.008581930305808783,0.004988154862076044,0.00536032416857779,0.007532248506322503
EU,CP_W0,221,12,0.009075295412912965,0.009138853289186954,0.07044388824142515,0.008461148478090763,0.004949201131239533,0.005129420198500156,0.0075127240270376205
EU,CP_W0,222,12,0.009049301967024803,0.009249825729057193,0.06998182274401188,0.008549317251890898,0.004911740543320775,0.00462427013553679,0.007466629846021533
EU,CP_W0,223,12,0.009010712383314967,0.009531463962048292,0.06968781752511859,0.009380721487104893,0.004926582099869847,0.006262519396841526,0.007464239373803139
EU,CP_W0,224,12,0.008997527183964849,0.008921399712562561,0.0693959726486355,0.008423958905041218,0.004875152138993144,0.005238324170932174,0.007441320223733783
EU,CP_W0,225,12,0.008961927611380816,0.008999947691336274,0.06908703274093568,0.008260014466941357,0.0048489628825336695,0.005031958455219865,0.007389082573354244
EU,CP_W0,226,12,0.008935969788581133,0.009131402475759387,0.06880268971435725,0.008369733579456806,0.00481410208158195,0.004545855801552534,0.007401433307677507
EU,CP_W0,227,12,0.008918333100154996,0.009417826775461435,0.0683927653823048,0.009176819585263729,0.0047930211294442415,0.006117007462307811,0.007360345451161265
EU,CP_W0,228,12,0.008883714443072677,0.008798510301858187,0.06816132599487901,0.008249288890510798,0.00480089383199811,0.005177822196856141,0.007331634871661663
EU,CP_W0,229,12,0.00885284086689353,0.00888192025013268,0.0678354490082711,0.008064278168603778,0.004748689942061901,0.004939517704769969,0.007327515631914139
EU,CP_W0,230,12,0.008831125916913152,0.008992540184408426,0.06750402911566197,0.008203860372304916,0.004738547606393695,0.004444219870492816,0.007314987946301699
EU,CP_W0,231,12,0.00880931573919952,0.009306218940764666,0.06711471611633897,0.009000704623758793,0.0047204988077282906,0.006016493309289217,0.007259179139509797
EU,CP_W0,232,12,0.008775722468271852,0.008689787238836288,0.06688005006872118,0.00811741966754198,0.004696258809417486,0.00512336753308773,0.007245565298944712
EU,CP_W0,233,12,0.008745489874854684,0.008761232485994697,0.06664502318017185,0.007906797342002392,0.004672864452004433,0.0048617280554026365,0.007204802939668298
EU,CP_W0,234,12,0.00872711488045752,0.008883408969268203,0.06631225044839084,0.008018300402909517,0.004648432717658579,0.004372652620077133,0.007205552188679576
EU,CP_W0,235,12,0.008706589695066214,0.009189835982397199,0.06600089007988572,0.008822966599836946,0.004594692960381508,0.0059167814906686544,0.007179067702963948
EU,CP_W0,236,12,0.008674349170178175,0.008562908740714192,0.06569668450392782,0.007924332050606608,0.004605973022989929,0.005018618889153004,0.007142347516492009
EU,CP_W0,237,12,0.008640432264655828,0.008645226014778018,0.06537683517672122,0.007749314187094569,0.004580237087793648,0.004741634242236614,0.0071202784311026335
EU,CP_W0,238,12,0.008619033265858889,0.00876808282919228,0.06514585753902793,0.007848943583667278,0.004572323872707784,0.004250234458595514,0.007088160840794444
EU,CP_W0,239,12,0.00859181908890605,0.009086280595511198,0.06482840357348323,0.008703559637069702,0.0045304568484425545,0.00584175274707377,0.007121196249499917
EU,CP_W0,240,12,0.008575011976063251,0.008449774933978915,0.06449006767943502,0.007765728048980236,0.00452551175840199,0.004930193303152919,0.007058198796585202
EU,CP_W0,241,12,0.008540032198652625,0.008524189470335841,0.06417028000578284,0.0076118402648717165,0.004489404847845435,0.004656401113606989,0.007059265626594424
EU,CP_W0,242,12,0.008521152660250664,0.008647534297779202,0.06388408448547125,0.007721993140876293,0.004508261103183031,0.00419115275144577,0.0070372403133660555
EU,CP_W0,243,12,0.008499588817358017,0.008973384508863091,0.0635849371086806,0.008524005999788642,0.004488984006457031,0.005762184504419565,0.007013174472376704
EU,CP_W0,244,12,0.008472083834931254,0.008343538036569953,0.06331299706362188,0.0076129690278321505,0.004452876979485154,0.00484782038256526,0.006965514738112688
EU,CP_W0,245,12,0.008449071552604437,0.008429748006165028,0.06296674534678459,0.007482230896130204,0.004435155191458762,0.0046114284778013825,0.006924823625013232
EU,CP_W0,246,12,0.008415813324972987,0.00855270866304636,0.06261932374909521,0.007552898256108165,0.004455464892089367,0.004146677209064364,0.0068934219889342785
EU,CP_W0,247,12,0.008407722227275372,0.008886163821443915,0.06239544078707695,0.008375868201255798,0.0044157111551612616,0.0056601520627737045,0.006870830897241831
EU,CP_W0,248,12,0.00838274322450161,0.00824078032746911,0.06208317447453737,0.007483523339033127,0.0043993203435093164,0.004774124128744006,0.0068694057408720255
EU,CP_W0,249,12,0.008351018652319908,0.008321766974404454,0.06187765789218247,0.007319942815229297,0.004366321838460863,0.004504461190663278,0.0068327998742461205
EU,CP_W0,250,12,0.008323620306327939,0.008454510709270835,0.061501305038109425,0.007405637064948678,0.004353416035883129,0.004066493245773017,0.006825154414400458
EU,CP_W0,251,12,0.008318889187648892,0.008776517817750573,0.06125057227909565,0.008223401149734855,0.004346339381299913,0.005580723285675049,0.00675446423701942
EU,CP_W0,252,12,0.008280930807814002,0.008144287159666419,0.061046681739389895,0.007344916695728898,0.004328011767938733,0.004663708386942744,0.0067430606577545404
EU,CP_W0,253,12,0.008275238098576665,0.008226354839280248,0.06085097272880376,0.007181825581938028,0.0042942005675286055,0.004427828476764262,0.006755666108801961
EU,CP_W0,254,12,0.008240202674642205,0.008341706590726972,0.060531824640929696,0.0072698218282312155,0.004277030820958316,0.003982612630352378,0.006736703449860215
EU,CP_W0,255,12,0.008220524992793798,0.008689239155501127,0.060286755114793776,0.008064748952165246,0.004253842984326184,0.00551197025924921,0.006689972011372447
EU,CP_W0,256,12,0.008204672252759337,0.008061637170612812,0.060019473219290374,0.007198431296274066,0.004213557345792651,0.004594969097524881,0.006626044400036335
EU,CP_W0,257,12,0.008177222916856408,0.008137749042361975,0.05978014012798667,0.007044422440230846,0.004184878896921873,0.004359413869678974,0.006635606288909912
EU,CP_W0,258,12,0.008154815528541803,0.008245470700785518,0.05958350719884038,0.007111656712368131,0.004167825332842767,0.003908049897290766,0.006627241848036647
EU,CP_W0,259,12,0.008130352012813091,0.008582897717133164,0.05935932002030313,0.00792708620429039,0.004186595557257533,0.005448270123451948,0.006603674730286002
EU,CP_W0,260,12,0.008113522315397859,0.007970062550157309,0.05901275328360498,0.007066916208714247,0.004150439752265811,0.0045404748525470495,0.006582930451259017
EU,CP_W0,261,12,0.008091884898021817,0.008042635628953576,0.058738875668495893,0.006912332493811846,0.004130630753934383,0.00428358546923846,0.006552690174430609
EU,CP_W0,262,12,0.008073504781350493,0.008152216672897339,0.05856356266885996,0.006952424766495824,0.004131393739953637,0.0037984878290444613,0.006538070971146226
EU,CP_W0,263,12,0.008055758196860552,0.008504041470587254,0.058277891529724,0.0078120415564626455,0.004110139096155763,0.005318307899869978,0.006501534720882773
EU,CP_W0,264,12,0.008034097962081432,0.007886282168328762,0.058068871730938554,0.0069112267810851336,0.004098486970178783,0.004454132402315736,0.006480527343228459
EU,CP_W0,265,12,0.008007444441318512,0.007965766824781895,0.05780027164146304,0.0067395002115517855,0.004059010767377913,0.004198058508336544,0.006407381501048803
EU,CP_W0,266,12,0.007991398451849818,0.008068946190178394,0.057522312039509416,0.0068196270149201155,0.0040723157580941916,0.0037313642678782344,0.006409450899809599
EU,CP_W0,267,12,0.00797773152589798,0.008412192342802882,0.057282850705087186,0.007698499830439687,0.004061728250235319,0.005266781314276159,0.0064128723461180925
EU,CP_W0,268,12,0.007956286892294884,0.007806616136804223,0.057073233230039475,0.0067711814772337675,0.004015864687971771,0.004404577426612377,0.006374528165906668
EU,CP_W0,269,12,0.007926893187686801,0.007881790166720748,0.05685846004635096,0.006627456052228808,0.004009226686321199,0.004169863415881991,0.006365966284647584
EU,CP_W0,270,12,0.007913618814200163,0.00797962211072445,0.05662174862809479,0.006707785883918405,0.003973362036049366,0.003668892430141568,0.006342222215607762
EU,CP_W0,271,12,0.007889388129115105,0.008335383841767907,0.05636270763352513,0.007599479053169489,0.0039820700185373425,0.005168343894183636,0.006319241831079125
EU,CP_W0,272,12,0.007871967274695635,0.00773042906075716,0.05617794347926974,0.006682544946670532,0.003962849383242428,0.0042944998713210225,0.0063292174600064754
EU,CP_W0,273,12,0.007853161776438355,0.007801777217537165,0.05594155266880989,0.00655291648581624,0.00392367725726217,0.004104729159735143,0.006301396526396275
EU,CP_W0,274,12,0.00784124992787838,0.007891848916187882,0.0556746962480247,0.0066574872471392155,0.003925734665244818,0.0036154461558908224,0.006305252201855183
EU,CP_W0,275,12,0.007819700986146927,0.008260394679382443,0.055506729148328306,0.007500080391764641,0.003934636362828314,0.005055841524153948,0.006262966897338629
EU,CP_W0,276,12,0.007805825211107731,0.007658384507521987,0.05525070810690522,0.006565057672560215,0.003907948383130133,0.004244743846356869,0.006239874986931682
EU,CP_W0,277,12,0.0077852606773376465,0.007731337565928698,0.05503843007609248,0.0064430865459144115,0.0038971940521150827,0.004037614795379341,0.006246451521292329
EU,CP_W0,278,12,0.007770751835778356,0.007796432822942734,0.05480537205003202,0.00653658015653491,0.0038954548072069883,0.003547126427292824,0.0062032409477978945
EU,CP_W0,279,12,0.007742506451904774,0.008172505302354693,0.05464370851404965,0.007360078161582351,0.0038725531194359064,0.005026045371778309,0.006208286387845874
EU,CP_W0,280,12,0.007733332691714168,0.007585633546113968,0.05445192917250097,0.006487095262855291,0.0038652223302051425,0.00417138182092458,0.006198409711942077
EU,CP_W0,281,12,0.007716682506725192,0.007670260965824127,0.05421143732964993,0.00634380173869431,0.003836982883512974,0.0039746263064444065,0.006192632718011737
EU,CP_W0,282,12,0.007688590325415134,0.007728480501100421,0.053985531395301226,0.0064685046672821045,0.0038198886904865503,0.003538790042512119,0.006172576919198036
EU,CP_W0,283,12,0.007673380197957158,0.00810567638836801,0.05377633166499436,0.007262783357873559,0.0038299706066027284,0.004942087922245264,0.006144566461443901
EU,CP_W0,284,12,0.007654613349586725,0.007516822079196572,0.05359642780385911,0.0064328855369240046,0.0038029198767617345,0.004150080610997975,0.006140990648418665
EU,CP_W0,285,12,0.007643639110028744,0.007592179346829653,0.053410849161446096,0.006277896696701646,0.003774821409024298,0.0039907286409288645,0.006109731504693627
EU,CP_W0,286,12,0.007629092084243894,0.007647400489076972,0.053182338876649735,0.006362528773024678,0.003752153948880732,0.003478181781247258,0.0060941430274397135
EU,CP_W0,287,12,0.0076088677160441875,0.008026397321373224,0.05292278882116079,0.007150887046009302,0.0037485609063878655,0.004903359687887132,0.006058564642444253
EU,CP_W0,288,12,0.007600453915074468,0.007455663988366723,0.052807462075725196,0.006312086014077067,0.003764250664971769,0.004104432067833841,0.006022031651809812
EU,CP_W0,289,12,0.007574192946776748,0.00751766306348145,0.05252919122576714,0.006182778161019087,0.003734013414941728,0.003949593170545995,0.006018192507326603
EU,CP_W0,290,12,0.007562852697446942,0.007560970960184932,0.05239045661874116,0.006248678779229522,0.003715842729434371,0.003437915933318436,0.00597475771792233
EU,CP_W0,291,12,0.0075399805791676044,0.007965232711285353,0.05225452682934702,0.0071143158711493015,0.003715862170793116,0.00486605113837868,0.005976594984531403
EU,CP_W0,292,12,0.007521051215007901,0.00738194864243269,0.05204181782901287,0.006171623943373561,0.003691279562190175,0.004059867933392525,0.0059522350784391165
EU,CP_W0,293,12,0.007511919364333153,0.0074570802971720695,0.05190109084360302,0.006062391446903348,0.0036437419475987554,0.003906765370629728,0.005938167683780193
EU,CP_W0,294,12,0.007491250988095999,0.007504138397052884,0.05168651328422129,0.006182834040373564,0.003655822016298771,0.0034020254388451576,0.005923030665144324
EU,CP_W0,295,12,0.007474185666069388,0.0078999197576195,0.05157473934814334,0.007022181758657098,0.0036807144060730934,0.004773316089995205,0.0059174480848014355
EU,CP_W0,296,12,0.007462318986654282,0.0073161739856004715,0.05139600662514567,0.006111568538472056,0.0036637062439695,0.004062905441969633,0.005905657075345516
EU,CP_W0,297,12,0.007438404019922018,0.00739078875631094,0.051309886993840335,0.005989401834085584,0.0036403583362698555,0.0038318828446790576,0.005920277442783117
EU,CP_W0,298,12,0.007434427738189697,0.007429851684719324,0.051137970946729186,0.006116076139733195,0.003615452442318201,0.0033785279374569654,0.005881082499399781
EU,CP_W0,299,12,0.007406222866848111,0.00783737120218575,0.05100613054819405,0.006909133866429329,0.0036175920395180583,0.004695296287536621,0.005872348323464394
EU,CP_W0,300,12,0.0073957552667707205,0.007252225419506431,0.0507678521797061,0.00602736952714622,0.003602632670663297,0.003990391152910888,0.005840729223564267
EU,CP_W0,301,12,0.00738527555949986,0.007328867446631193,0.05055359588004649,0.00588643760420382,0.0035952285397797823,0.003792167059145868,0.005805582972243428
EU,CP_W0,302,12,0.007364215096458793,0.007374915760010481,0.050425574136897924,0.0060244647320359945,0.003592889290302992,0.0033178511075675488,0.005792737007141113
EU,CP_W0,303,12,0.007347066188231111,0.007769401418045163,0.05027804858982563,0.006853796076029539,0.0036002666456624866,0.004654331016354263,0.005782149499282241
EU,CP_W0,304,12,0.007339662406593561,0.007196040824055672,0.050153869297355415,0.00592611194588244,0.0035801889607682824,0.003934755572117865,0.005750773008912802
EU,CP_W0,305,12,0.007319094613194466,0.0072673175018280745,0.050037713209167126,0.005790493451058865,0.0035592735512182117,0.003714039223268628,0.005750610725954175
EU,CP_W0,306,12,0.00730751221999526,0.007302545476704836,0.04981804261915386,0.005943605909124017,0.00356882787309587,0.003269023494794965,0.005721254739910364
EU,CP_W0,307,12,0.007282783277332783,0.007700748508796096,0.049595697317272425,0.006732181180268526,0.0035615359665825963,0.0045946905156597495,0.005676801549270749
EU,CP_W0,308,12,0.007274029776453972,0.007132327649742365,0.0494210081640631,0.005831252783536911,0.0035605354933068156,0.003848209627903998,0.005661477101966739
EU,CP_W0,309,12,0.007263631327077746,0.007212176686152816,0.049356575356796384,0.005720109678804874,0.0035320708993822336,0.003694603336043656,0.005656925728544593
EU,CP_W0,310,12,0.007253523217514157,0.007254510885104537,0.04918001862242818,0.005865405313670635,0.0034981538774445653,0.0032187780598178506,0.005633707856759429
EU,CP_W0,311,12,0.007233738200739026,0.00764427543617785,0.04896404314786196,0.00666947104036808,0.003491815645247698,0.004543347051367164,0.005594899179413915
EU,CP_W0,312,12,0.007214413257315755,0.0070769882295280695,0.048757753567770123,0.005749484291300178,0.0034829548094421625,0.0038199765840545297,0.005595385795459151
EU,CP_W0,313,12,0.007203869288787246,0.007147998083382845,0.0485991972964257,0.005658189300447702,0.003480614977888763,0.003617842332459986,0.005597470328211784
EU,CP_W0,314,12,0.007191137643530965,0.007188328308984637,0.04838481554761529,0.005801488645374775,0.0034507698146626353,0.003149101627059281,0.0055834471713751554
EU,CP_W0,315,12,0.007181435124948621,0.0075921169482171535,0.04830908472649753,0.006552306702360511,0.0034426768543198705,0.004507755278609693,0.005589380627498031
EU,CP_W0,316,12,0.007161047775298357,0.007026820443570614,0.048126211995258926,0.005711850710213184,0.0034033567644655704,0.0037494997959583998,0.005560724996030331
EU,CP_W0,317,12,0.007144117262214422,0.007094484521076083,0.047932417457923295,0.005578704411163926,0.0034075318835675716,0.003560822457075119,0.005547866225242615
EU,CP_W0,318,12,0.007135164923965931,0.007135834312066436,0.04776951656676829,0.005767459981143475,0.0033935565734282136,0.00314868928398937,0.0055240977089852095
EU,CP_W0,319,12,0.00712983263656497,0.0075261592864990234,0.047633377555757764,0.006460854085162282,0.0033987186616286635,0.004470005864277482,0.005507598631083965
EU,CP_W0,320,12,0.007110892795026302,0.006971906870603561,0.047469909815117714,0.005624338518828154,0.0033881368581205606,0.0036965428153052926,0.005470918957144022
EU,C_NO_H,1,12,0.007091048173606396,0.006918423809111118,0.04736851314082742,0.03986786864697933,0.020225385203957558,0.021652111783623695,0.03478400781750679
EU,C_NO_H,2,12,0.005456524668261409,0.005558063508942723,0.0322803296148777,0.05896671675145626,0.028414282016456127,0.041270069777965546,0.02042090892791748
EU,C_NO_H,3,12,0.004291941528208554,0.004380753613077104,0.03302592760883272,0.06630530022084713,0.02573175448924303,0.03187933191657066,0.020615180488675833
EU,C_NO_H,4,12,0.0033828812884166837,0.003629762213677168,0.02870640135370195,0.03321854118257761,0.016514062881469727,0.014062475878745317,0.014350933954119682
EU,C_NO_H,5,12,0.002762749674730003,0.002769853570498526,0.024783608270809054,0.029825173318386078,0.017269842326641083,0.014129381161183119,0.010265048127621412
EU,C_NO_H,6,12,0.002299466636031866,0.002357744029723108,0.020769151975400746,0.030456602573394775,0.014098563231527805,0.017375491559505463,0.008347780909389257
EU,C_NO_H,7,12,0.0019225574214942753,0.001968512369785458,0.018509405897930264,0.01732588466256857,0.0095979580655694,0.009281436912715435,0.007474728161469102
EU,C_NO_H,8,12,0.0016282053547911346,0.0017172105144709349,0.01725261949468404,0.01871818955987692,0.009276468306779861,0.012031055055558681,0.006462351884692907
EU,C_NO_H,9,12,0.0013997277710586786,0.0014055036008358002,0.0164866482373327,0.01646619290113449,0.006454062182456255,0.007940897950902581,0.005788969108834863
EU,C_NO_H,10,12,0.0012081273598596454,0.0012342131813056767,0.01578802487347275,0.014827037695795298,0.006833016639575362,0.008078225422650576,0.005610886495560408
EU,C_NO_H,11,12,0.001061245915479958,0.0010820816387422383,0.015118895564228296,0.011079378891736269,0.005011673318222165,0.006853122264146805,0.005429662996903062
EU,C_NO_H,12,12,0.0009523469198029488,0.0010577236535027623,0.014608721830882132,0.011033189482986927,0.005259233294054866,0.005391062470152974,0.005853019654750824
EU,C_NO_H,13,12,0.0008622753957752138,0.0008415511401835829,0.014304537675343454,0.011235285084694624,0.003933294210582972,0.0052585487719625235,0.006346435751765966
EU,C_NO_H,14,12,0.0007882767240516841,0.0007638484821654856,0.014042500173673034,0.009335252922028303,0.003246686770580709,0.003972214879468083,0.006551716011017561
EU,C_NO_H,15,12,0.0007281547295860946,0.0007258681580424309,0.013731341459788382,0.00890883058309555,0.0036822358379140496,0.0038142508128657937,0.006608180468901992
EU,C_NO_H,16,12,0.0006740702665410936,0.0007562194659840316,0.013261150335893035,0.009755454491823912,0.003807548782788217,0.005128462566062808,0.006634055636823177
EU,C_NO_H,17,12,0.0006179168121889234,0.0006088574009481817,0.0128471446223557,0.008253443986177444,0.0033191856928169727,0.003896539332345128,0.005866330582648516
EU,C_NO_H,18,12,0.0005687829980161041,0.0005560051067732275,0.01241409732028842,0.006557846674695611,0.0029950877651572227,0.00306422240100801,0.004920856095850468
EU,C_NO_H,19,12,0.0005267591332085431,0.0005285729130264372,0.012054881313815713,0.0070015734527260065,0.002931735129095614,0.00346986239310354,0.003653184277936816
EU,C_NO_H,20,12,0.0004907306283712387,0.0005372772284317762,0.011678833630867302,0.00737533182837069,0.002451382461003959,0.0033224887447431684,0.003907143021933734
EU,C_NO_H,21,12,0.00046022410970181227,0.00045632297405973077,0.011305080843158066,0.006333614233881235,0.0024134195409715176,0.0030650414992123842,0.0036234421422705054
EU,C_NO_H,22,12,0.0004321557062212378,0.0004241942515363917,0.010917250346392394,0.005926015321165323,0.0021224614465609193,0.002356290351599455,0.003989840857684612
EU,C_NO_H,23,12,0.00040842292946763337,0.00041202816646546125,0.01084384524729103,0.005910630337893963,0.0023198400158435106,0.0030009557958692312,0.0036962443264201283
EU,C_NO_H,24,12,0.000388557105907239,0.0004101187805645168,0.010759043507277966,0.005267864791676402,0.002466598176397383,0.002542623784393072,0.003450700081884861
EU,C_NO_H,25,12,0.00037034037814009935,0.0003683161921799183,0.010540716536343097,0.004804557655006647,0.0021273253951221704,0.0026524116983637214,0.003212618175894022
EU,C_NO_H,26,12,0.00035112797922920436,0.00034877889265771955,0.010229422419797629,0.004155234666541219,0.0017434459296055138,0.0021476121619343758,0.002864212729036808
EU,C_NO_H,27,12,0.0003331256884848699,0.00034452456748113036,0.009864166844636202,0.004694170085713267,0.001639491063542664,0.0022711174096912146,0.0028541518840938807
EU,C_NO_H,28,12,0.00031838488939683884,0.0003319895622553304,0.009562849847134203,0.005042777396738529,0.0016507861437276006,0.002127485815435648,0.00248847552575171
EU,C_NO_H,29,12,0.0003063746844418347,0.00031014520209282637,0.009274761332198978,0.004245381569489837,0.001563844969496131,0.0016819292795844376,0.002926873625256121
EU,C_NO_H,30,12,0.0002965142484754324,0.00029872429149691015,0.008965536672621965,0.004462356213480234,0.0015734767075628042,0.0019228667370043695,0.0027890928322449327
EU,C_NO_H,31,12,0.00028778077103197575,0.00029888900462538004,0.008665983250830322,0.0037766105961054564,0.001570313237607479,0.0016952715814113617,0.0027057159459218383
EU,C_NO_H,32,12,0.00028062605997547507,0.00029237936541903764,0.008346085238736122,0.004111901391297579,0.0016207254957407713,0.002211520215496421,0.002390950918197632
EU,C_NO_H,33,12,0.00027344634872861207,0.0002780701615847647,0.00805224608629942,0.003938038949854672,0.0016359936562366784,0.0017999360570684075,0.0021229456178843975
EU,C_NO_H,34,12,0.0002674730494618416,0.0002767918922472745,0.007983435329515487,0.0033773465547710657,0.00170587666798383,0.0016218068194575608,0.0018762977560982108
EU,C_NO_H,35,12,0.0002612763491924852,0.00027175003197044134,0.007905217190273105,0.0029432278824970126,0.0015680582728236914,0.0016398843144997954,0.0017952568596228957
EU,C_NO_H,36,12,0.0002551042489358224,0.0002656069118529558,0.007844960800139234,0.00354164675809443,0.001565149170346558,0.0018908739439211786,0.0017284916248172522
EU,C_NO_H,37,12,0.000249329321377445,0.00025100359198404476,0.007921371993143111,0.003395134932361543,0.0014688323135487735,0.0017121576820500195,0.0019730672356672585
EU,C_NO_H,38,12,0.00024332587781827897,0.00025375311815878376,0.00811931841308251,0.0032502374378964305,0.0012690646690316498,0.0015141264302656054,0.0021617806050926447
EU,C_NO_H,39,12,0.00023715850693406537,0.00024726496485527605,0.008330254233442247,0.0033442018320783973,0.0012942251050844789,0.0017640955047681928,0.002108588465489447
EU,C_NO_H,40,12,0.00023124439030652866,0.00024050093634286895,0.008557932765688748,0.003928542835637927,0.0014201101148501039,0.0019631070899777114,0.0019886535010300577
EU,C_NO_H,41,12,0.0002248485034215264,0.00022611046733800322,0.008646399830467999,0.002971779787912965,0.0013256632955744863,0.0015012917574495077,0.0016040297341533005
EU,C_NO_H,42,12,0.00021941108570899814,0.00023435337061528116,0.00870543159544468,0.002888640039600432,0.0012568924576044083,0.0015361050027422607,0.0016404713387601078
EU,C_NO_H,43,12,0.0002144602403859608,0.00022436807194026187,0.008780854404903948,0.0026333932764828205,0.0012716400669887662,0.0015938236028887331,0.001547503110487014
EU,C_NO_H,44,12,0.00021050256327725947,0.00021830426703672856,0.008921156113501638,0.003043521544896066,0.0012848071055486798,0.001593075692653656,0.0016662016860209405
EU,C_NO_H,45,12,0.00020630653307307512,0.0002078762772725895,0.009018090437166393,0.002912591095082462,0.001305802958086133,0.0014791516587138176,0.0017570843920111656
EU,C_NO_H,46,12,0.0002033271302934736,0.0002209045778727159,0.008993238466791809,0.0028244799468666315,0.0012617044267244637,0.0016279877163469791,0.001766309083905071
EU,C_NO_H,47,12,0.00020137065439485013,0.000211484897590708,0.008776919334195554,0.0024912303779274225,0.001128267147578299,0.0015556340222246945,0.001538061536848545
EU,C_NO_H,48,12,0.00019937446631956846,0.00020707671501440927,0.008674590173177421,0.0025662725092843175,0.0011389865539968014,0.0014862714451737702,0.0013179859379306436
EU,C_NO_H,49,12,0.00019796414562733844,0.00020009999570902437,0.00865333165274933,0.002778244437649846,0.0012362291454337537,0.0016234052600339055,0.001462677028030157
EU,C_NO_H,50,12,0.00019604732369771227,0.0002121256329701282,0.008667592972051353,0.0022646732395514846,0.0011151544167660177,0.001183101674541831,0.0012288927100598812
EU,C_NO_H,51,12,0.00019416028226260096,0.00020553720969473943,0.0087030618917197,0.002377759665250778,0.0012015430256724358,0.001451055461075157,0.0010984836262650788
EU,C_NO_H,52,12,0.00019284483278170228,0.00020003016834380105,0.00882944097975269,0.0026904838159680367,0.0012568432139232755,0.0015156490844674408,0.001099191838875413
EU,C_NO_H,53,12,0.00019191133469576016,0.00019593590695876628,0.008963235048577189,0.002448974526487291,0.0012247224804013968,0.0012466529733501375,0.0015005196328274906
EU,C_NO_H,54,12,0.00019115902978228405,0.00020938101079082116,0.009002366987988352,0.0024600819451734424,0.0012516389833763242,0.0013686749152839184,0.0016548941493965685
EU,C_NO_H,55,12,0.00019082632206846029,0.0002026260772254318,0.009068008698523044,0.0024298971984535456,0.0012551079271361232,0.0012962548644281924,0.0015191977727226913
EU,C_NO_H,56,12,0.00018976242427015677,0.0001973896723939106,0.009139809082262218,0.0025021254550665617,0.0013065932434983552,0.001449642120860517,0.0014161131111904979
EU,C_NO_H,57,12,0.00018939619621960446,0.0001932059894897975,0.009169127140194178,0.0023999717086553574,0.0012810250627808273,0.0013348414795473218,0.0013241592096164823
EU,C_NO_H,58,12,0.00018921244918601587,0.00020773739379364997,0.009158206358551978,0.0024574518902227283,0.0012048359494656324,0.0013454956351779401,0.0013148870202712715
EU,C_NO_H,59,12,0.00018896161782322451,0.00020116237283218652,0.00909927967004478,0.002381604630500078,0.0011397612979635596,0.0013521693763323128,0.0012961362372152507
EU,C_NO_H,60,12,0.0001892632935778238,0.00019645354768726975,0.009061171405483038,0.0027697240002453327,0.0011729961261153221,0.0016085198731161654,0.0011921580880880356
EU,C_NO_H,61,12,0.00018912798259407282,0.00019270935445092618,0.009023093234281987,0.0028300058329477906,0.0012247360427863896,0.0017157052643597126,0.0011700831819325686
EU,C_NO_H,62,12,0.00018910558719653636,0.0002071724520646967,0.009031977318227292,0.0023260024609044194,0.0010694419033825397,0.0013046873500570655,0.001176144345663488
EU,C_NO_H,63,12,0.00018862018623622134,0.00020050189777975902,0.009094576200004667,0.002177405869588256,0.0010549236903898418,0.001174095959868282,0.0014190953224897385
EU,C_NO_H,64,12,0.00018829489999916404,0.0001957620625034906,0.009177460905630142,0.0027857201639562845,0.001112274534534663,0.0015592124545946717,0.0016719335108064115
EU,C_NO_H,65,12,0.0001873960645752959,0.00019151253218296915,0.009312957595102488,0.002281259512528777,0.0011209733202122152,0.0012508663348853588,0.0014110587653703988
EU,C_NO_H,66,12,0.00018661393551155925,0.0002046436129603535,0.009422894415911287,0.00218002125620842,0.0010829733801074326,0.0014074438367970288,0.00125329993898049
EU,C_NO_H,67,12,0.00018622404604684561,0.00019849805539706722,0.009531881741713733,0.002119452808983624,0.0011188701610080898,0.001100245164707303,0.0014285584911704063
EU,C_NO_H,68,12,0.00018537116557126865,0.00019370485824765638,0.009533180098515004,0.0023612413788214326,0.0011194557300768793,0.0014527923194691539,0.0013347273925319314
EU,C_NO_H,69,12,0.0001846659870352596,0.00018942675524158403,0.009471577720250934,0.0023356082383543253,0.0011342561920173466,0.001358807145152241,0.0011925878934562206
EU,C_NO_H,70,12,0.0001838043608586304,0.00020158324332442135,0.009396968688815833,0.0021729309810325503,0.001108708034735173,0.0012326608411967754,0.0013185855350457132
EU,C_NO_H,71,12,0.0001833673522924073,0.00019636758224805817,0.009391513234004379,0.0021339833037927747,0.001126399845816195,0.0012494220864027739,0.0011445451236795634
EU,C_NO_H,72,12,0.00018242382066091523,0.00019071160932071507,0.009428742958698421,0.0024939037393778563,0.0010525782709009945,0.0016117707709781826,0.001177689031464979
EU,C_NO_H,73,12,0.00018159078899770975,0.00018692758749239147,0.009527013171464205,0.002271519275382161,0.0011596205877140164,0.0013991741579957306,0.0013223389396443963
EU,C_NO_H,74,12,0.00018014199304161593,0.00019746641191886738,0.009614589624106884,0.002249141107313335,0.0011274744174443185,0.0012784978025592864,0.001499177422374487
EU,C_NO_H,75,12,0.00017901594401337206,0.00019176425848854706,0.009667786594945937,0.002328998758457601,0.0010896120220422745,0.0013899134937673807,0.0013736503315158188
EU,C_NO_H,76,12,0.00017797437612898648,0.00018718330102274194,0.009755785868037492,0.0024571173125877976,0.001111914694774896,0.0014381760847754776,0.001164028944913298
EU,C_NO_H,77,12,0.00017709042731439695,0.00018320809613214806,0.00992613920243457,0.002387031214311719,0.0010304470779374242,0.0013545320252887905,0.0010355071863159537
EU,C_NO_H,78,12,0.00017565031885169446,0.00019315852114232257,0.010110224725212901,0.0020255203125998378,0.0010549240396358073,0.001186378241982311,0.0010555703775025904
EU,C_NO_H,79,12,0.00017475025379098952,0.00018825587903847918,0.010239021200686694,0.0018880339921452105,0.001024049532134086,0.0011426868732087314,0.0011936766095459461
EU,C_NO_H,80,12,0.00017399048374500126,0.00018416153034195304,0.010313802852761001,0.002373968018218875,0.001048629084834829,0.0015700809890404344,0.0011745356023311615
EU,C_NO_H,81,12,0.00017369999113725498,0.00018075116531690583,0.01038264692761004,0.0025190331507474184,0.001059536763932556,0.0013748718774877489,0.0012847271864302456
EU,C_NO_H,82,12,0.00017306806694250554,0.00019024729408556595,0.010419640096370131,0.002116147894412279,0.0011107337195426226,0.0011880509555339813,0.001246286032255739
EU,C_NO_H,83,12,0.00017297123122261837,0.000186679266334977,0.010468913882505149,0.0018513753893785179,0.001086080155801028,0.001010507985483855,0.0012068632640875876
EU,C_NO_H,84,12,0.00017252432007808238,0.00018247561092721298,0.010483658465091139,0.0023477842332795262,0.0010847283992916346,0.0013916314928792417,0.0012396127567626536
EU,C_NO_H,85,12,0.0001724696994642727,0.0001806455838959664,0.010487765306606889,0.0022734926315024495,0.0010523991659283638,0.0011469690944068134,0.0012814257061108947
EU,C_NO_H,86,12,0.00017197801935253665,0.00018928760255221277,0.010475266026332974,0.002156442205887288,0.0010349410003982484,0.001266984618268907,0.0013262644060887396
EU,C_NO_H,87,12,0.00017171602667076513,0.00018600508337840438,0.010467811021953821,0.0021057204576209188,0.0009458426502533257,0.0012166769593022764,0.001298045157454908
EU,C_NO_H,88,12,0.00017143791046692058,0.0001820385514292866,0.010458514036145061,0.002410786459222436,0.0009375231165904552,0.0015960386372171342,0.0013921423815190792
EU,C_NO_H,89,12,0.00017128270701505244,0.00017987828323384747,0.010439075296744704,0.0023956189397722483,0.0009709558798931539,0.0013009007088840008,0.0013654327485710382
EU,C_NO_H,90,12,0.00017105424194596708,0.00018860214913729578,0.010414165735710412,0.0021499900612980127,0.0010335019323974848,0.0011464923154562712,0.0011670133098959923
EU,C_NO_H,91,12,0.00017046699940692633,0.00018476477271178737,0.010397797159384936,0.0020644590840674937,0.0010597497457638383,0.0013178559602238238,0.0013083431986160576
EU,C_NO_H,92,12,0.00017002000095089898,0.00018084664770867676,0.010362515167798847,0.002542916452512145,0.0011795469326898456,0.0016171432216651738,0.0013181783724576235
EU,C_NO_H,93,12,0.00016960035281954333,0.00017850012227427214,0.01034171466017142,0.0023819588823243976,0.0011321360361762345,0.0013262309948913753,0.0012232391745783389
EU,C_NO_H,94,12,0.00016976791812339798,0.000186091783689335,0.01033313968218863,0.0020473607582971454,0.0011154581443406641,0.001157577964477241,0.0011642097379080951
EU,C_NO_H,95,12,0.00016901057824725285,0.00018334815104026347,0.010315974126569927,0.002036465040873736,0.0011024670384358615,0.001197182631585747,0.0011554766679182649
EU,C_NO_H,96,12,0.00016850649990374222,0.00017876702622743323,0.01028907299041748,0.002603862900286913,0.0011619374272413552,0.0015613535069860518,0.0012018032721243799
EU,C_NO_H,97,12,0.0001682420479482971,0.00017771540296962485,0.01027369691291824,0.00269219814799726,0.0011035750503651798,0.0016040465561673045,0.0011818152852356434
EU,C_NO_H,98,12,0.00016810173110570759,0.00018462803564034402,0.010343055392149835,0.002092242590151727,0.0010943239904008806,0.0012360045802779496,0.001280142110772431
EU,C_NO_H,99,12,0.00016748342022765428,0.00018219971389044076,0.010314602591097354,0.0019879608298651874,0.0010157952783629298,0.001215106516610831,0.0011617805575951934
EU,C_NO_H,100,12,0.0001675094972597435,0.00017861673404695466,0.010332845814991743,0.00237516185734421,0.0010146306012757123,0.00137185154017061,0.0013804230256937444
EU,C_NO_H,101,12,0.0001676634346949868,0.00017780969938030466,0.010429926158394665,0.0023523406125605106,0.0010667253518477082,0.0012515398557297885,0.0012258662609383464
EU,C_NO_H,102,12,0.0001675219027674757,0.0001843561913119629,0.010582380858249963,0.002285202732309699,0.0010383641347289085,0.0012218474876135588,0.0012935386039316654
EU,C_NO_H,103,12,0.00016818610311020166,0.00018288373394170776,0.010749233479145914,0.0020246112253516912,0.0010736756958067417,0.0012626344105228782,0.0013348113861866295
EU,C_NO_H,104,12,0.00016803091421024874,0.0001796918804757297,0.010865592875052243,0.0023641360457986593,0.001073674124199897,0.0015190020203590393,0.0011556556564755738
EU,C_NO_H,105,12,0.0001681861249380745,0.0001789643574738875,0.010976082202978433,0.0022744371090084314,0.0011518197134137154,0.0012676399783231318,0.0009470731019973755
EU,C_NO_H,106,12,0.00016873489221325144,0.00018528744840295985,0.011061552888713777,0.0022223324049264193,0.0010322706657461822,0.0011812346638180315,0.0012056751875206828
EU,C_NO_H,107,12,0.0001689186756266281,0.0001842532292357646,0.011084031220525504,0.002288966323249042,0.000970830675214529,0.0016029179678298533,0.001298385497648269
EU,C_NO_H,108,12,0.0001691074503469281,0.00018096822168445215,0.01106505144853145,0.0023989210603758693,0.0010142356622964144,0.0015898723504506052,0.0011822445085272193
EU,C_NO_H,109,12,0.00016914595471462235,0.0001803362465579994,0.011110533587634563,0.002204151125624776,0.0010175731731578708,0.0010906048119068146,0.0010966119007207453
EU,C_NO_H,110,12,0.0001692304213065654,0.00018636277673067525,0.011265573580749333,0.0022538406774401665,0.0011125165037810802,0.0011336986208334565,0.0009123620402533561
EU,C_NO_H,111,12,0.0001692391379037872,0.00018508642097003758,0.011446177610196173,0.0022815789561718702,0.0011257826117798686,0.0013246269663795829,0.0009704608528409153
EU,C_NO_H,112,12,0.00016917339962674305,0.00018125266069546342,0.011611687066033483,0.0023696585558354855,0.0011022630496881902,0.0016359253786504269,0.0009717318171169609
EU,C_NO_H,113,12,0.0001690951976343058,0.00018051765800919384,0.011791981162969024,0.0021287589333951473,0.0011698577436618507,0.0010772611713036895,0.0010060895001515746
EU,C_NO_H,114,12,0.00016893259453354403,0.00018521214224165305,0.012056153558660299,0.0022426932118833065,0.001108085096348077,0.0011053482303395867,0.0012064407346770167
EU,C_NO_H,115,12,0.00016828459047246724,0.00018427588656777516,0.012361250852700323,0.002360357204452157,0.0010980127844959497,0.0014791826833970845,0.0012993962154723704
EU,C_NO_H,116,12,0.00016869555111043155,0.00018125525821233168,0.012377481034491211,0.0024833778152242303,0.0011243808548897505,0.0016011137631721795,0.0012165383668616414
EU,C_NO_H,117,12,0.00016864715871633962,0.00018025953613687307,0.012505042483098805,0.002228331402875483,0.0011643067700788379,0.0013233256759122014,0.0011415488552302122
EU,C_NO_H,118,12,0.00016918722394621,0.00018554999405751005,0.012353595951572061,0.002184123732149601,0.0010608313023112714,0.001172078074887395,0.0011037335498258471
EU,C_NO_H,119,12,0.0001691338693490252,0.00018484458269085735,0.012376626371406019,0.0023207132471725345,0.0010067408147733659,0.0014718856546096504,0.0013546159607358277
EU,C_NO_H,120,12,0.00016990856238408014,0.00018254274618811905,0.012478734168689698,0.002332113857846707,0.0010052621364593506,0.001588824379723519,0.001317769114393741
EU,C_NO_H,121,12,0.00017035421478794888,0.00018198142788605765,0.012598116742447018,0.002112577378284186,0.0010997517383657396,0.00109554358641617,0.00126599584473297
EU,C_NO_H,122,12,0.0001706372495391406,0.00018822524725692347,0.012716467713471503,0.0023360472405329347,0.0010084485984407365,0.0011059471289627254,0.001119128311984241
EU,C_NO_H,123,12,0.00017139696137746796,0.00018700092186918482,0.012838307244237512,0.0023500100942328572,0.001009092084132135,0.0014202716993167996,0.0012530816020444036
EU,C_NO_H,124,12,0.00017199899593833834,0.00018433398508932441,0.01283314626198262,0.0026553585194051266,0.0010582533432170749,0.0016078957705758512,0.0011717365123331547
EU,C_NO_H,125,12,0.00017308018141193315,0.00018480412109056488,0.013233650126494467,0.0026499408995732665,0.0010363527690060437,0.0012050148798152804,0.0012810720363631845
EU,C_NO_H,126,12,0.00017404094251105562,0.00019186848658137023,0.013383226818405092,0.0023510772734880447,0.0010708750924095511,0.0012207989348098636,0.001193140575196594
EU,C_NO_H,127,12,0.00017511833721073344,0.0001911901999847032,0.013178881257772446,0.002294423640705645,0.0011266215587966144,0.0013632139889523387,0.001378609158564359
EU,C_NO_H,128,12,0.00017719491006573662,0.00018957942666020244,0.012879046960733831,0.0024354414781555533,0.0011035104398615658,0.0016835688729770482,0.0012119142338633537
EU,C_NO_H,129,12,0.00017975011724047363,0.00019244333816459402,0.01287649164441973,0.002147468854673207,0.0010369410156272352,0.0011058455565944314,0.0011990260099992156
EU,C_NO_H,130,12,0.0001836717565311119,0.00019917845202144235,0.012814177782274783,0.002232526196166873,0.0010099335340783,0.0012155183940194547,0.0012734163901768625
EU,C_NO_H,131,12,0.00018592384731164202,0.00020269952074158937,0.012605267693288624,0.0022958102636039257,0.001236037234775722,0.0013751102960668504,0.0011227804352529347
EU,C_NO_H,132,12,0.00018549233209341764,0.00019789562793448567,0.012542104115709662,0.002384005580097437,0.0012089916854165494,0.0014869981678202748,0.001151548174675554
EU,C_NO_H,133,12,0.0001825377912609838,0.0001949368233908899,0.012674715253524482,0.002163203898817301,0.001038428395986557,0.0011154544190503657,0.001303493743762374
EU,C_NO_H,134,12,0.00017970350745599717,0.00019785847689490765,0.012812233646400273,0.0021851917263120413,0.0010493675654288381,0.0012143252533860505,0.0014137387042865157
EU,C_NO_H,135,12,0.00017636111442698166,0.00019362734747119248,0.012826301390305161,0.0025461133336648345,0.0012520760064944625,0.0014914824860170484,0.0011918400414288044
EU,C_NO_H,136,12,0.00017515717627247795,0.00018847542378352955,0.012664257199503481,0.002431466127745807,0.0011700938921421766,0.0017293882556259632,0.001254559145309031
EU,C_NO_H,137,12,0.00017480715177953243,0.00018731451564235613,0.012562797404825687,0.0019861598848365247,0.0010775031987577677,0.0010554265463724732,0.001105281407944858
EU,C_NO_H,138,12,0.00017449561710236594,0.00019302077271277085,0.0126581717049703,0.0021119326120242476,0.0010336129344068468,0.0011428242432884872,0.0012359851389192045
EU,C_NO_H,139,12,0.00017477374785812572,0.00019183386757504195,0.012814038782380521,0.0023901560343801975,0.0009853954834397882,0.0013454045983962715,0.0012923533795401454
EU,C_NO_H,140,12,0.00017462355026509613,0.000188007608812768,0.0130628717597574,0.0024506774498149753,0.0009454184619244188,0.0017676183488219976,0.001335809356532991
EU,C_NO_H,141,12,0.00017478365043643862,0.00018762490071821958,0.013255028636194766,0.002258092979900539,0.00095840246649459,0.0012540020979940891,0.0012464094324968755
EU,C_NO_H,142,12,0.00017533481877762824,0.00019366492779226974,0.013398871291428804,0.0022938214242458344,0.000981068762484938,0.0011770383571274579,0.0013309994246810675
EU,C_NO_H,143,12,0.00017535591177875176,0.00019193309708498418,0.01317550044041127,0.002174414345063269,0.0010233964421786368,0.0013310336507856846,0.0012022422160953283
EU,C_NO_H,144,12,0.0001742125823511742,0.0001875829984783195,0.013018597732298076,0.0029618931002914906,0.0011202332098037004,0.001880426483694464,0.0013504962553270161
EU,C_NO_H,145,12,0.00017361420032102615,0.00018666278629098088,0.01298108499031514,0.0024052001535892487,0.0010415344731882215,0.0014536885428242385,0.001239640114363283
EU,C_NO_H,146,12,0.00017367135296808556,0.00019173085456714034,0.013210176606662571,0.0022853815462440252,0.0010714955278672278,0.0013290526694618165,0.0012408842449076474
EU,C_NO_H,147,12,0.00017299353930866346,0.00019039749167859554,0.013105525518767536,0.002326255082152784,0.0010408880771137774,0.0013470853446051478,0.0013155954075045884
EU,C_NO_H,148,12,0.00017378185293637216,0.00018717092461884022,0.013011005707085133,0.002964630024507642,0.0011040683602914214,0.00172444834606722,0.001351725251879543
EU,C_NO_H,149,12,0.0001750406518112868,0.00018736423226073384,0.012786241946741939,0.0028301457641646266,0.0009811178897507489,0.0015192885184660554,0.001539203803986311
EU,C_NO_H,150,12,0.00017628708883421496,0.00019453026470728219,0.012922173948027194,0.002494037034921348,0.001032255997415632,0.0011865539709106088,0.0013644093414768577
EU,C_NO_H,151,12,0.00017562917491886765,0.00019260608678450808,0.013051057467237115,0.002544415765441954,0.0010892525897361338,0.0012801416451111436,0.001440792460925877
EU,C_NO_H,152,12,0.00017471917090006173,0.00018771723989630118,0.012949759257026017,0.0026950350729748607,0.001186228939332068,0.0016929010162129998,0.0015192963765002787
EU,C_NO_H,153,12,0.00017412694433005527,0.00018661564536159858,0.012713652453385293,0.002858423045836389,0.000976944895228371,0.0012321745743975043,0.0014177386765368283
EU,C_NO_H,154,12,0.0001740461666486226,0.000191565697605256,0.012868828023783863,0.0023161896970123053,0.00102476857136935,0.001208435744047165,0.0014619917492382228
EU,C_NO_H,155,12,0.00017245578055735677,0.0001883302684291266,0.012955460464581847,0.002646057982929051,0.001017667236737907,0.0012645041570067406,0.0016391410026699305
EU,C_NO_H,156,12,0.00017135206144303083,0.00018323534459341317,0.01290096971206367,0.002700202283449471,0.0011064762366004288,0.0014146589674055576,0.0016078767366707325
EU,C_NO_H,157,12,0.00017128383478848264,0.00018288737919647247,0.0131383704720065,0.0026424041716381907,0.0011363871162757277,0.00122962606837973,0.0016436440637335181
EU,C_NO_H,158,12,0.0001706668408587575,0.0001886992176878266,0.013283216743730009,0.0022680448601022363,0.0010529124992899597,0.0010655343648977578,0.001525639381725341
EU,C_NO_H,159,12,0.00016990466247079894,0.0001855506852734834,0.013409926439635456,0.002742638811469078,0.0010038000182248652,0.0014100393746048212,0.0012880067806690931
EU,C_NO_H,160,12,0.00016939449415076524,0.00018136583821615204,0.013318531855475157,0.0031705027213320136,0.0011111187050119042,0.0022196179488673806,0.0012344670831225812
EU,C_NO_H,161,12,0.00016941443755058572,0.00018159899627789855,0.013373113644775003,0.002696090145036578,0.0010294172971043736,0.0010979943326674402,0.0011961000273004174
EU,C_NO_H,162,12,0.00016929159755818546,0.0001876071692095138,0.013539646985009313,0.0026267666835337877,0.000998901843558997,0.001129484677221626,0.0012286198325455189
EU,C_NO_H,163,12,0.00016896762826945633,0.00018534617265686393,0.013274504104629159,0.0025691932532936335,0.00103899888927117,0.0012488184147514403,0.0013735363609157503
EU,C_NO_H,164,12,0.00016933387814788148,0.00018279005598742515,0.013331853901036084,0.002990004373714328,0.0010394235723651946,0.001629045989830047,0.0013326198095455766
EU,C_NO_H,165,12,0.00016970635624602437,0.00018228818225907162,0.013529018382541835,0.0032535860082134604,0.0011133435764349997,0.0011637033894658089,0.0016603710828348994
EU,C_NO_H,166,12,0.00017019544611684978,0.00018904980970546603,0.013238375075161457,0.0027588243829086423,0.0010586893768049777,0.0011284578358754516,0.0014558592811226845
EU,C_NO_H,167,12,0.00017031093739205971,0.00018562559853307903,0.013181107235141098,0.002629965078085661,0.0010660627740435302,0.0014231017557904124,0.001410915341693908
EU,C_NO_H,168,12,0.00017007504357025027,0.00018310047016711906,0.013488656491972506,0.0038728348445147276,0.0011882696999236941,0.002167866739910096,0.0016032728017307818
EU,C_NO_H,169,12,0.0001705393151496537,0.00018252396694151685,0.01368329708930105,0.003201815765351057,0.0010477231990080327,0.0011640848824754357,0.001364979601930827
EU,C_NO_H,170,12,0.0001712928933557123,0.00018983555492013693,0.013627630192786455,0.002877509454265237,0.0011015856289304793,0.0011610655928961933,0.0015908843488432467
EU,C_NO_H,171,12,0.0001709986390778795,0.0001860190532170236,0.013565194909460843,0.00482025439850986,0.0010754975955933332,0.0011396468034945428,0.001380380883347243
EU,C_NO_H,172,12,0.00017128169565694407,0.00018269064457854256,0.013772507081739604,0.0034683491103351116,0.001132574921939522,0.001371020800434053,0.001350437174551189
EU,C_NO_H,173,12,0.00017144429148174822,0.00018270270084030926,0.014229298860300332,0.0034493639832362533,0.0010860355687327683,0.0014166567125357687,0.0016089286073110998
EU,C_NO_H,174,12,0.00017145919264294207,0.00018970527889905497,0.014352459751535207,0.003769737435504794,0.001061829854734242,0.0012437451514415443,0.001594623434357345
EU,C_NO_H,175,12,0.00017027603462338448,0.00018455777171766385,0.014232670131605119,0.004073792020790279,0.0011283071362413466,0.0012825115118175745,0.001743596512824297
EU,C_NO_H,176,12,0.00017024750559357926,0.00018164527864428237,0.01430122583406046,0.0034851470263674855,0.0012728312285616994,0.0016575587796978652,0.0018658287008292973
EU,C_NO_H,177,12,0.0001700128777883947,0.0001813470953493379,0.013871578965336084,0.004008705727756023,0.001165215449873358,0.001228683686349541,0.0017767277313396335
EU,C_NO_H,178,12,0.00017103592108469456,0.00018869117775466293,0.013781376997940242,0.003979851142503321,0.0011573673109523952,0.001228401786647737,0.0020090952166356146
EU,C_NO_H,179,12,0.0001703506422927603,0.00018455165991326794,0.013034682255238295,0.0031543169170618057,0.0011982541182078421,0.0014100440894253552,0.0017686158535070717
EU,C_NO_H,180,12,0.00017028986621880904,0.00018208111578132957,0.012664247944485396,0.00440203258767724,0.0012615700252354145,0.0020075991051271558,0.0018067948403768241
EU,C_NO_H,181,12,0.00017061388643924147,0.00018168980022892356,0.012587010103743523,0.00373882707208395,0.0012232172884978354,0.001515642215963453,0.001567745115607977
EU,C_NO_H,182,12,0.00017111667693825439,0.00018886010366259143,0.012815349269658327,0.0037623121170327067,0.0011738515459001064,0.0012090817908756435,0.001306918973568827
EU,C_NO_H,183,12,0.0001715860198601149,0.00018413087673252448,0.013239418505690992,0.004026748239994049,0.0011521740234456956,0.001371334947180003,0.001579201314598322
EU,C_NO_H,184,12,0.00017158231639768928,0.00018326433200854808,0.013537214836105704,0.003733609803020954,0.001200215076096356,0.0014862240059301257,0.0018748955335468054
EU,C_NO_H,185,12,0.00017214103718288243,0.00018285311671206728,0.013768666540272534,0.0036976755363866687,0.0011357652838341892,0.0014179976424202323,0.001599221839569509
EU,C_NO_H,186,12,0.0001725283800624311,0.00019150326261296868,0.013711394625715911,0.003033015877008438,0.0011533519718796015,0.0014044290874153376,0.0015402264543808997
EU,C_NO_H,187,12,0.00017242661851923913,0.0001851900015026331,0.013852160656824708,0.003796628792770207,0.0012204000959172845,0.0012711391900666058,0.0019115939503535628
EU,C_NO_H,188,12,0.0001728524439386092,0.0001851378328865394,0.014052957762032747,0.0037523979553952813,0.0012096831342205405,0.001667045580688864,0.0018779068486765027
EU,C_NO_H,189,12,0.00017330678383586928,0.0001846098675741814,0.014028029050678015,0.0036625817883759737,0.0011712060077115893,0.0014051157631911337,0.00155905686551705
EU,C_NO_H,190,12,0.00017432850290788338,0.00019252375204814598,0.014283324149437249,0.004437997005879879,0.0011717663728632033,0.0013680561678484082,0.0022676846710965037
EU,C_NO_H,191,12,0.00017343834770144895,0.00018551271205069497,0.014474137942306698,0.004713523434475064,0.001397599815391004,0.0015770018799230456,0.001844843674916774
EU,C_NO_H,192,12,0.00017329808179056272,0.00018465848552295938,0.014166186773218214,0.003849249449558556,0.0010680090636014938,0.0015431313076987863,0.002088564506266266
EU,C_NO_H,193,12,0.00017325455701211467,0.00018355820793658495,0.013864257489331067,0.004710656125098467,0.001157325808890164,0.0015082856989465654,0.0025350480573251843
EU,C_NO_H,194,12,0.00017371511057717726,0.0001922183291753754,0.013498101034201682,0.0036072414368391037,0.0012107891379855573,0.0013519718777388334,0.0017568678013049066
EU,C_NO_H,195,12,0.00017353513248963282,0.00018510911468183622,0.014144443324767053,0.004011469893157482,0.0012454313109628856,0.001241979538463056,0.0026451267767697573
EU,C_NO_H,196,12,0.0001733886601869017,0.00018465094035491347,0.014272972010076046,0.0054317929316312075,0.0012157856835983694,0.001557820534799248,0.0029144735308364034
EU,C_NO_H,197,12,0.00017334766744170338,0.00018412424833513796,0.014325932366773486,0.003386802738532424,0.0011936638038605452,0.0015097231953404844,0.0020590320928022265
EU,C_NO_H,198,12,0.00017458785441704094,0.0001922766532516107,0.014173174509778619,0.004630861105397344,0.001099794579204172,0.0012535698479041457,0.002865129499696195
EU,C_NO_H,199,12,0.00017416827176930383,0.00018619908223627135,0.013795529375784099,0.003700902685523033,0.001148294482845813,0.0015614622388966382,0.0022730814525857568
EU,C_NO_H,200,12,0.00017511299665784463,0.00018682219524635002,0.013552295975387096,0.004166920902207494,0.0010164323030039668,0.0013385250931605697,0.002303675515577197
EU,C_NO_H,201,12,0.0001760676532285288,0.00018651647405931726,0.013437591609545052,0.0051977364346385,0.0011998949921689928,0.0014067639713175595,0.0027274872409179807
EU,C_NO_H,202,12,0.00017632705566938967,0.00019272581266704947,0.013026476372033358,0.003887985600158572,0.001126067596487701,0.001257954747416079,0.0022868409287184477
EU,C_NO_H,203,12,0.00017499628302175552,0.00018697384075494483,0.01288261462468654,0.004688886692747474,0.001130278513301164,0.0011991244973614812,0.003289989079348743
EU,C_NO_H,204,12,0.0001748498107190244,0.0001866633101599291,0.013122429139912128,0.004189257510006428,0.0013897300814278424,0.0020292148692533374,0.00191848335089162
EU,C_NO_H,205,12,0.0001754320619511418,0.00018629679107107222,0.013695904985070229,0.0043741920962929726,0.001326155208516866,0.0011332127614878118,0.0026817062171176076
EU,C_NO_H,206,12,0.0001762799292919226,0.00019431873079156503,0.013587855151854455,0.003872673027217388,0.0012615890591405332,0.0014323184150271118,0.002825559116899967
EU,C_NO_H,207,12,0.00017623030726099387,0.0001878701223176904,0.013554389006458223,0.004332662792876363,0.0012008027988485992,0.001458255690522492,0.0018290875595994294
EU,C_NO_H,208,12,0.00017626752378419042,0.0001883429504232481,0.014093922916799784,0.00413704733364284,0.0013967184931971133,0.002163748606108129,0.0017017477075569332
EU,C_NO_H,209,12,0.00017705836944514886,0.00018855365487979725,0.014501680387184024,0.004165514139458537,0.0014167922199703753,0.001620568975340575,0.002119152690283954
EU,C_NO_H,210,12,0.000177250818524044,0.0001949084980878979,0.014834921690635383,0.004444587742909789,0.0013450926053337753,0.0015080729499459267,0.002351740258745849
EU,C_NO_H,211,12,0.00017678653239272535,0.00018788630404742435,0.014394062804058194,0.003794054384343326,0.0012278156355023384,0.001325078192166984,0.0016874554567039013
EU,C_NO_H,212,12,0.0001765308334142901,0.00018991098477272317,0.014139842824079096,0.0038883418310433626,0.0012477139825932682,0.0016186846769414842,0.002258211898151785
EU,C_NO_H,213,12,0.00017780203779693693,0.00018945511692436412,0.013764657895080745,0.003251841990277171,0.0014897131477482617,0.001599843380972743,0.0018129633972421288
EU,C_NO_H,214,12,0.0001795785137801431,0.00019701399287441745,0.013973475783132017,0.0036027785390615463,0.001090207020752132,0.0011742805945686996,0.0020032176398672163
EU,C_NO_H,215,12,0.00017891681636683643,0.00018980678578373045,0.013761848793365061,0.0034818510757759213,0.001254330505616963,0.0015078516444191337,0.002209125552326441
EU,C_NO_H,216,12,0.00017910687165567651,0.00019185880228178576,0.01397103478666395,0.004084809683263302,0.0009668592538218945,0.0014981894637458026,0.002089944202452898
EU,C_NO_H,217,12,0.00017919380479725078,0.0001914240201585926,0.014507876127026975,0.003709507524035871,0.001353626314084977,0.0016387893119826913,0.001669412071350962
EU,C_NO_H,218,12,0.00017960347759071738,0.0001979997832677327,0.014525634935125709,0.002812861232087016,0.0010786566708702594,0.0014302223571576178,0.0018332313047721982
EU,C_NO_H,219,12,0.00017904240667121485,0.00019005270587513223,0.014924801304005086,0.003546959371306002,0.0011794944875873625,0.0012966577196493745,0.0018012385116890073
EU,C_NO_H,220,12,0.00017972273053601384,0.00019228228484280407,0.015212958212941885,0.0036666179075837135,0.0011085522128269076,0.0015182534698396921,0.0017765251686796546
EU,C_NO_H,221,12,0.00018091948732035235,0.00019266797607997432,0.01547223050147295,0.003947610151953995,0.0012383069260977209,0.001601455092895776,0.0019174764747731388
EU,C_NO_H,222,12,0.00018157741578761488,0.0001992256220546551,0.015556748607195914,0.0036227087257429957,0.0011670796084217727,0.001430013682693243,0.00204255897551775
EU,C_NO_H,223,12,0.00018109698430635035,0.0001914455569931306,0.016001370851881802,0.003500291262753308,0.001233166316524148,0.0013973189634270966,0.0019362290622666478
EU,C_NO_H,224,12,0.00018131175602320582,0.00019395317212911323,0.01646502874791622,0.0045547024346888065,0.0012706267880275846,0.0016803983598947525,0.002125731552951038
EU,C_NO_H,225,12,0.00018160474428441375,0.0001929932986968197,0.01587535091675818,0.0038281010929495096,0.0012427156325429678,0.0014582205330953002,0.001906061195768416
EU,C_NO_H,226,12,0.0001822850899770856,0.00020061804389115423,0.015915126889012754,0.0049253227189183235,0.0012193971779197454,0.0014711484545841813,0.0023295226274058223
EU,C_NO_H,227,12,0.0001816469884943217,0.00019177707872586325,0.015524019720032811,0.0042836584616452456,0.0011621532612480223,0.0014025199343450367,0.0019920230843126774
EU,C_NO_H,228,12,0.0001812708069337532,0.00019317601982038468,0.015166652156040072,0.00415972457267344,0.0010396302095614374,0.0015905002946965396,0.0022490828996524215
EU,C_NO_H,229,12,0.00018208758410764858,0.00019304781744722277,0.015151190338656306,0.004166220431216061,0.0013668424799107015,0.0016252349014393985,0.0027680426137521863
EU,C_NO_H,230,12,0.0001823482889449224,0.00020122606656514108,0.01569283870048821,0.0047422186471521854,0.0013784061884507537,0.0015643954393453896,0.002729692030698061
EU,C_NO_H,231,12,0.00018130175885744393,0.00019126426195725799,0.015146080986596644,0.004588383948430419,0.0009498803410679102,0.0013085747486911714,0.002048927708528936
EU,C_NO_H,232,12,0.00018089215154759586,0.000193209525605198,0.014467275235801935,0.007491528522223234,0.001318170572631061,0.0021105828345753253,0.003289203392341733
EU,C_NO_H,233,12,0.00018212749273516238,0.00019345143664395437,0.014382757362909615,0.005290482426062226,0.0011225737980566919,0.0013661806588061154,0.0030279355123639107
EU,C_NO_H,234,12,0.0001825433864723891,0.00019996501214336604,0.01479097839910537,0.00504524540156126,0.00120677548693493,0.0015129366074688733,0.0022909368854016066
EU,C_NO_H,235,12,0.00018170299154007807,0.0001926102049765177,0.01506972243078053,0.005029385443776846,0.0013799420557916164,0.0010886028176173568,0.0027985203778371215
EU,C_NO_H,236,12,0.0001809120803955011,0.0001936379194376059,0.015308187808841467,0.005716596497222781,0.0016337879933416843,0.0018357557710260153,0.003002519952133298
EU,C_NO_H,237,12,0.00018247374100610614,0.00019389075168874115,0.015656259609386325,0.004789608297869563,0.001144568610470742,0.001585033314768225,0.0028032257687300444
EU,C_NO_H,238,12,0.00018172631098423153,0.00019716133101610467,0.014804975013248622,0.005523164523765445,0.001050885213771835,0.0015941415913403034,0.002870418131351471
EU,C_NO_H,239,12,0.00017936260701389983,0.00018922576418844983,0.015661672269925476,0.004640740342438221,0.001270230015506968,0.0013663283316418529,0.002873666468076408
EU,C_NO_H,240,12,0.00017868353461381048,0.00019074516603723168,0.015010888688266277,0.004318950232118368,0.0012675372418016195,0.0016027825186029077,0.0022039845352992415
EU,C_NO_H,241,12,0.00017956499505089596,0.00019067726680077612,0.014786940766498446,0.003054800210520625,0.0009120738541241735,0.0016499594203196466,0.0020780600025318563
EU,C_NO_H,242,12,0.00018137745064450428,0.0001917135450639762,0.015348920715041459,0.004957224708050489,0.0013203464914113283,0.001489226648118347,0.002017157501541078
EU,C_NO_H,243,12,0.00017979106632992625,0.00019023515051230788,0.015600347868166864,0.004504077602177858,0.0013809273368678987,0.0015900449361652136,0.0020996476523578167
EU,C_NO_H,244,12,0.00018009151244768873,0.0001934281608555466,0.014750141417607665,0.004126188578084111,0.001355526561383158,0.002073178649879992,0.0020360404159873724
EU,C_NO_H,245,12,0.0001809033492463641,0.0001907415789901279,0.015612852293998003,0.007234959164634347,0.0014335009036585689,0.0017045856802724302,0.002781798830255866
EU,C_NO_H,246,12,0.00018171145347878337,0.00019464814977254719,0.01563919649925083,0.005088135600090027,0.001229654997587204,0.001462148444261402,0.0032706251367926598
EU,C_NO_H,247,12,0.00018049115897156298,0.00019120470096822828,0.015170898055657744,0.004159836797043681,0.0014053680934011936,0.0016442048363387585,0.0028042352059856057
EU,C_NO_H,248,12,0.00018080281734000891,0.00019389234512345865,0.015414573019370437,0.0038267943309620023,0.0010114003962371498,0.0015297829522751272,0.001940491667483002
EU,C_NO_H,249,12,0.00018158608145313337,0.00019301665452076122,0.015619470388628542,0.004119437420740724,0.001443019660655409,0.002020855259615928,0.0025822174502536654
EU,C_NO_H,250,12,0.0001820278266677633,0.0001980923771043308,0.016238732961937785,0.0058787502348423,0.0013110693544149399,0.001657482236623764,0.002774435793980956
EU,C_NO_H,251,12,0.00018038923008134589,0.00019006231741514057,0.01601322554051876,0.004801162285730243,0.0012211272842250764,0.0010291028302162886,0.0019543892703950405
EU,C_NO_H,252,12,0.00018023160373559222,0.0001923391391756013,0.015630444511771202,0.006068256916478276,0.0012348529999144375,0.0019132019369862974,0.0028130862629041076
EU,C_NO_H,253,12,0.00018126579379895702,0.00019253741629654542,0.015860894811339676,0.0057678071316331625,0.0011450668098405004,0.0017019376973621547,0.0024314243346452713
EU,C_NO_H,254,12,0.0001821483310777694,0.00019644255371531472,0.015907361637800932,0.005026527913287282,0.0010029492841567844,0.0015087592182680964,0.002971406909637153
EU,C_NO_H,255,12,0.00017889333685161546,0.00018933247338281944,0.016335463733412325,0.005085640586912632,0.001446146925445646,0.0010534801986068487,0.0023577112006023526
EU,C_NO_H,256,12,0.00017905600543599576,0.00019218155648559332,0.016625491552986205,0.005363529548048973,0.0015652586007490754,0.0018503449391573668,0.0028710676124319434
EU,C_NO_H,257,12,0.00018044641183223575,0.00019172800239175558,0.016614182735793293,0.004067934351041913,0.0009355587244499475,0.001545135979540646,0.0020361542119644582
EU,C_NO_H,258,12,0.00018262256344314665,0.00019666289153974503,0.016712114284746348,0.005633754655718803,0.0010736042750068009,0.0016809346852824092,0.0022420872701331973
EU,C_NO_H,259,12,0.00018005289894063026,0.00019186761346645653,0.0163516626926139,0.004483656724914908,0.001078489818610251,0.0011854631593450904,0.002285186492372304
EU,C_NO_H,260,12,0.00017979592666961253,0.00019336719560669735,0.016253622015938163,0.004738745978102088,0.0015691581647843122,0.0020725077483803034,0.002193412510678172
EU,C_NO_H,261,12,0.00017990761989494786,0.00019114960014121607,0.01643965346738696,0.004096916411072016,0.0012699327198788524,0.0016353969112969935,0.0021261705551296473
EU,C_NO_H,262,12,0.0001812346381484531,0.00019488727411953732,0.016735737212002277,0.004535275045782328,0.0010239167895633727,0.0018346867873333395,0.0024761658278293908
EU,C_NO_H,263,12,0.0001791762697394006,0.0001901294817798771,0.017278315033763647,0.004099344136193395,0.0009309067972935736,0.001173345255665481,0.00259724457282573
EU,C_NO_H,264,12,0.0001789254165487364,0.00019178904040018097,0.017028515925630927,0.004830932943150401,0.0011485005379654467,0.0018373833736404777,0.0024117333814501762
EU,C_NO_H,265,12,0.00017967886378755793,0.00019105364481220022,0.016605871031060815,0.004970684181898832,0.0014435769990086555,0.001899136055726558,0.0018783965497277677
EU,C_NO_H,266,12,0.00018056771659757942,0.0001947181808645837,0.016107764560729265,0.004915265832096338,0.0016195219359360635,0.0017374891322106123,0.0023850005818530917
EU,C_NO_H,267,12,0.00017908323206938803,0.000190118356840685,0.016512324917130172,0.004892709897831082,0.001256764546269551,0.001395839441101998,0.00267882680054754
EU,C_NO_H,268,12,0.00017883880354929715,0.00019254037033533677,0.01583406124264002,0.0049212162848562,0.0018804703722707927,0.0018874785746447742,0.0025379688013345003
EU,C_NO_H,269,12,0.00017955512885237113,0.00019052148854825646,0.01608636591117829,0.005227706162258983,0.001686972682364285,0.0019507654942572117,0.0022936820751056075
EU,C_NO_H,270,12,0.00017954011855181307,0.000193603707884904,0.016607213648967445,0.004623723682016134,0.0011888864100910723,0.00151744025060907,0.0026329357642680407
EU,C_NO_H,271,12,0.00017890432354761288,0.0001898897171486169,0.016232216311618686,0.004063283326104283,0.0011200885055586696,0.0015542819164693356,0.002817680826410651
EU,C_NO_H,272,12,0.0001803752311388962,0.00019418488955125213,0.016758364159613848,0.0038263133028522134,0.001067027566023171,0.001791250251699239,0.002473581931553781
EU,C_NO_H,273,12,0.00018094127881340683,0.0001909742786665447,0.016496044723317026,0.003738374332897365,0.0010376440768595785,0.0014508311287499964,0.0024378268280997872
EU,C_NO_H,274,12,0.00017925685096997768,0.0001902925650938414,0.01686781223397702,0.0044285140465945005,0.0008517307578586042,0.0018039291026070714,0.0027021417627111077
EU,C_NO_H,275,12,0.00017662263417150825,0.00018728653230937198,0.016926282690837978,0.0038819212932139635,0.0009537763253320009,0.001127291121520102,0.0026037596398964524
EU,C_NO_H,276,12,0.0001764513217494823,0.0001895596069516614,0.016582979238592088,0.003781558247283101,0.0012631555437110364,0.0018568740924820304,0.0022224639542400837
EU,C_NO_H,277,12,0.00017754376312950626,0.00018651810387382284,0.017143376148305835,0.0047005582600831985,0.0014668385265395045,0.0016031970735639334,0.002499694819562137
EU,C_NO_H,278,12,0.0001783679035725072,0.0001873903238447383,0.015934313531033695,0.0036541258450597525,0.001102991634979844,0.0015236945473589003,0.0020980006083846092
EU,C_NO_H,279,12,0.0001779206722858362,0.00018833515787264332,0.016543186618946493,0.003743028617464006,0.0009647665137890726,0.0011541656567715108,0.002488339552655816
EU,C_NO_H,280,12,0.0001778745645424351,0.00019043540669372305,0.01658635085914284,0.004572529345750809,0.0017231276142410934,0.0022869352251291275,0.0024737250059843063
EU,C_NO_H,281,12,0.0001773730618879199,0.00018684846872929484,0.016735428129322827,0.0025667487643659115,0.0016285102465189993,0.0017470965976826847,0.0023202934535220265
EU,C_NO_H,282,12,0.0001766557470546104,0.00018836175149772316,0.016899187583476305,0.00490773725323379,0.0016293746302835643,0.0021262982627376914,0.0024354924680665135
EU,C_NO_H,283,12,0.00017493278573965654,0.000185466451512184,0.01670289959292859,0.003608102793805301,0.001215457683429122,0.0015637146425433457,0.0023985971929505467
EU,C_NO_H,284,12,0.00017578080587554723,0.00018827959866030142,0.01635715807788074,0.004429613589309156,0.001202381739858538,0.0018413924844935536,0.0024214587174355984
EU,C_NO_H,285,12,0.00017710428073769435,0.0001871247004601173,0.016251560766249895,0.0034377480624243617,0.0013725085882470012,0.0016187690198421478,0.0023502882104367018
EU,C_NO_H,286,12,0.0001778341393219307,0.000189125508768484,0.016350829624570906,0.003831312176771462,0.001153365388745442,0.0016132608288899064,0.0019769518985413015
EU,C_NO_H,287,12,0.00017712387489154935,0.00018741792882792652,0.016846812469884752,0.004193313303403556,0.001095909159630537,0.0012490355293266475,0.0022231945767998695
EU,C_NO_H,288,12,0.0001778028963599354,0.00019037364108953625,0.01706931097432971,0.004034517332911491,0.001378576154820621,0.0019430187530815601,0.0021647491957992315
EU,C_NO_H,289,12,0.00017811204452300444,0.00018768299196381122,0.016822165227495134,0.003382634837180376,0.001401038549374789,0.0015774405910633504,0.0026308917440474033
EU,C_NO_H,290,12,0.000178062473423779,0.00018922228628071025,0.017328535206615925,0.003807819099165499,0.001362156355753541,0.0016793523100204766,0.0020501288818195462
EU,C_NO_H,291,12,0.00017755742010194808,0.00018790230387821794,0.01744113292079419,0.003285055048763752,0.0010737809934653342,0.0011761276982724667,0.0022173234028741717
EU,C_NO_H,292,12,0.00017770648264558986,0.00019019654428120703,0.01721044152509421,0.004837206797674298,0.0011108171311207116,0.0018616743036545813,0.0027330282609909773
EU,C_NO_H,293,12,0.00017822920926846564,0.00018732874741544947,0.01701596798375249,0.0031944067450240254,0.001216402044519782,0.0017411770531907678,0.0021499840077012777
EU,C_NO_H,294,12,0.00017846252740127966,0.00018785576685331762,0.016583231277763844,0.003602253505960107,0.0010401973850093782,0.0014925583964213729,0.0022966330870985985
EU,C_NO_H,295,12,0.0001764971311786212,0.00018712005112320185,0.017012676200829448,0.0032344505889341235,0.0013419900205917656,0.0011992012150585651,0.0022296906681731343
EU,C_NO_H,296,12,0.00017590471543371677,0.0001884469238575548,0.01741561945527792,0.004972231108695269,0.00217063061427325,0.0022229256574064493,0.002232222876045853
EU,C_NO_H,297,12,0.00017650661175139248,0.00018505224579712376,0.017170058633200824,0.0036001355620101094,0.0013081538490951061,0.0016565031255595386,0.002623253269121051
EU,C_NO_H,298,12,0.00017622853920329362,0.00018544797057984397,0.01771662523970008,0.0036529776407405734,0.0011834871256724,0.0013623226550407708,0.002255856175906956
EU,C_NO_H,299,12,0.00017656003910815343,0.0001864568330347538,0.018314984627068043,0.0037994697922840714,0.0012764596613124013,0.00121458520879969,0.0020170682691968977
EU,C_NO_H,300,12,0.00017725300131132826,0.00018902678129961714,0.01854151557199657,0.004206372424960136,0.0011068340972997248,0.0017544914153404534,0.002029714873060584
EU,C_NO_H,301,12,0.00017787151591619477,0.00018604467913974077,0.01848622120451182,0.003456510487012565,0.0012488102074712515,0.001783037034329027,0.0026001346996054053
EU,C_NO_H,302,12,0.00017839182692114264,0.00018574792193248868,0.018655601423233747,0.0041220057755708694,0.0010512222943361849,0.0016409085365012288,0.002678173827007413
EU,C_NO_H,303,12,0.00017655067495070398,0.00018742302199825644,0.019113335758447647,0.00422982161398977,0.0015034283278509974,0.0015836264938116074,0.001911693369038403
EU,C_NO_H,304,12,0.000177420923137106,0.000189676255104132,0.019137208815664053,0.004778288537636399,0.001327676116488874,0.0020204377360641956,0.0022195440251380205
EU,C_NO_H,305,12,0.00017989896150538698,0.0001872799839475192,0.018629999714903533,0.003746351576410234,0.0011737178429029882,0.0015417012036778033,0.002166544902138412
EU,C_NO_H,306,12,0.0001826575316954404,0.0001898286718642339,0.018155902274884284,0.005357451271265745,0.001285106292925775,0.0012716342462226748,0.002442545024678111
EU,C_NO_H,307,12,0.00018366189033258706,0.00019442235497990623,0.018032165244221687,0.0033906432799994946,0.0012992647825740278,0.0014007390127517283,0.0020889881416223943
EU,C_NO_H,308,12,0.0001838220123318024,0.0001957719141501002,0.01802162849344313,0.004481960786506534,0.0012574024149216712,0.0019312414224259555,0.002699262578971684
EU,C_NO_H,309,12,0.00018408901087241247,0.00019111004075966775,0.018215040327049792,0.0039676460437476635,0.0014651088858954608,0.0017066654399968684,0.0020296096336096525
EU,C_NO_H,310,12,0.00018355024803895503,0.00018973572878167033,0.017837138031609356,0.005309397121891379,0.0010373165423516184,0.001254027767572552,0.002846176386810839
EU,C_NO_H,311,12,0.00018203684885520488,0.00019259878172306344,0.017865545232780278,0.004324834328144789,0.0011096741654910147,0.0014879092923365533,0.00233326549641788
EU,C_NO_H,312,12,0.00018130064563592896,0.00019186755525879562,0.01692810794338584,0.0036348612047731876,0.001014159177429974,0.0018892845255322754,0.0021786150755360723
EU,C_NO_H,313,12,0.00018138883024221286,0.0001870753476396203,0.017616833560168743,0.003894932451657951,0.0009791508782655,0.0012591665145009756,0.0028124592499807477
EU,C_NO_H,314,12,0.00018196743621956557,0.00018801019177772105,0.017350010108202696,0.0043643786339089274,0.0010887767421081662,0.0016013059066608548,0.0024482030421495438
EU,C_NO_H,315,12,0.00018312953761778772,0.00019407388026593253,0.017958364239893852,0.005399726331233978,0.0013071171124465764,0.001257729425560683,0.0026050021406263113
EU,C_NO_H,316,12,0.000184146425453946,0.00019532157602952793,0.017874235380440952,0.0032848042901605368,0.0009734084596857429,0.0017858785577118397,0.002537252032198012
EU,C_NO_H,317,12,0.00018472002557246014,0.00019201054237782955,0.01834326523821801,0.00555215566419065,0.001154876605141908,0.001347746525425464,0.003990475786849856
EU,C_NO_H,318,12,0.0001853854482760653,0.00019064605294261128,0.019604868022724986,0.006316478131338954,0.0013713354128412902,0.0015557496808469296,0.0029126991285011172
EU,C_NO_H,319,12,0.00018455099780112505,0.0001961346424650401,0.018469721637666227,0.0038866198156028986,0.0009268124704249203,0.0013446987723000348,0.002381245023570955
EU,C_NO_H,320,12,0.00018471857765689492,0.00019540837820386514,0.01799096476752311,0.0047014441806823015,0.0013716969988308847,0.001680116227362305,0.0028906507650390267
PEU,native_CP,0,12,3.0144835710525513,,,0.0,,,
PEU,native_CP,20,12,3.0126755237579346,,,0.04172952473163605,,,
PEU,native_CP,40,12,2.9947484731674194,,,0.1258251704275608,,,
PEU,native_CP,60,12,2.9091668128967285,,,0.2597228139638901,,,
PEU,native_CP,80,12,2.572106957435608,,,0.5179365873336792,,,
PEU,native_CP,100,12,1.6296725869178772,,,0.929223895072937,,,
PEU,native_CP,120,12,0.853992372751236,,,0.7825177907943726,,,
PEU,native_CP,140,12,0.40128903090953827,,,0.4016590267419815,,,
PEU,native_CP,160,6,0.35608823597431183,,,0.3366791009902954,,,
PEU,A2,0,12,,,,,,,
PEU,A2,40,12,0.11869843304157257,0.1223098523914814,,0.12723416835069656,,,
PEU,A2,80,12,0.05687786266207695,0.05787988193333149,,0.07862917333841324,,,
PEU,CP_W0,1,12,0.05622423440217972,0.05251035653054714,0.21892127487808466,0.07540620118379593,0.03940674848854542,0.04871214181184769,0.013996631372720003
PEU,CP_W0,2,12,0.055043263360857964,0.058552270755171776,0.2212841110303998,0.07788391038775444,0.0389980748295784,0.04536941088736057,0.014039974194020033
PEU,CP_W0,3,12,0.05401899293065071,0.05552447959780693,0.22080218605697155,0.07695218920707703,0.03825421631336212,0.05220118165016174,0.014085597358644009
PEU,CP_W0,4,12,0.052966171875596046,0.054149309173226357,0.22139478847384453,0.07338578253984451,0.03787923417985439,0.050815945491194725,0.014122168999165297
PEU,CP_W0,5,12,0.052053092047572136,0.048051826655864716,0.2218041680753231,0.06747953966259956,0.03705833479762077,0.0443437434732914,0.014116307720541954
PEU,CP_W0,6,12,0.05113828368484974,0.05505799315869808,0.2226950079202652,0.07013537362217903,0.03663942776620388,0.04138903692364693,0.014097086619585752
PEU,CP_W0,7,12,0.05025435611605644,0.05264200270175934,0.22277730703353882,0.07000383734703064,0.036050304770469666,0.049841051921248436,0.014144610613584518
PEU,CP_W0,8,12,0.04939081333577633,0.05042974837124348,0.22333444096148014,0.06609252467751503,0.035385044291615486,0.045646313577890396,0.014112107455730438
PEU,CP_W0,9,12,0.04858250170946121,0.044745324179530144,0.22376476880162954,0.06612507998943329,0.03490189276635647,0.04313190095126629,0.014136754907667637
PEU,CP_W0,10,12,0.047803668305277824,0.05212058126926422,0.22455781884491444,0.06484941020607948,0.03436003625392914,0.03843753784894943,0.014150853734463453
PEU,CP_W0,11,12,0.04698913171887398,0.04990328848361969,0.2247905731201172,0.06457053124904633,0.03372525982558727,0.04820775426924229,0.014098784886300564
PEU,CP_W0,12,12,0.04625069908797741,0.047222333028912544,0.22499356046319008,0.060843637213110924,0.03306383453309536,0.04216588847339153,0.014120830222964287
PEU,CP_W0,13,12,0.0455204825848341,0.041837941855192184,0.2253470029681921,0.06158754415810108,0.03260030224919319,0.042044345289468765,0.014115297701209784
PEU,CP_W0,14,12,0.044779958203434944,0.04952087998390198,0.22585480380803347,0.060444314032793045,0.03204227052628994,0.03625403717160225,0.014114687219262123
PEU,CP_W0,15,12,0.04411153309047222,0.0475580208003521,0.22584534343332052,0.06095397099852562,0.03147883992642164,0.04625834710896015,0.014088634867221117
PEU,CP_W0,16,12,0.04341672360897064,0.04438052140176296,0.22609600145369768,0.0569018367677927,0.03085452225059271,0.0399971641600132,0.014122114516794682
PEU,CP_W0,17,12,0.042741354554891586,0.039248304441571236,0.22623740509152412,0.05693817883729935,0.03034963086247444,0.04003461077809334,0.014100112952291965
PEU,CP_W0,18,12,0.04211495257914066,0.04713599383831024,0.22627615835517645,0.056711744517087936,0.029843428172171116,0.03490897826850414,0.014125929679721594
PEU,CP_W0,19,12,0.04148281738162041,0.04538119211792946,0.22609800286591053,0.057299381121993065,0.029315974563360214,0.04399339109659195,0.014107046648859978
PEU,CP_W0,20,12,0.04094067960977554,0.0420182216912508,0.22605367377400398,0.05384553223848343,0.028802060522139072,0.03834835812449455,0.014121122192591429
PEU,CP_W0,21,12,0.040391216054558754,0.03681246004998684,0.22588808834552765,0.05306575447320938,0.028443236835300922,0.038009706884622574,0.014080298133194447
PEU,CP_W0,22,12,0.03982776962220669,0.04499482549726963,0.22579780127853155,0.05361069738864899,0.02803279459476471,0.033625392243266106,0.014100387692451477
PEU,CP_W0,23,12,0.03924850095063448,0.04350069351494312,0.225274208933115,0.05379093997180462,0.027603141963481903,0.041941117495298386,0.01408517500385642
PEU,CP_W0,24,12,0.03875165153294802,0.03983279503881931,0.22480138670653105,0.050897350534796715,0.02718394435942173,0.03675935044884682,0.014080614782869816
PEU,CP_W0,25,12,0.03824903629720211,0.0346981780603528,0.2243778184056282,0.049745870754122734,0.026771518401801586,0.03641093149781227,0.014115954283624887
PEU,CP_W0,26,12,0.0377667061984539,0.04304331727325916,0.2242461470887065,0.0504600815474987,0.026479664258658886,0.03233051300048828,0.014119852799922228
PEU,CP_W0,27,12,0.03728419076651335,0.04171590507030487,0.22339663095772266,0.050762951374053955,0.026182493194937706,0.04032973758876324,0.014102752786129713
PEU,CP_W0,28,12,0.03680234123021364,0.037911330349743366,0.2228687023743987,0.04810093343257904,0.02579924464225769,0.035074676387012005,0.01420272421091795
PEU,CP_W0,29,12,0.036369035951793194,0.03301022760570049,0.22224165871739388,0.04709444008767605,0.025471333414316177,0.03498610854148865,0.014124356210231781
PEU,CP_W0,30,12,0.03592158202081919,0.041282571852207184,0.22165662422776222,0.04770945385098457,0.025151437148451805,0.03111650887876749,0.014137916266918182
PEU,CP_W0,31,12,0.035457086749374866,0.04013647325336933,0.2208145596086979,0.04781627096235752,0.02481672167778015,0.039006443694233894,0.01409881841391325
PEU,CP_W0,32,12,0.035102118737995625,0.03618093952536583,0.22007932979613543,0.04560563899576664,0.024570303037762642,0.03382152784615755,0.01411407208070159
PEU,CP_W0,33,12,0.03469550143927336,0.03158803191035986,0.2193141644820571,0.0446823313832283,0.024259253405034542,0.0334608294069767,0.014082933776080608
PEU,CP_W0,34,12,0.034318309277296066,0.03957746550440788,0.21883208863437176,0.04527834244072437,0.0240436727181077,0.02989105135202408,0.014114237856119871
PEU,CP_W0,35,12,0.0338836619630456,0.03868068382143974,0.2179021779447794,0.04580114409327507,0.02381132449954748,0.0380349550396204,0.014074314385652542
PEU,CP_W0,36,12,0.033516437746584415,0.03464934974908829,0.2172419810667634,0.04342387989163399,0.02346119564026594,0.03253879304975271,0.014066556468605995
PEU,CP_W0,37,12,0.03312877845019102,0.030262931250035763,0.21627226751297712,0.04252183064818382,0.023204006254673004,0.0321398489177227,0.014057816937565804
PEU,CP_W0,38,12,0.03279486205428839,0.038090383633971214,0.2156620780006051,0.04316527955234051,0.022965681739151478,0.0287927882745862,0.014068873599171638
PEU,CP_W0,39,12,0.03244244959205389,0.037295037880539894,0.21486107539385557,0.04373125731945038,0.022710458375513554,0.03703480400145054,0.014056212268769741
PEU,CP_W0,40,12,0.032095751725137234,0.03336639702320099,0.21398400887846947,0.041499558836221695,0.02245653048157692,0.031352533027529716,0.01406974159181118
PEU,CP_W0,41,12,0.03177271597087383,0.029091879725456238,0.21299959532916546,0.04056229256093502,0.022227591834962368,0.030826525762677193,0.0140672717243433
PEU,CP_W0,42,12,0.031489319168031216,0.03671101666986942,0.21245727315545082,0.04144139215350151,0.021987665444612503,0.027870566584169865,0.014068996999412775
PEU,CP_W0,43,12,0.031134561635553837,0.03607700951397419,0.21154206711798906,0.04184534400701523,0.021748995408415794,0.03584952652454376,0.014093539211899042
PEU,CP_W0,44,12,0.030840500257909298,0.0322271091863513,0.2106257053092122,0.03981339745223522,0.02150578424334526,0.03035393264144659,0.014093196950852871
PEU,CP_W0,45,12,0.030531954020261765,0.027923124842345715,0.20986850932240486,0.03881477192044258,0.021352260373532772,0.029744017869234085,0.014104079455137253
PEU,CP_W0,46,12,0.030270387418568134,0.03544960357248783,0.20908151101320982,0.03997487388551235,0.021074620075523853,0.0269762109965086,0.014122789725661278
PEU,CP_W0,47,12,0.029961297288537025,0.03489067871123552,0.20803755521774292,0.040134502574801445,0.02089842315763235,0.03482729382812977,0.014148680958896875
PEU,CP_W0,48,12,0.029654930345714092,0.031232786364853382,0.20706626679748297,0.03839223273098469,0.020642751827836037,0.029595996253192425,0.014139928855001926
PEU,CP_W0,49,12,0.029410729184746742,0.0268462048843503,0.20621188078075647,0.037171993404626846,0.020454177632927895,0.02852818462997675,0.014093787409365177
PEU,CP_W0,50,12,0.029119172133505344,0.03427801001816988,0.20550938788801432,0.03877514228224754,0.020261427387595177,0.026230634190142155,0.014112981967628002
PEU,CP_W0,51,12,0.02884440217167139,0.033841890282928944,0.2051919735968113,0.03862470202147961,0.020067669451236725,0.03368762880563736,0.014139221981167793
PEU,CP_W0,52,12,0.028574171476066113,0.03021550178527832,0.20486631151288748,0.036915192380547523,0.019878274761140347,0.028694740496575832,0.014096138533204794
PEU,CP_W0,53,12,0.028338869102299213,0.02583847101777792,0.20437504164874554,0.035647119395434856,0.01966848410665989,0.027386611327528954,0.014108255505561829
PEU,CP_W0,54,12,0.028070584870874882,0.033157385885715485,0.20408569741994143,0.037323107942938805,0.019511275924742222,0.02535163424909115,0.014151009265333414
PEU,CP_W0,55,12,0.027842138893902302,0.032812705263495445,0.2038632044568658,0.03705602511763573,0.01933874376118183,0.032758573070168495,0.014140297658741474
PEU,CP_W0,56,12,0.02761438861489296,0.029335912317037582,0.20337374974042177,0.03569093719124794,0.019145994447171688,0.02786717750132084,0.014116774778813124
PEU,CP_W0,57,12,0.027394716627895832,0.0249456986784935,0.20312863308936357,0.03440352901816368,0.018971399404108524,0.026545227505266666,0.014164499007165432
PEU,CP_W0,58,12,0.02717561647295952,0.032109116204082966,0.20285872090607882,0.036147057078778744,0.01880708709359169,0.024611485190689564,0.014158719684928656
PEU,CP_W0,59,12,0.026982275769114494,0.03191903326660395,0.20239643473178148,0.036072892136871815,0.018669888377189636,0.03202145081013441,0.014139093924313784
PEU,CP_W0,60,12,0.026783181354403496,0.028491104021668434,0.2020308244973421,0.034423450008034706,0.018450386822223663,0.027124887332320213,0.014114683028310537
PEU,CP_W0,61,12,0.02658234443515539,0.02407350204885006,0.2016211412847042,0.03307276125997305,0.01836253982037306,0.025637649931013584,0.014120512641966343
PEU,CP_W0,62,12,0.026396971195936203,0.031164334155619144,0.201362787745893,0.0351273100823164,0.018183663487434387,0.023911910131573677,0.014093742705881596
PEU,CP_W0,63,12,0.02619795873761177,0.03107155952602625,0.20083326194435358,0.03514605760574341,0.01798555813729763,0.031145614571869373,0.014064540155231953
PEU,CP_W0,64,12,0.02601597923785448,0.02771576214581728,0.2004581606015563,0.033365300856530666,0.01786782033741474,0.026427248492836952,0.014058772474527359
PEU,CP_W0,65,12,0.025818873196840286,0.023206036537885666,0.19996816478669643,0.032022055238485336,0.017708779778331518,0.02482327725738287,0.014070720411837101
PEU,CP_W0,66,12,0.025637324899435043,0.03026926890015602,0.19985841400921345,0.03421865589916706,0.017560090869665146,0.02325722575187683,0.014052106998860836
PEU,CP_W0,67,12,0.02544703148305416,0.030215724371373653,0.19939317554235458,0.03429427370429039,0.01740396674722433,0.03019870724529028,0.014075500424951315
PEU,CP_W0,68,12,0.02526482753455639,0.026986819691956043,0.19891760125756264,0.03235857840627432,0.017293908167630434,0.025757573544979095,0.014050566125661135
PEU,CP_W0,69,12,0.025078965350985527,0.022490437142550945,0.1985877687111497,0.031020927242934704,0.017157903406769037,0.02404463291168213,0.014034401625394821
PEU,CP_W0,70,12,0.02489118929952383,0.029460097663104534,0.19825921393930912,0.033270650543272495,0.01699321437627077,0.022717798128724098,0.014032828155905008
PEU,CP_W0,71,12,0.02470252849161625,0.0293866703286767,0.19774975487962365,0.03349006827920675,0.0168555392883718,0.02939113788306713,0.014044785406440496
PEU,CP_W0,72,12,0.02450624667108059,0.026296142488718033,0.19754330534487963,0.03143996372818947,0.01674244087189436,0.025204028002917767,0.014002579730004072
PEU,CP_W0,73,12,0.024310908280313015,0.02175021544098854,0.19706116477027535,0.02999855764210224,0.01661032484844327,0.02329197432845831,0.014026998542249203
PEU,CP_W0,74,12,0.024095977656543255,0.02860718034207821,0.1968773528933525,0.03233709558844566,0.01648358255624771,0.022021357901394367,0.014038440305739641
PEU,CP_W0,75,12,0.0239354120567441,0.028542405925691128,0.19639299344271421,0.032730208709836006,0.016362533438950777,0.0284968763589859,0.014027584809809923
PEU,CP_W0,76,12,0.02377048972994089,0.025630456395447254,0.19614370539784431,0.030525128357112408,0.016272064298391342,0.02455906569957733,0.014013511594384909
PEU,CP_W0,77,12,0.023563062772154808,0.021072850562632084,0.1956070540472865,0.0291205495595932,0.016093749087303877,0.022658267989754677,0.014024342875927687
PEU,CP_W0,78,12,0.023386397399008274,0.027734757401049137,0.19538401486352086,0.03146351780742407,0.01594818802550435,0.021504041738808155,0.01400685403496027
PEU,CP_W0,79,12,0.0231705317273736,0.027740643359720707,0.19487924268469214,0.03205226082354784,0.015822534915059805,0.027835440821945667,0.01402005972340703
PEU,CP_W0,80,12,0.02304311189800501,0.02498574461787939,0.19451583735644817,0.02965246606618166,0.015715211164206266,0.024017675779759884,0.01401846343651414
PEU,CP_W0,81,12,0.022838505916297436,0.02044580690562725,0.19411325128749013,0.028204957954585552,0.015579257626086473,0.02196444198489189,0.013991415034979582
PEU,CP_W0,82,12,0.022669414058327675,0.026914004236459732,0.1939353197813034,0.030597870238125324,0.01541860681027174,0.02099816221743822,0.01400055829435587
PEU,CP_W0,83,12,0.022508949041366577,0.02694904524832964,0.1935920505784452,0.031380138359963894,0.015307215508073568,0.027066495269536972,0.013944963924586773
PEU,CP_W0,84,12,0.02237205021083355,0.024406272917985916,0.19317036820575595,0.028961356729269028,0.0151864024810493,0.023456770926713943,0.0139371482655406
PEU,CP_W0,85,12,0.022191946860402822,0.01986987330019474,0.19261494046077132,0.027379753068089485,0.015070882625877857,0.021372584626078606,0.013886636588722467
PEU,CP_W0,86,12,0.022031879983842373,0.02616716455668211,0.19249910302460194,0.029789616353809834,0.014975359663367271,0.02048472873866558,0.013873681426048279
PEU,CP_W0,87,12,0.021886269561946392,0.026286202482879162,0.19200339587405324,0.030616044998168945,0.014859411399811506,0.02640889398753643,0.01382012153044343
PEU,CP_W0,88,12,0.02173622790724039,0.023858594708144665,0.19174140552058816,0.028276761062443256,0.014752852730453014,0.0230437396094203,0.013792209327220917
PEU,CP_W0,89,12,0.021582686807960272,0.019294931553304195,0.1912559475749731,0.02662041410803795,0.01464670104905963,0.02080761454999447,0.013709650374948978
PEU,CP_W0,90,12,0.021405475679785013,0.025450099259614944,0.1911124223843217,0.02903913427144289,0.01454460620880127,0.019987997598946095,0.013693793676793575
PEU,CP_W0,91,12,0.021287386771291494,0.025593124330043793,0.1905913599766791,0.029983697459101677,0.01445776829496026,0.025593772530555725,0.013667358551174402
PEU,CP_W0,92,12,0.02113063121214509,0.02330758422613144,0.19011032348498702,0.027567772194743156,0.014329785481095314,0.02251418586820364,0.013590405695140362
PEU,CP_W0,93,12,0.02100092126056552,0.01875919196754694,0.1896923892199993,0.025913421995937824,0.014227623585611582,0.020337711088359356,0.013555135112255812
PEU,CP_W0,94,12,0.020832287147641182,0.024743638932704926,0.18947336729615927,0.028309580869972706,0.014154580421745777,0.019461591728031635,0.013561148196458817
PEU,CP_W0,95,12,0.020704515278339386,0.024959501810371876,0.18891426036134362,0.029342401772737503,0.014020066242665052,0.02506762184202671,0.013463739771395922
PEU,CP_W0,96,12,0.02056216076016426,0.022813837975263596,0.18856825213879347,0.026972158811986446,0.013953626155853271,0.022022071294486523,0.013443652540445328
PEU,CP_W0,97,12,0.020441671833395958,0.01826354255899787,0.1881302995607257,0.02525147795677185,0.013820273336023092,0.01979388017207384,0.013415507040917873
PEU,CP_W0,98,12,0.02028877567499876,0.024122009053826332,0.1879135617054999,0.027718045748770237,0.013741486705839634,0.01909478008747101,0.013365456834435463
PEU,CP_W0,99,12,0.020157145336270332,0.02436722256243229,0.187505760230124,0.02885215077549219,0.013665047939866781,0.02448199223726988,0.01330586988478899
PEU,CP_W0,100,12,0.02005504723638296,0.022319534327834845,0.18713921308517456,0.026243497617542744,0.013621656224131584,0.021524742245674133,0.0132594034075737
PEU,CP_W0,101,12,0.019912778865545988,0.017767855897545815,0.18660253705456853,0.02456948347389698,0.013500523287802935,0.019282681867480278,0.013193322345614433
PEU,CP_W0,102,12,0.019794537220150232,0.023512767627835274,0.18651716923341155,0.02709967829287052,0.01336395787075162,0.01868000626564026,0.013179027009755373
PEU,CP_W0,103,12,0.019638788420706987,0.023801314644515514,0.18594152573496103,0.028301890939474106,0.013277659192681313,0.024151280522346497,0.013162131421267986
PEU,CP_W0,104,12,0.019543965812772512,0.021897417027503252,0.18557271175086498,0.02568550407886505,0.013232999481260777,0.021117381285876036,0.013110105413943529
PEU,CP_W0,105,12,0.019411982037127018,0.01731940684840083,0.18524891277775168,0.023897260427474976,0.013113930355757475,0.018880557268857956,0.013049489352852106
PEU,CP_W0,106,12,0.019291294272989035,0.022913138382136822,0.18511460721492767,0.026407123543322086,0.013001576531678438,0.01824435219168663,0.013007357250899076
PEU,CP_W0,107,12,0.019154871813952923,0.023228815756738186,0.18461980437859893,0.02776289265602827,0.012923877220600843,0.023774067871272564,0.012945844791829586
PEU,CP_W0,108,12,0.019055638927966356,0.021427732426673174,0.18427226645871997,0.025087005458772182,0.012829073704779148,0.02065189089626074,0.012937505729496479
PEU,CP_W0,109,12,0.018931871745735407,0.016902478877454996,0.18395444238558412,0.023355279117822647,0.012741795741021633,0.018462651409208775,0.012858825270086527
PEU,CP_W0,110,12,0.01881940010935068,0.022361247800290585,0.18374830717220902,0.0258523840457201,0.012693203520029783,0.01790068857371807,0.012861647177487612
PEU,CP_W0,111,12,0.01872276933863759,0.022706110030412674,0.1832111799158156,0.02728873025625944,0.012585806660354137,0.02354424726217985,0.012862169649451971
PEU,CP_W0,112,12,0.018597355112433434,0.02103805635124445,0.1829766919836402,0.024577206000685692,0.012532245833426714,0.02027002489194274,0.012809460051357746
PEU,CP_W0,113,12,0.018482148181647062,0.01646967651322484,0.18249720986932516,0.022765961475670338,0.012433117721229792,0.018019886687397957,0.012791952583938837
PEU,CP_W0,114,12,0.018393590580672026,0.021864840760827065,0.1823599492199719,0.025324842892587185,0.012338777538388968,0.01754874736070633,0.012740759644657373
PEU,CP_W0,115,12,0.01828054478392005,0.022238989360630512,0.181888232473284,0.026799747720360756,0.012264447286725044,0.023206288926303387,0.012717258650809526
PEU,CP_W0,116,12,0.01817860221490264,0.020638126879930496,0.181443412322551,0.02401555608958006,0.01222726283594966,0.019879940431565046,0.012679750565439463
PEU,CP_W0,117,12,0.018050039187073708,0.016111225821077824,0.18110001366585493,0.022220916114747524,0.012105044908821583,0.017630104906857014,0.012640147935599089
PEU,CP_W0,118,12,0.0179382236674428,0.021347761154174805,0.18093978613615036,0.024696961976587772,0.012081485241651535,0.01714872196316719,0.012637301813811064
PEU,CP_W0,119,12,0.017844813875854015,0.021774936467409134,0.1803297377191484,0.02634844370186329,0.01198539650067687,0.022875314578413963,0.012617639265954494
PEU,CP_W0,120,12,0.017767352983355522,0.020242856815457344,0.18022409873083234,0.02360564563423395,0.011945192702114582,0.01945901196449995,0.012610848993062973
PEU,CP_W0,121,12,0.01766647072508931,0.015740221366286278,0.17976030940189958,0.021647674031555653,0.01185827050358057,0.017366034910082817,0.0125550152733922
PEU,CP_W0,122,12,0.017566775903105736,0.02087597455829382,0.17950780829414725,0.02426139358431101,0.011784364469349384,0.016833524219691753,0.0125384540297091
PEU,CP_W0,123,12,0.017467010766267776,0.02131286170333624,0.17905143182724714,0.02588737104088068,0.011703889816999435,0.02245961967855692,0.012520033400505781
PEU,CP_W0,124,12,0.017370198387652636,0.01989396894350648,0.1787659297697246,0.023225728422403336,0.011623478028923273,0.019217366818338633,0.012531596701592207
PEU,CP_W0,125,12,0.017276298720389605,0.015384638216346502,0.17841918533667922,0.021062967367470264,0.011542079970240593,0.016977613791823387,0.012450369074940681
PEU,CP_W0,126,12,0.017159309703856707,0.02043179888278246,0.1783973458223045,0.0236499747261405,0.011459830682724714,0.01652869302779436,0.012437819503247738
PEU,CP_W0,127,12,0.01706012524664402,0.020885287784039974,0.17782437475398183,0.025466145016252995,0.011373727582395077,0.022093559615314007,0.012424428015947342
PEU,CP_W0,128,12,0.016986203845590353,0.019548403099179268,0.17754306085407734,0.02266540750861168,0.011355763766914606,0.018752336036413908,0.012393906712532043
PEU,CP_W0,129,12,0.016905447468161583,0.015063926111906767,0.17722887033596635,0.020586377009749413,0.011262212879955769,0.016671455465257168,0.01239354768767953
PEU,CP_W0,130,12,0.016818636562675238,0.01999704446643591,0.17685653362423182,0.023198836483061314,0.011177984531968832,0.016231735236942768,0.012344724498689175
PEU,CP_W0,131,12,0.016722429543733597,0.020484713837504387,0.17647594958543777,0.025015379302203655,0.011106247082352638,0.0216980567201972,0.012326162308454514
PEU,CP_W0,132,12,0.016641547437757254,0.019224454648792744,0.17614151490852237,0.022215326316654682,0.011081932578235865,0.018488874193280935,0.012331518344581127
PEU,CP_W0,133,12,0.016568623483181,0.014733980409801006,0.17600665986537933,0.020012129098176956,0.010983750689774752,0.016295439563691616,0.012260014191269875
PEU,CP_W0,134,12,0.016457810066640377,0.019573370926082134,0.17572515225037932,0.022638099268078804,0.010919156484305859,0.015876904129981995,0.012232457753270864
PEU,CP_W0,135,12,0.016384960152208805,0.020090876147150993,0.17544302390888333,0.02461019530892372,0.010853882413357496,0.021336999721825123,0.012219477444887161
PEU,CP_W0,136,12,0.016299369744956493,0.018891716841608286,0.17482332373037934,0.021773970685899258,0.010822966694831848,0.01804540166631341,0.012189371511340141
PEU,CP_W0,137,12,0.016196049749851227,0.014427419751882553,0.17470059311017394,0.019548810087144375,0.010717185214161873,0.015932622365653515,0.012131908908486366
PEU,CP_W0,138,12,0.016132235061377287,0.01920165680348873,0.17443879833444953,0.022396997548639774,0.010690594557672739,0.01563243940472603,0.01211448572576046
PEU,CP_W0,139,12,0.01605461072176695,0.019718999043107033,0.17407397646456957,0.024314358830451965,0.010583429131656885,0.02102431934326887,0.012159380130469799
PEU,CP_W0,140,12,0.015960247721523046,0.018597845919430256,0.17361188307404518,0.02146984450519085,0.01054077548906207,0.017816467210650444,0.012129840906709433
PEU,CP_W0,141,12,0.01588078448548913,0.014142584521323442,0.1734102414920926,0.019113861490041018,0.010516128037124872,0.015612440649420023,0.012126991525292397
PEU,CP_W0,142,12,0.015813822858035564,0.018841122277081013,0.1731422645971179,0.021978294476866722,0.01044880598783493,0.015384972095489502,0.01210218295454979
PEU,CP_W0,143,12,0.015724520664662123,0.019387503154575825,0.17273726407438517,0.023929483257234097,0.010390807874500751,0.020700725726783276,0.012147640809416771
PEU,CP_W0,144,12,0.015656060073524714,0.018308126367628574,0.1723823817446828,0.021204400807619095,0.010339319705963135,0.0176183944568038,0.012090845964848995
PEU,CP_W0,145,12,0.015574740711599588,0.013840156141668558,0.17221932439133525,0.018642326816916466,0.010283550713211298,0.01528484933078289,0.012109671253710985
PEU,CP_W0,146,12,0.015511055011302233,0.018473309464752674,0.1719733402132988,0.021572144702076912,0.010220037773251534,0.015138200018554926,0.0121031585149467
PEU,CP_W0,147,12,0.015441558789461851,0.01900922693312168,0.17171604512259364,0.02354495134204626,0.01017483975738287,0.020351646468043327,0.012122035957872868
PEU,CP_W0,148,12,0.01535138301551342,0.018042070791125298,0.1713815643452108,0.020778176374733448,0.010080237407237291,0.017305245622992516,0.012137126177549362
PEU,CP_W0,149,12,0.01528215641155839,0.013600876089185476,0.1712427269667387,0.018230902031064034,0.010044413385912776,0.014981298707425594,0.012111150193959475
PEU,CP_W0,150,12,0.015220312867313623,0.018144650384783745,0.17093882150948048,0.021173306740820408,0.009992568287998438,0.01491095731034875,0.01207369426265359
PEU,CP_W0,151,12,0.015153703279793262,0.018725979141891003,0.17050183098763227,0.023341157473623753,0.009958989452570677,0.020085890777409077,0.01207288634032011
PEU,CP_W0,152,12,0.015078934840857983,0.01777664851397276,0.17018485395237803,0.020426079630851746,0.009926279308274388,0.016989231575280428,0.012083269190043211
PEU,CP_W0,153,12,0.01500851009041071,0.01335586654022336,0.16992969578132033,0.017839210107922554,0.009825858753174543,0.014771221205592155,0.012047856580466032
PEU,CP_W0,154,12,0.014932928141206503,0.01782139390707016,0.16931309951469303,0.0207429314032197,0.009791733231395483,0.014694711659103632,0.012105726636946201
PEU,CP_W0,155,12,0.014862439595162868,0.018386755138635635,0.16885198587551714,0.02301221713423729,0.009735939558595419,0.019713953137397766,0.012103937566280365
PEU,CP_W0,156,12,0.014800937380641699,0.017505389638245106,0.1683281406760216,0.020079756621271372,0.009682736592367291,0.01669779233634472,0.012091944925487041
PEU,CP_W0,157,12,0.014716922771185637,0.013100750278681517,0.16763318739831448,0.017536421306431293,0.009640175616368651,0.014494603034108877,0.012029403354972601
PEU,CP_W0,158,12,0.014654033817350864,0.01751734036952257,0.16689234860241414,0.02039951179176569,0.009595456533133984,0.014558948576450348,0.012101239059120417
PEU,CP_W0,159,12,0.014601155184209347,0.018074842169880867,0.16631879527121782,0.022642395459115505,0.009536410914734006,0.01950006652623415,0.01202862849459052
PEU,CP_W0,160,12,0.014532019849866629,0.01729891262948513,0.16565461419522762,0.01973969442769885,0.009492850163951516,0.01638537598773837,0.012020140886306763
PEU,CP_W0,161,12,0.01447045337408781,0.01287805289030075,0.1652545182965696,0.017209494952112436,0.009453318547457457,0.014257438946515322,0.01201990945264697
PEU,CP_W0,162,12,0.014408635906875134,0.017196770291775465,0.16457626689225435,0.020031584426760674,0.009404104435816407,0.014238668140023947,0.012005886528640985
PEU,CP_W0,163,12,0.014329152181744576,0.017797972075641155,0.1639780138619244,0.02237749472260475,0.009367675986140966,0.019359818659722805,0.011968424078077078
PEU,CP_W0,164,12,0.014271175488829613,0.017007066402584314,0.16356750167906284,0.019494165666401386,0.009306058287620544,0.016126554924994707,0.011995720211416483
PEU,CP_W0,165,12,0.014218354597687721,0.012654946651309729,0.1628854631446302,0.01684211427345872,0.00930365500971675,0.014048041310161352,0.01193526852875948
PEU,CP_W0,166,12,0.014152340590953827,0.01689784601330757,0.16219762461259962,0.019616274163126945,0.009250428061932325,0.014059193897992373,0.012003229930996895
PEU,CP_W0,167,12,0.01408085459843278,0.01750339288264513,0.16164653599262238,0.02200959250330925,0.009182782145217061,0.01906934380531311,0.011972579639405012
PEU,CP_W0,168,12,0.014031516388058662,0.016698370687663555,0.1610631157644093,0.019123411737382412,0.009144463576376438,0.015846039168536663,0.011955321300774813
PEU,CP_W0,169,12,0.013966812752187252,0.012427508365362883,0.1604481738060713,0.016541525721549988,0.009071349166333675,0.013848782051354647,0.011902413796633482
PEU,CP_W0,170,12,0.013907004613429308,0.01662168651819229,0.159978464525193,0.019322085194289684,0.008970380295068026,0.013898890931159258,0.011954344343394041
PEU,CP_W0,171,12,0.013855739030987024,0.017253876198083162,0.15940624829381705,0.021733968518674374,0.00900403712876141,0.01874425169080496,0.011951941531151533
PEU,CP_W0,172,12,0.013799718115478754,0.016439412720501423,0.15899088624864816,0.01889193058013916,0.008934654761105776,0.01567392749711871,0.011933207977563143
PEU,CP_W0,173,12,0.013746182434260845,0.012221215758472681,0.1583121011964977,0.016222037840634584,0.008837581612169743,0.013547311071306467,0.011946582701057196
PEU,CP_W0,174,12,0.013683334458619356,0.016361141577363014,0.15764739066362382,0.018987786024808884,0.00881334813311696,0.013614833354949951,0.011908783111721277
PEU,CP_W0,175,12,0.013632405083626509,0.01696840114891529,0.15728969918563962,0.021415560506284237,0.008774816757068038,0.018518920056521893,0.011923125013709068
PEU,CP_W0,176,12,0.01357454713433981,0.016198638826608658,0.15682600885629655,0.018499134108424187,0.008749871514737606,0.015358474105596542,0.011901240795850754
PEU,CP_W0,177,12,0.013517981860786676,0.012015123851597309,0.15629748338833452,0.015862407628446817,0.00869439821690321,0.013332640752196312,0.011878053192049265
PEU,CP_W0,178,12,0.013454034924507141,0.01611020229756832,0.15563026554882525,0.01870083762332797,0.00864830776117742,0.013480843510478735,0.011856826022267342
PEU,CP_W0,179,12,0.013405068311840296,0.016743766609579325,0.15514082508161664,0.0211671469733119,0.00862854509614408,0.018307353369891644,0.011848127469420433
PEU,CP_W0,180,12,0.013359173201024532,0.01591308880597353,0.1547168587334454,0.018275017384439707,0.008583982475101948,0.015153971966356039,0.011851844377815723
PEU,CP_W0,181,12,0.01328837824985385,0.011816182639449835,0.15429006442427634,0.015565522015094757,0.008537863846868277,0.013074965216219425,0.011786197312176228
PEU,CP_W0,182,12,0.013243907131254673,0.015844648703932762,0.15364263886585833,0.018350868951529264,0.008499412331730127,0.013227993156760931,0.011770224198698997
PEU,CP_W0,183,12,0.01319196168333292,0.016507668886333704,0.15321856569498776,0.02098726760596037,0.008494930574670434,0.018109179101884365,0.011759066488593817
PEU,CP_W0,184,12,0.013135728426277637,0.01569712907075882,0.1527245390228927,0.018023239448666573,0.008426929824054241,0.015041602775454521,0.011727769393473864
PEU,CP_W0,185,12,0.013084284029901028,0.011632612440735102,0.15232870681211352,0.015286606270819902,0.008427727967500687,0.012935922015458345,0.011678929440677166
PEU,CP_W0,186,12,0.013046382460743189,0.015609790105372667,0.15171565813943744,0.018024556804448366,0.00838633207604289,0.01301667932420969,0.011690202169120312
PEU,CP_W0,187,12,0.012980479281395674,0.016281658317893744,0.15128804836422205,0.020728650502860546,0.008325374918058515,0.01787678897380829,0.011676461435854435
PEU,CP_W0,188,12,0.01294989325106144,0.015465934295207262,0.1508157454431057,0.017805420327931643,0.008290011202916503,0.014910580590367317,0.011632063891738653
PEU,CP_W0,189,12,0.012881410773843527,0.011465845629572868,0.15032525090500712,0.015017217956483364,0.008244284894317389,0.012692385353147984,0.011641353834420443
PEU,CP_W0,190,12,0.012846219819039106,0.015382738318294287,0.14970647338777782,0.01771014090627432,0.008229531347751617,0.012845727615058422,0.011620888486504555
PEU,CP_W0,191,12,0.012780651450157166,0.016041493974626064,0.14923628689721227,0.02033789735287428,0.008204914862290025,0.017662134021520615,0.011579596903175116
PEU,CP_W0,192,12,0.012746690306812525,0.015213025268167257,0.1488581568002701,0.017472138162702322,0.008124562678858638,0.014597866218537092,0.01156163401901722
PEU,CP_W0,193,12,0.012697318103164434,0.011294750962406397,0.14833966279402375,0.0147096561267972,0.008084827335551381,0.012467265129089355,0.01151106646284461
PEU,CP_W0,194,12,0.012652752920985222,0.01514824666082859,0.14782083611935376,0.0174289015121758,0.008025971706956625,0.012668218463659286,0.011489911936223507
PEU,CP_W0,195,12,0.012588113080710173,0.01581090223044157,0.14735604403540492,0.02021121233701706,0.007971097016707063,0.01747538149356842,0.011485958937555552
PEU,CP_W0,196,12,0.012552994769066572,0.014994557946920395,0.14694459782913327,0.017266290728002787,0.007985094329342246,0.014507744461297989,0.011439000722020864
PEU,CP_W0,197,12,0.012508245185017586,0.01112444419413805,0.14637495977804066,0.014502163045108318,0.007947216741740704,0.012281461618840694,0.011395042762160301
PEU,CP_W0,198,12,0.012457045260816813,0.014921498019248247,0.1458128932863474,0.01711969543248415,0.007910383399575949,0.012527571991086006,0.011385613586753607
PEU,CP_W0,199,12,0.012406338937580585,0.015617276076227427,0.1454259080812335,0.019990610890090466,0.007880148710682988,0.017346967943012714,0.011354603804647923
PEU,CP_W0,200,12,0.012372714001685381,0.014757122378796339,0.14502038666978478,0.016990027390420437,0.007830866845324636,0.014308969490230083,0.011346795130521059
PEU,CP_W0,201,12,0.012331158388406038,0.010978206060826778,0.1445894912816584,0.014281682204455137,0.0077845880296081305,0.012119855266064405,0.011309102177619934
PEU,CP_W0,202,12,0.012270988896489143,0.0147087755613029,0.14368328638374805,0.016860878560692072,0.007783836219459772,0.012358843814581633,0.011305202730000019
PEU,CP_W0,203,12,0.01224013464525342,0.015403144992887974,0.14281247444450856,0.019725014455616474,0.0077601284720003605,0.017145601101219654,0.011280716396868229
PEU,CP_W0,204,12,0.012192142195999622,0.014550406020134687,0.14213735945522787,0.016693427693098783,0.007724217139184475,0.014047371689230204,0.011262389831244946
PEU,CP_W0,205,12,0.012155041564255953,0.010806357953697443,0.14119565300643444,0.014100076630711555,0.007661695359274745,0.011937704868614674,0.011232002172619104
PEU,CP_W0,206,12,0.01210071425884962,0.014512912835925817,0.14027868919074535,0.016650450881570578,0.007652026368305087,0.012203473132103682,0.011192100588232279
PEU,CP_W0,207,12,0.012071403674781322,0.015224709175527096,0.1394873596727848,0.01950034871697426,0.007635611807927489,0.016942343674600124,0.011153215542435646
PEU,CP_W0,208,12,0.012035637628287077,0.014348159078508615,0.13868711031973363,0.016458412632346153,0.007581356214359403,0.013826909940689802,0.011131568346172571
PEU,CP_W0,209,12,0.011983999516814947,0.010653469245880842,0.1379540864378214,0.013852718286216259,0.007533973315730691,0.011825093999505043,0.01109756575897336
PEU,CP_W0,210,12,0.011943533550947905,0.014319505076855421,0.13702595233917236,0.01639339281246066,0.007502492982894182,0.01205222075805068,0.0111229307949543
PEU,CP_W0,211,12,0.011899793054908514,0.01501290313899517,0.13622977957129478,0.01939605176448822,0.0074998566415160894,0.016752954572439194,0.011099619790911674
PEU,CP_W0,212,12,0.011864786967635155,0.014167862944304943,0.13549386225640775,0.016271666157990694,0.007483642781153321,0.01367439329624176,0.011070774402469397
PEU,CP_W0,213,12,0.011799595318734646,0.010511166881769896,0.13475464433431625,0.013683587312698364,0.007429956691339612,0.011623376049101353,0.01105682272464037
PEU,CP_W0,214,12,0.01178924273699522,0.014139617327600718,0.13373209349811077,0.016151778399944305,0.007438811007887125,0.011871238704770803,0.011026135180145502
PEU,CP_W0,215,12,0.01174469804391265,0.014830622356384993,0.1329693593084812,0.019231226295232773,0.007433615159243345,0.01667984388768673,0.010982836596667767
PEU,CP_W0,216,12,0.011705347802489996,0.013974624685943127,0.13218831047415733,0.01608682330697775,0.007360956631600857,0.013524383306503296,0.010951368603855371
PEU,CP_W0,217,12,0.01166522828862071,0.010380595922470093,0.13156935609877107,0.013488451018929482,0.007327458122745156,0.011427633929997683,0.010953095741569996
PEU,CP_W0,218,12,0.011618486139923334,0.013949128333479166,0.13061619885265827,0.015965189784765244,0.007304634433239698,0.01172813680022955,0.010947815608233213
PEU,CP_W0,219,12,0.01159060699865222,0.014663268812000751,0.1299431450664997,0.01903723832219839,0.007298402488231659,0.016524062491953373,0.010900589637458324
PEU,CP_W0,220,12,0.011551222298294306,0.013793856371194124,0.12922272346913816,0.015866511967033148,0.007226506946608424,0.013374316971749067,0.010921117383986712
PEU,CP_W0,221,12,0.011520284228026867,0.010246198624372482,0.1284815788269043,0.01333622494712472,0.007205443689599633,0.011289842892438173,0.010885007213801146
PEU,CP_W0,222,12,0.011486614122986794,0.013772780075669289,0.12766151316463947,0.015755332075059414,0.007161624729633331,0.011589433532208204,0.010817376431077719
PEU,CP_W0,223,12,0.011438690591603518,0.014463933184742928,0.1268678355962038,0.018676633015275,0.007116636727005243,0.016381544061005116,0.01082118833437562
PEU,CP_W0,224,12,0.011407074984163046,0.013632874004542828,0.12632737979292868,0.015704437159001827,0.007076355395838618,0.013224281370639801,0.010828297585248947
PEU,CP_W0,225,12,0.011368145700544119,0.010108525399118662,0.12564993426203727,0.013155937194824219,0.007023318205028772,0.01112537132576108,0.010782329831272364
PEU,CP_W0,226,12,0.01133348373696208,0.013603263534605503,0.1247991256415844,0.015504640527069569,0.007005168125033379,0.011515030637383461,0.01080412045121193
PEU,CP_W0,227,12,0.01129434211179614,0.014301510993391275,0.12403209954500198,0.01865321770310402,0.006987022235989571,0.016181932762265205,0.010778835974633694
PEU,CP_W0,228,12,0.011255871970206499,0.01346994237974286,0.12345140203833581,0.015500437468290329,0.0069700542371720076,0.013066390994936228,0.010716820601373911
PEU,CP_W0,229,12,0.011224803049117327,0.009982966352254152,0.1227565173059702,0.013003068044781685,0.006918129278346896,0.010926038958132267,0.010686547961086035
PEU,CP_W0,230,12,0.011178267188370228,0.01343087013810873,0.12187777869403363,0.01532331295311451,0.0069294273853302,0.011380050331354141,0.010691583156585693
PEU,CP_W0,231,12,0.011147523764520884,0.014152348507195711,0.12133852206170559,0.018394173122942448,0.006894840160384774,0.015993830747902393,0.010678313206881285
PEU,CP_W0,232,12,0.011125699151307344,0.013291094917804003,0.12065754607319831,0.015333972405642271,0.006890939781442285,0.01288493163883686,0.010637875646352768
PEU,CP_W0,233,12,0.011086293961852789,0.00986657990142703,0.11996215842664242,0.01279788464307785,0.006854264531284571,0.010834215208888054,0.010619700886309147
PEU,CP_W0,234,12,0.011053267866373062,0.013269477989524603,0.11916104853153228,0.015104313381016254,0.006859722314402461,0.011228400282561779,0.01061965012922883
PEU,CP_W0,235,12,0.011018693912774324,0.013988130260258913,0.11864138804376126,0.018214055337011814,0.006833929801359773,0.01585197914391756,0.010590046644210815
PEU,CP_W0,236,12,0.0109909581951797,0.01312738424167037,0.11797488704323769,0.015095605049282312,0.006826669676229358,0.01280617294833064,0.010597992688417435
PEU,CP_W0,237,12,0.01095384918153286,0.009745299816131592,0.11731005348265171,0.012687649577856064,0.006801290204748511,0.01074170134961605,0.010530438274145126
PEU,CP_W0,238,12,0.01091713085770607,0.013099791947752237,0.11657082363963128,0.014880715403705835,0.00677496986463666,0.011170430108904839,0.010526465252041817
PEU,CP_W0,239,12,0.010883858427405357,0.013840822037309408,0.1158843792974949,0.018103246577084064,0.006769648287445307,0.015818761195987463,0.010471746325492859
PEU,CP_W0,240,12,0.010845088865607977,0.012976989150047302,0.1153520043939352,0.01499089039862156,0.0066958237439394,0.012712687253952026,0.010451503563672304
PEU,CP_W0,241,12,0.010811615735292435,0.009636309929192066,0.11468492187559604,0.012519655749201775,0.006665022578090429,0.010586576536297798,0.010459007229655981
PEU,CP_W0,242,12,0.01078745350241661,0.012942807283252478,0.1139116920530796,0.01468639774248004,0.00667952187359333,0.010955995880067348,0.010446255560964346
PEU,CP_W0,243,12,0.01076468825340271,0.01366654597222805,0.1133198857307434,0.017934320494532585,0.006636969745159149,0.015722842421382666,0.010403042193502188
PEU,CP_W0,244,12,0.01072276709601283,0.012807649560272694,0.11268090307712555,0.014880380127578974,0.0066143423318862915,0.012590873055160046,0.01034392649307847
PEU,CP_W0,245,12,0.01069151097908616,0.009511834476143122,0.11216793283820153,0.012317390646785498,0.006583404960110784,0.0104349828325212,0.010297948960214853
PEU,CP_W0,246,12,0.01066821115091443,0.012811864260584116,0.11139077395200729,0.014523460529744625,0.00658302940428257,0.010909196455031633,0.01029067812487483
PEU,CP_W0,247,12,0.010624710004776716,0.013541049789637327,0.11081932559609414,0.017725552432239056,0.006521413568407297,0.015611565671861172,0.010252053383737803
PEU,CP_W0,248,12,0.010597740765661001,0.01267654076218605,0.11030815988779068,0.014718406368046999,0.006497147958725691,0.012520130258053541,0.010264617390930653
PEU,CP_W0,249,12,0.010577109642326832,0.009406770579516888,0.10973699167370796,0.012154442258179188,0.006466261111199856,0.010312788654118776,0.01019660197198391
PEU,CP_W0,250,12,0.010536723304539919,0.012671594973653555,0.10914583392441272,0.014341920614242554,0.006448190426453948,0.010777699295431376,0.010196107439696789
PEU,CP_W0,251,12,0.010515333618968725,0.01337918546050787,0.10851781144738198,0.017677152529358864,0.00642569805495441,0.015511522069573402,0.01016895193606615
PEU,CP_W0,252,12,0.010485575068742037,0.01252445625141263,0.10799883864820004,0.014584841206669807,0.006392759270966053,0.012423750013113022,0.010117404628545046
PEU,CP_W0,253,12,0.010448126588016748,0.009301054757088423,0.10742482095956801,0.012105240486562252,0.006346781738102436,0.010122520849108696,0.010092809796333313
PEU,CP_W0,254,12,0.010421693790704012,0.012506730388849974,0.1067769754678011,0.01416743267327547,0.00635622488334775,0.010664525907486677,0.010112093295902014
PEU,CP_W0,255,12,0.010379334446042776,0.01326274499297142,0.10620850510895252,0.017446620389819145,0.006341853877529502,0.015444335527718067,0.010076945647597313
PEU,CP_W0,256,12,0.010369015857577324,0.012377256527543068,0.1057385303080082,0.014329283498227596,0.006295754807069898,0.01220712624490261,0.010085477959364653
PEU,CP_W0,257,12,0.010335730388760567,0.009208605159074068,0.10521671772003174,0.011882971972227097,0.006325335241854191,0.010011701844632626,0.010044880211353302
PEU,CP_W0,258,12,0.010304555762559175,0.012381152715533972,0.10455070473253728,0.014007161371409893,0.006300492910668254,0.010569555684924126,0.010040837805718184
PEU,CP_W0,259,12,0.010267524980008602,0.013124783057719469,0.10403036102652549,0.017224320210516453,0.0062445057556033134,0.015272820834070444,0.01004716008901596
PEU,CP_W0,260,12,0.010255604982376099,0.012246515601873398,0.10351172015070914,0.014179219957441092,0.006257687928155065,0.012107982765883207,0.010028418619185686
PEU,CP_W0,261,12,0.010220440570265055,0.009096849709749222,0.10302202440798283,0.01175864553079009,0.006190195679664612,0.009866355918347836,0.009998089633882046
PEU,CP_W0,262,12,0.010186521336436272,0.012252497021108866,0.10249411761760711,0.013876150362193584,0.006177468923851848,0.010488377884030342,0.009964932221919298
PEU,CP_W0,263,12,0.010165866231545806,0.012987900525331497,0.10191641487181187,0.01697261817753315,0.006170007865875959,0.015141460113227367,0.009938765782862902
PEU,CP_W0,264,12,0.010134704876691103,0.012096170336008072,0.10147239975631236,0.013943556696176529,0.006160367047414184,0.011967192869633436,0.009911408182233572
PEU,CP_W0,265,12,0.010102806612849236,0.009010085370391607,0.10096029751002789,0.011637491639703512,0.0061444914899766445,0.009733504615724087,0.009920339565724134
PEU,CP_W0,266,12,0.010088750394061208,0.01211398234590888,0.10033874809741974,0.013724390882998705,0.006135350093245506,0.010430353228002787,0.009927550330758095
PEU,CP_W0,267,12,0.01005549798719585,0.012861006893217564,0.09977333210408687,0.01680662203580141,0.0060802188236266375,0.015033242292702198,0.009866944514214993
PEU,CP_W0,268,12,0.010022061178460717,0.011990808881819248,0.09937037080526352,0.01378783630207181,0.006060570245608687,0.011827690992504358,0.009857507888227701
PEU,CP_W0,269,12,0.010009981924667954,0.008929666597396135,0.09882626198232174,0.011510172858834267,0.00601906911469996,0.009607275947928429,0.009871541522443295
PEU,CP_W0,270,12,0.009970343438908458,0.011992957908660173,0.09829689860343932,0.013518393971025944,0.005989713128656149,0.010369068011641502,0.0098369219340384
PEU,CP_W0,271,12,0.00995363132096827,0.01274575898423791,0.09768935516476632,0.016710588708519936,0.0059561897069215775,0.014875668566673994,0.009844501502811909
PEU,CP_W0,272,12,0.009922718163579702,0.011844228021800518,0.09730047397315503,0.01366455527022481,0.005939859431236982,0.011801788583397865,0.009834862314164639
PEU,CP_W0,273,12,0.009886073181405663,0.008826899342238903,0.09675042256712912,0.01138294255360961,0.005886633647605777,0.009430879261344671,0.009803846944123507
PEU,CP_W0,274,12,0.009877521079033613,0.011867905035614967,0.09627279378473759,0.013347634114325047,0.005923471413552761,0.010210528038442135,0.009764865040779114
PEU,CP_W0,275,12,0.00985123054124415,0.012635949067771435,0.09564677029848098,0.016482360661029816,0.005917958682402968,0.014795936644077301,0.009744684211909771
PEU,CP_W0,276,12,0.00981923472136259,0.011758264154195786,0.0952520314604044,0.013498349580913782,0.005876749753952026,0.011657113209366798,0.009696866385638714
PEU,CP_W0,277,12,0.00979796377941966,0.00873958133161068,0.09473165571689607,0.011215551290661097,0.005883049685508013,0.009327758103609085,0.009675450623035431
PEU,CP_W0,278,12,0.009780444437637925,0.011758665088564157,0.09416000545024872,0.013119204435497522,0.005866976920515299,0.010121634230017662,0.009687421377748251
PEU,CP_W0,279,12,0.009748377604410052,0.012513739056885242,0.09367218911647797,0.01629424560815096,0.005857498152181506,0.014700140804052353,0.009660184849053621
PEU,CP_W0,280,12,0.009735344210639596,0.011618681252002716,0.09327729195356368,0.01328686997294426,0.005813332740217447,0.011508321622386575,0.00963395182043314
PEU,CP_W0,281,12,0.009697559988126159,0.008665700908750296,0.09272148497402669,0.01112933037802577,0.005805473076179624,0.009274403098970652,0.009621893987059593
PEU,CP_W0,282,12,0.009684134973213077,0.011618829797953367,0.0921738676726818,0.012985184788703918,0.005765491398051381,0.010061332955956459,0.009635618422180414
PEU,CP_W0,283,12,0.009657950606197119,0.012402081862092018,0.09182951375842094,0.01620055828243494,0.0057948746252804995,0.01465625548735261,0.009643763769418001
PEU,CP_W0,284,12,0.00962865725159645,0.011504631489515305,0.09138380214571953,0.013146375771611929,0.00580703723244369,0.011452476028352976,0.009636106435209513
PEU,CP_W0,285,12,0.00960970507003367,0.008581939619034529,0.09088033996522427,0.011093536391854286,0.005779898259788752,0.009151204954832792,0.009597670752555132
PEU,CP_W0,286,12,0.009572118753567338,0.01153538003563881,0.09036977216601372,0.012829102575778961,0.0057338576298207045,0.009939202107489109,0.009602301754057407
PEU,CP_W0,287,12,0.00956039922311902,0.012313212733715773,0.08994032479822636,0.015990200452506542,0.005744717083871365,0.014504845719784498,0.00956428749486804
PEU,CP_W0,288,12,0.009535505203530192,0.011401740368455648,0.08959569931030273,0.01299122953787446,0.005749919451773167,0.011282097781077027,0.009578485041856766
PEU,CP_W0,289,12,0.009521072264760733,0.008501751348376274,0.08901163786649705,0.01093435101211071,0.005715475184842944,0.009076878428459167,0.009528125636279583
PEU,CP_W0,290,12,0.009499328210949898,0.011432022787630558,0.08856739923357963,0.012685505207628012,0.005698970053344965,0.009869638364762068,0.009511565323919058
PEU,CP_W0,291,12,0.009463599417358637,0.012204964645206928,0.08820523507893085,0.015820806846022606,0.005676927277818322,0.014374757185578346,0.009511688724160194
PEU,CP_W0,292,12,0.009459560737013817,0.01129382848739624,0.0878504030406475,0.01297602104023099,0.005665570963174105,0.011279782513156533,0.009465921204537153
PEU,CP_W0,293,12,0.009431673213839531,0.008421360049396753,0.08735677413642406,0.010781837161630392,0.005601650103926659,0.00894066970795393,0.009475212078541517
PEU,CP_W0,294,12,0.009414067957550287,0.01131173549219966,0.08688347749412059,0.012596706859767437,0.005627088947221637,0.009807392954826355,0.009479416999965906
PEU,CP_W0,295,12,0.00938728335313499,0.012102408800274134,0.08651506565511227,0.015734962187707424,0.005570731358602643,0.014283184427767992,0.009420391637831926
PEU,CP_W0,296,12,0.009374634129926562,0.011170580517500639,0.08604387268424034,0.012787267565727234,0.005600193981081247,0.01120959036052227,0.00941339461132884
PEU,CP_W0,297,12,0.009341257391497493,0.008344898466020823,0.08565745092928409,0.010660963598638773,0.005536094540730119,0.008835608139634132,0.009381335228681564
PEU,CP_W0,298,12,0.009333166293799877,0.011222922708839178,0.08508501090109348,0.012508569285273552,0.005542105063796043,0.009777886793017387,0.009362779092043638
PEU,CP_W0,299,12,0.009304690174758434,0.011993575375527143,0.08474901430308819,0.015559862833470106,0.005542420083656907,0.014165642205625772,0.0093176388181746
PEU,CP_W0,300,12,0.00928067578934133,0.011073492001742125,0.08438001237809659,0.012607600074261427,0.005533765070140362,0.01105849607847631,0.009324321523308754
PEU,CP_W0,301,12,0.00927432207390666,0.008278473513200879,0.08393681272864342,0.0106135169044137,0.005507593974471092,0.00878507923334837,0.009296659845858812
PEU,CP_W0,302,12,0.009243360254913568,0.011123863514512777,0.08350742980837822,0.01242233905941248,0.005493203178048134,0.009749059099704027,0.009245320688933134
PEU,CP_W0,303,12,0.009215102065354586,0.011899755336344242,0.08305946141481399,0.015394798945635557,0.005458752391859889,0.014094663318246603,0.009221235755831003
PEU,CP_W0,304,12,0.009203467750921845,0.010975484037771821,0.08266720846295356,0.012444492895156145,0.005441098008304834,0.010967747075483203,0.009166172239929438
PEU,CP_W0,305,12,0.009189605014398694,0.008204301120713353,0.08230963572859765,0.010437843389809132,0.005424140952527523,0.008665859699249268,0.009155476000159979
PEU,CP_W0,306,12,0.009166549192741513,0.011035760398954153,0.08184048607945442,0.01231063948944211,0.005405145231634378,0.009646887425333261,0.00914012547582388
PEU,CP_W0,307,12,0.009145073825493455,0.01179472915828228,0.08152749016880989,0.015312014147639275,0.005406293319538236,0.014024858362972736,0.009156794287264347
PEU,CP_W0,308,12,0.009115827968344092,0.010870645986869931,0.08113421723246575,0.01237650727853179,0.005400319816544652,0.010876490734517574,0.009124081116169691
PEU,CP_W0,309,12,0.00910727446898818,0.008133282419294119,0.08076537363231182,0.010364528745412827,0.005374861648306251,0.008556515676900744,0.009107530117034912
PEU,CP_W0,310,12,0.009085414931178093,0.010949663817882538,0.08041261658072471,0.012193155009299517,0.00534637039527297,0.009609432891011238,0.00908276904374361
PEU,CP_W0,311,12,0.009061846882104874,0.011702489573508501,0.07997915372252465,0.01508939964696765,0.005326579557731748,0.013916696421802044,0.009028734173625708
PEU,CP_W0,312,12,0.009044056292623281,0.010782132158055902,0.07955416776239872,0.012272629421204329,0.005297636729665101,0.010843501659110188,0.009043942671269178
PEU,CP_W0,313,12,0.009024735540151596,0.008074240293353796,0.0792605873197317,0.01021324098110199,0.005284396233037114,0.008437897311523557,0.009008520981296897
PEU,CP_W0,314,12,0.009016221854835749,0.010841405484825373,0.07880288027226925,0.012092987075448036,0.005290433997288346,0.00947780953720212,0.009029670851305127
PEU,CP_W0,315,12,0.008985135471448302,0.011594756972044706,0.07855006195604801,0.01501145027577877,0.0052803721046075225,0.013858227990567684,0.008968373527750373
PEU,CP_W0,316,12,0.008962465915828943,0.010680103674530983,0.0781569603830576,0.012050232384353876,0.005284204729832709,0.010728780180215836,0.008914528414607048
PEU,CP_W0,317,12,0.008949307026341558,0.008012582547962666,0.07776181921362876,0.010180415585637093,0.005287799285724759,0.008346146205440164,0.008901630295440555
PEU,CP_W0,318,12,0.008937605889514089,0.010751608293503523,0.07729700841009618,0.011965817771852016,0.0052789096953347325,0.009449454490095377,0.008900077315047383
PEU,CP_W0,319,12,0.008916360326111317,0.011519005987793207,0.07705605961382389,0.014859835151582956,0.0052579103503376245,0.013814572710543871,0.008865878684446216
PEU,CP_W0,320,12,0.00891109462827444,0.010612291982397437,0.0767272837460041,0.011936626862734556,0.00524989131372422,0.010606150142848492,0.00883819698356092
PEU,C_NO_H,1,12,0.008882559603080153,0.011855593882501125,0.076325473934412,0.08794011548161507,0.03154330048710108,0.06674931198358536,0.05514789558947086
PEU,C_NO_H,2,12,0.007246657740324736,0.008304695133119822,0.0659659719094634,0.15654993057250977,0.057806890457868576,0.10604137927293777,0.03841683454811573
PEU,C_NO_H,3,12,0.005533603485673666,0.0061771494802087545,0.054610725957900286,0.08647336438298225,0.022038781084120274,0.0436702836304903,0.02877957373857498
PEU,C_NO_H,4,12,0.0045980054419487715,0.005773283774033189,0.045038961339741945,0.146100252866745,0.0379501786082983,0.0921362154185772,0.02809287514537573
PEU,C_NO_H,5,12,0.004060176899656653,0.005360093899071217,0.0390068699605763,0.10089868307113647,0.04374738223850727,0.06810358539223671,0.020474675111472607
PEU,C_NO_H,6,12,0.0033823715057224035,0.003867806401103735,0.03517864383757115,0.08191738277673721,0.03572135418653488,0.049418723210692406,0.016839787364006042
PEU,C_NO_H,7,12,0.0027376688085496426,0.00305287993978709,0.03237849534489214,0.04318799450993538,0.022391746751964092,0.03132179286330938,0.01517706410959363
PEU,C_NO_H,8,12,0.00225465907715261,0.0027221337659284472,0.02978218849748373,0.030364396050572395,0.012983155902475119,0.02469376940280199,0.015198955312371254
PEU,C_NO_H,9,12,0.0019107856787741184,0.002585559035651386,0.027012143190950154,0.031672403216362,0.010537816677242517,0.020325995050370693,0.014423361513763666
PEU,C_NO_H,10,12,0.00163967878324911,0.0018036472611129284,0.025259910966269672,0.039001818746328354,0.010307983960956335,0.03062466438859701,0.012848217971622944
PEU,C_NO_H,11,12,0.001429207797627896,0.0016342943417839706,0.023476674337871373,0.028210652992129326,0.010046371258795261,0.014611846767365932,0.011413708329200745
PEU,C_NO_H,12,12,0.001250909874215722,0.0016483183717355132,0.02152766229119152,0.02825759816914797,0.009572823997586966,0.0188300097361207,0.009878245647996664
PEU,C_NO_H,13,12,0.001099524728488177,0.0014858035719953477,0.02007317403331399,0.020070957019925117,0.008184914011508226,0.010334181366488338,0.008469623746350408
PEU,C_NO_H,14,12,0.0009868274792097509,0.0010724602616392076,0.019163129036314785,0.016924165189266205,0.007018487202003598,0.00896972930058837,0.008096482139080763
PEU,C_NO_H,15,12,0.0008904510468710214,0.000994188099866733,0.018699070904403925,0.016454389318823814,0.0059706110041588545,0.010318560525774956,0.008267457131296396
PEU,C_NO_H,16,12,0.0008078372629825026,0.0010342350869905204,0.018454461474902928,0.014953271020203829,0.0054657249711453915,0.008931192336604,0.008455574279651046
PEU,C_NO_H,17,12,0.0007373649859800935,0.0009621331410016865,0.018335751607082784,0.012631236109882593,0.005248640896752477,0.007415125146508217,0.008384169079363346
PEU,C_NO_H,18,12,0.0006760780524928123,0.0007301832956727594,0.0177205556537956,0.012003837153315544,0.0043105201330035925,0.006534755928441882,0.008403236512094736
PEU,C_NO_H,19,12,0.0006248119461815804,0.0007018956821411848,0.01689438323955983,0.012524065561592579,0.004234486259520054,0.007833177922293544,0.008062796201556921
PEU,C_NO_H,20,12,0.0005773552693426609,0.0007303372258320451,0.01588007726240903,0.011205849703401327,0.004003941314294934,0.005095682921819389,0.007486649323254824
PEU,C_NO_H,21,12,0.0005371147999539971,0.0007115761400200427,0.015064187697134912,0.012678039725869894,0.0038517595967277884,0.006453156005591154,0.006956594530493021
PEU,C_NO_H,22,12,0.0004981601377949119,0.0005449251038953662,0.01440351689234376,0.010980002116411924,0.003526698099449277,0.005908718332648277,0.0064668236300349236
PEU,C_NO_H,23,12,0.00046468897198792547,0.0005402670649345964,0.013749694102443755,0.010349692311137915,0.0027711051516234875,0.005178933963179588,0.006148517597466707
PEU,C_NO_H,24,12,0.00043521428597159684,0.0005622420867439359,0.013266190188005567,0.009611063171178102,0.0026392966974526644,0.00576941086910665,0.005720829125493765
PEU,C_NO_H,25,12,0.00040963588980957866,0.0005547680775634944,0.01271509483922273,0.008802098222076893,0.002514783409424126,0.0047681634314358234,0.005640286719426513
PEU,C_NO_H,26,12,0.00038714086986146867,0.00042562301678117365,0.012144150212407112,0.00919306743890047,0.0027206530794501305,0.006856266176328063,0.005221436498686671
PEU,C_NO_H,27,12,0.0003674994077300653,0.0004290423676138744,0.011815118719823658,0.005976429907605052,0.002594020450487733,0.003795456257648766,0.004344764165580273
PEU,C_NO_H,28,12,0.0003491992101771757,0.00044274795800447464,0.011735061998479068,0.005974866915494204,0.002531282836571336,0.004128259257413447,0.0036388846347108483
PEU,C_NO_H,29,12,0.00033385580172762275,0.000454985216492787,0.011826226604171097,0.0062730684876441956,0.0022289601620286703,0.003610227140597999,0.003839413169771433
PEU,C_NO_H,30,12,0.00032007365371100605,0.0003483090113149956,0.012009196681901813,0.006774736335501075,0.0022541385842487216,0.005002130288630724,0.004243671661242843
PEU,C_NO_H,31,12,0.0003068163205171004,0.00035898442729376256,0.012162862054537982,0.006827186327427626,0.002270602621138096,0.0030183715280145407,0.005135965766385198
PEU,C_NO_H,32,12,0.0002955594100058079,0.0003659097565105185,0.012202369049191475,0.006731425644829869,0.0022195731289684772,0.0025093350559473038,0.00538099673576653
PEU,C_NO_H,33,12,0.0002869352902052924,0.00039336220652330667,0.012015724088996649,0.007247944362461567,0.0024018960539251566,0.003510471316985786,0.005438017193228006
PEU,C_NO_H,34,12,0.0002787755074677989,0.00030229084950406104,0.011797529645264149,0.007188465911895037,0.002570481738075614,0.0030126393539831042,0.00518983113579452
PEU,C_NO_H,35,12,0.0002727270039031282,0.00032000194187276065,0.011501001135911793,0.006844765972346067,0.0026134958025068045,0.003400788060389459,0.004755068104714155
PEU,C_NO_H,36,12,0.0002675942814676091,0.00032581751293037087,0.0110879220883362,0.005786833353340626,0.002463902230374515,0.0027867633616551757,0.004128584521822631
PEU,C_NO_H,37,12,0.0002629873197292909,0.0003586671518860385,0.01061457401374355,0.005419302266091108,0.002252039615996182,0.003259961260482669,0.003544881707057357
PEU,C_NO_H,38,12,0.0002589123760117218,0.00027862927527166903,0.010166010411921889,0.0048493940848857164,0.0020981518318876624,0.0024829653557389975,0.0032466368284076452
PEU,C_NO_H,39,12,0.0002558522901381366,0.00029923723195679486,0.009791166987270117,0.005725096678361297,0.0021650060662068427,0.0037911308463662863,0.0029809135012328625
PEU,C_NO_H,40,12,0.00025217695656465366,0.0003032539752894081,0.00952487369067967,0.005270688096061349,0.002011425793170929,0.0034236364299431443,0.0029013719176873565
PEU,C_NO_H,41,12,0.0002490537954145111,0.00033486013126093894,0.009291563997976482,0.0042082363506779075,0.0018795534269884229,0.002964744227938354,0.0024369090097025037
PEU,C_NO_H,42,12,0.0002462950433255173,0.0002626025670906529,0.009135110932402313,0.0035961942048743367,0.0017640102887526155,0.0021216229069978,0.0020509554306045175
PEU,C_NO_H,43,12,0.00024388194287894294,0.00028415280394256115,0.009147289383690804,0.004228021251037717,0.0015721903764642775,0.0031248260056599975,0.001982542860787362
PEU,C_NO_H,44,12,0.00024147252406692132,0.00027816625515697524,0.009194738720543683,0.0035864150850102305,0.0014522179844789207,0.002282756962813437,0.002330148941837251
PEU,C_NO_H,45,12,0.000239536544540897,0.00031453752308152616,0.009093727625440806,0.003749502473510802,0.0014536447706632316,0.00216566096059978,0.002115277573466301
PEU,C_NO_H,46,12,0.00023821431386750191,0.0002503756477381103,0.008976660901680589,0.0033413502387702465,0.001409447635523975,0.0017515646759420633,0.001976122264750302
PEU,C_NO_H,47,12,0.0002367136112297885,0.0002742010256042704,0.008877595246303827,0.004181740107014775,0.0013595886994153261,0.0032274479744955897,0.0021321093663573265
PEU,C_NO_H,48,12,0.00023549346951767802,0.0002614654804347083,0.008828298770822585,0.003390443278476596,0.0014188917120918632,0.0020436678314581513,0.0020830375142395496
PEU,C_NO_H,49,12,0.0002340526261832565,0.00030171261460054666,0.008773803361691535,0.003794886404648423,0.001621343253646046,0.0023765823571011424,0.002070790156722069
PEU,C_NO_H,50,12,0.0002316767058800906,0.00024068282800726593,0.008745305880438536,0.003127430216409266,0.001532888039946556,0.001742837659548968,0.0018552823457866907
PEU,C_NO_H,51,12,0.00022923402138985693,0.00026527595764491707,0.008727631415240467,0.003953140461817384,0.0014110399060882628,0.0030466142343357205,0.0020890781888738275
PEU,C_NO_H,52,12,0.00022678505047224462,0.0002479426475474611,0.008700809761648998,0.003279160591773689,0.0013120317016728222,0.00210502342088148,0.0021170653053559363
PEU,C_NO_H,53,12,0.0002240972826257348,0.00028757721884176135,0.008677326003089549,0.0031021947506815195,0.0012424072483554482,0.002078752440866083,0.0019361577578820288
PEU,C_NO_H,54,12,0.00022149048163555562,0.0002312351280124858,0.008765875548124313,0.002668178058229387,0.0012226136750541627,0.0016139179351739585,0.0018634575535543263
PEU,C_NO_H,55,12,0.00021921339066466317,0.0002536939500714652,0.008863931195810436,0.002954019815661013,0.0012243528035469353,0.0027338837971910834,0.0019368712091818452
PEU,C_NO_H,56,12,0.0002172320891986601,0.0002376052871113643,0.008975705550983547,0.002874735975638032,0.0012912799720652401,0.0018531556124798954,0.0017522205016575754
PEU,C_NO_H,57,12,0.00021520693553611636,0.0002778734633466229,0.00912897097878158,0.0025678835809230804,0.0012163857463747263,0.0020447276765480638,0.0015726109268143773
PEU,C_NO_H,58,12,0.0002141344011761248,0.0002249486351502128,0.009285908984020352,0.0025888857198879123,0.0013111393782310188,0.001607616024557501,0.0015171054983511567
PEU,C_NO_H,59,12,0.00021308032592060044,0.00024668062542332336,0.00930551029741764,0.0029025559779256582,0.00127050478477031,0.0025482733035460114,0.0015120765892788768
PEU,C_NO_H,60,12,0.00021194872533669695,0.00022983919188845903,0.009336351905949414,0.0025494698202237487,0.0012838346883654594,0.001535065530333668,0.0014842305681668222
PEU,C_NO_H,61,12,0.00021114526316523552,0.00027148773369845003,0.00936887915013358,0.0029308591037988663,0.0012602234492078424,0.0023172859800979495,0.001455479592550546
PEU,C_NO_H,62,12,0.00021004625887144357,0.00021996803116053343,0.009393451712094247,0.002552596037276089,0.001288459578063339,0.001573121757246554,0.001417317078448832
PEU,C_NO_H,63,12,0.00020910931198159233,0.00024295006005559117,0.00938802984310314,0.002694500843062997,0.0012976564466953278,0.002402895479463041,0.001428399933502078
PEU,C_NO_H,64,12,0.00020854754257015884,0.00022351064399117604,0.009385616227518767,0.0024921640288084745,0.0013004749780520797,0.0014863359392620623,0.001377324340865016
PEU,C_NO_H,65,12,0.00020827311527682468,0.0002660874160937965,0.009356280602514744,0.002440228476189077,0.0012156320735812187,0.0021295967744663358,0.0013662155834026635
PEU,C_NO_H,66,12,0.00020724700152641162,0.0002158953866455704,0.009346943267155438,0.002281654393300414,0.0012505755294114351,0.001504509535152465,0.0012865883763879538
PEU,C_NO_H,67,12,0.00020744460198329762,0.000240795110585168,0.00936103796120733,0.0026880379300564528,0.0012299959198571742,0.0025446474319323897,0.001451333169825375
PEU,C_NO_H,68,12,0.00020637147827073932,0.00021882085275137797,0.009340309875551612,0.002575411577709019,0.0012704997207038105,0.0014940720284357667,0.0014501716941595078
PEU,C_NO_H,69,12,0.00020608789782272652,0.0002617136779008433,0.009343333798460663,0.002387271262705326,0.0012257745838724077,0.0020718651358038187,0.0014616894186474383
PEU,C_NO_H,70,12,0.0002058032332570292,0.00021312623721314594,0.00935231790645048,0.0024698689812794328,0.0012867773766629398,0.0016184243140742183,0.0014373361482284963
PEU,C_NO_H,71,12,0.00020506399596342817,0.0002389804503764026,0.009360718273092062,0.002707694307900965,0.001207471126690507,0.0024135903222486377,0.0014009263832122087
PEU,C_NO_H,72,12,0.00020433462486835197,0.00021415344235720113,0.009389390237629414,0.0022983596427366138,0.0011975470697507262,0.0013421467738226056,0.0014688877272419631
PEU,C_NO_H,73,12,0.00020320407202234492,0.0002578052080934867,0.009439995372667908,0.00258167611900717,0.0011761003406718373,0.002122337813489139,0.0014396576443687081
PEU,C_NO_H,74,12,0.00020212974777678028,0.00020963224960723892,0.00943363958504051,0.0024020632263273,0.001185330213047564,0.0015896111726760864,0.00138726772274822
PEU,C_NO_H,75,12,0.00020100540132261813,0.0002351392322452739,0.009445081755984575,0.0026526201982051134,0.001143588568083942,0.0024761237436905503,0.0013372984249144793
PEU,C_NO_H,76,12,0.00020008131104987115,0.0002112691945512779,0.009455093124415725,0.0021243540104478598,0.0011319349869154394,0.001403490430675447,0.0012675036559812725
PEU,C_NO_H,77,12,0.0001990683376789093,0.00025329618074465543,0.009455399692524225,0.0024584998609498143,0.0011054006172344089,0.002130442881025374,0.0013740613358095288
PEU,C_NO_H,78,12,0.00019802150927716866,0.00020598099945345894,0.009454903693404048,0.002240023692138493,0.00118943554116413,0.001663543691392988,0.001403627684339881
PEU,C_NO_H,79,12,0.00019703810539795086,0.00023006851552054286,0.009438740380574018,0.002336339675821364,0.0011986218160018325,0.002143432153388858,0.0014344619703479111
PEU,C_NO_H,80,12,0.0001964062248589471,0.0002069483234663494,0.009448016877286136,0.0026736133731901646,0.0010723700979724526,0.0017533115460537374,0.001420815591700375
PEU,C_NO_H,81,12,0.00019518678891472518,0.00024870343622751534,0.009454953589010984,0.0021946864435449243,0.0010889219120144844,0.001903152500744909,0.001182303938549012
PEU,C_NO_H,82,12,0.0001946581032825634,0.00020218961435602978,0.009435024345293641,0.002211775747127831,0.0011617515119723976,0.0016718186088837683,0.0011610141955316067
PEU,C_NO_H,83,12,0.00019373374379938468,0.0002262628622702323,0.009360489435493946,0.0022420191671699286,0.0011430078884586692,0.002021192805841565,0.0012366845621727407
PEU,C_NO_H,84,12,0.0001930938524310477,0.00020185609901091084,0.009311896155122668,0.002314170473255217,0.0011962410062551498,0.00142719253199175,0.0012081126915290952
PEU,C_NO_H,85,12,0.0001918980124173686,0.0002435980350128375,0.00924106054008007,0.002201345283538103,0.0011223892215639353,0.0019683812861330807,0.0012636531610041857
PEU,C_NO_H,86,12,0.00019096797768725082,0.00019871859694831073,0.009195467026438564,0.002182683441787958,0.001127957075368613,0.0015545909409411252,0.0012690267176367342
PEU,C_NO_H,87,12,0.00019084041559835896,0.00022308347251964733,0.0091555789927952,0.0023469232255592942,0.0011326631647534668,0.0020993134239688516,0.001146033377153799
PEU,C_NO_H,88,12,0.00019012257689610124,0.00019831021927529946,0.009097711404319853,0.0024037942057475448,0.0011363205267116427,0.0015583756612613797,0.0012581177870742977
PEU,C_NO_H,89,12,0.00018920592992799357,0.00024041299184318632,0.009070179343689233,0.002143619814887643,0.0011864459956996143,0.0020929824095219374,0.001211022783536464
PEU,C_NO_H,90,12,0.00018877156253438443,0.00019744773453567177,0.009041762235574425,0.002415559720247984,0.0012008709600195289,0.0015685076359659433,0.0012404231238178909
PEU,C_NO_H,91,12,0.00018875468958867714,0.0002209439771831967,0.008979080861900001,0.0024157031439244747,0.001098864886444062,0.002130919834598899,0.0012608824181370437
PEU,C_NO_H,92,12,0.00018810293113347143,0.0001952770326170139,0.008940967463422567,0.002159630530513823,0.0011064897989854217,0.0016437047743238509,0.0011315373121760786
PEU,C_NO_H,93,12,0.00018791710317600518,0.00023660057195229456,0.008892019896302372,0.0020563588477671146,0.0010636355727910995,0.001786481763701886,0.0011909381137229502
PEU,C_NO_H,94,12,0.00018700725195230916,0.00019515831081662327,0.00885028502671048,0.0021864091977477074,0.0011115276138298213,0.0015623180661350489,0.0011939406977035105
PEU,C_NO_H,95,12,0.00018702490342548117,0.00021898126578889787,0.008809545345138758,0.002486118581146002,0.0011155445827171206,0.0020882777171209455,0.0013697242829948664
PEU,C_NO_H,96,12,0.0001867124083219096,0.00019130502914777026,0.008791215514065698,0.0022138510830700397,0.0010812203399837017,0.0014882199466228485,0.0013210077304393053
PEU,C_NO_H,97,12,0.00018632933642948046,0.00023321271874010563,0.008773003163514658,0.0021845477167516947,0.0010628048912622035,0.0018532314570620656,0.0012557784793898463
PEU,C_NO_H,98,12,0.00018567296501714736,0.00019291283388156444,0.008746843901462853,0.0022113582817837596,0.0009909460495691746,0.001680054352618754,0.001123533584177494
PEU,C_NO_H,99,12,0.0001854353104135953,0.0002173643297282979,0.00873060196172446,0.0023803075309842825,0.0010301063302904367,0.0020185334142297506,0.001339034701231867
PEU,C_NO_H,100,12,0.00018464148161001503,0.00018773813644656911,0.008711152093019337,0.002113311435095966,0.0010464845690876245,0.0014022033428773284,0.0012114556157030165
PEU,C_NO_H,101,12,0.00018418378749629483,0.00022991159494267777,0.008707394963130355,0.0020285042701289058,0.0010331288212910295,0.0016325139440596104,0.001215654716361314
PEU,C_NO_H,102,12,0.00018335823551751673,0.00019028469250770286,0.008683199231745676,0.0021949722431600094,0.001006857492029667,0.0016479211044497788,0.0012011923245154321
PEU,C_NO_H,103,12,0.00018305715639144182,0.00021450684289447963,0.008676737721543759,0.0023697373690083623,0.001022694690618664,0.001969441946130246,0.0011969803017564118
PEU,C_NO_H,104,12,0.00018214700685348362,0.0001840530167100951,0.008721109887119383,0.0021714961621910334,0.001053318876074627,0.0014378497144207358,0.0011934597278013825
PEU,C_NO_H,105,12,0.00018139580788556486,0.0002263278656755574,0.00875950907357037,0.001969203818589449,0.001021566946292296,0.0015287258429452777,0.001231243775691837
PEU,C_NO_H,106,12,0.00018079458823194727,0.00018703176465351135,0.008823432901408523,0.002150125801563263,0.0010090022115036845,0.0016384209739044309,0.00125481269787997
PEU,C_NO_H,107,12,0.0001802363185561262,0.00021102360915392637,0.00889406242640689,0.002233300358057022,0.0009667593403719366,0.0019046564702875912,0.0012183442595414817
PEU,C_NO_H,108,12,0.00018017883849097416,0.00017977363313548267,0.008978897880297154,0.002066262240987271,0.0009400096023455262,0.0014082840061746538,0.0012344442075118423
PEU,C_NO_H,109,12,0.00017947475134860724,0.00022255504882195964,0.009046860970556736,0.0018077876884490252,0.0009279514197260141,0.0015071742236614227,0.0012026295298710465
PEU,C_NO_H,110,12,0.00017965916777029634,0.0001854351576184854,0.009123435011133552,0.0021743442630395293,0.0009115184075199068,0.0015016404795460403,0.0012216708855703473
PEU,C_NO_H,111,12,0.00017987479077419266,0.0002096869720844552,0.009219694300554693,0.00209971540607512,0.0009388897742610425,0.0017479805392213166,0.0011614460963755846
PEU,C_NO_H,112,12,0.00017996630049310625,0.00017795270105125383,0.009331206325441599,0.0017926094587892294,0.0009199150954373181,0.0013553544995374978,0.001269478292670101
PEU,C_NO_H,113,12,0.00018002177239395678,0.00022078492474975064,0.009405700431670994,0.0019547040574252605,0.0009843154111877084,0.0015620686463080347,0.0012713121832348406
PEU,C_NO_H,114,12,0.0001801462276489474,0.00018543720216257498,0.009445722680538893,0.0019922612700611353,0.0010017080348916352,0.0014511808985844254,0.0012183610815554857
PEU,C_NO_H,115,12,0.00018012277723755687,0.00020961050176993012,0.009469651733525097,0.0021010435884818435,0.0009658043563831598,0.0016830578679218888,0.0012991275289095938
PEU,C_NO_H,116,12,0.00018042296869680285,0.0001772354735294357,0.009538902901113033,0.0018673527520149946,0.0010021365014836192,0.0014802745427004993,0.0012159189209342003
PEU,C_NO_H,117,12,0.00018049462232738733,0.00021986194769851863,0.009577027463819832,0.0021153949201107025,0.001023661287035793,0.0016778380377218127,0.0012454312527552247
PEU,C_NO_H,118,12,0.00018063043535221368,0.00018533007823862135,0.009597174066584557,0.001965144765563309,0.0010294856620021164,0.0014270016108639538,0.001229094690643251
PEU,C_NO_H,119,12,0.00018068531062453985,0.00020880131341982633,0.00965368514880538,0.0022370765218511224,0.0010326194460503757,0.0017185210017487407,0.0012441674480214715
PEU,C_NO_H,120,12,0.00018059380090562627,0.00017679306620266289,0.009720136236865073,0.0020564995938912034,0.0010524502722546458,0.0014805259997956455,0.0012233564048074186
PEU,C_NO_H,121,12,0.0001810112371458672,0.0002192725514760241,0.009797669714316726,0.0019889218383468688,0.0009660992072895169,0.0016747895278967917,0.0012914884136989713
PEU,C_NO_H,122,12,0.00018093811377184466,0.00018501550221117213,0.00988755444996059,0.002034381963312626,0.0009756387444213033,0.0014447058783844113,0.0013289067428559065
PEU,C_NO_H,123,12,0.00018119163723895326,0.0002092112335958518,0.00994810531847179,0.002152079134248197,0.0010225294390693307,0.001676911604590714,0.0013002862688153982
PEU,C_NO_H,124,12,0.00018148253002436832,0.0001771529932739213,0.01001847832230851,0.0021090277004987,0.0010020745685324073,0.0016002150950953364,0.0012912699021399021
PEU,C_NO_H,125,12,0.00018164084758609533,0.00021932748495601118,0.010067828581668437,0.0021178433671593666,0.0009707464778330177,0.0019312025397084653,0.0012195489252917469
PEU,C_NO_H,126,12,0.00018153103155782446,0.0001854816946433857,0.010101706255227327,0.0020884015830233693,0.0010329578653909266,0.00148234044900164,0.0011810885043814778
PEU,C_NO_H,127,12,0.00018180602637585253,0.0002088577748509124,0.01010057667735964,0.002095522009767592,0.0009695581684354693,0.0016454028082080185,0.0011875038617290556
PEU,C_NO_H,128,12,0.0001815409486880526,0.00017590695642866194,0.010087530012242496,0.002161402488127351,0.0009626367536839098,0.0017008547438308597,0.0011822668020613492
PEU,C_NO_H,129,12,0.0001816243093344383,0.00021796312648802996,0.010058639047201723,0.0022978599881753325,0.0009871340007521212,0.0018758313963189721,0.0011602796730585396
PEU,C_NO_H,130,12,0.00018131732213078067,0.00018440427811583504,0.010057654581032693,0.0022575410548597574,0.0010774077964015305,0.001670640252996236,0.0011861479142680764
PEU,C_NO_H,131,12,0.00018089005607180297,0.00020782378851436079,0.01002707815496251,0.0022232664050534368,0.001067610050085932,0.001651640865020454,0.0011848597205244005
PEU,C_NO_H,132,12,0.00018102864123648033,0.0001746150737744756,0.010019834560807794,0.002253251033835113,0.001023665303364396,0.0014913287595845759,0.0012700797524303198
PEU,C_NO_H,133,12,0.00018097193242283538,0.00021572936384472996,0.009999803092796355,0.0022587619023397565,0.0010689073242247105,0.0017076462390832603,0.0012110144016332924
PEU,C_NO_H,134,12,0.0001808807355700992,0.0001846221202868037,0.010016862419433892,0.002482192008756101,0.001070835452992469,0.0016072316211648285,0.0012011397629976273
PEU,C_NO_H,135,12,0.0001809007953852415,0.00020724419300677255,0.010022693255450577,0.0022986248368397355,0.0011142282746732235,0.001699769520200789,0.0011338621843606234
PEU,C_NO_H,136,12,0.00018136428843718022,0.00017512135673314333,0.009984959731809795,0.002220339607447386,0.0010381717584095895,0.0015434602973982692,0.0010494703310541809
PEU,C_NO_H,137,12,0.0001813574490370229,0.00021639746410073712,0.00999994989251718,0.0027786196442320943,0.0010403230553492904,0.001914804510306567,0.0011807511909864843
PEU,C_NO_H,138,12,0.00018078730499837548,0.0001852670538937673,0.00999066309304908,0.002220724942162633,0.0009993725107051432,0.0016833559493534267,0.0011487918091006577
PEU,C_NO_H,139,12,0.0001809997920645401,0.00020775509619852528,0.009996411972679198,0.0023132023634389043,0.0010466144303791225,0.001706989947706461,0.0010555272456258535
PEU,C_NO_H,140,12,0.0001812772752600722,0.0001749797011143528,0.009991196740884334,0.002176160109229386,0.0010446671512909234,0.0015433866064995527,0.001022511743940413
PEU,C_NO_H,141,12,0.00018142703629564494,0.000217221473576501,0.010007392498664558,0.0021948220673948526,0.000986159488093108,0.0019222094560973346,0.001130058488342911
PEU,C_NO_H,142,12,0.00018132440163753927,0.00018601549527375028,0.01002437638817355,0.0023297100560739636,0.0010223286808468401,0.0017267016228288412,0.0011049956665374339
PEU,C_NO_H,143,12,0.0001816540607251227,0.00020918643713230267,0.010040619177743793,0.0022971502039581537,0.0010486721876077354,0.0017702356562949717,0.0010767448111437261
PEU,C_NO_H,144,12,0.00018211174756288528,0.0001749142975313589,0.010082066000904888,0.0022967185359448195,0.001051490951795131,0.0015460339491255581,0.0010545813129283488
PEU,C_NO_H,145,12,0.00018260585056850687,0.00021843292051926255,0.010154737276025116,0.002147729624994099,0.0010569305159151554,0.002018399187363684,0.0009734998748172075
PEU,C_NO_H,146,12,0.00018254658789373934,0.0001874878362286836,0.01025730452965945,0.0023479163646698,0.001028524071443826,0.0017303975182585418,0.0010487414547242224
PEU,C_NO_H,147,12,0.00018282570817973465,0.0002103159567923285,0.01029850059421733,0.0025567759294062853,0.0010111574083566666,0.00179933977779001,0.0010541824158281088
PEU,C_NO_H,148,12,0.00018331942555960268,0.00017430010484531522,0.010301062429789454,0.002243343973532319,0.0010333987884223461,0.0015467845369130373,0.0010155513300560415
PEU,C_NO_H,149,12,0.0001831007466535084,0.00021921246661804616,0.010317584732547402,0.002331644296646118,0.0010470107081346214,0.0019732320215553045,0.0010009263642132282
PEU,C_NO_H,150,12,0.00018317891226615757,0.00018833798094419762,0.01036439195740968,0.0022993420716375113,0.0010388349764980376,0.0017844574176706374,0.0009843082807492465
PEU,C_NO_H,151,12,0.00018297282804269344,0.00021175535948714241,0.010381784057244658,0.002406184677965939,0.0010298289125785232,0.0017397766932845116,0.0010155552008654922
PEU,C_NO_H,152,12,0.0001832000125432387,0.00017619290156289935,0.010414622840471566,0.0021215545712038875,0.0009947511134669185,0.0015438661212101579,0.0009823045111261308
PEU,C_NO_H,153,12,0.00018307830760022625,0.00021962407481623814,0.010447498178109527,0.00237646303139627,0.001001170021481812,0.0019037157180719078,0.0009190457058139145
PEU,C_NO_H,154,12,0.00018295535846846178,0.0001884844314190559,0.01048498647287488,0.002280707936733961,0.0010419785976409912,0.001791197108104825,0.0010428885580040514
PEU,C_NO_H,155,12,0.00018297394854016602,0.00021085281332489103,0.01051477703731507,0.002337987534701824,0.0010678668622858822,0.0016861344338394701,0.0010218090028502047
PEU,C_NO_H,156,12,0.0001828931490308605,0.00017359526827931404,0.010547257959842682,0.0020748567767441273,0.0010588119621388614,0.0016144122928380966,0.0010972159216180444
PEU,C_NO_H,157,12,0.00018378931417828426,0.00022012891713529825,0.010575078427791595,0.0022176747443154454,0.0010414187563583255,0.0018422443536110222,0.001055810193065554
PEU,C_NO_H,158,12,0.00018461086438037455,0.00019041549239773303,0.010591989615932107,0.002153559820726514,0.001084434217773378,0.00172073591966182,0.001118894200772047
PEU,C_NO_H,159,12,0.00018645013187779114,0.00021587298397207633,0.010627444833517075,0.0022059627808630466,0.0010308152996003628,0.0016519594355486333,0.0010831739637069404
PEU,C_NO_H,160,12,0.00018913682288257405,0.00017886648856801912,0.01064871798735112,0.002218224573880434,0.0010283453739248216,0.0016176935750991106,0.0010342354653403163
PEU,C_NO_H,161,12,0.00019240020628785715,0.00022758041450288147,0.010658893035724759,0.0023828676203265786,0.001012160093523562,0.001975528197363019,0.00121150107588619
PEU,C_NO_H,162,12,0.0001960799127118662,0.00019520067144185305,0.010684379492886364,0.0021739776711910963,0.0010512100416235626,0.0017284294590353966,0.001107207965105772
PEU,C_NO_H,163,12,0.00019884402718162164,0.00022544171224581078,0.010725970612838864,0.002555199316702783,0.0010201343684457242,0.0016952381120063365,0.0011221002205275
PEU,C_NO_H,164,12,0.00019615291967056692,0.00017556233069626614,0.010742467595264316,0.002297763363458216,0.0010648155002854764,0.001463137217797339,0.0010762082529254258
PEU,C_NO_H,165,12,0.00019254632206866518,0.0002248301316285506,0.010748319793492556,0.00217623810749501,0.0009780016262084246,0.0018766073626466095,0.001136770413722843
PEU,C_NO_H,166,12,0.00018813001952366903,0.00019188526493962854,0.01076800748705864,0.0020160841522738338,0.0009492590033914894,0.0016681656707078218,0.00114339281572029
PEU,C_NO_H,167,12,0.0001852818750194274,0.00021561777248280123,0.010770783759653568,0.0025264673167839646,0.0008943115244619548,0.0018227221444249153,0.0011063319398090243
PEU,C_NO_H,168,12,0.0001832391499192454,0.00017290910182055086,0.01079963194206357,0.0019448770908638835,0.0009147388336714357,0.0014144012820906937,0.0010436564916744828
PEU,C_NO_H,169,12,0.00018200297199655324,0.00022148296557134017,0.01081474032253027,0.0020939288078807294,0.0009898162097670138,0.0017711059772409499,0.0010691554052755237
PEU,C_NO_H,170,12,0.00018124209600500762,0.00019248491298640147,0.010861544287763536,0.0023335926234722137,0.0010058678453788161,0.0018189274705946445,0.0011202642926946282
PEU,C_NO_H,171,12,0.00018132533296011388,0.0002147031991626136,0.010901964735239744,0.002236279542557895,0.0009379201219417155,0.001723172958008945,0.001063037314452231
PEU,C_NO_H,172,12,0.00018234299932373688,0.00017370392743032426,0.010945959016680717,0.002261096960864961,0.0009363862627651542,0.0016295254463329911,0.001041484356392175
PEU,C_NO_H,173,12,0.00018310509767616168,0.00022374447871698067,0.011010696878656745,0.002272110781632364,0.0009139407775364816,0.0018389906035736203,0.0010327448253519833
PEU,C_NO_H,174,12,0.00018326514691580087,0.00019236226216889918,0.011088545713573695,0.002125220955349505,0.0009748825104907155,0.0017180518480017781,0.0010427699889987707
PEU,C_NO_H,175,12,0.0001823950806283392,0.00021384510910138488,0.011168252909556031,0.002281649853102863,0.0010169357992708683,0.0017441545496694744,0.0010668167378753424
PEU,C_NO_H,176,12,0.00018145806825486943,0.0001707814444671385,0.011256058560684323,0.002065261243842542,0.001010150765068829,0.0013627544976770878,0.00103621807647869
PEU,C_NO_H,177,12,0.00017959626711672172,0.0002194030093960464,0.011331844166852534,0.0023580860579386353,0.0009357848903164268,0.0017717654118314385,0.0010947261471301317
PEU,C_NO_H,178,12,0.00017778523761080578,0.00019035753211937845,0.011430559051223099,0.002127306768670678,0.0009359406540170312,0.0017602417501620948,0.0011009564623236656
PEU,C_NO_H,179,12,0.00017589593335287645,0.00020948130986653268,0.011492314492352306,0.002074643620289862,0.0009213175217155367,0.0016727366601116955,0.0010559252696111798
PEU,C_NO_H,180,12,0.00017464588017901406,0.0001677999971434474,0.011532267206348479,0.0022004065103828907,0.0009288513392675668,0.0014196616830304265,0.0010064145317301154
PEU,C_NO_H,181,12,0.00017421885422663763,0.00021640871273120865,0.011551064345985651,0.0021737321512773633,0.0008790139690972865,0.0018473268137313426,0.0010084006935358047
PEU,C_NO_H,182,12,0.000173645319591742,0.00018832973000826314,0.011585709359496831,0.002304510329850018,0.0009563011990394443,0.0018383931601420045,0.0009946976788342
PEU,C_NO_H,183,12,0.00017314997967332602,0.00020755014702444896,0.011596556985750794,0.0022997271735221148,0.000985650927759707,0.001624350086785853,0.0010640020482242107
PEU,C_NO_H,184,12,0.00017387619300279766,0.00016626824799459428,0.011620084219612182,0.00202926283236593,0.001005249039735645,0.0014696652069687843,0.0010752254747785628
PEU,C_NO_H,185,12,0.0001739581348374486,0.00021539452427532524,0.011636820854619145,0.0023706204956397414,0.0009628185362089425,0.0015846418682485819,0.0011671804822981358
PEU,C_NO_H,186,12,0.00017322813801001757,0.00018913912936113775,0.011689041275531054,0.0023642221931368113,0.0009395435045007616,0.0017379403579980135,0.0011041981633752584
PEU,C_NO_H,187,12,0.00017321699124295264,0.00020836129260715097,0.011731749516911805,0.002562851645052433,0.0009722873801365495,0.0017904682899825275,0.0011685762437991798
PEU,C_NO_H,188,12,0.00017272166587645188,0.00016512139700353146,0.011742868390865625,0.0022644305718131363,0.0009463304013479501,0.0013802857720293105,0.001167886017356068
PEU,C_NO_H,189,12,0.00017218666471308097,0.00021792289044242352,0.011838874197565019,0.002610387047752738,0.0009807192836888134,0.0018247654079459608,0.0010503619851078838
PEU,C_NO_H,190,12,0.00017109674081439152,0.00018928480130853131,0.011989763379096985,0.002373676048591733,0.0009681981464382261,0.0017846938571892679,0.0010461005149409175
PEU,C_NO_H,191,12,0.0001700651046121493,0.00020780663908226416,0.012140791350975632,0.0026531292824074626,0.0009822491556406021,0.0016832901164889336,0.0010263400617986917
PEU,C_NO_H,192,12,0.0001688572228886187,0.0001622885392862372,0.012289768643677234,0.0021337087964639068,0.000992624438367784,0.0012638624175451696,0.0011109273764304817
PEU,C_NO_H,193,12,0.0001678702756180428,0.0002154845351469703,0.012356929597444832,0.002300086081959307,0.0010163153056055307,0.0017788635450415313,0.001227041706442833
PEU,C_NO_H,194,12,0.000166966492542997,0.00018732304306467995,0.01237988448701799,0.0023418496130034328,0.0010557544883340597,0.0015728303114883602,0.0012824177974835038
PEU,C_NO_H,195,12,0.00016682122077327222,0.00020526706794044003,0.01240363612305373,0.0026040339143946767,0.0010451495763845742,0.001660951878875494,0.0012813435168936849
PEU,C_NO_H,196,12,0.00016694532678229734,0.00015991994587238878,0.012423757929354906,0.002147852908819914,0.0011004918487742543,0.0011686384095810354,0.001196628320030868
PEU,C_NO_H,197,12,0.00016697759565431625,0.00021652283612638712,0.012449309695512056,0.002569932956248522,0.0010934002930298448,0.0017166071920655668,0.0010366582428105175
PEU,C_NO_H,198,12,0.00016718613915145397,0.00018966443167300895,0.012504622898995878,0.0022275098599493504,0.001122852263506502,0.0017609863425605,0.0011041596881113946
PEU,C_NO_H,199,12,0.00016699987463653088,0.00020869922445854172,0.012590620387345552,0.0026940464740619063,0.0011164768948219717,0.0016473454888910055,0.0010660650441423059
PEU,C_NO_H,200,12,0.00016680620319675654,0.00015877170517342165,0.012674700189381837,0.002531916368752718,0.0010181611578445882,0.0012561525800265372,0.0010383286862634122
PEU,C_NO_H,201,12,0.00016631590551696718,0.00022243315470404923,0.012777266837656499,0.002915583085268736,0.0010524260578677058,0.0019501072820276022,0.001102680980693549
PEU,C_NO_H,202,12,0.00016554249305045232,0.00018927564815385267,0.012871106248348953,0.002514477469958365,0.0011121738934889436,0.0017287934315390885,0.0010192357003688812
PEU,C_NO_H,203,12,0.0001644736112211831,0.00020517966186162084,0.012980103585869075,0.00284674484282732,0.0009799652034416795,0.0017223404720425606,0.001080259564332664
PEU,C_NO_H,204,12,0.00016429111565230414,0.00015722736134193838,0.013034539856016637,0.0022338752169162035,0.001063508098013699,0.0013190850731916726,0.0011972099309787154
PEU,C_NO_H,205,12,0.00016407516523031518,0.00021430579363368452,0.013138625863939523,0.0023783204378560185,0.0010041514178737998,0.0019166992860846221,0.0012129410170018673
PEU,C_NO_H,206,12,0.0001634544023545459,0.0001878666880656965,0.013231731741689146,0.002256689826026559,0.001040986506268382,0.001805731386411935,0.0011124396114610136
PEU,C_NO_H,207,12,0.00016309683269355446,0.0002039610262727365,0.013277395372278988,0.002744582248851657,0.0009648727136664093,0.0016400425229221582,0.0011118801194243133
PEU,C_NO_H,208,12,0.00016349040379282087,0.00015623676881659776,0.013247618428431451,0.002269150922074914,0.0008962689316831529,0.0013052162248641253,0.0010197469964623451
PEU,C_NO_H,209,12,0.0001636368833715096,0.00021900449792155996,0.01319374719168991,0.00248030514921993,0.0009056192066054791,0.0019162017852067947,0.0010869584511965513
PEU,C_NO_H,210,12,0.00016320609574904665,0.00019127043196931481,0.013162400643341243,0.002345219603739679,0.0009179030312225223,0.0020213607931509614,0.0009788920287974179
PEU,C_NO_H,211,12,0.00016310304636135697,0.00020559153927024454,0.013165270001627505,0.0027048056945204735,0.0009163237700704485,0.0017458752845413983,0.001008178573101759
PEU,C_NO_H,212,12,0.0001624984943191521,0.00015507120406255126,0.013173161284066736,0.00229622726328671,0.0009735071507748216,0.0012586744269356132,0.001067137811332941
PEU,C_NO_H,213,12,0.00016207269800361246,0.00022022310440661386,0.013199675409123302,0.0023746929364278913,0.0009149193647317588,0.0018789456808008254,0.0010667691240087152
PEU,C_NO_H,214,12,0.00016117639461299405,0.00019129035354126245,0.013262688391841948,0.0023213181411847472,0.0010271898936480284,0.0017298412858508527,0.0011834477190859616
PEU,C_NO_H,215,12,0.00016064379451563582,0.00020668149227276444,0.013366708043031394,0.0027622691122815013,0.0010250572813674808,0.0016785160987637937,0.001147987728472799
PEU,C_NO_H,216,12,0.00016022915224311873,0.0001532277383375913,0.013435354083776474,0.0027162025216966867,0.0010353001998737454,0.0014877502690069377,0.0011710693361237645
PEU,C_NO_H,217,12,0.0001599311945028603,0.00021933557582087815,0.013463381701149047,0.002458742936141789,0.001075091422535479,0.0018773908959701657,0.001017125090584159
PEU,C_NO_H,218,12,0.00015960095333866775,0.00019089749548584223,0.01348512985277921,0.0024782808031886816,0.0010051802382804453,0.0017892294563353062,0.001176944759208709
PEU,C_NO_H,219,12,0.00015957857976900414,0.00020365204545669258,0.013470105617307127,0.0029534714994952083,0.0010386601206846535,0.0016262322897091508,0.001170739356894046
PEU,C_NO_H,220,12,0.00015982065087882802,0.00015226816321955994,0.01346506723202765,0.0024817081866785884,0.0010451715788803995,0.001298832707107067,0.0011724272626452148
PEU,C_NO_H,221,12,0.00015921733574941754,0.0002175143890781328,0.013494057697243989,0.00241141056176275,0.0009956549620255828,0.0020534942159429193,0.0012393771321512759
PEU,C_NO_H,222,12,0.00015895288379397243,0.00019207037257729098,0.013551087235100567,0.0024883446749299765,0.0009303977130912244,0.0019373061368241906,0.0011264507193118334
PEU,C_NO_H,223,12,0.0001581124306540005,0.0002025317444349639,0.013548296759836376,0.0025837119901552796,0.0009163943177554756,0.0014981459244154394,0.0012498656287789345
PEU,C_NO_H,224,12,0.00015774495841469616,0.00015144268400035799,0.013471874827519058,0.0026309607783332467,0.0009551747352816164,0.0014897065702825785,0.0011072340421378613
PEU,C_NO_H,225,12,0.00015754759806441143,0.00021515942353289574,0.01346482839435339,0.0024740922963246703,0.000937258533667773,0.0017471268074586987,0.001100932597182691
PEU,C_NO_H,226,12,0.00015746813733130693,0.00018975583952851593,0.013534181844443082,0.002295565791428089,0.0009443098388146609,0.001858351519331336,0.0014477708609774709
PEU,C_NO_H,227,12,0.00015735884517198429,0.00020188687631161883,0.013688378129154443,0.0029983982676640153,0.000931645161472261,0.0016101733199320734,0.0013818710576742887
PEU,C_NO_H,228,12,0.0001572657492943108,0.0001503428356954828,0.013819943624548614,0.0028043778147548437,0.0010936078615486622,0.001337647729087621,0.0013352268724702299
PEU,C_NO_H,229,12,0.00015758234803797677,0.00021403604478109628,0.013989245402626693,0.0024698127526789904,0.00100239590392448,0.001911926781758666,0.001213489449582994
PEU,C_NO_H,230,12,0.00015671947767259553,0.00019066218374064192,0.014139692764729261,0.002694237744435668,0.0010590740712359548,0.0017982216086238623,0.0012313698534853756
PEU,C_NO_H,231,12,0.0001571490356582217,0.00020270243112463504,0.014228772092610597,0.0026469521690160036,0.0010226230369880795,0.0016158779035322368,0.0011815335019491613
PEU,C_NO_H,232,12,0.00015637187607353553,0.00014871653547743335,0.01422526587266475,0.002781989285722375,0.0010164176346734166,0.0014644248294644058,0.0011527846800163388
PEU,C_NO_H,233,12,0.0001561831886647269,0.00021179406030569226,0.014240206824615598,0.0026691725943237543,0.000980251730652526,0.0018249211134389043,0.0010377189610153437
PEU,C_NO_H,234,12,0.00015613478171871975,0.00018876217654906213,0.014282931364141405,0.0025224211858585477,0.0008944052970036864,0.0016963182715699077,0.0011288968962617218
PEU,C_NO_H,235,12,0.00015586781955789775,0.00020188002235954627,0.014330410491675138,0.003084540134295821,0.0009137957822531462,0.0016835617134347558,0.0011530566844157875
PEU,C_NO_H,236,12,0.00015612976130796596,0.0001477941477787681,0.014443571562878788,0.0026462749810889363,0.0009482730529271066,0.0014047847944311798,0.0011255397112108767
PEU,C_NO_H,237,12,0.0001559112934046425,0.00021093126997584477,0.014565322361886502,0.0024904467863962054,0.001051827275659889,0.001882166601717472,0.001137705985456705
PEU,C_NO_H,238,12,0.00015567416994599625,0.00019100755162071437,0.014717995491810142,0.0026783731300383806,0.0009686303674243391,0.0018997077131643891,0.0012221395736560225
PEU,C_NO_H,239,12,0.00015553262346656993,0.00020324465731391683,0.014814766799099743,0.002707194769755006,0.0010296571999788284,0.001671909005381167,0.0012805219739675522
PEU,C_NO_H,240,12,0.00015525701746810228,0.0001469686540076509,0.014896607492119074,0.0026898288633674383,0.0010059069318231195,0.0013166071730665863,0.0013180063106119633
PEU,C_NO_H,241,12,0.00015512789104832336,0.00020958806271664798,0.014921434875577688,0.002636586781591177,0.0010418416059110314,0.002045941713731736,0.0013088715495541692
PEU,C_NO_H,242,12,0.00015456551045645028,0.00019537264597602189,0.014983620191924275,0.002722149365581572,0.0010110651492141187,0.001948435150552541,0.0011540260748006403
PEU,C_NO_H,243,12,0.00015486591291846707,0.0002061395498458296,0.015066839847713709,0.0031830075895413756,0.0009756580693647265,0.001697816711384803,0.0012215254246257246
PEU,C_NO_H,244,12,0.00015488452481804416,0.00014655905397376046,0.015133287571370602,0.002446086728014052,0.001086017902707681,0.0012311396421864629,0.0013012599665671587
PEU,C_NO_H,245,12,0.0001546896164654754,0.00020845462859142572,0.015160209056921304,0.002623019623570144,0.001093694765586406,0.0018545403145253658,0.0012690339935943484
PEU,C_NO_H,246,12,0.00015450710634468123,0.00019777035049628466,0.015262697404250503,0.00255806022323668,0.0009676898771431297,0.00180011271731928,0.0011621764278970659
PEU,C_NO_H,247,12,0.0001546411804156378,0.0002073730356642045,0.01543145717587322,0.0029145273147150874,0.0009733591286931187,0.001718361396342516,0.001103432266972959
PEU,C_NO_H,248,12,0.00015476033877348527,0.00014644984184997156,0.015679700183682144,0.002547039184719324,0.0009896024130284786,0.0013948309351690114,0.001286028593312949
PEU,C_NO_H,249,12,0.00015442638687090948,0.00020765262888744473,0.015737046813592316,0.0025607033167034388,0.00100449234014377,0.0017119745025411248,0.0013427946832962334
PEU,C_NO_H,250,12,0.00015480629372177646,0.00019943152437917888,0.015698580630123617,0.002873087301850319,0.0009643195371609181,0.0019494862644933164,0.0012098402949050069
PEU,C_NO_H,251,12,0.00015428982442244887,0.00020521224359981716,0.01568570709787309,0.002850322052836418,0.0009777815721463412,0.0015505203045904636,0.0011682772892527282
PEU,C_NO_H,252,12,0.00015398196410387754,0.00014551389176631346,0.0157885282067582,0.0024512745440006256,0.0009491171222180128,0.0013368580839596689,0.0012019388959743083
PEU,C_NO_H,253,12,0.00015357602387666702,0.00020730371761601418,0.01594138515647501,0.0025819350266829133,0.0009036346455104649,0.0019228625460527837,0.0012468080967664719
PEU,C_NO_H,254,12,0.0001536616764497012,0.00019858685845974833,0.01618841274175793,0.0023578113177791238,0.0009340191318187863,0.001846464816480875,0.001214569725561887
PEU,C_NO_H,255,12,0.00015334630734287202,0.00020665349438786507,0.016436940198764204,0.002807806944474578,0.0009382981806993484,0.0016852854751050472,0.0015227663097903132
PEU,C_NO_H,256,12,0.00015310545859392732,0.000144896941492334,0.016666727955453098,0.0024123572511598468,0.001058407942764461,0.0011788207339122891,0.0012512344983406365
PEU,C_NO_H,257,12,0.00015325564163504168,0.00020601886353688315,0.01669048632029444,0.0026817128527909517,0.0010729513596743345,0.0018990400130860507,0.001215537078678608
PEU,C_NO_H,258,12,0.00015325193089665845,0.00019771297957049683,0.01662611437495798,0.0027575864223763347,0.000959333119681105,0.0018628370598889887,0.0011361869401298463
PEU,C_NO_H,259,12,0.00015310171875171363,0.00020657622371800244,0.016571111837401988,0.002879719715565443,0.0009702329116407782,0.0017082099802792072,0.0012387940660119057
PEU,C_NO_H,260,12,0.0001530731751699932,0.0001447517570341006,0.016647821106016637,0.002907348796725273,0.0009763439011294395,0.001430218166206032,0.0013238242245279253
PEU,C_NO_H,261,12,0.00015330283349612728,0.00020582639263011515,0.016832582210190593,0.002473467611707747,0.0009096448193304241,0.0016896399320103228,0.0015837649698369205
PEU,C_NO_H,262,12,0.00015327428991440684,0.00020084770221728832,0.017112658149562775,0.0031258395174518228,0.0009843285952229053,0.0019009438692592084,0.0013569362927228212
PEU,C_NO_H,263,12,0.00015329414600273594,0.00020914580090902746,0.017307364218868315,0.002821641508489847,0.0009936890273820609,0.0017521047848276794,0.001288700383156538
PEU,C_NO_H,264,12,0.00015319235535571352,0.00014469719462795183,0.01736274508293718,0.0030581781174987555,0.0010316432162653655,0.0012844490120187402,0.0012292779283598065
PEU,C_NO_H,265,12,0.0001534617695142515,0.00020604600285878405,0.01726782126352191,0.002658291603438556,0.0010449534165672958,0.0018389723263680935,0.0012241258518770337
PEU,C_NO_H,266,12,0.0001530980080133304,0.00020125199080212042,0.017053295648656784,0.00314309261739254,0.0009132611739914864,0.0019491928978823125,0.001287499675527215
PEU,C_NO_H,267,12,0.00015278635692084208,0.00021012534853070974,0.017012076382525266,0.0029656259575858712,0.0009623832302168012,0.0017622823361307383,0.0013154487241990864
PEU,C_NO_H,268,12,0.00015313641779357567,0.00014427761925617233,0.01710541055072099,0.0030387602746486664,0.0010643806890584528,0.001609500905033201,0.0014075265498831868
PEU,C_NO_H,269,12,0.0001529874643892981,0.00020529107860056683,0.017234713886864483,0.0026426471304148436,0.0009220659558195621,0.0016507233958691359,0.0013821274042129517
PEU,C_NO_H,270,12,0.0001530147565063089,0.00019945462554460391,0.017249264498241247,0.0032868714770302176,0.0010089670831803232,0.0018891390063799918,0.001630422251764685
PEU,C_NO_H,271,12,0.0001525516781839542,0.00020924271666444838,0.017112907324917614,0.0029477508505806327,0.001172720338217914,0.0017999254632741213,0.0013818980078212917
PEU,C_NO_H,272,12,0.00015258150233421475,0.00014355137682287022,0.016906883846968413,0.0027535271365195513,0.0010849232785403728,0.0013270217459648848,0.0010319803841412067
PEU,C_NO_H,273,12,0.00015248099225573242,0.00020612658408936113,0.016664019296877088,0.0024982935283333063,0.0009623137884773314,0.0019122845842503011,0.0011240141466259956
PEU,C_NO_H,274,12,0.00015235808677971363,0.00019870107644237578,0.016510147741064428,0.002796152140945196,0.0009083685290534049,0.0016273237415589392,0.0011202688910998404
PEU,C_NO_H,275,12,0.00015232332953019068,0.0002111756184604019,0.016517372778616847,0.0029944919515401125,0.0009513709519524127,0.0017651182715781033,0.001069887774065137
PEU,C_NO_H,276,12,0.00015277645434252918,0.0001436892489437014,0.016670214664191007,0.0028505624504759908,0.0009022538724821061,0.0013818369479849935,0.0011461368412710726
PEU,C_NO_H,277,12,0.000152272405102849,0.00020591550855897367,0.01682279403321445,0.0026031347224488854,0.0009985782962758094,0.0017814170569181442,0.0012489712098613381
PEU,C_NO_H,278,12,0.00015234188322210684,0.00019802118913503364,0.01697927911300212,0.0029229543870314956,0.0010084726382046938,0.001814105431549251,0.0011959648691117764
PEU,C_NO_H,279,12,0.00015201905625872314,0.00020964543364243582,0.017168401600793005,0.0030730636790394783,0.000982542580459267,0.0016681093256920576,0.0012943214387632906
PEU,C_NO_H,280,12,0.0001519234720035456,0.00014288227976066992,0.017464891145937144,0.002982491161674261,0.0011133021325804293,0.001452015363611281,0.0012958715669810772
PEU,C_NO_H,281,12,0.0001516813790658489,0.00020528976165223867,0.01771555996965617,0.0027877410175278783,0.0010354785481467843,0.0017366905813105404,0.0012574996799230576
PEU,C_NO_H,282,12,0.00015128662198549137,0.00019987853738712147,0.017777417320758104,0.003506180481053889,0.000964722567005083,0.0017723797354847193,0.0012677256017923355
PEU,C_NO_H,283,12,0.00015083098696777597,0.00021351092436816543,0.017763813119381668,0.0030745540279895067,0.0010225164878647774,0.0017237273859791458,0.0011937623494304717
PEU,C_NO_H,284,12,0.00015136606816668063,0.00014234223635867238,0.017912879143841563,0.00295278406701982,0.0010518642666283995,0.0013541831285692751,0.001170555828139186
PEU,C_NO_H,285,12,0.0001515461117378436,0.0002059353719232604,0.017625901382416487,0.0029631127836182714,0.0010903757356572896,0.0019604251137934625,0.001700294145848602
PEU,C_NO_H,286,12,0.0001516105912742205,0.00019928380061173812,0.01749361923430115,0.003193027339875698,0.0009252630115952343,0.0015643782098777592,0.0015967755462042987
PEU,C_NO_H,287,12,0.00015149759565247223,0.00020964079158147797,0.017519269371405244,0.003082535695284605,0.0009506477799732238,0.0017614439129829407,0.0016306657926179469
PEU,C_NO_H,288,12,0.000151164858834818,0.0001407965537509881,0.017794602178037168,0.0030061769066378474,0.0009825106826610863,0.0015456770779564977,0.0012575077707879245
PEU,C_NO_H,289,12,0.0001505218242527917,0.00020442818640731275,0.01817327057942748,0.0027816217625513673,0.0009251267474610358,0.0017544206348247826,0.0014049867750145495
PEU,C_NO_H,290,12,0.00015020524733699858,0.00019596673519117758,0.018165896297432482,0.0033021282870322466,0.0011011738679371774,0.0018829084583558142,0.001315353496465832
PEU,C_NO_H,291,12,0.00014986751921242103,0.00020694275008281693,0.018091252888552845,0.0032286803470924497,0.0010724974563345313,0.001739527506288141,0.0014831448206678033
PEU,C_NO_H,292,12,0.0001502585510024801,0.00013977604976389557,0.018065859796479344,0.0030760111985728145,0.001040628063492477,0.001296504633501172,0.0014488529413938522
PEU,C_NO_H,293,12,0.0001506893604528159,0.00020339046750450507,0.01798411188647151,0.002616279060021043,0.0008912162447813898,0.001627660181839019,0.001331653620582074
PEU,C_NO_H,294,12,0.0001507352717453614,0.00019371101370779797,0.018068338208831847,0.002936127479188144,0.0009602528298273683,0.0017668927903287113,0.001161838707048446
PEU,C_NO_H,295,12,0.00015136834554141387,0.0002077325407299213,0.018215896445326507,0.0029872002778574824,0.0009840913699008524,0.0016718748956918716,0.001353026949800551
PEU,C_NO_H,296,12,0.0001515197873231955,0.00013920999481342733,0.01831469389144331,0.0029964857967570424,0.000982651486992836,0.001476540695875883,0.001539404911454767
PEU,C_NO_H,297,12,0.00015139567403821275,0.0002037939557339996,0.018310316954739392,0.002849905169568956,0.0009773471392691135,0.001701120927464217,0.0014576104586012661
PEU,C_NO_H,298,12,0.0001511051377747208,0.00019132122542941943,0.018182870582677424,0.0027901072753593326,0.0010825001518242061,0.0018623810610733926,0.0012958637671545148
PEU,C_NO_H,299,12,0.0001502634258940816,0.00020536065130727366,0.018149811076000333,0.0030994415283203125,0.0011366969556547701,0.0017269500531256199,0.0013373717083595693
PEU,C_NO_H,300,12,0.0001502745581092313,0.00013799573935102671,0.018367838812991977,0.00278390699531883,0.0010573972831480205,0.0014613457024097443,0.0013943947851657867
PEU,C_NO_H,301,12,0.00015043473831610754,0.00020236508134985343,0.018684608046896756,0.0026526482542976737,0.0009540396858938038,0.0016877618618309498,0.0017834697500802577
PEU,C_NO_H,302,12,0.00015003498265286908,0.00019260964472778141,0.018794754287227988,0.0031135794706642628,0.0009447363554500043,0.0016401010798290372,0.0017580733983777463
PEU,C_NO_H,303,12,0.00015017153054941446,0.00020895199850201607,0.018685254734009504,0.00285756413359195,0.001049900078214705,0.00170905637787655,0.0013658373500220478
PEU,C_NO_H,304,12,0.0001505364998592995,0.00013783687609247863,0.018601094745099543,0.002810196834616363,0.0010039573244284838,0.0013997649657540023,0.0013909554691053927
PEU,C_NO_H,305,12,0.00015091762179508805,0.00020267176296329126,0.01835096231661737,0.0029820037307217717,0.000971261179074645,0.001893587235826999,0.0015489821671508253
PEU,C_NO_H,306,12,0.00015067174535943195,0.00019441780750639737,0.01823628379497677,0.0027704740641638637,0.0010653682402335107,0.0015617342432960868,0.001872553548309952
PEU,C_NO_H,307,12,0.00015094476839294657,0.00020893853798042983,0.01835208630654961,0.003049573744647205,0.001059829955920577,0.0017603421001695096,0.00198675028514117
PEU,C_NO_H,308,12,0.0001512823801022023,0.00013718762784264982,0.018614410888403654,0.00281557347625494,0.001026593177812174,0.0015373697387985885,0.0017412955057807267
PEU,C_NO_H,309,12,0.0001513258903287351,0.00020201117149554193,0.01896089839283377,0.0027227341197431087,0.0009854278468992561,0.001628075318876654,0.0017348143155686557
PEU,C_NO_H,310,12,0.00015095589333213866,0.00019470076949801296,0.01906641509849578,0.003105200477875769,0.0009727010619826615,0.001590445637702942,0.002163101569749415
PEU,C_NO_H,311,12,0.00015104775229701772,0.00020949428289895877,0.01862989431247115,0.0027079387800768018,0.001013428351143375,0.001672370359301567,0.0015615432057529688
PEU,C_NO_H,312,12,0.00015094223635969684,0.0001369430829072371,0.018320974172092976,0.0031476629665121436,0.0009742868423927575,0.0013649704051204026,0.0015079223667271435
PEU,C_NO_H,313,12,0.00015054884715937078,0.0002006109498324804,0.01824052520096302,0.0032162528950721025,0.0009237605845555663,0.0017052830080501735,0.001602472795639187
PEU,C_NO_H,314,12,0.0001494476236985065,0.00019350648653926328,0.018276462657377125,0.003073963336646557,0.0010580163216218352,0.0015092813991941512,0.0017404398531652987
PEU,C_NO_H,315,12,0.00014850911975372583,0.0002086348904413171,0.018371166777797043,0.0033679878106340766,0.0009603703219909221,0.0016252783825621009,0.0016447469824925065
PEU,C_NO_H,316,12,0.00014844086399534717,0.00013565554399974644,0.01860402710735798,0.0030927768675610423,0.0010560649679973722,0.001554324000608176,0.001447795715648681
PEU,C_NO_H,317,12,0.0001482608640799299,0.00019729494670173153,0.018911396991461514,0.003645634511485696,0.0009645643003750592,0.001774668984580785,0.0021131947869434953
PEU,C_NO_H,318,12,0.00014833405293757096,0.00019145936676068231,0.018986537354066968,0.0037738827522844076,0.0010615248465910554,0.0015513811958953738,0.0017404799000360072
PEU,C_NO_H,319,12,0.0001484519525547512,0.00020909584418404847,0.018840008950792252,0.002875417936593294,0.0010945937247015536,0.001481847430113703,0.0016940012574195862
PEU,C_NO_H,320,12,0.0001493072195444256,0.0001357872097287327,0.018742276215925814,0.003378256573341787,0.0009753321937751025,0.0013317216071300209,0.001809694804251194
