cohort,track,prefix,method,mode,role,stratum,strict_role,diagnostic_step,is_diagnostic,average,inputs,edits,source_images,patients,semantic,semantic_numerator,semantic_denominator,semantic_edit_support,v4_primary,v4_primary_numerator,v4_primary_denominator,v4_primary_edit_support,original_reference_correct,original_reference_correct_numerator,original_reference_correct_denominator,original_reference_correct_edit_support,base_correct,base_correct_numerator,base_correct_denominator,base_correct_edit_support,base_correct_damage,base_correct_damage_numerator,base_correct_damage_denominator,base_correct_damage_edit_support,base_correct_preserved,base_correct_preserved_numerator,base_correct_preserved_denominator,base_correct_preserved_edit_support,base_wrong_became_correct,base_wrong_became_correct_numerator,base_wrong_became_correct_denominator,base_wrong_became_correct_edit_support,base_wrong_changed,base_wrong_changed_numerator,base_wrong_changed_denominator,base_wrong_changed_edit_support,on,on_numerator,on_denominator,on_edit_support,joint_on_correct,joint_on_correct_numerator,joint_on_correct_denominator,joint_on_correct_edit_support,fpr,fpr_numerator,fpr_denominator,fpr_edit_support,misfire_damage,misfire_damage_numerator,misfire_damage_denominator,misfire_damage_edit_support,token_parity,token_parity_numerator,token_parity_denominator,token_parity_edit_support,kl,kl_numerator,kl_denominator,kl_edit_support,own_forced_correct,own_forced_correct_numerator,own_forced_correct_denominator,own_forced_correct_edit_support,rejection,rejection_numerator,rejection_denominator,rejection_edit_support,wrong_writer,wrong_writer_numerator,wrong_writer_denominator,wrong_writer_edit_support,writer_error,writer_error_numerator,writer_error_denominator,writer_error_edit_support,equivalent_correct,equivalent_correct_numerator,equivalent_correct_denominator,equivalent_correct_edit_support,other_expert_correct,other_expert_correct_numerator,other_expert_correct_denominator,other_expert_correct_edit_support,selected_writer_error,selected_writer_error_numerator,selected_writer_error_denominator,selected_writer_error_edit_support,ended_with_eos,ended_with_eos_numerator,ended_with_eos_denominator,ended_with_eos_edit_support,cap_hit,cap_hit_numerator,cap_hit_denominator,cap_hit_edit_support,wrong_given_on_base_correct,wrong_given_on_base_correct_numerator,wrong_given_on_base_correct_denominator,wrong_given_on_base_correct_edit_support,wrong_given_on_strict_base,wrong_given_on_strict_base_numerator,wrong_given_on_strict_base_denominator,wrong_given_on_strict_base_edit_support,positive_wrong_rejection,positive_wrong_rejection_numerator,positive_wrong_rejection_denominator,positive_wrong_rejection_edit_support,positive_wrong_selection,positive_wrong_selection_numerator,positive_wrong_selection_denominator,positive_wrong_selection_edit_support,positive_owner_error,positive_owner_error_numerator,positive_owner_error_denominator,positive_owner_error_edit_support,correct_via_base_return,correct_via_base_return_numerator,correct_via_base_return_denominator,correct_via_base_return_edit_support,correct_via_owner_writer,correct_via_owner_writer_numerator,correct_via_owner_writer_denominator,correct_via_owner_writer_edit_support,correct_via_other_writer,correct_via_other_writer_numerator,correct_via_other_writer_denominator,correct_via_other_writer_edit_support,unique_eqkeys,patient,target_propagation
APR_OLD_STAGE3_COMMON7,A,0,B0,FORCED_ON,fit,H,STRICT_BASE,320,False,macro,16,7,13,UNKNOWN,0.09523809523809523,2.0,16,7,,,0,0,0.09523809523809523,2.0,16,7,0.0,0.0,16,7,,,0,0,,,0,0,0.09523809523809523,2.0,16,7,1.0,16.0,16,7,1.0,16.0,16,7,0.09523809523809523,2.0,16,7,1.0,16.0,16,7,,,0,0,0.0,0.0,16,7,,,0,0,0.09523809523809523,2.0,16,7,,,0,0,,,0,0,,,0,0,,,0,0,,,0,0,,,0,0,1.0,16.0,16,7,,,0,0,,,0,0,0.9047619047619048,14.0,16,7,,,0,0,,,0,0,,,0,0,,,0,0,,,0,0,,,0,0,13,UNKNOWN,NA
APR_OLD_STAGE3_COMMON7,A,0,B0,FORCED_ON,fit,H,STRICT_BASE,320,False,micro,16,7,13,UNKNOWN,0.125,2.0,16,7,,,0,0,0.125,2.0,16,7,0.0,0.0,16,7,,,0,0,,,0,0,0.125,2.0,16,7,1.0,16.0,16,7,1.0,16.0,16,7,0.125,2.0,16,7,1.0,16.0,16,7,,,0,0,0.0,0.0,16,7,,,0,0,0.125,2.0,16,7,,,0,0,,,0,0,,,0,0,,,0,0,,,0,0,,,0,0,1.0,16.0,16,7,,,0,0,,,0,0,0.875,14.0,16,7,,,0,0,,,0,0,,,0,0,,,0,0,,,0,0,,,0,0,13,UNKNOWN,NA
APR_OLD_STAGE3_COMMON7,A,0,B0,FORCED_ON,fit,U,STRICT_BASE,320,False,macro,39,7,31,UNKNOWN,0.3826530612244898,15.0,39,7,,,0,0,0.3826530612244898,15.0,39,7,0.41836734693877553,17.0,39,7,0.39444444444444443,5.0,17,6,0.6055555555555555,12.0,17,6,0.25,3.0,22,7,0.8714285714285714,18.0,22,7,1.0,39.0,39,7,0.3826530612244898,15.0,39,7,1.0,39.0,39,7,0.39444444444444443,5.0,17,6,0.15306122448979592,7.0,39,7,,,0,0,0.3826530612244898,15.0,39,7,,,0,0,,,0,0,,,0,0,,,0,0,,,0,0,,,0,0,1.0,39.0,39,7,,,0,0,0.39444444444444443,5.0,17,6,0.6173469387755102,24.0,39,7,,,0,0,,,0,0,,,0,0,,,0,0,,,0,0,,,0,0,33,UNKNOWN,NA
APR_OLD_STAGE3_COMMON7,A,0,B0,FORCED_ON,fit,U,STRICT_BASE,320,False,micro,39,7,31,UNKNOWN,0.38461538461538464,15.0,39,7,,,0,0,0.38461538461538464,15.0,39,7,0.4358974358974359,17.0,39,7,0.29411764705882354,5.0,17,6,0.7058823529411765,12.0,17,6,0.13636363636363635,3.0,22,7,0.8181818181818182,18.0,22,7,1.0,39.0,39,7,0.38461538461538464,15.0,39,7,1.0,39.0,39,7,0.29411764705882354,5.0,17,6,0.1794871794871795,7.0,39,7,,,0,0,0.38461538461538464,15.0,39,7,,,0,0,,,0,0,,,0,0,,,0,0,,,0,0,,,0,0,1.0,39.0,39,7,,,0,0,0.29411764705882354,5.0,17,6,0.6153846153846154,24.0,39,7,,,0,0,,,0,0,,,0,0,,,0,0,,,0,0,,,0,0,33,UNKNOWN,NA
APR_OLD_STAGE3_COMMON7,A,0,B0,FORCED_ON,fit,positive,EDIT_TARGET,320,False,macro,24,7,6,UNKNOWN,0.9285714285714286,22.0,24,7,,,0,0,0.9285714285714286,22.0,24,7,0.0,0.0,24,7,,,0,0,,,0,0,0.9285714285714286,22.0,24,7,1.0,24.0,24,7,1.0,24.0,24,7,0.9285714285714286,22.0,24,7,,,0,0,,,0,0,0.0,0.0,24,7,,,0,0,0.9285714285714286,22.0,24,7,,,0,0,,,0,0,,,0,0,,,0,0,,,0,0,,,0,0,1.0,24.0,24,7,,,0,0,,,0,0,,,0,0,0.0,0.0,24,7,,,0,0,,,0,0,,,0,0,,,0,0,,,0,0,22,UNKNOWN,NA
APR_OLD_STAGE3_COMMON7,A,0,B0,FORCED_ON,fit,positive,EDIT_TARGET,320,False,micro,24,7,6,UNKNOWN,0.9166666666666666,22.0,24,7,,,0,0,0.9166666666666666,22.0,24,7,0.0,0.0,24,7,,,0,0,,,0,0,0.9166666666666666,22.0,24,7,1.0,24.0,24,7,1.0,24.0,24,7,0.9166666666666666,22.0,24,7,,,0,0,,,0,0,0.0,0.0,24,7,,,0,0,0.9166666666666666,22.0,24,7,,,0,0,,,0,0,,,0,0,,,0,0,,,0,0,,,0,0,1.0,24.0,24,7,,,0,0,,,0,0,,,0,0,0.0,0.0,24,7,,,0,0,,,0,0,,,0,0,,,0,0,,,0,0,22,UNKNOWN,NA
APR_OLD_STAGE3_COMMON7,A,0,B0,FORCED_ON,formal_development,T1G,EDIT_TARGET,320,False,macro,22,6,22,UNKNOWN,1.0,22.0,22,6,1.0,22.0,22,6,1.0,22.0,22,6,0.0,0.0,22,6,,,0,0,,,0,0,1.0,22.0,22,6,1.0,22.0,22,6,1.0,22.0,22,6,1.0,22.0,22,6,,,0,0,,,0,0,0.0,0.0,22,6,,,0,0,1.0,22.0,22,6,,,0,0,,,0,0,,,0,0,,,0,0,,,0,0,,,0,0,1.0,22.0,22,6,,,0,0,,,0,0,,,0,0,0.0,0.0,22,6,,,0,0,,,0,0,,,0,0,,,0,0,,,0,0,22,UNKNOWN,NA
APR_OLD_STAGE3_COMMON7,A,0,B0,FORCED_ON,formal_development,T1G,EDIT_TARGET,320,False,micro,22,6,22,UNKNOWN,1.0,22.0,22,6,1.0,22.0,22,6,1.0,22.0,22,6,0.0,0.0,22,6,,,0,0,,,0,0,1.0,22.0,22,6,1.0,22.0,22,6,1.0,22.0,22,6,1.0,22.0,22,6,,,0,0,,,0,0,0.0,0.0,22,6,,,0,0,1.0,22.0,22,6,,,0,0,,,0,0,,,0,0,,,0,0,,,0,0,,,0,0,1.0,22.0,22,6,,,0,0,,,0,0,,,0,0,0.0,0.0,22,6,,,0,0,,,0,0,,,0,0,,,0,0,,,0,0,22,UNKNOWN,NA
APR_OLD_STAGE3_COMMON7,A,0,B0,FORCED_ON,formal_development,T1L,STRICT_BASE,320,False,macro,10,2,5,UNKNOWN,0.2,2.0,10,2,0.0,0.0,6,2,0.2,2.0,10,2,0.6,6.0,10,2,1.0,6.0,6,2,0.0,0.0,6,2,0.5,2.0,4,2,1.0,4.0,4,2,1.0,10.0,10,2,0.2,2.0,10,2,1.0,10.0,10,2,1.0,6.0,6,2,0.0,0.0,10,2,,,0,0,0.2,2.0,10,2,,,0,0,,,0,0,,,0,0,,,0,0,,,0,0,,,0,0,1.0,10.0,10,2,,,0,0,1.0,6.0,6,2,0.8,8.0,10,2,,,0,0,,,0,0,,,0,0,,,0,0,,,0,0,,,0,0,5,UNKNOWN,NA
APR_OLD_STAGE3_COMMON7,A,0,B0,FORCED_ON,formal_development,T1L,STRICT_BASE,320,False,micro,10,2,5,UNKNOWN,0.2,2.0,10,2,0.0,0.0,6,2,0.2,2.0,10,2,0.6,6.0,10,2,1.0,6.0,6,2,0.0,0.0,6,2,0.5,2.0,4,2,1.0,4.0,4,2,1.0,10.0,10,2,0.2,2.0,10,2,1.0,10.0,10,2,1.0,6.0,6,2,0.0,0.0,10,2,,,0,0,0.2,2.0,10,2,,,0,0,,,0,0,,,0,0,,,0,0,,,0,0,,,0,0,1.0,10.0,10,2,,,0,0,1.0,6.0,6,2,0.8,8.0,10,2,,,0,0,,,0,0,,,0,0,,,0,0,,,0,0,,,0,0,5,UNKNOWN,NA
APR_OLD_STAGE3_COMMON7,A,0,B0,FORCED_ON,formal_development,T2G,EDIT_TARGET,320,False,macro,23,6,6,UNKNOWN,0.8333333333333334,19.0,23,6,0.8333333333333334,19.0,23,6,0.8333333333333334,19.0,23,6,0.0,0.0,23,6,,,0,0,,,0,0,0.8333333333333334,19.0,23,6,1.0,23.0,23,6,1.0,23.0,23,6,0.8333333333333334,19.0,23,6,,,0,0,,,0,0,0.0,0.0,23,6,,,0,0,0.8333333333333334,19.0,23,6,,,0,0,,,0,0,,,0,0,,,0,0,,,0,0,,,0,0,1.0,23.0,23,6,,,0,0,,,0,0,,,0,0,0.0,0.0,23,6,,,0,0,,,0,0,,,0,0,,,0,0,,,0,0,23,UNKNOWN,NA
APR_OLD_STAGE3_COMMON7,A,0,B0,FORCED_ON,formal_development,T2G,EDIT_TARGET,320,False,micro,23,6,6,UNKNOWN,0.8260869565217391,19.0,23,6,0.8260869565217391,19.0,23,6,0.8260869565217391,19.0,23,6,0.0,0.0,23,6,,,0,0,,,0,0,0.8260869565217391,19.0,23,6,1.0,23.0,23,6,1.0,23.0,23,6,0.8260869565217391,19.0,23,6,,,0,0,,,0,0,0.0,0.0,23,6,,,0,0,0.8260869565217391,19.0,23,6,,,0,0,,,0,0,,,0,0,,,0,0,,,0,0,,,0,0,1.0,23.0,23,6,,,0,0,,,0,0,,,0,0,0.0,0.0,23,6,,,0,0,,,0,0,,,0,0,,,0,0,,,0,0,23,UNKNOWN,NA
APR_OLD_STAGE3_COMMON7,A,0,B0,FORCED_ON,formal_development,T2L,STRICT_BASE,320,False,macro,2,1,1,UNKNOWN,1.0,2.0,2,1,1.0,2.0,2,1,1.0,2.0,2,1,1.0,2.0,2,1,0.0,0.0,2,1,1.0,2.0,2,1,,,0,0,,,0,0,1.0,2.0,2,1,1.0,2.0,2,1,1.0,2.0,2,1,0.0,0.0,2,1,0.5,1.0,2,1,,,0,0,1.0,2.0,2,1,,,0,0,,,0,0,,,0,0,,,0,0,,,0,0,,,0,0,1.0,2.0,2,1,,,0,0,0.0,0.0,2,1,0.0,0.0,2,1,,,0,0,,,0,0,,,0,0,,,0,0,,,0,0,,,0,0,2,UNKNOWN,NA
APR_OLD_STAGE3_COMMON7,A,0,B0,FORCED_ON,formal_development,T2L,STRICT_BASE,320,False,micro,2,1,1,UNKNOWN,1.0,2.0,2,1,1.0,2.0,2,1,1.0,2.0,2,1,1.0,2.0,2,1,0.0,0.0,2,1,1.0,2.0,2,1,,,0,0,,,0,0,1.0,2.0,2,1,1.0,2.0,2,1,1.0,2.0,2,1,0.0,0.0,2,1,0.5,1.0,2,1,,,0,0,1.0,2.0,2,1,,,0,0,,,0,0,,,0,0,,,0,0,,,0,0,,,0,0,1.0,2.0,2,1,,,0,0,0.0,0.0,2,1,0.0,0.0,2,1,,,0,0,,,0,0,,,0,0,,,0,0,,,0,0,,,0,0,2,UNKNOWN,NA
APR_OLD_STAGE3_COMMON7,A,0,B0,FORCED_ON,native,NATIVE_DIAGNOSTIC,EDIT_TARGET,320,False,macro,1,1,1,UNKNOWN,1.0,1.0,1,1,,,0,0,1.0,1.0,1,1,0.0,0.0,1,1,,,0,0,,,0,0,1.0,1.0,1,1,1.0,1.0,1,1,1.0,1.0,1,1,1.0,1.0,1,1,,,0,0,,,0,0,0.0,0.0,1,1,,,0,0,1.0,1.0,1,1,,,0,0,,,0,0,,,0,0,,,0,0,,,0,0,,,0,0,1.0,1.0,1,1,,,0,0,,,0,0,,,0,0,0.0,0.0,1,1,,,0,0,,,0,0,,,0,0,,,0,0,,,0,0,1,UNKNOWN,NA
APR_OLD_STAGE3_COMMON7,A,0,B0,FORCED_ON,native,NATIVE_DIAGNOSTIC,EDIT_TARGET,320,False,micro,1,1,1,UNKNOWN,1.0,1.0,1,1,,,0,0,1.0,1.0,1,1,0.0,0.0,1,1,,,0,0,,,0,0,1.0,1.0,1,1,1.0,1.0,1,1,1.0,1.0,1,1,1.0,1.0,1,1,,,0,0,,,0,0,0.0,0.0,1,1,,,0,0,1.0,1.0,1,1,,,0,0,,,0,0,,,0,0,,,0,0,,,0,0,,,0,0,1.0,1.0,1,1,,,0,0,,,0,0,,,0,0,0.0,0.0,1,1,,,0,0,,,0,0,,,0,0,,,0,0,,,0,0,1,UNKNOWN,NA
APR_OLD_STAGE3_COMMON7,A,0,B0,FORCED_ON,native,T0,EDIT_TARGET,320,False,macro,6,6,6,UNKNOWN,1.0,6.0,6,6,1.0,6.0,6,6,1.0,6.0,6,6,0.0,0.0,6,6,,,0,0,,,0,0,1.0,6.0,6,6,1.0,6.0,6,6,1.0,6.0,6,6,1.0,6.0,6,6,,,0,0,,,0,0,0.0,0.0,6,6,,,0,0,1.0,6.0,6,6,,,0,0,,,0,0,,,0,0,,,0,0,,,0,0,,,0,0,1.0,6.0,6,6,,,0,0,,,0,0,,,0,0,0.0,0.0,6,6,,,0,0,,,0,0,,,0,0,,,0,0,,,0,0,6,UNKNOWN,NA
APR_OLD_STAGE3_COMMON7,A,0,B0,FORCED_ON,native,T0,EDIT_TARGET,320,False,micro,6,6,6,UNKNOWN,1.0,6.0,6,6,1.0,6.0,6,6,1.0,6.0,6,6,0.0,0.0,6,6,,,0,0,,,0,0,1.0,6.0,6,6,1.0,6.0,6,6,1.0,6.0,6,6,1.0,6.0,6,6,,,0,0,,,0,0,0.0,0.0,6,6,,,0,0,1.0,6.0,6,6,,,0,0,,,0,0,,,0,0,,,0,0,,,0,0,,,0,0,1.0,6.0,6,6,,,0,0,,,0,0,,,0,0,0.0,0.0,6,6,,,0,0,,,0,0,,,0,0,,,0,0,,,0,0,6,UNKNOWN,NA
APR_OLD_STAGE3_COMMON7,A,0,B0,RC_FIXED_OLD16,fit,H,STRICT_BASE,320,False,macro,16,7,13,UNKNOWN,0.0,0.0,16,7,,,0,0,0.0,0.0,16,7,0.0,0.0,16,7,,,0,0,,,0,0,0.0,0.0,16,7,0.0,0.0,16,7,0.0,0.0,16,7,0.0,0.0,16,7,0.0,0.0,16,7,,,0,0,1.0,16.0,16,7,,,0,0,0.09523809523809523,2.0,16,7,,,0,0,,,0,0,,,0,0,,,0,0,,,0,0,,,0,0,1.0,16.0,16,7,,,0,0,,,0,0,,,0,0,,,0,0,,,0,0,,,0,0,,,0,0,,,0,0,,,0,0,13,UNKNOWN,NA
APR_OLD_STAGE3_COMMON7,A,0,B0,RC_FIXED_OLD16,fit,H,STRICT_BASE,320,False,micro,16,7,13,UNKNOWN,0.0,0.0,16,7,,,0,0,0.0,0.0,16,7,0.0,0.0,16,7,,,0,0,,,0,0,0.0,0.0,16,7,0.0,0.0,16,7,0.0,0.0,16,7,0.0,0.0,16,7,0.0,0.0,16,7,,,0,0,1.0,16.0,16,7,,,0,0,0.125,2.0,16,7,,,0,0,,,0,0,,,0,0,,,0,0,,,0,0,,,0,0,1.0,16.0,16,7,,,0,0,,,0,0,,,0,0,,,0,0,,,0,0,,,0,0,,,0,0,,,0,0,,,0,0,13,UNKNOWN,NA
APR_OLD_STAGE3_COMMON7,A,0,B0,RC_FIXED_OLD16,fit,U,STRICT_BASE,320,False,macro,39,7,31,UNKNOWN,0.41836734693877553,17.0,39,7,,,0,0,0.41836734693877553,17.0,39,7,0.41836734693877553,17.0,39,7,0.0,0.0,17,6,1.0,17.0,17,6,0.0,0.0,22,7,0.0,0.0,22,7,0.0,0.0,39,7,0.0,0.0,39,7,0.0,0.0,39,7,0.0,0.0,17,6,1.0,39.0,39,7,,,0,0,0.3826530612244898,15.0,39,7,,,0,0,,,0,0,,,0,0,,,0,0,,,0,0,,,0,0,1.0,39.0,39,7,,,0,0,,,0,0,,,0,0,,,0,0,,,0,0,,,0,0,,,0,0,,,0,0,,,0,0,33,UNKNOWN,NA
APR_OLD_STAGE3_COMMON7,A,0,B0,RC_FIXED_OLD16,fit,U,STRICT_BASE,320,False,micro,39,7,31,UNKNOWN,0.4358974358974359,17.0,39,7,,,0,0,0.4358974358974359,17.0,39,7,0.4358974358974359,17.0,39,7,0.0,0.0,17,6,1.0,17.0,17,6,0.0,0.0,22,7,0.0,0.0,22,7,0.0,0.0,39,7,0.0,0.0,39,7,0.0,0.0,39,7,0.0,0.0,17,6,1.0,39.0,39,7,,,0,0,0.38461538461538464,15.0,39,7,,,0,0,,,0,0,,,0,0,,,0,0,,,0,0,,,0,0,1.0,39.0,39,7,,,0,0,,,0,0,,,0,0,,,0,0,,,0,0,,,0,0,,,0,0,,,0,0,,,0,0,33,UNKNOWN,NA
APR_OLD_STAGE3_COMMON7,A,0,B0,RC_FIXED_OLD16,fit,positive,EDIT_TARGET,320,False,macro,24,7,6,UNKNOWN,0.9285714285714286,22.0,24,7,,,0,0,0.9285714285714286,22.0,24,7,0.0,0.0,24,7,,,0,0,,,0,0,0.9285714285714286,22.0,24,7,1.0,24.0,24,7,1.0,24.0,24,7,0.9285714285714286,22.0,24,7,,,0,0,,,0,0,0.0,0.0,24,7,,,0,0,0.9285714285714286,22.0,24,7,,,0,0,,,0,0,,,0,0,,,0,0,,,0,0,,,0,0,1.0,24.0,24,7,,,0,0,,,0,0,,,0,0,0.0,0.0,24,7,,,0,0,,,0,0,,,0,0,,,0,0,,,0,0,22,UNKNOWN,NA
APR_OLD_STAGE3_COMMON7,A,0,B0,RC_FIXED_OLD16,fit,positive,EDIT_TARGET,320,False,micro,24,7,6,UNKNOWN,0.9166666666666666,22.0,24,7,,,0,0,0.9166666666666666,22.0,24,7,0.0,0.0,24,7,,,0,0,,,0,0,0.9166666666666666,22.0,24,7,1.0,24.0,24,7,1.0,24.0,24,7,0.9166666666666666,22.0,24,7,,,0,0,,,0,0,0.0,0.0,24,7,,,0,0,0.9166666666666666,22.0,24,7,,,0,0,,,0,0,,,0,0,,,0,0,,,0,0,,,0,0,1.0,24.0,24,7,,,0,0,,,0,0,,,0,0,0.0,0.0,24,7,,,0,0,,,0,0,,,0,0,,,0,0,,,0,0,22,UNKNOWN,NA
APR_OLD_STAGE3_COMMON7,A,0,B0,RC_FIXED_OLD16,formal_development,T1G,EDIT_TARGET,320,False,macro,22,6,22,UNKNOWN,0.7083333333333334,15.0,22,6,0.7083333333333334,15.0,22,6,0.7083333333333334,15.0,22,6,0.0,0.0,22,6,,,0,0,,,0,0,0.7083333333333334,15.0,22,6,0.7083333333333334,15.0,22,6,0.7083333333333334,15.0,22,6,0.7083333333333334,15.0,22,6,,,0,0,,,0,0,0.2916666666666667,7.0,22,6,,,0,0,1.0,22.0,22,6,,,0,0,,,0,0,,,0,0,,,0,0,,,0,0,,,0,0,1.0,15.0,15,6,,,0,0,,,0,0,,,0,0,0.2916666666666667,7.0,22,6,,,0,0,,,0,0,,,0,0,,,0,0,,,0,0,22,UNKNOWN,NA
APR_OLD_STAGE3_COMMON7,A,0,B0,RC_FIXED_OLD16,formal_development,T1G,EDIT_TARGET,320,False,micro,22,6,22,UNKNOWN,0.6818181818181818,15.0,22,6,0.6818181818181818,15.0,22,6,0.6818181818181818,15.0,22,6,0.0,0.0,22,6,,,0,0,,,0,0,0.6818181818181818,15.0,22,6,0.6818181818181818,15.0,22,6,0.6818181818181818,15.0,22,6,0.6818181818181818,15.0,22,6,,,0,0,,,0,0,0.3181818181818182,7.0,22,6,,,0,0,1.0,22.0,22,6,,,0,0,,,0,0,,,0,0,,,0,0,,,0,0,,,0,0,1.0,15.0,15,6,,,0,0,,,0,0,,,0,0,0.3181818181818182,7.0,22,6,,,0,0,,,0,0,,,0,0,,,0,0,,,0,0,22,UNKNOWN,NA
APR_OLD_STAGE3_COMMON7,A,0,B0,RC_FIXED_OLD16,formal_development,T1L,STRICT_BASE,320,False,macro,10,2,5,UNKNOWN,0.7,7.0,10,2,1.0,6.0,6,2,0.7,7.0,10,2,0.6,6.0,10,2,0.0,0.0,6,2,1.0,6.0,6,2,0.25,1.0,4,2,0.25,1.0,4,2,0.1,1.0,10,2,0.1,1.0,10,2,0.1,1.0,10,2,0.0,0.0,6,2,0.9,9.0,10,2,,,0,0,0.2,2.0,10,2,,,0,0,,,0,0,,,0,0,,,0,0,,,0,0,,,0,0,1.0,1.0,1,1,,,0,0,,,0,0,0.0,0.0,1,1,,,0,0,,,0,0,,,0,0,,,0,0,,,0,0,,,0,0,5,UNKNOWN,NA
APR_OLD_STAGE3_COMMON7,A,0,B0,RC_FIXED_OLD16,formal_development,T1L,STRICT_BASE,320,False,micro,10,2,5,UNKNOWN,0.7,7.0,10,2,1.0,6.0,6,2,0.7,7.0,10,2,0.6,6.0,10,2,0.0,0.0,6,2,1.0,6.0,6,2,0.25,1.0,4,2,0.25,1.0,4,2,0.1,1.0,10,2,0.1,1.0,10,2,0.1,1.0,10,2,0.0,0.0,6,2,0.9,9.0,10,2,,,0,0,0.2,2.0,10,2,,,0,0,,,0,0,,,0,0,,,0,0,,,0,0,,,0,0,1.0,1.0,1,1,,,0,0,,,0,0,0.0,0.0,1,1,,,0,0,,,0,0,,,0,0,,,0,0,,,0,0,,,0,0,5,UNKNOWN,NA
APR_OLD_STAGE3_COMMON7,A,0,B0,RC_FIXED_OLD16,formal_development,T2G,EDIT_TARGET,320,False,macro,23,6,6,UNKNOWN,0.8333333333333334,19.0,23,6,0.8333333333333334,19.0,23,6,0.8333333333333334,19.0,23,6,0.0,0.0,23,6,,,0,0,,,0,0,0.8333333333333334,19.0,23,6,1.0,23.0,23,6,1.0,23.0,23,6,0.8333333333333334,19.0,23,6,,,0,0,,,0,0,0.0,0.0,23,6,,,0,0,0.8333333333333334,19.0,23,6,,,0,0,,,0,0,,,0,0,,,0,0,,,0,0,,,0,0,1.0,23.0,23,6,,,0,0,,,0,0,,,0,0,0.0,0.0,23,6,,,0,0,,,0,0,,,0,0,,,0,0,,,0,0,23,UNKNOWN,NA
APR_OLD_STAGE3_COMMON7,A,0,B0,RC_FIXED_OLD16,formal_development,T2G,EDIT_TARGET,320,False,micro,23,6,6,UNKNOWN,0.8260869565217391,19.0,23,6,0.8260869565217391,19.0,23,6,0.8260869565217391,19.0,23,6,0.0,0.0,23,6,,,0,0,,,0,0,0.8260869565217391,19.0,23,6,1.0,23.0,23,6,1.0,23.0,23,6,0.8260869565217391,19.0,23,6,,,0,0,,,0,0,0.0,0.0,23,6,,,0,0,0.8260869565217391,19.0,23,6,,,0,0,,,0,0,,,0,0,,,0,0,,,0,0,,,0,0,1.0,23.0,23,6,,,0,0,,,0,0,,,0,0,0.0,0.0,23,6,,,0,0,,,0,0,,,0,0,,,0,0,,,0,0,23,UNKNOWN,NA
APR_OLD_STAGE3_COMMON7,A,0,B0,RC_FIXED_OLD16,formal_development,T2L,STRICT_BASE,320,False,macro,2,1,1,UNKNOWN,1.0,2.0,2,1,1.0,2.0,2,1,1.0,2.0,2,1,1.0,2.0,2,1,0.0,0.0,2,1,1.0,2.0,2,1,,,0,0,,,0,0,1.0,2.0,2,1,1.0,2.0,2,1,1.0,2.0,2,1,0.0,0.0,2,1,0.5,1.0,2,1,,,0,0,1.0,2.0,2,1,,,0,0,,,0,0,,,0,0,,,0,0,,,0,0,,,0,0,1.0,2.0,2,1,,,0,0,0.0,0.0,2,1,0.0,0.0,2,1,,,0,0,,,0,0,,,0,0,,,0,0,,,0,0,,,0,0,2,UNKNOWN,NA
APR_OLD_STAGE3_COMMON7,A,0,B0,RC_FIXED_OLD16,formal_development,T2L,STRICT_BASE,320,False,micro,2,1,1,UNKNOWN,1.0,2.0,2,1,1.0,2.0,2,1,1.0,2.0,2,1,1.0,2.0,2,1,0.0,0.0,2,1,1.0,2.0,2,1,,,0,0,,,0,0,1.0,2.0,2,1,1.0,2.0,2,1,1.0,2.0,2,1,0.0,0.0,2,1,0.5,1.0,2,1,,,0,0,1.0,2.0,2,1,,,0,0,,,0,0,,,0,0,,,0,0,,,0,0,,,0,0,1.0,2.0,2,1,,,0,0,0.0,0.0,2,1,0.0,0.0,2,1,,,0,0,,,0,0,,,0,0,,,0,0,,,0,0,,,0,0,2,UNKNOWN,NA
APR_OLD_STAGE3_COMMON7,A,0,B0,RC_FIXED_OLD16,native,NATIVE_DIAGNOSTIC,EDIT_TARGET,320,False,macro,1,1,1,UNKNOWN,1.0,1.0,1,1,,,0,0,1.0,1.0,1,1,0.0,0.0,1,1,,,0,0,,,0,0,1.0,1.0,1,1,1.0,1.0,1,1,1.0,1.0,1,1,1.0,1.0,1,1,,,0,0,,,0,0,0.0,0.0,1,1,,,0,0,1.0,1.0,1,1,,,0,0,,,0,0,,,0,0,,,0,0,,,0,0,,,0,0,1.0,1.0,1,1,,,0,0,,,0,0,,,0,0,0.0,0.0,1,1,,,0,0,,,0,0,,,0,0,,,0,0,,,0,0,1,UNKNOWN,NA
APR_OLD_STAGE3_COMMON7,A,0,B0,RC_FIXED_OLD16,native,NATIVE_DIAGNOSTIC,EDIT_TARGET,320,False,micro,1,1,1,UNKNOWN,1.0,1.0,1,1,,,0,0,1.0,1.0,1,1,0.0,0.0,1,1,,,0,0,,,0,0,1.0,1.0,1,1,1.0,1.0,1,1,1.0,1.0,1,1,1.0,1.0,1,1,,,0,0,,,0,0,0.0,0.0,1,1,,,0,0,1.0,1.0,1,1,,,0,0,,,0,0,,,0,0,,,0,0,,,0,0,,,0,0,1.0,1.0,1,1,,,0,0,,,0,0,,,0,0,0.0,0.0,1,1,,,0,0,,,0,0,,,0,0,,,0,0,,,0,0,1,UNKNOWN,NA
APR_OLD_STAGE3_COMMON7,A,0,B0,RC_FIXED_OLD16,native,T0,EDIT_TARGET,320,False,macro,6,6,6,UNKNOWN,1.0,6.0,6,6,1.0,6.0,6,6,1.0,6.0,6,6,0.0,0.0,6,6,,,0,0,,,0,0,1.0,6.0,6,6,1.0,6.0,6,6,1.0,6.0,6,6,1.0,6.0,6,6,,,0,0,,,0,0,0.0,0.0,6,6,,,0,0,1.0,6.0,6,6,,,0,0,,,0,0,,,0,0,,,0,0,,,0,0,,,0,0,1.0,6.0,6,6,,,0,0,,,0,0,,,0,0,0.0,0.0,6,6,,,0,0,,,0,0,,,0,0,,,0,0,,,0,0,6,UNKNOWN,NA
APR_OLD_STAGE3_COMMON7,A,0,B0,RC_FIXED_OLD16,native,T0,EDIT_TARGET,320,False,micro,6,6,6,UNKNOWN,1.0,6.0,6,6,1.0,6.0,6,6,1.0,6.0,6,6,0.0,0.0,6,6,,,0,0,,,0,0,1.0,6.0,6,6,1.0,6.0,6,6,1.0,6.0,6,6,1.0,6.0,6,6,,,0,0,,,0,0,0.0,0.0,6,6,,,0,0,1.0,6.0,6,6,,,0,0,,,0,0,,,0,0,,,0,0,,,0,0,,,0,0,1.0,6.0,6,6,,,0,0,,,0,0,,,0,0,0.0,0.0,6,6,,,0,0,,,0,0,,,0,0,,,0,0,,,0,0,6,UNKNOWN,NA
APR_OLD_STAGE3_COMMON7,A,0,B1,FORCED_ON,fit,H,STRICT_BASE,320,False,macro,16,7,13,UNKNOWN,0.09523809523809523,2.0,16,7,,,0,0,0.09523809523809523,2.0,16,7,0.0,0.0,16,7,,,0,0,,,0,0,0.09523809523809523,2.0,16,7,0.8452380952380952,13.0,16,7,1.0,16.0,16,7,0.09523809523809523,2.0,16,7,1.0,16.0,16,7,,,0,0,0.15476190476190477,3.0,16,7,,,0,0,0.09523809523809523,2.0,16,7,,,0,0,,,0,0,,,0,0,,,0,0,,,0,0,,,0,0,1.0,16.0,16,7,,,0,0,,,0,0,0.9047619047619048,14.0,16,7,,,0,0,,,0,0,,,0,0,,,0,0,,,0,0,,,0,0,13,UNKNOWN,NA
APR_OLD_STAGE3_COMMON7,A,0,B1,FORCED_ON,fit,H,STRICT_BASE,320,False,micro,16,7,13,UNKNOWN,0.125,2.0,16,7,,,0,0,0.125,2.0,16,7,0.0,0.0,16,7,,,0,0,,,0,0,0.125,2.0,16,7,0.8125,13.0,16,7,1.0,16.0,16,7,0.125,2.0,16,7,1.0,16.0,16,7,,,0,0,0.1875,3.0,16,7,,,0,0,0.125,2.0,16,7,,,0,0,,,0,0,,,0,0,,,0,0,,,0,0,,,0,0,1.0,16.0,16,7,,,0,0,,,0,0,0.875,14.0,16,7,,,0,0,,,0,0,,,0,0,,,0,0,,,0,0,,,0,0,13,UNKNOWN,NA
APR_OLD_STAGE3_COMMON7,A,0,B1,FORCED_ON,fit,U,STRICT_BASE,320,False,macro,39,7,31,UNKNOWN,0.5017006802721088,20.0,39,7,,,0,0,0.5017006802721088,20.0,39,7,0.41836734693877553,17.0,39,7,0.16666666666666666,1.0,17,6,0.8333333333333334,16.0,17,6,0.1595238095238095,4.0,22,7,0.7285714285714285,17.0,22,7,1.0,39.0,39,7,0.5017006802721088,20.0,39,7,1.0,39.0,39,7,0.16666666666666666,1.0,17,6,0.27210884353741494,12.0,39,7,,,0,0,0.5017006802721088,20.0,39,7,,,0,0,,,0,0,,,0,0,,,0,0,,,0,0,,,0,0,1.0,39.0,39,7,,,0,0,0.16666666666666666,1.0,17,6,0.49829931972789115,19.0,39,7,,,0,0,,,0,0,,,0,0,,,0,0,,,0,0,,,0,0,33,UNKNOWN,NA
APR_OLD_STAGE3_COMMON7,A,0,B1,FORCED_ON,fit,U,STRICT_BASE,320,False,micro,39,7,31,UNKNOWN,0.5128205128205128,20.0,39,7,,,0,0,0.5128205128205128,20.0,39,7,0.4358974358974359,17.0,39,7,0.058823529411764705,1.0,17,6,0.9411764705882353,16.0,17,6,0.18181818181818182,4.0,22,7,0.7727272727272727,17.0,22,7,1.0,39.0,39,7,0.5128205128205128,20.0,39,7,1.0,39.0,39,7,0.058823529411764705,1.0,17,6,0.3076923076923077,12.0,39,7,,,0,0,0.5128205128205128,20.0,39,7,,,0,0,,,0,0,,,0,0,,,0,0,,,0,0,,,0,0,1.0,39.0,39,7,,,0,0,0.058823529411764705,1.0,17,6,0.48717948717948717,19.0,39,7,,,0,0,,,0,0,,,0,0,,,0,0,,,0,0,,,0,0,33,UNKNOWN,NA
APR_OLD_STAGE3_COMMON7,A,0,B1,FORCED_ON,fit,positive,EDIT_TARGET,320,False,macro,24,7,6,UNKNOWN,0.9285714285714286,22.0,24,7,,,0,0,0.9285714285714286,22.0,24,7,0.0,0.0,24,7,,,0,0,,,0,0,0.9285714285714286,22.0,24,7,1.0,24.0,24,7,1.0,24.0,24,7,0.9285714285714286,22.0,24,7,,,0,0,,,0,0,0.0,0.0,24,7,,,0,0,0.9285714285714286,22.0,24,7,,,0,0,,,0,0,,,0,0,,,0,0,,,0,0,,,0,0,1.0,24.0,24,7,,,0,0,,,0,0,,,0,0,0.0,0.0,24,7,,,0,0,,,0,0,,,0,0,,,0,0,,,0,0,22,UNKNOWN,NA
APR_OLD_STAGE3_COMMON7,A,0,B1,FORCED_ON,fit,positive,EDIT_TARGET,320,False,micro,24,7,6,UNKNOWN,0.9166666666666666,22.0,24,7,,,0,0,0.9166666666666666,22.0,24,7,0.0,0.0,24,7,,,0,0,,,0,0,0.9166666666666666,22.0,24,7,1.0,24.0,24,7,1.0,24.0,24,7,0.9166666666666666,22.0,24,7,,,0,0,,,0,0,0.0,0.0,24,7,,,0,0,0.9166666666666666,22.0,24,7,,,0,0,,,0,0,,,0,0,,,0,0,,,0,0,,,0,0,1.0,24.0,24,7,,,0,0,,,0,0,,,0,0,0.0,0.0,24,7,,,0,0,,,0,0,,,0,0,,,0,0,,,0,0,22,UNKNOWN,NA
APR_OLD_STAGE3_COMMON7,A,0,B1,FORCED_ON,formal_development,T1G,EDIT_TARGET,320,False,macro,22,6,22,UNKNOWN,1.0,22.0,22,6,1.0,22.0,22,6,1.0,22.0,22,6,0.0,0.0,22,6,,,0,0,,,0,0,1.0,22.0,22,6,1.0,22.0,22,6,1.0,22.0,22,6,1.0,22.0,22,6,,,0,0,,,0,0,0.0,0.0,22,6,,,0,0,1.0,22.0,22,6,,,0,0,,,0,0,,,0,0,,,0,0,,,0,0,,,0,0,1.0,22.0,22,6,,,0,0,,,0,0,,,0,0,0.0,0.0,22,6,,,0,0,,,0,0,,,0,0,,,0,0,,,0,0,22,UNKNOWN,NA
APR_OLD_STAGE3_COMMON7,A,0,B1,FORCED_ON,formal_development,T1G,EDIT_TARGET,320,False,micro,22,6,22,UNKNOWN,1.0,22.0,22,6,1.0,22.0,22,6,1.0,22.0,22,6,0.0,0.0,22,6,,,0,0,,,0,0,1.0,22.0,22,6,1.0,22.0,22,6,1.0,22.0,22,6,1.0,22.0,22,6,,,0,0,,,0,0,0.0,0.0,22,6,,,0,0,1.0,22.0,22,6,,,0,0,,,0,0,,,0,0,,,0,0,,,0,0,,,0,0,1.0,22.0,22,6,,,0,0,,,0,0,,,0,0,0.0,0.0,22,6,,,0,0,,,0,0,,,0,0,,,0,0,,,0,0,22,UNKNOWN,NA
APR_OLD_STAGE3_COMMON7,A,0,B1,FORCED_ON,formal_development,T1L,STRICT_BASE,320,False,macro,10,2,5,UNKNOWN,0.2,2.0,10,2,0.0,0.0,6,2,0.2,2.0,10,2,0.6,6.0,10,2,1.0,6.0,6,2,0.0,0.0,6,2,0.5,2.0,4,2,1.0,4.0,4,2,1.0,10.0,10,2,0.2,2.0,10,2,1.0,10.0,10,2,1.0,6.0,6,2,0.0,0.0,10,2,,,0,0,0.2,2.0,10,2,,,0,0,,,0,0,,,0,0,,,0,0,,,0,0,,,0,0,1.0,10.0,10,2,,,0,0,1.0,6.0,6,2,0.8,8.0,10,2,,,0,0,,,0,0,,,0,0,,,0,0,,,0,0,,,0,0,5,UNKNOWN,NA
APR_OLD_STAGE3_COMMON7,A,0,B1,FORCED_ON,formal_development,T1L,STRICT_BASE,320,False,micro,10,2,5,UNKNOWN,0.2,2.0,10,2,0.0,0.0,6,2,0.2,2.0,10,2,0.6,6.0,10,2,1.0,6.0,6,2,0.0,0.0,6,2,0.5,2.0,4,2,1.0,4.0,4,2,1.0,10.0,10,2,0.2,2.0,10,2,1.0,10.0,10,2,1.0,6.0,6,2,0.0,0.0,10,2,,,0,0,0.2,2.0,10,2,,,0,0,,,0,0,,,0,0,,,0,0,,,0,0,,,0,0,1.0,10.0,10,2,,,0,0,1.0,6.0,6,2,0.8,8.0,10,2,,,0,0,,,0,0,,,0,0,,,0,0,,,0,0,,,0,0,5,UNKNOWN,NA
APR_OLD_STAGE3_COMMON7,A,0,B1,FORCED_ON,formal_development,T2G,EDIT_TARGET,320,False,macro,23,6,6,UNKNOWN,0.625,14.0,23,6,0.625,14.0,23,6,0.625,14.0,23,6,0.0,0.0,23,6,,,0,0,,,0,0,0.625,14.0,23,6,1.0,23.0,23,6,1.0,23.0,23,6,0.625,14.0,23,6,,,0,0,,,0,0,0.0,0.0,23,6,,,0,0,0.625,14.0,23,6,,,0,0,,,0,0,,,0,0,,,0,0,,,0,0,,,0,0,1.0,23.0,23,6,,,0,0,,,0,0,,,0,0,0.0,0.0,23,6,,,0,0,,,0,0,,,0,0,,,0,0,,,0,0,23,UNKNOWN,NA
APR_OLD_STAGE3_COMMON7,A,0,B1,FORCED_ON,formal_development,T2G,EDIT_TARGET,320,False,micro,23,6,6,UNKNOWN,0.6086956521739131,14.0,23,6,0.6086956521739131,14.0,23,6,0.6086956521739131,14.0,23,6,0.0,0.0,23,6,,,0,0,,,0,0,0.6086956521739131,14.0,23,6,1.0,23.0,23,6,1.0,23.0,23,6,0.6086956521739131,14.0,23,6,,,0,0,,,0,0,0.0,0.0,23,6,,,0,0,0.6086956521739131,14.0,23,6,,,0,0,,,0,0,,,0,0,,,0,0,,,0,0,,,0,0,1.0,23.0,23,6,,,0,0,,,0,0,,,0,0,0.0,0.0,23,6,,,0,0,,,0,0,,,0,0,,,0,0,,,0,0,23,UNKNOWN,NA
APR_OLD_STAGE3_COMMON7,A,0,B1,FORCED_ON,formal_development,T2L,STRICT_BASE,320,False,macro,2,1,1,UNKNOWN,1.0,2.0,2,1,1.0,2.0,2,1,1.0,2.0,2,1,1.0,2.0,2,1,0.0,0.0,2,1,1.0,2.0,2,1,,,0,0,,,0,0,1.0,2.0,2,1,1.0,2.0,2,1,1.0,2.0,2,1,0.0,0.0,2,1,1.0,2.0,2,1,,,0,0,1.0,2.0,2,1,,,0,0,,,0,0,,,0,0,,,0,0,,,0,0,,,0,0,1.0,2.0,2,1,,,0,0,0.0,0.0,2,1,0.0,0.0,2,1,,,0,0,,,0,0,,,0,0,,,0,0,,,0,0,,,0,0,2,UNKNOWN,NA
APR_OLD_STAGE3_COMMON7,A,0,B1,FORCED_ON,formal_development,T2L,STRICT_BASE,320,False,micro,2,1,1,UNKNOWN,1.0,2.0,2,1,1.0,2.0,2,1,1.0,2.0,2,1,1.0,2.0,2,1,0.0,0.0,2,1,1.0,2.0,2,1,,,0,0,,,0,0,1.0,2.0,2,1,1.0,2.0,2,1,1.0,2.0,2,1,0.0,0.0,2,1,1.0,2.0,2,1,,,0,0,1.0,2.0,2,1,,,0,0,,,0,0,,,0,0,,,0,0,,,0,0,,,0,0,1.0,2.0,2,1,,,0,0,0.0,0.0,2,1,0.0,0.0,2,1,,,0,0,,,0,0,,,0,0,,,0,0,,,0,0,,,0,0,2,UNKNOWN,NA
APR_OLD_STAGE3_COMMON7,A,0,B1,FORCED_ON,native,NATIVE_DIAGNOSTIC,EDIT_TARGET,320,False,macro,1,1,1,UNKNOWN,1.0,1.0,1,1,,,0,0,1.0,1.0,1,1,0.0,0.0,1,1,,,0,0,,,0,0,1.0,1.0,1,1,1.0,1.0,1,1,1.0,1.0,1,1,1.0,1.0,1,1,,,0,0,,,0,0,0.0,0.0,1,1,,,0,0,1.0,1.0,1,1,,,0,0,,,0,0,,,0,0,,,0,0,,,0,0,,,0,0,1.0,1.0,1,1,,,0,0,,,0,0,,,0,0,0.0,0.0,1,1,,,0,0,,,0,0,,,0,0,,,0,0,,,0,0,1,UNKNOWN,NA
APR_OLD_STAGE3_COMMON7,A,0,B1,FORCED_ON,native,NATIVE_DIAGNOSTIC,EDIT_TARGET,320,False,micro,1,1,1,UNKNOWN,1.0,1.0,1,1,,,0,0,1.0,1.0,1,1,0.0,0.0,1,1,,,0,0,,,0,0,1.0,1.0,1,1,1.0,1.0,1,1,1.0,1.0,1,1,1.0,1.0,1,1,,,0,0,,,0,0,0.0,0.0,1,1,,,0,0,1.0,1.0,1,1,,,0,0,,,0,0,,,0,0,,,0,0,,,0,0,,,0,0,1.0,1.0,1,1,,,0,0,,,0,0,,,0,0,0.0,0.0,1,1,,,0,0,,,0,0,,,0,0,,,0,0,,,0,0,1,UNKNOWN,NA
APR_OLD_STAGE3_COMMON7,A,0,B1,FORCED_ON,native,T0,EDIT_TARGET,320,False,macro,6,6,6,UNKNOWN,1.0,6.0,6,6,1.0,6.0,6,6,1.0,6.0,6,6,0.0,0.0,6,6,,,0,0,,,0,0,1.0,6.0,6,6,1.0,6.0,6,6,1.0,6.0,6,6,1.0,6.0,6,6,,,0,0,,,0,0,0.0,0.0,6,6,,,0,0,1.0,6.0,6,6,,,0,0,,,0,0,,,0,0,,,0,0,,,0,0,,,0,0,1.0,6.0,6,6,,,0,0,,,0,0,,,0,0,0.0,0.0,6,6,,,0,0,,,0,0,,,0,0,,,0,0,,,0,0,6,UNKNOWN,NA
APR_OLD_STAGE3_COMMON7,A,0,B1,FORCED_ON,native,T0,EDIT_TARGET,320,False,micro,6,6,6,UNKNOWN,1.0,6.0,6,6,1.0,6.0,6,6,1.0,6.0,6,6,0.0,0.0,6,6,,,0,0,,,0,0,1.0,6.0,6,6,1.0,6.0,6,6,1.0,6.0,6,6,1.0,6.0,6,6,,,0,0,,,0,0,0.0,0.0,6,6,,,0,0,1.0,6.0,6,6,,,0,0,,,0,0,,,0,0,,,0,0,,,0,0,,,0,0,1.0,6.0,6,6,,,0,0,,,0,0,,,0,0,0.0,0.0,6,6,,,0,0,,,0,0,,,0,0,,,0,0,,,0,0,6,UNKNOWN,NA
APR_OLD_STAGE3_COMMON7,A,0,B1,RC_FIXED_OLD16,fit,H,STRICT_BASE,320,False,macro,16,7,13,UNKNOWN,0.0,0.0,16,7,,,0,0,0.0,0.0,16,7,0.0,0.0,16,7,,,0,0,,,0,0,0.0,0.0,16,7,0.0,0.0,16,7,0.0,0.0,16,7,0.0,0.0,16,7,0.0,0.0,16,7,,,0,0,1.0,16.0,16,7,,,0,0,0.09523809523809523,2.0,16,7,,,0,0,,,0,0,,,0,0,,,0,0,,,0,0,,,0,0,1.0,16.0,16,7,,,0,0,,,0,0,,,0,0,,,0,0,,,0,0,,,0,0,,,0,0,,,0,0,,,0,0,13,UNKNOWN,NA
APR_OLD_STAGE3_COMMON7,A,0,B1,RC_FIXED_OLD16,fit,H,STRICT_BASE,320,False,micro,16,7,13,UNKNOWN,0.0,0.0,16,7,,,0,0,0.0,0.0,16,7,0.0,0.0,16,7,,,0,0,,,0,0,0.0,0.0,16,7,0.0,0.0,16,7,0.0,0.0,16,7,0.0,0.0,16,7,0.0,0.0,16,7,,,0,0,1.0,16.0,16,7,,,0,0,0.125,2.0,16,7,,,0,0,,,0,0,,,0,0,,,0,0,,,0,0,,,0,0,1.0,16.0,16,7,,,0,0,,,0,0,,,0,0,,,0,0,,,0,0,,,0,0,,,0,0,,,0,0,,,0,0,13,UNKNOWN,NA
APR_OLD_STAGE3_COMMON7,A,0,B1,RC_FIXED_OLD16,fit,U,STRICT_BASE,320,False,macro,39,7,31,UNKNOWN,0.41836734693877553,17.0,39,7,,,0,0,0.41836734693877553,17.0,39,7,0.41836734693877553,17.0,39,7,0.0,0.0,17,6,1.0,17.0,17,6,0.0,0.0,22,7,0.0,0.0,22,7,0.0,0.0,39,7,0.0,0.0,39,7,0.0,0.0,39,7,0.0,0.0,17,6,1.0,39.0,39,7,,,0,0,0.5017006802721088,20.0,39,7,,,0,0,,,0,0,,,0,0,,,0,0,,,0,0,,,0,0,1.0,39.0,39,7,,,0,0,,,0,0,,,0,0,,,0,0,,,0,0,,,0,0,,,0,0,,,0,0,,,0,0,33,UNKNOWN,NA
APR_OLD_STAGE3_COMMON7,A,0,B1,RC_FIXED_OLD16,fit,U,STRICT_BASE,320,False,micro,39,7,31,UNKNOWN,0.4358974358974359,17.0,39,7,,,0,0,0.4358974358974359,17.0,39,7,0.4358974358974359,17.0,39,7,0.0,0.0,17,6,1.0,17.0,17,6,0.0,0.0,22,7,0.0,0.0,22,7,0.0,0.0,39,7,0.0,0.0,39,7,0.0,0.0,39,7,0.0,0.0,17,6,1.0,39.0,39,7,,,0,0,0.5128205128205128,20.0,39,7,,,0,0,,,0,0,,,0,0,,,0,0,,,0,0,,,0,0,1.0,39.0,39,7,,,0,0,,,0,0,,,0,0,,,0,0,,,0,0,,,0,0,,,0,0,,,0,0,,,0,0,33,UNKNOWN,NA
APR_OLD_STAGE3_COMMON7,A,0,B1,RC_FIXED_OLD16,fit,positive,EDIT_TARGET,320,False,macro,24,7,6,UNKNOWN,0.9285714285714286,22.0,24,7,,,0,0,0.9285714285714286,22.0,24,7,0.0,0.0,24,7,,,0,0,,,0,0,0.9285714285714286,22.0,24,7,1.0,24.0,24,7,1.0,24.0,24,7,0.9285714285714286,22.0,24,7,,,0,0,,,0,0,0.0,0.0,24,7,,,0,0,0.9285714285714286,22.0,24,7,,,0,0,,,0,0,,,0,0,,,0,0,,,0,0,,,0,0,1.0,24.0,24,7,,,0,0,,,0,0,,,0,0,0.0,0.0,24,7,,,0,0,,,0,0,,,0,0,,,0,0,,,0,0,22,UNKNOWN,NA
APR_OLD_STAGE3_COMMON7,A,0,B1,RC_FIXED_OLD16,fit,positive,EDIT_TARGET,320,False,micro,24,7,6,UNKNOWN,0.9166666666666666,22.0,24,7,,,0,0,0.9166666666666666,22.0,24,7,0.0,0.0,24,7,,,0,0,,,0,0,0.9166666666666666,22.0,24,7,1.0,24.0,24,7,1.0,24.0,24,7,0.9166666666666666,22.0,24,7,,,0,0,,,0,0,0.0,0.0,24,7,,,0,0,0.9166666666666666,22.0,24,7,,,0,0,,,0,0,,,0,0,,,0,0,,,0,0,,,0,0,1.0,24.0,24,7,,,0,0,,,0,0,,,0,0,0.0,0.0,24,7,,,0,0,,,0,0,,,0,0,,,0,0,,,0,0,22,UNKNOWN,NA
APR_OLD_STAGE3_COMMON7,A,0,B1,RC_FIXED_OLD16,formal_development,T1G,EDIT_TARGET,320,False,macro,22,6,22,UNKNOWN,0.7083333333333334,15.0,22,6,0.7083333333333334,15.0,22,6,0.7083333333333334,15.0,22,6,0.0,0.0,22,6,,,0,0,,,0,0,0.7083333333333334,15.0,22,6,0.7083333333333334,15.0,22,6,0.7083333333333334,15.0,22,6,0.7083333333333334,15.0,22,6,,,0,0,,,0,0,0.2916666666666667,7.0,22,6,,,0,0,1.0,22.0,22,6,,,0,0,,,0,0,,,0,0,,,0,0,,,0,0,,,0,0,1.0,15.0,15,6,,,0,0,,,0,0,,,0,0,0.2916666666666667,7.0,22,6,,,0,0,,,0,0,,,0,0,,,0,0,,,0,0,22,UNKNOWN,NA
APR_OLD_STAGE3_COMMON7,A,0,B1,RC_FIXED_OLD16,formal_development,T1G,EDIT_TARGET,320,False,micro,22,6,22,UNKNOWN,0.6818181818181818,15.0,22,6,0.6818181818181818,15.0,22,6,0.6818181818181818,15.0,22,6,0.0,0.0,22,6,,,0,0,,,0,0,0.6818181818181818,15.0,22,6,0.6818181818181818,15.0,22,6,0.6818181818181818,15.0,22,6,0.6818181818181818,15.0,22,6,,,0,0,,,0,0,0.3181818181818182,7.0,22,6,,,0,0,1.0,22.0,22,6,,,0,0,,,0,0,,,0,0,,,0,0,,,0,0,,,0,0,1.0,15.0,15,6,,,0,0,,,0,0,,,0,0,0.3181818181818182,7.0,22,6,,,0,0,,,0,0,,,0,0,,,0,0,,,0,0,22,UNKNOWN,NA
APR_OLD_STAGE3_COMMON7,A,0,B1,RC_FIXED_OLD16,formal_development,T1L,STRICT_BASE,320,False,macro,10,2,5,UNKNOWN,0.7,7.0,10,2,1.0,6.0,6,2,0.7,7.0,10,2,0.6,6.0,10,2,0.0,0.0,6,2,1.0,6.0,6,2,0.25,1.0,4,2,0.25,1.0,4,2,0.1,1.0,10,2,0.1,1.0,10,2,0.1,1.0,10,2,0.0,0.0,6,2,0.9,9.0,10,2,,,0,0,0.2,2.0,10,2,,,0,0,,,0,0,,,0,0,,,0,0,,,0,0,,,0,0,1.0,1.0,1,1,,,0,0,,,0,0,0.0,0.0,1,1,,,0,0,,,0,0,,,0,0,,,0,0,,,0,0,,,0,0,5,UNKNOWN,NA
APR_OLD_STAGE3_COMMON7,A,0,B1,RC_FIXED_OLD16,formal_development,T1L,STRICT_BASE,320,False,micro,10,2,5,UNKNOWN,0.7,7.0,10,2,1.0,6.0,6,2,0.7,7.0,10,2,0.6,6.0,10,2,0.0,0.0,6,2,1.0,6.0,6,2,0.25,1.0,4,2,0.25,1.0,4,2,0.1,1.0,10,2,0.1,1.0,10,2,0.1,1.0,10,2,0.0,0.0,6,2,0.9,9.0,10,2,,,0,0,0.2,2.0,10,2,,,0,0,,,0,0,,,0,0,,,0,0,,,0,0,,,0,0,1.0,1.0,1,1,,,0,0,,,0,0,0.0,0.0,1,1,,,0,0,,,0,0,,,0,0,,,0,0,,,0,0,,,0,0,5,UNKNOWN,NA
APR_OLD_STAGE3_COMMON7,A,0,B1,RC_FIXED_OLD16,formal_development,T2G,EDIT_TARGET,320,False,macro,23,6,6,UNKNOWN,0.625,14.0,23,6,0.625,14.0,23,6,0.625,14.0,23,6,0.0,0.0,23,6,,,0,0,,,0,0,0.625,14.0,23,6,1.0,23.0,23,6,1.0,23.0,23,6,0.625,14.0,23,6,,,0,0,,,0,0,0.0,0.0,23,6,,,0,0,0.625,14.0,23,6,,,0,0,,,0,0,,,0,0,,,0,0,,,0,0,,,0,0,1.0,23.0,23,6,,,0,0,,,0,0,,,0,0,0.0,0.0,23,6,,,0,0,,,0,0,,,0,0,,,0,0,,,0,0,23,UNKNOWN,NA
APR_OLD_STAGE3_COMMON7,A,0,B1,RC_FIXED_OLD16,formal_development,T2G,EDIT_TARGET,320,False,micro,23,6,6,UNKNOWN,0.6086956521739131,14.0,23,6,0.6086956521739131,14.0,23,6,0.6086956521739131,14.0,23,6,0.0,0.0,23,6,,,0,0,,,0,0,0.6086956521739131,14.0,23,6,1.0,23.0,23,6,1.0,23.0,23,6,0.6086956521739131,14.0,23,6,,,0,0,,,0,0,0.0,0.0,23,6,,,0,0,0.6086956521739131,14.0,23,6,,,0,0,,,0,0,,,0,0,,,0,0,,,0,0,,,0,0,1.0,23.0,23,6,,,0,0,,,0,0,,,0,0,0.0,0.0,23,6,,,0,0,,,0,0,,,0,0,,,0,0,,,0,0,23,UNKNOWN,NA
APR_OLD_STAGE3_COMMON7,A,0,B1,RC_FIXED_OLD16,formal_development,T2L,STRICT_BASE,320,False,macro,2,1,1,UNKNOWN,1.0,2.0,2,1,1.0,2.0,2,1,1.0,2.0,2,1,1.0,2.0,2,1,0.0,0.0,2,1,1.0,2.0,2,1,,,0,0,,,0,0,1.0,2.0,2,1,1.0,2.0,2,1,1.0,2.0,2,1,0.0,0.0,2,1,1.0,2.0,2,1,,,0,0,1.0,2.0,2,1,,,0,0,,,0,0,,,0,0,,,0,0,,,0,0,,,0,0,1.0,2.0,2,1,,,0,0,0.0,0.0,2,1,0.0,0.0,2,1,,,0,0,,,0,0,,,0,0,,,0,0,,,0,0,,,0,0,2,UNKNOWN,NA
APR_OLD_STAGE3_COMMON7,A,0,B1,RC_FIXED_OLD16,formal_development,T2L,STRICT_BASE,320,False,micro,2,1,1,UNKNOWN,1.0,2.0,2,1,1.0,2.0,2,1,1.0,2.0,2,1,1.0,2.0,2,1,0.0,0.0,2,1,1.0,2.0,2,1,,,0,0,,,0,0,1.0,2.0,2,1,1.0,2.0,2,1,1.0,2.0,2,1,0.0,0.0,2,1,1.0,2.0,2,1,,,0,0,1.0,2.0,2,1,,,0,0,,,0,0,,,0,0,,,0,0,,,0,0,,,0,0,1.0,2.0,2,1,,,0,0,0.0,0.0,2,1,0.0,0.0,2,1,,,0,0,,,0,0,,,0,0,,,0,0,,,0,0,,,0,0,2,UNKNOWN,NA
APR_OLD_STAGE3_COMMON7,A,0,B1,RC_FIXED_OLD16,native,NATIVE_DIAGNOSTIC,EDIT_TARGET,320,False,macro,1,1,1,UNKNOWN,1.0,1.0,1,1,,,0,0,1.0,1.0,1,1,0.0,0.0,1,1,,,0,0,,,0,0,1.0,1.0,1,1,1.0,1.0,1,1,1.0,1.0,1,1,1.0,1.0,1,1,,,0,0,,,0,0,0.0,0.0,1,1,,,0,0,1.0,1.0,1,1,,,0,0,,,0,0,,,0,0,,,0,0,,,0,0,,,0,0,1.0,1.0,1,1,,,0,0,,,0,0,,,0,0,0.0,0.0,1,1,,,0,0,,,0,0,,,0,0,,,0,0,,,0,0,1,UNKNOWN,NA
APR_OLD_STAGE3_COMMON7,A,0,B1,RC_FIXED_OLD16,native,NATIVE_DIAGNOSTIC,EDIT_TARGET,320,False,micro,1,1,1,UNKNOWN,1.0,1.0,1,1,,,0,0,1.0,1.0,1,1,0.0,0.0,1,1,,,0,0,,,0,0,1.0,1.0,1,1,1.0,1.0,1,1,1.0,1.0,1,1,1.0,1.0,1,1,,,0,0,,,0,0,0.0,0.0,1,1,,,0,0,1.0,1.0,1,1,,,0,0,,,0,0,,,0,0,,,0,0,,,0,0,,,0,0,1.0,1.0,1,1,,,0,0,,,0,0,,,0,0,0.0,0.0,1,1,,,0,0,,,0,0,,,0,0,,,0,0,,,0,0,1,UNKNOWN,NA
APR_OLD_STAGE3_COMMON7,A,0,B1,RC_FIXED_OLD16,native,T0,EDIT_TARGET,320,False,macro,6,6,6,UNKNOWN,1.0,6.0,6,6,1.0,6.0,6,6,1.0,6.0,6,6,0.0,0.0,6,6,,,0,0,,,0,0,1.0,6.0,6,6,1.0,6.0,6,6,1.0,6.0,6,6,1.0,6.0,6,6,,,0,0,,,0,0,0.0,0.0,6,6,,,0,0,1.0,6.0,6,6,,,0,0,,,0,0,,,0,0,,,0,0,,,0,0,,,0,0,1.0,6.0,6,6,,,0,0,,,0,0,,,0,0,0.0,0.0,6,6,,,0,0,,,0,0,,,0,0,,,0,0,,,0,0,6,UNKNOWN,NA
APR_OLD_STAGE3_COMMON7,A,0,B1,RC_FIXED_OLD16,native,T0,EDIT_TARGET,320,False,micro,6,6,6,UNKNOWN,1.0,6.0,6,6,1.0,6.0,6,6,1.0,6.0,6,6,0.0,0.0,6,6,,,0,0,,,0,0,1.0,6.0,6,6,1.0,6.0,6,6,1.0,6.0,6,6,1.0,6.0,6,6,,,0,0,,,0,0,0.0,0.0,6,6,,,0,0,1.0,6.0,6,6,,,0,0,,,0,0,,,0,0,,,0,0,,,0,0,,,0,0,1.0,6.0,6,6,,,0,0,,,0,0,,,0,0,0.0,0.0,6,6,,,0,0,,,0,0,,,0,0,,,0,0,,,0,0,6,UNKNOWN,NA
APR_OLD_STAGE3_COMMON7,A,0,B2,FORCED_ON,fit,H,STRICT_BASE,320,False,macro,16,7,13,UNKNOWN,0.0,0.0,16,7,,,0,0,0.0,0.0,16,7,0.0,0.0,16,7,,,0,0,,,0,0,0.0,0.0,16,7,1.0,16.0,16,7,1.0,16.0,16,7,0.0,0.0,16,7,1.0,16.0,16,7,,,0,0,0.0,0.0,16,7,,,0,0,0.0,0.0,16,7,,,0,0,,,0,0,,,0,0,,,0,0,,,0,0,,,0,0,1.0,16.0,16,7,,,0,0,,,0,0,1.0,16.0,16,7,,,0,0,,,0,0,,,0,0,,,0,0,,,0,0,,,0,0,13,UNKNOWN,NA
APR_OLD_STAGE3_COMMON7,A,0,B2,FORCED_ON,fit,H,STRICT_BASE,320,False,micro,16,7,13,UNKNOWN,0.0,0.0,16,7,,,0,0,0.0,0.0,16,7,0.0,0.0,16,7,,,0,0,,,0,0,0.0,0.0,16,7,1.0,16.0,16,7,1.0,16.0,16,7,0.0,0.0,16,7,1.0,16.0,16,7,,,0,0,0.0,0.0,16,7,,,0,0,0.0,0.0,16,7,,,0,0,,,0,0,,,0,0,,,0,0,,,0,0,,,0,0,1.0,16.0,16,7,,,0,0,,,0,0,1.0,16.0,16,7,,,0,0,,,0,0,,,0,0,,,0,0,,,0,0,,,0,0,13,UNKNOWN,NA
APR_OLD_STAGE3_COMMON7,A,0,B2,FORCED_ON,fit,U,STRICT_BASE,320,False,macro,39,7,31,UNKNOWN,0.4659863945578231,19.0,39,7,,,0,0,0.4659863945578231,19.0,39,7,0.41836734693877553,17.0,39,7,0.25,2.0,17,6,0.75,15.0,17,6,0.1595238095238095,4.0,22,7,0.7285714285714285,17.0,22,7,1.0,39.0,39,7,0.4659863945578231,19.0,39,7,1.0,39.0,39,7,0.25,2.0,17,6,0.22448979591836735,10.0,39,7,,,0,0,0.4659863945578231,19.0,39,7,,,0,0,,,0,0,,,0,0,,,0,0,,,0,0,,,0,0,1.0,39.0,39,7,,,0,0,0.25,2.0,17,6,0.5340136054421769,20.0,39,7,,,0,0,,,0,0,,,0,0,,,0,0,,,0,0,,,0,0,33,UNKNOWN,NA
APR_OLD_STAGE3_COMMON7,A,0,B2,FORCED_ON,fit,U,STRICT_BASE,320,False,micro,39,7,31,UNKNOWN,0.48717948717948717,19.0,39,7,,,0,0,0.48717948717948717,19.0,39,7,0.4358974358974359,17.0,39,7,0.11764705882352941,2.0,17,6,0.8823529411764706,15.0,17,6,0.18181818181818182,4.0,22,7,0.7727272727272727,17.0,22,7,1.0,39.0,39,7,0.48717948717948717,19.0,39,7,1.0,39.0,39,7,0.11764705882352941,2.0,17,6,0.2564102564102564,10.0,39,7,,,0,0,0.48717948717948717,19.0,39,7,,,0,0,,,0,0,,,0,0,,,0,0,,,0,0,,,0,0,1.0,39.0,39,7,,,0,0,0.11764705882352941,2.0,17,6,0.5128205128205128,20.0,39,7,,,0,0,,,0,0,,,0,0,,,0,0,,,0,0,,,0,0,33,UNKNOWN,NA
APR_OLD_STAGE3_COMMON7,A,0,B2,FORCED_ON,fit,positive,EDIT_TARGET,320,False,macro,24,7,6,UNKNOWN,0.9285714285714286,22.0,24,7,,,0,0,0.9285714285714286,22.0,24,7,0.0,0.0,24,7,,,0,0,,,0,0,0.9285714285714286,22.0,24,7,1.0,24.0,24,7,1.0,24.0,24,7,0.9285714285714286,22.0,24,7,,,0,0,,,0,0,0.0,0.0,24,7,,,0,0,0.9285714285714286,22.0,24,7,,,0,0,,,0,0,,,0,0,,,0,0,,,0,0,,,0,0,1.0,24.0,24,7,,,0,0,,,0,0,,,0,0,0.0,0.0,24,7,,,0,0,,,0,0,,,0,0,,,0,0,,,0,0,22,UNKNOWN,NA
APR_OLD_STAGE3_COMMON7,A,0,B2,FORCED_ON,fit,positive,EDIT_TARGET,320,False,micro,24,7,6,UNKNOWN,0.9166666666666666,22.0,24,7,,,0,0,0.9166666666666666,22.0,24,7,0.0,0.0,24,7,,,0,0,,,0,0,0.9166666666666666,22.0,24,7,1.0,24.0,24,7,1.0,24.0,24,7,0.9166666666666666,22.0,24,7,,,0,0,,,0,0,0.0,0.0,24,7,,,0,0,0.9166666666666666,22.0,24,7,,,0,0,,,0,0,,,0,0,,,0,0,,,0,0,,,0,0,1.0,24.0,24,7,,,0,0,,,0,0,,,0,0,0.0,0.0,24,7,,,0,0,,,0,0,,,0,0,,,0,0,,,0,0,22,UNKNOWN,NA
APR_OLD_STAGE3_COMMON7,A,0,B2,FORCED_ON,formal_development,T1G,EDIT_TARGET,320,False,macro,22,6,22,UNKNOWN,1.0,22.0,22,6,1.0,22.0,22,6,1.0,22.0,22,6,0.0,0.0,22,6,,,0,0,,,0,0,1.0,22.0,22,6,1.0,22.0,22,6,1.0,22.0,22,6,1.0,22.0,22,6,,,0,0,,,0,0,0.0,0.0,22,6,,,0,0,1.0,22.0,22,6,,,0,0,,,0,0,,,0,0,,,0,0,,,0,0,,,0,0,1.0,22.0,22,6,,,0,0,,,0,0,,,0,0,0.0,0.0,22,6,,,0,0,,,0,0,,,0,0,,,0,0,,,0,0,22,UNKNOWN,NA
APR_OLD_STAGE3_COMMON7,A,0,B2,FORCED_ON,formal_development,T1G,EDIT_TARGET,320,False,micro,22,6,22,UNKNOWN,1.0,22.0,22,6,1.0,22.0,22,6,1.0,22.0,22,6,0.0,0.0,22,6,,,0,0,,,0,0,1.0,22.0,22,6,1.0,22.0,22,6,1.0,22.0,22,6,1.0,22.0,22,6,,,0,0,,,0,0,0.0,0.0,22,6,,,0,0,1.0,22.0,22,6,,,0,0,,,0,0,,,0,0,,,0,0,,,0,0,,,0,0,1.0,22.0,22,6,,,0,0,,,0,0,,,0,0,0.0,0.0,22,6,,,0,0,,,0,0,,,0,0,,,0,0,,,0,0,22,UNKNOWN,NA
APR_OLD_STAGE3_COMMON7,A,0,B2,FORCED_ON,formal_development,T1L,STRICT_BASE,320,False,macro,10,2,5,UNKNOWN,0.2,2.0,10,2,0.0,0.0,6,2,0.2,2.0,10,2,0.6,6.0,10,2,1.0,6.0,6,2,0.0,0.0,6,2,0.5,2.0,4,2,1.0,4.0,4,2,1.0,10.0,10,2,0.2,2.0,10,2,1.0,10.0,10,2,1.0,6.0,6,2,0.0,0.0,10,2,,,0,0,0.2,2.0,10,2,,,0,0,,,0,0,,,0,0,,,0,0,,,0,0,,,0,0,1.0,10.0,10,2,,,0,0,1.0,6.0,6,2,0.8,8.0,10,2,,,0,0,,,0,0,,,0,0,,,0,0,,,0,0,,,0,0,5,UNKNOWN,NA
APR_OLD_STAGE3_COMMON7,A,0,B2,FORCED_ON,formal_development,T1L,STRICT_BASE,320,False,micro,10,2,5,UNKNOWN,0.2,2.0,10,2,0.0,0.0,6,2,0.2,2.0,10,2,0.6,6.0,10,2,1.0,6.0,6,2,0.0,0.0,6,2,0.5,2.0,4,2,1.0,4.0,4,2,1.0,10.0,10,2,0.2,2.0,10,2,1.0,10.0,10,2,1.0,6.0,6,2,0.0,0.0,10,2,,,0,0,0.2,2.0,10,2,,,0,0,,,0,0,,,0,0,,,0,0,,,0,0,,,0,0,1.0,10.0,10,2,,,0,0,1.0,6.0,6,2,0.8,8.0,10,2,,,0,0,,,0,0,,,0,0,,,0,0,,,0,0,,,0,0,5,UNKNOWN,NA
APR_OLD_STAGE3_COMMON7,A,0,B2,FORCED_ON,formal_development,T2G,EDIT_TARGET,320,False,macro,23,6,6,UNKNOWN,0.8333333333333334,19.0,23,6,0.8333333333333334,19.0,23,6,0.8333333333333334,19.0,23,6,0.0,0.0,23,6,,,0,0,,,0,0,0.8333333333333334,19.0,23,6,1.0,23.0,23,6,1.0,23.0,23,6,0.8333333333333334,19.0,23,6,,,0,0,,,0,0,0.0,0.0,23,6,,,0,0,0.8333333333333334,19.0,23,6,,,0,0,,,0,0,,,0,0,,,0,0,,,0,0,,,0,0,1.0,23.0,23,6,,,0,0,,,0,0,,,0,0,0.0,0.0,23,6,,,0,0,,,0,0,,,0,0,,,0,0,,,0,0,23,UNKNOWN,NA
APR_OLD_STAGE3_COMMON7,A,0,B2,FORCED_ON,formal_development,T2G,EDIT_TARGET,320,False,micro,23,6,6,UNKNOWN,0.8260869565217391,19.0,23,6,0.8260869565217391,19.0,23,6,0.8260869565217391,19.0,23,6,0.0,0.0,23,6,,,0,0,,,0,0,0.8260869565217391,19.0,23,6,1.0,23.0,23,6,1.0,23.0,23,6,0.8260869565217391,19.0,23,6,,,0,0,,,0,0,0.0,0.0,23,6,,,0,0,0.8260869565217391,19.0,23,6,,,0,0,,,0,0,,,0,0,,,0,0,,,0,0,,,0,0,1.0,23.0,23,6,,,0,0,,,0,0,,,0,0,0.0,0.0,23,6,,,0,0,,,0,0,,,0,0,,,0,0,,,0,0,23,UNKNOWN,NA
APR_OLD_STAGE3_COMMON7,A,0,B2,FORCED_ON,formal_development,T2L,STRICT_BASE,320,False,macro,2,1,1,UNKNOWN,1.0,2.0,2,1,1.0,2.0,2,1,1.0,2.0,2,1,1.0,2.0,2,1,0.0,0.0,2,1,1.0,2.0,2,1,,,0,0,,,0,0,1.0,2.0,2,1,1.0,2.0,2,1,1.0,2.0,2,1,0.0,0.0,2,1,0.5,1.0,2,1,,,0,0,1.0,2.0,2,1,,,0,0,,,0,0,,,0,0,,,0,0,,,0,0,,,0,0,1.0,2.0,2,1,,,0,0,0.0,0.0,2,1,0.0,0.0,2,1,,,0,0,,,0,0,,,0,0,,,0,0,,,0,0,,,0,0,2,UNKNOWN,NA
APR_OLD_STAGE3_COMMON7,A,0,B2,FORCED_ON,formal_development,T2L,STRICT_BASE,320,False,micro,2,1,1,UNKNOWN,1.0,2.0,2,1,1.0,2.0,2,1,1.0,2.0,2,1,1.0,2.0,2,1,0.0,0.0,2,1,1.0,2.0,2,1,,,0,0,,,0,0,1.0,2.0,2,1,1.0,2.0,2,1,1.0,2.0,2,1,0.0,0.0,2,1,0.5,1.0,2,1,,,0,0,1.0,2.0,2,1,,,0,0,,,0,0,,,0,0,,,0,0,,,0,0,,,0,0,1.0,2.0,2,1,,,0,0,0.0,0.0,2,1,0.0,0.0,2,1,,,0,0,,,0,0,,,0,0,,,0,0,,,0,0,,,0,0,2,UNKNOWN,NA
APR_OLD_STAGE3_COMMON7,A,0,B2,FORCED_ON,native,NATIVE_DIAGNOSTIC,EDIT_TARGET,320,False,macro,1,1,1,UNKNOWN,1.0,1.0,1,1,,,0,0,1.0,1.0,1,1,0.0,0.0,1,1,,,0,0,,,0,0,1.0,1.0,1,1,1.0,1.0,1,1,1.0,1.0,1,1,1.0,1.0,1,1,,,0,0,,,0,0,0.0,0.0,1,1,,,0,0,1.0,1.0,1,1,,,0,0,,,0,0,,,0,0,,,0,0,,,0,0,,,0,0,1.0,1.0,1,1,,,0,0,,,0,0,,,0,0,0.0,0.0,1,1,,,0,0,,,0,0,,,0,0,,,0,0,,,0,0,1,UNKNOWN,NA
APR_OLD_STAGE3_COMMON7,A,0,B2,FORCED_ON,native,NATIVE_DIAGNOSTIC,EDIT_TARGET,320,False,micro,1,1,1,UNKNOWN,1.0,1.0,1,1,,,0,0,1.0,1.0,1,1,0.0,0.0,1,1,,,0,0,,,0,0,1.0,1.0,1,1,1.0,1.0,1,1,1.0,1.0,1,1,1.0,1.0,1,1,,,0,0,,,0,0,0.0,0.0,1,1,,,0,0,1.0,1.0,1,1,,,0,0,,,0,0,,,0,0,,,0,0,,,0,0,,,0,0,1.0,1.0,1,1,,,0,0,,,0,0,,,0,0,0.0,0.0,1,1,,,0,0,,,0,0,,,0,0,,,0,0,,,0,0,1,UNKNOWN,NA
APR_OLD_STAGE3_COMMON7,A,0,B2,FORCED_ON,native,T0,EDIT_TARGET,320,False,macro,6,6,6,UNKNOWN,1.0,6.0,6,6,1.0,6.0,6,6,1.0,6.0,6,6,0.0,0.0,6,6,,,0,0,,,0,0,1.0,6.0,6,6,1.0,6.0,6,6,1.0,6.0,6,6,1.0,6.0,6,6,,,0,0,,,0,0,0.0,0.0,6,6,,,0,0,1.0,6.0,6,6,,,0,0,,,0,0,,,0,0,,,0,0,,,0,0,,,0,0,1.0,6.0,6,6,,,0,0,,,0,0,,,0,0,0.0,0.0,6,6,,,0,0,,,0,0,,,0,0,,,0,0,,,0,0,6,UNKNOWN,NA
APR_OLD_STAGE3_COMMON7,A,0,B2,FORCED_ON,native,T0,EDIT_TARGET,320,False,micro,6,6,6,UNKNOWN,1.0,6.0,6,6,1.0,6.0,6,6,1.0,6.0,6,6,0.0,0.0,6,6,,,0,0,,,0,0,1.0,6.0,6,6,1.0,6.0,6,6,1.0,6.0,6,6,1.0,6.0,6,6,,,0,0,,,0,0,0.0,0.0,6,6,,,0,0,1.0,6.0,6,6,,,0,0,,,0,0,,,0,0,,,0,0,,,0,0,,,0,0,1.0,6.0,6,6,,,0,0,,,0,0,,,0,0,0.0,0.0,6,6,,,0,0,,,0,0,,,0,0,,,0,0,,,0,0,6,UNKNOWN,NA
APR_OLD_STAGE3_COMMON7,A,0,B2,RC_FIXED_OLD16,fit,H,STRICT_BASE,320,False,macro,16,7,13,UNKNOWN,0.0,0.0,16,7,,,0,0,0.0,0.0,16,7,0.0,0.0,16,7,,,0,0,,,0,0,0.0,0.0,16,7,0.0,0.0,16,7,0.0,0.0,16,7,0.0,0.0,16,7,0.0,0.0,16,7,,,0,0,1.0,16.0,16,7,,,0,0,0.0,0.0,16,7,,,0,0,,,0,0,,,0,0,,,0,0,,,0,0,,,0,0,1.0,16.0,16,7,,,0,0,,,0,0,,,0,0,,,0,0,,,0,0,,,0,0,,,0,0,,,0,0,,,0,0,13,UNKNOWN,NA
APR_OLD_STAGE3_COMMON7,A,0,B2,RC_FIXED_OLD16,fit,H,STRICT_BASE,320,False,micro,16,7,13,UNKNOWN,0.0,0.0,16,7,,,0,0,0.0,0.0,16,7,0.0,0.0,16,7,,,0,0,,,0,0,0.0,0.0,16,7,0.0,0.0,16,7,0.0,0.0,16,7,0.0,0.0,16,7,0.0,0.0,16,7,,,0,0,1.0,16.0,16,7,,,0,0,0.0,0.0,16,7,,,0,0,,,0,0,,,0,0,,,0,0,,,0,0,,,0,0,1.0,16.0,16,7,,,0,0,,,0,0,,,0,0,,,0,0,,,0,0,,,0,0,,,0,0,,,0,0,,,0,0,13,UNKNOWN,NA
APR_OLD_STAGE3_COMMON7,A,0,B2,RC_FIXED_OLD16,fit,U,STRICT_BASE,320,False,macro,39,7,31,UNKNOWN,0.41836734693877553,17.0,39,7,,,0,0,0.41836734693877553,17.0,39,7,0.41836734693877553,17.0,39,7,0.0,0.0,17,6,1.0,17.0,17,6,0.0,0.0,22,7,0.0,0.0,22,7,0.0,0.0,39,7,0.0,0.0,39,7,0.0,0.0,39,7,0.0,0.0,17,6,1.0,39.0,39,7,,,0,0,0.4659863945578231,19.0,39,7,,,0,0,,,0,0,,,0,0,,,0,0,,,0,0,,,0,0,1.0,39.0,39,7,,,0,0,,,0,0,,,0,0,,,0,0,,,0,0,,,0,0,,,0,0,,,0,0,,,0,0,33,UNKNOWN,NA
APR_OLD_STAGE3_COMMON7,A,0,B2,RC_FIXED_OLD16,fit,U,STRICT_BASE,320,False,micro,39,7,31,UNKNOWN,0.4358974358974359,17.0,39,7,,,0,0,0.4358974358974359,17.0,39,7,0.4358974358974359,17.0,39,7,0.0,0.0,17,6,1.0,17.0,17,6,0.0,0.0,22,7,0.0,0.0,22,7,0.0,0.0,39,7,0.0,0.0,39,7,0.0,0.0,39,7,0.0,0.0,17,6,1.0,39.0,39,7,,,0,0,0.48717948717948717,19.0,39,7,,,0,0,,,0,0,,,0,0,,,0,0,,,0,0,,,0,0,1.0,39.0,39,7,,,0,0,,,0,0,,,0,0,,,0,0,,,0,0,,,0,0,,,0,0,,,0,0,,,0,0,33,UNKNOWN,NA
APR_OLD_STAGE3_COMMON7,A,0,B2,RC_FIXED_OLD16,fit,positive,EDIT_TARGET,320,False,macro,24,7,6,UNKNOWN,0.9285714285714286,22.0,24,7,,,0,0,0.9285714285714286,22.0,24,7,0.0,0.0,24,7,,,0,0,,,0,0,0.9285714285714286,22.0,24,7,1.0,24.0,24,7,1.0,24.0,24,7,0.9285714285714286,22.0,24,7,,,0,0,,,0,0,0.0,0.0,24,7,,,0,0,0.9285714285714286,22.0,24,7,,,0,0,,,0,0,,,0,0,,,0,0,,,0,0,,,0,0,1.0,24.0,24,7,,,0,0,,,0,0,,,0,0,0.0,0.0,24,7,,,0,0,,,0,0,,,0,0,,,0,0,,,0,0,22,UNKNOWN,NA
APR_OLD_STAGE3_COMMON7,A,0,B2,RC_FIXED_OLD16,fit,positive,EDIT_TARGET,320,False,micro,24,7,6,UNKNOWN,0.9166666666666666,22.0,24,7,,,0,0,0.9166666666666666,22.0,24,7,0.0,0.0,24,7,,,0,0,,,0,0,0.9166666666666666,22.0,24,7,1.0,24.0,24,7,1.0,24.0,24,7,0.9166666666666666,22.0,24,7,,,0,0,,,0,0,0.0,0.0,24,7,,,0,0,0.9166666666666666,22.0,24,7,,,0,0,,,0,0,,,0,0,,,0,0,,,0,0,,,0,0,1.0,24.0,24,7,,,0,0,,,0,0,,,0,0,0.0,0.0,24,7,,,0,0,,,0,0,,,0,0,,,0,0,,,0,0,22,UNKNOWN,NA
APR_OLD_STAGE3_COMMON7,A,0,B2,RC_FIXED_OLD16,formal_development,T1G,EDIT_TARGET,320,False,macro,22,6,22,UNKNOWN,0.7083333333333334,15.0,22,6,0.7083333333333334,15.0,22,6,0.7083333333333334,15.0,22,6,0.0,0.0,22,6,,,0,0,,,0,0,0.7083333333333334,15.0,22,6,0.7083333333333334,15.0,22,6,0.7083333333333334,15.0,22,6,0.7083333333333334,15.0,22,6,,,0,0,,,0,0,0.2916666666666667,7.0,22,6,,,0,0,1.0,22.0,22,6,,,0,0,,,0,0,,,0,0,,,0,0,,,0,0,,,0,0,1.0,15.0,15,6,,,0,0,,,0,0,,,0,0,0.2916666666666667,7.0,22,6,,,0,0,,,0,0,,,0,0,,,0,0,,,0,0,22,UNKNOWN,NA
APR_OLD_STAGE3_COMMON7,A,0,B2,RC_FIXED_OLD16,formal_development,T1G,EDIT_TARGET,320,False,micro,22,6,22,UNKNOWN,0.6818181818181818,15.0,22,6,0.6818181818181818,15.0,22,6,0.6818181818181818,15.0,22,6,0.0,0.0,22,6,,,0,0,,,0,0,0.6818181818181818,15.0,22,6,0.6818181818181818,15.0,22,6,0.6818181818181818,15.0,22,6,0.6818181818181818,15.0,22,6,,,0,0,,,0,0,0.3181818181818182,7.0,22,6,,,0,0,1.0,22.0,22,6,,,0,0,,,0,0,,,0,0,,,0,0,,,0,0,,,0,0,1.0,15.0,15,6,,,0,0,,,0,0,,,0,0,0.3181818181818182,7.0,22,6,,,0,0,,,0,0,,,0,0,,,0,0,,,0,0,22,UNKNOWN,NA
APR_OLD_STAGE3_COMMON7,A,0,B2,RC_FIXED_OLD16,formal_development,T1L,STRICT_BASE,320,False,macro,10,2,5,UNKNOWN,0.7,7.0,10,2,1.0,6.0,6,2,0.7,7.0,10,2,0.6,6.0,10,2,0.0,0.0,6,2,1.0,6.0,6,2,0.25,1.0,4,2,0.25,1.0,4,2,0.1,1.0,10,2,0.1,1.0,10,2,0.1,1.0,10,2,0.0,0.0,6,2,0.9,9.0,10,2,,,0,0,0.2,2.0,10,2,,,0,0,,,0,0,,,0,0,,,0,0,,,0,0,,,0,0,1.0,1.0,1,1,,,0,0,,,0,0,0.0,0.0,1,1,,,0,0,,,0,0,,,0,0,,,0,0,,,0,0,,,0,0,5,UNKNOWN,NA
APR_OLD_STAGE3_COMMON7,A,0,B2,RC_FIXED_OLD16,formal_development,T1L,STRICT_BASE,320,False,micro,10,2,5,UNKNOWN,0.7,7.0,10,2,1.0,6.0,6,2,0.7,7.0,10,2,0.6,6.0,10,2,0.0,0.0,6,2,1.0,6.0,6,2,0.25,1.0,4,2,0.25,1.0,4,2,0.1,1.0,10,2,0.1,1.0,10,2,0.1,1.0,10,2,0.0,0.0,6,2,0.9,9.0,10,2,,,0,0,0.2,2.0,10,2,,,0,0,,,0,0,,,0,0,,,0,0,,,0,0,,,0,0,1.0,1.0,1,1,,,0,0,,,0,0,0.0,0.0,1,1,,,0,0,,,0,0,,,0,0,,,0,0,,,0,0,,,0,0,5,UNKNOWN,NA
APR_OLD_STAGE3_COMMON7,A,0,B2,RC_FIXED_OLD16,formal_development,T2G,EDIT_TARGET,320,False,macro,23,6,6,UNKNOWN,0.8333333333333334,19.0,23,6,0.8333333333333334,19.0,23,6,0.8333333333333334,19.0,23,6,0.0,0.0,23,6,,,0,0,,,0,0,0.8333333333333334,19.0,23,6,1.0,23.0,23,6,1.0,23.0,23,6,0.8333333333333334,19.0,23,6,,,0,0,,,0,0,0.0,0.0,23,6,,,0,0,0.8333333333333334,19.0,23,6,,,0,0,,,0,0,,,0,0,,,0,0,,,0,0,,,0,0,1.0,23.0,23,6,,,0,0,,,0,0,,,0,0,0.0,0.0,23,6,,,0,0,,,0,0,,,0,0,,,0,0,,,0,0,23,UNKNOWN,NA
APR_OLD_STAGE3_COMMON7,A,0,B2,RC_FIXED_OLD16,formal_development,T2G,EDIT_TARGET,320,False,micro,23,6,6,UNKNOWN,0.8260869565217391,19.0,23,6,0.8260869565217391,19.0,23,6,0.8260869565217391,19.0,23,6,0.0,0.0,23,6,,,0,0,,,0,0,0.8260869565217391,19.0,23,6,1.0,23.0,23,6,1.0,23.0,23,6,0.8260869565217391,19.0,23,6,,,0,0,,,0,0,0.0,0.0,23,6,,,0,0,0.8260869565217391,19.0,23,6,,,0,0,,,0,0,,,0,0,,,0,0,,,0,0,,,0,0,1.0,23.0,23,6,,,0,0,,,0,0,,,0,0,0.0,0.0,23,6,,,0,0,,,0,0,,,0,0,,,0,0,,,0,0,23,UNKNOWN,NA
APR_OLD_STAGE3_COMMON7,A,0,B2,RC_FIXED_OLD16,formal_development,T2L,STRICT_BASE,320,False,macro,2,1,1,UNKNOWN,1.0,2.0,2,1,1.0,2.0,2,1,1.0,2.0,2,1,1.0,2.0,2,1,0.0,0.0,2,1,1.0,2.0,2,1,,,0,0,,,0,0,1.0,2.0,2,1,1.0,2.0,2,1,1.0,2.0,2,1,0.0,0.0,2,1,0.5,1.0,2,1,,,0,0,1.0,2.0,2,1,,,0,0,,,0,0,,,0,0,,,0,0,,,0,0,,,0,0,1.0,2.0,2,1,,,0,0,0.0,0.0,2,1,0.0,0.0,2,1,,,0,0,,,0,0,,,0,0,,,0,0,,,0,0,,,0,0,2,UNKNOWN,NA
APR_OLD_STAGE3_COMMON7,A,0,B2,RC_FIXED_OLD16,formal_development,T2L,STRICT_BASE,320,False,micro,2,1,1,UNKNOWN,1.0,2.0,2,1,1.0,2.0,2,1,1.0,2.0,2,1,1.0,2.0,2,1,0.0,0.0,2,1,1.0,2.0,2,1,,,0,0,,,0,0,1.0,2.0,2,1,1.0,2.0,2,1,1.0,2.0,2,1,0.0,0.0,2,1,0.5,1.0,2,1,,,0,0,1.0,2.0,2,1,,,0,0,,,0,0,,,0,0,,,0,0,,,0,0,,,0,0,1.0,2.0,2,1,,,0,0,0.0,0.0,2,1,0.0,0.0,2,1,,,0,0,,,0,0,,,0,0,,,0,0,,,0,0,,,0,0,2,UNKNOWN,NA
APR_OLD_STAGE3_COMMON7,A,0,B2,RC_FIXED_OLD16,native,NATIVE_DIAGNOSTIC,EDIT_TARGET,320,False,macro,1,1,1,UNKNOWN,1.0,1.0,1,1,,,0,0,1.0,1.0,1,1,0.0,0.0,1,1,,,0,0,,,0,0,1.0,1.0,1,1,1.0,1.0,1,1,1.0,1.0,1,1,1.0,1.0,1,1,,,0,0,,,0,0,0.0,0.0,1,1,,,0,0,1.0,1.0,1,1,,,0,0,,,0,0,,,0,0,,,0,0,,,0,0,,,0,0,1.0,1.0,1,1,,,0,0,,,0,0,,,0,0,0.0,0.0,1,1,,,0,0,,,0,0,,,0,0,,,0,0,,,0,0,1,UNKNOWN,NA
APR_OLD_STAGE3_COMMON7,A,0,B2,RC_FIXED_OLD16,native,NATIVE_DIAGNOSTIC,EDIT_TARGET,320,False,micro,1,1,1,UNKNOWN,1.0,1.0,1,1,,,0,0,1.0,1.0,1,1,0.0,0.0,1,1,,,0,0,,,0,0,1.0,1.0,1,1,1.0,1.0,1,1,1.0,1.0,1,1,1.0,1.0,1,1,,,0,0,,,0,0,0.0,0.0,1,1,,,0,0,1.0,1.0,1,1,,,0,0,,,0,0,,,0,0,,,0,0,,,0,0,,,0,0,1.0,1.0,1,1,,,0,0,,,0,0,,,0,0,0.0,0.0,1,1,,,0,0,,,0,0,,,0,0,,,0,0,,,0,0,1,UNKNOWN,NA
APR_OLD_STAGE3_COMMON7,A,0,B2,RC_FIXED_OLD16,native,T0,EDIT_TARGET,320,False,macro,6,6,6,UNKNOWN,1.0,6.0,6,6,1.0,6.0,6,6,1.0,6.0,6,6,0.0,0.0,6,6,,,0,0,,,0,0,1.0,6.0,6,6,1.0,6.0,6,6,1.0,6.0,6,6,1.0,6.0,6,6,,,0,0,,,0,0,0.0,0.0,6,6,,,0,0,1.0,6.0,6,6,,,0,0,,,0,0,,,0,0,,,0,0,,,0,0,,,0,0,1.0,6.0,6,6,,,0,0,,,0,0,,,0,0,0.0,0.0,6,6,,,0,0,,,0,0,,,0,0,,,0,0,,,0,0,6,UNKNOWN,NA
APR_OLD_STAGE3_COMMON7,A,0,B2,RC_FIXED_OLD16,native,T0,EDIT_TARGET,320,False,micro,6,6,6,UNKNOWN,1.0,6.0,6,6,1.0,6.0,6,6,1.0,6.0,6,6,0.0,0.0,6,6,,,0,0,,,0,0,1.0,6.0,6,6,1.0,6.0,6,6,1.0,6.0,6,6,1.0,6.0,6,6,,,0,0,,,0,0,0.0,0.0,6,6,,,0,0,1.0,6.0,6,6,,,0,0,,,0,0,,,0,0,,,0,0,,,0,0,,,0,0,1.0,6.0,6,6,,,0,0,,,0,0,,,0,0,0.0,0.0,6,6,,,0,0,,,0,0,,,0,0,,,0,0,,,0,0,6,UNKNOWN,NA
APR_OLD_STAGE3_COMMON7,A,0,B3,FORCED_ON,fit,H,STRICT_BASE,320,False,macro,16,7,13,UNKNOWN,0.0,0.0,16,7,,,0,0,0.0,0.0,16,7,0.0,0.0,16,7,,,0,0,,,0,0,0.0,0.0,16,7,1.0,16.0,16,7,1.0,16.0,16,7,0.0,0.0,16,7,1.0,16.0,16,7,,,0,0,0.0,0.0,16,7,,,0,0,0.0,0.0,16,7,,,0,0,,,0,0,,,0,0,,,0,0,,,0,0,,,0,0,1.0,16.0,16,7,,,0,0,,,0,0,1.0,16.0,16,7,,,0,0,,,0,0,,,0,0,,,0,0,,,0,0,,,0,0,13,UNKNOWN,NA
APR_OLD_STAGE3_COMMON7,A,0,B3,FORCED_ON,fit,H,STRICT_BASE,320,False,micro,16,7,13,UNKNOWN,0.0,0.0,16,7,,,0,0,0.0,0.0,16,7,0.0,0.0,16,7,,,0,0,,,0,0,0.0,0.0,16,7,1.0,16.0,16,7,1.0,16.0,16,7,0.0,0.0,16,7,1.0,16.0,16,7,,,0,0,0.0,0.0,16,7,,,0,0,0.0,0.0,16,7,,,0,0,,,0,0,,,0,0,,,0,0,,,0,0,,,0,0,1.0,16.0,16,7,,,0,0,,,0,0,1.0,16.0,16,7,,,0,0,,,0,0,,,0,0,,,0,0,,,0,0,,,0,0,13,UNKNOWN,NA
APR_OLD_STAGE3_COMMON7,A,0,B3,FORCED_ON,fit,U,STRICT_BASE,320,False,macro,39,7,31,UNKNOWN,0.4064625850340136,17.0,39,7,,,0,0,0.4064625850340136,17.0,39,7,0.41836734693877553,17.0,39,7,0.25,2.0,17,6,0.75,15.0,17,6,0.09523809523809523,2.0,22,7,0.6928571428571428,16.0,22,7,1.0,39.0,39,7,0.4064625850340136,17.0,39,7,1.0,39.0,39,7,0.25,2.0,17,6,0.3163265306122449,14.0,39,7,,,0,0,0.4064625850340136,17.0,39,7,,,0,0,,,0,0,,,0,0,,,0,0,,,0,0,,,0,0,1.0,39.0,39,7,,,0,0,0.25,2.0,17,6,0.5935374149659863,22.0,39,7,,,0,0,,,0,0,,,0,0,,,0,0,,,0,0,,,0,0,33,UNKNOWN,NA
APR_OLD_STAGE3_COMMON7,A,0,B3,FORCED_ON,fit,U,STRICT_BASE,320,False,micro,39,7,31,UNKNOWN,0.4358974358974359,17.0,39,7,,,0,0,0.4358974358974359,17.0,39,7,0.4358974358974359,17.0,39,7,0.11764705882352941,2.0,17,6,0.8823529411764706,15.0,17,6,0.09090909090909091,2.0,22,7,0.7272727272727273,16.0,22,7,1.0,39.0,39,7,0.4358974358974359,17.0,39,7,1.0,39.0,39,7,0.11764705882352941,2.0,17,6,0.358974358974359,14.0,39,7,,,0,0,0.4358974358974359,17.0,39,7,,,0,0,,,0,0,,,0,0,,,0,0,,,0,0,,,0,0,1.0,39.0,39,7,,,0,0,0.11764705882352941,2.0,17,6,0.5641025641025641,22.0,39,7,,,0,0,,,0,0,,,0,0,,,0,0,,,0,0,,,0,0,33,UNKNOWN,NA
APR_OLD_STAGE3_COMMON7,A,0,B3,FORCED_ON,fit,positive,EDIT_TARGET,320,False,macro,24,7,6,UNKNOWN,0.9285714285714286,22.0,24,7,,,0,0,0.9285714285714286,22.0,24,7,0.0,0.0,24,7,,,0,0,,,0,0,0.9285714285714286,22.0,24,7,1.0,24.0,24,7,1.0,24.0,24,7,0.9285714285714286,22.0,24,7,,,0,0,,,0,0,0.0,0.0,24,7,,,0,0,0.9285714285714286,22.0,24,7,,,0,0,,,0,0,,,0,0,,,0,0,,,0,0,,,0,0,1.0,24.0,24,7,,,0,0,,,0,0,,,0,0,0.0,0.0,24,7,,,0,0,,,0,0,,,0,0,,,0,0,,,0,0,22,UNKNOWN,NA
APR_OLD_STAGE3_COMMON7,A,0,B3,FORCED_ON,fit,positive,EDIT_TARGET,320,False,micro,24,7,6,UNKNOWN,0.9166666666666666,22.0,24,7,,,0,0,0.9166666666666666,22.0,24,7,0.0,0.0,24,7,,,0,0,,,0,0,0.9166666666666666,22.0,24,7,1.0,24.0,24,7,1.0,24.0,24,7,0.9166666666666666,22.0,24,7,,,0,0,,,0,0,0.0,0.0,24,7,,,0,0,0.9166666666666666,22.0,24,7,,,0,0,,,0,0,,,0,0,,,0,0,,,0,0,,,0,0,1.0,24.0,24,7,,,0,0,,,0,0,,,0,0,0.0,0.0,24,7,,,0,0,,,0,0,,,0,0,,,0,0,,,0,0,22,UNKNOWN,NA
APR_OLD_STAGE3_COMMON7,A,0,B3,FORCED_ON,formal_development,T1G,EDIT_TARGET,320,False,macro,22,6,22,UNKNOWN,1.0,22.0,22,6,1.0,22.0,22,6,1.0,22.0,22,6,0.0,0.0,22,6,,,0,0,,,0,0,1.0,22.0,22,6,1.0,22.0,22,6,1.0,22.0,22,6,1.0,22.0,22,6,,,0,0,,,0,0,0.0,0.0,22,6,,,0,0,1.0,22.0,22,6,,,0,0,,,0,0,,,0,0,,,0,0,,,0,0,,,0,0,1.0,22.0,22,6,,,0,0,,,0,0,,,0,0,0.0,0.0,22,6,,,0,0,,,0,0,,,0,0,,,0,0,,,0,0,22,UNKNOWN,NA
APR_OLD_STAGE3_COMMON7,A,0,B3,FORCED_ON,formal_development,T1G,EDIT_TARGET,320,False,micro,22,6,22,UNKNOWN,1.0,22.0,22,6,1.0,22.0,22,6,1.0,22.0,22,6,0.0,0.0,22,6,,,0,0,,,0,0,1.0,22.0,22,6,1.0,22.0,22,6,1.0,22.0,22,6,1.0,22.0,22,6,,,0,0,,,0,0,0.0,0.0,22,6,,,0,0,1.0,22.0,22,6,,,0,0,,,0,0,,,0,0,,,0,0,,,0,0,,,0,0,1.0,22.0,22,6,,,0,0,,,0,0,,,0,0,0.0,0.0,22,6,,,0,0,,,0,0,,,0,0,,,0,0,,,0,0,22,UNKNOWN,NA
APR_OLD_STAGE3_COMMON7,A,0,B3,FORCED_ON,formal_development,T1L,STRICT_BASE,320,False,macro,10,2,5,UNKNOWN,0.2,2.0,10,2,0.0,0.0,6,2,0.2,2.0,10,2,0.6,6.0,10,2,1.0,6.0,6,2,0.0,0.0,6,2,0.5,2.0,4,2,1.0,4.0,4,2,1.0,10.0,10,2,0.2,2.0,10,2,1.0,10.0,10,2,1.0,6.0,6,2,0.0,0.0,10,2,,,0,0,0.2,2.0,10,2,,,0,0,,,0,0,,,0,0,,,0,0,,,0,0,,,0,0,1.0,10.0,10,2,,,0,0,1.0,6.0,6,2,0.8,8.0,10,2,,,0,0,,,0,0,,,0,0,,,0,0,,,0,0,,,0,0,5,UNKNOWN,NA
APR_OLD_STAGE3_COMMON7,A,0,B3,FORCED_ON,formal_development,T1L,STRICT_BASE,320,False,micro,10,2,5,UNKNOWN,0.2,2.0,10,2,0.0,0.0,6,2,0.2,2.0,10,2,0.6,6.0,10,2,1.0,6.0,6,2,0.0,0.0,6,2,0.5,2.0,4,2,1.0,4.0,4,2,1.0,10.0,10,2,0.2,2.0,10,2,1.0,10.0,10,2,1.0,6.0,6,2,0.0,0.0,10,2,,,0,0,0.2,2.0,10,2,,,0,0,,,0,0,,,0,0,,,0,0,,,0,0,,,0,0,1.0,10.0,10,2,,,0,0,1.0,6.0,6,2,0.8,8.0,10,2,,,0,0,,,0,0,,,0,0,,,0,0,,,0,0,,,0,0,5,UNKNOWN,NA
APR_OLD_STAGE3_COMMON7,A,0,B3,FORCED_ON,formal_development,T2G,EDIT_TARGET,320,False,macro,23,6,6,UNKNOWN,0.75,17.0,23,6,0.75,17.0,23,6,0.75,17.0,23,6,0.0,0.0,23,6,,,0,0,,,0,0,0.75,17.0,23,6,1.0,23.0,23,6,1.0,23.0,23,6,0.75,17.0,23,6,,,0,0,,,0,0,0.0,0.0,23,6,,,0,0,0.75,17.0,23,6,,,0,0,,,0,0,,,0,0,,,0,0,,,0,0,,,0,0,1.0,23.0,23,6,,,0,0,,,0,0,,,0,0,0.0,0.0,23,6,,,0,0,,,0,0,,,0,0,,,0,0,,,0,0,23,UNKNOWN,NA
APR_OLD_STAGE3_COMMON7,A,0,B3,FORCED_ON,formal_development,T2G,EDIT_TARGET,320,False,micro,23,6,6,UNKNOWN,0.7391304347826086,17.0,23,6,0.7391304347826086,17.0,23,6,0.7391304347826086,17.0,23,6,0.0,0.0,23,6,,,0,0,,,0,0,0.7391304347826086,17.0,23,6,1.0,23.0,23,6,1.0,23.0,23,6,0.7391304347826086,17.0,23,6,,,0,0,,,0,0,0.0,0.0,23,6,,,0,0,0.7391304347826086,17.0,23,6,,,0,0,,,0,0,,,0,0,,,0,0,,,0,0,,,0,0,1.0,23.0,23,6,,,0,0,,,0,0,,,0,0,0.0,0.0,23,6,,,0,0,,,0,0,,,0,0,,,0,0,,,0,0,23,UNKNOWN,NA
APR_OLD_STAGE3_COMMON7,A,0,B3,FORCED_ON,formal_development,T2L,STRICT_BASE,320,False,macro,2,1,1,UNKNOWN,1.0,2.0,2,1,1.0,2.0,2,1,1.0,2.0,2,1,1.0,2.0,2,1,0.0,0.0,2,1,1.0,2.0,2,1,,,0,0,,,0,0,1.0,2.0,2,1,1.0,2.0,2,1,1.0,2.0,2,1,0.0,0.0,2,1,0.5,1.0,2,1,,,0,0,1.0,2.0,2,1,,,0,0,,,0,0,,,0,0,,,0,0,,,0,0,,,0,0,1.0,2.0,2,1,,,0,0,0.0,0.0,2,1,0.0,0.0,2,1,,,0,0,,,0,0,,,0,0,,,0,0,,,0,0,,,0,0,2,UNKNOWN,NA
APR_OLD_STAGE3_COMMON7,A,0,B3,FORCED_ON,formal_development,T2L,STRICT_BASE,320,False,micro,2,1,1,UNKNOWN,1.0,2.0,2,1,1.0,2.0,2,1,1.0,2.0,2,1,1.0,2.0,2,1,0.0,0.0,2,1,1.0,2.0,2,1,,,0,0,,,0,0,1.0,2.0,2,1,1.0,2.0,2,1,1.0,2.0,2,1,0.0,0.0,2,1,0.5,1.0,2,1,,,0,0,1.0,2.0,2,1,,,0,0,,,0,0,,,0,0,,,0,0,,,0,0,,,0,0,1.0,2.0,2,1,,,0,0,0.0,0.0,2,1,0.0,0.0,2,1,,,0,0,,,0,0,,,0,0,,,0,0,,,0,0,,,0,0,2,UNKNOWN,NA
APR_OLD_STAGE3_COMMON7,A,0,B3,FORCED_ON,native,NATIVE_DIAGNOSTIC,EDIT_TARGET,320,False,macro,1,1,1,UNKNOWN,1.0,1.0,1,1,,,0,0,1.0,1.0,1,1,0.0,0.0,1,1,,,0,0,,,0,0,1.0,1.0,1,1,1.0,1.0,1,1,1.0,1.0,1,1,1.0,1.0,1,1,,,0,0,,,0,0,0.0,0.0,1,1,,,0,0,1.0,1.0,1,1,,,0,0,,,0,0,,,0,0,,,0,0,,,0,0,,,0,0,1.0,1.0,1,1,,,0,0,,,0,0,,,0,0,0.0,0.0,1,1,,,0,0,,,0,0,,,0,0,,,0,0,,,0,0,1,UNKNOWN,NA
APR_OLD_STAGE3_COMMON7,A,0,B3,FORCED_ON,native,NATIVE_DIAGNOSTIC,EDIT_TARGET,320,False,micro,1,1,1,UNKNOWN,1.0,1.0,1,1,,,0,0,1.0,1.0,1,1,0.0,0.0,1,1,,,0,0,,,0,0,1.0,1.0,1,1,1.0,1.0,1,1,1.0,1.0,1,1,1.0,1.0,1,1,,,0,0,,,0,0,0.0,0.0,1,1,,,0,0,1.0,1.0,1,1,,,0,0,,,0,0,,,0,0,,,0,0,,,0,0,,,0,0,1.0,1.0,1,1,,,0,0,,,0,0,,,0,0,0.0,0.0,1,1,,,0,0,,,0,0,,,0,0,,,0,0,,,0,0,1,UNKNOWN,NA
APR_OLD_STAGE3_COMMON7,A,0,B3,FORCED_ON,native,T0,EDIT_TARGET,320,False,macro,6,6,6,UNKNOWN,1.0,6.0,6,6,1.0,6.0,6,6,1.0,6.0,6,6,0.0,0.0,6,6,,,0,0,,,0,0,1.0,6.0,6,6,1.0,6.0,6,6,1.0,6.0,6,6,1.0,6.0,6,6,,,0,0,,,0,0,0.0,0.0,6,6,,,0,0,1.0,6.0,6,6,,,0,0,,,0,0,,,0,0,,,0,0,,,0,0,,,0,0,1.0,6.0,6,6,,,0,0,,,0,0,,,0,0,0.0,0.0,6,6,,,0,0,,,0,0,,,0,0,,,0,0,,,0,0,6,UNKNOWN,NA
APR_OLD_STAGE3_COMMON7,A,0,B3,FORCED_ON,native,T0,EDIT_TARGET,320,False,micro,6,6,6,UNKNOWN,1.0,6.0,6,6,1.0,6.0,6,6,1.0,6.0,6,6,0.0,0.0,6,6,,,0,0,,,0,0,1.0,6.0,6,6,1.0,6.0,6,6,1.0,6.0,6,6,1.0,6.0,6,6,,,0,0,,,0,0,0.0,0.0,6,6,,,0,0,1.0,6.0,6,6,,,0,0,,,0,0,,,0,0,,,0,0,,,0,0,,,0,0,1.0,6.0,6,6,,,0,0,,,0,0,,,0,0,0.0,0.0,6,6,,,0,0,,,0,0,,,0,0,,,0,0,,,0,0,6,UNKNOWN,NA
APR_OLD_STAGE3_COMMON7,A,0,B3,RC_FIXED_OLD16,fit,H,STRICT_BASE,320,False,macro,16,7,13,UNKNOWN,0.0,0.0,16,7,,,0,0,0.0,0.0,16,7,0.0,0.0,16,7,,,0,0,,,0,0,0.0,0.0,16,7,0.0,0.0,16,7,0.0,0.0,16,7,0.0,0.0,16,7,0.0,0.0,16,7,,,0,0,1.0,16.0,16,7,,,0,0,0.0,0.0,16,7,,,0,0,,,0,0,,,0,0,,,0,0,,,0,0,,,0,0,1.0,16.0,16,7,,,0,0,,,0,0,,,0,0,,,0,0,,,0,0,,,0,0,,,0,0,,,0,0,,,0,0,13,UNKNOWN,NA
APR_OLD_STAGE3_COMMON7,A,0,B3,RC_FIXED_OLD16,fit,H,STRICT_BASE,320,False,micro,16,7,13,UNKNOWN,0.0,0.0,16,7,,,0,0,0.0,0.0,16,7,0.0,0.0,16,7,,,0,0,,,0,0,0.0,0.0,16,7,0.0,0.0,16,7,0.0,0.0,16,7,0.0,0.0,16,7,0.0,0.0,16,7,,,0,0,1.0,16.0,16,7,,,0,0,0.0,0.0,16,7,,,0,0,,,0,0,,,0,0,,,0,0,,,0,0,,,0,0,1.0,16.0,16,7,,,0,0,,,0,0,,,0,0,,,0,0,,,0,0,,,0,0,,,0,0,,,0,0,,,0,0,13,UNKNOWN,NA
APR_OLD_STAGE3_COMMON7,A,0,B3,RC_FIXED_OLD16,fit,U,STRICT_BASE,320,False,macro,39,7,31,UNKNOWN,0.41836734693877553,17.0,39,7,,,0,0,0.41836734693877553,17.0,39,7,0.41836734693877553,17.0,39,7,0.0,0.0,17,6,1.0,17.0,17,6,0.0,0.0,22,7,0.0,0.0,22,7,0.0,0.0,39,7,0.0,0.0,39,7,0.0,0.0,39,7,0.0,0.0,17,6,1.0,39.0,39,7,,,0,0,0.4064625850340136,17.0,39,7,,,0,0,,,0,0,,,0,0,,,0,0,,,0,0,,,0,0,1.0,39.0,39,7,,,0,0,,,0,0,,,0,0,,,0,0,,,0,0,,,0,0,,,0,0,,,0,0,,,0,0,33,UNKNOWN,NA
APR_OLD_STAGE3_COMMON7,A,0,B3,RC_FIXED_OLD16,fit,U,STRICT_BASE,320,False,micro,39,7,31,UNKNOWN,0.4358974358974359,17.0,39,7,,,0,0,0.4358974358974359,17.0,39,7,0.4358974358974359,17.0,39,7,0.0,0.0,17,6,1.0,17.0,17,6,0.0,0.0,22,7,0.0,0.0,22,7,0.0,0.0,39,7,0.0,0.0,39,7,0.0,0.0,39,7,0.0,0.0,17,6,1.0,39.0,39,7,,,0,0,0.4358974358974359,17.0,39,7,,,0,0,,,0,0,,,0,0,,,0,0,,,0,0,,,0,0,1.0,39.0,39,7,,,0,0,,,0,0,,,0,0,,,0,0,,,0,0,,,0,0,,,0,0,,,0,0,,,0,0,33,UNKNOWN,NA
APR_OLD_STAGE3_COMMON7,A,0,B3,RC_FIXED_OLD16,fit,positive,EDIT_TARGET,320,False,macro,24,7,6,UNKNOWN,0.9285714285714286,22.0,24,7,,,0,0,0.9285714285714286,22.0,24,7,0.0,0.0,24,7,,,0,0,,,0,0,0.9285714285714286,22.0,24,7,1.0,24.0,24,7,1.0,24.0,24,7,0.9285714285714286,22.0,24,7,,,0,0,,,0,0,0.0,0.0,24,7,,,0,0,0.9285714285714286,22.0,24,7,,,0,0,,,0,0,,,0,0,,,0,0,,,0,0,,,0,0,1.0,24.0,24,7,,,0,0,,,0,0,,,0,0,0.0,0.0,24,7,,,0,0,,,0,0,,,0,0,,,0,0,,,0,0,22,UNKNOWN,NA
APR_OLD_STAGE3_COMMON7,A,0,B3,RC_FIXED_OLD16,fit,positive,EDIT_TARGET,320,False,micro,24,7,6,UNKNOWN,0.9166666666666666,22.0,24,7,,,0,0,0.9166666666666666,22.0,24,7,0.0,0.0,24,7,,,0,0,,,0,0,0.9166666666666666,22.0,24,7,1.0,24.0,24,7,1.0,24.0,24,7,0.9166666666666666,22.0,24,7,,,0,0,,,0,0,0.0,0.0,24,7,,,0,0,0.9166666666666666,22.0,24,7,,,0,0,,,0,0,,,0,0,,,0,0,,,0,0,,,0,0,1.0,24.0,24,7,,,0,0,,,0,0,,,0,0,0.0,0.0,24,7,,,0,0,,,0,0,,,0,0,,,0,0,,,0,0,22,UNKNOWN,NA
APR_OLD_STAGE3_COMMON7,A,0,B3,RC_FIXED_OLD16,formal_development,T1G,EDIT_TARGET,320,False,macro,22,6,22,UNKNOWN,0.7083333333333334,15.0,22,6,0.7083333333333334,15.0,22,6,0.7083333333333334,15.0,22,6,0.0,0.0,22,6,,,0,0,,,0,0,0.7083333333333334,15.0,22,6,0.7083333333333334,15.0,22,6,0.7083333333333334,15.0,22,6,0.7083333333333334,15.0,22,6,,,0,0,,,0,0,0.2916666666666667,7.0,22,6,,,0,0,1.0,22.0,22,6,,,0,0,,,0,0,,,0,0,,,0,0,,,0,0,,,0,0,1.0,15.0,15,6,,,0,0,,,0,0,,,0,0,0.2916666666666667,7.0,22,6,,,0,0,,,0,0,,,0,0,,,0,0,,,0,0,22,UNKNOWN,NA
APR_OLD_STAGE3_COMMON7,A,0,B3,RC_FIXED_OLD16,formal_development,T1G,EDIT_TARGET,320,False,micro,22,6,22,UNKNOWN,0.6818181818181818,15.0,22,6,0.6818181818181818,15.0,22,6,0.6818181818181818,15.0,22,6,0.0,0.0,22,6,,,0,0,,,0,0,0.6818181818181818,15.0,22,6,0.6818181818181818,15.0,22,6,0.6818181818181818,15.0,22,6,0.6818181818181818,15.0,22,6,,,0,0,,,0,0,0.3181818181818182,7.0,22,6,,,0,0,1.0,22.0,22,6,,,0,0,,,0,0,,,0,0,,,0,0,,,0,0,,,0,0,1.0,15.0,15,6,,,0,0,,,0,0,,,0,0,0.3181818181818182,7.0,22,6,,,0,0,,,0,0,,,0,0,,,0,0,,,0,0,22,UNKNOWN,NA
APR_OLD_STAGE3_COMMON7,A,0,B3,RC_FIXED_OLD16,formal_development,T1L,STRICT_BASE,320,False,macro,10,2,5,UNKNOWN,0.7,7.0,10,2,1.0,6.0,6,2,0.7,7.0,10,2,0.6,6.0,10,2,0.0,0.0,6,2,1.0,6.0,6,2,0.25,1.0,4,2,0.25,1.0,4,2,0.1,1.0,10,2,0.1,1.0,10,2,0.1,1.0,10,2,0.0,0.0,6,2,0.9,9.0,10,2,,,0,0,0.2,2.0,10,2,,,0,0,,,0,0,,,0,0,,,0,0,,,0,0,,,0,0,1.0,1.0,1,1,,,0,0,,,0,0,0.0,0.0,1,1,,,0,0,,,0,0,,,0,0,,,0,0,,,0,0,,,0,0,5,UNKNOWN,NA
APR_OLD_STAGE3_COMMON7,A,0,B3,RC_FIXED_OLD16,formal_development,T1L,STRICT_BASE,320,False,micro,10,2,5,UNKNOWN,0.7,7.0,10,2,1.0,6.0,6,2,0.7,7.0,10,2,0.6,6.0,10,2,0.0,0.0,6,2,1.0,6.0,6,2,0.25,1.0,4,2,0.25,1.0,4,2,0.1,1.0,10,2,0.1,1.0,10,2,0.1,1.0,10,2,0.0,0.0,6,2,0.9,9.0,10,2,,,0,0,0.2,2.0,10,2,,,0,0,,,0,0,,,0,0,,,0,0,,,0,0,,,0,0,1.0,1.0,1,1,,,0,0,,,0,0,0.0,0.0,1,1,,,0,0,,,0,0,,,0,0,,,0,0,,,0,0,,,0,0,5,UNKNOWN,NA
APR_OLD_STAGE3_COMMON7,A,0,B3,RC_FIXED_OLD16,formal_development,T2G,EDIT_TARGET,320,False,macro,23,6,6,UNKNOWN,0.75,17.0,23,6,0.75,17.0,23,6,0.75,17.0,23,6,0.0,0.0,23,6,,,0,0,,,0,0,0.75,17.0,23,6,1.0,23.0,23,6,1.0,23.0,23,6,0.75,17.0,23,6,,,0,0,,,0,0,0.0,0.0,23,6,,,0,0,0.75,17.0,23,6,,,0,0,,,0,0,,,0,0,,,0,0,,,0,0,,,0,0,1.0,23.0,23,6,,,0,0,,,0,0,,,0,0,0.0,0.0,23,6,,,0,0,,,0,0,,,0,0,,,0,0,,,0,0,23,UNKNOWN,NA
APR_OLD_STAGE3_COMMON7,A,0,B3,RC_FIXED_OLD16,formal_development,T2G,EDIT_TARGET,320,False,micro,23,6,6,UNKNOWN,0.7391304347826086,17.0,23,6,0.7391304347826086,17.0,23,6,0.7391304347826086,17.0,23,6,0.0,0.0,23,6,,,0,0,,,0,0,0.7391304347826086,17.0,23,6,1.0,23.0,23,6,1.0,23.0,23,6,0.7391304347826086,17.0,23,6,,,0,0,,,0,0,0.0,0.0,23,6,,,0,0,0.7391304347826086,17.0,23,6,,,0,0,,,0,0,,,0,0,,,0,0,,,0,0,,,0,0,1.0,23.0,23,6,,,0,0,,,0,0,,,0,0,0.0,0.0,23,6,,,0,0,,,0,0,,,0,0,,,0,0,,,0,0,23,UNKNOWN,NA
APR_OLD_STAGE3_COMMON7,A,0,B3,RC_FIXED_OLD16,formal_development,T2L,STRICT_BASE,320,False,macro,2,1,1,UNKNOWN,1.0,2.0,2,1,1.0,2.0,2,1,1.0,2.0,2,1,1.0,2.0,2,1,0.0,0.0,2,1,1.0,2.0,2,1,,,0,0,,,0,0,1.0,2.0,2,1,1.0,2.0,2,1,1.0,2.0,2,1,0.0,0.0,2,1,0.5,1.0,2,1,,,0,0,1.0,2.0,2,1,,,0,0,,,0,0,,,0,0,,,0,0,,,0,0,,,0,0,1.0,2.0,2,1,,,0,0,0.0,0.0,2,1,0.0,0.0,2,1,,,0,0,,,0,0,,,0,0,,,0,0,,,0,0,,,0,0,2,UNKNOWN,NA
APR_OLD_STAGE3_COMMON7,A,0,B3,RC_FIXED_OLD16,formal_development,T2L,STRICT_BASE,320,False,micro,2,1,1,UNKNOWN,1.0,2.0,2,1,1.0,2.0,2,1,1.0,2.0,2,1,1.0,2.0,2,1,0.0,0.0,2,1,1.0,2.0,2,1,,,0,0,,,0,0,1.0,2.0,2,1,1.0,2.0,2,1,1.0,2.0,2,1,0.0,0.0,2,1,0.5,1.0,2,1,,,0,0,1.0,2.0,2,1,,,0,0,,,0,0,,,0,0,,,0,0,,,0,0,,,0,0,1.0,2.0,2,1,,,0,0,0.0,0.0,2,1,0.0,0.0,2,1,,,0,0,,,0,0,,,0,0,,,0,0,,,0,0,,,0,0,2,UNKNOWN,NA
APR_OLD_STAGE3_COMMON7,A,0,B3,RC_FIXED_OLD16,native,NATIVE_DIAGNOSTIC,EDIT_TARGET,320,False,macro,1,1,1,UNKNOWN,1.0,1.0,1,1,,,0,0,1.0,1.0,1,1,0.0,0.0,1,1,,,0,0,,,0,0,1.0,1.0,1,1,1.0,1.0,1,1,1.0,1.0,1,1,1.0,1.0,1,1,,,0,0,,,0,0,0.0,0.0,1,1,,,0,0,1.0,1.0,1,1,,,0,0,,,0,0,,,0,0,,,0,0,,,0,0,,,0,0,1.0,1.0,1,1,,,0,0,,,0,0,,,0,0,0.0,0.0,1,1,,,0,0,,,0,0,,,0,0,,,0,0,,,0,0,1,UNKNOWN,NA
APR_OLD_STAGE3_COMMON7,A,0,B3,RC_FIXED_OLD16,native,NATIVE_DIAGNOSTIC,EDIT_TARGET,320,False,micro,1,1,1,UNKNOWN,1.0,1.0,1,1,,,0,0,1.0,1.0,1,1,0.0,0.0,1,1,,,0,0,,,0,0,1.0,1.0,1,1,1.0,1.0,1,1,1.0,1.0,1,1,1.0,1.0,1,1,,,0,0,,,0,0,0.0,0.0,1,1,,,0,0,1.0,1.0,1,1,,,0,0,,,0,0,,,0,0,,,0,0,,,0,0,,,0,0,1.0,1.0,1,1,,,0,0,,,0,0,,,0,0,0.0,0.0,1,1,,,0,0,,,0,0,,,0,0,,,0,0,,,0,0,1,UNKNOWN,NA
APR_OLD_STAGE3_COMMON7,A,0,B3,RC_FIXED_OLD16,native,T0,EDIT_TARGET,320,False,macro,6,6,6,UNKNOWN,1.0,6.0,6,6,1.0,6.0,6,6,1.0,6.0,6,6,0.0,0.0,6,6,,,0,0,,,0,0,1.0,6.0,6,6,1.0,6.0,6,6,1.0,6.0,6,6,1.0,6.0,6,6,,,0,0,,,0,0,0.0,0.0,6,6,,,0,0,1.0,6.0,6,6,,,0,0,,,0,0,,,0,0,,,0,0,,,0,0,,,0,0,1.0,6.0,6,6,,,0,0,,,0,0,,,0,0,0.0,0.0,6,6,,,0,0,,,0,0,,,0,0,,,0,0,,,0,0,6,UNKNOWN,NA
APR_OLD_STAGE3_COMMON7,A,0,B3,RC_FIXED_OLD16,native,T0,EDIT_TARGET,320,False,micro,6,6,6,UNKNOWN,1.0,6.0,6,6,1.0,6.0,6,6,1.0,6.0,6,6,0.0,0.0,6,6,,,0,0,,,0,0,1.0,6.0,6,6,1.0,6.0,6,6,1.0,6.0,6,6,1.0,6.0,6,6,,,0,0,,,0,0,0.0,0.0,6,6,,,0,0,1.0,6.0,6,6,,,0,0,,,0,0,,,0,0,,,0,0,,,0,0,,,0,0,1.0,6.0,6,6,,,0,0,,,0,0,,,0,0,0.0,0.0,6,6,,,0,0,,,0,0,,,0,0,,,0,0,,,0,0,6,UNKNOWN,NA
APR_OLD_STAGE3_COMMON7,A,0,BASE,BASE,fit,H,STRICT_BASE,320,False,macro,16,7,13,UNKNOWN,0.0,0.0,16,7,,,0,0,0.0,0.0,16,7,0.0,0.0,16,7,,,0,0,,,0,0,0.0,0.0,16,7,0.0,0.0,16,7,0.0,0.0,16,7,0.0,0.0,16,7,0.0,0.0,16,7,,,0,0,1.0,16.0,16,7,,,0,0,0.09523809523809523,2.0,16,7,,,0,0,,,0,0,,,0,0,,,0,0,,,0,0,,,0,0,1.0,16.0,16,7,,,0,0,,,0,0,,,0,0,,,0,0,,,0,0,,,0,0,,,0,0,,,0,0,,,0,0,13,UNKNOWN,NA
APR_OLD_STAGE3_COMMON7,A,0,BASE,BASE,fit,H,STRICT_BASE,320,False,micro,16,7,13,UNKNOWN,0.0,0.0,16,7,,,0,0,0.0,0.0,16,7,0.0,0.0,16,7,,,0,0,,,0,0,0.0,0.0,16,7,0.0,0.0,16,7,0.0,0.0,16,7,0.0,0.0,16,7,0.0,0.0,16,7,,,0,0,1.0,16.0,16,7,,,0,0,0.125,2.0,16,7,,,0,0,,,0,0,,,0,0,,,0,0,,,0,0,,,0,0,1.0,16.0,16,7,,,0,0,,,0,0,,,0,0,,,0,0,,,0,0,,,0,0,,,0,0,,,0,0,,,0,0,13,UNKNOWN,NA
APR_OLD_STAGE3_COMMON7,A,0,BASE,BASE,fit,U,STRICT_BASE,320,False,macro,39,7,31,UNKNOWN,0.41836734693877553,17.0,39,7,,,0,0,0.41836734693877553,17.0,39,7,0.41836734693877553,17.0,39,7,0.0,0.0,17,6,1.0,17.0,17,6,0.0,0.0,22,7,0.0,0.0,22,7,0.0,0.0,39,7,0.0,0.0,39,7,0.0,0.0,39,7,0.0,0.0,17,6,1.0,39.0,39,7,,,0,0,0.3826530612244898,15.0,39,7,,,0,0,,,0,0,,,0,0,,,0,0,,,0,0,,,0,0,1.0,39.0,39,7,,,0,0,,,0,0,,,0,0,,,0,0,,,0,0,,,0,0,,,0,0,,,0,0,,,0,0,33,UNKNOWN,NA
APR_OLD_STAGE3_COMMON7,A,0,BASE,BASE,fit,U,STRICT_BASE,320,False,micro,39,7,31,UNKNOWN,0.4358974358974359,17.0,39,7,,,0,0,0.4358974358974359,17.0,39,7,0.4358974358974359,17.0,39,7,0.0,0.0,17,6,1.0,17.0,17,6,0.0,0.0,22,7,0.0,0.0,22,7,0.0,0.0,39,7,0.0,0.0,39,7,0.0,0.0,39,7,0.0,0.0,17,6,1.0,39.0,39,7,,,0,0,0.38461538461538464,15.0,39,7,,,0,0,,,0,0,,,0,0,,,0,0,,,0,0,,,0,0,1.0,39.0,39,7,,,0,0,,,0,0,,,0,0,,,0,0,,,0,0,,,0,0,,,0,0,,,0,0,,,0,0,33,UNKNOWN,NA
APR_OLD_STAGE3_COMMON7,A,0,BASE,BASE,fit,positive,EDIT_TARGET,320,False,macro,24,7,6,UNKNOWN,0.0,0.0,24,7,,,0,0,0.0,0.0,24,7,0.0,0.0,24,7,,,0,0,,,0,0,0.0,0.0,24,7,0.0,0.0,24,7,0.0,0.0,24,7,0.0,0.0,24,7,,,0,0,,,0,0,1.0,24.0,24,7,,,0,0,0.9285714285714286,22.0,24,7,,,0,0,,,0,0,,,0,0,,,0,0,,,0,0,,,0,0,1.0,24.0,24,7,,,0,0,,,0,0,,,0,0,1.0,24.0,24,7,,,0,0,,,0,0,,,0,0,,,0,0,,,0,0,22,UNKNOWN,NA
APR_OLD_STAGE3_COMMON7,A,0,BASE,BASE,fit,positive,EDIT_TARGET,320,False,micro,24,7,6,UNKNOWN,0.0,0.0,24,7,,,0,0,0.0,0.0,24,7,0.0,0.0,24,7,,,0,0,,,0,0,0.0,0.0,24,7,0.0,0.0,24,7,0.0,0.0,24,7,0.0,0.0,24,7,,,0,0,,,0,0,1.0,24.0,24,7,,,0,0,0.9166666666666666,22.0,24,7,,,0,0,,,0,0,,,0,0,,,0,0,,,0,0,,,0,0,1.0,24.0,24,7,,,0,0,,,0,0,,,0,0,1.0,24.0,24,7,,,0,0,,,0,0,,,0,0,,,0,0,,,0,0,22,UNKNOWN,NA
APR_OLD_STAGE3_COMMON7,A,0,BASE,BASE,formal_development,T1G,EDIT_TARGET,320,False,macro,22,6,22,UNKNOWN,0.0,0.0,22,6,0.0,0.0,22,6,0.0,0.0,22,6,0.0,0.0,22,6,,,0,0,,,0,0,0.0,0.0,22,6,0.0,0.0,22,6,0.0,0.0,22,6,0.0,0.0,22,6,,,0,0,,,0,0,1.0,22.0,22,6,,,0,0,1.0,22.0,22,6,,,0,0,,,0,0,,,0,0,,,0,0,,,0,0,,,0,0,,,0,0,,,0,0,,,0,0,,,0,0,1.0,22.0,22,6,,,0,0,,,0,0,,,0,0,,,0,0,,,0,0,22,UNKNOWN,NA
APR_OLD_STAGE3_COMMON7,A,0,BASE,BASE,formal_development,T1G,EDIT_TARGET,320,False,micro,22,6,22,UNKNOWN,0.0,0.0,22,6,0.0,0.0,22,6,0.0,0.0,22,6,0.0,0.0,22,6,,,0,0,,,0,0,0.0,0.0,22,6,0.0,0.0,22,6,0.0,0.0,22,6,0.0,0.0,22,6,,,0,0,,,0,0,1.0,22.0,22,6,,,0,0,1.0,22.0,22,6,,,0,0,,,0,0,,,0,0,,,0,0,,,0,0,,,0,0,,,0,0,,,0,0,,,0,0,,,0,0,1.0,22.0,22,6,,,0,0,,,0,0,,,0,0,,,0,0,,,0,0,22,UNKNOWN,NA
APR_OLD_STAGE3_COMMON7,A,0,BASE,BASE,formal_development,T1L,STRICT_BASE,320,False,macro,10,2,5,UNKNOWN,0.6,6.0,10,2,1.0,6.0,6,2,0.6,6.0,10,2,0.6,6.0,10,2,0.0,0.0,6,2,1.0,6.0,6,2,0.0,0.0,4,2,0.0,0.0,4,2,0.0,0.0,10,2,0.0,0.0,10,2,0.0,0.0,10,2,0.0,0.0,6,2,1.0,10.0,10,2,,,0,0,0.2,2.0,10,2,,,0,0,,,0,0,,,0,0,,,0,0,,,0,0,,,0,0,,,0,0,,,0,0,,,0,0,,,0,0,,,0,0,,,0,0,,,0,0,,,0,0,,,0,0,,,0,0,5,UNKNOWN,NA
APR_OLD_STAGE3_COMMON7,A,0,BASE,BASE,formal_development,T1L,STRICT_BASE,320,False,micro,10,2,5,UNKNOWN,0.6,6.0,10,2,1.0,6.0,6,2,0.6,6.0,10,2,0.6,6.0,10,2,0.0,0.0,6,2,1.0,6.0,6,2,0.0,0.0,4,2,0.0,0.0,4,2,0.0,0.0,10,2,0.0,0.0,10,2,0.0,0.0,10,2,0.0,0.0,6,2,1.0,10.0,10,2,,,0,0,0.2,2.0,10,2,,,0,0,,,0,0,,,0,0,,,0,0,,,0,0,,,0,0,,,0,0,,,0,0,,,0,0,,,0,0,,,0,0,,,0,0,,,0,0,,,0,0,,,0,0,,,0,0,5,UNKNOWN,NA
APR_OLD_STAGE3_COMMON7,A,0,BASE,BASE,formal_development,T2G,EDIT_TARGET,320,False,macro,23,6,6,UNKNOWN,0.0,0.0,23,6,0.0,0.0,23,6,0.0,0.0,23,6,0.0,0.0,23,6,,,0,0,,,0,0,0.0,0.0,23,6,0.0,0.0,23,6,0.0,0.0,23,6,0.0,0.0,23,6,,,0,0,,,0,0,1.0,23.0,23,6,,,0,0,0.8333333333333334,19.0,23,6,,,0,0,,,0,0,,,0,0,,,0,0,,,0,0,,,0,0,,,0,0,,,0,0,,,0,0,,,0,0,1.0,23.0,23,6,,,0,0,,,0,0,,,0,0,,,0,0,,,0,0,23,UNKNOWN,NA
APR_OLD_STAGE3_COMMON7,A,0,BASE,BASE,formal_development,T2G,EDIT_TARGET,320,False,micro,23,6,6,UNKNOWN,0.0,0.0,23,6,0.0,0.0,23,6,0.0,0.0,23,6,0.0,0.0,23,6,,,0,0,,,0,0,0.0,0.0,23,6,0.0,0.0,23,6,0.0,0.0,23,6,0.0,0.0,23,6,,,0,0,,,0,0,1.0,23.0,23,6,,,0,0,0.8260869565217391,19.0,23,6,,,0,0,,,0,0,,,0,0,,,0,0,,,0,0,,,0,0,,,0,0,,,0,0,,,0,0,,,0,0,1.0,23.0,23,6,,,0,0,,,0,0,,,0,0,,,0,0,,,0,0,23,UNKNOWN,NA
APR_OLD_STAGE3_COMMON7,A,0,BASE,BASE,formal_development,T2L,STRICT_BASE,320,False,macro,2,1,1,UNKNOWN,1.0,2.0,2,1,1.0,2.0,2,1,1.0,2.0,2,1,1.0,2.0,2,1,0.0,0.0,2,1,1.0,2.0,2,1,,,0,0,,,0,0,0.0,0.0,2,1,0.0,0.0,2,1,0.0,0.0,2,1,0.0,0.0,2,1,1.0,2.0,2,1,,,0,0,1.0,2.0,2,1,,,0,0,,,0,0,,,0,0,,,0,0,,,0,0,,,0,0,,,0,0,,,0,0,,,0,0,,,0,0,,,0,0,,,0,0,,,0,0,,,0,0,,,0,0,,,0,0,2,UNKNOWN,NA
APR_OLD_STAGE3_COMMON7,A,0,BASE,BASE,formal_development,T2L,STRICT_BASE,320,False,micro,2,1,1,UNKNOWN,1.0,2.0,2,1,1.0,2.0,2,1,1.0,2.0,2,1,1.0,2.0,2,1,0.0,0.0,2,1,1.0,2.0,2,1,,,0,0,,,0,0,0.0,0.0,2,1,0.0,0.0,2,1,0.0,0.0,2,1,0.0,0.0,2,1,1.0,2.0,2,1,,,0,0,1.0,2.0,2,1,,,0,0,,,0,0,,,0,0,,,0,0,,,0,0,,,0,0,,,0,0,,,0,0,,,0,0,,,0,0,,,0,0,,,0,0,,,0,0,,,0,0,,,0,0,,,0,0,2,UNKNOWN,NA
APR_OLD_STAGE3_COMMON7,A,0,BASE,BASE,native,NATIVE_DIAGNOSTIC,EDIT_TARGET,320,False,macro,1,1,1,UNKNOWN,0.0,0.0,1,1,,,0,0,0.0,0.0,1,1,0.0,0.0,1,1,,,0,0,,,0,0,0.0,0.0,1,1,0.0,0.0,1,1,0.0,0.0,1,1,0.0,0.0,1,1,,,0,0,,,0,0,1.0,1.0,1,1,,,0,0,1.0,1.0,1,1,,,0,0,,,0,0,,,0,0,,,0,0,,,0,0,,,0,0,,,0,0,,,0,0,,,0,0,,,0,0,1.0,1.0,1,1,,,0,0,,,0,0,,,0,0,,,0,0,,,0,0,1,UNKNOWN,NA
APR_OLD_STAGE3_COMMON7,A,0,BASE,BASE,native,NATIVE_DIAGNOSTIC,EDIT_TARGET,320,False,micro,1,1,1,UNKNOWN,0.0,0.0,1,1,,,0,0,0.0,0.0,1,1,0.0,0.0,1,1,,,0,0,,,0,0,0.0,0.0,1,1,0.0,0.0,1,1,0.0,0.0,1,1,0.0,0.0,1,1,,,0,0,,,0,0,1.0,1.0,1,1,,,0,0,1.0,1.0,1,1,,,0,0,,,0,0,,,0,0,,,0,0,,,0,0,,,0,0,,,0,0,,,0,0,,,0,0,,,0,0,1.0,1.0,1,1,,,0,0,,,0,0,,,0,0,,,0,0,,,0,0,1,UNKNOWN,NA
APR_OLD_STAGE3_COMMON7,A,0,BASE,BASE,native,T0,EDIT_TARGET,320,False,macro,6,6,6,UNKNOWN,0.0,0.0,6,6,0.0,0.0,6,6,0.0,0.0,6,6,0.0,0.0,6,6,,,0,0,,,0,0,0.0,0.0,6,6,0.0,0.0,6,6,0.0,0.0,6,6,0.0,0.0,6,6,,,0,0,,,0,0,1.0,6.0,6,6,,,0,0,1.0,6.0,6,6,,,0,0,,,0,0,,,0,0,,,0,0,,,0,0,,,0,0,,,0,0,,,0,0,,,0,0,,,0,0,1.0,6.0,6,6,,,0,0,,,0,0,,,0,0,,,0,0,,,0,0,6,UNKNOWN,NA
APR_OLD_STAGE3_COMMON7,A,0,BASE,BASE,native,T0,EDIT_TARGET,320,False,micro,6,6,6,UNKNOWN,0.0,0.0,6,6,0.0,0.0,6,6,0.0,0.0,6,6,0.0,0.0,6,6,,,0,0,,,0,0,0.0,0.0,6,6,0.0,0.0,6,6,0.0,0.0,6,6,0.0,0.0,6,6,,,0,0,,,0,0,1.0,6.0,6,6,,,0,0,1.0,6.0,6,6,,,0,0,,,0,0,,,0,0,,,0,0,,,0,0,,,0,0,,,0,0,,,0,0,,,0,0,,,0,0,1.0,6.0,6,6,,,0,0,,,0,0,,,0,0,,,0,0,,,0,0,6,UNKNOWN,NA
APR_OLD_STAGE3_COMMON7,A,0,HISTORICAL_C1,FORCED_ON,fit,H,STRICT_BASE,320,False,macro,16,7,13,UNKNOWN,0.0,0.0,16,7,,,0,0,0.0,0.0,16,7,0.0,0.0,16,7,,,0,0,,,0,0,0.0,0.0,16,7,0.47619047619047616,8.0,16,7,1.0,16.0,16,7,0.0,0.0,16,7,1.0,16.0,16,7,,,0,0,0.5238095238095238,8.0,16,7,,,0,0,0.0,0.0,16,7,,,0,0,,,0,0,,,0,0,,,0,0,,,0,0,,,0,0,1.0,16.0,16,7,,,0,0,,,0,0,1.0,16.0,16,7,,,0,0,,,0,0,,,0,0,,,0,0,,,0,0,,,0,0,13,UNKNOWN,NA
APR_OLD_STAGE3_COMMON7,A,0,HISTORICAL_C1,FORCED_ON,fit,H,STRICT_BASE,320,False,micro,16,7,13,UNKNOWN,0.0,0.0,16,7,,,0,0,0.0,0.0,16,7,0.0,0.0,16,7,,,0,0,,,0,0,0.0,0.0,16,7,0.5,8.0,16,7,1.0,16.0,16,7,0.0,0.0,16,7,1.0,16.0,16,7,,,0,0,0.5,8.0,16,7,,,0,0,0.0,0.0,16,7,,,0,0,,,0,0,,,0,0,,,0,0,,,0,0,,,0,0,1.0,16.0,16,7,,,0,0,,,0,0,1.0,16.0,16,7,,,0,0,,,0,0,,,0,0,,,0,0,,,0,0,,,0,0,13,UNKNOWN,NA
APR_OLD_STAGE3_COMMON7,A,0,HISTORICAL_C1,FORCED_ON,fit,U,STRICT_BASE,320,False,macro,39,7,31,UNKNOWN,0.3945578231292517,16.0,39,7,,,0,0,0.3945578231292517,16.0,39,7,0.41836734693877553,17.0,39,7,0.25,2.0,17,6,0.75,15.0,17,6,0.03571428571428571,1.0,22,7,0.6285714285714286,14.0,22,7,1.0,39.0,39,7,0.3945578231292517,16.0,39,7,1.0,39.0,39,7,0.25,2.0,17,6,0.336734693877551,15.0,39,7,,,0,0,0.3945578231292517,16.0,39,7,,,0,0,,,0,0,,,0,0,,,0,0,,,0,0,,,0,0,1.0,39.0,39,7,,,0,0,0.25,2.0,17,6,0.6054421768707483,23.0,39,7,,,0,0,,,0,0,,,0,0,,,0,0,,,0,0,,,0,0,33,UNKNOWN,NA
APR_OLD_STAGE3_COMMON7,A,0,HISTORICAL_C1,FORCED_ON,fit,U,STRICT_BASE,320,False,micro,39,7,31,UNKNOWN,0.41025641025641024,16.0,39,7,,,0,0,0.41025641025641024,16.0,39,7,0.4358974358974359,17.0,39,7,0.11764705882352941,2.0,17,6,0.8823529411764706,15.0,17,6,0.045454545454545456,1.0,22,7,0.6363636363636364,14.0,22,7,1.0,39.0,39,7,0.41025641025641024,16.0,39,7,1.0,39.0,39,7,0.11764705882352941,2.0,17,6,0.38461538461538464,15.0,39,7,,,0,0,0.41025641025641024,16.0,39,7,,,0,0,,,0,0,,,0,0,,,0,0,,,0,0,,,0,0,1.0,39.0,39,7,,,0,0,0.11764705882352941,2.0,17,6,0.5897435897435898,23.0,39,7,,,0,0,,,0,0,,,0,0,,,0,0,,,0,0,,,0,0,33,UNKNOWN,NA
APR_OLD_STAGE3_COMMON7,A,0,HISTORICAL_C1,FORCED_ON,fit,positive,EDIT_TARGET,320,False,macro,24,7,6,UNKNOWN,0.0,0.0,24,7,,,0,0,0.0,0.0,24,7,0.0,0.0,24,7,,,0,0,,,0,0,0.0,0.0,24,7,0.6785714285714286,15.0,24,7,1.0,24.0,24,7,0.0,0.0,24,7,,,0,0,,,0,0,0.32142857142857145,9.0,24,7,,,0,0,0.0,0.0,24,7,,,0,0,,,0,0,,,0,0,,,0,0,,,0,0,,,0,0,1.0,24.0,24,7,,,0,0,,,0,0,,,0,0,0.0,0.0,24,7,,,0,0,,,0,0,,,0,0,,,0,0,,,0,0,22,UNKNOWN,NA
APR_OLD_STAGE3_COMMON7,A,0,HISTORICAL_C1,FORCED_ON,fit,positive,EDIT_TARGET,320,False,micro,24,7,6,UNKNOWN,0.0,0.0,24,7,,,0,0,0.0,0.0,24,7,0.0,0.0,24,7,,,0,0,,,0,0,0.0,0.0,24,7,0.625,15.0,24,7,1.0,24.0,24,7,0.0,0.0,24,7,,,0,0,,,0,0,0.375,9.0,24,7,,,0,0,0.0,0.0,24,7,,,0,0,,,0,0,,,0,0,,,0,0,,,0,0,,,0,0,1.0,24.0,24,7,,,0,0,,,0,0,,,0,0,0.0,0.0,24,7,,,0,0,,,0,0,,,0,0,,,0,0,,,0,0,22,UNKNOWN,NA
APR_OLD_STAGE3_COMMON7,A,0,HISTORICAL_C1,FORCED_ON,formal_development,T1G,EDIT_TARGET,320,False,macro,22,6,22,UNKNOWN,0.0,0.0,22,6,0.0,0.0,22,6,0.0,0.0,22,6,0.0,0.0,22,6,,,0,0,,,0,0,0.0,0.0,22,6,0.75,17.0,22,6,1.0,22.0,22,6,0.0,0.0,22,6,,,0,0,,,0,0,0.25,5.0,22,6,,,0,0,0.0,0.0,22,6,,,0,0,,,0,0,,,0,0,,,0,0,,,0,0,,,0,0,1.0,22.0,22,6,,,0,0,,,0,0,,,0,0,0.0,0.0,22,6,,,0,0,,,0,0,,,0,0,,,0,0,,,0,0,22,UNKNOWN,NA
APR_OLD_STAGE3_COMMON7,A,0,HISTORICAL_C1,FORCED_ON,formal_development,T1G,EDIT_TARGET,320,False,micro,22,6,22,UNKNOWN,0.0,0.0,22,6,0.0,0.0,22,6,0.0,0.0,22,6,0.0,0.0,22,6,,,0,0,,,0,0,0.0,0.0,22,6,0.7727272727272727,17.0,22,6,1.0,22.0,22,6,0.0,0.0,22,6,,,0,0,,,0,0,0.22727272727272727,5.0,22,6,,,0,0,0.0,0.0,22,6,,,0,0,,,0,0,,,0,0,,,0,0,,,0,0,,,0,0,1.0,22.0,22,6,,,0,0,,,0,0,,,0,0,0.0,0.0,22,6,,,0,0,,,0,0,,,0,0,,,0,0,,,0,0,22,UNKNOWN,NA
APR_OLD_STAGE3_COMMON7,A,0,HISTORICAL_C1,FORCED_ON,formal_development,T1L,STRICT_BASE,320,False,macro,10,2,5,UNKNOWN,0.4,4.0,10,2,0.6666666666666666,4.0,6,2,0.4,4.0,10,2,0.6,6.0,10,2,0.3333333333333333,2.0,6,2,0.6666666666666666,4.0,6,2,0.0,0.0,4,2,0.75,3.0,4,2,1.0,10.0,10,2,0.4,4.0,10,2,1.0,10.0,10,2,0.3333333333333333,2.0,6,2,0.5,5.0,10,2,,,0,0,0.4,4.0,10,2,,,0,0,,,0,0,,,0,0,,,0,0,,,0,0,,,0,0,1.0,10.0,10,2,,,0,0,0.3333333333333333,2.0,6,2,0.6,6.0,10,2,,,0,0,,,0,0,,,0,0,,,0,0,,,0,0,,,0,0,5,UNKNOWN,NA
APR_OLD_STAGE3_COMMON7,A,0,HISTORICAL_C1,FORCED_ON,formal_development,T1L,STRICT_BASE,320,False,micro,10,2,5,UNKNOWN,0.4,4.0,10,2,0.6666666666666666,4.0,6,2,0.4,4.0,10,2,0.6,6.0,10,2,0.3333333333333333,2.0,6,2,0.6666666666666666,4.0,6,2,0.0,0.0,4,2,0.75,3.0,4,2,1.0,10.0,10,2,0.4,4.0,10,2,1.0,10.0,10,2,0.3333333333333333,2.0,6,2,0.5,5.0,10,2,,,0,0,0.4,4.0,10,2,,,0,0,,,0,0,,,0,0,,,0,0,,,0,0,,,0,0,1.0,10.0,10,2,,,0,0,0.3333333333333333,2.0,6,2,0.6,6.0,10,2,,,0,0,,,0,0,,,0,0,,,0,0,,,0,0,,,0,0,5,UNKNOWN,NA
APR_OLD_STAGE3_COMMON7,A,0,HISTORICAL_C1,FORCED_ON,formal_development,T2G,EDIT_TARGET,320,False,macro,23,6,6,UNKNOWN,0.09722222222222222,2.0,23,6,0.09722222222222222,2.0,23,6,0.09722222222222222,2.0,23,6,0.0,0.0,23,6,,,0,0,,,0,0,0.09722222222222222,2.0,23,6,0.8333333333333334,19.0,23,6,1.0,23.0,23,6,0.09722222222222222,2.0,23,6,,,0,0,,,0,0,0.16666666666666666,4.0,23,6,,,0,0,0.09722222222222222,2.0,23,6,,,0,0,,,0,0,,,0,0,,,0,0,,,0,0,,,0,0,1.0,23.0,23,6,,,0,0,,,0,0,,,0,0,0.0,0.0,23,6,,,0,0,,,0,0,,,0,0,,,0,0,,,0,0,23,UNKNOWN,NA
APR_OLD_STAGE3_COMMON7,A,0,HISTORICAL_C1,FORCED_ON,formal_development,T2G,EDIT_TARGET,320,False,micro,23,6,6,UNKNOWN,0.08695652173913043,2.0,23,6,0.08695652173913043,2.0,23,6,0.08695652173913043,2.0,23,6,0.0,0.0,23,6,,,0,0,,,0,0,0.08695652173913043,2.0,23,6,0.8260869565217391,19.0,23,6,1.0,23.0,23,6,0.08695652173913043,2.0,23,6,,,0,0,,,0,0,0.17391304347826086,4.0,23,6,,,0,0,0.08695652173913043,2.0,23,6,,,0,0,,,0,0,,,0,0,,,0,0,,,0,0,,,0,0,1.0,23.0,23,6,,,0,0,,,0,0,,,0,0,0.0,0.0,23,6,,,0,0,,,0,0,,,0,0,,,0,0,,,0,0,23,UNKNOWN,NA
APR_OLD_STAGE3_COMMON7,A,0,HISTORICAL_C1,FORCED_ON,formal_development,T2L,STRICT_BASE,320,False,macro,2,1,1,UNKNOWN,1.0,2.0,2,1,1.0,2.0,2,1,1.0,2.0,2,1,1.0,2.0,2,1,0.0,0.0,2,1,1.0,2.0,2,1,,,0,0,,,0,0,1.0,2.0,2,1,1.0,2.0,2,1,1.0,2.0,2,1,0.0,0.0,2,1,0.5,1.0,2,1,,,0,0,1.0,2.0,2,1,,,0,0,,,0,0,,,0,0,,,0,0,,,0,0,,,0,0,1.0,2.0,2,1,,,0,0,0.0,0.0,2,1,0.0,0.0,2,1,,,0,0,,,0,0,,,0,0,,,0,0,,,0,0,,,0,0,2,UNKNOWN,NA
APR_OLD_STAGE3_COMMON7,A,0,HISTORICAL_C1,FORCED_ON,formal_development,T2L,STRICT_BASE,320,False,micro,2,1,1,UNKNOWN,1.0,2.0,2,1,1.0,2.0,2,1,1.0,2.0,2,1,1.0,2.0,2,1,0.0,0.0,2,1,1.0,2.0,2,1,,,0,0,,,0,0,1.0,2.0,2,1,1.0,2.0,2,1,1.0,2.0,2,1,0.0,0.0,2,1,0.5,1.0,2,1,,,0,0,1.0,2.0,2,1,,,0,0,,,0,0,,,0,0,,,0,0,,,0,0,,,0,0,1.0,2.0,2,1,,,0,0,0.0,0.0,2,1,0.0,0.0,2,1,,,0,0,,,0,0,,,0,0,,,0,0,,,0,0,,,0,0,2,UNKNOWN,NA
APR_OLD_STAGE3_COMMON7,A,0,HISTORICAL_C1,FORCED_ON,native,NATIVE_DIAGNOSTIC,EDIT_TARGET,320,False,macro,1,1,1,UNKNOWN,0.0,0.0,1,1,,,0,0,0.0,0.0,1,1,0.0,0.0,1,1,,,0,0,,,0,0,0.0,0.0,1,1,1.0,1.0,1,1,1.0,1.0,1,1,0.0,0.0,1,1,,,0,0,,,0,0,0.0,0.0,1,1,,,0,0,0.0,0.0,1,1,,,0,0,,,0,0,,,0,0,,,0,0,,,0,0,,,0,0,1.0,1.0,1,1,,,0,0,,,0,0,,,0,0,0.0,0.0,1,1,,,0,0,,,0,0,,,0,0,,,0,0,,,0,0,1,UNKNOWN,NA
APR_OLD_STAGE3_COMMON7,A,0,HISTORICAL_C1,FORCED_ON,native,NATIVE_DIAGNOSTIC,EDIT_TARGET,320,False,micro,1,1,1,UNKNOWN,0.0,0.0,1,1,,,0,0,0.0,0.0,1,1,0.0,0.0,1,1,,,0,0,,,0,0,0.0,0.0,1,1,1.0,1.0,1,1,1.0,1.0,1,1,0.0,0.0,1,1,,,0,0,,,0,0,0.0,0.0,1,1,,,0,0,0.0,0.0,1,1,,,0,0,,,0,0,,,0,0,,,0,0,,,0,0,,,0,0,1.0,1.0,1,1,,,0,0,,,0,0,,,0,0,0.0,0.0,1,1,,,0,0,,,0,0,,,0,0,,,0,0,,,0,0,1,UNKNOWN,NA
APR_OLD_STAGE3_COMMON7,A,0,HISTORICAL_C1,FORCED_ON,native,T0,EDIT_TARGET,320,False,macro,6,6,6,UNKNOWN,0.0,0.0,6,6,0.0,0.0,6,6,0.0,0.0,6,6,0.0,0.0,6,6,,,0,0,,,0,0,0.0,0.0,6,6,0.8333333333333334,5.0,6,6,1.0,6.0,6,6,0.0,0.0,6,6,,,0,0,,,0,0,0.16666666666666666,1.0,6,6,,,0,0,0.0,0.0,6,6,,,0,0,,,0,0,,,0,0,,,0,0,,,0,0,,,0,0,1.0,6.0,6,6,,,0,0,,,0,0,,,0,0,0.0,0.0,6,6,,,0,0,,,0,0,,,0,0,,,0,0,,,0,0,6,UNKNOWN,NA
APR_OLD_STAGE3_COMMON7,A,0,HISTORICAL_C1,FORCED_ON,native,T0,EDIT_TARGET,320,False,micro,6,6,6,UNKNOWN,0.0,0.0,6,6,0.0,0.0,6,6,0.0,0.0,6,6,0.0,0.0,6,6,,,0,0,,,0,0,0.0,0.0,6,6,0.8333333333333334,5.0,6,6,1.0,6.0,6,6,0.0,0.0,6,6,,,0,0,,,0,0,0.16666666666666666,1.0,6,6,,,0,0,0.0,0.0,6,6,,,0,0,,,0,0,,,0,0,,,0,0,,,0,0,,,0,0,1.0,6.0,6,6,,,0,0,,,0,0,,,0,0,0.0,0.0,6,6,,,0,0,,,0,0,,,0,0,,,0,0,,,0,0,6,UNKNOWN,NA
APR_OLD_STAGE3_COMMON7,A,0,HISTORICAL_C1,RC_FIXED_OLD16,fit,H,STRICT_BASE,320,False,macro,16,7,13,UNKNOWN,0.0,0.0,16,7,,,0,0,0.0,0.0,16,7,0.0,0.0,16,7,,,0,0,,,0,0,0.0,0.0,16,7,0.0,0.0,16,7,0.0,0.0,16,7,0.0,0.0,16,7,0.0,0.0,16,7,,,0,0,1.0,16.0,16,7,,,0,0,0.0,0.0,16,7,,,0,0,,,0,0,,,0,0,,,0,0,,,0,0,,,0,0,1.0,16.0,16,7,,,0,0,,,0,0,,,0,0,,,0,0,,,0,0,,,0,0,,,0,0,,,0,0,,,0,0,13,UNKNOWN,NA
APR_OLD_STAGE3_COMMON7,A,0,HISTORICAL_C1,RC_FIXED_OLD16,fit,H,STRICT_BASE,320,False,micro,16,7,13,UNKNOWN,0.0,0.0,16,7,,,0,0,0.0,0.0,16,7,0.0,0.0,16,7,,,0,0,,,0,0,0.0,0.0,16,7,0.0,0.0,16,7,0.0,0.0,16,7,0.0,0.0,16,7,0.0,0.0,16,7,,,0,0,1.0,16.0,16,7,,,0,0,0.0,0.0,16,7,,,0,0,,,0,0,,,0,0,,,0,0,,,0,0,,,0,0,1.0,16.0,16,7,,,0,0,,,0,0,,,0,0,,,0,0,,,0,0,,,0,0,,,0,0,,,0,0,,,0,0,13,UNKNOWN,NA
APR_OLD_STAGE3_COMMON7,A,0,HISTORICAL_C1,RC_FIXED_OLD16,fit,U,STRICT_BASE,320,False,macro,39,7,31,UNKNOWN,0.41836734693877553,17.0,39,7,,,0,0,0.41836734693877553,17.0,39,7,0.41836734693877553,17.0,39,7,0.0,0.0,17,6,1.0,17.0,17,6,0.0,0.0,22,7,0.0,0.0,22,7,0.0,0.0,39,7,0.0,0.0,39,7,0.0,0.0,39,7,0.0,0.0,17,6,1.0,39.0,39,7,,,0,0,0.3945578231292517,16.0,39,7,,,0,0,,,0,0,,,0,0,,,0,0,,,0,0,,,0,0,1.0,39.0,39,7,,,0,0,,,0,0,,,0,0,,,0,0,,,0,0,,,0,0,,,0,0,,,0,0,,,0,0,33,UNKNOWN,NA
APR_OLD_STAGE3_COMMON7,A,0,HISTORICAL_C1,RC_FIXED_OLD16,fit,U,STRICT_BASE,320,False,micro,39,7,31,UNKNOWN,0.4358974358974359,17.0,39,7,,,0,0,0.4358974358974359,17.0,39,7,0.4358974358974359,17.0,39,7,0.0,0.0,17,6,1.0,17.0,17,6,0.0,0.0,22,7,0.0,0.0,22,7,0.0,0.0,39,7,0.0,0.0,39,7,0.0,0.0,39,7,0.0,0.0,17,6,1.0,39.0,39,7,,,0,0,0.41025641025641024,16.0,39,7,,,0,0,,,0,0,,,0,0,,,0,0,,,0,0,,,0,0,1.0,39.0,39,7,,,0,0,,,0,0,,,0,0,,,0,0,,,0,0,,,0,0,,,0,0,,,0,0,,,0,0,33,UNKNOWN,NA
APR_OLD_STAGE3_COMMON7,A,0,HISTORICAL_C1,RC_FIXED_OLD16,fit,positive,EDIT_TARGET,320,False,macro,24,7,6,UNKNOWN,0.0,0.0,24,7,,,0,0,0.0,0.0,24,7,0.0,0.0,24,7,,,0,0,,,0,0,0.0,0.0,24,7,0.6785714285714286,15.0,24,7,1.0,24.0,24,7,0.0,0.0,24,7,,,0,0,,,0,0,0.32142857142857145,9.0,24,7,,,0,0,0.0,0.0,24,7,,,0,0,,,0,0,,,0,0,,,0,0,,,0,0,,,0,0,1.0,24.0,24,7,,,0,0,,,0,0,,,0,0,0.0,0.0,24,7,,,0,0,,,0,0,,,0,0,,,0,0,,,0,0,22,UNKNOWN,NA
APR_OLD_STAGE3_COMMON7,A,0,HISTORICAL_C1,RC_FIXED_OLD16,fit,positive,EDIT_TARGET,320,False,micro,24,7,6,UNKNOWN,0.0,0.0,24,7,,,0,0,0.0,0.0,24,7,0.0,0.0,24,7,,,0,0,,,0,0,0.0,0.0,24,7,0.625,15.0,24,7,1.0,24.0,24,7,0.0,0.0,24,7,,,0,0,,,0,0,0.375,9.0,24,7,,,0,0,0.0,0.0,24,7,,,0,0,,,0,0,,,0,0,,,0,0,,,0,0,,,0,0,1.0,24.0,24,7,,,0,0,,,0,0,,,0,0,0.0,0.0,24,7,,,0,0,,,0,0,,,0,0,,,0,0,,,0,0,22,UNKNOWN,NA
APR_OLD_STAGE3_COMMON7,A,0,HISTORICAL_C1,RC_FIXED_OLD16,formal_development,T1G,EDIT_TARGET,320,False,macro,22,6,22,UNKNOWN,0.0,0.0,22,6,0.0,0.0,22,6,0.0,0.0,22,6,0.0,0.0,22,6,,,0,0,,,0,0,0.0,0.0,22,6,0.5,11.0,22,6,0.7083333333333334,15.0,22,6,0.0,0.0,22,6,,,0,0,,,0,0,0.5,11.0,22,6,,,0,0,0.0,0.0,22,6,,,0,0,,,0,0,,,0,0,,,0,0,,,0,0,,,0,0,1.0,15.0,15,6,,,0,0,,,0,0,,,0,0,0.2916666666666667,7.0,22,6,,,0,0,,,0,0,,,0,0,,,0,0,,,0,0,22,UNKNOWN,NA
APR_OLD_STAGE3_COMMON7,A,0,HISTORICAL_C1,RC_FIXED_OLD16,formal_development,T1G,EDIT_TARGET,320,False,micro,22,6,22,UNKNOWN,0.0,0.0,22,6,0.0,0.0,22,6,0.0,0.0,22,6,0.0,0.0,22,6,,,0,0,,,0,0,0.0,0.0,22,6,0.5,11.0,22,6,0.6818181818181818,15.0,22,6,0.0,0.0,22,6,,,0,0,,,0,0,0.5,11.0,22,6,,,0,0,0.0,0.0,22,6,,,0,0,,,0,0,,,0,0,,,0,0,,,0,0,,,0,0,1.0,15.0,15,6,,,0,0,,,0,0,,,0,0,0.3181818181818182,7.0,22,6,,,0,0,,,0,0,,,0,0,,,0,0,,,0,0,22,UNKNOWN,NA
APR_OLD_STAGE3_COMMON7,A,0,HISTORICAL_C1,RC_FIXED_OLD16,formal_development,T1L,STRICT_BASE,320,False,macro,10,2,5,UNKNOWN,0.6,6.0,10,2,1.0,6.0,6,2,0.6,6.0,10,2,0.6,6.0,10,2,0.0,0.0,6,2,1.0,6.0,6,2,0.0,0.0,4,2,0.0,0.0,4,2,0.1,1.0,10,2,0.0,0.0,10,2,0.1,1.0,10,2,0.0,0.0,6,2,1.0,10.0,10,2,,,0,0,0.4,4.0,10,2,,,0,0,,,0,0,,,0,0,,,0,0,,,0,0,,,0,0,1.0,1.0,1,1,,,0,0,,,0,0,1.0,1.0,1,1,,,0,0,,,0,0,,,0,0,,,0,0,,,0,0,,,0,0,5,UNKNOWN,NA
APR_OLD_STAGE3_COMMON7,A,0,HISTORICAL_C1,RC_FIXED_OLD16,formal_development,T1L,STRICT_BASE,320,False,micro,10,2,5,UNKNOWN,0.6,6.0,10,2,1.0,6.0,6,2,0.6,6.0,10,2,0.6,6.0,10,2,0.0,0.0,6,2,1.0,6.0,6,2,0.0,0.0,4,2,0.0,0.0,4,2,0.1,1.0,10,2,0.0,0.0,10,2,0.1,1.0,10,2,0.0,0.0,6,2,1.0,10.0,10,2,,,0,0,0.4,4.0,10,2,,,0,0,,,0,0,,,0,0,,,0,0,,,0,0,,,0,0,1.0,1.0,1,1,,,0,0,,,0,0,1.0,1.0,1,1,,,0,0,,,0,0,,,0,0,,,0,0,,,0,0,,,0,0,5,UNKNOWN,NA
APR_OLD_STAGE3_COMMON7,A,0,HISTORICAL_C1,RC_FIXED_OLD16,formal_development,T2G,EDIT_TARGET,320,False,macro,23,6,6,UNKNOWN,0.09722222222222222,2.0,23,6,0.09722222222222222,2.0,23,6,0.09722222222222222,2.0,23,6,0.0,0.0,23,6,,,0,0,,,0,0,0.09722222222222222,2.0,23,6,0.8333333333333334,19.0,23,6,1.0,23.0,23,6,0.09722222222222222,2.0,23,6,,,0,0,,,0,0,0.16666666666666666,4.0,23,6,,,0,0,0.09722222222222222,2.0,23,6,,,0,0,,,0,0,,,0,0,,,0,0,,,0,0,,,0,0,1.0,23.0,23,6,,,0,0,,,0,0,,,0,0,0.0,0.0,23,6,,,0,0,,,0,0,,,0,0,,,0,0,,,0,0,23,UNKNOWN,NA
APR_OLD_STAGE3_COMMON7,A,0,HISTORICAL_C1,RC_FIXED_OLD16,formal_development,T2G,EDIT_TARGET,320,False,micro,23,6,6,UNKNOWN,0.08695652173913043,2.0,23,6,0.08695652173913043,2.0,23,6,0.08695652173913043,2.0,23,6,0.0,0.0,23,6,,,0,0,,,0,0,0.08695652173913043,2.0,23,6,0.8260869565217391,19.0,23,6,1.0,23.0,23,6,0.08695652173913043,2.0,23,6,,,0,0,,,0,0,0.17391304347826086,4.0,23,6,,,0,0,0.08695652173913043,2.0,23,6,,,0,0,,,0,0,,,0,0,,,0,0,,,0,0,,,0,0,1.0,23.0,23,6,,,0,0,,,0,0,,,0,0,0.0,0.0,23,6,,,0,0,,,0,0,,,0,0,,,0,0,,,0,0,23,UNKNOWN,NA
APR_OLD_STAGE3_COMMON7,A,0,HISTORICAL_C1,RC_FIXED_OLD16,formal_development,T2L,STRICT_BASE,320,False,macro,2,1,1,UNKNOWN,1.0,2.0,2,1,1.0,2.0,2,1,1.0,2.0,2,1,1.0,2.0,2,1,0.0,0.0,2,1,1.0,2.0,2,1,,,0,0,,,0,0,1.0,2.0,2,1,1.0,2.0,2,1,1.0,2.0,2,1,0.0,0.0,2,1,0.5,1.0,2,1,,,0,0,1.0,2.0,2,1,,,0,0,,,0,0,,,0,0,,,0,0,,,0,0,,,0,0,1.0,2.0,2,1,,,0,0,0.0,0.0,2,1,0.0,0.0,2,1,,,0,0,,,0,0,,,0,0,,,0,0,,,0,0,,,0,0,2,UNKNOWN,NA
APR_OLD_STAGE3_COMMON7,A,0,HISTORICAL_C1,RC_FIXED_OLD16,formal_development,T2L,STRICT_BASE,320,False,micro,2,1,1,UNKNOWN,1.0,2.0,2,1,1.0,2.0,2,1,1.0,2.0,2,1,1.0,2.0,2,1,0.0,0.0,2,1,1.0,2.0,2,1,,,0,0,,,0,0,1.0,2.0,2,1,1.0,2.0,2,1,1.0,2.0,2,1,0.0,0.0,2,1,0.5,1.0,2,1,,,0,0,1.0,2.0,2,1,,,0,0,,,0,0,,,0,0,,,0,0,,,0,0,,,0,0,1.0,2.0,2,1,,,0,0,0.0,0.0,2,1,0.0,0.0,2,1,,,0,0,,,0,0,,,0,0,,,0,0,,,0,0,,,0,0,2,UNKNOWN,NA
APR_OLD_STAGE3_COMMON7,A,0,HISTORICAL_C1,RC_FIXED_OLD16,native,NATIVE_DIAGNOSTIC,EDIT_TARGET,320,False,macro,1,1,1,UNKNOWN,0.0,0.0,1,1,,,0,0,0.0,0.0,1,1,0.0,0.0,1,1,,,0,0,,,0,0,0.0,0.0,1,1,1.0,1.0,1,1,1.0,1.0,1,1,0.0,0.0,1,1,,,0,0,,,0,0,0.0,0.0,1,1,,,0,0,0.0,0.0,1,1,,,0,0,,,0,0,,,0,0,,,0,0,,,0,0,,,0,0,1.0,1.0,1,1,,,0,0,,,0,0,,,0,0,0.0,0.0,1,1,,,0,0,,,0,0,,,0,0,,,0,0,,,0,0,1,UNKNOWN,NA
APR_OLD_STAGE3_COMMON7,A,0,HISTORICAL_C1,RC_FIXED_OLD16,native,NATIVE_DIAGNOSTIC,EDIT_TARGET,320,False,micro,1,1,1,UNKNOWN,0.0,0.0,1,1,,,0,0,0.0,0.0,1,1,0.0,0.0,1,1,,,0,0,,,0,0,0.0,0.0,1,1,1.0,1.0,1,1,1.0,1.0,1,1,0.0,0.0,1,1,,,0,0,,,0,0,0.0,0.0,1,1,,,0,0,0.0,0.0,1,1,,,0,0,,,0,0,,,0,0,,,0,0,,,0,0,,,0,0,1.0,1.0,1,1,,,0,0,,,0,0,,,0,0,0.0,0.0,1,1,,,0,0,,,0,0,,,0,0,,,0,0,,,0,0,1,UNKNOWN,NA
APR_OLD_STAGE3_COMMON7,A,0,HISTORICAL_C1,RC_FIXED_OLD16,native,T0,EDIT_TARGET,320,False,macro,6,6,6,UNKNOWN,0.0,0.0,6,6,0.0,0.0,6,6,0.0,0.0,6,6,0.0,0.0,6,6,,,0,0,,,0,0,0.0,0.0,6,6,0.8333333333333334,5.0,6,6,1.0,6.0,6,6,0.0,0.0,6,6,,,0,0,,,0,0,0.16666666666666666,1.0,6,6,,,0,0,0.0,0.0,6,6,,,0,0,,,0,0,,,0,0,,,0,0,,,0,0,,,0,0,1.0,6.0,6,6,,,0,0,,,0,0,,,0,0,0.0,0.0,6,6,,,0,0,,,0,0,,,0,0,,,0,0,,,0,0,6,UNKNOWN,NA
APR_OLD_STAGE3_COMMON7,A,0,HISTORICAL_C1,RC_FIXED_OLD16,native,T0,EDIT_TARGET,320,False,micro,6,6,6,UNKNOWN,0.0,0.0,6,6,0.0,0.0,6,6,0.0,0.0,6,6,0.0,0.0,6,6,,,0,0,,,0,0,0.0,0.0,6,6,0.8333333333333334,5.0,6,6,1.0,6.0,6,6,0.0,0.0,6,6,,,0,0,,,0,0,0.16666666666666666,1.0,6,6,,,0,0,0.0,0.0,6,6,,,0,0,,,0,0,,,0,0,,,0,0,,,0,0,,,0,0,1.0,6.0,6,6,,,0,0,,,0,0,,,0,0,0.0,0.0,6,6,,,0,0,,,0,0,,,0,0,,,0,0,,,0,0,6,UNKNOWN,NA
APR_OLD_STAGE3_COMMON7,A,0,HISTORICAL_W1,FORCED_ON,fit,H,STRICT_BASE,320,False,macro,16,7,13,UNKNOWN,0.0,0.0,16,7,,,0,0,0.0,0.0,16,7,0.0,0.0,16,7,,,0,0,,,0,0,0.0,0.0,16,7,0.7619047619047619,13.0,16,7,1.0,16.0,16,7,0.0,0.0,16,7,1.0,16.0,16,7,,,0,0,0.23809523809523808,3.0,16,7,0.06153841995235,1.01608516741544,16,7,0.0,0.0,16,7,,,0,0,,,0,0,,,0,0,,,0,0,,,0,0,,,0,0,1.0,16.0,16,7,,,0,0,,,0,0,1.0,16.0,16,7,,,0,0,,,0,0,,,0,0,,,0,0,,,0,0,,,0,0,13,UNKNOWN,NA
APR_OLD_STAGE3_COMMON7,A,0,HISTORICAL_W1,FORCED_ON,fit,H,STRICT_BASE,320,False,micro,16,7,13,UNKNOWN,0.0,0.0,16,7,,,0,0,0.0,0.0,16,7,0.0,0.0,16,7,,,0,0,,,0,0,0.0,0.0,16,7,0.8125,13.0,16,7,1.0,16.0,16,7,0.0,0.0,16,7,1.0,16.0,16,7,,,0,0,0.1875,3.0,16,7,0.063505322963465,1.01608516741544,16,7,0.0,0.0,16,7,,,0,0,,,0,0,,,0,0,,,0,0,,,0,0,,,0,0,1.0,16.0,16,7,,,0,0,,,0,0,1.0,16.0,16,7,,,0,0,,,0,0,,,0,0,,,0,0,,,0,0,,,0,0,13,UNKNOWN,NA
APR_OLD_STAGE3_COMMON7,A,0,HISTORICAL_W1,FORCED_ON,fit,U,STRICT_BASE,320,False,macro,39,7,31,UNKNOWN,0.3826530612244898,16.0,39,7,,,0,0,0.3826530612244898,16.0,39,7,0.41836734693877553,17.0,39,7,0.08333333333333333,1.0,17,6,0.9166666666666666,16.0,17,6,0.0,0.0,22,7,0.3904761904761905,10.0,22,7,1.0,39.0,39,7,0.3826530612244898,16.0,39,7,1.0,39.0,39,7,0.08333333333333333,1.0,17,6,0.5986394557823129,24.0,39,7,0.00236864259169947,0.0894643573265057,39,7,0.3826530612244898,16.0,39,7,,,0,0,,,0,0,,,0,0,,,0,0,,,0,0,,,0,0,1.0,39.0,39,7,,,0,0,0.08333333333333333,1.0,17,6,0.6173469387755102,23.0,39,7,,,0,0,,,0,0,,,0,0,,,0,0,,,0,0,,,0,0,33,UNKNOWN,NA
APR_OLD_STAGE3_COMMON7,A,0,HISTORICAL_W1,FORCED_ON,fit,U,STRICT_BASE,320,False,micro,39,7,31,UNKNOWN,0.41025641025641024,16.0,39,7,,,0,0,0.41025641025641024,16.0,39,7,0.4358974358974359,17.0,39,7,0.058823529411764705,1.0,17,6,0.9411764705882353,16.0,17,6,0.0,0.0,22,7,0.45454545454545453,10.0,22,7,1.0,39.0,39,7,0.41025641025641024,16.0,39,7,1.0,39.0,39,7,0.058823529411764705,1.0,17,6,0.6153846153846154,24.0,39,7,0.002293957880166813,0.0894643573265057,39,7,0.41025641025641024,16.0,39,7,,,0,0,,,0,0,,,0,0,,,0,0,,,0,0,,,0,0,1.0,39.0,39,7,,,0,0,0.058823529411764705,1.0,17,6,0.5897435897435898,23.0,39,7,,,0,0,,,0,0,,,0,0,,,0,0,,,0,0,,,0,0,33,UNKNOWN,NA
APR_OLD_STAGE3_COMMON7,A,0,HISTORICAL_W1,FORCED_ON,fit,positive,EDIT_TARGET,320,False,macro,24,7,6,UNKNOWN,0.9285714285714286,22.0,24,7,,,0,0,0.9285714285714286,22.0,24,7,0.0,0.0,24,7,,,0,0,,,0,0,0.9285714285714286,22.0,24,7,1.0,24.0,24,7,1.0,24.0,24,7,0.9285714285714286,22.0,24,7,,,0,0,,,0,0,0.0,0.0,24,7,,,0,0,0.9285714285714286,22.0,24,7,,,0,0,,,0,0,,,0,0,,,0,0,,,0,0,,,0,0,1.0,24.0,24,7,,,0,0,,,0,0,,,0,0,0.0,0.0,24,7,,,0,0,,,0,0,,,0,0,,,0,0,,,0,0,22,UNKNOWN,NA
APR_OLD_STAGE3_COMMON7,A,0,HISTORICAL_W1,FORCED_ON,fit,positive,EDIT_TARGET,320,False,micro,24,7,6,UNKNOWN,0.9166666666666666,22.0,24,7,,,0,0,0.9166666666666666,22.0,24,7,0.0,0.0,24,7,,,0,0,,,0,0,0.9166666666666666,22.0,24,7,1.0,24.0,24,7,1.0,24.0,24,7,0.9166666666666666,22.0,24,7,,,0,0,,,0,0,0.0,0.0,24,7,,,0,0,0.9166666666666666,22.0,24,7,,,0,0,,,0,0,,,0,0,,,0,0,,,0,0,,,0,0,1.0,24.0,24,7,,,0,0,,,0,0,,,0,0,0.0,0.0,24,7,,,0,0,,,0,0,,,0,0,,,0,0,,,0,0,22,UNKNOWN,NA
APR_OLD_STAGE3_COMMON7,A,0,HISTORICAL_W1,FORCED_ON,formal_development,T1G,EDIT_TARGET,320,False,macro,22,6,22,UNKNOWN,1.0,22.0,22,6,1.0,22.0,22,6,1.0,22.0,22,6,0.0,0.0,22,6,,,0,0,,,0,0,1.0,22.0,22,6,1.0,22.0,22,6,1.0,22.0,22,6,1.0,22.0,22,6,,,0,0,,,0,0,0.0,0.0,22,6,,,0,0,1.0,22.0,22,6,,,0,0,,,0,0,,,0,0,,,0,0,,,0,0,,,0,0,1.0,22.0,22,6,,,0,0,,,0,0,,,0,0,0.0,0.0,22,6,,,0,0,,,0,0,,,0,0,,,0,0,,,0,0,22,UNKNOWN,NA
APR_OLD_STAGE3_COMMON7,A,0,HISTORICAL_W1,FORCED_ON,formal_development,T1G,EDIT_TARGET,320,False,micro,22,6,22,UNKNOWN,1.0,22.0,22,6,1.0,22.0,22,6,1.0,22.0,22,6,0.0,0.0,22,6,,,0,0,,,0,0,1.0,22.0,22,6,1.0,22.0,22,6,1.0,22.0,22,6,1.0,22.0,22,6,,,0,0,,,0,0,0.0,0.0,22,6,,,0,0,1.0,22.0,22,6,,,0,0,,,0,0,,,0,0,,,0,0,,,0,0,,,0,0,1.0,22.0,22,6,,,0,0,,,0,0,,,0,0,0.0,0.0,22,6,,,0,0,,,0,0,,,0,0,,,0,0,,,0,0,22,UNKNOWN,NA
APR_OLD_STAGE3_COMMON7,A,0,HISTORICAL_W1,FORCED_ON,formal_development,T1L,STRICT_BASE,320,False,macro,10,2,5,UNKNOWN,0.2,2.0,10,2,0.0,0.0,6,2,0.2,2.0,10,2,0.6,6.0,10,2,1.0,6.0,6,2,0.0,0.0,6,2,0.5,2.0,4,2,1.0,4.0,4,2,1.0,10.0,10,2,0.2,2.0,10,2,1.0,10.0,10,2,1.0,6.0,6,2,0.0,0.0,10,2,0.13948692381381989,1.3948692381381989,10,2,0.2,2.0,10,2,,,0,0,,,0,0,,,0,0,,,0,0,,,0,0,,,0,0,1.0,10.0,10,2,,,0,0,1.0,6.0,6,2,0.8,8.0,10,2,,,0,0,,,0,0,,,0,0,,,0,0,,,0,0,,,0,0,5,UNKNOWN,NA
APR_OLD_STAGE3_COMMON7,A,0,HISTORICAL_W1,FORCED_ON,formal_development,T1L,STRICT_BASE,320,False,micro,10,2,5,UNKNOWN,0.2,2.0,10,2,0.0,0.0,6,2,0.2,2.0,10,2,0.6,6.0,10,2,1.0,6.0,6,2,0.0,0.0,6,2,0.5,2.0,4,2,1.0,4.0,4,2,1.0,10.0,10,2,0.2,2.0,10,2,1.0,10.0,10,2,1.0,6.0,6,2,0.0,0.0,10,2,0.13948692381381989,1.3948692381381989,10,2,0.2,2.0,10,2,,,0,0,,,0,0,,,0,0,,,0,0,,,0,0,,,0,0,1.0,10.0,10,2,,,0,0,1.0,6.0,6,2,0.8,8.0,10,2,,,0,0,,,0,0,,,0,0,,,0,0,,,0,0,,,0,0,5,UNKNOWN,NA
APR_OLD_STAGE3_COMMON7,A,0,HISTORICAL_W1,FORCED_ON,formal_development,T2G,EDIT_TARGET,320,False,macro,23,6,6,UNKNOWN,0.3055555555555556,7.0,23,6,0.3055555555555556,7.0,23,6,0.3055555555555556,7.0,23,6,0.0,0.0,23,6,,,0,0,,,0,0,0.3055555555555556,7.0,23,6,0.9027777777777778,21.0,23,6,1.0,23.0,23,6,0.3055555555555556,7.0,23,6,,,0,0,,,0,0,0.09722222222222222,2.0,23,6,,,0,0,0.3055555555555556,7.0,23,6,,,0,0,,,0,0,,,0,0,,,0,0,,,0,0,,,0,0,1.0,23.0,23,6,,,0,0,,,0,0,,,0,0,0.0,0.0,23,6,,,0,0,,,0,0,,,0,0,,,0,0,,,0,0,23,UNKNOWN,NA
APR_OLD_STAGE3_COMMON7,A,0,HISTORICAL_W1,FORCED_ON,formal_development,T2G,EDIT_TARGET,320,False,micro,23,6,6,UNKNOWN,0.30434782608695654,7.0,23,6,0.30434782608695654,7.0,23,6,0.30434782608695654,7.0,23,6,0.0,0.0,23,6,,,0,0,,,0,0,0.30434782608695654,7.0,23,6,0.9130434782608695,21.0,23,6,1.0,23.0,23,6,0.30434782608695654,7.0,23,6,,,0,0,,,0,0,0.08695652173913043,2.0,23,6,,,0,0,0.30434782608695654,7.0,23,6,,,0,0,,,0,0,,,0,0,,,0,0,,,0,0,,,0,0,1.0,23.0,23,6,,,0,0,,,0,0,,,0,0,0.0,0.0,23,6,,,0,0,,,0,0,,,0,0,,,0,0,,,0,0,23,UNKNOWN,NA
APR_OLD_STAGE3_COMMON7,A,0,HISTORICAL_W1,FORCED_ON,formal_development,T2L,STRICT_BASE,320,False,macro,2,1,1,UNKNOWN,1.0,2.0,2,1,1.0,2.0,2,1,1.0,2.0,2,1,1.0,2.0,2,1,0.0,0.0,2,1,1.0,2.0,2,1,,,0,0,,,0,0,1.0,2.0,2,1,1.0,2.0,2,1,1.0,2.0,2,1,0.0,0.0,2,1,0.0,0.0,2,1,0.007642446085810661,0.015284892171621323,2,1,1.0,2.0,2,1,,,0,0,,,0,0,,,0,0,,,0,0,,,0,0,,,0,0,1.0,2.0,2,1,,,0,0,0.0,0.0,2,1,0.0,0.0,2,1,,,0,0,,,0,0,,,0,0,,,0,0,,,0,0,,,0,0,2,UNKNOWN,NA
APR_OLD_STAGE3_COMMON7,A,0,HISTORICAL_W1,FORCED_ON,formal_development,T2L,STRICT_BASE,320,False,micro,2,1,1,UNKNOWN,1.0,2.0,2,1,1.0,2.0,2,1,1.0,2.0,2,1,1.0,2.0,2,1,0.0,0.0,2,1,1.0,2.0,2,1,,,0,0,,,0,0,1.0,2.0,2,1,1.0,2.0,2,1,1.0,2.0,2,1,0.0,0.0,2,1,0.0,0.0,2,1,0.007642446085810661,0.015284892171621323,2,1,1.0,2.0,2,1,,,0,0,,,0,0,,,0,0,,,0,0,,,0,0,,,0,0,1.0,2.0,2,1,,,0,0,0.0,0.0,2,1,0.0,0.0,2,1,,,0,0,,,0,0,,,0,0,,,0,0,,,0,0,,,0,0,2,UNKNOWN,NA
APR_OLD_STAGE3_COMMON7,A,0,HISTORICAL_W1,FORCED_ON,native,NATIVE_DIAGNOSTIC,EDIT_TARGET,320,False,macro,1,1,1,UNKNOWN,1.0,1.0,1,1,,,0,0,1.0,1.0,1,1,0.0,0.0,1,1,,,0,0,,,0,0,1.0,1.0,1,1,1.0,1.0,1,1,1.0,1.0,1,1,1.0,1.0,1,1,,,0,0,,,0,0,0.0,0.0,1,1,,,0,0,1.0,1.0,1,1,,,0,0,,,0,0,,,0,0,,,0,0,,,0,0,,,0,0,1.0,1.0,1,1,,,0,0,,,0,0,,,0,0,0.0,0.0,1,1,,,0,0,,,0,0,,,0,0,,,0,0,,,0,0,1,UNKNOWN,NA
APR_OLD_STAGE3_COMMON7,A,0,HISTORICAL_W1,FORCED_ON,native,NATIVE_DIAGNOSTIC,EDIT_TARGET,320,False,micro,1,1,1,UNKNOWN,1.0,1.0,1,1,,,0,0,1.0,1.0,1,1,0.0,0.0,1,1,,,0,0,,,0,0,1.0,1.0,1,1,1.0,1.0,1,1,1.0,1.0,1,1,1.0,1.0,1,1,,,0,0,,,0,0,0.0,0.0,1,1,,,0,0,1.0,1.0,1,1,,,0,0,,,0,0,,,0,0,,,0,0,,,0,0,,,0,0,1.0,1.0,1,1,,,0,0,,,0,0,,,0,0,0.0,0.0,1,1,,,0,0,,,0,0,,,0,0,,,0,0,,,0,0,1,UNKNOWN,NA
APR_OLD_STAGE3_COMMON7,A,0,HISTORICAL_W1,FORCED_ON,native,T0,EDIT_TARGET,320,False,macro,6,6,6,UNKNOWN,1.0,6.0,6,6,1.0,6.0,6,6,1.0,6.0,6,6,0.0,0.0,6,6,,,0,0,,,0,0,1.0,6.0,6,6,1.0,6.0,6,6,1.0,6.0,6,6,1.0,6.0,6,6,,,0,0,,,0,0,0.0,0.0,6,6,,,0,0,1.0,6.0,6,6,,,0,0,,,0,0,,,0,0,,,0,0,,,0,0,,,0,0,1.0,6.0,6,6,,,0,0,,,0,0,,,0,0,0.0,0.0,6,6,,,0,0,,,0,0,,,0,0,,,0,0,,,0,0,6,UNKNOWN,NA
APR_OLD_STAGE3_COMMON7,A,0,HISTORICAL_W1,FORCED_ON,native,T0,EDIT_TARGET,320,False,micro,6,6,6,UNKNOWN,1.0,6.0,6,6,1.0,6.0,6,6,1.0,6.0,6,6,0.0,0.0,6,6,,,0,0,,,0,0,1.0,6.0,6,6,1.0,6.0,6,6,1.0,6.0,6,6,1.0,6.0,6,6,,,0,0,,,0,0,0.0,0.0,6,6,,,0,0,1.0,6.0,6,6,,,0,0,,,0,0,,,0,0,,,0,0,,,0,0,,,0,0,1.0,6.0,6,6,,,0,0,,,0,0,,,0,0,0.0,0.0,6,6,,,0,0,,,0,0,,,0,0,,,0,0,,,0,0,6,UNKNOWN,NA
APR_OLD_STAGE3_COMMON7,A,0,HISTORICAL_W1,RC_FIXED_OLD16,fit,H,STRICT_BASE,320,False,macro,16,7,13,UNKNOWN,0.0,0.0,16,7,,,0,0,0.0,0.0,16,7,0.0,0.0,16,7,,,0,0,,,0,0,0.0,0.0,16,7,0.0,0.0,16,7,0.0,0.0,16,7,0.0,0.0,16,7,0.0,0.0,16,7,,,0,0,1.0,16.0,16,7,0.0,0.0,16,7,0.0,0.0,16,7,,,0,0,,,0,0,,,0,0,,,0,0,,,0,0,,,0,0,1.0,16.0,16,7,,,0,0,,,0,0,,,0,0,,,0,0,,,0,0,,,0,0,,,0,0,,,0,0,,,0,0,13,UNKNOWN,NA
APR_OLD_STAGE3_COMMON7,A,0,HISTORICAL_W1,RC_FIXED_OLD16,fit,H,STRICT_BASE,320,False,micro,16,7,13,UNKNOWN,0.0,0.0,16,7,,,0,0,0.0,0.0,16,7,0.0,0.0,16,7,,,0,0,,,0,0,0.0,0.0,16,7,0.0,0.0,16,7,0.0,0.0,16,7,0.0,0.0,16,7,0.0,0.0,16,7,,,0,0,1.0,16.0,16,7,0.0,0.0,16,7,0.0,0.0,16,7,,,0,0,,,0,0,,,0,0,,,0,0,,,0,0,,,0,0,1.0,16.0,16,7,,,0,0,,,0,0,,,0,0,,,0,0,,,0,0,,,0,0,,,0,0,,,0,0,,,0,0,13,UNKNOWN,NA
APR_OLD_STAGE3_COMMON7,A,0,HISTORICAL_W1,RC_FIXED_OLD16,fit,U,STRICT_BASE,320,False,macro,39,7,31,UNKNOWN,0.41836734693877553,17.0,39,7,,,0,0,0.41836734693877553,17.0,39,7,0.41836734693877553,17.0,39,7,0.0,0.0,17,6,1.0,17.0,17,6,0.0,0.0,22,7,0.0,0.0,22,7,0.0,0.0,39,7,0.0,0.0,39,7,0.0,0.0,39,7,0.0,0.0,17,6,1.0,39.0,39,7,0.0,0.0,39,7,0.3826530612244898,16.0,39,7,,,0,0,,,0,0,,,0,0,,,0,0,,,0,0,,,0,0,1.0,39.0,39,7,,,0,0,,,0,0,,,0,0,,,0,0,,,0,0,,,0,0,,,0,0,,,0,0,,,0,0,33,UNKNOWN,NA
APR_OLD_STAGE3_COMMON7,A,0,HISTORICAL_W1,RC_FIXED_OLD16,fit,U,STRICT_BASE,320,False,micro,39,7,31,UNKNOWN,0.4358974358974359,17.0,39,7,,,0,0,0.4358974358974359,17.0,39,7,0.4358974358974359,17.0,39,7,0.0,0.0,17,6,1.0,17.0,17,6,0.0,0.0,22,7,0.0,0.0,22,7,0.0,0.0,39,7,0.0,0.0,39,7,0.0,0.0,39,7,0.0,0.0,17,6,1.0,39.0,39,7,0.0,0.0,39,7,0.41025641025641024,16.0,39,7,,,0,0,,,0,0,,,0,0,,,0,0,,,0,0,,,0,0,1.0,39.0,39,7,,,0,0,,,0,0,,,0,0,,,0,0,,,0,0,,,0,0,,,0,0,,,0,0,,,0,0,33,UNKNOWN,NA
APR_OLD_STAGE3_COMMON7,A,0,HISTORICAL_W1,RC_FIXED_OLD16,fit,positive,EDIT_TARGET,320,False,macro,24,7,6,UNKNOWN,0.9285714285714286,22.0,24,7,,,0,0,0.9285714285714286,22.0,24,7,0.0,0.0,24,7,,,0,0,,,0,0,0.9285714285714286,22.0,24,7,1.0,24.0,24,7,1.0,24.0,24,7,0.9285714285714286,22.0,24,7,,,0,0,,,0,0,0.0,0.0,24,7,,,0,0,0.9285714285714286,22.0,24,7,,,0,0,,,0,0,,,0,0,,,0,0,,,0,0,,,0,0,1.0,24.0,24,7,,,0,0,,,0,0,,,0,0,0.0,0.0,24,7,,,0,0,,,0,0,,,0,0,,,0,0,,,0,0,22,UNKNOWN,NA
APR_OLD_STAGE3_COMMON7,A,0,HISTORICAL_W1,RC_FIXED_OLD16,fit,positive,EDIT_TARGET,320,False,micro,24,7,6,UNKNOWN,0.9166666666666666,22.0,24,7,,,0,0,0.9166666666666666,22.0,24,7,0.0,0.0,24,7,,,0,0,,,0,0,0.9166666666666666,22.0,24,7,1.0,24.0,24,7,1.0,24.0,24,7,0.9166666666666666,22.0,24,7,,,0,0,,,0,0,0.0,0.0,24,7,,,0,0,0.9166666666666666,22.0,24,7,,,0,0,,,0,0,,,0,0,,,0,0,,,0,0,,,0,0,1.0,24.0,24,7,,,0,0,,,0,0,,,0,0,0.0,0.0,24,7,,,0,0,,,0,0,,,0,0,,,0,0,,,0,0,22,UNKNOWN,NA
APR_OLD_STAGE3_COMMON7,A,0,HISTORICAL_W1,RC_FIXED_OLD16,formal_development,T1G,EDIT_TARGET,320,False,macro,22,6,22,UNKNOWN,0.7083333333333334,15.0,22,6,0.7083333333333334,15.0,22,6,0.7083333333333334,15.0,22,6,0.0,0.0,22,6,,,0,0,,,0,0,0.7083333333333334,15.0,22,6,0.7083333333333334,15.0,22,6,0.7083333333333334,15.0,22,6,0.7083333333333334,15.0,22,6,,,0,0,,,0,0,0.2916666666666667,7.0,22,6,,,0,0,1.0,22.0,22,6,,,0,0,,,0,0,,,0,0,,,0,0,,,0,0,,,0,0,1.0,15.0,15,6,,,0,0,,,0,0,,,0,0,0.2916666666666667,7.0,22,6,,,0,0,,,0,0,,,0,0,,,0,0,,,0,0,22,UNKNOWN,NA
APR_OLD_STAGE3_COMMON7,A,0,HISTORICAL_W1,RC_FIXED_OLD16,formal_development,T1G,EDIT_TARGET,320,False,micro,22,6,22,UNKNOWN,0.6818181818181818,15.0,22,6,0.6818181818181818,15.0,22,6,0.6818181818181818,15.0,22,6,0.0,0.0,22,6,,,0,0,,,0,0,0.6818181818181818,15.0,22,6,0.6818181818181818,15.0,22,6,0.6818181818181818,15.0,22,6,0.6818181818181818,15.0,22,6,,,0,0,,,0,0,0.3181818181818182,7.0,22,6,,,0,0,1.0,22.0,22,6,,,0,0,,,0,0,,,0,0,,,0,0,,,0,0,,,0,0,1.0,15.0,15,6,,,0,0,,,0,0,,,0,0,0.3181818181818182,7.0,22,6,,,0,0,,,0,0,,,0,0,,,0,0,,,0,0,22,UNKNOWN,NA
APR_OLD_STAGE3_COMMON7,A,0,HISTORICAL_W1,RC_FIXED_OLD16,formal_development,T1L,STRICT_BASE,320,False,macro,10,2,5,UNKNOWN,0.7,7.0,10,2,1.0,6.0,6,2,0.7,7.0,10,2,0.6,6.0,10,2,0.0,0.0,6,2,1.0,6.0,6,2,0.25,1.0,4,2,0.25,1.0,4,2,0.1,1.0,10,2,0.1,1.0,10,2,0.1,1.0,10,2,0.0,0.0,6,2,0.9,9.0,10,2,0.016249650716781618,0.16249650716781616,10,2,0.2,2.0,10,2,,,0,0,,,0,0,,,0,0,,,0,0,,,0,0,,,0,0,1.0,1.0,1,1,,,0,0,,,0,0,0.0,0.0,1,1,,,0,0,,,0,0,,,0,0,,,0,0,,,0,0,,,0,0,5,UNKNOWN,NA
APR_OLD_STAGE3_COMMON7,A,0,HISTORICAL_W1,RC_FIXED_OLD16,formal_development,T1L,STRICT_BASE,320,False,micro,10,2,5,UNKNOWN,0.7,7.0,10,2,1.0,6.0,6,2,0.7,7.0,10,2,0.6,6.0,10,2,0.0,0.0,6,2,1.0,6.0,6,2,0.25,1.0,4,2,0.25,1.0,4,2,0.1,1.0,10,2,0.1,1.0,10,2,0.1,1.0,10,2,0.0,0.0,6,2,0.9,9.0,10,2,0.016249650716781618,0.16249650716781616,10,2,0.2,2.0,10,2,,,0,0,,,0,0,,,0,0,,,0,0,,,0,0,,,0,0,1.0,1.0,1,1,,,0,0,,,0,0,0.0,0.0,1,1,,,0,0,,,0,0,,,0,0,,,0,0,,,0,0,,,0,0,5,UNKNOWN,NA
APR_OLD_STAGE3_COMMON7,A,0,HISTORICAL_W1,RC_FIXED_OLD16,formal_development,T2G,EDIT_TARGET,320,False,macro,23,6,6,UNKNOWN,0.3055555555555556,7.0,23,6,0.3055555555555556,7.0,23,6,0.3055555555555556,7.0,23,6,0.0,0.0,23,6,,,0,0,,,0,0,0.3055555555555556,7.0,23,6,0.9027777777777778,21.0,23,6,1.0,23.0,23,6,0.3055555555555556,7.0,23,6,,,0,0,,,0,0,0.09722222222222222,2.0,23,6,,,0,0,0.3055555555555556,7.0,23,6,,,0,0,,,0,0,,,0,0,,,0,0,,,0,0,,,0,0,1.0,23.0,23,6,,,0,0,,,0,0,,,0,0,0.0,0.0,23,6,,,0,0,,,0,0,,,0,0,,,0,0,,,0,0,23,UNKNOWN,NA
APR_OLD_STAGE3_COMMON7,A,0,HISTORICAL_W1,RC_FIXED_OLD16,formal_development,T2G,EDIT_TARGET,320,False,micro,23,6,6,UNKNOWN,0.30434782608695654,7.0,23,6,0.30434782608695654,7.0,23,6,0.30434782608695654,7.0,23,6,0.0,0.0,23,6,,,0,0,,,0,0,0.30434782608695654,7.0,23,6,0.9130434782608695,21.0,23,6,1.0,23.0,23,6,0.30434782608695654,7.0,23,6,,,0,0,,,0,0,0.08695652173913043,2.0,23,6,,,0,0,0.30434782608695654,7.0,23,6,,,0,0,,,0,0,,,0,0,,,0,0,,,0,0,,,0,0,1.0,23.0,23,6,,,0,0,,,0,0,,,0,0,0.0,0.0,23,6,,,0,0,,,0,0,,,0,0,,,0,0,,,0,0,23,UNKNOWN,NA
APR_OLD_STAGE3_COMMON7,A,0,HISTORICAL_W1,RC_FIXED_OLD16,formal_development,T2L,STRICT_BASE,320,False,macro,2,1,1,UNKNOWN,1.0,2.0,2,1,1.0,2.0,2,1,1.0,2.0,2,1,1.0,2.0,2,1,0.0,0.0,2,1,1.0,2.0,2,1,,,0,0,,,0,0,1.0,2.0,2,1,1.0,2.0,2,1,1.0,2.0,2,1,0.0,0.0,2,1,0.0,0.0,2,1,0.007642446085810661,0.015284892171621323,2,1,1.0,2.0,2,1,,,0,0,,,0,0,,,0,0,,,0,0,,,0,0,,,0,0,1.0,2.0,2,1,,,0,0,0.0,0.0,2,1,0.0,0.0,2,1,,,0,0,,,0,0,,,0,0,,,0,0,,,0,0,,,0,0,2,UNKNOWN,NA
APR_OLD_STAGE3_COMMON7,A,0,HISTORICAL_W1,RC_FIXED_OLD16,formal_development,T2L,STRICT_BASE,320,False,micro,2,1,1,UNKNOWN,1.0,2.0,2,1,1.0,2.0,2,1,1.0,2.0,2,1,1.0,2.0,2,1,0.0,0.0,2,1,1.0,2.0,2,1,,,0,0,,,0,0,1.0,2.0,2,1,1.0,2.0,2,1,1.0,2.0,2,1,0.0,0.0,2,1,0.0,0.0,2,1,0.007642446085810661,0.015284892171621323,2,1,1.0,2.0,2,1,,,0,0,,,0,0,,,0,0,,,0,0,,,0,0,,,0,0,1.0,2.0,2,1,,,0,0,0.0,0.0,2,1,0.0,0.0,2,1,,,0,0,,,0,0,,,0,0,,,0,0,,,0,0,,,0,0,2,UNKNOWN,NA
APR_OLD_STAGE3_COMMON7,A,0,HISTORICAL_W1,RC_FIXED_OLD16,native,NATIVE_DIAGNOSTIC,EDIT_TARGET,320,False,macro,1,1,1,UNKNOWN,1.0,1.0,1,1,,,0,0,1.0,1.0,1,1,0.0,0.0,1,1,,,0,0,,,0,0,1.0,1.0,1,1,1.0,1.0,1,1,1.0,1.0,1,1,1.0,1.0,1,1,,,0,0,,,0,0,0.0,0.0,1,1,,,0,0,1.0,1.0,1,1,,,0,0,,,0,0,,,0,0,,,0,0,,,0,0,,,0,0,1.0,1.0,1,1,,,0,0,,,0,0,,,0,0,0.0,0.0,1,1,,,0,0,,,0,0,,,0,0,,,0,0,,,0,0,1,UNKNOWN,NA
APR_OLD_STAGE3_COMMON7,A,0,HISTORICAL_W1,RC_FIXED_OLD16,native,NATIVE_DIAGNOSTIC,EDIT_TARGET,320,False,micro,1,1,1,UNKNOWN,1.0,1.0,1,1,,,0,0,1.0,1.0,1,1,0.0,0.0,1,1,,,0,0,,,0,0,1.0,1.0,1,1,1.0,1.0,1,1,1.0,1.0,1,1,1.0,1.0,1,1,,,0,0,,,0,0,0.0,0.0,1,1,,,0,0,1.0,1.0,1,1,,,0,0,,,0,0,,,0,0,,,0,0,,,0,0,,,0,0,1.0,1.0,1,1,,,0,0,,,0,0,,,0,0,0.0,0.0,1,1,,,0,0,,,0,0,,,0,0,,,0,0,,,0,0,1,UNKNOWN,NA
APR_OLD_STAGE3_COMMON7,A,0,HISTORICAL_W1,RC_FIXED_OLD16,native,T0,EDIT_TARGET,320,False,macro,6,6,6,UNKNOWN,1.0,6.0,6,6,1.0,6.0,6,6,1.0,6.0,6,6,0.0,0.0,6,6,,,0,0,,,0,0,1.0,6.0,6,6,1.0,6.0,6,6,1.0,6.0,6,6,1.0,6.0,6,6,,,0,0,,,0,0,0.0,0.0,6,6,,,0,0,1.0,6.0,6,6,,,0,0,,,0,0,,,0,0,,,0,0,,,0,0,,,0,0,1.0,6.0,6,6,,,0,0,,,0,0,,,0,0,0.0,0.0,6,6,,,0,0,,,0,0,,,0,0,,,0,0,,,0,0,6,UNKNOWN,NA
APR_OLD_STAGE3_COMMON7,A,0,HISTORICAL_W1,RC_FIXED_OLD16,native,T0,EDIT_TARGET,320,False,micro,6,6,6,UNKNOWN,1.0,6.0,6,6,1.0,6.0,6,6,1.0,6.0,6,6,0.0,0.0,6,6,,,0,0,,,0,0,1.0,6.0,6,6,1.0,6.0,6,6,1.0,6.0,6,6,1.0,6.0,6,6,,,0,0,,,0,0,0.0,0.0,6,6,,,0,0,1.0,6.0,6,6,,,0,0,,,0,0,,,0,0,,,0,0,,,0,0,,,0,0,1.0,6.0,6,6,,,0,0,,,0,0,,,0,0,0.0,0.0,6,6,,,0,0,,,0,0,,,0,0,,,0,0,,,0,0,6,UNKNOWN,NA
APR_SLAKE_STAGE2_BANK16,A,0,B0,FORCED_ON,challenge,same_answer_context_not_conflict,STRICT_BASE,320,False,macro,32,15,6,UNKNOWN,1.0,32.0,32,15,,,0,0,1.0,32.0,32,15,0.6111111111111112,20.0,32,15,0.0,0.0,20,11,1.0,20.0,20,11,1.0,12.0,12,8,1.0,12.0,12,8,1.0,32.0,32,15,1.0,32.0,32,15,1.0,32.0,32,15,0.0,0.0,20,11,0.0,0.0,32,15,,,0,0,1.0,32.0,32,15,,,0,0,,,0,0,,,0,0,,,0,0,,,0,0,,,0,0,1.0,32.0,32,15,,,0,0,0.0,0.0,20,11,0.0,0.0,32,15,,,0,0,,,0,0,,,0,0,,,0,0,,,0,0,,,0,0,15,UNKNOWN,NA
APR_SLAKE_STAGE2_BANK16,A,0,B0,FORCED_ON,challenge,same_answer_context_not_conflict,STRICT_BASE,320,False,micro,32,15,6,UNKNOWN,1.0,32.0,32,15,,,0,0,1.0,32.0,32,15,0.625,20.0,32,15,0.0,0.0,20,11,1.0,20.0,20,11,1.0,12.0,12,8,1.0,12.0,12,8,1.0,32.0,32,15,1.0,32.0,32,15,1.0,32.0,32,15,0.0,0.0,20,11,0.0,0.0,32,15,,,0,0,1.0,32.0,32,15,,,0,0,,,0,0,,,0,0,,,0,0,,,0,0,,,0,0,1.0,32.0,32,15,,,0,0,0.0,0.0,20,11,0.0,0.0,32,15,,,0,0,,,0,0,,,0,0,,,0,0,,,0,0,,,0,0,15,UNKNOWN,NA
APR_SLAKE_STAGE2_BANK16,A,0,B0,FORCED_ON,evaluation,H,STRICT_BASE,320,False,macro,20,15,7,UNKNOWN,0.0,0.0,20,15,,,0,0,0.0,0.0,20,15,0.7666666666666667,15.0,20,15,1.0,15.0,15,13,0.0,0.0,15,13,0.0,0.0,5,5,1.0,5.0,5,5,1.0,20.0,20,15,0.0,0.0,20,15,1.0,20.0,20,15,1.0,15.0,15,13,0.0,0.0,20,15,,,0,0,0.0,0.0,20,15,,,0,0,,,0,0,,,0,0,,,0,0,,,0,0,,,0,0,1.0,20.0,20,15,,,0,0,1.0,15.0,15,13,1.0,20.0,20,15,,,0,0,,,0,0,,,0,0,,,0,0,,,0,0,,,0,0,13,UNKNOWN,NA
APR_SLAKE_STAGE2_BANK16,A,0,B0,FORCED_ON,evaluation,H,STRICT_BASE,320,False,micro,20,15,7,UNKNOWN,0.0,0.0,20,15,,,0,0,0.0,0.0,20,15,0.75,15.0,20,15,1.0,15.0,15,13,0.0,0.0,15,13,0.0,0.0,5,5,1.0,5.0,5,5,1.0,20.0,20,15,0.0,0.0,20,15,1.0,20.0,20,15,1.0,15.0,15,13,0.0,0.0,20,15,,,0,0,0.0,0.0,20,15,,,0,0,,,0,0,,,0,0,,,0,0,,,0,0,,,0,0,1.0,20.0,20,15,,,0,0,1.0,15.0,15,13,1.0,20.0,20,15,,,0,0,,,0,0,,,0,0,,,0,0,,,0,0,,,0,0,13,UNKNOWN,NA
APR_SLAKE_STAGE2_BANK16,A,0,B0,FORCED_ON,evaluation,U,STRICT_BASE,320,False,macro,202,16,41,UNKNOWN,0.399496336996337,81.0,202,16,,,0,0,0.399496336996337,81.0,202,16,0.6419986263736264,130.0,202,16,0.45450036075036077,60.0,130,16,0.5454996392496393,70.0,130,16,0.15104166666666666,11.0,72,16,0.6997023809523809,50.0,72,16,1.0,202.0,202,16,0.399496336996337,81.0,202,16,1.0,202.0,202,16,0.45450036075036077,60.0,130,16,0.33499313186813184,68.0,202,16,,,0,0,0.399496336996337,81.0,202,16,,,0,0,,,0,0,,,0,0,,,0,0,,,0,0,,,0,0,1.0,202.0,202,16,,,0,0,0.45450036075036077,60.0,130,16,0.600503663003663,121.0,202,16,,,0,0,,,0,0,,,0,0,,,0,0,,,0,0,,,0,0,76,UNKNOWN,NA
APR_SLAKE_STAGE2_BANK16,A,0,B0,FORCED_ON,evaluation,U,STRICT_BASE,320,False,micro,202,16,41,UNKNOWN,0.400990099009901,81.0,202,16,,,0,0,0.400990099009901,81.0,202,16,0.6435643564356436,130.0,202,16,0.46153846153846156,60.0,130,16,0.5384615384615384,70.0,130,16,0.1527777777777778,11.0,72,16,0.6944444444444444,50.0,72,16,1.0,202.0,202,16,0.400990099009901,81.0,202,16,1.0,202.0,202,16,0.46153846153846156,60.0,130,16,0.33663366336633666,68.0,202,16,,,0,0,0.400990099009901,81.0,202,16,,,0,0,,,0,0,,,0,0,,,0,0,,,0,0,,,0,0,1.0,202.0,202,16,,,0,0,0.46153846153846156,60.0,130,16,0.599009900990099,121.0,202,16,,,0,0,,,0,0,,,0,0,,,0,0,,,0,0,,,0,0,76,UNKNOWN,NA
APR_SLAKE_STAGE2_BANK16,A,0,B0,FORCED_ON,evaluation,cross_family_confirmation,EDIT_TARGET,320,False,macro,32,16,16,UNKNOWN,1.0,32.0,32,16,,,0,0,1.0,32.0,32,16,0.5,16.0,32,16,,,0,0,,,0,0,1.0,16.0,16,10,1.0,16.0,16,10,1.0,32.0,32,16,1.0,32.0,32,16,,,0,0,,,0,0,0.0,0.0,32,16,,,0,0,1.0,32.0,32,16,,,0,0,,,0,0,,,0,0,,,0,0,,,0,0,,,0,0,1.0,32.0,32,16,,,0,0,,,0,0,,,0,0,0.0,0.0,32,16,,,0,0,,,0,0,,,0,0,,,0,0,,,0,0,32,UNKNOWN,NA
APR_SLAKE_STAGE2_BANK16,A,0,B0,FORCED_ON,evaluation,cross_family_confirmation,EDIT_TARGET,320,False,micro,32,16,16,UNKNOWN,1.0,32.0,32,16,,,0,0,1.0,32.0,32,16,0.5,16.0,32,16,,,0,0,,,0,0,1.0,16.0,16,10,1.0,16.0,16,10,1.0,32.0,32,16,1.0,32.0,32,16,,,0,0,,,0,0,0.0,0.0,32,16,,,0,0,1.0,32.0,32,16,,,0,0,,,0,0,,,0,0,,,0,0,,,0,0,,,0,0,1.0,32.0,32,16,,,0,0,,,0,0,,,0,0,0.0,0.0,32,16,,,0,0,,,0,0,,,0,0,,,0,0,,,0,0,32,UNKNOWN,NA
APR_SLAKE_STAGE2_BANK16,A,0,B0,FORCED_ON,evaluation,source_style_confirmation,EDIT_TARGET,320,False,macro,32,16,16,UNKNOWN,1.0,32.0,32,16,,,0,0,1.0,32.0,32,16,0.59375,19.0,32,16,,,0,0,,,0,0,1.0,13.0,13,7,1.0,13.0,13,7,1.0,32.0,32,16,1.0,32.0,32,16,,,0,0,,,0,0,0.0,0.0,32,16,,,0,0,1.0,32.0,32,16,,,0,0,,,0,0,,,0,0,,,0,0,,,0,0,,,0,0,1.0,32.0,32,16,,,0,0,,,0,0,,,0,0,0.0,0.0,32,16,,,0,0,,,0,0,,,0,0,,,0,0,,,0,0,32,UNKNOWN,NA
APR_SLAKE_STAGE2_BANK16,A,0,B0,FORCED_ON,evaluation,source_style_confirmation,EDIT_TARGET,320,False,micro,32,16,16,UNKNOWN,1.0,32.0,32,16,,,0,0,1.0,32.0,32,16,0.59375,19.0,32,16,,,0,0,,,0,0,1.0,13.0,13,7,1.0,13.0,13,7,1.0,32.0,32,16,1.0,32.0,32,16,,,0,0,,,0,0,0.0,0.0,32,16,,,0,0,1.0,32.0,32,16,,,0,0,,,0,0,,,0,0,,,0,0,,,0,0,,,0,0,1.0,32.0,32,16,,,0,0,,,0,0,,,0,0,0.0,0.0,32,16,,,0,0,,,0,0,,,0,0,,,0,0,,,0,0,32,UNKNOWN,NA
APR_SLAKE_STAGE2_BANK16,A,0,B0,FORCED_ON,fit,H,STRICT_BASE,320,False,macro,28,16,9,UNKNOWN,0.0,0.0,28,16,,,0,0,0.0,0.0,28,16,0.9791666666666666,27.0,28,16,1.0,27.0,27,16,0.0,0.0,27,16,0.0,0.0,1,1,1.0,1.0,1,1,1.0,28.0,28,16,0.0,0.0,28,16,1.0,28.0,28,16,1.0,27.0,27,16,0.0,0.0,28,16,,,0,0,0.0,0.0,28,16,,,0,0,,,0,0,,,0,0,,,0,0,,,0,0,,,0,0,1.0,28.0,28,16,,,0,0,1.0,27.0,27,16,1.0,28.0,28,16,,,0,0,,,0,0,,,0,0,,,0,0,,,0,0,,,0,0,17,UNKNOWN,NA
APR_SLAKE_STAGE2_BANK16,A,0,B0,FORCED_ON,fit,H,STRICT_BASE,320,False,micro,28,16,9,UNKNOWN,0.0,0.0,28,16,,,0,0,0.0,0.0,28,16,0.9642857142857143,27.0,28,16,1.0,27.0,27,16,0.0,0.0,27,16,0.0,0.0,1,1,1.0,1.0,1,1,1.0,28.0,28,16,0.0,0.0,28,16,1.0,28.0,28,16,1.0,27.0,27,16,0.0,0.0,28,16,,,0,0,0.0,0.0,28,16,,,0,0,,,0,0,,,0,0,,,0,0,,,0,0,,,0,0,1.0,28.0,28,16,,,0,0,1.0,27.0,27,16,1.0,28.0,28,16,,,0,0,,,0,0,,,0,0,,,0,0,,,0,0,,,0,0,17,UNKNOWN,NA
APR_SLAKE_STAGE2_BANK16,A,0,B0,FORCED_ON,fit,U,STRICT_BASE,320,False,macro,217,16,43,UNKNOWN,0.35370879120879123,77.0,217,16,,,0,0,0.35370879120879123,77.0,217,16,0.5951236263736264,129.0,217,16,0.4807539682539682,64.0,129,16,0.5192460317460318,65.0,129,16,0.12053571428571427,12.0,88,16,0.6908482142857143,60.0,88,16,1.0,217.0,217,16,0.35370879120879123,77.0,217,16,1.0,217.0,217,16,0.4807539682539682,64.0,129,16,0.3008241758241758,66.0,217,16,,,0,0,0.35370879120879123,77.0,217,16,,,0,0,,,0,0,,,0,0,,,0,0,,,0,0,,,0,0,1.0,217.0,217,16,,,0,0,0.4807539682539682,64.0,129,16,0.6462912087912088,140.0,217,16,,,0,0,,,0,0,,,0,0,,,0,0,,,0,0,,,0,0,76,UNKNOWN,NA
APR_SLAKE_STAGE2_BANK16,A,0,B0,FORCED_ON,fit,U,STRICT_BASE,320,False,micro,217,16,43,UNKNOWN,0.3548387096774194,77.0,217,16,,,0,0,0.3548387096774194,77.0,217,16,0.5944700460829493,129.0,217,16,0.49612403100775193,64.0,129,16,0.5038759689922481,65.0,129,16,0.13636363636363635,12.0,88,16,0.6818181818181818,60.0,88,16,1.0,217.0,217,16,0.3548387096774194,77.0,217,16,1.0,217.0,217,16,0.49612403100775193,64.0,129,16,0.30414746543778803,66.0,217,16,,,0,0,0.3548387096774194,77.0,217,16,,,0,0,,,0,0,,,0,0,,,0,0,,,0,0,,,0,0,1.0,217.0,217,16,,,0,0,0.49612403100775193,64.0,129,16,0.6451612903225806,140.0,217,16,,,0,0,,,0,0,,,0,0,,,0,0,,,0,0,,,0,0,76,UNKNOWN,NA
APR_SLAKE_STAGE2_BANK16,A,0,B0,FORCED_ON,fit,cross_family_confirmation,EDIT_TARGET,320,False,macro,64,16,16,UNKNOWN,1.0,64.0,64,16,,,0,0,1.0,64.0,64,16,0.28125,18.0,64,16,,,0,0,,,0,0,1.0,46.0,46,16,1.0,46.0,46,16,1.0,64.0,64,16,1.0,64.0,64,16,,,0,0,,,0,0,0.0,0.0,64,16,,,0,0,1.0,64.0,64,16,,,0,0,,,0,0,,,0,0,,,0,0,,,0,0,,,0,0,1.0,64.0,64,16,,,0,0,,,0,0,,,0,0,0.0,0.0,64,16,,,0,0,,,0,0,,,0,0,,,0,0,,,0,0,64,UNKNOWN,NA
APR_SLAKE_STAGE2_BANK16,A,0,B0,FORCED_ON,fit,cross_family_confirmation,EDIT_TARGET,320,False,micro,64,16,16,UNKNOWN,1.0,64.0,64,16,,,0,0,1.0,64.0,64,16,0.28125,18.0,64,16,,,0,0,,,0,0,1.0,46.0,46,16,1.0,46.0,46,16,1.0,64.0,64,16,1.0,64.0,64,16,,,0,0,,,0,0,0.0,0.0,64,16,,,0,0,1.0,64.0,64,16,,,0,0,,,0,0,,,0,0,,,0,0,,,0,0,,,0,0,1.0,64.0,64,16,,,0,0,,,0,0,,,0,0,0.0,0.0,64,16,,,0,0,,,0,0,,,0,0,,,0,0,,,0,0,64,UNKNOWN,NA
APR_SLAKE_STAGE2_BANK16,A,0,B0,FORCED_ON,native,T0,EDIT_TARGET,320,False,macro,16,16,16,UNKNOWN,1.0,16.0,16,16,1.0,16.0,16,16,1.0,16.0,16,16,0.0,0.0,16,16,,,0,0,,,0,0,1.0,16.0,16,16,1.0,16.0,16,16,1.0,16.0,16,16,1.0,16.0,16,16,,,0,0,,,0,0,0.0,0.0,16,16,,,0,0,1.0,16.0,16,16,,,0,0,,,0,0,,,0,0,,,0,0,,,0,0,,,0,0,1.0,16.0,16,16,,,0,0,,,0,0,,,0,0,0.0,0.0,16,16,,,0,0,,,0,0,,,0,0,,,0,0,,,0,0,16,UNKNOWN,NA
APR_SLAKE_STAGE2_BANK16,A,0,B0,FORCED_ON,native,T0,EDIT_TARGET,320,False,micro,16,16,16,UNKNOWN,1.0,16.0,16,16,1.0,16.0,16,16,1.0,16.0,16,16,0.0,0.0,16,16,,,0,0,,,0,0,1.0,16.0,16,16,1.0,16.0,16,16,1.0,16.0,16,16,1.0,16.0,16,16,,,0,0,,,0,0,0.0,0.0,16,16,,,0,0,1.0,16.0,16,16,,,0,0,,,0,0,,,0,0,,,0,0,,,0,0,,,0,0,1.0,16.0,16,16,,,0,0,,,0,0,,,0,0,0.0,0.0,16,16,,,0,0,,,0,0,,,0,0,,,0,0,,,0,0,16,UNKNOWN,NA
APR_SLAKE_STAGE2_BANK16,A,0,B0,RC_FIXED_OLD16,challenge,same_answer_context_not_conflict,STRICT_BASE,320,False,macro,32,15,6,UNKNOWN,0.6111111111111112,20.0,32,15,,,0,0,0.6111111111111112,20.0,32,15,0.6111111111111112,20.0,32,15,0.0,0.0,20,11,1.0,20.0,20,11,0.0,0.0,12,8,0.0,0.0,12,8,0.0,0.0,32,15,0.0,0.0,32,15,0.0,0.0,32,15,0.0,0.0,20,11,1.0,32.0,32,15,,,0,0,1.0,32.0,32,15,,,0,0,,,0,0,,,0,0,,,0,0,,,0,0,,,0,0,,,0,0,,,0,0,,,0,0,,,0,0,,,0,0,,,0,0,,,0,0,,,0,0,,,0,0,,,0,0,15,UNKNOWN,NA
APR_SLAKE_STAGE2_BANK16,A,0,B0,RC_FIXED_OLD16,challenge,same_answer_context_not_conflict,STRICT_BASE,320,False,micro,32,15,6,UNKNOWN,0.625,20.0,32,15,,,0,0,0.625,20.0,32,15,0.625,20.0,32,15,0.0,0.0,20,11,1.0,20.0,20,11,0.0,0.0,12,8,0.0,0.0,12,8,0.0,0.0,32,15,0.0,0.0,32,15,0.0,0.0,32,15,0.0,0.0,20,11,1.0,32.0,32,15,,,0,0,1.0,32.0,32,15,,,0,0,,,0,0,,,0,0,,,0,0,,,0,0,,,0,0,,,0,0,,,0,0,,,0,0,,,0,0,,,0,0,,,0,0,,,0,0,,,0,0,,,0,0,,,0,0,15,UNKNOWN,NA
APR_SLAKE_STAGE2_BANK16,A,0,B0,RC_FIXED_OLD16,evaluation,H,STRICT_BASE,320,False,macro,20,15,7,UNKNOWN,0.7666666666666667,15.0,20,15,,,0,0,0.7666666666666667,15.0,20,15,0.7666666666666667,15.0,20,15,0.0,0.0,15,13,1.0,15.0,15,13,0.0,0.0,5,5,0.0,0.0,5,5,0.0,0.0,20,15,0.0,0.0,20,15,0.0,0.0,20,15,0.0,0.0,15,13,1.0,20.0,20,15,,,0,0,0.0,0.0,20,15,,,0,0,,,0,0,,,0,0,,,0,0,,,0,0,,,0,0,,,0,0,,,0,0,,,0,0,,,0,0,,,0,0,,,0,0,,,0,0,,,0,0,,,0,0,,,0,0,13,UNKNOWN,NA
APR_SLAKE_STAGE2_BANK16,A,0,B0,RC_FIXED_OLD16,evaluation,H,STRICT_BASE,320,False,micro,20,15,7,UNKNOWN,0.75,15.0,20,15,,,0,0,0.75,15.0,20,15,0.75,15.0,20,15,0.0,0.0,15,13,1.0,15.0,15,13,0.0,0.0,5,5,0.0,0.0,5,5,0.0,0.0,20,15,0.0,0.0,20,15,0.0,0.0,20,15,0.0,0.0,15,13,1.0,20.0,20,15,,,0,0,0.0,0.0,20,15,,,0,0,,,0,0,,,0,0,,,0,0,,,0,0,,,0,0,,,0,0,,,0,0,,,0,0,,,0,0,,,0,0,,,0,0,,,0,0,,,0,0,,,0,0,,,0,0,13,UNKNOWN,NA
APR_SLAKE_STAGE2_BANK16,A,0,B0,RC_FIXED_OLD16,evaluation,U,STRICT_BASE,320,False,macro,202,16,41,UNKNOWN,0.6419986263736264,130.0,202,16,,,0,0,0.6419986263736264,130.0,202,16,0.6419986263736264,130.0,202,16,0.0,0.0,130,16,1.0,130.0,130,16,0.0,0.0,72,16,0.0,0.0,72,16,0.0,0.0,202,16,0.0,0.0,202,16,0.0,0.0,202,16,0.0,0.0,130,16,1.0,202.0,202,16,,,0,0,0.399496336996337,81.0,202,16,,,0,0,,,0,0,,,0,0,,,0,0,,,0,0,,,0,0,,,0,0,,,0,0,,,0,0,,,0,0,,,0,0,,,0,0,,,0,0,,,0,0,,,0,0,,,0,0,76,UNKNOWN,NA
APR_SLAKE_STAGE2_BANK16,A,0,B0,RC_FIXED_OLD16,evaluation,U,STRICT_BASE,320,False,micro,202,16,41,UNKNOWN,0.6435643564356436,130.0,202,16,,,0,0,0.6435643564356436,130.0,202,16,0.6435643564356436,130.0,202,16,0.0,0.0,130,16,1.0,130.0,130,16,0.0,0.0,72,16,0.0,0.0,72,16,0.0,0.0,202,16,0.0,0.0,202,16,0.0,0.0,202,16,0.0,0.0,130,16,1.0,202.0,202,16,,,0,0,0.400990099009901,81.0,202,16,,,0,0,,,0,0,,,0,0,,,0,0,,,0,0,,,0,0,,,0,0,,,0,0,,,0,0,,,0,0,,,0,0,,,0,0,,,0,0,,,0,0,,,0,0,,,0,0,76,UNKNOWN,NA
APR_SLAKE_STAGE2_BANK16,A,0,B0,RC_FIXED_OLD16,evaluation,cross_family_confirmation,EDIT_TARGET,320,False,macro,32,16,16,UNKNOWN,1.0,32.0,32,16,,,0,0,1.0,32.0,32,16,0.5,16.0,32,16,,,0,0,,,0,0,1.0,16.0,16,10,1.0,16.0,16,10,1.0,32.0,32,16,1.0,32.0,32,16,,,0,0,,,0,0,0.0,0.0,32,16,,,0,0,1.0,32.0,32,16,,,0,0,,,0,0,,,0,0,,,0,0,,,0,0,,,0,0,1.0,32.0,32,16,,,0,0,,,0,0,,,0,0,0.0,0.0,32,16,,,0,0,,,0,0,,,0,0,,,0,0,,,0,0,32,UNKNOWN,NA
APR_SLAKE_STAGE2_BANK16,A,0,B0,RC_FIXED_OLD16,evaluation,cross_family_confirmation,EDIT_TARGET,320,False,micro,32,16,16,UNKNOWN,1.0,32.0,32,16,,,0,0,1.0,32.0,32,16,0.5,16.0,32,16,,,0,0,,,0,0,1.0,16.0,16,10,1.0,16.0,16,10,1.0,32.0,32,16,1.0,32.0,32,16,,,0,0,,,0,0,0.0,0.0,32,16,,,0,0,1.0,32.0,32,16,,,0,0,,,0,0,,,0,0,,,0,0,,,0,0,,,0,0,1.0,32.0,32,16,,,0,0,,,0,0,,,0,0,0.0,0.0,32,16,,,0,0,,,0,0,,,0,0,,,0,0,,,0,0,32,UNKNOWN,NA
APR_SLAKE_STAGE2_BANK16,A,0,B0,RC_FIXED_OLD16,evaluation,source_style_confirmation,EDIT_TARGET,320,False,macro,32,16,16,UNKNOWN,1.0,32.0,32,16,,,0,0,1.0,32.0,32,16,0.59375,19.0,32,16,,,0,0,,,0,0,1.0,13.0,13,7,1.0,13.0,13,7,1.0,32.0,32,16,1.0,32.0,32,16,,,0,0,,,0,0,0.0,0.0,32,16,,,0,0,1.0,32.0,32,16,,,0,0,,,0,0,,,0,0,,,0,0,,,0,0,,,0,0,1.0,32.0,32,16,,,0,0,,,0,0,,,0,0,0.0,0.0,32,16,,,0,0,,,0,0,,,0,0,,,0,0,,,0,0,32,UNKNOWN,NA
APR_SLAKE_STAGE2_BANK16,A,0,B0,RC_FIXED_OLD16,evaluation,source_style_confirmation,EDIT_TARGET,320,False,micro,32,16,16,UNKNOWN,1.0,32.0,32,16,,,0,0,1.0,32.0,32,16,0.59375,19.0,32,16,,,0,0,,,0,0,1.0,13.0,13,7,1.0,13.0,13,7,1.0,32.0,32,16,1.0,32.0,32,16,,,0,0,,,0,0,0.0,0.0,32,16,,,0,0,1.0,32.0,32,16,,,0,0,,,0,0,,,0,0,,,0,0,,,0,0,,,0,0,1.0,32.0,32,16,,,0,0,,,0,0,,,0,0,0.0,0.0,32,16,,,0,0,,,0,0,,,0,0,,,0,0,,,0,0,32,UNKNOWN,NA
APR_SLAKE_STAGE2_BANK16,A,0,B0,RC_FIXED_OLD16,fit,H,STRICT_BASE,320,False,macro,28,16,9,UNKNOWN,0.9791666666666666,27.0,28,16,,,0,0,0.9791666666666666,27.0,28,16,0.9791666666666666,27.0,28,16,0.0,0.0,27,16,1.0,27.0,27,16,0.0,0.0,1,1,0.0,0.0,1,1,0.0,0.0,28,16,0.0,0.0,28,16,0.0,0.0,28,16,0.0,0.0,27,16,1.0,28.0,28,16,,,0,0,0.0,0.0,28,16,,,0,0,,,0,0,,,0,0,,,0,0,,,0,0,,,0,0,,,0,0,,,0,0,,,0,0,,,0,0,,,0,0,,,0,0,,,0,0,,,0,0,,,0,0,,,0,0,17,UNKNOWN,NA
APR_SLAKE_STAGE2_BANK16,A,0,B0,RC_FIXED_OLD16,fit,H,STRICT_BASE,320,False,micro,28,16,9,UNKNOWN,0.9642857142857143,27.0,28,16,,,0,0,0.9642857142857143,27.0,28,16,0.9642857142857143,27.0,28,16,0.0,0.0,27,16,1.0,27.0,27,16,0.0,0.0,1,1,0.0,0.0,1,1,0.0,0.0,28,16,0.0,0.0,28,16,0.0,0.0,28,16,0.0,0.0,27,16,1.0,28.0,28,16,,,0,0,0.0,0.0,28,16,,,0,0,,,0,0,,,0,0,,,0,0,,,0,0,,,0,0,,,0,0,,,0,0,,,0,0,,,0,0,,,0,0,,,0,0,,,0,0,,,0,0,,,0,0,,,0,0,17,UNKNOWN,NA
APR_SLAKE_STAGE2_BANK16,A,0,B0,RC_FIXED_OLD16,fit,U,STRICT_BASE,320,False,macro,217,16,43,UNKNOWN,0.5951236263736264,129.0,217,16,,,0,0,0.5951236263736264,129.0,217,16,0.5951236263736264,129.0,217,16,0.0,0.0,129,16,1.0,129.0,129,16,0.0,0.0,88,16,0.0,0.0,88,16,0.0,0.0,217,16,0.0,0.0,217,16,0.0,0.0,217,16,0.0,0.0,129,16,1.0,217.0,217,16,,,0,0,0.35370879120879123,77.0,217,16,,,0,0,,,0,0,,,0,0,,,0,0,,,0,0,,,0,0,,,0,0,,,0,0,,,0,0,,,0,0,,,0,0,,,0,0,,,0,0,,,0,0,,,0,0,,,0,0,76,UNKNOWN,NA
APR_SLAKE_STAGE2_BANK16,A,0,B0,RC_FIXED_OLD16,fit,U,STRICT_BASE,320,False,micro,217,16,43,UNKNOWN,0.5944700460829493,129.0,217,16,,,0,0,0.5944700460829493,129.0,217,16,0.5944700460829493,129.0,217,16,0.0,0.0,129,16,1.0,129.0,129,16,0.0,0.0,88,16,0.0,0.0,88,16,0.0,0.0,217,16,0.0,0.0,217,16,0.0,0.0,217,16,0.0,0.0,129,16,1.0,217.0,217,16,,,0,0,0.3548387096774194,77.0,217,16,,,0,0,,,0,0,,,0,0,,,0,0,,,0,0,,,0,0,,,0,0,,,0,0,,,0,0,,,0,0,,,0,0,,,0,0,,,0,0,,,0,0,,,0,0,,,0,0,76,UNKNOWN,NA
APR_SLAKE_STAGE2_BANK16,A,0,B0,RC_FIXED_OLD16,fit,cross_family_confirmation,EDIT_TARGET,320,False,macro,64,16,16,UNKNOWN,1.0,64.0,64,16,,,0,0,1.0,64.0,64,16,0.28125,18.0,64,16,,,0,0,,,0,0,1.0,46.0,46,16,1.0,46.0,46,16,1.0,64.0,64,16,1.0,64.0,64,16,,,0,0,,,0,0,0.0,0.0,64,16,,,0,0,1.0,64.0,64,16,,,0,0,,,0,0,,,0,0,,,0,0,,,0,0,,,0,0,1.0,64.0,64,16,,,0,0,,,0,0,,,0,0,0.0,0.0,64,16,,,0,0,,,0,0,,,0,0,,,0,0,,,0,0,64,UNKNOWN,NA
APR_SLAKE_STAGE2_BANK16,A,0,B0,RC_FIXED_OLD16,fit,cross_family_confirmation,EDIT_TARGET,320,False,micro,64,16,16,UNKNOWN,1.0,64.0,64,16,,,0,0,1.0,64.0,64,16,0.28125,18.0,64,16,,,0,0,,,0,0,1.0,46.0,46,16,1.0,46.0,46,16,1.0,64.0,64,16,1.0,64.0,64,16,,,0,0,,,0,0,0.0,0.0,64,16,,,0,0,1.0,64.0,64,16,,,0,0,,,0,0,,,0,0,,,0,0,,,0,0,,,0,0,1.0,64.0,64,16,,,0,0,,,0,0,,,0,0,0.0,0.0,64,16,,,0,0,,,0,0,,,0,0,,,0,0,,,0,0,64,UNKNOWN,NA
APR_SLAKE_STAGE2_BANK16,A,0,B0,RC_FIXED_OLD16,native,T0,EDIT_TARGET,320,False,macro,16,16,16,UNKNOWN,1.0,16.0,16,16,1.0,16.0,16,16,1.0,16.0,16,16,0.0,0.0,16,16,,,0,0,,,0,0,1.0,16.0,16,16,1.0,16.0,16,16,1.0,16.0,16,16,1.0,16.0,16,16,,,0,0,,,0,0,0.0,0.0,16,16,,,0,0,1.0,16.0,16,16,,,0,0,,,0,0,,,0,0,,,0,0,,,0,0,,,0,0,1.0,16.0,16,16,,,0,0,,,0,0,,,0,0,0.0,0.0,16,16,,,0,0,,,0,0,,,0,0,,,0,0,,,0,0,16,UNKNOWN,NA
APR_SLAKE_STAGE2_BANK16,A,0,B0,RC_FIXED_OLD16,native,T0,EDIT_TARGET,320,False,micro,16,16,16,UNKNOWN,1.0,16.0,16,16,1.0,16.0,16,16,1.0,16.0,16,16,0.0,0.0,16,16,,,0,0,,,0,0,1.0,16.0,16,16,1.0,16.0,16,16,1.0,16.0,16,16,1.0,16.0,16,16,,,0,0,,,0,0,0.0,0.0,16,16,,,0,0,1.0,16.0,16,16,,,0,0,,,0,0,,,0,0,,,0,0,,,0,0,,,0,0,1.0,16.0,16,16,,,0,0,,,0,0,,,0,0,0.0,0.0,16,16,,,0,0,,,0,0,,,0,0,,,0,0,,,0,0,16,UNKNOWN,NA
APR_SLAKE_STAGE2_BANK16,A,0,B1,FORCED_ON,challenge,same_answer_context_not_conflict,STRICT_BASE,320,False,macro,32,15,6,UNKNOWN,1.0,32.0,32,15,,,0,0,1.0,32.0,32,15,0.6111111111111112,20.0,32,15,0.0,0.0,20,11,1.0,20.0,20,11,1.0,12.0,12,8,1.0,12.0,12,8,1.0,32.0,32,15,1.0,32.0,32,15,1.0,32.0,32,15,0.0,0.0,20,11,0.13333333333333333,2.0,32,15,,,0,0,1.0,32.0,32,15,,,0,0,,,0,0,,,0,0,,,0,0,,,0,0,,,0,0,1.0,32.0,32,15,,,0,0,0.0,0.0,20,11,0.0,0.0,32,15,,,0,0,,,0,0,,,0,0,,,0,0,,,0,0,,,0,0,15,UNKNOWN,NA
APR_SLAKE_STAGE2_BANK16,A,0,B1,FORCED_ON,challenge,same_answer_context_not_conflict,STRICT_BASE,320,False,micro,32,15,6,UNKNOWN,1.0,32.0,32,15,,,0,0,1.0,32.0,32,15,0.625,20.0,32,15,0.0,0.0,20,11,1.0,20.0,20,11,1.0,12.0,12,8,1.0,12.0,12,8,1.0,32.0,32,15,1.0,32.0,32,15,1.0,32.0,32,15,0.0,0.0,20,11,0.0625,2.0,32,15,,,0,0,1.0,32.0,32,15,,,0,0,,,0,0,,,0,0,,,0,0,,,0,0,,,0,0,1.0,32.0,32,15,,,0,0,0.0,0.0,20,11,0.0,0.0,32,15,,,0,0,,,0,0,,,0,0,,,0,0,,,0,0,,,0,0,15,UNKNOWN,NA
APR_SLAKE_STAGE2_BANK16,A,0,B1,FORCED_ON,evaluation,H,STRICT_BASE,320,False,macro,20,15,7,UNKNOWN,0.3333333333333333,9.0,20,15,,,0,0,0.3333333333333333,9.0,20,15,0.7666666666666667,15.0,20,15,0.5384615384615384,7.0,15,13,0.46153846153846156,8.0,15,13,0.2,1.0,5,5,1.0,5.0,5,5,1.0,20.0,20,15,0.3333333333333333,9.0,20,15,1.0,20.0,20,15,0.5384615384615384,7.0,15,13,0.2,5.0,20,15,,,0,0,0.3333333333333333,9.0,20,15,,,0,0,,,0,0,,,0,0,,,0,0,,,0,0,,,0,0,1.0,20.0,20,15,,,0,0,0.5384615384615384,7.0,15,13,0.6666666666666666,11.0,20,15,,,0,0,,,0,0,,,0,0,,,0,0,,,0,0,,,0,0,13,UNKNOWN,NA
APR_SLAKE_STAGE2_BANK16,A,0,B1,FORCED_ON,evaluation,H,STRICT_BASE,320,False,micro,20,15,7,UNKNOWN,0.45,9.0,20,15,,,0,0,0.45,9.0,20,15,0.75,15.0,20,15,0.4666666666666667,7.0,15,13,0.5333333333333333,8.0,15,13,0.2,1.0,5,5,1.0,5.0,5,5,1.0,20.0,20,15,0.45,9.0,20,15,1.0,20.0,20,15,0.4666666666666667,7.0,15,13,0.25,5.0,20,15,,,0,0,0.45,9.0,20,15,,,0,0,,,0,0,,,0,0,,,0,0,,,0,0,,,0,0,1.0,20.0,20,15,,,0,0,0.4666666666666667,7.0,15,13,0.55,11.0,20,15,,,0,0,,,0,0,,,0,0,,,0,0,,,0,0,,,0,0,13,UNKNOWN,NA
APR_SLAKE_STAGE2_BANK16,A,0,B1,FORCED_ON,evaluation,U,STRICT_BASE,320,False,macro,202,16,41,UNKNOWN,0.5542582417582418,112.0,202,16,,,0,0,0.5542582417582418,112.0,202,16,0.6419986263736264,130.0,202,16,0.1762941919191919,25.0,130,16,0.8237058080808081,105.0,130,16,0.0943452380952381,7.0,72,16,0.4806547619047619,36.0,72,16,1.0,202.0,202,16,0.5542582417582418,112.0,202,16,1.0,202.0,202,16,0.1762941919191919,25.0,130,16,0.5322229853479854,108.0,202,16,,,0,0,0.5542582417582418,112.0,202,16,,,0,0,,,0,0,,,0,0,,,0,0,,,0,0,,,0,0,0.9791666666666666,198.0,202,16,,,0,0,0.1762941919191919,25.0,130,16,0.4457417582417582,90.0,202,16,,,0,0,,,0,0,,,0,0,,,0,0,,,0,0,,,0,0,76,UNKNOWN,NA
APR_SLAKE_STAGE2_BANK16,A,0,B1,FORCED_ON,evaluation,U,STRICT_BASE,320,False,micro,202,16,41,UNKNOWN,0.5544554455445545,112.0,202,16,,,0,0,0.5544554455445545,112.0,202,16,0.6435643564356436,130.0,202,16,0.19230769230769232,25.0,130,16,0.8076923076923077,105.0,130,16,0.09722222222222222,7.0,72,16,0.5,36.0,72,16,1.0,202.0,202,16,0.5544554455445545,112.0,202,16,1.0,202.0,202,16,0.19230769230769232,25.0,130,16,0.5346534653465347,108.0,202,16,,,0,0,0.5544554455445545,112.0,202,16,,,0,0,,,0,0,,,0,0,,,0,0,,,0,0,,,0,0,0.9801980198019802,198.0,202,16,,,0,0,0.19230769230769232,25.0,130,16,0.44554455445544555,90.0,202,16,,,0,0,,,0,0,,,0,0,,,0,0,,,0,0,,,0,0,76,UNKNOWN,NA
APR_SLAKE_STAGE2_BANK16,A,0,B1,FORCED_ON,evaluation,cross_family_confirmation,EDIT_TARGET,320,False,macro,32,16,16,UNKNOWN,1.0,32.0,32,16,,,0,0,1.0,32.0,32,16,0.5,16.0,32,16,,,0,0,,,0,0,1.0,16.0,16,10,1.0,16.0,16,10,1.0,32.0,32,16,1.0,32.0,32,16,,,0,0,,,0,0,0.0,0.0,32,16,,,0,0,1.0,32.0,32,16,,,0,0,,,0,0,,,0,0,,,0,0,,,0,0,,,0,0,1.0,32.0,32,16,,,0,0,,,0,0,,,0,0,0.0,0.0,32,16,,,0,0,,,0,0,,,0,0,,,0,0,,,0,0,32,UNKNOWN,NA
APR_SLAKE_STAGE2_BANK16,A,0,B1,FORCED_ON,evaluation,cross_family_confirmation,EDIT_TARGET,320,False,micro,32,16,16,UNKNOWN,1.0,32.0,32,16,,,0,0,1.0,32.0,32,16,0.5,16.0,32,16,,,0,0,,,0,0,1.0,16.0,16,10,1.0,16.0,16,10,1.0,32.0,32,16,1.0,32.0,32,16,,,0,0,,,0,0,0.0,0.0,32,16,,,0,0,1.0,32.0,32,16,,,0,0,,,0,0,,,0,0,,,0,0,,,0,0,,,0,0,1.0,32.0,32,16,,,0,0,,,0,0,,,0,0,0.0,0.0,32,16,,,0,0,,,0,0,,,0,0,,,0,0,,,0,0,32,UNKNOWN,NA
APR_SLAKE_STAGE2_BANK16,A,0,B1,FORCED_ON,evaluation,source_style_confirmation,EDIT_TARGET,320,False,macro,32,16,16,UNKNOWN,0.96875,31.0,32,16,,,0,0,0.96875,31.0,32,16,0.59375,19.0,32,16,,,0,0,,,0,0,1.0,13.0,13,7,1.0,13.0,13,7,1.0,32.0,32,16,0.96875,31.0,32,16,,,0,0,,,0,0,0.125,4.0,32,16,,,0,0,0.96875,31.0,32,16,,,0,0,,,0,0,,,0,0,,,0,0,,,0,0,,,0,0,1.0,32.0,32,16,,,0,0,,,0,0,,,0,0,0.0,0.0,32,16,,,0,0,,,0,0,,,0,0,,,0,0,,,0,0,32,UNKNOWN,NA
APR_SLAKE_STAGE2_BANK16,A,0,B1,FORCED_ON,evaluation,source_style_confirmation,EDIT_TARGET,320,False,micro,32,16,16,UNKNOWN,0.96875,31.0,32,16,,,0,0,0.96875,31.0,32,16,0.59375,19.0,32,16,,,0,0,,,0,0,1.0,13.0,13,7,1.0,13.0,13,7,1.0,32.0,32,16,0.96875,31.0,32,16,,,0,0,,,0,0,0.125,4.0,32,16,,,0,0,0.96875,31.0,32,16,,,0,0,,,0,0,,,0,0,,,0,0,,,0,0,,,0,0,1.0,32.0,32,16,,,0,0,,,0,0,,,0,0,0.0,0.0,32,16,,,0,0,,,0,0,,,0,0,,,0,0,,,0,0,32,UNKNOWN,NA
APR_SLAKE_STAGE2_BANK16,A,0,B1,FORCED_ON,fit,H,STRICT_BASE,320,False,macro,28,16,9,UNKNOWN,0.5625,20.0,28,16,,,0,0,0.5625,20.0,28,16,0.9791666666666666,27.0,28,16,0.4375,8.0,27,16,0.5625,19.0,27,16,1.0,1.0,1,1,1.0,1.0,1,1,1.0,28.0,28,16,0.5625,20.0,28,16,1.0,28.0,28,16,0.4375,8.0,27,16,0.28125,11.0,28,16,,,0,0,0.5625,20.0,28,16,,,0,0,,,0,0,,,0,0,,,0,0,,,0,0,,,0,0,1.0,28.0,28,16,,,0,0,0.4375,8.0,27,16,0.4375,8.0,28,16,,,0,0,,,0,0,,,0,0,,,0,0,,,0,0,,,0,0,17,UNKNOWN,NA
APR_SLAKE_STAGE2_BANK16,A,0,B1,FORCED_ON,fit,H,STRICT_BASE,320,False,micro,28,16,9,UNKNOWN,0.7142857142857143,20.0,28,16,,,0,0,0.7142857142857143,20.0,28,16,0.9642857142857143,27.0,28,16,0.2962962962962963,8.0,27,16,0.7037037037037037,19.0,27,16,1.0,1.0,1,1,1.0,1.0,1,1,1.0,28.0,28,16,0.7142857142857143,20.0,28,16,1.0,28.0,28,16,0.2962962962962963,8.0,27,16,0.39285714285714285,11.0,28,16,,,0,0,0.7142857142857143,20.0,28,16,,,0,0,,,0,0,,,0,0,,,0,0,,,0,0,,,0,0,1.0,28.0,28,16,,,0,0,0.2962962962962963,8.0,27,16,0.2857142857142857,8.0,28,16,,,0,0,,,0,0,,,0,0,,,0,0,,,0,0,,,0,0,17,UNKNOWN,NA
APR_SLAKE_STAGE2_BANK16,A,0,B1,FORCED_ON,fit,U,STRICT_BASE,320,False,macro,217,16,43,UNKNOWN,0.5319368131868132,115.0,217,16,,,0,0,0.5319368131868132,115.0,217,16,0.5951236263736264,129.0,217,16,0.18447420634920633,22.0,129,16,0.8155257936507936,107.0,129,16,0.07428075396825397,8.0,88,16,0.3710813492063492,35.0,88,16,1.0,217.0,217,16,0.5319368131868132,115.0,217,16,1.0,217.0,217,16,0.18447420634920633,22.0,129,16,0.5302197802197802,115.0,217,16,,,0,0,0.5319368131868132,115.0,217,16,,,0,0,,,0,0,,,0,0,,,0,0,,,0,0,,,0,0,0.9759615384615384,212.0,217,16,,,0,0,0.18447420634920633,22.0,129,16,0.4680631868131868,102.0,217,16,,,0,0,,,0,0,,,0,0,,,0,0,,,0,0,,,0,0,76,UNKNOWN,NA
APR_SLAKE_STAGE2_BANK16,A,0,B1,FORCED_ON,fit,U,STRICT_BASE,320,False,micro,217,16,43,UNKNOWN,0.5299539170506913,115.0,217,16,,,0,0,0.5299539170506913,115.0,217,16,0.5944700460829493,129.0,217,16,0.17054263565891473,22.0,129,16,0.8294573643410853,107.0,129,16,0.09090909090909091,8.0,88,16,0.3977272727272727,35.0,88,16,1.0,217.0,217,16,0.5299539170506913,115.0,217,16,1.0,217.0,217,16,0.17054263565891473,22.0,129,16,0.5299539170506913,115.0,217,16,,,0,0,0.5299539170506913,115.0,217,16,,,0,0,,,0,0,,,0,0,,,0,0,,,0,0,,,0,0,0.9769585253456221,212.0,217,16,,,0,0,0.17054263565891473,22.0,129,16,0.4700460829493088,102.0,217,16,,,0,0,,,0,0,,,0,0,,,0,0,,,0,0,,,0,0,76,UNKNOWN,NA
APR_SLAKE_STAGE2_BANK16,A,0,B1,FORCED_ON,fit,cross_family_confirmation,EDIT_TARGET,320,False,macro,64,16,16,UNKNOWN,1.0,64.0,64,16,,,0,0,1.0,64.0,64,16,0.28125,18.0,64,16,,,0,0,,,0,0,1.0,46.0,46,16,1.0,46.0,46,16,1.0,64.0,64,16,1.0,64.0,64,16,,,0,0,,,0,0,0.0,0.0,64,16,,,0,0,1.0,64.0,64,16,,,0,0,,,0,0,,,0,0,,,0,0,,,0,0,,,0,0,1.0,64.0,64,16,,,0,0,,,0,0,,,0,0,0.0,0.0,64,16,,,0,0,,,0,0,,,0,0,,,0,0,,,0,0,64,UNKNOWN,NA
APR_SLAKE_STAGE2_BANK16,A,0,B1,FORCED_ON,fit,cross_family_confirmation,EDIT_TARGET,320,False,micro,64,16,16,UNKNOWN,1.0,64.0,64,16,,,0,0,1.0,64.0,64,16,0.28125,18.0,64,16,,,0,0,,,0,0,1.0,46.0,46,16,1.0,46.0,46,16,1.0,64.0,64,16,1.0,64.0,64,16,,,0,0,,,0,0,0.0,0.0,64,16,,,0,0,1.0,64.0,64,16,,,0,0,,,0,0,,,0,0,,,0,0,,,0,0,,,0,0,1.0,64.0,64,16,,,0,0,,,0,0,,,0,0,0.0,0.0,64,16,,,0,0,,,0,0,,,0,0,,,0,0,,,0,0,64,UNKNOWN,NA
APR_SLAKE_STAGE2_BANK16,A,0,B1,FORCED_ON,native,T0,EDIT_TARGET,320,False,macro,16,16,16,UNKNOWN,1.0,16.0,16,16,1.0,16.0,16,16,1.0,16.0,16,16,0.0,0.0,16,16,,,0,0,,,0,0,1.0,16.0,16,16,1.0,16.0,16,16,1.0,16.0,16,16,1.0,16.0,16,16,,,0,0,,,0,0,0.0,0.0,16,16,,,0,0,1.0,16.0,16,16,,,0,0,,,0,0,,,0,0,,,0,0,,,0,0,,,0,0,1.0,16.0,16,16,,,0,0,,,0,0,,,0,0,0.0,0.0,16,16,,,0,0,,,0,0,,,0,0,,,0,0,,,0,0,16,UNKNOWN,NA
APR_SLAKE_STAGE2_BANK16,A,0,B1,FORCED_ON,native,T0,EDIT_TARGET,320,False,micro,16,16,16,UNKNOWN,1.0,16.0,16,16,1.0,16.0,16,16,1.0,16.0,16,16,0.0,0.0,16,16,,,0,0,,,0,0,1.0,16.0,16,16,1.0,16.0,16,16,1.0,16.0,16,16,1.0,16.0,16,16,,,0,0,,,0,0,0.0,0.0,16,16,,,0,0,1.0,16.0,16,16,,,0,0,,,0,0,,,0,0,,,0,0,,,0,0,,,0,0,1.0,16.0,16,16,,,0,0,,,0,0,,,0,0,0.0,0.0,16,16,,,0,0,,,0,0,,,0,0,,,0,0,,,0,0,16,UNKNOWN,NA
APR_SLAKE_STAGE2_BANK16,A,0,B1,RC_FIXED_OLD16,challenge,same_answer_context_not_conflict,STRICT_BASE,320,False,macro,32,15,6,UNKNOWN,0.6111111111111112,20.0,32,15,,,0,0,0.6111111111111112,20.0,32,15,0.6111111111111112,20.0,32,15,0.0,0.0,20,11,1.0,20.0,20,11,0.0,0.0,12,8,0.0,0.0,12,8,0.0,0.0,32,15,0.0,0.0,32,15,0.0,0.0,32,15,0.0,0.0,20,11,1.0,32.0,32,15,,,0,0,1.0,32.0,32,15,,,0,0,,,0,0,,,0,0,,,0,0,,,0,0,,,0,0,,,0,0,,,0,0,,,0,0,,,0,0,,,0,0,,,0,0,,,0,0,,,0,0,,,0,0,,,0,0,15,UNKNOWN,NA
APR_SLAKE_STAGE2_BANK16,A,0,B1,RC_FIXED_OLD16,challenge,same_answer_context_not_conflict,STRICT_BASE,320,False,micro,32,15,6,UNKNOWN,0.625,20.0,32,15,,,0,0,0.625,20.0,32,15,0.625,20.0,32,15,0.0,0.0,20,11,1.0,20.0,20,11,0.0,0.0,12,8,0.0,0.0,12,8,0.0,0.0,32,15,0.0,0.0,32,15,0.0,0.0,32,15,0.0,0.0,20,11,1.0,32.0,32,15,,,0,0,1.0,32.0,32,15,,,0,0,,,0,0,,,0,0,,,0,0,,,0,0,,,0,0,,,0,0,,,0,0,,,0,0,,,0,0,,,0,0,,,0,0,,,0,0,,,0,0,,,0,0,,,0,0,15,UNKNOWN,NA
APR_SLAKE_STAGE2_BANK16,A,0,B1,RC_FIXED_OLD16,evaluation,H,STRICT_BASE,320,False,macro,20,15,7,UNKNOWN,0.7666666666666667,15.0,20,15,,,0,0,0.7666666666666667,15.0,20,15,0.7666666666666667,15.0,20,15,0.0,0.0,15,13,1.0,15.0,15,13,0.0,0.0,5,5,0.0,0.0,5,5,0.0,0.0,20,15,0.0,0.0,20,15,0.0,0.0,20,15,0.0,0.0,15,13,1.0,20.0,20,15,,,0,0,0.3333333333333333,9.0,20,15,,,0,0,,,0,0,,,0,0,,,0,0,,,0,0,,,0,0,,,0,0,,,0,0,,,0,0,,,0,0,,,0,0,,,0,0,,,0,0,,,0,0,,,0,0,,,0,0,13,UNKNOWN,NA
APR_SLAKE_STAGE2_BANK16,A,0,B1,RC_FIXED_OLD16,evaluation,H,STRICT_BASE,320,False,micro,20,15,7,UNKNOWN,0.75,15.0,20,15,,,0,0,0.75,15.0,20,15,0.75,15.0,20,15,0.0,0.0,15,13,1.0,15.0,15,13,0.0,0.0,5,5,0.0,0.0,5,5,0.0,0.0,20,15,0.0,0.0,20,15,0.0,0.0,20,15,0.0,0.0,15,13,1.0,20.0,20,15,,,0,0,0.45,9.0,20,15,,,0,0,,,0,0,,,0,0,,,0,0,,,0,0,,,0,0,,,0,0,,,0,0,,,0,0,,,0,0,,,0,0,,,0,0,,,0,0,,,0,0,,,0,0,,,0,0,13,UNKNOWN,NA
APR_SLAKE_STAGE2_BANK16,A,0,B1,RC_FIXED_OLD16,evaluation,U,STRICT_BASE,320,False,macro,202,16,41,UNKNOWN,0.6419986263736264,130.0,202,16,,,0,0,0.6419986263736264,130.0,202,16,0.6419986263736264,130.0,202,16,0.0,0.0,130,16,1.0,130.0,130,16,0.0,0.0,72,16,0.0,0.0,72,16,0.0,0.0,202,16,0.0,0.0,202,16,0.0,0.0,202,16,0.0,0.0,130,16,1.0,202.0,202,16,,,0,0,0.5542582417582418,112.0,202,16,,,0,0,,,0,0,,,0,0,,,0,0,,,0,0,,,0,0,,,0,0,,,0,0,,,0,0,,,0,0,,,0,0,,,0,0,,,0,0,,,0,0,,,0,0,,,0,0,76,UNKNOWN,NA
APR_SLAKE_STAGE2_BANK16,A,0,B1,RC_FIXED_OLD16,evaluation,U,STRICT_BASE,320,False,micro,202,16,41,UNKNOWN,0.6435643564356436,130.0,202,16,,,0,0,0.6435643564356436,130.0,202,16,0.6435643564356436,130.0,202,16,0.0,0.0,130,16,1.0,130.0,130,16,0.0,0.0,72,16,0.0,0.0,72,16,0.0,0.0,202,16,0.0,0.0,202,16,0.0,0.0,202,16,0.0,0.0,130,16,1.0,202.0,202,16,,,0,0,0.5544554455445545,112.0,202,16,,,0,0,,,0,0,,,0,0,,,0,0,,,0,0,,,0,0,,,0,0,,,0,0,,,0,0,,,0,0,,,0,0,,,0,0,,,0,0,,,0,0,,,0,0,,,0,0,76,UNKNOWN,NA
APR_SLAKE_STAGE2_BANK16,A,0,B1,RC_FIXED_OLD16,evaluation,cross_family_confirmation,EDIT_TARGET,320,False,macro,32,16,16,UNKNOWN,1.0,32.0,32,16,,,0,0,1.0,32.0,32,16,0.5,16.0,32,16,,,0,0,,,0,0,1.0,16.0,16,10,1.0,16.0,16,10,1.0,32.0,32,16,1.0,32.0,32,16,,,0,0,,,0,0,0.0,0.0,32,16,,,0,0,1.0,32.0,32,16,,,0,0,,,0,0,,,0,0,,,0,0,,,0,0,,,0,0,1.0,32.0,32,16,,,0,0,,,0,0,,,0,0,0.0,0.0,32,16,,,0,0,,,0,0,,,0,0,,,0,0,,,0,0,32,UNKNOWN,NA
APR_SLAKE_STAGE2_BANK16,A,0,B1,RC_FIXED_OLD16,evaluation,cross_family_confirmation,EDIT_TARGET,320,False,micro,32,16,16,UNKNOWN,1.0,32.0,32,16,,,0,0,1.0,32.0,32,16,0.5,16.0,32,16,,,0,0,,,0,0,1.0,16.0,16,10,1.0,16.0,16,10,1.0,32.0,32,16,1.0,32.0,32,16,,,0,0,,,0,0,0.0,0.0,32,16,,,0,0,1.0,32.0,32,16,,,0,0,,,0,0,,,0,0,,,0,0,,,0,0,,,0,0,1.0,32.0,32,16,,,0,0,,,0,0,,,0,0,0.0,0.0,32,16,,,0,0,,,0,0,,,0,0,,,0,0,,,0,0,32,UNKNOWN,NA
APR_SLAKE_STAGE2_BANK16,A,0,B1,RC_FIXED_OLD16,evaluation,source_style_confirmation,EDIT_TARGET,320,False,macro,32,16,16,UNKNOWN,0.96875,31.0,32,16,,,0,0,0.96875,31.0,32,16,0.59375,19.0,32,16,,,0,0,,,0,0,1.0,13.0,13,7,1.0,13.0,13,7,1.0,32.0,32,16,0.96875,31.0,32,16,,,0,0,,,0,0,0.125,4.0,32,16,,,0,0,0.96875,31.0,32,16,,,0,0,,,0,0,,,0,0,,,0,0,,,0,0,,,0,0,1.0,32.0,32,16,,,0,0,,,0,0,,,0,0,0.0,0.0,32,16,,,0,0,,,0,0,,,0,0,,,0,0,,,0,0,32,UNKNOWN,NA
APR_SLAKE_STAGE2_BANK16,A,0,B1,RC_FIXED_OLD16,evaluation,source_style_confirmation,EDIT_TARGET,320,False,micro,32,16,16,UNKNOWN,0.96875,31.0,32,16,,,0,0,0.96875,31.0,32,16,0.59375,19.0,32,16,,,0,0,,,0,0,1.0,13.0,13,7,1.0,13.0,13,7,1.0,32.0,32,16,0.96875,31.0,32,16,,,0,0,,,0,0,0.125,4.0,32,16,,,0,0,0.96875,31.0,32,16,,,0,0,,,0,0,,,0,0,,,0,0,,,0,0,,,0,0,1.0,32.0,32,16,,,0,0,,,0,0,,,0,0,0.0,0.0,32,16,,,0,0,,,0,0,,,0,0,,,0,0,,,0,0,32,UNKNOWN,NA
APR_SLAKE_STAGE2_BANK16,A,0,B1,RC_FIXED_OLD16,fit,H,STRICT_BASE,320,False,macro,28,16,9,UNKNOWN,0.9791666666666666,27.0,28,16,,,0,0,0.9791666666666666,27.0,28,16,0.9791666666666666,27.0,28,16,0.0,0.0,27,16,1.0,27.0,27,16,0.0,0.0,1,1,0.0,0.0,1,1,0.0,0.0,28,16,0.0,0.0,28,16,0.0,0.0,28,16,0.0,0.0,27,16,1.0,28.0,28,16,,,0,0,0.5625,20.0,28,16,,,0,0,,,0,0,,,0,0,,,0,0,,,0,0,,,0,0,,,0,0,,,0,0,,,0,0,,,0,0,,,0,0,,,0,0,,,0,0,,,0,0,,,0,0,,,0,0,17,UNKNOWN,NA
APR_SLAKE_STAGE2_BANK16,A,0,B1,RC_FIXED_OLD16,fit,H,STRICT_BASE,320,False,micro,28,16,9,UNKNOWN,0.9642857142857143,27.0,28,16,,,0,0,0.9642857142857143,27.0,28,16,0.9642857142857143,27.0,28,16,0.0,0.0,27,16,1.0,27.0,27,16,0.0,0.0,1,1,0.0,0.0,1,1,0.0,0.0,28,16,0.0,0.0,28,16,0.0,0.0,28,16,0.0,0.0,27,16,1.0,28.0,28,16,,,0,0,0.7142857142857143,20.0,28,16,,,0,0,,,0,0,,,0,0,,,0,0,,,0,0,,,0,0,,,0,0,,,0,0,,,0,0,,,0,0,,,0,0,,,0,0,,,0,0,,,0,0,,,0,0,,,0,0,17,UNKNOWN,NA
APR_SLAKE_STAGE2_BANK16,A,0,B1,RC_FIXED_OLD16,fit,U,STRICT_BASE,320,False,macro,217,16,43,UNKNOWN,0.5951236263736264,129.0,217,16,,,0,0,0.5951236263736264,129.0,217,16,0.5951236263736264,129.0,217,16,0.0,0.0,129,16,1.0,129.0,129,16,0.0,0.0,88,16,0.0,0.0,88,16,0.0,0.0,217,16,0.0,0.0,217,16,0.0,0.0,217,16,0.0,0.0,129,16,1.0,217.0,217,16,,,0,0,0.5319368131868132,115.0,217,16,,,0,0,,,0,0,,,0,0,,,0,0,,,0,0,,,0,0,,,0,0,,,0,0,,,0,0,,,0,0,,,0,0,,,0,0,,,0,0,,,0,0,,,0,0,,,0,0,76,UNKNOWN,NA
APR_SLAKE_STAGE2_BANK16,A,0,B1,RC_FIXED_OLD16,fit,U,STRICT_BASE,320,False,micro,217,16,43,UNKNOWN,0.5944700460829493,129.0,217,16,,,0,0,0.5944700460829493,129.0,217,16,0.5944700460829493,129.0,217,16,0.0,0.0,129,16,1.0,129.0,129,16,0.0,0.0,88,16,0.0,0.0,88,16,0.0,0.0,217,16,0.0,0.0,217,16,0.0,0.0,217,16,0.0,0.0,129,16,1.0,217.0,217,16,,,0,0,0.5299539170506913,115.0,217,16,,,0,0,,,0,0,,,0,0,,,0,0,,,0,0,,,0,0,,,0,0,,,0,0,,,0,0,,,0,0,,,0,0,,,0,0,,,0,0,,,0,0,,,0,0,,,0,0,76,UNKNOWN,NA
APR_SLAKE_STAGE2_BANK16,A,0,B1,RC_FIXED_OLD16,fit,cross_family_confirmation,EDIT_TARGET,320,False,macro,64,16,16,UNKNOWN,1.0,64.0,64,16,,,0,0,1.0,64.0,64,16,0.28125,18.0,64,16,,,0,0,,,0,0,1.0,46.0,46,16,1.0,46.0,46,16,1.0,64.0,64,16,1.0,64.0,64,16,,,0,0,,,0,0,0.0,0.0,64,16,,,0,0,1.0,64.0,64,16,,,0,0,,,0,0,,,0,0,,,0,0,,,0,0,,,0,0,1.0,64.0,64,16,,,0,0,,,0,0,,,0,0,0.0,0.0,64,16,,,0,0,,,0,0,,,0,0,,,0,0,,,0,0,64,UNKNOWN,NA
APR_SLAKE_STAGE2_BANK16,A,0,B1,RC_FIXED_OLD16,fit,cross_family_confirmation,EDIT_TARGET,320,False,micro,64,16,16,UNKNOWN,1.0,64.0,64,16,,,0,0,1.0,64.0,64,16,0.28125,18.0,64,16,,,0,0,,,0,0,1.0,46.0,46,16,1.0,46.0,46,16,1.0,64.0,64,16,1.0,64.0,64,16,,,0,0,,,0,0,0.0,0.0,64,16,,,0,0,1.0,64.0,64,16,,,0,0,,,0,0,,,0,0,,,0,0,,,0,0,,,0,0,1.0,64.0,64,16,,,0,0,,,0,0,,,0,0,0.0,0.0,64,16,,,0,0,,,0,0,,,0,0,,,0,0,,,0,0,64,UNKNOWN,NA
APR_SLAKE_STAGE2_BANK16,A,0,B1,RC_FIXED_OLD16,native,T0,EDIT_TARGET,320,False,macro,16,16,16,UNKNOWN,1.0,16.0,16,16,1.0,16.0,16,16,1.0,16.0,16,16,0.0,0.0,16,16,,,0,0,,,0,0,1.0,16.0,16,16,1.0,16.0,16,16,1.0,16.0,16,16,1.0,16.0,16,16,,,0,0,,,0,0,0.0,0.0,16,16,,,0,0,1.0,16.0,16,16,,,0,0,,,0,0,,,0,0,,,0,0,,,0,0,,,0,0,1.0,16.0,16,16,,,0,0,,,0,0,,,0,0,0.0,0.0,16,16,,,0,0,,,0,0,,,0,0,,,0,0,,,0,0,16,UNKNOWN,NA
APR_SLAKE_STAGE2_BANK16,A,0,B1,RC_FIXED_OLD16,native,T0,EDIT_TARGET,320,False,micro,16,16,16,UNKNOWN,1.0,16.0,16,16,1.0,16.0,16,16,1.0,16.0,16,16,0.0,0.0,16,16,,,0,0,,,0,0,1.0,16.0,16,16,1.0,16.0,16,16,1.0,16.0,16,16,1.0,16.0,16,16,,,0,0,,,0,0,0.0,0.0,16,16,,,0,0,1.0,16.0,16,16,,,0,0,,,0,0,,,0,0,,,0,0,,,0,0,,,0,0,1.0,16.0,16,16,,,0,0,,,0,0,,,0,0,0.0,0.0,16,16,,,0,0,,,0,0,,,0,0,,,0,0,,,0,0,16,UNKNOWN,NA
APR_SLAKE_STAGE2_BANK16,A,0,B2,FORCED_ON,challenge,same_answer_context_not_conflict,STRICT_BASE,320,False,macro,32,15,6,UNKNOWN,1.0,32.0,32,15,,,0,0,1.0,32.0,32,15,0.6111111111111112,20.0,32,15,0.0,0.0,20,11,1.0,20.0,20,11,1.0,12.0,12,8,1.0,12.0,12,8,1.0,32.0,32,15,1.0,32.0,32,15,1.0,32.0,32,15,0.0,0.0,20,11,0.0,0.0,32,15,,,0,0,1.0,32.0,32,15,,,0,0,,,0,0,,,0,0,,,0,0,,,0,0,,,0,0,1.0,32.0,32,15,,,0,0,0.0,0.0,20,11,0.0,0.0,32,15,,,0,0,,,0,0,,,0,0,,,0,0,,,0,0,,,0,0,15,UNKNOWN,NA
APR_SLAKE_STAGE2_BANK16,A,0,B2,FORCED_ON,challenge,same_answer_context_not_conflict,STRICT_BASE,320,False,micro,32,15,6,UNKNOWN,1.0,32.0,32,15,,,0,0,1.0,32.0,32,15,0.625,20.0,32,15,0.0,0.0,20,11,1.0,20.0,20,11,1.0,12.0,12,8,1.0,12.0,12,8,1.0,32.0,32,15,1.0,32.0,32,15,1.0,32.0,32,15,0.0,0.0,20,11,0.0,0.0,32,15,,,0,0,1.0,32.0,32,15,,,0,0,,,0,0,,,0,0,,,0,0,,,0,0,,,0,0,1.0,32.0,32,15,,,0,0,0.0,0.0,20,11,0.0,0.0,32,15,,,0,0,,,0,0,,,0,0,,,0,0,,,0,0,,,0,0,15,UNKNOWN,NA
APR_SLAKE_STAGE2_BANK16,A,0,B2,FORCED_ON,evaluation,H,STRICT_BASE,320,False,macro,20,15,7,UNKNOWN,0.0,0.0,20,15,,,0,0,0.0,0.0,20,15,0.7666666666666667,15.0,20,15,1.0,15.0,15,13,0.0,0.0,15,13,0.0,0.0,5,5,1.0,5.0,5,5,1.0,20.0,20,15,0.0,0.0,20,15,1.0,20.0,20,15,1.0,15.0,15,13,0.0,0.0,20,15,,,0,0,0.0,0.0,20,15,,,0,0,,,0,0,,,0,0,,,0,0,,,0,0,,,0,0,1.0,20.0,20,15,,,0,0,1.0,15.0,15,13,1.0,20.0,20,15,,,0,0,,,0,0,,,0,0,,,0,0,,,0,0,,,0,0,13,UNKNOWN,NA
APR_SLAKE_STAGE2_BANK16,A,0,B2,FORCED_ON,evaluation,H,STRICT_BASE,320,False,micro,20,15,7,UNKNOWN,0.0,0.0,20,15,,,0,0,0.0,0.0,20,15,0.75,15.0,20,15,1.0,15.0,15,13,0.0,0.0,15,13,0.0,0.0,5,5,1.0,5.0,5,5,1.0,20.0,20,15,0.0,0.0,20,15,1.0,20.0,20,15,1.0,15.0,15,13,0.0,0.0,20,15,,,0,0,0.0,0.0,20,15,,,0,0,,,0,0,,,0,0,,,0,0,,,0,0,,,0,0,1.0,20.0,20,15,,,0,0,1.0,15.0,15,13,1.0,20.0,20,15,,,0,0,,,0,0,,,0,0,,,0,0,,,0,0,,,0,0,13,UNKNOWN,NA
APR_SLAKE_STAGE2_BANK16,A,0,B2,FORCED_ON,evaluation,U,STRICT_BASE,320,False,macro,202,16,41,UNKNOWN,0.4941048534798535,100.0,202,16,,,0,0,0.4941048534798535,100.0,202,16,0.6419986263736264,130.0,202,16,0.3115936147186147,42.0,130,16,0.6884063852813853,88.0,130,16,0.16354166666666667,12.0,72,16,0.5736607142857143,42.0,72,16,1.0,202.0,202,16,0.4941048534798535,100.0,202,16,1.0,202.0,202,16,0.3115936147186147,42.0,130,16,0.4512934981684982,91.0,202,16,,,0,0,0.4941048534798535,100.0,202,16,,,0,0,,,0,0,,,0,0,,,0,0,,,0,0,,,0,0,1.0,202.0,202,16,,,0,0,0.3115936147186147,42.0,130,16,0.5058951465201466,102.0,202,16,,,0,0,,,0,0,,,0,0,,,0,0,,,0,0,,,0,0,76,UNKNOWN,NA
APR_SLAKE_STAGE2_BANK16,A,0,B2,FORCED_ON,evaluation,U,STRICT_BASE,320,False,micro,202,16,41,UNKNOWN,0.49504950495049505,100.0,202,16,,,0,0,0.49504950495049505,100.0,202,16,0.6435643564356436,130.0,202,16,0.3230769230769231,42.0,130,16,0.676923076923077,88.0,130,16,0.16666666666666666,12.0,72,16,0.5833333333333334,42.0,72,16,1.0,202.0,202,16,0.49504950495049505,100.0,202,16,1.0,202.0,202,16,0.3230769230769231,42.0,130,16,0.4504950495049505,91.0,202,16,,,0,0,0.49504950495049505,100.0,202,16,,,0,0,,,0,0,,,0,0,,,0,0,,,0,0,,,0,0,1.0,202.0,202,16,,,0,0,0.3230769230769231,42.0,130,16,0.504950495049505,102.0,202,16,,,0,0,,,0,0,,,0,0,,,0,0,,,0,0,,,0,0,76,UNKNOWN,NA
APR_SLAKE_STAGE2_BANK16,A,0,B2,FORCED_ON,evaluation,cross_family_confirmation,EDIT_TARGET,320,False,macro,32,16,16,UNKNOWN,1.0,32.0,32,16,,,0,0,1.0,32.0,32,16,0.5,16.0,32,16,,,0,0,,,0,0,1.0,16.0,16,10,1.0,16.0,16,10,1.0,32.0,32,16,1.0,32.0,32,16,,,0,0,,,0,0,0.0,0.0,32,16,,,0,0,1.0,32.0,32,16,,,0,0,,,0,0,,,0,0,,,0,0,,,0,0,,,0,0,1.0,32.0,32,16,,,0,0,,,0,0,,,0,0,0.0,0.0,32,16,,,0,0,,,0,0,,,0,0,,,0,0,,,0,0,32,UNKNOWN,NA
APR_SLAKE_STAGE2_BANK16,A,0,B2,FORCED_ON,evaluation,cross_family_confirmation,EDIT_TARGET,320,False,micro,32,16,16,UNKNOWN,1.0,32.0,32,16,,,0,0,1.0,32.0,32,16,0.5,16.0,32,16,,,0,0,,,0,0,1.0,16.0,16,10,1.0,16.0,16,10,1.0,32.0,32,16,1.0,32.0,32,16,,,0,0,,,0,0,0.0,0.0,32,16,,,0,0,1.0,32.0,32,16,,,0,0,,,0,0,,,0,0,,,0,0,,,0,0,,,0,0,1.0,32.0,32,16,,,0,0,,,0,0,,,0,0,0.0,0.0,32,16,,,0,0,,,0,0,,,0,0,,,0,0,,,0,0,32,UNKNOWN,NA
APR_SLAKE_STAGE2_BANK16,A,0,B2,FORCED_ON,evaluation,source_style_confirmation,EDIT_TARGET,320,False,macro,32,16,16,UNKNOWN,1.0,32.0,32,16,,,0,0,1.0,32.0,32,16,0.59375,19.0,32,16,,,0,0,,,0,0,1.0,13.0,13,7,1.0,13.0,13,7,1.0,32.0,32,16,1.0,32.0,32,16,,,0,0,,,0,0,0.0,0.0,32,16,,,0,0,1.0,32.0,32,16,,,0,0,,,0,0,,,0,0,,,0,0,,,0,0,,,0,0,1.0,32.0,32,16,,,0,0,,,0,0,,,0,0,0.0,0.0,32,16,,,0,0,,,0,0,,,0,0,,,0,0,,,0,0,32,UNKNOWN,NA
APR_SLAKE_STAGE2_BANK16,A,0,B2,FORCED_ON,evaluation,source_style_confirmation,EDIT_TARGET,320,False,micro,32,16,16,UNKNOWN,1.0,32.0,32,16,,,0,0,1.0,32.0,32,16,0.59375,19.0,32,16,,,0,0,,,0,0,1.0,13.0,13,7,1.0,13.0,13,7,1.0,32.0,32,16,1.0,32.0,32,16,,,0,0,,,0,0,0.0,0.0,32,16,,,0,0,1.0,32.0,32,16,,,0,0,,,0,0,,,0,0,,,0,0,,,0,0,,,0,0,1.0,32.0,32,16,,,0,0,,,0,0,,,0,0,0.0,0.0,32,16,,,0,0,,,0,0,,,0,0,,,0,0,,,0,0,32,UNKNOWN,NA
APR_SLAKE_STAGE2_BANK16,A,0,B2,FORCED_ON,fit,H,STRICT_BASE,320,False,macro,28,16,9,UNKNOWN,0.0,0.0,28,16,,,0,0,0.0,0.0,28,16,0.9791666666666666,27.0,28,16,1.0,27.0,27,16,0.0,0.0,27,16,0.0,0.0,1,1,1.0,1.0,1,1,1.0,28.0,28,16,0.0,0.0,28,16,1.0,28.0,28,16,1.0,27.0,27,16,0.0,0.0,28,16,,,0,0,0.0,0.0,28,16,,,0,0,,,0,0,,,0,0,,,0,0,,,0,0,,,0,0,1.0,28.0,28,16,,,0,0,1.0,27.0,27,16,1.0,28.0,28,16,,,0,0,,,0,0,,,0,0,,,0,0,,,0,0,,,0,0,17,UNKNOWN,NA
APR_SLAKE_STAGE2_BANK16,A,0,B2,FORCED_ON,fit,H,STRICT_BASE,320,False,micro,28,16,9,UNKNOWN,0.0,0.0,28,16,,,0,0,0.0,0.0,28,16,0.9642857142857143,27.0,28,16,1.0,27.0,27,16,0.0,0.0,27,16,0.0,0.0,1,1,1.0,1.0,1,1,1.0,28.0,28,16,0.0,0.0,28,16,1.0,28.0,28,16,1.0,27.0,27,16,0.0,0.0,28,16,,,0,0,0.0,0.0,28,16,,,0,0,,,0,0,,,0,0,,,0,0,,,0,0,,,0,0,1.0,28.0,28,16,,,0,0,1.0,27.0,27,16,1.0,28.0,28,16,,,0,0,,,0,0,,,0,0,,,0,0,,,0,0,,,0,0,17,UNKNOWN,NA
APR_SLAKE_STAGE2_BANK16,A,0,B2,FORCED_ON,fit,U,STRICT_BASE,320,False,macro,217,16,43,UNKNOWN,0.4375,95.0,217,16,,,0,0,0.4375,95.0,217,16,0.5951236263736264,129.0,217,16,0.3273313492063492,44.0,129,16,0.6726686507936508,85.0,129,16,0.09970238095238095,10.0,88,16,0.5432787698412699,48.0,88,16,1.0,217.0,217,16,0.4375,95.0,217,16,1.0,217.0,217,16,0.3273313492063492,44.0,129,16,0.4268543956043956,93.0,217,16,,,0,0,0.4375,95.0,217,16,,,0,0,,,0,0,,,0,0,,,0,0,,,0,0,,,0,0,1.0,217.0,217,16,,,0,0,0.3273313492063492,44.0,129,16,0.5625,122.0,217,16,,,0,0,,,0,0,,,0,0,,,0,0,,,0,0,,,0,0,76,UNKNOWN,NA
APR_SLAKE_STAGE2_BANK16,A,0,B2,FORCED_ON,fit,U,STRICT_BASE,320,False,micro,217,16,43,UNKNOWN,0.4377880184331797,95.0,217,16,,,0,0,0.4377880184331797,95.0,217,16,0.5944700460829493,129.0,217,16,0.34108527131782945,44.0,129,16,0.6589147286821705,85.0,129,16,0.11363636363636363,10.0,88,16,0.5454545454545454,48.0,88,16,1.0,217.0,217,16,0.4377880184331797,95.0,217,16,1.0,217.0,217,16,0.34108527131782945,44.0,129,16,0.42857142857142855,93.0,217,16,,,0,0,0.4377880184331797,95.0,217,16,,,0,0,,,0,0,,,0,0,,,0,0,,,0,0,,,0,0,1.0,217.0,217,16,,,0,0,0.34108527131782945,44.0,129,16,0.5622119815668203,122.0,217,16,,,0,0,,,0,0,,,0,0,,,0,0,,,0,0,,,0,0,76,UNKNOWN,NA
APR_SLAKE_STAGE2_BANK16,A,0,B2,FORCED_ON,fit,cross_family_confirmation,EDIT_TARGET,320,False,macro,64,16,16,UNKNOWN,1.0,64.0,64,16,,,0,0,1.0,64.0,64,16,0.28125,18.0,64,16,,,0,0,,,0,0,1.0,46.0,46,16,1.0,46.0,46,16,1.0,64.0,64,16,1.0,64.0,64,16,,,0,0,,,0,0,0.0,0.0,64,16,,,0,0,1.0,64.0,64,16,,,0,0,,,0,0,,,0,0,,,0,0,,,0,0,,,0,0,1.0,64.0,64,16,,,0,0,,,0,0,,,0,0,0.0,0.0,64,16,,,0,0,,,0,0,,,0,0,,,0,0,,,0,0,64,UNKNOWN,NA
APR_SLAKE_STAGE2_BANK16,A,0,B2,FORCED_ON,fit,cross_family_confirmation,EDIT_TARGET,320,False,micro,64,16,16,UNKNOWN,1.0,64.0,64,16,,,0,0,1.0,64.0,64,16,0.28125,18.0,64,16,,,0,0,,,0,0,1.0,46.0,46,16,1.0,46.0,46,16,1.0,64.0,64,16,1.0,64.0,64,16,,,0,0,,,0,0,0.0,0.0,64,16,,,0,0,1.0,64.0,64,16,,,0,0,,,0,0,,,0,0,,,0,0,,,0,0,,,0,0,1.0,64.0,64,16,,,0,0,,,0,0,,,0,0,0.0,0.0,64,16,,,0,0,,,0,0,,,0,0,,,0,0,,,0,0,64,UNKNOWN,NA
APR_SLAKE_STAGE2_BANK16,A,0,B2,FORCED_ON,native,T0,EDIT_TARGET,320,False,macro,16,16,16,UNKNOWN,1.0,16.0,16,16,1.0,16.0,16,16,1.0,16.0,16,16,0.0,0.0,16,16,,,0,0,,,0,0,1.0,16.0,16,16,1.0,16.0,16,16,1.0,16.0,16,16,1.0,16.0,16,16,,,0,0,,,0,0,0.0,0.0,16,16,,,0,0,1.0,16.0,16,16,,,0,0,,,0,0,,,0,0,,,0,0,,,0,0,,,0,0,1.0,16.0,16,16,,,0,0,,,0,0,,,0,0,0.0,0.0,16,16,,,0,0,,,0,0,,,0,0,,,0,0,,,0,0,16,UNKNOWN,NA
APR_SLAKE_STAGE2_BANK16,A,0,B2,FORCED_ON,native,T0,EDIT_TARGET,320,False,micro,16,16,16,UNKNOWN,1.0,16.0,16,16,1.0,16.0,16,16,1.0,16.0,16,16,0.0,0.0,16,16,,,0,0,,,0,0,1.0,16.0,16,16,1.0,16.0,16,16,1.0,16.0,16,16,1.0,16.0,16,16,,,0,0,,,0,0,0.0,0.0,16,16,,,0,0,1.0,16.0,16,16,,,0,0,,,0,0,,,0,0,,,0,0,,,0,0,,,0,0,1.0,16.0,16,16,,,0,0,,,0,0,,,0,0,0.0,0.0,16,16,,,0,0,,,0,0,,,0,0,,,0,0,,,0,0,16,UNKNOWN,NA
APR_SLAKE_STAGE2_BANK16,A,0,B2,RC_FIXED_OLD16,challenge,same_answer_context_not_conflict,STRICT_BASE,320,False,macro,32,15,6,UNKNOWN,0.6111111111111112,20.0,32,15,,,0,0,0.6111111111111112,20.0,32,15,0.6111111111111112,20.0,32,15,0.0,0.0,20,11,1.0,20.0,20,11,0.0,0.0,12,8,0.0,0.0,12,8,0.0,0.0,32,15,0.0,0.0,32,15,0.0,0.0,32,15,0.0,0.0,20,11,1.0,32.0,32,15,,,0,0,1.0,32.0,32,15,,,0,0,,,0,0,,,0,0,,,0,0,,,0,0,,,0,0,,,0,0,,,0,0,,,0,0,,,0,0,,,0,0,,,0,0,,,0,0,,,0,0,,,0,0,,,0,0,15,UNKNOWN,NA
APR_SLAKE_STAGE2_BANK16,A,0,B2,RC_FIXED_OLD16,challenge,same_answer_context_not_conflict,STRICT_BASE,320,False,micro,32,15,6,UNKNOWN,0.625,20.0,32,15,,,0,0,0.625,20.0,32,15,0.625,20.0,32,15,0.0,0.0,20,11,1.0,20.0,20,11,0.0,0.0,12,8,0.0,0.0,12,8,0.0,0.0,32,15,0.0,0.0,32,15,0.0,0.0,32,15,0.0,0.0,20,11,1.0,32.0,32,15,,,0,0,1.0,32.0,32,15,,,0,0,,,0,0,,,0,0,,,0,0,,,0,0,,,0,0,,,0,0,,,0,0,,,0,0,,,0,0,,,0,0,,,0,0,,,0,0,,,0,0,,,0,0,,,0,0,15,UNKNOWN,NA
APR_SLAKE_STAGE2_BANK16,A,0,B2,RC_FIXED_OLD16,evaluation,H,STRICT_BASE,320,False,macro,20,15,7,UNKNOWN,0.7666666666666667,15.0,20,15,,,0,0,0.7666666666666667,15.0,20,15,0.7666666666666667,15.0,20,15,0.0,0.0,15,13,1.0,15.0,15,13,0.0,0.0,5,5,0.0,0.0,5,5,0.0,0.0,20,15,0.0,0.0,20,15,0.0,0.0,20,15,0.0,0.0,15,13,1.0,20.0,20,15,,,0,0,0.0,0.0,20,15,,,0,0,,,0,0,,,0,0,,,0,0,,,0,0,,,0,0,,,0,0,,,0,0,,,0,0,,,0,0,,,0,0,,,0,0,,,0,0,,,0,0,,,0,0,,,0,0,13,UNKNOWN,NA
APR_SLAKE_STAGE2_BANK16,A,0,B2,RC_FIXED_OLD16,evaluation,H,STRICT_BASE,320,False,micro,20,15,7,UNKNOWN,0.75,15.0,20,15,,,0,0,0.75,15.0,20,15,0.75,15.0,20,15,0.0,0.0,15,13,1.0,15.0,15,13,0.0,0.0,5,5,0.0,0.0,5,5,0.0,0.0,20,15,0.0,0.0,20,15,0.0,0.0,20,15,0.0,0.0,15,13,1.0,20.0,20,15,,,0,0,0.0,0.0,20,15,,,0,0,,,0,0,,,0,0,,,0,0,,,0,0,,,0,0,,,0,0,,,0,0,,,0,0,,,0,0,,,0,0,,,0,0,,,0,0,,,0,0,,,0,0,,,0,0,13,UNKNOWN,NA
APR_SLAKE_STAGE2_BANK16,A,0,B2,RC_FIXED_OLD16,evaluation,U,STRICT_BASE,320,False,macro,202,16,41,UNKNOWN,0.6419986263736264,130.0,202,16,,,0,0,0.6419986263736264,130.0,202,16,0.6419986263736264,130.0,202,16,0.0,0.0,130,16,1.0,130.0,130,16,0.0,0.0,72,16,0.0,0.0,72,16,0.0,0.0,202,16,0.0,0.0,202,16,0.0,0.0,202,16,0.0,0.0,130,16,1.0,202.0,202,16,,,0,0,0.4941048534798535,100.0,202,16,,,0,0,,,0,0,,,0,0,,,0,0,,,0,0,,,0,0,,,0,0,,,0,0,,,0,0,,,0,0,,,0,0,,,0,0,,,0,0,,,0,0,,,0,0,,,0,0,76,UNKNOWN,NA
APR_SLAKE_STAGE2_BANK16,A,0,B2,RC_FIXED_OLD16,evaluation,U,STRICT_BASE,320,False,micro,202,16,41,UNKNOWN,0.6435643564356436,130.0,202,16,,,0,0,0.6435643564356436,130.0,202,16,0.6435643564356436,130.0,202,16,0.0,0.0,130,16,1.0,130.0,130,16,0.0,0.0,72,16,0.0,0.0,72,16,0.0,0.0,202,16,0.0,0.0,202,16,0.0,0.0,202,16,0.0,0.0,130,16,1.0,202.0,202,16,,,0,0,0.49504950495049505,100.0,202,16,,,0,0,,,0,0,,,0,0,,,0,0,,,0,0,,,0,0,,,0,0,,,0,0,,,0,0,,,0,0,,,0,0,,,0,0,,,0,0,,,0,0,,,0,0,,,0,0,76,UNKNOWN,NA
APR_SLAKE_STAGE2_BANK16,A,0,B2,RC_FIXED_OLD16,evaluation,cross_family_confirmation,EDIT_TARGET,320,False,macro,32,16,16,UNKNOWN,1.0,32.0,32,16,,,0,0,1.0,32.0,32,16,0.5,16.0,32,16,,,0,0,,,0,0,1.0,16.0,16,10,1.0,16.0,16,10,1.0,32.0,32,16,1.0,32.0,32,16,,,0,0,,,0,0,0.0,0.0,32,16,,,0,0,1.0,32.0,32,16,,,0,0,,,0,0,,,0,0,,,0,0,,,0,0,,,0,0,1.0,32.0,32,16,,,0,0,,,0,0,,,0,0,0.0,0.0,32,16,,,0,0,,,0,0,,,0,0,,,0,0,,,0,0,32,UNKNOWN,NA
APR_SLAKE_STAGE2_BANK16,A,0,B2,RC_FIXED_OLD16,evaluation,cross_family_confirmation,EDIT_TARGET,320,False,micro,32,16,16,UNKNOWN,1.0,32.0,32,16,,,0,0,1.0,32.0,32,16,0.5,16.0,32,16,,,0,0,,,0,0,1.0,16.0,16,10,1.0,16.0,16,10,1.0,32.0,32,16,1.0,32.0,32,16,,,0,0,,,0,0,0.0,0.0,32,16,,,0,0,1.0,32.0,32,16,,,0,0,,,0,0,,,0,0,,,0,0,,,0,0,,,0,0,1.0,32.0,32,16,,,0,0,,,0,0,,,0,0,0.0,0.0,32,16,,,0,0,,,0,0,,,0,0,,,0,0,,,0,0,32,UNKNOWN,NA
APR_SLAKE_STAGE2_BANK16,A,0,B2,RC_FIXED_OLD16,evaluation,source_style_confirmation,EDIT_TARGET,320,False,macro,32,16,16,UNKNOWN,1.0,32.0,32,16,,,0,0,1.0,32.0,32,16,0.59375,19.0,32,16,,,0,0,,,0,0,1.0,13.0,13,7,1.0,13.0,13,7,1.0,32.0,32,16,1.0,32.0,32,16,,,0,0,,,0,0,0.0,0.0,32,16,,,0,0,1.0,32.0,32,16,,,0,0,,,0,0,,,0,0,,,0,0,,,0,0,,,0,0,1.0,32.0,32,16,,,0,0,,,0,0,,,0,0,0.0,0.0,32,16,,,0,0,,,0,0,,,0,0,,,0,0,,,0,0,32,UNKNOWN,NA
APR_SLAKE_STAGE2_BANK16,A,0,B2,RC_FIXED_OLD16,evaluation,source_style_confirmation,EDIT_TARGET,320,False,micro,32,16,16,UNKNOWN,1.0,32.0,32,16,,,0,0,1.0,32.0,32,16,0.59375,19.0,32,16,,,0,0,,,0,0,1.0,13.0,13,7,1.0,13.0,13,7,1.0,32.0,32,16,1.0,32.0,32,16,,,0,0,,,0,0,0.0,0.0,32,16,,,0,0,1.0,32.0,32,16,,,0,0,,,0,0,,,0,0,,,0,0,,,0,0,,,0,0,1.0,32.0,32,16,,,0,0,,,0,0,,,0,0,0.0,0.0,32,16,,,0,0,,,0,0,,,0,0,,,0,0,,,0,0,32,UNKNOWN,NA
APR_SLAKE_STAGE2_BANK16,A,0,B2,RC_FIXED_OLD16,fit,H,STRICT_BASE,320,False,macro,28,16,9,UNKNOWN,0.9791666666666666,27.0,28,16,,,0,0,0.9791666666666666,27.0,28,16,0.9791666666666666,27.0,28,16,0.0,0.0,27,16,1.0,27.0,27,16,0.0,0.0,1,1,0.0,0.0,1,1,0.0,0.0,28,16,0.0,0.0,28,16,0.0,0.0,28,16,0.0,0.0,27,16,1.0,28.0,28,16,,,0,0,0.0,0.0,28,16,,,0,0,,,0,0,,,0,0,,,0,0,,,0,0,,,0,0,,,0,0,,,0,0,,,0,0,,,0,0,,,0,0,,,0,0,,,0,0,,,0,0,,,0,0,,,0,0,17,UNKNOWN,NA
APR_SLAKE_STAGE2_BANK16,A,0,B2,RC_FIXED_OLD16,fit,H,STRICT_BASE,320,False,micro,28,16,9,UNKNOWN,0.9642857142857143,27.0,28,16,,,0,0,0.9642857142857143,27.0,28,16,0.9642857142857143,27.0,28,16,0.0,0.0,27,16,1.0,27.0,27,16,0.0,0.0,1,1,0.0,0.0,1,1,0.0,0.0,28,16,0.0,0.0,28,16,0.0,0.0,28,16,0.0,0.0,27,16,1.0,28.0,28,16,,,0,0,0.0,0.0,28,16,,,0,0,,,0,0,,,0,0,,,0,0,,,0,0,,,0,0,,,0,0,,,0,0,,,0,0,,,0,0,,,0,0,,,0,0,,,0,0,,,0,0,,,0,0,,,0,0,17,UNKNOWN,NA
APR_SLAKE_STAGE2_BANK16,A,0,B2,RC_FIXED_OLD16,fit,U,STRICT_BASE,320,False,macro,217,16,43,UNKNOWN,0.5951236263736264,129.0,217,16,,,0,0,0.5951236263736264,129.0,217,16,0.5951236263736264,129.0,217,16,0.0,0.0,129,16,1.0,129.0,129,16,0.0,0.0,88,16,0.0,0.0,88,16,0.0,0.0,217,16,0.0,0.0,217,16,0.0,0.0,217,16,0.0,0.0,129,16,1.0,217.0,217,16,,,0,0,0.4375,95.0,217,16,,,0,0,,,0,0,,,0,0,,,0,0,,,0,0,,,0,0,,,0,0,,,0,0,,,0,0,,,0,0,,,0,0,,,0,0,,,0,0,,,0,0,,,0,0,,,0,0,76,UNKNOWN,NA
APR_SLAKE_STAGE2_BANK16,A,0,B2,RC_FIXED_OLD16,fit,U,STRICT_BASE,320,False,micro,217,16,43,UNKNOWN,0.5944700460829493,129.0,217,16,,,0,0,0.5944700460829493,129.0,217,16,0.5944700460829493,129.0,217,16,0.0,0.0,129,16,1.0,129.0,129,16,0.0,0.0,88,16,0.0,0.0,88,16,0.0,0.0,217,16,0.0,0.0,217,16,0.0,0.0,217,16,0.0,0.0,129,16,1.0,217.0,217,16,,,0,0,0.4377880184331797,95.0,217,16,,,0,0,,,0,0,,,0,0,,,0,0,,,0,0,,,0,0,,,0,0,,,0,0,,,0,0,,,0,0,,,0,0,,,0,0,,,0,0,,,0,0,,,0,0,,,0,0,76,UNKNOWN,NA
APR_SLAKE_STAGE2_BANK16,A,0,B2,RC_FIXED_OLD16,fit,cross_family_confirmation,EDIT_TARGET,320,False,macro,64,16,16,UNKNOWN,1.0,64.0,64,16,,,0,0,1.0,64.0,64,16,0.28125,18.0,64,16,,,0,0,,,0,0,1.0,46.0,46,16,1.0,46.0,46,16,1.0,64.0,64,16,1.0,64.0,64,16,,,0,0,,,0,0,0.0,0.0,64,16,,,0,0,1.0,64.0,64,16,,,0,0,,,0,0,,,0,0,,,0,0,,,0,0,,,0,0,1.0,64.0,64,16,,,0,0,,,0,0,,,0,0,0.0,0.0,64,16,,,0,0,,,0,0,,,0,0,,,0,0,,,0,0,64,UNKNOWN,NA
APR_SLAKE_STAGE2_BANK16,A,0,B2,RC_FIXED_OLD16,fit,cross_family_confirmation,EDIT_TARGET,320,False,micro,64,16,16,UNKNOWN,1.0,64.0,64,16,,,0,0,1.0,64.0,64,16,0.28125,18.0,64,16,,,0,0,,,0,0,1.0,46.0,46,16,1.0,46.0,46,16,1.0,64.0,64,16,1.0,64.0,64,16,,,0,0,,,0,0,0.0,0.0,64,16,,,0,0,1.0,64.0,64,16,,,0,0,,,0,0,,,0,0,,,0,0,,,0,0,,,0,0,1.0,64.0,64,16,,,0,0,,,0,0,,,0,0,0.0,0.0,64,16,,,0,0,,,0,0,,,0,0,,,0,0,,,0,0,64,UNKNOWN,NA
APR_SLAKE_STAGE2_BANK16,A,0,B2,RC_FIXED_OLD16,native,T0,EDIT_TARGET,320,False,macro,16,16,16,UNKNOWN,1.0,16.0,16,16,1.0,16.0,16,16,1.0,16.0,16,16,0.0,0.0,16,16,,,0,0,,,0,0,1.0,16.0,16,16,1.0,16.0,16,16,1.0,16.0,16,16,1.0,16.0,16,16,,,0,0,,,0,0,0.0,0.0,16,16,,,0,0,1.0,16.0,16,16,,,0,0,,,0,0,,,0,0,,,0,0,,,0,0,,,0,0,1.0,16.0,16,16,,,0,0,,,0,0,,,0,0,0.0,0.0,16,16,,,0,0,,,0,0,,,0,0,,,0,0,,,0,0,16,UNKNOWN,NA
APR_SLAKE_STAGE2_BANK16,A,0,B2,RC_FIXED_OLD16,native,T0,EDIT_TARGET,320,False,micro,16,16,16,UNKNOWN,1.0,16.0,16,16,1.0,16.0,16,16,1.0,16.0,16,16,0.0,0.0,16,16,,,0,0,,,0,0,1.0,16.0,16,16,1.0,16.0,16,16,1.0,16.0,16,16,1.0,16.0,16,16,,,0,0,,,0,0,0.0,0.0,16,16,,,0,0,1.0,16.0,16,16,,,0,0,,,0,0,,,0,0,,,0,0,,,0,0,,,0,0,1.0,16.0,16,16,,,0,0,,,0,0,,,0,0,0.0,0.0,16,16,,,0,0,,,0,0,,,0,0,,,0,0,,,0,0,16,UNKNOWN,NA
APR_SLAKE_STAGE2_BANK16,A,0,B3,FORCED_ON,challenge,same_answer_context_not_conflict,STRICT_BASE,320,False,macro,32,15,6,UNKNOWN,1.0,32.0,32,15,,,0,0,1.0,32.0,32,15,0.6111111111111112,20.0,32,15,0.0,0.0,20,11,1.0,20.0,20,11,1.0,12.0,12,8,1.0,12.0,12,8,1.0,32.0,32,15,1.0,32.0,32,15,1.0,32.0,32,15,0.0,0.0,20,11,0.0,0.0,32,15,,,0,0,1.0,32.0,32,15,,,0,0,,,0,0,,,0,0,,,0,0,,,0,0,,,0,0,1.0,32.0,32,15,,,0,0,0.0,0.0,20,11,0.0,0.0,32,15,,,0,0,,,0,0,,,0,0,,,0,0,,,0,0,,,0,0,15,UNKNOWN,NA
APR_SLAKE_STAGE2_BANK16,A,0,B3,FORCED_ON,challenge,same_answer_context_not_conflict,STRICT_BASE,320,False,micro,32,15,6,UNKNOWN,1.0,32.0,32,15,,,0,0,1.0,32.0,32,15,0.625,20.0,32,15,0.0,0.0,20,11,1.0,20.0,20,11,1.0,12.0,12,8,1.0,12.0,12,8,1.0,32.0,32,15,1.0,32.0,32,15,1.0,32.0,32,15,0.0,0.0,20,11,0.0,0.0,32,15,,,0,0,1.0,32.0,32,15,,,0,0,,,0,0,,,0,0,,,0,0,,,0,0,,,0,0,1.0,32.0,32,15,,,0,0,0.0,0.0,20,11,0.0,0.0,32,15,,,0,0,,,0,0,,,0,0,,,0,0,,,0,0,,,0,0,15,UNKNOWN,NA
APR_SLAKE_STAGE2_BANK16,A,0,B3,FORCED_ON,evaluation,H,STRICT_BASE,320,False,macro,20,15,7,UNKNOWN,0.0,0.0,20,15,,,0,0,0.0,0.0,20,15,0.7666666666666667,15.0,20,15,1.0,15.0,15,13,0.0,0.0,15,13,0.0,0.0,5,5,1.0,5.0,5,5,1.0,20.0,20,15,0.0,0.0,20,15,1.0,20.0,20,15,1.0,15.0,15,13,0.0,0.0,20,15,,,0,0,0.0,0.0,20,15,,,0,0,,,0,0,,,0,0,,,0,0,,,0,0,,,0,0,1.0,20.0,20,15,,,0,0,1.0,15.0,15,13,1.0,20.0,20,15,,,0,0,,,0,0,,,0,0,,,0,0,,,0,0,,,0,0,13,UNKNOWN,NA
APR_SLAKE_STAGE2_BANK16,A,0,B3,FORCED_ON,evaluation,H,STRICT_BASE,320,False,micro,20,15,7,UNKNOWN,0.0,0.0,20,15,,,0,0,0.0,0.0,20,15,0.75,15.0,20,15,1.0,15.0,15,13,0.0,0.0,15,13,0.0,0.0,5,5,1.0,5.0,5,5,1.0,20.0,20,15,0.0,0.0,20,15,1.0,20.0,20,15,1.0,15.0,15,13,0.0,0.0,20,15,,,0,0,0.0,0.0,20,15,,,0,0,,,0,0,,,0,0,,,0,0,,,0,0,,,0,0,1.0,20.0,20,15,,,0,0,1.0,15.0,15,13,1.0,20.0,20,15,,,0,0,,,0,0,,,0,0,,,0,0,,,0,0,,,0,0,13,UNKNOWN,NA
APR_SLAKE_STAGE2_BANK16,A,0,B3,FORCED_ON,evaluation,U,STRICT_BASE,320,False,macro,202,16,41,UNKNOWN,0.5137362637362638,104.0,202,16,,,0,0,0.5137362637362638,104.0,202,16,0.6419986263736264,130.0,202,16,0.26116747835497833,35.0,130,16,0.7388325216450217,95.0,130,16,0.1144345238095238,9.0,72,16,0.5438988095238095,41.0,72,16,1.0,202.0,202,16,0.5137362637362638,104.0,202,16,1.0,202.0,202,16,0.26116747835497833,35.0,130,16,0.5234661172161172,106.0,202,16,,,0,0,0.5137362637362638,104.0,202,16,,,0,0,,,0,0,,,0,0,,,0,0,,,0,0,,,0,0,1.0,202.0,202,16,,,0,0,0.26116747835497833,35.0,130,16,0.48626373626373626,98.0,202,16,,,0,0,,,0,0,,,0,0,,,0,0,,,0,0,,,0,0,76,UNKNOWN,NA
APR_SLAKE_STAGE2_BANK16,A,0,B3,FORCED_ON,evaluation,U,STRICT_BASE,320,False,micro,202,16,41,UNKNOWN,0.5148514851485149,104.0,202,16,,,0,0,0.5148514851485149,104.0,202,16,0.6435643564356436,130.0,202,16,0.2692307692307692,35.0,130,16,0.7307692307692307,95.0,130,16,0.125,9.0,72,16,0.5694444444444444,41.0,72,16,1.0,202.0,202,16,0.5148514851485149,104.0,202,16,1.0,202.0,202,16,0.2692307692307692,35.0,130,16,0.5247524752475248,106.0,202,16,,,0,0,0.5148514851485149,104.0,202,16,,,0,0,,,0,0,,,0,0,,,0,0,,,0,0,,,0,0,1.0,202.0,202,16,,,0,0,0.2692307692307692,35.0,130,16,0.48514851485148514,98.0,202,16,,,0,0,,,0,0,,,0,0,,,0,0,,,0,0,,,0,0,76,UNKNOWN,NA
APR_SLAKE_STAGE2_BANK16,A,0,B3,FORCED_ON,evaluation,cross_family_confirmation,EDIT_TARGET,320,False,macro,32,16,16,UNKNOWN,1.0,32.0,32,16,,,0,0,1.0,32.0,32,16,0.5,16.0,32,16,,,0,0,,,0,0,1.0,16.0,16,10,1.0,16.0,16,10,1.0,32.0,32,16,1.0,32.0,32,16,,,0,0,,,0,0,0.0,0.0,32,16,,,0,0,1.0,32.0,32,16,,,0,0,,,0,0,,,0,0,,,0,0,,,0,0,,,0,0,1.0,32.0,32,16,,,0,0,,,0,0,,,0,0,0.0,0.0,32,16,,,0,0,,,0,0,,,0,0,,,0,0,,,0,0,32,UNKNOWN,NA
APR_SLAKE_STAGE2_BANK16,A,0,B3,FORCED_ON,evaluation,cross_family_confirmation,EDIT_TARGET,320,False,micro,32,16,16,UNKNOWN,1.0,32.0,32,16,,,0,0,1.0,32.0,32,16,0.5,16.0,32,16,,,0,0,,,0,0,1.0,16.0,16,10,1.0,16.0,16,10,1.0,32.0,32,16,1.0,32.0,32,16,,,0,0,,,0,0,0.0,0.0,32,16,,,0,0,1.0,32.0,32,16,,,0,0,,,0,0,,,0,0,,,0,0,,,0,0,,,0,0,1.0,32.0,32,16,,,0,0,,,0,0,,,0,0,0.0,0.0,32,16,,,0,0,,,0,0,,,0,0,,,0,0,,,0,0,32,UNKNOWN,NA
APR_SLAKE_STAGE2_BANK16,A,0,B3,FORCED_ON,evaluation,source_style_confirmation,EDIT_TARGET,320,False,macro,32,16,16,UNKNOWN,1.0,32.0,32,16,,,0,0,1.0,32.0,32,16,0.59375,19.0,32,16,,,0,0,,,0,0,1.0,13.0,13,7,1.0,13.0,13,7,1.0,32.0,32,16,1.0,32.0,32,16,,,0,0,,,0,0,0.0,0.0,32,16,,,0,0,1.0,32.0,32,16,,,0,0,,,0,0,,,0,0,,,0,0,,,0,0,,,0,0,1.0,32.0,32,16,,,0,0,,,0,0,,,0,0,0.0,0.0,32,16,,,0,0,,,0,0,,,0,0,,,0,0,,,0,0,32,UNKNOWN,NA
APR_SLAKE_STAGE2_BANK16,A,0,B3,FORCED_ON,evaluation,source_style_confirmation,EDIT_TARGET,320,False,micro,32,16,16,UNKNOWN,1.0,32.0,32,16,,,0,0,1.0,32.0,32,16,0.59375,19.0,32,16,,,0,0,,,0,0,1.0,13.0,13,7,1.0,13.0,13,7,1.0,32.0,32,16,1.0,32.0,32,16,,,0,0,,,0,0,0.0,0.0,32,16,,,0,0,1.0,32.0,32,16,,,0,0,,,0,0,,,0,0,,,0,0,,,0,0,,,0,0,1.0,32.0,32,16,,,0,0,,,0,0,,,0,0,0.0,0.0,32,16,,,0,0,,,0,0,,,0,0,,,0,0,,,0,0,32,UNKNOWN,NA
APR_SLAKE_STAGE2_BANK16,A,0,B3,FORCED_ON,fit,H,STRICT_BASE,320,False,macro,28,16,9,UNKNOWN,0.03125,1.0,28,16,,,0,0,0.03125,1.0,28,16,0.9791666666666666,27.0,28,16,0.96875,26.0,27,16,0.03125,1.0,27,16,0.0,0.0,1,1,1.0,1.0,1,1,1.0,28.0,28,16,0.03125,1.0,28,16,1.0,28.0,28,16,0.96875,26.0,27,16,0.03125,1.0,28,16,,,0,0,0.03125,1.0,28,16,,,0,0,,,0,0,,,0,0,,,0,0,,,0,0,,,0,0,1.0,28.0,28,16,,,0,0,0.96875,26.0,27,16,0.96875,27.0,28,16,,,0,0,,,0,0,,,0,0,,,0,0,,,0,0,,,0,0,17,UNKNOWN,NA
APR_SLAKE_STAGE2_BANK16,A,0,B3,FORCED_ON,fit,H,STRICT_BASE,320,False,micro,28,16,9,UNKNOWN,0.03571428571428571,1.0,28,16,,,0,0,0.03571428571428571,1.0,28,16,0.9642857142857143,27.0,28,16,0.9629629629629629,26.0,27,16,0.037037037037037035,1.0,27,16,0.0,0.0,1,1,1.0,1.0,1,1,1.0,28.0,28,16,0.03571428571428571,1.0,28,16,1.0,28.0,28,16,0.9629629629629629,26.0,27,16,0.03571428571428571,1.0,28,16,,,0,0,0.03571428571428571,1.0,28,16,,,0,0,,,0,0,,,0,0,,,0,0,,,0,0,,,0,0,1.0,28.0,28,16,,,0,0,0.9629629629629629,26.0,27,16,0.9642857142857143,27.0,28,16,,,0,0,,,0,0,,,0,0,,,0,0,,,0,0,,,0,0,17,UNKNOWN,NA
APR_SLAKE_STAGE2_BANK16,A,0,B3,FORCED_ON,fit,U,STRICT_BASE,320,False,macro,217,16,43,UNKNOWN,0.489010989010989,106.0,217,16,,,0,0,0.489010989010989,106.0,217,16,0.5951236263736264,129.0,217,16,0.24002976190476188,32.0,129,16,0.7599702380952381,97.0,129,16,0.08296130952380952,9.0,88,16,0.40059523809523806,39.0,88,16,1.0,217.0,217,16,0.489010989010989,106.0,217,16,1.0,217.0,217,16,0.24002976190476188,32.0,129,16,0.5436126373626373,118.0,217,16,,,0,0,0.489010989010989,106.0,217,16,,,0,0,,,0,0,,,0,0,,,0,0,,,0,0,,,0,0,1.0,217.0,217,16,,,0,0,0.24002976190476188,32.0,129,16,0.510989010989011,111.0,217,16,,,0,0,,,0,0,,,0,0,,,0,0,,,0,0,,,0,0,76,UNKNOWN,NA
APR_SLAKE_STAGE2_BANK16,A,0,B3,FORCED_ON,fit,U,STRICT_BASE,320,False,micro,217,16,43,UNKNOWN,0.48847926267281105,106.0,217,16,,,0,0,0.48847926267281105,106.0,217,16,0.5944700460829493,129.0,217,16,0.24806201550387597,32.0,129,16,0.751937984496124,97.0,129,16,0.10227272727272728,9.0,88,16,0.4431818181818182,39.0,88,16,1.0,217.0,217,16,0.48847926267281105,106.0,217,16,1.0,217.0,217,16,0.24806201550387597,32.0,129,16,0.543778801843318,118.0,217,16,,,0,0,0.48847926267281105,106.0,217,16,,,0,0,,,0,0,,,0,0,,,0,0,,,0,0,,,0,0,1.0,217.0,217,16,,,0,0,0.24806201550387597,32.0,129,16,0.511520737327189,111.0,217,16,,,0,0,,,0,0,,,0,0,,,0,0,,,0,0,,,0,0,76,UNKNOWN,NA
APR_SLAKE_STAGE2_BANK16,A,0,B3,FORCED_ON,fit,cross_family_confirmation,EDIT_TARGET,320,False,macro,64,16,16,UNKNOWN,1.0,64.0,64,16,,,0,0,1.0,64.0,64,16,0.28125,18.0,64,16,,,0,0,,,0,0,1.0,46.0,46,16,1.0,46.0,46,16,1.0,64.0,64,16,1.0,64.0,64,16,,,0,0,,,0,0,0.0,0.0,64,16,,,0,0,1.0,64.0,64,16,,,0,0,,,0,0,,,0,0,,,0,0,,,0,0,,,0,0,1.0,64.0,64,16,,,0,0,,,0,0,,,0,0,0.0,0.0,64,16,,,0,0,,,0,0,,,0,0,,,0,0,,,0,0,64,UNKNOWN,NA
APR_SLAKE_STAGE2_BANK16,A,0,B3,FORCED_ON,fit,cross_family_confirmation,EDIT_TARGET,320,False,micro,64,16,16,UNKNOWN,1.0,64.0,64,16,,,0,0,1.0,64.0,64,16,0.28125,18.0,64,16,,,0,0,,,0,0,1.0,46.0,46,16,1.0,46.0,46,16,1.0,64.0,64,16,1.0,64.0,64,16,,,0,0,,,0,0,0.0,0.0,64,16,,,0,0,1.0,64.0,64,16,,,0,0,,,0,0,,,0,0,,,0,0,,,0,0,,,0,0,1.0,64.0,64,16,,,0,0,,,0,0,,,0,0,0.0,0.0,64,16,,,0,0,,,0,0,,,0,0,,,0,0,,,0,0,64,UNKNOWN,NA
APR_SLAKE_STAGE2_BANK16,A,0,B3,FORCED_ON,native,T0,EDIT_TARGET,320,False,macro,16,16,16,UNKNOWN,1.0,16.0,16,16,1.0,16.0,16,16,1.0,16.0,16,16,0.0,0.0,16,16,,,0,0,,,0,0,1.0,16.0,16,16,1.0,16.0,16,16,1.0,16.0,16,16,1.0,16.0,16,16,,,0,0,,,0,0,0.0,0.0,16,16,,,0,0,1.0,16.0,16,16,,,0,0,,,0,0,,,0,0,,,0,0,,,0,0,,,0,0,1.0,16.0,16,16,,,0,0,,,0,0,,,0,0,0.0,0.0,16,16,,,0,0,,,0,0,,,0,0,,,0,0,,,0,0,16,UNKNOWN,NA
APR_SLAKE_STAGE2_BANK16,A,0,B3,FORCED_ON,native,T0,EDIT_TARGET,320,False,micro,16,16,16,UNKNOWN,1.0,16.0,16,16,1.0,16.0,16,16,1.0,16.0,16,16,0.0,0.0,16,16,,,0,0,,,0,0,1.0,16.0,16,16,1.0,16.0,16,16,1.0,16.0,16,16,1.0,16.0,16,16,,,0,0,,,0,0,0.0,0.0,16,16,,,0,0,1.0,16.0,16,16,,,0,0,,,0,0,,,0,0,,,0,0,,,0,0,,,0,0,1.0,16.0,16,16,,,0,0,,,0,0,,,0,0,0.0,0.0,16,16,,,0,0,,,0,0,,,0,0,,,0,0,,,0,0,16,UNKNOWN,NA
APR_SLAKE_STAGE2_BANK16,A,0,B3,RC_FIXED_OLD16,challenge,same_answer_context_not_conflict,STRICT_BASE,320,False,macro,32,15,6,UNKNOWN,0.6111111111111112,20.0,32,15,,,0,0,0.6111111111111112,20.0,32,15,0.6111111111111112,20.0,32,15,0.0,0.0,20,11,1.0,20.0,20,11,0.0,0.0,12,8,0.0,0.0,12,8,0.0,0.0,32,15,0.0,0.0,32,15,0.0,0.0,32,15,0.0,0.0,20,11,1.0,32.0,32,15,,,0,0,1.0,32.0,32,15,,,0,0,,,0,0,,,0,0,,,0,0,,,0,0,,,0,0,,,0,0,,,0,0,,,0,0,,,0,0,,,0,0,,,0,0,,,0,0,,,0,0,,,0,0,,,0,0,15,UNKNOWN,NA
APR_SLAKE_STAGE2_BANK16,A,0,B3,RC_FIXED_OLD16,challenge,same_answer_context_not_conflict,STRICT_BASE,320,False,micro,32,15,6,UNKNOWN,0.625,20.0,32,15,,,0,0,0.625,20.0,32,15,0.625,20.0,32,15,0.0,0.0,20,11,1.0,20.0,20,11,0.0,0.0,12,8,0.0,0.0,12,8,0.0,0.0,32,15,0.0,0.0,32,15,0.0,0.0,32,15,0.0,0.0,20,11,1.0,32.0,32,15,,,0,0,1.0,32.0,32,15,,,0,0,,,0,0,,,0,0,,,0,0,,,0,0,,,0,0,,,0,0,,,0,0,,,0,0,,,0,0,,,0,0,,,0,0,,,0,0,,,0,0,,,0,0,,,0,0,15,UNKNOWN,NA
APR_SLAKE_STAGE2_BANK16,A,0,B3,RC_FIXED_OLD16,evaluation,H,STRICT_BASE,320,False,macro,20,15,7,UNKNOWN,0.7666666666666667,15.0,20,15,,,0,0,0.7666666666666667,15.0,20,15,0.7666666666666667,15.0,20,15,0.0,0.0,15,13,1.0,15.0,15,13,0.0,0.0,5,5,0.0,0.0,5,5,0.0,0.0,20,15,0.0,0.0,20,15,0.0,0.0,20,15,0.0,0.0,15,13,1.0,20.0,20,15,,,0,0,0.0,0.0,20,15,,,0,0,,,0,0,,,0,0,,,0,0,,,0,0,,,0,0,,,0,0,,,0,0,,,0,0,,,0,0,,,0,0,,,0,0,,,0,0,,,0,0,,,0,0,,,0,0,13,UNKNOWN,NA
APR_SLAKE_STAGE2_BANK16,A,0,B3,RC_FIXED_OLD16,evaluation,H,STRICT_BASE,320,False,micro,20,15,7,UNKNOWN,0.75,15.0,20,15,,,0,0,0.75,15.0,20,15,0.75,15.0,20,15,0.0,0.0,15,13,1.0,15.0,15,13,0.0,0.0,5,5,0.0,0.0,5,5,0.0,0.0,20,15,0.0,0.0,20,15,0.0,0.0,20,15,0.0,0.0,15,13,1.0,20.0,20,15,,,0,0,0.0,0.0,20,15,,,0,0,,,0,0,,,0,0,,,0,0,,,0,0,,,0,0,,,0,0,,,0,0,,,0,0,,,0,0,,,0,0,,,0,0,,,0,0,,,0,0,,,0,0,,,0,0,13,UNKNOWN,NA
APR_SLAKE_STAGE2_BANK16,A,0,B3,RC_FIXED_OLD16,evaluation,U,STRICT_BASE,320,False,macro,202,16,41,UNKNOWN,0.6419986263736264,130.0,202,16,,,0,0,0.6419986263736264,130.0,202,16,0.6419986263736264,130.0,202,16,0.0,0.0,130,16,1.0,130.0,130,16,0.0,0.0,72,16,0.0,0.0,72,16,0.0,0.0,202,16,0.0,0.0,202,16,0.0,0.0,202,16,0.0,0.0,130,16,1.0,202.0,202,16,,,0,0,0.5137362637362638,104.0,202,16,,,0,0,,,0,0,,,0,0,,,0,0,,,0,0,,,0,0,,,0,0,,,0,0,,,0,0,,,0,0,,,0,0,,,0,0,,,0,0,,,0,0,,,0,0,,,0,0,76,UNKNOWN,NA
APR_SLAKE_STAGE2_BANK16,A,0,B3,RC_FIXED_OLD16,evaluation,U,STRICT_BASE,320,False,micro,202,16,41,UNKNOWN,0.6435643564356436,130.0,202,16,,,0,0,0.6435643564356436,130.0,202,16,0.6435643564356436,130.0,202,16,0.0,0.0,130,16,1.0,130.0,130,16,0.0,0.0,72,16,0.0,0.0,72,16,0.0,0.0,202,16,0.0,0.0,202,16,0.0,0.0,202,16,0.0,0.0,130,16,1.0,202.0,202,16,,,0,0,0.5148514851485149,104.0,202,16,,,0,0,,,0,0,,,0,0,,,0,0,,,0,0,,,0,0,,,0,0,,,0,0,,,0,0,,,0,0,,,0,0,,,0,0,,,0,0,,,0,0,,,0,0,,,0,0,76,UNKNOWN,NA
APR_SLAKE_STAGE2_BANK16,A,0,B3,RC_FIXED_OLD16,evaluation,cross_family_confirmation,EDIT_TARGET,320,False,macro,32,16,16,UNKNOWN,1.0,32.0,32,16,,,0,0,1.0,32.0,32,16,0.5,16.0,32,16,,,0,0,,,0,0,1.0,16.0,16,10,1.0,16.0,16,10,1.0,32.0,32,16,1.0,32.0,32,16,,,0,0,,,0,0,0.0,0.0,32,16,,,0,0,1.0,32.0,32,16,,,0,0,,,0,0,,,0,0,,,0,0,,,0,0,,,0,0,1.0,32.0,32,16,,,0,0,,,0,0,,,0,0,0.0,0.0,32,16,,,0,0,,,0,0,,,0,0,,,0,0,,,0,0,32,UNKNOWN,NA
APR_SLAKE_STAGE2_BANK16,A,0,B3,RC_FIXED_OLD16,evaluation,cross_family_confirmation,EDIT_TARGET,320,False,micro,32,16,16,UNKNOWN,1.0,32.0,32,16,,,0,0,1.0,32.0,32,16,0.5,16.0,32,16,,,0,0,,,0,0,1.0,16.0,16,10,1.0,16.0,16,10,1.0,32.0,32,16,1.0,32.0,32,16,,,0,0,,,0,0,0.0,0.0,32,16,,,0,0,1.0,32.0,32,16,,,0,0,,,0,0,,,0,0,,,0,0,,,0,0,,,0,0,1.0,32.0,32,16,,,0,0,,,0,0,,,0,0,0.0,0.0,32,16,,,0,0,,,0,0,,,0,0,,,0,0,,,0,0,32,UNKNOWN,NA
APR_SLAKE_STAGE2_BANK16,A,0,B3,RC_FIXED_OLD16,evaluation,source_style_confirmation,EDIT_TARGET,320,False,macro,32,16,16,UNKNOWN,1.0,32.0,32,16,,,0,0,1.0,32.0,32,16,0.59375,19.0,32,16,,,0,0,,,0,0,1.0,13.0,13,7,1.0,13.0,13,7,1.0,32.0,32,16,1.0,32.0,32,16,,,0,0,,,0,0,0.0,0.0,32,16,,,0,0,1.0,32.0,32,16,,,0,0,,,0,0,,,0,0,,,0,0,,,0,0,,,0,0,1.0,32.0,32,16,,,0,0,,,0,0,,,0,0,0.0,0.0,32,16,,,0,0,,,0,0,,,0,0,,,0,0,,,0,0,32,UNKNOWN,NA
APR_SLAKE_STAGE2_BANK16,A,0,B3,RC_FIXED_OLD16,evaluation,source_style_confirmation,EDIT_TARGET,320,False,micro,32,16,16,UNKNOWN,1.0,32.0,32,16,,,0,0,1.0,32.0,32,16,0.59375,19.0,32,16,,,0,0,,,0,0,1.0,13.0,13,7,1.0,13.0,13,7,1.0,32.0,32,16,1.0,32.0,32,16,,,0,0,,,0,0,0.0,0.0,32,16,,,0,0,1.0,32.0,32,16,,,0,0,,,0,0,,,0,0,,,0,0,,,0,0,,,0,0,1.0,32.0,32,16,,,0,0,,,0,0,,,0,0,0.0,0.0,32,16,,,0,0,,,0,0,,,0,0,,,0,0,,,0,0,32,UNKNOWN,NA
APR_SLAKE_STAGE2_BANK16,A,0,B3,RC_FIXED_OLD16,fit,H,STRICT_BASE,320,False,macro,28,16,9,UNKNOWN,0.9791666666666666,27.0,28,16,,,0,0,0.9791666666666666,27.0,28,16,0.9791666666666666,27.0,28,16,0.0,0.0,27,16,1.0,27.0,27,16,0.0,0.0,1,1,0.0,0.0,1,1,0.0,0.0,28,16,0.0,0.0,28,16,0.0,0.0,28,16,0.0,0.0,27,16,1.0,28.0,28,16,,,0,0,0.03125,1.0,28,16,,,0,0,,,0,0,,,0,0,,,0,0,,,0,0,,,0,0,,,0,0,,,0,0,,,0,0,,,0,0,,,0,0,,,0,0,,,0,0,,,0,0,,,0,0,,,0,0,17,UNKNOWN,NA
APR_SLAKE_STAGE2_BANK16,A,0,B3,RC_FIXED_OLD16,fit,H,STRICT_BASE,320,False,micro,28,16,9,UNKNOWN,0.9642857142857143,27.0,28,16,,,0,0,0.9642857142857143,27.0,28,16,0.9642857142857143,27.0,28,16,0.0,0.0,27,16,1.0,27.0,27,16,0.0,0.0,1,1,0.0,0.0,1,1,0.0,0.0,28,16,0.0,0.0,28,16,0.0,0.0,28,16,0.0,0.0,27,16,1.0,28.0,28,16,,,0,0,0.03571428571428571,1.0,28,16,,,0,0,,,0,0,,,0,0,,,0,0,,,0,0,,,0,0,,,0,0,,,0,0,,,0,0,,,0,0,,,0,0,,,0,0,,,0,0,,,0,0,,,0,0,,,0,0,17,UNKNOWN,NA
APR_SLAKE_STAGE2_BANK16,A,0,B3,RC_FIXED_OLD16,fit,U,STRICT_BASE,320,False,macro,217,16,43,UNKNOWN,0.5951236263736264,129.0,217,16,,,0,0,0.5951236263736264,129.0,217,16,0.5951236263736264,129.0,217,16,0.0,0.0,129,16,1.0,129.0,129,16,0.0,0.0,88,16,0.0,0.0,88,16,0.0,0.0,217,16,0.0,0.0,217,16,0.0,0.0,217,16,0.0,0.0,129,16,1.0,217.0,217,16,,,0,0,0.489010989010989,106.0,217,16,,,0,0,,,0,0,,,0,0,,,0,0,,,0,0,,,0,0,,,0,0,,,0,0,,,0,0,,,0,0,,,0,0,,,0,0,,,0,0,,,0,0,,,0,0,,,0,0,76,UNKNOWN,NA
APR_SLAKE_STAGE2_BANK16,A,0,B3,RC_FIXED_OLD16,fit,U,STRICT_BASE,320,False,micro,217,16,43,UNKNOWN,0.5944700460829493,129.0,217,16,,,0,0,0.5944700460829493,129.0,217,16,0.5944700460829493,129.0,217,16,0.0,0.0,129,16,1.0,129.0,129,16,0.0,0.0,88,16,0.0,0.0,88,16,0.0,0.0,217,16,0.0,0.0,217,16,0.0,0.0,217,16,0.0,0.0,129,16,1.0,217.0,217,16,,,0,0,0.48847926267281105,106.0,217,16,,,0,0,,,0,0,,,0,0,,,0,0,,,0,0,,,0,0,,,0,0,,,0,0,,,0,0,,,0,0,,,0,0,,,0,0,,,0,0,,,0,0,,,0,0,,,0,0,76,UNKNOWN,NA
APR_SLAKE_STAGE2_BANK16,A,0,B3,RC_FIXED_OLD16,fit,cross_family_confirmation,EDIT_TARGET,320,False,macro,64,16,16,UNKNOWN,1.0,64.0,64,16,,,0,0,1.0,64.0,64,16,0.28125,18.0,64,16,,,0,0,,,0,0,1.0,46.0,46,16,1.0,46.0,46,16,1.0,64.0,64,16,1.0,64.0,64,16,,,0,0,,,0,0,0.0,0.0,64,16,,,0,0,1.0,64.0,64,16,,,0,0,,,0,0,,,0,0,,,0,0,,,0,0,,,0,0,1.0,64.0,64,16,,,0,0,,,0,0,,,0,0,0.0,0.0,64,16,,,0,0,,,0,0,,,0,0,,,0,0,,,0,0,64,UNKNOWN,NA
APR_SLAKE_STAGE2_BANK16,A,0,B3,RC_FIXED_OLD16,fit,cross_family_confirmation,EDIT_TARGET,320,False,micro,64,16,16,UNKNOWN,1.0,64.0,64,16,,,0,0,1.0,64.0,64,16,0.28125,18.0,64,16,,,0,0,,,0,0,1.0,46.0,46,16,1.0,46.0,46,16,1.0,64.0,64,16,1.0,64.0,64,16,,,0,0,,,0,0,0.0,0.0,64,16,,,0,0,1.0,64.0,64,16,,,0,0,,,0,0,,,0,0,,,0,0,,,0,0,,,0,0,1.0,64.0,64,16,,,0,0,,,0,0,,,0,0,0.0,0.0,64,16,,,0,0,,,0,0,,,0,0,,,0,0,,,0,0,64,UNKNOWN,NA
APR_SLAKE_STAGE2_BANK16,A,0,B3,RC_FIXED_OLD16,native,T0,EDIT_TARGET,320,False,macro,16,16,16,UNKNOWN,1.0,16.0,16,16,1.0,16.0,16,16,1.0,16.0,16,16,0.0,0.0,16,16,,,0,0,,,0,0,1.0,16.0,16,16,1.0,16.0,16,16,1.0,16.0,16,16,1.0,16.0,16,16,,,0,0,,,0,0,0.0,0.0,16,16,,,0,0,1.0,16.0,16,16,,,0,0,,,0,0,,,0,0,,,0,0,,,0,0,,,0,0,1.0,16.0,16,16,,,0,0,,,0,0,,,0,0,0.0,0.0,16,16,,,0,0,,,0,0,,,0,0,,,0,0,,,0,0,16,UNKNOWN,NA
APR_SLAKE_STAGE2_BANK16,A,0,B3,RC_FIXED_OLD16,native,T0,EDIT_TARGET,320,False,micro,16,16,16,UNKNOWN,1.0,16.0,16,16,1.0,16.0,16,16,1.0,16.0,16,16,0.0,0.0,16,16,,,0,0,,,0,0,1.0,16.0,16,16,1.0,16.0,16,16,1.0,16.0,16,16,1.0,16.0,16,16,,,0,0,,,0,0,0.0,0.0,16,16,,,0,0,1.0,16.0,16,16,,,0,0,,,0,0,,,0,0,,,0,0,,,0,0,,,0,0,1.0,16.0,16,16,,,0,0,,,0,0,,,0,0,0.0,0.0,16,16,,,0,0,,,0,0,,,0,0,,,0,0,,,0,0,16,UNKNOWN,NA
APR_SLAKE_STAGE2_BANK16,A,0,BASE,BASE,challenge,same_answer_context_not_conflict,STRICT_BASE,320,False,macro,32,15,6,UNKNOWN,0.6111111111111112,20.0,32,15,,,0,0,0.6111111111111112,20.0,32,15,0.6111111111111112,20.0,32,15,0.0,0.0,20,11,1.0,20.0,20,11,0.0,0.0,12,8,0.0,0.0,12,8,0.0,0.0,32,15,0.0,0.0,32,15,0.0,0.0,32,15,0.0,0.0,20,11,1.0,32.0,32,15,,,0,0,1.0,32.0,32,15,,,0,0,,,0,0,,,0,0,,,0,0,,,0,0,,,0,0,,,0,0,,,0,0,,,0,0,,,0,0,,,0,0,,,0,0,,,0,0,,,0,0,,,0,0,,,0,0,15,UNKNOWN,NA
APR_SLAKE_STAGE2_BANK16,A,0,BASE,BASE,challenge,same_answer_context_not_conflict,STRICT_BASE,320,False,micro,32,15,6,UNKNOWN,0.625,20.0,32,15,,,0,0,0.625,20.0,32,15,0.625,20.0,32,15,0.0,0.0,20,11,1.0,20.0,20,11,0.0,0.0,12,8,0.0,0.0,12,8,0.0,0.0,32,15,0.0,0.0,32,15,0.0,0.0,32,15,0.0,0.0,20,11,1.0,32.0,32,15,,,0,0,1.0,32.0,32,15,,,0,0,,,0,0,,,0,0,,,0,0,,,0,0,,,0,0,,,0,0,,,0,0,,,0,0,,,0,0,,,0,0,,,0,0,,,0,0,,,0,0,,,0,0,,,0,0,15,UNKNOWN,NA
APR_SLAKE_STAGE2_BANK16,A,0,BASE,BASE,evaluation,H,STRICT_BASE,320,False,macro,20,15,7,UNKNOWN,0.7666666666666667,15.0,20,15,,,0,0,0.7666666666666667,15.0,20,15,0.7666666666666667,15.0,20,15,0.0,0.0,15,13,1.0,15.0,15,13,0.0,0.0,5,5,0.0,0.0,5,5,0.0,0.0,20,15,0.0,0.0,20,15,0.0,0.0,20,15,0.0,0.0,15,13,1.0,20.0,20,15,,,0,0,0.0,0.0,20,15,,,0,0,,,0,0,,,0,0,,,0,0,,,0,0,,,0,0,,,0,0,,,0,0,,,0,0,,,0,0,,,0,0,,,0,0,,,0,0,,,0,0,,,0,0,,,0,0,13,UNKNOWN,NA
APR_SLAKE_STAGE2_BANK16,A,0,BASE,BASE,evaluation,H,STRICT_BASE,320,False,micro,20,15,7,UNKNOWN,0.75,15.0,20,15,,,0,0,0.75,15.0,20,15,0.75,15.0,20,15,0.0,0.0,15,13,1.0,15.0,15,13,0.0,0.0,5,5,0.0,0.0,5,5,0.0,0.0,20,15,0.0,0.0,20,15,0.0,0.0,20,15,0.0,0.0,15,13,1.0,20.0,20,15,,,0,0,0.0,0.0,20,15,,,0,0,,,0,0,,,0,0,,,0,0,,,0,0,,,0,0,,,0,0,,,0,0,,,0,0,,,0,0,,,0,0,,,0,0,,,0,0,,,0,0,,,0,0,,,0,0,13,UNKNOWN,NA
APR_SLAKE_STAGE2_BANK16,A,0,BASE,BASE,evaluation,U,STRICT_BASE,320,False,macro,202,16,41,UNKNOWN,0.6419986263736264,130.0,202,16,,,0,0,0.6419986263736264,130.0,202,16,0.6419986263736264,130.0,202,16,0.0,0.0,130,16,1.0,130.0,130,16,0.0,0.0,72,16,0.0,0.0,72,16,0.0,0.0,202,16,0.0,0.0,202,16,0.0,0.0,202,16,0.0,0.0,130,16,1.0,202.0,202,16,,,0,0,0.399496336996337,81.0,202,16,,,0,0,,,0,0,,,0,0,,,0,0,,,0,0,,,0,0,,,0,0,,,0,0,,,0,0,,,0,0,,,0,0,,,0,0,,,0,0,,,0,0,,,0,0,,,0,0,76,UNKNOWN,NA
APR_SLAKE_STAGE2_BANK16,A,0,BASE,BASE,evaluation,U,STRICT_BASE,320,False,micro,202,16,41,UNKNOWN,0.6435643564356436,130.0,202,16,,,0,0,0.6435643564356436,130.0,202,16,0.6435643564356436,130.0,202,16,0.0,0.0,130,16,1.0,130.0,130,16,0.0,0.0,72,16,0.0,0.0,72,16,0.0,0.0,202,16,0.0,0.0,202,16,0.0,0.0,202,16,0.0,0.0,130,16,1.0,202.0,202,16,,,0,0,0.400990099009901,81.0,202,16,,,0,0,,,0,0,,,0,0,,,0,0,,,0,0,,,0,0,,,0,0,,,0,0,,,0,0,,,0,0,,,0,0,,,0,0,,,0,0,,,0,0,,,0,0,,,0,0,76,UNKNOWN,NA
APR_SLAKE_STAGE2_BANK16,A,0,BASE,BASE,evaluation,cross_family_confirmation,EDIT_TARGET,320,False,macro,32,16,16,UNKNOWN,0.5,16.0,32,16,,,0,0,0.5,16.0,32,16,0.5,16.0,32,16,,,0,0,,,0,0,0.0,0.0,16,10,0.0,0.0,16,10,0.0,0.0,32,16,0.0,0.0,32,16,,,0,0,,,0,0,1.0,32.0,32,16,,,0,0,1.0,32.0,32,16,,,0,0,,,0,0,,,0,0,,,0,0,,,0,0,,,0,0,1.0,32.0,32,16,,,0,0,,,0,0,,,0,0,0.5,16.0,32,16,,,0,0,,,0,0,,,0,0,,,0,0,,,0,0,32,UNKNOWN,NA
APR_SLAKE_STAGE2_BANK16,A,0,BASE,BASE,evaluation,cross_family_confirmation,EDIT_TARGET,320,False,micro,32,16,16,UNKNOWN,0.5,16.0,32,16,,,0,0,0.5,16.0,32,16,0.5,16.0,32,16,,,0,0,,,0,0,0.0,0.0,16,10,0.0,0.0,16,10,0.0,0.0,32,16,0.0,0.0,32,16,,,0,0,,,0,0,1.0,32.0,32,16,,,0,0,1.0,32.0,32,16,,,0,0,,,0,0,,,0,0,,,0,0,,,0,0,,,0,0,1.0,32.0,32,16,,,0,0,,,0,0,,,0,0,0.5,16.0,32,16,,,0,0,,,0,0,,,0,0,,,0,0,,,0,0,32,UNKNOWN,NA
APR_SLAKE_STAGE2_BANK16,A,0,BASE,BASE,evaluation,source_style_confirmation,EDIT_TARGET,320,False,macro,32,16,16,UNKNOWN,0.59375,19.0,32,16,,,0,0,0.59375,19.0,32,16,0.59375,19.0,32,16,,,0,0,,,0,0,0.0,0.0,13,7,0.0,0.0,13,7,0.0,0.0,32,16,0.0,0.0,32,16,,,0,0,,,0,0,1.0,32.0,32,16,,,0,0,1.0,32.0,32,16,,,0,0,,,0,0,,,0,0,,,0,0,,,0,0,,,0,0,1.0,32.0,32,16,,,0,0,,,0,0,,,0,0,0.40625,13.0,32,16,,,0,0,,,0,0,,,0,0,,,0,0,,,0,0,32,UNKNOWN,NA
APR_SLAKE_STAGE2_BANK16,A,0,BASE,BASE,evaluation,source_style_confirmation,EDIT_TARGET,320,False,micro,32,16,16,UNKNOWN,0.59375,19.0,32,16,,,0,0,0.59375,19.0,32,16,0.59375,19.0,32,16,,,0,0,,,0,0,0.0,0.0,13,7,0.0,0.0,13,7,0.0,0.0,32,16,0.0,0.0,32,16,,,0,0,,,0,0,1.0,32.0,32,16,,,0,0,1.0,32.0,32,16,,,0,0,,,0,0,,,0,0,,,0,0,,,0,0,,,0,0,1.0,32.0,32,16,,,0,0,,,0,0,,,0,0,0.40625,13.0,32,16,,,0,0,,,0,0,,,0,0,,,0,0,,,0,0,32,UNKNOWN,NA
APR_SLAKE_STAGE2_BANK16,A,0,BASE,BASE,fit,H,STRICT_BASE,320,False,macro,28,16,9,UNKNOWN,0.9791666666666666,27.0,28,16,,,0,0,0.9791666666666666,27.0,28,16,0.9791666666666666,27.0,28,16,0.0,0.0,27,16,1.0,27.0,27,16,0.0,0.0,1,1,0.0,0.0,1,1,0.0,0.0,28,16,0.0,0.0,28,16,0.0,0.0,28,16,0.0,0.0,27,16,1.0,28.0,28,16,,,0,0,0.0,0.0,28,16,,,0,0,,,0,0,,,0,0,,,0,0,,,0,0,,,0,0,,,0,0,,,0,0,,,0,0,,,0,0,,,0,0,,,0,0,,,0,0,,,0,0,,,0,0,,,0,0,17,UNKNOWN,NA
APR_SLAKE_STAGE2_BANK16,A,0,BASE,BASE,fit,H,STRICT_BASE,320,False,micro,28,16,9,UNKNOWN,0.9642857142857143,27.0,28,16,,,0,0,0.9642857142857143,27.0,28,16,0.9642857142857143,27.0,28,16,0.0,0.0,27,16,1.0,27.0,27,16,0.0,0.0,1,1,0.0,0.0,1,1,0.0,0.0,28,16,0.0,0.0,28,16,0.0,0.0,28,16,0.0,0.0,27,16,1.0,28.0,28,16,,,0,0,0.0,0.0,28,16,,,0,0,,,0,0,,,0,0,,,0,0,,,0,0,,,0,0,,,0,0,,,0,0,,,0,0,,,0,0,,,0,0,,,0,0,,,0,0,,,0,0,,,0,0,,,0,0,17,UNKNOWN,NA
APR_SLAKE_STAGE2_BANK16,A,0,BASE,BASE,fit,U,STRICT_BASE,320,False,macro,217,16,43,UNKNOWN,0.5951236263736264,129.0,217,16,,,0,0,0.5951236263736264,129.0,217,16,0.5951236263736264,129.0,217,16,0.0,0.0,129,16,1.0,129.0,129,16,0.0,0.0,88,16,0.0,0.0,88,16,0.0,0.0,217,16,0.0,0.0,217,16,0.0,0.0,217,16,0.0,0.0,129,16,1.0,217.0,217,16,,,0,0,0.35370879120879123,77.0,217,16,,,0,0,,,0,0,,,0,0,,,0,0,,,0,0,,,0,0,,,0,0,,,0,0,,,0,0,,,0,0,,,0,0,,,0,0,,,0,0,,,0,0,,,0,0,,,0,0,76,UNKNOWN,NA
APR_SLAKE_STAGE2_BANK16,A,0,BASE,BASE,fit,U,STRICT_BASE,320,False,micro,217,16,43,UNKNOWN,0.5944700460829493,129.0,217,16,,,0,0,0.5944700460829493,129.0,217,16,0.5944700460829493,129.0,217,16,0.0,0.0,129,16,1.0,129.0,129,16,0.0,0.0,88,16,0.0,0.0,88,16,0.0,0.0,217,16,0.0,0.0,217,16,0.0,0.0,217,16,0.0,0.0,129,16,1.0,217.0,217,16,,,0,0,0.3548387096774194,77.0,217,16,,,0,0,,,0,0,,,0,0,,,0,0,,,0,0,,,0,0,,,0,0,,,0,0,,,0,0,,,0,0,,,0,0,,,0,0,,,0,0,,,0,0,,,0,0,,,0,0,76,UNKNOWN,NA
APR_SLAKE_STAGE2_BANK16,A,0,BASE,BASE,fit,cross_family_confirmation,EDIT_TARGET,320,False,macro,64,16,16,UNKNOWN,0.28125,18.0,64,16,,,0,0,0.28125,18.0,64,16,0.28125,18.0,64,16,,,0,0,,,0,0,0.0,0.0,46,16,0.0,0.0,46,16,0.0,0.0,64,16,0.0,0.0,64,16,,,0,0,,,0,0,1.0,64.0,64,16,,,0,0,1.0,64.0,64,16,,,0,0,,,0,0,,,0,0,,,0,0,,,0,0,,,0,0,1.0,64.0,64,16,,,0,0,,,0,0,,,0,0,0.71875,46.0,64,16,,,0,0,,,0,0,,,0,0,,,0,0,,,0,0,64,UNKNOWN,NA
APR_SLAKE_STAGE2_BANK16,A,0,BASE,BASE,fit,cross_family_confirmation,EDIT_TARGET,320,False,micro,64,16,16,UNKNOWN,0.28125,18.0,64,16,,,0,0,0.28125,18.0,64,16,0.28125,18.0,64,16,,,0,0,,,0,0,0.0,0.0,46,16,0.0,0.0,46,16,0.0,0.0,64,16,0.0,0.0,64,16,,,0,0,,,0,0,1.0,64.0,64,16,,,0,0,1.0,64.0,64,16,,,0,0,,,0,0,,,0,0,,,0,0,,,0,0,,,0,0,1.0,64.0,64,16,,,0,0,,,0,0,,,0,0,0.71875,46.0,64,16,,,0,0,,,0,0,,,0,0,,,0,0,,,0,0,64,UNKNOWN,NA
APR_SLAKE_STAGE2_BANK16,A,0,BASE,BASE,native,T0,EDIT_TARGET,320,False,macro,16,16,16,UNKNOWN,0.0,0.0,16,16,0.0,0.0,16,16,0.0,0.0,16,16,0.0,0.0,16,16,,,0,0,,,0,0,0.0,0.0,16,16,0.0,0.0,16,16,0.0,0.0,16,16,0.0,0.0,16,16,,,0,0,,,0,0,1.0,16.0,16,16,,,0,0,1.0,16.0,16,16,,,0,0,,,0,0,,,0,0,,,0,0,,,0,0,,,0,0,,,0,0,,,0,0,,,0,0,,,0,0,1.0,16.0,16,16,,,0,0,,,0,0,,,0,0,,,0,0,,,0,0,16,UNKNOWN,NA
APR_SLAKE_STAGE2_BANK16,A,0,BASE,BASE,native,T0,EDIT_TARGET,320,False,micro,16,16,16,UNKNOWN,0.0,0.0,16,16,0.0,0.0,16,16,0.0,0.0,16,16,0.0,0.0,16,16,,,0,0,,,0,0,0.0,0.0,16,16,0.0,0.0,16,16,0.0,0.0,16,16,0.0,0.0,16,16,,,0,0,,,0,0,1.0,16.0,16,16,,,0,0,1.0,16.0,16,16,,,0,0,,,0,0,,,0,0,,,0,0,,,0,0,,,0,0,,,0,0,,,0,0,,,0,0,,,0,0,1.0,16.0,16,16,,,0,0,,,0,0,,,0,0,,,0,0,,,0,0,16,UNKNOWN,NA
APR_SLAKE_STAGE2_BANK16,A,0,HISTORICAL_C1,FORCED_ON,challenge,same_answer_context_not_conflict,STRICT_BASE,320,False,macro,32,15,6,UNKNOWN,0.7,23.0,32,15,,,0,0,0.7,23.0,32,15,0.6111111111111112,20.0,32,15,0.0,0.0,20,11,1.0,20.0,20,11,0.25,3.0,12,8,0.25,3.0,12,8,1.0,32.0,32,15,0.7,23.0,32,15,1.0,32.0,32,15,0.0,0.0,20,11,0.6844444444444444,23.0,32,15,,,0,0,0.7,23.0,32,15,,,0,0,,,0,0,,,0,0,,,0,0,,,0,0,,,0,0,1.0,32.0,32,15,,,0,0,0.0,0.0,20,11,0.3,9.0,32,15,,,0,0,,,0,0,,,0,0,,,0,0,,,0,0,,,0,0,15,UNKNOWN,NA
APR_SLAKE_STAGE2_BANK16,A,0,HISTORICAL_C1,FORCED_ON,challenge,same_answer_context_not_conflict,STRICT_BASE,320,False,micro,32,15,6,UNKNOWN,0.71875,23.0,32,15,,,0,0,0.71875,23.0,32,15,0.625,20.0,32,15,0.0,0.0,20,11,1.0,20.0,20,11,0.25,3.0,12,8,0.25,3.0,12,8,1.0,32.0,32,15,0.71875,23.0,32,15,1.0,32.0,32,15,0.0,0.0,20,11,0.71875,23.0,32,15,,,0,0,0.71875,23.0,32,15,,,0,0,,,0,0,,,0,0,,,0,0,,,0,0,,,0,0,1.0,32.0,32,15,,,0,0,0.0,0.0,20,11,0.28125,9.0,32,15,,,0,0,,,0,0,,,0,0,,,0,0,,,0,0,,,0,0,15,UNKNOWN,NA
APR_SLAKE_STAGE2_BANK16,A,0,HISTORICAL_C1,FORCED_ON,evaluation,H,STRICT_BASE,320,False,macro,20,15,7,UNKNOWN,0.8,16.0,20,15,,,0,0,0.8,16.0,20,15,0.7666666666666667,15.0,20,15,0.07692307692307693,1.0,15,13,0.9230769230769231,14.0,15,13,0.4,2.0,5,5,0.8,4.0,5,5,1.0,20.0,20,15,0.8,16.0,20,15,1.0,20.0,20,15,0.07692307692307693,1.0,15,13,0.6666666666666666,13.0,20,15,,,0,0,0.8,16.0,20,15,,,0,0,,,0,0,,,0,0,,,0,0,,,0,0,,,0,0,1.0,20.0,20,15,,,0,0,0.07692307692307693,1.0,15,13,0.2,4.0,20,15,,,0,0,,,0,0,,,0,0,,,0,0,,,0,0,,,0,0,13,UNKNOWN,NA
APR_SLAKE_STAGE2_BANK16,A,0,HISTORICAL_C1,FORCED_ON,evaluation,H,STRICT_BASE,320,False,micro,20,15,7,UNKNOWN,0.8,16.0,20,15,,,0,0,0.8,16.0,20,15,0.75,15.0,20,15,0.06666666666666667,1.0,15,13,0.9333333333333333,14.0,15,13,0.4,2.0,5,5,0.8,4.0,5,5,1.0,20.0,20,15,0.8,16.0,20,15,1.0,20.0,20,15,0.06666666666666667,1.0,15,13,0.65,13.0,20,15,,,0,0,0.8,16.0,20,15,,,0,0,,,0,0,,,0,0,,,0,0,,,0,0,,,0,0,1.0,20.0,20,15,,,0,0,0.06666666666666667,1.0,15,13,0.2,4.0,20,15,,,0,0,,,0,0,,,0,0,,,0,0,,,0,0,,,0,0,13,UNKNOWN,NA
APR_SLAKE_STAGE2_BANK16,A,0,HISTORICAL_C1,FORCED_ON,evaluation,U,STRICT_BASE,320,False,macro,202,16,41,UNKNOWN,0.6527586996336996,132.0,202,16,,,0,0,0.6527586996336996,132.0,202,16,0.6419986263736264,130.0,202,16,0.00625,1.0,130,16,0.99375,129.0,130,16,0.03854166666666667,3.0,72,16,0.2288690476190476,18.0,72,16,1.0,202.0,202,16,0.6527586996336996,132.0,202,16,1.0,202.0,202,16,0.00625,1.0,130,16,0.7799908424908425,158.0,202,16,,,0,0,0.6527586996336996,132.0,202,16,,,0,0,,,0,0,,,0,0,,,0,0,,,0,0,,,0,0,1.0,202.0,202,16,,,0,0,0.00625,1.0,130,16,0.34724130036630035,70.0,202,16,,,0,0,,,0,0,,,0,0,,,0,0,,,0,0,,,0,0,76,UNKNOWN,NA
APR_SLAKE_STAGE2_BANK16,A,0,HISTORICAL_C1,FORCED_ON,evaluation,U,STRICT_BASE,320,False,micro,202,16,41,UNKNOWN,0.6534653465346535,132.0,202,16,,,0,0,0.6534653465346535,132.0,202,16,0.6435643564356436,130.0,202,16,0.007692307692307693,1.0,130,16,0.9923076923076923,129.0,130,16,0.041666666666666664,3.0,72,16,0.25,18.0,72,16,1.0,202.0,202,16,0.6534653465346535,132.0,202,16,1.0,202.0,202,16,0.007692307692307693,1.0,130,16,0.7821782178217822,158.0,202,16,,,0,0,0.6534653465346535,132.0,202,16,,,0,0,,,0,0,,,0,0,,,0,0,,,0,0,,,0,0,1.0,202.0,202,16,,,0,0,0.007692307692307693,1.0,130,16,0.3465346534653465,70.0,202,16,,,0,0,,,0,0,,,0,0,,,0,0,,,0,0,,,0,0,76,UNKNOWN,NA
APR_SLAKE_STAGE2_BANK16,A,0,HISTORICAL_C1,FORCED_ON,evaluation,cross_family_confirmation,EDIT_TARGET,320,False,macro,32,16,16,UNKNOWN,0.5625,18.0,32,16,,,0,0,0.5625,18.0,32,16,0.5,16.0,32,16,,,0,0,,,0,0,0.1,2.0,16,10,0.25,4.0,16,10,1.0,32.0,32,16,0.5625,18.0,32,16,,,0,0,,,0,0,0.53125,17.0,32,16,,,0,0,0.5625,18.0,32,16,,,0,0,,,0,0,,,0,0,,,0,0,,,0,0,,,0,0,1.0,32.0,32,16,,,0,0,,,0,0,,,0,0,0.0,0.0,32,16,,,0,0,,,0,0,,,0,0,,,0,0,,,0,0,32,UNKNOWN,NA
APR_SLAKE_STAGE2_BANK16,A,0,HISTORICAL_C1,FORCED_ON,evaluation,cross_family_confirmation,EDIT_TARGET,320,False,micro,32,16,16,UNKNOWN,0.5625,18.0,32,16,,,0,0,0.5625,18.0,32,16,0.5,16.0,32,16,,,0,0,,,0,0,0.125,2.0,16,10,0.25,4.0,16,10,1.0,32.0,32,16,0.5625,18.0,32,16,,,0,0,,,0,0,0.53125,17.0,32,16,,,0,0,0.5625,18.0,32,16,,,0,0,,,0,0,,,0,0,,,0,0,,,0,0,,,0,0,1.0,32.0,32,16,,,0,0,,,0,0,,,0,0,0.0,0.0,32,16,,,0,0,,,0,0,,,0,0,,,0,0,,,0,0,32,UNKNOWN,NA
APR_SLAKE_STAGE2_BANK16,A,0,HISTORICAL_C1,FORCED_ON,evaluation,source_style_confirmation,EDIT_TARGET,320,False,macro,32,16,16,UNKNOWN,0.84375,27.0,32,16,,,0,0,0.84375,27.0,32,16,0.59375,19.0,32,16,,,0,0,,,0,0,0.6428571428571429,8.0,13,7,0.9285714285714286,12.0,13,7,1.0,32.0,32,16,0.84375,27.0,32,16,,,0,0,,,0,0,0.28125,9.0,32,16,,,0,0,0.84375,27.0,32,16,,,0,0,,,0,0,,,0,0,,,0,0,,,0,0,,,0,0,1.0,32.0,32,16,,,0,0,,,0,0,,,0,0,0.0,0.0,32,16,,,0,0,,,0,0,,,0,0,,,0,0,,,0,0,32,UNKNOWN,NA
APR_SLAKE_STAGE2_BANK16,A,0,HISTORICAL_C1,FORCED_ON,evaluation,source_style_confirmation,EDIT_TARGET,320,False,micro,32,16,16,UNKNOWN,0.84375,27.0,32,16,,,0,0,0.84375,27.0,32,16,0.59375,19.0,32,16,,,0,0,,,0,0,0.6153846153846154,8.0,13,7,0.9230769230769231,12.0,13,7,1.0,32.0,32,16,0.84375,27.0,32,16,,,0,0,,,0,0,0.28125,9.0,32,16,,,0,0,0.84375,27.0,32,16,,,0,0,,,0,0,,,0,0,,,0,0,,,0,0,,,0,0,1.0,32.0,32,16,,,0,0,,,0,0,,,0,0,0.0,0.0,32,16,,,0,0,,,0,0,,,0,0,,,0,0,,,0,0,32,UNKNOWN,NA
APR_SLAKE_STAGE2_BANK16,A,0,HISTORICAL_C1,FORCED_ON,fit,H,STRICT_BASE,320,False,macro,28,16,9,UNKNOWN,0.9166666666666666,25.0,28,16,,,0,0,0.9166666666666666,25.0,28,16,0.9791666666666666,27.0,28,16,0.0625,2.0,27,16,0.9375,25.0,27,16,0.0,0.0,1,1,1.0,1.0,1,1,1.0,28.0,28,16,0.9166666666666666,25.0,28,16,1.0,28.0,28,16,0.0625,2.0,27,16,0.84375,22.0,28,16,,,0,0,0.9166666666666666,25.0,28,16,,,0,0,,,0,0,,,0,0,,,0,0,,,0,0,,,0,0,1.0,28.0,28,16,,,0,0,0.0625,2.0,27,16,0.08333333333333333,3.0,28,16,,,0,0,,,0,0,,,0,0,,,0,0,,,0,0,,,0,0,17,UNKNOWN,NA
APR_SLAKE_STAGE2_BANK16,A,0,HISTORICAL_C1,FORCED_ON,fit,H,STRICT_BASE,320,False,micro,28,16,9,UNKNOWN,0.8928571428571429,25.0,28,16,,,0,0,0.8928571428571429,25.0,28,16,0.9642857142857143,27.0,28,16,0.07407407407407407,2.0,27,16,0.9259259259259259,25.0,27,16,0.0,0.0,1,1,1.0,1.0,1,1,1.0,28.0,28,16,0.8928571428571429,25.0,28,16,1.0,28.0,28,16,0.07407407407407407,2.0,27,16,0.7857142857142857,22.0,28,16,,,0,0,0.8928571428571429,25.0,28,16,,,0,0,,,0,0,,,0,0,,,0,0,,,0,0,,,0,0,1.0,28.0,28,16,,,0,0,0.07407407407407407,2.0,27,16,0.10714285714285714,3.0,28,16,,,0,0,,,0,0,,,0,0,,,0,0,,,0,0,,,0,0,17,UNKNOWN,NA
APR_SLAKE_STAGE2_BANK16,A,0,HISTORICAL_C1,FORCED_ON,fit,U,STRICT_BASE,320,False,macro,217,16,43,UNKNOWN,0.5676510989010989,123.0,217,16,,,0,0,0.5676510989010989,123.0,217,16,0.5951236263736264,129.0,217,16,0.053348214285714284,7.0,129,16,0.9466517857142858,122.0,129,16,0.010416666666666666,1.0,88,16,0.15414186507936506,15.0,88,16,1.0,217.0,217,16,0.5676510989010989,123.0,217,16,1.0,217.0,217,16,0.053348214285714284,7.0,129,16,0.773695054945055,168.0,217,16,,,0,0,0.5676510989010989,123.0,217,16,,,0,0,,,0,0,,,0,0,,,0,0,,,0,0,,,0,0,1.0,217.0,217,16,,,0,0,0.053348214285714284,7.0,129,16,0.4323489010989011,94.0,217,16,,,0,0,,,0,0,,,0,0,,,0,0,,,0,0,,,0,0,76,UNKNOWN,NA
APR_SLAKE_STAGE2_BANK16,A,0,HISTORICAL_C1,FORCED_ON,fit,U,STRICT_BASE,320,False,micro,217,16,43,UNKNOWN,0.5668202764976958,123.0,217,16,,,0,0,0.5668202764976958,123.0,217,16,0.5944700460829493,129.0,217,16,0.05426356589147287,7.0,129,16,0.9457364341085271,122.0,129,16,0.011363636363636364,1.0,88,16,0.17045454545454544,15.0,88,16,1.0,217.0,217,16,0.5668202764976958,123.0,217,16,1.0,217.0,217,16,0.05426356589147287,7.0,129,16,0.7741935483870968,168.0,217,16,,,0,0,0.5668202764976958,123.0,217,16,,,0,0,,,0,0,,,0,0,,,0,0,,,0,0,,,0,0,1.0,217.0,217,16,,,0,0,0.05426356589147287,7.0,129,16,0.43317972350230416,94.0,217,16,,,0,0,,,0,0,,,0,0,,,0,0,,,0,0,,,0,0,76,UNKNOWN,NA
APR_SLAKE_STAGE2_BANK16,A,0,HISTORICAL_C1,FORCED_ON,fit,cross_family_confirmation,EDIT_TARGET,320,False,macro,64,16,16,UNKNOWN,0.5,32.0,64,16,,,0,0,0.5,32.0,64,16,0.28125,18.0,64,16,,,0,0,,,0,0,0.359375,14.0,46,16,0.640625,26.0,46,16,1.0,64.0,64,16,0.5,32.0,64,16,,,0,0,,,0,0,0.484375,31.0,64,16,,,0,0,0.5,32.0,64,16,,,0,0,,,0,0,,,0,0,,,0,0,,,0,0,,,0,0,1.0,64.0,64,16,,,0,0,,,0,0,,,0,0,0.0,0.0,64,16,,,0,0,,,0,0,,,0,0,,,0,0,,,0,0,64,UNKNOWN,NA
APR_SLAKE_STAGE2_BANK16,A,0,HISTORICAL_C1,FORCED_ON,fit,cross_family_confirmation,EDIT_TARGET,320,False,micro,64,16,16,UNKNOWN,0.5,32.0,64,16,,,0,0,0.5,32.0,64,16,0.28125,18.0,64,16,,,0,0,,,0,0,0.30434782608695654,14.0,46,16,0.5652173913043478,26.0,46,16,1.0,64.0,64,16,0.5,32.0,64,16,,,0,0,,,0,0,0.484375,31.0,64,16,,,0,0,0.5,32.0,64,16,,,0,0,,,0,0,,,0,0,,,0,0,,,0,0,,,0,0,1.0,64.0,64,16,,,0,0,,,0,0,,,0,0,0.0,0.0,64,16,,,0,0,,,0,0,,,0,0,,,0,0,,,0,0,64,UNKNOWN,NA
APR_SLAKE_STAGE2_BANK16,A,0,HISTORICAL_C1,FORCED_ON,native,T0,EDIT_TARGET,320,False,macro,16,16,16,UNKNOWN,0.3125,5.0,16,16,0.3125,5.0,16,16,0.3125,5.0,16,16,0.0,0.0,16,16,,,0,0,,,0,0,0.3125,5.0,16,16,0.3125,5.0,16,16,1.0,16.0,16,16,0.3125,5.0,16,16,,,0,0,,,0,0,0.6875,11.0,16,16,,,0,0,0.3125,5.0,16,16,,,0,0,,,0,0,,,0,0,,,0,0,,,0,0,,,0,0,1.0,16.0,16,16,,,0,0,,,0,0,,,0,0,0.0,0.0,16,16,,,0,0,,,0,0,,,0,0,,,0,0,,,0,0,16,UNKNOWN,NA
APR_SLAKE_STAGE2_BANK16,A,0,HISTORICAL_C1,FORCED_ON,native,T0,EDIT_TARGET,320,False,micro,16,16,16,UNKNOWN,0.3125,5.0,16,16,0.3125,5.0,16,16,0.3125,5.0,16,16,0.0,0.0,16,16,,,0,0,,,0,0,0.3125,5.0,16,16,0.3125,5.0,16,16,1.0,16.0,16,16,0.3125,5.0,16,16,,,0,0,,,0,0,0.6875,11.0,16,16,,,0,0,0.3125,5.0,16,16,,,0,0,,,0,0,,,0,0,,,0,0,,,0,0,,,0,0,1.0,16.0,16,16,,,0,0,,,0,0,,,0,0,0.0,0.0,16,16,,,0,0,,,0,0,,,0,0,,,0,0,,,0,0,16,UNKNOWN,NA
APR_SLAKE_STAGE2_BANK16,A,0,HISTORICAL_C1,RC_FIXED_OLD16,challenge,same_answer_context_not_conflict,STRICT_BASE,320,False,macro,32,15,6,UNKNOWN,0.6111111111111112,20.0,32,15,,,0,0,0.6111111111111112,20.0,32,15,0.6111111111111112,20.0,32,15,0.0,0.0,20,11,1.0,20.0,20,11,0.0,0.0,12,8,0.0,0.0,12,8,0.0,0.0,32,15,0.0,0.0,32,15,0.0,0.0,32,15,0.0,0.0,20,11,1.0,32.0,32,15,,,0,0,0.7,23.0,32,15,,,0,0,,,0,0,,,0,0,,,0,0,,,0,0,,,0,0,,,0,0,,,0,0,,,0,0,,,0,0,,,0,0,,,0,0,,,0,0,,,0,0,,,0,0,,,0,0,15,UNKNOWN,NA
APR_SLAKE_STAGE2_BANK16,A,0,HISTORICAL_C1,RC_FIXED_OLD16,challenge,same_answer_context_not_conflict,STRICT_BASE,320,False,micro,32,15,6,UNKNOWN,0.625,20.0,32,15,,,0,0,0.625,20.0,32,15,0.625,20.0,32,15,0.0,0.0,20,11,1.0,20.0,20,11,0.0,0.0,12,8,0.0,0.0,12,8,0.0,0.0,32,15,0.0,0.0,32,15,0.0,0.0,32,15,0.0,0.0,20,11,1.0,32.0,32,15,,,0,0,0.71875,23.0,32,15,,,0,0,,,0,0,,,0,0,,,0,0,,,0,0,,,0,0,,,0,0,,,0,0,,,0,0,,,0,0,,,0,0,,,0,0,,,0,0,,,0,0,,,0,0,,,0,0,15,UNKNOWN,NA
APR_SLAKE_STAGE2_BANK16,A,0,HISTORICAL_C1,RC_FIXED_OLD16,evaluation,H,STRICT_BASE,320,False,macro,20,15,7,UNKNOWN,0.7666666666666667,15.0,20,15,,,0,0,0.7666666666666667,15.0,20,15,0.7666666666666667,15.0,20,15,0.0,0.0,15,13,1.0,15.0,15,13,0.0,0.0,5,5,0.0,0.0,5,5,0.0,0.0,20,15,0.0,0.0,20,15,0.0,0.0,20,15,0.0,0.0,15,13,1.0,20.0,20,15,,,0,0,0.8,16.0,20,15,,,0,0,,,0,0,,,0,0,,,0,0,,,0,0,,,0,0,,,0,0,,,0,0,,,0,0,,,0,0,,,0,0,,,0,0,,,0,0,,,0,0,,,0,0,,,0,0,13,UNKNOWN,NA
APR_SLAKE_STAGE2_BANK16,A,0,HISTORICAL_C1,RC_FIXED_OLD16,evaluation,H,STRICT_BASE,320,False,micro,20,15,7,UNKNOWN,0.75,15.0,20,15,,,0,0,0.75,15.0,20,15,0.75,15.0,20,15,0.0,0.0,15,13,1.0,15.0,15,13,0.0,0.0,5,5,0.0,0.0,5,5,0.0,0.0,20,15,0.0,0.0,20,15,0.0,0.0,20,15,0.0,0.0,15,13,1.0,20.0,20,15,,,0,0,0.8,16.0,20,15,,,0,0,,,0,0,,,0,0,,,0,0,,,0,0,,,0,0,,,0,0,,,0,0,,,0,0,,,0,0,,,0,0,,,0,0,,,0,0,,,0,0,,,0,0,,,0,0,13,UNKNOWN,NA
APR_SLAKE_STAGE2_BANK16,A,0,HISTORICAL_C1,RC_FIXED_OLD16,evaluation,U,STRICT_BASE,320,False,macro,202,16,41,UNKNOWN,0.6419986263736264,130.0,202,16,,,0,0,0.6419986263736264,130.0,202,16,0.6419986263736264,130.0,202,16,0.0,0.0,130,16,1.0,130.0,130,16,0.0,0.0,72,16,0.0,0.0,72,16,0.0,0.0,202,16,0.0,0.0,202,16,0.0,0.0,202,16,0.0,0.0,130,16,1.0,202.0,202,16,,,0,0,0.6527586996336996,132.0,202,16,,,0,0,,,0,0,,,0,0,,,0,0,,,0,0,,,0,0,,,0,0,,,0,0,,,0,0,,,0,0,,,0,0,,,0,0,,,0,0,,,0,0,,,0,0,,,0,0,76,UNKNOWN,NA
APR_SLAKE_STAGE2_BANK16,A,0,HISTORICAL_C1,RC_FIXED_OLD16,evaluation,U,STRICT_BASE,320,False,micro,202,16,41,UNKNOWN,0.6435643564356436,130.0,202,16,,,0,0,0.6435643564356436,130.0,202,16,0.6435643564356436,130.0,202,16,0.0,0.0,130,16,1.0,130.0,130,16,0.0,0.0,72,16,0.0,0.0,72,16,0.0,0.0,202,16,0.0,0.0,202,16,0.0,0.0,202,16,0.0,0.0,130,16,1.0,202.0,202,16,,,0,0,0.6534653465346535,132.0,202,16,,,0,0,,,0,0,,,0,0,,,0,0,,,0,0,,,0,0,,,0,0,,,0,0,,,0,0,,,0,0,,,0,0,,,0,0,,,0,0,,,0,0,,,0,0,,,0,0,76,UNKNOWN,NA
APR_SLAKE_STAGE2_BANK16,A,0,HISTORICAL_C1,RC_FIXED_OLD16,evaluation,cross_family_confirmation,EDIT_TARGET,320,False,macro,32,16,16,UNKNOWN,0.5625,18.0,32,16,,,0,0,0.5625,18.0,32,16,0.5,16.0,32,16,,,0,0,,,0,0,0.1,2.0,16,10,0.25,4.0,16,10,1.0,32.0,32,16,0.5625,18.0,32,16,,,0,0,,,0,0,0.53125,17.0,32,16,,,0,0,0.5625,18.0,32,16,,,0,0,,,0,0,,,0,0,,,0,0,,,0,0,,,0,0,1.0,32.0,32,16,,,0,0,,,0,0,,,0,0,0.0,0.0,32,16,,,0,0,,,0,0,,,0,0,,,0,0,,,0,0,32,UNKNOWN,NA
APR_SLAKE_STAGE2_BANK16,A,0,HISTORICAL_C1,RC_FIXED_OLD16,evaluation,cross_family_confirmation,EDIT_TARGET,320,False,micro,32,16,16,UNKNOWN,0.5625,18.0,32,16,,,0,0,0.5625,18.0,32,16,0.5,16.0,32,16,,,0,0,,,0,0,0.125,2.0,16,10,0.25,4.0,16,10,1.0,32.0,32,16,0.5625,18.0,32,16,,,0,0,,,0,0,0.53125,17.0,32,16,,,0,0,0.5625,18.0,32,16,,,0,0,,,0,0,,,0,0,,,0,0,,,0,0,,,0,0,1.0,32.0,32,16,,,0,0,,,0,0,,,0,0,0.0,0.0,32,16,,,0,0,,,0,0,,,0,0,,,0,0,,,0,0,32,UNKNOWN,NA
APR_SLAKE_STAGE2_BANK16,A,0,HISTORICAL_C1,RC_FIXED_OLD16,evaluation,source_style_confirmation,EDIT_TARGET,320,False,macro,32,16,16,UNKNOWN,0.84375,27.0,32,16,,,0,0,0.84375,27.0,32,16,0.59375,19.0,32,16,,,0,0,,,0,0,0.6428571428571429,8.0,13,7,0.9285714285714286,12.0,13,7,1.0,32.0,32,16,0.84375,27.0,32,16,,,0,0,,,0,0,0.28125,9.0,32,16,,,0,0,0.84375,27.0,32,16,,,0,0,,,0,0,,,0,0,,,0,0,,,0,0,,,0,0,1.0,32.0,32,16,,,0,0,,,0,0,,,0,0,0.0,0.0,32,16,,,0,0,,,0,0,,,0,0,,,0,0,,,0,0,32,UNKNOWN,NA
APR_SLAKE_STAGE2_BANK16,A,0,HISTORICAL_C1,RC_FIXED_OLD16,evaluation,source_style_confirmation,EDIT_TARGET,320,False,micro,32,16,16,UNKNOWN,0.84375,27.0,32,16,,,0,0,0.84375,27.0,32,16,0.59375,19.0,32,16,,,0,0,,,0,0,0.6153846153846154,8.0,13,7,0.9230769230769231,12.0,13,7,1.0,32.0,32,16,0.84375,27.0,32,16,,,0,0,,,0,0,0.28125,9.0,32,16,,,0,0,0.84375,27.0,32,16,,,0,0,,,0,0,,,0,0,,,0,0,,,0,0,,,0,0,1.0,32.0,32,16,,,0,0,,,0,0,,,0,0,0.0,0.0,32,16,,,0,0,,,0,0,,,0,0,,,0,0,,,0,0,32,UNKNOWN,NA
APR_SLAKE_STAGE2_BANK16,A,0,HISTORICAL_C1,RC_FIXED_OLD16,fit,H,STRICT_BASE,320,False,macro,28,16,9,UNKNOWN,0.9791666666666666,27.0,28,16,,,0,0,0.9791666666666666,27.0,28,16,0.9791666666666666,27.0,28,16,0.0,0.0,27,16,1.0,27.0,27,16,0.0,0.0,1,1,0.0,0.0,1,1,0.0,0.0,28,16,0.0,0.0,28,16,0.0,0.0,28,16,0.0,0.0,27,16,1.0,28.0,28,16,,,0,0,0.9166666666666666,25.0,28,16,,,0,0,,,0,0,,,0,0,,,0,0,,,0,0,,,0,0,,,0,0,,,0,0,,,0,0,,,0,0,,,0,0,,,0,0,,,0,0,,,0,0,,,0,0,,,0,0,17,UNKNOWN,NA
APR_SLAKE_STAGE2_BANK16,A,0,HISTORICAL_C1,RC_FIXED_OLD16,fit,H,STRICT_BASE,320,False,micro,28,16,9,UNKNOWN,0.9642857142857143,27.0,28,16,,,0,0,0.9642857142857143,27.0,28,16,0.9642857142857143,27.0,28,16,0.0,0.0,27,16,1.0,27.0,27,16,0.0,0.0,1,1,0.0,0.0,1,1,0.0,0.0,28,16,0.0,0.0,28,16,0.0,0.0,28,16,0.0,0.0,27,16,1.0,28.0,28,16,,,0,0,0.8928571428571429,25.0,28,16,,,0,0,,,0,0,,,0,0,,,0,0,,,0,0,,,0,0,,,0,0,,,0,0,,,0,0,,,0,0,,,0,0,,,0,0,,,0,0,,,0,0,,,0,0,,,0,0,17,UNKNOWN,NA
APR_SLAKE_STAGE2_BANK16,A,0,HISTORICAL_C1,RC_FIXED_OLD16,fit,U,STRICT_BASE,320,False,macro,217,16,43,UNKNOWN,0.5951236263736264,129.0,217,16,,,0,0,0.5951236263736264,129.0,217,16,0.5951236263736264,129.0,217,16,0.0,0.0,129,16,1.0,129.0,129,16,0.0,0.0,88,16,0.0,0.0,88,16,0.0,0.0,217,16,0.0,0.0,217,16,0.0,0.0,217,16,0.0,0.0,129,16,1.0,217.0,217,16,,,0,0,0.5676510989010989,123.0,217,16,,,0,0,,,0,0,,,0,0,,,0,0,,,0,0,,,0,0,,,0,0,,,0,0,,,0,0,,,0,0,,,0,0,,,0,0,,,0,0,,,0,0,,,0,0,,,0,0,76,UNKNOWN,NA
APR_SLAKE_STAGE2_BANK16,A,0,HISTORICAL_C1,RC_FIXED_OLD16,fit,U,STRICT_BASE,320,False,micro,217,16,43,UNKNOWN,0.5944700460829493,129.0,217,16,,,0,0,0.5944700460829493,129.0,217,16,0.5944700460829493,129.0,217,16,0.0,0.0,129,16,1.0,129.0,129,16,0.0,0.0,88,16,0.0,0.0,88,16,0.0,0.0,217,16,0.0,0.0,217,16,0.0,0.0,217,16,0.0,0.0,129,16,1.0,217.0,217,16,,,0,0,0.5668202764976958,123.0,217,16,,,0,0,,,0,0,,,0,0,,,0,0,,,0,0,,,0,0,,,0,0,,,0,0,,,0,0,,,0,0,,,0,0,,,0,0,,,0,0,,,0,0,,,0,0,,,0,0,76,UNKNOWN,NA
APR_SLAKE_STAGE2_BANK16,A,0,HISTORICAL_C1,RC_FIXED_OLD16,fit,cross_family_confirmation,EDIT_TARGET,320,False,macro,64,16,16,UNKNOWN,0.5,32.0,64,16,,,0,0,0.5,32.0,64,16,0.28125,18.0,64,16,,,0,0,,,0,0,0.359375,14.0,46,16,0.640625,26.0,46,16,1.0,64.0,64,16,0.5,32.0,64,16,,,0,0,,,0,0,0.484375,31.0,64,16,,,0,0,0.5,32.0,64,16,,,0,0,,,0,0,,,0,0,,,0,0,,,0,0,,,0,0,1.0,64.0,64,16,,,0,0,,,0,0,,,0,0,0.0,0.0,64,16,,,0,0,,,0,0,,,0,0,,,0,0,,,0,0,64,UNKNOWN,NA
APR_SLAKE_STAGE2_BANK16,A,0,HISTORICAL_C1,RC_FIXED_OLD16,fit,cross_family_confirmation,EDIT_TARGET,320,False,micro,64,16,16,UNKNOWN,0.5,32.0,64,16,,,0,0,0.5,32.0,64,16,0.28125,18.0,64,16,,,0,0,,,0,0,0.30434782608695654,14.0,46,16,0.5652173913043478,26.0,46,16,1.0,64.0,64,16,0.5,32.0,64,16,,,0,0,,,0,0,0.484375,31.0,64,16,,,0,0,0.5,32.0,64,16,,,0,0,,,0,0,,,0,0,,,0,0,,,0,0,,,0,0,1.0,64.0,64,16,,,0,0,,,0,0,,,0,0,0.0,0.0,64,16,,,0,0,,,0,0,,,0,0,,,0,0,,,0,0,64,UNKNOWN,NA
APR_SLAKE_STAGE2_BANK16,A,0,HISTORICAL_C1,RC_FIXED_OLD16,native,T0,EDIT_TARGET,320,False,macro,16,16,16,UNKNOWN,0.3125,5.0,16,16,0.3125,5.0,16,16,0.3125,5.0,16,16,0.0,0.0,16,16,,,0,0,,,0,0,0.3125,5.0,16,16,0.3125,5.0,16,16,1.0,16.0,16,16,0.3125,5.0,16,16,,,0,0,,,0,0,0.6875,11.0,16,16,,,0,0,0.3125,5.0,16,16,,,0,0,,,0,0,,,0,0,,,0,0,,,0,0,,,0,0,1.0,16.0,16,16,,,0,0,,,0,0,,,0,0,0.0,0.0,16,16,,,0,0,,,0,0,,,0,0,,,0,0,,,0,0,16,UNKNOWN,NA
APR_SLAKE_STAGE2_BANK16,A,0,HISTORICAL_C1,RC_FIXED_OLD16,native,T0,EDIT_TARGET,320,False,micro,16,16,16,UNKNOWN,0.3125,5.0,16,16,0.3125,5.0,16,16,0.3125,5.0,16,16,0.0,0.0,16,16,,,0,0,,,0,0,0.3125,5.0,16,16,0.3125,5.0,16,16,1.0,16.0,16,16,0.3125,5.0,16,16,,,0,0,,,0,0,0.6875,11.0,16,16,,,0,0,0.3125,5.0,16,16,,,0,0,,,0,0,,,0,0,,,0,0,,,0,0,,,0,0,1.0,16.0,16,16,,,0,0,,,0,0,,,0,0,0.0,0.0,16,16,,,0,0,,,0,0,,,0,0,,,0,0,,,0,0,16,UNKNOWN,NA
APR_SLAKE_STAGE2_BANK16,A,0,HISTORICAL_W1,FORCED_ON,challenge,same_answer_context_not_conflict,STRICT_BASE,320,False,macro,32,15,6,UNKNOWN,1.0,32.0,32,15,,,0,0,1.0,32.0,32,15,0.6111111111111112,20.0,32,15,0.0,0.0,20,11,1.0,20.0,20,11,1.0,12.0,12,8,1.0,12.0,12,8,1.0,32.0,32,15,1.0,32.0,32,15,1.0,32.0,32,15,0.0,0.0,20,11,0.0,0.0,32,15,0.21229689425064457,8.145353052765131,32,15,1.0,32.0,32,15,,,0,0,,,0,0,,,0,0,,,0,0,,,0,0,,,0,0,1.0,32.0,32,15,,,0,0,0.0,0.0,20,11,0.0,0.0,32,15,,,0,0,,,0,0,,,0,0,,,0,0,,,0,0,,,0,0,15,UNKNOWN,NA
APR_SLAKE_STAGE2_BANK16,A,0,HISTORICAL_W1,FORCED_ON,challenge,same_answer_context_not_conflict,STRICT_BASE,320,False,micro,32,15,6,UNKNOWN,1.0,32.0,32,15,,,0,0,1.0,32.0,32,15,0.625,20.0,32,15,0.0,0.0,20,11,1.0,20.0,20,11,1.0,12.0,12,8,1.0,12.0,12,8,1.0,32.0,32,15,1.0,32.0,32,15,1.0,32.0,32,15,0.0,0.0,20,11,0.0,0.0,32,15,0.25454228289891034,8.145353052765131,32,15,1.0,32.0,32,15,,,0,0,,,0,0,,,0,0,,,0,0,,,0,0,,,0,0,1.0,32.0,32,15,,,0,0,0.0,0.0,20,11,0.0,0.0,32,15,,,0,0,,,0,0,,,0,0,,,0,0,,,0,0,,,0,0,15,UNKNOWN,NA
APR_SLAKE_STAGE2_BANK16,A,0,HISTORICAL_W1,FORCED_ON,evaluation,H,STRICT_BASE,320,False,macro,20,15,7,UNKNOWN,0.3,8.0,20,15,,,0,0,0.3,8.0,20,15,0.7666666666666667,15.0,20,15,0.5384615384615384,7.0,15,13,0.46153846153846156,8.0,15,13,0.0,0.0,5,5,0.8,4.0,5,5,1.0,20.0,20,15,0.3,8.0,20,15,1.0,20.0,20,15,0.5384615384615384,7.0,15,13,0.13333333333333333,4.0,20,15,0.08614716484832267,1.3267585723660886,20,15,0.3,8.0,20,15,,,0,0,,,0,0,,,0,0,,,0,0,,,0,0,,,0,0,1.0,20.0,20,15,,,0,0,0.5384615384615384,7.0,15,13,0.7,12.0,20,15,,,0,0,,,0,0,,,0,0,,,0,0,,,0,0,,,0,0,13,UNKNOWN,NA
APR_SLAKE_STAGE2_BANK16,A,0,HISTORICAL_W1,FORCED_ON,evaluation,H,STRICT_BASE,320,False,micro,20,15,7,UNKNOWN,0.4,8.0,20,15,,,0,0,0.4,8.0,20,15,0.75,15.0,20,15,0.4666666666666667,7.0,15,13,0.5333333333333333,8.0,15,13,0.0,0.0,5,5,0.8,4.0,5,5,1.0,20.0,20,15,0.4,8.0,20,15,1.0,20.0,20,15,0.4666666666666667,7.0,15,13,0.2,4.0,20,15,0.06633792861830443,1.3267585723660886,20,15,0.4,8.0,20,15,,,0,0,,,0,0,,,0,0,,,0,0,,,0,0,,,0,0,1.0,20.0,20,15,,,0,0,0.4666666666666667,7.0,15,13,0.6,12.0,20,15,,,0,0,,,0,0,,,0,0,,,0,0,,,0,0,,,0,0,13,UNKNOWN,NA
APR_SLAKE_STAGE2_BANK16,A,0,HISTORICAL_W1,FORCED_ON,evaluation,U,STRICT_BASE,320,False,macro,202,16,41,UNKNOWN,0.5987293956043956,121.0,202,16,,,0,0,0.5987293956043956,121.0,202,16,0.6419986263736264,130.0,202,16,0.1280573593073593,18.0,130,16,0.8719426406926407,112.0,130,16,0.11235119047619047,9.0,72,16,0.3104166666666667,24.0,72,16,1.0,202.0,202,16,0.5987293956043956,121.0,202,16,1.0,202.0,202,16,0.1280573593073593,18.0,130,16,0.6786858974358975,137.0,202,16,0.011618348216994064,2.358909681875957,202,16,0.5987293956043956,121.0,202,16,,,0,0,,,0,0,,,0,0,,,0,0,,,0,0,,,0,0,1.0,202.0,202,16,,,0,0,0.1280573593073593,18.0,130,16,0.4012706043956044,81.0,202,16,,,0,0,,,0,0,,,0,0,,,0,0,,,0,0,,,0,0,76,UNKNOWN,NA
APR_SLAKE_STAGE2_BANK16,A,0,HISTORICAL_W1,FORCED_ON,evaluation,U,STRICT_BASE,320,False,micro,202,16,41,UNKNOWN,0.599009900990099,121.0,202,16,,,0,0,0.599009900990099,121.0,202,16,0.6435643564356436,130.0,202,16,0.13846153846153847,18.0,130,16,0.8615384615384616,112.0,130,16,0.125,9.0,72,16,0.3333333333333333,24.0,72,16,1.0,202.0,202,16,0.599009900990099,121.0,202,16,1.0,202.0,202,16,0.13846153846153847,18.0,130,16,0.6782178217821783,137.0,202,16,0.011677770702356224,2.358909681875957,202,16,0.599009900990099,121.0,202,16,,,0,0,,,0,0,,,0,0,,,0,0,,,0,0,,,0,0,1.0,202.0,202,16,,,0,0,0.13846153846153847,18.0,130,16,0.400990099009901,81.0,202,16,,,0,0,,,0,0,,,0,0,,,0,0,,,0,0,,,0,0,76,UNKNOWN,NA
APR_SLAKE_STAGE2_BANK16,A,0,HISTORICAL_W1,FORCED_ON,evaluation,cross_family_confirmation,EDIT_TARGET,320,False,macro,32,16,16,UNKNOWN,1.0,32.0,32,16,,,0,0,1.0,32.0,32,16,0.5,16.0,32,16,,,0,0,,,0,0,1.0,16.0,16,10,1.0,16.0,16,10,1.0,32.0,32,16,1.0,32.0,32,16,,,0,0,,,0,0,0.0,0.0,32,16,,,0,0,1.0,32.0,32,16,,,0,0,,,0,0,,,0,0,,,0,0,,,0,0,,,0,0,1.0,32.0,32,16,,,0,0,,,0,0,,,0,0,0.0,0.0,32,16,,,0,0,,,0,0,,,0,0,,,0,0,,,0,0,32,UNKNOWN,NA
APR_SLAKE_STAGE2_BANK16,A,0,HISTORICAL_W1,FORCED_ON,evaluation,cross_family_confirmation,EDIT_TARGET,320,False,micro,32,16,16,UNKNOWN,1.0,32.0,32,16,,,0,0,1.0,32.0,32,16,0.5,16.0,32,16,,,0,0,,,0,0,1.0,16.0,16,10,1.0,16.0,16,10,1.0,32.0,32,16,1.0,32.0,32,16,,,0,0,,,0,0,0.0,0.0,32,16,,,0,0,1.0,32.0,32,16,,,0,0,,,0,0,,,0,0,,,0,0,,,0,0,,,0,0,1.0,32.0,32,16,,,0,0,,,0,0,,,0,0,0.0,0.0,32,16,,,0,0,,,0,0,,,0,0,,,0,0,,,0,0,32,UNKNOWN,NA
APR_SLAKE_STAGE2_BANK16,A,0,HISTORICAL_W1,FORCED_ON,evaluation,source_style_confirmation,EDIT_TARGET,320,False,macro,32,16,16,UNKNOWN,1.0,32.0,32,16,,,0,0,1.0,32.0,32,16,0.59375,19.0,32,16,,,0,0,,,0,0,1.0,13.0,13,7,1.0,13.0,13,7,1.0,32.0,32,16,1.0,32.0,32,16,,,0,0,,,0,0,0.0,0.0,32,16,,,0,0,1.0,32.0,32,16,,,0,0,,,0,0,,,0,0,,,0,0,,,0,0,,,0,0,1.0,32.0,32,16,,,0,0,,,0,0,,,0,0,0.0,0.0,32,16,,,0,0,,,0,0,,,0,0,,,0,0,,,0,0,32,UNKNOWN,NA
APR_SLAKE_STAGE2_BANK16,A,0,HISTORICAL_W1,FORCED_ON,evaluation,source_style_confirmation,EDIT_TARGET,320,False,micro,32,16,16,UNKNOWN,1.0,32.0,32,16,,,0,0,1.0,32.0,32,16,0.59375,19.0,32,16,,,0,0,,,0,0,1.0,13.0,13,7,1.0,13.0,13,7,1.0,32.0,32,16,1.0,32.0,32,16,,,0,0,,,0,0,0.0,0.0,32,16,,,0,0,1.0,32.0,32,16,,,0,0,,,0,0,,,0,0,,,0,0,,,0,0,,,0,0,1.0,32.0,32,16,,,0,0,,,0,0,,,0,0,0.0,0.0,32,16,,,0,0,,,0,0,,,0,0,,,0,0,,,0,0,32,UNKNOWN,NA
APR_SLAKE_STAGE2_BANK16,A,0,HISTORICAL_W1,FORCED_ON,fit,H,STRICT_BASE,320,False,macro,28,16,9,UNKNOWN,0.3854166666666667,16.0,28,16,,,0,0,0.3854166666666667,16.0,28,16,0.9791666666666666,27.0,28,16,0.59375,11.0,27,16,0.40625,16.0,27,16,0.0,0.0,1,1,1.0,1.0,1,1,1.0,28.0,28,16,0.3854166666666667,16.0,28,16,1.0,28.0,28,16,0.59375,11.0,27,16,0.23958333333333331,9.0,28,16,0.04658152282354422,0.9509474779479206,28,16,0.3854166666666667,16.0,28,16,,,0,0,,,0,0,,,0,0,,,0,0,,,0,0,,,0,0,1.0,28.0,28,16,,,0,0,0.59375,11.0,27,16,0.6145833333333334,12.0,28,16,,,0,0,,,0,0,,,0,0,,,0,0,,,0,0,,,0,0,17,UNKNOWN,NA
APR_SLAKE_STAGE2_BANK16,A,0,HISTORICAL_W1,FORCED_ON,fit,H,STRICT_BASE,320,False,micro,28,16,9,UNKNOWN,0.5714285714285714,16.0,28,16,,,0,0,0.5714285714285714,16.0,28,16,0.9642857142857143,27.0,28,16,0.4074074074074074,11.0,27,16,0.5925925925925926,16.0,27,16,0.0,0.0,1,1,1.0,1.0,1,1,1.0,28.0,28,16,0.5714285714285714,16.0,28,16,1.0,28.0,28,16,0.4074074074074074,11.0,27,16,0.32142857142857145,9.0,28,16,0.03396240992671145,0.9509474779479206,28,16,0.5714285714285714,16.0,28,16,,,0,0,,,0,0,,,0,0,,,0,0,,,0,0,,,0,0,1.0,28.0,28,16,,,0,0,0.4074074074074074,11.0,27,16,0.42857142857142855,12.0,28,16,,,0,0,,,0,0,,,0,0,,,0,0,,,0,0,,,0,0,17,UNKNOWN,NA
APR_SLAKE_STAGE2_BANK16,A,0,HISTORICAL_W1,FORCED_ON,fit,U,STRICT_BASE,320,False,macro,217,16,43,UNKNOWN,0.5182005494505495,112.0,217,16,,,0,0,0.5182005494505495,112.0,217,16,0.5951236263736264,129.0,217,16,0.15535714285714286,22.0,129,16,0.8446428571428571,107.0,129,16,0.04538690476190476,5.0,88,16,0.17194940476190476,17.0,88,16,1.0,217.0,217,16,0.5182005494505495,112.0,217,16,1.0,217.0,217,16,0.15535714285714286,22.0,129,16,0.7558379120879121,164.0,217,16,0.007076342059343125,1.5496247206901899,217,16,0.5182005494505495,112.0,217,16,,,0,0,,,0,0,,,0,0,,,0,0,,,0,0,,,0,0,1.0,217.0,217,16,,,0,0,0.15535714285714286,22.0,129,16,0.48179945054945056,105.0,217,16,,,0,0,,,0,0,,,0,0,,,0,0,,,0,0,,,0,0,76,UNKNOWN,NA
APR_SLAKE_STAGE2_BANK16,A,0,HISTORICAL_W1,FORCED_ON,fit,U,STRICT_BASE,320,False,micro,217,16,43,UNKNOWN,0.5161290322580645,112.0,217,16,,,0,0,0.5161290322580645,112.0,217,16,0.5944700460829493,129.0,217,16,0.17054263565891473,22.0,129,16,0.8294573643410853,107.0,129,16,0.056818181818181816,5.0,88,16,0.19318181818181818,17.0,88,16,1.0,217.0,217,16,0.5161290322580645,112.0,217,16,1.0,217.0,217,16,0.17054263565891473,22.0,129,16,0.7557603686635944,164.0,217,16,0.007141127745116082,1.5496247206901899,217,16,0.5161290322580645,112.0,217,16,,,0,0,,,0,0,,,0,0,,,0,0,,,0,0,,,0,0,1.0,217.0,217,16,,,0,0,0.17054263565891473,22.0,129,16,0.4838709677419355,105.0,217,16,,,0,0,,,0,0,,,0,0,,,0,0,,,0,0,,,0,0,76,UNKNOWN,NA
APR_SLAKE_STAGE2_BANK16,A,0,HISTORICAL_W1,FORCED_ON,fit,cross_family_confirmation,EDIT_TARGET,320,False,macro,64,16,16,UNKNOWN,1.0,64.0,64,16,,,0,0,1.0,64.0,64,16,0.28125,18.0,64,16,,,0,0,,,0,0,1.0,46.0,46,16,1.0,46.0,46,16,1.0,64.0,64,16,1.0,64.0,64,16,,,0,0,,,0,0,0.0,0.0,64,16,,,0,0,1.0,64.0,64,16,,,0,0,,,0,0,,,0,0,,,0,0,,,0,0,,,0,0,1.0,64.0,64,16,,,0,0,,,0,0,,,0,0,0.0,0.0,64,16,,,0,0,,,0,0,,,0,0,,,0,0,,,0,0,64,UNKNOWN,NA
APR_SLAKE_STAGE2_BANK16,A,0,HISTORICAL_W1,FORCED_ON,fit,cross_family_confirmation,EDIT_TARGET,320,False,micro,64,16,16,UNKNOWN,1.0,64.0,64,16,,,0,0,1.0,64.0,64,16,0.28125,18.0,64,16,,,0,0,,,0,0,1.0,46.0,46,16,1.0,46.0,46,16,1.0,64.0,64,16,1.0,64.0,64,16,,,0,0,,,0,0,0.0,0.0,64,16,,,0,0,1.0,64.0,64,16,,,0,0,,,0,0,,,0,0,,,0,0,,,0,0,,,0,0,1.0,64.0,64,16,,,0,0,,,0,0,,,0,0,0.0,0.0,64,16,,,0,0,,,0,0,,,0,0,,,0,0,,,0,0,64,UNKNOWN,NA
APR_SLAKE_STAGE2_BANK16,A,0,HISTORICAL_W1,FORCED_ON,native,T0,EDIT_TARGET,320,False,macro,16,16,16,UNKNOWN,1.0,16.0,16,16,1.0,16.0,16,16,1.0,16.0,16,16,0.0,0.0,16,16,,,0,0,,,0,0,1.0,16.0,16,16,1.0,16.0,16,16,1.0,16.0,16,16,1.0,16.0,16,16,,,0,0,,,0,0,0.0,0.0,16,16,,,0,0,1.0,16.0,16,16,,,0,0,,,0,0,,,0,0,,,0,0,,,0,0,,,0,0,1.0,16.0,16,16,,,0,0,,,0,0,,,0,0,0.0,0.0,16,16,,,0,0,,,0,0,,,0,0,,,0,0,,,0,0,16,UNKNOWN,NA
APR_SLAKE_STAGE2_BANK16,A,0,HISTORICAL_W1,FORCED_ON,native,T0,EDIT_TARGET,320,False,micro,16,16,16,UNKNOWN,1.0,16.0,16,16,1.0,16.0,16,16,1.0,16.0,16,16,0.0,0.0,16,16,,,0,0,,,0,0,1.0,16.0,16,16,1.0,16.0,16,16,1.0,16.0,16,16,1.0,16.0,16,16,,,0,0,,,0,0,0.0,0.0,16,16,,,0,0,1.0,16.0,16,16,,,0,0,,,0,0,,,0,0,,,0,0,,,0,0,,,0,0,1.0,16.0,16,16,,,0,0,,,0,0,,,0,0,0.0,0.0,16,16,,,0,0,,,0,0,,,0,0,,,0,0,,,0,0,16,UNKNOWN,NA
APR_SLAKE_STAGE2_BANK16,A,0,HISTORICAL_W1,RC_FIXED_OLD16,challenge,same_answer_context_not_conflict,STRICT_BASE,320,False,macro,32,15,6,UNKNOWN,0.6111111111111112,20.0,32,15,,,0,0,0.6111111111111112,20.0,32,15,0.6111111111111112,20.0,32,15,0.0,0.0,20,11,1.0,20.0,20,11,0.0,0.0,12,8,0.0,0.0,12,8,0.0,0.0,32,15,0.0,0.0,32,15,0.0,0.0,32,15,0.0,0.0,20,11,1.0,32.0,32,15,0.0,0.0,32,15,1.0,32.0,32,15,,,0,0,,,0,0,,,0,0,,,0,0,,,0,0,,,0,0,,,0,0,,,0,0,,,0,0,,,0,0,,,0,0,,,0,0,,,0,0,,,0,0,,,0,0,,,0,0,15,UNKNOWN,NA
APR_SLAKE_STAGE2_BANK16,A,0,HISTORICAL_W1,RC_FIXED_OLD16,challenge,same_answer_context_not_conflict,STRICT_BASE,320,False,micro,32,15,6,UNKNOWN,0.625,20.0,32,15,,,0,0,0.625,20.0,32,15,0.625,20.0,32,15,0.0,0.0,20,11,1.0,20.0,20,11,0.0,0.0,12,8,0.0,0.0,12,8,0.0,0.0,32,15,0.0,0.0,32,15,0.0,0.0,32,15,0.0,0.0,20,11,1.0,32.0,32,15,0.0,0.0,32,15,1.0,32.0,32,15,,,0,0,,,0,0,,,0,0,,,0,0,,,0,0,,,0,0,,,0,0,,,0,0,,,0,0,,,0,0,,,0,0,,,0,0,,,0,0,,,0,0,,,0,0,,,0,0,15,UNKNOWN,NA
APR_SLAKE_STAGE2_BANK16,A,0,HISTORICAL_W1,RC_FIXED_OLD16,evaluation,H,STRICT_BASE,320,False,macro,20,15,7,UNKNOWN,0.7666666666666667,15.0,20,15,,,0,0,0.7666666666666667,15.0,20,15,0.7666666666666667,15.0,20,15,0.0,0.0,15,13,1.0,15.0,15,13,0.0,0.0,5,5,0.0,0.0,5,5,0.0,0.0,20,15,0.0,0.0,20,15,0.0,0.0,20,15,0.0,0.0,15,13,1.0,20.0,20,15,0.0,0.0,20,15,0.3,8.0,20,15,,,0,0,,,0,0,,,0,0,,,0,0,,,0,0,,,0,0,,,0,0,,,0,0,,,0,0,,,0,0,,,0,0,,,0,0,,,0,0,,,0,0,,,0,0,,,0,0,13,UNKNOWN,NA
APR_SLAKE_STAGE2_BANK16,A,0,HISTORICAL_W1,RC_FIXED_OLD16,evaluation,H,STRICT_BASE,320,False,micro,20,15,7,UNKNOWN,0.75,15.0,20,15,,,0,0,0.75,15.0,20,15,0.75,15.0,20,15,0.0,0.0,15,13,1.0,15.0,15,13,0.0,0.0,5,5,0.0,0.0,5,5,0.0,0.0,20,15,0.0,0.0,20,15,0.0,0.0,20,15,0.0,0.0,15,13,1.0,20.0,20,15,0.0,0.0,20,15,0.4,8.0,20,15,,,0,0,,,0,0,,,0,0,,,0,0,,,0,0,,,0,0,,,0,0,,,0,0,,,0,0,,,0,0,,,0,0,,,0,0,,,0,0,,,0,0,,,0,0,,,0,0,13,UNKNOWN,NA
APR_SLAKE_STAGE2_BANK16,A,0,HISTORICAL_W1,RC_FIXED_OLD16,evaluation,U,STRICT_BASE,320,False,macro,202,16,41,UNKNOWN,0.6419986263736264,130.0,202,16,,,0,0,0.6419986263736264,130.0,202,16,0.6419986263736264,130.0,202,16,0.0,0.0,130,16,1.0,130.0,130,16,0.0,0.0,72,16,0.0,0.0,72,16,0.0,0.0,202,16,0.0,0.0,202,16,0.0,0.0,202,16,0.0,0.0,130,16,1.0,202.0,202,16,0.0,0.0,202,16,0.5987293956043956,121.0,202,16,,,0,0,,,0,0,,,0,0,,,0,0,,,0,0,,,0,0,,,0,0,,,0,0,,,0,0,,,0,0,,,0,0,,,0,0,,,0,0,,,0,0,,,0,0,,,0,0,76,UNKNOWN,NA
APR_SLAKE_STAGE2_BANK16,A,0,HISTORICAL_W1,RC_FIXED_OLD16,evaluation,U,STRICT_BASE,320,False,micro,202,16,41,UNKNOWN,0.6435643564356436,130.0,202,16,,,0,0,0.6435643564356436,130.0,202,16,0.6435643564356436,130.0,202,16,0.0,0.0,130,16,1.0,130.0,130,16,0.0,0.0,72,16,0.0,0.0,72,16,0.0,0.0,202,16,0.0,0.0,202,16,0.0,0.0,202,16,0.0,0.0,130,16,1.0,202.0,202,16,0.0,0.0,202,16,0.599009900990099,121.0,202,16,,,0,0,,,0,0,,,0,0,,,0,0,,,0,0,,,0,0,,,0,0,,,0,0,,,0,0,,,0,0,,,0,0,,,0,0,,,0,0,,,0,0,,,0,0,,,0,0,76,UNKNOWN,NA
APR_SLAKE_STAGE2_BANK16,A,0,HISTORICAL_W1,RC_FIXED_OLD16,evaluation,cross_family_confirmation,EDIT_TARGET,320,False,macro,32,16,16,UNKNOWN,1.0,32.0,32,16,,,0,0,1.0,32.0,32,16,0.5,16.0,32,16,,,0,0,,,0,0,1.0,16.0,16,10,1.0,16.0,16,10,1.0,32.0,32,16,1.0,32.0,32,16,,,0,0,,,0,0,0.0,0.0,32,16,,,0,0,1.0,32.0,32,16,,,0,0,,,0,0,,,0,0,,,0,0,,,0,0,,,0,0,1.0,32.0,32,16,,,0,0,,,0,0,,,0,0,0.0,0.0,32,16,,,0,0,,,0,0,,,0,0,,,0,0,,,0,0,32,UNKNOWN,NA
APR_SLAKE_STAGE2_BANK16,A,0,HISTORICAL_W1,RC_FIXED_OLD16,evaluation,cross_family_confirmation,EDIT_TARGET,320,False,micro,32,16,16,UNKNOWN,1.0,32.0,32,16,,,0,0,1.0,32.0,32,16,0.5,16.0,32,16,,,0,0,,,0,0,1.0,16.0,16,10,1.0,16.0,16,10,1.0,32.0,32,16,1.0,32.0,32,16,,,0,0,,,0,0,0.0,0.0,32,16,,,0,0,1.0,32.0,32,16,,,0,0,,,0,0,,,0,0,,,0,0,,,0,0,,,0,0,1.0,32.0,32,16,,,0,0,,,0,0,,,0,0,0.0,0.0,32,16,,,0,0,,,0,0,,,0,0,,,0,0,,,0,0,32,UNKNOWN,NA
APR_SLAKE_STAGE2_BANK16,A,0,HISTORICAL_W1,RC_FIXED_OLD16,evaluation,source_style_confirmation,EDIT_TARGET,320,False,macro,32,16,16,UNKNOWN,1.0,32.0,32,16,,,0,0,1.0,32.0,32,16,0.59375,19.0,32,16,,,0,0,,,0,0,1.0,13.0,13,7,1.0,13.0,13,7,1.0,32.0,32,16,1.0,32.0,32,16,,,0,0,,,0,0,0.0,0.0,32,16,,,0,0,1.0,32.0,32,16,,,0,0,,,0,0,,,0,0,,,0,0,,,0,0,,,0,0,1.0,32.0,32,16,,,0,0,,,0,0,,,0,0,0.0,0.0,32,16,,,0,0,,,0,0,,,0,0,,,0,0,,,0,0,32,UNKNOWN,NA
APR_SLAKE_STAGE2_BANK16,A,0,HISTORICAL_W1,RC_FIXED_OLD16,evaluation,source_style_confirmation,EDIT_TARGET,320,False,micro,32,16,16,UNKNOWN,1.0,32.0,32,16,,,0,0,1.0,32.0,32,16,0.59375,19.0,32,16,,,0,0,,,0,0,1.0,13.0,13,7,1.0,13.0,13,7,1.0,32.0,32,16,1.0,32.0,32,16,,,0,0,,,0,0,0.0,0.0,32,16,,,0,0,1.0,32.0,32,16,,,0,0,,,0,0,,,0,0,,,0,0,,,0,0,,,0,0,1.0,32.0,32,16,,,0,0,,,0,0,,,0,0,0.0,0.0,32,16,,,0,0,,,0,0,,,0,0,,,0,0,,,0,0,32,UNKNOWN,NA
APR_SLAKE_STAGE2_BANK16,A,0,HISTORICAL_W1,RC_FIXED_OLD16,fit,H,STRICT_BASE,320,False,macro,28,16,9,UNKNOWN,0.9791666666666666,27.0,28,16,,,0,0,0.9791666666666666,27.0,28,16,0.9791666666666666,27.0,28,16,0.0,0.0,27,16,1.0,27.0,27,16,0.0,0.0,1,1,0.0,0.0,1,1,0.0,0.0,28,16,0.0,0.0,28,16,0.0,0.0,28,16,0.0,0.0,27,16,1.0,28.0,28,16,0.0,0.0,28,16,0.3854166666666667,16.0,28,16,,,0,0,,,0,0,,,0,0,,,0,0,,,0,0,,,0,0,,,0,0,,,0,0,,,0,0,,,0,0,,,0,0,,,0,0,,,0,0,,,0,0,,,0,0,,,0,0,17,UNKNOWN,NA
APR_SLAKE_STAGE2_BANK16,A,0,HISTORICAL_W1,RC_FIXED_OLD16,fit,H,STRICT_BASE,320,False,micro,28,16,9,UNKNOWN,0.9642857142857143,27.0,28,16,,,0,0,0.9642857142857143,27.0,28,16,0.9642857142857143,27.0,28,16,0.0,0.0,27,16,1.0,27.0,27,16,0.0,0.0,1,1,0.0,0.0,1,1,0.0,0.0,28,16,0.0,0.0,28,16,0.0,0.0,28,16,0.0,0.0,27,16,1.0,28.0,28,16,0.0,0.0,28,16,0.5714285714285714,16.0,28,16,,,0,0,,,0,0,,,0,0,,,0,0,,,0,0,,,0,0,,,0,0,,,0,0,,,0,0,,,0,0,,,0,0,,,0,0,,,0,0,,,0,0,,,0,0,,,0,0,17,UNKNOWN,NA
APR_SLAKE_STAGE2_BANK16,A,0,HISTORICAL_W1,RC_FIXED_OLD16,fit,U,STRICT_BASE,320,False,macro,217,16,43,UNKNOWN,0.5951236263736264,129.0,217,16,,,0,0,0.5951236263736264,129.0,217,16,0.5951236263736264,129.0,217,16,0.0,0.0,129,16,1.0,129.0,129,16,0.0,0.0,88,16,0.0,0.0,88,16,0.0,0.0,217,16,0.0,0.0,217,16,0.0,0.0,217,16,0.0,0.0,129,16,1.0,217.0,217,16,0.0,0.0,217,16,0.5182005494505495,112.0,217,16,,,0,0,,,0,0,,,0,0,,,0,0,,,0,0,,,0,0,,,0,0,,,0,0,,,0,0,,,0,0,,,0,0,,,0,0,,,0,0,,,0,0,,,0,0,,,0,0,76,UNKNOWN,NA
APR_SLAKE_STAGE2_BANK16,A,0,HISTORICAL_W1,RC_FIXED_OLD16,fit,U,STRICT_BASE,320,False,micro,217,16,43,UNKNOWN,0.5944700460829493,129.0,217,16,,,0,0,0.5944700460829493,129.0,217,16,0.5944700460829493,129.0,217,16,0.0,0.0,129,16,1.0,129.0,129,16,0.0,0.0,88,16,0.0,0.0,88,16,0.0,0.0,217,16,0.0,0.0,217,16,0.0,0.0,217,16,0.0,0.0,129,16,1.0,217.0,217,16,0.0,0.0,217,16,0.5161290322580645,112.0,217,16,,,0,0,,,0,0,,,0,0,,,0,0,,,0,0,,,0,0,,,0,0,,,0,0,,,0,0,,,0,0,,,0,0,,,0,0,,,0,0,,,0,0,,,0,0,,,0,0,76,UNKNOWN,NA
APR_SLAKE_STAGE2_BANK16,A,0,HISTORICAL_W1,RC_FIXED_OLD16,fit,cross_family_confirmation,EDIT_TARGET,320,False,macro,64,16,16,UNKNOWN,1.0,64.0,64,16,,,0,0,1.0,64.0,64,16,0.28125,18.0,64,16,,,0,0,,,0,0,1.0,46.0,46,16,1.0,46.0,46,16,1.0,64.0,64,16,1.0,64.0,64,16,,,0,0,,,0,0,0.0,0.0,64,16,,,0,0,1.0,64.0,64,16,,,0,0,,,0,0,,,0,0,,,0,0,,,0,0,,,0,0,1.0,64.0,64,16,,,0,0,,,0,0,,,0,0,0.0,0.0,64,16,,,0,0,,,0,0,,,0,0,,,0,0,,,0,0,64,UNKNOWN,NA
APR_SLAKE_STAGE2_BANK16,A,0,HISTORICAL_W1,RC_FIXED_OLD16,fit,cross_family_confirmation,EDIT_TARGET,320,False,micro,64,16,16,UNKNOWN,1.0,64.0,64,16,,,0,0,1.0,64.0,64,16,0.28125,18.0,64,16,,,0,0,,,0,0,1.0,46.0,46,16,1.0,46.0,46,16,1.0,64.0,64,16,1.0,64.0,64,16,,,0,0,,,0,0,0.0,0.0,64,16,,,0,0,1.0,64.0,64,16,,,0,0,,,0,0,,,0,0,,,0,0,,,0,0,,,0,0,1.0,64.0,64,16,,,0,0,,,0,0,,,0,0,0.0,0.0,64,16,,,0,0,,,0,0,,,0,0,,,0,0,,,0,0,64,UNKNOWN,NA
APR_SLAKE_STAGE2_BANK16,A,0,HISTORICAL_W1,RC_FIXED_OLD16,native,T0,EDIT_TARGET,320,False,macro,16,16,16,UNKNOWN,1.0,16.0,16,16,1.0,16.0,16,16,1.0,16.0,16,16,0.0,0.0,16,16,,,0,0,,,0,0,1.0,16.0,16,16,1.0,16.0,16,16,1.0,16.0,16,16,1.0,16.0,16,16,,,0,0,,,0,0,0.0,0.0,16,16,,,0,0,1.0,16.0,16,16,,,0,0,,,0,0,,,0,0,,,0,0,,,0,0,,,0,0,1.0,16.0,16,16,,,0,0,,,0,0,,,0,0,0.0,0.0,16,16,,,0,0,,,0,0,,,0,0,,,0,0,,,0,0,16,UNKNOWN,NA
APR_SLAKE_STAGE2_BANK16,A,0,HISTORICAL_W1,RC_FIXED_OLD16,native,T0,EDIT_TARGET,320,False,micro,16,16,16,UNKNOWN,1.0,16.0,16,16,1.0,16.0,16,16,1.0,16.0,16,16,0.0,0.0,16,16,,,0,0,,,0,0,1.0,16.0,16,16,1.0,16.0,16,16,1.0,16.0,16,16,1.0,16.0,16,16,,,0,0,,,0,0,0.0,0.0,16,16,,,0,0,1.0,16.0,16,16,,,0,0,,,0,0,,,0,0,,,0,0,,,0,0,,,0,0,1.0,16.0,16,16,,,0,0,,,0,0,,,0,0,0.0,0.0,16,16,,,0,0,,,0,0,,,0,0,,,0,0,,,0,0,16,UNKNOWN,NA
