cohort,track,prefix,method,mode,role,stratum,strict_role,diagnostic_step,is_diagnostic,average,inputs,edits,source_images,patients,semantic,semantic_numerator,semantic_denominator,semantic_edit_support,v4_primary,v4_primary_numerator,v4_primary_denominator,v4_primary_edit_support,original_reference_correct,original_reference_correct_numerator,original_reference_correct_denominator,original_reference_correct_edit_support,base_correct,base_correct_numerator,base_correct_denominator,base_correct_edit_support,base_correct_damage,base_correct_damage_numerator,base_correct_damage_denominator,base_correct_damage_edit_support,base_correct_preserved,base_correct_preserved_numerator,base_correct_preserved_denominator,base_correct_preserved_edit_support,base_wrong_became_correct,base_wrong_became_correct_numerator,base_wrong_became_correct_denominator,base_wrong_became_correct_edit_support,base_wrong_changed,base_wrong_changed_numerator,base_wrong_changed_denominator,base_wrong_changed_edit_support,on,on_numerator,on_denominator,on_edit_support,joint_on_correct,joint_on_correct_numerator,joint_on_correct_denominator,joint_on_correct_edit_support,fpr,fpr_numerator,fpr_denominator,fpr_edit_support,misfire_damage,misfire_damage_numerator,misfire_damage_denominator,misfire_damage_edit_support,token_parity,token_parity_numerator,token_parity_denominator,token_parity_edit_support,kl,kl_numerator,kl_denominator,kl_edit_support,own_forced_correct,own_forced_correct_numerator,own_forced_correct_denominator,own_forced_correct_edit_support,rejection,rejection_numerator,rejection_denominator,rejection_edit_support,wrong_writer,wrong_writer_numerator,wrong_writer_denominator,wrong_writer_edit_support,writer_error,writer_error_numerator,writer_error_denominator,writer_error_edit_support,equivalent_correct,equivalent_correct_numerator,equivalent_correct_denominator,equivalent_correct_edit_support,other_expert_correct,other_expert_correct_numerator,other_expert_correct_denominator,other_expert_correct_edit_support,selected_writer_error,selected_writer_error_numerator,selected_writer_error_denominator,selected_writer_error_edit_support,ended_with_eos,ended_with_eos_numerator,ended_with_eos_denominator,ended_with_eos_edit_support,cap_hit,cap_hit_numerator,cap_hit_denominator,cap_hit_edit_support,wrong_given_on_base_correct,wrong_given_on_base_correct_numerator,wrong_given_on_base_correct_denominator,wrong_given_on_base_correct_edit_support,wrong_given_on_strict_base,wrong_given_on_strict_base_numerator,wrong_given_on_strict_base_denominator,wrong_given_on_strict_base_edit_support,positive_wrong_rejection,positive_wrong_rejection_numerator,positive_wrong_rejection_denominator,positive_wrong_rejection_edit_support,positive_wrong_selection,positive_wrong_selection_numerator,positive_wrong_selection_denominator,positive_wrong_selection_edit_support,positive_owner_error,positive_owner_error_numerator,positive_owner_error_denominator,positive_owner_error_edit_support,correct_via_base_return,correct_via_base_return_numerator,correct_via_base_return_denominator,correct_via_base_return_edit_support,correct_via_owner_writer,correct_via_owner_writer_numerator,correct_via_owner_writer_denominator,correct_via_owner_writer_edit_support,correct_via_other_writer,correct_via_other_writer_numerator,correct_via_other_writer_denominator,correct_via_other_writer_edit_support
FACT_SLAKE_STAGE2_BANK16,A,0,B0,FORCED_ON,challenge,same_answer_context_not_conflict,STRICT_BASE,320,False,macro,27,14,6,UNKNOWN,1.0,27.0,27,14,,,0,0,1.0,27.0,27,14,0.5833333333333334,15.0,27,14,0.0,0.0,15,10,1.0,15.0,15,10,1.0,12.0,12,8,1.0,12.0,12,8,1.0,27.0,27,14,1.0,27.0,27,14,1.0,27.0,27,14,0.0,0.0,15,10,0.0,0.0,27,14,,,0,0,1.0,27.0,27,14,,,0,0,,,0,0,,,0,0,,,0,0,,,0,0,,,0,0,1.0,27.0,27,14,,,0,0,0.0,0.0,15,10,0.0,0.0,27,14,,,0,0,,,0,0,,,0,0,,,0,0,,,0,0,,,0,0
FACT_SLAKE_STAGE2_BANK16,A,0,B0,FORCED_ON,challenge,same_answer_context_not_conflict,STRICT_BASE,320,False,micro,27,14,6,UNKNOWN,1.0,27.0,27,14,,,0,0,1.0,27.0,27,14,0.5555555555555556,15.0,27,14,0.0,0.0,15,10,1.0,15.0,15,10,1.0,12.0,12,8,1.0,12.0,12,8,1.0,27.0,27,14,1.0,27.0,27,14,1.0,27.0,27,14,0.0,0.0,15,10,0.0,0.0,27,14,,,0,0,1.0,27.0,27,14,,,0,0,,,0,0,,,0,0,,,0,0,,,0,0,,,0,0,1.0,27.0,27,14,,,0,0,0.0,0.0,15,10,0.0,0.0,27,14,,,0,0,,,0,0,,,0,0,,,0,0,,,0,0,,,0,0
FACT_SLAKE_STAGE2_BANK16,A,0,B0,FORCED_ON,evaluation,H,STRICT_BASE,320,False,macro,19,14,7,UNKNOWN,0.0,0.0,19,14,,,0,0,0.0,0.0,19,14,0.8214285714285714,15.0,19,14,1.0,15.0,15,13,0.0,0.0,15,13,0.0,0.0,4,4,1.0,4.0,4,4,1.0,19.0,19,14,0.0,0.0,19,14,1.0,19.0,19,14,1.0,15.0,15,13,0.0,0.0,19,14,,,0,0,0.0,0.0,19,14,,,0,0,,,0,0,,,0,0,,,0,0,,,0,0,,,0,0,1.0,19.0,19,14,,,0,0,1.0,15.0,15,13,1.0,19.0,19,14,,,0,0,,,0,0,,,0,0,,,0,0,,,0,0,,,0,0
FACT_SLAKE_STAGE2_BANK16,A,0,B0,FORCED_ON,evaluation,H,STRICT_BASE,320,False,micro,19,14,7,UNKNOWN,0.0,0.0,19,14,,,0,0,0.0,0.0,19,14,0.7894736842105263,15.0,19,14,1.0,15.0,15,13,0.0,0.0,15,13,0.0,0.0,4,4,1.0,4.0,4,4,1.0,19.0,19,14,0.0,0.0,19,14,1.0,19.0,19,14,1.0,15.0,15,13,0.0,0.0,19,14,,,0,0,0.0,0.0,19,14,,,0,0,,,0,0,,,0,0,,,0,0,,,0,0,,,0,0,1.0,19.0,19,14,,,0,0,1.0,15.0,15,13,1.0,19.0,19,14,,,0,0,,,0,0,,,0,0,,,0,0,,,0,0,,,0,0
FACT_SLAKE_STAGE2_BANK16,A,0,B0,FORCED_ON,evaluation,U,STRICT_BASE,320,False,macro,190,15,41,UNKNOWN,0.41501831501831504,79.0,190,15,,,0,0,0.41501831501831504,79.0,190,15,0.645909645909646,123.0,190,15,0.43718133718133717,55.0,123,15,0.5628186628186628,68.0,123,15,0.1611111111111111,11.0,67,15,0.7063492063492064,47.0,67,15,1.0,190.0,190,15,0.41501831501831504,79.0,190,15,1.0,190.0,190,15,0.43718133718133717,55.0,123,15,0.34065934065934067,65.0,190,15,,,0,0,0.41501831501831504,79.0,190,15,,,0,0,,,0,0,,,0,0,,,0,0,,,0,0,,,0,0,1.0,190.0,190,15,,,0,0,0.43718133718133717,55.0,123,15,0.584981684981685,111.0,190,15,,,0,0,,,0,0,,,0,0,,,0,0,,,0,0,,,0,0
FACT_SLAKE_STAGE2_BANK16,A,0,B0,FORCED_ON,evaluation,U,STRICT_BASE,320,False,micro,190,15,41,UNKNOWN,0.41578947368421054,79.0,190,15,,,0,0,0.41578947368421054,79.0,190,15,0.6473684210526316,123.0,190,15,0.44715447154471544,55.0,123,15,0.5528455284552846,68.0,123,15,0.16417910447761194,11.0,67,15,0.7014925373134329,47.0,67,15,1.0,190.0,190,15,0.41578947368421054,79.0,190,15,1.0,190.0,190,15,0.44715447154471544,55.0,123,15,0.34210526315789475,65.0,190,15,,,0,0,0.41578947368421054,79.0,190,15,,,0,0,,,0,0,,,0,0,,,0,0,,,0,0,,,0,0,1.0,190.0,190,15,,,0,0,0.44715447154471544,55.0,123,15,0.5842105263157895,111.0,190,15,,,0,0,,,0,0,,,0,0,,,0,0,,,0,0,,,0,0
FACT_SLAKE_STAGE2_BANK16,A,0,B0,FORCED_ON,evaluation,cross_family_confirmation,EDIT_TARGET,320,False,macro,30,15,15,UNKNOWN,1.0,30.0,30,15,,,0,0,1.0,30.0,30,15,0.5333333333333333,16.0,30,15,,,0,0,,,0,0,1.0,14.0,14,9,1.0,14.0,14,9,1.0,30.0,30,15,1.0,30.0,30,15,,,0,0,,,0,0,0.0,0.0,30,15,,,0,0,1.0,30.0,30,15,,,0,0,,,0,0,,,0,0,,,0,0,,,0,0,,,0,0,1.0,30.0,30,15,,,0,0,,,0,0,,,0,0,0.0,0.0,30,15,,,0,0,,,0,0,,,0,0,,,0,0,,,0,0
FACT_SLAKE_STAGE2_BANK16,A,0,B0,FORCED_ON,evaluation,cross_family_confirmation,EDIT_TARGET,320,False,micro,30,15,15,UNKNOWN,1.0,30.0,30,15,,,0,0,1.0,30.0,30,15,0.5333333333333333,16.0,30,15,,,0,0,,,0,0,1.0,14.0,14,9,1.0,14.0,14,9,1.0,30.0,30,15,1.0,30.0,30,15,,,0,0,,,0,0,0.0,0.0,30,15,,,0,0,1.0,30.0,30,15,,,0,0,,,0,0,,,0,0,,,0,0,,,0,0,,,0,0,1.0,30.0,30,15,,,0,0,,,0,0,,,0,0,0.0,0.0,30,15,,,0,0,,,0,0,,,0,0,,,0,0,,,0,0
FACT_SLAKE_STAGE2_BANK16,A,0,B0,FORCED_ON,evaluation,source_style_confirmation,EDIT_TARGET,320,False,macro,30,15,15,UNKNOWN,1.0,30.0,30,15,,,0,0,1.0,30.0,30,15,0.6333333333333333,19.0,30,15,,,0,0,,,0,0,1.0,11.0,11,6,1.0,11.0,11,6,1.0,30.0,30,15,1.0,30.0,30,15,,,0,0,,,0,0,0.0,0.0,30,15,,,0,0,1.0,30.0,30,15,,,0,0,,,0,0,,,0,0,,,0,0,,,0,0,,,0,0,1.0,30.0,30,15,,,0,0,,,0,0,,,0,0,0.0,0.0,30,15,,,0,0,,,0,0,,,0,0,,,0,0,,,0,0
FACT_SLAKE_STAGE2_BANK16,A,0,B0,FORCED_ON,evaluation,source_style_confirmation,EDIT_TARGET,320,False,micro,30,15,15,UNKNOWN,1.0,30.0,30,15,,,0,0,1.0,30.0,30,15,0.6333333333333333,19.0,30,15,,,0,0,,,0,0,1.0,11.0,11,6,1.0,11.0,11,6,1.0,30.0,30,15,1.0,30.0,30,15,,,0,0,,,0,0,0.0,0.0,30,15,,,0,0,1.0,30.0,30,15,,,0,0,,,0,0,,,0,0,,,0,0,,,0,0,,,0,0,1.0,30.0,30,15,,,0,0,,,0,0,,,0,0,0.0,0.0,30,15,,,0,0,,,0,0,,,0,0,,,0,0,,,0,0
FACT_SLAKE_STAGE2_BANK16,A,0,B0,FORCED_ON,fit,H,STRICT_BASE,320,False,macro,27,15,9,UNKNOWN,0.0,0.0,27,15,,,0,0,0.0,0.0,27,15,0.9777777777777777,26.0,27,15,1.0,26.0,26,15,0.0,0.0,26,15,0.0,0.0,1,1,1.0,1.0,1,1,1.0,27.0,27,15,0.0,0.0,27,15,1.0,27.0,27,15,1.0,26.0,26,15,0.0,0.0,27,15,,,0,0,0.0,0.0,27,15,,,0,0,,,0,0,,,0,0,,,0,0,,,0,0,,,0,0,1.0,27.0,27,15,,,0,0,1.0,26.0,26,15,1.0,27.0,27,15,,,0,0,,,0,0,,,0,0,,,0,0,,,0,0,,,0,0
FACT_SLAKE_STAGE2_BANK16,A,0,B0,FORCED_ON,fit,H,STRICT_BASE,320,False,micro,27,15,9,UNKNOWN,0.0,0.0,27,15,,,0,0,0.0,0.0,27,15,0.9629629629629629,26.0,27,15,1.0,26.0,26,15,0.0,0.0,26,15,0.0,0.0,1,1,1.0,1.0,1,1,1.0,27.0,27,15,0.0,0.0,27,15,1.0,27.0,27,15,1.0,26.0,26,15,0.0,0.0,27,15,,,0,0,0.0,0.0,27,15,,,0,0,,,0,0,,,0,0,,,0,0,,,0,0,,,0,0,1.0,27.0,27,15,,,0,0,1.0,26.0,26,15,1.0,27.0,27,15,,,0,0,,,0,0,,,0,0,,,0,0,,,0,0,,,0,0
FACT_SLAKE_STAGE2_BANK16,A,0,B0,FORCED_ON,fit,U,STRICT_BASE,320,False,macro,204,15,43,UNKNOWN,0.3567765567765568,73.0,204,15,,,0,0,0.3567765567765568,73.0,204,15,0.5835164835164836,119.0,204,15,0.4728042328042328,58.0,119,15,0.5271957671957672,61.0,119,15,0.12857142857142856,12.0,85,15,0.6924603174603174,58.0,85,15,1.0,204.0,204,15,0.3567765567765568,73.0,204,15,1.0,204.0,204,15,0.4728042328042328,58.0,119,15,0.30549450549450546,63.0,204,15,,,0,0,0.3567765567765568,73.0,204,15,,,0,0,,,0,0,,,0,0,,,0,0,,,0,0,,,0,0,1.0,204.0,204,15,,,0,0,0.4728042328042328,58.0,119,15,0.6432234432234433,131.0,204,15,,,0,0,,,0,0,,,0,0,,,0,0,,,0,0,,,0,0
FACT_SLAKE_STAGE2_BANK16,A,0,B0,FORCED_ON,fit,U,STRICT_BASE,320,False,micro,204,15,43,UNKNOWN,0.35784313725490197,73.0,204,15,,,0,0,0.35784313725490197,73.0,204,15,0.5833333333333334,119.0,204,15,0.48739495798319327,58.0,119,15,0.5126050420168067,61.0,119,15,0.1411764705882353,12.0,85,15,0.6823529411764706,58.0,85,15,1.0,204.0,204,15,0.35784313725490197,73.0,204,15,1.0,204.0,204,15,0.48739495798319327,58.0,119,15,0.3088235294117647,63.0,204,15,,,0,0,0.35784313725490197,73.0,204,15,,,0,0,,,0,0,,,0,0,,,0,0,,,0,0,,,0,0,1.0,204.0,204,15,,,0,0,0.48739495798319327,58.0,119,15,0.6421568627450981,131.0,204,15,,,0,0,,,0,0,,,0,0,,,0,0,,,0,0,,,0,0
FACT_SLAKE_STAGE2_BANK16,A,0,B0,FORCED_ON,fit,cross_family_confirmation,EDIT_TARGET,320,False,macro,60,15,15,UNKNOWN,1.0,60.0,60,15,,,0,0,1.0,60.0,60,15,0.3,18.0,60,15,,,0,0,,,0,0,1.0,42.0,42,15,1.0,42.0,42,15,1.0,60.0,60,15,1.0,60.0,60,15,,,0,0,,,0,0,0.0,0.0,60,15,,,0,0,1.0,60.0,60,15,,,0,0,,,0,0,,,0,0,,,0,0,,,0,0,,,0,0,1.0,60.0,60,15,,,0,0,,,0,0,,,0,0,0.0,0.0,60,15,,,0,0,,,0,0,,,0,0,,,0,0,,,0,0
FACT_SLAKE_STAGE2_BANK16,A,0,B0,FORCED_ON,fit,cross_family_confirmation,EDIT_TARGET,320,False,micro,60,15,15,UNKNOWN,1.0,60.0,60,15,,,0,0,1.0,60.0,60,15,0.3,18.0,60,15,,,0,0,,,0,0,1.0,42.0,42,15,1.0,42.0,42,15,1.0,60.0,60,15,1.0,60.0,60,15,,,0,0,,,0,0,0.0,0.0,60,15,,,0,0,1.0,60.0,60,15,,,0,0,,,0,0,,,0,0,,,0,0,,,0,0,,,0,0,1.0,60.0,60,15,,,0,0,,,0,0,,,0,0,0.0,0.0,60,15,,,0,0,,,0,0,,,0,0,,,0,0,,,0,0
FACT_SLAKE_STAGE2_BANK16,A,0,B0,FORCED_ON,native,T0,EDIT_TARGET,320,False,macro,15,15,15,UNKNOWN,1.0,15.0,15,15,1.0,15.0,15,15,1.0,15.0,15,15,0.0,0.0,15,15,,,0,0,,,0,0,1.0,15.0,15,15,1.0,15.0,15,15,1.0,15.0,15,15,1.0,15.0,15,15,,,0,0,,,0,0,0.0,0.0,15,15,,,0,0,1.0,15.0,15,15,,,0,0,,,0,0,,,0,0,,,0,0,,,0,0,,,0,0,1.0,15.0,15,15,,,0,0,,,0,0,,,0,0,0.0,0.0,15,15,,,0,0,,,0,0,,,0,0,,,0,0,,,0,0
FACT_SLAKE_STAGE2_BANK16,A,0,B0,FORCED_ON,native,T0,EDIT_TARGET,320,False,micro,15,15,15,UNKNOWN,1.0,15.0,15,15,1.0,15.0,15,15,1.0,15.0,15,15,0.0,0.0,15,15,,,0,0,,,0,0,1.0,15.0,15,15,1.0,15.0,15,15,1.0,15.0,15,15,1.0,15.0,15,15,,,0,0,,,0,0,0.0,0.0,15,15,,,0,0,1.0,15.0,15,15,,,0,0,,,0,0,,,0,0,,,0,0,,,0,0,,,0,0,1.0,15.0,15,15,,,0,0,,,0,0,,,0,0,0.0,0.0,15,15,,,0,0,,,0,0,,,0,0,,,0,0,,,0,0
FACT_SLAKE_STAGE2_BANK16,A,0,B0,R0,challenge,same_answer_context_not_conflict,STRICT_BASE,320,False,macro,27,14,6,UNKNOWN,0.5833333333333334,15.0,27,14,,,0,0,0.5833333333333334,15.0,27,14,0.5833333333333334,15.0,27,14,0.0,0.0,15,10,1.0,15.0,15,10,0.0,0.0,12,8,0.0,0.0,12,8,0.0,0.0,27,14,0.0,0.0,27,14,0.0,0.0,27,14,0.0,0.0,15,10,1.0,27.0,27,14,,,0,0,1.0,27.0,27,14,,,0,0,,,0,0,,,0,0,,,0,0,,,0,0,,,0,0,,,0,0,,,0,0,,,0,0,,,0,0,,,0,0,,,0,0,,,0,0,,,0,0,,,0,0,,,0,0
FACT_SLAKE_STAGE2_BANK16,A,0,B0,R0,challenge,same_answer_context_not_conflict,STRICT_BASE,320,False,micro,27,14,6,UNKNOWN,0.5555555555555556,15.0,27,14,,,0,0,0.5555555555555556,15.0,27,14,0.5555555555555556,15.0,27,14,0.0,0.0,15,10,1.0,15.0,15,10,0.0,0.0,12,8,0.0,0.0,12,8,0.0,0.0,27,14,0.0,0.0,27,14,0.0,0.0,27,14,0.0,0.0,15,10,1.0,27.0,27,14,,,0,0,1.0,27.0,27,14,,,0,0,,,0,0,,,0,0,,,0,0,,,0,0,,,0,0,,,0,0,,,0,0,,,0,0,,,0,0,,,0,0,,,0,0,,,0,0,,,0,0,,,0,0,,,0,0
FACT_SLAKE_STAGE2_BANK16,A,0,B0,R0,evaluation,H,STRICT_BASE,320,False,macro,19,14,7,UNKNOWN,0.8214285714285714,15.0,19,14,,,0,0,0.8214285714285714,15.0,19,14,0.8214285714285714,15.0,19,14,0.0,0.0,15,13,1.0,15.0,15,13,0.0,0.0,4,4,0.0,0.0,4,4,0.0,0.0,19,14,0.0,0.0,19,14,0.0,0.0,19,14,0.0,0.0,15,13,1.0,19.0,19,14,,,0,0,0.0,0.0,19,14,,,0,0,,,0,0,,,0,0,,,0,0,,,0,0,,,0,0,,,0,0,,,0,0,,,0,0,,,0,0,,,0,0,,,0,0,,,0,0,,,0,0,,,0,0,,,0,0
FACT_SLAKE_STAGE2_BANK16,A,0,B0,R0,evaluation,H,STRICT_BASE,320,False,micro,19,14,7,UNKNOWN,0.7894736842105263,15.0,19,14,,,0,0,0.7894736842105263,15.0,19,14,0.7894736842105263,15.0,19,14,0.0,0.0,15,13,1.0,15.0,15,13,0.0,0.0,4,4,0.0,0.0,4,4,0.0,0.0,19,14,0.0,0.0,19,14,0.0,0.0,19,14,0.0,0.0,15,13,1.0,19.0,19,14,,,0,0,0.0,0.0,19,14,,,0,0,,,0,0,,,0,0,,,0,0,,,0,0,,,0,0,,,0,0,,,0,0,,,0,0,,,0,0,,,0,0,,,0,0,,,0,0,,,0,0,,,0,0,,,0,0
FACT_SLAKE_STAGE2_BANK16,A,0,B0,R0,evaluation,U,STRICT_BASE,320,False,macro,190,15,41,UNKNOWN,0.645909645909646,123.0,190,15,,,0,0,0.645909645909646,123.0,190,15,0.645909645909646,123.0,190,15,0.0,0.0,123,15,1.0,123.0,123,15,0.0,0.0,67,15,0.0,0.0,67,15,0.0,0.0,190,15,0.0,0.0,190,15,0.0,0.0,190,15,0.0,0.0,123,15,1.0,190.0,190,15,,,0,0,0.41501831501831504,79.0,190,15,,,0,0,,,0,0,,,0,0,,,0,0,,,0,0,,,0,0,,,0,0,,,0,0,,,0,0,,,0,0,,,0,0,,,0,0,,,0,0,,,0,0,,,0,0,,,0,0
FACT_SLAKE_STAGE2_BANK16,A,0,B0,R0,evaluation,U,STRICT_BASE,320,False,micro,190,15,41,UNKNOWN,0.6473684210526316,123.0,190,15,,,0,0,0.6473684210526316,123.0,190,15,0.6473684210526316,123.0,190,15,0.0,0.0,123,15,1.0,123.0,123,15,0.0,0.0,67,15,0.0,0.0,67,15,0.0,0.0,190,15,0.0,0.0,190,15,0.0,0.0,190,15,0.0,0.0,123,15,1.0,190.0,190,15,,,0,0,0.41578947368421054,79.0,190,15,,,0,0,,,0,0,,,0,0,,,0,0,,,0,0,,,0,0,,,0,0,,,0,0,,,0,0,,,0,0,,,0,0,,,0,0,,,0,0,,,0,0,,,0,0,,,0,0
FACT_SLAKE_STAGE2_BANK16,A,0,B0,R0,evaluation,cross_family_confirmation,EDIT_TARGET,320,False,macro,30,15,15,UNKNOWN,1.0,30.0,30,15,,,0,0,1.0,30.0,30,15,0.5333333333333333,16.0,30,15,,,0,0,,,0,0,1.0,14.0,14,9,1.0,14.0,14,9,1.0,30.0,30,15,1.0,30.0,30,15,,,0,0,,,0,0,0.0,0.0,30,15,,,0,0,1.0,30.0,30,15,,,0,0,,,0,0,,,0,0,,,0,0,,,0,0,,,0,0,1.0,30.0,30,15,,,0,0,,,0,0,,,0,0,0.0,0.0,30,15,,,0,0,,,0,0,,,0,0,,,0,0,,,0,0
FACT_SLAKE_STAGE2_BANK16,A,0,B0,R0,evaluation,cross_family_confirmation,EDIT_TARGET,320,False,micro,30,15,15,UNKNOWN,1.0,30.0,30,15,,,0,0,1.0,30.0,30,15,0.5333333333333333,16.0,30,15,,,0,0,,,0,0,1.0,14.0,14,9,1.0,14.0,14,9,1.0,30.0,30,15,1.0,30.0,30,15,,,0,0,,,0,0,0.0,0.0,30,15,,,0,0,1.0,30.0,30,15,,,0,0,,,0,0,,,0,0,,,0,0,,,0,0,,,0,0,1.0,30.0,30,15,,,0,0,,,0,0,,,0,0,0.0,0.0,30,15,,,0,0,,,0,0,,,0,0,,,0,0,,,0,0
FACT_SLAKE_STAGE2_BANK16,A,0,B0,R0,evaluation,source_style_confirmation,EDIT_TARGET,320,False,macro,30,15,15,UNKNOWN,1.0,30.0,30,15,,,0,0,1.0,30.0,30,15,0.6333333333333333,19.0,30,15,,,0,0,,,0,0,1.0,11.0,11,6,1.0,11.0,11,6,1.0,30.0,30,15,1.0,30.0,30,15,,,0,0,,,0,0,0.0,0.0,30,15,,,0,0,1.0,30.0,30,15,,,0,0,,,0,0,,,0,0,,,0,0,,,0,0,,,0,0,1.0,30.0,30,15,,,0,0,,,0,0,,,0,0,0.0,0.0,30,15,,,0,0,,,0,0,,,0,0,,,0,0,,,0,0
FACT_SLAKE_STAGE2_BANK16,A,0,B0,R0,evaluation,source_style_confirmation,EDIT_TARGET,320,False,micro,30,15,15,UNKNOWN,1.0,30.0,30,15,,,0,0,1.0,30.0,30,15,0.6333333333333333,19.0,30,15,,,0,0,,,0,0,1.0,11.0,11,6,1.0,11.0,11,6,1.0,30.0,30,15,1.0,30.0,30,15,,,0,0,,,0,0,0.0,0.0,30,15,,,0,0,1.0,30.0,30,15,,,0,0,,,0,0,,,0,0,,,0,0,,,0,0,,,0,0,1.0,30.0,30,15,,,0,0,,,0,0,,,0,0,0.0,0.0,30,15,,,0,0,,,0,0,,,0,0,,,0,0,,,0,0
FACT_SLAKE_STAGE2_BANK16,A,0,B0,R0,fit,H,STRICT_BASE,320,False,macro,27,15,9,UNKNOWN,0.9777777777777777,26.0,27,15,,,0,0,0.9777777777777777,26.0,27,15,0.9777777777777777,26.0,27,15,0.0,0.0,26,15,1.0,26.0,26,15,0.0,0.0,1,1,0.0,0.0,1,1,0.0,0.0,27,15,0.0,0.0,27,15,0.0,0.0,27,15,0.0,0.0,26,15,1.0,27.0,27,15,,,0,0,0.0,0.0,27,15,,,0,0,,,0,0,,,0,0,,,0,0,,,0,0,,,0,0,,,0,0,,,0,0,,,0,0,,,0,0,,,0,0,,,0,0,,,0,0,,,0,0,,,0,0,,,0,0
FACT_SLAKE_STAGE2_BANK16,A,0,B0,R0,fit,H,STRICT_BASE,320,False,micro,27,15,9,UNKNOWN,0.9629629629629629,26.0,27,15,,,0,0,0.9629629629629629,26.0,27,15,0.9629629629629629,26.0,27,15,0.0,0.0,26,15,1.0,26.0,26,15,0.0,0.0,1,1,0.0,0.0,1,1,0.0,0.0,27,15,0.0,0.0,27,15,0.0,0.0,27,15,0.0,0.0,26,15,1.0,27.0,27,15,,,0,0,0.0,0.0,27,15,,,0,0,,,0,0,,,0,0,,,0,0,,,0,0,,,0,0,,,0,0,,,0,0,,,0,0,,,0,0,,,0,0,,,0,0,,,0,0,,,0,0,,,0,0,,,0,0
FACT_SLAKE_STAGE2_BANK16,A,0,B0,R0,fit,U,STRICT_BASE,320,False,macro,204,15,43,UNKNOWN,0.5835164835164836,119.0,204,15,,,0,0,0.5835164835164836,119.0,204,15,0.5835164835164836,119.0,204,15,0.0,0.0,119,15,1.0,119.0,119,15,0.0,0.0,85,15,0.0,0.0,85,15,0.0,0.0,204,15,0.0,0.0,204,15,0.0,0.0,204,15,0.0,0.0,119,15,1.0,204.0,204,15,,,0,0,0.3567765567765568,73.0,204,15,,,0,0,,,0,0,,,0,0,,,0,0,,,0,0,,,0,0,,,0,0,,,0,0,,,0,0,,,0,0,,,0,0,,,0,0,,,0,0,,,0,0,,,0,0,,,0,0
FACT_SLAKE_STAGE2_BANK16,A,0,B0,R0,fit,U,STRICT_BASE,320,False,micro,204,15,43,UNKNOWN,0.5833333333333334,119.0,204,15,,,0,0,0.5833333333333334,119.0,204,15,0.5833333333333334,119.0,204,15,0.0,0.0,119,15,1.0,119.0,119,15,0.0,0.0,85,15,0.0,0.0,85,15,0.0,0.0,204,15,0.0,0.0,204,15,0.0,0.0,204,15,0.0,0.0,119,15,1.0,204.0,204,15,,,0,0,0.35784313725490197,73.0,204,15,,,0,0,,,0,0,,,0,0,,,0,0,,,0,0,,,0,0,,,0,0,,,0,0,,,0,0,,,0,0,,,0,0,,,0,0,,,0,0,,,0,0,,,0,0,,,0,0
FACT_SLAKE_STAGE2_BANK16,A,0,B0,R0,fit,cross_family_confirmation,EDIT_TARGET,320,False,macro,60,15,15,UNKNOWN,1.0,60.0,60,15,,,0,0,1.0,60.0,60,15,0.3,18.0,60,15,,,0,0,,,0,0,1.0,42.0,42,15,1.0,42.0,42,15,1.0,60.0,60,15,1.0,60.0,60,15,,,0,0,,,0,0,0.0,0.0,60,15,,,0,0,1.0,60.0,60,15,,,0,0,,,0,0,,,0,0,,,0,0,,,0,0,,,0,0,1.0,60.0,60,15,,,0,0,,,0,0,,,0,0,0.0,0.0,60,15,,,0,0,,,0,0,,,0,0,,,0,0,,,0,0
FACT_SLAKE_STAGE2_BANK16,A,0,B0,R0,fit,cross_family_confirmation,EDIT_TARGET,320,False,micro,60,15,15,UNKNOWN,1.0,60.0,60,15,,,0,0,1.0,60.0,60,15,0.3,18.0,60,15,,,0,0,,,0,0,1.0,42.0,42,15,1.0,42.0,42,15,1.0,60.0,60,15,1.0,60.0,60,15,,,0,0,,,0,0,0.0,0.0,60,15,,,0,0,1.0,60.0,60,15,,,0,0,,,0,0,,,0,0,,,0,0,,,0,0,,,0,0,1.0,60.0,60,15,,,0,0,,,0,0,,,0,0,0.0,0.0,60,15,,,0,0,,,0,0,,,0,0,,,0,0,,,0,0
FACT_SLAKE_STAGE2_BANK16,A,0,B0,R0,native,T0,EDIT_TARGET,320,False,macro,15,15,15,UNKNOWN,1.0,15.0,15,15,1.0,15.0,15,15,1.0,15.0,15,15,0.0,0.0,15,15,,,0,0,,,0,0,1.0,15.0,15,15,1.0,15.0,15,15,1.0,15.0,15,15,1.0,15.0,15,15,,,0,0,,,0,0,0.0,0.0,15,15,,,0,0,1.0,15.0,15,15,,,0,0,,,0,0,,,0,0,,,0,0,,,0,0,,,0,0,1.0,15.0,15,15,,,0,0,,,0,0,,,0,0,0.0,0.0,15,15,,,0,0,,,0,0,,,0,0,,,0,0,,,0,0
FACT_SLAKE_STAGE2_BANK16,A,0,B0,R0,native,T0,EDIT_TARGET,320,False,micro,15,15,15,UNKNOWN,1.0,15.0,15,15,1.0,15.0,15,15,1.0,15.0,15,15,0.0,0.0,15,15,,,0,0,,,0,0,1.0,15.0,15,15,1.0,15.0,15,15,1.0,15.0,15,15,1.0,15.0,15,15,,,0,0,,,0,0,0.0,0.0,15,15,,,0,0,1.0,15.0,15,15,,,0,0,,,0,0,,,0,0,,,0,0,,,0,0,,,0,0,1.0,15.0,15,15,,,0,0,,,0,0,,,0,0,0.0,0.0,15,15,,,0,0,,,0,0,,,0,0,,,0,0,,,0,0
FACT_SLAKE_STAGE2_BANK16,A,0,B1,FORCED_ON,challenge,same_answer_context_not_conflict,STRICT_BASE,320,False,macro,27,14,6,UNKNOWN,1.0,27.0,27,14,,,0,0,1.0,27.0,27,14,0.5833333333333334,15.0,27,14,0.0,0.0,15,10,1.0,15.0,15,10,1.0,12.0,12,8,1.0,12.0,12,8,1.0,27.0,27,14,1.0,27.0,27,14,1.0,27.0,27,14,0.0,0.0,15,10,0.14285714285714285,2.0,27,14,,,0,0,1.0,27.0,27,14,,,0,0,,,0,0,,,0,0,,,0,0,,,0,0,,,0,0,1.0,27.0,27,14,,,0,0,0.0,0.0,15,10,0.0,0.0,27,14,,,0,0,,,0,0,,,0,0,,,0,0,,,0,0,,,0,0
FACT_SLAKE_STAGE2_BANK16,A,0,B1,FORCED_ON,challenge,same_answer_context_not_conflict,STRICT_BASE,320,False,micro,27,14,6,UNKNOWN,1.0,27.0,27,14,,,0,0,1.0,27.0,27,14,0.5555555555555556,15.0,27,14,0.0,0.0,15,10,1.0,15.0,15,10,1.0,12.0,12,8,1.0,12.0,12,8,1.0,27.0,27,14,1.0,27.0,27,14,1.0,27.0,27,14,0.0,0.0,15,10,0.07407407407407407,2.0,27,14,,,0,0,1.0,27.0,27,14,,,0,0,,,0,0,,,0,0,,,0,0,,,0,0,,,0,0,1.0,27.0,27,14,,,0,0,0.0,0.0,15,10,0.0,0.0,27,14,,,0,0,,,0,0,,,0,0,,,0,0,,,0,0,,,0,0
FACT_SLAKE_STAGE2_BANK16,A,0,B1,FORCED_ON,evaluation,H,STRICT_BASE,320,False,macro,19,14,7,UNKNOWN,0.35714285714285715,9.0,19,14,,,0,0,0.35714285714285715,9.0,19,14,0.8214285714285714,15.0,19,14,0.5384615384615384,7.0,15,13,0.46153846153846156,8.0,15,13,0.25,1.0,4,4,1.0,4.0,4,4,1.0,19.0,19,14,0.35714285714285715,9.0,19,14,1.0,19.0,19,14,0.5384615384615384,7.0,15,13,0.21428571428571427,5.0,19,14,,,0,0,0.35714285714285715,9.0,19,14,,,0,0,,,0,0,,,0,0,,,0,0,,,0,0,,,0,0,1.0,19.0,19,14,,,0,0,0.5384615384615384,7.0,15,13,0.6428571428571429,10.0,19,14,,,0,0,,,0,0,,,0,0,,,0,0,,,0,0,,,0,0
FACT_SLAKE_STAGE2_BANK16,A,0,B1,FORCED_ON,evaluation,H,STRICT_BASE,320,False,micro,19,14,7,UNKNOWN,0.47368421052631576,9.0,19,14,,,0,0,0.47368421052631576,9.0,19,14,0.7894736842105263,15.0,19,14,0.4666666666666667,7.0,15,13,0.5333333333333333,8.0,15,13,0.25,1.0,4,4,1.0,4.0,4,4,1.0,19.0,19,14,0.47368421052631576,9.0,19,14,1.0,19.0,19,14,0.4666666666666667,7.0,15,13,0.2631578947368421,5.0,19,14,,,0,0,0.47368421052631576,9.0,19,14,,,0,0,,,0,0,,,0,0,,,0,0,,,0,0,,,0,0,1.0,19.0,19,14,,,0,0,0.4666666666666667,7.0,15,13,0.5263157894736842,10.0,19,14,,,0,0,,,0,0,,,0,0,,,0,0,,,0,0,,,0,0
FACT_SLAKE_STAGE2_BANK16,A,0,B1,FORCED_ON,evaluation,U,STRICT_BASE,320,False,macro,190,15,41,UNKNOWN,0.5523199023199024,105.0,190,15,,,0,0,0.5523199023199024,105.0,190,15,0.645909645909646,123.0,190,15,0.18804713804713805,25.0,123,15,0.811952861952862,98.0,123,15,0.10063492063492063,7.0,67,15,0.4726984126984127,33.0,67,15,1.0,190.0,190,15,0.5523199023199024,105.0,190,15,1.0,190.0,190,15,0.18804713804713805,25.0,123,15,0.5232600732600733,100.0,190,15,,,0,0,0.5523199023199024,105.0,190,15,,,0,0,,,0,0,,,0,0,,,0,0,,,0,0,,,0,0,0.9777777777777777,186.0,190,15,,,0,0,0.18804713804713805,25.0,123,15,0.4476800976800977,85.0,190,15,,,0,0,,,0,0,,,0,0,,,0,0,,,0,0,,,0,0
FACT_SLAKE_STAGE2_BANK16,A,0,B1,FORCED_ON,evaluation,U,STRICT_BASE,320,False,micro,190,15,41,UNKNOWN,0.5526315789473685,105.0,190,15,,,0,0,0.5526315789473685,105.0,190,15,0.6473684210526316,123.0,190,15,0.2032520325203252,25.0,123,15,0.7967479674796748,98.0,123,15,0.1044776119402985,7.0,67,15,0.4925373134328358,33.0,67,15,1.0,190.0,190,15,0.5526315789473685,105.0,190,15,1.0,190.0,190,15,0.2032520325203252,25.0,123,15,0.5263157894736842,100.0,190,15,,,0,0,0.5526315789473685,105.0,190,15,,,0,0,,,0,0,,,0,0,,,0,0,,,0,0,,,0,0,0.9789473684210527,186.0,190,15,,,0,0,0.2032520325203252,25.0,123,15,0.4473684210526316,85.0,190,15,,,0,0,,,0,0,,,0,0,,,0,0,,,0,0,,,0,0
FACT_SLAKE_STAGE2_BANK16,A,0,B1,FORCED_ON,evaluation,cross_family_confirmation,EDIT_TARGET,320,False,macro,30,15,15,UNKNOWN,1.0,30.0,30,15,,,0,0,1.0,30.0,30,15,0.5333333333333333,16.0,30,15,,,0,0,,,0,0,1.0,14.0,14,9,1.0,14.0,14,9,1.0,30.0,30,15,1.0,30.0,30,15,,,0,0,,,0,0,0.0,0.0,30,15,,,0,0,1.0,30.0,30,15,,,0,0,,,0,0,,,0,0,,,0,0,,,0,0,,,0,0,1.0,30.0,30,15,,,0,0,,,0,0,,,0,0,0.0,0.0,30,15,,,0,0,,,0,0,,,0,0,,,0,0,,,0,0
FACT_SLAKE_STAGE2_BANK16,A,0,B1,FORCED_ON,evaluation,cross_family_confirmation,EDIT_TARGET,320,False,micro,30,15,15,UNKNOWN,1.0,30.0,30,15,,,0,0,1.0,30.0,30,15,0.5333333333333333,16.0,30,15,,,0,0,,,0,0,1.0,14.0,14,9,1.0,14.0,14,9,1.0,30.0,30,15,1.0,30.0,30,15,,,0,0,,,0,0,0.0,0.0,30,15,,,0,0,1.0,30.0,30,15,,,0,0,,,0,0,,,0,0,,,0,0,,,0,0,,,0,0,1.0,30.0,30,15,,,0,0,,,0,0,,,0,0,0.0,0.0,30,15,,,0,0,,,0,0,,,0,0,,,0,0,,,0,0
FACT_SLAKE_STAGE2_BANK16,A,0,B1,FORCED_ON,evaluation,source_style_confirmation,EDIT_TARGET,320,False,macro,30,15,15,UNKNOWN,0.9666666666666667,29.0,30,15,,,0,0,0.9666666666666667,29.0,30,15,0.6333333333333333,19.0,30,15,,,0,0,,,0,0,1.0,11.0,11,6,1.0,11.0,11,6,1.0,30.0,30,15,0.9666666666666667,29.0,30,15,,,0,0,,,0,0,0.13333333333333333,4.0,30,15,,,0,0,0.9666666666666667,29.0,30,15,,,0,0,,,0,0,,,0,0,,,0,0,,,0,0,,,0,0,1.0,30.0,30,15,,,0,0,,,0,0,,,0,0,0.0,0.0,30,15,,,0,0,,,0,0,,,0,0,,,0,0,,,0,0
FACT_SLAKE_STAGE2_BANK16,A,0,B1,FORCED_ON,evaluation,source_style_confirmation,EDIT_TARGET,320,False,micro,30,15,15,UNKNOWN,0.9666666666666667,29.0,30,15,,,0,0,0.9666666666666667,29.0,30,15,0.6333333333333333,19.0,30,15,,,0,0,,,0,0,1.0,11.0,11,6,1.0,11.0,11,6,1.0,30.0,30,15,0.9666666666666667,29.0,30,15,,,0,0,,,0,0,0.13333333333333333,4.0,30,15,,,0,0,0.9666666666666667,29.0,30,15,,,0,0,,,0,0,,,0,0,,,0,0,,,0,0,,,0,0,1.0,30.0,30,15,,,0,0,,,0,0,,,0,0,0.0,0.0,30,15,,,0,0,,,0,0,,,0,0,,,0,0,,,0,0
FACT_SLAKE_STAGE2_BANK16,A,0,B1,FORCED_ON,fit,H,STRICT_BASE,320,False,macro,27,15,9,UNKNOWN,0.5333333333333333,19.0,27,15,,,0,0,0.5333333333333333,19.0,27,15,0.9777777777777777,26.0,27,15,0.4666666666666667,8.0,26,15,0.5333333333333333,18.0,26,15,1.0,1.0,1,1,1.0,1.0,1,1,1.0,27.0,27,15,0.5333333333333333,19.0,27,15,1.0,27.0,27,15,0.4666666666666667,8.0,26,15,0.3,11.0,27,15,,,0,0,0.5333333333333333,19.0,27,15,,,0,0,,,0,0,,,0,0,,,0,0,,,0,0,,,0,0,1.0,27.0,27,15,,,0,0,0.4666666666666667,8.0,26,15,0.4666666666666667,8.0,27,15,,,0,0,,,0,0,,,0,0,,,0,0,,,0,0,,,0,0
FACT_SLAKE_STAGE2_BANK16,A,0,B1,FORCED_ON,fit,H,STRICT_BASE,320,False,micro,27,15,9,UNKNOWN,0.7037037037037037,19.0,27,15,,,0,0,0.7037037037037037,19.0,27,15,0.9629629629629629,26.0,27,15,0.3076923076923077,8.0,26,15,0.6923076923076923,18.0,26,15,1.0,1.0,1,1,1.0,1.0,1,1,1.0,27.0,27,15,0.7037037037037037,19.0,27,15,1.0,27.0,27,15,0.3076923076923077,8.0,26,15,0.4074074074074074,11.0,27,15,,,0,0,0.7037037037037037,19.0,27,15,,,0,0,,,0,0,,,0,0,,,0,0,,,0,0,,,0,0,1.0,27.0,27,15,,,0,0,0.3076923076923077,8.0,26,15,0.2962962962962963,8.0,27,15,,,0,0,,,0,0,,,0,0,,,0,0,,,0,0,,,0,0
FACT_SLAKE_STAGE2_BANK16,A,0,B1,FORCED_ON,fit,U,STRICT_BASE,320,False,macro,204,15,43,UNKNOWN,0.5212454212454213,106.0,204,15,,,0,0,0.5212454212454213,106.0,204,15,0.5835164835164836,119.0,204,15,0.1901058201058201,21.0,119,15,0.8098941798941799,98.0,119,15,0.07923280423280422,8.0,85,15,0.3958201058201058,35.0,85,15,1.0,204.0,204,15,0.5212454212454213,106.0,204,15,1.0,204.0,204,15,0.1901058201058201,21.0,119,15,0.5142857142857142,105.0,204,15,,,0,0,0.5212454212454213,106.0,204,15,,,0,0,,,0,0,,,0,0,,,0,0,,,0,0,,,0,0,0.9743589743589743,199.0,204,15,,,0,0,0.1901058201058201,21.0,119,15,0.4787545787545788,98.0,204,15,,,0,0,,,0,0,,,0,0,,,0,0,,,0,0,,,0,0
FACT_SLAKE_STAGE2_BANK16,A,0,B1,FORCED_ON,fit,U,STRICT_BASE,320,False,micro,204,15,43,UNKNOWN,0.5196078431372549,106.0,204,15,,,0,0,0.5196078431372549,106.0,204,15,0.5833333333333334,119.0,204,15,0.17647058823529413,21.0,119,15,0.8235294117647058,98.0,119,15,0.09411764705882353,8.0,85,15,0.4117647058823529,35.0,85,15,1.0,204.0,204,15,0.5196078431372549,106.0,204,15,1.0,204.0,204,15,0.17647058823529413,21.0,119,15,0.5147058823529411,105.0,204,15,,,0,0,0.5196078431372549,106.0,204,15,,,0,0,,,0,0,,,0,0,,,0,0,,,0,0,,,0,0,0.9754901960784313,199.0,204,15,,,0,0,0.17647058823529413,21.0,119,15,0.4803921568627451,98.0,204,15,,,0,0,,,0,0,,,0,0,,,0,0,,,0,0,,,0,0
FACT_SLAKE_STAGE2_BANK16,A,0,B1,FORCED_ON,fit,cross_family_confirmation,EDIT_TARGET,320,False,macro,60,15,15,UNKNOWN,1.0,60.0,60,15,,,0,0,1.0,60.0,60,15,0.3,18.0,60,15,,,0,0,,,0,0,1.0,42.0,42,15,1.0,42.0,42,15,1.0,60.0,60,15,1.0,60.0,60,15,,,0,0,,,0,0,0.0,0.0,60,15,,,0,0,1.0,60.0,60,15,,,0,0,,,0,0,,,0,0,,,0,0,,,0,0,,,0,0,1.0,60.0,60,15,,,0,0,,,0,0,,,0,0,0.0,0.0,60,15,,,0,0,,,0,0,,,0,0,,,0,0,,,0,0
FACT_SLAKE_STAGE2_BANK16,A,0,B1,FORCED_ON,fit,cross_family_confirmation,EDIT_TARGET,320,False,micro,60,15,15,UNKNOWN,1.0,60.0,60,15,,,0,0,1.0,60.0,60,15,0.3,18.0,60,15,,,0,0,,,0,0,1.0,42.0,42,15,1.0,42.0,42,15,1.0,60.0,60,15,1.0,60.0,60,15,,,0,0,,,0,0,0.0,0.0,60,15,,,0,0,1.0,60.0,60,15,,,0,0,,,0,0,,,0,0,,,0,0,,,0,0,,,0,0,1.0,60.0,60,15,,,0,0,,,0,0,,,0,0,0.0,0.0,60,15,,,0,0,,,0,0,,,0,0,,,0,0,,,0,0
FACT_SLAKE_STAGE2_BANK16,A,0,B1,FORCED_ON,native,T0,EDIT_TARGET,320,False,macro,15,15,15,UNKNOWN,1.0,15.0,15,15,1.0,15.0,15,15,1.0,15.0,15,15,0.0,0.0,15,15,,,0,0,,,0,0,1.0,15.0,15,15,1.0,15.0,15,15,1.0,15.0,15,15,1.0,15.0,15,15,,,0,0,,,0,0,0.0,0.0,15,15,,,0,0,1.0,15.0,15,15,,,0,0,,,0,0,,,0,0,,,0,0,,,0,0,,,0,0,1.0,15.0,15,15,,,0,0,,,0,0,,,0,0,0.0,0.0,15,15,,,0,0,,,0,0,,,0,0,,,0,0,,,0,0
FACT_SLAKE_STAGE2_BANK16,A,0,B1,FORCED_ON,native,T0,EDIT_TARGET,320,False,micro,15,15,15,UNKNOWN,1.0,15.0,15,15,1.0,15.0,15,15,1.0,15.0,15,15,0.0,0.0,15,15,,,0,0,,,0,0,1.0,15.0,15,15,1.0,15.0,15,15,1.0,15.0,15,15,1.0,15.0,15,15,,,0,0,,,0,0,0.0,0.0,15,15,,,0,0,1.0,15.0,15,15,,,0,0,,,0,0,,,0,0,,,0,0,,,0,0,,,0,0,1.0,15.0,15,15,,,0,0,,,0,0,,,0,0,0.0,0.0,15,15,,,0,0,,,0,0,,,0,0,,,0,0,,,0,0
FACT_SLAKE_STAGE2_BANK16,A,0,B1,R0,challenge,same_answer_context_not_conflict,STRICT_BASE,320,False,macro,27,14,6,UNKNOWN,0.5833333333333334,15.0,27,14,,,0,0,0.5833333333333334,15.0,27,14,0.5833333333333334,15.0,27,14,0.0,0.0,15,10,1.0,15.0,15,10,0.0,0.0,12,8,0.0,0.0,12,8,0.0,0.0,27,14,0.0,0.0,27,14,0.0,0.0,27,14,0.0,0.0,15,10,1.0,27.0,27,14,,,0,0,1.0,27.0,27,14,,,0,0,,,0,0,,,0,0,,,0,0,,,0,0,,,0,0,,,0,0,,,0,0,,,0,0,,,0,0,,,0,0,,,0,0,,,0,0,,,0,0,,,0,0,,,0,0
FACT_SLAKE_STAGE2_BANK16,A,0,B1,R0,challenge,same_answer_context_not_conflict,STRICT_BASE,320,False,micro,27,14,6,UNKNOWN,0.5555555555555556,15.0,27,14,,,0,0,0.5555555555555556,15.0,27,14,0.5555555555555556,15.0,27,14,0.0,0.0,15,10,1.0,15.0,15,10,0.0,0.0,12,8,0.0,0.0,12,8,0.0,0.0,27,14,0.0,0.0,27,14,0.0,0.0,27,14,0.0,0.0,15,10,1.0,27.0,27,14,,,0,0,1.0,27.0,27,14,,,0,0,,,0,0,,,0,0,,,0,0,,,0,0,,,0,0,,,0,0,,,0,0,,,0,0,,,0,0,,,0,0,,,0,0,,,0,0,,,0,0,,,0,0,,,0,0
FACT_SLAKE_STAGE2_BANK16,A,0,B1,R0,evaluation,H,STRICT_BASE,320,False,macro,19,14,7,UNKNOWN,0.8214285714285714,15.0,19,14,,,0,0,0.8214285714285714,15.0,19,14,0.8214285714285714,15.0,19,14,0.0,0.0,15,13,1.0,15.0,15,13,0.0,0.0,4,4,0.0,0.0,4,4,0.0,0.0,19,14,0.0,0.0,19,14,0.0,0.0,19,14,0.0,0.0,15,13,1.0,19.0,19,14,,,0,0,0.35714285714285715,9.0,19,14,,,0,0,,,0,0,,,0,0,,,0,0,,,0,0,,,0,0,,,0,0,,,0,0,,,0,0,,,0,0,,,0,0,,,0,0,,,0,0,,,0,0,,,0,0,,,0,0
FACT_SLAKE_STAGE2_BANK16,A,0,B1,R0,evaluation,H,STRICT_BASE,320,False,micro,19,14,7,UNKNOWN,0.7894736842105263,15.0,19,14,,,0,0,0.7894736842105263,15.0,19,14,0.7894736842105263,15.0,19,14,0.0,0.0,15,13,1.0,15.0,15,13,0.0,0.0,4,4,0.0,0.0,4,4,0.0,0.0,19,14,0.0,0.0,19,14,0.0,0.0,19,14,0.0,0.0,15,13,1.0,19.0,19,14,,,0,0,0.47368421052631576,9.0,19,14,,,0,0,,,0,0,,,0,0,,,0,0,,,0,0,,,0,0,,,0,0,,,0,0,,,0,0,,,0,0,,,0,0,,,0,0,,,0,0,,,0,0,,,0,0,,,0,0
FACT_SLAKE_STAGE2_BANK16,A,0,B1,R0,evaluation,U,STRICT_BASE,320,False,macro,190,15,41,UNKNOWN,0.645909645909646,123.0,190,15,,,0,0,0.645909645909646,123.0,190,15,0.645909645909646,123.0,190,15,0.0,0.0,123,15,1.0,123.0,123,15,0.0,0.0,67,15,0.0,0.0,67,15,0.0,0.0,190,15,0.0,0.0,190,15,0.0,0.0,190,15,0.0,0.0,123,15,1.0,190.0,190,15,,,0,0,0.5523199023199024,105.0,190,15,,,0,0,,,0,0,,,0,0,,,0,0,,,0,0,,,0,0,,,0,0,,,0,0,,,0,0,,,0,0,,,0,0,,,0,0,,,0,0,,,0,0,,,0,0,,,0,0
FACT_SLAKE_STAGE2_BANK16,A,0,B1,R0,evaluation,U,STRICT_BASE,320,False,micro,190,15,41,UNKNOWN,0.6473684210526316,123.0,190,15,,,0,0,0.6473684210526316,123.0,190,15,0.6473684210526316,123.0,190,15,0.0,0.0,123,15,1.0,123.0,123,15,0.0,0.0,67,15,0.0,0.0,67,15,0.0,0.0,190,15,0.0,0.0,190,15,0.0,0.0,190,15,0.0,0.0,123,15,1.0,190.0,190,15,,,0,0,0.5526315789473685,105.0,190,15,,,0,0,,,0,0,,,0,0,,,0,0,,,0,0,,,0,0,,,0,0,,,0,0,,,0,0,,,0,0,,,0,0,,,0,0,,,0,0,,,0,0,,,0,0,,,0,0
FACT_SLAKE_STAGE2_BANK16,A,0,B1,R0,evaluation,cross_family_confirmation,EDIT_TARGET,320,False,macro,30,15,15,UNKNOWN,1.0,30.0,30,15,,,0,0,1.0,30.0,30,15,0.5333333333333333,16.0,30,15,,,0,0,,,0,0,1.0,14.0,14,9,1.0,14.0,14,9,1.0,30.0,30,15,1.0,30.0,30,15,,,0,0,,,0,0,0.0,0.0,30,15,,,0,0,1.0,30.0,30,15,,,0,0,,,0,0,,,0,0,,,0,0,,,0,0,,,0,0,1.0,30.0,30,15,,,0,0,,,0,0,,,0,0,0.0,0.0,30,15,,,0,0,,,0,0,,,0,0,,,0,0,,,0,0
FACT_SLAKE_STAGE2_BANK16,A,0,B1,R0,evaluation,cross_family_confirmation,EDIT_TARGET,320,False,micro,30,15,15,UNKNOWN,1.0,30.0,30,15,,,0,0,1.0,30.0,30,15,0.5333333333333333,16.0,30,15,,,0,0,,,0,0,1.0,14.0,14,9,1.0,14.0,14,9,1.0,30.0,30,15,1.0,30.0,30,15,,,0,0,,,0,0,0.0,0.0,30,15,,,0,0,1.0,30.0,30,15,,,0,0,,,0,0,,,0,0,,,0,0,,,0,0,,,0,0,1.0,30.0,30,15,,,0,0,,,0,0,,,0,0,0.0,0.0,30,15,,,0,0,,,0,0,,,0,0,,,0,0,,,0,0
FACT_SLAKE_STAGE2_BANK16,A,0,B1,R0,evaluation,source_style_confirmation,EDIT_TARGET,320,False,macro,30,15,15,UNKNOWN,0.9666666666666667,29.0,30,15,,,0,0,0.9666666666666667,29.0,30,15,0.6333333333333333,19.0,30,15,,,0,0,,,0,0,1.0,11.0,11,6,1.0,11.0,11,6,1.0,30.0,30,15,0.9666666666666667,29.0,30,15,,,0,0,,,0,0,0.13333333333333333,4.0,30,15,,,0,0,0.9666666666666667,29.0,30,15,,,0,0,,,0,0,,,0,0,,,0,0,,,0,0,,,0,0,1.0,30.0,30,15,,,0,0,,,0,0,,,0,0,0.0,0.0,30,15,,,0,0,,,0,0,,,0,0,,,0,0,,,0,0
FACT_SLAKE_STAGE2_BANK16,A,0,B1,R0,evaluation,source_style_confirmation,EDIT_TARGET,320,False,micro,30,15,15,UNKNOWN,0.9666666666666667,29.0,30,15,,,0,0,0.9666666666666667,29.0,30,15,0.6333333333333333,19.0,30,15,,,0,0,,,0,0,1.0,11.0,11,6,1.0,11.0,11,6,1.0,30.0,30,15,0.9666666666666667,29.0,30,15,,,0,0,,,0,0,0.13333333333333333,4.0,30,15,,,0,0,0.9666666666666667,29.0,30,15,,,0,0,,,0,0,,,0,0,,,0,0,,,0,0,,,0,0,1.0,30.0,30,15,,,0,0,,,0,0,,,0,0,0.0,0.0,30,15,,,0,0,,,0,0,,,0,0,,,0,0,,,0,0
FACT_SLAKE_STAGE2_BANK16,A,0,B1,R0,fit,H,STRICT_BASE,320,False,macro,27,15,9,UNKNOWN,0.9777777777777777,26.0,27,15,,,0,0,0.9777777777777777,26.0,27,15,0.9777777777777777,26.0,27,15,0.0,0.0,26,15,1.0,26.0,26,15,0.0,0.0,1,1,0.0,0.0,1,1,0.0,0.0,27,15,0.0,0.0,27,15,0.0,0.0,27,15,0.0,0.0,26,15,1.0,27.0,27,15,,,0,0,0.5333333333333333,19.0,27,15,,,0,0,,,0,0,,,0,0,,,0,0,,,0,0,,,0,0,,,0,0,,,0,0,,,0,0,,,0,0,,,0,0,,,0,0,,,0,0,,,0,0,,,0,0,,,0,0
FACT_SLAKE_STAGE2_BANK16,A,0,B1,R0,fit,H,STRICT_BASE,320,False,micro,27,15,9,UNKNOWN,0.9629629629629629,26.0,27,15,,,0,0,0.9629629629629629,26.0,27,15,0.9629629629629629,26.0,27,15,0.0,0.0,26,15,1.0,26.0,26,15,0.0,0.0,1,1,0.0,0.0,1,1,0.0,0.0,27,15,0.0,0.0,27,15,0.0,0.0,27,15,0.0,0.0,26,15,1.0,27.0,27,15,,,0,0,0.7037037037037037,19.0,27,15,,,0,0,,,0,0,,,0,0,,,0,0,,,0,0,,,0,0,,,0,0,,,0,0,,,0,0,,,0,0,,,0,0,,,0,0,,,0,0,,,0,0,,,0,0,,,0,0
FACT_SLAKE_STAGE2_BANK16,A,0,B1,R0,fit,U,STRICT_BASE,320,False,macro,204,15,43,UNKNOWN,0.5835164835164836,119.0,204,15,,,0,0,0.5835164835164836,119.0,204,15,0.5835164835164836,119.0,204,15,0.0,0.0,119,15,1.0,119.0,119,15,0.0,0.0,85,15,0.0,0.0,85,15,0.0,0.0,204,15,0.0,0.0,204,15,0.0,0.0,204,15,0.0,0.0,119,15,1.0,204.0,204,15,,,0,0,0.5212454212454213,106.0,204,15,,,0,0,,,0,0,,,0,0,,,0,0,,,0,0,,,0,0,,,0,0,,,0,0,,,0,0,,,0,0,,,0,0,,,0,0,,,0,0,,,0,0,,,0,0,,,0,0
FACT_SLAKE_STAGE2_BANK16,A,0,B1,R0,fit,U,STRICT_BASE,320,False,micro,204,15,43,UNKNOWN,0.5833333333333334,119.0,204,15,,,0,0,0.5833333333333334,119.0,204,15,0.5833333333333334,119.0,204,15,0.0,0.0,119,15,1.0,119.0,119,15,0.0,0.0,85,15,0.0,0.0,85,15,0.0,0.0,204,15,0.0,0.0,204,15,0.0,0.0,204,15,0.0,0.0,119,15,1.0,204.0,204,15,,,0,0,0.5196078431372549,106.0,204,15,,,0,0,,,0,0,,,0,0,,,0,0,,,0,0,,,0,0,,,0,0,,,0,0,,,0,0,,,0,0,,,0,0,,,0,0,,,0,0,,,0,0,,,0,0,,,0,0
FACT_SLAKE_STAGE2_BANK16,A,0,B1,R0,fit,cross_family_confirmation,EDIT_TARGET,320,False,macro,60,15,15,UNKNOWN,1.0,60.0,60,15,,,0,0,1.0,60.0,60,15,0.3,18.0,60,15,,,0,0,,,0,0,1.0,42.0,42,15,1.0,42.0,42,15,1.0,60.0,60,15,1.0,60.0,60,15,,,0,0,,,0,0,0.0,0.0,60,15,,,0,0,1.0,60.0,60,15,,,0,0,,,0,0,,,0,0,,,0,0,,,0,0,,,0,0,1.0,60.0,60,15,,,0,0,,,0,0,,,0,0,0.0,0.0,60,15,,,0,0,,,0,0,,,0,0,,,0,0,,,0,0
FACT_SLAKE_STAGE2_BANK16,A,0,B1,R0,fit,cross_family_confirmation,EDIT_TARGET,320,False,micro,60,15,15,UNKNOWN,1.0,60.0,60,15,,,0,0,1.0,60.0,60,15,0.3,18.0,60,15,,,0,0,,,0,0,1.0,42.0,42,15,1.0,42.0,42,15,1.0,60.0,60,15,1.0,60.0,60,15,,,0,0,,,0,0,0.0,0.0,60,15,,,0,0,1.0,60.0,60,15,,,0,0,,,0,0,,,0,0,,,0,0,,,0,0,,,0,0,1.0,60.0,60,15,,,0,0,,,0,0,,,0,0,0.0,0.0,60,15,,,0,0,,,0,0,,,0,0,,,0,0,,,0,0
FACT_SLAKE_STAGE2_BANK16,A,0,B1,R0,native,T0,EDIT_TARGET,320,False,macro,15,15,15,UNKNOWN,1.0,15.0,15,15,1.0,15.0,15,15,1.0,15.0,15,15,0.0,0.0,15,15,,,0,0,,,0,0,1.0,15.0,15,15,1.0,15.0,15,15,1.0,15.0,15,15,1.0,15.0,15,15,,,0,0,,,0,0,0.0,0.0,15,15,,,0,0,1.0,15.0,15,15,,,0,0,,,0,0,,,0,0,,,0,0,,,0,0,,,0,0,1.0,15.0,15,15,,,0,0,,,0,0,,,0,0,0.0,0.0,15,15,,,0,0,,,0,0,,,0,0,,,0,0,,,0,0
FACT_SLAKE_STAGE2_BANK16,A,0,B1,R0,native,T0,EDIT_TARGET,320,False,micro,15,15,15,UNKNOWN,1.0,15.0,15,15,1.0,15.0,15,15,1.0,15.0,15,15,0.0,0.0,15,15,,,0,0,,,0,0,1.0,15.0,15,15,1.0,15.0,15,15,1.0,15.0,15,15,1.0,15.0,15,15,,,0,0,,,0,0,0.0,0.0,15,15,,,0,0,1.0,15.0,15,15,,,0,0,,,0,0,,,0,0,,,0,0,,,0,0,,,0,0,1.0,15.0,15,15,,,0,0,,,0,0,,,0,0,0.0,0.0,15,15,,,0,0,,,0,0,,,0,0,,,0,0,,,0,0
FACT_SLAKE_STAGE2_BANK16,A,0,B2,FORCED_ON,challenge,same_answer_context_not_conflict,STRICT_BASE,320,False,macro,27,14,6,UNKNOWN,1.0,27.0,27,14,,,0,0,1.0,27.0,27,14,0.5833333333333334,15.0,27,14,0.0,0.0,15,10,1.0,15.0,15,10,1.0,12.0,12,8,1.0,12.0,12,8,1.0,27.0,27,14,1.0,27.0,27,14,1.0,27.0,27,14,0.0,0.0,15,10,0.0,0.0,27,14,,,0,0,1.0,27.0,27,14,,,0,0,,,0,0,,,0,0,,,0,0,,,0,0,,,0,0,1.0,27.0,27,14,,,0,0,0.0,0.0,15,10,0.0,0.0,27,14,,,0,0,,,0,0,,,0,0,,,0,0,,,0,0,,,0,0
FACT_SLAKE_STAGE2_BANK16,A,0,B2,FORCED_ON,challenge,same_answer_context_not_conflict,STRICT_BASE,320,False,micro,27,14,6,UNKNOWN,1.0,27.0,27,14,,,0,0,1.0,27.0,27,14,0.5555555555555556,15.0,27,14,0.0,0.0,15,10,1.0,15.0,15,10,1.0,12.0,12,8,1.0,12.0,12,8,1.0,27.0,27,14,1.0,27.0,27,14,1.0,27.0,27,14,0.0,0.0,15,10,0.0,0.0,27,14,,,0,0,1.0,27.0,27,14,,,0,0,,,0,0,,,0,0,,,0,0,,,0,0,,,0,0,1.0,27.0,27,14,,,0,0,0.0,0.0,15,10,0.0,0.0,27,14,,,0,0,,,0,0,,,0,0,,,0,0,,,0,0,,,0,0
FACT_SLAKE_STAGE2_BANK16,A,0,B2,FORCED_ON,evaluation,H,STRICT_BASE,320,False,macro,19,14,7,UNKNOWN,0.0,0.0,19,14,,,0,0,0.0,0.0,19,14,0.8214285714285714,15.0,19,14,1.0,15.0,15,13,0.0,0.0,15,13,0.0,0.0,4,4,1.0,4.0,4,4,1.0,19.0,19,14,0.0,0.0,19,14,1.0,19.0,19,14,1.0,15.0,15,13,0.0,0.0,19,14,,,0,0,0.0,0.0,19,14,,,0,0,,,0,0,,,0,0,,,0,0,,,0,0,,,0,0,1.0,19.0,19,14,,,0,0,1.0,15.0,15,13,1.0,19.0,19,14,,,0,0,,,0,0,,,0,0,,,0,0,,,0,0,,,0,0
FACT_SLAKE_STAGE2_BANK16,A,0,B2,FORCED_ON,evaluation,H,STRICT_BASE,320,False,micro,19,14,7,UNKNOWN,0.0,0.0,19,14,,,0,0,0.0,0.0,19,14,0.7894736842105263,15.0,19,14,1.0,15.0,15,13,0.0,0.0,15,13,0.0,0.0,4,4,1.0,4.0,4,4,1.0,19.0,19,14,0.0,0.0,19,14,1.0,19.0,19,14,1.0,15.0,15,13,0.0,0.0,19,14,,,0,0,0.0,0.0,19,14,,,0,0,,,0,0,,,0,0,,,0,0,,,0,0,,,0,0,1.0,19.0,19,14,,,0,0,1.0,15.0,15,13,1.0,19.0,19,14,,,0,0,,,0,0,,,0,0,,,0,0,,,0,0,,,0,0
FACT_SLAKE_STAGE2_BANK16,A,0,B2,FORCED_ON,evaluation,U,STRICT_BASE,320,False,macro,190,15,41,UNKNOWN,0.49371184371184373,94.0,190,15,,,0,0,0.49371184371184373,94.0,190,15,0.645909645909646,123.0,190,15,0.3228427128427128,41.0,123,15,0.6771572871572872,82.0,123,15,0.17444444444444443,12.0,67,15,0.5719047619047619,39.0,67,15,1.0,190.0,190,15,0.49371184371184373,94.0,190,15,1.0,190.0,190,15,0.3228427128427128,41.0,123,15,0.4424908424908425,84.0,190,15,,,0,0,0.49371184371184373,94.0,190,15,,,0,0,,,0,0,,,0,0,,,0,0,,,0,0,,,0,0,1.0,190.0,190,15,,,0,0,0.3228427128427128,41.0,123,15,0.5062881562881563,96.0,190,15,,,0,0,,,0,0,,,0,0,,,0,0,,,0,0,,,0,0
FACT_SLAKE_STAGE2_BANK16,A,0,B2,FORCED_ON,evaluation,U,STRICT_BASE,320,False,micro,190,15,41,UNKNOWN,0.49473684210526314,94.0,190,15,,,0,0,0.49473684210526314,94.0,190,15,0.6473684210526316,123.0,190,15,0.3333333333333333,41.0,123,15,0.6666666666666666,82.0,123,15,0.1791044776119403,12.0,67,15,0.582089552238806,39.0,67,15,1.0,190.0,190,15,0.49473684210526314,94.0,190,15,1.0,190.0,190,15,0.3333333333333333,41.0,123,15,0.4421052631578947,84.0,190,15,,,0,0,0.49473684210526314,94.0,190,15,,,0,0,,,0,0,,,0,0,,,0,0,,,0,0,,,0,0,1.0,190.0,190,15,,,0,0,0.3333333333333333,41.0,123,15,0.5052631578947369,96.0,190,15,,,0,0,,,0,0,,,0,0,,,0,0,,,0,0,,,0,0
FACT_SLAKE_STAGE2_BANK16,A,0,B2,FORCED_ON,evaluation,cross_family_confirmation,EDIT_TARGET,320,False,macro,30,15,15,UNKNOWN,1.0,30.0,30,15,,,0,0,1.0,30.0,30,15,0.5333333333333333,16.0,30,15,,,0,0,,,0,0,1.0,14.0,14,9,1.0,14.0,14,9,1.0,30.0,30,15,1.0,30.0,30,15,,,0,0,,,0,0,0.0,0.0,30,15,,,0,0,1.0,30.0,30,15,,,0,0,,,0,0,,,0,0,,,0,0,,,0,0,,,0,0,1.0,30.0,30,15,,,0,0,,,0,0,,,0,0,0.0,0.0,30,15,,,0,0,,,0,0,,,0,0,,,0,0,,,0,0
FACT_SLAKE_STAGE2_BANK16,A,0,B2,FORCED_ON,evaluation,cross_family_confirmation,EDIT_TARGET,320,False,micro,30,15,15,UNKNOWN,1.0,30.0,30,15,,,0,0,1.0,30.0,30,15,0.5333333333333333,16.0,30,15,,,0,0,,,0,0,1.0,14.0,14,9,1.0,14.0,14,9,1.0,30.0,30,15,1.0,30.0,30,15,,,0,0,,,0,0,0.0,0.0,30,15,,,0,0,1.0,30.0,30,15,,,0,0,,,0,0,,,0,0,,,0,0,,,0,0,,,0,0,1.0,30.0,30,15,,,0,0,,,0,0,,,0,0,0.0,0.0,30,15,,,0,0,,,0,0,,,0,0,,,0,0,,,0,0
FACT_SLAKE_STAGE2_BANK16,A,0,B2,FORCED_ON,evaluation,source_style_confirmation,EDIT_TARGET,320,False,macro,30,15,15,UNKNOWN,1.0,30.0,30,15,,,0,0,1.0,30.0,30,15,0.6333333333333333,19.0,30,15,,,0,0,,,0,0,1.0,11.0,11,6,1.0,11.0,11,6,1.0,30.0,30,15,1.0,30.0,30,15,,,0,0,,,0,0,0.0,0.0,30,15,,,0,0,1.0,30.0,30,15,,,0,0,,,0,0,,,0,0,,,0,0,,,0,0,,,0,0,1.0,30.0,30,15,,,0,0,,,0,0,,,0,0,0.0,0.0,30,15,,,0,0,,,0,0,,,0,0,,,0,0,,,0,0
FACT_SLAKE_STAGE2_BANK16,A,0,B2,FORCED_ON,evaluation,source_style_confirmation,EDIT_TARGET,320,False,micro,30,15,15,UNKNOWN,1.0,30.0,30,15,,,0,0,1.0,30.0,30,15,0.6333333333333333,19.0,30,15,,,0,0,,,0,0,1.0,11.0,11,6,1.0,11.0,11,6,1.0,30.0,30,15,1.0,30.0,30,15,,,0,0,,,0,0,0.0,0.0,30,15,,,0,0,1.0,30.0,30,15,,,0,0,,,0,0,,,0,0,,,0,0,,,0,0,,,0,0,1.0,30.0,30,15,,,0,0,,,0,0,,,0,0,0.0,0.0,30,15,,,0,0,,,0,0,,,0,0,,,0,0,,,0,0
FACT_SLAKE_STAGE2_BANK16,A,0,B2,FORCED_ON,fit,H,STRICT_BASE,320,False,macro,27,15,9,UNKNOWN,0.0,0.0,27,15,,,0,0,0.0,0.0,27,15,0.9777777777777777,26.0,27,15,1.0,26.0,26,15,0.0,0.0,26,15,0.0,0.0,1,1,1.0,1.0,1,1,1.0,27.0,27,15,0.0,0.0,27,15,1.0,27.0,27,15,1.0,26.0,26,15,0.0,0.0,27,15,,,0,0,0.0,0.0,27,15,,,0,0,,,0,0,,,0,0,,,0,0,,,0,0,,,0,0,1.0,27.0,27,15,,,0,0,1.0,26.0,26,15,1.0,27.0,27,15,,,0,0,,,0,0,,,0,0,,,0,0,,,0,0,,,0,0
FACT_SLAKE_STAGE2_BANK16,A,0,B2,FORCED_ON,fit,H,STRICT_BASE,320,False,micro,27,15,9,UNKNOWN,0.0,0.0,27,15,,,0,0,0.0,0.0,27,15,0.9629629629629629,26.0,27,15,1.0,26.0,26,15,0.0,0.0,26,15,0.0,0.0,1,1,1.0,1.0,1,1,1.0,27.0,27,15,0.0,0.0,27,15,1.0,27.0,27,15,1.0,26.0,26,15,0.0,0.0,27,15,,,0,0,0.0,0.0,27,15,,,0,0,,,0,0,,,0,0,,,0,0,,,0,0,,,0,0,1.0,27.0,27,15,,,0,0,1.0,26.0,26,15,1.0,27.0,27,15,,,0,0,,,0,0,,,0,0,,,0,0,,,0,0,,,0,0
FACT_SLAKE_STAGE2_BANK16,A,0,B2,FORCED_ON,fit,U,STRICT_BASE,320,False,macro,204,15,43,UNKNOWN,0.441025641025641,90.0,204,15,,,0,0,0.441025641025641,90.0,204,15,0.5835164835164836,119.0,204,15,0.31582010582010583,39.0,119,15,0.6841798941798942,80.0,119,15,0.10634920634920635,10.0,85,15,0.53505291005291,46.0,85,15,1.0,204.0,204,15,0.441025641025641,90.0,204,15,1.0,204.0,204,15,0.31582010582010583,39.0,119,15,0.4399267399267399,90.0,204,15,,,0,0,0.441025641025641,90.0,204,15,,,0,0,,,0,0,,,0,0,,,0,0,,,0,0,,,0,0,1.0,204.0,204,15,,,0,0,0.31582010582010583,39.0,119,15,0.558974358974359,114.0,204,15,,,0,0,,,0,0,,,0,0,,,0,0,,,0,0,,,0,0
FACT_SLAKE_STAGE2_BANK16,A,0,B2,FORCED_ON,fit,U,STRICT_BASE,320,False,micro,204,15,43,UNKNOWN,0.4411764705882353,90.0,204,15,,,0,0,0.4411764705882353,90.0,204,15,0.5833333333333334,119.0,204,15,0.3277310924369748,39.0,119,15,0.6722689075630253,80.0,119,15,0.11764705882352941,10.0,85,15,0.5411764705882353,46.0,85,15,1.0,204.0,204,15,0.4411764705882353,90.0,204,15,1.0,204.0,204,15,0.3277310924369748,39.0,119,15,0.4411764705882353,90.0,204,15,,,0,0,0.4411764705882353,90.0,204,15,,,0,0,,,0,0,,,0,0,,,0,0,,,0,0,,,0,0,1.0,204.0,204,15,,,0,0,0.3277310924369748,39.0,119,15,0.5588235294117647,114.0,204,15,,,0,0,,,0,0,,,0,0,,,0,0,,,0,0,,,0,0
FACT_SLAKE_STAGE2_BANK16,A,0,B2,FORCED_ON,fit,cross_family_confirmation,EDIT_TARGET,320,False,macro,60,15,15,UNKNOWN,1.0,60.0,60,15,,,0,0,1.0,60.0,60,15,0.3,18.0,60,15,,,0,0,,,0,0,1.0,42.0,42,15,1.0,42.0,42,15,1.0,60.0,60,15,1.0,60.0,60,15,,,0,0,,,0,0,0.0,0.0,60,15,,,0,0,1.0,60.0,60,15,,,0,0,,,0,0,,,0,0,,,0,0,,,0,0,,,0,0,1.0,60.0,60,15,,,0,0,,,0,0,,,0,0,0.0,0.0,60,15,,,0,0,,,0,0,,,0,0,,,0,0,,,0,0
FACT_SLAKE_STAGE2_BANK16,A,0,B2,FORCED_ON,fit,cross_family_confirmation,EDIT_TARGET,320,False,micro,60,15,15,UNKNOWN,1.0,60.0,60,15,,,0,0,1.0,60.0,60,15,0.3,18.0,60,15,,,0,0,,,0,0,1.0,42.0,42,15,1.0,42.0,42,15,1.0,60.0,60,15,1.0,60.0,60,15,,,0,0,,,0,0,0.0,0.0,60,15,,,0,0,1.0,60.0,60,15,,,0,0,,,0,0,,,0,0,,,0,0,,,0,0,,,0,0,1.0,60.0,60,15,,,0,0,,,0,0,,,0,0,0.0,0.0,60,15,,,0,0,,,0,0,,,0,0,,,0,0,,,0,0
FACT_SLAKE_STAGE2_BANK16,A,0,B2,FORCED_ON,native,T0,EDIT_TARGET,320,False,macro,15,15,15,UNKNOWN,1.0,15.0,15,15,1.0,15.0,15,15,1.0,15.0,15,15,0.0,0.0,15,15,,,0,0,,,0,0,1.0,15.0,15,15,1.0,15.0,15,15,1.0,15.0,15,15,1.0,15.0,15,15,,,0,0,,,0,0,0.0,0.0,15,15,,,0,0,1.0,15.0,15,15,,,0,0,,,0,0,,,0,0,,,0,0,,,0,0,,,0,0,1.0,15.0,15,15,,,0,0,,,0,0,,,0,0,0.0,0.0,15,15,,,0,0,,,0,0,,,0,0,,,0,0,,,0,0
FACT_SLAKE_STAGE2_BANK16,A,0,B2,FORCED_ON,native,T0,EDIT_TARGET,320,False,micro,15,15,15,UNKNOWN,1.0,15.0,15,15,1.0,15.0,15,15,1.0,15.0,15,15,0.0,0.0,15,15,,,0,0,,,0,0,1.0,15.0,15,15,1.0,15.0,15,15,1.0,15.0,15,15,1.0,15.0,15,15,,,0,0,,,0,0,0.0,0.0,15,15,,,0,0,1.0,15.0,15,15,,,0,0,,,0,0,,,0,0,,,0,0,,,0,0,,,0,0,1.0,15.0,15,15,,,0,0,,,0,0,,,0,0,0.0,0.0,15,15,,,0,0,,,0,0,,,0,0,,,0,0,,,0,0
FACT_SLAKE_STAGE2_BANK16,A,0,B2,R0,challenge,same_answer_context_not_conflict,STRICT_BASE,320,False,macro,27,14,6,UNKNOWN,0.5833333333333334,15.0,27,14,,,0,0,0.5833333333333334,15.0,27,14,0.5833333333333334,15.0,27,14,0.0,0.0,15,10,1.0,15.0,15,10,0.0,0.0,12,8,0.0,0.0,12,8,0.0,0.0,27,14,0.0,0.0,27,14,0.0,0.0,27,14,0.0,0.0,15,10,1.0,27.0,27,14,,,0,0,1.0,27.0,27,14,,,0,0,,,0,0,,,0,0,,,0,0,,,0,0,,,0,0,,,0,0,,,0,0,,,0,0,,,0,0,,,0,0,,,0,0,,,0,0,,,0,0,,,0,0,,,0,0
FACT_SLAKE_STAGE2_BANK16,A,0,B2,R0,challenge,same_answer_context_not_conflict,STRICT_BASE,320,False,micro,27,14,6,UNKNOWN,0.5555555555555556,15.0,27,14,,,0,0,0.5555555555555556,15.0,27,14,0.5555555555555556,15.0,27,14,0.0,0.0,15,10,1.0,15.0,15,10,0.0,0.0,12,8,0.0,0.0,12,8,0.0,0.0,27,14,0.0,0.0,27,14,0.0,0.0,27,14,0.0,0.0,15,10,1.0,27.0,27,14,,,0,0,1.0,27.0,27,14,,,0,0,,,0,0,,,0,0,,,0,0,,,0,0,,,0,0,,,0,0,,,0,0,,,0,0,,,0,0,,,0,0,,,0,0,,,0,0,,,0,0,,,0,0,,,0,0
FACT_SLAKE_STAGE2_BANK16,A,0,B2,R0,evaluation,H,STRICT_BASE,320,False,macro,19,14,7,UNKNOWN,0.8214285714285714,15.0,19,14,,,0,0,0.8214285714285714,15.0,19,14,0.8214285714285714,15.0,19,14,0.0,0.0,15,13,1.0,15.0,15,13,0.0,0.0,4,4,0.0,0.0,4,4,0.0,0.0,19,14,0.0,0.0,19,14,0.0,0.0,19,14,0.0,0.0,15,13,1.0,19.0,19,14,,,0,0,0.0,0.0,19,14,,,0,0,,,0,0,,,0,0,,,0,0,,,0,0,,,0,0,,,0,0,,,0,0,,,0,0,,,0,0,,,0,0,,,0,0,,,0,0,,,0,0,,,0,0,,,0,0
FACT_SLAKE_STAGE2_BANK16,A,0,B2,R0,evaluation,H,STRICT_BASE,320,False,micro,19,14,7,UNKNOWN,0.7894736842105263,15.0,19,14,,,0,0,0.7894736842105263,15.0,19,14,0.7894736842105263,15.0,19,14,0.0,0.0,15,13,1.0,15.0,15,13,0.0,0.0,4,4,0.0,0.0,4,4,0.0,0.0,19,14,0.0,0.0,19,14,0.0,0.0,19,14,0.0,0.0,15,13,1.0,19.0,19,14,,,0,0,0.0,0.0,19,14,,,0,0,,,0,0,,,0,0,,,0,0,,,0,0,,,0,0,,,0,0,,,0,0,,,0,0,,,0,0,,,0,0,,,0,0,,,0,0,,,0,0,,,0,0,,,0,0
FACT_SLAKE_STAGE2_BANK16,A,0,B2,R0,evaluation,U,STRICT_BASE,320,False,macro,190,15,41,UNKNOWN,0.645909645909646,123.0,190,15,,,0,0,0.645909645909646,123.0,190,15,0.645909645909646,123.0,190,15,0.0,0.0,123,15,1.0,123.0,123,15,0.0,0.0,67,15,0.0,0.0,67,15,0.0,0.0,190,15,0.0,0.0,190,15,0.0,0.0,190,15,0.0,0.0,123,15,1.0,190.0,190,15,,,0,0,0.49371184371184373,94.0,190,15,,,0,0,,,0,0,,,0,0,,,0,0,,,0,0,,,0,0,,,0,0,,,0,0,,,0,0,,,0,0,,,0,0,,,0,0,,,0,0,,,0,0,,,0,0,,,0,0
FACT_SLAKE_STAGE2_BANK16,A,0,B2,R0,evaluation,U,STRICT_BASE,320,False,micro,190,15,41,UNKNOWN,0.6473684210526316,123.0,190,15,,,0,0,0.6473684210526316,123.0,190,15,0.6473684210526316,123.0,190,15,0.0,0.0,123,15,1.0,123.0,123,15,0.0,0.0,67,15,0.0,0.0,67,15,0.0,0.0,190,15,0.0,0.0,190,15,0.0,0.0,190,15,0.0,0.0,123,15,1.0,190.0,190,15,,,0,0,0.49473684210526314,94.0,190,15,,,0,0,,,0,0,,,0,0,,,0,0,,,0,0,,,0,0,,,0,0,,,0,0,,,0,0,,,0,0,,,0,0,,,0,0,,,0,0,,,0,0,,,0,0,,,0,0
FACT_SLAKE_STAGE2_BANK16,A,0,B2,R0,evaluation,cross_family_confirmation,EDIT_TARGET,320,False,macro,30,15,15,UNKNOWN,1.0,30.0,30,15,,,0,0,1.0,30.0,30,15,0.5333333333333333,16.0,30,15,,,0,0,,,0,0,1.0,14.0,14,9,1.0,14.0,14,9,1.0,30.0,30,15,1.0,30.0,30,15,,,0,0,,,0,0,0.0,0.0,30,15,,,0,0,1.0,30.0,30,15,,,0,0,,,0,0,,,0,0,,,0,0,,,0,0,,,0,0,1.0,30.0,30,15,,,0,0,,,0,0,,,0,0,0.0,0.0,30,15,,,0,0,,,0,0,,,0,0,,,0,0,,,0,0
FACT_SLAKE_STAGE2_BANK16,A,0,B2,R0,evaluation,cross_family_confirmation,EDIT_TARGET,320,False,micro,30,15,15,UNKNOWN,1.0,30.0,30,15,,,0,0,1.0,30.0,30,15,0.5333333333333333,16.0,30,15,,,0,0,,,0,0,1.0,14.0,14,9,1.0,14.0,14,9,1.0,30.0,30,15,1.0,30.0,30,15,,,0,0,,,0,0,0.0,0.0,30,15,,,0,0,1.0,30.0,30,15,,,0,0,,,0,0,,,0,0,,,0,0,,,0,0,,,0,0,1.0,30.0,30,15,,,0,0,,,0,0,,,0,0,0.0,0.0,30,15,,,0,0,,,0,0,,,0,0,,,0,0,,,0,0
FACT_SLAKE_STAGE2_BANK16,A,0,B2,R0,evaluation,source_style_confirmation,EDIT_TARGET,320,False,macro,30,15,15,UNKNOWN,1.0,30.0,30,15,,,0,0,1.0,30.0,30,15,0.6333333333333333,19.0,30,15,,,0,0,,,0,0,1.0,11.0,11,6,1.0,11.0,11,6,1.0,30.0,30,15,1.0,30.0,30,15,,,0,0,,,0,0,0.0,0.0,30,15,,,0,0,1.0,30.0,30,15,,,0,0,,,0,0,,,0,0,,,0,0,,,0,0,,,0,0,1.0,30.0,30,15,,,0,0,,,0,0,,,0,0,0.0,0.0,30,15,,,0,0,,,0,0,,,0,0,,,0,0,,,0,0
FACT_SLAKE_STAGE2_BANK16,A,0,B2,R0,evaluation,source_style_confirmation,EDIT_TARGET,320,False,micro,30,15,15,UNKNOWN,1.0,30.0,30,15,,,0,0,1.0,30.0,30,15,0.6333333333333333,19.0,30,15,,,0,0,,,0,0,1.0,11.0,11,6,1.0,11.0,11,6,1.0,30.0,30,15,1.0,30.0,30,15,,,0,0,,,0,0,0.0,0.0,30,15,,,0,0,1.0,30.0,30,15,,,0,0,,,0,0,,,0,0,,,0,0,,,0,0,,,0,0,1.0,30.0,30,15,,,0,0,,,0,0,,,0,0,0.0,0.0,30,15,,,0,0,,,0,0,,,0,0,,,0,0,,,0,0
FACT_SLAKE_STAGE2_BANK16,A,0,B2,R0,fit,H,STRICT_BASE,320,False,macro,27,15,9,UNKNOWN,0.9777777777777777,26.0,27,15,,,0,0,0.9777777777777777,26.0,27,15,0.9777777777777777,26.0,27,15,0.0,0.0,26,15,1.0,26.0,26,15,0.0,0.0,1,1,0.0,0.0,1,1,0.0,0.0,27,15,0.0,0.0,27,15,0.0,0.0,27,15,0.0,0.0,26,15,1.0,27.0,27,15,,,0,0,0.0,0.0,27,15,,,0,0,,,0,0,,,0,0,,,0,0,,,0,0,,,0,0,,,0,0,,,0,0,,,0,0,,,0,0,,,0,0,,,0,0,,,0,0,,,0,0,,,0,0,,,0,0
FACT_SLAKE_STAGE2_BANK16,A,0,B2,R0,fit,H,STRICT_BASE,320,False,micro,27,15,9,UNKNOWN,0.9629629629629629,26.0,27,15,,,0,0,0.9629629629629629,26.0,27,15,0.9629629629629629,26.0,27,15,0.0,0.0,26,15,1.0,26.0,26,15,0.0,0.0,1,1,0.0,0.0,1,1,0.0,0.0,27,15,0.0,0.0,27,15,0.0,0.0,27,15,0.0,0.0,26,15,1.0,27.0,27,15,,,0,0,0.0,0.0,27,15,,,0,0,,,0,0,,,0,0,,,0,0,,,0,0,,,0,0,,,0,0,,,0,0,,,0,0,,,0,0,,,0,0,,,0,0,,,0,0,,,0,0,,,0,0,,,0,0
FACT_SLAKE_STAGE2_BANK16,A,0,B2,R0,fit,U,STRICT_BASE,320,False,macro,204,15,43,UNKNOWN,0.5835164835164836,119.0,204,15,,,0,0,0.5835164835164836,119.0,204,15,0.5835164835164836,119.0,204,15,0.0,0.0,119,15,1.0,119.0,119,15,0.0,0.0,85,15,0.0,0.0,85,15,0.0,0.0,204,15,0.0,0.0,204,15,0.0,0.0,204,15,0.0,0.0,119,15,1.0,204.0,204,15,,,0,0,0.441025641025641,90.0,204,15,,,0,0,,,0,0,,,0,0,,,0,0,,,0,0,,,0,0,,,0,0,,,0,0,,,0,0,,,0,0,,,0,0,,,0,0,,,0,0,,,0,0,,,0,0,,,0,0
FACT_SLAKE_STAGE2_BANK16,A,0,B2,R0,fit,U,STRICT_BASE,320,False,micro,204,15,43,UNKNOWN,0.5833333333333334,119.0,204,15,,,0,0,0.5833333333333334,119.0,204,15,0.5833333333333334,119.0,204,15,0.0,0.0,119,15,1.0,119.0,119,15,0.0,0.0,85,15,0.0,0.0,85,15,0.0,0.0,204,15,0.0,0.0,204,15,0.0,0.0,204,15,0.0,0.0,119,15,1.0,204.0,204,15,,,0,0,0.4411764705882353,90.0,204,15,,,0,0,,,0,0,,,0,0,,,0,0,,,0,0,,,0,0,,,0,0,,,0,0,,,0,0,,,0,0,,,0,0,,,0,0,,,0,0,,,0,0,,,0,0,,,0,0
FACT_SLAKE_STAGE2_BANK16,A,0,B2,R0,fit,cross_family_confirmation,EDIT_TARGET,320,False,macro,60,15,15,UNKNOWN,1.0,60.0,60,15,,,0,0,1.0,60.0,60,15,0.3,18.0,60,15,,,0,0,,,0,0,1.0,42.0,42,15,1.0,42.0,42,15,1.0,60.0,60,15,1.0,60.0,60,15,,,0,0,,,0,0,0.0,0.0,60,15,,,0,0,1.0,60.0,60,15,,,0,0,,,0,0,,,0,0,,,0,0,,,0,0,,,0,0,1.0,60.0,60,15,,,0,0,,,0,0,,,0,0,0.0,0.0,60,15,,,0,0,,,0,0,,,0,0,,,0,0,,,0,0
FACT_SLAKE_STAGE2_BANK16,A,0,B2,R0,fit,cross_family_confirmation,EDIT_TARGET,320,False,micro,60,15,15,UNKNOWN,1.0,60.0,60,15,,,0,0,1.0,60.0,60,15,0.3,18.0,60,15,,,0,0,,,0,0,1.0,42.0,42,15,1.0,42.0,42,15,1.0,60.0,60,15,1.0,60.0,60,15,,,0,0,,,0,0,0.0,0.0,60,15,,,0,0,1.0,60.0,60,15,,,0,0,,,0,0,,,0,0,,,0,0,,,0,0,,,0,0,1.0,60.0,60,15,,,0,0,,,0,0,,,0,0,0.0,0.0,60,15,,,0,0,,,0,0,,,0,0,,,0,0,,,0,0
FACT_SLAKE_STAGE2_BANK16,A,0,B2,R0,native,T0,EDIT_TARGET,320,False,macro,15,15,15,UNKNOWN,1.0,15.0,15,15,1.0,15.0,15,15,1.0,15.0,15,15,0.0,0.0,15,15,,,0,0,,,0,0,1.0,15.0,15,15,1.0,15.0,15,15,1.0,15.0,15,15,1.0,15.0,15,15,,,0,0,,,0,0,0.0,0.0,15,15,,,0,0,1.0,15.0,15,15,,,0,0,,,0,0,,,0,0,,,0,0,,,0,0,,,0,0,1.0,15.0,15,15,,,0,0,,,0,0,,,0,0,0.0,0.0,15,15,,,0,0,,,0,0,,,0,0,,,0,0,,,0,0
FACT_SLAKE_STAGE2_BANK16,A,0,B2,R0,native,T0,EDIT_TARGET,320,False,micro,15,15,15,UNKNOWN,1.0,15.0,15,15,1.0,15.0,15,15,1.0,15.0,15,15,0.0,0.0,15,15,,,0,0,,,0,0,1.0,15.0,15,15,1.0,15.0,15,15,1.0,15.0,15,15,1.0,15.0,15,15,,,0,0,,,0,0,0.0,0.0,15,15,,,0,0,1.0,15.0,15,15,,,0,0,,,0,0,,,0,0,,,0,0,,,0,0,,,0,0,1.0,15.0,15,15,,,0,0,,,0,0,,,0,0,0.0,0.0,15,15,,,0,0,,,0,0,,,0,0,,,0,0,,,0,0
FACT_SLAKE_STAGE2_BANK16,A,0,BASE,BASE,challenge,same_answer_context_not_conflict,STRICT_BASE,320,False,macro,27,14,6,UNKNOWN,0.5833333333333334,15.0,27,14,,,0,0,0.5833333333333334,15.0,27,14,0.5833333333333334,15.0,27,14,0.0,0.0,15,10,1.0,15.0,15,10,0.0,0.0,12,8,0.0,0.0,12,8,0.0,0.0,27,14,0.0,0.0,27,14,0.0,0.0,27,14,0.0,0.0,15,10,1.0,27.0,27,14,,,0,0,1.0,27.0,27,14,,,0,0,,,0,0,,,0,0,,,0,0,,,0,0,,,0,0,,,0,0,,,0,0,,,0,0,,,0,0,,,0,0,,,0,0,,,0,0,,,0,0,,,0,0,,,0,0
FACT_SLAKE_STAGE2_BANK16,A,0,BASE,BASE,challenge,same_answer_context_not_conflict,STRICT_BASE,320,False,micro,27,14,6,UNKNOWN,0.5555555555555556,15.0,27,14,,,0,0,0.5555555555555556,15.0,27,14,0.5555555555555556,15.0,27,14,0.0,0.0,15,10,1.0,15.0,15,10,0.0,0.0,12,8,0.0,0.0,12,8,0.0,0.0,27,14,0.0,0.0,27,14,0.0,0.0,27,14,0.0,0.0,15,10,1.0,27.0,27,14,,,0,0,1.0,27.0,27,14,,,0,0,,,0,0,,,0,0,,,0,0,,,0,0,,,0,0,,,0,0,,,0,0,,,0,0,,,0,0,,,0,0,,,0,0,,,0,0,,,0,0,,,0,0,,,0,0
FACT_SLAKE_STAGE2_BANK16,A,0,BASE,BASE,evaluation,H,STRICT_BASE,320,False,macro,19,14,7,UNKNOWN,0.8214285714285714,15.0,19,14,,,0,0,0.8214285714285714,15.0,19,14,0.8214285714285714,15.0,19,14,0.0,0.0,15,13,1.0,15.0,15,13,0.0,0.0,4,4,0.0,0.0,4,4,0.0,0.0,19,14,0.0,0.0,19,14,0.0,0.0,19,14,0.0,0.0,15,13,1.0,19.0,19,14,,,0,0,0.0,0.0,19,14,,,0,0,,,0,0,,,0,0,,,0,0,,,0,0,,,0,0,,,0,0,,,0,0,,,0,0,,,0,0,,,0,0,,,0,0,,,0,0,,,0,0,,,0,0,,,0,0
FACT_SLAKE_STAGE2_BANK16,A,0,BASE,BASE,evaluation,H,STRICT_BASE,320,False,micro,19,14,7,UNKNOWN,0.7894736842105263,15.0,19,14,,,0,0,0.7894736842105263,15.0,19,14,0.7894736842105263,15.0,19,14,0.0,0.0,15,13,1.0,15.0,15,13,0.0,0.0,4,4,0.0,0.0,4,4,0.0,0.0,19,14,0.0,0.0,19,14,0.0,0.0,19,14,0.0,0.0,15,13,1.0,19.0,19,14,,,0,0,0.0,0.0,19,14,,,0,0,,,0,0,,,0,0,,,0,0,,,0,0,,,0,0,,,0,0,,,0,0,,,0,0,,,0,0,,,0,0,,,0,0,,,0,0,,,0,0,,,0,0,,,0,0
FACT_SLAKE_STAGE2_BANK16,A,0,BASE,BASE,evaluation,U,STRICT_BASE,320,False,macro,190,15,41,UNKNOWN,0.645909645909646,123.0,190,15,,,0,0,0.645909645909646,123.0,190,15,0.645909645909646,123.0,190,15,0.0,0.0,123,15,1.0,123.0,123,15,0.0,0.0,67,15,0.0,0.0,67,15,0.0,0.0,190,15,0.0,0.0,190,15,0.0,0.0,190,15,0.0,0.0,123,15,1.0,190.0,190,15,,,0,0,0.32454212454212455,62.0,190,15,,,0,0,,,0,0,,,0,0,,,0,0,,,0,0,,,0,0,,,0,0,,,0,0,,,0,0,,,0,0,,,0,0,,,0,0,,,0,0,,,0,0,,,0,0,,,0,0
FACT_SLAKE_STAGE2_BANK16,A,0,BASE,BASE,evaluation,U,STRICT_BASE,320,False,micro,190,15,41,UNKNOWN,0.6473684210526316,123.0,190,15,,,0,0,0.6473684210526316,123.0,190,15,0.6473684210526316,123.0,190,15,0.0,0.0,123,15,1.0,123.0,123,15,0.0,0.0,67,15,0.0,0.0,67,15,0.0,0.0,190,15,0.0,0.0,190,15,0.0,0.0,190,15,0.0,0.0,123,15,1.0,190.0,190,15,,,0,0,0.3263157894736842,62.0,190,15,,,0,0,,,0,0,,,0,0,,,0,0,,,0,0,,,0,0,,,0,0,,,0,0,,,0,0,,,0,0,,,0,0,,,0,0,,,0,0,,,0,0,,,0,0,,,0,0
FACT_SLAKE_STAGE2_BANK16,A,0,BASE,BASE,evaluation,cross_family_confirmation,EDIT_TARGET,320,False,macro,30,15,15,UNKNOWN,0.5333333333333333,16.0,30,15,,,0,0,0.5333333333333333,16.0,30,15,0.5333333333333333,16.0,30,15,,,0,0,,,0,0,0.0,0.0,14,9,0.0,0.0,14,9,0.0,0.0,30,15,0.0,0.0,30,15,,,0,0,,,0,0,1.0,30.0,30,15,,,0,0,1.0,30.0,30,15,,,0,0,,,0,0,,,0,0,,,0,0,,,0,0,,,0,0,1.0,30.0,30,15,,,0,0,,,0,0,,,0,0,0.4666666666666667,14.0,30,15,,,0,0,,,0,0,,,0,0,,,0,0,,,0,0
FACT_SLAKE_STAGE2_BANK16,A,0,BASE,BASE,evaluation,cross_family_confirmation,EDIT_TARGET,320,False,micro,30,15,15,UNKNOWN,0.5333333333333333,16.0,30,15,,,0,0,0.5333333333333333,16.0,30,15,0.5333333333333333,16.0,30,15,,,0,0,,,0,0,0.0,0.0,14,9,0.0,0.0,14,9,0.0,0.0,30,15,0.0,0.0,30,15,,,0,0,,,0,0,1.0,30.0,30,15,,,0,0,1.0,30.0,30,15,,,0,0,,,0,0,,,0,0,,,0,0,,,0,0,,,0,0,1.0,30.0,30,15,,,0,0,,,0,0,,,0,0,0.4666666666666667,14.0,30,15,,,0,0,,,0,0,,,0,0,,,0,0,,,0,0
FACT_SLAKE_STAGE2_BANK16,A,0,BASE,BASE,evaluation,source_style_confirmation,EDIT_TARGET,320,False,macro,30,15,15,UNKNOWN,0.6333333333333333,19.0,30,15,,,0,0,0.6333333333333333,19.0,30,15,0.6333333333333333,19.0,30,15,,,0,0,,,0,0,0.0,0.0,11,6,0.0,0.0,11,6,0.0,0.0,30,15,0.0,0.0,30,15,,,0,0,,,0,0,1.0,30.0,30,15,,,0,0,1.0,30.0,30,15,,,0,0,,,0,0,,,0,0,,,0,0,,,0,0,,,0,0,1.0,30.0,30,15,,,0,0,,,0,0,,,0,0,0.36666666666666664,11.0,30,15,,,0,0,,,0,0,,,0,0,,,0,0,,,0,0
FACT_SLAKE_STAGE2_BANK16,A,0,BASE,BASE,evaluation,source_style_confirmation,EDIT_TARGET,320,False,micro,30,15,15,UNKNOWN,0.6333333333333333,19.0,30,15,,,0,0,0.6333333333333333,19.0,30,15,0.6333333333333333,19.0,30,15,,,0,0,,,0,0,0.0,0.0,11,6,0.0,0.0,11,6,0.0,0.0,30,15,0.0,0.0,30,15,,,0,0,,,0,0,1.0,30.0,30,15,,,0,0,1.0,30.0,30,15,,,0,0,,,0,0,,,0,0,,,0,0,,,0,0,,,0,0,1.0,30.0,30,15,,,0,0,,,0,0,,,0,0,0.36666666666666664,11.0,30,15,,,0,0,,,0,0,,,0,0,,,0,0,,,0,0
FACT_SLAKE_STAGE2_BANK16,A,0,BASE,BASE,fit,H,STRICT_BASE,320,False,macro,27,15,9,UNKNOWN,0.9777777777777777,26.0,27,15,,,0,0,0.9777777777777777,26.0,27,15,0.9777777777777777,26.0,27,15,0.0,0.0,26,15,1.0,26.0,26,15,0.0,0.0,1,1,0.0,0.0,1,1,0.0,0.0,27,15,0.0,0.0,27,15,0.0,0.0,27,15,0.0,0.0,26,15,1.0,27.0,27,15,,,0,0,0.0,0.0,27,15,,,0,0,,,0,0,,,0,0,,,0,0,,,0,0,,,0,0,,,0,0,,,0,0,,,0,0,,,0,0,,,0,0,,,0,0,,,0,0,,,0,0,,,0,0,,,0,0
FACT_SLAKE_STAGE2_BANK16,A,0,BASE,BASE,fit,H,STRICT_BASE,320,False,micro,27,15,9,UNKNOWN,0.9629629629629629,26.0,27,15,,,0,0,0.9629629629629629,26.0,27,15,0.9629629629629629,26.0,27,15,0.0,0.0,26,15,1.0,26.0,26,15,0.0,0.0,1,1,0.0,0.0,1,1,0.0,0.0,27,15,0.0,0.0,27,15,0.0,0.0,27,15,0.0,0.0,26,15,1.0,27.0,27,15,,,0,0,0.0,0.0,27,15,,,0,0,,,0,0,,,0,0,,,0,0,,,0,0,,,0,0,,,0,0,,,0,0,,,0,0,,,0,0,,,0,0,,,0,0,,,0,0,,,0,0,,,0,0,,,0,0
FACT_SLAKE_STAGE2_BANK16,A,0,BASE,BASE,fit,U,STRICT_BASE,320,False,macro,204,15,43,UNKNOWN,0.5835164835164836,119.0,204,15,,,0,0,0.5835164835164836,119.0,204,15,0.5835164835164836,119.0,204,15,0.0,0.0,119,15,1.0,119.0,119,15,0.0,0.0,85,15,0.0,0.0,85,15,0.0,0.0,204,15,0.0,0.0,204,15,0.0,0.0,204,15,0.0,0.0,119,15,1.0,204.0,204,15,,,0,0,0.2816849816849817,58.0,204,15,,,0,0,,,0,0,,,0,0,,,0,0,,,0,0,,,0,0,,,0,0,,,0,0,,,0,0,,,0,0,,,0,0,,,0,0,,,0,0,,,0,0,,,0,0,,,0,0
FACT_SLAKE_STAGE2_BANK16,A,0,BASE,BASE,fit,U,STRICT_BASE,320,False,micro,204,15,43,UNKNOWN,0.5833333333333334,119.0,204,15,,,0,0,0.5833333333333334,119.0,204,15,0.5833333333333334,119.0,204,15,0.0,0.0,119,15,1.0,119.0,119,15,0.0,0.0,85,15,0.0,0.0,85,15,0.0,0.0,204,15,0.0,0.0,204,15,0.0,0.0,204,15,0.0,0.0,119,15,1.0,204.0,204,15,,,0,0,0.28431372549019607,58.0,204,15,,,0,0,,,0,0,,,0,0,,,0,0,,,0,0,,,0,0,,,0,0,,,0,0,,,0,0,,,0,0,,,0,0,,,0,0,,,0,0,,,0,0,,,0,0,,,0,0
FACT_SLAKE_STAGE2_BANK16,A,0,BASE,BASE,fit,cross_family_confirmation,EDIT_TARGET,320,False,macro,60,15,15,UNKNOWN,0.3,18.0,60,15,,,0,0,0.3,18.0,60,15,0.3,18.0,60,15,,,0,0,,,0,0,0.0,0.0,42,15,0.0,0.0,42,15,0.0,0.0,60,15,0.0,0.0,60,15,,,0,0,,,0,0,1.0,60.0,60,15,,,0,0,1.0,60.0,60,15,,,0,0,,,0,0,,,0,0,,,0,0,,,0,0,,,0,0,1.0,60.0,60,15,,,0,0,,,0,0,,,0,0,0.7,42.0,60,15,,,0,0,,,0,0,,,0,0,,,0,0,,,0,0
FACT_SLAKE_STAGE2_BANK16,A,0,BASE,BASE,fit,cross_family_confirmation,EDIT_TARGET,320,False,micro,60,15,15,UNKNOWN,0.3,18.0,60,15,,,0,0,0.3,18.0,60,15,0.3,18.0,60,15,,,0,0,,,0,0,0.0,0.0,42,15,0.0,0.0,42,15,0.0,0.0,60,15,0.0,0.0,60,15,,,0,0,,,0,0,1.0,60.0,60,15,,,0,0,1.0,60.0,60,15,,,0,0,,,0,0,,,0,0,,,0,0,,,0,0,,,0,0,1.0,60.0,60,15,,,0,0,,,0,0,,,0,0,0.7,42.0,60,15,,,0,0,,,0,0,,,0,0,,,0,0,,,0,0
FACT_SLAKE_STAGE2_BANK16,A,0,BASE,BASE,native,T0,EDIT_TARGET,320,False,macro,15,15,15,UNKNOWN,0.0,0.0,15,15,0.0,0.0,15,15,0.0,0.0,15,15,0.0,0.0,15,15,,,0,0,,,0,0,0.0,0.0,15,15,0.0,0.0,15,15,0.0,0.0,15,15,0.0,0.0,15,15,,,0,0,,,0,0,1.0,15.0,15,15,,,0,0,1.0,15.0,15,15,,,0,0,,,0,0,,,0,0,,,0,0,,,0,0,,,0,0,,,0,0,,,0,0,,,0,0,,,0,0,1.0,15.0,15,15,,,0,0,,,0,0,,,0,0,,,0,0,,,0,0
FACT_SLAKE_STAGE2_BANK16,A,0,BASE,BASE,native,T0,EDIT_TARGET,320,False,micro,15,15,15,UNKNOWN,0.0,0.0,15,15,0.0,0.0,15,15,0.0,0.0,15,15,0.0,0.0,15,15,,,0,0,,,0,0,0.0,0.0,15,15,0.0,0.0,15,15,0.0,0.0,15,15,0.0,0.0,15,15,,,0,0,,,0,0,1.0,15.0,15,15,,,0,0,1.0,15.0,15,15,,,0,0,,,0,0,,,0,0,,,0,0,,,0,0,,,0,0,,,0,0,,,0,0,,,0,0,,,0,0,1.0,15.0,15,15,,,0,0,,,0,0,,,0,0,,,0,0,,,0,0
FACT_SLAKE_STAGE2_BANK16,A,0,F0,FORCED_ON,challenge,same_answer_context_not_conflict,STRICT_BASE,320,False,macro,27,14,6,UNKNOWN,1.0,27.0,27,14,,,0,0,1.0,27.0,27,14,0.5833333333333334,15.0,27,14,0.0,0.0,15,10,1.0,15.0,15,10,1.0,12.0,12,8,1.0,12.0,12,8,1.0,27.0,27,14,1.0,27.0,27,14,1.0,27.0,27,14,0.0,0.0,15,10,0.0,0.0,27,14,,,0,0,1.0,27.0,27,14,,,0,0,,,0,0,,,0,0,,,0,0,,,0,0,,,0,0,1.0,27.0,27,14,,,0,0,0.0,0.0,15,10,0.0,0.0,27,14,,,0,0,,,0,0,,,0,0,,,0,0,,,0,0,,,0,0
FACT_SLAKE_STAGE2_BANK16,A,0,F0,FORCED_ON,challenge,same_answer_context_not_conflict,STRICT_BASE,320,False,micro,27,14,6,UNKNOWN,1.0,27.0,27,14,,,0,0,1.0,27.0,27,14,0.5555555555555556,15.0,27,14,0.0,0.0,15,10,1.0,15.0,15,10,1.0,12.0,12,8,1.0,12.0,12,8,1.0,27.0,27,14,1.0,27.0,27,14,1.0,27.0,27,14,0.0,0.0,15,10,0.0,0.0,27,14,,,0,0,1.0,27.0,27,14,,,0,0,,,0,0,,,0,0,,,0,0,,,0,0,,,0,0,1.0,27.0,27,14,,,0,0,0.0,0.0,15,10,0.0,0.0,27,14,,,0,0,,,0,0,,,0,0,,,0,0,,,0,0,,,0,0
FACT_SLAKE_STAGE2_BANK16,A,0,F0,FORCED_ON,evaluation,H,STRICT_BASE,320,False,macro,19,14,7,UNKNOWN,0.0,0.0,19,14,,,0,0,0.0,0.0,19,14,0.8214285714285714,15.0,19,14,1.0,15.0,15,13,0.0,0.0,15,13,0.0,0.0,4,4,1.0,4.0,4,4,1.0,19.0,19,14,0.0,0.0,19,14,1.0,19.0,19,14,1.0,15.0,15,13,0.0,0.0,19,14,,,0,0,0.0,0.0,19,14,,,0,0,,,0,0,,,0,0,,,0,0,,,0,0,,,0,0,1.0,19.0,19,14,,,0,0,1.0,15.0,15,13,1.0,19.0,19,14,,,0,0,,,0,0,,,0,0,,,0,0,,,0,0,,,0,0
FACT_SLAKE_STAGE2_BANK16,A,0,F0,FORCED_ON,evaluation,H,STRICT_BASE,320,False,micro,19,14,7,UNKNOWN,0.0,0.0,19,14,,,0,0,0.0,0.0,19,14,0.7894736842105263,15.0,19,14,1.0,15.0,15,13,0.0,0.0,15,13,0.0,0.0,4,4,1.0,4.0,4,4,1.0,19.0,19,14,0.0,0.0,19,14,1.0,19.0,19,14,1.0,15.0,15,13,0.0,0.0,19,14,,,0,0,0.0,0.0,19,14,,,0,0,,,0,0,,,0,0,,,0,0,,,0,0,,,0,0,1.0,19.0,19,14,,,0,0,1.0,15.0,15,13,1.0,19.0,19,14,,,0,0,,,0,0,,,0,0,,,0,0,,,0,0,,,0,0
FACT_SLAKE_STAGE2_BANK16,A,0,F0,FORCED_ON,evaluation,U,STRICT_BASE,320,False,macro,190,15,41,UNKNOWN,0.32454212454212455,62.0,190,15,,,0,0,0.32454212454212455,62.0,190,15,0.645909645909646,123.0,190,15,0.5874458874458874,73.0,123,15,0.41255411255411256,50.0,123,15,0.1849206349206349,12.0,67,15,0.8960317460317461,60.0,67,15,1.0,190.0,190,15,0.32454212454212455,62.0,190,15,1.0,190.0,190,15,0.5874458874458874,73.0,123,15,0.1675213675213675,32.0,190,15,,,0,0,0.32454212454212455,62.0,190,15,,,0,0,,,0,0,,,0,0,,,0,0,,,0,0,,,0,0,1.0,190.0,190,15,,,0,0,0.5874458874458874,73.0,123,15,0.6754578754578755,128.0,190,15,,,0,0,,,0,0,,,0,0,,,0,0,,,0,0,,,0,0
FACT_SLAKE_STAGE2_BANK16,A,0,F0,FORCED_ON,evaluation,U,STRICT_BASE,320,False,micro,190,15,41,UNKNOWN,0.3263157894736842,62.0,190,15,,,0,0,0.3263157894736842,62.0,190,15,0.6473684210526316,123.0,190,15,0.5934959349593496,73.0,123,15,0.4065040650406504,50.0,123,15,0.1791044776119403,12.0,67,15,0.8955223880597015,60.0,67,15,1.0,190.0,190,15,0.3263157894736842,62.0,190,15,1.0,190.0,190,15,0.5934959349593496,73.0,123,15,0.16842105263157894,32.0,190,15,,,0,0,0.3263157894736842,62.0,190,15,,,0,0,,,0,0,,,0,0,,,0,0,,,0,0,,,0,0,1.0,190.0,190,15,,,0,0,0.5934959349593496,73.0,123,15,0.6736842105263158,128.0,190,15,,,0,0,,,0,0,,,0,0,,,0,0,,,0,0,,,0,0
FACT_SLAKE_STAGE2_BANK16,A,0,F0,FORCED_ON,evaluation,cross_family_confirmation,EDIT_TARGET,320,False,macro,30,15,15,UNKNOWN,1.0,30.0,30,15,,,0,0,1.0,30.0,30,15,0.5333333333333333,16.0,30,15,,,0,0,,,0,0,1.0,14.0,14,9,1.0,14.0,14,9,1.0,30.0,30,15,1.0,30.0,30,15,,,0,0,,,0,0,0.0,0.0,30,15,,,0,0,1.0,30.0,30,15,,,0,0,,,0,0,,,0,0,,,0,0,,,0,0,,,0,0,1.0,30.0,30,15,,,0,0,,,0,0,,,0,0,0.0,0.0,30,15,,,0,0,,,0,0,,,0,0,,,0,0,,,0,0
FACT_SLAKE_STAGE2_BANK16,A,0,F0,FORCED_ON,evaluation,cross_family_confirmation,EDIT_TARGET,320,False,micro,30,15,15,UNKNOWN,1.0,30.0,30,15,,,0,0,1.0,30.0,30,15,0.5333333333333333,16.0,30,15,,,0,0,,,0,0,1.0,14.0,14,9,1.0,14.0,14,9,1.0,30.0,30,15,1.0,30.0,30,15,,,0,0,,,0,0,0.0,0.0,30,15,,,0,0,1.0,30.0,30,15,,,0,0,,,0,0,,,0,0,,,0,0,,,0,0,,,0,0,1.0,30.0,30,15,,,0,0,,,0,0,,,0,0,0.0,0.0,30,15,,,0,0,,,0,0,,,0,0,,,0,0,,,0,0
FACT_SLAKE_STAGE2_BANK16,A,0,F0,FORCED_ON,evaluation,source_style_confirmation,EDIT_TARGET,320,False,macro,30,15,15,UNKNOWN,1.0,30.0,30,15,,,0,0,1.0,30.0,30,15,0.6333333333333333,19.0,30,15,,,0,0,,,0,0,1.0,11.0,11,6,1.0,11.0,11,6,1.0,30.0,30,15,1.0,30.0,30,15,,,0,0,,,0,0,0.0,0.0,30,15,,,0,0,1.0,30.0,30,15,,,0,0,,,0,0,,,0,0,,,0,0,,,0,0,,,0,0,1.0,30.0,30,15,,,0,0,,,0,0,,,0,0,0.0,0.0,30,15,,,0,0,,,0,0,,,0,0,,,0,0,,,0,0
FACT_SLAKE_STAGE2_BANK16,A,0,F0,FORCED_ON,evaluation,source_style_confirmation,EDIT_TARGET,320,False,micro,30,15,15,UNKNOWN,1.0,30.0,30,15,,,0,0,1.0,30.0,30,15,0.6333333333333333,19.0,30,15,,,0,0,,,0,0,1.0,11.0,11,6,1.0,11.0,11,6,1.0,30.0,30,15,1.0,30.0,30,15,,,0,0,,,0,0,0.0,0.0,30,15,,,0,0,1.0,30.0,30,15,,,0,0,,,0,0,,,0,0,,,0,0,,,0,0,,,0,0,1.0,30.0,30,15,,,0,0,,,0,0,,,0,0,0.0,0.0,30,15,,,0,0,,,0,0,,,0,0,,,0,0,,,0,0
FACT_SLAKE_STAGE2_BANK16,A,0,F0,FORCED_ON,fit,H,STRICT_BASE,320,False,macro,27,15,9,UNKNOWN,0.0,0.0,27,15,,,0,0,0.0,0.0,27,15,0.9777777777777777,26.0,27,15,1.0,26.0,26,15,0.0,0.0,26,15,0.0,0.0,1,1,1.0,1.0,1,1,1.0,27.0,27,15,0.0,0.0,27,15,1.0,27.0,27,15,1.0,26.0,26,15,0.0,0.0,27,15,,,0,0,0.0,0.0,27,15,,,0,0,,,0,0,,,0,0,,,0,0,,,0,0,,,0,0,1.0,27.0,27,15,,,0,0,1.0,26.0,26,15,1.0,27.0,27,15,,,0,0,,,0,0,,,0,0,,,0,0,,,0,0,,,0,0
FACT_SLAKE_STAGE2_BANK16,A,0,F0,FORCED_ON,fit,H,STRICT_BASE,320,False,micro,27,15,9,UNKNOWN,0.0,0.0,27,15,,,0,0,0.0,0.0,27,15,0.9629629629629629,26.0,27,15,1.0,26.0,26,15,0.0,0.0,26,15,0.0,0.0,1,1,1.0,1.0,1,1,1.0,27.0,27,15,0.0,0.0,27,15,1.0,27.0,27,15,1.0,26.0,26,15,0.0,0.0,27,15,,,0,0,0.0,0.0,27,15,,,0,0,,,0,0,,,0,0,,,0,0,,,0,0,,,0,0,1.0,27.0,27,15,,,0,0,1.0,26.0,26,15,1.0,27.0,27,15,,,0,0,,,0,0,,,0,0,,,0,0,,,0,0,,,0,0
FACT_SLAKE_STAGE2_BANK16,A,0,F0,FORCED_ON,fit,U,STRICT_BASE,320,False,macro,204,15,43,UNKNOWN,0.2816849816849817,58.0,204,15,,,0,0,0.2816849816849817,58.0,204,15,0.5835164835164836,119.0,204,15,0.6177513227513227,73.0,119,15,0.3822486772486772,46.0,119,15,0.12645502645502646,12.0,85,15,0.8797619047619047,74.0,85,15,1.0,204.0,204,15,0.2816849816849817,58.0,204,15,1.0,204.0,204,15,0.6177513227513227,73.0,119,15,0.1597069597069597,33.0,204,15,,,0,0,0.2816849816849817,58.0,204,15,,,0,0,,,0,0,,,0,0,,,0,0,,,0,0,,,0,0,0.9952380952380953,203.0,204,15,,,0,0,0.6177513227513227,73.0,119,15,0.7183150183150183,146.0,204,15,,,0,0,,,0,0,,,0,0,,,0,0,,,0,0,,,0,0
FACT_SLAKE_STAGE2_BANK16,A,0,F0,FORCED_ON,fit,U,STRICT_BASE,320,False,micro,204,15,43,UNKNOWN,0.28431372549019607,58.0,204,15,,,0,0,0.28431372549019607,58.0,204,15,0.5833333333333334,119.0,204,15,0.6134453781512605,73.0,119,15,0.3865546218487395,46.0,119,15,0.1411764705882353,12.0,85,15,0.8705882352941177,74.0,85,15,1.0,204.0,204,15,0.28431372549019607,58.0,204,15,1.0,204.0,204,15,0.6134453781512605,73.0,119,15,0.16176470588235295,33.0,204,15,,,0,0,0.28431372549019607,58.0,204,15,,,0,0,,,0,0,,,0,0,,,0,0,,,0,0,,,0,0,0.9950980392156863,203.0,204,15,,,0,0,0.6134453781512605,73.0,119,15,0.7156862745098039,146.0,204,15,,,0,0,,,0,0,,,0,0,,,0,0,,,0,0,,,0,0
FACT_SLAKE_STAGE2_BANK16,A,0,F0,FORCED_ON,fit,cross_family_confirmation,EDIT_TARGET,320,False,macro,60,15,15,UNKNOWN,1.0,60.0,60,15,,,0,0,1.0,60.0,60,15,0.3,18.0,60,15,,,0,0,,,0,0,1.0,42.0,42,15,1.0,42.0,42,15,1.0,60.0,60,15,1.0,60.0,60,15,,,0,0,,,0,0,0.0,0.0,60,15,,,0,0,1.0,60.0,60,15,,,0,0,,,0,0,,,0,0,,,0,0,,,0,0,,,0,0,1.0,60.0,60,15,,,0,0,,,0,0,,,0,0,0.0,0.0,60,15,,,0,0,,,0,0,,,0,0,,,0,0,,,0,0
FACT_SLAKE_STAGE2_BANK16,A,0,F0,FORCED_ON,fit,cross_family_confirmation,EDIT_TARGET,320,False,micro,60,15,15,UNKNOWN,1.0,60.0,60,15,,,0,0,1.0,60.0,60,15,0.3,18.0,60,15,,,0,0,,,0,0,1.0,42.0,42,15,1.0,42.0,42,15,1.0,60.0,60,15,1.0,60.0,60,15,,,0,0,,,0,0,0.0,0.0,60,15,,,0,0,1.0,60.0,60,15,,,0,0,,,0,0,,,0,0,,,0,0,,,0,0,,,0,0,1.0,60.0,60,15,,,0,0,,,0,0,,,0,0,0.0,0.0,60,15,,,0,0,,,0,0,,,0,0,,,0,0,,,0,0
FACT_SLAKE_STAGE2_BANK16,A,0,F0,FORCED_ON,native,T0,EDIT_TARGET,320,False,macro,15,15,15,UNKNOWN,1.0,15.0,15,15,1.0,15.0,15,15,1.0,15.0,15,15,0.0,0.0,15,15,,,0,0,,,0,0,1.0,15.0,15,15,1.0,15.0,15,15,1.0,15.0,15,15,1.0,15.0,15,15,,,0,0,,,0,0,0.0,0.0,15,15,,,0,0,1.0,15.0,15,15,,,0,0,,,0,0,,,0,0,,,0,0,,,0,0,,,0,0,1.0,15.0,15,15,,,0,0,,,0,0,,,0,0,0.0,0.0,15,15,,,0,0,,,0,0,,,0,0,,,0,0,,,0,0
FACT_SLAKE_STAGE2_BANK16,A,0,F0,FORCED_ON,native,T0,EDIT_TARGET,320,False,micro,15,15,15,UNKNOWN,1.0,15.0,15,15,1.0,15.0,15,15,1.0,15.0,15,15,0.0,0.0,15,15,,,0,0,,,0,0,1.0,15.0,15,15,1.0,15.0,15,15,1.0,15.0,15,15,1.0,15.0,15,15,,,0,0,,,0,0,0.0,0.0,15,15,,,0,0,1.0,15.0,15,15,,,0,0,,,0,0,,,0,0,,,0,0,,,0,0,,,0,0,1.0,15.0,15,15,,,0,0,,,0,0,,,0,0,0.0,0.0,15,15,,,0,0,,,0,0,,,0,0,,,0,0,,,0,0
FACT_SLAKE_STAGE2_BANK16,A,0,F0,R0,challenge,same_answer_context_not_conflict,STRICT_BASE,320,False,macro,27,14,6,UNKNOWN,0.5833333333333334,15.0,27,14,,,0,0,0.5833333333333334,15.0,27,14,0.5833333333333334,15.0,27,14,0.0,0.0,15,10,1.0,15.0,15,10,0.0,0.0,12,8,0.0,0.0,12,8,0.0,0.0,27,14,0.0,0.0,27,14,0.0,0.0,27,14,0.0,0.0,15,10,1.0,27.0,27,14,,,0,0,1.0,27.0,27,14,,,0,0,,,0,0,,,0,0,,,0,0,,,0,0,,,0,0,,,0,0,,,0,0,,,0,0,,,0,0,,,0,0,,,0,0,,,0,0,,,0,0,,,0,0,,,0,0
FACT_SLAKE_STAGE2_BANK16,A,0,F0,R0,challenge,same_answer_context_not_conflict,STRICT_BASE,320,False,micro,27,14,6,UNKNOWN,0.5555555555555556,15.0,27,14,,,0,0,0.5555555555555556,15.0,27,14,0.5555555555555556,15.0,27,14,0.0,0.0,15,10,1.0,15.0,15,10,0.0,0.0,12,8,0.0,0.0,12,8,0.0,0.0,27,14,0.0,0.0,27,14,0.0,0.0,27,14,0.0,0.0,15,10,1.0,27.0,27,14,,,0,0,1.0,27.0,27,14,,,0,0,,,0,0,,,0,0,,,0,0,,,0,0,,,0,0,,,0,0,,,0,0,,,0,0,,,0,0,,,0,0,,,0,0,,,0,0,,,0,0,,,0,0,,,0,0
FACT_SLAKE_STAGE2_BANK16,A,0,F0,R0,evaluation,H,STRICT_BASE,320,False,macro,19,14,7,UNKNOWN,0.8214285714285714,15.0,19,14,,,0,0,0.8214285714285714,15.0,19,14,0.8214285714285714,15.0,19,14,0.0,0.0,15,13,1.0,15.0,15,13,0.0,0.0,4,4,0.0,0.0,4,4,0.0,0.0,19,14,0.0,0.0,19,14,0.0,0.0,19,14,0.0,0.0,15,13,1.0,19.0,19,14,,,0,0,0.0,0.0,19,14,,,0,0,,,0,0,,,0,0,,,0,0,,,0,0,,,0,0,,,0,0,,,0,0,,,0,0,,,0,0,,,0,0,,,0,0,,,0,0,,,0,0,,,0,0,,,0,0
FACT_SLAKE_STAGE2_BANK16,A,0,F0,R0,evaluation,H,STRICT_BASE,320,False,micro,19,14,7,UNKNOWN,0.7894736842105263,15.0,19,14,,,0,0,0.7894736842105263,15.0,19,14,0.7894736842105263,15.0,19,14,0.0,0.0,15,13,1.0,15.0,15,13,0.0,0.0,4,4,0.0,0.0,4,4,0.0,0.0,19,14,0.0,0.0,19,14,0.0,0.0,19,14,0.0,0.0,15,13,1.0,19.0,19,14,,,0,0,0.0,0.0,19,14,,,0,0,,,0,0,,,0,0,,,0,0,,,0,0,,,0,0,,,0,0,,,0,0,,,0,0,,,0,0,,,0,0,,,0,0,,,0,0,,,0,0,,,0,0,,,0,0
FACT_SLAKE_STAGE2_BANK16,A,0,F0,R0,evaluation,U,STRICT_BASE,320,False,macro,190,15,41,UNKNOWN,0.645909645909646,123.0,190,15,,,0,0,0.645909645909646,123.0,190,15,0.645909645909646,123.0,190,15,0.0,0.0,123,15,1.0,123.0,123,15,0.0,0.0,67,15,0.0,0.0,67,15,0.0,0.0,190,15,0.0,0.0,190,15,0.0,0.0,190,15,0.0,0.0,123,15,1.0,190.0,190,15,,,0,0,0.32454212454212455,62.0,190,15,,,0,0,,,0,0,,,0,0,,,0,0,,,0,0,,,0,0,,,0,0,,,0,0,,,0,0,,,0,0,,,0,0,,,0,0,,,0,0,,,0,0,,,0,0,,,0,0
FACT_SLAKE_STAGE2_BANK16,A,0,F0,R0,evaluation,U,STRICT_BASE,320,False,micro,190,15,41,UNKNOWN,0.6473684210526316,123.0,190,15,,,0,0,0.6473684210526316,123.0,190,15,0.6473684210526316,123.0,190,15,0.0,0.0,123,15,1.0,123.0,123,15,0.0,0.0,67,15,0.0,0.0,67,15,0.0,0.0,190,15,0.0,0.0,190,15,0.0,0.0,190,15,0.0,0.0,123,15,1.0,190.0,190,15,,,0,0,0.3263157894736842,62.0,190,15,,,0,0,,,0,0,,,0,0,,,0,0,,,0,0,,,0,0,,,0,0,,,0,0,,,0,0,,,0,0,,,0,0,,,0,0,,,0,0,,,0,0,,,0,0,,,0,0
FACT_SLAKE_STAGE2_BANK16,A,0,F0,R0,evaluation,cross_family_confirmation,EDIT_TARGET,320,False,macro,30,15,15,UNKNOWN,1.0,30.0,30,15,,,0,0,1.0,30.0,30,15,0.5333333333333333,16.0,30,15,,,0,0,,,0,0,1.0,14.0,14,9,1.0,14.0,14,9,1.0,30.0,30,15,1.0,30.0,30,15,,,0,0,,,0,0,0.0,0.0,30,15,,,0,0,1.0,30.0,30,15,,,0,0,,,0,0,,,0,0,,,0,0,,,0,0,,,0,0,1.0,30.0,30,15,,,0,0,,,0,0,,,0,0,0.0,0.0,30,15,,,0,0,,,0,0,,,0,0,,,0,0,,,0,0
FACT_SLAKE_STAGE2_BANK16,A,0,F0,R0,evaluation,cross_family_confirmation,EDIT_TARGET,320,False,micro,30,15,15,UNKNOWN,1.0,30.0,30,15,,,0,0,1.0,30.0,30,15,0.5333333333333333,16.0,30,15,,,0,0,,,0,0,1.0,14.0,14,9,1.0,14.0,14,9,1.0,30.0,30,15,1.0,30.0,30,15,,,0,0,,,0,0,0.0,0.0,30,15,,,0,0,1.0,30.0,30,15,,,0,0,,,0,0,,,0,0,,,0,0,,,0,0,,,0,0,1.0,30.0,30,15,,,0,0,,,0,0,,,0,0,0.0,0.0,30,15,,,0,0,,,0,0,,,0,0,,,0,0,,,0,0
FACT_SLAKE_STAGE2_BANK16,A,0,F0,R0,evaluation,source_style_confirmation,EDIT_TARGET,320,False,macro,30,15,15,UNKNOWN,1.0,30.0,30,15,,,0,0,1.0,30.0,30,15,0.6333333333333333,19.0,30,15,,,0,0,,,0,0,1.0,11.0,11,6,1.0,11.0,11,6,1.0,30.0,30,15,1.0,30.0,30,15,,,0,0,,,0,0,0.0,0.0,30,15,,,0,0,1.0,30.0,30,15,,,0,0,,,0,0,,,0,0,,,0,0,,,0,0,,,0,0,1.0,30.0,30,15,,,0,0,,,0,0,,,0,0,0.0,0.0,30,15,,,0,0,,,0,0,,,0,0,,,0,0,,,0,0
FACT_SLAKE_STAGE2_BANK16,A,0,F0,R0,evaluation,source_style_confirmation,EDIT_TARGET,320,False,micro,30,15,15,UNKNOWN,1.0,30.0,30,15,,,0,0,1.0,30.0,30,15,0.6333333333333333,19.0,30,15,,,0,0,,,0,0,1.0,11.0,11,6,1.0,11.0,11,6,1.0,30.0,30,15,1.0,30.0,30,15,,,0,0,,,0,0,0.0,0.0,30,15,,,0,0,1.0,30.0,30,15,,,0,0,,,0,0,,,0,0,,,0,0,,,0,0,,,0,0,1.0,30.0,30,15,,,0,0,,,0,0,,,0,0,0.0,0.0,30,15,,,0,0,,,0,0,,,0,0,,,0,0,,,0,0
FACT_SLAKE_STAGE2_BANK16,A,0,F0,R0,fit,H,STRICT_BASE,320,False,macro,27,15,9,UNKNOWN,0.9777777777777777,26.0,27,15,,,0,0,0.9777777777777777,26.0,27,15,0.9777777777777777,26.0,27,15,0.0,0.0,26,15,1.0,26.0,26,15,0.0,0.0,1,1,0.0,0.0,1,1,0.0,0.0,27,15,0.0,0.0,27,15,0.0,0.0,27,15,0.0,0.0,26,15,1.0,27.0,27,15,,,0,0,0.0,0.0,27,15,,,0,0,,,0,0,,,0,0,,,0,0,,,0,0,,,0,0,,,0,0,,,0,0,,,0,0,,,0,0,,,0,0,,,0,0,,,0,0,,,0,0,,,0,0,,,0,0
FACT_SLAKE_STAGE2_BANK16,A,0,F0,R0,fit,H,STRICT_BASE,320,False,micro,27,15,9,UNKNOWN,0.9629629629629629,26.0,27,15,,,0,0,0.9629629629629629,26.0,27,15,0.9629629629629629,26.0,27,15,0.0,0.0,26,15,1.0,26.0,26,15,0.0,0.0,1,1,0.0,0.0,1,1,0.0,0.0,27,15,0.0,0.0,27,15,0.0,0.0,27,15,0.0,0.0,26,15,1.0,27.0,27,15,,,0,0,0.0,0.0,27,15,,,0,0,,,0,0,,,0,0,,,0,0,,,0,0,,,0,0,,,0,0,,,0,0,,,0,0,,,0,0,,,0,0,,,0,0,,,0,0,,,0,0,,,0,0,,,0,0
FACT_SLAKE_STAGE2_BANK16,A,0,F0,R0,fit,U,STRICT_BASE,320,False,macro,204,15,43,UNKNOWN,0.5835164835164836,119.0,204,15,,,0,0,0.5835164835164836,119.0,204,15,0.5835164835164836,119.0,204,15,0.0,0.0,119,15,1.0,119.0,119,15,0.0,0.0,85,15,0.0,0.0,85,15,0.0,0.0,204,15,0.0,0.0,204,15,0.0,0.0,204,15,0.0,0.0,119,15,1.0,204.0,204,15,,,0,0,0.2816849816849817,58.0,204,15,,,0,0,,,0,0,,,0,0,,,0,0,,,0,0,,,0,0,,,0,0,,,0,0,,,0,0,,,0,0,,,0,0,,,0,0,,,0,0,,,0,0,,,0,0,,,0,0
FACT_SLAKE_STAGE2_BANK16,A,0,F0,R0,fit,U,STRICT_BASE,320,False,micro,204,15,43,UNKNOWN,0.5833333333333334,119.0,204,15,,,0,0,0.5833333333333334,119.0,204,15,0.5833333333333334,119.0,204,15,0.0,0.0,119,15,1.0,119.0,119,15,0.0,0.0,85,15,0.0,0.0,85,15,0.0,0.0,204,15,0.0,0.0,204,15,0.0,0.0,204,15,0.0,0.0,119,15,1.0,204.0,204,15,,,0,0,0.28431372549019607,58.0,204,15,,,0,0,,,0,0,,,0,0,,,0,0,,,0,0,,,0,0,,,0,0,,,0,0,,,0,0,,,0,0,,,0,0,,,0,0,,,0,0,,,0,0,,,0,0,,,0,0
FACT_SLAKE_STAGE2_BANK16,A,0,F0,R0,fit,cross_family_confirmation,EDIT_TARGET,320,False,macro,60,15,15,UNKNOWN,1.0,60.0,60,15,,,0,0,1.0,60.0,60,15,0.3,18.0,60,15,,,0,0,,,0,0,1.0,42.0,42,15,1.0,42.0,42,15,1.0,60.0,60,15,1.0,60.0,60,15,,,0,0,,,0,0,0.0,0.0,60,15,,,0,0,1.0,60.0,60,15,,,0,0,,,0,0,,,0,0,,,0,0,,,0,0,,,0,0,1.0,60.0,60,15,,,0,0,,,0,0,,,0,0,0.0,0.0,60,15,,,0,0,,,0,0,,,0,0,,,0,0,,,0,0
FACT_SLAKE_STAGE2_BANK16,A,0,F0,R0,fit,cross_family_confirmation,EDIT_TARGET,320,False,micro,60,15,15,UNKNOWN,1.0,60.0,60,15,,,0,0,1.0,60.0,60,15,0.3,18.0,60,15,,,0,0,,,0,0,1.0,42.0,42,15,1.0,42.0,42,15,1.0,60.0,60,15,1.0,60.0,60,15,,,0,0,,,0,0,0.0,0.0,60,15,,,0,0,1.0,60.0,60,15,,,0,0,,,0,0,,,0,0,,,0,0,,,0,0,,,0,0,1.0,60.0,60,15,,,0,0,,,0,0,,,0,0,0.0,0.0,60,15,,,0,0,,,0,0,,,0,0,,,0,0,,,0,0
FACT_SLAKE_STAGE2_BANK16,A,0,F0,R0,native,T0,EDIT_TARGET,320,False,macro,15,15,15,UNKNOWN,1.0,15.0,15,15,1.0,15.0,15,15,1.0,15.0,15,15,0.0,0.0,15,15,,,0,0,,,0,0,1.0,15.0,15,15,1.0,15.0,15,15,1.0,15.0,15,15,1.0,15.0,15,15,,,0,0,,,0,0,0.0,0.0,15,15,,,0,0,1.0,15.0,15,15,,,0,0,,,0,0,,,0,0,,,0,0,,,0,0,,,0,0,1.0,15.0,15,15,,,0,0,,,0,0,,,0,0,0.0,0.0,15,15,,,0,0,,,0,0,,,0,0,,,0,0,,,0,0
FACT_SLAKE_STAGE2_BANK16,A,0,F0,R0,native,T0,EDIT_TARGET,320,False,micro,15,15,15,UNKNOWN,1.0,15.0,15,15,1.0,15.0,15,15,1.0,15.0,15,15,0.0,0.0,15,15,,,0,0,,,0,0,1.0,15.0,15,15,1.0,15.0,15,15,1.0,15.0,15,15,1.0,15.0,15,15,,,0,0,,,0,0,0.0,0.0,15,15,,,0,0,1.0,15.0,15,15,,,0,0,,,0,0,,,0,0,,,0,0,,,0,0,,,0,0,1.0,15.0,15,15,,,0,0,,,0,0,,,0,0,0.0,0.0,15,15,,,0,0,,,0,0,,,0,0,,,0,0,,,0,0
FACT_SLAKE_STAGE2_BANK16,A,0,F1,FORCED_ON,challenge,same_answer_context_not_conflict,STRICT_BASE,320,False,macro,27,14,6,UNKNOWN,0.7857142857142857,21.0,27,14,,,0,0,0.7857142857142857,21.0,27,14,0.5833333333333334,15.0,27,14,0.0,0.0,15,10,1.0,15.0,15,10,0.4375,6.0,12,8,1.0,12.0,12,8,1.0,27.0,27,14,0.7857142857142857,21.0,27,14,1.0,27.0,27,14,0.0,0.0,15,10,0.0,0.0,27,14,,,0,0,0.7857142857142857,21.0,27,14,,,0,0,,,0,0,,,0,0,,,0,0,,,0,0,,,0,0,1.0,27.0,27,14,,,0,0,0.0,0.0,15,10,0.21428571428571427,6.0,27,14,,,0,0,,,0,0,,,0,0,,,0,0,,,0,0,,,0,0
FACT_SLAKE_STAGE2_BANK16,A,0,F1,FORCED_ON,challenge,same_answer_context_not_conflict,STRICT_BASE,320,False,micro,27,14,6,UNKNOWN,0.7777777777777778,21.0,27,14,,,0,0,0.7777777777777778,21.0,27,14,0.5555555555555556,15.0,27,14,0.0,0.0,15,10,1.0,15.0,15,10,0.5,6.0,12,8,1.0,12.0,12,8,1.0,27.0,27,14,0.7777777777777778,21.0,27,14,1.0,27.0,27,14,0.0,0.0,15,10,0.0,0.0,27,14,,,0,0,0.7777777777777778,21.0,27,14,,,0,0,,,0,0,,,0,0,,,0,0,,,0,0,,,0,0,1.0,27.0,27,14,,,0,0,0.0,0.0,15,10,0.2222222222222222,6.0,27,14,,,0,0,,,0,0,,,0,0,,,0,0,,,0,0,,,0,0
FACT_SLAKE_STAGE2_BANK16,A,0,F1,FORCED_ON,evaluation,H,STRICT_BASE,320,False,macro,19,14,7,UNKNOWN,0.42857142857142855,9.0,19,14,,,0,0,0.42857142857142855,9.0,19,14,0.8214285714285714,15.0,19,14,0.46153846153846156,6.0,15,13,0.5384615384615384,9.0,15,13,0.0,0.0,4,4,1.0,4.0,4,4,1.0,19.0,19,14,0.42857142857142855,9.0,19,14,1.0,19.0,19,14,0.46153846153846156,6.0,15,13,0.0,0.0,19,14,,,0,0,0.42857142857142855,9.0,19,14,,,0,0,,,0,0,,,0,0,,,0,0,,,0,0,,,0,0,1.0,19.0,19,14,,,0,0,0.46153846153846156,6.0,15,13,0.5714285714285714,10.0,19,14,,,0,0,,,0,0,,,0,0,,,0,0,,,0,0,,,0,0
FACT_SLAKE_STAGE2_BANK16,A,0,F1,FORCED_ON,evaluation,H,STRICT_BASE,320,False,micro,19,14,7,UNKNOWN,0.47368421052631576,9.0,19,14,,,0,0,0.47368421052631576,9.0,19,14,0.7894736842105263,15.0,19,14,0.4,6.0,15,13,0.6,9.0,15,13,0.0,0.0,4,4,1.0,4.0,4,4,1.0,19.0,19,14,0.47368421052631576,9.0,19,14,1.0,19.0,19,14,0.4,6.0,15,13,0.0,0.0,19,14,,,0,0,0.47368421052631576,9.0,19,14,,,0,0,,,0,0,,,0,0,,,0,0,,,0,0,,,0,0,1.0,19.0,19,14,,,0,0,0.4,6.0,15,13,0.5263157894736842,10.0,19,14,,,0,0,,,0,0,,,0,0,,,0,0,,,0,0,,,0,0
FACT_SLAKE_STAGE2_BANK16,A,0,F1,FORCED_ON,evaluation,U,STRICT_BASE,320,False,macro,190,15,41,UNKNOWN,0.5184981684981685,99.0,190,15,,,0,0,0.5184981684981685,99.0,190,15,0.645909645909646,123.0,190,15,0.2041053391053391,26.0,123,15,0.7958946608946609,97.0,123,15,0.019047619047619046,2.0,67,15,0.5741269841269842,40.0,67,15,1.0,190.0,190,15,0.5184981684981685,99.0,190,15,1.0,190.0,190,15,0.2041053391053391,26.0,123,15,0.4365079365079365,83.0,190,15,,,0,0,0.5184981684981685,99.0,190,15,,,0,0,,,0,0,,,0,0,,,0,0,,,0,0,,,0,0,1.0,190.0,190,15,,,0,0,0.2041053391053391,26.0,123,15,0.4815018315018315,91.0,190,15,,,0,0,,,0,0,,,0,0,,,0,0,,,0,0,,,0,0
FACT_SLAKE_STAGE2_BANK16,A,0,F1,FORCED_ON,evaluation,U,STRICT_BASE,320,False,micro,190,15,41,UNKNOWN,0.5210526315789473,99.0,190,15,,,0,0,0.5210526315789473,99.0,190,15,0.6473684210526316,123.0,190,15,0.21138211382113822,26.0,123,15,0.7886178861788617,97.0,123,15,0.029850746268656716,2.0,67,15,0.5970149253731343,40.0,67,15,1.0,190.0,190,15,0.5210526315789473,99.0,190,15,1.0,190.0,190,15,0.21138211382113822,26.0,123,15,0.4368421052631579,83.0,190,15,,,0,0,0.5210526315789473,99.0,190,15,,,0,0,,,0,0,,,0,0,,,0,0,,,0,0,,,0,0,1.0,190.0,190,15,,,0,0,0.21138211382113822,26.0,123,15,0.4789473684210526,91.0,190,15,,,0,0,,,0,0,,,0,0,,,0,0,,,0,0,,,0,0
FACT_SLAKE_STAGE2_BANK16,A,0,F1,FORCED_ON,evaluation,cross_family_confirmation,EDIT_TARGET,320,False,macro,30,15,15,UNKNOWN,0.7666666666666667,23.0,30,15,,,0,0,0.7666666666666667,23.0,30,15,0.5333333333333333,16.0,30,15,,,0,0,,,0,0,0.4444444444444444,7.0,14,9,1.0,14.0,14,9,1.0,30.0,30,15,0.7666666666666667,23.0,30,15,,,0,0,,,0,0,0.0,0.0,30,15,,,0,0,0.7666666666666667,23.0,30,15,,,0,0,,,0,0,,,0,0,,,0,0,,,0,0,,,0,0,1.0,30.0,30,15,,,0,0,,,0,0,,,0,0,0.0,0.0,30,15,,,0,0,,,0,0,,,0,0,,,0,0,,,0,0
FACT_SLAKE_STAGE2_BANK16,A,0,F1,FORCED_ON,evaluation,cross_family_confirmation,EDIT_TARGET,320,False,micro,30,15,15,UNKNOWN,0.7666666666666667,23.0,30,15,,,0,0,0.7666666666666667,23.0,30,15,0.5333333333333333,16.0,30,15,,,0,0,,,0,0,0.5,7.0,14,9,1.0,14.0,14,9,1.0,30.0,30,15,0.7666666666666667,23.0,30,15,,,0,0,,,0,0,0.0,0.0,30,15,,,0,0,0.7666666666666667,23.0,30,15,,,0,0,,,0,0,,,0,0,,,0,0,,,0,0,,,0,0,1.0,30.0,30,15,,,0,0,,,0,0,,,0,0,0.0,0.0,30,15,,,0,0,,,0,0,,,0,0,,,0,0,,,0,0
FACT_SLAKE_STAGE2_BANK16,A,0,F1,FORCED_ON,evaluation,source_style_confirmation,EDIT_TARGET,320,False,macro,30,15,15,UNKNOWN,1.0,30.0,30,15,,,0,0,1.0,30.0,30,15,0.6333333333333333,19.0,30,15,,,0,0,,,0,0,1.0,11.0,11,6,1.0,11.0,11,6,1.0,30.0,30,15,1.0,30.0,30,15,,,0,0,,,0,0,0.0,0.0,30,15,,,0,0,1.0,30.0,30,15,,,0,0,,,0,0,,,0,0,,,0,0,,,0,0,,,0,0,1.0,30.0,30,15,,,0,0,,,0,0,,,0,0,0.0,0.0,30,15,,,0,0,,,0,0,,,0,0,,,0,0,,,0,0
FACT_SLAKE_STAGE2_BANK16,A,0,F1,FORCED_ON,evaluation,source_style_confirmation,EDIT_TARGET,320,False,micro,30,15,15,UNKNOWN,1.0,30.0,30,15,,,0,0,1.0,30.0,30,15,0.6333333333333333,19.0,30,15,,,0,0,,,0,0,1.0,11.0,11,6,1.0,11.0,11,6,1.0,30.0,30,15,1.0,30.0,30,15,,,0,0,,,0,0,0.0,0.0,30,15,,,0,0,1.0,30.0,30,15,,,0,0,,,0,0,,,0,0,,,0,0,,,0,0,,,0,0,1.0,30.0,30,15,,,0,0,,,0,0,,,0,0,0.0,0.0,30,15,,,0,0,,,0,0,,,0,0,,,0,0,,,0,0
FACT_SLAKE_STAGE2_BANK16,A,0,F1,FORCED_ON,fit,H,STRICT_BASE,320,False,macro,27,15,9,UNKNOWN,0.7333333333333333,21.0,27,15,,,0,0,0.7333333333333333,21.0,27,15,0.9777777777777777,26.0,27,15,0.25555555555555554,5.0,26,15,0.7444444444444445,21.0,26,15,0.0,0.0,1,1,1.0,1.0,1,1,1.0,27.0,27,15,0.7333333333333333,21.0,27,15,1.0,27.0,27,15,0.25555555555555554,5.0,26,15,0.0,0.0,27,15,,,0,0,0.7333333333333333,21.0,27,15,,,0,0,,,0,0,,,0,0,,,0,0,,,0,0,,,0,0,1.0,27.0,27,15,,,0,0,0.25555555555555554,5.0,26,15,0.26666666666666666,6.0,27,15,,,0,0,,,0,0,,,0,0,,,0,0,,,0,0,,,0,0
FACT_SLAKE_STAGE2_BANK16,A,0,F1,FORCED_ON,fit,H,STRICT_BASE,320,False,micro,27,15,9,UNKNOWN,0.7777777777777778,21.0,27,15,,,0,0,0.7777777777777778,21.0,27,15,0.9629629629629629,26.0,27,15,0.19230769230769232,5.0,26,15,0.8076923076923077,21.0,26,15,0.0,0.0,1,1,1.0,1.0,1,1,1.0,27.0,27,15,0.7777777777777778,21.0,27,15,1.0,27.0,27,15,0.19230769230769232,5.0,26,15,0.0,0.0,27,15,,,0,0,0.7777777777777778,21.0,27,15,,,0,0,,,0,0,,,0,0,,,0,0,,,0,0,,,0,0,1.0,27.0,27,15,,,0,0,0.19230769230769232,5.0,26,15,0.2222222222222222,6.0,27,15,,,0,0,,,0,0,,,0,0,,,0,0,,,0,0,,,0,0
FACT_SLAKE_STAGE2_BANK16,A,0,F1,FORCED_ON,fit,U,STRICT_BASE,320,False,macro,204,15,43,UNKNOWN,0.4249084249084249,87.0,204,15,,,0,0,0.4249084249084249,87.0,204,15,0.5835164835164836,119.0,204,15,0.2735978835978836,33.0,119,15,0.7264021164021164,86.0,119,15,0.013333333333333334,1.0,85,15,0.5346825396825396,45.0,85,15,1.0,204.0,204,15,0.4249084249084249,87.0,204,15,1.0,204.0,204,15,0.2735978835978836,33.0,119,15,0.40512820512820513,83.0,204,15,,,0,0,0.4249084249084249,87.0,204,15,,,0,0,,,0,0,,,0,0,,,0,0,,,0,0,,,0,0,1.0,204.0,204,15,,,0,0,0.2735978835978836,33.0,119,15,0.575091575091575,117.0,204,15,,,0,0,,,0,0,,,0,0,,,0,0,,,0,0,,,0,0
FACT_SLAKE_STAGE2_BANK16,A,0,F1,FORCED_ON,fit,U,STRICT_BASE,320,False,micro,204,15,43,UNKNOWN,0.4264705882352941,87.0,204,15,,,0,0,0.4264705882352941,87.0,204,15,0.5833333333333334,119.0,204,15,0.2773109243697479,33.0,119,15,0.7226890756302521,86.0,119,15,0.011764705882352941,1.0,85,15,0.5294117647058824,45.0,85,15,1.0,204.0,204,15,0.4264705882352941,87.0,204,15,1.0,204.0,204,15,0.2773109243697479,33.0,119,15,0.4068627450980392,83.0,204,15,,,0,0,0.4264705882352941,87.0,204,15,,,0,0,,,0,0,,,0,0,,,0,0,,,0,0,,,0,0,1.0,204.0,204,15,,,0,0,0.2773109243697479,33.0,119,15,0.5735294117647058,117.0,204,15,,,0,0,,,0,0,,,0,0,,,0,0,,,0,0,,,0,0
FACT_SLAKE_STAGE2_BANK16,A,0,F1,FORCED_ON,fit,cross_family_confirmation,EDIT_TARGET,320,False,macro,60,15,15,UNKNOWN,0.8666666666666667,52.0,60,15,,,0,0,0.8666666666666667,52.0,60,15,0.3,18.0,60,15,,,0,0,,,0,0,0.8666666666666667,34.0,42,15,1.0,42.0,42,15,1.0,60.0,60,15,0.8666666666666667,52.0,60,15,,,0,0,,,0,0,0.0,0.0,60,15,,,0,0,0.8666666666666667,52.0,60,15,,,0,0,,,0,0,,,0,0,,,0,0,,,0,0,,,0,0,1.0,60.0,60,15,,,0,0,,,0,0,,,0,0,0.0,0.0,60,15,,,0,0,,,0,0,,,0,0,,,0,0,,,0,0
FACT_SLAKE_STAGE2_BANK16,A,0,F1,FORCED_ON,fit,cross_family_confirmation,EDIT_TARGET,320,False,micro,60,15,15,UNKNOWN,0.8666666666666667,52.0,60,15,,,0,0,0.8666666666666667,52.0,60,15,0.3,18.0,60,15,,,0,0,,,0,0,0.8095238095238095,34.0,42,15,1.0,42.0,42,15,1.0,60.0,60,15,0.8666666666666667,52.0,60,15,,,0,0,,,0,0,0.0,0.0,60,15,,,0,0,0.8666666666666667,52.0,60,15,,,0,0,,,0,0,,,0,0,,,0,0,,,0,0,,,0,0,1.0,60.0,60,15,,,0,0,,,0,0,,,0,0,0.0,0.0,60,15,,,0,0,,,0,0,,,0,0,,,0,0,,,0,0
FACT_SLAKE_STAGE2_BANK16,A,0,F1,FORCED_ON,native,T0,EDIT_TARGET,320,False,macro,15,15,15,UNKNOWN,0.7333333333333333,11.0,15,15,0.7333333333333333,11.0,15,15,0.7333333333333333,11.0,15,15,0.0,0.0,15,15,,,0,0,,,0,0,0.7333333333333333,11.0,15,15,1.0,15.0,15,15,1.0,15.0,15,15,0.7333333333333333,11.0,15,15,,,0,0,,,0,0,0.0,0.0,15,15,,,0,0,0.7333333333333333,11.0,15,15,,,0,0,,,0,0,,,0,0,,,0,0,,,0,0,,,0,0,1.0,15.0,15,15,,,0,0,,,0,0,,,0,0,0.0,0.0,15,15,,,0,0,,,0,0,,,0,0,,,0,0,,,0,0
FACT_SLAKE_STAGE2_BANK16,A,0,F1,FORCED_ON,native,T0,EDIT_TARGET,320,False,micro,15,15,15,UNKNOWN,0.7333333333333333,11.0,15,15,0.7333333333333333,11.0,15,15,0.7333333333333333,11.0,15,15,0.0,0.0,15,15,,,0,0,,,0,0,0.7333333333333333,11.0,15,15,1.0,15.0,15,15,1.0,15.0,15,15,0.7333333333333333,11.0,15,15,,,0,0,,,0,0,0.0,0.0,15,15,,,0,0,0.7333333333333333,11.0,15,15,,,0,0,,,0,0,,,0,0,,,0,0,,,0,0,,,0,0,1.0,15.0,15,15,,,0,0,,,0,0,,,0,0,0.0,0.0,15,15,,,0,0,,,0,0,,,0,0,,,0,0,,,0,0
FACT_SLAKE_STAGE2_BANK16,A,0,F1,R0,challenge,same_answer_context_not_conflict,STRICT_BASE,320,False,macro,27,14,6,UNKNOWN,0.5833333333333334,15.0,27,14,,,0,0,0.5833333333333334,15.0,27,14,0.5833333333333334,15.0,27,14,0.0,0.0,15,10,1.0,15.0,15,10,0.0,0.0,12,8,0.0,0.0,12,8,0.0,0.0,27,14,0.0,0.0,27,14,0.0,0.0,27,14,0.0,0.0,15,10,1.0,27.0,27,14,,,0,0,0.7857142857142857,21.0,27,14,,,0,0,,,0,0,,,0,0,,,0,0,,,0,0,,,0,0,,,0,0,,,0,0,,,0,0,,,0,0,,,0,0,,,0,0,,,0,0,,,0,0,,,0,0,,,0,0
FACT_SLAKE_STAGE2_BANK16,A,0,F1,R0,challenge,same_answer_context_not_conflict,STRICT_BASE,320,False,micro,27,14,6,UNKNOWN,0.5555555555555556,15.0,27,14,,,0,0,0.5555555555555556,15.0,27,14,0.5555555555555556,15.0,27,14,0.0,0.0,15,10,1.0,15.0,15,10,0.0,0.0,12,8,0.0,0.0,12,8,0.0,0.0,27,14,0.0,0.0,27,14,0.0,0.0,27,14,0.0,0.0,15,10,1.0,27.0,27,14,,,0,0,0.7777777777777778,21.0,27,14,,,0,0,,,0,0,,,0,0,,,0,0,,,0,0,,,0,0,,,0,0,,,0,0,,,0,0,,,0,0,,,0,0,,,0,0,,,0,0,,,0,0,,,0,0,,,0,0
FACT_SLAKE_STAGE2_BANK16,A,0,F1,R0,evaluation,H,STRICT_BASE,320,False,macro,19,14,7,UNKNOWN,0.8214285714285714,15.0,19,14,,,0,0,0.8214285714285714,15.0,19,14,0.8214285714285714,15.0,19,14,0.0,0.0,15,13,1.0,15.0,15,13,0.0,0.0,4,4,0.0,0.0,4,4,0.0,0.0,19,14,0.0,0.0,19,14,0.0,0.0,19,14,0.0,0.0,15,13,1.0,19.0,19,14,,,0,0,0.42857142857142855,9.0,19,14,,,0,0,,,0,0,,,0,0,,,0,0,,,0,0,,,0,0,,,0,0,,,0,0,,,0,0,,,0,0,,,0,0,,,0,0,,,0,0,,,0,0,,,0,0,,,0,0
FACT_SLAKE_STAGE2_BANK16,A,0,F1,R0,evaluation,H,STRICT_BASE,320,False,micro,19,14,7,UNKNOWN,0.7894736842105263,15.0,19,14,,,0,0,0.7894736842105263,15.0,19,14,0.7894736842105263,15.0,19,14,0.0,0.0,15,13,1.0,15.0,15,13,0.0,0.0,4,4,0.0,0.0,4,4,0.0,0.0,19,14,0.0,0.0,19,14,0.0,0.0,19,14,0.0,0.0,15,13,1.0,19.0,19,14,,,0,0,0.47368421052631576,9.0,19,14,,,0,0,,,0,0,,,0,0,,,0,0,,,0,0,,,0,0,,,0,0,,,0,0,,,0,0,,,0,0,,,0,0,,,0,0,,,0,0,,,0,0,,,0,0,,,0,0
FACT_SLAKE_STAGE2_BANK16,A,0,F1,R0,evaluation,U,STRICT_BASE,320,False,macro,190,15,41,UNKNOWN,0.645909645909646,123.0,190,15,,,0,0,0.645909645909646,123.0,190,15,0.645909645909646,123.0,190,15,0.0,0.0,123,15,1.0,123.0,123,15,0.0,0.0,67,15,0.0,0.0,67,15,0.0,0.0,190,15,0.0,0.0,190,15,0.0,0.0,190,15,0.0,0.0,123,15,1.0,190.0,190,15,,,0,0,0.5184981684981685,99.0,190,15,,,0,0,,,0,0,,,0,0,,,0,0,,,0,0,,,0,0,,,0,0,,,0,0,,,0,0,,,0,0,,,0,0,,,0,0,,,0,0,,,0,0,,,0,0,,,0,0
FACT_SLAKE_STAGE2_BANK16,A,0,F1,R0,evaluation,U,STRICT_BASE,320,False,micro,190,15,41,UNKNOWN,0.6473684210526316,123.0,190,15,,,0,0,0.6473684210526316,123.0,190,15,0.6473684210526316,123.0,190,15,0.0,0.0,123,15,1.0,123.0,123,15,0.0,0.0,67,15,0.0,0.0,67,15,0.0,0.0,190,15,0.0,0.0,190,15,0.0,0.0,190,15,0.0,0.0,123,15,1.0,190.0,190,15,,,0,0,0.5210526315789473,99.0,190,15,,,0,0,,,0,0,,,0,0,,,0,0,,,0,0,,,0,0,,,0,0,,,0,0,,,0,0,,,0,0,,,0,0,,,0,0,,,0,0,,,0,0,,,0,0,,,0,0
FACT_SLAKE_STAGE2_BANK16,A,0,F1,R0,evaluation,cross_family_confirmation,EDIT_TARGET,320,False,macro,30,15,15,UNKNOWN,0.7666666666666667,23.0,30,15,,,0,0,0.7666666666666667,23.0,30,15,0.5333333333333333,16.0,30,15,,,0,0,,,0,0,0.4444444444444444,7.0,14,9,1.0,14.0,14,9,1.0,30.0,30,15,0.7666666666666667,23.0,30,15,,,0,0,,,0,0,0.0,0.0,30,15,,,0,0,0.7666666666666667,23.0,30,15,,,0,0,,,0,0,,,0,0,,,0,0,,,0,0,,,0,0,1.0,30.0,30,15,,,0,0,,,0,0,,,0,0,0.0,0.0,30,15,,,0,0,,,0,0,,,0,0,,,0,0,,,0,0
FACT_SLAKE_STAGE2_BANK16,A,0,F1,R0,evaluation,cross_family_confirmation,EDIT_TARGET,320,False,micro,30,15,15,UNKNOWN,0.7666666666666667,23.0,30,15,,,0,0,0.7666666666666667,23.0,30,15,0.5333333333333333,16.0,30,15,,,0,0,,,0,0,0.5,7.0,14,9,1.0,14.0,14,9,1.0,30.0,30,15,0.7666666666666667,23.0,30,15,,,0,0,,,0,0,0.0,0.0,30,15,,,0,0,0.7666666666666667,23.0,30,15,,,0,0,,,0,0,,,0,0,,,0,0,,,0,0,,,0,0,1.0,30.0,30,15,,,0,0,,,0,0,,,0,0,0.0,0.0,30,15,,,0,0,,,0,0,,,0,0,,,0,0,,,0,0
FACT_SLAKE_STAGE2_BANK16,A,0,F1,R0,evaluation,source_style_confirmation,EDIT_TARGET,320,False,macro,30,15,15,UNKNOWN,1.0,30.0,30,15,,,0,0,1.0,30.0,30,15,0.6333333333333333,19.0,30,15,,,0,0,,,0,0,1.0,11.0,11,6,1.0,11.0,11,6,1.0,30.0,30,15,1.0,30.0,30,15,,,0,0,,,0,0,0.0,0.0,30,15,,,0,0,1.0,30.0,30,15,,,0,0,,,0,0,,,0,0,,,0,0,,,0,0,,,0,0,1.0,30.0,30,15,,,0,0,,,0,0,,,0,0,0.0,0.0,30,15,,,0,0,,,0,0,,,0,0,,,0,0,,,0,0
FACT_SLAKE_STAGE2_BANK16,A,0,F1,R0,evaluation,source_style_confirmation,EDIT_TARGET,320,False,micro,30,15,15,UNKNOWN,1.0,30.0,30,15,,,0,0,1.0,30.0,30,15,0.6333333333333333,19.0,30,15,,,0,0,,,0,0,1.0,11.0,11,6,1.0,11.0,11,6,1.0,30.0,30,15,1.0,30.0,30,15,,,0,0,,,0,0,0.0,0.0,30,15,,,0,0,1.0,30.0,30,15,,,0,0,,,0,0,,,0,0,,,0,0,,,0,0,,,0,0,1.0,30.0,30,15,,,0,0,,,0,0,,,0,0,0.0,0.0,30,15,,,0,0,,,0,0,,,0,0,,,0,0,,,0,0
FACT_SLAKE_STAGE2_BANK16,A,0,F1,R0,fit,H,STRICT_BASE,320,False,macro,27,15,9,UNKNOWN,0.9777777777777777,26.0,27,15,,,0,0,0.9777777777777777,26.0,27,15,0.9777777777777777,26.0,27,15,0.0,0.0,26,15,1.0,26.0,26,15,0.0,0.0,1,1,0.0,0.0,1,1,0.0,0.0,27,15,0.0,0.0,27,15,0.0,0.0,27,15,0.0,0.0,26,15,1.0,27.0,27,15,,,0,0,0.7333333333333333,21.0,27,15,,,0,0,,,0,0,,,0,0,,,0,0,,,0,0,,,0,0,,,0,0,,,0,0,,,0,0,,,0,0,,,0,0,,,0,0,,,0,0,,,0,0,,,0,0,,,0,0
FACT_SLAKE_STAGE2_BANK16,A,0,F1,R0,fit,H,STRICT_BASE,320,False,micro,27,15,9,UNKNOWN,0.9629629629629629,26.0,27,15,,,0,0,0.9629629629629629,26.0,27,15,0.9629629629629629,26.0,27,15,0.0,0.0,26,15,1.0,26.0,26,15,0.0,0.0,1,1,0.0,0.0,1,1,0.0,0.0,27,15,0.0,0.0,27,15,0.0,0.0,27,15,0.0,0.0,26,15,1.0,27.0,27,15,,,0,0,0.7777777777777778,21.0,27,15,,,0,0,,,0,0,,,0,0,,,0,0,,,0,0,,,0,0,,,0,0,,,0,0,,,0,0,,,0,0,,,0,0,,,0,0,,,0,0,,,0,0,,,0,0,,,0,0
FACT_SLAKE_STAGE2_BANK16,A,0,F1,R0,fit,U,STRICT_BASE,320,False,macro,204,15,43,UNKNOWN,0.5835164835164836,119.0,204,15,,,0,0,0.5835164835164836,119.0,204,15,0.5835164835164836,119.0,204,15,0.0,0.0,119,15,1.0,119.0,119,15,0.0,0.0,85,15,0.0,0.0,85,15,0.0,0.0,204,15,0.0,0.0,204,15,0.0,0.0,204,15,0.0,0.0,119,15,1.0,204.0,204,15,,,0,0,0.4249084249084249,87.0,204,15,,,0,0,,,0,0,,,0,0,,,0,0,,,0,0,,,0,0,,,0,0,,,0,0,,,0,0,,,0,0,,,0,0,,,0,0,,,0,0,,,0,0,,,0,0,,,0,0
FACT_SLAKE_STAGE2_BANK16,A,0,F1,R0,fit,U,STRICT_BASE,320,False,micro,204,15,43,UNKNOWN,0.5833333333333334,119.0,204,15,,,0,0,0.5833333333333334,119.0,204,15,0.5833333333333334,119.0,204,15,0.0,0.0,119,15,1.0,119.0,119,15,0.0,0.0,85,15,0.0,0.0,85,15,0.0,0.0,204,15,0.0,0.0,204,15,0.0,0.0,204,15,0.0,0.0,119,15,1.0,204.0,204,15,,,0,0,0.4264705882352941,87.0,204,15,,,0,0,,,0,0,,,0,0,,,0,0,,,0,0,,,0,0,,,0,0,,,0,0,,,0,0,,,0,0,,,0,0,,,0,0,,,0,0,,,0,0,,,0,0,,,0,0
FACT_SLAKE_STAGE2_BANK16,A,0,F1,R0,fit,cross_family_confirmation,EDIT_TARGET,320,False,macro,60,15,15,UNKNOWN,0.8666666666666667,52.0,60,15,,,0,0,0.8666666666666667,52.0,60,15,0.3,18.0,60,15,,,0,0,,,0,0,0.8666666666666667,34.0,42,15,1.0,42.0,42,15,1.0,60.0,60,15,0.8666666666666667,52.0,60,15,,,0,0,,,0,0,0.0,0.0,60,15,,,0,0,0.8666666666666667,52.0,60,15,,,0,0,,,0,0,,,0,0,,,0,0,,,0,0,,,0,0,1.0,60.0,60,15,,,0,0,,,0,0,,,0,0,0.0,0.0,60,15,,,0,0,,,0,0,,,0,0,,,0,0,,,0,0
FACT_SLAKE_STAGE2_BANK16,A,0,F1,R0,fit,cross_family_confirmation,EDIT_TARGET,320,False,micro,60,15,15,UNKNOWN,0.8666666666666667,52.0,60,15,,,0,0,0.8666666666666667,52.0,60,15,0.3,18.0,60,15,,,0,0,,,0,0,0.8095238095238095,34.0,42,15,1.0,42.0,42,15,1.0,60.0,60,15,0.8666666666666667,52.0,60,15,,,0,0,,,0,0,0.0,0.0,60,15,,,0,0,0.8666666666666667,52.0,60,15,,,0,0,,,0,0,,,0,0,,,0,0,,,0,0,,,0,0,1.0,60.0,60,15,,,0,0,,,0,0,,,0,0,0.0,0.0,60,15,,,0,0,,,0,0,,,0,0,,,0,0,,,0,0
FACT_SLAKE_STAGE2_BANK16,A,0,F1,R0,native,T0,EDIT_TARGET,320,False,macro,15,15,15,UNKNOWN,0.7333333333333333,11.0,15,15,0.7333333333333333,11.0,15,15,0.7333333333333333,11.0,15,15,0.0,0.0,15,15,,,0,0,,,0,0,0.7333333333333333,11.0,15,15,1.0,15.0,15,15,1.0,15.0,15,15,0.7333333333333333,11.0,15,15,,,0,0,,,0,0,0.0,0.0,15,15,,,0,0,0.7333333333333333,11.0,15,15,,,0,0,,,0,0,,,0,0,,,0,0,,,0,0,,,0,0,1.0,15.0,15,15,,,0,0,,,0,0,,,0,0,0.0,0.0,15,15,,,0,0,,,0,0,,,0,0,,,0,0,,,0,0
FACT_SLAKE_STAGE2_BANK16,A,0,F1,R0,native,T0,EDIT_TARGET,320,False,micro,15,15,15,UNKNOWN,0.7333333333333333,11.0,15,15,0.7333333333333333,11.0,15,15,0.7333333333333333,11.0,15,15,0.0,0.0,15,15,,,0,0,,,0,0,0.7333333333333333,11.0,15,15,1.0,15.0,15,15,1.0,15.0,15,15,0.7333333333333333,11.0,15,15,,,0,0,,,0,0,0.0,0.0,15,15,,,0,0,0.7333333333333333,11.0,15,15,,,0,0,,,0,0,,,0,0,,,0,0,,,0,0,,,0,0,1.0,15.0,15,15,,,0,0,,,0,0,,,0,0,0.0,0.0,15,15,,,0,0,,,0,0,,,0,0,,,0,0,,,0,0
FACT_SLAKE_STAGE2_BANK16,A,0,F2,FORCED_ON,challenge,same_answer_context_not_conflict,STRICT_BASE,320,False,macro,27,14,6,UNKNOWN,0.7857142857142857,21.0,27,14,,,0,0,0.7857142857142857,21.0,27,14,0.5833333333333334,15.0,27,14,0.0,0.0,15,10,1.0,15.0,15,10,0.4375,6.0,12,8,1.0,12.0,12,8,1.0,27.0,27,14,0.7857142857142857,21.0,27,14,1.0,27.0,27,14,0.0,0.0,15,10,0.0,0.0,27,14,,,0,0,0.7857142857142857,21.0,27,14,,,0,0,,,0,0,,,0,0,,,0,0,,,0,0,,,0,0,1.0,27.0,27,14,,,0,0,0.0,0.0,15,10,0.21428571428571427,6.0,27,14,,,0,0,,,0,0,,,0,0,,,0,0,,,0,0,,,0,0
FACT_SLAKE_STAGE2_BANK16,A,0,F2,FORCED_ON,challenge,same_answer_context_not_conflict,STRICT_BASE,320,False,micro,27,14,6,UNKNOWN,0.7777777777777778,21.0,27,14,,,0,0,0.7777777777777778,21.0,27,14,0.5555555555555556,15.0,27,14,0.0,0.0,15,10,1.0,15.0,15,10,0.5,6.0,12,8,1.0,12.0,12,8,1.0,27.0,27,14,0.7777777777777778,21.0,27,14,1.0,27.0,27,14,0.0,0.0,15,10,0.0,0.0,27,14,,,0,0,0.7777777777777778,21.0,27,14,,,0,0,,,0,0,,,0,0,,,0,0,,,0,0,,,0,0,1.0,27.0,27,14,,,0,0,0.0,0.0,15,10,0.2222222222222222,6.0,27,14,,,0,0,,,0,0,,,0,0,,,0,0,,,0,0,,,0,0
FACT_SLAKE_STAGE2_BANK16,A,0,F2,FORCED_ON,evaluation,H,STRICT_BASE,320,False,macro,19,14,7,UNKNOWN,0.42857142857142855,9.0,19,14,,,0,0,0.42857142857142855,9.0,19,14,0.8214285714285714,15.0,19,14,0.46153846153846156,6.0,15,13,0.5384615384615384,9.0,15,13,0.0,0.0,4,4,1.0,4.0,4,4,1.0,19.0,19,14,0.42857142857142855,9.0,19,14,1.0,19.0,19,14,0.46153846153846156,6.0,15,13,0.0,0.0,19,14,,,0,0,0.42857142857142855,9.0,19,14,,,0,0,,,0,0,,,0,0,,,0,0,,,0,0,,,0,0,1.0,19.0,19,14,,,0,0,0.46153846153846156,6.0,15,13,0.5714285714285714,10.0,19,14,,,0,0,,,0,0,,,0,0,,,0,0,,,0,0,,,0,0
FACT_SLAKE_STAGE2_BANK16,A,0,F2,FORCED_ON,evaluation,H,STRICT_BASE,320,False,micro,19,14,7,UNKNOWN,0.47368421052631576,9.0,19,14,,,0,0,0.47368421052631576,9.0,19,14,0.7894736842105263,15.0,19,14,0.4,6.0,15,13,0.6,9.0,15,13,0.0,0.0,4,4,1.0,4.0,4,4,1.0,19.0,19,14,0.47368421052631576,9.0,19,14,1.0,19.0,19,14,0.4,6.0,15,13,0.0,0.0,19,14,,,0,0,0.47368421052631576,9.0,19,14,,,0,0,,,0,0,,,0,0,,,0,0,,,0,0,,,0,0,1.0,19.0,19,14,,,0,0,0.4,6.0,15,13,0.5263157894736842,10.0,19,14,,,0,0,,,0,0,,,0,0,,,0,0,,,0,0,,,0,0
FACT_SLAKE_STAGE2_BANK16,A,0,F2,FORCED_ON,evaluation,U,STRICT_BASE,320,False,macro,190,15,41,UNKNOWN,0.5236263736263737,100.0,190,15,,,0,0,0.5236263736263737,100.0,190,15,0.645909645909646,123.0,190,15,0.1966979316979317,25.0,123,15,0.8033020683020683,98.0,123,15,0.019047619047619046,2.0,67,15,0.5741269841269842,40.0,67,15,1.0,190.0,190,15,0.5236263736263737,100.0,190,15,1.0,190.0,190,15,0.1966979316979317,25.0,123,15,0.4365079365079365,83.0,190,15,,,0,0,0.5236263736263737,100.0,190,15,,,0,0,,,0,0,,,0,0,,,0,0,,,0,0,,,0,0,1.0,190.0,190,15,,,0,0,0.1966979316979317,25.0,123,15,0.4763736263736264,90.0,190,15,,,0,0,,,0,0,,,0,0,,,0,0,,,0,0,,,0,0
FACT_SLAKE_STAGE2_BANK16,A,0,F2,FORCED_ON,evaluation,U,STRICT_BASE,320,False,micro,190,15,41,UNKNOWN,0.5263157894736842,100.0,190,15,,,0,0,0.5263157894736842,100.0,190,15,0.6473684210526316,123.0,190,15,0.2032520325203252,25.0,123,15,0.7967479674796748,98.0,123,15,0.029850746268656716,2.0,67,15,0.5970149253731343,40.0,67,15,1.0,190.0,190,15,0.5263157894736842,100.0,190,15,1.0,190.0,190,15,0.2032520325203252,25.0,123,15,0.4368421052631579,83.0,190,15,,,0,0,0.5263157894736842,100.0,190,15,,,0,0,,,0,0,,,0,0,,,0,0,,,0,0,,,0,0,1.0,190.0,190,15,,,0,0,0.2032520325203252,25.0,123,15,0.47368421052631576,90.0,190,15,,,0,0,,,0,0,,,0,0,,,0,0,,,0,0,,,0,0
FACT_SLAKE_STAGE2_BANK16,A,0,F2,FORCED_ON,evaluation,cross_family_confirmation,EDIT_TARGET,320,False,macro,30,15,15,UNKNOWN,0.7666666666666667,23.0,30,15,,,0,0,0.7666666666666667,23.0,30,15,0.5333333333333333,16.0,30,15,,,0,0,,,0,0,0.4444444444444444,7.0,14,9,1.0,14.0,14,9,1.0,30.0,30,15,0.7666666666666667,23.0,30,15,,,0,0,,,0,0,0.0,0.0,30,15,,,0,0,0.7666666666666667,23.0,30,15,,,0,0,,,0,0,,,0,0,,,0,0,,,0,0,,,0,0,1.0,30.0,30,15,,,0,0,,,0,0,,,0,0,0.0,0.0,30,15,,,0,0,,,0,0,,,0,0,,,0,0,,,0,0
FACT_SLAKE_STAGE2_BANK16,A,0,F2,FORCED_ON,evaluation,cross_family_confirmation,EDIT_TARGET,320,False,micro,30,15,15,UNKNOWN,0.7666666666666667,23.0,30,15,,,0,0,0.7666666666666667,23.0,30,15,0.5333333333333333,16.0,30,15,,,0,0,,,0,0,0.5,7.0,14,9,1.0,14.0,14,9,1.0,30.0,30,15,0.7666666666666667,23.0,30,15,,,0,0,,,0,0,0.0,0.0,30,15,,,0,0,0.7666666666666667,23.0,30,15,,,0,0,,,0,0,,,0,0,,,0,0,,,0,0,,,0,0,1.0,30.0,30,15,,,0,0,,,0,0,,,0,0,0.0,0.0,30,15,,,0,0,,,0,0,,,0,0,,,0,0,,,0,0
FACT_SLAKE_STAGE2_BANK16,A,0,F2,FORCED_ON,evaluation,source_style_confirmation,EDIT_TARGET,320,False,macro,30,15,15,UNKNOWN,1.0,30.0,30,15,,,0,0,1.0,30.0,30,15,0.6333333333333333,19.0,30,15,,,0,0,,,0,0,1.0,11.0,11,6,1.0,11.0,11,6,1.0,30.0,30,15,1.0,30.0,30,15,,,0,0,,,0,0,0.0,0.0,30,15,,,0,0,1.0,30.0,30,15,,,0,0,,,0,0,,,0,0,,,0,0,,,0,0,,,0,0,1.0,30.0,30,15,,,0,0,,,0,0,,,0,0,0.0,0.0,30,15,,,0,0,,,0,0,,,0,0,,,0,0,,,0,0
FACT_SLAKE_STAGE2_BANK16,A,0,F2,FORCED_ON,evaluation,source_style_confirmation,EDIT_TARGET,320,False,micro,30,15,15,UNKNOWN,1.0,30.0,30,15,,,0,0,1.0,30.0,30,15,0.6333333333333333,19.0,30,15,,,0,0,,,0,0,1.0,11.0,11,6,1.0,11.0,11,6,1.0,30.0,30,15,1.0,30.0,30,15,,,0,0,,,0,0,0.0,0.0,30,15,,,0,0,1.0,30.0,30,15,,,0,0,,,0,0,,,0,0,,,0,0,,,0,0,,,0,0,1.0,30.0,30,15,,,0,0,,,0,0,,,0,0,0.0,0.0,30,15,,,0,0,,,0,0,,,0,0,,,0,0,,,0,0
FACT_SLAKE_STAGE2_BANK16,A,0,F2,FORCED_ON,fit,H,STRICT_BASE,320,False,macro,27,15,9,UNKNOWN,0.7333333333333333,21.0,27,15,,,0,0,0.7333333333333333,21.0,27,15,0.9777777777777777,26.0,27,15,0.25555555555555554,5.0,26,15,0.7444444444444445,21.0,26,15,0.0,0.0,1,1,1.0,1.0,1,1,1.0,27.0,27,15,0.7333333333333333,21.0,27,15,1.0,27.0,27,15,0.25555555555555554,5.0,26,15,0.0,0.0,27,15,,,0,0,0.7333333333333333,21.0,27,15,,,0,0,,,0,0,,,0,0,,,0,0,,,0,0,,,0,0,1.0,27.0,27,15,,,0,0,0.25555555555555554,5.0,26,15,0.26666666666666666,6.0,27,15,,,0,0,,,0,0,,,0,0,,,0,0,,,0,0,,,0,0
FACT_SLAKE_STAGE2_BANK16,A,0,F2,FORCED_ON,fit,H,STRICT_BASE,320,False,micro,27,15,9,UNKNOWN,0.7777777777777778,21.0,27,15,,,0,0,0.7777777777777778,21.0,27,15,0.9629629629629629,26.0,27,15,0.19230769230769232,5.0,26,15,0.8076923076923077,21.0,26,15,0.0,0.0,1,1,1.0,1.0,1,1,1.0,27.0,27,15,0.7777777777777778,21.0,27,15,1.0,27.0,27,15,0.19230769230769232,5.0,26,15,0.0,0.0,27,15,,,0,0,0.7777777777777778,21.0,27,15,,,0,0,,,0,0,,,0,0,,,0,0,,,0,0,,,0,0,1.0,27.0,27,15,,,0,0,0.19230769230769232,5.0,26,15,0.2222222222222222,6.0,27,15,,,0,0,,,0,0,,,0,0,,,0,0,,,0,0,,,0,0
FACT_SLAKE_STAGE2_BANK16,A,0,F2,FORCED_ON,fit,U,STRICT_BASE,320,False,macro,204,15,43,UNKNOWN,0.4249084249084249,87.0,204,15,,,0,0,0.4249084249084249,87.0,204,15,0.5835164835164836,119.0,204,15,0.28026455026455027,34.0,119,15,0.7197354497354497,85.0,119,15,0.022857142857142857,2.0,85,15,0.5346825396825396,45.0,85,15,1.0,204.0,204,15,0.4249084249084249,87.0,204,15,1.0,204.0,204,15,0.28026455026455027,34.0,119,15,0.40512820512820513,83.0,204,15,,,0,0,0.4249084249084249,87.0,204,15,,,0,0,,,0,0,,,0,0,,,0,0,,,0,0,,,0,0,1.0,204.0,204,15,,,0,0,0.28026455026455027,34.0,119,15,0.575091575091575,117.0,204,15,,,0,0,,,0,0,,,0,0,,,0,0,,,0,0,,,0,0
FACT_SLAKE_STAGE2_BANK16,A,0,F2,FORCED_ON,fit,U,STRICT_BASE,320,False,micro,204,15,43,UNKNOWN,0.4264705882352941,87.0,204,15,,,0,0,0.4264705882352941,87.0,204,15,0.5833333333333334,119.0,204,15,0.2857142857142857,34.0,119,15,0.7142857142857143,85.0,119,15,0.023529411764705882,2.0,85,15,0.5294117647058824,45.0,85,15,1.0,204.0,204,15,0.4264705882352941,87.0,204,15,1.0,204.0,204,15,0.2857142857142857,34.0,119,15,0.4068627450980392,83.0,204,15,,,0,0,0.4264705882352941,87.0,204,15,,,0,0,,,0,0,,,0,0,,,0,0,,,0,0,,,0,0,1.0,204.0,204,15,,,0,0,0.2857142857142857,34.0,119,15,0.5735294117647058,117.0,204,15,,,0,0,,,0,0,,,0,0,,,0,0,,,0,0,,,0,0
FACT_SLAKE_STAGE2_BANK16,A,0,F2,FORCED_ON,fit,cross_family_confirmation,EDIT_TARGET,320,False,macro,60,15,15,UNKNOWN,0.8666666666666667,52.0,60,15,,,0,0,0.8666666666666667,52.0,60,15,0.3,18.0,60,15,,,0,0,,,0,0,0.8666666666666667,34.0,42,15,1.0,42.0,42,15,1.0,60.0,60,15,0.8666666666666667,52.0,60,15,,,0,0,,,0,0,0.0,0.0,60,15,,,0,0,0.8666666666666667,52.0,60,15,,,0,0,,,0,0,,,0,0,,,0,0,,,0,0,,,0,0,1.0,60.0,60,15,,,0,0,,,0,0,,,0,0,0.0,0.0,60,15,,,0,0,,,0,0,,,0,0,,,0,0,,,0,0
FACT_SLAKE_STAGE2_BANK16,A,0,F2,FORCED_ON,fit,cross_family_confirmation,EDIT_TARGET,320,False,micro,60,15,15,UNKNOWN,0.8666666666666667,52.0,60,15,,,0,0,0.8666666666666667,52.0,60,15,0.3,18.0,60,15,,,0,0,,,0,0,0.8095238095238095,34.0,42,15,1.0,42.0,42,15,1.0,60.0,60,15,0.8666666666666667,52.0,60,15,,,0,0,,,0,0,0.0,0.0,60,15,,,0,0,0.8666666666666667,52.0,60,15,,,0,0,,,0,0,,,0,0,,,0,0,,,0,0,,,0,0,1.0,60.0,60,15,,,0,0,,,0,0,,,0,0,0.0,0.0,60,15,,,0,0,,,0,0,,,0,0,,,0,0,,,0,0
FACT_SLAKE_STAGE2_BANK16,A,0,F2,FORCED_ON,native,T0,EDIT_TARGET,320,False,macro,15,15,15,UNKNOWN,0.7333333333333333,11.0,15,15,0.7333333333333333,11.0,15,15,0.7333333333333333,11.0,15,15,0.0,0.0,15,15,,,0,0,,,0,0,0.7333333333333333,11.0,15,15,1.0,15.0,15,15,1.0,15.0,15,15,0.7333333333333333,11.0,15,15,,,0,0,,,0,0,0.0,0.0,15,15,,,0,0,0.7333333333333333,11.0,15,15,,,0,0,,,0,0,,,0,0,,,0,0,,,0,0,,,0,0,1.0,15.0,15,15,,,0,0,,,0,0,,,0,0,0.0,0.0,15,15,,,0,0,,,0,0,,,0,0,,,0,0,,,0,0
FACT_SLAKE_STAGE2_BANK16,A,0,F2,FORCED_ON,native,T0,EDIT_TARGET,320,False,micro,15,15,15,UNKNOWN,0.7333333333333333,11.0,15,15,0.7333333333333333,11.0,15,15,0.7333333333333333,11.0,15,15,0.0,0.0,15,15,,,0,0,,,0,0,0.7333333333333333,11.0,15,15,1.0,15.0,15,15,1.0,15.0,15,15,0.7333333333333333,11.0,15,15,,,0,0,,,0,0,0.0,0.0,15,15,,,0,0,0.7333333333333333,11.0,15,15,,,0,0,,,0,0,,,0,0,,,0,0,,,0,0,,,0,0,1.0,15.0,15,15,,,0,0,,,0,0,,,0,0,0.0,0.0,15,15,,,0,0,,,0,0,,,0,0,,,0,0,,,0,0
FACT_SLAKE_STAGE2_BANK16,A,0,F2,R0,challenge,same_answer_context_not_conflict,STRICT_BASE,320,False,macro,27,14,6,UNKNOWN,0.5833333333333334,15.0,27,14,,,0,0,0.5833333333333334,15.0,27,14,0.5833333333333334,15.0,27,14,0.0,0.0,15,10,1.0,15.0,15,10,0.0,0.0,12,8,0.0,0.0,12,8,0.0,0.0,27,14,0.0,0.0,27,14,0.0,0.0,27,14,0.0,0.0,15,10,1.0,27.0,27,14,,,0,0,0.7857142857142857,21.0,27,14,,,0,0,,,0,0,,,0,0,,,0,0,,,0,0,,,0,0,,,0,0,,,0,0,,,0,0,,,0,0,,,0,0,,,0,0,,,0,0,,,0,0,,,0,0,,,0,0
FACT_SLAKE_STAGE2_BANK16,A,0,F2,R0,challenge,same_answer_context_not_conflict,STRICT_BASE,320,False,micro,27,14,6,UNKNOWN,0.5555555555555556,15.0,27,14,,,0,0,0.5555555555555556,15.0,27,14,0.5555555555555556,15.0,27,14,0.0,0.0,15,10,1.0,15.0,15,10,0.0,0.0,12,8,0.0,0.0,12,8,0.0,0.0,27,14,0.0,0.0,27,14,0.0,0.0,27,14,0.0,0.0,15,10,1.0,27.0,27,14,,,0,0,0.7777777777777778,21.0,27,14,,,0,0,,,0,0,,,0,0,,,0,0,,,0,0,,,0,0,,,0,0,,,0,0,,,0,0,,,0,0,,,0,0,,,0,0,,,0,0,,,0,0,,,0,0,,,0,0
FACT_SLAKE_STAGE2_BANK16,A,0,F2,R0,evaluation,H,STRICT_BASE,320,False,macro,19,14,7,UNKNOWN,0.8214285714285714,15.0,19,14,,,0,0,0.8214285714285714,15.0,19,14,0.8214285714285714,15.0,19,14,0.0,0.0,15,13,1.0,15.0,15,13,0.0,0.0,4,4,0.0,0.0,4,4,0.0,0.0,19,14,0.0,0.0,19,14,0.0,0.0,19,14,0.0,0.0,15,13,1.0,19.0,19,14,,,0,0,0.42857142857142855,9.0,19,14,,,0,0,,,0,0,,,0,0,,,0,0,,,0,0,,,0,0,,,0,0,,,0,0,,,0,0,,,0,0,,,0,0,,,0,0,,,0,0,,,0,0,,,0,0,,,0,0
FACT_SLAKE_STAGE2_BANK16,A,0,F2,R0,evaluation,H,STRICT_BASE,320,False,micro,19,14,7,UNKNOWN,0.7894736842105263,15.0,19,14,,,0,0,0.7894736842105263,15.0,19,14,0.7894736842105263,15.0,19,14,0.0,0.0,15,13,1.0,15.0,15,13,0.0,0.0,4,4,0.0,0.0,4,4,0.0,0.0,19,14,0.0,0.0,19,14,0.0,0.0,19,14,0.0,0.0,15,13,1.0,19.0,19,14,,,0,0,0.47368421052631576,9.0,19,14,,,0,0,,,0,0,,,0,0,,,0,0,,,0,0,,,0,0,,,0,0,,,0,0,,,0,0,,,0,0,,,0,0,,,0,0,,,0,0,,,0,0,,,0,0,,,0,0
FACT_SLAKE_STAGE2_BANK16,A,0,F2,R0,evaluation,U,STRICT_BASE,320,False,macro,190,15,41,UNKNOWN,0.645909645909646,123.0,190,15,,,0,0,0.645909645909646,123.0,190,15,0.645909645909646,123.0,190,15,0.0,0.0,123,15,1.0,123.0,123,15,0.0,0.0,67,15,0.0,0.0,67,15,0.0,0.0,190,15,0.0,0.0,190,15,0.0,0.0,190,15,0.0,0.0,123,15,1.0,190.0,190,15,,,0,0,0.5236263736263737,100.0,190,15,,,0,0,,,0,0,,,0,0,,,0,0,,,0,0,,,0,0,,,0,0,,,0,0,,,0,0,,,0,0,,,0,0,,,0,0,,,0,0,,,0,0,,,0,0,,,0,0
FACT_SLAKE_STAGE2_BANK16,A,0,F2,R0,evaluation,U,STRICT_BASE,320,False,micro,190,15,41,UNKNOWN,0.6473684210526316,123.0,190,15,,,0,0,0.6473684210526316,123.0,190,15,0.6473684210526316,123.0,190,15,0.0,0.0,123,15,1.0,123.0,123,15,0.0,0.0,67,15,0.0,0.0,67,15,0.0,0.0,190,15,0.0,0.0,190,15,0.0,0.0,190,15,0.0,0.0,123,15,1.0,190.0,190,15,,,0,0,0.5263157894736842,100.0,190,15,,,0,0,,,0,0,,,0,0,,,0,0,,,0,0,,,0,0,,,0,0,,,0,0,,,0,0,,,0,0,,,0,0,,,0,0,,,0,0,,,0,0,,,0,0,,,0,0
FACT_SLAKE_STAGE2_BANK16,A,0,F2,R0,evaluation,cross_family_confirmation,EDIT_TARGET,320,False,macro,30,15,15,UNKNOWN,0.7666666666666667,23.0,30,15,,,0,0,0.7666666666666667,23.0,30,15,0.5333333333333333,16.0,30,15,,,0,0,,,0,0,0.4444444444444444,7.0,14,9,1.0,14.0,14,9,1.0,30.0,30,15,0.7666666666666667,23.0,30,15,,,0,0,,,0,0,0.0,0.0,30,15,,,0,0,0.7666666666666667,23.0,30,15,,,0,0,,,0,0,,,0,0,,,0,0,,,0,0,,,0,0,1.0,30.0,30,15,,,0,0,,,0,0,,,0,0,0.0,0.0,30,15,,,0,0,,,0,0,,,0,0,,,0,0,,,0,0
FACT_SLAKE_STAGE2_BANK16,A,0,F2,R0,evaluation,cross_family_confirmation,EDIT_TARGET,320,False,micro,30,15,15,UNKNOWN,0.7666666666666667,23.0,30,15,,,0,0,0.7666666666666667,23.0,30,15,0.5333333333333333,16.0,30,15,,,0,0,,,0,0,0.5,7.0,14,9,1.0,14.0,14,9,1.0,30.0,30,15,0.7666666666666667,23.0,30,15,,,0,0,,,0,0,0.0,0.0,30,15,,,0,0,0.7666666666666667,23.0,30,15,,,0,0,,,0,0,,,0,0,,,0,0,,,0,0,,,0,0,1.0,30.0,30,15,,,0,0,,,0,0,,,0,0,0.0,0.0,30,15,,,0,0,,,0,0,,,0,0,,,0,0,,,0,0
FACT_SLAKE_STAGE2_BANK16,A,0,F2,R0,evaluation,source_style_confirmation,EDIT_TARGET,320,False,macro,30,15,15,UNKNOWN,1.0,30.0,30,15,,,0,0,1.0,30.0,30,15,0.6333333333333333,19.0,30,15,,,0,0,,,0,0,1.0,11.0,11,6,1.0,11.0,11,6,1.0,30.0,30,15,1.0,30.0,30,15,,,0,0,,,0,0,0.0,0.0,30,15,,,0,0,1.0,30.0,30,15,,,0,0,,,0,0,,,0,0,,,0,0,,,0,0,,,0,0,1.0,30.0,30,15,,,0,0,,,0,0,,,0,0,0.0,0.0,30,15,,,0,0,,,0,0,,,0,0,,,0,0,,,0,0
FACT_SLAKE_STAGE2_BANK16,A,0,F2,R0,evaluation,source_style_confirmation,EDIT_TARGET,320,False,micro,30,15,15,UNKNOWN,1.0,30.0,30,15,,,0,0,1.0,30.0,30,15,0.6333333333333333,19.0,30,15,,,0,0,,,0,0,1.0,11.0,11,6,1.0,11.0,11,6,1.0,30.0,30,15,1.0,30.0,30,15,,,0,0,,,0,0,0.0,0.0,30,15,,,0,0,1.0,30.0,30,15,,,0,0,,,0,0,,,0,0,,,0,0,,,0,0,,,0,0,1.0,30.0,30,15,,,0,0,,,0,0,,,0,0,0.0,0.0,30,15,,,0,0,,,0,0,,,0,0,,,0,0,,,0,0
FACT_SLAKE_STAGE2_BANK16,A,0,F2,R0,fit,H,STRICT_BASE,320,False,macro,27,15,9,UNKNOWN,0.9777777777777777,26.0,27,15,,,0,0,0.9777777777777777,26.0,27,15,0.9777777777777777,26.0,27,15,0.0,0.0,26,15,1.0,26.0,26,15,0.0,0.0,1,1,0.0,0.0,1,1,0.0,0.0,27,15,0.0,0.0,27,15,0.0,0.0,27,15,0.0,0.0,26,15,1.0,27.0,27,15,,,0,0,0.7333333333333333,21.0,27,15,,,0,0,,,0,0,,,0,0,,,0,0,,,0,0,,,0,0,,,0,0,,,0,0,,,0,0,,,0,0,,,0,0,,,0,0,,,0,0,,,0,0,,,0,0,,,0,0
FACT_SLAKE_STAGE2_BANK16,A,0,F2,R0,fit,H,STRICT_BASE,320,False,micro,27,15,9,UNKNOWN,0.9629629629629629,26.0,27,15,,,0,0,0.9629629629629629,26.0,27,15,0.9629629629629629,26.0,27,15,0.0,0.0,26,15,1.0,26.0,26,15,0.0,0.0,1,1,0.0,0.0,1,1,0.0,0.0,27,15,0.0,0.0,27,15,0.0,0.0,27,15,0.0,0.0,26,15,1.0,27.0,27,15,,,0,0,0.7777777777777778,21.0,27,15,,,0,0,,,0,0,,,0,0,,,0,0,,,0,0,,,0,0,,,0,0,,,0,0,,,0,0,,,0,0,,,0,0,,,0,0,,,0,0,,,0,0,,,0,0,,,0,0
FACT_SLAKE_STAGE2_BANK16,A,0,F2,R0,fit,U,STRICT_BASE,320,False,macro,204,15,43,UNKNOWN,0.5835164835164836,119.0,204,15,,,0,0,0.5835164835164836,119.0,204,15,0.5835164835164836,119.0,204,15,0.0,0.0,119,15,1.0,119.0,119,15,0.0,0.0,85,15,0.0,0.0,85,15,0.0,0.0,204,15,0.0,0.0,204,15,0.0,0.0,204,15,0.0,0.0,119,15,1.0,204.0,204,15,,,0,0,0.4249084249084249,87.0,204,15,,,0,0,,,0,0,,,0,0,,,0,0,,,0,0,,,0,0,,,0,0,,,0,0,,,0,0,,,0,0,,,0,0,,,0,0,,,0,0,,,0,0,,,0,0,,,0,0
FACT_SLAKE_STAGE2_BANK16,A,0,F2,R0,fit,U,STRICT_BASE,320,False,micro,204,15,43,UNKNOWN,0.5833333333333334,119.0,204,15,,,0,0,0.5833333333333334,119.0,204,15,0.5833333333333334,119.0,204,15,0.0,0.0,119,15,1.0,119.0,119,15,0.0,0.0,85,15,0.0,0.0,85,15,0.0,0.0,204,15,0.0,0.0,204,15,0.0,0.0,204,15,0.0,0.0,119,15,1.0,204.0,204,15,,,0,0,0.4264705882352941,87.0,204,15,,,0,0,,,0,0,,,0,0,,,0,0,,,0,0,,,0,0,,,0,0,,,0,0,,,0,0,,,0,0,,,0,0,,,0,0,,,0,0,,,0,0,,,0,0,,,0,0
FACT_SLAKE_STAGE2_BANK16,A,0,F2,R0,fit,cross_family_confirmation,EDIT_TARGET,320,False,macro,60,15,15,UNKNOWN,0.8666666666666667,52.0,60,15,,,0,0,0.8666666666666667,52.0,60,15,0.3,18.0,60,15,,,0,0,,,0,0,0.8666666666666667,34.0,42,15,1.0,42.0,42,15,1.0,60.0,60,15,0.8666666666666667,52.0,60,15,,,0,0,,,0,0,0.0,0.0,60,15,,,0,0,0.8666666666666667,52.0,60,15,,,0,0,,,0,0,,,0,0,,,0,0,,,0,0,,,0,0,1.0,60.0,60,15,,,0,0,,,0,0,,,0,0,0.0,0.0,60,15,,,0,0,,,0,0,,,0,0,,,0,0,,,0,0
FACT_SLAKE_STAGE2_BANK16,A,0,F2,R0,fit,cross_family_confirmation,EDIT_TARGET,320,False,micro,60,15,15,UNKNOWN,0.8666666666666667,52.0,60,15,,,0,0,0.8666666666666667,52.0,60,15,0.3,18.0,60,15,,,0,0,,,0,0,0.8095238095238095,34.0,42,15,1.0,42.0,42,15,1.0,60.0,60,15,0.8666666666666667,52.0,60,15,,,0,0,,,0,0,0.0,0.0,60,15,,,0,0,0.8666666666666667,52.0,60,15,,,0,0,,,0,0,,,0,0,,,0,0,,,0,0,,,0,0,1.0,60.0,60,15,,,0,0,,,0,0,,,0,0,0.0,0.0,60,15,,,0,0,,,0,0,,,0,0,,,0,0,,,0,0
FACT_SLAKE_STAGE2_BANK16,A,0,F2,R0,native,T0,EDIT_TARGET,320,False,macro,15,15,15,UNKNOWN,0.7333333333333333,11.0,15,15,0.7333333333333333,11.0,15,15,0.7333333333333333,11.0,15,15,0.0,0.0,15,15,,,0,0,,,0,0,0.7333333333333333,11.0,15,15,1.0,15.0,15,15,1.0,15.0,15,15,0.7333333333333333,11.0,15,15,,,0,0,,,0,0,0.0,0.0,15,15,,,0,0,0.7333333333333333,11.0,15,15,,,0,0,,,0,0,,,0,0,,,0,0,,,0,0,,,0,0,1.0,15.0,15,15,,,0,0,,,0,0,,,0,0,0.0,0.0,15,15,,,0,0,,,0,0,,,0,0,,,0,0,,,0,0
FACT_SLAKE_STAGE2_BANK16,A,0,F2,R0,native,T0,EDIT_TARGET,320,False,micro,15,15,15,UNKNOWN,0.7333333333333333,11.0,15,15,0.7333333333333333,11.0,15,15,0.7333333333333333,11.0,15,15,0.0,0.0,15,15,,,0,0,,,0,0,0.7333333333333333,11.0,15,15,1.0,15.0,15,15,1.0,15.0,15,15,0.7333333333333333,11.0,15,15,,,0,0,,,0,0,0.0,0.0,15,15,,,0,0,0.7333333333333333,11.0,15,15,,,0,0,,,0,0,,,0,0,,,0,0,,,0,0,,,0,0,1.0,15.0,15,15,,,0,0,,,0,0,,,0,0,0.0,0.0,15,15,,,0,0,,,0,0,,,0,0,,,0,0,,,0,0
FACT_SLAKE_STAGE2_BANK16,A,0,HISTORICAL_W1,FORCED_ON,challenge,same_answer_context_not_conflict,STRICT_BASE,320,False,macro,27,14,6,UNKNOWN,1.0,27.0,27,14,,,0,0,1.0,27.0,27,14,0.5833333333333334,15.0,27,14,0.0,0.0,15,10,1.0,15.0,15,10,1.0,12.0,12,8,1.0,12.0,12,8,1.0,27.0,27,14,1.0,27.0,27,14,1.0,27.0,27,14,0.0,0.0,15,10,0.0,0.0,27,14,0.20899934838747694,6.853040371090174,27,14,1.0,27.0,27,14,,,0,0,,,0,0,,,0,0,,,0,0,,,0,0,,,0,0,1.0,27.0,27,14,,,0,0,0.0,0.0,15,10,0.0,0.0,27,14,,,0,0,,,0,0,,,0,0,,,0,0,,,0,0,,,0,0
FACT_SLAKE_STAGE2_BANK16,A,0,HISTORICAL_W1,FORCED_ON,challenge,same_answer_context_not_conflict,STRICT_BASE,320,False,micro,27,14,6,UNKNOWN,1.0,27.0,27,14,,,0,0,1.0,27.0,27,14,0.5555555555555556,15.0,27,14,0.0,0.0,15,10,1.0,15.0,15,10,1.0,12.0,12,8,1.0,12.0,12,8,1.0,27.0,27,14,1.0,27.0,27,14,1.0,27.0,27,14,0.0,0.0,15,10,0.0,0.0,27,14,0.2538163100403768,6.853040371090174,27,14,1.0,27.0,27,14,,,0,0,,,0,0,,,0,0,,,0,0,,,0,0,,,0,0,1.0,27.0,27,14,,,0,0,0.0,0.0,15,10,0.0,0.0,27,14,,,0,0,,,0,0,,,0,0,,,0,0,,,0,0,,,0,0
FACT_SLAKE_STAGE2_BANK16,A,0,HISTORICAL_W1,FORCED_ON,evaluation,H,STRICT_BASE,320,False,macro,19,14,7,UNKNOWN,0.32142857142857145,8.0,19,14,,,0,0,0.32142857142857145,8.0,19,14,0.8214285714285714,15.0,19,14,0.5384615384615384,7.0,15,13,0.46153846153846156,8.0,15,13,0.0,0.0,4,4,0.75,3.0,4,4,1.0,19.0,19,14,0.32142857142857145,8.0,19,14,1.0,19.0,19,14,0.5384615384615384,7.0,15,13,0.14285714285714285,4.0,19,14,0.07917618171112346,1.143017643596977,19,14,0.32142857142857145,8.0,19,14,,,0,0,,,0,0,,,0,0,,,0,0,,,0,0,,,0,0,1.0,19.0,19,14,,,0,0,0.5384615384615384,7.0,15,13,0.6785714285714286,11.0,19,14,,,0,0,,,0,0,,,0,0,,,0,0,,,0,0,,,0,0
FACT_SLAKE_STAGE2_BANK16,A,0,HISTORICAL_W1,FORCED_ON,evaluation,H,STRICT_BASE,320,False,micro,19,14,7,UNKNOWN,0.42105263157894735,8.0,19,14,,,0,0,0.42105263157894735,8.0,19,14,0.7894736842105263,15.0,19,14,0.4666666666666667,7.0,15,13,0.5333333333333333,8.0,15,13,0.0,0.0,4,4,0.75,3.0,4,4,1.0,19.0,19,14,0.42105263157894735,8.0,19,14,1.0,19.0,19,14,0.4666666666666667,7.0,15,13,0.21052631578947367,4.0,19,14,0.06015882334720932,1.143017643596977,19,14,0.42105263157894735,8.0,19,14,,,0,0,,,0,0,,,0,0,,,0,0,,,0,0,,,0,0,1.0,19.0,19,14,,,0,0,0.4666666666666667,7.0,15,13,0.5789473684210527,11.0,19,14,,,0,0,,,0,0,,,0,0,,,0,0,,,0,0,,,0,0
FACT_SLAKE_STAGE2_BANK16,A,0,HISTORICAL_W1,FORCED_ON,evaluation,U,STRICT_BASE,320,False,macro,190,15,41,UNKNOWN,0.5997557997557997,114.0,190,15,,,0,0,0.5997557997557997,114.0,190,15,0.645909645909646,123.0,190,15,0.13659451659451657,18.0,123,15,0.8634054834054834,105.0,123,15,0.11984126984126983,9.0,67,15,0.33111111111111113,24.0,67,15,1.0,190.0,190,15,0.5997557997557997,114.0,190,15,1.0,190.0,190,15,0.13659451659451657,18.0,123,15,0.6683760683760683,127.0,190,15,0.012121014316219175,2.3099694011325482,190,15,0.5997557997557997,114.0,190,15,,,0,0,,,0,0,,,0,0,,,0,0,,,0,0,,,0,0,1.0,190.0,190,15,,,0,0,0.13659451659451657,18.0,123,15,0.40024420024420027,76.0,190,15,,,0,0,,,0,0,,,0,0,,,0,0,,,0,0,,,0,0
FACT_SLAKE_STAGE2_BANK16,A,0,HISTORICAL_W1,FORCED_ON,evaluation,U,STRICT_BASE,320,False,micro,190,15,41,UNKNOWN,0.6,114.0,190,15,,,0,0,0.6,114.0,190,15,0.6473684210526316,123.0,190,15,0.14634146341463414,18.0,123,15,0.8536585365853658,105.0,123,15,0.13432835820895522,9.0,67,15,0.3582089552238806,24.0,67,15,1.0,190.0,190,15,0.6,114.0,190,15,1.0,190.0,190,15,0.14634146341463414,18.0,123,15,0.6684210526315789,127.0,190,15,0.012157733690171306,2.3099694011325482,190,15,0.6,114.0,190,15,,,0,0,,,0,0,,,0,0,,,0,0,,,0,0,,,0,0,1.0,190.0,190,15,,,0,0,0.14634146341463414,18.0,123,15,0.4,76.0,190,15,,,0,0,,,0,0,,,0,0,,,0,0,,,0,0,,,0,0
FACT_SLAKE_STAGE2_BANK16,A,0,HISTORICAL_W1,FORCED_ON,evaluation,cross_family_confirmation,EDIT_TARGET,320,False,macro,30,15,15,UNKNOWN,1.0,30.0,30,15,,,0,0,1.0,30.0,30,15,0.5333333333333333,16.0,30,15,,,0,0,,,0,0,1.0,14.0,14,9,1.0,14.0,14,9,1.0,30.0,30,15,1.0,30.0,30,15,,,0,0,,,0,0,0.0,0.0,30,15,,,0,0,1.0,30.0,30,15,,,0,0,,,0,0,,,0,0,,,0,0,,,0,0,,,0,0,1.0,30.0,30,15,,,0,0,,,0,0,,,0,0,0.0,0.0,30,15,,,0,0,,,0,0,,,0,0,,,0,0,,,0,0
FACT_SLAKE_STAGE2_BANK16,A,0,HISTORICAL_W1,FORCED_ON,evaluation,cross_family_confirmation,EDIT_TARGET,320,False,micro,30,15,15,UNKNOWN,1.0,30.0,30,15,,,0,0,1.0,30.0,30,15,0.5333333333333333,16.0,30,15,,,0,0,,,0,0,1.0,14.0,14,9,1.0,14.0,14,9,1.0,30.0,30,15,1.0,30.0,30,15,,,0,0,,,0,0,0.0,0.0,30,15,,,0,0,1.0,30.0,30,15,,,0,0,,,0,0,,,0,0,,,0,0,,,0,0,,,0,0,1.0,30.0,30,15,,,0,0,,,0,0,,,0,0,0.0,0.0,30,15,,,0,0,,,0,0,,,0,0,,,0,0,,,0,0
FACT_SLAKE_STAGE2_BANK16,A,0,HISTORICAL_W1,FORCED_ON,evaluation,source_style_confirmation,EDIT_TARGET,320,False,macro,30,15,15,UNKNOWN,1.0,30.0,30,15,,,0,0,1.0,30.0,30,15,0.6333333333333333,19.0,30,15,,,0,0,,,0,0,1.0,11.0,11,6,1.0,11.0,11,6,1.0,30.0,30,15,1.0,30.0,30,15,,,0,0,,,0,0,0.0,0.0,30,15,,,0,0,1.0,30.0,30,15,,,0,0,,,0,0,,,0,0,,,0,0,,,0,0,,,0,0,1.0,30.0,30,15,,,0,0,,,0,0,,,0,0,0.0,0.0,30,15,,,0,0,,,0,0,,,0,0,,,0,0,,,0,0
FACT_SLAKE_STAGE2_BANK16,A,0,HISTORICAL_W1,FORCED_ON,evaluation,source_style_confirmation,EDIT_TARGET,320,False,micro,30,15,15,UNKNOWN,1.0,30.0,30,15,,,0,0,1.0,30.0,30,15,0.6333333333333333,19.0,30,15,,,0,0,,,0,0,1.0,11.0,11,6,1.0,11.0,11,6,1.0,30.0,30,15,1.0,30.0,30,15,,,0,0,,,0,0,0.0,0.0,30,15,,,0,0,1.0,30.0,30,15,,,0,0,,,0,0,,,0,0,,,0,0,,,0,0,,,0,0,1.0,30.0,30,15,,,0,0,,,0,0,,,0,0,0.0,0.0,30,15,,,0,0,,,0,0,,,0,0,,,0,0,,,0,0
FACT_SLAKE_STAGE2_BANK16,A,0,HISTORICAL_W1,FORCED_ON,fit,H,STRICT_BASE,320,False,macro,27,15,9,UNKNOWN,0.4111111111111111,16.0,27,15,,,0,0,0.4111111111111111,16.0,27,15,0.9777777777777777,26.0,27,15,0.5666666666666667,10.0,26,15,0.43333333333333335,16.0,26,15,0.0,0.0,1,1,1.0,1.0,1,1,1.0,27.0,27,15,0.4111111111111111,16.0,27,15,1.0,27.0,27,15,0.5666666666666667,10.0,26,15,0.25555555555555554,9.0,27,15,0.04667546429360906,0.905775077175349,27,15,0.4111111111111111,16.0,27,15,,,0,0,,,0,0,,,0,0,,,0,0,,,0,0,,,0,0,1.0,27.0,27,15,,,0,0,0.5666666666666667,10.0,26,15,0.5888888888888889,11.0,27,15,,,0,0,,,0,0,,,0,0,,,0,0,,,0,0,,,0,0
FACT_SLAKE_STAGE2_BANK16,A,0,HISTORICAL_W1,FORCED_ON,fit,H,STRICT_BASE,320,False,micro,27,15,9,UNKNOWN,0.5925925925925926,16.0,27,15,,,0,0,0.5925925925925926,16.0,27,15,0.9629629629629629,26.0,27,15,0.38461538461538464,10.0,26,15,0.6153846153846154,16.0,26,15,0.0,0.0,1,1,1.0,1.0,1,1,1.0,27.0,27,15,0.5925925925925926,16.0,27,15,1.0,27.0,27,15,0.38461538461538464,10.0,26,15,0.3333333333333333,9.0,27,15,0.03354722508056848,0.905775077175349,27,15,0.5925925925925926,16.0,27,15,,,0,0,,,0,0,,,0,0,,,0,0,,,0,0,,,0,0,1.0,27.0,27,15,,,0,0,0.38461538461538464,10.0,26,15,0.4074074074074074,11.0,27,15,,,0,0,,,0,0,,,0,0,,,0,0,,,0,0,,,0,0
FACT_SLAKE_STAGE2_BANK16,A,0,HISTORICAL_W1,FORCED_ON,fit,U,STRICT_BASE,320,False,macro,204,15,43,UNKNOWN,0.5065934065934066,103.0,204,15,,,0,0,0.5065934065934066,103.0,204,15,0.5835164835164836,119.0,204,15,0.15904761904761905,21.0,119,15,0.8409523809523809,98.0,119,15,0.048412698412698414,5.0,85,15,0.18341269841269842,17.0,85,15,1.0,204.0,204,15,0.5065934065934066,103.0,204,15,1.0,204.0,204,15,0.15904761904761905,21.0,119,15,0.7549450549450549,154.0,204,15,0.0072771715463534415,1.496794023885741,204,15,0.5065934065934066,103.0,204,15,,,0,0,,,0,0,,,0,0,,,0,0,,,0,0,,,0,0,1.0,204.0,204,15,,,0,0,0.15904761904761905,21.0,119,15,0.49340659340659343,101.0,204,15,,,0,0,,,0,0,,,0,0,,,0,0,,,0,0,,,0,0
FACT_SLAKE_STAGE2_BANK16,A,0,HISTORICAL_W1,FORCED_ON,fit,U,STRICT_BASE,320,False,micro,204,15,43,UNKNOWN,0.5049019607843137,103.0,204,15,,,0,0,0.5049019607843137,103.0,204,15,0.5833333333333334,119.0,204,15,0.17647058823529413,21.0,119,15,0.8235294117647058,98.0,119,15,0.058823529411764705,5.0,85,15,0.2,17.0,85,15,1.0,204.0,204,15,0.5049019607843137,103.0,204,15,1.0,204.0,204,15,0.17647058823529413,21.0,119,15,0.7549019607843137,154.0,204,15,0.0073372256072830435,1.496794023885741,204,15,0.5049019607843137,103.0,204,15,,,0,0,,,0,0,,,0,0,,,0,0,,,0,0,,,0,0,1.0,204.0,204,15,,,0,0,0.17647058823529413,21.0,119,15,0.4950980392156863,101.0,204,15,,,0,0,,,0,0,,,0,0,,,0,0,,,0,0,,,0,0
FACT_SLAKE_STAGE2_BANK16,A,0,HISTORICAL_W1,FORCED_ON,fit,cross_family_confirmation,EDIT_TARGET,320,False,macro,60,15,15,UNKNOWN,1.0,60.0,60,15,,,0,0,1.0,60.0,60,15,0.3,18.0,60,15,,,0,0,,,0,0,1.0,42.0,42,15,1.0,42.0,42,15,1.0,60.0,60,15,1.0,60.0,60,15,,,0,0,,,0,0,0.0,0.0,60,15,,,0,0,1.0,60.0,60,15,,,0,0,,,0,0,,,0,0,,,0,0,,,0,0,,,0,0,1.0,60.0,60,15,,,0,0,,,0,0,,,0,0,0.0,0.0,60,15,,,0,0,,,0,0,,,0,0,,,0,0,,,0,0
FACT_SLAKE_STAGE2_BANK16,A,0,HISTORICAL_W1,FORCED_ON,fit,cross_family_confirmation,EDIT_TARGET,320,False,micro,60,15,15,UNKNOWN,1.0,60.0,60,15,,,0,0,1.0,60.0,60,15,0.3,18.0,60,15,,,0,0,,,0,0,1.0,42.0,42,15,1.0,42.0,42,15,1.0,60.0,60,15,1.0,60.0,60,15,,,0,0,,,0,0,0.0,0.0,60,15,,,0,0,1.0,60.0,60,15,,,0,0,,,0,0,,,0,0,,,0,0,,,0,0,,,0,0,1.0,60.0,60,15,,,0,0,,,0,0,,,0,0,0.0,0.0,60,15,,,0,0,,,0,0,,,0,0,,,0,0,,,0,0
FACT_SLAKE_STAGE2_BANK16,A,0,HISTORICAL_W1,FORCED_ON,native,T0,EDIT_TARGET,320,False,macro,15,15,15,UNKNOWN,1.0,15.0,15,15,1.0,15.0,15,15,1.0,15.0,15,15,0.0,0.0,15,15,,,0,0,,,0,0,1.0,15.0,15,15,1.0,15.0,15,15,1.0,15.0,15,15,1.0,15.0,15,15,,,0,0,,,0,0,0.0,0.0,15,15,,,0,0,1.0,15.0,15,15,,,0,0,,,0,0,,,0,0,,,0,0,,,0,0,,,0,0,1.0,15.0,15,15,,,0,0,,,0,0,,,0,0,0.0,0.0,15,15,,,0,0,,,0,0,,,0,0,,,0,0,,,0,0
FACT_SLAKE_STAGE2_BANK16,A,0,HISTORICAL_W1,FORCED_ON,native,T0,EDIT_TARGET,320,False,micro,15,15,15,UNKNOWN,1.0,15.0,15,15,1.0,15.0,15,15,1.0,15.0,15,15,0.0,0.0,15,15,,,0,0,,,0,0,1.0,15.0,15,15,1.0,15.0,15,15,1.0,15.0,15,15,1.0,15.0,15,15,,,0,0,,,0,0,0.0,0.0,15,15,,,0,0,1.0,15.0,15,15,,,0,0,,,0,0,,,0,0,,,0,0,,,0,0,,,0,0,1.0,15.0,15,15,,,0,0,,,0,0,,,0,0,0.0,0.0,15,15,,,0,0,,,0,0,,,0,0,,,0,0,,,0,0
FACT_SLAKE_STAGE2_BANK16,A,0,HISTORICAL_W1,R0,challenge,same_answer_context_not_conflict,STRICT_BASE,320,False,macro,27,14,6,UNKNOWN,0.5833333333333334,15.0,27,14,,,0,0,0.5833333333333334,15.0,27,14,0.5833333333333334,15.0,27,14,0.0,0.0,15,10,1.0,15.0,15,10,0.0,0.0,12,8,0.0,0.0,12,8,0.0,0.0,27,14,0.0,0.0,27,14,0.0,0.0,27,14,0.0,0.0,15,10,1.0,27.0,27,14,0.0,0.0,27,14,1.0,27.0,27,14,,,0,0,,,0,0,,,0,0,,,0,0,,,0,0,,,0,0,,,0,0,,,0,0,,,0,0,,,0,0,,,0,0,,,0,0,,,0,0,,,0,0,,,0,0,,,0,0
FACT_SLAKE_STAGE2_BANK16,A,0,HISTORICAL_W1,R0,challenge,same_answer_context_not_conflict,STRICT_BASE,320,False,micro,27,14,6,UNKNOWN,0.5555555555555556,15.0,27,14,,,0,0,0.5555555555555556,15.0,27,14,0.5555555555555556,15.0,27,14,0.0,0.0,15,10,1.0,15.0,15,10,0.0,0.0,12,8,0.0,0.0,12,8,0.0,0.0,27,14,0.0,0.0,27,14,0.0,0.0,27,14,0.0,0.0,15,10,1.0,27.0,27,14,0.0,0.0,27,14,1.0,27.0,27,14,,,0,0,,,0,0,,,0,0,,,0,0,,,0,0,,,0,0,,,0,0,,,0,0,,,0,0,,,0,0,,,0,0,,,0,0,,,0,0,,,0,0,,,0,0,,,0,0
FACT_SLAKE_STAGE2_BANK16,A,0,HISTORICAL_W1,R0,evaluation,H,STRICT_BASE,320,False,macro,19,14,7,UNKNOWN,0.8214285714285714,15.0,19,14,,,0,0,0.8214285714285714,15.0,19,14,0.8214285714285714,15.0,19,14,0.0,0.0,15,13,1.0,15.0,15,13,0.0,0.0,4,4,0.0,0.0,4,4,0.0,0.0,19,14,0.0,0.0,19,14,0.0,0.0,19,14,0.0,0.0,15,13,1.0,19.0,19,14,0.0,0.0,19,14,0.32142857142857145,8.0,19,14,,,0,0,,,0,0,,,0,0,,,0,0,,,0,0,,,0,0,,,0,0,,,0,0,,,0,0,,,0,0,,,0,0,,,0,0,,,0,0,,,0,0,,,0,0,,,0,0
FACT_SLAKE_STAGE2_BANK16,A,0,HISTORICAL_W1,R0,evaluation,H,STRICT_BASE,320,False,micro,19,14,7,UNKNOWN,0.7894736842105263,15.0,19,14,,,0,0,0.7894736842105263,15.0,19,14,0.7894736842105263,15.0,19,14,0.0,0.0,15,13,1.0,15.0,15,13,0.0,0.0,4,4,0.0,0.0,4,4,0.0,0.0,19,14,0.0,0.0,19,14,0.0,0.0,19,14,0.0,0.0,15,13,1.0,19.0,19,14,0.0,0.0,19,14,0.42105263157894735,8.0,19,14,,,0,0,,,0,0,,,0,0,,,0,0,,,0,0,,,0,0,,,0,0,,,0,0,,,0,0,,,0,0,,,0,0,,,0,0,,,0,0,,,0,0,,,0,0,,,0,0
FACT_SLAKE_STAGE2_BANK16,A,0,HISTORICAL_W1,R0,evaluation,U,STRICT_BASE,320,False,macro,190,15,41,UNKNOWN,0.645909645909646,123.0,190,15,,,0,0,0.645909645909646,123.0,190,15,0.645909645909646,123.0,190,15,0.0,0.0,123,15,1.0,123.0,123,15,0.0,0.0,67,15,0.0,0.0,67,15,0.0,0.0,190,15,0.0,0.0,190,15,0.0,0.0,190,15,0.0,0.0,123,15,1.0,190.0,190,15,0.0,0.0,190,15,0.5997557997557997,114.0,190,15,,,0,0,,,0,0,,,0,0,,,0,0,,,0,0,,,0,0,,,0,0,,,0,0,,,0,0,,,0,0,,,0,0,,,0,0,,,0,0,,,0,0,,,0,0,,,0,0
FACT_SLAKE_STAGE2_BANK16,A,0,HISTORICAL_W1,R0,evaluation,U,STRICT_BASE,320,False,micro,190,15,41,UNKNOWN,0.6473684210526316,123.0,190,15,,,0,0,0.6473684210526316,123.0,190,15,0.6473684210526316,123.0,190,15,0.0,0.0,123,15,1.0,123.0,123,15,0.0,0.0,67,15,0.0,0.0,67,15,0.0,0.0,190,15,0.0,0.0,190,15,0.0,0.0,190,15,0.0,0.0,123,15,1.0,190.0,190,15,0.0,0.0,190,15,0.6,114.0,190,15,,,0,0,,,0,0,,,0,0,,,0,0,,,0,0,,,0,0,,,0,0,,,0,0,,,0,0,,,0,0,,,0,0,,,0,0,,,0,0,,,0,0,,,0,0,,,0,0
FACT_SLAKE_STAGE2_BANK16,A,0,HISTORICAL_W1,R0,evaluation,cross_family_confirmation,EDIT_TARGET,320,False,macro,30,15,15,UNKNOWN,1.0,30.0,30,15,,,0,0,1.0,30.0,30,15,0.5333333333333333,16.0,30,15,,,0,0,,,0,0,1.0,14.0,14,9,1.0,14.0,14,9,1.0,30.0,30,15,1.0,30.0,30,15,,,0,0,,,0,0,0.0,0.0,30,15,,,0,0,1.0,30.0,30,15,,,0,0,,,0,0,,,0,0,,,0,0,,,0,0,,,0,0,1.0,30.0,30,15,,,0,0,,,0,0,,,0,0,0.0,0.0,30,15,,,0,0,,,0,0,,,0,0,,,0,0,,,0,0
FACT_SLAKE_STAGE2_BANK16,A,0,HISTORICAL_W1,R0,evaluation,cross_family_confirmation,EDIT_TARGET,320,False,micro,30,15,15,UNKNOWN,1.0,30.0,30,15,,,0,0,1.0,30.0,30,15,0.5333333333333333,16.0,30,15,,,0,0,,,0,0,1.0,14.0,14,9,1.0,14.0,14,9,1.0,30.0,30,15,1.0,30.0,30,15,,,0,0,,,0,0,0.0,0.0,30,15,,,0,0,1.0,30.0,30,15,,,0,0,,,0,0,,,0,0,,,0,0,,,0,0,,,0,0,1.0,30.0,30,15,,,0,0,,,0,0,,,0,0,0.0,0.0,30,15,,,0,0,,,0,0,,,0,0,,,0,0,,,0,0
FACT_SLAKE_STAGE2_BANK16,A,0,HISTORICAL_W1,R0,evaluation,source_style_confirmation,EDIT_TARGET,320,False,macro,30,15,15,UNKNOWN,1.0,30.0,30,15,,,0,0,1.0,30.0,30,15,0.6333333333333333,19.0,30,15,,,0,0,,,0,0,1.0,11.0,11,6,1.0,11.0,11,6,1.0,30.0,30,15,1.0,30.0,30,15,,,0,0,,,0,0,0.0,0.0,30,15,,,0,0,1.0,30.0,30,15,,,0,0,,,0,0,,,0,0,,,0,0,,,0,0,,,0,0,1.0,30.0,30,15,,,0,0,,,0,0,,,0,0,0.0,0.0,30,15,,,0,0,,,0,0,,,0,0,,,0,0,,,0,0
FACT_SLAKE_STAGE2_BANK16,A,0,HISTORICAL_W1,R0,evaluation,source_style_confirmation,EDIT_TARGET,320,False,micro,30,15,15,UNKNOWN,1.0,30.0,30,15,,,0,0,1.0,30.0,30,15,0.6333333333333333,19.0,30,15,,,0,0,,,0,0,1.0,11.0,11,6,1.0,11.0,11,6,1.0,30.0,30,15,1.0,30.0,30,15,,,0,0,,,0,0,0.0,0.0,30,15,,,0,0,1.0,30.0,30,15,,,0,0,,,0,0,,,0,0,,,0,0,,,0,0,,,0,0,1.0,30.0,30,15,,,0,0,,,0,0,,,0,0,0.0,0.0,30,15,,,0,0,,,0,0,,,0,0,,,0,0,,,0,0
FACT_SLAKE_STAGE2_BANK16,A,0,HISTORICAL_W1,R0,fit,H,STRICT_BASE,320,False,macro,27,15,9,UNKNOWN,0.9777777777777777,26.0,27,15,,,0,0,0.9777777777777777,26.0,27,15,0.9777777777777777,26.0,27,15,0.0,0.0,26,15,1.0,26.0,26,15,0.0,0.0,1,1,0.0,0.0,1,1,0.0,0.0,27,15,0.0,0.0,27,15,0.0,0.0,27,15,0.0,0.0,26,15,1.0,27.0,27,15,0.0,0.0,27,15,0.4111111111111111,16.0,27,15,,,0,0,,,0,0,,,0,0,,,0,0,,,0,0,,,0,0,,,0,0,,,0,0,,,0,0,,,0,0,,,0,0,,,0,0,,,0,0,,,0,0,,,0,0,,,0,0
FACT_SLAKE_STAGE2_BANK16,A,0,HISTORICAL_W1,R0,fit,H,STRICT_BASE,320,False,micro,27,15,9,UNKNOWN,0.9629629629629629,26.0,27,15,,,0,0,0.9629629629629629,26.0,27,15,0.9629629629629629,26.0,27,15,0.0,0.0,26,15,1.0,26.0,26,15,0.0,0.0,1,1,0.0,0.0,1,1,0.0,0.0,27,15,0.0,0.0,27,15,0.0,0.0,27,15,0.0,0.0,26,15,1.0,27.0,27,15,0.0,0.0,27,15,0.5925925925925926,16.0,27,15,,,0,0,,,0,0,,,0,0,,,0,0,,,0,0,,,0,0,,,0,0,,,0,0,,,0,0,,,0,0,,,0,0,,,0,0,,,0,0,,,0,0,,,0,0,,,0,0
FACT_SLAKE_STAGE2_BANK16,A,0,HISTORICAL_W1,R0,fit,U,STRICT_BASE,320,False,macro,204,15,43,UNKNOWN,0.5835164835164836,119.0,204,15,,,0,0,0.5835164835164836,119.0,204,15,0.5835164835164836,119.0,204,15,0.0,0.0,119,15,1.0,119.0,119,15,0.0,0.0,85,15,0.0,0.0,85,15,0.0,0.0,204,15,0.0,0.0,204,15,0.0,0.0,204,15,0.0,0.0,119,15,1.0,204.0,204,15,0.0,0.0,204,15,0.5065934065934066,103.0,204,15,,,0,0,,,0,0,,,0,0,,,0,0,,,0,0,,,0,0,,,0,0,,,0,0,,,0,0,,,0,0,,,0,0,,,0,0,,,0,0,,,0,0,,,0,0,,,0,0
FACT_SLAKE_STAGE2_BANK16,A,0,HISTORICAL_W1,R0,fit,U,STRICT_BASE,320,False,micro,204,15,43,UNKNOWN,0.5833333333333334,119.0,204,15,,,0,0,0.5833333333333334,119.0,204,15,0.5833333333333334,119.0,204,15,0.0,0.0,119,15,1.0,119.0,119,15,0.0,0.0,85,15,0.0,0.0,85,15,0.0,0.0,204,15,0.0,0.0,204,15,0.0,0.0,204,15,0.0,0.0,119,15,1.0,204.0,204,15,0.0,0.0,204,15,0.5049019607843137,103.0,204,15,,,0,0,,,0,0,,,0,0,,,0,0,,,0,0,,,0,0,,,0,0,,,0,0,,,0,0,,,0,0,,,0,0,,,0,0,,,0,0,,,0,0,,,0,0,,,0,0
FACT_SLAKE_STAGE2_BANK16,A,0,HISTORICAL_W1,R0,fit,cross_family_confirmation,EDIT_TARGET,320,False,macro,60,15,15,UNKNOWN,1.0,60.0,60,15,,,0,0,1.0,60.0,60,15,0.3,18.0,60,15,,,0,0,,,0,0,1.0,42.0,42,15,1.0,42.0,42,15,1.0,60.0,60,15,1.0,60.0,60,15,,,0,0,,,0,0,0.0,0.0,60,15,,,0,0,1.0,60.0,60,15,,,0,0,,,0,0,,,0,0,,,0,0,,,0,0,,,0,0,1.0,60.0,60,15,,,0,0,,,0,0,,,0,0,0.0,0.0,60,15,,,0,0,,,0,0,,,0,0,,,0,0,,,0,0
FACT_SLAKE_STAGE2_BANK16,A,0,HISTORICAL_W1,R0,fit,cross_family_confirmation,EDIT_TARGET,320,False,micro,60,15,15,UNKNOWN,1.0,60.0,60,15,,,0,0,1.0,60.0,60,15,0.3,18.0,60,15,,,0,0,,,0,0,1.0,42.0,42,15,1.0,42.0,42,15,1.0,60.0,60,15,1.0,60.0,60,15,,,0,0,,,0,0,0.0,0.0,60,15,,,0,0,1.0,60.0,60,15,,,0,0,,,0,0,,,0,0,,,0,0,,,0,0,,,0,0,1.0,60.0,60,15,,,0,0,,,0,0,,,0,0,0.0,0.0,60,15,,,0,0,,,0,0,,,0,0,,,0,0,,,0,0
FACT_SLAKE_STAGE2_BANK16,A,0,HISTORICAL_W1,R0,native,T0,EDIT_TARGET,320,False,macro,15,15,15,UNKNOWN,1.0,15.0,15,15,1.0,15.0,15,15,1.0,15.0,15,15,0.0,0.0,15,15,,,0,0,,,0,0,1.0,15.0,15,15,1.0,15.0,15,15,1.0,15.0,15,15,1.0,15.0,15,15,,,0,0,,,0,0,0.0,0.0,15,15,,,0,0,1.0,15.0,15,15,,,0,0,,,0,0,,,0,0,,,0,0,,,0,0,,,0,0,1.0,15.0,15,15,,,0,0,,,0,0,,,0,0,0.0,0.0,15,15,,,0,0,,,0,0,,,0,0,,,0,0,,,0,0
FACT_SLAKE_STAGE2_BANK16,A,0,HISTORICAL_W1,R0,native,T0,EDIT_TARGET,320,False,micro,15,15,15,UNKNOWN,1.0,15.0,15,15,1.0,15.0,15,15,1.0,15.0,15,15,0.0,0.0,15,15,,,0,0,,,0,0,1.0,15.0,15,15,1.0,15.0,15,15,1.0,15.0,15,15,1.0,15.0,15,15,,,0,0,,,0,0,0.0,0.0,15,15,,,0,0,1.0,15.0,15,15,,,0,0,,,0,0,,,0,0,,,0,0,,,0,0,,,0,0,1.0,15.0,15,15,,,0,0,,,0,0,,,0,0,0.0,0.0,15,15,,,0,0,,,0,0,,,0,0,,,0,0,,,0,0
