cohort,edit,condition,H_ce,U_kl,elapsed_seconds,grad_norm,pair_loss,pos_ce,step
SLAKE_STAGE2_BANK16,101,F0,0.0,0.0,2.822561740875244,0.0005841428064741194,0.0,0.0001474782584409695,1
SLAKE_STAGE2_BANK16,101,F0,0.0,0.0,3.783196210861206,0.00033011866617016494,0.0,0.00010074079182231799,2
SLAKE_STAGE2_BANK16,101,F0,0.0,0.0,4.127041816711426,0.00034776717075146735,0.0,0.000109024560515536,3
SLAKE_STAGE2_BANK16,101,F0,0.0,0.0,4.469724893569946,0.00038058837526477873,0.0,0.00011161742440890521,4
SLAKE_STAGE2_BANK16,101,F0,0.0,0.0,4.685307264328003,0.000508018652908504,0.0,0.00013800287706544623,5
SLAKE_STAGE2_BANK16,101,F0,0.0,0.0,4.90313982963562,0.00030572773539461195,0.0,9.624117592466064e-05,6
SLAKE_STAGE2_BANK16,101,F0,0.0,0.0,5.125733375549316,0.0003542404156178236,0.0,0.00010507623665034771,7
SLAKE_STAGE2_BANK16,101,F0,0.0,0.0,5.34857177734375,0.0003505730419419706,0.0,0.00010740096331574023,8
SLAKE_STAGE2_BANK16,101,F0,0.0,0.0,5.564432382583618,0.0005121911526657641,0.0,0.00013409942766884342,9
SLAKE_STAGE2_BANK16,101,F0,0.0,0.0,5.784887790679932,0.0002964311861433089,0.0,9.278452125727199e-05,10
SLAKE_STAGE2_BANK16,101,F0,0.0,0.0,6.003648042678833,0.0003402504662517458,0.0,0.00010209638639935292,11
SLAKE_STAGE2_BANK16,101,F0,0.0,0.0,6.221915006637573,0.0003261528618168086,0.0,0.00010431682312628254,12
SLAKE_STAGE2_BANK16,101,F0,0.0,0.0,6.434967279434204,0.0004859542241320014,0.0,0.00013103032324579544,13
SLAKE_STAGE2_BANK16,101,F0,0.0,0.0,6.651952028274536,0.00029166456079110503,0.0,9.105619392357767e-05,14
SLAKE_STAGE2_BANK16,101,F0,0.0,0.0,6.8782336711883545,0.000331531889969483,0.0,0.00010001046757679433,15
SLAKE_STAGE2_BANK16,101,F0,0.0,0.0,7.098362445831299,0.0003214808239135891,0.0,0.00010169452798436396,16
SLAKE_STAGE2_BANK16,101,F0,0.0,0.0,7.318814516067505,0.0004551364399958402,0.0,0.00012748442168231122,17
SLAKE_STAGE2_BANK16,101,F0,0.0,0.0,7.53546142578125,0.0002733978326432407,0.0,8.844878902891651e-05,18
SLAKE_STAGE2_BANK16,101,F0,0.0,0.0,7.756964921951294,0.00031802611192688346,0.0,9.714980114949867e-05,19
SLAKE_STAGE2_BANK16,101,F0,0.0,0.0,7.979182958602905,0.00030881440034136176,0.0,9.922123717842624e-05,20
SLAKE_STAGE2_BANK16,101,F0,0.0,0.0,8.22369909286499,0.00045755848987028003,0.0,0.0001242365178768523,21
SLAKE_STAGE2_BANK16,101,F0,0.0,0.0,8.435955286026001,0.00026797730242833495,0.0,8.657146099722013e-05,22
SLAKE_STAGE2_BANK16,101,F0,0.0,0.0,8.652133464813232,0.0002973032824229449,0.0,9.548110028845258e-05,23
SLAKE_STAGE2_BANK16,101,F0,0.0,0.0,8.868764877319336,0.0003019487776327878,0.0,9.746311479830183e-05,24
SLAKE_STAGE2_BANK16,101,F0,0.0,0.0,9.084864616394043,0.00044987574801780283,0.0,0.00012203153892187402,25
SLAKE_STAGE2_BANK16,101,F0,0.0,0.0,9.295866250991821,0.00026860498473979533,0.0,8.539440023014322e-05,26
SLAKE_STAGE2_BANK16,101,F0,0.0,0.0,9.517443418502808,0.0002853631158359349,0.0,9.381239215144888e-05,27
SLAKE_STAGE2_BANK16,101,F0,0.0,0.0,9.740538597106934,0.0003010379441548139,0.0,9.64350656431634e-05,28
SLAKE_STAGE2_BANK16,101,F0,0.0,0.0,9.962532997131348,0.00042685799417085946,0.0,0.0001204969739774242,29
SLAKE_STAGE2_BANK16,101,F0,0.0,0.0,10.185516357421875,0.00025577942142263055,0.0,8.444081686320715e-05,30
SLAKE_STAGE2_BANK16,101,F0,0.0,0.0,10.408168315887451,0.0002760948846116662,0.0,9.273962496081367e-05,31
SLAKE_STAGE2_BANK16,101,F0,0.0,0.0,10.606342315673828,0.0002846243150997907,0.0,9.476629202254117e-05,32
SLAKE_STAGE2_BANK16,101,F0,0.0,0.0,10.784852266311646,0.0004087836423423141,0.0,0.0001184409084089566,33
SLAKE_STAGE2_BANK16,101,F0,0.0,0.0,10.962393283843994,0.000249023869400844,0.0,8.289124161819927e-05,34
SLAKE_STAGE2_BANK16,101,F0,0.0,0.0,11.13955044746399,0.00027461396530270576,0.0,9.144334762822837e-05,35
SLAKE_STAGE2_BANK16,101,F0,0.0,0.0,11.318164587020874,0.0002811817976180464,0.0,9.434908861294389e-05,36
SLAKE_STAGE2_BANK16,101,F0,0.0,0.0,11.498151302337646,0.0003889075596816838,0.0,0.00011686158541124314,37
SLAKE_STAGE2_BANK16,101,F0,0.0,0.0,11.676618337631226,0.0002476678928360343,0.0,8.223564509535208e-05,38
SLAKE_STAGE2_BANK16,101,F0,0.0,0.0,11.855322360992432,0.0002775351167656481,0.0,9.074305853573605e-05,39
SLAKE_STAGE2_BANK16,101,F0,0.0,0.0,12.034120082855225,0.0002839231165125966,0.0,9.366368249175139e-05,40
SLAKE_STAGE2_BANK16,101,F0,0.0,0.0,12.221042156219482,0.00040307847666554153,0.0,0.00011534187069628388,41
SLAKE_STAGE2_BANK16,101,F0,0.0,0.0,12.399686813354492,0.00024377123918384314,0.0,8.12224461697042e-05,42
SLAKE_STAGE2_BANK16,101,F0,0.0,0.0,12.578051567077637,0.0002701732737477869,0.0,8.97298741620034e-05,43
SLAKE_STAGE2_BANK16,101,F0,0.0,0.0,12.756070137023926,0.00028437867877073586,0.0,9.317198055214249e-05,44
SLAKE_STAGE2_BANK16,101,F0,0.0,0.0,12.935690641403198,0.0003885500773321837,0.0,0.00011449260637164116,45
SLAKE_STAGE2_BANK16,101,F0,0.0,0.0,13.11466908454895,0.00024065493198577315,0.0,8.077544771367684e-05,46
SLAKE_STAGE2_BANK16,101,F0,0.0,0.0,13.292788028717041,0.00026080221869051456,0.0,8.913389319786802e-05,47
SLAKE_STAGE2_BANK16,101,F0,0.0,0.0,13.471587181091309,0.0002723315265029669,0.0,9.254619726561941e-05,48
SLAKE_STAGE2_BANK16,101,F0,0.0,0.0,13.650978803634644,0.00040113271097652614,0.0,0.00011364336023689248,49
SLAKE_STAGE2_BANK16,101,F0,0.0,0.0,13.828922033309937,0.00024444659356959164,0.0,8.052215343923308e-05,50
SLAKE_STAGE2_BANK16,101,F0,0.0,0.0,14.008288621902466,0.00026276151766069233,0.0,8.888059892342426e-05,51
SLAKE_STAGE2_BANK16,101,F0,0.0,0.0,14.18698000907898,0.00028425606433302164,0.0,9.227799091604538e-05,52
SLAKE_STAGE2_BANK16,101,F0,0.0,0.0,14.368356704711914,0.0003929233062081039,0.0,0.000112928213638952,53
SLAKE_STAGE2_BANK16,101,F0,0.0,0.0,14.548049688339233,0.00023721411707811058,0.0,8.049235111684538e-05,54
SLAKE_STAGE2_BANK16,101,F0,0.0,0.0,14.729041814804077,0.00025831605307757854,0.0,8.898492160369642e-05,55
SLAKE_STAGE2_BANK16,101,F0,0.0,0.0,14.907429456710815,0.0002651851100381464,0.0,9.235250035999343e-05,56
SLAKE_STAGE2_BANK16,101,F0,0.0,0.0,15.08678650856018,0.00039417832158505917,0.0,0.00011227268987568095,57
SLAKE_STAGE2_BANK16,101,F0,0.0,0.0,15.26595950126648,0.00023595686070621014,0.0,8.058174353209324e-05,58
SLAKE_STAGE2_BANK16,101,F0,0.0,0.0,15.445509672164917,0.0002473355852998793,0.0,8.928293755161576e-05,59
SLAKE_STAGE2_BANK16,101,F0,0.0,0.0,15.623626470565796,0.00027813564520329237,0.0,9.259090802515857e-05,60
SLAKE_STAGE2_BANK16,101,F0,0.0,0.0,15.810783386230469,0.0003761682310141623,0.0,0.00011231747703277506,61
SLAKE_STAGE2_BANK16,101,F0,0.0,0.0,15.989546775817871,0.000232522317674011,0.0,8.141614307533018e-05,62
SLAKE_STAGE2_BANK16,101,F0,0.0,0.0,16.16830277442932,0.00024773794575594366,0.0,9.013225644594058e-05,63
SLAKE_STAGE2_BANK16,101,F0,0.0,0.0,16.348453998565674,0.0002599692379590124,0.0,9.363391291117296e-05,64
SLAKE_STAGE2_BANK16,101,F0,0.0,0.0,16.52822470664978,0.0003896380076184869,0.0,0.00011336047828081064,65
SLAKE_STAGE2_BANK16,101,F0,0.0,0.0,16.707331895828247,0.00023805280216038227,0.0,8.283162969746627e-05,66
SLAKE_STAGE2_BANK16,101,F0,0.0,0.0,16.888079404830933,0.0002551369834691286,0.0,9.177123138215393e-05,67
SLAKE_STAGE2_BANK16,101,F0,0.0,0.0,17.06862759590149,0.00026855923351831734,0.0,9.469181168242358e-05,68
SLAKE_STAGE2_BANK16,101,F0,0.0,0.0,17.24724578857422,0.00037756975507363677,0.0,0.00011485046707093716,69
SLAKE_STAGE2_BANK16,101,F0,0.0,0.0,17.425350427627563,0.00024651383864693344,0.0,8.430671005044132e-05,70
SLAKE_STAGE2_BANK16,101,F0,0.0,0.0,17.605775833129883,0.0002650854003150016,0.0,9.364858851768076e-05,71
SLAKE_STAGE2_BANK16,101,F0,0.0,0.0,17.785560369491577,0.00026281678583472967,0.0,9.598806718713604e-05,72
SLAKE_STAGE2_BANK16,101,F0,0.0,0.0,17.963744163513184,0.0004083639942109585,0.0,0.00011578912017284892,73
SLAKE_STAGE2_BANK16,101,F0,0.0,0.0,18.142236471176147,0.00024717964697629213,0.0,8.469408567179926e-05,74
SLAKE_STAGE2_BANK16,101,F0,0.0,0.0,18.322171211242676,0.0002644300111569464,0.0,9.467664494877681e-05,75
SLAKE_STAGE2_BANK16,101,F0,0.0,0.0,18.50417709350586,0.0002744700468610972,0.0,9.697140922071412e-05,76
SLAKE_STAGE2_BANK16,101,F0,0.0,0.0,18.68327260017395,0.0003921117458958179,0.0,0.00011659365554805845,77
SLAKE_STAGE2_BANK16,101,F0,0.0,0.0,18.862725019454956,0.0002392342285020277,0.0,8.564765812479891e-05,78
SLAKE_STAGE2_BANK16,101,F0,0.0,0.0,19.042479991912842,0.00027029638295061886,0.0,9.552588016958907e-05,79
SLAKE_STAGE2_BANK16,101,F0,0.0,0.0,19.220770359039307,0.0002732491120696068,0.0,9.798456085263751e-05,80
SLAKE_STAGE2_BANK16,101,F0,0.0,0.0,19.411624670028687,0.0003850685607176274,0.0,0.00011765145973186009,81
SLAKE_STAGE2_BANK16,101,F0,0.0,0.0,19.590217113494873,0.00023704487830400467,0.0,8.661610263516195e-05,82
SLAKE_STAGE2_BANK16,101,F0,0.0,0.0,19.769304752349854,0.0002969493216369301,0.0,9.682208474259824e-05,83
SLAKE_STAGE2_BANK16,101,F0,0.0,0.0,19.94787049293518,0.00028821182786487043,0.0,9.793983554118313e-05,84
SLAKE_STAGE2_BANK16,101,F0,0.0,0.0,20.127960681915283,0.0004078691126778722,0.0,0.000117845120257698,85
SLAKE_STAGE2_BANK16,101,F0,0.0,0.0,20.307760000228882,0.0002431080210953951,0.0,8.664586857776158e-05,86
SLAKE_STAGE2_BANK16,101,F0,0.0,0.0,20.486688137054443,0.00028451651451177895,0.0,9.680717994342558e-05,87
SLAKE_STAGE2_BANK16,101,F0,0.0,0.0,20.665322065353394,0.0002876207872759551,0.0,9.804411820368841e-05,88
SLAKE_STAGE2_BANK16,101,F0,0.0,0.0,20.84578537940979,0.0004128650180064142,0.0,0.00011788979463744909,89
SLAKE_STAGE2_BANK16,101,F0,0.0,0.0,21.026443004608154,0.00024397576635237783,0.0,8.624355905340053e-05,90
SLAKE_STAGE2_BANK16,101,F0,0.0,0.0,21.20477318763733,0.00028469812241382897,0.0,9.649429193814285e-05,91
SLAKE_STAGE2_BANK16,101,F0,0.0,0.0,21.400597095489502,0.0002998804848175496,0.0,9.726934877107851e-05,92
SLAKE_STAGE2_BANK16,101,F0,0.0,0.0,21.623554468154907,0.0004056363250128925,0.0,0.00011745769734261557,93
SLAKE_STAGE2_BANK16,101,F0,0.0,0.0,21.83896493911743,0.00023434559989254922,0.0,8.567736222175881e-05,94
SLAKE_STAGE2_BANK16,101,F0,0.0,0.0,22.05720019340515,0.0002563048910815269,0.0,9.565994696458802e-05,95
SLAKE_STAGE2_BANK16,101,F0,0.0,0.0,22.270607948303223,0.0002746776444837451,0.0,9.636047252570279e-05,96
SLAKE_STAGE2_BANK16,101,F0,0.0,0.0,22.481369972229004,0.0004641661362256855,0.0,0.00011608698696363717,97
SLAKE_STAGE2_BANK16,101,F0,0.0,0.0,22.694278717041016,0.00023011182202026248,0.0,8.366588008357212e-05,98
SLAKE_STAGE2_BANK16,101,F0,0.0,0.0,22.911699056625366,0.0002664921630639583,0.0,9.378257527714595e-05,99
SLAKE_STAGE2_BANK16,101,F0,0.0,0.0,23.12995171546936,0.00026966477162204683,0.0,9.424471500096843e-05,100
SLAKE_STAGE2_BANK16,101,F0,0.0,0.0,23.356931447982788,0.0004414299037307501,0.0,0.00011298793833702803,101
SLAKE_STAGE2_BANK16,101,F0,0.0,0.0,23.57478427886963,0.0002258362073916942,0.0,8.186295963241719e-05,102
SLAKE_STAGE2_BANK16,101,F0,0.0,0.0,23.788782358169556,0.0002611761156003922,0.0,9.154761210083961e-05,103
SLAKE_STAGE2_BANK16,101,F0,0.0,0.0,24.00793480873108,0.0002654043782968074,0.0,9.193524601869285e-05,104
SLAKE_STAGE2_BANK16,101,F0,0.0,0.0,24.23179340362549,0.0003746166476048529,0.0,0.00010898005348281004,105
SLAKE_STAGE2_BANK16,101,F0,0.0,0.0,24.45436453819275,0.00022918700415175408,0.0,7.959815047797747e-05,106
SLAKE_STAGE2_BANK16,101,F0,0.0,0.0,24.67685079574585,0.0002560839639045298,0.0,8.905935465008952e-05,107
SLAKE_STAGE2_BANK16,101,F0,0.0,0.0,24.89863896369934,0.0002716100716497749,0.0,8.865729978424497e-05,108
SLAKE_STAGE2_BANK16,101,F0,0.0,0.0,25.1223201751709,0.0003648170386441052,0.0,0.00010538933202042244,109
SLAKE_STAGE2_BANK16,101,F0,0.0,0.0,25.334445238113403,0.00023030508600641042,0.0,7.792933320160955e-05,110
SLAKE_STAGE2_BANK16,101,F0,0.0,0.0,25.547029495239258,0.00026046819402836263,0.0,8.734589573577978e-05,111
SLAKE_STAGE2_BANK16,101,F0,0.0,0.0,25.759358882904053,0.00025717527023516595,0.0,8.737592361285351e-05,112
SLAKE_STAGE2_BANK16,101,F0,0.0,0.0,25.973909854888916,0.0003466113703325391,0.0,0.0001037653346429579,113
SLAKE_STAGE2_BANK16,101,F0,0.0,0.0,26.19312620162964,0.00021943627507425845,0.0,7.673735672142357e-05,114
SLAKE_STAGE2_BANK16,101,F0,0.0,0.0,26.40734553337097,0.00025009652017615736,0.0,8.677970618009567e-05,115
SLAKE_STAGE2_BANK16,101,F0,0.0,0.0,26.626819610595703,0.0002484719443600625,0.0,8.672035255585797e-05,116
SLAKE_STAGE2_BANK16,101,F0,0.0,0.0,26.848695039749146,0.0003349148319102824,0.0,0.00010315449981135316,117
SLAKE_STAGE2_BANK16,101,F0,0.0,0.0,27.07286548614502,0.00022176062338985503,0.0,7.642445416422561e-05,118
SLAKE_STAGE2_BANK16,101,F0,0.0,0.0,27.28925609588623,0.00024595673312433064,0.0,8.639233783469535e-05,119
SLAKE_STAGE2_BANK16,101,F0,0.0,0.0,27.506783485412598,0.00025263510178774595,0.0,8.612436795374379e-05,120
SLAKE_STAGE2_BANK16,101,F0,0.0,0.0,27.733389377593994,0.00037479170714505017,0.0,0.00010328861026209779,121
SLAKE_STAGE2_BANK16,101,F0,0.0,0.0,27.951970100402832,0.00022899970645084977,0.0,7.634994108229876e-05,122
SLAKE_STAGE2_BANK16,101,F0,0.0,0.0,28.170991897583008,0.00025751383509486914,0.0,8.670522583997808e-05,123
SLAKE_STAGE2_BANK16,101,F0,0.0,0.0,28.386617422103882,0.00024123300681822002,0.0,8.603495734860189e-05,124
SLAKE_STAGE2_BANK16,101,F0,0.0,0.0,28.600054264068604,0.0003413765807636082,0.0,0.00010291610306012444,125
SLAKE_STAGE2_BANK16,101,F0,0.0,0.0,28.816754817962646,0.00022671774786431342,0.0,7.602210826007649e-05,126
SLAKE_STAGE2_BANK16,101,F0,0.0,0.0,29.03374433517456,0.0002526813477743417,0.0,8.652638280182146e-05,127
SLAKE_STAGE2_BANK16,101,F0,0.0,0.0,29.24693012237549,0.0002514063671696931,0.0,8.56177430250682e-05,128
SLAKE_STAGE2_BANK16,101,F0,0.0,0.0,29.464393615722656,0.00036284970701672137,0.0,0.00010273726002196781,129
SLAKE_STAGE2_BANK16,101,F0,0.0,0.0,29.680956602096558,0.00021533675317186862,0.0,7.597734656883404e-05,130
SLAKE_STAGE2_BANK16,101,F0,0.0,0.0,29.904065132141113,0.0002507136086933315,0.0,8.609424185124226e-05,131
SLAKE_STAGE2_BANK16,101,F0,0.0,0.0,30.116689920425415,0.00023776992748025805,0.0,8.506641097483225e-05,132
SLAKE_STAGE2_BANK16,101,F0,0.0,0.0,30.33601188659668,0.0003746117290575057,0.0,0.0001020816489472054,133
SLAKE_STAGE2_BANK16,101,F0,0.0,0.0,30.559957027435303,0.0002173969551222399,0.0,7.536641351180151e-05,134
SLAKE_STAGE2_BANK16,101,F0,0.0,0.0,30.775391817092896,0.00023990015324670821,0.0,8.557272667530924e-05,135
SLAKE_STAGE2_BANK16,101,F0,0.0,0.0,30.99573254585266,0.00022591708693653345,0.0,8.429158697254024e-05,136
SLAKE_STAGE2_BANK16,101,F0,0.0,0.0,31.214004516601562,0.00040636828634887934,0.0,0.00010142601240659133,137
SLAKE_STAGE2_BANK16,101,F0,0.0,0.0,31.43032431602478,0.00021354311320465058,0.0,7.415949221467599e-05,138
SLAKE_STAGE2_BANK16,101,F0,0.0,0.0,31.644295930862427,0.00024360118550248444,0.0,8.478299787384458e-05,139
SLAKE_STAGE2_BANK16,101,F0,0.0,0.0,31.866159439086914,0.00023649526701774448,0.0,8.284628711408004e-05,140
SLAKE_STAGE2_BANK16,101,F0,0.0,0.0,32.09649610519409,0.0004021192144136876,0.0,9.905699334922247e-05,141
SLAKE_STAGE2_BANK16,101,F0,0.0,0.0,32.31660580635071,0.00021054569515399635,0.0,7.281846774276346e-05,142
SLAKE_STAGE2_BANK16,101,F0,0.0,0.0,32.53748393058777,0.00023596973915118724,0.0,8.338242696481757e-05,143
SLAKE_STAGE2_BANK16,101,F0,0.0,0.0,32.757694244384766,0.00021543697221204638,0.0,8.174368122126907e-05,144
SLAKE_STAGE2_BANK16,101,F0,0.0,0.0,32.9749596118927,0.00039892306085675955,0.0,9.767133087734692e-05,145
SLAKE_STAGE2_BANK16,101,F0,0.0,0.0,33.191723108291626,0.00020724326896015555,0.0,7.217771781142801e-05,146
SLAKE_STAGE2_BANK16,101,F0,0.0,0.0,33.40997314453125,0.00022462992637883872,0.0,8.281624468509108e-05,147
SLAKE_STAGE2_BANK16,101,F0,0.0,0.0,33.62946557998657,0.00021689118875656277,0.0,8.02239119366277e-05,148
SLAKE_STAGE2_BANK16,101,F0,0.0,0.0,33.851863861083984,0.0003438242129050195,0.0,9.546624642098323e-05,149
SLAKE_STAGE2_BANK16,101,F0,0.0,0.0,34.07710838317871,0.0001957683707587421,0.0,7.104532051016577e-05,150
SLAKE_STAGE2_BANK16,101,F0,0.0,0.0,34.28899574279785,0.00021825949079357088,0.0,8.19967535790056e-05,151
SLAKE_STAGE2_BANK16,101,F0,0.0,0.0,34.507288455963135,0.00020952786144334823,0.0,7.895742237451486e-05,152
SLAKE_STAGE2_BANK16,101,F0,0.0,0.0,34.72408699989319,0.0003020350413862616,0.0,9.425938333151862e-05,153
SLAKE_STAGE2_BANK16,101,F0,0.0,0.0,34.93542766571045,0.00020010473963338882,0.0,7.071750587783754e-05,154
SLAKE_STAGE2_BANK16,101,F0,0.0,0.0,35.15039300918579,0.00023200924624688923,0.0,8.159447679645382e-05,155
SLAKE_STAGE2_BANK16,101,F0,0.0,0.0,35.370912075042725,0.00021455282694660127,0.0,7.831669790903106e-05,156
SLAKE_STAGE2_BANK16,101,F0,0.0,0.0,35.584943532943726,0.0003330324252601713,0.0,9.346970182377845e-05,157
SLAKE_STAGE2_BANK16,101,F0,0.0,0.0,35.803191900253296,0.00019698218966368586,0.0,6.991288319113664e-05,158
SLAKE_STAGE2_BANK16,101,F0,0.0,0.0,36.02595591545105,0.00023187705664895475,0.0,8.131134381983429e-05,159
SLAKE_STAGE2_BANK16,101,F0,0.0,0.0,36.2487256526947,0.00020800037600565702,0.0,7.781007661833428e-05,160
SLAKE_STAGE2_BANK16,101,F1,3.065782070159912,0.8785842061042786,0.7493934631347656,5.1321187019348145,0.0,0.0001474782584409695,1
SLAKE_STAGE2_BANK16,101,F1,2.675135374069214,0.016569282859563828,1.38020920753479,5.550473213195801,0.0,0.00010501684300834313,2
SLAKE_STAGE2_BANK16,101,F1,2.5968270301818848,0.09359800070524216,2.148913860321045,5.564025402069092,0.0,0.0001162505395768676,3
SLAKE_STAGE2_BANK16,101,F1,2.4767770767211914,0.32178160548210144,2.8655762672424316,5.662553787231445,0.0,0.0001235515192092862,4
SLAKE_STAGE2_BANK16,101,F1,2.6872382164001465,0.30945050716400146,3.2995738983154297,5.459267616271973,0.0,0.00015933708345983177,5
SLAKE_STAGE2_BANK16,101,F1,2.2966697216033936,0.015682533383369446,3.7266337871551514,5.7302565574646,0.0,0.00011745715164579451,6
SLAKE_STAGE2_BANK16,101,F1,2.1958847045898438,0.7981058955192566,4.156275033950806,5.774696350097656,0.0,0.00012959954619873315,7
SLAKE_STAGE2_BANK16,101,F1,2.07515549659729,0.08551288396120071,4.605157375335693,5.745401382446289,0.0,0.00013853931159246713,8
SLAKE_STAGE2_BANK16,101,F1,2.2948060035705566,0.2623191475868225,5.040018320083618,5.693708896636963,0.0,0.00018241309589939192,9
SLAKE_STAGE2_BANK16,101,F1,1.895185112953186,0.0819273516535759,5.485066890716553,5.783430576324463,0.0,0.000139610368933063,10
SLAKE_STAGE2_BANK16,101,F1,1.7764743566513062,0.014987844042479992,5.927752733230591,5.6607584953308105,0.0,0.0001530041772639379,11
SLAKE_STAGE2_BANK16,101,F1,1.994072675704956,0.7264794111251831,6.35250186920166,5.684675693511963,0.0,0.0001653700674069114,12
SLAKE_STAGE2_BANK16,101,F1,1.5950963497161865,0.07686727494001389,6.8086278438568115,5.551011085510254,0.0,0.0002225435309810564,13
SLAKE_STAGE2_BANK16,101,F1,1.484928846359253,0.6964004635810852,7.240590333938599,5.298694133758545,0.0,0.0001782230319804512,14
SLAKE_STAGE2_BANK16,101,F1,1.7026920318603516,0.014263849705457687,7.672804355621338,5.322951316833496,0.0,0.0001926448749145493,15
SLAKE_STAGE2_BANK16,101,F1,1.3104543685913086,0.1874500811100006,8.11932110786438,4.828452110290527,0.0,0.00020897206559311599,16
SLAKE_STAGE2_BANK16,101,F1,1.5260194540023804,0.014077813364565372,8.555491924285889,4.876331329345703,0.0,0.0002908478127210401,17
SLAKE_STAGE2_BANK16,101,F1,1.1653553247451782,0.1678919643163681,8.984718084335327,4.353417873382568,0.0,0.00024143675545929,18
SLAKE_STAGE2_BANK16,101,F1,1.0845146179199219,0.6204506158828735,9.423449993133545,4.011869430541992,0.0,0.0002544306335039437,19
SLAKE_STAGE2_BANK16,101,F1,1.2990124225616455,0.06366351991891861,9.862935543060303,4.243462562561035,0.0,0.00027531213709153235,20
SLAKE_STAGE2_BANK16,101,F1,0.9680846929550171,0.1417405754327774,10.322404623031616,3.7873117923736572,0.0,0.00039231246046256274,21
SLAKE_STAGE2_BANK16,101,F1,0.902889609336853,0.059937383979558945,10.769871473312378,3.4922733306884766,0.0,0.0003332881460664794,22
SLAKE_STAGE2_BANK16,101,F1,0.8514909744262695,0.5637344121932983,11.20095944404602,3.582801580429077,0.0,0.0003376515960553661,23
SLAKE_STAGE2_BANK16,101,F1,1.043274998664856,0.013093949295580387,11.621894121170044,3.852666139602661,0.0,0.00036442256532609463,24
SLAKE_STAGE2_BANK16,101,F1,0.743554949760437,0.01289265789091587,12.04748821258545,3.4101405143737793,0.0,0.0005193150864215568,25
SLAKE_STAGE2_BANK16,101,F1,0.923963189125061,0.054553113877773285,12.505545139312744,3.7221124172210693,0.0,0.0004473188746487722,26
SLAKE_STAGE2_BANK16,101,F1,0.6443792581558228,0.5163536667823792,12.932862281799316,3.029446840286255,0.0,0.0004349382797954604,27
SLAKE_STAGE2_BANK16,101,F1,0.5961962938308716,0.09897202253341675,13.357181787490845,2.934199094772339,0.0,0.0004616676742443815,28
SLAKE_STAGE2_BANK16,101,F1,0.5407633781433105,0.05119207873940468,13.797177076339722,3.0353734493255615,0.0,0.0006611245917156339,29
SLAKE_STAGE2_BANK16,101,F1,0.6971874833106995,0.09127885103225708,14.218257665634155,3.415314197540283,0.0,0.0005722722562495619,30
SLAKE_STAGE2_BANK16,101,F1,0.4464118480682373,0.012376881204545498,14.658931016921997,2.7921178340911865,0.0,0.0005401439557317644,31
SLAKE_STAGE2_BANK16,101,F1,0.41895753145217896,0.46974849700927734,15.087802410125732,2.504634380340576,0.0,0.0005691064288839698,32
SLAKE_STAGE2_BANK16,101,F1,0.5390164256095886,0.04790538176894188,15.532349824905396,3.0960910320281982,0.0,0.0008204077603295445,33
SLAKE_STAGE2_BANK16,101,F1,0.4896623194217682,0.012084710411727428,15.967368125915527,2.963576316833496,0.0,0.0007084708486218005,34
SLAKE_STAGE2_BANK16,101,F1,0.28301966190338135,0.07710248231887817,16.39340376853943,2.158834218978882,0.0,0.0006590638367924839,35
SLAKE_STAGE2_BANK16,101,F1,0.27127519249916077,0.44196170568466187,16.815765857696533,1.94998300075531,0.0,0.0006971249240450561,36
SLAKE_STAGE2_BANK16,101,F1,0.21729163825511932,0.012072893790900707,17.25143074989319,1.7849230766296387,0.0,0.0010064552479889244,37
SLAKE_STAGE2_BANK16,101,F1,0.21118585765361786,0.07164504379034042,17.683449268341064,1.6373436450958252,0.0,0.0008641279127914459,38
SLAKE_STAGE2_BANK16,101,F1,0.28071242570877075,0.044479891657829285,18.118845224380493,2.1166350841522217,0.0,0.0008111111237667501,39
SLAKE_STAGE2_BANK16,101,F1,0.1616906225681305,0.42011579871177673,18.5509774684906,1.3375470638275146,0.0,0.000854366080602631,40
SLAKE_STAGE2_BANK16,101,F1,0.21749277412891388,0.06815266609191895,18.998756170272827,1.7420612573623657,0.0,0.0012431553332135081,41
SLAKE_STAGE2_BANK16,101,F1,0.105226531624794,0.043366920202970505,19.44514513015747,0.9483314752578735,0.0,0.001069767662556842,42
SLAKE_STAGE2_BANK16,101,F1,0.09060057997703552,0.41048869490623474,19.875039100646973,0.8223336338996887,0.0,0.0010181645047850907,43
SLAKE_STAGE2_BANK16,101,F1,0.1470353901386261,0.012128974311053753,20.289194107055664,1.2675243616104126,0.0,0.0010590216261334717,44
SLAKE_STAGE2_BANK16,101,F1,0.0782540962100029,0.06619565188884735,20.708333015441895,0.7254084348678589,0.0,0.0015379483811557293,45
SLAKE_STAGE2_BANK16,101,F1,0.11354311555624008,0.40598219633102417,21.140493392944336,1.025852918624878,0.0,0.0013333085807971656,46
SLAKE_STAGE2_BANK16,101,F1,0.05890807509422302,0.012393202632665634,21.56551432609558,0.5652155876159668,0.0,0.0013467405224218965,47
SLAKE_STAGE2_BANK16,101,F1,0.044002752751111984,0.04293569177389145,22.011056661605835,0.41057369112968445,0.0,0.0013718915870413184,48
SLAKE_STAGE2_BANK16,101,F1,0.038428209722042084,0.04305201396346092,22.44880986213684,0.35865435004234314,0.0,0.0019804274197667837,49
SLAKE_STAGE2_BANK16,101,F1,0.03874751180410385,0.012521794997155666,22.87140917778015,0.383240282535553,0.0,0.0017168649355880916,50
SLAKE_STAGE2_BANK16,101,F1,0.06070340424776077,0.07001295685768127,23.297810792922974,0.6099828481674194,0.0,0.0018276977934874594,51
SLAKE_STAGE2_BANK16,101,F1,0.029863599687814713,0.4102107584476471,23.719103813171387,0.2940278947353363,0.0,0.0018264539539813995,52
SLAKE_STAGE2_BANK16,101,F1,0.023670542985200882,0.07199890911579132,24.143911600112915,0.21283426880836487,0.0,0.0025968875270336866,53
SLAKE_STAGE2_BANK16,101,F1,0.04348001256585121,0.04431212693452835,24.588268518447876,0.4460148513317108,0.0,0.00227164663374424,54
SLAKE_STAGE2_BANK16,101,F1,0.019291093572974205,0.41606375575065613,25.01274299621582,0.1667289286851883,0.0,0.002479426213540137,55
SLAKE_STAGE2_BANK16,101,F1,0.03563549369573593,0.013355047442018986,25.438056468963623,0.36057862639427185,0.0,0.002422632649540901,56
SLAKE_STAGE2_BANK16,101,F1,0.017513271421194077,0.04538511112332344,25.880781888961792,0.15428875386714935,0.0,0.0033589646918699145,57
SLAKE_STAGE2_BANK16,101,F1,0.02941049262881279,0.4239865839481354,26.29796838760376,0.2817310392856598,0.0,0.002913519856519997,58
SLAKE_STAGE2_BANK16,101,F1,0.013505416922271252,0.08008094877004623,26.72097134590149,0.10349289327859879,0.0,0.0032055163756012917,59
SLAKE_STAGE2_BANK16,101,F1,0.013625001534819603,0.013776559382677078,27.14713740348816,0.10843446850776672,0.0,0.0031167567940428853,60
SLAKE_STAGE2_BANK16,101,F1,0.02335616759955883,0.4320187568664551,27.587256908416748,0.20194058120250702,0.0,0.004209739505313337,61
SLAKE_STAGE2_BANK16,101,F1,0.011820322833955288,0.04707125201821327,28.021122455596924,0.0882488340139389,0.0,0.003636348177678883,62
SLAKE_STAGE2_BANK16,101,F1,0.01046779565513134,0.08575081825256348,28.438229084014893,0.07555907964706421,0.0,0.003953462932258844,63
SLAKE_STAGE2_BANK16,101,F1,0.00991019420325756,0.014124521054327488,28.867079257965088,0.07115494459867477,0.0,0.0037535973824560642,64
SLAKE_STAGE2_BANK16,101,F1,0.010019093751907349,0.08810538053512573,29.300057411193848,0.07757644355297089,0.0,0.004938478348776698,65
SLAKE_STAGE2_BANK16,101,F1,0.017400257289409637,0.014301772229373455,29.733800172805786,0.13143417239189148,0.0,0.0041880684439092875,66
SLAKE_STAGE2_BANK16,101,F1,0.016657985746860504,0.444865882396698,30.157363414764404,0.11875037848949432,0.0,0.004517121938988566,67
SLAKE_STAGE2_BANK16,101,F1,0.00830924604088068,0.04878692701458931,30.59681010246277,0.06463979184627533,0.0,0.004227194585837424,68
SLAKE_STAGE2_BANK16,101,F1,0.008459385484457016,0.09224049746990204,31.029105186462402,0.07617294788360596,0.0,0.005431950092315674,69
SLAKE_STAGE2_BANK16,101,F1,0.014763335697352886,0.014360377565026283,31.45084834098816,0.10267695039510727,0.0,0.004604805959388614,70
SLAKE_STAGE2_BANK16,101,F1,0.007912144996225834,0.4547131061553955,31.883368015289307,0.06670022010803223,0.0,0.004876759136095643,71
SLAKE_STAGE2_BANK16,101,F1,0.007317974232137203,0.0497814416885376,32.32717823982239,0.06403675675392151,0.0,0.004450725624337792,72
SLAKE_STAGE2_BANK16,101,F1,0.01347176544368267,0.014617092907428741,32.751564264297485,0.09637553989887238,0.0,0.005597409326583147,73
SLAKE_STAGE2_BANK16,101,F1,0.007238735444843769,0.46143147349357605,33.17745566368103,0.06436458230018616,0.0,0.004734767135232687,74
SLAKE_STAGE2_BANK16,101,F1,0.006765992380678654,0.05043172836303711,33.620887756347656,0.06902851164340973,0.0,0.004945822758600116,75
SLAKE_STAGE2_BANK16,101,F1,0.012504790909588337,0.0984271690249443,34.05485534667969,0.0818871557712555,0.0,0.00443027401342988,76
SLAKE_STAGE2_BANK16,101,F1,0.006822132971137762,0.46643996238708496,34.48865103721619,0.07315877079963684,0.0,0.005513574229553342,77
SLAKE_STAGE2_BANK16,101,F1,0.006354049779474735,0.014759044162929058,34.913755893707275,0.06597655266523361,0.0,0.004613229306414723,78
SLAKE_STAGE2_BANK16,101,F1,0.006569324992597103,0.10048499703407288,35.348310470581055,0.067059725522995,0.0,0.0048272337298840284,79
SLAKE_STAGE2_BANK16,101,F1,0.006160649470984936,0.05100797116756439,35.790711641311646,0.060478199273347855,0.0,0.0042919800616800785,80
SLAKE_STAGE2_BANK16,101,F1,0.011406024917960167,0.01482210773974657,36.244168519973755,0.08032692968845367,0.0,0.005260301986709237,81
SLAKE_STAGE2_BANK16,101,F1,0.006019040010869503,0.05141916871070862,36.694356203079224,0.061235614120960236,0.0,0.004350323462858796,82
SLAKE_STAGE2_BANK16,101,F1,0.006176353432238102,0.4791419506072998,37.12175917625427,0.06119094416499138,0.0,0.004519827896729112,83
SLAKE_STAGE2_BANK16,101,F1,0.010965978726744652,0.10268975794315338,37.54656100273132,0.07017619162797928,0.0,0.004015348386019468,84
SLAKE_STAGE2_BANK16,101,F1,0.010848614387214184,0.10272210836410522,37.9780056476593,0.07373980432748795,0.0,0.0048839773517102,85
SLAKE_STAGE2_BANK16,101,F1,0.005978780332952738,0.4839637279510498,38.40284085273743,0.05578461289405823,0.0,0.004080041428096592,86
SLAKE_STAGE2_BANK16,101,F1,0.005625873804092407,0.014871732331812382,38.83021688461304,0.05725666135549545,0.0,0.004188120597973466,87
SLAKE_STAGE2_BANK16,101,F1,0.010471796616911888,0.05188586935400963,39.27183485031128,0.06507721543312073,0.0,0.0036996034905314445,88
SLAKE_STAGE2_BANK16,101,F1,0.005514831282198429,0.014799460768699646,39.69666266441345,0.06118513271212578,0.0,0.0044870092533528805,89
SLAKE_STAGE2_BANK16,101,F1,0.005742342211306095,0.4885742962360382,40.122151613235474,0.052013084292411804,0.0,0.003742108354344964,90
SLAKE_STAGE2_BANK16,101,F1,0.010236820206046104,0.10340829193592072,40.54902219772339,0.06534221768379211,0.0,0.003867948893457651,91
SLAKE_STAGE2_BANK16,101,F1,0.005626218393445015,0.05202876776456833,40.98663783073425,0.045258063822984695,0.0,0.0034068614477291703,92
SLAKE_STAGE2_BANK16,101,F1,0.005312996916472912,0.10319365561008453,41.417046785354614,0.05748162791132927,0.0,0.004153495887294412,93
SLAKE_STAGE2_BANK16,101,F1,0.00995788723230362,0.01474121306091547,41.8459906578064,0.06125924736261368,0.0,0.0034236760111525655,94
SLAKE_STAGE2_BANK16,101,F1,0.005499619524925947,0.49448809027671814,42.28425908088684,0.05016450956463814,0.0,0.0035449780989438295,95
SLAKE_STAGE2_BANK16,101,F1,0.0051471213810145855,0.05223674327135086,42.71977686882019,0.04233618080615997,0.0,0.003101764479652047,96
SLAKE_STAGE2_BANK16,101,F1,0.005399906076490879,0.052242860198020935,43.16272807121277,0.04775567352771759,0.0,0.0037845121696591377,97
SLAKE_STAGE2_BANK16,101,F1,0.005084932316094637,0.014568346552550793,43.58837389945984,0.04285767674446106,0.0,0.003146716975606978,98
SLAKE_STAGE2_BANK16,101,F1,0.009612499736249447,0.1025945171713829,44.01428747177124,0.06118239462375641,0.0,0.0032494956394657493,99
SLAKE_STAGE2_BANK16,101,F1,0.00499727763235569,0.49833065271377563,44.445701360702515,0.04445168003439903,0.0,0.002863508416339755,100
SLAKE_STAGE2_BANK16,101,F1,0.009474887512624264,0.0519743449985981,44.90914011001587,0.059031449258327484,0.0,0.003504932508803904,101
SLAKE_STAGE2_BANK16,101,F1,0.005182228051126003,0.014611035585403442,45.340736389160156,0.038375649601221085,0.0,0.0029124412685632706,102
SLAKE_STAGE2_BANK16,101,F1,0.005168499890714884,0.10215996950864792,45.772507667541504,0.044180434197187424,0.0,0.0030234248843044043,103
SLAKE_STAGE2_BANK16,101,F1,0.009283069521188736,0.501467764377594,46.203234910964966,0.06267721205949783,0.0,0.002662128652445972,104
SLAKE_STAGE2_BANK16,101,F1,0.00479383347555995,0.0144719909876585,46.62093138694763,0.042247626930475235,0.0,0.0032524862326681614,105
SLAKE_STAGE2_BANK16,101,F1,0.005039415322244167,0.05188742280006409,47.064507722854614,0.03622265160083771,0.0,0.0027145459316670895,106
SLAKE_STAGE2_BANK16,101,F1,0.009056656621396542,0.1005709320306778,47.49010229110718,0.05882954224944115,0.0,0.0028540046187117696,107
SLAKE_STAGE2_BANK16,101,F1,0.004674178548157215,0.5025115609169006,47.919617891311646,0.04158904403448105,0.0,0.0024905966129153967,108
SLAKE_STAGE2_BANK16,101,F1,0.004614089149981737,0.09955772012472153,48.35637807846069,0.0430101677775383,0.0,0.003076996305026114,109
SLAKE_STAGE2_BANK16,101,F1,0.004874410107731819,0.05160991847515106,48.792441844940186,0.03452198952436447,0.0,0.0025483645731583238,110
SLAKE_STAGE2_BANK16,101,F1,0.008814746513962746,0.5035995244979858,49.225674867630005,0.06050204858183861,0.0,0.0026748544769361615,111
SLAKE_STAGE2_BANK16,101,F1,0.008782748132944107,0.01430347841233015,49.65108513832092,0.056095678359270096,0.0,0.002370453323237598,112
SLAKE_STAGE2_BANK16,101,F1,0.00447423430159688,0.014327455312013626,50.06451487541199,0.037544965744018555,0.0,0.0029089529998600483,113
SLAKE_STAGE2_BANK16,101,F1,0.004713291767984629,0.05104614421725273,50.5005419254303,0.033150799572467804,0.0,0.0024378811940550804,114
SLAKE_STAGE2_BANK16,101,F1,0.00851716473698616,0.09619873017072678,50.93250846862793,0.056399762630462646,0.0,0.0025592960882931948,115
SLAKE_STAGE2_BANK16,101,F1,0.004611342214047909,0.5018208622932434,51.3551025390625,0.04184280335903168,0.0,0.002270352328196168,116
SLAKE_STAGE2_BANK16,101,F1,0.00430216733366251,0.05110776424407959,51.797839403152466,0.03582645207643509,0.0,0.0027864425210282207,117
SLAKE_STAGE2_BANK16,101,F1,0.004552759695798159,0.014241617172956467,52.23328185081482,0.03169627487659454,0.0,0.002351731061935425,118
SLAKE_STAGE2_BANK16,101,F1,0.008267547935247421,0.5023319721221924,52.66317820549011,0.05823896825313568,0.0,0.0024485490284860134,119
SLAKE_STAGE2_BANK16,101,F1,0.004207341931760311,0.09350702166557312,53.09194493293762,0.03513425216078758,0.0,0.0021642405772581697,120
SLAKE_STAGE2_BANK16,101,F1,0.008128172717988491,0.014160359278321266,53.529669523239136,0.05211388319730759,0.0,0.0026727006770670414,121
SLAKE_STAGE2_BANK16,101,F1,0.004111571237444878,0.05037868395447731,53.9636812210083,0.030622128397226334,0.0,0.002236627391539514,122
SLAKE_STAGE2_BANK16,101,F1,0.0043358514085412025,0.5006415247917175,54.398808002471924,0.04097699373960495,0.0,0.002348641981370747,123
SLAKE_STAGE2_BANK16,101,F1,0.004057171754539013,0.0913907140493393,54.8331458568573,0.03394768014550209,0.0,0.002091414586175233,124
SLAKE_STAGE2_BANK16,101,F1,0.004236599896103144,0.014119720086455345,55.250227212905884,0.032320182770490646,0.0,0.002580381347797811,125
SLAKE_STAGE2_BANK16,101,F1,0.007831428200006485,0.049841493368148804,55.69246554374695,0.050997763872146606,0.0,0.0021639774786308408,126
SLAKE_STAGE2_BANK16,101,F1,0.003958338871598244,0.49964138865470886,56.1261727809906,0.03869713097810745,0.0,0.00226348964497447,127
SLAKE_STAGE2_BANK16,101,F1,0.0041348738595843315,0.08912260830402374,56.561352014541626,0.03383824601769447,0.0,0.0020165698952041566,128
SLAKE_STAGE2_BANK16,101,F1,0.0076177483424544334,0.4988119602203369,56.98939657211304,0.054176196455955505,0.0,0.0024881032295525074,129
SLAKE_STAGE2_BANK16,101,F1,0.003825272200629115,0.013920310884714127,57.4188346862793,0.02887178584933281,0.0,0.002088513574562967,130
SLAKE_STAGE2_BANK16,101,F1,0.004042679909616709,0.08744186162948608,57.84678077697754,0.03412357345223427,0.0,0.002188019803725183,131
SLAKE_STAGE2_BANK16,101,F1,0.007497637532651424,0.04916909709572792,58.284308671951294,0.049934323877096176,0.0,0.001954265753738582,132
SLAKE_STAGE2_BANK16,101,F1,0.007390565238893032,0.04906104505062103,58.723782539367676,0.04812903702259064,0.0,0.0024033973459154367,133
SLAKE_STAGE2_BANK16,101,F1,0.003693732898682356,0.4963493049144745,59.15042471885681,0.03608940169215202,0.0,0.0020333686843514442,134
SLAKE_STAGE2_BANK16,101,F1,0.0038923851680010557,0.08475872129201889,59.58007860183716,0.03301040828227997,0.0,0.002143298275768757,135
SLAKE_STAGE2_BANK16,101,F1,0.007191922515630722,0.01401405967772007,60.017431020736694,0.048012375831604004,0.0,0.0018997769802808762,136
SLAKE_STAGE2_BANK16,101,F1,0.003589823842048645,0.49402689933776855,60.449172496795654,0.03724154457449913,0.0,0.002342838910408318,137
SLAKE_STAGE2_BANK16,101,F1,0.003797542303800583,0.0485161691904068,60.896648645401,0.0270775705575943,0.0,0.0019888789393007755,138
SLAKE_STAGE2_BANK16,101,F1,0.00374291162006557,0.08222948759794235,61.33144402503967,0.031944967806339264,0.0,0.002078992547467351,139
SLAKE_STAGE2_BANK16,101,F1,0.0035107184667140245,0.013681285083293915,61.759998083114624,0.025851279497146606,0.0,0.0018384626018814743,140
SLAKE_STAGE2_BANK16,101,F1,0.0069227805361151695,0.013697810471057892,62.20854163169861,0.04576271027326584,0.0,0.002285758964717388,141
SLAKE_STAGE2_BANK16,101,F1,0.006887031253427267,0.49089527130126953,62.63855004310608,0.05097968876361847,0.0,0.001927627483382821,142
SLAKE_STAGE2_BANK16,101,F1,0.003619652707129717,0.07985179126262665,63.06918954849243,0.031065868213772774,0.0,0.0020268235821276903,143
SLAKE_STAGE2_BANK16,101,F1,0.003385872347280383,0.047690894454717636,63.50384163856506,0.025192173197865486,0.0,0.0017984331934712827,144
SLAKE_STAGE2_BANK16,101,F1,0.006723084487020969,0.07897970825433731,63.937742948532104,0.04570174217224121,0.0,0.002230487298220396,145
SLAKE_STAGE2_BANK16,101,F1,0.0035189539194107056,0.04748699441552162,64.38329458236694,0.025481104850769043,0.0,0.0018834936199709773,146
SLAKE_STAGE2_BANK16,101,F1,0.003305567428469658,0.013798930682241917,64.81788778305054,0.026787087321281433,0.0,0.001973978476598859,147
SLAKE_STAGE2_BANK16,101,F1,0.003472771029919386,0.48998087644577026,65.24309921264648,0.036322616040706635,0.0,0.0017550928751006722,148
SLAKE_STAGE2_BANK16,101,F1,0.006540907081216574,0.48835229873657227,65.6783766746521,0.048471543937921524,0.0,0.0021656278986483812,149
SLAKE_STAGE2_BANK16,101,F1,0.0032153832726180553,0.04695483297109604,66.1217987537384,0.025417577475309372,0.0,0.0018432059441693127,150
SLAKE_STAGE2_BANK16,101,F1,0.0032159616239368916,0.07636531442403793,66.55461382865906,0.02951633930206299,0.0,0.0019295205129310489,151
SLAKE_STAGE2_BANK16,101,F1,0.006400199141353369,0.013721325434744358,66.9814224243164,0.043553709983825684,0.0,0.0016917248140089214,152
SLAKE_STAGE2_BANK16,101,F1,0.003346530022099614,0.013573785312473774,67.41145253181458,0.02690766379237175,0.0,0.002114706498105079,153
SLAKE_STAGE2_BANK16,101,F1,0.00331101194024086,0.04667344316840172,67.85789513587952,0.024261297658085823,0.0,0.0017836030456237495,154
SLAKE_STAGE2_BANK16,101,F1,0.00622600968927145,0.0746740996837616,68.29356908798218,0.04289092868566513,0.0,0.0018817299860529602,155
SLAKE_STAGE2_BANK16,101,F1,0.00309401610866189,0.4874049723148346,68.72419738769531,0.03396187722682953,0.0,0.0016456794692203403,156
SLAKE_STAGE2_BANK16,101,F1,0.006136762443929911,0.486710786819458,69.15331220626831,0.046363454312086105,0.0,0.002057625271845609,157
SLAKE_STAGE2_BANK16,101,F1,0.003016998525708914,0.04625166580080986,69.59901237487793,0.024154284968972206,0.0,0.0017461214447394013,158
SLAKE_STAGE2_BANK16,101,F1,0.0031793653033673763,0.013562486506998539,70.02138113975525,0.024163832888007164,0.0,0.0018211271381005645,159
SLAKE_STAGE2_BANK16,101,F1,0.0029825191013514996,0.07235246151685715,70.44860005378723,0.02587694115936756,0.0,0.001609524362720549,160
SLAKE_STAGE2_BANK16,101,F2,3.065782070159912,0.8785842061042786,0.7664945125579834,5.4535746574401855,2.164370059967041,0.0001474782584409695,1
SLAKE_STAGE2_BANK16,101,F2,2.6732473373413086,0.0164193082600832,2.3627254962921143,5.896678447723389,1.9188928604125977,0.00010556812776485458,2
SLAKE_STAGE2_BANK16,101,F2,2.5968375205993652,0.0935865119099617,3.0398354530334473,5.914112091064453,1.8706361055374146,0.00011638464275165461,3
SLAKE_STAGE2_BANK16,101,F2,2.4744887351989746,0.3218662440776825,3.655395030975342,6.017051696777344,1.7936683893203735,0.00012332803089520894,4
SLAKE_STAGE2_BANK16,101,F2,2.687997341156006,0.30944958329200745,4.268230199813843,5.805325031280518,1.9265321493148804,0.00015999261813703924,5
SLAKE_STAGE2_BANK16,101,F2,2.2990081310272217,0.01572677120566368,4.876704454421997,6.098931789398193,1.6822277307510376,0.0001173528580693528,6
SLAKE_STAGE2_BANK16,101,F2,2.1989173889160156,0.7981002330780029,5.492758512496948,6.144664287567139,1.618361234664917,0.00012927180796395987,7
SLAKE_STAGE2_BANK16,101,F2,2.0751609802246094,0.08559972047805786,6.111193656921387,6.115882873535156,1.5391719341278076,0.00013842010957887396,8
SLAKE_STAGE2_BANK16,101,F2,2.295574903488159,0.2634679675102234,6.730020046234131,6.062982559204102,1.675620436668396,0.00018272597662871704,9
SLAKE_STAGE2_BANK16,101,F2,1.8943767547607422,0.08200205862522125,7.35579514503479,6.168111801147461,1.420206069946289,0.00013980405492475256,10
SLAKE_STAGE2_BANK16,101,F2,1.7764739990234375,0.014994954690337181,7.973190069198608,6.046306133270264,1.34219491481781,0.00015321278624469414,11
SLAKE_STAGE2_BANK16,101,F2,1.9967693090438843,0.7264676690101624,8.588544130325317,6.079084396362305,1.476508617401123,0.00016563817916903645,12
SLAKE_STAGE2_BANK16,101,F2,1.5950850248336792,0.07689379900693893,9.218048572540283,5.950634956359863,1.2129710912704468,0.00022281163546722382,13
SLAKE_STAGE2_BANK16,101,F2,1.4849339723587036,0.6964115500450134,9.83348798751831,5.698019981384277,1.13361656665802,0.00017735904839355499,14
SLAKE_STAGE2_BANK16,101,F2,1.7023594379425049,0.014410813339054585,10.447345972061157,5.725749969482422,1.2605234384536743,0.0001925107862916775,15
SLAKE_STAGE2_BANK16,101,F2,1.3110249042510986,0.1876877248287201,11.057121515274048,5.235092639923096,0.9900141954421997,0.00020897208742098883,16
SLAKE_STAGE2_BANK16,101,F2,1.526410460472107,0.014147916808724403,11.673842906951904,5.277209281921387,1.1089162826538086,0.0002900433973991312,17
SLAKE_STAGE2_BANK16,101,F2,1.1637654304504395,0.1679452657699585,12.29003357887268,4.737975120544434,0.8333240747451782,0.00024142191250575706,18
SLAKE_STAGE2_BANK16,101,F2,1.0852282047271729,0.6204336285591125,12.906890153884888,4.392374038696289,0.7599879503250122,0.00025486260710749775,19
SLAKE_STAGE2_BANK16,101,F2,1.2997101545333862,0.06328094005584717,13.533187866210938,4.599046230316162,0.8687031269073486,0.0002767717087408528,20
SLAKE_STAGE2_BANK16,101,F2,0.9710406064987183,0.14087852835655212,14.169619083404541,4.1187615394592285,0.5949751734733582,0.00039484391163568944,21
SLAKE_STAGE2_BANK16,101,F2,0.9058330655097961,0.059939246624708176,14.796830177307129,3.8109073638916016,0.5296435356140137,0.0003374567750142887,22
SLAKE_STAGE2_BANK16,101,F2,0.8595989346504211,0.561692476272583,15.41482424736023,3.878363847732544,0.44107210636138916,0.0003429084172239527,23
SLAKE_STAGE2_BANK16,101,F2,1.052093744277954,0.013075637631118298,16.030274868011475,4.137689590454102,0.5556958317756653,0.00036951471702195704,24
SLAKE_STAGE2_BANK16,101,F2,0.7528500556945801,0.01296066865324974,16.646908283233643,3.6809990406036377,0.29723766446113586,0.0005354626628104597,25
SLAKE_STAGE2_BANK16,101,F2,0.9353153109550476,0.053825292736291885,17.272167444229126,3.9867377281188965,0.41359826922416687,0.00046267958532553166,26
SLAKE_STAGE2_BANK16,101,F2,0.6528211236000061,0.5100830793380737,17.88798975944519,3.289560079574585,0.1881008744239807,0.0004488586273510009,27
SLAKE_STAGE2_BANK16,101,F2,0.6081990599632263,0.09639810025691986,18.49468183517456,3.1927640438079834,0.13048642873764038,0.00048301297647412866,28
SLAKE_STAGE2_BANK16,101,F2,0.5526598691940308,0.05025313049554825,19.12194514274597,3.2894065380096436,0.04460501670837402,0.0007046512037049979,29
SLAKE_STAGE2_BANK16,101,F2,0.7109516263008118,0.08796246349811554,19.736079216003418,3.6665918827056885,0.1648440957069397,0.0006129322573542595,30
SLAKE_STAGE2_BANK16,101,F2,0.45910096168518066,0.012327227741479874,20.344430208206177,2.839233875274658,0.0,0.0005782318185083568,31
SLAKE_STAGE2_BANK16,101,F2,0.430806964635849,0.45787397027015686,20.95849609375,2.546222448348999,0.0,0.0006210231513250619,32
SLAKE_STAGE2_BANK16,101,F2,0.5552820563316345,0.04638062044978142,21.576998233795166,3.360671043395996,0.010088741779327393,0.0009041182929649949,33
SLAKE_STAGE2_BANK16,101,F2,0.5046456456184387,0.011975113302469254,22.190815687179565,3.028214931488037,0.0,0.0007856884913053364,34
SLAKE_STAGE2_BANK16,101,F2,0.2948167622089386,0.07270641624927521,22.80670714378357,2.227348804473877,0.0,0.0007335500849876553,35
SLAKE_STAGE2_BANK16,101,F2,0.28050145506858826,0.4266730844974518,23.42351531982422,1.9994837045669556,0.0,0.0007706603792030364,36
SLAKE_STAGE2_BANK16,101,F2,0.22767063975334167,0.011822420172393322,24.04124164581299,1.8590607643127441,0.0,0.0011271440307609737,37
SLAKE_STAGE2_BANK16,101,F2,0.2204015702009201,0.0668979212641716,24.657231092453003,1.6957446336746216,0.0,0.0009838952391874045,38
SLAKE_STAGE2_BANK16,101,F2,0.28993505239486694,0.04282864183187485,25.283712148666382,2.185831069946289,0.0,0.0009072880784515291,39
SLAKE_STAGE2_BANK16,101,F2,0.16802486777305603,0.40547195076942444,25.899187803268433,1.3832125663757324,0.0,0.0009513660916127264,40
SLAKE_STAGE2_BANK16,101,F2,0.22532406449317932,0.06372649222612381,26.525580883026123,1.8057196140289307,0.0,0.0013911629212088883,41
SLAKE_STAGE2_BANK16,101,F2,0.10918913781642914,0.04208047688007355,27.153887033462524,0.9883655309677124,0.0,0.0011901117977686226,42
SLAKE_STAGE2_BANK16,101,F2,0.09378121048212051,0.39519771933555603,27.769439697265625,0.854590654373169,0.0,0.0011309462715871632,43
SLAKE_STAGE2_BANK16,101,F2,0.15161427855491638,0.012061658315360546,28.38582968711853,1.3051111698150635,0.0,0.0011787546100094914,44
SLAKE_STAGE2_BANK16,101,F2,0.08083121478557587,0.06282900273799896,29.002099990844727,0.7481877207756042,0.0,0.0017135238740593195,45
SLAKE_STAGE2_BANK16,101,F2,0.11630179733037949,0.3927864134311676,29.616445541381836,1.04836106300354,0.0,0.0014814394526183605,46
SLAKE_STAGE2_BANK16,101,F2,0.060025714337825775,0.012167152017354965,30.22273063659668,0.575259268283844,0.0,0.001484197040554136,47
SLAKE_STAGE2_BANK16,101,F2,0.044925756752491,0.042042650282382965,30.85131311416626,0.41894248127937317,0.0,0.0015069787041284144,48
SLAKE_STAGE2_BANK16,101,F2,0.039072997868061066,0.04226406663656235,31.477845191955566,0.3643927574157715,0.0,0.0021552816033363342,49
SLAKE_STAGE2_BANK16,101,F2,0.039583586156368256,0.012527014128863811,32.093181133270264,0.39215803146362305,0.0,0.0018746057176031172,50
SLAKE_STAGE2_BANK16,101,F2,0.061752717941999435,0.06720167398452759,32.71153807640076,0.6196616888046265,0.0,0.0019806078635156155,51
SLAKE_STAGE2_BANK16,101,F2,0.030603405088186264,0.4012085795402527,33.32741379737854,0.3014712929725647,0.0,0.001973406004253775,52
SLAKE_STAGE2_BANK16,101,F2,0.02413240447640419,0.06977871060371399,33.94611430168152,0.21764028072357178,0.0,0.0027940740110352635,53
SLAKE_STAGE2_BANK16,101,F2,0.044130127876996994,0.04354853183031082,34.570237159729004,0.454028457403183,0.0,0.002434099791571498,54
SLAKE_STAGE2_BANK16,101,F2,0.01951787993311882,0.4078039228916168,35.186782121658325,0.16896452009677887,0.0,0.002628737362101674,55
SLAKE_STAGE2_BANK16,101,F2,0.03588821738958359,0.013429922983050346,35.80414032936096,0.3635180592536926,0.0,0.00258644949644804,56
SLAKE_STAGE2_BANK16,101,F2,0.017695311456918716,0.04478732496500015,36.42987084388733,0.15738831460475922,0.0,0.00358465698082,57
SLAKE_STAGE2_BANK16,101,F2,0.02984355390071869,0.4165617823600769,37.047383546829224,0.28832849860191345,0.0,0.0031110470881685615,58
SLAKE_STAGE2_BANK16,101,F2,0.01373481284826994,0.07878367602825165,37.65546941757202,0.1056695282459259,0.0,0.0033957184059545398,59
SLAKE_STAGE2_BANK16,101,F2,0.013647519052028656,0.013829146511852741,38.27338743209839,0.10965760797262192,0.0,0.0032525304704904556,60
SLAKE_STAGE2_BANK16,101,F2,0.023518122732639313,0.4259641170501709,38.91944718360901,0.20443253219127655,0.0,0.004409070708788931,61
SLAKE_STAGE2_BANK16,101,F2,0.011927531100809574,0.046813003718853,39.54738163948059,0.0901051014661789,0.0,0.0037896590074524283,62
SLAKE_STAGE2_BANK16,101,F2,0.010497527197003365,0.08509409427642822,40.16460967063904,0.0768725648522377,0.0,0.004128338070586324,63
SLAKE_STAGE2_BANK16,101,F2,0.009962547570466995,0.014200735837221146,40.79082536697388,0.07282976061105728,0.0,0.0038794107967987657,64
SLAKE_STAGE2_BANK16,101,F2,0.010053643025457859,0.08769672363996506,41.40502333641052,0.07984079420566559,0.0,0.005092771956697106,65
SLAKE_STAGE2_BANK16,101,F2,0.01749778911471367,0.014468027278780937,42.02192997932434,0.13289928436279297,0.0,0.0043580306228250265,66
SLAKE_STAGE2_BANK16,101,F2,0.01674353890120983,0.4425372779369354,42.639875173568726,0.11990544945001602,0.0,0.004655379801988602,67
SLAKE_STAGE2_BANK16,101,F2,0.008382751606404781,0.048776786774396896,43.26632308959961,0.06642381101846695,0.0,0.004358308506198227,68
SLAKE_STAGE2_BANK16,101,F2,0.008447522297501564,0.09251069277524948,43.88332939147949,0.0779770016670227,0.0,0.0055591335985809565,69
SLAKE_STAGE2_BANK16,101,F2,0.01486221980303526,0.014612311497330666,44.49868893623352,0.10421045124530792,0.0,0.004667020868510008,70
SLAKE_STAGE2_BANK16,101,F2,0.007941021583974361,0.4523959159851074,45.11774039268494,0.06800083816051483,0.0,0.00497656874358654,71
SLAKE_STAGE2_BANK16,101,F2,0.007343617733567953,0.04976588860154152,45.743292570114136,0.0652371272444725,0.0,0.0045370920561254025,72
SLAKE_STAGE2_BANK16,101,F2,0.013548223301768303,0.01477371621876955,46.34899020195007,0.09803815186023712,0.0,0.005738946842029691,73
SLAKE_STAGE2_BANK16,101,F2,0.007278344128280878,0.46114233136177063,46.959251403808594,0.06510762870311737,0.0,0.004787287907674909,74
SLAKE_STAGE2_BANK16,101,F2,0.006833345629274845,0.050496622920036316,47.58325552940369,0.07032673060894012,0.0,0.005034571280702949,75
SLAKE_STAGE2_BANK16,101,F2,0.012530364096164703,0.09949736297130585,48.19910907745361,0.08247952163219452,0.0,0.004534213338047266,76
SLAKE_STAGE2_BANK16,101,F2,0.006832269486039877,0.46635499596595764,48.81472063064575,0.07472946494817734,0.0,0.005643582670018077,77
SLAKE_STAGE2_BANK16,101,F2,0.006428498774766922,0.01480364054441452,49.431472063064575,0.06674220412969589,0.0,0.004672558279708028,78
SLAKE_STAGE2_BANK16,101,F2,0.006594670005142689,0.10111185163259506,50.04706692695618,0.06702563911676407,0.0,0.004827090771868825,79
SLAKE_STAGE2_BANK16,101,F2,0.006213657557964325,0.05148935690522194,50.67507576942444,0.0607413686811924,0.0,0.004325600108131766,80
SLAKE_STAGE2_BANK16,101,F2,0.011502830311655998,0.014926187694072723,51.340502977371216,0.08097852766513824,0.0,0.005299755837768316,81
SLAKE_STAGE2_BANK16,101,F2,0.006058535538613796,0.05189027264714241,51.96875286102295,0.06185366213321686,0.0,0.004403357394039631,82
SLAKE_STAGE2_BANK16,101,F2,0.006223471835255623,0.4789091646671295,52.584203481674194,0.061520710587501526,0.0,0.004566988442093134,83
SLAKE_STAGE2_BANK16,101,F2,0.011074524372816086,0.10379214584827423,53.19994878768921,0.07085371017456055,0.0,0.004036052501760423,84
SLAKE_STAGE2_BANK16,101,F2,0.01094258576631546,0.10422982275485992,53.81722164154053,0.07433875650167465,0.0,0.004920325009152293,85
SLAKE_STAGE2_BANK16,101,F2,0.006001878995448351,0.4837145507335663,54.43493986129761,0.05544604733586311,0.0,0.004037938662804663,86
SLAKE_STAGE2_BANK16,101,F2,0.005699765868484974,0.014994282275438309,55.04919362068176,0.05769187584519386,0.0,0.00423072837293148,87
SLAKE_STAGE2_BANK16,101,F2,0.010605035349726677,0.05223024636507034,55.67560935020447,0.06573040038347244,0.0,0.00372400414198637,88
SLAKE_STAGE2_BANK16,101,F2,0.005535415839403868,0.014890998601913452,56.28929305076599,0.0615118145942688,0.0,0.004515912616625428,89
SLAKE_STAGE2_BANK16,101,F2,0.005752468015998602,0.49048641324043274,56.89908695220947,0.052068985998630524,0.0,0.0037426978815346956,90
SLAKE_STAGE2_BANK16,101,F2,0.010305706411600113,0.1049395427107811,57.513752698898315,0.06567653268575668,0.0,0.0038807804230600595,91
SLAKE_STAGE2_BANK16,101,F2,0.005654166918247938,0.05249681696295738,58.14209461212158,0.0455143041908741,0.0,0.0034316371893510222,92
SLAKE_STAGE2_BANK16,101,F2,0.0053298077546060085,0.10474719852209091,58.75870156288147,0.05769193917512894,0.0,0.004160794545896351,93
SLAKE_STAGE2_BANK16,101,F2,0.010013159364461899,0.014771861024200916,59.377676010131836,0.061518602073192596,0.0,0.00344585336279124,94
SLAKE_STAGE2_BANK16,101,F2,0.0055150859989225864,0.49496859312057495,59.99065899848938,0.050574515014886856,0.0,0.0035714079858735204,95
SLAKE_STAGE2_BANK16,101,F2,0.005185817368328571,0.0525699220597744,60.61728000640869,0.04275330901145935,0.0,0.0031383949099108577,96
SLAKE_STAGE2_BANK16,101,F2,0.0054557290859520435,0.052551623433828354,61.2454993724823,0.04813644289970398,0.0,0.003818395547568798,97
SLAKE_STAGE2_BANK16,101,F2,0.005129666533321142,0.014683505520224571,61.860655069351196,0.04317113757133484,0.0,0.003176554571837187,98
SLAKE_STAGE2_BANK16,101,F2,0.009684866294264793,0.10412535071372986,62.483219385147095,0.06169815734028816,0.0,0.003288678708486259,99
SLAKE_STAGE2_BANK16,101,F2,0.005040481220930815,0.5002374649047852,63.092655658721924,0.04473147168755531,0.0,0.0028989266138523817,100
SLAKE_STAGE2_BANK16,101,F2,0.009577326476573944,0.052650947123765945,63.73937749862671,0.059484049677848816,0.0,0.00353030429687351,101
SLAKE_STAGE2_BANK16,101,F2,0.00523925106972456,0.014728732407093048,64.35735321044922,0.03853514790534973,0.0,0.0029190268833190203,102
SLAKE_STAGE2_BANK16,101,F2,0.005174567457288504,0.10317578911781311,64.97625303268433,0.04469171538949013,0.0,0.0030524454778060317,103
SLAKE_STAGE2_BANK16,101,F2,0.009342704899609089,0.5025597810745239,65.5879487991333,0.06298596411943436,0.0,0.00267999607603997,104
SLAKE_STAGE2_BANK16,101,F2,0.004829379729926586,0.014685116708278656,66.20401215553284,0.04254424571990967,0.0,0.003279826953075826,105
SLAKE_STAGE2_BANK16,101,F2,0.005049474537372589,0.052265413105487823,66.8324224948883,0.0365186370909214,0.0,0.002732583205215633,106
SLAKE_STAGE2_BANK16,101,F2,0.009110089391469955,0.1019701212644577,67.44705939292908,0.05938374996185303,0.0,0.0028415126726031303,107
SLAKE_STAGE2_BANK16,101,F2,0.004707080777734518,0.5043473839759827,68.0658826828003,0.0417494922876358,0.0,0.0025136249605566263,108
SLAKE_STAGE2_BANK16,101,F2,0.0046660806983709335,0.10102088749408722,68.6812674999237,0.04330231621861458,0.0,0.003083620104007423,109
SLAKE_STAGE2_BANK16,101,F2,0.0049215336330235004,0.052004218101501465,69.31995463371277,0.034799009561538696,0.0,0.0025721299462020397,110
SLAKE_STAGE2_BANK16,101,F2,0.008912800811231136,0.5034246444702148,69.92562317848206,0.06102786585688591,0.0,0.002684235107153654,111
SLAKE_STAGE2_BANK16,101,F2,0.00882681179791689,0.0144608523696661,70.54148697853088,0.05636310204863548,0.0,0.002376012969762087,112
SLAKE_STAGE2_BANK16,101,F2,0.004508268088102341,0.014373060315847397,71.15600395202637,0.037972040474414825,0.0,0.002936946111731231,113
SLAKE_STAGE2_BANK16,101,F2,0.004700613673776388,0.051449600607156754,71.78369498252869,0.03323100879788399,0.0,0.0024614554131403565,114
SLAKE_STAGE2_BANK16,101,F2,0.008602648973464966,0.097541444003582,72.40096855163574,0.05698082596063614,0.0,0.0025664566783234477,115
SLAKE_STAGE2_BANK16,101,F2,0.004648088477551937,0.5036545991897583,73.01632070541382,0.042009443044662476,0.0,0.002276552375406027,116
SLAKE_STAGE2_BANK16,101,F2,0.0043402304872870445,0.05128691717982292,73.64481592178345,0.0362226776778698,0.0,0.0028124210657551885,117
SLAKE_STAGE2_BANK16,101,F2,0.004590223543345928,0.014422310516238213,74.25944232940674,0.031863532960414886,0.0,0.0023453301982954144,118
SLAKE_STAGE2_BANK16,101,F2,0.00831400416791439,0.5026927590370178,74.876131772995,0.05836516618728638,0.0,0.0024610008113086224,119
SLAKE_STAGE2_BANK16,101,F2,0.004249203018844128,0.09478311985731125,75.49212527275085,0.03536326438188553,0.0,0.0021809497266076505,120
SLAKE_STAGE2_BANK16,101,F2,0.008181103505194187,0.014398855157196522,76.11785626411438,0.05229009687900543,0.0,0.0027038982370868325,121
SLAKE_STAGE2_BANK16,101,F2,0.0041467915289103985,0.05069145932793617,76.74526882171631,0.030904587358236313,0.0,0.0022627876605838537,122
SLAKE_STAGE2_BANK16,101,F2,0.004364619497209787,0.5024334788322449,77.36039781570435,0.04121972993016243,0.0,0.00238471373450011,123
SLAKE_STAGE2_BANK16,101,F2,0.004089741036295891,0.09264131635427475,77.9775824546814,0.03421952947974205,0.0,0.002102262224070728,124
SLAKE_STAGE2_BANK16,101,F2,0.0042696064338088036,0.014134235680103302,78.59081363677979,0.03255105018615723,0.0,0.0026018699863925576,125
SLAKE_STAGE2_BANK16,101,F2,0.007835393771529198,0.05032868683338165,79.2178282737732,0.05090589448809624,0.0,0.002188408747315407,126
SLAKE_STAGE2_BANK16,101,F2,0.003956761676818132,0.5001164674758911,79.81519436836243,0.03871934115886688,0.0,0.0022957572946324944,127
SLAKE_STAGE2_BANK16,101,F2,0.004176279529929161,0.09049612283706665,80.43060493469238,0.0343320406973362,0.0,0.002022597356699407,128
SLAKE_STAGE2_BANK16,101,F2,0.0076633356511592865,0.49853214621543884,81.04841208457947,0.05445457249879837,0.0,0.002505789278075099,129
SLAKE_STAGE2_BANK16,101,F2,0.003864367725327611,0.014257128350436687,81.64396572113037,0.029181579127907753,0.0,0.002111890586093068,130
SLAKE_STAGE2_BANK16,101,F2,0.004073833115398884,0.08824129402637482,82.2645308971405,0.034510113298892975,0.0,0.002208897960372269,131
SLAKE_STAGE2_BANK16,101,F2,0.0074880532920360565,0.049365296959877014,82.88691520690918,0.049946364015340805,0.0,0.0019788669305853546,132
SLAKE_STAGE2_BANK16,101,F2,0.007443522568792105,0.049296606332063675,83.5151834487915,0.04852570593357086,0.0,0.002424551290459931,133
SLAKE_STAGE2_BANK16,101,F2,0.003720779437571764,0.4968442916870117,84.13189911842346,0.03626539558172226,0.0,0.002044332621153444,134
SLAKE_STAGE2_BANK16,101,F2,0.003917429130524397,0.08565720170736313,84.74795627593994,0.03353862091898918,0.0,0.0021750981686636806,135
SLAKE_STAGE2_BANK16,101,F2,0.007249289192259312,0.01397471409291029,85.36324143409729,0.04835342988371849,0.0,0.001909372687805444,136
SLAKE_STAGE2_BANK16,101,F2,0.0036362498067319393,0.49451836943626404,85.97772002220154,0.03739715367555618,0.0,0.002364080515690148,137
SLAKE_STAGE2_BANK16,101,F2,0.0037852693349123,0.048679281026124954,86.59859681129456,0.0270916149020195,0.0,0.0020047955913469195,138
SLAKE_STAGE2_BANK16,101,F2,0.003782203420996666,0.08380933851003647,87.2166953086853,0.032493241131305695,0.0,0.00210262683685869,139
SLAKE_STAGE2_BANK16,101,F2,0.0035462714731693268,0.014005983248353004,87.82903337478638,0.026036066934466362,0.0,0.0018598496681079268,140
SLAKE_STAGE2_BANK16,101,F2,0.006935690529644489,0.01389464084059,88.44490432739258,0.0457334890961647,0.0,0.002307842718437314,141
SLAKE_STAGE2_BANK16,101,F2,0.006901397369801998,0.49278634786605835,89.06112790107727,0.05091468244791031,0.0,0.0019559775246307254,142
SLAKE_STAGE2_BANK16,101,F2,0.0036382866092026234,0.08113179355859756,89.67738127708435,0.031484588980674744,0.0,0.0020565325394272804,143
SLAKE_STAGE2_BANK16,101,F2,0.003414236009120941,0.048088438808918,90.30408501625061,0.025315310806035995,0.0,0.001807782449759543,144
SLAKE_STAGE2_BANK16,101,F2,0.006711144931614399,0.08010641485452652,90.91950702667236,0.04553011804819107,0.0,0.0022496843012049794,145
SLAKE_STAGE2_BANK16,101,F2,0.0035491238813847303,0.04777168110013008,91.54828596115112,0.025771455839276314,0.0,0.0019049699185416102,146
SLAKE_STAGE2_BANK16,101,F2,0.0033336624037474394,0.01382487453520298,92.16349053382874,0.027177633717656136,0.0,0.001997434184886515,147
SLAKE_STAGE2_BANK16,101,F2,0.003465839195996523,0.4896809160709381,92.77924394607544,0.03629086911678314,0.0,0.0017676613060757518,148
SLAKE_STAGE2_BANK16,101,F2,0.006530288606882095,0.4902585446834564,93.39557003974915,0.048475492745637894,0.0,0.0021744053810834885,149
SLAKE_STAGE2_BANK16,101,F2,0.0032557968515902758,0.04733293503522873,94.02199459075928,0.02553638629615307,0.0,0.0018469840288162231,150
SLAKE_STAGE2_BANK16,101,F2,0.003212322248145938,0.07730851322412491,94.63704419136047,0.029877161607146263,0.0,0.0019387566717341542,151
SLAKE_STAGE2_BANK16,101,F2,0.006391826085746288,0.013803647831082344,95.24462056159973,0.043516580015420914,0.0,0.0017105075530707836,152
SLAKE_STAGE2_BANK16,101,F2,0.003341707168146968,0.01382810901850462,95.86073851585388,0.027019314467906952,0.0,0.0021244953968562186,153
SLAKE_STAGE2_BANK16,101,F2,0.003340137656778097,0.047022100538015366,96.48823499679565,0.024422939866781235,0.0,0.001796210475731641,154
SLAKE_STAGE2_BANK16,101,F2,0.006237637251615524,0.07539357990026474,97.10258173942566,0.04298758506774902,0.0,0.0018779096426442266,155
SLAKE_STAGE2_BANK16,101,F2,0.003090104553848505,0.48781394958496094,97.72027587890625,0.0339239165186882,0.0,0.0016676399973221123,156
SLAKE_STAGE2_BANK16,101,F2,0.006127458531409502,0.48708024621009827,98.3348479270935,0.04632268473505974,0.0,0.002074462012387812,157
SLAKE_STAGE2_BANK16,101,F2,0.003055941080674529,0.04662298038601875,98.96298480033875,0.024265380576252937,0.0,0.0017520589171908796,158
SLAKE_STAGE2_BANK16,101,F2,0.003178419079631567,0.013725409284234047,99.56674528121948,0.02417854778468609,0.0,0.001840531884226948,159
SLAKE_STAGE2_BANK16,101,F2,0.003012829925864935,0.07335241138935089,100.18454647064209,0.026199650019407272,0.0,0.0016242763376794755,160
SLAKE_STAGE2_BANK16,102,F0,0.0,0.0,2.2586820125579834,0.00044927242561243474,0.0,0.00012597448221640661,1
SLAKE_STAGE2_BANK16,102,F0,0.0,0.0,2.528742790222168,0.0004610830801539123,0.0,0.00013813250552630052,2
SLAKE_STAGE2_BANK16,102,F0,0.0,0.0,2.8067519664764404,0.000942261831369251,0.0,0.00015620500562363304,3
SLAKE_STAGE2_BANK16,102,F0,0.0,0.0,3.0834414958953857,0.0004421175108291209,0.0,0.0001241077588929329,4
SLAKE_STAGE2_BANK16,102,F0,0.0,0.0,3.300889492034912,0.00040921306936070323,0.0,0.00011749201803468168,5
SLAKE_STAGE2_BANK16,102,F0,0.0,0.0,3.5337729454040527,0.00042215955909341574,0.0,0.00012857741603511386,6
SLAKE_STAGE2_BANK16,102,F0,0.0,0.0,3.7574400901794434,0.0007305928156711161,0.0,0.0001393019083479885,7
SLAKE_STAGE2_BANK16,102,F0,0.0,0.0,3.979257345199585,0.00044264685129746795,0.0,0.00011711511251633056,8
SLAKE_STAGE2_BANK16,102,F0,0.0,0.0,4.193608999252319,0.0003915608103852719,0.0,0.00011111526328022592,9
SLAKE_STAGE2_BANK16,102,F0,0.0,0.0,4.41100811958313,0.0003922020841855556,0.0,0.00012059160144417547,10
SLAKE_STAGE2_BANK16,102,F0,0.0,0.0,4.635477542877197,0.0006073815166018903,0.0,0.00012730432717944495,11
SLAKE_STAGE2_BANK16,102,F0,0.0,0.0,4.8478639125823975,0.00041147638694383204,0.0,0.00011137397086713463,12
SLAKE_STAGE2_BANK16,102,F0,0.0,0.0,5.066718339920044,0.00037459173472598195,0.0,0.00010597012078505941,13
SLAKE_STAGE2_BANK16,102,F0,0.0,0.0,5.294016599655151,0.00037117136525921524,0.0,0.00011540679042809643,14
SLAKE_STAGE2_BANK16,102,F0,0.0,0.0,5.513110160827637,0.0005260478937998414,0.0,0.00012037171836709604,15
SLAKE_STAGE2_BANK16,102,F0,0.0,0.0,5.736253261566162,0.0003908462531398982,0.0,0.00010684462176868692,16
SLAKE_STAGE2_BANK16,102,F0,0.0,0.0,5.954159498214722,0.00035435077734291553,0.0,0.00010275191380060278,17
SLAKE_STAGE2_BANK16,102,F0,0.0,0.0,6.1713526248931885,0.00035628044861368835,0.0,0.0001113542020902969,18
SLAKE_STAGE2_BANK16,102,F0,0.0,0.0,6.386340141296387,0.00046338210813701153,0.0,0.00011476987492642365,19
SLAKE_STAGE2_BANK16,102,F0,0.0,0.0,6.601966619491577,0.00037246430292725563,0.0,0.00010297081098542549,20
SLAKE_STAGE2_BANK16,102,F0,0.0,0.0,6.8358588218688965,0.000332591705955565,0.0,9.852051152847707e-05,21
SLAKE_STAGE2_BANK16,102,F0,0.0,0.0,7.051735162734985,0.0003375047235749662,0.0,0.00010845382712432183,22
SLAKE_STAGE2_BANK16,102,F0,0.0,0.0,7.2636260986328125,0.0004391871625557542,0.0,0.00011035980423912406,23
SLAKE_STAGE2_BANK16,102,F0,0.0,0.0,7.484307527542114,0.0003415793471504003,0.0,9.923606558004394e-05,24
SLAKE_STAGE2_BANK16,102,F0,0.0,0.0,7.709686756134033,0.00032079091761261225,0.0,9.516322097624652e-05,25
SLAKE_STAGE2_BANK16,102,F0,0.0,0.0,7.930614233016968,0.00032181007554754615,0.0,0.00010632819248712622,26
SLAKE_STAGE2_BANK16,102,F0,0.0,0.0,8.144500255584717,0.00046485901111736894,0.0,0.00010767798812594265,27
SLAKE_STAGE2_BANK16,102,F0,0.0,0.0,8.36555790901184,0.00034126691753044724,0.0,9.703094838187099e-05,28
SLAKE_STAGE2_BANK16,102,F0,0.0,0.0,8.579455614089966,0.00029732732218690217,0.0,9.266013876185752e-05,29
SLAKE_STAGE2_BANK16,102,F0,0.0,0.0,8.800403833389282,0.0003204483655281365,0.0,0.000105116399936378,30
SLAKE_STAGE2_BANK16,102,F0,0.0,0.0,9.015491724014282,0.00045113888336345553,0.0,0.00010505579848540947,31
SLAKE_STAGE2_BANK16,102,F0,0.0,0.0,9.233240604400635,0.00032781113986857235,0.0,9.452785161556676e-05,32
SLAKE_STAGE2_BANK16,102,F0,0.0,0.0,9.458762884140015,0.0002989797212649137,0.0,9.107088771997951e-05,33
SLAKE_STAGE2_BANK16,102,F0,0.0,0.0,9.674606084823608,0.0003291071916464716,0.0,0.000104103241028497,34
SLAKE_STAGE2_BANK16,102,F0,0.0,0.0,9.895443439483643,0.00044868714758194983,0.0,0.0001032480358844623,35
SLAKE_STAGE2_BANK16,102,F0,0.0,0.0,10.113595724105835,0.0003172867000102997,0.0,9.273992691305466e-05,36
SLAKE_STAGE2_BANK16,102,F0,0.0,0.0,10.3333580493927,0.000282102293567732,0.0,8.950148185249418e-05,37
SLAKE_STAGE2_BANK16,102,F0,0.0,0.0,10.560237646102905,0.0003207057889085263,0.0,0.00010366621427237988,38
SLAKE_STAGE2_BANK16,102,F0,0.0,0.0,10.776429653167725,0.00043541291961446404,0.0,0.00010128137728315778,39
SLAKE_STAGE2_BANK16,102,F0,0.0,0.0,10.992029905319214,0.00030590282403863966,0.0,9.117052104556933e-05,40
SLAKE_STAGE2_BANK16,102,F0,0.0,0.0,11.234205484390259,0.0002721556229516864,0.0,8.817047273623757e-05,41
SLAKE_STAGE2_BANK16,102,F0,0.0,0.0,11.453994989395142,0.000309316033963114,0.0,0.00010285171447321773,42
SLAKE_STAGE2_BANK16,102,F0,0.0,0.0,11.670814037322998,0.0004411886038724333,0.0,0.00010020861373050138,43
SLAKE_STAGE2_BANK16,102,F0,0.0,0.0,11.890082120895386,0.0003001478035002947,0.0,8.989909474621527e-05,44
SLAKE_STAGE2_BANK16,102,F0,0.0,0.0,12.115016222000122,0.0002708194369915873,0.0,8.739571421756409e-05,45
SLAKE_STAGE2_BANK16,102,F0,0.0,0.0,12.334288120269775,0.00031770969508215785,0.0,0.0001023550757963676,46
SLAKE_STAGE2_BANK16,102,F0,0.0,0.0,12.55797004699707,0.000405618135118857,0.0,9.796385347726755e-05,47
SLAKE_STAGE2_BANK16,102,F0,0.0,0.0,12.778175354003906,0.00029011222068220377,0.0,8.862769027473405e-05,48
SLAKE_STAGE2_BANK16,102,F0,0.0,0.0,13.002189874649048,0.0002660540631040931,0.0,8.616400373284705e-05,49
SLAKE_STAGE2_BANK16,102,F0,0.0,0.0,13.216765642166138,0.00032659556018188596,0.0,0.00010158031727769412,50
SLAKE_STAGE2_BANK16,102,F0,0.0,0.0,13.432726621627808,0.00039299001218751073,0.0,9.657323244027793e-05,51
SLAKE_STAGE2_BANK16,102,F0,0.0,0.0,13.648668050765991,0.0002952030044980347,0.0,8.789261846686713e-05,52
SLAKE_STAGE2_BANK16,102,F0,0.0,0.0,13.860411405563354,0.0002554927777964622,0.0,8.495216388837434e-05,53
SLAKE_STAGE2_BANK16,102,F0,0.0,0.0,14.075254917144775,0.00032979322713799775,0.0,0.00010090484647662379,54
SLAKE_STAGE2_BANK16,102,F0,0.0,0.0,14.293231010437012,0.0004230420454405248,0.0,9.526211943011731e-05,55
SLAKE_STAGE2_BANK16,102,F0,0.0,0.0,14.513567686080933,0.00029312956030480564,0.0,8.685956709086895e-05,56
SLAKE_STAGE2_BANK16,102,F0,0.0,0.0,14.738121509552002,0.00025636403006501496,0.0,8.409791553276591e-05,57
SLAKE_STAGE2_BANK16,102,F0,0.0,0.0,14.956457138061523,0.00032193405786529183,0.0,9.953409971785732e-05,58
SLAKE_STAGE2_BANK16,102,F0,0.0,0.0,15.162822961807251,0.0004082687955815345,0.0,9.4229108071886e-05,59
SLAKE_STAGE2_BANK16,102,F0,0.0,0.0,15.38734769821167,0.0002833118778653443,0.0,8.574705861974508e-05,60
SLAKE_STAGE2_BANK16,102,F0,0.0,0.0,15.628095865249634,0.0002619783626869321,0.0,8.324365626322106e-05,61
SLAKE_STAGE2_BANK16,102,F0,0.0,0.0,15.847734212875366,0.00031910123652778566,0.0,9.85606420726981e-05,62
SLAKE_STAGE2_BANK16,102,F0,0.0,0.0,16.063417196273804,0.00038152802153490484,0.0,9.287825741921552e-05,63
SLAKE_STAGE2_BANK16,102,F0,0.0,0.0,16.277186632156372,0.00029048824217170477,0.0,8.473387788399123e-05,64
SLAKE_STAGE2_BANK16,102,F0,0.0,0.0,16.497612237930298,0.0002560181310400367,0.0,8.30648496048525e-05,65
SLAKE_STAGE2_BANK16,102,F0,0.0,0.0,16.71185064315796,0.00032657248084433377,0.0,9.858050907496363e-05,66
SLAKE_STAGE2_BANK16,102,F0,0.0,0.0,16.931674480438232,0.00038609528564848006,0.0,9.144794603344053e-05,67
SLAKE_STAGE2_BANK16,102,F0,0.0,0.0,17.147769927978516,0.0002957127580884844,0.0,8.461467223241925e-05,68
SLAKE_STAGE2_BANK16,102,F0,0.0,0.0,17.366190671920776,0.0002621824387460947,0.0,8.288603567052633e-05,69
SLAKE_STAGE2_BANK16,102,F0,0.0,0.0,17.585525512695312,0.0003258702636230737,0.0,9.806395610212348e-05,70
SLAKE_STAGE2_BANK16,102,F0,0.0,0.0,17.806156873703003,0.00036614068085327744,0.0,9.091156607610174e-05,71
SLAKE_STAGE2_BANK16,102,F0,0.0,0.0,18.022671461105347,0.00028992511215619743,0.0,8.421734310104512e-05,72
SLAKE_STAGE2_BANK16,102,F0,0.0,0.0,18.24642038345337,0.00026096406509168446,0.0,8.270725084003061e-05,73
SLAKE_STAGE2_BANK16,102,F0,0.0,0.0,18.464003086090088,0.0003396387037355453,0.0,9.877910997602157e-05,74
SLAKE_STAGE2_BANK16,102,F0,0.0,0.0,18.68168878555298,0.0003716242790687829,0.0,9.099103044718504e-05,75
SLAKE_STAGE2_BANK16,102,F0,0.0,0.0,18.90029501914978,0.00029591709608212113,0.0,8.419746882282197e-05,76
SLAKE_STAGE2_BANK16,102,F0,0.0,0.0,19.125368118286133,0.00026824657106772065,0.0,8.294562576338649e-05,77
SLAKE_STAGE2_BANK16,102,F0,0.0,0.0,19.347538948059082,0.0003453726239968091,0.0,9.883870006888174e-05,78
SLAKE_STAGE2_BANK16,102,F0,0.0,0.0,19.56787133216858,0.00039334091707132757,0.0,9.08320871531032e-05,79
SLAKE_STAGE2_BANK16,102,F0,0.0,0.0,19.79118537902832,0.00029596846434287727,0.0,8.433654875261709e-05,80
SLAKE_STAGE2_BANK16,102,F0,0.0,0.0,20.017199754714966,0.00026872666785493493,0.0,8.282642374979332e-05,81
SLAKE_STAGE2_BANK16,102,F0,0.0,0.0,20.235647916793823,0.000390091969165951,0.0,9.939492520061322e-05,82
SLAKE_STAGE2_BANK16,102,F0,0.0,0.0,20.45078682899475,0.00039651760016568005,0.0,9.097115253098309e-05,83
SLAKE_STAGE2_BANK16,102,F0,0.0,0.0,20.668694019317627,0.0002904386492446065,0.0,8.399881699006073e-05,84
SLAKE_STAGE2_BANK16,102,F0,0.0,0.0,20.88729739189148,0.0002617854333948344,0.0,8.31244105938822e-05,85
SLAKE_STAGE2_BANK16,102,F0,0.0,0.0,21.10524344444275,0.0003715929633472115,0.0,9.939492156263441e-05,86
SLAKE_STAGE2_BANK16,102,F0,0.0,0.0,21.322232961654663,0.00038698670687153935,0.0,9.085194324143231e-05,87
SLAKE_STAGE2_BANK16,102,F0,0.0,0.0,21.53945517539978,0.00030247174436226487,0.0,8.38994856167119e-05,88
SLAKE_STAGE2_BANK16,102,F0,0.0,0.0,21.760552167892456,0.00026849284768104553,0.0,8.290588812087663e-05,89
SLAKE_STAGE2_BANK16,102,F0,0.0,0.0,21.975773334503174,0.0003834656090475619,0.0,9.893798414850608e-05,90
SLAKE_STAGE2_BANK16,102,F0,0.0,0.0,22.193331003189087,0.00038873328594490886,0.0,9.075261914404109e-05,91
SLAKE_STAGE2_BANK16,102,F0,0.0,0.0,22.4142062664032,0.0002988630731124431,0.0,8.370080831809901e-05,92
SLAKE_STAGE2_BANK16,102,F0,0.0,0.0,22.641331672668457,0.0002641723258420825,0.0,8.32833320600912e-05,93
SLAKE_STAGE2_BANK16,102,F0,0.0,0.0,22.86275029182434,0.0003841326106339693,0.0,9.911676534102298e-05,94
SLAKE_STAGE2_BANK16,102,F0,0.0,0.0,23.081433296203613,0.0003736881772056222,0.0,9.09513073565904e-05,95
SLAKE_STAGE2_BANK16,102,F0,0.0,0.0,23.298739910125732,0.00029485239065252244,0.0,8.376039841095917e-05,96
SLAKE_STAGE2_BANK16,102,F0,0.0,0.0,23.51778507232666,0.0002694019640330225,0.0,8.326346869580448e-05,97
SLAKE_STAGE2_BANK16,102,F0,0.0,0.0,23.74006152153015,0.0003880447766277939,0.0,9.854065501713194e-05,98
SLAKE_STAGE2_BANK16,102,F0,0.0,0.0,23.964433193206787,0.00036618311423808336,0.0,8.98189791769255e-05,99
SLAKE_STAGE2_BANK16,102,F0,0.0,0.0,24.18607211112976,0.0003074294072575867,0.0,8.385971159441397e-05,100
SLAKE_STAGE2_BANK16,102,F0,0.0,0.0,24.41209101676941,0.000276859849691391,0.0,8.282639100798406e-05,101
SLAKE_STAGE2_BANK16,102,F0,0.0,0.0,24.630043268203735,0.000381211080821231,0.0,9.81035700533539e-05,102
SLAKE_STAGE2_BANK16,102,F0,0.0,0.0,24.85004496574402,0.0003666158008854836,0.0,8.91633790160995e-05,103
SLAKE_STAGE2_BANK16,102,F0,0.0,0.0,25.066564083099365,0.0003156367165502161,0.0,8.32239784358535e-05,104
SLAKE_STAGE2_BANK16,102,F0,0.0,0.0,25.286959409713745,0.0002690647670533508,0.0,8.276677181129344e-05,105
SLAKE_STAGE2_BANK16,102,F0,0.0,0.0,25.503209352493286,0.0003951291728299111,0.0,9.75274306256324e-05,106
SLAKE_STAGE2_BANK16,102,F0,0.0,0.0,25.720904111862183,0.0003781612613238394,0.0,8.862697359290905e-05,107
SLAKE_STAGE2_BANK16,102,F0,0.0,0.0,25.93550682067871,0.0003134881844744086,0.0,8.304516086354852e-05,108
SLAKE_STAGE2_BANK16,102,F0,0.0,0.0,26.154866695404053,0.0002801099617499858,0.0,8.24687558633741e-05,109
SLAKE_STAGE2_BANK16,102,F0,0.0,0.0,26.376728534698486,0.00038432813016697764,0.0,9.661355215939693e-05,110
SLAKE_STAGE2_BANK16,102,F0,0.0,0.0,26.601155042648315,0.0003618272894527763,0.0,8.918319144868292e-05,111
SLAKE_STAGE2_BANK16,102,F0,0.0,0.0,26.817277193069458,0.00031970671261660755,0.0,8.336299288203008e-05,112
SLAKE_STAGE2_BANK16,102,F0,0.0,0.0,27.035252809524536,0.0002780946670100093,0.0,8.262767005362548e-05,113
SLAKE_STAGE2_BANK16,102,F0,0.0,0.0,27.254804134368896,0.0003918674192391336,0.0,9.71499212027993e-05,114
SLAKE_STAGE2_BANK16,102,F0,0.0,0.0,27.47733426094055,0.0003769128816202283,0.0,8.908385279937647e-05,115
SLAKE_STAGE2_BANK16,102,F0,0.0,0.0,27.70263385772705,0.0003166796814184636,0.0,8.334311496582814e-05,116
SLAKE_STAGE2_BANK16,102,F0,0.0,0.0,27.91527771949768,0.00028211320750415325,0.0,8.282633280032314e-05,117
SLAKE_STAGE2_BANK16,102,F0,0.0,0.0,28.12894868850708,0.00039049494080245495,0.0,9.697108544060029e-05,118
SLAKE_STAGE2_BANK16,102,F0,0.0,0.0,28.346405744552612,0.00037143094232305884,0.0,8.987847104435787e-05,119
SLAKE_STAGE2_BANK16,102,F0,0.0,0.0,28.57184147834778,0.0003253456379752606,0.0,8.32437835924793e-05,120
SLAKE_STAGE2_BANK16,102,F0,0.0,0.0,28.800858974456787,0.0002829706063494086,0.0,8.336272730957717e-05,121
SLAKE_STAGE2_BANK16,102,F0,0.0,0.0,29.020731210708618,0.0003896377165801823,0.0,9.714989573694766e-05,122
SLAKE_STAGE2_BANK16,102,F0,0.0,0.0,29.244677782058716,0.00037583470111712813,0.0,9.039503129315563e-05,123
SLAKE_STAGE2_BANK16,102,F0,0.0,0.0,29.469688177108765,0.0003335333603899926,0.0,8.429669833276421e-05,124
SLAKE_STAGE2_BANK16,102,F0,0.0,0.0,29.693469285964966,0.0002889721654355526,0.0,8.368061389774084e-05,125
SLAKE_STAGE2_BANK16,102,F0,0.0,0.0,29.911564826965332,0.0003828970075119287,0.0,9.752733603818342e-05,126
SLAKE_STAGE2_BANK16,102,F0,0.0,0.0,30.13838768005371,0.0003762109554372728,0.0,9.095131463254802e-05,127
SLAKE_STAGE2_BANK16,102,F0,0.0,0.0,30.355619430541992,0.0003265096456743777,0.0,8.41775290609803e-05,128
SLAKE_STAGE2_BANK16,102,F0,0.0,0.0,30.571542739868164,0.0002812082529999316,0.0,8.415743650402874e-05,129
SLAKE_STAGE2_BANK16,102,F0,0.0,0.0,30.785975456237793,0.0003952650586143136,0.0,9.748763477546163e-05,130
SLAKE_STAGE2_BANK16,102,F0,0.0,0.0,31.00513243675232,0.00039287019171752036,0.0,9.220287756761536e-05,131
SLAKE_STAGE2_BANK16,102,F0,0.0,0.0,31.225135326385498,0.00033326385891996324,0.0,8.515101217199117e-05,132
SLAKE_STAGE2_BANK16,102,F0,0.0,0.0,31.444257736206055,0.00029672347591258585,0.0,8.47137016535271e-05,133
SLAKE_STAGE2_BANK16,102,F0,0.0,0.0,31.663174867630005,0.00041072670137509704,0.0,9.81035191216506e-05,134
SLAKE_STAGE2_BANK16,102,F0,0.0,0.0,31.879147052764893,0.00039706515963189304,0.0,9.265983680961654e-05,135
SLAKE_STAGE2_BANK16,102,F0,0.0,0.0,32.09761619567871,0.0003178180777467787,0.0,8.493248969898559e-05,136
SLAKE_STAGE2_BANK16,102,F0,0.0,0.0,32.311704874038696,0.0002939747937489301,0.0,8.51905315357726e-05,137
SLAKE_STAGE2_BANK16,102,F0,0.0,0.0,32.53350377082825,0.0004018116451334208,0.0,9.810350093175657e-05,138
SLAKE_STAGE2_BANK16,102,F0,0.0,0.0,32.749059438705444,0.0003732434706762433,0.0,9.240163853974082e-05,139
SLAKE_STAGE2_BANK16,102,F0,0.0,0.0,32.967745542526245,0.0003192027215845883,0.0,8.554835221730173e-05,140
SLAKE_STAGE2_BANK16,102,F0,0.0,0.0,33.191994428634644,0.00030518652056343853,0.0,8.513094144291244e-05,141
SLAKE_STAGE2_BANK16,102,F0,0.0,0.0,33.41070604324341,0.0003897532296832651,0.0,9.804393994272687e-05,142
SLAKE_STAGE2_BANK16,102,F0,0.0,0.0,33.63145327568054,0.0003547014784999192,0.0,9.234204117092304e-05,143
SLAKE_STAGE2_BANK16,102,F0,0.0,0.0,33.84809064865112,0.00031857023714110255,0.0,8.505168807459995e-05,144
SLAKE_STAGE2_BANK16,102,F0,0.0,0.0,34.0684175491333,0.0002959629928227514,0.0,8.475346476188861e-05,145
SLAKE_STAGE2_BANK16,102,F0,0.0,0.0,34.28711986541748,0.0003952958795707673,0.0,9.780553955351934e-05,146
SLAKE_STAGE2_BANK16,102,F0,0.0,0.0,34.51353573799133,0.00035618830588646233,0.0,9.194472295348532e-05,147
SLAKE_STAGE2_BANK16,102,F0,0.0,0.0,34.72884750366211,0.00031451755785383284,0.0,8.483313285978511e-05,148
SLAKE_STAGE2_BANK16,102,F0,0.0,0.0,34.94622611999512,0.0002936757227871567,0.0,8.51507684274111e-05,149
SLAKE_STAGE2_BANK16,102,F0,0.0,0.0,35.16604208946228,0.0003776065132115036,0.0,9.79843462118879e-05,150
SLAKE_STAGE2_BANK16,102,F0,0.0,0.0,35.393779039382935,0.0003412839723750949,0.0,9.158712055068463e-05,151
SLAKE_STAGE2_BANK16,102,F0,0.0,0.0,35.61086940765381,0.0003121165791526437,0.0,8.497219459968619e-05,152
SLAKE_STAGE2_BANK16,102,F0,0.0,0.0,35.83282160758972,0.00030124964541755617,0.0,8.525010343873873e-05,153
SLAKE_STAGE2_BANK16,102,F0,0.0,0.0,36.059293031692505,0.0003538394230417907,0.0,9.772609701030888e-05,154
SLAKE_STAGE2_BANK16,102,F0,0.0,0.0,36.276139974594116,0.00033497129334136844,0.0,9.15275486477185e-05,155
SLAKE_STAGE2_BANK16,102,F0,0.0,0.0,36.494513273239136,0.000300334912026301,0.0,8.576683467254043e-05,156
SLAKE_STAGE2_BANK16,102,F0,0.0,0.0,36.71543002128601,0.0002899757819250226,0.0,8.594543032813817e-05,157
SLAKE_STAGE2_BANK16,102,F0,0.0,0.0,36.929784536361694,0.00036906113382428885,0.0,9.975243665394373e-05,158
SLAKE_STAGE2_BANK16,102,F0,0.0,0.0,37.14924621582031,0.00034695633803494275,0.0,9.260032675229013e-05,159
SLAKE_STAGE2_BANK16,102,F0,0.0,0.0,37.364001750946045,0.00030697675538249314,0.0,8.759453703532927e-05,160
SLAKE_STAGE2_BANK16,102,F1,3.7514092922210693,0.20204931497573853,0.7223410606384277,8.228849411010742,0.0,0.00012597448221640661,1
SLAKE_STAGE2_BANK16,102,F1,3.6320323944091797,0.38574573397636414,1.3414220809936523,8.210095405578613,0.0,0.0001414297439623624,2
SLAKE_STAGE2_BANK16,102,F1,3.5229854583740234,0.005908545106649399,1.908642053604126,8.162664413452148,0.0,0.0001841073899413459,3
SLAKE_STAGE2_BANK16,102,F1,3.4114110469818115,0.001870056614279747,2.4854230880737305,8.108122825622559,0.0,0.00013481448695529252,4
SLAKE_STAGE2_BANK16,102,F1,3.299923896789551,0.0018688170239329338,2.922184944152832,8.033149719238281,0.0,0.00013946108083473518,5
SLAKE_STAGE2_BANK16,102,F1,3.1883385181427,0.36843258142471313,3.353764295578003,7.9420037269592285,0.0,0.0001889968989416957,6
SLAKE_STAGE2_BANK16,102,F1,3.0795180797576904,0.13869845867156982,3.787802219390869,7.836375713348389,0.0,0.00035761026811087504,7
SLAKE_STAGE2_BANK16,102,F1,2.9707374572753906,0.0053163086995482445,4.222305536270142,7.707827091217041,0.0,0.0001866146849351935,8
SLAKE_STAGE2_BANK16,102,F1,2.8696537017822266,0.001770508592016995,4.65657114982605,7.574517250061035,0.0,0.0002284139336552471,9
SLAKE_STAGE2_BANK16,102,F1,2.7686808109283447,0.005142150912433863,5.10323429107666,7.429734230041504,0.0,0.00036154376721242443,10
SLAKE_STAGE2_BANK16,102,F1,2.6680119037628174,0.34834232926368713,5.550127029418945,7.261089324951172,0.0,0.0008896253129933029,11
SLAKE_STAGE2_BANK16,102,F1,2.5671427249908447,0.09522061049938202,5.993167161941528,7.107514381408691,0.0,0.0003698377258842811,12
SLAKE_STAGE2_BANK16,102,F1,2.4741342067718506,0.004774975590407848,6.437702178955078,6.92261266708374,0.0,0.0005132575606694445,13
SLAKE_STAGE2_BANK16,102,F1,2.3784801959991455,0.08077213168144226,6.872857570648193,6.738755226135254,0.0,0.0008442145481240004,14
SLAKE_STAGE2_BANK16,102,F1,2.2881951332092285,0.3355984687805176,7.306045055389404,6.521904468536377,0.0,0.0023680799931753427,15
SLAKE_STAGE2_BANK16,102,F1,2.1978721618652344,0.001611058134585619,7.740832090377808,6.347220420837402,0.0,0.0008872346370480955,16
SLAKE_STAGE2_BANK16,102,F1,2.1128246784210205,0.32971954345703125,8.177228450775146,6.153142929077148,0.0,0.0013022738276049495,17
SLAKE_STAGE2_BANK16,102,F1,2.030339479446411,0.0015601548366248608,8.613073825836182,5.93740701675415,0.0,0.0020341897616162896,18
SLAKE_STAGE2_BANK16,102,F1,1.9505376815795898,0.05188808962702751,9.047144651412964,5.681346893310547,0.0,0.005962714378256351,19
SLAKE_STAGE2_BANK16,102,F1,1.8708373308181763,0.004122093785554171,9.480872869491577,5.543348789215088,0.0,0.0022104987874627113,20
SLAKE_STAGE2_BANK16,102,F1,1.7961710691452026,0.0014679892919957638,9.945127010345459,5.332417964935303,0.0,0.0032100497046485543,21
SLAKE_STAGE2_BANK16,102,F1,1.7216275930404663,0.004033867735415697,10.379322290420532,5.124248504638672,0.0,0.004679967532865703,22
SLAKE_STAGE2_BANK16,102,F1,1.649664044380188,0.03506924957036972,10.815603256225586,4.816310405731201,0.0,0.01362701435573399,23
SLAKE_STAGE2_BANK16,102,F1,1.5828644037246704,0.3173632323741913,11.250235557556152,4.743776798248291,0.0,0.005050262436270714,24
SLAKE_STAGE2_BANK16,102,F1,1.5165334939956665,0.3164043128490448,11.682310819625854,4.530860900878906,0.0,0.007201449014246464,25
SLAKE_STAGE2_BANK16,102,F1,1.4522347450256348,0.0036930814385414124,12.116470336914062,4.3314619064331055,0.0,0.009676002198830247,26
SLAKE_STAGE2_BANK16,102,F1,1.3886116743087769,0.024135500192642212,12.549973964691162,3.950136184692383,0.0,0.02830915106460452,27
SLAKE_STAGE2_BANK16,102,F1,1.3276370763778687,0.001387659227475524,12.9857337474823,3.96111798286438,0.0,0.010852758772671223,28
SLAKE_STAGE2_BANK16,102,F1,1.271480679512024,0.0035572457127273083,13.420119047164917,3.754448652267456,0.0,0.014805737417191267,29
SLAKE_STAGE2_BANK16,102,F1,1.2133712768554688,0.0013672622153535485,13.85198450088501,3.5625486373901367,0.0,0.01840966660529375,30
SLAKE_STAGE2_BANK16,102,F1,1.157866358757019,0.3156886696815491,14.300921440124512,3.1185922622680664,0.0,0.05151977110654116,31
SLAKE_STAGE2_BANK16,102,F1,1.107984185218811,0.015572883188724518,14.73594069480896,3.2097017765045166,0.0,0.020876416936516762,32
SLAKE_STAGE2_BANK16,102,F1,1.0583208799362183,0.003400752553716302,15.180501461029053,2.993842840194702,0.0,0.027719377540051937,33
SLAKE_STAGE2_BANK16,102,F1,1.0087143182754517,0.3185400366783142,15.624804973602295,2.8311586380004883,0.0,0.03216935880482197,34
SLAKE_STAGE2_BANK16,102,F1,0.9645721912384033,0.00131839863024652,16.069414854049683,2.3394486904144287,0.0,0.08580238651484251,35
SLAKE_STAGE2_BANK16,102,F1,0.9208847880363464,0.012020728550851345,16.504107236862183,2.4923815727233887,0.0,0.036542983725667,36
SLAKE_STAGE2_BANK16,102,F1,0.8775370121002197,0.32216864824295044,16.93663501739502,2.287259340286255,0.0,0.04715359024703503,37
SLAKE_STAGE2_BANK16,102,F1,0.8347856402397156,0.0013146664714440703,17.37302279472351,2.1534671783447266,0.0,0.05152582935988903,38
SLAKE_STAGE2_BANK16,102,F1,0.7926559448242188,0.0031806635670363903,17.806718111038208,1.6633220911026,0.0,0.12899728305637836,39
SLAKE_STAGE2_BANK16,102,F1,0.755559504032135,0.010395236313343048,18.242184162139893,1.8348139524459839,0.0,0.060182686895132065,40
SLAKE_STAGE2_BANK16,102,F1,0.719110906124115,0.0013299568090587854,18.696959257125854,1.6498048305511475,0.0,0.07468393445014954,41
SLAKE_STAGE2_BANK16,102,F1,0.6833431124687195,0.0031105149537324905,19.12999200820923,1.5598530769348145,0.0,0.07800256460905075,42
SLAKE_STAGE2_BANK16,102,F1,0.6482549905776978,0.010431446135044098,19.564502477645874,1.109904408454895,0.0,0.18242265284061432,43
SLAKE_STAGE2_BANK16,102,F1,0.6181642413139343,0.3376750946044922,19.998613834381104,1.2798571586608887,0.0,0.09147188439965248,44
SLAKE_STAGE2_BANK16,102,F1,0.5885664820671082,0.0013420262839645147,20.43335795402527,1.130042314529419,0.0,0.1095547266304493,45
SLAKE_STAGE2_BANK16,102,F1,0.5553538799285889,0.011551065370440483,20.86753797531128,1.0813583135604858,0.0,0.11099410802125931,46
SLAKE_STAGE2_BANK16,102,F1,0.5311972498893738,0.34545862674713135,21.303991079330444,0.6985963582992554,0.0,0.24229411780834198,47
SLAKE_STAGE2_BANK16,102,F1,0.5036055445671082,0.0030689409468322992,21.73571252822876,0.8454540967941284,0.0,0.12967745959758759,48
SLAKE_STAGE2_BANK16,102,F1,0.4803464412689209,0.0031169934663921595,22.170233964920044,0.726605236530304,0.0,0.15282335132360458,49
SLAKE_STAGE2_BANK16,102,F1,0.45766472816467285,0.355280339717865,22.603974103927612,0.7264074087142944,0.0,0.1498970240354538,50
SLAKE_STAGE2_BANK16,102,F1,0.43206727504730225,0.0014085075818002224,23.042341709136963,0.42996230721473694,0.0,0.30425646901130676,51
SLAKE_STAGE2_BANK16,102,F1,0.4138319492340088,0.017939593642950058,23.47454023361206,0.5240057706832886,0.0,0.17436973750591278,52
SLAKE_STAGE2_BANK16,102,F1,0.3963801860809326,0.001428350922651589,23.90795135498047,0.44692760705947876,0.0,0.19904598593711853,53
SLAKE_STAGE2_BANK16,102,F1,0.37591198086738586,0.003135810373350978,24.342894315719604,0.4822237193584442,0.0,0.18939266353845596,54
SLAKE_STAGE2_BANK16,102,F1,0.3622080981731415,0.02317018434405327,24.778882026672363,0.330415815114975,0.0,0.36739443987607956,55
SLAKE_STAGE2_BANK16,102,F1,0.34876903891563416,0.37465280294418335,25.212899684906006,0.32423993945121765,0.0,0.21568838506937027,56
SLAKE_STAGE2_BANK16,102,F1,0.33257701992988586,0.0032145706936717033,25.659982442855835,0.2877049148082733,0.0,0.24084053933620453,57
SLAKE_STAGE2_BANK16,102,F1,0.3198624551296234,0.02962193638086319,26.099950313568115,0.34572848677635193,0.0,0.2233293056488037,58
SLAKE_STAGE2_BANK16,102,F1,0.3101103603839874,0.0015923533355817199,26.536831855773926,0.3564267158508301,0.0,0.41305282711982727,59
SLAKE_STAGE2_BANK16,102,F1,0.3008666932582855,0.38675811886787415,26.97167992591858,0.23342886567115784,0.0,0.25003301352262497,60
SLAKE_STAGE2_BANK16,102,F1,0.29414984583854675,0.03672126308083534,27.424530744552612,0.2378784567117691,0.0,0.27099644392728806,61
SLAKE_STAGE2_BANK16,102,F1,0.2877545952796936,0.0033444163855165243,27.859112977981567,0.2922162115573883,0.0,0.24667946249246597,62
SLAKE_STAGE2_BANK16,102,F1,0.2786276340484619,0.0016687936149537563,28.292938709259033,0.40318605303764343,0.0,0.4435368925333023,63
SLAKE_STAGE2_BANK16,102,F1,0.27505311369895935,0.39766407012939453,28.729158639907837,0.21469128131866455,0.0,0.2679113745689392,64
SLAKE_STAGE2_BANK16,102,F1,0.2713945508003235,0.0017109601758420467,29.162410497665405,0.23702287673950195,0.0,0.28882649540901184,65
SLAKE_STAGE2_BANK16,102,F1,0.2653692662715912,0.4018171429634094,29.59612798690796,0.2668333947658539,0.0,0.2580415606498718,66
SLAKE_STAGE2_BANK16,102,F1,0.26438185572624207,0.05109022557735443,30.031423568725586,0.41641759872436523,0.0,0.45351047813892365,67
SLAKE_STAGE2_BANK16,102,F1,0.26088494062423706,0.003538282122462988,30.465579986572266,0.20710498094558716,0.0,0.27526895701885223,68
SLAKE_STAGE2_BANK16,102,F1,0.26034870743751526,0.001765421126037836,30.908315896987915,0.22866541147232056,0.0,0.2908232659101486,69
SLAKE_STAGE2_BANK16,102,F1,0.2593770921230316,0.4089709520339966,31.345098972320557,0.24647249281406403,0.0,0.25770533829927444,70
SLAKE_STAGE2_BANK16,102,F1,0.2587997019290924,0.059566430747509,31.77849245071411,0.40529540181159973,0.0,0.4493519961833954,71
SLAKE_STAGE2_BANK16,102,F1,0.25800395011901855,0.0036228648386895657,32.21273398399353,0.18378084897994995,0.0,0.2714630961418152,72
SLAKE_STAGE2_BANK16,102,F1,0.2600509226322174,0.412706196308136,32.65705919265747,0.20503103733062744,0.0,0.2873053401708603,73
SLAKE_STAGE2_BANK16,102,F1,0.2593224346637726,0.06510531157255173,33.09165596961975,0.23060870170593262,0.0,0.25097092241048813,74
SLAKE_STAGE2_BANK16,102,F1,0.2587509751319885,0.003734420519322157,33.53640174865723,0.37952443957328796,0.0,0.4375368803739548,75
SLAKE_STAGE2_BANK16,102,F1,0.26091402769088745,0.0017960370751097798,33.9794807434082,0.15486955642700195,0.0,0.2624884694814682,76
SLAKE_STAGE2_BANK16,102,F1,0.26303035020828247,0.06979520618915558,34.41456079483032,0.17742346227169037,0.0,0.2768770158290863,77
SLAKE_STAGE2_BANK16,102,F1,0.26533427834510803,0.41785094141960144,34.84779167175293,0.22229674458503723,0.0,0.2422412782907486,78
SLAKE_STAGE2_BANK16,102,F1,0.26753953099250793,0.0018147926311939955,35.28401184082031,0.3364812731742859,0.0,0.42128758132457733,79
SLAKE_STAGE2_BANK16,102,F1,0.26993122696876526,0.003843948245048523,35.72995662689209,0.13222765922546387,0.0,0.25132886320352554,80
SLAKE_STAGE2_BANK16,102,F1,0.272230327129364,0.4193854033946991,36.21394634246826,0.1563616842031479,0.0,0.2627784535288811,81
SLAKE_STAGE2_BANK16,102,F1,0.2718799114227295,0.00386216351762414,36.64682912826538,0.22774238884449005,0.0,0.23018242418766022,82
SLAKE_STAGE2_BANK16,102,F1,0.27429571747779846,0.07691791653633118,37.08325242996216,0.301948219537735,0.0,0.40627843141555786,83
SLAKE_STAGE2_BANK16,102,F1,0.27674728631973267,0.0018591119442135096,37.52603197097778,0.12994520366191864,0.0,0.2408061996102333,84
SLAKE_STAGE2_BANK16,102,F1,0.2764326333999634,0.0018297568894922733,37.96091437339783,0.1512007713317871,0.0,0.2546999529004097,85
SLAKE_STAGE2_BANK16,102,F1,0.27894237637519836,0.07923711836338043,38.402690172195435,0.24019594490528107,0.0,0.22139336913824081,86
SLAKE_STAGE2_BANK16,102,F1,0.27870985865592957,0.42139700055122375,38.849945068359375,0.27872610092163086,0.0,0.394379198551178,87
SLAKE_STAGE2_BANK16,102,F1,0.28130558133125305,0.004009021911770105,39.29521083831787,0.13467462360858917,0.0,0.23458300530910492,88
SLAKE_STAGE2_BANK16,102,F1,0.2810515761375427,0.42149198055267334,39.73898696899414,0.15530043840408325,0.0,0.24576197564601898,89
SLAKE_STAGE2_BANK16,102,F1,0.28078609704971313,0.08156412839889526,40.18301725387573,0.2519310712814331,0.0,0.21416440606117249,90
SLAKE_STAGE2_BANK16,102,F1,0.2806054949760437,0.001893198466859758,40.61904048919678,0.2618615925312042,0.0,0.3849169835448265,91
SLAKE_STAGE2_BANK16,102,F1,0.2832546830177307,0.0040795630775392056,41.063703536987305,0.13976894319057465,0.0,0.22994472086429596,92
SLAKE_STAGE2_BANK16,102,F1,0.2830617129802704,0.00189057772513479,41.496178150177,0.15784476697444916,0.0,0.2423667535185814,93
SLAKE_STAGE2_BANK16,102,F1,0.2828538119792938,0.42049354314804077,41.93026375770569,0.25929880142211914,0.0,0.21081946790218353,94
SLAKE_STAGE2_BANK16,102,F1,0.2827143371105194,0.08394543826580048,42.373857736587524,0.2542404532432556,0.0,0.38232410699129105,95
SLAKE_STAGE2_BANK16,102,F1,0.28250545263290405,0.00419715465977788,42.807854652404785,0.1383468061685562,0.0,0.22935715317726135,96
SLAKE_STAGE2_BANK16,102,F1,0.282350093126297,0.004199373070150614,43.24407434463501,0.15513627231121063,0.0,0.24310488253831863,97
SLAKE_STAGE2_BANK16,102,F1,0.2792532742023468,0.4190627336502075,43.68685269355774,0.2519932985305786,0.0,0.2125578075647354,98
SLAKE_STAGE2_BANK16,102,F1,0.2762559950351715,0.0019412646070122719,44.12226867675781,0.2595341205596924,0.0,0.38312017172574997,99
SLAKE_STAGE2_BANK16,102,F1,0.2761191427707672,0.08456240594387054,44.55815935134888,0.12697064876556396,0.0,0.23013213276863098,100
SLAKE_STAGE2_BANK16,102,F1,0.27600130438804626,0.004214773885905743,45.011993408203125,0.14983785152435303,0.0,0.2414334937930107,101
SLAKE_STAGE2_BANK16,102,F1,0.27585703134536743,0.41805022954940796,45.44662356376648,0.2489265352487564,0.0,0.21215256303548813,102
SLAKE_STAGE2_BANK16,102,F1,0.2729226052761078,0.0019672659691423178,45.881203174591064,0.2617266774177551,0.0,0.3820064663887024,103
SLAKE_STAGE2_BANK16,102,F1,0.27278631925582886,0.08474348485469818,46.3177695274353,0.12006773054599762,0.0,0.23107749223709106,104
SLAKE_STAGE2_BANK16,102,F1,0.27268585562705994,0.41608157753944397,46.751816511154175,0.14397569000720978,0.0,0.24363508820533752,105
SLAKE_STAGE2_BANK16,102,F1,0.2697446942329407,0.004339009523391724,47.18647241592407,0.24069972336292267,0.0,0.2140348255634308,106
SLAKE_STAGE2_BANK16,102,F1,0.26963934302330017,0.001983598107472062,47.62185287475586,0.2675737738609314,0.0,0.3850814402103424,107
SLAKE_STAGE2_BANK16,102,F1,0.26951727271080017,0.08530651777982712,48.055299282073975,0.11010189354419708,0.0,0.2346048355102539,108
SLAKE_STAGE2_BANK16,102,F1,0.26663580536842346,0.0019836274441331625,48.49803853034973,0.1372179090976715,0.0,0.24606498330831528,109
SLAKE_STAGE2_BANK16,102,F1,0.26654231548309326,0.004400601610541344,48.93667030334473,0.2399074137210846,0.0,0.2136455699801445,110
SLAKE_STAGE2_BANK16,102,F1,0.2664218842983246,0.08589746803045273,49.376946210861206,0.2725430727005005,0.0,0.38617605715990067,111
SLAKE_STAGE2_BANK16,102,F1,0.26356324553489685,0.41335737705230713,49.825029134750366,0.1000031903386116,0.0,0.23695698380470276,112
SLAKE_STAGE2_BANK16,102,F1,0.2634678781032562,0.4129374027252197,50.266449213027954,0.13356678187847137,0.0,0.2485150769352913,113
SLAKE_STAGE2_BANK16,102,F1,0.263384610414505,0.00453961594030261,50.7047233581543,0.23648595809936523,0.0,0.21458488702774048,114
SLAKE_STAGE2_BANK16,102,F1,0.2605375349521637,0.002067308407276869,51.140029430389404,0.28149718046188354,0.0,0.38520100712776184,115
SLAKE_STAGE2_BANK16,102,F1,0.2632603347301483,0.08608265966176987,51.57478165626526,0.09838227927684784,0.0,0.23804571479558945,116
SLAKE_STAGE2_BANK16,102,F1,0.2631892263889313,0.004535650834441185,52.01906085014343,0.13453632593154907,0.0,0.2482265755534172,117
SLAKE_STAGE2_BANK16,102,F1,0.2603376805782318,0.4102078378200531,52.462801933288574,0.23163864016532898,0.0,0.21576856076717377,118
SLAKE_STAGE2_BANK16,102,F1,0.2602596580982208,0.08663348853588104,52.89561414718628,0.2804362177848816,0.0,0.38503170758485794,119
SLAKE_STAGE2_BANK16,102,F1,0.2601824104785919,0.0020544142462313175,53.33234524726868,0.09578387439250946,0.0,0.2391612008213997,120
SLAKE_STAGE2_BANK16,102,F1,0.257364958524704,0.40882018208503723,53.78626084327698,0.13103625178337097,0.0,0.25078386813402176,121
SLAKE_STAGE2_BANK16,102,F1,0.2600780427455902,0.004620817489922047,54.230435609817505,0.23601378500461578,0.0,0.2155114933848381,122
SLAKE_STAGE2_BANK16,102,F1,0.25726035237312317,0.08727648109197617,54.66571044921875,0.2892857789993286,0.0,0.3875397518277168,123
SLAKE_STAGE2_BANK16,102,F1,0.25718721747398376,0.0020627747289836407,55.099003076553345,0.09238453209400177,0.0,0.24033457785844803,124
SLAKE_STAGE2_BANK16,102,F1,0.2571221590042114,0.4075353443622589,55.53200435638428,0.13149870932102203,0.0,0.24785588681697845,125
SLAKE_STAGE2_BANK16,102,F1,0.2598572075366974,0.0046792528592050076,55.96882772445679,0.24016186594963074,0.0,0.2152896448969841,126
SLAKE_STAGE2_BANK16,102,F1,0.2570306658744812,0.08797352761030197,56.413331508636475,0.28379663825035095,0.0,0.38195671886205673,127
SLAKE_STAGE2_BANK16,102,F1,0.2569669187068939,0.0020546321757137775,56.84530329704285,0.09301376342773438,0.0,0.23889091610908508,128
SLAKE_STAGE2_BANK16,102,F1,0.2569020986557007,0.08852669596672058,57.28106069564819,0.1331925243139267,0.0,0.24773944914340973,129
SLAKE_STAGE2_BANK16,102,F1,0.25689366459846497,0.40531736612319946,57.71616315841675,0.24037353694438934,0.0,0.21289334446191788,130
SLAKE_STAGE2_BANK16,102,F1,0.2568270266056061,0.0021325964480638504,58.15074563026428,0.28642934560775757,0.0,0.38317885249853134,131
SLAKE_STAGE2_BANK16,102,F1,0.2567601501941681,0.004819217603653669,58.59492826461792,0.09374036639928818,0.0,0.23877431452274323,132
SLAKE_STAGE2_BANK16,102,F1,0.2567565441131592,0.004910929128527641,59.036298751831055,0.1353931874036789,0.0,0.246250219643116,133
SLAKE_STAGE2_BANK16,102,F1,0.2566967308521271,0.08977192640304565,59.482837200164795,0.24900130927562714,0.0,0.210362009704113,134
SLAKE_STAGE2_BANK16,102,F1,0.2566384971141815,0.002133219037204981,59.91930031776428,0.2831507921218872,0.0,0.37972116470336914,135
SLAKE_STAGE2_BANK16,102,F1,0.2538568377494812,0.4036555886268616,60.35328960418701,0.0910753458738327,0.0,0.23867391049861908,136
SLAKE_STAGE2_BANK16,102,F1,0.2565736472606659,0.09034760296344757,60.797661781311035,0.13793694972991943,0.0,0.24349579215049744,137
SLAKE_STAGE2_BANK16,102,F1,0.2565286457538605,0.004905906040221453,61.24196529388428,0.25215601921081543,0.0,0.2105124220252037,138
SLAKE_STAGE2_BANK16,102,F1,0.2537411153316498,0.0021735739428550005,61.67631435394287,0.28657203912734985,0.0,0.37758972495794296,139
SLAKE_STAGE2_BANK16,102,F1,0.2564648687839508,0.4022198021411896,62.111573219299316,0.09411240369081497,0.0,0.23860228806734085,140
SLAKE_STAGE2_BANK16,102,F1,0.256399929523468,0.40222781896591187,62.57673454284668,0.13937979936599731,0.0,0.24337365478277206,141
SLAKE_STAGE2_BANK16,102,F1,0.2536190450191498,0.09163233637809753,63.01294660568237,0.25342023372650146,0.0,0.20934265851974487,142
SLAKE_STAGE2_BANK16,102,F1,0.25360777974128723,0.0021752656903117895,63.44844961166382,0.28577616810798645,0.0,0.37551452964544296,143
SLAKE_STAGE2_BANK16,102,F1,0.25357237458229065,0.005052871536463499,63.888877391815186,0.09488009661436081,0.0,0.2372346743941307,144
SLAKE_STAGE2_BANK16,102,F1,0.2535158395767212,0.0021871482022106647,64.32344341278076,0.1406538039445877,0.0,0.24197667837142944,145
SLAKE_STAGE2_BANK16,102,F1,0.25351035594940186,0.0049735503271222115,64.75748229026794,0.2592256963253021,0.0,0.2082197219133377,146
SLAKE_STAGE2_BANK16,102,F1,0.2534584105014801,0.40077096223831177,65.19203686714172,0.285770446062088,0.0,0.3734276071190834,147
SLAKE_STAGE2_BANK16,102,F1,0.25069814920425415,0.09309990704059601,65.62798881530762,0.09149523824453354,0.0,0.23850058019161224,148
SLAKE_STAGE2_BANK16,102,F1,0.25341466069221497,0.0934484452009201,66.071284532547,0.14303162693977356,0.0,0.2419404312968254,149
SLAKE_STAGE2_BANK16,102,F1,0.2506635785102844,0.005072868429124355,66.50792932510376,0.26092439889907837,0.0,0.20711546391248703,150
SLAKE_STAGE2_BANK16,102,F1,0.2506050765514374,0.002209072932600975,66.95348834991455,0.28984567523002625,0.0,0.3713771179318428,151
SLAKE_STAGE2_BANK16,102,F1,0.25060901045799255,0.39967113733291626,67.39711213111877,0.09412355720996857,0.0,0.23714923858642578,152
SLAKE_STAGE2_BANK16,102,F1,0.25055691599845886,0.39921069145202637,67.83217716217041,0.1429087072610855,0.0,0.2432307004928589,153
SLAKE_STAGE2_BANK16,102,F1,0.2505151927471161,0.005254749674350023,68.26708960533142,0.26802700757980347,0.0,0.2060338482260704,154
SLAKE_STAGE2_BANK16,102,F1,0.2505146563053131,0.0022689152974635363,68.71104001998901,0.2930298149585724,0.0,0.37065432220697403,155
SLAKE_STAGE2_BANK16,102,F1,0.24778275191783905,0.09550473093986511,69.1462128162384,0.09361092001199722,0.0,0.23714946955442429,156
SLAKE_STAGE2_BANK16,102,F1,0.24773693084716797,0.09581618010997772,69.59221363067627,0.1446581482887268,0.0,0.2418772205710411,157
SLAKE_STAGE2_BANK16,102,F1,0.2504199743270874,0.005313826724886894,70.0367329120636,0.2734508812427521,0.0,0.20525284856557846,158
SLAKE_STAGE2_BANK16,102,F1,0.2476964145898819,0.39890971779823303,70.47279906272888,0.3034359812736511,0.0,0.37264298647642136,159
SLAKE_STAGE2_BANK16,102,F1,0.250397264957428,0.002265733666718006,70.91070413589478,0.09828741103410721,0.0,0.23711764067411423,160
SLAKE_STAGE2_BANK16,102,F2,3.7514092922210693,0.20204931497573853,1.0065202713012695,8.84526252746582,3.0634617805480957,0.00012597448221640661,1
SLAKE_STAGE2_BANK16,102,F2,3.6320323944091797,0.38575711846351624,1.614271640777588,8.818009376525879,2.9739298820495605,0.0001414297439623624,2
SLAKE_STAGE2_BANK16,102,F2,3.520380973815918,0.005899729672819376,2.233773708343506,8.774234771728516,2.8901917934417725,0.00018406765593681484,3
SLAKE_STAGE2_BANK16,102,F2,3.4114110469818115,0.0018647888209670782,2.8513941764831543,8.7144193649292,2.808462381362915,0.00013483434304362163,4
SLAKE_STAGE2_BANK16,102,F2,3.2997989654541016,0.0018306710990145802,3.4638075828552246,8.636324882507324,2.724750280380249,0.00013944121747044846,5
SLAKE_STAGE2_BANK16,102,F2,3.1883389949798584,0.36844488978385925,4.084543228149414,8.538041114807129,2.641148567199707,0.00018736835045274347,6
SLAKE_STAGE2_BANK16,102,F2,3.0795180797576904,0.1387052983045578,4.697065830230713,8.417115211486816,2.559523582458496,0.00035713354009203613,7
SLAKE_STAGE2_BANK16,102,F2,2.9759442806243896,0.005299343261867762,5.3209991455078125,8.286640167236328,2.481830596923828,0.0001862968783825636,8
SLAKE_STAGE2_BANK16,102,F2,2.86965274810791,0.0017651703674346209,5.93324089050293,8.137334823608398,2.4020938873291016,0.00022803660976933315,9
SLAKE_STAGE2_BANK16,102,F2,2.768845558166504,0.005091829225420952,6.547619581222534,7.983453273773193,2.3264644145965576,0.00036110681685386226,10
SLAKE_STAGE2_BANK16,102,F2,2.6678364276885986,0.34838753938674927,7.164036989212036,7.803873062133789,2.2506749629974365,0.0008900423563318327,11
SLAKE_STAGE2_BANK16,102,F2,2.5670506954193115,0.09531601518392563,7.783754587173462,7.640741348266602,2.1750411987304688,0.00036932136572431773,12
SLAKE_STAGE2_BANK16,102,F2,2.4741339683532715,0.004749499727040529,8.398799419403076,7.4419708251953125,2.105299472808838,0.0005133171653142199,13
SLAKE_STAGE2_BANK16,102,F2,2.3783771991729736,0.08081640303134918,9.016027212142944,7.245373249053955,2.0334081649780273,0.0008418578945565969,14
SLAKE_STAGE2_BANK16,102,F2,2.2881948947906494,0.3355439007282257,9.6316659450531,7.012509822845459,1.9656788110733032,0.0023681595630478114,15
SLAKE_STAGE2_BANK16,102,F2,2.1978724002838135,0.001603559241630137,10.250255107879639,6.827267169952393,1.8978168964385986,0.0008941692649386823,16
SLAKE_STAGE2_BANK16,102,F2,2.1128249168395996,0.32971540093421936,10.867027521133423,6.615116596221924,1.8338840007781982,0.0013022341881878674,17
SLAKE_STAGE2_BANK16,102,F2,2.030339479446411,0.0015795088838785887,11.483155250549316,6.387892246246338,1.7718359231948853,0.0020358056644909084,18
SLAKE_STAGE2_BANK16,102,F2,1.9506654739379883,0.051863234490156174,12.100831747055054,6.114341735839844,1.7118535041809082,0.005964541342109442,19
SLAKE_STAGE2_BANK16,102,F2,1.8708370923995972,0.004144555889070034,12.74330759048462,5.963974475860596,1.6516973972320557,0.0021883060690015554,20
SLAKE_STAGE2_BANK16,102,F2,1.7961715459823608,0.001466805231757462,13.374226570129395,5.73936128616333,1.5953574180603027,0.0032116014044731855,21
SLAKE_STAGE2_BANK16,102,F2,1.7216224670410156,0.0040126703679561615,13.991182088851929,5.517578125,1.539023995399475,0.004647951223887503,22
SLAKE_STAGE2_BANK16,102,F2,1.649664282798767,0.03500401973724365,14.60978102684021,5.192137718200684,1.4845452308654785,0.013787873554974794,23
SLAKE_STAGE2_BANK16,102,F2,1.5828644037246704,0.3173743784427643,15.22478461265564,5.1097564697265625,1.4338692426681519,0.005087187513709068,24
SLAKE_STAGE2_BANK16,102,F2,1.5139580965042114,0.3163960874080658,15.841983795166016,4.884363651275635,1.3814561367034912,0.007197875063866377,25
SLAKE_STAGE2_BANK16,102,F2,1.4548029899597168,0.003705157432705164,16.458544731140137,4.671501636505127,1.3363189697265625,0.009680600138381124,26
SLAKE_STAGE2_BANK16,102,F2,1.3886114358901978,0.023873507976531982,17.07502007484436,4.283276557922363,1.2856446504592896,0.02796158194541931,27
SLAKE_STAGE2_BANK16,102,F2,1.3270715475082397,0.0013937602052465081,17.691219806671143,4.280364513397217,1.2383456230163574,0.01085289428010583,28
SLAKE_STAGE2_BANK16,102,F2,1.2689377069473267,0.0035593248903751373,18.307690858840942,4.055935859680176,1.1934233903884888,0.014805198181420565,29
SLAKE_STAGE2_BANK16,102,F2,1.2133716344833374,0.0013658181997016072,18.924332857131958,3.8567419052124023,1.1502470970153809,0.018410969991236925,30
SLAKE_STAGE2_BANK16,102,F2,1.1581372022628784,0.31517720222473145,19.541979789733887,3.3944766521453857,1.1070739030838013,0.05211633164435625,31
SLAKE_STAGE2_BANK16,102,F2,1.1030482053756714,0.015495906583964825,20.156946420669556,3.474494218826294,1.0637054443359375,0.02102023921906948,32
SLAKE_STAGE2_BANK16,102,F2,1.058288335800171,0.0033759174402803183,20.774797201156616,3.2532081604003906,1.0281610488891602,0.027719995006918907,33
SLAKE_STAGE2_BANK16,102,F2,1.0087144374847412,0.31850966811180115,21.39019799232483,3.0802130699157715,0.9885373115539551,0.032164761796593666,34
SLAKE_STAGE2_BANK16,102,F2,0.9645729064941406,0.001323575503192842,22.009061336517334,2.578028440475464,0.9528451561927795,0.08582560438662767,35
SLAKE_STAGE2_BANK16,102,F2,0.9208865165710449,0.01205538772046566,22.624082326889038,2.7198803424835205,0.9171759486198425,0.03710654377937317,36
SLAKE_STAGE2_BANK16,102,F2,0.8775375485420227,0.32199785113334656,23.239898681640625,2.5052490234375,0.8813708424568176,0.04744594730436802,37
SLAKE_STAGE2_BANK16,102,F2,0.8349459171295166,0.0013125037075951695,23.85597038269043,2.3641629219055176,0.845753014087677,0.05186356417834759,38
SLAKE_STAGE2_BANK16,102,F2,0.7927570939064026,0.00318195135332644,24.4761483669281,1.8651467561721802,0.81001216173172,0.12907384894788265,39
SLAKE_STAGE2_BANK16,102,F2,0.7556470036506653,0.010412591509521008,25.08883810043335,2.030773878097534,0.7780798673629761,0.06018481217324734,40
SLAKE_STAGE2_BANK16,102,F2,0.7192099690437317,0.0013413793640211225,25.72424840927124,1.8346318006515503,0.7462581396102905,0.07518111914396286,41
SLAKE_STAGE2_BANK16,102,F2,0.6836563944816589,0.0031279949471354485,26.332857608795166,1.7379131317138672,0.7144741415977478,0.07857679575681686,42
SLAKE_STAGE2_BANK16,102,F2,0.6484770774841309,0.01024133712053299,26.94951295852661,1.2786757946014404,0.6826720833778381,0.182514950633049,43
SLAKE_STAGE2_BANK16,102,F2,0.6183716058731079,0.33731454610824585,27.564731121063232,1.4462051391601562,0.6547673344612122,0.09153125435113907,44
SLAKE_STAGE2_BANK16,102,F2,0.5889353156089783,0.0013606564607471228,28.18109154701233,1.2856608629226685,0.6269077062606812,0.11050379648804665,45
SLAKE_STAGE2_BANK16,102,F2,0.5600283145904541,0.011296442709863186,28.798932313919067,1.2393012046813965,0.5991312861442566,0.11115361750125885,46
SLAKE_STAGE2_BANK16,102,F2,0.5316054224967957,0.3454551696777344,29.411579370498657,0.8340443968772888,0.5712718963623047,0.24415411427617073,47
SLAKE_STAGE2_BANK16,102,F2,0.5040643215179443,0.003077899105846882,30.02786922454834,0.8372798562049866,0.5512073636054993,0.13149016350507736,48
SLAKE_STAGE2_BANK16,102,F2,0.47709783911705017,0.0031289919279515743,30.64660382270813,0.715864360332489,0.5511381328105927,0.1549718827009201,49
SLAKE_STAGE2_BANK16,102,F2,0.45461463928222656,0.35440680384635925,31.26118230819702,0.7200080752372742,0.5472263395786285,0.1502837911248207,50
SLAKE_STAGE2_BANK16,102,F2,0.4325677454471588,0.001411656616255641,31.878802061080933,0.4315449595451355,0.551098644733429,0.30735913664102554,51
SLAKE_STAGE2_BANK16,102,F2,0.4110042154788971,0.017321892082691193,32.49441647529602,0.5167189240455627,0.5471407175064087,0.1757333129644394,52
SLAKE_STAGE2_BANK16,102,F2,0.39362117648124695,0.0014245776692405343,33.11067986488342,0.43895086646080017,0.551021933555603,0.20160634070634842,53
SLAKE_STAGE2_BANK16,102,F2,0.373050332069397,0.0031503106001764536,33.72723889350891,0.4738786220550537,0.5471095144748688,0.19201064109802246,54
SLAKE_STAGE2_BANK16,102,F2,0.3595268428325653,0.022665396332740784,34.34407305717468,0.3361997604370117,0.5509917438030243,0.3677573874592781,55
SLAKE_STAGE2_BANK16,102,F2,0.34621357917785645,0.37408265471458435,34.95993447303772,0.3212588429450989,0.5509725362062454,0.21724051982164383,56
SLAKE_STAGE2_BANK16,102,F2,0.3300429880619049,0.0032129334285855293,35.5750195980072,0.2871341407299042,0.5470606982707977,0.24251462519168854,57
SLAKE_STAGE2_BANK16,102,F2,0.3204444944858551,0.029626742005348206,36.194010972976685,0.346379816532135,0.5509500205516815,0.2251616194844246,58
SLAKE_STAGE2_BANK16,102,F2,0.3108035922050476,0.0015723415417596698,36.80866503715515,0.3633382022380829,0.5509347468614578,0.415430910885334,59
SLAKE_STAGE2_BANK16,102,F2,0.301192045211792,0.3864820599555969,37.42524313926697,0.23791591823101044,0.5509212464094162,0.24919331073760986,60
SLAKE_STAGE2_BANK16,102,F2,0.2916443347930908,0.0367240309715271,38.072049617767334,0.243169367313385,0.5509178787469864,0.2741824686527252,61
SLAKE_STAGE2_BANK16,102,F2,0.28542688488960266,0.003361547365784645,38.69504404067993,0.2941538989543915,0.5470172464847565,0.24699866771697998,62
SLAKE_STAGE2_BANK16,102,F2,0.2789405584335327,0.001664016512222588,39.31522750854492,0.40651649236679077,0.5508959591388702,0.4437500685453415,63
SLAKE_STAGE2_BANK16,102,F2,0.2727486491203308,0.39703986048698425,39.93201947212219,0.22204162180423737,0.5469867587089539,0.2696533501148224,64
SLAKE_STAGE2_BANK16,102,F2,0.2690916061401367,0.0016975161852315068,40.54802179336548,0.24449758231639862,0.5508852005004883,0.29037413001060486,65
SLAKE_STAGE2_BANK16,102,F2,0.26562073826789856,0.4015333652496338,41.16949105262756,0.26839515566825867,0.550878256559372,0.2585643008351326,66
SLAKE_STAGE2_BANK16,102,F2,0.2620927393436432,0.05154940113425255,41.79265284538269,0.423399418592453,0.5469655096530914,0.4536435306072235,67
SLAKE_STAGE2_BANK16,102,F2,0.26113298535346985,0.003544553415849805,42.407132148742676,0.21029071509838104,0.5469649136066437,0.27545714378356934,68
SLAKE_STAGE2_BANK16,102,F2,0.2604922950267792,0.001762094907462597,43.02293825149536,0.23270970582962036,0.5508654713630676,0.2924448847770691,69
SLAKE_STAGE2_BANK16,102,F2,0.25707003474235535,0.40865448117256165,43.63959074020386,0.2501596212387085,0.5430481731891632,0.2579130306839943,70
SLAKE_STAGE2_BANK16,102,F2,0.2589143216609955,0.06051041930913925,44.2553334236145,0.40830478072166443,0.5508556365966797,0.4487844258546829,71
SLAKE_STAGE2_BANK16,102,F2,0.2582138478755951,0.0036152065731585026,44.873125076293945,0.18683573603630066,0.546949714422226,0.271649032831192,72
SLAKE_STAGE2_BANK16,102,F2,0.2601528465747833,0.4130135178565979,45.48848867416382,0.20609605312347412,0.5508517324924469,0.2859266400337219,73
SLAKE_STAGE2_BANK16,102,F2,0.2596534788608551,0.06609785556793213,46.10559058189392,0.23283416032791138,0.5469461679458618,0.250009723007679,74
SLAKE_STAGE2_BANK16,102,F2,0.2617536187171936,0.0037205859553068876,46.72037982940674,0.3751266598701477,0.5469430685043335,0.4363332837820053,75
SLAKE_STAGE2_BANK16,102,F2,0.26100048422813416,0.0018097666325047612,47.33657479286194,0.1561042219400406,0.5430299639701843,0.2612682729959488,76
SLAKE_STAGE2_BANK16,102,F2,0.2632000744342804,0.07036128640174866,47.95284080505371,0.17851945757865906,0.5430318713188171,0.2741742730140686,77
SLAKE_STAGE2_BANK16,102,F2,0.2654215395450592,0.41753193736076355,48.57090878486633,0.22480355203151703,0.5469317436218262,0.23994699865579605,78
SLAKE_STAGE2_BANK16,102,F2,0.2650098502635956,0.0017982368590310216,49.18590474128723,0.3406057059764862,0.5430238544940948,0.4200454130768776,79
SLAKE_STAGE2_BANK16,102,F2,0.2673054337501526,0.003851366927847266,49.80349159240723,0.13542498648166656,0.5430247783660889,0.2515252083539963,80
SLAKE_STAGE2_BANK16,102,F2,0.2696526050567627,0.41921940445899963,50.48091197013855,0.15951849520206451,0.5430260300636292,0.262863464653492,81
SLAKE_STAGE2_BANK16,102,F2,0.27195772528648376,0.0038545820862054825,51.10663175582886,0.23136001825332642,0.5430271178483963,0.22792620956897736,82
SLAKE_STAGE2_BANK16,102,F2,0.2743742763996124,0.07745438069105148,51.722508907318115,0.30248093605041504,0.5469324141740799,0.4043269529938698,83
SLAKE_STAGE2_BANK16,102,F2,0.27410221099853516,0.001843632198870182,52.338443994522095,0.13003294169902802,0.5430216044187546,0.24086939543485641,84
SLAKE_STAGE2_BANK16,102,F2,0.27651068568229675,0.0018367536831647158,52.95445394515991,0.1544249951839447,0.5430181622505188,0.252076156437397,85
SLAKE_STAGE2_BANK16,102,F2,0.2762727439403534,0.07978048175573349,53.57240867614746,0.23880378901958466,0.5430175513029099,0.22144765406847,86
SLAKE_STAGE2_BANK16,102,F2,0.27877989411354065,0.42074117064476013,54.189945697784424,0.27970021963119507,0.5469278991222382,0.39242709428071976,87
SLAKE_STAGE2_BANK16,102,F2,0.2785077393054962,0.004018805921077728,54.80624318122864,0.1345398724079132,0.5430176109075546,0.23338499665260315,88
SLAKE_STAGE2_BANK16,102,F2,0.27829304337501526,0.4204199016094208,55.42238640785217,0.15367645025253296,0.5430143475532532,0.24716389179229736,89
SLAKE_STAGE2_BANK16,102,F2,0.2838307321071625,0.0815378949046135,56.040122747421265,0.25420063734054565,0.5508296340703964,0.21553649753332138,90
SLAKE_STAGE2_BANK16,102,F2,0.28362420201301575,0.0018930056830868125,56.65727615356445,0.26129481196403503,0.5469216704368591,0.38497842103242874,91
SLAKE_STAGE2_BANK16,102,F2,0.2834285795688629,0.004137685522437096,57.27311611175537,0.14226996898651123,0.5469220131635666,0.23005743324756622,92
SLAKE_STAGE2_BANK16,102,F2,0.2832353115081787,0.0018828196916729212,57.88690137863159,0.16114205121994019,0.543015331029892,0.24258198589086533,93
SLAKE_STAGE2_BANK16,102,F2,0.2800854444503784,0.41990554332733154,58.50430369377136,0.25443512201309204,0.5430136620998383,0.2111072614789009,94
SLAKE_STAGE2_BANK16,102,F2,0.2799195647239685,0.08336643874645233,59.12120079994202,0.2562010586261749,0.5391123294830322,0.37907014042139053,95
SLAKE_STAGE2_BANK16,102,F2,0.27973708510398865,0.004221294075250626,59.737603425979614,0.13825421035289764,0.5430191904306412,0.22816986590623856,96
SLAKE_STAGE2_BANK16,102,F2,0.2795693576335907,0.004212987143546343,60.352529525756836,0.15700183808803558,0.5430127531290054,0.24054164439439774,97
SLAKE_STAGE2_BANK16,102,F2,0.27941659092903137,0.4185081720352173,60.96985697746277,0.256282776594162,0.5430148243904114,0.21032646298408508,98
SLAKE_STAGE2_BANK16,102,F2,0.27926114201545715,0.001920175040140748,61.587668895721436,0.25709953904151917,0.5469236075878143,0.38114819675683975,99
SLAKE_STAGE2_BANK16,102,F2,0.27913567423820496,0.08456577360630035,62.20395803451538,0.1348218470811844,0.5430197864770889,0.2289731428027153,100
SLAKE_STAGE2_BANK16,102,F2,0.2761400043964386,0.004210943356156349,62.83750939369202,0.1521669179201126,0.5430193096399307,0.24140872061252594,101
SLAKE_STAGE2_BANK16,102,F2,0.2759949266910553,0.41677772998809814,63.45435190200806,0.25322040915489197,0.5430136471986771,0.21102668344974518,102
SLAKE_STAGE2_BANK16,102,F2,0.27588725090026855,0.0019448855891823769,64.07222414016724,0.25673630833625793,0.5430125296115875,0.3787356987595558,103
SLAKE_STAGE2_BANK16,102,F2,0.27291741967201233,0.08473852276802063,64.68887376785278,0.12156344950199127,0.543012410402298,0.2311340570449829,104
SLAKE_STAGE2_BANK16,102,F2,0.27281591296195984,0.4154454171657562,65.30429887771606,0.1464579850435257,0.5430178046226501,0.2437356784939766,105
SLAKE_STAGE2_BANK16,102,F2,0.27268707752227783,0.0042768786661326885,65.91981363296509,0.24919360876083374,0.5430164933204651,0.21288373321294785,106
SLAKE_STAGE2_BANK16,102,F2,0.2697671353816986,0.0019783503375947475,66.53826975822449,0.2680923342704773,0.5430159568786621,0.38309380412101746,107
SLAKE_STAGE2_BANK16,102,F2,0.2696475386619568,0.08585402369499207,67.15342211723328,0.11438851058483124,0.5430188477039337,0.23340058326721191,108
SLAKE_STAGE2_BANK16,102,F2,0.2695483863353729,0.0020395340397953987,67.76902389526367,0.14336906373500824,0.5430181473493576,0.24612333625555038,109
SLAKE_STAGE2_BANK16,102,F2,0.2666608989238739,0.004360757302492857,68.38605785369873,0.24108338356018066,0.5430184900760651,0.21395651996135712,110
SLAKE_STAGE2_BANK16,102,F2,0.2665635645389557,0.08595453202724457,69.01350378990173,0.2726905047893524,0.5430143624544144,0.3841540440917015,111
SLAKE_STAGE2_BANK16,102,F2,0.26367509365081787,0.4123000502586365,69.62989401817322,0.10502489656209946,0.5352046936750412,0.23575150966644287,112
SLAKE_STAGE2_BANK16,102,F2,0.2635950744152069,0.41168078780174255,70.2467393875122,0.1378633677959442,0.539113774895668,0.24720899760723114,113
SLAKE_STAGE2_BANK16,102,F2,0.26350075006484985,0.004502502735704184,70.86260104179382,0.2401113212108612,0.5391104966402054,0.21360356360673904,114
SLAKE_STAGE2_BANK16,102,F2,0.26065903902053833,0.002062225015833974,71.47918057441711,0.2836216688156128,0.5391094982624054,0.3852817490696907,115
SLAKE_STAGE2_BANK16,102,F2,0.260567843914032,0.08665516972541809,72.09571051597595,0.09838071465492249,0.5391114056110382,0.23944231122732162,116
SLAKE_STAGE2_BANK16,102,F2,0.260468989610672,0.0046294075436890125,72.71323466300964,0.13609415292739868,0.5391108989715576,0.24830346554517746,117
SLAKE_STAGE2_BANK16,102,F2,0.26044920086860657,0.40900471806526184,73.32845568656921,0.2331707924604416,0.5430136322975159,0.21699798852205276,118
SLAKE_STAGE2_BANK16,102,F2,0.2603719234466553,0.087217316031456,73.94532656669617,0.2850063741207123,0.5430124402046204,0.3864251896739006,119
SLAKE_STAGE2_BANK16,102,F2,0.25754979252815247,0.002054251730442047,74.57110357284546,0.09744420647621155,0.5352024435997009,0.23925428837537766,120
SLAKE_STAGE2_BANK16,102,F2,0.2574502229690552,0.40778353810310364,75.20704054832458,0.1356472671031952,0.5352047979831696,0.24814943969249725,121
SLAKE_STAGE2_BANK16,102,F2,0.25737783312797546,0.004720461089164019,75.82410907745361,0.2351037561893463,0.5391038060188293,0.2156737595796585,122
SLAKE_STAGE2_BANK16,102,F2,0.2573629915714264,0.08731728047132492,76.4413549900055,0.2897540032863617,0.5391064882278442,0.386273629963398,123
SLAKE_STAGE2_BANK16,102,F2,0.2572908103466034,0.002073356881737709,77.05889248847961,0.09708739817142487,0.5391019284725189,0.24042245745658875,124
SLAKE_STAGE2_BANK16,102,F2,0.25721675157546997,0.40586531162261963,77.67658853530884,0.1364952027797699,0.5391010642051697,0.24793600291013718,125
SLAKE_STAGE2_BANK16,102,F2,0.25714826583862305,0.004693322349339724,78.29127240180969,0.2398953139781952,0.5391056537628174,0.2143082395195961,126
SLAKE_STAGE2_BANK16,102,F2,0.25713813304901123,0.08852443099021912,78.91329312324524,0.28851813077926636,0.5430124998092651,0.3833605870604515,127
SLAKE_STAGE2_BANK16,102,F2,0.25706374645233154,0.002139151794835925,79.53201365470886,0.09744558483362198,0.5391030609607697,0.24028357863426208,128
SLAKE_STAGE2_BANK16,102,F2,0.25698933005332947,0.08913891762495041,80.14903473854065,0.13834019005298615,0.539103627204895,0.24781795591115952,129
SLAKE_STAGE2_BANK16,102,F2,0.2569827139377594,0.4037383198738098,80.7642126083374,0.24708308279514313,0.5351963639259338,0.21174253523349762,130
SLAKE_STAGE2_BANK16,102,F2,0.2569352984428406,0.002089028712362051,81.38211989402771,0.28728052973747253,0.5391014814376831,0.38193437457084656,131
SLAKE_STAGE2_BANK16,102,F2,0.2541324496269226,0.004819987341761589,82.00110721588135,0.09659169614315033,0.535200297832489,0.23885531723499298,132
SLAKE_STAGE2_BANK16,102,F2,0.2568416893482208,0.004869248252362013,82.61778712272644,0.14176839590072632,0.5351907014846802,0.24501438438892365,133
SLAKE_STAGE2_BANK16,102,F2,0.2567764222621918,0.09032001346349716,83.23069858551025,0.2510753273963928,0.5390956699848175,0.21185586601495743,134
SLAKE_STAGE2_BANK16,102,F2,0.2539781630039215,0.0021458682604134083,83.84795117378235,0.29067084193229675,0.5351868569850922,0.3797895535826683,135
SLAKE_STAGE2_BANK16,102,F2,0.25392523407936096,0.4021203815937042,84.47084045410156,0.09729890525341034,0.5312828421592712,0.23744197934865952,136
SLAKE_STAGE2_BANK16,102,F2,0.2566570043563843,0.09094472229480743,85.09755158424377,0.142673060297966,0.5390943288803101,0.24489641189575195,137
SLAKE_STAGE2_BANK16,102,F2,0.2538619935512543,0.004911108873784542,85.71808457374573,0.2516723573207855,0.5351861715316772,0.21065470576286316,138
SLAKE_STAGE2_BANK16,102,F2,0.2537992298603058,0.0021563335321843624,86.33364462852478,0.2854117751121521,0.5312751233577728,0.3743257448077202,139
SLAKE_STAGE2_BANK16,102,F2,0.2565203011035919,0.4006045460700989,86.96074104309082,0.10020208358764648,0.5390883982181549,0.2373790740966797,140
SLAKE_STAGE2_BANK16,102,F2,0.25373679399490356,0.4002930223941803,87.59650206565857,0.14311055839061737,0.5351816713809967,0.24482163786888123,141
SLAKE_STAGE2_BANK16,102,F2,0.25645244121551514,0.09249749034643173,88.21478748321533,0.2659336030483246,0.5351747572422028,0.20817580819129944,142
SLAKE_STAGE2_BANK16,102,F2,0.25367915630340576,0.0022004309576004744,88.83309650421143,0.28766289353370667,0.535175085067749,0.37354861944913864,143
SLAKE_STAGE2_BANK16,102,F2,0.25363069772720337,0.005086581688374281,89.45660614967346,0.10030381381511688,0.5351801812648773,0.23730631917715073,144
SLAKE_STAGE2_BANK16,102,F2,0.25086185336112976,0.0021824827417731285,90.07450079917908,0.14588512480258942,0.5273625254631042,0.2407493218779564,145
SLAKE_STAGE2_BANK16,102,F2,0.253580242395401,0.005133315455168486,90.68963694572449,0.2657555341720581,0.5351787507534027,0.20731783658266068,146
SLAKE_STAGE2_BANK16,102,F2,0.25080838799476624,0.39940062165260315,91.31012678146362,0.2949451804161072,0.5351743102073669,0.3728089854121208,147
SLAKE_STAGE2_BANK16,102,F2,0.25350889563560486,0.09431471675634384,91.92636394500732,0.10026621073484421,0.5351693332195282,0.23728255182504654,148
SLAKE_STAGE2_BANK16,102,F2,0.2507590055465698,0.09461517632007599,92.54880213737488,0.14776843786239624,0.5312626659870148,0.24201367050409317,149
SLAKE_STAGE2_BANK16,102,F2,0.25070473551750183,0.005080425180494785,93.16524600982666,0.26763394474983215,0.5312644839286804,0.2062382996082306,150
SLAKE_STAGE2_BANK16,102,F2,0.2507006824016571,0.002246835036203265,93.78731656074524,0.2951062321662903,0.5312619507312775,0.37144946306943893,151
SLAKE_STAGE2_BANK16,102,F2,0.2506605088710785,0.3978712558746338,94.40078496932983,0.10075686872005463,0.5312597751617432,0.23724481463432312,152
SLAKE_STAGE2_BANK16,102,F2,0.2479150891304016,0.398210346698761,95.01524567604065,0.14960995316505432,0.5273521542549133,0.24065887928009033,153
SLAKE_STAGE2_BANK16,102,F2,0.25060755014419556,0.005155919119715691,95.63141131401062,0.27215826511383057,0.5351507663726807,0.20647326111793518,154
SLAKE_STAGE2_BANK16,102,F2,0.24786989390850067,0.002259796252474189,96.24925136566162,0.30244386196136475,0.5273530185222626,0.3714247867465019,155
SLAKE_STAGE2_BANK16,102,F2,0.2505563795566559,0.09700432419776917,96.90522074699402,0.10221206396818161,0.5351608395576477,0.2372519001364708,156
SLAKE_STAGE2_BANK16,102,F2,0.24781948328018188,0.09729006141424179,97.52465987205505,0.1524093896150589,0.5312487185001373,0.24063339829444885,157
SLAKE_STAGE2_BANK16,102,F2,0.25050589442253113,0.005256079602986574,98.14085745811462,0.2832542359828949,0.531249463558197,0.2041013538837433,158
SLAKE_STAGE2_BANK16,102,F2,0.24777573347091675,0.39749252796173096,98.7590959072113,0.30675050616264343,0.5312429964542389,0.3707008883357048,159
SLAKE_STAGE2_BANK16,102,F2,0.24772648513317108,0.00228384998627007,99.37607264518738,0.103904590010643,0.5312463641166687,0.23723680526018143,160
SLAKE_STAGE2_BANK16,103,F0,0.0,0.0,2.284304141998291,0.00040384280146099627,0.0,0.000120055592560675,1
SLAKE_STAGE2_BANK16,103,F0,0.0,0.0,2.5594682693481445,0.0006180207128636539,0.0,0.00014061635010875762,2
SLAKE_STAGE2_BANK16,103,F0,0.0,0.0,2.8371191024780273,0.0005529545014724135,0.0,0.00013622507685795426,3
SLAKE_STAGE2_BANK16,103,F0,0.0,0.0,3.1094343662261963,0.00045026931911706924,0.0,0.00012011521903332323,4
SLAKE_STAGE2_BANK16,103,F0,0.0,0.0,3.328569173812866,0.0003825684543699026,0.0,0.00011153323066537268,5
SLAKE_STAGE2_BANK16,103,F0,0.0,0.0,3.544537305831909,0.0005090697086416185,0.0,0.00013034608491580002,6
SLAKE_STAGE2_BANK16,103,F0,0.0,0.0,3.757991075515747,0.00047700878349132836,0.0,0.00012583578791236505,7
SLAKE_STAGE2_BANK16,103,F0,0.0,0.0,3.968644380569458,0.00040967814857140183,0.0,0.00011206968702026643,8
SLAKE_STAGE2_BANK16,103,F0,0.0,0.0,4.192044258117676,0.000355064170435071,0.0,0.00010454052244313061,9
SLAKE_STAGE2_BANK16,103,F0,0.0,0.0,4.404469966888428,0.0004637538513634354,0.0,0.0001233137991221156,10
SLAKE_STAGE2_BANK16,103,F0,0.0,0.0,4.616229295730591,0.0004472744185477495,0.0,0.00011767122850869782,11
SLAKE_STAGE2_BANK16,103,F0,0.0,0.0,4.827955722808838,0.000374472641851753,0.0,0.00010565310003585182,12
SLAKE_STAGE2_BANK16,103,F0,0.0,0.0,5.043876647949219,0.0003356892557349056,0.0,9.939529991243035e-05,13
SLAKE_STAGE2_BANK16,103,F0,0.0,0.0,5.261514186859131,0.00046146975364536047,0.0,0.00011769191405619495,14
SLAKE_STAGE2_BANK16,103,F0,0.0,0.0,5.478095769882202,0.00042634765850380063,0.0,0.00011181099034729414,15
SLAKE_STAGE2_BANK16,103,F0,0.0,0.0,5.6969592571258545,0.00036839870153926313,0.0,0.0001008058461593464,16
SLAKE_STAGE2_BANK16,103,F0,0.0,0.0,5.919049978256226,0.0003183788212481886,0.0,9.514400517218746e-05,17
SLAKE_STAGE2_BANK16,103,F0,0.0,0.0,6.1311163902282715,0.0004488765262067318,0.0,0.00011336123861838132,18
SLAKE_STAGE2_BANK16,103,F0,0.0,0.0,6.343216419219971,0.00041357724694535136,0.0,0.00010674530494725332,19
SLAKE_STAGE2_BANK16,103,F0,0.0,0.0,6.558079481124878,0.00033708830596879125,0.0,9.651479194872081e-05,20
SLAKE_STAGE2_BANK16,103,F0,0.0,0.0,6.789211750030518,0.00031109736301004887,0.0,9.202503497363068e-05,21
SLAKE_STAGE2_BANK16,103,F0,0.0,0.0,7.001881837844849,0.0004553541948553175,0.0,0.00010978541831718758,22
SLAKE_STAGE2_BANK16,103,F0,0.0,0.0,7.216845512390137,0.00037542948848567903,0.0,0.00010309004210284911,23
SLAKE_STAGE2_BANK16,103,F0,0.0,0.0,7.434770584106445,0.00031795253744348884,0.0,9.351500921184197e-05,24
SLAKE_STAGE2_BANK16,103,F0,0.0,0.0,7.657944679260254,0.00030643161153420806,0.0,8.962122956290841e-05,25
SLAKE_STAGE2_BANK16,103,F0,0.0,0.0,7.878932237625122,0.0004426848900038749,0.0,0.00010752070738817565,26
SLAKE_STAGE2_BANK16,103,F0,0.0,0.0,8.102854013442993,0.00035726590431295335,0.0,0.00010001084592659026,27
SLAKE_STAGE2_BANK16,103,F0,0.0,0.0,8.313817024230957,0.000314174045342952,0.0,9.075359412236139e-05,28
SLAKE_STAGE2_BANK16,103,F0,0.0,0.0,8.530896425247192,0.00029537270893342793,0.0,8.771405919105746e-05,29
SLAKE_STAGE2_BANK16,103,F0,0.0,0.0,8.748151063919067,0.00043722992995753884,0.0,0.0001059512906067539,30
SLAKE_STAGE2_BANK16,103,F0,0.0,0.0,8.970459699630737,0.0003711551253218204,0.0,9.806397065403871e-05,31
SLAKE_STAGE2_BANK16,103,F0,0.0,0.0,9.19456148147583,0.0003061578900087625,0.0,8.979999620351009e-05,32
SLAKE_STAGE2_BANK16,103,F0,0.0,0.0,9.41002345085144,0.0002845697454176843,0.0,8.70187250257004e-05,33
SLAKE_STAGE2_BANK16,103,F0,0.0,0.0,9.628868103027344,0.00045265615335665643,0.0,0.00010475932504050434,34
SLAKE_STAGE2_BANK16,103,F0,0.0,0.0,9.850802183151245,0.0003477217396721244,0.0,9.705081538413651e-05,35
SLAKE_STAGE2_BANK16,103,F0,0.0,0.0,10.073222875595093,0.0002996394468937069,0.0,8.890599929145537e-05,36
SLAKE_STAGE2_BANK16,103,F0,0.0,0.0,10.296932458877563,0.0002796811459120363,0.0,8.590619472670369e-05,37
SLAKE_STAGE2_BANK16,103,F0,0.0,0.0,10.511589288711548,0.0004337163991294801,0.0,0.00010372628457844257,38
SLAKE_STAGE2_BANK16,103,F0,0.0,0.0,10.729860782623291,0.00034613910247571766,0.0,9.597803364158608e-05,39
SLAKE_STAGE2_BANK16,103,F0,0.0,0.0,10.948745250701904,0.00030108747887425125,0.0,8.838945723255165e-05,40
SLAKE_STAGE2_BANK16,103,F0,0.0,0.0,11.174197912216187,0.0002732746652327478,0.0,8.600549335824326e-05,41
SLAKE_STAGE2_BANK16,103,F0,0.0,0.0,11.392972230911255,0.0004148670705035329,0.0,0.00010334883336327039,42
SLAKE_STAGE2_BANK16,103,F0,0.0,0.0,11.589481115341187,0.00034212981699965894,0.0,9.540190876577981e-05,43
SLAKE_STAGE2_BANK16,103,F0,0.0,0.0,11.8102707862854,0.00030283312662504613,0.0,8.809144492261112e-05,44
SLAKE_STAGE2_BANK16,103,F0,0.0,0.0,12.031635761260986,0.0002857515646610409,0.0,8.556841203244403e-05,45
SLAKE_STAGE2_BANK16,103,F0,0.0,0.0,12.25395941734314,0.0004288268683012575,0.0,0.00010285216922056861,46
SLAKE_STAGE2_BANK16,103,F0,0.0,0.0,12.461086511611938,0.00034981692442670465,0.0,9.540189057588577e-05,47
SLAKE_STAGE2_BANK16,103,F0,0.0,0.0,12.67870020866394,0.00030591493123210967,0.0,8.830992737784982e-05,48
SLAKE_STAGE2_BANK16,103,F0,0.0,0.0,12.89068865776062,0.0002931773487944156,0.0,8.660144521854818e-05,49
SLAKE_STAGE2_BANK16,103,F0,0.0,0.0,13.102357149124146,0.0004326933703850955,0.0,0.00010368652874603868,50
SLAKE_STAGE2_BANK16,103,F0,0.0,0.0,13.32178258895874,0.00033848051680251956,0.0,9.593827053322457e-05,51
SLAKE_STAGE2_BANK16,103,F0,0.0,0.0,13.537002563476562,0.00030763293034397066,0.0,8.952176722232252e-05,52
SLAKE_STAGE2_BANK16,103,F0,0.0,0.0,13.756893634796143,0.0002852859324775636,0.0,8.769408304942772e-05,53
SLAKE_STAGE2_BANK16,103,F0,0.0,0.0,13.97157907485962,0.00043950878898613155,0.0,0.00010523609671508893,54
SLAKE_STAGE2_BANK16,103,F0,0.0,0.0,14.19066572189331,0.00034709402825683355,0.0,9.675278124632314e-05,55
SLAKE_STAGE2_BANK16,103,F0,0.0,0.0,14.405027389526367,0.00030474428785964847,0.0,9.06342756934464e-05,56
SLAKE_STAGE2_BANK16,103,F0,0.0,0.0,14.628055810928345,0.0002990118518937379,0.0,8.872712714946829e-05,57
SLAKE_STAGE2_BANK16,103,F0,0.0,0.0,14.842067241668701,0.0004488825215958059,0.0,0.00010672603457351215,58
SLAKE_STAGE2_BANK16,103,F0,0.0,0.0,15.04170036315918,0.00036148607614450157,0.0,9.786527880351059e-05,59
SLAKE_STAGE2_BANK16,103,F0,0.0,0.0,15.233139514923096,0.0003047414938919246,0.0,9.12501200218685e-05,60
SLAKE_STAGE2_BANK16,103,F0,0.0,0.0,15.458038568496704,0.00030013034120202065,0.0,8.956150486483239e-05,61
SLAKE_STAGE2_BANK16,103,F0,0.0,0.0,15.673676252365112,0.00041794576100073755,0.0,0.00010801731696119532,62
SLAKE_STAGE2_BANK16,103,F0,0.0,0.0,15.903139114379883,0.00035343499621376395,0.0,9.78255266090855e-05,63
SLAKE_STAGE2_BANK16,103,F0,0.0,0.0,16.12659192085266,0.00030986807541921735,0.0,9.198515908792615e-05,64
SLAKE_STAGE2_BANK16,103,F0,0.0,0.0,16.352388858795166,0.0002981104771606624,0.0,8.96012206794694e-05,65
SLAKE_STAGE2_BANK16,103,F0,0.0,0.0,16.58150315284729,0.00046374654630199075,0.0,0.00010907020623562858,66
SLAKE_STAGE2_BANK16,103,F0,0.0,0.0,16.810481071472168,0.0003549980465322733,0.0,9.800431507756002e-05,67
SLAKE_STAGE2_BANK16,103,F0,0.0,0.0,17.03317642211914,0.00031942292116582394,0.0,9.188581316266209e-05,68
SLAKE_STAGE2_BANK16,103,F0,0.0,0.0,17.252365350723267,0.00029998712125234306,0.0,8.987932233139873e-05,69
SLAKE_STAGE2_BANK16,103,F0,0.0,0.0,17.472116231918335,0.00044067177805118263,0.0,0.00010873245992115699,70
SLAKE_STAGE2_BANK16,103,F0,0.0,0.0,17.70345115661621,0.00035166455199941993,0.0,9.780562686501071e-05,71
SLAKE_STAGE2_BANK16,103,F0,0.0,0.0,17.928117275238037,0.00030562945175915956,0.0,9.180632332572713e-05,72
SLAKE_STAGE2_BANK16,103,F0,0.0,0.0,18.157240867614746,0.0003054422268178314,0.0,8.98196994967293e-05,73
SLAKE_STAGE2_BANK16,103,F0,0.0,0.0,18.382126092910767,0.00048063971917144954,0.0,0.00010946746988338418,74
SLAKE_STAGE2_BANK16,103,F0,0.0,0.0,18.60988712310791,0.00036745943361893296,0.0,9.742813563207164e-05,75
SLAKE_STAGE2_BANK16,103,F0,0.0,0.0,18.834073066711426,0.00032320155878551304,0.0,9.180628330796026e-05,76
SLAKE_STAGE2_BANK16,103,F0,0.0,0.0,19.064781665802002,0.0003122963535133749,0.0,8.972030627774075e-05,77
SLAKE_STAGE2_BANK16,103,F0,0.0,0.0,19.287512063980103,0.00045926892198622227,0.0,0.00010895090963458642,78
SLAKE_STAGE2_BANK16,103,F0,0.0,0.0,19.507794618606567,0.00037196959601715207,0.0,9.744795534061268e-05,79
SLAKE_STAGE2_BANK16,103,F0,0.0,0.0,19.723332166671753,0.0003290690656285733,0.0,9.212411532644182e-05,80
SLAKE_STAGE2_BANK16,103,F0,0.0,0.0,19.96103858947754,0.00031536410097032785,0.0,8.99388141988311e-05,81
SLAKE_STAGE2_BANK16,103,F0,0.0,0.0,20.192033529281616,0.0004795115382876247,0.0,0.00010946741167572327,82
SLAKE_STAGE2_BANK16,103,F0,0.0,0.0,20.40309190750122,0.0003527307417243719,0.0,9.71102126641199e-05,83
SLAKE_STAGE2_BANK16,103,F0,0.0,0.0,20.618019819259644,0.00033759334473870695,0.0,9.248166679753922e-05,84
SLAKE_STAGE2_BANK16,103,F0,0.0,0.0,20.839903831481934,0.0003171559073962271,0.0,9.049503569258377e-05,85
SLAKE_STAGE2_BANK16,103,F0,0.0,0.0,21.063600540161133,0.000496867869514972,0.0,0.00010996404671459459,86
SLAKE_STAGE2_BANK16,103,F0,0.0,0.0,21.276801347732544,0.0003525670035742223,0.0,9.730883539305069e-05,87
SLAKE_STAGE2_BANK16,103,F0,0.0,0.0,21.48956871032715,0.0003395241510588676,0.0,9.28591180127114e-05,88
SLAKE_STAGE2_BANK16,103,F0,0.0,0.0,21.711532831192017,0.0003262946556787938,0.0,9.101155592361465e-05,89
SLAKE_STAGE2_BANK16,103,F0,0.0,0.0,21.925292253494263,0.0004908176488243043,0.0,0.00011055998766096309,90
SLAKE_STAGE2_BANK16,103,F0,0.0,0.0,22.144312143325806,0.0003650615399237722,0.0,9.766638322616927e-05,91
SLAKE_STAGE2_BANK16,103,F0,0.0,0.0,22.356682538986206,0.00035119400126859546,0.0,9.335572394775227e-05,92
SLAKE_STAGE2_BANK16,103,F0,0.0,0.0,22.568973064422607,0.0003284913836978376,0.0,9.115058492170647e-05,93
SLAKE_STAGE2_BANK16,103,F0,0.0,0.0,22.781686782836914,0.0005039872485212982,0.0,0.0001108380856749136,94
SLAKE_STAGE2_BANK16,103,F0,0.0,0.0,22.99592399597168,0.0003742284025065601,0.0,9.800410407478921e-05,95
SLAKE_STAGE2_BANK16,103,F0,0.0,0.0,23.21235179901123,0.00034772680373862386,0.0,9.325639985036105e-05,96
SLAKE_STAGE2_BANK16,103,F0,0.0,0.0,23.430224180221558,0.0003287398430984467,0.0,9.121017501456663e-05,97
SLAKE_STAGE2_BANK16,103,F0,0.0,0.0,23.642047882080078,0.0004852549755014479,0.0,0.00011097714013885707,98
SLAKE_STAGE2_BANK16,103,F0,0.0,0.0,23.854634761810303,0.00036672456189990044,0.0,9.752730693435296e-05,99
SLAKE_STAGE2_BANK16,103,F0,0.0,0.0,24.0722758769989,0.00035389195545576513,0.0,9.387224781676196e-05,100
SLAKE_STAGE2_BANK16,103,F0,0.0,0.0,24.306609869003296,0.00032693680259399116,0.0,9.093207336263731e-05,101
SLAKE_STAGE2_BANK16,103,F0,0.0,0.0,24.528701066970825,0.00048060878179967403,0.0,0.00011127514153486118,102
SLAKE_STAGE2_BANK16,103,F0,0.0,0.0,24.748547315597534,0.00038043540553189814,0.0,9.774585487321019e-05,103
SLAKE_STAGE2_BANK16,103,F0,0.0,0.0,24.964327573776245,0.0003507064830046147,0.0,9.403122385265306e-05,104
SLAKE_STAGE2_BANK16,103,F0,0.0,0.0,25.18327260017395,0.00033003147109411657,0.0,9.180618144455366e-05,105
SLAKE_STAGE2_BANK16,103,F0,0.0,0.0,25.398345232009888,0.0004728919011540711,0.0,0.00011212936078663915,106
SLAKE_STAGE2_BANK16,103,F0,0.0,0.0,25.616073608398438,0.00035537013900466263,0.0,9.768626114237122e-05,107
SLAKE_STAGE2_BANK16,103,F0,0.0,0.0,25.831780910491943,0.0003551522095222026,0.0,9.428946214029565e-05,108
SLAKE_STAGE2_BANK16,103,F0,0.0,0.0,26.055148601531982,0.000341871491400525,0.0,9.202471119351685e-05,109
SLAKE_STAGE2_BANK16,103,F0,0.0,0.0,26.266424417495728,0.0004753917164634913,0.0,0.0001124869377235882,110
SLAKE_STAGE2_BANK16,103,F0,0.0,0.0,26.482064723968506,0.0003762014675885439,0.0,9.822264837566763e-05,111
SLAKE_STAGE2_BANK16,103,F0,0.0,0.0,26.701481103897095,0.00037005936610512435,0.0,9.498478539171629e-05,112
SLAKE_STAGE2_BANK16,103,F0,0.0,0.0,26.926790237426758,0.00034982056240551174,0.0,9.268028952647e-05,113
SLAKE_STAGE2_BANK16,103,F0,0.0,0.0,27.143364906311035,0.00047608092427253723,0.0,0.00011296369120827876,114
SLAKE_STAGE2_BANK16,103,F0,0.0,0.0,27.359638452529907,0.00038742751348763704,0.0,9.92357890936546e-05,115
SLAKE_STAGE2_BANK16,103,F0,0.0,0.0,27.57144832611084,0.00037135291495360434,0.0,9.625620077713393e-05,116
SLAKE_STAGE2_BANK16,103,F0,0.0,0.0,27.794588327407837,0.0003530366811901331,0.0,9.345505168312229e-05,117
SLAKE_STAGE2_BANK16,103,F0,0.0,0.0,28.007421016693115,0.000501933682244271,0.0,0.00011471184188849293,118
SLAKE_STAGE2_BANK16,103,F0,0.0,0.0,28.21792435646057,0.00038500363007187843,0.0,9.963311822502874e-05,119
SLAKE_STAGE2_BANK16,103,F0,0.0,0.0,28.438955783843994,0.0003693881444633007,0.0,9.685218901722692e-05,120
SLAKE_STAGE2_BANK16,103,F0,0.0,0.0,28.671841382980347,0.0003463548782747239,0.0,9.369345207232982e-05,121
SLAKE_STAGE2_BANK16,103,F0,0.0,0.0,28.893797397613525,0.0004774437693413347,0.0,0.0001151091382780578,122
SLAKE_STAGE2_BANK16,103,F0,0.0,0.0,29.1191349029541,0.00037181549123488367,0.0,9.947415674105287e-05,123
SLAKE_STAGE2_BANK16,103,F0,0.0,0.0,29.339293718338013,0.00036461756099015474,0.0,9.770641918294132e-05,124
SLAKE_STAGE2_BANK16,103,F0,0.0,0.0,29.56084370613098,0.00033494638046249747,0.0,9.492512253927998e-05,125
SLAKE_STAGE2_BANK16,103,F0,0.0,0.0,29.78252339363098,0.0004812082333955914,0.0,0.00011471180914668366,126
SLAKE_STAGE2_BANK16,103,F0,0.0,0.0,30.00382089614868,0.0003623868396971375,0.0,0.00010007013770518824,127
SLAKE_STAGE2_BANK16,103,F0,0.0,0.0,30.218846797943115,0.0003590782580431551,0.0,9.881889127427712e-05,128
SLAKE_STAGE2_BANK16,103,F0,0.0,0.0,30.432267665863037,0.000339302234351635,0.0,9.540187966194935e-05,129
SLAKE_STAGE2_BANK16,103,F0,0.0,0.0,30.647599697113037,0.0004617394879460335,0.0,0.00011528789036674425,130
SLAKE_STAGE2_BANK16,103,F0,0.0,0.0,30.863707780838013,0.0003750940377358347,0.0,0.0001004873302008491,131
SLAKE_STAGE2_BANK16,103,F0,0.0,0.0,31.087814569473267,0.000378506287233904,0.0,9.979232345358469e-05,132
SLAKE_STAGE2_BANK16,103,F0,0.0,0.0,31.29924178123474,0.00034135012538172305,0.0,9.589853652869351e-05,133
SLAKE_STAGE2_BANK16,103,F0,0.0,0.0,31.519304752349854,0.0004806755459867418,0.0,0.00011649971202132292,134
SLAKE_STAGE2_BANK16,103,F0,0.0,0.0,31.736968517303467,0.00037548490217886865,0.0,0.0001015004818327725,135
SLAKE_STAGE2_BANK16,103,F0,0.0,0.0,31.957003355026245,0.0003851748479064554,0.0,0.00010124256004928611,136
SLAKE_STAGE2_BANK16,103,F0,0.0,0.0,32.16780972480774,0.0003393867809791118,0.0,9.742823749547824e-05,137
SLAKE_STAGE2_BANK16,103,F0,0.0,0.0,32.38410925865173,0.0005097794928587973,0.0,0.00011844648906844668,138
SLAKE_STAGE2_BANK16,103,F0,0.0,0.0,32.603374004364014,0.0003754764038603753,0.0,0.00010326851406716742,139
SLAKE_STAGE2_BANK16,103,F0,0.0,0.0,32.82382941246033,0.0003849798231385648,0.0,0.00010328873759135604,140
SLAKE_STAGE2_BANK16,103,F0,0.0,0.0,33.057047605514526,0.0003318656818009913,0.0,9.885855979518965e-05,141
SLAKE_STAGE2_BANK16,103,F0,0.0,0.0,33.27950668334961,0.0004774268309120089,0.0,0.00011945961887249723,142
SLAKE_STAGE2_BANK16,103,F0,0.0,0.0,33.503880739212036,0.00037790610804222524,0.0,0.0001038644986692816,143
SLAKE_STAGE2_BANK16,103,F0,0.0,0.0,33.71825051307678,0.0003807077882811427,0.0,0.00010456013114890084,144
SLAKE_STAGE2_BANK16,103,F0,0.0,0.0,33.93644380569458,0.0003299466916359961,0.0,9.943465556716546e-05,145
SLAKE_STAGE2_BANK16,103,F0,0.0,0.0,34.159849405288696,0.0004902799846604466,0.0,0.00012031382357235998,146
SLAKE_STAGE2_BANK16,103,F0,0.0,0.0,34.37555503845215,0.0003859318676404655,0.0,0.00010434127761982381,147
SLAKE_STAGE2_BANK16,103,F0,0.0,0.0,34.59373593330383,0.00039486808236688375,0.0,0.00010507666593184695,148
SLAKE_STAGE2_BANK16,103,F0,0.0,0.0,34.80566191673279,0.0003425980103202164,0.0,0.00010042791473097168,149
SLAKE_STAGE2_BANK16,103,F0,0.0,0.0,35.01795482635498,0.0004827911907341331,0.0,0.00012083029650966637,150
SLAKE_STAGE2_BANK16,103,F0,0.0,0.0,35.235382080078125,0.0003849499044008553,0.0,0.00010569211372057907,151
SLAKE_STAGE2_BANK16,103,F0,0.0,0.0,35.45665979385376,0.0004121247329749167,0.0,0.00010726186883402988,152
SLAKE_STAGE2_BANK16,103,F0,0.0,0.0,35.6742959022522,0.0003506825596559793,0.0,0.00010219592513749376,153
SLAKE_STAGE2_BANK16,103,F0,0.0,0.0,35.89435935020447,0.0005041947006247938,0.0,0.0001221016100316774,154
SLAKE_STAGE2_BANK16,103,F0,0.0,0.0,36.11279344558716,0.00039823257247917354,0.0,0.00010767861022031866,155
SLAKE_STAGE2_BANK16,103,F0,0.0,0.0,36.33185863494873,0.0004109522851649672,0.0,0.00010889079931075685,156
SLAKE_STAGE2_BANK16,103,F0,0.0,0.0,36.54696083068848,0.00035314899287186563,0.0,0.00010358648069086485,157
SLAKE_STAGE2_BANK16,103,F0,0.0,0.0,36.7656946182251,0.0005244274507276714,0.0,0.00012430656715878285,158
SLAKE_STAGE2_BANK16,103,F0,0.0,0.0,36.98879098892212,0.00039098248817026615,0.0,0.00010869171092053875,159
SLAKE_STAGE2_BANK16,103,F0,0.0,0.0,37.205265045166016,0.0004200430994387716,0.0,0.00011119513874291442,160
SLAKE_STAGE2_BANK16,103,F1,3.665903091430664,0.00902696792036295,0.6627020835876465,7.299678325653076,0.0,0.000120055592560675,1
SLAKE_STAGE2_BANK16,103,F1,3.5618884563446045,0.45119720697402954,1.3881371021270752,7.33809232711792,0.0,0.00014735029981238768,2
SLAKE_STAGE2_BANK16,103,F1,3.4579124450683594,0.0032194433733820915,2.048872470855713,7.325714111328125,0.0,0.00015557219740003347,3
SLAKE_STAGE2_BANK16,103,F1,3.351384401321411,0.005481645930558443,2.6222481727600098,7.317253112792969,0.0,0.00013743745512329042,4
SLAKE_STAGE2_BANK16,103,F1,3.244884729385376,0.005283629987388849,3.0495529174804688,7.301724433898926,0.0,0.0001409330579917878,5
SLAKE_STAGE2_BANK16,103,F1,3.1436445713043213,0.3657330870628357,3.484328031539917,7.280327320098877,0.0,0.00020862368546659127,6
SLAKE_STAGE2_BANK16,103,F1,3.0372531414031982,0.007866122759878635,3.9177322387695312,7.219748020172119,0.0,0.000248096592258662,7
SLAKE_STAGE2_BANK16,103,F1,2.9387271404266357,0.002748659113422036,4.353031158447266,7.161423206329346,0.0,0.0001926368713611737,8
SLAKE_STAGE2_BANK16,103,F1,2.837712287902832,0.0047210888005793095,4.783328294754028,7.084073066711426,0.0,0.00022671493934467435,9
SLAKE_STAGE2_BANK16,103,F1,2.741983413696289,0.0025108077097684145,5.221452951431274,6.991137981414795,0.0,0.0003899297589669004,10
SLAKE_STAGE2_BANK16,103,F1,2.6411478519439697,0.2785952091217041,5.654233694076538,6.895816802978516,0.0,0.0005432474572444335,11
SLAKE_STAGE2_BANK16,103,F1,2.5509049892425537,0.007026973646134138,6.089584827423096,6.7715654373168945,0.0,0.000363486644346267,12
SLAKE_STAGE2_BANK16,103,F1,2.458111524581909,0.0024183595087379217,6.5239386558532715,6.6354851722717285,0.0,0.0004800049209734425,13
SLAKE_STAGE2_BANK16,103,F1,2.3681981563568115,0.006682299077510834,6.956396102905273,6.489823818206787,0.0,0.0008508100581821054,14
SLAKE_STAGE2_BANK16,103,F1,2.275712251663208,0.22116129100322723,7.404234409332275,6.337917327880859,0.0,0.0013811830431222916,15
SLAKE_STAGE2_BANK16,103,F1,2.193977117538452,0.0038569101598113775,7.8392980098724365,6.173435211181641,0.0,0.0008293883001897484,16
SLAKE_STAGE2_BANK16,103,F1,2.107142686843872,0.19637922942638397,8.267707347869873,6.008296489715576,0.0,0.0011551242787390947,17
SLAKE_STAGE2_BANK16,103,F1,2.0258781909942627,0.0036339673679322004,8.69934606552124,5.815598487854004,0.0,0.0019066451932303607,18
SLAKE_STAGE2_BANK16,103,F1,1.9445956945419312,0.006035350728780031,9.131334066390991,5.612301826477051,0.0,0.003445609414484352,19
SLAKE_STAGE2_BANK16,103,F1,1.873990535736084,0.0020399477798491716,9.581200122833252,5.452498912811279,0.0,0.0019489650730974972,20
SLAKE_STAGE2_BANK16,103,F1,1.8008092641830444,0.003362237010151148,10.033966064453125,5.26665735244751,0.0,0.0026967414887622,21
SLAKE_STAGE2_BANK16,103,F1,1.727596402168274,0.00202355463989079,10.469220638275146,5.072854518890381,0.0,0.004067037021741271,22
SLAKE_STAGE2_BANK16,103,F1,1.6572610139846802,0.0055928039364516735,10.896808385848999,4.84403133392334,0.0,0.007857419201172888,23
SLAKE_STAGE2_BANK16,103,F1,1.5920146703720093,0.12623554468154907,11.326276779174805,4.726933002471924,0.0,0.004357543308287859,24
SLAKE_STAGE2_BANK16,103,F1,1.5266324281692505,0.11841540038585663,11.754998207092285,4.542052745819092,0.0,0.005865100538358092,25
SLAKE_STAGE2_BANK16,103,F1,1.4662150144577026,0.0019456070149317384,12.187525987625122,4.359687805175781,0.0,0.008068854687735438,26
SLAKE_STAGE2_BANK16,103,F1,1.4055743217468262,0.005225393921136856,12.614077091217041,4.106628894805908,0.0,0.01612740522250533,27
SLAKE_STAGE2_BANK16,103,F1,1.3447213172912598,0.002887882525101304,13.04479193687439,4.034175395965576,0.0,0.008857610169798136,28
SLAKE_STAGE2_BANK16,103,F1,1.289190649986267,0.0018921575974673033,13.492191791534424,3.8571715354919434,0.0,0.011540611740201712,29
SLAKE_STAGE2_BANK16,103,F1,1.2376331090927124,0.0027135557029396296,13.925626754760742,3.690647840499878,0.0,0.014708878938108683,30
SLAKE_STAGE2_BANK16,103,F1,1.1817222833633423,0.0789949893951416,14.361552476882935,3.4022908210754395,0.0,0.029758875258266926,31
SLAKE_STAGE2_BANK16,103,F1,1.1307212114334106,0.004761379677802324,14.79577922821045,3.3790247440338135,0.0,0.016451821196824312,32
SLAKE_STAGE2_BANK16,103,F1,1.0846318006515503,0.001881621778011322,15.232957601547241,3.2039811611175537,0.0,0.020848995074629784,33
SLAKE_STAGE2_BANK16,103,F1,1.034305214881897,0.0645187646150589,15.662530183792114,3.0561671257019043,0.0,0.025077235884964466,34
SLAKE_STAGE2_BANK16,103,F1,0.9889270663261414,0.002508164383471012,16.099373817443848,2.727332353591919,0.0,0.050170629285275936,35
SLAKE_STAGE2_BANK16,103,F1,0.9436188340187073,0.004494871478527784,16.532512187957764,2.7632229328155518,0.0,0.028364400379359722,36
SLAKE_STAGE2_BANK16,103,F1,0.9039685726165771,0.05223682522773743,16.968995332717896,2.603769063949585,0.0,0.03472141548991203,37
SLAKE_STAGE2_BANK16,103,F1,0.859650194644928,0.0023794372100383043,17.39853072166443,2.4709908962249756,0.0,0.039332808926701546,38
SLAKE_STAGE2_BANK16,103,F1,0.8209066987037659,0.0018527015345171094,17.835941076278687,2.0985398292541504,0.0,0.0792564395815134,39
SLAKE_STAGE2_BANK16,103,F1,0.7777083516120911,0.0042829858139157295,18.269323587417603,2.187567710876465,0.0,0.04543202184140682,40
SLAKE_STAGE2_BANK16,103,F1,0.7400797009468079,0.0022797605488449335,18.716623306274414,2.0272114276885986,0.0,0.0551671888679266,41
SLAKE_STAGE2_BANK16,103,F1,0.7073106169700623,0.0018963846378028393,19.142265558242798,1.924684762954712,0.0,0.05994103662669659,42
SLAKE_STAGE2_BANK16,103,F1,0.671087920665741,0.004147444386035204,19.57383108139038,1.5277695655822754,0.0,0.1172703318297863,43
SLAKE_STAGE2_BANK16,103,F1,0.6352861523628235,0.03156505525112152,20.008331298828125,1.6531254053115845,0.0,0.07012694701552391,44
SLAKE_STAGE2_BANK16,103,F1,0.6083676815032959,0.002165718236938119,20.44076156616211,1.51285982131958,0.0,0.08219635114073753,45
SLAKE_STAGE2_BANK16,103,F1,0.5739719271659851,0.004055809695273638,20.8787841796875,1.4260733127593994,0.0,0.0875457338988781,46
SLAKE_STAGE2_BANK16,103,F1,0.5443950295448303,0.025182824581861496,21.306471347808838,1.0192283391952515,0.0,0.16599706187844276,47
SLAKE_STAGE2_BANK16,103,F1,0.5152654051780701,0.0019648480229079723,21.73734164237976,1.1715949773788452,0.0,0.10211370885372162,48
SLAKE_STAGE2_BANK16,103,F1,0.4832697808742523,0.001963516464456916,22.175041675567627,1.0266708135604858,0.0,0.11868763342499733,49
SLAKE_STAGE2_BANK16,103,F1,0.45967936515808105,0.020312469452619553,22.60668158531189,0.98361736536026,0.0,0.12196340411901474,50
SLAKE_STAGE2_BANK16,103,F1,0.4292645752429962,0.0020430812146514654,23.038291454315186,0.5775020122528076,0.0,0.2257046476006508,51
SLAKE_STAGE2_BANK16,103,F1,0.4107135236263275,0.003913745749741793,23.47773241996765,0.742484450340271,0.0,0.14281125739216805,52
SLAKE_STAGE2_BANK16,103,F1,0.38543757796287537,0.002042545238509774,23.911093950271606,0.6185265779495239,0.0,0.16360250860452652,53
SLAKE_STAGE2_BANK16,103,F1,0.364459753036499,0.0020042676478624344,24.33926272392273,0.6115303039550781,0.0,0.16350242495536804,54
SLAKE_STAGE2_BANK16,103,F1,0.34751060605049133,0.0038556137587875128,24.780823469161987,0.31161195039749146,0.0,0.2890336960554123,55
SLAKE_STAGE2_BANK16,103,F1,0.3277551233768463,0.014565113000571728,25.21433448791504,0.403211385011673,0.0,0.18728596717119217,56
SLAKE_STAGE2_BANK16,103,F1,0.3117898404598236,0.0020446721464395523,25.649154663085938,0.3267233967781067,0.0,0.20948297530412674,57
SLAKE_STAGE2_BANK16,103,F1,0.2962249219417572,0.0038524805568158627,26.080121755599976,0.35803213715553284,0.0,0.20482348650693893,58
SLAKE_STAGE2_BANK16,103,F1,0.2841241657733917,0.0020114853978157043,26.518784284591675,0.30971184372901917,0.0,0.3506402522325516,59
SLAKE_STAGE2_BANK16,103,F1,0.27220597863197327,0.013285500928759575,26.950567722320557,0.1977260857820511,0.0,0.22874217480421066,60
SLAKE_STAGE2_BANK16,103,F1,0.26061758399009705,0.0038347586523741484,27.394290685653687,0.19220227003097534,0.0,0.2476106807589531,61
SLAKE_STAGE2_BANK16,103,F1,0.25191429257392883,0.00217349617742002,27.830785274505615,0.2425556629896164,0.0,0.2375151738524437,62
SLAKE_STAGE2_BANK16,103,F1,0.2462165504693985,0.0020752495620399714,28.257377862930298,0.41429123282432556,0.0,0.39417707920074463,63
SLAKE_STAGE2_BANK16,103,F1,0.2379918247461319,0.013258470222353935,28.688602209091187,0.16173909604549408,0.0,0.25719035416841507,64
SLAKE_STAGE2_BANK16,103,F1,0.23243023455142975,0.0020887816790491343,29.119426488876343,0.20737634599208832,0.0,0.27476542443037033,65
SLAKE_STAGE2_BANK16,103,F1,0.22689063847064972,0.013952611945569515,29.55228352546692,0.22377578914165497,0.0,0.25696734338998795,66
SLAKE_STAGE2_BANK16,103,F1,0.2214357703924179,0.003858837066218257,29.986329555511475,0.4873199760913849,0.0,0.41517725586891174,67
SLAKE_STAGE2_BANK16,103,F1,0.22104914486408234,0.002308398950845003,30.416443347930908,0.18853338062763214,0.0,0.2717265412211418,68
SLAKE_STAGE2_BANK16,103,F1,0.21813125908374786,0.002166004152968526,30.848045110702515,0.23463402688503265,0.0,0.2874130755662918,69
SLAKE_STAGE2_BANK16,103,F1,0.21773289144039154,0.01586630754172802,31.288570642471313,0.21896617114543915,0.0,0.26245351135730743,70
SLAKE_STAGE2_BANK16,103,F1,0.21494163572788239,0.003890248015522957,31.71943163871765,0.5001441240310669,0.0,0.41988609731197357,71
SLAKE_STAGE2_BANK16,103,F1,0.21456463634967804,0.0024564501363784075,32.15445327758789,0.1922958791255951,0.0,0.27435048669576645,72
SLAKE_STAGE2_BANK16,103,F1,0.21659909188747406,0.017991434782743454,32.588672161102295,0.2223014384508133,0.0,0.28518129140138626,73
SLAKE_STAGE2_BANK16,103,F1,0.21627314388751984,0.0039036418311297894,33.03113269805908,0.20334795117378235,0.0,0.2575058788061142,74
SLAKE_STAGE2_BANK16,103,F1,0.21838879585266113,0.0024834414944052696,33.46307921409607,0.4705507457256317,0.0,0.4121287018060684,75
SLAKE_STAGE2_BANK16,103,F1,0.22053508460521698,0.0022498618345707655,33.90228486061096,0.1546485424041748,0.0,0.26644013077020645,76
SLAKE_STAGE2_BANK16,103,F1,0.22269360721111298,0.003912096377462149,34.336785316467285,0.18440483510494232,0.0,0.275815412402153,77
SLAKE_STAGE2_BANK16,103,F1,0.2224641889333725,0.021912798285484314,34.77276611328125,0.18372589349746704,0.0,0.24856416136026382,78
SLAKE_STAGE2_BANK16,103,F1,0.22469325363636017,0.002256327075883746,35.20623707771301,0.42395734786987305,0.0,0.3953355550765991,79
SLAKE_STAGE2_BANK16,103,F1,0.2295249104499817,0.002647216897457838,35.63954758644104,0.11245536059141159,0.0,0.2548329755663872,80
SLAKE_STAGE2_BANK16,103,F1,0.23184214532375336,0.025029655545949936,36.134095430374146,0.1410333514213562,0.0,0.2610998600721359,81
SLAKE_STAGE2_BANK16,103,F1,0.23418201506137848,0.002697577467188239,36.57103729248047,0.18042586743831635,0.0,0.23480457812547684,82
SLAKE_STAGE2_BANK16,103,F1,0.23657222092151642,0.003944516647607088,37.00466585159302,0.3614390790462494,0.0,0.37548884749412537,83
SLAKE_STAGE2_BANK16,103,F1,0.2416437268257141,0.0023043365217745304,37.43787097930908,0.09077361226081848,0.0,0.2421015277504921,84
SLAKE_STAGE2_BANK16,103,F1,0.24410377442836761,0.0023151440545916557,37.86956024169922,0.12029852718114853,0.0,0.24844291806221008,85
SLAKE_STAGE2_BANK16,103,F1,0.2439555525779724,0.003987207543104887,38.30672645568848,0.19514471292495728,0.0,0.2239781841635704,86
SLAKE_STAGE2_BANK16,103,F1,0.24645286798477173,0.030580610036849976,38.737525939941406,0.3123137652873993,0.0,0.35957182943820953,87
SLAKE_STAGE2_BANK16,103,F1,0.24901151657104492,0.0028826340567320585,39.1753511428833,0.10551096498966217,0.0,0.22982095181941986,88
SLAKE_STAGE2_BANK16,103,F1,0.24887579679489136,0.03280799835920334,39.60330677032471,0.12248191982507706,0.0,0.23859302699565887,89
SLAKE_STAGE2_BANK16,103,F1,0.25147226452827454,0.003990730736404657,40.042271852493286,0.21865712106227875,0.0,0.21372316777706146,90
SLAKE_STAGE2_BANK16,103,F1,0.25135335326194763,0.0024050890933722258,40.478784799575806,0.27920547127723694,0.0,0.3459431082010269,91
SLAKE_STAGE2_BANK16,103,F1,0.25397560000419617,0.0029617114923894405,40.911176919937134,0.12250639498233795,0.0,0.22442618757486343,92
SLAKE_STAGE2_BANK16,103,F1,0.2538863718509674,0.0024322611279785633,41.34500169754028,0.13598349690437317,0.0,0.2304929867386818,93
SLAKE_STAGE2_BANK16,103,F1,0.25652655959129333,0.03639107197523117,41.78084659576416,0.23435193300247192,0.0,0.20932231843471527,94
SLAKE_STAGE2_BANK16,103,F1,0.25643810629844666,0.0040333946235477924,42.212180852890015,0.2612294852733612,0.0,0.3405638188123703,95
SLAKE_STAGE2_BANK16,103,F1,0.256374716758728,0.003024663310497999,42.661861419677734,0.13432034850120544,0.0,0.22060827910900116,96
SLAKE_STAGE2_BANK16,103,F1,0.25625988841056824,0.0029770839028060436,43.095128536224365,0.14221520721912384,0.0,0.22763735800981522,97
SLAKE_STAGE2_BANK16,103,F1,0.25618958473205566,0.03895201534032822,43.52533411979675,0.23955434560775757,0.0,0.20561005920171738,98
SLAKE_STAGE2_BANK16,103,F1,0.2561260163784027,0.002485620090737939,43.965638875961304,0.25629815459251404,0.0,0.33850088715553284,99
SLAKE_STAGE2_BANK16,103,F1,0.256071001291275,0.004038393497467041,44.39779829978943,0.13142678141593933,0.0,0.22141412645578384,100
SLAKE_STAGE2_BANK16,103,F1,0.25324660539627075,0.0031374869868159294,44.855002880096436,0.13466066122055054,0.0,0.2288152426481247,101
SLAKE_STAGE2_BANK16,103,F1,0.2531861662864685,0.040474891662597656,45.29712176322937,0.23201890289783478,0.0,0.2060362473130226,102
SLAKE_STAGE2_BANK16,103,F1,0.2531355917453766,0.002541090128943324,45.72869420051575,0.25958266854286194,0.0,0.3383312523365021,103
SLAKE_STAGE2_BANK16,103,F1,0.25308871269226074,0.004065582994371653,46.16918444633484,0.12308866530656815,0.0,0.22225402295589447,104
SLAKE_STAGE2_BANK16,103,F1,0.2502913177013397,0.04168599098920822,46.59979510307312,0.12666437029838562,0.0,0.23003624379634857,105
SLAKE_STAGE2_BANK16,103,F1,0.2502487599849701,0.0032281940802931786,47.03365421295166,0.22136974334716797,0.0,0.20849215239286423,106
SLAKE_STAGE2_BANK16,103,F1,0.2474742978811264,0.0025594031903892756,47.46661734580994,0.2725256383419037,0.0,0.3414596915245056,107
SLAKE_STAGE2_BANK16,103,F1,0.24743719398975372,0.004079679027199745,47.91314339637756,0.10385867953300476,0.0,0.22601746767759323,108
SLAKE_STAGE2_BANK16,103,F1,0.24739569425582886,0.002579783322289586,48.34485483169556,0.12002626061439514,0.0,0.2324303612112999,109
SLAKE_STAGE2_BANK16,103,F1,0.24465639889240265,0.0033140620216727257,48.792362213134766,0.20775620639324188,0.0,0.20958571135997772,110
SLAKE_STAGE2_BANK16,103,F1,0.2446109652519226,0.00408090790733695,49.223204135894775,0.2815495431423187,0.0,0.34421223402023315,111
SLAKE_STAGE2_BANK16,103,F1,0.24457694590091705,0.04413081705570221,49.6592173576355,0.09380596876144409,0.0,0.22839365899562836,112
SLAKE_STAGE2_BANK16,103,F1,0.24185872077941895,0.04495536908507347,50.10478591918945,0.10942946374416351,0.0,0.23486199229955673,113
SLAKE_STAGE2_BANK16,103,F1,0.24181586503982544,0.0033667704556137323,50.552433252334595,0.19951431453227997,0.0,0.21072397381067276,114
SLAKE_STAGE2_BANK16,103,F1,0.24178047478199005,0.0026170427445322275,51.008005142211914,0.2877991497516632,0.0,0.345549076795578,115
SLAKE_STAGE2_BANK16,103,F1,0.2417510598897934,0.004116380587220192,51.462591886520386,0.08687049895524979,0.0,0.22932862490415573,116
SLAKE_STAGE2_BANK16,103,F1,0.23905609548091888,0.0034292677883058786,51.91783595085144,0.1062590554356575,0.0,0.23615101724863052,117
SLAKE_STAGE2_BANK16,103,F1,0.23901061713695526,0.047630421817302704,52.3715763092041,0.18907946348190308,0.0,0.2127259373664856,118
SLAKE_STAGE2_BANK16,103,F1,0.23897816240787506,0.004109175410121679,52.82772731781006,0.292844295501709,0.0,0.3454348295927048,119
SLAKE_STAGE2_BANK16,103,F1,0.2389533370733261,0.0027006641030311584,53.2816686630249,0.08015558868646622,0.0,0.23064322769641876,120
SLAKE_STAGE2_BANK16,103,F1,0.23891885578632355,0.0494685173034668,53.763540267944336,0.10415617376565933,0.0,0.23716437071561813,121
SLAKE_STAGE2_BANK16,103,F1,0.2362372726202011,0.0035472200252115726,54.21249771118164,0.18365129828453064,0.0,0.21305001527071,122
SLAKE_STAGE2_BANK16,103,F1,0.23620574176311493,0.004146729130297899,54.6569390296936,0.3001939356327057,0.0,0.3468087166547775,123
SLAKE_STAGE2_BANK16,103,F1,0.23618370294570923,0.002751042600721121,55.102641344070435,0.0737789049744606,0.0,0.23307951539754868,124
SLAKE_STAGE2_BANK16,103,F1,0.23615312576293945,0.052508190274238586,55.55025029182434,0.10219834744930267,0.0,0.23588546365499496,125
SLAKE_STAGE2_BANK16,103,F1,0.23874454200267792,0.003655837383121252,56.001861333847046,0.19112253189086914,0.0,0.211298406124115,126
SLAKE_STAGE2_BANK16,103,F1,0.23607152700424194,0.0041761090978980064,56.45683813095093,0.2939569354057312,0.0,0.34340429306030273,127
SLAKE_STAGE2_BANK16,103,F1,0.23603910207748413,0.0027900843415409327,56.90944027900696,0.07426459342241287,0.0,0.23185858875513077,128
SLAKE_STAGE2_BANK16,103,F1,0.2360166758298874,0.0041916086338460445,57.35841631889343,0.10322320461273193,0.0,0.23576796799898148,129
SLAKE_STAGE2_BANK16,103,F1,0.23599006235599518,0.05721186101436615,57.82301735877991,0.18247024714946747,0.0,0.21256326884031296,130
SLAKE_STAGE2_BANK16,103,F1,0.23595969378948212,0.002813718281686306,58.27566432952881,0.29381078481674194,0.0,0.3429405838251114,131
SLAKE_STAGE2_BANK16,103,F1,0.23592789471149445,0.0038546628784388304,58.731568336486816,0.07394767552614212,0.0,0.23137825727462769,132
SLAKE_STAGE2_BANK16,103,F1,0.23590540885925293,0.0038332315161824226,59.18221139907837,0.1029704287648201,0.0,0.23565750569105148,133
SLAKE_STAGE2_BANK16,103,F1,0.23587654531002045,0.004221880808472633,59.63007211685181,0.1878301203250885,0.0,0.2099384069442749,134
SLAKE_STAGE2_BANK16,103,F1,0.23584723472595215,0.002866557100787759,60.083903074264526,0.287603497505188,0.0,0.3395690470933914,135
SLAKE_STAGE2_BANK16,103,F1,0.23582391440868378,0.06312981247901917,60.55026578903198,0.07532261312007904,0.0,0.23018065840005875,136
SLAKE_STAGE2_BANK16,103,F1,0.2358013242483139,0.004262263886630535,61.00290632247925,0.10422578454017639,0.0,0.2329564094543457,137
SLAKE_STAGE2_BANK16,103,F1,0.23577672243118286,0.003927803598344326,61.467856645584106,0.19196298718452454,0.0,0.20739717036485672,138
SLAKE_STAGE2_BANK16,103,F1,0.23312903940677643,0.002878549275919795,61.92257356643677,0.290988564491272,0.0,0.33767639100551605,139
SLAKE_STAGE2_BANK16,103,F1,0.23571006953716278,0.06781454384326935,62.37792897224426,0.07756578922271729,0.0,0.22863657027482986,140
SLAKE_STAGE2_BANK16,103,F1,0.2356855869293213,0.06885245442390442,62.84542989730835,0.10205906629562378,0.0,0.2331901714205742,141
SLAKE_STAGE2_BANK16,103,F1,0.23566637933254242,0.004203110467642546,63.29691243171692,0.19301347434520721,0.0,0.2063351422548294,142
SLAKE_STAGE2_BANK16,103,F1,0.2356492280960083,0.0029374146834015846,63.76930236816406,0.28306901454925537,0.0,0.33580411970615387,143
SLAKE_STAGE2_BANK16,103,F1,0.23562811315059662,0.003986770752817392,64.21704936027527,0.0777851790189743,0.0,0.2274516448378563,144
SLAKE_STAGE2_BANK16,103,F1,0.2356099635362625,0.002941925311461091,64.6693274974823,0.10408295691013336,0.0,0.23164857923984528,145
SLAKE_STAGE2_BANK16,103,F1,0.23558656871318817,0.004183556418865919,65.11559104919434,0.1937897801399231,0.0,0.20616354793310165,146
SLAKE_STAGE2_BANK16,103,F1,0.23556776344776154,0.07444445788860321,65.57178807258606,0.2759341299533844,0.0,0.3324854075908661,147
SLAKE_STAGE2_BANK16,103,F1,0.23554491996765137,0.004317445680499077,66.02508640289307,0.07595577836036682,0.0,0.22845927625894547,148
SLAKE_STAGE2_BANK16,103,F1,0.2355295866727829,0.004264975897967815,66.48123621940613,0.10499486327171326,0.0,0.23045874387025833,149
SLAKE_STAGE2_BANK16,103,F1,0.2355121374130249,0.004192395135760307,66.93443322181702,0.19460666179656982,0.0,0.2059837356209755,150
SLAKE_STAGE2_BANK16,103,F1,0.23286683857440948,0.0029994568321853876,67.3961718082428,0.2800956666469574,0.0,0.3306412994861603,151
SLAKE_STAGE2_BANK16,103,F1,0.23284830152988434,0.07968592643737793,67.85176157951355,0.07437373697757721,0.0,0.22839558869600296,152
SLAKE_STAGE2_BANK16,103,F1,0.2328331470489502,0.08062480390071869,68.28887724876404,0.10229690372943878,0.0,0.230390302836895,153
SLAKE_STAGE2_BANK16,103,F1,0.23282171785831451,0.004301152657717466,68.74328780174255,0.1904422789812088,0.0,0.20495177060365677,154
SLAKE_STAGE2_BANK16,103,F1,0.23280386626720428,0.003016592701897025,69.19690322875977,0.2837617099285126,0.0,0.33205053210258484,155
SLAKE_STAGE2_BANK16,103,F1,0.2327796071767807,0.004312393255531788,69.65090680122375,0.07139239460229874,0.0,0.22833304852247238,156
SLAKE_STAGE2_BANK16,103,F1,0.23276294767856598,0.004284090828150511,70.10623669624329,0.10318675637245178,0.0,0.2292073890566826,157
SLAKE_STAGE2_BANK16,103,F1,0.23275355994701385,0.004404211416840553,70.5703673362732,0.19159986078739166,0.0,0.2048259750008583,158
SLAKE_STAGE2_BANK16,103,F1,0.23273271322250366,0.08649533241987228,71.02679514884949,0.2800326645374298,0.0,0.3302190899848938,159
SLAKE_STAGE2_BANK16,103,F1,0.23272226750850677,0.0030735775362700224,71.47885203361511,0.07218912243843079,0.0,0.22826749831438065,160
SLAKE_STAGE2_BANK16,103,F2,3.665903091430664,0.00902696792036295,1.5755558013916016,7.844547748565674,2.998927593231201,0.000120055592560675,1
SLAKE_STAGE2_BANK16,103,F2,3.5618884563446045,0.45121023058891296,2.190256357192993,7.881609916687012,2.9209177494049072,0.00014733042917214334,2
SLAKE_STAGE2_BANK16,103,F2,3.457913637161255,0.003212261712178588,2.808319091796875,7.872414588928223,2.842926502227783,0.00015571124095004052,3
SLAKE_STAGE2_BANK16,103,F2,3.353976249694824,0.005489555653184652,3.427703619003296,7.8645172119140625,2.7649669647216797,0.00013698058319278061,4
SLAKE_STAGE2_BANK16,103,F2,3.244885206222534,0.005325153935700655,4.041618824005127,7.849782943725586,2.6831390857696533,0.00014059534441912547,5
SLAKE_STAGE2_BANK16,103,F2,3.1462481021881104,0.3657333254814148,4.658600330352783,7.823598861694336,2.609158515930176,0.0002098548793583177,6
SLAKE_STAGE2_BANK16,103,F2,3.0372531414031982,0.007869723252952099,5.283636808395386,7.758480072021484,2.527407646179199,0.0002488513564458117,7
SLAKE_STAGE2_BANK16,103,F2,2.9387271404266357,0.002752964850515127,5.900370121002197,7.694678783416748,2.453497886657715,0.00019279579282738268,8
SLAKE_STAGE2_BANK16,103,F2,2.837712526321411,0.00469377962872386,6.515939235687256,7.612495422363281,2.3777260780334473,0.0002267149175168015,9
SLAKE_STAGE2_BANK16,103,F2,2.7393805980682373,0.0025597349740564823,7.132094621658325,7.514504909515381,2.303954839706421,0.0003898304858012125,10
SLAKE_STAGE2_BANK16,103,F2,2.641150951385498,0.2784954309463501,7.7489869594573975,7.410582542419434,2.230257987976074,0.0005439027736429125,11
SLAKE_STAGE2_BANK16,103,F2,2.550895929336548,0.007031621877104044,8.366177320480347,7.276882648468018,2.1625418663024902,0.00036285143869463354,12
SLAKE_STAGE2_BANK16,103,F2,2.4581127166748047,0.002419061493128538,8.984362602233887,7.133156776428223,2.092907667160034,0.0004818108427571133,13
SLAKE_STAGE2_BANK16,103,F2,2.3681416511535645,0.006736773997545242,9.597909450531006,6.977673053741455,2.0253782272338867,0.0008532458450645208,14
SLAKE_STAGE2_BANK16,103,F2,2.275712251663208,0.2211887687444687,10.218079328536987,6.813248634338379,1.9559807777404785,0.0013759052089881152,15
SLAKE_STAGE2_BANK16,103,F2,2.1912167072296143,0.003856583498418331,10.830466270446777,6.638496398925781,1.8925256729125977,0.0008272472477983683,16
SLAKE_STAGE2_BANK16,103,F2,2.1071460247039795,0.19639885425567627,11.454504489898682,6.4601030349731445,1.8293542861938477,0.0011464930139482021,17
SLAKE_STAGE2_BANK16,103,F2,2.025675058364868,0.0036408952437341213,12.062697410583496,6.254296779632568,1.7681063413619995,0.0019069223199039698,18
SLAKE_STAGE2_BANK16,103,F2,1.9445991516113281,0.006032903213053942,12.672884464263916,6.0355753898620605,1.7071192264556885,0.003445470647420734,19
SLAKE_STAGE2_BANK16,103,F2,1.868804931640625,0.0020935488864779472,13.243444442749023,5.8681817054748535,1.650050401687622,0.0019490839913487434,20
SLAKE_STAGE2_BANK16,103,F2,1.7982182502746582,0.0033365958370268345,13.796266794204712,5.666066646575928,1.5968530178070068,0.002690039575099945,21
SLAKE_STAGE2_BANK16,103,F2,1.7276086807250977,0.002018509665504098,14.338139772415161,5.461207866668701,1.5435714721679688,0.00408495229203254,22
SLAKE_STAGE2_BANK16,103,F2,1.6572710275650024,0.0055866059847176075,14.880388498306274,5.219793319702148,1.4904190301895142,0.007858237600885332,23
SLAKE_STAGE2_BANK16,103,F2,1.5920156240463257,0.12623998522758484,15.42058253288269,5.086741924285889,1.4410223960876465,0.0043580804485827684,24
SLAKE_STAGE2_BANK16,103,F2,1.5266355276107788,0.11842405050992966,15.962807893753052,4.892692565917969,1.391422152519226,0.005866508465260267,25
SLAKE_STAGE2_BANK16,103,F2,1.4662154912948608,0.0019338749116286635,16.503960132598877,4.697169780731201,1.3454785346984863,0.0080707052256912,26
SLAKE_STAGE2_BANK16,103,F2,1.4055737257003784,0.005185571499168873,17.046092748641968,4.436491012573242,1.2992454767227173,0.01612526597455144,27
SLAKE_STAGE2_BANK16,103,F2,1.3447216749191284,0.0028737676329910755,17.585111618041992,4.350298881530762,1.25269615650177,0.00885806791484356,28
SLAKE_STAGE2_BANK16,103,F2,1.288303256034851,0.001894436776638031,18.128311157226562,4.157593250274658,1.209391713142395,0.011622870806604624,29
SLAKE_STAGE2_BANK16,103,F2,1.2380727529525757,0.0027351330500096083,18.673377513885498,3.987419366836548,1.1706547737121582,0.014708614442497492,30
SLAKE_STAGE2_BANK16,103,F2,1.1867560148239136,0.07905882596969604,19.215571880340576,3.6926159858703613,1.1309324502944946,0.02976447343826294,31
SLAKE_STAGE2_BANK16,103,F2,1.1307169198989868,0.004754198249429464,19.75562620162964,3.656552314758301,1.0873212814331055,0.016451941337436438,32
SLAKE_STAGE2_BANK16,103,F2,1.0800501108169556,0.001866131671704352,20.295878171920776,3.471024990081787,1.0476359128952026,0.02085821609944105,33
SLAKE_STAGE2_BANK16,103,F2,1.0342999696731567,0.06444182246923447,20.837482929229736,3.3141250610351562,1.0115787982940674,0.024909887462854385,34
SLAKE_STAGE2_BANK16,103,F2,0.988926887512207,0.0025281361304223537,21.382742643356323,2.9762275218963623,0.9755603671073914,0.05017448961734772,35
SLAKE_STAGE2_BANK16,103,F2,0.9439732432365417,0.004474088083952665,21.924609661102295,3.005697250366211,0.9395779371261597,0.02836453076452017,36
SLAKE_STAGE2_BANK16,103,F2,0.9043152928352356,0.0522037073969841,22.466670751571655,2.838660478591919,0.907538652420044,0.034728992730379105,37
SLAKE_STAGE2_BANK16,103,F2,0.8599618077278137,0.002386969281360507,23.009780168533325,2.694176435470581,0.8713827729225159,0.03992127999663353,38
SLAKE_STAGE2_BANK16,103,F2,0.8212218880653381,0.0018716457998380065,23.55397391319275,2.3192830085754395,0.8394181132316589,0.07927131839096546,39
SLAKE_STAGE2_BANK16,103,F2,0.7780104279518127,0.004301439970731735,24.097334146499634,2.39933705329895,0.803359866142273,0.04571358114480972,40
SLAKE_STAGE2_BANK16,103,F2,0.7449436783790588,0.00227308738976717,24.64698886871338,2.23817777633667,0.7753710150718689,0.05518130213022232,41
SLAKE_STAGE2_BANK16,103,F2,0.7075868248939514,0.0018899965798482299,25.190170764923096,2.124471426010132,0.7433072328567505,0.059945980086922646,42
SLAKE_STAGE2_BANK16,103,F2,0.6710953116416931,0.004136315081268549,25.73347783088684,1.7191224098205566,0.7114776372909546,0.1172715462744236,43
SLAKE_STAGE2_BANK16,103,F2,0.6353175044059753,0.03118954412639141,26.27686333656311,1.841517448425293,0.6796729564666748,0.07014505192637444,44
SLAKE_STAGE2_BANK16,103,F2,0.6086147427558899,0.0021753779146820307,26.82117748260498,1.6947286128997803,0.6555323600769043,0.08220796659588814,45
SLAKE_STAGE2_BANK16,103,F2,0.574192225933075,0.004029806703329086,27.36564326286316,1.6046677827835083,0.6237823367118835,0.08710254728794098,46
SLAKE_STAGE2_BANK16,103,F2,0.5405370593070984,0.02513056993484497,27.90828847885132,1.183970332145691,0.5920538902282715,0.1660277433693409,47
SLAKE_STAGE2_BANK16,103,F2,0.5156641006469727,0.001942313858307898,28.45437788963318,1.1723589897155762,0.5884419679641724,0.10191149637103081,48
SLAKE_STAGE2_BANK16,103,F2,0.48347511887550354,0.0019329728092998266,28.998568296432495,1.0262569189071655,0.5844590961933136,0.11872740462422371,49
SLAKE_STAGE2_BANK16,103,F2,0.45989617705345154,0.02029591239988804,29.54181671142578,0.980108380317688,0.5925084352493286,0.12289473786950111,50
SLAKE_STAGE2_BANK16,103,F2,0.42965614795684814,0.002032271586358547,30.08743190765381,0.5782798528671265,0.588655561208725,0.22672823071479797,51
SLAKE_STAGE2_BANK16,103,F2,0.4074840545654297,0.003956658765673637,30.6316180229187,0.7336177825927734,0.5888594388961792,0.14355525746941566,52
SLAKE_STAGE2_BANK16,103,F2,0.38575541973114014,0.002035180339589715,31.176682949066162,0.6193518042564392,0.588808223605156,0.1636563390493393,53
SLAKE_STAGE2_BANK16,103,F2,0.3648729622364044,0.001990564865991473,31.722440004348755,0.6067941784858704,0.5928914397954941,0.16541240364313126,54
SLAKE_STAGE2_BANK16,103,F2,0.34781089425086975,0.003855487098917365,32.26644229888916,0.3181453347206116,0.5928482264280319,0.29029547423124313,55
SLAKE_STAGE2_BANK16,103,F2,0.32796671986579895,0.014582699164748192,32.81020641326904,0.4048146903514862,0.5890211760997772,0.18646448105573654,56
SLAKE_STAGE2_BANK16,103,F2,0.3119674026966095,0.002055153716355562,33.35625505447388,0.32701969146728516,0.5891200304031372,0.20954036712646484,57
SLAKE_STAGE2_BANK16,103,F2,0.2962993085384369,0.0038577308878302574,33.899956941604614,0.3613067865371704,0.5851955413818359,0.2027875781059265,58
SLAKE_STAGE2_BANK16,103,F2,0.28416165709495544,0.00201689125970006,34.44364809989929,0.31644687056541443,0.5930629074573517,0.3506616950035095,59
SLAKE_STAGE2_BANK16,103,F2,0.2723642587661743,0.013242009095847607,34.98857069015503,0.19911836087703705,0.5931489765644073,0.22880130261182785,60
SLAKE_STAGE2_BANK16,103,F2,0.26078149676322937,0.0038490102160722017,35.54160451889038,0.19523803889751434,0.5893873274326324,0.24889113754034042,61
SLAKE_STAGE2_BANK16,103,F2,0.25485607981681824,0.0021749178413301706,36.08843922615051,0.24637380242347717,0.5932725667953491,0.23663953691720963,62
SLAKE_STAGE2_BANK16,103,F2,0.24374401569366455,0.0020828053820878267,36.63240718841553,0.41973352432250977,0.5893861651420593,0.3907558023929596,63
SLAKE_STAGE2_BANK16,103,F2,0.23807160556316376,0.013371160253882408,37.174745321273804,0.16397471725940704,0.5855176001787186,0.25568837672472,64
SLAKE_STAGE2_BANK16,103,F2,0.23247398436069489,0.002082221210002899,37.71835780143738,0.20793142914772034,0.5894837528467178,0.27354713529348373,65
SLAKE_STAGE2_BANK16,103,F2,0.2294890135526657,0.01406305842101574,38.26227140426636,0.22328998148441315,0.5895735025405884,0.2554572969675064,66
SLAKE_STAGE2_BANK16,103,F2,0.22411490976810455,0.0038659542333334684,38.805171251297,0.48379743099212646,0.5856670439243317,0.4136444479227066,67
SLAKE_STAGE2_BANK16,103,F2,0.22114376723766327,0.0022956118918955326,39.35110569000244,0.1905057728290558,0.5856413096189499,0.2705277130007744,68
SLAKE_STAGE2_BANK16,103,F2,0.22067499160766602,0.0021310511510819197,39.89667463302612,0.22744782269001007,0.5895902067422867,0.28453081101179123,69
SLAKE_STAGE2_BANK16,103,F2,0.21785245835781097,0.016162119805812836,40.439260721206665,0.22081488370895386,0.5896521210670471,0.2630971446633339,70
SLAKE_STAGE2_BANK16,103,F2,0.21746766567230225,0.00388361606746912,40.98376417160034,0.49492210149765015,0.5857222527265549,0.4183322340250015,71
SLAKE_STAGE2_BANK16,103,F2,0.21708393096923828,0.002381311496719718,41.53023934364319,0.18875321745872498,0.5857634544372559,0.27280397713184357,72
SLAKE_STAGE2_BANK16,103,F2,0.2167433649301529,0.017987728118896484,42.072537422180176,0.22183920443058014,0.5857550203800201,0.28390733897686005,73
SLAKE_STAGE2_BANK16,103,F2,0.21637964248657227,0.003916694782674313,42.617615699768066,0.20587436854839325,0.5818935036659241,0.2577142044901848,74
SLAKE_STAGE2_BANK16,103,F2,0.21847212314605713,0.0025151728186756372,43.16342735290527,0.4724433720111847,0.5857912302017212,0.410166397690773,75
SLAKE_STAGE2_BANK16,103,F2,0.21814779937267303,0.0022307292092591524,43.709245443344116,0.16376101970672607,0.5819134563207626,0.2665299251675606,76
SLAKE_STAGE2_BANK16,103,F2,0.22282123565673828,0.003976570442318916,44.25673747062683,0.18528799712657928,0.5858189463615417,0.2745777443051338,77
SLAKE_STAGE2_BANK16,103,F2,0.22505879402160645,0.022204574197530746,44.801384687423706,0.1838236004114151,0.5819288492202759,0.24608483165502548,78
SLAKE_STAGE2_BANK16,103,F2,0.2272714227437973,0.002249000361189246,45.34546375274658,0.4164176285266876,0.5819292366504669,0.3918655663728714,79
SLAKE_STAGE2_BANK16,103,F2,0.22961018979549408,0.002638202626258135,45.89140009880066,0.11535055190324783,0.5819204300642014,0.25333094596862793,80
SLAKE_STAGE2_BANK16,103,F2,0.2319294661283493,0.02523360215127468,46.4742865562439,0.14364753663539886,0.5819397866725922,0.2611374333500862,81
SLAKE_STAGE2_BANK16,103,F2,0.23429042100906372,0.00266262493096292,47.019606590270996,0.18073035776615143,0.5819509476423264,0.2358940690755844,82
SLAKE_STAGE2_BANK16,103,F2,0.2366807907819748,0.003947584889829159,47.56482219696045,0.3642120063304901,0.5819553434848785,0.3736088275909424,83
SLAKE_STAGE2_BANK16,103,F2,0.23909331858158112,0.0023169282358139753,48.110596895217896,0.09501883387565613,0.5780536830425262,0.24066685140132904,84
SLAKE_STAGE2_BANK16,103,F2,0.24153321981430054,0.0023429517168551683,48.65295124053955,0.1234813779592514,0.5780569612979889,0.24819538742303848,85
SLAKE_STAGE2_BANK16,103,F2,0.24668966233730316,0.003998513333499432,49.20073628425598,0.20056414604187012,0.5819613039493561,0.22266221791505814,86
SLAKE_STAGE2_BANK16,103,F2,0.2465592622756958,0.03127235919237137,49.74712896347046,0.317608118057251,0.5819637775421143,0.3596266508102417,87
SLAKE_STAGE2_BANK16,103,F2,0.24909932911396027,0.0028246401343494654,50.293874979019165,0.10554800927639008,0.5819720923900604,0.23136503249406815,88
SLAKE_STAGE2_BANK16,103,F2,0.2516731917858124,0.03317880257964134,50.83770704269409,0.12650683522224426,0.5819649696350098,0.23865144699811935,89
SLAKE_STAGE2_BANK16,103,F2,0.25155535340309143,0.004020594991743565,51.384437799453735,0.2190210074186325,0.5741632580757141,0.21329696476459503,90
SLAKE_STAGE2_BANK16,103,F2,0.25143176317214966,0.002380242571234703,51.932231426239014,0.2881927490234375,0.5780583322048187,0.3474419414997101,91
SLAKE_STAGE2_BANK16,103,F2,0.25405803322792053,0.0028669568710029125,52.4780433177948,0.1232868880033493,0.5780689120292664,0.2245136946439743,92
SLAKE_STAGE2_BANK16,103,F2,0.25395041704177856,0.0024416265077888966,53.02412462234497,0.13631872832775116,0.5741596817970276,0.23051346093416214,93
SLAKE_STAGE2_BANK16,103,F2,0.2566009759902954,0.036666691303253174,53.568657636642456,0.23445846140384674,0.5780748426914215,0.20848772674798965,94
SLAKE_STAGE2_BANK16,103,F2,0.25652799010276794,0.004051972180604935,54.11417603492737,0.26430508494377136,0.578083872795105,0.3387777954339981,95
SLAKE_STAGE2_BANK16,103,F2,0.25644370913505554,0.0029472613241523504,54.66077733039856,0.13788209855556488,0.5741704702377319,0.21925394982099533,96
SLAKE_STAGE2_BANK16,103,F2,0.2563384473323822,0.0030214590951800346,55.20694136619568,0.14332079887390137,0.5741714239120483,0.22771328687667847,97
SLAKE_STAGE2_BANK16,103,F2,0.2562662661075592,0.039650872349739075,55.75199627876282,0.23652547597885132,0.5741683840751648,0.20658187568187714,98
SLAKE_STAGE2_BANK16,103,F2,0.25620293617248535,0.0024467618204653263,56.29707050323486,0.2601334750652313,0.5741692185401917,0.3371416926383972,99
SLAKE_STAGE2_BANK16,103,F2,0.2561475336551666,0.004034964367747307,56.84398436546326,0.13466402888298035,0.5741695165634155,0.22007181495428085,100
SLAKE_STAGE2_BANK16,103,F2,0.2560787498950958,0.003090938786044717,57.39876365661621,0.14193102717399597,0.5741744041442871,0.22746027261018753,101
SLAKE_STAGE2_BANK16,103,F2,0.25325286388397217,0.041292816400527954,57.94399571418762,0.23014171421527863,0.5702686011791229,0.2061566635966301,102
SLAKE_STAGE2_BANK16,103,F2,0.2531990706920624,0.0025181579403579235,58.49011707305908,0.2623573839664459,0.5741742849349976,0.3365626037120819,103
SLAKE_STAGE2_BANK16,103,F2,0.2531466782093048,0.004061038605868816,59.036309480667114,0.12338900566101074,0.5741753280162811,0.22232221812009811,104
SLAKE_STAGE2_BANK16,103,F2,0.25035056471824646,0.04276518151164055,59.58326506614685,0.12781429290771484,0.5702686905860901,0.22981450706720352,105
SLAKE_STAGE2_BANK16,103,F2,0.25030919909477234,0.0031956718303263187,60.12937116622925,0.21803680062294006,0.5741752684116364,0.20948068797588348,106
SLAKE_STAGE2_BANK16,103,F2,0.2502637803554535,0.0025421699974685907,60.67435073852539,0.2677469551563263,0.5741754174232483,0.33785128593444824,107
SLAKE_STAGE2_BANK16,103,F2,0.2502153217792511,0.004109254106879234,61.21989941596985,0.11253926157951355,0.5741756558418274,0.22465664893388748,108
SLAKE_STAGE2_BANK16,103,F2,0.24745605885982513,0.0025627566501498222,61.767144441604614,0.12237721681594849,0.5702728629112244,0.23103703558444977,109
SLAKE_STAGE2_BANK16,103,F2,0.24742121994495392,0.0033221677877008915,62.31366729736328,0.21252870559692383,0.5702732503414154,0.20911097526550293,110
SLAKE_STAGE2_BANK16,103,F2,0.24466441571712494,0.004113394767045975,62.86114525794983,0.28168466687202454,0.5702733993530273,0.3409835547208786,111
SLAKE_STAGE2_BANK16,103,F2,0.24462443590164185,0.045741938054561615,63.40554761886597,0.0974612608551979,0.5702736973762512,0.22699856013059616,112
SLAKE_STAGE2_BANK16,103,F2,0.24459348618984222,0.04625229164958,63.95162034034729,0.113482765853405,0.5741798877716064,0.23491332679986954,113
SLAKE_STAGE2_BANK16,103,F2,0.24189573526382446,0.0034329965710639954,64.50030398368835,0.1960064321756363,0.5702745020389557,0.21261871606111526,114
SLAKE_STAGE2_BANK16,103,F2,0.2391914278268814,0.002644115360453725,65.0440194606781,0.29307571053504944,0.5663681924343109,0.3423066735267639,115
SLAKE_STAGE2_BANK16,103,F2,0.23914910852909088,0.004149427637457848,65.5923285484314,0.08409935981035233,0.5702718794345856,0.23085757344961166,116
SLAKE_STAGE2_BANK16,103,F2,0.24176782369613647,0.003526169341057539,66.13825130462646,0.1113426610827446,0.5702812969684601,0.23590592294931412,117
SLAKE_STAGE2_BANK16,103,F2,0.2390863299369812,0.048769593238830566,66.6856439113617,0.18933358788490295,0.5663692355155945,0.21228378266096115,118
SLAKE_STAGE2_BANK16,103,F2,0.23641608655452728,0.00411378126591444,67.23144030570984,0.2973964810371399,0.5624722838401794,0.3421880602836609,119
SLAKE_STAGE2_BANK16,103,F2,0.23637288808822632,0.0026731377001851797,67.7759530544281,0.08066383749246597,0.5624609887599945,0.23035380989313126,120
SLAKE_STAGE2_BANK16,103,F2,0.23634378612041473,0.05143388360738754,68.32966732978821,0.10461033880710602,0.5663705766201019,0.23721297085285187,121
SLAKE_STAGE2_BANK16,103,F2,0.23629973828792572,0.00363808311522007,68.87387037277222,0.18507105112075806,0.5663683116436005,0.2125786617398262,122
SLAKE_STAGE2_BANK16,103,F2,0.23627442121505737,0.00414105411618948,69.42229676246643,0.2966274321079254,0.5663721263408661,0.3417104333639145,123
SLAKE_STAGE2_BANK16,103,F2,0.23886699974536896,0.002724400255829096,69.96718382835388,0.0819748118519783,0.5702837109565735,0.23169241100549698,124
SLAKE_STAGE2_BANK16,103,F2,0.2361825555562973,0.054654158651828766,70.51365947723389,0.10408534109592438,0.5663725435733795,0.2370958775281906,125
SLAKE_STAGE2_BANK16,103,F2,0.23615308105945587,0.0036674602888524532,71.05909276008606,0.1867997646331787,0.5624609887599945,0.2108374834060669,126
SLAKE_STAGE2_BANK16,103,F2,0.2361171394586563,0.004200400318950415,71.60452032089233,0.2937774360179901,0.5663732290267944,0.3397841602563858,127
SLAKE_STAGE2_BANK16,103,F2,0.23610113561153412,0.0027422294951975346,72.15175914764404,0.07800387591123581,0.5663740634918213,0.23155467212200165,128
SLAKE_STAGE2_BANK16,103,F2,0.23606926202774048,0.004187870770692825,72.70048379898071,0.10538088530302048,0.5663796663284302,0.23581282794475555,129
SLAKE_STAGE2_BANK16,103,F2,0.23603759706020355,0.059486307203769684,73.24622058868408,0.18440796434879303,0.5663745701313019,0.21116232872009277,130
SLAKE_STAGE2_BANK16,103,F2,0.23601014912128448,0.002751125255599618,73.79095339775085,0.29091039299964905,0.5663747191429138,0.33788540959358215,131
SLAKE_STAGE2_BANK16,103,F2,0.23597945272922516,0.0038671402726322412,74.33886861801147,0.07993613928556442,0.5624741315841675,0.2288801148533821,132
SLAKE_STAGE2_BANK16,103,F2,0.23595744371414185,0.00382889318279922,74.88443064689636,0.10630948096513748,0.562469094991684,0.2342512384057045,133
SLAKE_STAGE2_BANK16,103,F2,0.23593087494373322,0.004208829719573259,75.43051958084106,0.1878625750541687,0.5624745190143585,0.20944423228502274,134
SLAKE_STAGE2_BANK16,103,F2,0.23590217530727386,0.0027756355702877045,75.97408437728882,0.2853888273239136,0.5624755322933197,0.33454009890556335,135
SLAKE_STAGE2_BANK16,103,F2,0.23587872087955475,0.06612107902765274,76.52063083648682,0.08021218329668045,0.5624707341194153,0.2287866696715355,136
SLAKE_STAGE2_BANK16,103,F2,0.2358504980802536,0.004269692115485668,77.0684540271759,0.10572018474340439,0.5624763071537018,0.2330097183585167,137
SLAKE_STAGE2_BANK16,103,F2,0.2384469360113144,0.003993507008999586,77.61460089683533,0.1951681524515152,0.566382884979248,0.20835517346858978,138
SLAKE_STAGE2_BANK16,103,F2,0.23317264020442963,0.0028517264872789383,78.16012978553772,0.28836172819137573,0.5585663318634033,0.33266599476337433,139
SLAKE_STAGE2_BANK16,103,F2,0.23576772212982178,0.0704466849565506,78.70554399490356,0.08040078729391098,0.5585659444332123,0.22833341360092163,140
SLAKE_STAGE2_BANK16,103,F2,0.23837418854236603,0.07185527682304382,79.26405358314514,0.10796698927879333,0.5624702274799347,0.23146582394838333,141
SLAKE_STAGE2_BANK16,103,F2,0.23571240901947021,0.004277218598872423,79.81005716323853,0.1943361908197403,0.5585713982582092,0.20582765340805054,142
SLAKE_STAGE2_BANK16,103,F2,0.23568792641162872,0.002863145200535655,80.35660457611084,0.2769489288330078,0.5585628151893616,0.3293569087982178,143
SLAKE_STAGE2_BANK16,103,F2,0.2356705218553543,0.00411680992692709,80.90413045883179,0.07962904870510101,0.5585740208625793,0.22825252264738083,144
SLAKE_STAGE2_BANK16,103,F2,0.23564285039901733,0.0028626294806599617,81.45066714286804,0.10761125385761261,0.5585699081420898,0.23025264590978622,145
SLAKE_STAGE2_BANK16,103,F2,0.23562920093536377,0.004230268765240908,81.99709939956665,0.1926400065422058,0.5624721944332123,0.20710927993059158,146
SLAKE_STAGE2_BANK16,103,F2,0.23560522496700287,0.07837526500225067,82.54445838928223,0.2790345847606659,0.5624731481075287,0.33074188232421875,147
SLAKE_STAGE2_BANK16,103,F2,0.23558838665485382,0.0043188887648284435,83.08925652503967,0.07892400026321411,0.5624792575836182,0.22851816564798355,148
SLAKE_STAGE2_BANK16,103,F2,0.23557043075561523,0.0043352097272872925,83.63528418540955,0.10605771839618683,0.562477171421051,0.23274406045675278,149
SLAKE_STAGE2_BANK16,103,F2,0.23294652998447418,0.004219892434775829,84.17892909049988,0.18751154839992523,0.5585730969905853,0.2069002091884613,150
SLAKE_STAGE2_BANK16,103,F2,0.23291806876659393,0.0029579263646155596,84.72679305076599,0.28348779678344727,0.5585700869560242,0.3289056718349457,151
SLAKE_STAGE2_BANK16,103,F2,0.2355019450187683,0.08404326438903809,85.27361989021301,0.08174450695514679,0.5624769032001495,0.22844842821359634,152
SLAKE_STAGE2_BANK16,103,F2,0.23548533022403717,0.0862591415643692,85.82095432281494,0.10781176388263702,0.5585725903511047,0.23010382801294327,153
SLAKE_STAGE2_BANK16,103,F2,0.2328617423772812,0.0043425243347883224,86.36688494682312,0.18790727853775024,0.5585686564445496,0.20675402134656906,154
SLAKE_STAGE2_BANK16,103,F2,0.23285216093063354,0.003034390741959214,86.91302824020386,0.2808532118797302,0.558576762676239,0.32707977294921875,155
SLAKE_STAGE2_BANK16,103,F2,0.2328300029039383,0.004393723327666521,87.46002912521362,0.07462561875581741,0.5585729479789734,0.22948673367500305,156
SLAKE_STAGE2_BANK16,103,F2,0.23281003534793854,0.004382037557661533,88.00646710395813,0.10501560568809509,0.558570921421051,0.23148327320814133,157
SLAKE_STAGE2_BANK16,103,F2,0.2327917218208313,0.004561866633594036,88.55362033843994,0.18898972868919373,0.5585699081420898,0.20661087334156036,158
SLAKE_STAGE2_BANK16,103,F2,0.23278050124645233,0.09205874055624008,89.09953999519348,0.280197411775589,0.5585720837116241,0.3270311504602432,159
SLAKE_STAGE2_BANK16,103,F2,0.23276114463806152,0.003056368324905634,89.64767169952393,0.07467769831418991,0.5585724115371704,0.22942382842302322,160
SLAKE_STAGE2_BANK16,104,F0,0.0,0.0,0.5084433555603027,0.0003941179602406919,0.0,9.157739259535447e-05,1
SLAKE_STAGE2_BANK16,104,F0,0.0,0.0,0.8503818511962891,0.00022004495258443058,0.0,6.267181743169203e-05,2
SLAKE_STAGE2_BANK16,104,F0,0.0,0.0,1.1943004131317139,0.0002588536881376058,0.0,7.32956214051228e-05,3
SLAKE_STAGE2_BANK16,104,F0,0.0,0.0,1.5389337539672852,0.00024120222951751202,0.0,7.137356442399323e-05,4
SLAKE_STAGE2_BANK16,104,F0,0.0,0.0,1.7583003044128418,0.00030039288685657084,0.0,8.408297071582638e-05,5
SLAKE_STAGE2_BANK16,104,F0,0.0,0.0,1.9828886985778809,0.00020877264614682645,0.0,6.052624485164415e-05,6
SLAKE_STAGE2_BANK16,104,F0,0.0,0.0,2.2132885456085205,0.00028778734849765897,0.0,7.24761666788254e-05,7
SLAKE_STAGE2_BANK16,104,F0,0.0,0.0,2.437654972076416,0.0002266169321956113,0.0,7.042002107482404e-05,8
SLAKE_STAGE2_BANK16,104,F0,0.0,0.0,2.6594130992889404,0.00030000010156072676,0.0,8.283144416054711e-05,9
SLAKE_STAGE2_BANK16,104,F0,0.0,0.0,2.881802558898926,0.00020723075431305915,0.0,5.961739407212008e-05,10
SLAKE_STAGE2_BANK16,104,F0,0.0,0.0,3.0997586250305176,0.0003004036843776703,0.0,7.162688416428864e-05,11
SLAKE_STAGE2_BANK16,104,F0,0.0,0.0,3.326770305633545,0.00022894122230354697,0.0,6.915354606462643e-05,12
SLAKE_STAGE2_BANK16,104,F0,0.0,0.0,3.548762559890747,0.0003009300562553108,0.0,8.222055475926027e-05,13
SLAKE_STAGE2_BANK16,104,F0,0.0,0.0,3.770946502685547,0.00020139350090175867,0.0,5.797838821308687e-05,14
SLAKE_STAGE2_BANK16,104,F0,0.0,0.0,3.9935379028320312,0.0002922513522207737,0.0,6.997298987698741e-05,15
SLAKE_STAGE2_BANK16,104,F0,0.0,0.0,4.215046405792236,0.00021282010129652917,0.0,6.724635022692382e-05,16
SLAKE_STAGE2_BANK16,104,F0,0.0,0.0,4.434991121292114,0.0002904277353081852,0.0,8.029849050217308e-05,17
SLAKE_STAGE2_BANK16,104,F0,0.0,0.0,4.661166667938232,0.0001901449722936377,0.0,5.624996265396476e-05,18
SLAKE_STAGE2_BANK16,104,F0,0.0,0.0,4.884193181991577,0.0002531044592615217,0.0,6.776779628125951e-05,19
SLAKE_STAGE2_BANK16,104,F0,0.0,0.0,5.105098485946655,0.00020813905575778335,0.0,6.547324301209301e-05,20
SLAKE_STAGE2_BANK16,104,F0,0.0,0.0,5.349697828292847,0.0002860580862034112,0.0,7.89128134783823e-05,21
SLAKE_STAGE2_BANK16,104,F0,0.0,0.0,5.570544481277466,0.00019190722377970815,0.0,5.517714271263685e-05,22
SLAKE_STAGE2_BANK16,104,F0,0.0,0.0,5.789185523986816,0.0002324918459635228,0.0,6.623309673159383e-05,23
SLAKE_STAGE2_BANK16,104,F0,0.0,0.0,6.016615152359009,0.00020176841644570231,0.0,6.466863123932853e-05,24
SLAKE_STAGE2_BANK16,104,F0,0.0,0.0,6.237049341201782,0.00028818671125918627,0.0,7.839130194042809e-05,25
SLAKE_STAGE2_BANK16,104,F0,0.0,0.0,6.460938453674316,0.00019023858476430178,0.0,5.4834441471030004e-05,26
SLAKE_STAGE2_BANK16,104,F0,0.0,0.0,6.680871248245239,0.0002260196633869782,0.0,6.580099216080271e-05,27
SLAKE_STAGE2_BANK16,104,F0,0.0,0.0,6.904688358306885,0.00019589203293435276,0.0,6.440043216571212e-05,28
SLAKE_STAGE2_BANK16,104,F0,0.0,0.0,7.124459981918335,0.0003002626181114465,0.0,7.843597632017918e-05,29
SLAKE_STAGE2_BANK16,104,F0,0.0,0.0,7.349729776382446,0.0001795441348804161,0.0,5.43725436727982e-05,30
SLAKE_STAGE2_BANK16,104,F0,0.0,0.0,7.5665600299835205,0.00021698024647776037,0.0,6.54433824820444e-05,31
SLAKE_STAGE2_BANK16,104,F0,0.0,0.0,7.794626712799072,0.00019036655430682003,0.0,6.410243076970801e-05,32
SLAKE_STAGE2_BANK16,104,F0,0.0,0.0,8.017232894897461,0.00029791396809741855,0.0,7.840615580789745e-05,33
SLAKE_STAGE2_BANK16,104,F0,0.0,0.0,8.23659348487854,0.00017734839639160782,0.0,5.43725436727982e-05,34
SLAKE_STAGE2_BANK16,104,F0,0.0,0.0,8.46228575706482,0.00022511249699164182,0.0,6.535397551488131e-05,35
SLAKE_STAGE2_BANK16,104,F0,0.0,0.0,8.683756828308105,0.0001937307824846357,0.0,6.375972952810116e-05,36
SLAKE_STAGE2_BANK16,104,F0,0.0,0.0,8.906790733337402,0.00029623525915667415,0.0,7.897232717368752e-05,37
SLAKE_STAGE2_BANK16,104,F0,0.0,0.0,9.130041360855103,0.00017302953347098082,0.0,5.4387448471970856e-05,38
SLAKE_STAGE2_BANK16,104,F0,0.0,0.0,9.35088586807251,0.00021942626335658133,0.0,6.530928294523619e-05,39
SLAKE_STAGE2_BANK16,104,F0,0.0,0.0,9.573044300079346,0.0001967630087165162,0.0,6.434083843487315e-05,40
SLAKE_STAGE2_BANK16,104,F0,0.0,0.0,9.81642460823059,0.00034867203794419765,0.0,8.000039088074118e-05,41
SLAKE_STAGE2_BANK16,104,F0,0.0,0.0,10.039000988006592,0.00017081190890166909,0.0,5.434275226434693e-05,42
SLAKE_STAGE2_BANK16,104,F0,0.0,0.0,10.26234221458435,0.0002069487818516791,0.0,6.493677574326284e-05,43
SLAKE_STAGE2_BANK16,104,F0,0.0,0.0,10.48355507850647,0.00019280474225524813,0.0,6.326802758849226e-05,44
SLAKE_STAGE2_BANK16,104,F0,0.0,0.0,10.704932689666748,0.0003133133868686855,0.0,7.943421951495111e-05,45
SLAKE_STAGE2_BANK16,104,F0,0.0,0.0,10.926952600479126,0.00017226842464879155,0.0,5.447683724923991e-05,46
SLAKE_STAGE2_BANK16,104,F0,0.0,0.0,11.14970088005066,0.000201741378987208,0.0,6.426628169720061e-05,47
SLAKE_STAGE2_BANK16,104,F0,0.0,0.0,11.373034477233887,0.0001877614122349769,0.0,6.283592483669054e-05,48
SLAKE_STAGE2_BANK16,104,F0,0.0,0.0,11.595852375030518,0.0003334181965328753,0.0,7.89574405644089e-05,49
SLAKE_STAGE2_BANK16,104,F0,0.0,0.0,11.818552732467651,0.0001662003342062235,0.0,5.371693259803578e-05,50
SLAKE_STAGE2_BANK16,104,F0,0.0,0.0,12.04096007347107,0.0001934180618263781,0.0,6.368516551447101e-05,51
SLAKE_STAGE2_BANK16,104,F0,0.0,0.0,12.263808488845825,0.00018476588593330234,0.0,6.273162580328062e-05,52
SLAKE_STAGE2_BANK16,104,F0,0.0,0.0,12.485114097595215,0.0003276633797213435,0.0,7.927035039756447e-05,53
SLAKE_STAGE2_BANK16,104,F0,0.0,0.0,12.70878267288208,0.0001638286339584738,0.0,5.3404024583869614e-05,54
SLAKE_STAGE2_BANK16,104,F0,0.0,0.0,12.931161880493164,0.0001903559168567881,0.0,6.328286326606758e-05,55
SLAKE_STAGE2_BANK16,104,F0,0.0,0.0,13.1531982421875,0.00018236298637930304,0.0,6.243362804525532e-05,56
SLAKE_STAGE2_BANK16,104,F0,0.0,0.0,13.376223087310791,0.0003324663848616183,0.0,7.922565418994054e-05,57
SLAKE_STAGE2_BANK16,104,F0,0.0,0.0,13.596715450286865,0.00016634489293210208,0.0,5.309113294060808e-05,58
SLAKE_STAGE2_BANK16,104,F0,0.0,0.0,13.8214111328125,0.0001939730136655271,0.0,6.265705451369286e-05,59
SLAKE_STAGE2_BANK16,104,F0,0.0,0.0,14.043912172317505,0.0001858617179095745,0.0,6.226973346201703e-05,60
SLAKE_STAGE2_BANK16,104,F0,0.0,0.0,14.2867751121521,0.0003397792752366513,0.0,7.909155101515353e-05,61
SLAKE_STAGE2_BANK16,104,F0,0.0,0.0,14.507292985916138,0.0001683440204942599,0.0,5.316563510859851e-05,62
SLAKE_STAGE2_BANK16,104,F0,0.0,0.0,14.730321407318115,0.00020120342378504574,0.0,6.31636576144956e-05,63
SLAKE_STAGE2_BANK16,104,F0,0.0,0.0,14.952183485031128,0.000193232815945521,0.0,6.249323814699892e-05,64
SLAKE_STAGE2_BANK16,104,F0,0.0,0.0,15.173884868621826,0.0003614345914684236,0.0,7.934485984151252e-05,65
SLAKE_STAGE2_BANK16,104,F0,0.0,0.0,15.394026041030884,0.00016865543148014694,0.0,5.292723290040158e-05,66
SLAKE_STAGE2_BANK16,104,F0,0.0,0.0,15.618626832962036,0.0001919020141940564,0.0,6.286565076152328e-05,67
SLAKE_STAGE2_BANK16,104,F0,0.0,0.0,15.839194297790527,0.00019246022566221654,0.0,6.235914042918012e-05,68
SLAKE_STAGE2_BANK16,104,F0,0.0,0.0,16.06445336341858,0.0003230507136322558,0.0,7.865947554819286e-05,69
SLAKE_STAGE2_BANK16,104,F0,0.0,0.0,16.2862811088562,0.00017726265650708228,0.0,5.29719254700467e-05,70
SLAKE_STAGE2_BANK16,104,F0,0.0,0.0,16.508793115615845,0.0001982499088626355,0.0,6.332754492177628e-05,71
SLAKE_STAGE2_BANK16,104,F0,0.0,0.0,16.73018217086792,0.00018227229884359986,0.0,6.274653060245328e-05,72
SLAKE_STAGE2_BANK16,104,F0,0.0,0.0,16.949471473693848,0.00035416011814959347,0.0,7.907666440587491e-05,73
SLAKE_STAGE2_BANK16,104,F0,0.0,0.0,17.173998832702637,0.000170761180925183,0.0,5.318052899383474e-05,74
SLAKE_STAGE2_BANK16,104,F0,0.0,0.0,17.397231101989746,0.00019885145593434572,0.0,6.405761814676225e-05,75
SLAKE_STAGE2_BANK16,104,F0,0.0,0.0,17.62014389038086,0.00018033728701993823,0.0,6.323822162812576e-05,76
SLAKE_STAGE2_BANK16,104,F0,0.0,0.0,17.84133267402649,0.00034345281892456114,0.0,7.901707067503594e-05,77
SLAKE_STAGE2_BANK16,104,F0,0.0,0.0,18.06150245666504,0.00016932078870013356,0.0,5.322522883943748e-05,78
SLAKE_STAGE2_BANK16,104,F0,0.0,0.0,18.286739349365234,0.0002027612499659881,0.0,6.46387052256614e-05,79
SLAKE_STAGE2_BANK16,104,F0,0.0,0.0,18.50817632675171,0.0001877704926300794,0.0,6.374481381499209e-05,80
SLAKE_STAGE2_BANK16,104,F0,0.0,0.0,18.751380443572998,0.0003514707204885781,0.0,7.953857857501134e-05,81
SLAKE_STAGE2_BANK16,104,F0,0.0,0.0,18.973055124282837,0.00016759287973400205,0.0,5.3836127335671335e-05,82
SLAKE_STAGE2_BANK16,104,F0,0.0,0.0,19.19537663459778,0.00019890164548996836,0.0,6.53687966405414e-05,83
SLAKE_STAGE2_BANK16,104,F0,0.0,0.0,19.417505741119385,0.00019495218293741345,0.0,6.419181954697706e-05,84
SLAKE_STAGE2_BANK16,104,F0,0.0,0.0,19.642061948776245,0.000335868913680315,0.0,7.941942385514267e-05,85
SLAKE_STAGE2_BANK16,104,F0,0.0,0.0,19.864877939224243,0.00016948602569755167,0.0,5.447682269732468e-05,86
SLAKE_STAGE2_BANK16,104,F0,0.0,0.0,20.085687160491943,0.00019952660659328103,0.0,6.554761057486758e-05,87
SLAKE_STAGE2_BANK16,104,F0,0.0,0.0,20.309360027313232,0.0001987301802728325,0.0,6.459411270043347e-05,88
SLAKE_STAGE2_BANK16,104,F0,0.0,0.0,20.52983808517456,0.00031563627999275923,0.0,7.994093175511807e-05,89
SLAKE_STAGE2_BANK16,104,F0,0.0,0.0,20.75446891784668,0.0001722276647342369,0.0,5.480462823470589e-05,90
SLAKE_STAGE2_BANK16,104,F0,0.0,0.0,20.975083351135254,0.0002152392698917538,0.0,6.599460175493732e-05,91
SLAKE_STAGE2_BANK16,104,F0,0.0,0.0,21.197733879089355,0.00019592029275372624,0.0,6.524970740429126e-05,92
SLAKE_STAGE2_BANK16,104,F0,0.0,0.0,21.41874361038208,0.0002977800613734871,0.0,8.022403562790714e-05,93
SLAKE_STAGE2_BANK16,104,F0,0.0,0.0,21.638409852981567,0.00018030588398687541,0.0,5.560921454161871e-05,94
SLAKE_STAGE2_BANK16,104,F0,0.0,0.0,21.8643536567688,0.00021313023171387613,0.0,6.670978837064467e-05,95
SLAKE_STAGE2_BANK16,104,F0,0.0,0.0,22.087360382080078,0.00019765154866036028,0.0,6.608410330954939e-05,96
SLAKE_STAGE2_BANK16,104,F0,0.0,0.0,22.308228969573975,0.0003256334166508168,0.0,8.111802162602544e-05,97
SLAKE_STAGE2_BANK16,104,F0,0.0,0.0,22.53145933151245,0.00017416290938854218,0.0,5.669692109222524e-05,98
SLAKE_STAGE2_BANK16,104,F0,0.0,0.0,22.755368947982788,0.00021705975814256817,0.0,6.863186354166828e-05,99
SLAKE_STAGE2_BANK16,104,F0,0.0,0.0,22.98082184791565,0.00019583501853048801,0.0,6.74697985232342e-05,100
SLAKE_STAGE2_BANK16,104,F0,0.0,0.0,23.21625828742981,0.00036428385647013783,0.0,8.318905747728422e-05,101
SLAKE_STAGE2_BANK16,104,F0,0.0,0.0,23.439213752746582,0.000188388439710252,0.0,5.759092164225876e-05,102
SLAKE_STAGE2_BANK16,104,F0,0.0,0.0,23.66200566291809,0.0002241925976704806,0.0,6.973444760660641e-05,103
SLAKE_STAGE2_BANK16,104,F0,0.0,0.0,23.882466793060303,0.00020479047088883817,0.0,6.815518281655386e-05,104
SLAKE_STAGE2_BANK16,104,F0,0.0,0.0,24.105491399765015,0.00034960597986355424,0.0,8.336785685969517e-05,105
SLAKE_STAGE2_BANK16,104,F0,0.0,0.0,24.327078104019165,0.00017623748863115907,0.0,5.7382319937460124e-05,106
SLAKE_STAGE2_BANK16,104,F0,0.0,0.0,24.550898790359497,0.00021815343643538654,0.0,6.948114241822623e-05,107
SLAKE_STAGE2_BANK16,104,F0,0.0,0.0,24.772976398468018,0.00019639445235952735,0.0,6.761879194527864e-05,108
SLAKE_STAGE2_BANK16,104,F0,0.0,0.0,24.994232892990112,0.0003672160382848233,0.0,8.283146598841995e-05,109
SLAKE_STAGE2_BANK16,104,F0,0.0,0.0,25.21545171737671,0.00017919400124810636,0.0,5.7218399888370186e-05,110
SLAKE_STAGE2_BANK16,104,F0,0.0,0.0,25.432430744171143,0.00020300134201534092,0.0,6.870635115774348e-05,111
SLAKE_STAGE2_BANK16,104,F0,0.0,0.0,25.659799098968506,0.0002057382371276617,0.0,6.712707545375451e-05,112
SLAKE_STAGE2_BANK16,104,F0,0.0,0.0,25.89202308654785,0.00035024885437451303,0.0,8.213118780986406e-05,113
SLAKE_STAGE2_BANK16,104,F0,0.0,0.0,26.111822843551636,0.0001755828270688653,0.0,5.647337093250826e-05,114
SLAKE_STAGE2_BANK16,104,F0,0.0,0.0,26.337809085845947,0.00021728809224441648,0.0,6.818483234383166e-05,115
SLAKE_STAGE2_BANK16,104,F0,0.0,0.0,26.559463500976562,0.00019937624165322632,0.0,6.61436642985791e-05,116
SLAKE_STAGE2_BANK16,104,F0,0.0,0.0,26.782479763031006,0.00034937591408379376,0.0,8.123720908770338e-05,117
SLAKE_STAGE2_BANK16,104,F0,0.0,0.0,27.00281071662903,0.00017231043602805585,0.0,5.5922057072166353e-05,118
SLAKE_STAGE2_BANK16,104,F0,0.0,0.0,27.225525617599487,0.0002075435477308929,0.0,6.775272049708292e-05,119
SLAKE_STAGE2_BANK16,104,F0,0.0,0.0,27.44902777671814,0.00019736429385375232,0.0,6.57264536130242e-05,120
SLAKE_STAGE2_BANK16,104,F0,0.0,0.0,27.691014766693115,0.00033831378095783293,0.0,8.098391117528081e-05,121
SLAKE_STAGE2_BANK16,104,F0,0.0,0.0,27.909916400909424,0.00018237264885101467,0.0,5.560913996305317e-05,122
SLAKE_STAGE2_BANK16,104,F0,0.0,0.0,28.13574242591858,0.00019851283286698163,0.0,6.70524277666118e-05,123
SLAKE_STAGE2_BANK16,104,F0,0.0,0.0,28.357683897018433,0.0001867148093879223,0.0,6.504105112981051e-05,124
SLAKE_STAGE2_BANK16,104,F0,0.0,0.0,28.58085823059082,0.0003452335367910564,0.0,8.047732262639329e-05,125
SLAKE_STAGE2_BANK16,104,F0,0.0,0.0,28.803521633148193,0.00018264884420204908,0.0,5.516213059308939e-05,126
SLAKE_STAGE2_BANK16,104,F0,0.0,0.0,29.024221897125244,0.0002023278793785721,0.0,6.64862382109277e-05,127
SLAKE_STAGE2_BANK16,104,F0,0.0,0.0,29.256083011627197,0.00019381397578399628,0.0,6.448975545936264e-05,128
SLAKE_STAGE2_BANK16,104,F0,0.0,0.0,29.47891926765442,0.0003739232779480517,0.0,8.049220923567191e-05,129
SLAKE_STAGE2_BANK16,104,F0,0.0,0.0,29.701730966567993,0.0001830728870118037,0.0,5.4327740144799463e-05,130
SLAKE_STAGE2_BANK16,104,F0,0.0,0.0,29.9227876663208,0.00019929275731556118,0.0,6.608394323848188e-05,131
SLAKE_STAGE2_BANK16,104,F0,0.0,0.0,30.142308950424194,0.00019432655244600028,0.0,6.37894536339445e-05,132
SLAKE_STAGE2_BANK16,104,F0,0.0,0.0,30.367441654205322,0.0003673506435006857,0.0,7.940452633192763e-05,133
SLAKE_STAGE2_BANK16,104,F0,0.0,0.0,30.58841371536255,0.00017455010674893856,0.0,5.3433726861840114e-05,134
SLAKE_STAGE2_BANK16,104,F0,0.0,0.0,30.809016227722168,0.0001835428993217647,0.0,6.513034531963058e-05,135
SLAKE_STAGE2_BANK16,104,F0,0.0,0.0,31.029073476791382,0.00019309080380480736,0.0,6.308916090347338e-05,136
SLAKE_STAGE2_BANK16,104,F0,0.0,0.0,31.2549307346344,0.00034102878998965025,0.0,7.82572606112808e-05,137
SLAKE_STAGE2_BANK16,104,F0,0.0,0.0,31.476211071014404,0.0001698909472906962,0.0,5.276323281577788e-05,138
SLAKE_STAGE2_BANK16,104,F0,0.0,0.0,31.696537971496582,0.00018557143630459905,0.0,6.466847480623983e-05,139
SLAKE_STAGE2_BANK16,104,F0,0.0,0.0,31.92268133163452,0.00019448675448074937,0.0,6.277626198425423e-05,140
SLAKE_STAGE2_BANK16,104,F0,0.0,0.0,32.1605966091156,0.00033796264324337244,0.0,7.743778041913174e-05,141
SLAKE_STAGE2_BANK16,104,F0,0.0,0.0,32.38815355300903,0.00018078014545608312,0.0,5.259933459456079e-05,142
SLAKE_STAGE2_BANK16,104,F0,0.0,0.0,32.609169006347656,0.00018806447042152286,0.0,6.42661725578364e-05,143
SLAKE_STAGE2_BANK16,104,F0,0.0,0.0,32.83244466781616,0.00018473011732567102,0.0,6.237396883079782e-05,144
SLAKE_STAGE2_BANK16,104,F0,0.0,0.0,33.05368971824646,0.0003554508148226887,0.0,7.7661268733209e-05,145
SLAKE_STAGE2_BANK16,104,F0,0.0,0.0,33.27547907829285,0.00017081020632758737,0.0,5.249503010418266e-05,146
SLAKE_STAGE2_BANK16,104,F0,0.0,0.0,33.499709129333496,0.00018348763114772737,0.0,6.437049523810856e-05,147
SLAKE_STAGE2_BANK16,104,F0,0.0,0.0,33.72975730895996,0.00019356315897312015,0.0,6.237397428776603e-05,148
SLAKE_STAGE2_BANK16,104,F0,0.0,0.0,33.952473163604736,0.0003243933606427163,0.0,7.719936547800899e-05,149
SLAKE_STAGE2_BANK16,104,F0,0.0,0.0,34.17437767982483,0.00019129271095152944,0.0,5.253974632069003e-05,150
SLAKE_STAGE2_BANK16,104,F0,0.0,0.0,34.39743614196777,0.00017945069703273475,0.0,6.48622153676115e-05,151
SLAKE_STAGE2_BANK16,104,F0,0.0,0.0,34.60917592048645,0.0001902382355183363,0.0,6.283589027589187e-05,152
SLAKE_STAGE2_BANK16,104,F0,0.0,0.0,34.83158540725708,0.0003392503422219306,0.0,7.809334056219086e-05,153
SLAKE_STAGE2_BANK16,104,F0,0.0,0.0,35.041051626205444,0.00018363070557825267,0.0,5.2986753871664405e-05,154
SLAKE_STAGE2_BANK16,104,F0,0.0,0.0,35.25661778450012,0.00019008904928341508,0.0,6.647139161941595e-05,155
SLAKE_STAGE2_BANK16,104,F0,0.0,0.0,35.477800130844116,0.00019165760022588074,0.0,6.371499148372095e-05,156
SLAKE_STAGE2_BANK16,104,F0,0.0,0.0,35.6978816986084,0.0004048505215905607,0.0,8.004516712389886e-05,157
SLAKE_STAGE2_BANK16,104,F0,0.0,0.0,35.923747301101685,0.00017286601359955966,0.0,5.3627441957360134e-05,158
SLAKE_STAGE2_BANK16,104,F0,0.0,0.0,36.14833426475525,0.00021300553635228425,0.0,6.778257375117391e-05,159
SLAKE_STAGE2_BANK16,104,F0,0.0,0.0,36.368624687194824,0.0001937269262271002,0.0,6.435567775042728e-05,160
SLAKE_STAGE2_BANK16,104,F1,2.945115089416504,0.033156778663396835,0.6746394634246826,4.8896684646606445,0.0,9.157739259535447e-05,1
SLAKE_STAGE2_BANK16,104,F1,2.853724718093872,0.03573273494839668,1.345116138458252,4.956857681274414,0.0,6.620311251026578e-05,2
SLAKE_STAGE2_BANK16,104,F1,2.764742374420166,0.9357562065124512,1.9464917182922363,5.040249347686768,0.0,8.067098679021001e-05,3
SLAKE_STAGE2_BANK16,104,F1,2.680593252182007,0.21417346596717834,2.6525540351867676,5.1047282218933105,0.0,8.090939809335396e-05,4
SLAKE_STAGE2_BANK16,104,F1,2.590197801589966,0.21309390664100647,3.103978395462036,5.1570000648498535,0.0,9.844595479080454e-05,5
SLAKE_STAGE2_BANK16,104,F1,2.494288444519043,0.029660925269126892,3.541914224624634,5.207979679107666,0.0,7.442764035658911e-05,6
SLAKE_STAGE2_BANK16,104,F1,2.406916856765747,0.03245275840163231,3.9901440143585205,5.223118305206299,0.0,9.123461495619267e-05,7
SLAKE_STAGE2_BANK16,104,F1,2.3091936111450195,0.8995137214660645,4.432545900344849,5.281442642211914,0.0,9.127929297392257e-05,8
SLAKE_STAGE2_BANK16,104,F1,2.214996814727783,0.20877429842948914,4.893755197525024,5.293442249298096,0.0,0.00011145268945256248,9
SLAKE_STAGE2_BANK16,104,F1,2.131089925765991,0.8834297060966492,5.329025983810425,5.26068639755249,0.0,8.776232425589114e-05,10
SLAKE_STAGE2_BANK16,104,F1,2.0295519828796387,0.024150321260094643,5.762598752975464,5.302030563354492,0.0,0.0001077127417374868,11
SLAKE_STAGE2_BANK16,104,F1,1.9468746185302734,0.03210567682981491,6.200783729553223,5.237398147583008,0.0,0.0001075935288099572,12
SLAKE_STAGE2_BANK16,104,F1,1.8454147577285767,0.8575572371482849,6.65135931968689,5.296879768371582,0.0,0.0001332936153630726,13
SLAKE_STAGE2_BANK16,104,F1,1.7650229930877686,0.032082609832286835,7.096905946731567,5.206231594085693,0.0,0.00010905229646596126,14
SLAKE_STAGE2_BANK16,104,F1,1.6731529235839844,0.021154610440135002,7.54053258895874,5.186201572418213,0.0,0.0001344847187283449,15
SLAKE_STAGE2_BANK16,104,F1,1.567594289779663,0.19994500279426575,7.995733261108398,5.241931438446045,0.0,0.00013385884813033044,16
SLAKE_STAGE2_BANK16,104,F1,1.4905983209609985,0.020240509882569313,8.43642520904541,5.142277717590332,0.0,0.00016708092152839527,17
SLAKE_STAGE2_BANK16,104,F1,1.3883960247039795,0.19729654490947723,8.895018339157104,5.195076942443848,0.0,0.00014353988808579743,18
SLAKE_STAGE2_BANK16,104,F1,1.3136265277862549,0.03183402866125107,9.34075665473938,5.094550609588623,0.0,0.00017726864462019876,19
SLAKE_STAGE2_BANK16,104,F1,1.2050549983978271,0.7943980693817139,9.774729490280151,5.142025470733643,0.0,0.0001750337250996381,20
SLAKE_STAGE2_BANK16,104,F1,1.1342918872833252,0.19223283231258392,10.249728679656982,5.049272537231445,0.0,0.0002216142602264881,21
SLAKE_STAGE2_BANK16,104,F1,1.0285778045654297,0.7754256129264832,10.695018291473389,5.063196182250977,0.0,0.00019846019858960062,22
SLAKE_STAGE2_BANK16,104,F1,0.9575368762016296,0.03165559098124504,11.136369705200195,4.987158298492432,0.0,0.0002463211785652675,23
SLAKE_STAGE2_BANK16,104,F1,0.8520104289054871,0.018331188708543777,11.583660364151001,4.9333038330078125,0.0,0.00024414485960733145,24
SLAKE_STAGE2_BANK16,104,F1,0.7671647667884827,0.018182160332798958,12.029834270477295,4.845127105712891,0.0,0.0003150822885800153,25
SLAKE_STAGE2_BANK16,104,F1,0.697544276714325,0.7335030436515808,12.470248699188232,4.8275299072265625,0.0,0.00029439706122502685,26
SLAKE_STAGE2_BANK16,104,F1,0.6000188589096069,0.03178234398365021,12.917950630187988,4.55621337890625,0.0,0.00036921488936059177,27
SLAKE_STAGE2_BANK16,104,F1,0.5293083786964417,0.18014724552631378,13.373623132705688,4.561986446380615,0.0,0.0003670953738037497,28
SLAKE_STAGE2_BANK16,104,F1,0.4496852457523346,0.6999430656433105,13.808116912841797,4.355556011199951,0.0,0.00048496079398319125,29
SLAKE_STAGE2_BANK16,104,F1,0.37681159377098083,0.17625321447849274,14.263355731964111,3.716874361038208,0.0,0.00048389275616500527,30
SLAKE_STAGE2_BANK16,104,F1,0.31491273641586304,0.01816290244460106,14.709834575653076,3.3199427127838135,0.0,0.0006128241657279432,31
SLAKE_STAGE2_BANK16,104,F1,0.24394936859607697,0.03211425244808197,15.153918504714966,3.2237439155578613,0.0,0.0006165932863950729,32
SLAKE_STAGE2_BANK16,104,F1,0.21433961391448975,0.6570471525192261,15.596394538879395,2.4562580585479736,0.0,0.0008467347943224013,33
SLAKE_STAGE2_BANK16,104,F1,0.14720980823040009,0.018440639600157738,16.03189969062805,2.1807146072387695,0.0,0.0009151864796876907,34
SLAKE_STAGE2_BANK16,104,F1,0.11322326958179474,0.16775335371494293,16.486078023910522,1.6942572593688965,0.0,0.0011943633435294032,35
SLAKE_STAGE2_BANK16,104,F1,0.11744387447834015,0.032681118696928024,16.92172884941101,1.3555113077163696,0.0,0.0012365877046249807,36
SLAKE_STAGE2_BANK16,104,F1,0.09806756675243378,0.018980588763952255,17.3648419380188,1.118734359741211,0.0,0.0017639709985814989,37
SLAKE_STAGE2_BANK16,104,F1,0.053889431059360504,0.16343389451503754,17.82093071937561,0.7143633365631104,0.0,0.002097710850648582,38
SLAKE_STAGE2_BANK16,104,F1,0.043602801859378815,0.5988256931304932,18.258734941482544,0.5446356534957886,0.0,0.0028013417031615973,39
SLAKE_STAGE2_BANK16,104,F1,0.059153564274311066,0.033542223274707794,18.710004329681396,0.6554648280143738,0.0,0.0029485563281923532,40
SLAKE_STAGE2_BANK16,104,F1,0.03085392341017723,0.1606643944978714,19.186814308166504,0.3371584117412567,0.0,0.004312317352741957,41
SLAKE_STAGE2_BANK16,104,F1,0.04424920305609703,0.5780582427978516,19.63109302520752,0.46182194352149963,0.0,0.005374918924644589,42
SLAKE_STAGE2_BANK16,104,F1,0.03868704289197922,0.03457213565707207,20.076138734817505,0.3899827003479004,0.0,0.006970528047531843,43
SLAKE_STAGE2_BANK16,104,F1,0.021078160032629967,0.021175909787416458,20.521181344985962,0.2073316127061844,0.0,0.007092144573107362,44
SLAKE_STAGE2_BANK16,104,F1,0.03041951358318329,0.15954284369945526,20.97303318977356,0.29123175144195557,0.0,0.009853804484009743,45
SLAKE_STAGE2_BANK16,104,F1,0.01741936430335045,0.03588367626070976,21.41843271255493,0.24236658215522766,0.0,0.012148684822022915,46
SLAKE_STAGE2_BANK16,104,F1,0.016155192628502846,0.022216930985450745,21.86286163330078,0.2721192538738251,0.0,0.014319057576358318,47
SLAKE_STAGE2_BANK16,104,F1,0.022483786568045616,0.5596958994865417,22.300431728363037,0.2490585744380951,0.0,0.01345895929262042,48
SLAKE_STAGE2_BANK16,104,F1,0.020713219419121742,0.559241533279419,22.752907752990723,0.28771504759788513,0.0,0.0170164592564106,49
SLAKE_STAGE2_BANK16,104,F1,0.01319044642150402,0.02290779910981655,23.198862075805664,0.3805975914001465,0.0,0.01929337438195944,50
SLAKE_STAGE2_BANK16,104,F1,0.017952576279640198,0.15946714580059052,23.65268874168396,0.3502381145954132,0.0,0.02053422760218382,51
SLAKE_STAGE2_BANK16,104,F1,0.011868101544678211,0.03700164705514908,24.08681035041809,0.3465486168861389,0.0,0.017644945066422224,52
SLAKE_STAGE2_BANK16,104,F1,0.011309681460261345,0.15926793217658997,24.542728900909424,0.3886169195175171,0.0,0.020183906890451908,53
SLAKE_STAGE2_BANK16,104,F1,0.015348981134593487,0.5620452165603638,24.987668752670288,0.3613602817058563,0.0,0.02076517976820469,54
SLAKE_STAGE2_BANK16,104,F1,0.014766611158847809,0.03682970628142357,25.432714700698853,0.3497701585292816,0.0,0.020516077987849712,55
SLAKE_STAGE2_BANK16,104,F1,0.009938379749655724,0.022960178554058075,25.87766122817993,0.3072969913482666,0.0,0.016114623751491308,56
SLAKE_STAGE2_BANK16,104,F1,0.013913665898144245,0.567459225654602,26.321096181869507,0.2820177972316742,0.0,0.017194214276969433,57
SLAKE_STAGE2_BANK16,104,F1,0.009270497597754002,0.036462392657995224,26.762304067611694,0.3153369426727295,0.0,0.016563923098146915,58
SLAKE_STAGE2_BANK16,104,F1,0.013478800654411316,0.1597585678100586,27.222625494003296,0.257657915353775,0.0,0.015809732023626566,59
SLAKE_STAGE2_BANK16,104,F1,0.00887594185769558,0.02240171656012535,27.66624927520752,0.20990341901779175,0.0,0.011757091153413057,60
SLAKE_STAGE2_BANK16,104,F1,0.008742264471948147,0.03576044365763664,28.129764795303345,0.2153068631887436,0.0,0.012364243157207966,61
SLAKE_STAGE2_BANK16,104,F1,0.013121883384883404,0.5795196890830994,28.57486844062805,0.1811012178659439,0.0,0.011460878420621157,62
SLAKE_STAGE2_BANK16,104,F1,0.008541515097022057,0.1595146507024765,29.02019691467285,0.18287824094295502,0.0,0.011033162474632263,63
SLAKE_STAGE2_BANK16,104,F1,0.013025057502090931,0.02162828855216503,29.456629753112793,0.13126450777053833,0.0,0.00804252945818007,64
SLAKE_STAGE2_BANK16,104,F1,0.013109950348734856,0.15950872004032135,29.91047739982605,0.1333731710910797,0.0,0.00851029483601451,65
SLAKE_STAGE2_BANK16,104,F1,0.00839078240096569,0.021335292607545853,30.353036880493164,0.12241608649492264,0.0,0.007863221922889352,66
SLAKE_STAGE2_BANK16,104,F1,0.01299634575843811,0.034772127866744995,30.798701763153076,0.1258603036403656,0.0,0.007786990609019995,67
SLAKE_STAGE2_BANK16,104,F1,0.008439876139163971,0.5945620536804199,31.24039578437805,0.08557082712650299,0.0,0.005721732508391142,68
SLAKE_STAGE2_BANK16,104,F1,0.012965127825737,0.15974262356758118,31.688437461853027,0.11357688158750534,0.0,0.006124584935605526,69
SLAKE_STAGE2_BANK16,104,F1,0.008460592478513718,0.02079550363123417,32.13057494163513,0.07973519712686539,0.0,0.005677067441865802,70
SLAKE_STAGE2_BANK16,104,F1,0.008440231904387474,0.034290872514247894,32.576037883758545,0.07746264338493347,0.0,0.005797588499262929,71
SLAKE_STAGE2_BANK16,104,F1,0.012795910239219666,0.6020614504814148,33.021846532821655,0.11396478861570358,0.0,0.004347298643551767,72
SLAKE_STAGE2_BANK16,104,F1,0.008464476093649864,0.02045370265841484,33.45590615272522,0.06547216325998306,0.0,0.0047969568986445665,73
SLAKE_STAGE2_BANK16,104,F1,0.012707564048469067,0.03417368605732918,33.88958287239075,0.11115799099206924,0.0,0.00444564432837069,74
SLAKE_STAGE2_BANK16,104,F1,0.012580841779708862,0.6063074469566345,34.32450008392334,0.11255407333374023,0.0,0.0046850708313286304,75
SLAKE_STAGE2_BANK16,104,F1,0.008408199064433575,0.15932299196720123,34.76960515975952,0.06200858950614929,0.0,0.003549765795469284,76
SLAKE_STAGE2_BANK16,104,F1,0.008368248119950294,0.03371617943048477,35.21367144584656,0.06055141240358353,0.0,0.004002740955911577,77
SLAKE_STAGE2_BANK16,104,F1,0.01214609481394291,0.02001538872718811,35.6500027179718,0.10830315947532654,0.0,0.003745457506738603,78
SLAKE_STAGE2_BANK16,104,F1,0.011932183988392353,0.1594361960887909,36.10156512260437,0.10606507211923599,0.0,0.00403315806761384,79
SLAKE_STAGE2_BANK16,104,F1,0.00824237521737814,0.6111055016517639,36.54885983467102,0.0717969760298729,0.0,0.0030937453266233206,80
SLAKE_STAGE2_BANK16,104,F1,0.00818208884447813,0.019896753132343292,37.025068044662476,0.0597221776843071,0.0,0.0035431422293186188,81
SLAKE_STAGE2_BANK16,104,F1,0.01139326486736536,0.6116594076156616,37.468286991119385,0.1063007041811943,0.0,0.0033130854135379195,82
SLAKE_STAGE2_BANK16,104,F1,0.011131279170513153,0.03342992812395096,37.9137978553772,0.09843868762254715,0.0,0.003635431290604174,83
SLAKE_STAGE2_BANK16,104,F1,0.007909875363111496,0.15849606692790985,38.35708236694336,0.06232595071196556,0.0,0.0028268512105569243,84
SLAKE_STAGE2_BANK16,104,F1,0.007852979935705662,0.15804439783096313,38.81292653083801,0.06037097051739693,0.0,0.0032917505595833063,85
SLAKE_STAGE2_BANK16,104,F1,0.01056409440934658,0.03324892744421959,39.246147871017456,0.09402049332857132,0.0,0.0030849939212203026,86
SLAKE_STAGE2_BANK16,104,F1,0.010308905504643917,0.019663970917463303,39.68362879753113,0.09025919437408447,0.0,0.0034455106360837817,87
SLAKE_STAGE2_BANK16,104,F1,0.007570168934762478,0.6123192310333252,40.13612699508667,0.07043684273958206,0.0,0.0026807283284142613,88
SLAKE_STAGE2_BANK16,104,F1,0.007437561638653278,0.019570838660001755,40.58018922805786,0.05596533045172691,0.0,0.0031402501044794917,89
SLAKE_STAGE2_BANK16,104,F1,0.00962507538497448,0.03291980177164078,41.0250358581543,0.08452670276165009,0.0,0.0029566555749624968,90
SLAKE_STAGE2_BANK16,104,F1,0.009465242736041546,0.15702630579471588,41.477041244506836,0.08244004845619202,0.0,0.0033340727677568793,91
SLAKE_STAGE2_BANK16,104,F1,0.007108770310878754,0.6128875017166138,41.92513585090637,0.06745034456253052,0.0,0.0026132010389119387,92
SLAKE_STAGE2_BANK16,104,F1,0.009052696637809277,0.1563790738582611,42.36858296394348,0.07874628901481628,0.0,0.003058446804061532,93
SLAKE_STAGE2_BANK16,104,F1,0.006879869848489761,0.0193938035517931,42.8133761882782,0.05195273831486702,0.0,0.0028849407099187374,94
SLAKE_STAGE2_BANK16,104,F1,0.006808953825384378,0.0327291265130043,43.257153272628784,0.05144989863038063,0.0,0.003250689245760441,95
SLAKE_STAGE2_BANK16,104,F1,0.008462990634143353,0.6112734079360962,43.702709674835205,0.08035370707511902,0.0,0.002534430241212249,96
SLAKE_STAGE2_BANK16,104,F1,0.006606199778616428,0.6092329025268555,44.1367666721344,0.061624765396118164,0.0,0.0030176975997164845,97
SLAKE_STAGE2_BANK16,104,F1,0.008093777112662792,0.01931142248213291,44.58380842208862,0.06855656951665878,0.0,0.002856783801689744,98
SLAKE_STAGE2_BANK16,104,F1,0.00797508005052805,0.15463361144065857,45.040118932724,0.06778651475906372,0.0,0.0031984985107555985,99
SLAKE_STAGE2_BANK16,104,F1,0.006288430187851191,0.03261850029230118,45.492302894592285,0.048710256814956665,0.0,0.002515324391424656,100
SLAKE_STAGE2_BANK16,104,F1,0.0061767445877194405,0.6068769693374634,45.9735369682312,0.0587630569934845,0.0,0.0029690945520997047,101
SLAKE_STAGE2_BANK16,104,F1,0.007473201956599951,0.019161012023687363,46.40782070159912,0.0627734512090683,0.0,0.0028365172911435366,102
SLAKE_STAGE2_BANK16,104,F1,0.0073100910522043705,0.1530211716890335,46.86289954185486,0.06210725009441376,0.0,0.003189479000866413,103
SLAKE_STAGE2_BANK16,104,F1,0.005904500372707844,0.03243197500705719,47.31023907661438,0.04561033472418785,0.0,0.0024743610993027687,104
SLAKE_STAGE2_BANK16,104,F1,0.005836162716150284,0.019184615463018417,47.75419235229492,0.045035455375909805,0.0,0.002961993566714227,105
SLAKE_STAGE2_BANK16,104,F1,0.006925859488546848,0.6023104786872864,48.2021222114563,0.06510510295629501,0.0,0.002776147099211812,106
SLAKE_STAGE2_BANK16,104,F1,0.00678951945155859,0.15198025107383728,48.664615631103516,0.05794322118163109,0.0,0.0031496966257691383,107
SLAKE_STAGE2_BANK16,104,F1,0.005579889751970768,0.03230920433998108,49.110281467437744,0.0431707501411438,0.0,0.002452553017064929,108
SLAKE_STAGE2_BANK16,104,F1,0.006577237043529749,0.15151725709438324,49.56555938720703,0.05561435595154762,0.0,0.002914350014179945,109
SLAKE_STAGE2_BANK16,104,F1,0.00541057949885726,0.599958062171936,50.010502338409424,0.05459018796682358,0.0,0.0027328288415446877,110
SLAKE_STAGE2_BANK16,104,F1,0.005325638689100742,0.03203028067946434,50.46406626701355,0.043283574283123016,0.0,0.0030980724841356277,111
SLAKE_STAGE2_BANK16,104,F1,0.006250160746276379,0.018886283040046692,50.90763974189758,0.052342500537633896,0.0,0.002401215606369078,112
SLAKE_STAGE2_BANK16,104,F1,0.005179501138627529,0.018760375678539276,51.35492253303528,0.041066575795412064,0.0,0.002846450312063098,113
SLAKE_STAGE2_BANK16,104,F1,0.006040635518729687,0.5956292748451233,51.79812574386597,0.05864689499139786,0.0,0.002647043438628316,114
SLAKE_STAGE2_BANK16,104,F1,0.0050873300060629845,0.14956502616405487,52.2523889541626,0.043517354875802994,0.0,0.003018490388058126,115
SLAKE_STAGE2_BANK16,104,F1,0.005877105984836817,0.031584374606609344,52.69596862792969,0.049225639551877975,0.0,0.0023162218276411295,116
SLAKE_STAGE2_BANK16,104,F1,0.00494446512311697,0.5932771563529968,53.140987157821655,0.05169321969151497,0.0,0.0027841406408697367,117
SLAKE_STAGE2_BANK16,104,F1,0.005691849626600742,0.018616795539855957,53.576823472976685,0.04841582849621773,0.0,0.0025822236202657223,118
SLAKE_STAGE2_BANK16,104,F1,0.0056469617411494255,0.03163023293018341,54.02919936180115,0.049026768654584885,0.0,0.002918437821790576,119
SLAKE_STAGE2_BANK16,104,F1,0.004792400170117617,0.14796525239944458,54.48602104187012,0.03963712975382805,0.0,0.0022415033890865743,120
SLAKE_STAGE2_BANK16,104,F1,0.00549192912876606,0.01840684376657009,54.960482597351074,0.04672471806406975,0.0,0.002699759672395885,121
SLAKE_STAGE2_BANK16,104,F1,0.004690160974860191,0.5882267355918884,55.40610480308533,0.05075289309024811,0.0,0.0024925745092332363,122
SLAKE_STAGE2_BANK16,104,F1,0.004629518836736679,0.031357064843177795,55.85873985290527,0.03912406414747238,0.0,0.0028150901198387146,123
SLAKE_STAGE2_BANK16,104,F1,0.005279623903334141,0.1467019021511078,56.313684940338135,0.04527492821216583,0.0,0.0021588904201053083,124
SLAKE_STAGE2_BANK16,104,F1,0.0045417072251439095,0.01838557980954647,56.75913214683533,0.037058472633361816,0.0,0.0025969425914809108,125
SLAKE_STAGE2_BANK16,104,F1,0.005179343745112419,0.5837484002113342,57.208842515945435,0.05299757421016693,0.0,0.0023944161366671324,126
SLAKE_STAGE2_BANK16,104,F1,0.005096743814647198,0.03097287006676197,57.65499305725098,0.04488765820860863,0.0,0.002700172131881118,127
SLAKE_STAGE2_BANK16,104,F1,0.00439295032992959,0.14522622525691986,58.110615253448486,0.03671279922127724,0.0,0.002063219086267054,128
SLAKE_STAGE2_BANK16,104,F1,0.004364939872175455,0.030784185975790024,58.55151700973511,0.03586908057332039,0.0,0.002512912964448333,129
SLAKE_STAGE2_BANK16,104,F1,0.00491285789757967,0.018161501735448837,59.00158381462097,0.04229547455906868,0.0,0.002300811931490898,130
SLAKE_STAGE2_BANK16,104,F1,0.004287423565983772,0.14461146295070648,59.456632137298584,0.03818466141819954,0.0,0.0025856955908238888,131
SLAKE_STAGE2_BANK16,104,F1,0.004810653161257505,0.5785568952560425,59.901057958602905,0.05076964944601059,0.0,0.0019788836943916976,132
SLAKE_STAGE2_BANK16,104,F1,0.00474712997674942,0.5784860849380493,60.34513974189758,0.04954401031136513,0.0,0.0024111022939905524,133
SLAKE_STAGE2_BANK16,104,F1,0.004153171554207802,0.030617471784353256,60.78268313407898,0.03410028666257858,0.0,0.0022001861361786723,134
SLAKE_STAGE2_BANK16,104,F1,0.004120292142033577,0.1430887132883072,61.244256258010864,0.03698498383164406,0.0,0.0025116793112829328,135
SLAKE_STAGE2_BANK16,104,F1,0.004607951268553734,0.017882630228996277,61.689685344696045,0.03894086182117462,0.0,0.00190664769615978,136
SLAKE_STAGE2_BANK16,104,F1,0.004577367566525936,0.030307745561003685,62.13347244262695,0.03946123272180557,0.0,0.0023171529173851013,137
SLAKE_STAGE2_BANK16,104,F1,0.004005902446806431,0.571197509765625,62.57967209815979,0.04677765816450119,0.0,0.002099458361044526,138
SLAKE_STAGE2_BANK16,104,F1,0.004444487858563662,0.14180825650691986,63.03467607498169,0.04064132645726204,0.0,0.0024038373958319426,139
SLAKE_STAGE2_BANK16,104,F1,0.003918468486517668,0.017664888873696327,63.48409342765808,0.031388700008392334,0.0,0.0018238382181152701,140
SLAKE_STAGE2_BANK16,104,F1,0.004386757500469685,0.01762918196618557,63.94179582595825,0.03801918774843216,0.0,0.0022121231304481626,141
SLAKE_STAGE2_BANK16,104,F1,0.0038785296492278576,0.02990088425576687,64.38768982887268,0.03171636164188385,0.0,0.0020189688075333834,142
SLAKE_STAGE2_BANK16,104,F1,0.004289535805583,0.1407380849123001,64.84395742416382,0.03933415189385414,0.0,0.0022950575221329927,143
SLAKE_STAGE2_BANK16,104,F1,0.0037987008690834045,0.5660696029663086,65.29014086723328,0.04623464122414589,0.0,0.0017418631468899548,144
SLAKE_STAGE2_BANK16,104,F1,0.003768984694033861,0.14018289744853973,65.76396059989929,0.032662272453308105,0.0,0.002149667590856552,145
SLAKE_STAGE2_BANK16,104,F1,0.004167563747614622,0.5630320906639099,66.2182343006134,0.04648144170641899,0.0,0.0019285769667476416,146
SLAKE_STAGE2_BANK16,104,F1,0.0041159880347549915,0.01737876422703266,66.67393016815186,0.036850638687610626,0.0,0.0022079425398260355,147
SLAKE_STAGE2_BANK16,104,F1,0.003658176166936755,0.029543163254857063,67.14841508865356,0.02967025339603424,0.0,0.0016716772806830704,148
SLAKE_STAGE2_BANK16,104,F1,0.003630003659054637,0.029577508568763733,67.6020131111145,0.03008871152997017,0.0,0.0020572624634951353,149
SLAKE_STAGE2_BANK16,104,F1,0.004002910107374191,0.5586457848548889,68.05697870254517,0.0454525500535965,0.0,0.0018457179539836943,150
SLAKE_STAGE2_BANK16,104,F1,0.0035792612470686436,0.1383456438779831,68.50352263450623,0.03246723860502243,0.0,0.0021265315590426326,151
SLAKE_STAGE2_BANK16,104,F1,0.003917210269719362,0.01725853979587555,68.94915270805359,0.03343890979886055,0.0,0.0016013412969186902,152
SLAKE_STAGE2_BANK16,104,F1,0.0035087813157588243,0.017247328534722328,69.39887261390686,0.02907107025384903,0.0,0.0019848273368552327,153
SLAKE_STAGE2_BANK16,104,F1,0.003863545833155513,0.5535677671432495,69.8452353477478,0.0445394441485405,0.0,0.0017717121518217027,154
SLAKE_STAGE2_BANK16,104,F1,0.003842154983431101,0.13682228326797485,70.30049085617065,0.03542178124189377,0.0,0.0020264885970391333,155
SLAKE_STAGE2_BANK16,104,F1,0.0034334317315369844,0.029087701812386513,70.74112153053284,0.0279731135815382,0.0,0.00154937116894871,156
SLAKE_STAGE2_BANK16,104,F1,0.00338255288079381,0.028682615607976913,71.18895554542542,0.028207823634147644,0.0,0.0019247070304118097,157
SLAKE_STAGE2_BANK16,104,F1,0.0037094473373144865,0.5490997433662415,71.6446533203125,0.043747954070568085,0.0,0.0016985010006465018,158
SLAKE_STAGE2_BANK16,104,F1,0.003679342567920685,0.01692013628780842,72.08558583259583,0.03323303535580635,0.0,0.0019628381123766303,159
SLAKE_STAGE2_BANK16,104,F1,0.003325375495478511,0.13553905487060547,72.54260969161987,0.02901865728199482,0.0,0.0014797383919358253,160
SLAKE_STAGE2_BANK16,104,F2,2.945115089416504,0.033156778663396835,0.7935788631439209,5.193289756774902,2.089505910873413,9.157739259535447e-05,1
SLAKE_STAGE2_BANK16,104,F2,2.8537402153015137,0.035763200372457504,1.4618806838989258,5.265611171722412,2.032457113265991,6.621801367145963e-05,2
SLAKE_STAGE2_BANK16,104,F2,2.7686235904693604,0.9350560307502747,2.0772063732147217,5.353032112121582,1.9792338609695435,8.061138578341343e-05,3
SLAKE_STAGE2_BANK16,104,F2,2.6813576221466064,0.2143544703722,2.6942200660705566,5.42210054397583,1.9246342182159424,8.090940173133276e-05,4
SLAKE_STAGE2_BANK16,104,F2,2.589921474456787,0.21302691102027893,3.321481704711914,5.475504398345947,1.8674649000167847,9.846085595199838e-05,5
SLAKE_STAGE2_BANK16,104,F2,2.4942891597747803,0.029686514288187027,3.9364194869995117,5.534316062927246,1.8076286315917969,7.4472318374319e-05,6
SLAKE_STAGE2_BANK16,104,F2,2.407366991043091,0.03218821808695793,4.554610013961792,5.55112886428833,1.7533386945724487,9.184547889162786e-05,7
SLAKE_STAGE2_BANK16,104,F2,2.308196544647217,0.8987269401550293,5.15204119682312,5.609075546264648,1.6911696195602417,9.099622911890037e-05,8
SLAKE_STAGE2_BANK16,104,F2,2.215458393096924,0.20877254009246826,5.77701735496521,5.623406887054443,1.6331121921539307,0.00011160168651258573,9
SLAKE_STAGE2_BANK16,104,F2,2.1303086280822754,0.8833920359611511,6.3815977573394775,5.589272975921631,1.580104112625122,8.795602116151713e-05,10
SLAKE_STAGE2_BANK16,104,F2,2.0291266441345215,0.024190587922930717,6.9901275634765625,5.633841514587402,1.5163912773132324,0.00010784685218823142,11
SLAKE_STAGE2_BANK16,104,F2,1.9468666315078735,0.032026257365942,7.6151769161224365,5.564987659454346,1.4653640985488892,0.00010756373376352713,12
SLAKE_STAGE2_BANK16,104,F2,1.8458261489868164,0.857526957988739,8.23371958732605,5.630819797515869,1.401442289352417,0.00013314461102709174,13
SLAKE_STAGE2_BANK16,104,F2,1.7619022130966187,0.03192548826336861,8.872103214263916,5.531569480895996,1.3496253490447998,0.00010933537851087749,14
SLAKE_STAGE2_BANK16,104,F2,1.6716362237930298,0.02123805694282055,9.489235877990723,5.510007381439209,1.2931138277053833,0.00013454430882120505,15
SLAKE_STAGE2_BANK16,104,F2,1.5679389238357544,0.19992183148860931,10.109167098999023,5.571913719177246,1.2267508506774902,0.00013385885540628806,16
SLAKE_STAGE2_BANK16,104,F2,1.492159128189087,0.020228493958711624,10.720029592514038,5.464599609375,1.1806594133377075,0.00016754277021391317,17
SLAKE_STAGE2_BANK16,104,F2,1.3884022235870361,0.1969997137784958,11.349279165267944,5.524287223815918,1.113378643989563,0.00014288450620369986,18
SLAKE_STAGE2_BANK16,104,F2,1.3104966878890991,0.03172159194946289,11.956737756729126,5.413965225219727,1.0666465759277344,0.0001766728746588342,19
SLAKE_STAGE2_BANK16,104,F2,1.206298589706421,0.7951777577400208,12.570067167282104,5.469069004058838,0.997627317905426,0.00017503373237559572,20
SLAKE_STAGE2_BANK16,104,F2,1.1340242624282837,0.19233551621437073,13.226735830307007,5.368628025054932,0.9554905295372009,0.00022200160310603678,21
SLAKE_STAGE2_BANK16,104,F2,1.0271185636520386,0.7732413411140442,13.840677738189697,5.390197277069092,0.8822959661483765,0.00019848997908411548,22
SLAKE_STAGE2_BANK16,104,F2,0.9575654864311218,0.03162519633769989,14.457244396209717,5.3057379722595215,0.8435201048851013,0.00024734858016017824,23
SLAKE_STAGE2_BANK16,104,F2,0.8520599603652954,0.01827375218272209,15.075023412704468,5.2659831047058105,0.7671310305595398,0.0002444130295771174,24
SLAKE_STAGE2_BANK16,104,F2,0.76603764295578,0.018180232495069504,15.693429946899414,5.178102016448975,0.7088010907173157,0.0003147395473206416,25
SLAKE_STAGE2_BANK16,104,F2,0.6962924003601074,0.7335250973701477,16.30599546432495,5.148836135864258,0.6737825870513916,0.00029438218916766346,26
SLAKE_STAGE2_BANK16,104,F2,0.5988631248474121,0.03187156841158867,16.92204236984253,4.892678737640381,0.5896112322807312,0.0003693191392812878,27
SLAKE_STAGE2_BANK16,104,F2,0.5307468771934509,0.18014255166053772,17.546574115753174,4.894734859466553,0.5598316788673401,0.00036547271884046495,28
SLAKE_STAGE2_BANK16,104,F2,0.4485536217689514,0.6999568939208984,18.16724157333374,4.68780517578125,0.49901729822158813,0.0004846033698413521,29
SLAKE_STAGE2_BANK16,104,F2,0.37703341245651245,0.17626133561134338,18.792303800582886,4.076998233795166,0.40402573347091675,0.0004838035092689097,30
SLAKE_STAGE2_BANK16,104,F2,0.31410762667655945,0.018112454563379288,19.40922474861145,3.675820827484131,0.33793559670448303,0.0006154716247692704,31
SLAKE_STAGE2_BANK16,104,F2,0.24320587515830994,0.03211165592074394,20.021414756774902,3.5774781703948975,0.31446918845176697,0.0006168328691273928,32
SLAKE_STAGE2_BANK16,104,F2,0.21354487538337708,0.6563030481338501,20.639706134796143,2.8188769817352295,0.20159564912319183,0.0008467801089864224,33
SLAKE_STAGE2_BANK16,104,F2,0.1468745917081833,0.018476931378245354,21.257303476333618,2.556373119354248,0.1811802238225937,0.0009146238153334707,34
SLAKE_STAGE2_BANK16,104,F2,0.11285364627838135,0.16722269356250763,21.88359570503235,2.0792183876037598,0.11154122650623322,0.0011918587260879576,35
SLAKE_STAGE2_BANK16,104,F2,0.11864334344863892,0.03243453428149223,22.499398469924927,1.3628371953964233,0.0,0.0012296424247324467,36
SLAKE_STAGE2_BANK16,104,F2,0.0985710471868515,0.01889653690159321,23.1208918094635,1.1206648349761963,0.0,0.001770532806403935,37
SLAKE_STAGE2_BANK16,104,F2,0.05372954159975052,0.16284823417663574,23.743507146835327,0.7094255089759827,0.0,0.0020999490516260266,38
SLAKE_STAGE2_BANK16,104,F2,0.043935783207416534,0.597282350063324,24.359241485595703,0.5482507944107056,0.0,0.0028112775180488825,39
SLAKE_STAGE2_BANK16,104,F2,0.059835076332092285,0.03347867727279663,24.973489999771118,0.6645282506942749,0.0,0.002954903873614967,40
SLAKE_STAGE2_BANK16,104,F2,0.03106803260743618,0.16009937226772308,25.641879320144653,0.3413870334625244,0.0,0.004322362132370472,41
SLAKE_STAGE2_BANK16,104,F2,0.04504389315843582,0.5758798718452454,26.259739637374878,0.4720633029937744,0.0,0.0053902906365692616,42
SLAKE_STAGE2_BANK16,104,F2,0.03942525014281273,0.03426109999418259,26.874343395233154,0.4007813632488251,0.0,0.006934123346582055,43
SLAKE_STAGE2_BANK16,104,F2,0.02123001217842102,0.02111149951815605,27.4902126789093,0.21023854613304138,0.0,0.0070972321555018425,44
SLAKE_STAGE2_BANK16,104,F2,0.030940180644392967,0.15892642736434937,28.128714323043823,0.2975507378578186,0.0,0.009796267375349998,45
SLAKE_STAGE2_BANK16,104,F2,0.017542053014039993,0.035730183124542236,28.74420666694641,0.24164997041225433,0.0,0.012069100048393011,46
SLAKE_STAGE2_BANK16,104,F2,0.01629672385752201,0.02213694527745247,29.36038088798523,0.2730792462825775,0.0,0.014359962195158005,47
SLAKE_STAGE2_BANK16,104,F2,0.0228599701076746,0.5574721693992615,29.974181413650513,0.25086510181427,0.0,0.013456440530717373,48
SLAKE_STAGE2_BANK16,104,F2,0.020971346646547318,0.5571795701980591,30.592100620269775,0.287853866815567,0.0,0.016933000646531582,49
SLAKE_STAGE2_BANK16,104,F2,0.013319304212927818,0.02277645468711853,31.207762002944946,0.38256269693374634,0.0,0.01940050534904003,50
SLAKE_STAGE2_BANK16,104,F2,0.018208147957921028,0.1587999314069748,31.836827993392944,0.35148483514785767,0.0,0.020643613301217556,51
SLAKE_STAGE2_BANK16,104,F2,0.011960899457335472,0.03665183112025261,32.46275758743286,0.34576067328453064,0.0,0.01762417145073414,52
SLAKE_STAGE2_BANK16,104,F2,0.011363506317138672,0.15866227447986603,33.08770275115967,0.38602444529533386,0.0,0.020079398527741432,53
SLAKE_STAGE2_BANK16,104,F2,0.015517610125243664,0.5598915219306946,33.70420789718628,0.3633134067058563,0.0,0.02087980415672064,54
SLAKE_STAGE2_BANK16,104,F2,0.014953387901186943,0.03672943636775017,34.32035541534424,0.3507477641105652,0.0,0.020560247823596,55
SLAKE_STAGE2_BANK16,104,F2,0.010026887059211731,0.022888431325554848,34.939363956451416,0.30707791447639465,0.0,0.016083512920886278,56
SLAKE_STAGE2_BANK16,104,F2,0.014114837162196636,0.5652943253517151,35.5668044090271,0.28180861473083496,0.0,0.017229827120900154,57
SLAKE_STAGE2_BANK16,104,F2,0.009387689642608166,0.036386992782354355,36.183931827545166,0.3181365132331848,0.0,0.01670718751847744,58
SLAKE_STAGE2_BANK16,104,F2,0.013595359399914742,0.15906177461147308,36.809210538864136,0.2590828239917755,0.0,0.01589386537671089,59
SLAKE_STAGE2_BANK16,104,F2,0.008942133747041225,0.022356301546096802,37.4262957572937,0.2134426087141037,0.0,0.011912673246115446,60
SLAKE_STAGE2_BANK16,104,F2,0.008806323632597923,0.03589808940887451,38.06034064292908,0.21785351634025574,0.0,0.012480661738663912,61
SLAKE_STAGE2_BANK16,104,F2,0.013279007747769356,0.5787018537521362,38.676727294921875,0.18285559117794037,0.0,0.011560621205717325,62
SLAKE_STAGE2_BANK16,104,F2,0.008597571402788162,0.15909209847450256,39.312360763549805,0.18512824177742004,0.0,0.01113021606579423,63
SLAKE_STAGE2_BANK16,104,F2,0.013229223899543285,0.02164105325937271,39.95903515815735,0.13328979909420013,0.0,0.008147001964971423,64
SLAKE_STAGE2_BANK16,104,F2,0.013228656724095345,0.15933866798877716,40.587745904922485,0.13412368297576904,0.0,0.008500253781676292,65
SLAKE_STAGE2_BANK16,104,F2,0.008454171940684319,0.021297160536050797,41.24988651275635,0.12321292608976364,0.0,0.007881172001361847,66
SLAKE_STAGE2_BANK16,104,F2,0.013103832490742207,0.03486105427145958,41.90852618217468,0.12695930898189545,0.0,0.007806702982634306,67
SLAKE_STAGE2_BANK16,104,F2,0.00848352164030075,0.5923447608947754,42.55967044830322,0.08678321540355682,0.0,0.005772007629275322,68
SLAKE_STAGE2_BANK16,104,F2,0.01307185459882021,0.1594519019126892,43.222740173339844,0.11495168507099152,0.0,0.006179155083373189,69
SLAKE_STAGE2_BANK16,104,F2,0.008474994450807571,0.020764093846082687,43.88015031814575,0.08065778762102127,0.0,0.005730611504986882,70
SLAKE_STAGE2_BANK16,104,F2,0.008461082354187965,0.03415163233876228,44.54548454284668,0.07846876233816147,0.0,0.005849576089531183,71
SLAKE_STAGE2_BANK16,104,F2,0.012983721680939198,0.6005803942680359,45.19772744178772,0.11608660966157913,0.0,0.004367870511487126,72
SLAKE_STAGE2_BANK16,104,F2,0.008450827561318874,0.020473919808864594,45.86113214492798,0.0657970979809761,0.0,0.0048086680471897125,73
SLAKE_STAGE2_BANK16,104,F2,0.012812266126275063,0.03392321988940239,46.51561641693115,0.11238805204629898,0.0,0.004488064907491207,74
SLAKE_STAGE2_BANK16,104,F2,0.012691812589764595,0.6048030853271484,47.17282176017761,0.11366590112447739,0.0,0.00469991797581315,75
SLAKE_STAGE2_BANK16,104,F2,0.008418049663305283,0.15930286049842834,47.82127356529236,0.06198180839419365,0.0,0.0035832657013088465,76
SLAKE_STAGE2_BANK16,104,F2,0.008380087092518806,0.03359965607523918,48.46701264381409,0.06074860319495201,0.0,0.004025398753583431,77
SLAKE_STAGE2_BANK16,104,F2,0.012257971800863743,0.02003314718604088,49.131423473358154,0.10967759788036346,0.0,0.0037410975201055408,78
SLAKE_STAGE2_BANK16,104,F2,0.01196756586432457,0.1588217169046402,49.80038809776306,0.10643044114112854,0.0,0.004056487465277314,79
SLAKE_STAGE2_BANK16,104,F2,0.008250009268522263,0.6102930307388306,50.45732283592224,0.0712825283408165,0.0,0.0031222441466525197,80
SLAKE_STAGE2_BANK16,104,F2,0.008177125826478004,0.019858213141560555,51.163933992385864,0.05952490493655205,0.0,0.0035537431249395013,81
SLAKE_STAGE2_BANK16,104,F2,0.01139390841126442,0.610224723815918,51.82098722457886,0.10605480521917343,0.0,0.0033451899653300643,82
SLAKE_STAGE2_BANK16,104,F2,0.011264628730714321,0.03349170461297035,52.487870931625366,0.09968148171901703,0.0,0.003669585450552404,83
SLAKE_STAGE2_BANK16,104,F2,0.00792622659355402,0.1579909324645996,53.15322136878967,0.06223705783486366,0.0,0.0028415591223165393,84
SLAKE_STAGE2_BANK16,104,F2,0.007826044224202633,0.15807434916496277,53.817562103271484,0.06001798436045647,0.0,0.0032885329565033317,85
SLAKE_STAGE2_BANK16,104,F2,0.010545710101723671,0.033293288201093674,54.46045541763306,0.0940692201256752,0.0,0.0031121056526899338,86
SLAKE_STAGE2_BANK16,104,F2,0.01030699536204338,0.01959853246808052,55.12753438949585,0.09053773432970047,0.0,0.0034407032653689384,87
SLAKE_STAGE2_BANK16,104,F2,0.007530787028372288,0.6122134327888489,55.78280830383301,0.06993816792964935,0.0,0.0026846994878724217,88
SLAKE_STAGE2_BANK16,104,F2,0.0074684033170342445,0.01951586827635765,56.45111083984375,0.05624321848154068,0.0,0.0031369010685011744,89
SLAKE_STAGE2_BANK16,104,F2,0.009684497490525246,0.03291326388716698,57.106931924819946,0.08504898846149445,0.0,0.0029634921811521053,90
SLAKE_STAGE2_BANK16,104,F2,0.009467166848480701,0.1564994901418686,57.749523401260376,0.08257266879081726,0.0,0.0033185273641720414,91
SLAKE_STAGE2_BANK16,104,F2,0.007133317645639181,0.611311674118042,58.378403425216675,0.06752189993858337,0.0,0.0025959821650758386,92
SLAKE_STAGE2_BANK16,104,F2,0.009063941426575184,0.1560564935207367,59.026005268096924,0.07902364432811737,0.0,0.003044913988560438,93
SLAKE_STAGE2_BANK16,104,F2,0.006895516999065876,0.019354477524757385,59.691807985305786,0.05196918919682503,0.0,0.002921554376371205,94
SLAKE_STAGE2_BANK16,104,F2,0.006829613354057074,0.032660435885190964,60.37638759613037,0.05141138657927513,0.0,0.003256022115238011,95
SLAKE_STAGE2_BANK16,104,F2,0.008474442176520824,0.6098259091377258,61.039589643478394,0.08040981739759445,0.0,0.002558861393481493,96
SLAKE_STAGE2_BANK16,104,F2,0.006573913153260946,0.6097640991210938,61.70324087142944,0.061285339295864105,0.0,0.0030232900753617287,97
SLAKE_STAGE2_BANK16,104,F2,0.008109094575047493,0.01928798295557499,62.353315114974976,0.06880751252174377,0.0,0.0028496457962319255,98
SLAKE_STAGE2_BANK16,104,F2,0.007963154464960098,0.1544615626335144,63.023247718811035,0.06775100529193878,0.0,0.0032157946843653917,99
SLAKE_STAGE2_BANK16,104,F2,0.00627461913973093,0.03279213607311249,63.68292713165283,0.04856446012854576,0.0,0.0025230642640963197,100
SLAKE_STAGE2_BANK16,104,F2,0.006169597152620554,0.6067237854003906,64.36946392059326,0.05856442451477051,0.0,0.0030125186312943697,101
SLAKE_STAGE2_BANK16,104,F2,0.00748016219586134,0.01918862573802471,65.0168776512146,0.06294859945774078,0.0,0.0028288931353017688,102
SLAKE_STAGE2_BANK16,104,F2,0.0073570371605455875,0.15288829803466797,65.68146896362305,0.06263916194438934,0.0,0.0031741823768243194,103
SLAKE_STAGE2_BANK16,104,F2,0.005897770635783672,0.032397788017988205,66.35034441947937,0.04556127265095711,0.0,0.0025038731982931495,104
SLAKE_STAGE2_BANK16,104,F2,0.00583315547555685,0.019085697829723358,67.00683212280273,0.04487566277384758,0.0,0.002956973621621728,105
SLAKE_STAGE2_BANK16,104,F2,0.006920803338289261,0.6022557020187378,67.67259192466736,0.06497849524021149,0.0,0.0027812279295176268,106
SLAKE_STAGE2_BANK16,104,F2,0.006840553134679794,0.1515612006187439,68.34869599342346,0.05844787880778313,0.0,0.0031526159727945924,107
SLAKE_STAGE2_BANK16,104,F2,0.005570277571678162,0.03211124613881111,69.00905251502991,0.0429656021296978,0.0,0.0024454365484416485,108
SLAKE_STAGE2_BANK16,104,F2,0.006583432666957378,0.15102288126945496,69.68264555931091,0.05572231113910675,0.0,0.0029201919678598642,109
SLAKE_STAGE2_BANK16,104,F2,0.005423621740192175,0.6000307202339172,70.34250783920288,0.054582346230745316,0.0,0.002725200494751334,110
SLAKE_STAGE2_BANK16,104,F2,0.00536051532253623,0.0320618711411953,70.99513506889343,0.04340968653559685,0.0,0.0030895291129127145,111
SLAKE_STAGE2_BANK16,104,F2,0.006253118626773357,0.0188838392496109,71.65480375289917,0.05239396169781685,0.0,0.002389953297097236,112
SLAKE_STAGE2_BANK16,104,F2,0.005222180392593145,0.018856151029467583,72.30995965003967,0.041244540363550186,0.0,0.002839787630364299,113
SLAKE_STAGE2_BANK16,104,F2,0.006066338159143925,0.5954462885856628,72.95475244522095,0.058848414570093155,0.0,0.002685650368221104,114
SLAKE_STAGE2_BANK16,104,F2,0.005085006821900606,0.14926403760910034,73.5815007686615,0.04341563209891319,0.0,0.003001651493832469,115
SLAKE_STAGE2_BANK16,104,F2,0.005908094346523285,0.03162467107176781,74.19465446472168,0.049487676471471786,0.0,0.002305550151504576,116
SLAKE_STAGE2_BANK16,104,F2,0.004958104342222214,0.5926018953323364,74.7970564365387,0.051619917154312134,0.0,0.0027723738458007574,117
SLAKE_STAGE2_BANK16,104,F2,0.005726243834942579,0.018600191920995712,75.42540335655212,0.04881700500845909,0.0,0.0025822093011811376,118
SLAKE_STAGE2_BANK16,104,F2,0.005651191808283329,0.031623393297195435,76.04797387123108,0.04897322878241539,0.0,0.002903561107814312,119
SLAKE_STAGE2_BANK16,104,F2,0.004792316816747189,0.14763447642326355,76.67206621170044,0.03956993669271469,0.0,0.0022370326914824545,120
SLAKE_STAGE2_BANK16,104,F2,0.00548362173140049,0.018460232764482498,77.32993173599243,0.04669695720076561,0.0,0.002705491497181356,121
SLAKE_STAGE2_BANK16,104,F2,0.00468458840623498,0.5881147384643555,77.9486837387085,0.05062786489725113,0.0,0.0024871228961274028,122
SLAKE_STAGE2_BANK16,104,F2,0.0046549467369914055,0.0312182754278183,78.5740122795105,0.03934631869196892,0.0,0.0028289505280554295,123
SLAKE_STAGE2_BANK16,104,F2,0.005289792083203793,0.14671637117862701,79.1993362903595,0.045483533293008804,0.0,0.0021584813948720694,124
SLAKE_STAGE2_BANK16,104,F2,0.004534228704869747,0.018302228301763535,79.81719088554382,0.03715349733829498,0.0,0.002602112013846636,125
SLAKE_STAGE2_BANK16,104,F2,0.005168313626199961,0.5837007761001587,80.43483304977417,0.05286175385117531,0.0,0.002394289127551019,126
SLAKE_STAGE2_BANK16,104,F2,0.0050995973870158195,0.031003687530755997,81.05089163780212,0.04505051299929619,0.0,0.002714721951633692,127
SLAKE_STAGE2_BANK16,104,F2,0.004413344897329807,0.14528366923332214,81.67726230621338,0.03677906468510628,0.0,0.002076363016385585,128
SLAKE_STAGE2_BANK16,104,F2,0.004373600240796804,0.030860446393489838,82.29412961006165,0.035980287939310074,0.0,0.002517811837606132,129
SLAKE_STAGE2_BANK16,104,F2,0.004916594363749027,0.018111255019903183,82.91118431091309,0.042247381061315536,0.0,0.002295449608936906,130
SLAKE_STAGE2_BANK16,104,F2,0.004280011169612408,0.1445242017507553,83.55510997772217,0.0382954366505146,0.0,0.0026017907075583935,131
SLAKE_STAGE2_BANK16,104,F2,0.004808079916983843,0.5784472823143005,84.17746233940125,0.05070827901363373,0.0,0.0019843424088321626,132
SLAKE_STAGE2_BANK16,104,F2,0.004770181607455015,0.5769377946853638,84.79978036880493,0.04970354214310646,0.0,0.00240592856425792,133
SLAKE_STAGE2_BANK16,104,F2,0.004159401170909405,0.030609354376792908,85.42372393608093,0.03394396975636482,0.0,0.0021895619574934244,134
SLAKE_STAGE2_BANK16,104,F2,0.0041182441636919975,0.1431005895137787,86.05822944641113,0.037073563784360886,0.0,0.0025121624348685145,135
SLAKE_STAGE2_BANK16,104,F2,0.004613432101905346,0.017811357975006104,86.67510914802551,0.038988180458545685,0.0,0.0018979120068252087,136
SLAKE_STAGE2_BANK16,104,F2,0.004573028534650803,0.03025587648153305,87.29976725578308,0.039571166038513184,0.0,0.0023063381668180227,137
SLAKE_STAGE2_BANK16,104,F2,0.004004103131592274,0.5718746781349182,87.93234205245972,0.04676729068160057,0.0,0.0021109338849782944,138
SLAKE_STAGE2_BANK16,104,F2,0.0044760024175047874,0.14176911115646362,88.53073954582214,0.040914494544267654,0.0,0.0023982562124729156,139
SLAKE_STAGE2_BANK16,104,F2,0.003948579076677561,0.017657194286584854,89.1311674118042,0.031582895666360855,0.0,0.0018254314782097936,140
SLAKE_STAGE2_BANK16,104,F2,0.0043765041045844555,0.017624925822019577,89.7672655582428,0.03806881979107857,0.0,0.0022425472270697355,141
SLAKE_STAGE2_BANK16,104,F2,0.0038702022284269333,0.02985512465238571,90.37353134155273,0.03160960599780083,0.0,0.002019614039454609,142
SLAKE_STAGE2_BANK16,104,F2,0.004290503915399313,0.14073382318019867,90.99409461021423,0.03935164958238602,0.0,0.00229523831512779,143
SLAKE_STAGE2_BANK16,104,F2,0.0038085919804871082,0.5659382939338684,91.59907937049866,0.04621903970837593,0.0,0.0017533890786580741,144
SLAKE_STAGE2_BANK16,104,F2,0.0037699327804148197,0.14001163840293884,92.22390723228455,0.03256668895483017,0.0,0.0021396870724856853,145
SLAKE_STAGE2_BANK16,104,F2,0.004169139079749584,0.563736081123352,92.86235046386719,0.04651116579771042,0.0,0.0019279391854070127,146
SLAKE_STAGE2_BANK16,104,F2,0.004112911876291037,0.017403192818164825,93.52072763442993,0.03693166747689247,0.0,0.002201371011324227,147
SLAKE_STAGE2_BANK16,104,F2,0.0036865088623017073,0.02970552071928978,94.1846444606781,0.02987332083284855,0.0,0.001674110535532236,148
SLAKE_STAGE2_BANK16,104,F2,0.0036581293679773808,0.029500877484679222,94.84223628044128,0.030221151188015938,0.0,0.002058661193586886,149
SLAKE_STAGE2_BANK16,104,F2,0.0039981394074857235,0.5586571097373962,95.50008916854858,0.04543608799576759,0.0,0.0018548278021626174,150
SLAKE_STAGE2_BANK16,104,F2,0.003587232204154134,0.13834264874458313,96.18723249435425,0.032405804842710495,0.0,0.002114837698172778,151
SLAKE_STAGE2_BANK16,104,F2,0.003943908028304577,0.017251446843147278,96.84724760055542,0.03371932730078697,0.0,0.001611855230294168,152
SLAKE_STAGE2_BANK16,104,F2,0.0035070087760686874,0.01724904775619507,97.51753330230713,0.029094597324728966,0.0,0.0019944789819419384,153
SLAKE_STAGE2_BANK16,104,F2,0.0038542416878044605,0.5542302131652832,98.1785204410553,0.04457543417811394,0.0,0.001764733053278178,154
SLAKE_STAGE2_BANK16,104,F2,0.003827780019491911,0.13671156764030457,98.84350776672363,0.035471294075250626,0.0,0.002038388338405639,155
SLAKE_STAGE2_BANK16,104,F2,0.0034296512603759766,0.028906384482979774,99.48027014732361,0.027916040271520615,0.0,0.001548202650155872,156
SLAKE_STAGE2_BANK16,104,F2,0.0034101386554539204,0.028727974742650986,100.10095191001892,0.02830609306693077,0.0,0.0019163608085364103,157
SLAKE_STAGE2_BANK16,104,F2,0.003732922952622175,0.5491011142730713,100.72475600242615,0.0437682680785656,0.0,0.0017176741384901106,158
SLAKE_STAGE2_BANK16,104,F2,0.0036773812025785446,0.017005348578095436,101.34208011627197,0.03314999118447304,0.0,0.001962559123057872,159
SLAKE_STAGE2_BANK16,104,F2,0.0033204606734216213,0.13557004928588867,101.96695613861084,0.02909230627119541,0.0,0.0014793373411521316,160
SLAKE_STAGE2_BANK16,105,F0,0.0,0.0,0.5012640953063965,0.00039252155693247914,0.0,7.593219197588041e-05,1
SLAKE_STAGE2_BANK16,105,F0,0.0,0.0,0.8422868251800537,0.00022311738575808704,0.0,5.1824339607264847e-05,2
SLAKE_STAGE2_BANK16,105,F0,0.0,0.0,1.189690113067627,0.00025127644767053425,0.0,5.568340566242114e-05,3
SLAKE_STAGE2_BANK16,105,F0,0.0,0.0,1.532318115234375,0.00021400139667093754,0.0,5.462562148750294e-05,4
SLAKE_STAGE2_BANK16,105,F0,0.0,0.0,1.7461049556732178,0.00029952285694889724,0.0,6.717132237099577e-05,5
SLAKE_STAGE2_BANK16,105,F0,0.0,0.0,1.9648640155792236,0.00020173002849332988,0.0,4.8754980525700375e-05,6
SLAKE_STAGE2_BANK16,105,F0,0.0,0.0,2.1897776126861572,0.00023204083845485002,0.0,5.2643876188085414e-05,7
SLAKE_STAGE2_BANK16,105,F0,0.0,0.0,2.408747673034668,0.00020842658705078065,0.0,5.213738222664688e-05,8
SLAKE_STAGE2_BANK16,105,F0,0.0,0.0,2.6341755390167236,0.0002888471935875714,0.0,6.460864096879959e-05,9
SLAKE_STAGE2_BANK16,105,F0,0.0,0.0,2.8525967597961426,0.0001932617014972493,0.0,4.6967019443400204e-05,10
SLAKE_STAGE2_BANK16,105,F0,0.0,0.0,3.0689918994903564,0.00021219106565695256,0.0,5.084103031549603e-05,11
SLAKE_STAGE2_BANK16,105,F0,0.0,0.0,3.2905514240264893,0.00019238991080783308,0.0,5.094543121231254e-05,12
SLAKE_STAGE2_BANK16,105,F0,0.0,0.0,3.514267683029175,0.00028388111968524754,0.0,6.346140617097262e-05,13
SLAKE_STAGE2_BANK16,105,F0,0.0,0.0,3.7343215942382812,0.00018711590382736176,0.0,4.57303522125585e-05,14
SLAKE_STAGE2_BANK16,105,F0,0.0,0.0,3.9592783451080322,0.0002058851096080616,0.0,4.966396954841912e-05,15
SLAKE_STAGE2_BANK16,105,F0,0.0,0.0,4.177666902542114,0.00018907182675320655,0.0,4.994716255168896e-05,16
SLAKE_STAGE2_BANK16,105,F0,0.0,0.0,4.403223514556885,0.00030234275618568063,0.0,6.243334973987658e-05,17
SLAKE_STAGE2_BANK16,105,F0,0.0,0.0,4.627537488937378,0.00018918010755442083,0.0,4.483636985241901e-05,18
SLAKE_STAGE2_BANK16,105,F0,0.0,0.0,4.847965717315674,0.00020769024558831006,0.0,4.897859616903588e-05,19
SLAKE_STAGE2_BANK16,105,F0,0.0,0.0,5.070523262023926,0.00019212218467146158,0.0,4.929158603772521e-05,20
SLAKE_STAGE2_BANK16,105,F0,0.0,0.0,5.306863784790039,0.0002771892468445003,0.0,6.142021629784722e-05,21
SLAKE_STAGE2_BANK16,105,F0,0.0,0.0,5.525896310806274,0.00017877882055472583,0.0,4.437448478711303e-05,22
SLAKE_STAGE2_BANK16,105,F0,0.0,0.0,5.742318868637085,0.00019791476370301098,0.0,4.8695530495024286e-05,23
SLAKE_STAGE2_BANK16,105,F0,0.0,0.0,5.967600107192993,0.00018288589490111917,0.0,4.9008513087756e-05,24
SLAKE_STAGE2_BANK16,105,F0,0.0,0.0,6.195266485214233,0.0002757648762781173,0.0,6.118186138337478e-05,25
SLAKE_STAGE2_BANK16,105,F0,0.0,0.0,6.414811134338379,0.00017599920101929456,0.0,4.428511601872742e-05,26
SLAKE_STAGE2_BANK16,105,F0,0.0,0.0,6.63062596321106,0.00020002276869490743,0.0,4.920217725157272e-05,27
SLAKE_STAGE2_BANK16,105,F0,0.0,0.0,6.849043607711792,0.00019055530719924718,0.0,4.932146293867845e-05,28
SLAKE_STAGE2_BANK16,105,F0,0.0,0.0,7.068301200866699,0.00027374186902306974,0.0,6.118190867709927e-05,29
SLAKE_STAGE2_BANK16,105,F0,0.0,0.0,7.294177293777466,0.00018005957826972008,0.0,4.4761956814909354e-05,30
SLAKE_STAGE2_BANK16,105,F0,0.0,0.0,7.5080647468566895,0.00021142879268154502,0.0,4.988761793356389e-05,31
SLAKE_STAGE2_BANK16,105,F0,0.0,0.0,7.727545976638794,0.0001930992293637246,0.0,5.014100497646723e-05,32
SLAKE_STAGE2_BANK16,105,F0,0.0,0.0,7.94681453704834,0.0002654692798387259,0.0,6.15544558968395e-05,33
SLAKE_STAGE2_BANK16,105,F0,0.0,0.0,8.172717332839966,0.0001817539450712502,0.0,4.544739567791112e-05,34
SLAKE_STAGE2_BANK16,105,F0,0.0,0.0,8.394681930541992,0.00021253424347378314,0.0,5.128825796418823e-05,35
SLAKE_STAGE2_BANK16,105,F0,0.0,0.0,8.609368562698364,0.0001874554727692157,0.0,5.116914871905465e-05,36
SLAKE_STAGE2_BANK16,105,F0,0.0,0.0,8.82852292060852,0.00029078320949338377,0.0,6.286568896030076e-05,37
SLAKE_STAGE2_BANK16,105,F0,0.0,0.0,9.04570198059082,0.00017745404329616576,0.0,4.649044058169238e-05,38
SLAKE_STAGE2_BANK16,105,F0,0.0,0.0,9.27390170097351,0.00020781140483450145,0.0,5.253989729681052e-05,39
SLAKE_STAGE2_BANK16,105,F0,0.0,0.0,9.495393514633179,0.00018892227672040462,0.0,5.225688437349163e-05,40
SLAKE_STAGE2_BANK16,105,F0,0.0,0.0,9.727804899215698,0.00027099758153781295,0.0,6.367032256093808e-05,41
SLAKE_STAGE2_BANK16,105,F0,0.0,0.0,9.941619634628296,0.00018203380750492215,0.0,4.756328235089313e-05,42
SLAKE_STAGE2_BANK16,105,F0,0.0,0.0,10.16276478767395,0.00021128638763912022,0.0,5.401502494351007e-05,43
SLAKE_STAGE2_BANK16,105,F0,0.0,0.0,10.379856586456299,0.0001879436313174665,0.0,5.3597919759340584e-05,44
SLAKE_STAGE2_BANK16,105,F0,0.0,0.0,10.598633766174316,0.00030006017186678946,0.0,6.478785689978395e-05,45
SLAKE_STAGE2_BANK16,105,F0,0.0,0.0,10.819006443023682,0.00018922920571640134,0.0,4.917253681924194e-05,46
SLAKE_STAGE2_BANK16,105,F0,0.0,0.0,11.037776708602905,0.0002173276006942615,0.0,5.601166412816383e-05,47
SLAKE_STAGE2_BANK16,105,F0,0.0,0.0,11.263381719589233,0.000199775182409212,0.0,5.543066617974546e-05,48
SLAKE_STAGE2_BANK16,105,F0,0.0,0.0,11.478073358535767,0.00029981014085933566,0.0,6.638218837906606e-05,49
SLAKE_STAGE2_BANK16,105,F0,0.0,0.0,11.696998357772827,0.00019167808932252228,0.0,5.06774740642868e-05,50
SLAKE_STAGE2_BANK16,105,F0,0.0,0.0,11.9196617603302,0.0002217241417383775,0.0,5.8336092479294166e-05,51
SLAKE_STAGE2_BANK16,105,F0,0.0,0.0,12.132328510284424,0.0001990984019357711,0.0,5.7352808653376997e-05,52
SLAKE_STAGE2_BANK16,105,F0,0.0,0.0,12.354424953460693,0.00030141390743665397,0.0,6.864701208542101e-05,53
SLAKE_STAGE2_BANK16,105,F0,0.0,0.0,12.57368803024292,0.00020312714332249016,0.0,5.295722803566605e-05,54
SLAKE_STAGE2_BANK16,105,F0,0.0,0.0,12.79891037940979,0.00023222061281558126,0.0,6.115220821811818e-05,55
SLAKE_STAGE2_BANK16,105,F0,0.0,0.0,13.0205819606781,0.00019255661754868925,0.0,6.000504799885675e-05,56
SLAKE_STAGE2_BANK16,105,F0,0.0,0.0,13.237341165542603,0.0003497146535664797,0.0,7.180580360000022e-05,57
SLAKE_STAGE2_BANK16,105,F0,0.0,0.0,13.455868244171143,0.00021475441462825984,0.0,5.531148053705692e-05,58
SLAKE_STAGE2_BANK16,105,F0,0.0,0.0,13.67513108253479,0.0002487370220478624,0.0,6.334252611850388e-05,59
SLAKE_STAGE2_BANK16,105,F0,0.0,0.0,13.901677131652832,0.00020197061530780047,0.0,6.13907577644568e-05,60
SLAKE_STAGE2_BANK16,105,F0,0.0,0.0,14.133015632629395,0.0003767014713957906,0.0,7.36235742806457e-05,61
SLAKE_STAGE2_BANK16,105,F0,0.0,0.0,14.347654104232788,0.00021839630790054798,0.0,5.6488588597858325e-05,62
SLAKE_STAGE2_BANK16,105,F0,0.0,0.0,14.56749176979065,0.00024302465317305177,0.0,6.44004248897545e-05,63
SLAKE_STAGE2_BANK16,105,F0,0.0,0.0,14.791126012802124,0.0001990357122849673,0.0,6.261255839490332e-05,64
SLAKE_STAGE2_BANK16,105,F0,0.0,0.0,15.01138162612915,0.00035285670310258865,0.0,7.44877615943551e-05,65
SLAKE_STAGE2_BANK16,105,F0,0.0,0.0,15.235406398773193,0.0002144236204912886,0.0,5.7352786825504154e-05,66
SLAKE_STAGE2_BANK16,105,F0,0.0,0.0,15.451254844665527,0.0002338807244086638,0.0,6.46984153718222e-05,67
SLAKE_STAGE2_BANK16,105,F0,0.0,0.0,15.672616243362427,0.00019531912403181195,0.0,6.313405174296349e-05,68
SLAKE_STAGE2_BANK16,105,F0,0.0,0.0,15.893419981002808,0.0003466977796051651,0.0,7.506885594921187e-05,69
SLAKE_STAGE2_BANK16,105,F0,0.0,0.0,16.113853931427002,0.0002104115264955908,0.0,5.817227611260023e-05,70
SLAKE_STAGE2_BANK16,105,F0,0.0,0.0,16.329792737960815,0.00023050818708725274,0.0,6.529442543978803e-05,71
SLAKE_STAGE2_BANK16,105,F0,0.0,0.0,16.54848003387451,0.00020720211614388973,0.0,6.393865260179155e-05,72
SLAKE_STAGE2_BANK16,105,F0,0.0,0.0,16.769926071166992,0.0003393023507669568,0.0,7.575425115646794e-05,73
SLAKE_STAGE2_BANK16,105,F0,0.0,0.0,16.99253511428833,0.00021820227266289294,0.0,5.9751688240794465e-05,74
SLAKE_STAGE2_BANK16,105,F0,0.0,0.0,17.212120294570923,0.0002427822764730081,0.0,6.703771578031592e-05,75
SLAKE_STAGE2_BANK16,105,F0,0.0,0.0,17.43814730644226,0.00020929811580572277,0.0,6.556274820468388e-05,76
SLAKE_STAGE2_BANK16,105,F0,0.0,0.0,17.65770697593689,0.00035838515032082796,0.0,7.751245721010491e-05,77
SLAKE_STAGE2_BANK16,105,F0,0.0,0.0,17.883615970611572,0.00022804390755482018,0.0,6.145030056359246e-05,78
SLAKE_STAGE2_BANK16,105,F0,0.0,0.0,18.10184359550476,0.0002473497297614813,0.0,6.846810720162466e-05,79
SLAKE_STAGE2_BANK16,105,F0,0.0,0.0,18.327775955200195,0.00022057353635318577,0.0,6.721666068187915e-05,80
SLAKE_STAGE2_BANK16,105,F0,0.0,0.0,18.568584203720093,0.0003617750480771065,0.0,7.910673957667314e-05,81
SLAKE_STAGE2_BANK16,105,F0,0.0,0.0,18.78427791595459,0.00022094586165621877,0.0,6.294031845754944e-05,82
SLAKE_STAGE2_BANK16,105,F0,0.0,0.0,19.004589080810547,0.00026016810443252325,0.0,6.982398917898536e-05,83
SLAKE_STAGE2_BANK16,105,F0,0.0,0.0,19.22350001335144,0.000226472009671852,0.0,6.735075658070855e-05,84
SLAKE_STAGE2_BANK16,105,F0,0.0,0.0,19.449166297912598,0.00031682607368566096,0.0,7.907693725428544e-05,85
SLAKE_STAGE2_BANK16,105,F0,0.0,0.0,19.668538570404053,0.0002148480707546696,0.0,6.3521416450385e-05,86
SLAKE_STAGE2_BANK16,105,F0,0.0,0.0,19.893389463424683,0.0002465075522195548,0.0,7.062857912387699e-05,87
SLAKE_STAGE2_BANK16,105,F0,0.0,0.0,20.113882064819336,0.0002325137611478567,0.0,6.857255357317626e-05,88
SLAKE_STAGE2_BANK16,105,F0,0.0,0.0,20.334651231765747,0.0003450992808211595,0.0,7.97027169028297e-05,89
SLAKE_STAGE2_BANK16,105,F0,0.0,0.0,20.561028242111206,0.00020811750437133014,0.0,6.420680983865168e-05,90
SLAKE_STAGE2_BANK16,105,F0,0.0,0.0,20.78226351737976,0.0002476149529684335,0.0,7.115006155800074e-05,91
SLAKE_STAGE2_BANK16,105,F0,0.0,0.0,21.006189584732056,0.0002301034255651757,0.0,6.91089517204091e-05,92
SLAKE_STAGE2_BANK16,105,F0,0.0,0.0,21.22588562965393,0.00031457224395126104,0.0,7.937492046039551e-05,93
SLAKE_STAGE2_BANK16,105,F0,0.0,0.0,21.450681686401367,0.00020966422744095325,0.0,6.429621134884655e-05,94
SLAKE_STAGE2_BANK16,105,F0,0.0,0.0,21.667702198028564,0.0002546104078646749,0.0,7.109045691322535e-05,95
SLAKE_STAGE2_BANK16,105,F0,0.0,0.0,21.894187450408936,0.00022945929958950728,0.0,6.845334064564668e-05,96
SLAKE_STAGE2_BANK16,105,F0,0.0,0.0,22.118245601654053,0.00028678542003035545,0.0,7.789982191752642e-05,97
SLAKE_STAGE2_BANK16,105,F0,0.0,0.0,22.331692934036255,0.00020152491924818605,0.0,6.349159230012447e-05,98
SLAKE_STAGE2_BANK16,105,F0,0.0,0.0,22.552350282669067,0.00024102331371977925,0.0,6.973456765990704e-05,99
SLAKE_STAGE2_BANK16,105,F0,0.0,0.0,22.768665313720703,0.00021789513994008303,0.0,6.700803714920767e-05,100
SLAKE_STAGE2_BANK16,105,F0,0.0,0.0,22.997040033340454,0.0002810930018313229,0.0,7.676742097828537e-05,101
SLAKE_STAGE2_BANK16,105,F0,0.0,0.0,23.219475030899048,0.00020237735589034855,0.0,6.274658881011419e-05,102
SLAKE_STAGE2_BANK16,105,F0,0.0,0.0,23.43608546257019,0.00023626317852176726,0.0,6.888527423143387e-05,103
SLAKE_STAGE2_BANK16,105,F0,0.0,0.0,23.65373206138611,0.00022176041966304183,0.0,6.687394488835707e-05,104
SLAKE_STAGE2_BANK16,105,F0,0.0,0.0,23.869500637054443,0.0002869743329938501,0.0,7.611183900735341e-05,105
SLAKE_STAGE2_BANK16,105,F0,0.0,0.0,24.08764958381653,0.00020561841665767133,0.0,6.267208664212376e-05,106
SLAKE_STAGE2_BANK16,105,F0,0.0,0.0,24.303234815597534,0.00023866650008130819,0.0,6.918326835148036e-05,107
SLAKE_STAGE2_BANK16,105,F0,0.0,0.0,24.522037029266357,0.00022103659284766763,0.0,6.703784310957417e-05,108
SLAKE_STAGE2_BANK16,105,F0,0.0,0.0,24.73748779296875,0.00026339798932895064,0.0,7.575425115646794e-05,109
SLAKE_STAGE2_BANK16,105,F0,0.0,0.0,24.957056045532227,0.00020634138491004705,0.0,6.352139644150157e-05,110
SLAKE_STAGE2_BANK16,105,F0,0.0,0.0,25.172030687332153,0.0002427712024655193,0.0,7.013686990831047e-05,111
SLAKE_STAGE2_BANK16,105,F0,0.0,0.0,25.391350030899048,0.00023267879441846162,0.0,6.848316115792841e-05,112
SLAKE_STAGE2_BANK16,105,F0,0.0,0.0,25.610522508621216,0.0002755591704044491,0.0,7.696113607380539e-05,113
SLAKE_STAGE2_BANK16,105,F0,0.0,0.0,25.836950302124023,0.0002198899892391637,0.0,6.487731116067152e-05,114
SLAKE_STAGE2_BANK16,105,F0,0.0,0.0,26.059319257736206,0.0002524599840398878,0.0,7.211857155198231e-05,115
SLAKE_STAGE2_BANK16,105,F0,0.0,0.0,26.280730485916138,0.0002393012255197391,0.0,6.991356713115238e-05,116
SLAKE_STAGE2_BANK16,105,F0,0.0,0.0,26.50166416168213,0.00030830991454422474,0.0,7.888320760685019e-05,117
SLAKE_STAGE2_BANK16,105,F0,0.0,0.0,26.726579904556274,0.00023406872060149908,0.0,6.648650560237002e-05,118
SLAKE_STAGE2_BANK16,105,F0,0.0,0.0,26.947339296340942,0.0002703895152080804,0.0,7.377245492534712e-05,119
SLAKE_STAGE2_BANK16,105,F0,0.0,0.0,27.165950775146484,0.0002587510971352458,0.0,7.182075569289736e-05,120
SLAKE_STAGE2_BANK16,105,F0,0.0,0.0,27.394890308380127,0.0003145931987091899,0.0,8.009004159248434e-05,121
SLAKE_STAGE2_BANK16,105,F0,0.0,0.0,27.62080454826355,0.0002239045425085351,0.0,6.72761943860678e-05,122
SLAKE_STAGE2_BANK16,105,F0,0.0,0.0,27.846665143966675,0.0002718907198868692,0.0,7.539650687249377e-05,123
SLAKE_STAGE2_BANK16,105,F0,0.0,0.0,28.068673849105835,0.00025340812862850726,0.0,7.249124610098079e-05,124
SLAKE_STAGE2_BANK16,105,F0,0.0,0.0,28.28975248336792,0.00031310596386902034,0.0,8.11925419839099e-05,125
SLAKE_STAGE2_BANK16,105,F0,0.0,0.0,28.51432490348816,0.0002353558229515329,0.0,6.825956370448694e-05,126
SLAKE_STAGE2_BANK16,105,F0,0.0,0.0,28.732258796691895,0.0002879647654481232,0.0,7.627558443346061e-05,127
SLAKE_STAGE2_BANK16,105,F0,0.0,0.0,28.95709776878357,0.0002574854006525129,0.0,7.375771383522078e-05,128
SLAKE_STAGE2_BANK16,105,F0,0.0,0.0,29.179348945617676,0.00032843273947946727,0.0,8.196728231268935e-05,129
SLAKE_STAGE2_BANK16,105,F0,0.0,0.0,29.40148425102234,0.00022898947645444423,0.0,6.910883166710846e-05,130
SLAKE_STAGE2_BANK16,105,F0,0.0,0.0,29.626676559448242,0.0002802257367875427,0.0,7.730364814051427e-05,131
SLAKE_STAGE2_BANK16,105,F0,0.0,0.0,29.847786903381348,0.0002563304442446679,0.0,7.407060184050351e-05,132
SLAKE_STAGE2_BANK16,105,F0,0.0,0.0,30.06977152824402,0.0003350364277139306,0.0,8.184804755728692e-05,133
SLAKE_STAGE2_BANK16,105,F0,0.0,0.0,30.285549640655518,0.0002227577060693875,0.0,6.891511657158844e-05,134
SLAKE_STAGE2_BANK16,105,F0,0.0,0.0,30.50492525100708,0.00027183888596482575,0.0,7.676723907934502e-05,135
SLAKE_STAGE2_BANK16,105,F0,0.0,0.0,30.728322505950928,0.00024404711439274251,0.0,7.386199649772607e-05,136
SLAKE_STAGE2_BANK16,105,F0,0.0,0.0,30.948627471923828,0.0003127067757304758,0.0,8.113285002764314e-05,137
SLAKE_STAGE2_BANK16,105,F0,0.0,0.0,31.165839195251465,0.000224095128942281,0.0,6.825950549682602e-05,138
SLAKE_STAGE2_BANK16,105,F0,0.0,0.0,31.394124269485474,0.0002848166914191097,0.0,7.652882413822226e-05,139
SLAKE_STAGE2_BANK16,105,F0,0.0,0.0,31.611477375030518,0.0002459428505972028,0.0,7.331068263738416e-05,140
SLAKE_STAGE2_BANK16,105,F0,0.0,0.0,31.860026359558105,0.0003419145941734314,0.0,8.086464004009031e-05,141
SLAKE_STAGE2_BANK16,105,F0,0.0,0.0,32.08062720298767,0.00022588267165701836,0.0,6.863199087092653e-05,142
SLAKE_STAGE2_BANK16,105,F0,0.0,0.0,32.3004195690155,0.00029458856442943215,0.0,7.764628389850259e-05,143
SLAKE_STAGE2_BANK16,105,F0,0.0,0.0,32.52037072181702,0.0002485679287929088,0.0,7.465167800546624e-05,144
SLAKE_STAGE2_BANK16,105,F0,0.0,0.0,32.73770618438721,0.00038686569314450026,0.0,8.318897744175047e-05,145
SLAKE_STAGE2_BANK16,105,F0,0.0,0.0,32.95403289794922,0.00022750796051695943,0.0,7.019646909611765e-05,146
SLAKE_STAGE2_BANK16,105,F0,0.0,0.0,33.18006229400635,0.0002943270665127784,0.0,7.922563963802531e-05,147
SLAKE_STAGE2_BANK16,105,F0,0.0,0.0,33.406962871551514,0.00025282433489337564,0.0,7.584365448565222e-05,148
SLAKE_STAGE2_BANK16,105,F0,0.0,0.0,33.62481617927551,0.00035723799373954535,0.0,8.350189455086365e-05,149
SLAKE_STAGE2_BANK16,105,F0,0.0,0.0,33.85137915611267,0.00023587494797538966,0.0,7.077756163198501e-05,150
SLAKE_STAGE2_BANK16,105,F0,0.0,0.0,34.07245659828186,0.00028646469581872225,0.0,8.006000643945299e-05,151
SLAKE_STAGE2_BANK16,105,F0,0.0,0.0,34.296088457107544,0.0002609489019960165,0.0,7.643964272574522e-05,152
SLAKE_STAGE2_BANK16,105,F0,0.0,0.0,34.51150727272034,0.00034860181040130556,0.0,8.38743981148582e-05,153
SLAKE_STAGE2_BANK16,105,F0,0.0,0.0,34.73336672782898,0.00023611538927070796,0.0,7.168646152422298e-05,154
SLAKE_STAGE2_BANK16,105,F0,0.0,0.0,34.95551347732544,0.0002960347628686577,0.0,8.105829692794941e-05,155
SLAKE_STAGE2_BANK16,105,F0,0.0,0.0,35.173394203186035,0.00027241164934821427,0.0,7.797431680955924e-05,156
SLAKE_STAGE2_BANK16,105,F0,0.0,0.0,35.39548635482788,0.00040528978570364416,0.0,8.540907947462983e-05,157
SLAKE_STAGE2_BANK16,105,F0,0.0,0.0,35.61856412887573,0.00023323156347032636,0.0,7.28188497305382e-05,158
SLAKE_STAGE2_BANK16,105,F0,0.0,0.0,35.83485198020935,0.00030124615295790136,0.0,8.202679600799456e-05,159
SLAKE_STAGE2_BANK16,105,F0,0.0,0.0,36.05416440963745,0.0002722273056861013,0.0,7.90471131040249e-05,160
SLAKE_STAGE2_BANK16,105,F1,2.324270725250244,0.04598083347082138,0.8527534008026123,6.468698978424072,0.0,7.593219197588041e-05,1
SLAKE_STAGE2_BANK16,105,F1,2.2168233394622803,0.0025866348296403885,1.4270262718200684,6.527472496032715,0.0,5.56387567485217e-05,2
SLAKE_STAGE2_BANK16,105,F1,2.1069650650024414,0.1762150377035141,2.164585828781128,6.58428430557251,0.0,6.077916259528138e-05,3
SLAKE_STAGE2_BANK16,105,F1,1.9949681758880615,0.007880881428718567,2.7498698234558105,6.618796348571777,0.0,6.64261169731617e-05,4
SLAKE_STAGE2_BANK16,105,F1,1.884124517440796,0.007761361077427864,3.184920310974121,6.652289867401123,0.0,9.246930494555272e-05,5
SLAKE_STAGE2_BANK16,105,F1,1.7732362747192383,0.0025244182907044888,3.6189045906066895,6.672749996185303,0.0,6.732001929776743e-05,6
SLAKE_STAGE2_BANK16,105,F1,1.6637651920318604,0.02993004024028778,4.062356233596802,6.700371265411377,0.0,7.034456575638615e-05,7
SLAKE_STAGE2_BANK16,105,F1,1.5534875392913818,0.12941238284111023,4.49320387840271,6.725515365600586,0.0,8.656901627546176e-05,8
SLAKE_STAGE2_BANK16,105,F1,1.4391690492630005,0.007436662912368774,4.936669826507568,6.7416300773620605,0.0,0.0001369031633657869,9
SLAKE_STAGE2_BANK16,105,F1,1.3280160427093506,0.11223781853914261,5.370884656906128,6.775409698486328,0.0,9.27518995013088e-05,10
SLAKE_STAGE2_BANK16,105,F1,1.2160289287567139,0.002391159301623702,5.814839124679565,6.794188022613525,0.0,9.17986617423594e-05,11
SLAKE_STAGE2_BANK16,105,F1,1.1032438278198242,0.021358691155910492,6.25215744972229,6.8072004318237305,0.0,0.0001348627447441686,12
SLAKE_STAGE2_BANK16,105,F1,0.9908128976821899,0.08914227038621902,6.684606313705444,6.8149027824401855,0.0,0.00025416443531867117,13
SLAKE_STAGE2_BANK16,105,F1,0.8784347772598267,0.01900320313870907,7.130395412445068,6.796153545379639,0.0,0.0001549867847643327,14
SLAKE_STAGE2_BANK16,105,F1,0.7690598368644714,0.0023145247250795364,7.573920011520386,6.729595184326172,0.0,0.00013859047612641007,15
SLAKE_STAGE2_BANK16,105,F1,0.6577242612838745,0.006884531117975712,8.018512964248657,6.573702335357666,0.0,0.0002498893445590511,16
SLAKE_STAGE2_BANK16,105,F1,0.5554705262184143,0.0022665997967123985,8.488665103912354,6.298550128936768,0.0,0.000563761088415049,17
SLAKE_STAGE2_BANK16,105,F1,0.4545523524284363,0.006874993443489075,8.951442241668701,5.831724643707275,0.0,0.0003044955155928619,18
SLAKE_STAGE2_BANK16,105,F1,0.3615399897098541,0.015136565081775188,9.403204679489136,5.124939918518066,0.0,0.0002422176257823594,19
SLAKE_STAGE2_BANK16,105,F1,0.2860233187675476,0.04956146702170372,9.85368800163269,4.267124652862549,0.0,0.0005263579587335698,20
SLAKE_STAGE2_BANK16,105,F1,0.2231939285993576,0.006641660816967487,10.345553874969482,3.318882703781128,0.0,0.0013193776831030846,21
SLAKE_STAGE2_BANK16,105,F1,0.17757096886634827,0.04227738454937935,10.783188581466675,2.538426160812378,0.0,0.0006355191144393757,22
SLAKE_STAGE2_BANK16,105,F1,0.14227081835269928,0.013674832880496979,11.225128650665283,1.9486563205718994,0.0,0.00043461049790494144,23
SLAKE_STAGE2_BANK16,105,F1,0.11698919534683228,0.002193273976445198,11.672847747802734,1.583674430847168,0.0,0.0009657150512794033,24
SLAKE_STAGE2_BANK16,105,F1,0.09648553282022476,0.0021840811241418123,12.117653369903564,1.3393484354019165,0.0,0.002279096210259013,25
SLAKE_STAGE2_BANK16,105,F1,0.0800725668668747,0.03601188585162163,12.561917543411255,1.1064547300338745,0.0,0.0009200259082717821,26
SLAKE_STAGE2_BANK16,105,F1,0.06621923297643661,0.013325806707143784,12.993317604064941,0.9172576665878296,0.0,0.0005502429412445053,27
SLAKE_STAGE2_BANK16,105,F1,0.05495726317167282,0.0067147426307201385,13.419942855834961,0.7703267931938171,0.0,0.0010287025797879323,28
SLAKE_STAGE2_BANK16,105,F1,0.04534490033984184,0.03747770935297012,13.863599300384521,0.6499348878860474,0.0,0.0021545594063354656,29
SLAKE_STAGE2_BANK16,105,F1,0.03778249770402908,0.006793134845793247,14.309216499328613,0.5151904821395874,0.0,0.0007988419965840876,30
SLAKE_STAGE2_BANK16,105,F1,0.03137366473674774,0.002327481983229518,14.743847846984863,0.41486862301826477,0.0,0.0005123242881381884,31
SLAKE_STAGE2_BANK16,105,F1,0.026379894465208054,0.0140509819611907,15.17698621749878,0.3460957705974579,0.0,0.0008172558300429955,32
SLAKE_STAGE2_BANK16,105,F1,0.02250591292977333,0.04374454542994499,15.610854387283325,0.2985036075115204,0.0,0.001552074056235142,33
SLAKE_STAGE2_BANK16,105,F1,0.01935628429055214,0.002424124628305435,16.04845356941223,0.24094505608081818,0.0,0.0006274051411310211,34
SLAKE_STAGE2_BANK16,105,F1,0.01674364134669304,0.007121403235942125,16.482378005981445,0.1999717354774475,0.0,0.0004702572332462296,35
SLAKE_STAGE2_BANK16,105,F1,0.014656583778560162,0.014834381639957428,16.918805837631226,0.17110542953014374,0.0,0.0006592333520529792,36
SLAKE_STAGE2_BANK16,105,F1,0.013042261824011803,0.002523850416764617,17.3528835773468,0.15466417372226715,0.0,0.0011757430474972352,37
SLAKE_STAGE2_BANK16,105,F1,0.011625421233475208,0.007348631974309683,17.800078868865967,0.1275143027305603,0.0,0.0005423591064754874,38
SLAKE_STAGE2_BANK16,105,F1,0.01051339041441679,0.05779183283448219,18.237184047698975,0.1104443371295929,0.0,0.0004653471405617893,39
SLAKE_STAGE2_BANK16,105,F1,0.009591197595000267,0.01573389396071434,18.66653299331665,0.09886544942855835,0.0,0.0006052492972230539,40
SLAKE_STAGE2_BANK16,105,F1,0.00884110014885664,0.007495388388633728,19.12055492401123,0.09202057868242264,0.0,0.0009804149594856426,41
SLAKE_STAGE2_BANK16,105,F1,0.008185682818293571,0.06452919542789459,19.548351049423218,0.08069736510515213,0.0,0.0005131240759510547,42
SLAKE_STAGE2_BANK16,105,F1,0.007628252264112234,0.016181644052267075,19.9864182472229,0.07315738499164581,0.0,0.00047696327965240926,43
SLAKE_STAGE2_BANK16,105,F1,0.007181216962635517,0.002679800381883979,20.417866230010986,0.06755878776311874,0.0,0.0005887860024813563,44
SLAKE_STAGE2_BANK16,105,F1,0.006726219318807125,0.007622115779668093,20.82236075401306,0.06427375227212906,0.0,0.0008970962080638856,45
SLAKE_STAGE2_BANK16,105,F1,0.006401795893907547,0.016697458922863007,21.266841411590576,0.05898619070649147,0.0,0.0005040587275288999,46
SLAKE_STAGE2_BANK16,105,F1,0.006103672552853823,0.0027232349384576082,21.701282501220703,0.05569756031036377,0.0,0.0004896302270935848,47
SLAKE_STAGE2_BANK16,105,F1,0.005815313197672367,0.07445701956748962,22.14487051963806,0.055250026285648346,0.0,0.0005925771838519722,48
SLAKE_STAGE2_BANK16,105,F1,0.0055753812193870544,0.07579959183931351,22.57770872116089,0.05211397260427475,0.0,0.0008550387574359775,49
SLAKE_STAGE2_BANK16,105,F1,0.0053827790543437,0.002756956499069929,23.013575553894043,0.04863186553120613,0.0,0.0005035126232542098,50
SLAKE_STAGE2_BANK16,105,F1,0.005168463569134474,0.0077329049818217754,23.454123735427856,0.04674430191516876,0.0,0.0005001516692573205,51
SLAKE_STAGE2_BANK16,105,F1,0.00499571580439806,0.017190707847476006,23.902276039123535,0.04457647725939751,0.0,0.0006019200664013624,52
SLAKE_STAGE2_BANK16,105,F1,0.004817959852516651,0.007737007457762957,24.337706565856934,0.04408726841211319,0.0,0.0008388187852688134,53
SLAKE_STAGE2_BANK16,105,F1,0.004685207735747099,0.08070489019155502,24.776466369628906,0.047178715467453,0.0,0.0004976340278517455,54
SLAKE_STAGE2_BANK16,105,F1,0.004509862046688795,0.017405299469828606,25.22442102432251,0.04092506691813469,0.0,0.0005037499940954149,55
SLAKE_STAGE2_BANK16,105,F1,0.0043773227371275425,0.0028042045887559652,25.657720804214478,0.03890896961092949,0.0,0.0006043703760951757,56
SLAKE_STAGE2_BANK16,105,F1,0.004287967458367348,0.08269575983285904,26.093682527542114,0.04196134954690933,0.0,0.0008189264335669577,57
SLAKE_STAGE2_BANK16,105,F1,0.0041651311330497265,0.017543084919452667,26.52845001220703,0.037790220230817795,0.0,0.0004916027683066204,58
SLAKE_STAGE2_BANK16,105,F1,0.004049380775541067,0.007777748629450798,26.95948624610901,0.03669460862874985,0.0,0.0005049804749432951,59
SLAKE_STAGE2_BANK16,105,F1,0.003965183161199093,0.002841314999386668,27.398990392684937,0.03521794453263283,0.0,0.0006080471503082663,60
SLAKE_STAGE2_BANK16,105,F1,0.003857884556055069,0.01759149692952633,27.873499870300293,0.035318851470947266,0.0,0.000809831777587533,61
SLAKE_STAGE2_BANK16,105,F1,0.0037798627745360136,0.08447355031967163,28.308539390563965,0.04067021235823631,0.0,0.0004862547793891281,62
SLAKE_STAGE2_BANK16,105,F1,0.0036791774909943342,0.007853154093027115,28.743874073028564,0.03329220786690712,0.0,0.0004991978348698467,63
SLAKE_STAGE2_BANK16,105,F1,0.0036047950852662325,0.0028548312839120626,29.177226305007935,0.03205891326069832,0.0,0.0006076866411603987,64
SLAKE_STAGE2_BANK16,105,F1,0.0035218442790210247,0.00784569513052702,29.610968351364136,0.032342579215765,0.0,0.0008000261150300503,65
SLAKE_STAGE2_BANK16,105,F1,0.003440083237364888,0.0028870587702840567,30.046815395355225,0.031110981479287148,0.0,0.00047383568016812205,66
SLAKE_STAGE2_BANK16,105,F1,0.003359464928507805,0.01770901307463646,30.483713388442993,0.030511047691106796,0.0,0.0004949501308146864,67
SLAKE_STAGE2_BANK16,105,F1,0.0033074780367314816,0.08519799262285233,30.92437767982483,0.035593949258327484,0.0,0.0006055585981812328,68
SLAKE_STAGE2_BANK16,105,F1,0.0032429867424070835,0.0077190459705889225,31.361241340637207,0.029863588511943817,0.0,0.000779542897362262,69
SLAKE_STAGE2_BANK16,105,F1,0.0031885323114693165,0.002860796172171831,31.794991493225098,0.02881680056452751,0.0,0.0004685458116000518,70
SLAKE_STAGE2_BANK16,105,F1,0.0031093796715140343,0.017711512744426727,32.24110651016235,0.0281508918851614,0.0,0.0004930218419758603,71
SLAKE_STAGE2_BANK16,105,F1,0.003058526199311018,0.08586563169956207,32.675469398498535,0.03358243778347969,0.0,0.0006063171022105962,72
SLAKE_STAGE2_BANK16,105,F1,0.0030227494426071644,0.0028591682203114033,33.12147259712219,0.027894893661141396,0.0,0.0007721352885710075,73
SLAKE_STAGE2_BANK16,105,F1,0.0029691823292523623,0.017718717455863953,33.560569524765015,0.026771752163767815,0.0,0.0004619166429620236,74
SLAKE_STAGE2_BANK16,105,F1,0.00291834375821054,0.08531589061021805,33.99756741523743,0.03433501720428467,0.0,0.00048308869008906186,75
SLAKE_STAGE2_BANK16,105,F1,0.0028515509329736233,0.00772373890504241,34.432737588882446,0.02503197081387043,0.0,0.0006046346097718924,76
SLAKE_STAGE2_BANK16,105,F1,0.0028077117167413235,0.01767154224216938,34.86721897125244,0.025874270126223564,0.0,0.0007629973406437784,77
SLAKE_STAGE2_BANK16,105,F1,0.002766313264146447,0.0028638718649744987,35.29966163635254,0.02491120435297489,0.0,0.00045094169036019593,78
SLAKE_STAGE2_BANK16,105,F1,0.0027311700396239758,0.007674246095120907,35.746909379959106,0.024603910744190216,0.0,0.00047848280519247055,79
SLAKE_STAGE2_BANK16,105,F1,0.002686664229258895,0.08429203182458878,36.18020009994507,0.03033534809947014,0.0,0.0006006769981468096,80
SLAKE_STAGE2_BANK16,105,F1,0.0026415945030748844,0.002860427601262927,36.660829305648804,0.024580800905823708,0.0,0.0007511637377319857,81
SLAKE_STAGE2_BANK16,105,F1,0.0026050980668514967,0.08458712697029114,37.095165491104126,0.031177639961242676,0.0,0.00043962399649899453,82
SLAKE_STAGE2_BANK16,105,F1,0.0025698335375636816,0.01756741851568222,37.526150703430176,0.023069163784384727,0.0,0.00046944335917942226,83
SLAKE_STAGE2_BANK16,105,F1,0.002542195376008749,0.007713534403592348,37.95358943939209,0.02233761176466942,0.0,0.0005949823680566624,84
SLAKE_STAGE2_BANK16,105,F1,0.0024981736205518246,0.007624570745974779,38.38653254508972,0.023521965369582176,0.0,0.0007460275810444728,85
SLAKE_STAGE2_BANK16,105,F1,0.0024637363385409117,0.017586132511496544,38.8203125,0.02225750871002674,0.0,0.0004365236090961844,86
SLAKE_STAGE2_BANK16,105,F1,0.002428793115541339,0.002845476381480694,39.25357365608215,0.02191774919629097,0.0,0.0004644970322260633,87
SLAKE_STAGE2_BANK16,105,F1,0.002390265231952071,0.08297857642173767,39.6882107257843,0.028125738725066185,0.0,0.0005947177269263193,88
SLAKE_STAGE2_BANK16,105,F1,0.0023649358190596104,0.0028474589344114065,40.11954474449158,0.02254883199930191,0.0,0.0007383082847809419,89
SLAKE_STAGE2_BANK16,105,F1,0.002362630795687437,0.017591100186109543,40.566749572753906,0.0213124081492424,0.0,0.0004286740149836987,90
SLAKE_STAGE2_BANK16,105,F1,0.002315982012078166,0.007644795347005129,40.99169373512268,0.02099028415977955,0.0,0.00045827176654711366,91
SLAKE_STAGE2_BANK16,105,F1,0.002288909861817956,0.08267481625080109,41.42036056518555,0.027138235047459602,0.0,0.0005869441520189866,92
SLAKE_STAGE2_BANK16,105,F1,0.0022689912002533674,0.007649155333638191,41.855984687805176,0.02178390510380268,0.0,0.0007296749827219173,93
SLAKE_STAGE2_BANK16,105,F1,0.0022315175738185644,0.0028341070283204317,42.28846502304077,0.020081782713532448,0.0,0.00042179437878075987,94
SLAKE_STAGE2_BANK16,105,F1,0.002196661662310362,0.017637616023421288,42.71964764595032,0.019798746332526207,0.0,0.00045234273420646787,95
SLAKE_STAGE2_BANK16,105,F1,0.00218829489313066,0.08170957118272781,43.14820194244385,0.026331882923841476,0.0,0.0005848490109201521,96
SLAKE_STAGE2_BANK16,105,F1,0.0021552550606429577,0.08167659491300583,43.590139389038086,0.0241526011377573,0.0,0.0007235888770082965,97
SLAKE_STAGE2_BANK16,105,F1,0.002136160619556904,0.0028335500974208117,44.025371074676514,0.01924719847738743,0.0,0.00041472079465165734,98
SLAKE_STAGE2_BANK16,105,F1,0.0020986520685255527,0.007541161961853504,44.46911573410034,0.019033486023545265,0.0,0.0004453894798643887,99
SLAKE_STAGE2_BANK16,105,F1,0.0020714111160486937,0.01747910864651203,44.902963161468506,0.01829374209046364,0.0,0.0005809456342831254,100
SLAKE_STAGE2_BANK16,105,F1,0.0020499129313975573,0.08035887032747269,45.38003158569336,0.023240529000759125,0.0,0.0007139024528441951,101
SLAKE_STAGE2_BANK16,105,F1,0.002018412109464407,0.002805667696520686,45.811787128448486,0.018365323543548584,0.0,0.00041062354284804314,102
SLAKE_STAGE2_BANK16,105,F1,0.0020111626945436,0.007511347532272339,46.2379252910614,0.01826421357691288,0.0,0.00043660546361934394,103
SLAKE_STAGE2_BANK16,105,F1,0.0019865466747432947,0.01753109320998192,46.67165946960449,0.0177235696464777,0.0,0.0005782290973002091,104
SLAKE_STAGE2_BANK16,105,F1,0.001963822403922677,0.0028211248572915792,47.10033583641052,0.01954835094511509,0.0,0.0007110810547601432,105
SLAKE_STAGE2_BANK16,105,F1,0.001930229365825653,0.07971624284982681,47.545408725738525,0.02538330666720867,0.0,0.00040560403431300074,106
SLAKE_STAGE2_BANK16,105,F1,0.001922579831443727,0.007554810959845781,47.97733950614929,0.01745688170194626,0.0,0.00043395263492129743,107
SLAKE_STAGE2_BANK16,105,F1,0.001899808063171804,0.01749805361032486,48.41276669502258,0.01705576665699482,0.0,0.0005769558774773031,108
SLAKE_STAGE2_BANK16,105,F1,0.0018777416553348303,0.007503756787627935,48.862664222717285,0.01912485621869564,0.0,0.0007044951344141737,109
SLAKE_STAGE2_BANK16,105,F1,0.0018526915227994323,0.07875193655490875,49.30107069015503,0.024761976674199104,0.0,0.0003993802529294044,110
SLAKE_STAGE2_BANK16,105,F1,0.0018470383947715163,0.017374888062477112,49.73281717300415,0.016804886981844902,0.0,0.0004264485469320789,111
SLAKE_STAGE2_BANK16,105,F1,0.0018214508891105652,0.002765002893283963,50.18203401565552,0.01645808108150959,0.0,0.0005687418743036687,112
SLAKE_STAGE2_BANK16,105,F1,0.0017977481475099921,0.002776960376650095,50.60952639579773,0.018502911552786827,0.0,0.0006916181737324223,113
SLAKE_STAGE2_BANK16,105,F1,0.0017879484221339226,0.07846952974796295,51.0490403175354,0.024304240942001343,0.0,0.0003945542994188145,114
SLAKE_STAGE2_BANK16,105,F1,0.001765885972417891,0.0074722119607031345,51.49324345588684,0.01613769493997097,0.0,0.00042308254342060536,115
SLAKE_STAGE2_BANK16,105,F1,0.0017522985581308603,0.017443737015128136,51.930392026901245,0.015911828726530075,0.0,0.0005645404162351042,116
SLAKE_STAGE2_BANK16,105,F1,0.001723298104479909,0.07784758508205414,52.36348557472229,0.02048823982477188,0.0,0.0006881438166601583,117
SLAKE_STAGE2_BANK16,105,F1,0.001718953251838684,0.0027718432247638702,52.79622554779053,0.01575263775885105,0.0,0.00038712468813173473,118
SLAKE_STAGE2_BANK16,105,F1,0.0016933124279603362,0.01749088615179062,53.238473415374756,0.015466012991964817,0.0,0.0004151331231696531,119
SLAKE_STAGE2_BANK16,105,F1,0.0016921883216127753,0.007437367457896471,53.682591676712036,0.015477978624403477,0.0,0.0005614970432361588,120
SLAKE_STAGE2_BANK16,105,F1,0.0016684283036738634,0.0027691680006682873,54.119261503219604,0.017515704035758972,0.0,0.0006746578874299303,121
SLAKE_STAGE2_BANK16,105,F1,0.0016456876182928681,0.07727717608213425,54.56660056114197,0.02307763881981373,0.0,0.0003839224227704108,122
SLAKE_STAGE2_BANK16,105,F1,0.0016402292530983686,0.017364762723445892,55.00052857398987,0.015040920116007328,0.0,0.00041044260433409363,123
SLAKE_STAGE2_BANK16,105,F1,0.0016197033692151308,0.007475216407328844,55.43346643447876,0.015010173432528973,0.0,0.0005538790574064478,124
SLAKE_STAGE2_BANK16,105,F1,0.0015984628116711974,0.00278363935649395,55.86839818954468,0.01719146966934204,0.0,0.0006713329785270616,125
SLAKE_STAGE2_BANK16,105,F1,0.0015924308681860566,0.07658126205205917,56.29388427734375,0.022728031501173973,0.0,0.0003762102860491723,126
SLAKE_STAGE2_BANK16,105,F1,0.0015759055968374014,0.017406659200787544,56.72653269767761,0.014440578408539295,0.0,0.00040718009404372424,127
SLAKE_STAGE2_BANK16,105,F1,0.001554108108393848,0.00745630357414484,57.17401313781738,0.01449095830321312,0.0,0.0005498566169990227,128
SLAKE_STAGE2_BANK16,105,F1,0.0015507962089031935,0.01747734099626541,57.60823202133179,0.01658722758293152,0.0,0.0006559740577358752,129
SLAKE_STAGE2_BANK16,105,F1,0.0015274786856025457,0.0027731943409889936,58.04269027709961,0.014022927731275558,0.0,0.00037266561412252486,130
SLAKE_STAGE2_BANK16,105,F1,0.0015219677006825805,0.007396119646728039,58.46086287498474,0.014090086333453655,0.0,0.00039939532871358097,131
SLAKE_STAGE2_BANK16,105,F1,0.001508431858383119,0.07636183500289917,58.903709173202515,0.021097801625728607,0.0,0.0005408146244008094,132
SLAKE_STAGE2_BANK16,105,F1,0.0014853259781375527,0.07605118304491043,59.339752435684204,0.01888708584010601,0.0,0.0006482524331659079,133
SLAKE_STAGE2_BANK16,105,F1,0.001480298349633813,0.017380019649863243,59.78241682052612,0.013717830181121826,0.0,0.0003647745616035536,134
SLAKE_STAGE2_BANK16,105,F1,0.0014617852866649628,0.007359600160270929,60.21650505065918,0.013608007691800594,0.0,0.00039515114622190595,135
SLAKE_STAGE2_BANK16,105,F1,0.0014536345843225718,0.00278327870182693,60.65214014053345,0.013795516453683376,0.0,0.0005350373248802498,136
SLAKE_STAGE2_BANK16,105,F1,0.0014413876924663782,0.017397860065102577,61.08491230010986,0.015715546905994415,0.0,0.0006434289098251611,137
SLAKE_STAGE2_BANK16,105,F1,0.0014325478114187717,0.07504301518201828,61.51692271232605,0.02143023908138275,0.0,0.00035962180118076503,138
SLAKE_STAGE2_BANK16,105,F1,0.0014118130784481764,0.007437043357640505,61.953325510025024,0.01308535411953926,0.0,0.0003877080889651552,139
SLAKE_STAGE2_BANK16,105,F1,0.0014102384448051453,0.0027894482482224703,62.381452560424805,0.013452857732772827,0.0,0.0005315089510986581,140
SLAKE_STAGE2_BANK16,105,F1,0.0013935287715867162,0.0027708301786333323,62.833022117614746,0.015616143122315407,0.0,0.0006305375281954184,141
SLAKE_STAGE2_BANK16,105,F1,0.001374920830130577,0.017428740859031677,63.26668047904968,0.012824010103940964,0.0,0.00035493230097927153,142
SLAKE_STAGE2_BANK16,105,F1,0.0013698695693165064,0.007375184912234545,63.70216512680054,0.012713448144495487,0.0,0.00038291381497401744,143
SLAKE_STAGE2_BANK16,105,F1,0.0013517807237803936,0.07516687363386154,64.12619590759277,0.020004283636808395,0.0,0.0005207106732996181,144
SLAKE_STAGE2_BANK16,105,F1,0.0013511523138731718,0.007378821726888418,64.55870032310486,0.015278439037501812,0.0,0.0006234279571799561,145
SLAKE_STAGE2_BANK16,105,F1,0.001330586732365191,0.07456730306148529,64.99279594421387,0.020821528509259224,0.0,0.0003490956441964954,146
SLAKE_STAGE2_BANK16,105,F1,0.0013261993881314993,0.0027813478372991085,65.43287467956543,0.012261311523616314,0.0,0.0003797269455390051,147
SLAKE_STAGE2_BANK16,105,F1,0.0013160377275198698,0.01744183525443077,65.86470103263855,0.012589622288942337,0.0,0.0005163051828276366,148
SLAKE_STAGE2_BANK16,105,F1,0.0013078656047582626,0.017482426017522812,66.30681705474854,0.014695024117827415,0.0,0.0006110278773121536,149
SLAKE_STAGE2_BANK16,105,F1,0.001292105414904654,0.073924720287323,66.74265480041504,0.020413048565387726,0.0,0.00034517912718001753,150
SLAKE_STAGE2_BANK16,105,F1,0.0012871531071141362,0.007415187079459429,67.17847800254822,0.012035825289785862,0.0,0.0003711973113240674,151
SLAKE_STAGE2_BANK16,105,F1,0.0012721752282232046,0.0028061342891305685,67.61775183677673,0.01241427194327116,0.0,0.0005127450858708471,152
SLAKE_STAGE2_BANK16,105,F1,0.0012687655398622155,0.002789755817502737,68.06526565551758,0.014606374315917492,0.0,0.0006049281655577943,153
SLAKE_STAGE2_BANK16,105,F1,0.0012516932329162955,0.07328874617815018,68.50205683708191,0.020157769322395325,0.0,0.00034050398971885443,154
SLAKE_STAGE2_BANK16,105,F1,0.0012355019571259618,0.007354639004915953,68.92609119415283,0.01163801085203886,0.0,0.00036732640000991523,155
SLAKE_STAGE2_BANK16,105,F1,0.0012319735251367092,0.017466936260461807,69.36210536956787,0.011954215355217457,0.0,0.000503256858792156,156
SLAKE_STAGE2_BANK16,105,F1,0.0012179026380181313,0.017454329878091812,69.79528379440308,0.014031286351382732,0.0,0.0005998242704663426,157
SLAKE_STAGE2_BANK16,105,F1,0.0012140178587287664,0.07332281023263931,70.22936606407166,0.01994018629193306,0.0,0.0003357246023369953,158
SLAKE_STAGE2_BANK16,105,F1,0.0012090618256479502,0.002754905028268695,70.6637315750122,0.011289878748357296,0.0,0.0003610596904763952,159
SLAKE_STAGE2_BANK16,105,F1,0.001194200711324811,0.007369176484644413,71.10027956962585,0.011776614002883434,0.0,0.0004967392596881837,160
SLAKE_STAGE2_BANK16,105,F2,2.324270725250244,0.04598083347082138,0.7856087684631348,6.871133327484131,1.7020741701126099,7.593219197588041e-05,1
SLAKE_STAGE2_BANK16,105,F2,2.2171082496643066,0.002567381365224719,1.3999903202056885,6.933472156524658,1.6350553035736084,5.587716441368684e-05,2
SLAKE_STAGE2_BANK16,105,F2,2.1070995330810547,0.1749729961156845,2.017035722732544,6.993284702301025,1.5662401914596558,6.101755207055248e-05,3
SLAKE_STAGE2_BANK16,105,F2,1.9945638179779053,0.007867631502449512,2.636838912963867,7.02920389175415,1.495830774307251,6.705190571665298e-05,4
SLAKE_STAGE2_BANK16,105,F2,1.885654091835022,0.007796827703714371,3.2519280910491943,7.067862510681152,1.427680253982544,9.330357715953141e-05,5
SLAKE_STAGE2_BANK16,105,F2,1.7717838287353516,0.0025178727228194475,3.8668577671051025,7.090664386749268,1.3563947677612305,6.733491318300366e-05,6
SLAKE_STAGE2_BANK16,105,F2,1.662548303604126,0.029691701754927635,4.484448194503784,7.1195173263549805,1.2879732847213745,7.065743557177484e-05,7
SLAKE_STAGE2_BANK16,105,F2,1.5534886121749878,0.12854541838169098,5.100704193115234,7.143783092498779,1.2196046113967896,8.713516217540018e-05,8
SLAKE_STAGE2_BANK16,105,F2,1.4380199909210205,0.007438462693244219,5.718332290649414,7.172578811645508,1.1471374034881592,0.00013726059114560485,9
SLAKE_STAGE2_BANK16,105,F2,1.3257635831832886,0.1122005432844162,6.333450794219971,7.203824996948242,1.076533555984497,9.288598084822297e-05,10
SLAKE_STAGE2_BANK16,105,F2,1.2144644260406494,0.0023997598327696323,6.950746774673462,7.224526882171631,1.0063456296920776,9.239461360266432e-05,11
SLAKE_STAGE2_BANK16,105,F2,1.103276252746582,0.021351896226406097,7.567495822906494,7.244078636169434,0.9359123706817627,0.00013541389125748537,12
SLAKE_STAGE2_BANK16,105,F2,0.9896268844604492,0.08905814588069916,8.194848775863647,7.256613254547119,0.8633483648300171,0.00025522096984786913,13
SLAKE_STAGE2_BANK16,105,F2,0.8798128366470337,0.018939092755317688,8.810244083404541,7.236334800720215,0.7923887968063354,0.00015495700790779665,14
SLAKE_STAGE2_BANK16,105,F2,0.7688120603561401,0.002306494629010558,9.431645154953003,7.183392524719238,0.7191908359527588,0.00013905231026001275,15
SLAKE_STAGE2_BANK16,105,F2,0.6581170558929443,0.006866157054901123,10.04328966140747,7.035106182098389,0.6436660885810852,0.0002513633298804052,16
SLAKE_STAGE2_BANK16,105,F2,0.5532255172729492,0.0022645776625722647,10.659648418426514,6.760926246643066,0.5679274797439575,0.0005668939411407337,17
SLAKE_STAGE2_BANK16,105,F2,0.452364444732666,0.006863139569759369,11.255123376846313,6.307375431060791,0.48851707577705383,0.0003047637073905207,18
SLAKE_STAGE2_BANK16,105,F2,0.36316344141960144,0.015185649506747723,11.872747659683228,5.642649173736572,0.4077490568161011,0.00024439207481918857,19
SLAKE_STAGE2_BANK16,105,F2,0.28597408533096313,0.049540869891643524,12.490556478500366,4.773245334625244,0.3220502734184265,0.0005298060568748042,20
SLAKE_STAGE2_BANK16,105,F2,0.2253447324037552,0.006541220471262932,13.147971630096436,3.860321044921875,0.23415327072143555,0.001329137259745039,21
SLAKE_STAGE2_BANK16,105,F2,0.1782098114490509,0.04190429300069809,13.764044046401978,3.0552103519439697,0.14156080782413483,0.0006470898515544832,22
SLAKE_STAGE2_BANK16,105,F2,0.1434781402349472,0.013549406081438065,14.383302211761475,2.4295639991760254,0.04495006799697876,0.0004440130142029375,23
SLAKE_STAGE2_BANK16,105,F2,0.11951197683811188,0.0021892287768423557,14.995139360427856,1.6177573204040527,0.0,0.0010059689084300771,24
SLAKE_STAGE2_BANK16,105,F2,0.09916196763515472,0.002199546666815877,15.616272687911987,1.3901569843292236,0.0,0.0024284405808430165,25
SLAKE_STAGE2_BANK16,105,F2,0.08257554471492767,0.03457602113485336,16.22905659675598,1.1578871011734009,0.0,0.0009868601337075233,26
SLAKE_STAGE2_BANK16,105,F2,0.06848268210887909,0.013190850615501404,16.84747552871704,0.9638740420341492,0.0,0.0005828138382639736,27
SLAKE_STAGE2_BANK16,105,F2,0.05735544487833977,0.006664623040705919,17.4599347114563,0.8162541389465332,0.0,0.0011200551234651357,28
SLAKE_STAGE2_BANK16,105,F2,0.0473938062787056,0.03660350292921066,18.07984757423401,0.6915174722671509,0.0,0.002319665305549279,29
SLAKE_STAGE2_BANK16,105,F2,0.039287012070417404,0.006735546048730612,18.70087432861328,0.5431520938873291,0.0,0.0008521649870090187,30
SLAKE_STAGE2_BANK16,105,F2,0.03283463045954704,0.002303794026374817,19.31888222694397,0.43928655982017517,0.0,0.0005346994730643928,31
SLAKE_STAGE2_BANK16,105,F2,0.027507245540618896,0.01394050382077694,19.93534207344055,0.3658236265182495,0.0,0.0008559477719245479,32
SLAKE_STAGE2_BANK16,105,F2,0.02322477474808693,0.042862869799137115,20.55341339111328,0.3126443028450012,0.0,0.0016615922068012878,33
SLAKE_STAGE2_BANK16,105,F2,0.019926462322473526,0.0024164055939763784,21.169710874557495,0.25008293986320496,0.0,0.0006485570193035528,34
SLAKE_STAGE2_BANK16,105,F2,0.017148558050394058,0.007096513174474239,21.78392481803894,0.20646822452545166,0.0,0.0004838608729187399,35
SLAKE_STAGE2_BANK16,105,F2,0.015020294114947319,0.014792407862842083,22.40822148323059,0.17749978601932526,0.0,0.0006807875470258296,36
SLAKE_STAGE2_BANK16,105,F2,0.013323621824383736,0.002497633220627904,23.026737928390503,0.1596554070711136,0.0,0.0012107085640309379,37
SLAKE_STAGE2_BANK16,105,F2,0.01189153827726841,0.007325342856347561,23.641812324523926,0.1313936710357666,0.0,0.0005554228409891948,38
SLAKE_STAGE2_BANK16,105,F2,0.010737637989223003,0.05672929435968399,24.266725778579712,0.11351359635591507,0.0,0.00047645039740018547,39
SLAKE_STAGE2_BANK16,105,F2,0.009799951687455177,0.015711218118667603,24.883870840072632,0.10186537355184555,0.0,0.0006107878580223769,40
SLAKE_STAGE2_BANK16,105,F2,0.009026596322655678,0.007432843092828989,25.511181592941284,0.09476763755083084,0.0,0.0009955521672964096,41
SLAKE_STAGE2_BANK16,105,F2,0.008337413892149925,0.06403303146362305,26.12966561317444,0.08254344016313553,0.0,0.0005199115257710218,42
SLAKE_STAGE2_BANK16,105,F2,0.007737279869616032,0.016197286546230316,26.744234800338745,0.07455702871084213,0.0,0.0004848242679145187,43
SLAKE_STAGE2_BANK16,105,F2,0.007247733883559704,0.0026723570190370083,27.366216897964478,0.06863879412412643,0.0,0.0005952169594820589,44
SLAKE_STAGE2_BANK16,105,F2,0.006845521740615368,0.007584031205624342,27.978397607803345,0.06566261500120163,0.0,0.0009051524975802749,45
SLAKE_STAGE2_BANK16,105,F2,0.006520486436784267,0.016710661351680756,28.59745216369629,0.0604197233915329,0.0,0.0005109079938847572,46
SLAKE_STAGE2_BANK16,105,F2,0.006199208553880453,0.0027738597709685564,29.211645126342773,0.05692226067185402,0.0,0.0004957197379553691,47
SLAKE_STAGE2_BANK16,105,F2,0.005897382274270058,0.07443244010210037,29.835514307022095,0.056008230894804,0.0,0.000597238220507279,48
SLAKE_STAGE2_BANK16,105,F2,0.005660585127770901,0.07580330967903137,30.444443702697754,0.05299951136112213,0.0,0.0008585269388277084,49
SLAKE_STAGE2_BANK16,105,F2,0.00543366651982069,0.0027774767950177193,31.06293559074402,0.0493072047829628,0.0,0.0005063120916020125,50
SLAKE_STAGE2_BANK16,105,F2,0.005201798863708973,0.0077357240952551365,31.67710304260254,0.04716046527028084,0.0,0.000502714334288612,51
SLAKE_STAGE2_BANK16,105,F2,0.00503551634028554,0.017336271703243256,32.28497815132141,0.04501427710056305,0.0,0.0006014510290697217,52
SLAKE_STAGE2_BANK16,105,F2,0.004869469441473484,0.0077957105822861195,32.901283740997314,0.04459899291396141,0.0,0.0008413295436184853,53
SLAKE_STAGE2_BANK16,105,F2,0.004713323898613453,0.08099990338087082,33.5193145275116,0.04768889769911766,0.0,0.0005025177670177072,54
SLAKE_STAGE2_BANK16,105,F2,0.004565699025988579,0.017462439835071564,34.13433313369751,0.04156828671693802,0.0,0.0005093480285722762,55
SLAKE_STAGE2_BANK16,105,F2,0.004451996646821499,0.0028228992596268654,34.75222134590149,0.03978436440229416,0.0,0.0006058762082830071,56
SLAKE_STAGE2_BANK16,105,F2,0.004328510724008083,0.08302164077758789,35.36799502372742,0.042350951582193375,0.0,0.000822696223622188,57
SLAKE_STAGE2_BANK16,105,F2,0.004187629558146,0.017543798312544823,35.97449350357056,0.03816768527030945,0.0,0.0004981689562555403,58
SLAKE_STAGE2_BANK16,105,F2,0.004067585337907076,0.007748326752334833,36.59731960296631,0.037020787596702576,0.0,0.0005065152363386005,59
SLAKE_STAGE2_BANK16,105,F2,0.003984048031270504,0.0028396749403327703,37.206008434295654,0.03546064719557762,0.0,0.0006099116581026465,60
SLAKE_STAGE2_BANK16,105,F2,0.003878154559060931,0.017673663794994354,37.864341735839844,0.03550659492611885,0.0,0.0008115418022498488,61
SLAKE_STAGE2_BANK16,105,F2,0.003793786047026515,0.08579505234956741,38.48307251930237,0.04101629927754402,0.0,0.000485571930767037,62
SLAKE_STAGE2_BANK16,105,F2,0.003700539004057646,0.007854441180825233,39.095261096954346,0.0336386002600193,0.0,0.0005061046103946865,63
SLAKE_STAGE2_BANK16,105,F2,0.00364375370554626,0.0028544676024466753,39.71145677566528,0.032316241413354874,0.0,0.0006063735636416823,64
SLAKE_STAGE2_BANK16,105,F2,0.003542808350175619,0.007849524728953838,40.3276846408844,0.0325821191072464,0.0,0.0007945774123072624,65
SLAKE_STAGE2_BANK16,105,F2,0.0034765913151204586,0.0028548401314765215,40.94414019584656,0.03156564384698868,0.0,0.00047830346738919616,66
SLAKE_STAGE2_BANK16,105,F2,0.003414540085941553,0.017748873680830002,41.56114864349365,0.031056897714734077,0.0,0.0004975867341272533,67
SLAKE_STAGE2_BANK16,105,F2,0.0033244024962186813,0.08617812395095825,42.181029319763184,0.03606297820806503,0.0,0.0006071554525988176,68
SLAKE_STAGE2_BANK16,105,F2,0.0032727073412388563,0.00782143883407116,42.79280710220337,0.02998572401702404,0.0,0.000782319504651241,69
SLAKE_STAGE2_BANK16,105,F2,0.003186922986060381,0.002846495481207967,43.41209864616394,0.02885291539132595,0.0,0.00046896493586245924,70
SLAKE_STAGE2_BANK16,105,F2,0.0031378907151520252,0.017770318314433098,44.025957345962524,0.028532536700367928,0.0,0.0004910900752292946,71
SLAKE_STAGE2_BANK16,105,F2,0.0030918337870389223,0.08687908202409744,44.641282081604004,0.03408830985426903,0.0,0.0006058466096874326,72
SLAKE_STAGE2_BANK16,105,F2,0.0030451274942606688,0.0028694092761725187,45.258275270462036,0.02800070308148861,0.0,0.0007707795011810958,73
SLAKE_STAGE2_BANK16,105,F2,0.002984661376103759,0.017710953950881958,45.88230609893799,0.027006585150957108,0.0,0.0004578847874654457,74
SLAKE_STAGE2_BANK16,105,F2,0.0029455977492034435,0.08653265982866287,46.50605893135071,0.03478521853685379,0.0,0.0004871691489825025,75
SLAKE_STAGE2_BANK16,105,F2,0.00287058437243104,0.007725033909082413,47.11698055267334,0.025187281891703606,0.0,0.0006002409936627373,76
SLAKE_STAGE2_BANK16,105,F2,0.0028307305183261633,0.01765373721718788,47.742695331573486,0.026110585778951645,0.0,0.0007645090081496164,77
SLAKE_STAGE2_BANK16,105,F2,0.0027830288745462894,0.002832707017660141,48.36857843399048,0.025141306221485138,0.0,0.00045192489051260054,78
SLAKE_STAGE2_BANK16,105,F2,0.0027498307172209024,0.0077358721755445,48.98763394355774,0.02480326220393181,0.0,0.0004821610782528296,79
SLAKE_STAGE2_BANK16,105,F2,0.002700063167139888,0.08564859628677368,49.60417079925537,0.030797626823186874,0.0,0.0005981108697596937,80
SLAKE_STAGE2_BANK16,105,F2,0.0026691402308642864,0.0028491769917309284,50.27422595024109,0.024854473769664764,0.0,0.000750727514969185,81
SLAKE_STAGE2_BANK16,105,F2,0.002624116139486432,0.08529607951641083,50.886881828308105,0.03156536445021629,0.0,0.00044432864524424076,82
SLAKE_STAGE2_BANK16,105,F2,0.0025886152870953083,0.017711510881781578,51.50170826911926,0.023413782939314842,0.0,0.00047213891230057925,83
SLAKE_STAGE2_BANK16,105,F2,0.0025581112131476402,0.007742186542600393,52.12403655052185,0.022525757551193237,0.0,0.0005983356677461416,84
SLAKE_STAGE2_BANK16,105,F2,0.002520259702578187,0.0076881288550794125,52.734981298446655,0.023727940395474434,0.0,0.0007452943973476067,85
SLAKE_STAGE2_BANK16,105,F2,0.002478640526533127,0.0177465733140707,53.35381722450256,0.022373421117663383,0.0,0.0004374324344098568,86
SLAKE_STAGE2_BANK16,105,F2,0.002452012849971652,0.0028614175971597433,53.96764039993286,0.022180000320076942,0.0,0.00046646298142150044,87
SLAKE_STAGE2_BANK16,105,F2,0.0024117683060467243,0.0843038558959961,54.58316373825073,0.02854461595416069,0.0,0.0005916466907365248,88
SLAKE_STAGE2_BANK16,105,F2,0.002384915016591549,0.002863517263904214,55.2001314163208,0.02260397933423519,0.0,0.0007339800795307383,89
SLAKE_STAGE2_BANK16,105,F2,0.0023547280579805374,0.017677946016192436,55.81662917137146,0.02128707431256771,0.0,0.0004319808504078537,90
SLAKE_STAGE2_BANK16,105,F2,0.0023372911382466555,0.007637413218617439,56.43845796585083,0.0213178601115942,0.0,0.0004603720299201086,91
SLAKE_STAGE2_BANK16,105,F2,0.0023074401542544365,0.08300819993019104,57.04894685745239,0.027425255626440048,0.0,0.0005890015600016341,92
SLAKE_STAGE2_BANK16,105,F2,0.0022779451683163643,0.007613474037498236,57.66549754142761,0.021837886422872543,0.0,0.0007288657070603222,93
SLAKE_STAGE2_BANK16,105,F2,0.002236365806311369,0.002845827955752611,58.28221249580383,0.02022850699722767,0.0,0.000423626639530994,94
SLAKE_STAGE2_BANK16,105,F2,0.0022101954091340303,0.017585283145308495,58.89813852310181,0.020013686269521713,0.0,0.0004513636667979881,95
SLAKE_STAGE2_BANK16,105,F2,0.0021828082390129566,0.08303037285804749,59.513389587402344,0.026352664455771446,0.0,0.0005884519632672891,96
SLAKE_STAGE2_BANK16,105,F2,0.002153147477656603,0.08269617706537247,60.12760019302368,0.02426978573203087,0.0,0.000716843773261644,97
SLAKE_STAGE2_BANK16,105,F2,0.0021411317866295576,0.002835206687450409,60.7474250793457,0.019333375617861748,0.0,0.00041467683331575245,98
SLAKE_STAGE2_BANK16,105,F2,0.0021153544075787067,0.007568507455289364,61.364386558532715,0.019318651407957077,0.0,0.0004469975392566994,99
SLAKE_STAGE2_BANK16,105,F2,0.0020873132161796093,0.017530634999275208,61.97930598258972,0.0184913482517004,0.0,0.0005820659134769812,100
SLAKE_STAGE2_BANK16,105,F2,0.0020625065080821514,0.08141672611236572,62.615742444992065,0.023447375744581223,0.0,0.0007142676040530205,101
SLAKE_STAGE2_BANK16,105,F2,0.002036677673459053,0.0028574278112500906,63.23268437385559,0.01849503628909588,0.0,0.0004124259576201439,102
SLAKE_STAGE2_BANK16,105,F2,0.0020083393901586533,0.007590004708617926,63.85819983482361,0.018210293725132942,0.0,0.00044534209882840514,103
SLAKE_STAGE2_BANK16,105,F2,0.0019972864538431168,0.0175770316272974,64.46672534942627,0.017834503203630447,0.0,0.0005804026295663789,104
SLAKE_STAGE2_BANK16,105,F2,0.0019733798690140247,0.002837274456396699,65.08367967605591,0.0195616502314806,0.0,0.0007045675884000957,105
SLAKE_STAGE2_BANK16,105,F2,0.0019493745639920235,0.08069512248039246,65.69960165023804,0.02587767504155636,0.0,0.0004046534886583686,106
SLAKE_STAGE2_BANK16,105,F2,0.0019191376632079482,0.007536584045737982,66.31621599197388,0.017493795603513718,0.0,0.0004374806594569236,107
SLAKE_STAGE2_BANK16,105,F2,0.0019155452027916908,0.01753796637058258,66.9319794178009,0.017073651775717735,0.0,0.0005723224603570998,108
SLAKE_STAGE2_BANK16,105,F2,0.00189246516674757,0.007580708246678114,67.54742002487183,0.01905006729066372,0.0,0.0006980267353355885,109
SLAKE_STAGE2_BANK16,105,F2,0.0018725305562838912,0.07973652333021164,68.16344881057739,0.02516949363052845,0.0,0.0003995295410277322,110
SLAKE_STAGE2_BANK16,105,F2,0.0018627357203513384,0.017474642023444176,68.78791165351868,0.016934137791395187,0.0,0.00042817636858671904,111
SLAKE_STAGE2_BANK16,105,F2,0.0018371002515777946,0.0027968063950538635,69.40711188316345,0.01661679521203041,0.0,0.0005717495660064742,112
SLAKE_STAGE2_BANK16,105,F2,0.00180814100895077,0.0027745862025767565,70.02487111091614,0.018676472827792168,0.0,0.0006952933617867529,113
SLAKE_STAGE2_BANK16,105,F2,0.0018057519337162375,0.07878612726926804,70.6388533115387,0.02464943192899227,0.0,0.00039396075590047985,114
SLAKE_STAGE2_BANK16,105,F2,0.0017836358165368438,0.007520836312323809,71.26650476455688,0.01642441563308239,0.0,0.00042601530731189996,115
SLAKE_STAGE2_BANK16,105,F2,0.0017565448069944978,0.017474617809057236,71.88313174247742,0.01607314683496952,0.0,0.0005670689861290157,116
SLAKE_STAGE2_BANK16,105,F2,0.0017401725053787231,0.07889790087938309,72.49748945236206,0.02086794562637806,0.0,0.0006832937797298655,117
SLAKE_STAGE2_BANK16,105,F2,0.0017330156406387687,0.0027626617811620235,73.11501741409302,0.016042213886976242,0.0,0.0003891059313900769,118
SLAKE_STAGE2_BANK16,105,F2,0.0017102111596614122,0.017377307638525963,73.74308204650879,0.015603603795170784,0.0,0.000421190241468139,119
SLAKE_STAGE2_BANK16,105,F2,0.0016882854979485273,0.007502908352762461,74.35770106315613,0.015473139472305775,0.0,0.0005601813027169555,120
SLAKE_STAGE2_BANK16,105,F2,0.0016785409534350038,0.0027655018493533134,74.9936854839325,0.01765080913901329,0.0,0.0006769945612177253,121
SLAKE_STAGE2_BANK16,105,F2,0.0016608212608844042,0.07765529304742813,75.61132144927979,0.02334325760602951,0.0,0.0003852774971164763,122
SLAKE_STAGE2_BANK16,105,F2,0.0016379881417378783,0.017516348510980606,76.23514175415039,0.015060625039041042,0.0,0.0004136875650146976,123
SLAKE_STAGE2_BANK16,105,F2,0.0016322688898071647,0.007461959030479193,76.85362601280212,0.01511320099234581,0.0,0.0005560529825743288,124
SLAKE_STAGE2_BANK16,105,F2,0.0016090249409899116,0.002763845259323716,77.47636151313782,0.01708403415977955,0.0,0.0006642063672188669,125
SLAKE_STAGE2_BANK16,105,F2,0.0016017563175410032,0.07764831185340881,78.08657383918762,0.022982869297266006,0.0,0.0003776103403652087,126
SLAKE_STAGE2_BANK16,105,F2,0.0015841603744775057,0.017504744231700897,78.7146430015564,0.01464711781591177,0.0,0.00041058953502215445,127
SLAKE_STAGE2_BANK16,105,F2,0.0015648448606953025,0.007486086804419756,79.33091807365417,0.014608248136937618,0.0,0.000546903203940019,128
SLAKE_STAGE2_BANK16,105,F2,0.001565579674206674,0.017473885789513588,79.94762063026428,0.016573946923017502,0.0,0.0006577483000000939,129
SLAKE_STAGE2_BANK16,105,F2,0.0015424698358401656,0.0027605302166193724,80.56420636177063,0.01425281260162592,0.0,0.00037219042133074254,130
SLAKE_STAGE2_BANK16,105,F2,0.001521700993180275,0.0074805160984396935,81.18060326576233,0.013960152864456177,0.0,0.00040162848017644137,131
SLAKE_STAGE2_BANK16,105,F2,0.0015133613487705588,0.0766403079032898,81.79629158973694,0.021085843443870544,0.0,0.000542869427590631,132
SLAKE_STAGE2_BANK16,105,F2,0.0014928526943549514,0.07627652585506439,82.41262030601501,0.01906280405819416,0.0,0.0006511252577183768,133
SLAKE_STAGE2_BANK16,105,F2,0.001492556999437511,0.017452586442232132,83.02846360206604,0.013774173334240913,0.0,0.00036691864079330117,134
SLAKE_STAGE2_BANK16,105,F2,0.0014736412558704615,0.007399379275739193,83.64657855033875,0.013717839494347572,0.0,0.00039476543315686285,135
SLAKE_STAGE2_BANK16,105,F2,0.0014541761483997107,0.002821295289322734,84.26113152503967,0.01377966720610857,0.0,0.0005370622675400227,136
SLAKE_STAGE2_BANK16,105,F2,0.0014510253677144647,0.0174923837184906,84.87762975692749,0.015768988057971,0.0,0.0006408201006706804,137
SLAKE_STAGE2_BANK16,105,F2,0.0014313480351120234,0.07599597424268723,85.49879860877991,0.02175821363925934,0.0,0.0003637167828856036,138
SLAKE_STAGE2_BANK16,105,F2,0.0014262681361287832,0.007423401810228825,86.11217427253723,0.013275581412017345,0.0,0.00038979214150458574,139
SLAKE_STAGE2_BANK16,105,F2,0.0014095613732933998,0.002814547624439001,86.72675228118896,0.013403035700321198,0.0,0.0005324025987647474,140
SLAKE_STAGE2_BANK16,105,F2,0.0013945945538580418,0.0027891043573617935,87.39264512062073,0.015629621222615242,0.0,0.0006338406965369359,141
SLAKE_STAGE2_BANK16,105,F2,0.0013876832090318203,0.017472531646490097,88.00926351547241,0.012877748347818851,0.0,0.0003565407241694629,142
SLAKE_STAGE2_BANK16,105,F2,0.0013672158820554614,0.007420413661748171,88.62667393684387,0.012735123746097088,0.0,0.00038464058889076114,143
SLAKE_STAGE2_BANK16,105,F2,0.0013630908215418458,0.07580751180648804,89.25026535987854,0.020148588344454765,0.0,0.00052274925110396,144
SLAKE_STAGE2_BANK16,105,F2,0.001346216187812388,0.0074029890820384026,89.87329459190369,0.015148403123021126,0.0,0.0006208500417415053,145
SLAKE_STAGE2_BANK16,105,F2,0.0013447590172290802,0.07544947415590286,90.49279761314392,0.02112017571926117,0.0,0.0003512248949846253,146
SLAKE_STAGE2_BANK16,105,F2,0.0013263532891869545,0.002801037160679698,91.10794806480408,0.012324061244726181,0.0,0.0003784040018217638,147
SLAKE_STAGE2_BANK16,105,F2,0.0013229455798864365,0.017437027767300606,91.72363018989563,0.01266476046293974,0.0,0.0005189405346754938,148
SLAKE_STAGE2_BANK16,105,F2,0.0013041615020483732,0.01746366173028946,92.34013628959656,0.01475027296692133,0.0,0.0006138994940556586,149
SLAKE_STAGE2_BANK16,105,F2,0.0013039929326623678,0.07454556226730347,92.9559371471405,0.020623913034796715,0.0,0.0003488121146801859,150
SLAKE_STAGE2_BANK16,105,F2,0.0012839492410421371,0.007417719345539808,93.57636857032776,0.011926640756428242,0.0,0.0003758568345801905,151
SLAKE_STAGE2_BANK16,105,F2,0.0012831572676077485,0.002783027710393071,94.18916130065918,0.012411522679030895,0.0,0.0005082733987364918,152
SLAKE_STAGE2_BANK16,105,F2,0.0012667302507907152,0.0027553264517337084,94.81410813331604,0.014675138518214226,0.0,0.0006105791835580021,153
SLAKE_STAGE2_BANK16,105,F2,0.0012528030201792717,0.0738140270113945,95.440514087677,0.0203064177185297,0.0,0.0003409807395655662,154
SLAKE_STAGE2_BANK16,105,F2,0.0012461768928915262,0.007392544765025377,96.05737733840942,0.011637674644589424,0.0,0.0003673721948871389,155
SLAKE_STAGE2_BANK16,105,F2,0.0012442206498235464,0.017480330541729927,96.67412233352661,0.012057404965162277,0.0,0.0005067087186034769,156
SLAKE_STAGE2_BANK16,105,F2,0.0012247201520949602,0.01742982491850853,97.28979086875916,0.01403613481670618,0.0,0.0005955641099717468,157
SLAKE_STAGE2_BANK16,105,F2,0.0012291234452277422,0.07391491532325745,97.90533399581909,0.020090973004698753,0.0,0.00033822601835709065,158
SLAKE_STAGE2_BANK16,105,F2,0.001211737748235464,0.0027580587193369865,98.52478885650635,0.01131303422152996,0.0,0.0003650636353995651,159
SLAKE_STAGE2_BANK16,105,F2,0.0012069958029314876,0.007329531945288181,99.15541195869446,0.011881120502948761,0.0,0.0005003985424991697,160
SLAKE_STAGE2_BANK16,106,F0,0.0,0.0,0.5088014602661133,0.00027973303804174066,0.0,6.940691309864633e-05,1
SLAKE_STAGE2_BANK16,106,F0,0.0,0.0,0.8602414131164551,0.00016171523020602763,0.0,5.0468690460547805e-05,2
SLAKE_STAGE2_BANK16,106,F0,0.0,0.0,1.2015635967254639,0.000179844704689458,0.0,5.2808032705797814e-05,3
SLAKE_STAGE2_BANK16,106,F0,0.0,0.0,1.5689339637756348,0.0001710138312773779,0.0,5.297197094478179e-05,4
SLAKE_STAGE2_BANK16,106,F0,0.0,0.0,1.78993558883667,0.00023787355166859925,0.0,6.775303336326033e-05,5
SLAKE_STAGE2_BANK16,106,F0,0.0,0.0,2.0132639408111572,0.00017685785132925957,0.0,5.2510022214846686e-05,6
SLAKE_STAGE2_BANK16,106,F0,0.0,0.0,2.234161138534546,0.00019089275156147778,0.0,5.4998363339109346e-05,7
SLAKE_STAGE2_BANK16,106,F0,0.0,0.0,2.454094171524048,0.00018912457744590938,0.0,5.531130955205299e-05,8
SLAKE_STAGE2_BANK16,106,F0,0.0,0.0,2.680680990219116,0.00025750466738827527,0.0,6.970495451241732e-05,9
SLAKE_STAGE2_BANK16,106,F0,0.0,0.0,2.9013049602508545,0.00017990388732869178,0.0,5.484935718413908e-05,10
SLAKE_STAGE2_BANK16,106,F0,0.0,0.0,3.118736505508423,0.00021180066687520593,0.0,5.663736192218494e-05,11
SLAKE_STAGE2_BANK16,106,F0,0.0,0.0,3.343865394592285,0.00020575363305397332,0.0,5.619040530291386e-05,12
SLAKE_STAGE2_BANK16,106,F0,0.0,0.0,3.569995164871216,0.0002617759455461055,0.0,6.919834777363576e-05,13
SLAKE_STAGE2_BANK16,106,F0,0.0,0.0,3.792257308959961,0.0001732371747493744,0.0,5.3642437706002966e-05,14
SLAKE_STAGE2_BANK16,106,F0,0.0,0.0,4.015045166015625,0.00017664489860180765,0.0,5.422351023298688e-05,15
SLAKE_STAGE2_BANK16,106,F0,0.0,0.0,4.237574100494385,0.000172549465787597,0.0,5.389576472225599e-05,16
SLAKE_STAGE2_BANK16,106,F0,0.0,0.0,4.445937633514404,0.000254505081102252,0.0,6.749972453690134e-05,17
SLAKE_STAGE2_BANK16,106,F0,0.0,0.0,4.672072172164917,0.00016959857020992786,0.0,5.282291203911882e-05,18
SLAKE_STAGE2_BANK16,106,F0,0.0,0.0,4.894792318344116,0.00018032371008303016,0.0,5.402978786150925e-05,19
SLAKE_STAGE2_BANK16,106,F0,0.0,0.0,5.106459379196167,0.00017180264694616199,0.0,5.374675129132811e-05,20
SLAKE_STAGE2_BANK16,106,F0,0.0,0.0,5.33679986000061,0.0002508369798306376,0.0,6.744011625414714e-05,21
SLAKE_STAGE2_BANK16,106,F0,0.0,0.0,5.561743259429932,0.00017591987852938473,0.0,5.3895715609542094e-05,22
SLAKE_STAGE2_BANK16,106,F0,0.0,0.0,5.7737555503845215,0.0001866437087301165,0.0,5.489397699420806e-05,23
SLAKE_STAGE2_BANK16,106,F0,0.0,0.0,5.993572473526001,0.0001811571855796501,0.0,5.568376218434423e-05,24
SLAKE_STAGE2_BANK16,106,F0,0.0,0.0,6.2203686237335205,0.000265999638941139,0.0,6.897481216583401e-05,25
SLAKE_STAGE2_BANK16,106,F0,0.0,0.0,6.422708511352539,0.0001897904003271833,0.0,5.596682967734523e-05,26
SLAKE_STAGE2_BANK16,106,F0,0.0,0.0,6.643676996231079,0.00019725928723346442,0.0,5.6875680456869304e-05,27
SLAKE_STAGE2_BANK16,106,F0,0.0,0.0,6.8780434131622314,0.00018766541325021535,0.0,5.7397268392378464e-05,28
SLAKE_STAGE2_BANK16,106,F0,0.0,0.0,7.106641530990601,0.0002555403916630894,0.0,7.047970575513318e-05,29
SLAKE_STAGE2_BANK16,106,F0,0.0,0.0,7.336961984634399,0.0001902523508761078,0.0,5.7441939134150743e-05,30
SLAKE_STAGE2_BANK16,106,F0,0.0,0.0,7.5350565910339355,0.00019929019617848098,0.0,5.8186862588627264e-05,31
SLAKE_STAGE2_BANK16,106,F0,0.0,0.0,7.756900310516357,0.00018458854174241424,0.0,5.8261446611140855e-05,32
SLAKE_STAGE2_BANK16,106,F0,0.0,0.0,7.9771788120269775,0.00025012760306708515,0.0,7.039027332211845e-05,33
SLAKE_STAGE2_BANK16,106,F0,0.0,0.0,8.200481176376343,0.00019872630946338177,0.0,5.799321115773637e-05,34
SLAKE_STAGE2_BANK16,106,F0,0.0,0.0,8.423653841018677,0.00020039634546265006,0.0,5.8514622651273385e-05,35
SLAKE_STAGE2_BANK16,106,F0,0.0,0.0,8.644875526428223,0.00020449163275770843,0.0,5.824651452712715e-05,36
SLAKE_STAGE2_BANK16,106,F0,0.0,0.0,8.869041681289673,0.0002465081342961639,0.0,7.021144119789824e-05,37
SLAKE_STAGE2_BANK16,106,F0,0.0,0.0,9.090064287185669,0.00019726314349099994,0.0,5.8738203733810224e-05,38
SLAKE_STAGE2_BANK16,106,F0,0.0,0.0,9.31301236152649,0.00022011309920344502,0.0,5.933411011938006e-05,39
SLAKE_STAGE2_BANK16,106,F0,0.0,0.0,9.533952474594116,0.00021317793289199471,0.0,5.978123408567626e-05,40
SLAKE_STAGE2_BANK16,106,F0,0.0,0.0,9.776837587356567,0.00026566596352495253,0.0,7.180573811638169e-05,41
SLAKE_STAGE2_BANK16,106,F0,0.0,0.0,9.998332023620605,0.00020320777548477054,0.0,6.0049422245356254e-05,42
SLAKE_STAGE2_BANK16,106,F0,0.0,0.0,10.22262692451477,0.0002080631529679522,0.0,6.027282688592095e-05,43
SLAKE_STAGE2_BANK16,106,F0,0.0,0.0,10.444701194763184,0.00021039752755314112,0.0,6.034744728822261e-05,44
SLAKE_STAGE2_BANK16,106,F0,0.0,0.0,10.675934314727783,0.00027527150814421475,0.0,7.1850427048048e-05,45
SLAKE_STAGE2_BANK16,106,F0,0.0,0.0,10.898499965667725,0.00019750803767237812,0.0,5.920011426496785e-05,46
SLAKE_STAGE2_BANK16,106,F0,0.0,0.0,11.121403932571411,0.00020457850769162178,0.0,5.897651681152638e-05,47
SLAKE_STAGE2_BANK16,106,F0,0.0,0.0,11.336193799972534,0.00018765182176139206,0.0,5.888725536351558e-05,48
SLAKE_STAGE2_BANK16,106,F0,0.0,0.0,11.556110382080078,0.000254298240179196,0.0,7.085212928359397e-05,49
SLAKE_STAGE2_BANK16,106,F0,0.0,0.0,11.780801773071289,0.00019257226085755974,0.0,5.8246523622074164e-05,50
SLAKE_STAGE2_BANK16,106,F0,0.0,0.0,11.995965957641602,0.00019235967192798853,0.0,5.8753024859470315e-05,51
SLAKE_STAGE2_BANK16,106,F0,0.0,0.0,12.216370582580566,0.00018238043412566185,0.0,5.943856558587868e-05,52
SLAKE_STAGE2_BANK16,106,F0,0.0,0.0,12.435802221298218,0.0002607764909043908,0.0,7.171633842517622e-05,53
SLAKE_STAGE2_BANK16,106,F0,0.0,0.0,12.658766984939575,0.00018000774434767663,0.0,5.826143569720443e-05,54
SLAKE_STAGE2_BANK16,106,F0,0.0,0.0,12.855623483657837,0.0002023200213443488,0.0,5.911064909014385e-05,55
SLAKE_STAGE2_BANK16,106,F0,0.0,0.0,13.073508739471436,0.0001968405704246834,0.0,5.9855783547391184e-05,56
SLAKE_STAGE2_BANK16,106,F0,0.0,0.0,13.295600652694702,0.00029448888381011784,0.0,7.202924462035298e-05,57
SLAKE_STAGE2_BANK16,106,F0,0.0,0.0,13.517778635025024,0.0001809189561754465,0.0,5.7993234804598615e-05,58
SLAKE_STAGE2_BANK16,106,F0,0.0,0.0,13.740464448928833,0.0002006007416639477,0.0,5.8469931900617667e-05,59
SLAKE_STAGE2_BANK16,106,F0,0.0,0.0,13.961731672286987,0.0001900533534353599,0.0,5.881276592845097e-05,60
SLAKE_STAGE2_BANK16,106,F0,0.0,0.0,14.204883098602295,0.00029530408210121095,0.0,7.137362626963295e-05,61
SLAKE_STAGE2_BANK16,106,F0,0.0,0.0,14.426411151885986,0.0001835143193602562,0.0,5.7263107009930536e-05,62
SLAKE_STAGE2_BANK16,106,F0,0.0,0.0,14.650173664093018,0.00018315549823455513,0.0,5.769510971731506e-05,63
SLAKE_STAGE2_BANK16,106,F0,0.0,0.0,14.870843410491943,0.00017850095173344016,0.0,5.800813414680306e-05,64
SLAKE_STAGE2_BANK16,106,F0,0.0,0.0,15.092756986618042,0.0002647991350386292,0.0,7.025611193967052e-05,65
SLAKE_STAGE2_BANK16,106,F0,0.0,0.0,15.316422939300537,0.0001818119635572657,0.0,5.674159729096573e-05,66
SLAKE_STAGE2_BANK16,106,F0,0.0,0.0,15.537770986557007,0.00018473704403731972,0.0,5.7128892876789905e-05,67
SLAKE_STAGE2_BANK16,106,F0,0.0,0.0,15.759802103042603,0.00018852365610655397,0.0,5.768031951447483e-05,68
SLAKE_STAGE2_BANK16,106,F0,0.0,0.0,15.981450080871582,0.0002595886471681297,0.0,6.986870721448213e-05,69
SLAKE_STAGE2_BANK16,106,F0,0.0,0.0,16.200509786605835,0.00016989272262435406,0.0,5.632437932945322e-05,70
SLAKE_STAGE2_BANK16,106,F0,0.0,0.0,16.427709817886353,0.0001899881026474759,0.0,5.74566893192241e-05,71
SLAKE_STAGE2_BANK16,106,F0,0.0,0.0,16.648454666137695,0.00018331845058128238,0.0,5.805282671644818e-05,72
SLAKE_STAGE2_BANK16,106,F0,0.0,0.0,16.87066888809204,0.00027007286553271115,0.0,7.031572386040352e-05,73
SLAKE_STAGE2_BANK16,106,F0,0.0,0.0,17.0922954082489,0.0001941816444741562,0.0,5.7635594203020446e-05,74
SLAKE_STAGE2_BANK16,106,F0,0.0,0.0,17.315908908843994,0.00018795562209561467,0.0,5.8455003454582766e-05,75
SLAKE_STAGE2_BANK16,106,F0,0.0,0.0,17.538888216018677,0.00021668335830327123,0.0,5.954284279141575e-05,76
SLAKE_STAGE2_BANK16,106,F0,0.0,0.0,17.7602698802948,0.0003029666841030121,0.0,7.15077439963352e-05,77
SLAKE_STAGE2_BANK16,106,F0,0.0,0.0,17.98378014564514,0.00018403620924800634,0.0,5.8782921769306995e-05,78
SLAKE_STAGE2_BANK16,106,F0,0.0,0.0,18.205068588256836,0.0002042911946773529,0.0,5.8842422731686383e-05,79
SLAKE_STAGE2_BANK16,106,F0,0.0,0.0,18.42698049545288,0.00019686901941895485,0.0,6.0213353208382614e-05,80
SLAKE_STAGE2_BANK16,106,F0,0.0,0.0,18.67794442176819,0.0003007762134075165,0.0,7.13885310688056e-05,81
SLAKE_STAGE2_BANK16,106,F0,0.0,0.0,18.900890111923218,0.00019949358829762787,0.0,5.845510349899996e-05,82
SLAKE_STAGE2_BANK16,106,F0,0.0,0.0,19.124959468841553,0.0001928019046317786,0.0,5.863380283699371e-05,83
SLAKE_STAGE2_BANK16,106,F0,0.0,0.0,19.354504823684692,0.000204201671294868,0.0,5.937893547525164e-05,84
SLAKE_STAGE2_BANK16,106,F0,0.0,0.0,19.57704448699951,0.00027568585937842727,0.0,6.913859760970809e-05,85
SLAKE_STAGE2_BANK16,106,F0,0.0,0.0,19.799574851989746,0.00020206018234603107,0.0,5.668196899932809e-05,86
SLAKE_STAGE2_BANK16,106,F0,0.0,0.0,20.023157358169556,0.00018482479208614677,0.0,5.708418757421896e-05,87
SLAKE_STAGE2_BANK16,106,F0,0.0,0.0,20.24391269683838,0.0001875452435342595,0.0,5.799322207167279e-05,88
SLAKE_STAGE2_BANK16,106,F0,0.0,0.0,20.46762704849243,0.00024738823412917554,0.0,6.769327774236444e-05,89
SLAKE_STAGE2_BANK16,106,F0,0.0,0.0,20.691811084747314,0.00016577365749981254,0.0,5.5638958656345494e-05,90
SLAKE_STAGE2_BANK16,106,F0,0.0,0.0,20.921864986419678,0.00017283156921621412,0.0,5.659248745359946e-05,91
SLAKE_STAGE2_BANK16,106,F0,0.0,0.0,21.14388608932495,0.00017969237524084747,0.0,5.821673221362289e-05,92
SLAKE_STAGE2_BANK16,106,F0,0.0,0.0,21.36712646484375,0.000248465541517362,0.0,6.78720862197224e-05,93
SLAKE_STAGE2_BANK16,106,F0,0.0,0.0,21.589139461517334,0.00015772460028529167,0.0,5.5907170462887734e-05,94
SLAKE_STAGE2_BANK16,106,F0,0.0,0.0,21.810108184814453,0.00017250943346880376,0.0,5.7486518926452845e-05,95
SLAKE_STAGE2_BANK16,106,F0,0.0,0.0,22.032445430755615,0.00019440897449385375,0.0,5.99749600951327e-05,96
SLAKE_STAGE2_BANK16,106,F0,0.0,0.0,22.254179000854492,0.00027286435943096876,0.0,6.979419049457647e-05,97
SLAKE_STAGE2_BANK16,106,F0,0.0,0.0,22.47697925567627,0.00017142058641184121,0.0,5.7203496908186935e-05,98
SLAKE_STAGE2_BANK16,106,F0,0.0,0.0,22.699715614318848,0.00017694500274956226,0.0,5.8216632169205695e-05,99
SLAKE_STAGE2_BANK16,106,F0,0.0,0.0,22.921485662460327,0.00020220664737280458,0.0,6.06305620749481e-05,100
SLAKE_STAGE2_BANK16,106,F0,0.0,0.0,23.155099153518677,0.0002818558714352548,0.0,6.966008731978945e-05,101
SLAKE_STAGE2_BANK16,106,F0,0.0,0.0,23.376157522201538,0.0001593946508364752,0.0,5.6622382544446737e-05,102
SLAKE_STAGE2_BANK16,106,F0,0.0,0.0,23.599539041519165,0.00017945660511031747,0.0,5.745670750911813e-05,103
SLAKE_STAGE2_BANK16,106,F0,0.0,0.0,23.823388814926147,0.000185101613169536,0.0,5.975143540126737e-05,104
SLAKE_STAGE2_BANK16,106,F0,0.0,0.0,24.04433846473694,0.00024884790764190257,0.0,6.803595169913024e-05,105
SLAKE_STAGE2_BANK16,106,F0,0.0,0.0,24.267699003219604,0.0001679884153418243,0.0,5.557933582167607e-05,106
SLAKE_STAGE2_BANK16,106,F0,0.0,0.0,24.48936653137207,0.00017283928173128515,0.0,5.715868610423058e-05,107
SLAKE_STAGE2_BANK16,106,F0,0.0,0.0,24.711397171020508,0.00018560991156846285,0.0,5.8842520957114175e-05,108
SLAKE_STAGE2_BANK16,106,F0,0.0,0.0,24.933143854141235,0.00023800405324436724,0.0,6.837862747488543e-05,109
SLAKE_STAGE2_BANK16,106,F0,0.0,0.0,25.15803599357605,0.00016776117263361812,0.0,5.577302545134444e-05,110
SLAKE_STAGE2_BANK16,106,F0,0.0,0.0,25.38009285926819,0.00018251058645546436,0.0,5.7158682466251776e-05,111
SLAKE_STAGE2_BANK16,106,F0,0.0,0.0,25.602814197540283,0.0001919035130413249,0.0,5.985573443467729e-05,112
SLAKE_STAGE2_BANK16,106,F0,0.0,0.0,25.825145483016968,0.00027303819661028683,0.0,6.951102841412649e-05,113
SLAKE_STAGE2_BANK16,106,F0,0.0,0.0,26.04944086074829,0.00017728835518937558,0.0,5.660744500346482e-05,114
SLAKE_STAGE2_BANK16,106,F0,0.0,0.0,26.27650737762451,0.0001868887775344774,0.0,5.8708306823973544e-05,115
SLAKE_STAGE2_BANK16,106,F0,0.0,0.0,26.502509117126465,0.00020547601161524653,0.0,6.106263572291937e-05,116
SLAKE_STAGE2_BANK16,106,F0,0.0,0.0,26.723283052444458,0.00028702543932013214,0.0,7.071790969348513e-05,117
SLAKE_STAGE2_BANK16,106,F0,0.0,0.0,26.94591736793518,0.00017211047816090286,0.0,5.742694338550791e-05,118
SLAKE_STAGE2_BANK16,106,F0,0.0,0.0,27.168427228927612,0.00018225269741378725,0.0,5.9423497077659704e-05,119
SLAKE_STAGE2_BANK16,106,F0,0.0,0.0,27.390098571777344,0.00021391654445324093,0.0,6.188210682012141e-05,120
SLAKE_STAGE2_BANK16,106,F0,0.0,0.0,27.633286476135254,0.00028456372092477977,0.0,7.068809645716101e-05,121
SLAKE_STAGE2_BANK16,106,F0,0.0,0.0,27.85726022720337,0.0001825825747800991,0.0,5.723321737605147e-05,122
SLAKE_STAGE2_BANK16,106,F0,0.0,0.0,28.078367710113525,0.00017422875680495054,0.0,5.9214884458924644e-05,123
SLAKE_STAGE2_BANK16,106,F0,0.0,0.0,28.30047035217285,0.00021632610878441483,0.0,6.167348510643933e-05,124
SLAKE_STAGE2_BANK16,106,F0,0.0,0.0,28.534860134124756,0.0002443673147354275,0.0,7.021128840278834e-05,125
SLAKE_STAGE2_BANK16,106,F0,0.0,0.0,28.756210803985596,0.00017620707512833178,0.0,5.7113995353574865e-05,126
SLAKE_STAGE2_BANK16,106,F0,0.0,0.0,28.97905397415161,0.00019106414401903749,0.0,5.967676952423062e-05,127
SLAKE_STAGE2_BANK16,106,F0,0.0,0.0,29.20179796218872,0.00022321891447063535,0.0,6.198636219778564e-05,128
SLAKE_STAGE2_BANK16,106,F0,0.0,0.0,29.424461364746094,0.00023851031437516212,0.0,6.961529652471654e-05,129
SLAKE_STAGE2_BANK16,106,F0,0.0,0.0,29.644782543182373,0.00018506348715163767,0.0,5.750138916482683e-05,130
SLAKE_STAGE2_BANK16,106,F0,0.0,0.0,29.865397453308105,0.00017644991748966277,0.0,5.997479456709698e-05,131
SLAKE_STAGE2_BANK16,106,F0,0.0,0.0,30.090943098068237,0.00023574942315462977,0.0,6.270157973631285e-05,132
SLAKE_STAGE2_BANK16,106,F0,0.0,0.0,30.312293767929077,0.00026737627922557294,0.0,7.004740473348647e-05,133
SLAKE_STAGE2_BANK16,106,F0,0.0,0.0,30.535009622573853,0.00018272566376253963,0.0,5.8589130276232027e-05,134
SLAKE_STAGE2_BANK16,106,F0,0.0,0.0,30.75873565673828,0.00018961878959089518,0.0,6.134564682724886e-05,135
SLAKE_STAGE2_BANK16,106,F0,0.0,0.0,30.979547262191772,0.0002509061014279723,0.0,6.364031287375838e-05,136
SLAKE_STAGE2_BANK16,106,F0,0.0,0.0,31.20280385017395,0.0002916186349466443,0.0,7.207379167084582e-05,137
SLAKE_STAGE2_BANK16,106,F0,0.0,0.0,31.42383861541748,0.00020398727792780846,0.0,6.0168558775330894e-05,138
SLAKE_STAGE2_BANK16,106,F0,0.0,0.0,31.64767622947693,0.00021230710262898356,0.0,6.358067548717372e-05,139
SLAKE_STAGE2_BANK16,106,F0,0.0,0.0,31.868812561035156,0.00024397419474553317,0.0,6.532401494041551e-05,140
SLAKE_STAGE2_BANK16,106,F0,0.0,0.0,32.102215051651,0.000368127366527915,0.0,7.344453479163349e-05,141
SLAKE_STAGE2_BANK16,106,F0,0.0,0.0,32.321686029434204,0.0002211566607002169,0.0,6.0287737142061815e-05,142
SLAKE_STAGE2_BANK16,106,F0,0.0,0.0,32.54884600639343,0.00019948836416006088,0.0,6.359556937240995e-05,143
SLAKE_STAGE2_BANK16,106,F0,0.0,0.0,32.77054452896118,0.00027575346757657826,0.0,6.47577726340387e-05,144
SLAKE_STAGE2_BANK16,106,F0,0.0,0.0,32.989381313323975,0.0003172605356667191,0.0,7.17757357051596e-05,145
SLAKE_STAGE2_BANK16,106,F0,0.0,0.0,33.216224670410156,0.00019126097322441638,0.0,5.917020462220535e-05,146
SLAKE_STAGE2_BANK16,106,F0,0.0,0.0,33.43767786026001,0.00021676102187484503,0.0,6.423625927709509e-05,147
SLAKE_STAGE2_BANK16,106,F0,0.0,0.0,33.660597801208496,0.00026265502674505115,0.0,6.523454067064449e-05,148
SLAKE_STAGE2_BANK16,106,F0,0.0,0.0,33.88084864616394,0.0003161669010296464,0.0,7.29677194613032e-05,149
SLAKE_STAGE2_BANK16,106,F0,0.0,0.0,34.103471994400024,0.00024291132285725325,0.0,6.149463115434628e-05,150
SLAKE_STAGE2_BANK16,106,F0,0.0,0.0,34.32595491409302,0.0002532384532969445,0.0,6.776761074434035e-05,151
SLAKE_STAGE2_BANK16,106,F0,0.0,0.0,34.548635721206665,0.0003105569048784673,0.0,6.797615787945688e-05,152
SLAKE_STAGE2_BANK16,106,F0,0.0,0.0,34.76995539665222,0.0003776890516746789,0.0,7.533681491622701e-05,153
SLAKE_STAGE2_BANK16,106,F0,0.0,0.0,34.991788148880005,0.000261296343524009,0.0,6.241844130272511e-05,154
SLAKE_STAGE2_BANK16,106,F0,0.0,0.0,35.213958501815796,0.0002797254710458219,0.0,6.951094655960333e-05,155
SLAKE_STAGE2_BANK16,106,F0,0.0,0.0,35.43602395057678,0.00029310930403880775,0.0,6.751426371920388e-05,156
SLAKE_STAGE2_BANK16,106,F0,0.0,0.0,35.64527893066406,0.0003796491655521095,0.0,7.39361930754967e-05,157
SLAKE_STAGE2_BANK16,106,F0,0.0,0.0,35.862189531326294,0.00025299316621385515,0.0,6.174793634272646e-05,158
SLAKE_STAGE2_BANK16,106,F0,0.0,0.0,36.08384919166565,0.0002502890711184591,0.0,6.845305870228913e-05,159
SLAKE_STAGE2_BANK16,106,F0,0.0,0.0,36.30648684501648,0.0002488383906893432,0.0,6.568155731656589e-05,160
SLAKE_STAGE2_BANK16,106,F1,2.6606032848358154,0.11234129965305328,0.7511370182037354,6.282931804656982,0.0,6.940691309864633e-05,1
SLAKE_STAGE2_BANK16,106,F1,2.662644863128662,0.003314373316243291,1.4822185039520264,6.053689002990723,0.0,5.282293204800226e-05,2
SLAKE_STAGE2_BANK16,106,F1,2.4731709957122803,0.033126525580883026,2.1761820316314697,6.4997453689575195,0.0,5.6845978178898804e-05,3
SLAKE_STAGE2_BANK16,106,F1,2.4434401988983154,0.12020238488912582,2.9547019004821777,6.237643718719482,0.0,5.960251837677788e-05,4
SLAKE_STAGE2_BANK16,106,F1,2.2006399631500244,0.11503391712903976,3.3977150917053223,6.643677711486816,0.0,8.102864740067162e-05,5
SLAKE_STAGE2_BANK16,106,F1,2.1217494010925293,0.0033101197332143784,3.8553338050842285,6.759503364562988,0.0,6.381912680808455e-05,6
SLAKE_STAGE2_BANK16,106,F1,2.0022287368774414,0.10383963584899902,4.320956468582153,6.835819721221924,0.0,6.921285603311844e-05,7
SLAKE_STAGE2_BANK16,106,F1,1.9844839572906494,0.027965057641267776,4.7742908000946045,6.532485008239746,0.0,7.40701871109195e-05,8
SLAKE_STAGE2_BANK16,106,F1,1.720674753189087,0.09420369565486908,5.225475549697876,6.859944820404053,0.0,0.00010464385559316725,9
SLAKE_STAGE2_BANK16,106,F1,1.6341384649276733,0.026526568457484245,5.66915225982666,6.978081226348877,0.0,8.572145088692196e-05,10
SLAKE_STAGE2_BANK16,106,F1,1.6317542791366577,0.0032579165417701006,6.11125373840332,6.71165132522583,0.0,9.385634257341735e-05,11
SLAKE_STAGE2_BANK16,106,F1,1.3537846803665161,0.0968565046787262,6.564884424209595,6.85649299621582,0.0,0.0001022295473376289,12
SLAKE_STAGE2_BANK16,106,F1,1.263219952583313,0.024138253182172775,7.013639688491821,6.891343593597412,0.0,0.0001484447202528827,13
SLAKE_STAGE2_BANK16,106,F1,1.2668342590332031,0.09408905357122421,7.469058990478516,6.831705570220947,0.0,0.0001246516731043812,14
SLAKE_STAGE2_BANK16,106,F1,1.0017445087432861,0.0032259507570415735,7.941938877105713,6.363321304321289,0.0,0.00013881931226933375,15
SLAKE_STAGE2_BANK16,106,F1,1.0238940715789795,0.06672769784927368,8.377260208129883,6.786942005157471,0.0,0.00015258452913258225,16
SLAKE_STAGE2_BANK16,106,F1,0.7932018637657166,0.0032354199793189764,8.81691026687622,5.508299827575684,0.0,0.00022422410256695002,17
SLAKE_STAGE2_BANK16,106,F1,0.7156740427017212,0.06084279716014862,9.267252922058105,5.165005683898926,0.0,0.00019183741096640006,18
SLAKE_STAGE2_BANK16,106,F1,0.6776760816574097,0.08784788101911545,9.720956087112427,6.112642765045166,0.0,0.00021313788602128625,19
SLAKE_STAGE2_BANK16,106,F1,0.5494799613952637,0.020563682541251183,10.164915323257446,3.9946396350860596,0.0,0.0002309519550180994,20
SLAKE_STAGE2_BANK16,106,F1,0.49679452180862427,0.05377676337957382,10.63173770904541,3.866234540939331,0.0,0.0003377023385837674,21
SLAKE_STAGE2_BANK16,106,F1,0.4015648365020752,0.020015371963381767,11.076401472091675,4.288680076599121,0.0,0.0002829487493727356,22
SLAKE_STAGE2_BANK16,106,F1,0.3894394338130951,0.08381344377994537,11.531418800354004,3.348649501800537,0.0,0.0003100243484368548,23
SLAKE_STAGE2_BANK16,106,F1,0.34198758006095886,0.0032417187467217445,11.978413581848145,2.9427785873413086,0.0,0.0003229340654797852,24
SLAKE_STAGE2_BANK16,106,F1,0.2965768873691559,0.003238846082240343,12.431761264801025,2.8305788040161133,0.0,0.00046143264626152813,25
SLAKE_STAGE2_BANK16,106,F1,0.26192137598991394,0.019363775849342346,12.874067068099976,2.4531524181365967,0.0,0.00037325518496800214,26
SLAKE_STAGE2_BANK16,106,F1,0.17149105668067932,0.08256477862596512,13.327169179916382,1.759405255317688,0.0,0.0003980799810960889,27
SLAKE_STAGE2_BANK16,106,F1,0.14701883494853973,0.047515880316495895,13.762980699539185,1.5100865364074707,0.0,0.0003931325481971726,28
SLAKE_STAGE2_BANK16,106,F1,0.15879777073860168,0.019592374563217163,14.207721471786499,1.7091079950332642,0.0,0.0005432339385151863,29
SLAKE_STAGE2_BANK16,106,F1,0.14262284338474274,0.04802293702960014,14.651046991348267,1.4994349479675293,0.0,0.00043024464685004205,30
SLAKE_STAGE2_BANK16,106,F1,0.11344538629055023,0.0033027403987944126,15.095032691955566,1.2490497827529907,0.0,0.00045146710181143135,31
SLAKE_STAGE2_BANK16,106,F1,0.07990165054798126,0.08503171801567078,15.55174469947815,0.8960856795310974,0.0,0.00043292369809933007,32
SLAKE_STAGE2_BANK16,106,F1,0.0880863294005394,0.020427929237484932,15.995133638381958,1.0059300661087036,0.0,0.0005736427556257695,33
SLAKE_STAGE2_BANK16,106,F1,0.07433832436800003,0.0034066170919686556,16.441990852355957,0.8770821690559387,0.0,0.00045185662747826427,34
SLAKE_STAGE2_BANK16,106,F1,0.056524306535720825,0.05402733013033867,16.894969701766968,0.6564489603042603,0.0,0.00047154717321973294,35
SLAKE_STAGE2_BANK16,106,F1,0.043658547103405,0.09043760597705841,17.350759029388428,0.5498007535934448,0.0,0.00044314563274383545,36
SLAKE_STAGE2_BANK16,106,F1,0.040654562413692474,0.003540431149303913,17.793709993362427,0.4935309588909149,0.0,0.0005633204127661884,37
SLAKE_STAGE2_BANK16,106,F1,0.03225046768784523,0.05978972837328911,18.228414058685303,0.4192297160625458,0.0,0.00045738920744042844,38
SLAKE_STAGE2_BANK16,106,F1,0.03248743340373039,0.023436211049556732,18.66577649116516,0.44596150517463684,0.0,0.000476556655485183,39
SLAKE_STAGE2_BANK16,106,F1,0.024059630930423737,0.09632405638694763,19.120623350143433,0.3155975341796875,0.0,0.0004447140672709793,40
SLAKE_STAGE2_BANK16,106,F1,0.02385665476322174,0.06648421287536621,19.583019256591797,0.3366527259349823,0.0,0.0005521876446437091,41
SLAKE_STAGE2_BANK16,106,F1,0.01916263997554779,0.02536138705909252,20.029443979263306,0.241654172539711,0.0,0.0004666965105570853,42
SLAKE_STAGE2_BANK16,106,F1,0.016753781586885452,0.10067656636238098,20.484054565429688,0.21079933643341064,0.0,0.0004896556492894888,43
SLAKE_STAGE2_BANK16,106,F1,0.015471103601157665,0.0037517419550567865,20.927351236343384,0.21936354041099548,0.0,0.0004623372806236148,44
SLAKE_STAGE2_BANK16,106,F1,0.01293512899428606,0.07546575367450714,21.361024141311646,0.15629512071609497,0.0,0.0005651301617035642,45
SLAKE_STAGE2_BANK16,106,F1,0.012030050158500671,0.1042238399386406,21.817207098007202,0.16548368334770203,0.0,0.0005020451644668356,46
SLAKE_STAGE2_BANK16,106,F1,0.01061436627060175,0.0037900239694863558,22.269284963607788,0.12265707552433014,0.0,0.0005198594008106738,47
SLAKE_STAGE2_BANK16,106,F1,0.009706668555736542,0.029024934396147728,22.706403732299805,0.1140146255493164,0.0,0.0005051641492173076,48
SLAKE_STAGE2_BANK16,106,F1,0.008856523782014847,0.02960006147623062,23.158203840255737,0.10264525562524796,0.0,0.0005946656019659713,49
SLAKE_STAGE2_BANK16,106,F1,0.008327699266374111,0.003876120550557971,23.59586000442505,0.09034132212400436,0.0,0.0005642821633955464,50
SLAKE_STAGE2_BANK16,106,F1,0.007465631701052189,0.08726897090673447,24.0515079498291,0.0931130200624466,0.0,0.0005758675251854584,51
SLAKE_STAGE2_BANK16,106,F1,0.007262083701789379,0.10974249243736267,24.52172541618347,0.0769796222448349,0.0,0.000566019443795085,52
SLAKE_STAGE2_BANK16,106,F1,0.0066552357748150826,0.08999556303024292,24.96979308128357,0.07213139533996582,0.0,0.0006490465020760894,53
SLAKE_STAGE2_BANK16,106,F1,0.005982269998639822,0.03211580589413643,25.431373357772827,0.06966301053762436,0.0,0.0006381995626725256,54
SLAKE_STAGE2_BANK16,106,F1,0.005903402343392372,0.11111671477556229,25.890357732772827,0.061827804893255234,0.0,0.0006405929889297113,55
SLAKE_STAGE2_BANK16,106,F1,0.0053519802168011665,0.004035167396068573,26.34450626373291,0.060664206743240356,0.0,0.0006366110901581123,56
SLAKE_STAGE2_BANK16,106,F1,0.005663104820996523,0.033354587852954865,26.81219458580017,0.061991751194000244,0.0,0.0007111535815056413,57
SLAKE_STAGE2_BANK16,106,F1,0.004815329797565937,0.11225288361310959,27.274024724960327,0.05219815671443939,0.0,0.0007231391791719943,58
SLAKE_STAGE2_BANK16,106,F1,0.0048789335414767265,0.0960846096277237,27.728022575378418,0.05012588948011398,0.0,0.0007050725980661809,59
SLAKE_STAGE2_BANK16,106,F1,0.005041014868766069,0.0040715835057199,28.180705070495605,0.05765068531036377,0.0,0.000709894418832846,60
SLAKE_STAGE2_BANK16,106,F1,0.0042368629947304726,0.11312682926654816,28.65552544593811,0.0447159968316555,0.0,0.0007742600573692471,61
SLAKE_STAGE2_BANK16,106,F1,0.004715580027550459,0.03474797308444977,29.099209785461426,0.055844955146312714,0.0,0.0007990316662471741,62
SLAKE_STAGE2_BANK16,106,F1,0.004230085294693708,0.09778763353824615,29.537052392959595,0.043045129626989365,0.0,0.0007651694759260863,63
SLAKE_STAGE2_BANK16,106,F1,0.004095925949513912,0.004107335116714239,29.98986506462097,0.03842015191912651,0.0,0.0007755683327559382,64
SLAKE_STAGE2_BANK16,106,F1,0.004311643075197935,0.09819358587265015,30.42478656768799,0.055491212755441666,0.0,0.000823572016088292,65
SLAKE_STAGE2_BANK16,106,F1,0.0035841919016093016,0.004109302535653114,30.87078547477722,0.035287708044052124,0.0,0.0008635612321086228,66
SLAKE_STAGE2_BANK16,106,F1,0.0034866787027567625,0.11370314657688141,31.315287828445435,0.03498256206512451,0.0,0.0008188344072550535,67
SLAKE_STAGE2_BANK16,106,F1,0.0036708838306367397,0.035541851073503494,31.760817527770996,0.03311833366751671,0.0,0.000832338584586978,68
SLAKE_STAGE2_BANK16,106,F1,0.0038646855391561985,0.09878619760274887,32.20393180847168,0.05170050263404846,0.0,0.0008668610244058073,69
SLAKE_STAGE2_BANK16,106,F1,0.003219651523977518,0.00410181051120162,32.64405822753906,0.03085135668516159,0.0,0.000913461612071842,70
SLAKE_STAGE2_BANK16,106,F1,0.0036801397800445557,0.11340857297182083,33.10551166534424,0.04775730147957802,0.0,0.0008482234843540937,71
SLAKE_STAGE2_BANK16,106,F1,0.0033715732861310244,0.03576173260807991,33.55017685890198,0.030082587152719498,0.0,0.0008736380550544709,72
SLAKE_STAGE2_BANK16,106,F1,0.0030204160138964653,0.004122263751924038,34.00334072113037,0.029096785932779312,0.0,0.0008920070249587297,73
SLAKE_STAGE2_BANK16,106,F1,0.0034319355618208647,0.11286165565252304,34.45927596092224,0.04424102604389191,0.0,0.0009514020930510014,74
SLAKE_STAGE2_BANK16,106,F1,0.0031839576549828053,0.03586623817682266,34.90339541435242,0.02858654595911503,0.0,0.0008734882576391101,75
SLAKE_STAGE2_BANK16,106,F1,0.002881846856325865,0.09841524809598923,35.34588670730591,0.030640877783298492,0.0,0.000886492314748466,76
SLAKE_STAGE2_BANK16,106,F1,0.003240839811041951,0.1127566322684288,35.80299139022827,0.041154276579618454,0.0,0.0009138775058090687,77
SLAKE_STAGE2_BANK16,106,F1,0.0030201177578419447,0.004109152127057314,36.24661898612976,0.027095342054963112,0.0,0.0009696373017504811,78
SLAKE_STAGE2_BANK16,106,F1,0.003129740012809634,0.09731774032115936,36.69060659408569,0.042963907122612,0.0,0.0008846120326779783,79
SLAKE_STAGE2_BANK16,106,F1,0.0029404540546238422,0.035792674869298935,37.13547348976135,0.025676768273115158,0.0,0.0009029678476508707,80
SLAKE_STAGE2_BANK16,106,F1,0.002665207488462329,0.004110186826437712,37.61110711097717,0.025122128427028656,0.0,0.0009135415893979371,81
SLAKE_STAGE2_BANK16,106,F1,0.002858668565750122,0.035720400512218475,38.05512857437134,0.025598691776394844,0.0,0.0009765064169187099,82
SLAKE_STAGE2_BANK16,106,F1,0.002892009448260069,0.11137613654136658,38.509785652160645,0.036361489444971085,0.0,0.0008791433647274971,83
SLAKE_STAGE2_BANK16,106,F1,0.0025344311725348234,0.09615921974182129,38.95315337181091,0.02776687778532505,0.0,0.0009030243963934481,84
SLAKE_STAGE2_BANK16,106,F1,0.002520316746085882,0.09516283124685287,39.398146629333496,0.027210790663957596,0.0,0.0009090440580621362,85
SLAKE_STAGE2_BANK16,106,F1,0.0027745834086090326,0.1110183596611023,39.85326051712036,0.03449283912777901,0.0,0.0009728056320454925,86
SLAKE_STAGE2_BANK16,106,F1,0.0027060494758188725,0.004157882649451494,40.305954694747925,0.02406867779791355,0.0,0.0008704873616807163,87
SLAKE_STAGE2_BANK16,106,F1,0.002444465411826968,0.03521459922194481,40.752747774124146,0.022288275882601738,0.0,0.0009017007541842759,88
SLAKE_STAGE2_BANK16,106,F1,0.002624086569994688,0.004147393628954887,41.19636130332947,0.023304959759116173,0.0,0.0009021182777360082,89
SLAKE_STAGE2_BANK16,106,F1,0.0026240081060677767,0.11021736264228821,41.65174198150635,0.03223377838730812,0.0,0.0009607351385056973,90
SLAKE_STAGE2_BANK16,106,F1,0.002362858736887574,0.09255876392126083,42.0952787399292,0.026356616988778114,0.0,0.0008573216618970037,91
SLAKE_STAGE2_BANK16,106,F1,0.0025582711677998304,0.034748394042253494,42.531405210494995,0.028946595266461372,0.0,0.00088936896645464,92
SLAKE_STAGE2_BANK16,106,F1,0.0025358167476952076,0.09182162582874298,42.97460103034973,0.026565177366137505,0.0,0.0008952280913945287,93
SLAKE_STAGE2_BANK16,106,F1,0.0023142783902585506,0.004058573395013809,43.41836166381836,0.021984105929732323,0.0,0.0009490879601798952,94
SLAKE_STAGE2_BANK16,106,F1,0.0024496540427207947,0.10876622796058655,43.86392092704773,0.02907801792025566,0.0,0.000835091108456254,95
SLAKE_STAGE2_BANK16,106,F1,0.002470944309607148,0.03447166085243225,44.307759046554565,0.021458834409713745,0.0,0.0008740533667150885,96
SLAKE_STAGE2_BANK16,106,F1,0.0024026348255574703,0.034337133169174194,44.7452449798584,0.026427101343870163,0.0,0.0008731004199944437,97
SLAKE_STAGE2_BANK16,106,F1,0.0024351878091692924,0.004121089354157448,45.188942432403564,0.021686118096113205,0.0,0.0009220025676768273,98
SLAKE_STAGE2_BANK16,106,F1,0.002203433308750391,0.08887647092342377,45.623138427734375,0.02460920624434948,0.0,0.0008168629428837448,99
SLAKE_STAGE2_BANK16,106,F1,0.0023932261392474174,0.10768724232912064,46.08143901824951,0.021771779283881187,0.0,0.0008527899335604161,100
SLAKE_STAGE2_BANK16,106,F1,0.002168534090742469,0.03420519083738327,46.554534673690796,0.019657094031572342,0.0,0.0008478554373141378,101
SLAKE_STAGE2_BANK16,106,F1,0.0022793372627347708,0.004086346365511417,46.99778366088867,0.02465505711734295,0.0,0.0009071660169865936,102
SLAKE_STAGE2_BANK16,106,F1,0.0022466895170509815,0.08709907531738281,47.44404745101929,0.02879372239112854,0.0,0.0007955969485919923,103
SLAKE_STAGE2_BANK16,106,F1,0.002129692817106843,0.10667917132377625,47.90031695365906,0.02021941728889942,0.0,0.0008284788054879755,104
SLAKE_STAGE2_BANK16,106,F1,0.002294696168974042,0.004072988405823708,48.34224462509155,0.02014126628637314,0.0,0.0008343269873876125,105
SLAKE_STAGE2_BANK16,106,F1,0.0022006728686392307,0.03385370224714279,48.79061794281006,0.0237591452896595,0.0,0.0008804838871583343,106
SLAKE_STAGE2_BANK16,106,F1,0.0020748015958815813,0.0856161117553711,49.24397802352905,0.023167094215750694,0.0,0.000774189451476559,107
SLAKE_STAGE2_BANK16,106,F1,0.002255164785310626,0.10600441694259644,49.70079469680786,0.02042962983250618,0.0,0.0008114436350297183,108
SLAKE_STAGE2_BANK16,106,F1,0.0022307182662189007,0.08430420607328415,50.151551485061646,0.0232651736587286,0.0,0.0008071481715887785,109
SLAKE_STAGE2_BANK16,106,F1,0.0021170242689549923,0.033389151096343994,50.59542632102966,0.0225380752235651,0.0,0.0008475504291709512,110
SLAKE_STAGE2_BANK16,106,F1,0.0020364210940897465,0.1050335243344307,51.05291795730591,0.019166642799973488,0.0,0.0007504839304601774,111
SLAKE_STAGE2_BANK16,106,F1,0.0020083431154489517,0.004009873140603304,51.49746608734131,0.018045799806714058,0.0,0.0007856331067159772,112
SLAKE_STAGE2_BANK16,106,F1,0.0021922956220805645,0.0039947242476046085,51.94928693771362,0.019006047397851944,0.0,0.0007900493510533124,113
SLAKE_STAGE2_BANK16,106,F1,0.002042858861386776,0.03294558823108673,52.396342754364014,0.021418923512101173,0.0,0.0008291055855806917,114
SLAKE_STAGE2_BANK16,106,F1,0.0019777058623731136,0.08186575025320053,52.83129692077637,0.02196945808827877,0.0,0.0007273125374922529,115
SLAKE_STAGE2_BANK16,106,F1,0.0020097638480365276,0.10415931791067123,53.27657222747803,0.021945547312498093,0.0,0.0007645082660019398,116
SLAKE_STAGE2_BANK16,106,F1,0.0021251302678138018,0.03271148353815079,53.72124934196472,0.018244439736008644,0.0,0.0007686674071010202,117
SLAKE_STAGE2_BANK16,106,F1,0.001973568694666028,0.003946973942220211,54.156524896621704,0.02019306644797325,0.0,0.0008013159967958927,118
SLAKE_STAGE2_BANK16,106,F1,0.001926615135744214,0.10329507291316986,54.6115288734436,0.017987610772252083,0.0,0.0007029751577647403,119
SLAKE_STAGE2_BANK16,106,F1,0.002092542825266719,0.08015845715999603,55.04531168937683,0.022066131234169006,0.0,0.0007440769986715168,120
SLAKE_STAGE2_BANK16,106,F1,0.001919946982525289,0.003955531865358353,55.51185965538025,0.01730727031826973,0.0,0.0007469022239092737,121
SLAKE_STAGE2_BANK16,106,F1,0.002068127039819956,0.032349854707717896,55.947978496551514,0.017933588474988937,0.0,0.0007819613965693861,122
SLAKE_STAGE2_BANK16,106,F1,0.0019219443202018738,0.10267707705497742,56.4118275642395,0.0205941591411829,0.0,0.0006848951306892559,123
SLAKE_STAGE2_BANK16,106,F1,0.002041513565927744,0.07822971045970917,56.85684847831726,0.02137402445077896,0.0,0.0007242179126478732,124
SLAKE_STAGE2_BANK16,106,F1,0.0018791761249303818,0.00408957852050662,57.300671339035034,0.018277445808053017,0.0,0.0007284427701961249,125
SLAKE_STAGE2_BANK16,106,F1,0.001866083825007081,0.031838349997997284,57.73788833618164,0.016806401312351227,0.0,0.0007591864850837737,126
SLAKE_STAGE2_BANK16,106,F1,0.0020153287332504988,0.10169345140457153,58.198962926864624,0.018189266324043274,0.0,0.0006633726443396881,127
SLAKE_STAGE2_BANK16,106,F1,0.0018336385255679488,0.07682619988918304,58.644174098968506,0.022315798327326775,0.0,0.00070496293483302,128
SLAKE_STAGE2_BANK16,106,F1,0.0018194466829299927,0.10123898088932037,59.100640058517456,0.01654963567852974,0.0,0.0007087595877237618,129
SLAKE_STAGE2_BANK16,106,F1,0.0019814460538327694,0.004034212790429592,59.55470156669617,0.016960155218839645,0.0,0.000731645297491923,130
SLAKE_STAGE2_BANK16,106,F1,0.0018123078625649214,0.07554573565721512,59.99698877334595,0.022116173058748245,0.0,0.0006450567016145214,131
SLAKE_STAGE2_BANK16,106,F1,0.0017927053850144148,0.03121132031083107,60.44317817687988,0.015437210910022259,0.0,0.0006832499639131129,132
SLAKE_STAGE2_BANK16,106,F1,0.0017926215659826994,0.031279630959033966,60.880345821380615,0.015670228749513626,0.0,0.0006952143157832325,133
SLAKE_STAGE2_BANK16,106,F1,0.001930347876623273,0.10035641491413116,61.3415641784668,0.017609326168894768,0.0,0.0007129565055947751,134
SLAKE_STAGE2_BANK16,106,F1,0.0017550637712702155,0.07424478232860565,61.78840637207031,0.02138800173997879,0.0,0.0006281479872995988,135
SLAKE_STAGE2_BANK16,106,F1,0.0017670942470431328,0.003977903630584478,62.23110818862915,0.015278209000825882,0.0,0.000666135543724522,136
SLAKE_STAGE2_BANK16,106,F1,0.0018972415709868073,0.09970743209123611,62.676753520965576,0.01667098142206669,0.0,0.000675558956572786,137
SLAKE_STAGE2_BANK16,106,F1,0.0017225171905010939,0.030971497297286987,63.12278699874878,0.016683248803019524,0.0,0.0006978076708037406,138
SLAKE_STAGE2_BANK16,106,F1,0.0017188226338475943,0.07236623764038086,63.5564501285553,0.020860066637396812,0.0,0.000612623305642046,139
SLAKE_STAGE2_BANK16,106,F1,0.0018781507387757301,0.003916846122592688,64.00167489051819,0.015432429499924183,0.0,0.0006490642408607528,140
SLAKE_STAGE2_BANK16,106,F1,0.0017183093586936593,0.00391177786514163,64.49805116653442,0.015129647217690945,0.0,0.0006586728850379586,141
SLAKE_STAGE2_BANK16,106,F1,0.0017183462623506784,0.0988750234246254,64.95239305496216,0.016194773837924004,0.0,0.0006802328571211547,142
SLAKE_STAGE2_BANK16,106,F1,0.001679463079199195,0.07090124487876892,65.39372682571411,0.020167628303170204,0.0,0.0005904869030928239,143
SLAKE_STAGE2_BANK16,106,F1,0.001833639107644558,0.03044287860393524,65.843017578125,0.015032482333481312,0.0,0.0006308496231213212,144
SLAKE_STAGE2_BANK16,106,F1,0.001678518601693213,0.0699123665690422,66.28727340698242,0.017616214230656624,0.0,0.0006432539084926248,145
SLAKE_STAGE2_BANK16,106,F1,0.0016437204321846366,0.030269458889961243,66.73415732383728,0.015560305677354336,0.0,0.0006631330761592835,146
SLAKE_STAGE2_BANK16,106,F1,0.0018010244239121675,0.003907227423042059,67.1776556968689,0.014767051674425602,0.0,0.0005781395157100633,147
SLAKE_STAGE2_BANK16,106,F1,0.0016304862219840288,0.09755832701921463,67.62219882011414,0.01655413955450058,0.0,0.0006165319064166397,148
SLAKE_STAGE2_BANK16,106,F1,0.00165473367087543,0.09755312651395798,68.06686544418335,0.014836414717137814,0.0,0.000635207281447947,149
SLAKE_STAGE2_BANK16,106,F1,0.001778150675818324,0.030065540224313736,68.5012047290802,0.014874965883791447,0.0,0.0006459150172304362,150
SLAKE_STAGE2_BANK16,106,F1,0.0017730211839079857,0.0678442195057869,68.94704580307007,0.018391959369182587,0.0,0.0005613685789285228,151
SLAKE_STAGE2_BANK16,106,F1,0.001631513936445117,0.003870515152812004,69.39223647117615,0.013851473107933998,0.0,0.0006012286758050323,152
SLAKE_STAGE2_BANK16,106,F1,0.0015872729709371924,0.0038825436495244503,69.83519840240479,0.014433990232646465,0.0,0.0006231618754100055,153
SLAKE_STAGE2_BANK16,106,F1,0.0015680475626140833,0.029716789722442627,70.28063225746155,0.014571856707334518,0.0,0.000627893052296713,154
SLAKE_STAGE2_BANK16,106,F1,0.0016114572063088417,0.06666755676269531,70.72545528411865,0.017209189012646675,0.0,0.0005494065262610093,155
SLAKE_STAGE2_BANK16,106,F1,0.0017282485496252775,0.09624543786048889,71.17042970657349,0.015242856927216053,0.0,0.0005894660134799778,156
SLAKE_STAGE2_BANK16,106,F1,0.0015937937423586845,0.09604235738515854,71.62454867362976,0.01428132876753807,0.0,0.0006083036278141662,157
SLAKE_STAGE2_BANK16,106,F1,0.0017102595884352922,0.029500767588615417,72.06931591033936,0.014248572289943695,0.0,0.0006155497103463858,158
SLAKE_STAGE2_BANK16,106,F1,0.0015421005664393306,0.0038953775074332952,72.51376700401306,0.013730463571846485,0.0,0.0005362288648029789,159
SLAKE_STAGE2_BANK16,106,F1,0.00168467010371387,0.06544235348701477,72.94825005531311,0.01722203567624092,0.0,0.0005758592014899477,160
SLAKE_STAGE2_BANK16,106,F2,2.6606032848358154,0.11234129965305328,0.7827973365783691,6.676860809326172,1.911919355392456,6.940691309864633e-05,1
SLAKE_STAGE2_BANK16,106,F2,2.6626341342926025,0.003314465982839465,1.5113332271575928,6.431497097015381,1.9127495288848877,5.2763331041205674e-05,2
SLAKE_STAGE2_BANK16,106,F2,2.4730324745178223,0.03331005200743675,2.179657220840454,6.905674934387207,1.794110894203186,5.686088479706086e-05,3
SLAKE_STAGE2_BANK16,106,F2,2.4410550594329834,0.120270274579525,2.8036179542541504,6.627906799316406,1.7741857767105103,5.9542917369981296e-05,4
SLAKE_STAGE2_BANK16,106,F2,2.201406240463257,0.11500543355941772,3.420123338699341,7.058148384094238,1.624268651008606,8.129685011226684e-05,5
SLAKE_STAGE2_BANK16,106,F2,2.1232635974884033,0.0033167805522680283,4.04732871055603,7.188275337219238,1.5747339725494385,6.401283826562576e-05,6
SLAKE_STAGE2_BANK16,106,F2,2.0031492710113525,0.10384606570005417,4.683314561843872,7.269235134124756,1.4991949796676636,6.927245522092562e-05,7
SLAKE_STAGE2_BANK16,106,F2,1.9854395389556885,0.028016146272420883,5.302821397781372,6.943443298339844,1.4890180826187134,7.408508827211335e-05,8
SLAKE_STAGE2_BANK16,106,F2,1.7206764221191406,0.09444560110569,5.927721738815308,7.299322605133057,1.3212661743164062,0.00010459915938554332,9
SLAKE_STAGE2_BANK16,106,F2,1.63408625125885,0.026519134640693665,6.551845550537109,7.4186201095581055,1.2654134035110474,8.575124957133085e-05,10
SLAKE_STAGE2_BANK16,106,F2,1.6312522888183594,0.0032667049672454596,7.177760601043701,7.136340141296387,1.2667038440704346,9.434798266738653e-05,11
SLAKE_STAGE2_BANK16,106,F2,1.3552454710006714,0.09697641432285309,7.80547833442688,7.3077616691589355,1.085802435874939,0.000102706271718489,12
SLAKE_STAGE2_BANK16,106,F2,1.2632794380187988,0.024266531690955162,8.42795181274414,7.351433753967285,1.023415207862854,0.00014825104881310835,13
SLAKE_STAGE2_BANK16,106,F2,1.2659393548965454,0.0940900593996048,9.059038162231445,7.271611213684082,1.035212755203247,0.00012554550266941078,14
SLAKE_STAGE2_BANK16,106,F2,1.0006177425384521,0.0032379846088588238,9.685433626174927,6.832577705383301,0.8393933773040771,0.00013916200259700418,15
SLAKE_STAGE2_BANK16,106,F2,1.0238664150238037,0.06655429303646088,10.301729440689087,7.237743377685547,0.8779973983764648,0.00015259944120771252,16
SLAKE_STAGE2_BANK16,106,F2,0.7911229729652405,0.003263348015025258,10.924959897994995,5.983805179595947,0.6661332845687866,0.00022474551224149764,17
SLAKE_STAGE2_BANK16,106,F2,0.7158569693565369,0.060888614505529404,11.545732498168945,5.638193607330322,0.5894940495491028,0.00019240353867644444,18
SLAKE_STAGE2_BANK16,106,F2,0.6756463646888733,0.087974414229393,12.173654794692993,6.584288120269775,0.6321857571601868,0.0002145083708455786,19
SLAKE_STAGE2_BANK16,106,F2,0.5532552003860474,0.020637191832065582,12.794428586959839,4.43110466003418,0.3894004225730896,0.00023230705119203776,20
SLAKE_STAGE2_BANK16,106,F2,0.49963968992233276,0.053291454911231995,13.460625886917114,4.268655300140381,0.307101309299469,0.0003411873331060633,21
SLAKE_STAGE2_BANK16,106,F2,0.40124019980430603,0.019824862480163574,14.092993974685669,4.7520623207092285,0.37670236825942993,0.0002872082404792309,22
SLAKE_STAGE2_BANK16,106,F2,0.39254456758499146,0.08360963314771652,14.720858573913574,3.688627004623413,0.1205514669418335,0.0003158922554575838,23
SLAKE_STAGE2_BANK16,106,F2,0.3466549217700958,0.003274792805314064,15.344275712966919,3.2592666149139404,0.021667122840881348,0.0003318987728562206,24
SLAKE_STAGE2_BANK16,106,F2,0.3041892945766449,0.0032451441511511803,15.974738359451294,2.885408878326416,0.0,0.0004782570176757872,25
SLAKE_STAGE2_BANK16,106,F2,0.26823073625564575,0.019220277667045593,16.601410627365112,2.5002858638763428,0.0,0.000387639767723158,26
SLAKE_STAGE2_BANK16,106,F2,0.17267252504825592,0.08196764439344406,17.236546277999878,1.736109972000122,0.0,0.00041490659350529313,27
SLAKE_STAGE2_BANK16,106,F2,0.14797209203243256,0.04629608988761902,17.857203245162964,1.4976729154586792,0.0,0.0004135320195928216,28
SLAKE_STAGE2_BANK16,106,F2,0.16411897540092468,0.019363798201084137,18.482893466949463,1.7654885053634644,0.0,0.0005750922427978367,29
SLAKE_STAGE2_BANK16,106,F2,0.14771166443824768,0.046758975833654404,19.109747409820557,1.5491012334823608,0.0,0.00045082104043103755,30
SLAKE_STAGE2_BANK16,106,F2,0.1176270991563797,0.003317442489787936,19.73490858078003,1.296472430229187,0.0,0.0004760786105180159,31
SLAKE_STAGE2_BANK16,106,F2,0.0816064178943634,0.08406849205493927,20.361871004104614,0.9099234342575073,0.0,0.00045169968507252634,32
SLAKE_STAGE2_BANK16,106,F2,0.09087010473012924,0.020116794854402542,20.98827815055847,1.0327736139297485,0.0,0.0006111412367317826,33
SLAKE_STAGE2_BANK16,106,F2,0.07666509598493576,0.0034034179989248514,21.61125421524048,0.8998938798904419,0.0,0.0004751279338961467,34
SLAKE_STAGE2_BANK16,106,F2,0.05837346240878105,0.05245357006788254,22.235783100128174,0.6771374344825745,0.0,0.0004941485094605014,35
SLAKE_STAGE2_BANK16,106,F2,0.04439220577478409,0.08946659415960312,22.867306232452393,0.5563232898712158,0.0,0.00046329028555192053,36
SLAKE_STAGE2_BANK16,106,F2,0.04205043241381645,0.003555693430826068,23.487496852874756,0.5083897709846497,0.0,0.0005963995936326683,37
SLAKE_STAGE2_BANK16,106,F2,0.032964952290058136,0.05795779451727867,24.111377716064453,0.4291432797908783,0.0,0.00047881511272862554,38
SLAKE_STAGE2_BANK16,106,F2,0.03335022181272507,0.023086339235305786,24.735558032989502,0.45529627799987793,0.0,0.000499635047162883,39
SLAKE_STAGE2_BANK16,106,F2,0.024497902020812035,0.0955510213971138,25.36568522453308,0.32152074575424194,0.0,0.0004651128692785278,40
SLAKE_STAGE2_BANK16,106,F2,0.02448016032576561,0.06439405679702759,26.00412392616272,0.34455376863479614,0.0,0.0005782861553598195,41
SLAKE_STAGE2_BANK16,106,F2,0.019675295799970627,0.024838026612997055,26.629631280899048,0.24793876707553864,0.0,0.00048696098383516073,42
SLAKE_STAGE2_BANK16,106,F2,0.01715576834976673,0.09960850328207016,27.25575280189514,0.21533085405826569,0.0,0.000512167825945653,43
SLAKE_STAGE2_BANK16,106,F2,0.015991386026144028,0.0037527973763644695,27.87633776664734,0.22722278535366058,0.0,0.0004826908407267183,44
SLAKE_STAGE2_BANK16,106,F2,0.013149494305253029,0.07372693717479706,28.500991582870483,0.16032442450523376,0.0,0.0005881007527932525,45
SLAKE_STAGE2_BANK16,106,F2,0.012407926842570305,0.10362641513347626,29.139347314834595,0.17164766788482666,0.0,0.0005200887244427577,46
SLAKE_STAGE2_BANK16,106,F2,0.010735241696238518,0.0038548954762518406,29.76377248764038,0.12523162364959717,0.0,0.0005423098045866936,47
SLAKE_STAGE2_BANK16,106,F2,0.009837591089308262,0.028680723160505295,30.38136339187622,0.11592060327529907,0.0,0.0005254985007923096,48
SLAKE_STAGE2_BANK16,106,F2,0.0089827636256814,0.029306335374712944,31.003028869628906,0.10443287342786789,0.0,0.0006195542227942497,49
SLAKE_STAGE2_BANK16,106,F2,0.008368780836462975,0.003879609052091837,31.627705812454224,0.09105234593153,0.0,0.0005822939710924402,50
SLAKE_STAGE2_BANK16,106,F2,0.007542920298874378,0.0853806734085083,32.251272201538086,0.09458018094301224,0.0,0.0005978636763757095,51
SLAKE_STAGE2_BANK16,106,F2,0.00734472181648016,0.10877745598554611,32.88033866882324,0.07800251245498657,0.0,0.000586600013775751,52
SLAKE_STAGE2_BANK16,106,F2,0.006699543446302414,0.08762901276350021,33.50293445587158,0.07277058064937592,0.0,0.0006765020953025669,53
SLAKE_STAGE2_BANK16,106,F2,0.00607865396887064,0.03169012814760208,34.12785005569458,0.07148496806621552,0.0,0.0006626904360018671,54
SLAKE_STAGE2_BANK16,106,F2,0.00596272898837924,0.11064703017473221,34.76133060455322,0.06268764287233353,0.0,0.0006608886469621211,55
SLAKE_STAGE2_BANK16,106,F2,0.005370207130908966,0.003989804070442915,35.37785458564758,0.06115652993321419,0.0,0.0006616914324695244,56
SLAKE_STAGE2_BANK16,106,F2,0.005665888078510761,0.032827433198690414,36.00587701797485,0.061480507254600525,0.0,0.0007384778000414371,57
SLAKE_STAGE2_BANK16,106,F2,0.0048614381812512875,0.11177606880664825,36.64034557342529,0.052875667810440063,0.0,0.0007453732250723988,58
SLAKE_STAGE2_BANK16,106,F2,0.004914305172860622,0.09407445043325424,37.25673198699951,0.050658583641052246,0.0,0.0007308820204343647,59
SLAKE_STAGE2_BANK16,106,F2,0.005049734376370907,0.004027326125651598,37.87718415260315,0.057486895471811295,0.0,0.0007383712072623894,60
SLAKE_STAGE2_BANK16,106,F2,0.004277021624147892,0.1127198189496994,38.52998661994934,0.045219313353300095,0.0,0.000799469678895548,61
SLAKE_STAGE2_BANK16,106,F2,0.004746220540255308,0.03429243713617325,39.148873805999756,0.055416740477085114,0.0,0.0008249792153947055,62
SLAKE_STAGE2_BANK16,106,F2,0.004243643023073673,0.09608109295368195,39.77006721496582,0.04321163892745972,0.0,0.0007919661002233624,63
SLAKE_STAGE2_BANK16,106,F2,0.00413077836856246,0.004084286745637655,40.4034206867218,0.03868580609560013,0.0,0.0008101137063931674,64
SLAKE_STAGE2_BANK16,106,F2,0.004331025294959545,0.09685273468494415,41.03565049171448,0.0555029958486557,0.0,0.0008589625358581543,65
SLAKE_STAGE2_BANK16,106,F2,0.0035941912792623043,0.004093572497367859,41.65473699569702,0.03556707873940468,0.0,0.0009046838677022606,66
SLAKE_STAGE2_BANK16,106,F2,0.0035032418090850115,0.11298880726099014,42.2852783203125,0.0353064127266407,0.0,0.0008502635173499584,67
SLAKE_STAGE2_BANK16,106,F2,0.0036862988490611315,0.0352228581905365,42.90788507461548,0.03350946679711342,0.0,0.0008575015235692263,68
SLAKE_STAGE2_BANK16,106,F2,0.00387941999360919,0.09734073281288147,43.53396129608154,0.05151679366827011,0.0,0.0008971266797743738,69
SLAKE_STAGE2_BANK16,106,F2,0.003236393677070737,0.004107327200472355,44.16228890419006,0.03142579272389412,0.0,0.0009506900096312165,70
SLAKE_STAGE2_BANK16,106,F2,0.0037100245244801044,0.11298146843910217,44.79484295845032,0.048331115394830704,0.0,0.0008849049045238644,71
SLAKE_STAGE2_BANK16,106,F2,0.003388295415788889,0.0355021134018898,45.42802906036377,0.030318375676870346,0.0,0.000894330587470904,72
SLAKE_STAGE2_BANK16,106,F2,0.0030410303734242916,0.004093465860933065,46.055264949798584,0.029730087146162987,0.0,0.0009272347379010171,73
SLAKE_STAGE2_BANK16,106,F2,0.0034402930177748203,0.1127270758152008,46.6854031085968,0.044858694076538086,0.0,0.000993263558484614,74
SLAKE_STAGE2_BANK16,106,F2,0.0031965128146111965,0.03570718690752983,47.306806325912476,0.02898225747048855,0.0,0.00090124795679003,75
SLAKE_STAGE2_BANK16,106,F2,0.002888438291847706,0.0970364362001419,47.9289870262146,0.030792923644185066,0.0,0.0009258849022444338,76
SLAKE_STAGE2_BANK16,106,F2,0.0032331787515431643,0.11252299696207047,48.56204843521118,0.041034262627363205,0.0,0.0009394019725732505,77
SLAKE_STAGE2_BANK16,106,F2,0.0030280794017016888,0.004093395546078682,49.18463969230652,0.027537604793906212,0.0,0.001007184066111222,78
SLAKE_STAGE2_BANK16,106,F2,0.003110875841230154,0.0959770604968071,49.815041303634644,0.042777169495821,0.0,0.0009100597235374153,79
SLAKE_STAGE2_BANK16,106,F2,0.002952073235064745,0.03552016615867615,50.43665289878845,0.02611592970788479,0.0,0.0009377362439408898,80
SLAKE_STAGE2_BANK16,106,F2,0.002662440063431859,0.004069169517606497,51.092159032821655,0.02543608844280243,0.0,0.0009447554766666144,81
SLAKE_STAGE2_BANK16,106,F2,0.0028613528702408075,0.03552240878343582,51.71627926826477,0.025922872126102448,0.0,0.0010101587977260351,82
SLAKE_STAGE2_BANK16,106,F2,0.0029113884083926678,0.11142519116401672,52.34425187110901,0.03695292770862579,0.0,0.0009103618212975562,83
SLAKE_STAGE2_BANK16,106,F2,0.0025625769048929214,0.09455685317516327,52.96615290641785,0.027917740866541862,0.0,0.0009300774254370481,84
SLAKE_STAGE2_BANK16,106,F2,0.0025231570471078157,0.09409025311470032,53.585487842559814,0.02738785743713379,0.0,0.0009369805920869112,85
SLAKE_STAGE2_BANK16,106,F2,0.0027748309075832367,0.11069655418395996,54.21266412734985,0.034728679805994034,0.0,0.0010045499366242439,86
SLAKE_STAGE2_BANK16,106,F2,0.00269431434571743,0.004055488854646683,54.836817026138306,0.024193784222006798,0.0,0.0008939352701418102,87
SLAKE_STAGE2_BANK16,106,F2,0.0024370644241571426,0.03460386395454407,55.46571755409241,0.022655291482806206,0.0,0.0009247566922567785,88
SLAKE_STAGE2_BANK16,106,F2,0.0026422154624015093,0.004025093279778957,56.083046674728394,0.023659076541662216,0.0,0.0009267329296562821,89
SLAKE_STAGE2_BANK16,106,F2,0.0026088219601660967,0.10992949455976486,56.7098388671875,0.032489851117134094,0.0,0.0009914154361467808,90
SLAKE_STAGE2_BANK16,106,F2,0.002380459336563945,0.09190462529659271,57.32664132118225,0.026540454477071762,0.0,0.0008777942857705057,91
SLAKE_STAGE2_BANK16,106,F2,0.002544861054047942,0.03452364727854729,57.953940868377686,0.029348062351346016,0.0,0.0009096296853385866,92
SLAKE_STAGE2_BANK16,106,F2,0.0025280569680035114,0.09125173091888428,58.57617473602295,0.026604579761624336,0.0,0.0009131579427048564,93
SLAKE_STAGE2_BANK16,106,F2,0.0023068732116371393,0.004025240428745747,59.1966392993927,0.022311503067612648,0.0,0.0009682032687123865,94
SLAKE_STAGE2_BANK16,106,F2,0.0024688723497092724,0.10857179015874863,59.827805519104004,0.029623068869113922,0.0,0.0008559962443541735,95
SLAKE_STAGE2_BANK16,106,F2,0.0024647421669214964,0.034360453486442566,60.45030212402344,0.021651724353432655,0.0,0.0008872328908182681,96
SLAKE_STAGE2_BANK16,106,F2,0.002392580732703209,0.03440948575735092,61.07223463058472,0.026568669825792313,0.0,0.0008887409348972142,97
SLAKE_STAGE2_BANK16,106,F2,0.002428856212645769,0.004108445718884468,61.70253133773804,0.021969305351376534,0.0,0.0009434677776880562,98
SLAKE_STAGE2_BANK16,106,F2,0.002202409552410245,0.08795411884784698,62.320448875427246,0.024792524054646492,0.0,0.000839906366309151,99
SLAKE_STAGE2_BANK16,106,F2,0.0023973453789949417,0.10753226280212402,62.958938121795654,0.022046586498618126,0.0,0.0008683256164658815,100
SLAKE_STAGE2_BANK16,106,F2,0.002162474673241377,0.03420497104525566,63.601290464401245,0.019899656996130943,0.0,0.0008674087875988334,101
SLAKE_STAGE2_BANK16,106,F2,0.002276662038639188,0.004058840684592724,64.23056125640869,0.02526845410466194,0.0,0.000920873339055106,102
SLAKE_STAGE2_BANK16,106,F2,0.0022641608957201242,0.08656920492649078,64.85634565353394,0.0290700513869524,0.0,0.0008088285685516894,103
SLAKE_STAGE2_BANK16,106,F2,0.0021291172597557306,0.10683797299861908,65.49689817428589,0.020337101072072983,0.0,0.0008413168834522367,104
SLAKE_STAGE2_BANK16,106,F2,0.002291127573698759,0.004073049873113632,66.12265872955322,0.02026073820888996,0.0,0.0008494794019497931,105
SLAKE_STAGE2_BANK16,106,F2,0.0021843858994543552,0.03370075672864914,66.74171876907349,0.023853255435824394,0.0,0.000893315183930099,106
SLAKE_STAGE2_BANK16,106,F2,0.002092957030981779,0.08479426801204681,67.36668920516968,0.023254595696926117,0.0,0.0007849048124626279,107
SLAKE_STAGE2_BANK16,106,F2,0.0022515307646244764,0.10584762692451477,68.00018572807312,0.02048858255147934,0.0,0.0008168133208528161,108
SLAKE_STAGE2_BANK16,106,F2,0.00224803457967937,0.08408423513174057,68.61907935142517,0.023407606407999992,0.0,0.0008213495602831244,109
SLAKE_STAGE2_BANK16,106,F2,0.002107516396790743,0.03327111154794693,69.24398112297058,0.022804642096161842,0.0,0.0008669541566632688,110
SLAKE_STAGE2_BANK16,106,F2,0.0020338594913482666,0.1052357405424118,69.884920835495,0.019346611574292183,0.0,0.0007639735122211277,111
SLAKE_STAGE2_BANK16,106,F2,0.0020102972630411386,0.003989686258137226,70.51150870323181,0.01814591884613037,0.0,0.0007969990838319063,112
SLAKE_STAGE2_BANK16,106,F2,0.0021863006986677647,0.003993097227066755,71.13257932662964,0.019130606204271317,0.0,0.0007967982674017549,113
SLAKE_STAGE2_BANK16,106,F2,0.002047888468950987,0.03276165574789047,71.75045728683472,0.021644143387675285,0.0,0.0008421946840826422,114
SLAKE_STAGE2_BANK16,106,F2,0.0019740662537515163,0.08143565058708191,72.37508153915405,0.02203160524368286,0.0,0.0007385026256088167,115
SLAKE_STAGE2_BANK16,106,F2,0.002016836777329445,0.10405527800321579,73.00800132751465,0.022059639915823936,0.0,0.0007737455598544329,116
SLAKE_STAGE2_BANK16,106,F2,0.0021264473907649517,0.03257344663143158,73.62677121162415,0.018406616523861885,0.0,0.0007819064776413143,117
SLAKE_STAGE2_BANK16,106,F2,0.0019845454953610897,0.004003365058451891,74.25179409980774,0.020537497475743294,0.0,0.0008149253262672573,118
SLAKE_STAGE2_BANK16,106,F2,0.0019455741858109832,0.10345941036939621,74.88997006416321,0.01829001121222973,0.0,0.0007203516433946788,119
SLAKE_STAGE2_BANK16,106,F2,0.0020871369633823633,0.07974818348884583,75.51579236984253,0.02205388806760311,0.0,0.0007537509081885219,120
SLAKE_STAGE2_BANK16,106,F2,0.0019182609394192696,0.003957976587116718,76.15547323226929,0.017360441386699677,0.0,0.0007554197509307414,121
SLAKE_STAGE2_BANK16,106,F2,0.002064013620838523,0.03210299462080002,76.78131318092346,0.018069405108690262,0.0,0.0007940115465316921,122
SLAKE_STAGE2_BANK16,106,F2,0.0019172925967723131,0.10255090147256851,77.42764830589294,0.020685765892267227,0.0,0.0006883619207656011,123
SLAKE_STAGE2_BANK16,106,F2,0.0020297509618103504,0.07835564017295837,78.0518684387207,0.021474113687872887,0.0,0.0007294951938092709,124
SLAKE_STAGE2_BANK16,106,F2,0.0018856653477996588,0.003949892241507769,78.67830204963684,0.018484555184841156,0.0,0.0007398441957775503,125
SLAKE_STAGE2_BANK16,106,F2,0.0018635641317814589,0.031958408653736115,79.30553412437439,0.01689642295241356,0.0,0.0007663844153285027,126
SLAKE_STAGE2_BANK16,106,F2,0.0020026606507599354,0.10197257250547409,79.94250154495239,0.01825183629989624,0.0,0.0006740611861459911,127
SLAKE_STAGE2_BANK16,106,F2,0.0018518402939662337,0.07671010494232178,80.563307762146,0.022519992664456367,0.0,0.0007096197223290801,128
SLAKE_STAGE2_BANK16,106,F2,0.0018331336323171854,0.10136701911687851,81.1946485042572,0.01679421402513981,0.0,0.0007116754713933915,129
SLAKE_STAGE2_BANK16,106,F2,0.001971819205209613,0.003990897908806801,81.82240557670593,0.017077842727303505,0.0,0.0007459743646904826,130
SLAKE_STAGE2_BANK16,106,F2,0.0018201300408691168,0.07541898638010025,82.44903659820557,0.022264495491981506,0.0,0.0006507064681500196,131
SLAKE_STAGE2_BANK16,106,F2,0.0018087478820234537,0.03137517720460892,83.07239103317261,0.015682293102145195,0.0,0.0006920761661604047,132
SLAKE_STAGE2_BANK16,106,F2,0.0017890834715217352,0.03126789256930351,83.69015979766846,0.015617127530276775,0.0,0.0006980421603657305,133
SLAKE_STAGE2_BANK16,106,F2,0.0019251962658017874,0.10017561912536621,84.32827615737915,0.01783156767487526,0.0,0.0007230342889670283,134
SLAKE_STAGE2_BANK16,106,F2,0.0017555553931742907,0.0738392174243927,84.95306491851807,0.02143940143287182,0.0,0.0006321507244138047,135
SLAKE_STAGE2_BANK16,106,F2,0.0017655035480856895,0.003972186706960201,85.57499170303345,0.015467572957277298,0.0,0.0006761255790479481,136
SLAKE_STAGE2_BANK16,106,F2,0.0018958020955324173,0.09972911328077316,86.21795439720154,0.016837580129504204,0.0,0.0006852259393781424,137
SLAKE_STAGE2_BANK16,106,F2,0.0017301492625847459,0.030746128410100937,86.84396362304688,0.016891121864318848,0.0,0.000701525277690962,138
SLAKE_STAGE2_BANK16,106,F2,0.001717807725071907,0.07261098176240921,87.47193360328674,0.02087518572807312,0.0,0.000615569282672368,139
SLAKE_STAGE2_BANK16,106,F2,0.0018696874612942338,0.003907737787812948,88.09688138961792,0.015469701029360294,0.0,0.0006519658927572891,140
SLAKE_STAGE2_BANK16,106,F2,0.001717263599857688,0.003912937827408314,88.738609790802,0.015184177085757256,0.0,0.000666044739773497,141
SLAKE_STAGE2_BANK16,106,F2,0.0017134668305516243,0.09871447086334229,89.38110041618347,0.016246799379587173,0.0,0.0006864930910523981,142
SLAKE_STAGE2_BANK16,106,F2,0.001678375294432044,0.07069431990385056,90.00485014915466,0.02030637115240097,0.0,0.000597754493355751,143
SLAKE_STAGE2_BANK16,106,F2,0.0018396585946902633,0.030328184366226196,90.63281893730164,0.015217646025121212,0.0,0.000635414820862934,144
SLAKE_STAGE2_BANK16,106,F2,0.001691539422608912,0.07011925429105759,91.25972056388855,0.017587607726454735,0.0,0.0006486817146651447,145
SLAKE_STAGE2_BANK16,106,F2,0.0016496818279847503,0.030132485553622246,91.89073944091797,0.01580413430929184,0.0,0.0006671941373497248,146
SLAKE_STAGE2_BANK16,106,F2,0.0017977129900828004,0.0038631258066743612,92.51407742500305,0.014827989973127842,0.0,0.0005826745327794924,147
SLAKE_STAGE2_BANK16,106,F2,0.001636376022361219,0.09775526821613312,93.14171767234802,0.01661067269742489,0.0,0.0006206950783962384,148
SLAKE_STAGE2_BANK16,106,F2,0.0016535734757781029,0.09758792072534561,93.77703404426575,0.014936956577003002,0.0,0.0006397276592906564,149
SLAKE_STAGE2_BANK16,106,F2,0.0017724388744682074,0.029907090589404106,94.40105128288269,0.014886254444718361,0.0,0.0006497802096419036,150
SLAKE_STAGE2_BANK16,106,F2,0.0017697119619697332,0.06802998483181,95.02389025688171,0.018466461449861526,0.0,0.0005688612145604566,151
SLAKE_STAGE2_BANK16,106,F2,0.0016252336790785193,0.003849766217172146,95.65750074386597,0.014013581909239292,0.0,0.0006056455167708918,152
SLAKE_STAGE2_BANK16,106,F2,0.0015864934539422393,0.0038633057847619057,96.28638982772827,0.01452150009572506,0.0,0.0006248113058973104,153
SLAKE_STAGE2_BANK16,106,F2,0.0015764156123623252,0.029713433235883713,96.91849827766418,0.014788726344704628,0.0,0.0006321308028418571,154
SLAKE_STAGE2_BANK16,106,F2,0.0016021238407120109,0.06681902706623077,97.53526973724365,0.017188752070069313,0.0,0.0005527846078621224,155
SLAKE_STAGE2_BANK16,106,F2,0.001723219989798963,0.09648353606462479,98.16742753982544,0.015264361165463924,0.0,0.0005916680674999952,156
SLAKE_STAGE2_BANK16,106,F2,0.0015839847037568688,0.09619113057851791,98.7999312877655,0.014164887368679047,0.0,0.0006117109733168036,157
SLAKE_STAGE2_BANK16,106,F2,0.0017206885386258364,0.029399462044239044,99.43349266052246,0.014322011731564999,0.0,0.000614375137956813,158
SLAKE_STAGE2_BANK16,106,F2,0.0015349346213042736,0.0038934603799134493,100.05894422531128,0.01360162254422903,0.0,0.000538236869033426,159
SLAKE_STAGE2_BANK16,106,F2,0.0016988115385174751,0.06513670086860657,100.68326497077942,0.017361070960760117,0.0,0.0005780762585345656,160
SLAKE_STAGE2_BANK16,107,F0,0.0,0.0,0.3478541374206543,0.0005578461568802595,0.0,0.0001639772017369978,1
SLAKE_STAGE2_BANK16,107,F0,0.0,0.0,0.6189601421356201,0.0007541961967945099,0.0,0.00020064679847564548,2
SLAKE_STAGE2_BANK16,107,F0,0.0,0.0,0.8921034336090088,0.0007151449681259692,0.0,0.00018483194435248151,3
SLAKE_STAGE2_BANK16,107,F0,0.0,0.0,1.1654174327850342,0.0005845114355906844,0.0,0.0001662422000663355,4
SLAKE_STAGE2_BANK16,107,F0,0.0,0.0,1.3880159854888916,0.0005025442223995924,0.0,0.00015329006419051439,5
SLAKE_STAGE2_BANK16,107,F0,0.0,0.0,1.6102616786956787,0.0006519717862829566,0.0,0.00018672242731554434,6
SLAKE_STAGE2_BANK16,107,F0,0.0,0.0,1.8289868831634521,0.0006464857142418623,0.0,0.0001722786109894514,7
SLAKE_STAGE2_BANK16,107,F0,0.0,0.0,2.0529189109802246,0.0005557659897021949,0.0,0.00015825666923774406,8
SLAKE_STAGE2_BANK16,107,F0,0.0,0.0,2.27508282661438,0.0005011503235436976,0.0,0.00014621822629123926,9
SLAKE_STAGE2_BANK16,107,F0,0.0,0.0,2.4971768856048584,0.0005959600675851107,0.0,0.0001782802792149596,10
SLAKE_STAGE2_BANK16,107,F0,0.0,0.0,2.7195584774017334,0.0005811211303807795,0.0,0.00016498869081260636,11
SLAKE_STAGE2_BANK16,107,F0,0.0,0.0,2.943094491958618,0.0005222092149779201,0.0,0.0001524164545116946,12
SLAKE_STAGE2_BANK16,107,F0,0.0,0.0,3.1642515659332275,0.00047112436732277274,0.0,0.0001404971262672916,13
SLAKE_STAGE2_BANK16,107,F0,0.0,0.0,3.3878989219665527,0.0005710775731131434,0.0,0.00017112913337768987,14
SLAKE_STAGE2_BANK16,107,F0,0.0,0.0,3.6059510707855225,0.0005761035135947168,0.0,0.00015859252016525716,15
SLAKE_STAGE2_BANK16,107,F0,0.0,0.0,3.8255181312561035,0.000502550508826971,0.0,0.00014669536903966218,16
SLAKE_STAGE2_BANK16,107,F0,0.0,0.0,4.04384970664978,0.0004541281668934971,0.0,0.00013684192526852712,17
SLAKE_STAGE2_BANK16,107,F0,0.0,0.0,4.257819175720215,0.0005536352400667965,0.0,0.0001658054388826713,18
SLAKE_STAGE2_BANK16,107,F0,0.0,0.0,4.476210832595825,0.000539901724550873,0.0,0.0001534080147393979,19
SLAKE_STAGE2_BANK16,107,F0,0.0,0.0,4.702420234680176,0.0004868590331170708,0.0,0.00014298058522399515,20
SLAKE_STAGE2_BANK16,107,F0,0.0,0.0,4.970682621002197,0.0004355033743195236,0.0,0.0001328092985204421,21
SLAKE_STAGE2_BANK16,107,F0,0.0,0.0,5.198843717575073,0.0005144485621713102,0.0,0.0001614749780856073,22
SLAKE_STAGE2_BANK16,107,F0,0.0,0.0,5.420799016952515,0.0005320313503034413,0.0,0.0001494152966188267,23
SLAKE_STAGE2_BANK16,107,F0,0.0,0.0,5.639215707778931,0.0004794216947630048,0.0,0.00014012001338414848,24
SLAKE_STAGE2_BANK16,107,F0,0.0,0.0,5.865896940231323,0.0004212583298794925,0.0,0.00012984936984139495,25
SLAKE_STAGE2_BANK16,107,F0,0.0,0.0,6.08055305480957,0.000513235223479569,0.0,0.00015793905186001211,26
SLAKE_STAGE2_BANK16,107,F0,0.0,0.0,6.298925876617432,0.0005121353315189481,0.0,0.0001462966320104897,27
SLAKE_STAGE2_BANK16,107,F0,0.0,0.0,6.518883466720581,0.00046318070963025093,0.0,0.0001378354791086167,28
SLAKE_STAGE2_BANK16,107,F0,0.0,0.0,6.743121147155762,0.0004149570013396442,0.0,0.00012824024088331498,29
SLAKE_STAGE2_BANK16,107,F0,0.0,0.0,6.965678930282593,0.0005054870853200555,0.0,0.000155535431986209,30
SLAKE_STAGE2_BANK16,107,F0,0.0,0.0,7.187633991241455,0.0005072368658147752,0.0,0.00014425060362555087,31
SLAKE_STAGE2_BANK16,107,F0,0.0,0.0,7.410301446914673,0.0004616149526555091,0.0,0.00013626611325889826,32
SLAKE_STAGE2_BANK16,107,F0,0.0,0.0,7.633370637893677,0.0004022560897283256,0.0,0.00012762438927893527,33
SLAKE_STAGE2_BANK16,107,F0,0.0,0.0,7.855165719985962,0.0005019979435019195,0.0,0.00015382703713839874,34
SLAKE_STAGE2_BANK16,107,F0,0.0,0.0,8.079139947891235,0.00046901850146241486,0.0,0.0001425025620847009,35
SLAKE_STAGE2_BANK16,107,F0,0.0,0.0,8.301668405532837,0.0004564288246911019,0.0,0.0001357694563921541,36
SLAKE_STAGE2_BANK16,107,F0,0.0,0.0,8.52382755279541,0.00040236994391307235,0.0,0.00012688936840277165,37
SLAKE_STAGE2_BANK16,107,F0,0.0,0.0,8.745738744735718,0.0005084408912807703,0.0,0.00015267486742231995,38
SLAKE_STAGE2_BANK16,107,F0,0.0,0.0,8.961618423461914,0.0004681485297624022,0.0,0.00014168814232107252,39
SLAKE_STAGE2_BANK16,107,F0,0.0,0.0,9.190003156661987,0.00046127804671414196,0.0,0.00013656404189532623,40
SLAKE_STAGE2_BANK16,107,F0,0.0,0.0,9.441904544830322,0.0004039111081510782,0.0,0.0001267900297534652,41
SLAKE_STAGE2_BANK16,107,F0,0.0,0.0,9.664534568786621,0.0004999515949748456,0.0,0.0001519597281003371,42
SLAKE_STAGE2_BANK16,107,F0,0.0,0.0,9.889918327331543,0.000490219215862453,0.0,0.0001406949886586517,43
SLAKE_STAGE2_BANK16,107,F0,0.0,0.0,10.111035346984863,0.00044507149141281843,0.0,0.00013586875138571486,44
SLAKE_STAGE2_BANK16,107,F0,0.0,0.0,10.333762645721436,0.00040367996552959085,0.0,0.00012641256034839898,45
SLAKE_STAGE2_BANK16,107,F0,0.0,0.0,10.537503957748413,0.0004924508393742144,0.0,0.00015178092871792614,46
SLAKE_STAGE2_BANK16,107,F0,0.0,0.0,10.751147508621216,0.0004723927704617381,0.0,0.00014011898019816726,47
SLAKE_STAGE2_BANK16,107,F0,0.0,0.0,10.969558238983154,0.0004587628645822406,0.0,0.00013606737775262445,48
SLAKE_STAGE2_BANK16,107,F0,0.0,0.0,11.183869361877441,0.0004071699222549796,0.0,0.00012728663205052726,49
SLAKE_STAGE2_BANK16,107,F0,0.0,0.0,11.388770818710327,0.0004968309076502919,0.0,0.00015144322969717905,50
SLAKE_STAGE2_BANK16,107,F0,0.0,0.0,11.585362434387207,0.0004818587040062994,0.0,0.00014133079093880951,51
SLAKE_STAGE2_BANK16,107,F0,0.0,0.0,11.812844514846802,0.00044641169370152056,0.0,0.00013638521340908483,52
SLAKE_STAGE2_BANK16,107,F0,0.0,0.0,12.03398585319519,0.0004138798685744405,0.0,0.00012726677596219815,53
SLAKE_STAGE2_BANK16,107,F0,0.0,0.0,12.25879693031311,0.0004995791823603213,0.0,0.00015221795911202207,54
SLAKE_STAGE2_BANK16,107,F0,0.0,0.0,12.483580112457275,0.000481906725326553,0.0,0.00014103290595812723,55
SLAKE_STAGE2_BANK16,107,F0,0.0,0.0,12.706737756729126,0.0004529950674623251,0.0,0.00013674281944986433,56
SLAKE_STAGE2_BANK16,107,F0,0.0,0.0,12.922911643981934,0.00039409258170053363,0.0,0.00012804154175682925,57
SLAKE_STAGE2_BANK16,107,F0,0.0,0.0,13.140174150466919,0.000509593402966857,0.0,0.00015205903764581308,58
SLAKE_STAGE2_BANK16,107,F0,0.0,0.0,13.360049962997437,0.0004897306789644063,0.0,0.00014141036808723584,59
SLAKE_STAGE2_BANK16,107,F0,0.0,0.0,13.578410387039185,0.00044967103167437017,0.0,0.00013666335144080222,60
SLAKE_STAGE2_BANK16,107,F0,0.0,0.0,13.821720123291016,0.00039016525261104107,0.0,0.00012833953587687574,61
SLAKE_STAGE2_BANK16,107,F0,0.0,0.0,14.042777299880981,0.0005263385246507823,0.0,0.00015271457959897816,62
SLAKE_STAGE2_BANK16,107,F0,0.0,0.0,14.26396107673645,0.0004744380130432546,0.0,0.0001412515266565606,63
SLAKE_STAGE2_BANK16,107,F0,0.0,0.0,14.48749041557312,0.00043560477206483483,0.0,0.00013698123075300828,64
SLAKE_STAGE2_BANK16,107,F0,0.0,0.0,14.705817699432373,0.00039059793925844133,0.0,0.00012835942834499292,65
SLAKE_STAGE2_BANK16,107,F0,0.0,0.0,14.929961681365967,0.0004925124230794609,0.0,0.00015251589502440766,66
SLAKE_STAGE2_BANK16,107,F0,0.0,0.0,15.153072118759155,0.0004852486599702388,0.0,0.00014111247583059594,67
SLAKE_STAGE2_BANK16,107,F0,0.0,0.0,15.375951528549194,0.00043505048961378634,0.0,0.00013580920494860038,68
SLAKE_STAGE2_BANK16,107,F0,0.0,0.0,15.59778904914856,0.00040183612145483494,0.0,0.0001280614706047345,69
SLAKE_STAGE2_BANK16,107,F0,0.0,0.0,15.819234848022461,0.0005160853615961969,0.0,0.0001512644303147681,70
SLAKE_STAGE2_BANK16,107,F0,0.0,0.0,16.043710708618164,0.0004959134967066348,0.0,0.0001404371578246355,71
SLAKE_STAGE2_BANK16,107,F0,0.0,0.0,16.262213468551636,0.0004365338827483356,0.0,0.00013612708426080644,72
SLAKE_STAGE2_BANK16,107,F0,0.0,0.0,16.484959840774536,0.00039222839404828846,0.0,0.0001281409895454999,73
SLAKE_STAGE2_BANK16,107,F0,0.0,0.0,16.710442304611206,0.0005156797124072909,0.0,0.00015068837092258036,74
SLAKE_STAGE2_BANK16,107,F0,0.0,0.0,16.929567575454712,0.0004639908147510141,0.0,0.00014077492232900113,75
SLAKE_STAGE2_BANK16,107,F0,0.0,0.0,17.154589653015137,0.0004263799055479467,0.0,0.00013632578338729218,76
SLAKE_STAGE2_BANK16,107,F0,0.0,0.0,17.371307134628296,0.00038595765363425016,0.0,0.0001279821117350366,77
SLAKE_STAGE2_BANK16,107,F0,0.0,0.0,17.591461420059204,0.00047027194523252547,0.0,0.00015046988846734166,78
SLAKE_STAGE2_BANK16,107,F0,0.0,0.0,17.80960702896118,0.00047409223043359816,0.0,0.00014031810860615224,79
SLAKE_STAGE2_BANK16,107,F0,0.0,0.0,18.034090995788574,0.00042812948231585324,0.0,0.0001364053023280576,80
SLAKE_STAGE2_BANK16,107,F0,0.0,0.0,18.27967643737793,0.0003898798022419214,0.0,0.00012851856445195153,81
SLAKE_STAGE2_BANK16,107,F0,0.0,0.0,18.497100353240967,0.0004931210423819721,0.0,0.00014993359218351543,82
SLAKE_STAGE2_BANK16,107,F0,0.0,0.0,18.714191675186157,0.00046029695658944547,0.0,0.00013972228771308437,83
SLAKE_STAGE2_BANK16,107,F0,0.0,0.0,18.932568311691284,0.0003968929231632501,0.0,0.00013668347673956305,84
SLAKE_STAGE2_BANK16,107,F0,0.0,0.0,19.15155339241028,0.00040180771611630917,0.0,0.0001290152285946533,85
SLAKE_STAGE2_BANK16,107,F0,0.0,0.0,19.377800226211548,0.00048303240328095853,0.0,0.00014935752551537007,86
SLAKE_STAGE2_BANK16,107,F0,0.0,0.0,19.595935106277466,0.00045458629028871655,0.0,0.0001401991321472451,87
SLAKE_STAGE2_BANK16,107,F0,0.0,0.0,19.818299293518066,0.0004092465969733894,0.0,0.00013710068014916033,88
SLAKE_STAGE2_BANK16,107,F0,0.0,0.0,20.037029504776,0.00038932866300456226,0.0,0.0001288364946958609,89
SLAKE_STAGE2_BANK16,107,F0,0.0,0.0,20.255414485931396,0.0004785704368259758,0.0,0.00014751012349734083,90
SLAKE_STAGE2_BANK16,107,F0,0.0,0.0,20.473876476287842,0.0004387725202832371,0.0,0.00013878880417905748,91
SLAKE_STAGE2_BANK16,107,F0,0.0,0.0,20.701143503189087,0.00041439011693000793,0.0,0.0001364252602797933,92
SLAKE_STAGE2_BANK16,107,F0,0.0,0.0,20.918726205825806,0.0003935588465537876,0.0,0.00012869745114585385,93
SLAKE_STAGE2_BANK16,107,F0,0.0,0.0,21.136707067489624,0.00046377029502764344,0.0,0.00014659635053249076,94
SLAKE_STAGE2_BANK16,107,F0,0.0,0.0,21.359206438064575,0.00044267327757552266,0.0,0.00013799422595184296,95
SLAKE_STAGE2_BANK16,107,F0,0.0,0.0,21.578983068466187,0.0004182730335742235,0.0,0.00013624647544929758,96
SLAKE_STAGE2_BANK16,107,F0,0.0,0.0,21.802435159683228,0.0003785763110499829,0.0,0.00012802201672457159,97
SLAKE_STAGE2_BANK16,107,F0,0.0,0.0,22.023282766342163,0.0004595682257786393,0.0,0.0001446694222977385,98
SLAKE_STAGE2_BANK16,107,F0,0.0,0.0,22.247775077819824,0.00043790286872535944,0.0,0.00013634545030072331,99
SLAKE_STAGE2_BANK16,107,F0,0.0,0.0,22.465249061584473,0.00041093112668022513,0.0,0.00013515388127416372,100
SLAKE_STAGE2_BANK16,107,F0,0.0,0.0,22.7096049785614,0.00039126284536905587,0.0,0.0001276644179597497,101
SLAKE_STAGE2_BANK16,107,F0,0.0,0.0,22.933565855026245,0.00044935409096069634,0.0,0.00014441114763030782,102
SLAKE_STAGE2_BANK16,107,F0,0.0,0.0,23.153388261795044,0.00043003662722185254,0.0,0.00013582893734565005,103
SLAKE_STAGE2_BANK16,107,F0,0.0,0.0,23.376606941223145,0.00040897115832194686,0.0,0.00013481612404575571,104
SLAKE_STAGE2_BANK16,107,F0,0.0,0.0,23.5996994972229,0.00037469062954187393,0.0,0.00012718762445729226,105
SLAKE_STAGE2_BANK16,107,F0,0.0,0.0,23.81878089904785,0.00043257413199171424,0.0,0.00014351720892591402,106
SLAKE_STAGE2_BANK16,107,F0,0.0,0.0,24.036822080612183,0.0004288825730327517,0.0,0.00013519320054911077,107
SLAKE_STAGE2_BANK16,107,F0,0.0,0.0,24.255632162094116,0.00040044260094873607,0.0,0.0001342797404504381,108
SLAKE_STAGE2_BANK16,107,F0,0.0,0.0,24.479490280151367,0.0003855919640045613,0.0,0.00012764449638780206,109
SLAKE_STAGE2_BANK16,107,F0,0.0,0.0,24.697779178619385,0.0004222682327963412,0.0,0.00014218621799955145,110
SLAKE_STAGE2_BANK16,107,F0,0.0,0.0,24.92232894897461,0.0004133984330110252,0.0,0.0001345773707726039,111
SLAKE_STAGE2_BANK16,107,F0,0.0,0.0,25.146222591400146,0.00040497956797480583,0.0,0.0001344585107290186,112
SLAKE_STAGE2_BANK16,107,F0,0.0,0.0,25.35985779762268,0.00038192898500710726,0.0,0.0001265916071133688,113
SLAKE_STAGE2_BANK16,107,F0,0.0,0.0,25.579851627349854,0.00044954702025279403,0.0,0.00014168953930493444,114
SLAKE_STAGE2_BANK16,107,F0,0.0,0.0,25.795001983642578,0.00043380295392125845,0.0,0.00013485542876878753,115
SLAKE_STAGE2_BANK16,107,F0,0.0,0.0,26.014214277267456,0.00040066082146950066,0.0,0.00013380293239606544,116
SLAKE_STAGE2_BANK16,107,F0,0.0,0.0,26.23046875,0.00036239271867088974,0.0,0.00012667103874264285,117
SLAKE_STAGE2_BANK16,107,F0,0.0,0.0,26.451546669006348,0.00044633986544795334,0.0,0.00014091475895838812,118
SLAKE_STAGE2_BANK16,107,F0,0.0,0.0,26.67019295692444,0.00043255474884063005,0.0,0.00013386214413912967,119
SLAKE_STAGE2_BANK16,107,F0,0.0,0.0,26.88862633705139,0.00041238905396312475,0.0,0.00013344532635528594,120
SLAKE_STAGE2_BANK16,107,F0,0.0,0.0,27.145498752593994,0.0003818722616415471,0.0,0.00012702858657576144,121
SLAKE_STAGE2_BANK16,107,F0,0.0,0.0,27.36402153968811,0.00044221733696758747,0.0,0.00013962348748464137,122
SLAKE_STAGE2_BANK16,107,F0,0.0,0.0,27.589964866638184,0.0004036820901092142,0.0,0.00013344492617761716,123
SLAKE_STAGE2_BANK16,107,F0,0.0,0.0,27.80512571334839,0.0004007148672826588,0.0,0.00013314729585545138,124
SLAKE_STAGE2_BANK16,107,F0,0.0,0.0,28.024455785751343,0.00036809672019444406,0.0,0.0001265318933292292,125
SLAKE_STAGE2_BANK16,107,F0,0.0,0.0,28.247492790222168,0.000432480126619339,0.0,0.00013894801668357104,126
SLAKE_STAGE2_BANK16,107,F0,0.0,0.0,28.45971703529358,0.00041313987458124757,0.0,0.00013338526332518086,127
SLAKE_STAGE2_BANK16,107,F0,0.0,0.0,28.68078303337097,0.0003835606330540031,0.0,0.00013352467794902623,128
SLAKE_STAGE2_BANK16,107,F0,0.0,0.0,28.903961896896362,0.000346208515111357,0.0,0.00012627358955796808,129
SLAKE_STAGE2_BANK16,107,F0,0.0,0.0,29.121737957000732,0.00041402436909265816,0.0,0.00013791496166959405,130
SLAKE_STAGE2_BANK16,107,F0,0.0,0.0,29.341043710708618,0.00040822295704856515,0.0,0.00013302767183631659,131
SLAKE_STAGE2_BANK16,107,F0,0.0,0.0,29.559896230697632,0.00037013640394434333,0.0,0.00013348492211662233,132
SLAKE_STAGE2_BANK16,107,F0,0.0,0.0,29.78235936164856,0.0003424865717533976,0.0,0.00012661128857871518,133
SLAKE_STAGE2_BANK16,107,F0,0.0,0.0,30.00662398338318,0.00041708353091962636,0.0,0.00013710049097426236,134
SLAKE_STAGE2_BANK16,107,F0,0.0,0.0,30.22251009941101,0.00040223143878392875,0.0,0.00013268995098769665,135
SLAKE_STAGE2_BANK16,107,F0,0.0,0.0,30.440298557281494,0.0003809443151112646,0.0,0.00013261086132843047,136
SLAKE_STAGE2_BANK16,107,F0,0.0,0.0,30.661247730255127,0.0003405655734241009,0.0,0.00012651194265345111,137
SLAKE_STAGE2_BANK16,107,F0,0.0,0.0,30.884471893310547,0.0004062616790179163,0.0,0.00013662369747180492,138
SLAKE_STAGE2_BANK16,107,F0,0.0,0.0,31.104336977005005,0.00040135765448212624,0.0,0.00013189532910473645,139
SLAKE_STAGE2_BANK16,107,F0,0.0,0.0,31.323757886886597,0.0003587805840652436,0.0,0.00013267046597320586,140
SLAKE_STAGE2_BANK16,107,F0,0.0,0.0,31.563287258148193,0.0003366275632288307,0.0,0.00012651194265345111,141
SLAKE_STAGE2_BANK16,107,F0,0.0,0.0,31.782540321350098,0.00040464679477736354,0.0,0.00013646473234985024,142
SLAKE_STAGE2_BANK16,107,F0,0.0,0.0,32.00704383850098,0.0003774932702071965,0.0,0.00013177615619497374,143
SLAKE_STAGE2_BANK16,107,F0,0.0,0.0,32.22367477416992,0.00036241099587641656,0.0,0.00013306775508681312,144
SLAKE_STAGE2_BANK16,107,F0,0.0,0.0,32.44241404533386,0.0003293476765975356,0.0,0.00012671059084823355,145
SLAKE_STAGE2_BANK16,107,F0,0.0,0.0,32.66066288948059,0.0004120892845094204,0.0,0.00013572972966358066,146
SLAKE_STAGE2_BANK16,107,F0,0.0,0.0,32.88760685920715,0.00038647104520350695,0.0,0.00013181586837163195,147
SLAKE_STAGE2_BANK16,107,F0,0.0,0.0,33.10329818725586,0.00036976204137317836,0.0,0.00013267047324916348,148
SLAKE_STAGE2_BANK16,107,F0,0.0,0.0,33.32193922996521,0.00032823087531141937,0.0,0.00012657156185014173,149
SLAKE_STAGE2_BANK16,107,F0,0.0,0.0,33.54726433753967,0.0003999793843831867,0.0,0.0001362660841550678,150
SLAKE_STAGE2_BANK16,107,F0,0.0,0.0,33.74169874191284,0.00039297304465435445,0.0,0.00013278928236104548,151
SLAKE_STAGE2_BANK16,107,F0,0.0,0.0,33.93557357788086,0.00036371967871673405,0.0,0.0001332465762970969,152
SLAKE_STAGE2_BANK16,107,F0,0.0,0.0,34.15168237686157,0.00031896535074338317,0.0,0.00012778331438312307,153
SLAKE_STAGE2_BANK16,107,F0,0.0,0.0,34.3741090297699,0.0004076527839060873,0.0,0.0001368024095427245,154
SLAKE_STAGE2_BANK16,107,F0,0.0,0.0,34.58954691886902,0.00039309446583501995,0.0,0.00013306734763318673,155
SLAKE_STAGE2_BANK16,107,F0,0.0,0.0,34.80854821205139,0.00036376749631017447,0.0,0.00013378293078858405,156
SLAKE_STAGE2_BANK16,107,F0,0.0,0.0,35.02355122566223,0.00032024981919676065,0.0,0.0001273462621611543,157
SLAKE_STAGE2_BANK16,107,F0,0.0,0.0,35.24263334274292,0.00039408367592841387,0.0,0.0001358687150059268,158
SLAKE_STAGE2_BANK16,107,F0,0.0,0.0,35.46537637710571,0.000382690952392295,0.0,0.00013344477338250726,159
SLAKE_STAGE2_BANK16,107,F0,0.0,0.0,35.689366579055786,0.000362326274625957,0.0,0.00013420005416264758,160
SLAKE_STAGE2_BANK16,107,F1,4.688904285430908,0.004987741820514202,0.6363739967346191,13.627724647521973,0.0,0.0001639772017369978,1
SLAKE_STAGE2_BANK16,107,F1,4.522091865539551,0.0044959308579564095,1.2310528755187988,14.179933547973633,0.0,0.00020473833137657493,2
SLAKE_STAGE2_BANK16,107,F1,4.332366466522217,0.0052146040834486485,1.809145212173462,14.776611328125,0.0,0.0002039574465015903,3
SLAKE_STAGE2_BANK16,107,F1,4.14089298248291,0.3601760268211365,2.5476765632629395,15.344022750854492,0.0,0.00017847795243142173,4
SLAKE_STAGE2_BANK16,107,F1,3.944293737411499,0.3527117371559143,2.973186492919922,15.545601844787598,0.0,0.000173729240486864,5
SLAKE_STAGE2_BANK16,107,F1,3.745969772338867,0.004398821387439966,3.405998468399048,14.64968490600586,0.0,0.0002264645809191279,6
SLAKE_STAGE2_BANK16,107,F1,3.569580078125,0.005118957255035639,3.839353322982788,12.185139656066895,0.0,0.00025365944748045877,7
SLAKE_STAGE2_BANK16,107,F1,3.4199602603912354,0.005298587027937174,4.27332878112793,9.050654411315918,0.0,0.00019677079399116337,8
SLAKE_STAGE2_BANK16,107,F1,3.312185525894165,0.3234633803367615,4.708323955535889,7.341119289398193,0.0,0.00020084024436073378,9
SLAKE_STAGE2_BANK16,107,F1,3.2279212474823,0.005317173432558775,5.145140647888184,6.837583541870117,0.0,0.0002730119667830877,10
SLAKE_STAGE2_BANK16,107,F1,3.143815040588379,0.004144308157265186,5.588321924209595,6.73126220703125,0.0,0.00036003841523779556,11
SLAKE_STAGE2_BANK16,107,F1,3.0645456314086914,0.005150540266185999,6.022494792938232,6.69025182723999,0.0,0.00024161528563126922,12
SLAKE_STAGE2_BANK16,107,F1,2.9847161769866943,0.005229179281741381,6.4555275440216064,6.642327785491943,0.0,0.000270464297500439,13
SLAKE_STAGE2_BANK16,107,F1,2.90311336517334,0.005088680889457464,6.893489599227905,6.584440231323242,0.0,0.0003862715821014717,14
SLAKE_STAGE2_BANK16,107,F1,2.819262742996216,0.0038554032798856497,7.327226877212524,6.515418529510498,0.0,0.0006475403206422925,15
SLAKE_STAGE2_BANK16,107,F1,2.7356717586517334,0.25462087988853455,7.756460905075073,6.457165718078613,0.0,0.0003579678595997393,16
SLAKE_STAGE2_BANK16,107,F1,2.6469953060150146,0.003713741432875395,8.20832896232605,6.356363773345947,0.0,0.00045297222095541656,17
SLAKE_STAGE2_BANK16,107,F1,2.5635907649993896,0.23325179517269135,8.640567302703857,6.262270450592041,0.0,0.0006600062042707577,18
SLAKE_STAGE2_BANK16,107,F1,2.4828264713287354,0.004828391596674919,9.075458288192749,6.129752159118652,0.0,0.001374900370137766,19
SLAKE_STAGE2_BANK16,107,F1,2.3969180583953857,0.004835535306483507,9.50792145729065,6.018445014953613,0.0,0.0006634081364609301,20
SLAKE_STAGE2_BANK16,107,F1,2.313650131225586,0.20194843411445618,9.955648183822632,5.893636703491211,0.0,0.0008984479354694486,21
SLAKE_STAGE2_BANK16,107,F1,2.2382075786590576,0.004655230790376663,10.391193866729736,5.7434163093566895,0.0,0.0012847532343585044,22
SLAKE_STAGE2_BANK16,107,F1,2.157620429992676,0.004599617328494787,10.82274341583252,5.570618152618408,0.0,0.0030429090256802738,23
SLAKE_STAGE2_BANK16,107,F1,2.0770702362060547,0.003086984157562256,11.261214971542358,5.440951824188232,0.0,0.0013823963236063719,24
SLAKE_STAGE2_BANK16,107,F1,2.001760244369507,0.00304893939755857,11.690036296844482,5.2775750160217285,0.0,0.0018977083382196724,25
SLAKE_STAGE2_BANK16,107,F1,1.926525592803955,0.004369052592664957,12.118537902832031,5.108575820922852,0.0,0.0026210248470306396,26
SLAKE_STAGE2_BANK16,107,F1,1.8565449714660645,0.004327809903770685,12.553316354751587,4.894150733947754,0.0,0.006498166709206998,27
SLAKE_STAGE2_BANK16,107,F1,1.7918208837509155,0.1302674114704132,12.993829011917114,4.782223224639893,0.0,0.002943835570476949,28
SLAKE_STAGE2_BANK16,107,F1,1.7220226526260376,0.0041865091770887375,13.431318521499634,4.601136207580566,0.0,0.003954351530410349,29
SLAKE_STAGE2_BANK16,107,F1,1.654903769493103,0.1131182610988617,13.87695598602295,4.430212497711182,0.0,0.0051141465082764626,30
SLAKE_STAGE2_BANK16,107,F1,1.5930967330932617,0.0025933741126209497,14.289813041687012,4.174295425415039,0.0,0.013103420613333583,31
SLAKE_STAGE2_BANK16,107,F1,1.528887391090393,0.004058940801769495,14.725970268249512,4.0823445320129395,0.0,0.0060510896146297455,32
SLAKE_STAGE2_BANK16,107,F1,1.4674192667007446,0.003894196357578039,15.159568548202515,3.909290313720703,0.0,0.007762537803500891,33
SLAKE_STAGE2_BANK16,107,F1,1.4112801551818848,0.0023853611201047897,15.595035791397095,3.7389276027679443,0.0,0.009497827850282192,34
SLAKE_STAGE2_BANK16,107,F1,1.3554333448410034,0.07689391076564789,16.028380155563354,3.461789608001709,0.0,0.024005523417145014,35
SLAKE_STAGE2_BANK16,107,F1,1.3049368858337402,0.003807432483881712,16.46554470062256,3.4176599979400635,0.0,0.011437582317739725,36
SLAKE_STAGE2_BANK16,107,F1,1.252165675163269,0.002232304075732827,16.905205726623535,3.2537474632263184,0.0,0.014187231659889221,37
SLAKE_STAGE2_BANK16,107,F1,1.2021769285202026,0.060179319232702255,17.341223001480103,3.1073248386383057,0.0,0.01674901833757758,38
SLAKE_STAGE2_BANK16,107,F1,1.1526612043380737,0.0034546887036412954,17.788922786712646,2.7943859100341797,0.0,0.04142844770103693,39
SLAKE_STAGE2_BANK16,107,F1,1.1059132814407349,0.0035932173486799,18.23151183128357,2.8217153549194336,0.0,0.02038867212831974,40
SLAKE_STAGE2_BANK16,107,F1,1.0594865083694458,0.04712280258536339,18.681930780410767,2.6919214725494385,0.0,0.024407008662819862,41
SLAKE_STAGE2_BANK16,107,F1,1.015866994857788,0.003270422574132681,19.130167245864868,2.5831243991851807,0.0,0.027829688042402267,42
SLAKE_STAGE2_BANK16,107,F1,0.9722768664360046,0.003460933919996023,19.56845712661743,2.270918369293213,0.0,0.06638274248689413,43
SLAKE_STAGE2_BANK16,107,F1,0.9336915612220764,0.0018824075814336538,20.016486167907715,2.362382411956787,0.0,0.03371257707476616,44
SLAKE_STAGE2_BANK16,107,F1,0.890007734298706,0.03346328064799309,20.474284648895264,2.248669147491455,0.0,0.0393496248871088,45
SLAKE_STAGE2_BANK16,107,F1,0.8563207983970642,0.0034197685308754444,20.911410570144653,2.153247833251953,0.0,0.04391847737133503,46
SLAKE_STAGE2_BANK16,107,F1,0.8128678798675537,0.0017612188821658492,21.35360050201416,1.7877278327941895,0.0,0.10097627155482769,47
SLAKE_STAGE2_BANK16,107,F1,0.7790589332580566,0.0029546115547418594,21.78701615333557,1.8870493173599243,0.0,0.05358588509261608,48
SLAKE_STAGE2_BANK16,107,F1,0.7410247325897217,0.0028872552793473005,22.212336540222168,1.7626075744628906,0.0,0.06095550395548344,49
SLAKE_STAGE2_BANK16,107,F1,0.7079905867576599,0.0016559585928916931,22.647958040237427,1.666783094406128,0.0,0.0657295361161232,50
SLAKE_STAGE2_BANK16,107,F1,0.6755983233451843,0.019940035417675972,23.092492818832397,1.2740904092788696,0.0,0.14506791532039642,51
SLAKE_STAGE2_BANK16,107,F1,0.6391035914421082,0.0032925789710134268,23.52632427215576,1.4066451787948608,0.0,0.0816049724817276,52
SLAKE_STAGE2_BANK16,107,F1,0.6079203486442566,0.017179658636450768,23.959720849990845,1.3067045211791992,0.0,0.09104453772306442,53
SLAKE_STAGE2_BANK16,107,F1,0.5773506760597229,0.0027031388599425554,24.393356561660767,1.2361633777618408,0.0,0.09634002670645714,54
SLAKE_STAGE2_BANK16,107,F1,0.5433357954025269,0.003318606875836849,24.830220699310303,0.8274572491645813,0.0,0.2013322412967682,55
SLAKE_STAGE2_BANK16,107,F1,0.5142770409584045,0.0015202093636617064,25.26367425918579,0.9888618588447571,0.0,0.11950721964240074,56
SLAKE_STAGE2_BANK16,107,F1,0.48990485072135925,0.0026034291367977858,25.696456909179688,0.9047326445579529,0.0,0.13169189542531967,57
SLAKE_STAGE2_BANK16,107,F1,0.45843538641929626,0.0033095148392021656,26.136224269866943,0.846467137336731,0.0,0.13777422904968262,58
SLAKE_STAGE2_BANK16,107,F1,0.4317043125629425,0.01189741026610136,26.575956106185913,0.4680810272693634,0.0,0.27189771085977554,59
SLAKE_STAGE2_BANK16,107,F1,0.40575480461120605,0.001496796146966517,27.01067805290222,0.5957087874412537,0.0,0.17003151029348373,60
SLAKE_STAGE2_BANK16,107,F1,0.38412773609161377,0.0033206469379365444,27.467639207839966,0.527079164981842,0.0,0.18275808542966843,61
SLAKE_STAGE2_BANK16,107,F1,0.3598531186580658,0.002491540042683482,27.901362419128418,0.4910203218460083,0.0,0.1881217136979103,62
SLAKE_STAGE2_BANK16,107,F1,0.3396829664707184,0.010364608839154243,28.339030504226685,0.3062516450881958,0.0,0.348172165453434,63
SLAKE_STAGE2_BANK16,107,F1,0.32340458035469055,0.0014501239638775587,28.780872106552124,0.26463714241981506,0.0,0.2252214178442955,64
SLAKE_STAGE2_BANK16,107,F1,0.3076014220714569,0.010409587994217873,29.224786520004272,0.22938960790634155,0.0,0.23552994430065155,65
SLAKE_STAGE2_BANK16,107,F1,0.29229217767715454,0.001451964839361608,29.659600973129272,0.24023273587226868,0.0,0.2376871183514595,66
SLAKE_STAGE2_BANK16,107,F1,0.27747824788093567,0.003371065715327859,30.104021549224854,0.43415307998657227,0.0,0.41690202057361603,67
SLAKE_STAGE2_BANK16,107,F1,0.26593896746635437,0.0024164076894521713,30.53709578514099,0.1358674317598343,0.0,0.2741346210241318,68
SLAKE_STAGE2_BANK16,107,F1,0.2602671682834625,0.010849647223949432,30.968156099319458,0.15636475384235382,0.0,0.2799574136734009,69
SLAKE_STAGE2_BANK16,107,F1,0.2492024451494217,0.0014623684110119939,31.407968044281006,0.1906052678823471,0.0,0.27343234419822693,70
SLAKE_STAGE2_BANK16,107,F1,0.24378864467144012,0.0033861673437058926,31.84131669998169,0.5601746439933777,0.0,0.45675377547740936,71
SLAKE_STAGE2_BANK16,107,F1,0.2384302169084549,0.002409513108432293,32.274632692337036,0.2297467589378357,0.0,0.3025238811969757,72
SLAKE_STAGE2_BANK16,107,F1,0.238373801112175,0.0014583120355382562,32.71024227142334,0.22935520112514496,0.0,0.3040562868118286,73
SLAKE_STAGE2_BANK16,107,F1,0.23309147357940674,0.0034419058356434107,33.14360690116882,0.23060184717178345,0.0,0.2909352630376816,74
SLAKE_STAGE2_BANK16,107,F1,0.23304007947444916,0.002420897828415036,33.5730140209198,0.5937516093254089,0.0,0.46724237501621246,75
SLAKE_STAGE2_BANK16,107,F1,0.23037074506282806,0.012926640920341015,34.00525641441345,0.25951412320137024,0.0,0.31019851565361023,76
SLAKE_STAGE2_BANK16,107,F1,0.2329312562942505,0.0034470490645617247,34.44680976867676,0.2312932163476944,0.0,0.3023870140314102,77
SLAKE_STAGE2_BANK16,107,F1,0.2328106015920639,0.001450820593163371,34.880253314971924,0.2190813273191452,0.0,0.28781256079673767,78
SLAKE_STAGE2_BANK16,107,F1,0.23539549112319946,0.013871472328901291,35.31494069099426,0.5548420548439026,0.0,0.45528341829776764,79
SLAKE_STAGE2_BANK16,107,F1,0.23792952299118042,0.0023363109212368727,35.74974536895752,0.20968501269817352,0.0,0.2992521971464157,80
SLAKE_STAGE2_BANK16,107,F1,0.24049504101276398,0.0014790506102144718,36.21384811401367,0.18566444516181946,0.0,0.29160289466381073,81
SLAKE_STAGE2_BANK16,107,F1,0.2430770844221115,0.002342296065762639,36.646960496902466,0.17878314852714539,0.0,0.274506151676178,82
SLAKE_STAGE2_BANK16,107,F1,0.2483908087015152,0.003428605617955327,37.08532118797302,0.47753846645355225,0.0,0.43398381769657135,83
SLAKE_STAGE2_BANK16,107,F1,0.2510503828525543,0.0156535804271698,37.52356433868408,0.1436583697795868,0.0,0.2840690016746521,84
SLAKE_STAGE2_BANK16,107,F1,0.25650152564048767,0.015985136851668358,37.97269153594971,0.129116490483284,0.0,0.2752254605293274,85
SLAKE_STAGE2_BANK16,107,F1,0.25646036863327026,0.003437714884057641,38.40652894973755,0.15667253732681274,0.0,0.2573554292321205,86
SLAKE_STAGE2_BANK16,107,F1,0.26199373602867126,0.0014776411699131131,38.84102487564087,0.39642655849456787,0.0,0.40604451298713684,87
SLAKE_STAGE2_BANK16,107,F1,0.26474079489707947,0.002326499205082655,39.27764892578125,0.09907802194356918,0.0,0.26650695502758026,88
SLAKE_STAGE2_BANK16,107,F1,0.2703903019428253,0.0014881703536957502,39.7120623588562,0.11701489984989166,0.0,0.25802507996559143,89
SLAKE_STAGE2_BANK16,107,F1,0.273213654756546,0.003480074228718877,40.14602184295654,0.17164172232151031,0.0,0.24363677948713303,90
SLAKE_STAGE2_BANK16,107,F1,0.27316296100616455,0.017682567238807678,40.58203959465027,0.3329959213733673,0.0,0.38304461538791656,91
SLAKE_STAGE2_BANK16,107,F1,0.27601301670074463,0.002335759112611413,41.01335668563843,0.10245773941278458,0.0,0.25103170424699783,92
SLAKE_STAGE2_BANK16,107,F1,0.2818252742290497,0.01828911527991295,41.444679260253906,0.14000491797924042,0.0,0.24422893673181534,93
SLAKE_STAGE2_BANK16,107,F1,0.2817938029766083,0.0015054938849061728,41.89283728599548,0.19760067760944366,0.0,0.23041224479675293,94
SLAKE_STAGE2_BANK16,107,F1,0.2846897542476654,0.0035236633848398924,42.32691979408264,0.2881554365158081,0.0,0.36740704625844955,95
SLAKE_STAGE2_BANK16,107,F1,0.2876531183719635,0.002359224483370781,42.76177668571472,0.12992644309997559,0.0,0.24147813022136688,96
SLAKE_STAGE2_BANK16,107,F1,0.28760984539985657,0.0023589211050421,43.195518255233765,0.1610976606607437,0.0,0.23616131395101547,97
SLAKE_STAGE2_BANK16,107,F1,0.290545791387558,0.0014958495739847422,43.63005757331848,0.21783101558685303,0.0,0.22514058649539948,98
SLAKE_STAGE2_BANK16,107,F1,0.2905179560184479,0.019435612484812737,44.05777025222778,0.26420947909355164,0.0,0.3580302372574806,99
SLAKE_STAGE2_BANK16,107,F1,0.29049667716026306,0.0035188314504921436,44.49174523353577,0.1383977085351944,0.0,0.2387283742427826,100
SLAKE_STAGE2_BANK16,107,F1,0.29045525193214417,0.002336351200938225,44.96540451049805,0.16969092190265656,0.0,0.23343876004219055,101
SLAKE_STAGE2_BANK16,107,F1,0.28742116689682007,0.0015242629451677203,45.40965700149536,0.21711423993110657,0.0,0.22129438072443008,102
SLAKE_STAGE2_BANK16,107,F1,0.2903676927089691,0.019669460132718086,45.84096622467041,0.25307849049568176,0.0,0.35268983989953995,103
SLAKE_STAGE2_BANK16,107,F1,0.2873631417751312,0.0035518179647624493,46.27667951583862,0.1368347555398941,0.0,0.23599651455879211,104
SLAKE_STAGE2_BANK16,107,F1,0.29031726717948914,0.0015400720294564962,46.720497369766235,0.17091314494609833,0.0,0.23207654058933258,105
SLAKE_STAGE2_BANK16,107,F1,0.2873149812221527,0.0023576240055263042,47.15561866760254,0.21359288692474365,0.0,0.22250308096408844,106
SLAKE_STAGE2_BANK16,107,F1,0.28428885340690613,0.019688233733177185,47.59240412712097,0.2551085352897644,0.0,0.3519776612520218,107
SLAKE_STAGE2_BANK16,107,F1,0.28426581621170044,0.003544354345649481,48.033374547958374,0.12655021250247955,0.0,0.23854711651802063,108
SLAKE_STAGE2_BANK16,107,F1,0.2842378318309784,0.019783999770879745,48.46528244018555,0.15549127757549286,0.0,0.23458896577358246,109
SLAKE_STAGE2_BANK16,107,F1,0.28421714901924133,0.0023469291627407074,48.90352821350098,0.20702137053012848,0.0,0.22235236316919327,110
SLAKE_STAGE2_BANK16,107,F1,0.28121674060821533,0.0035617705434560776,49.33847093582153,0.259041965007782,0.0,0.3551892638206482,111
SLAKE_STAGE2_BANK16,107,F1,0.281190425157547,0.001581414951942861,49.77712869644165,0.1159718707203865,0.0,0.2411143183708191,112
SLAKE_STAGE2_BANK16,107,F1,0.27824828028678894,0.0015716360649093986,50.21367144584656,0.1391122192144394,0.0,0.23843306303024292,113
SLAKE_STAGE2_BANK16,107,F1,0.2782289981842041,0.0023671716917306185,50.65242314338684,0.1901572197675705,0.0,0.22609800100326538,114
SLAKE_STAGE2_BANK16,107,F1,0.2752731442451477,0.019493889063596725,51.084956645965576,0.2645762860774994,0.0,0.3564860448241234,115
SLAKE_STAGE2_BANK16,107,F1,0.27524662017822266,0.0036211085971444845,51.52263021469116,0.10066398978233337,0.0,0.24508009105920792,116
SLAKE_STAGE2_BANK16,107,F1,0.27231132984161377,0.0023592349607497454,51.96435761451721,0.1253938227891922,0.0,0.2410728633403778,117
SLAKE_STAGE2_BANK16,107,F1,0.2722826898097992,0.0015857204562053084,52.398853063583374,0.17652155458927155,0.0,0.22853107005357742,118
SLAKE_STAGE2_BANK16,107,F1,0.27226996421813965,0.003630703315138817,52.8323872089386,0.26808199286460876,0.0,0.35777371376752853,119
SLAKE_STAGE2_BANK16,107,F1,0.2722429931163788,0.019481919705867767,53.2613046169281,0.09226101636886597,0.0,0.24771056324243546,120
SLAKE_STAGE2_BANK16,107,F1,0.2722211182117462,0.0016410986427217722,53.710166692733765,0.12177065759897232,0.0,0.24367179721593857,121
SLAKE_STAGE2_BANK16,107,F1,0.2693375051021576,0.002350902184844017,54.12865114212036,0.1675093173980713,0.0,0.2309761568903923,122
SLAKE_STAGE2_BANK16,107,F1,0.26644009351730347,0.003648440819233656,54.57157063484192,0.27571210265159607,0.0,0.35907965898513794,123
SLAKE_STAGE2_BANK16,107,F1,0.2664250433444977,0.019557734951376915,55.00207209587097,0.08441923558712006,0.0,0.24900463968515396,124
SLAKE_STAGE2_BANK16,107,F1,0.2664017975330353,0.0016684959409758449,55.43815779685974,0.11373186856508255,0.0,0.24361387640237808,125
SLAKE_STAGE2_BANK16,107,F1,0.26638028025627136,0.002383057028055191,55.877615213394165,0.16091737151145935,0.0,0.2322755828499794,126
SLAKE_STAGE2_BANK16,107,F1,0.2663572132587433,0.003676596563309431,56.30904173851013,0.274571031332016,0.0,0.35983729362487793,127
SLAKE_STAGE2_BANK16,107,F1,0.26633220911026,0.019738055765628815,56.75452709197998,0.08230865001678467,0.0,0.2503092661499977,128
SLAKE_STAGE2_BANK16,107,F1,0.26631274819374084,0.003724796697497368,57.18980860710144,0.11183105409145355,0.0,0.24492903798818588,129
SLAKE_STAGE2_BANK16,107,F1,0.26344534754753113,0.001654151827096939,57.62267255783081,0.15710093080997467,0.0,0.2309657484292984,130
SLAKE_STAGE2_BANK16,107,F1,0.2634250521659851,0.01992717944085598,58.0504105091095,0.273760050535202,0.0,0.35839082300662994,131
SLAKE_STAGE2_BANK16,107,F1,0.263409823179245,0.002398354234173894,58.48123049736023,0.07974972575902939,0.0,0.25025614351034164,132
SLAKE_STAGE2_BANK16,107,F1,0.2633873522281647,0.002376346383243799,58.91301083564758,0.10925416648387909,0.0,0.24356544762849808,133
SLAKE_STAGE2_BANK16,107,F1,0.26336541771888733,0.0037430620286613703,59.36111855506897,0.15675224363803864,0.0,0.2308940812945366,134
SLAKE_STAGE2_BANK16,107,F1,0.2633475959300995,0.020289000123739243,59.797476053237915,0.2657648026943207,0.0,0.3544643819332123,135
SLAKE_STAGE2_BANK16,107,F1,0.2633287012577057,0.001720972009934485,60.22898530960083,0.07911628484725952,0.0,0.2502099797129631,136
SLAKE_STAGE2_BANK16,107,F1,0.2633148431777954,0.0037839587312191725,60.66583728790283,0.1091480404138565,0.0,0.2435145229101181,137
SLAKE_STAGE2_BANK16,107,F1,0.2632902264595032,0.0024218654725700617,61.091038942337036,0.15595251321792603,0.0,0.23081470280885696,138
SLAKE_STAGE2_BANK16,107,F1,0.2632717192173004,0.02051551081240177,61.522318601608276,0.26115044951438904,0.0,0.35248687863349915,139
SLAKE_STAGE2_BANK16,107,F1,0.2632535994052887,0.0017654384719207883,61.95781064033508,0.0783730149269104,0.0,0.25016433000564575,140
SLAKE_STAGE2_BANK16,107,F1,0.26323238015174866,0.0017437828937545419,62.41917943954468,0.10837318003177643,0.0,0.24346571415662766,141
SLAKE_STAGE2_BANK16,107,F1,0.2632204592227936,0.0038251939695328474,62.857203245162964,0.15686297416687012,0.0,0.22955302894115448,142
SLAKE_STAGE2_BANK16,107,F1,0.26320090889930725,0.02113000862300396,63.287564754486084,0.2565006911754608,0.0,0.3505265712738037,143
SLAKE_STAGE2_BANK16,107,F1,0.26318874955177307,0.002438721712678671,63.726473331451416,0.07799092680215836,0.0,0.24876902252435684,144
SLAKE_STAGE2_BANK16,107,F1,0.26317039132118225,0.021418433636426926,64.15748238563538,0.1090506985783577,0.0,0.24213235825300217,145
SLAKE_STAGE2_BANK16,107,F1,0.26315462589263916,0.002432727487757802,64.60314583778381,0.15797121822834015,0.0,0.22829873114824295,146
SLAKE_STAGE2_BANK16,107,F1,0.2631300091743469,0.0017768983962014318,65.05012464523315,0.25005221366882324,0.0,0.3466688543558121,147
SLAKE_STAGE2_BANK16,107,F1,0.2631138861179352,0.0038697433192282915,65.48529028892517,0.07877100259065628,0.0,0.2473541647195816,148
SLAKE_STAGE2_BANK16,107,F1,0.2630961239337921,0.003861189354211092,65.91735339164734,0.11257030069828033,0.0,0.23942571133375168,149
SLAKE_STAGE2_BANK16,107,F1,0.2630777657032013,0.0024009766057133675,66.34384322166443,0.16020651161670685,0.0,0.22685376554727554,150
SLAKE_STAGE2_BANK16,107,F1,0.2630716860294342,0.022223209962248802,66.77865433692932,0.2427605390548706,0.0,0.3433647006750107,151
SLAKE_STAGE2_BANK16,107,F1,0.2630556523799896,0.001817938289605081,67.21928238868713,0.07923778891563416,0.0,0.24598201364278793,152
SLAKE_STAGE2_BANK16,107,F1,0.26303789019584656,0.0018210132839158177,67.66774582862854,0.11276455968618393,0.0,0.23938561230897903,153
SLAKE_STAGE2_BANK16,107,F1,0.2630215585231781,0.0024292953312397003,68.098388671875,0.15977595746517181,0.0,0.22679508477449417,154
SLAKE_STAGE2_BANK16,107,F1,0.26300716400146484,0.022518638521432877,68.54653263092041,0.2387932986021042,0.0,0.3414456844329834,155
SLAKE_STAGE2_BANK16,107,F1,0.2629972994327545,0.0038871464785188437,68.97934532165527,0.07892797887325287,0.0,0.24594368040561676,156
SLAKE_STAGE2_BANK16,107,F1,0.26297932863235474,0.0038911504670977592,69.42670345306396,0.11347625404596329,0.0,0.23934968560934067,157
SLAKE_STAGE2_BANK16,107,F1,0.26016029715538025,0.0024695047177374363,69.85886406898499,0.15720094740390778,0.0,0.2255781814455986,158
SLAKE_STAGE2_BANK16,107,F1,0.2601430416107178,0.0018564186757430434,70.29684329032898,0.2384638786315918,0.0,0.33952197432518005,159
SLAKE_STAGE2_BANK16,107,F1,0.2601279318332672,0.02347336709499359,70.72723889350891,0.07552298158407211,0.0,0.24590885639190674,160
SLAKE_STAGE2_BANK16,107,F2,4.688904285430908,0.004987741820514202,0.694080114364624,14.650864601135254,3.766559600830078,0.0001639772017369978,1
SLAKE_STAGE2_BANK16,107,F2,4.522091865539551,0.0045074885711073875,1.3090240955352783,15.241755485534668,3.641451835632324,0.0002047979214694351,2
SLAKE_STAGE2_BANK16,107,F2,4.3297648429870605,0.005230715963989496,1.9318575859069824,15.893808364868164,3.4972057342529297,0.0002039375904132612,3
SLAKE_STAGE2_BANK16,107,F2,4.14089298248291,0.36013495922088623,2.5428812503814697,16.505489349365234,3.3555521965026855,0.00017865670815808699,4
SLAKE_STAGE2_BANK16,107,F2,3.9404456615448,0.352723091840744,3.1596298217773438,16.663063049316406,3.205214500427246,0.00017400737124262378,5
SLAKE_STAGE2_BANK16,107,F2,3.74596905708313,0.00438575679436326,3.7774641513824463,15.762313842773438,3.0593557357788086,0.00022684199939249083,6
SLAKE_STAGE2_BANK16,107,F2,3.569579839706421,0.00512542063370347,4.395277261734009,13.094497680664062,2.9270617961883545,0.00025367933994857594,7
SLAKE_STAGE2_BANK16,107,F2,3.4199602603912354,0.005290996748954058,5.009522438049316,9.722210884094238,2.8148441314697266,0.00019673105998663232,8
SLAKE_STAGE2_BANK16,107,F2,3.312185525894165,0.3229331970214844,5.6257004737854,7.888879776000977,2.734009027481079,0.00020173400844214484,9
SLAKE_STAGE2_BANK16,107,F2,3.222842216491699,0.005321240983903408,6.241816997528076,7.34669828414917,2.666996717453003,0.00027291267906548455,10
SLAKE_STAGE2_BANK16,107,F2,3.1437528133392334,0.004141824785619974,6.858834266662598,7.236531734466553,2.6076738834381104,0.00036343163083074614,11
SLAKE_STAGE2_BANK16,107,F2,3.0645456314086914,0.005111213307827711,7.474372148513794,7.190377235412598,2.5482614040374756,0.0002408009095233865,12
SLAKE_STAGE2_BANK16,107,F2,2.984694480895996,0.0051883249543607235,8.090815305709839,7.1370439529418945,2.4883646965026855,0.00027034511731471866,13
SLAKE_STAGE2_BANK16,107,F2,2.903113603591919,0.0050688437186181545,8.705474376678467,7.07741117477417,2.4271674156188965,0.000386688785511069,14
SLAKE_STAGE2_BANK16,107,F2,2.819282293319702,0.0038003192748874426,9.32371187210083,7.003105640411377,2.364278793334961,0.0006475206027971581,15
SLAKE_STAGE2_BANK16,107,F2,2.7356719970703125,0.25462692975997925,9.942335605621338,6.938675880432129,2.3015520572662354,0.0003580075717763975,16
SLAKE_STAGE2_BANK16,107,F2,2.6469955444335938,0.0037377304397523403,10.557906866073608,6.829300880432129,2.235018730163574,0.0004532105813268572,17
SLAKE_STAGE2_BANK16,107,F2,2.5661933422088623,0.23458558320999146,11.17753529548645,6.730300426483154,2.1743874549865723,0.0006603243091376498,18
SLAKE_STAGE2_BANK16,107,F2,2.4828267097473145,0.004848907236009836,11.7924165725708,6.592177391052246,2.1118245124816895,0.0013761702284682542,19
SLAKE_STAGE2_BANK16,107,F2,2.3969223499298096,0.004822537302970886,12.407769441604614,6.471921920776367,2.047344923019409,0.000663368497043848,20
SLAKE_STAGE2_BANK16,107,F2,2.316243886947632,0.20193994045257568,13.035566568374634,6.3359551429748535,1.9867757558822632,0.0008981303253676742,21
SLAKE_STAGE2_BANK16,107,F2,2.2382075786590576,0.004635008983314037,13.65300440788269,6.174435138702393,1.9281760454177856,0.0012926617346238345,22
SLAKE_STAGE2_BANK16,107,F2,2.1576144695281982,0.004601631313562393,14.27681040763855,5.990078449249268,1.8676360845565796,0.0030426133307628334,23
SLAKE_STAGE2_BANK16,107,F2,2.0770599842071533,0.003099046880379319,14.886609077453613,5.852903366088867,1.8071004152297974,0.0013825350324623287,24
SLAKE_STAGE2_BANK16,107,F2,2.001760244369507,0.0030606756918132305,15.509907960891724,5.675451755523682,1.7504850625991821,0.001897191337775439,25
SLAKE_STAGE2_BANK16,107,F2,1.9265209436416626,0.004382041748613119,16.125967979431152,5.497465133666992,1.6938809156417847,0.002587050199508667,26
SLAKE_STAGE2_BANK16,107,F2,1.856544852256775,0.004366280045360327,16.770899295806885,5.269899368286133,1.6411978006362915,0.006498226546682417,27
SLAKE_STAGE2_BANK16,107,F2,1.7918206453323364,0.1301213651895523,17.4164719581604,5.14550256729126,1.5924304723739624,0.00294379610568285,28
SLAKE_STAGE2_BANK16,107,F2,1.7220220565795898,0.004193606320768595,18.05581569671631,4.951231479644775,1.5397846698760986,0.003954702173359692,29
SLAKE_STAGE2_BANK16,107,F2,1.6549116373062134,0.11313008517026901,18.72201371192932,4.769510746002197,1.4891034364700317,0.005146991228684783,30
SLAKE_STAGE2_BANK16,107,F2,1.5931061506271362,0.0025629305746406317,19.324170112609863,4.502291679382324,1.4423576593399048,0.013102796161547303,31
SLAKE_STAGE2_BANK16,107,F2,1.5288532972335815,0.004029733128845692,19.943740129470825,4.398474216461182,1.393681287765503,0.0059596458449959755,32
SLAKE_STAGE2_BANK16,107,F2,1.4699658155441284,0.003839581273496151,20.556398153305054,4.2142744064331055,1.348974585533142,0.007762460270896554,33
SLAKE_STAGE2_BANK16,107,F2,1.4112820625305176,0.002348151756450534,21.18567728996277,4.031249523162842,1.3043198585510254,0.009544017724692822,34
SLAKE_STAGE2_BANK16,107,F2,1.3554143905639648,0.07686962187290192,21.810505151748657,3.743854284286499,1.2616915702819824,0.024005649611353874,35
SLAKE_STAGE2_BANK16,107,F2,1.3048869371414185,0.003817801596596837,22.427505493164062,3.688839912414551,1.223024606704712,0.011395064648240805,36
SLAKE_STAGE2_BANK16,107,F2,1.2521376609802246,0.0022495232988148928,23.04453706741333,3.51519775390625,1.1825124025344849,0.014187268447130919,37
SLAKE_STAGE2_BANK16,107,F2,1.2022104263305664,0.0601344034075737,23.6721031665802,3.360800266265869,1.1440117359161377,0.016749042086303234,38
SLAKE_STAGE2_BANK16,107,F2,1.1527026891708374,0.0034762038849294186,24.28754162788391,3.037799596786499,1.1056560277938843,0.04142659716308117,39
SLAKE_STAGE2_BANK16,107,F2,1.106061339378357,0.003567952662706375,24.905904054641724,3.056865930557251,1.0693269968032837,0.020388147793710232,40
SLAKE_STAGE2_BANK16,107,F2,1.0595422983169556,0.046579908579587936,25.542269468307495,2.9198312759399414,1.0328900814056396,0.02424040250480175,41
SLAKE_STAGE2_BANK16,107,F2,1.0158058404922485,0.003252877853810787,26.159101724624634,2.8016703128814697,0.9984033703804016,0.027831770479679108,42
SLAKE_STAGE2_BANK16,107,F2,0.9723458290100098,0.0034665665589272976,26.782384395599365,2.484388828277588,0.9638931155204773,0.06638288497924805,43
SLAKE_STAGE2_BANK16,107,F2,0.9336872100830078,0.0018775634234771132,27.401211261749268,2.5693533420562744,0.9329668283462524,0.033968906849622726,44
SLAKE_STAGE2_BANK16,107,F2,0.8948974609375,0.03344160318374634,28.028300762176514,2.4527857303619385,0.9017181396484375,0.039352547377347946,45
SLAKE_STAGE2_BANK16,107,F2,0.8564006686210632,0.003410106524825096,28.65535807609558,2.3511741161346436,0.8704171776771545,0.04391668736934662,46
SLAKE_STAGE2_BANK16,107,F2,0.8127439618110657,0.0017588597256690264,29.27239203453064,1.9712826013565063,0.8345951437950134,0.10097490064799786,47
SLAKE_STAGE2_BANK16,107,F2,0.7791869044303894,0.002938411431387067,29.887863636016846,2.07283878326416,0.8067367672920227,0.05358991585671902,48
SLAKE_STAGE2_BANK16,107,F2,0.7411838173866272,0.0029165875166654587,30.503777742385864,1.9436169862747192,0.7748522162437439,0.060959720984101295,49
SLAKE_STAGE2_BANK16,107,F2,0.7081725001335144,0.0016979394713416696,31.125056982040405,1.8429722785949707,0.7467987537384033,0.0657300241291523,50
SLAKE_STAGE2_BANK16,107,F2,0.6756877303123474,0.020170243456959724,31.74721050262451,1.4416272640228271,0.7188153266906738,0.1450708769261837,51
SLAKE_STAGE2_BANK16,107,F2,0.6393131017684937,0.0032610883936285973,32.3544340133667,1.5729568004608154,0.6869643330574036,0.08161172270774841,52
SLAKE_STAGE2_BANK16,107,F2,0.6081346273422241,0.017096493393182755,32.96958088874817,1.4699807167053223,0.6591790318489075,0.09104948863387108,53
SLAKE_STAGE2_BANK16,107,F2,0.5775341391563416,0.0027009877376258373,33.58568048477173,1.3940083980560303,0.6314132213592529,0.09635647013783455,54
SLAKE_STAGE2_BANK16,107,F2,0.5434779524803162,0.003318007802590728,34.20060443878174,0.827718198299408,0.6008075177669525,0.203598964959383,55
SLAKE_STAGE2_BANK16,107,F2,0.5143446922302246,0.0015477048000320792,34.809261322021484,0.9900709390640259,0.6008946895599365,0.11950908601284027,56
SLAKE_STAGE2_BANK16,107,F2,0.4860154390335083,0.002609316259622574,35.424129486083984,0.9002690315246582,0.6009920239448547,0.13169997930526733,57
SLAKE_STAGE2_BANK16,107,F2,0.4585254192352295,0.003283980768173933,36.05045557022095,0.8426988124847412,0.6049846708774567,0.1386812925338745,58
SLAKE_STAGE2_BANK16,107,F2,0.4317711591720581,0.011760100722312927,36.67011833190918,0.47400400042533875,0.6011426746845245,0.27370742708444595,59
SLAKE_STAGE2_BANK16,107,F2,0.4058510959148407,0.001484680688008666,37.28679895401001,0.5979620814323425,0.6012066751718521,0.17004118114709854,60
SLAKE_STAGE2_BANK16,107,F2,0.3842003643512726,0.003318753559142351,37.91177320480347,0.5285005569458008,0.6011976152658463,0.18277452886104584,61
SLAKE_STAGE2_BANK16,107,F2,0.35994482040405273,0.0024819746613502502,38.52876329421997,0.4916869103908539,0.6012592315673828,0.18813039362430573,62
SLAKE_STAGE2_BANK16,107,F2,0.33976876735687256,0.01030370220541954,39.1475088596344,0.31696978211402893,0.5973819941282272,0.3481871038675308,63
SLAKE_STAGE2_BANK16,107,F2,0.32349690794944763,0.001445538247935474,39.76100969314575,0.2673133313655853,0.6013181954622269,0.22523894160985947,64
SLAKE_STAGE2_BANK16,107,F2,0.3045767545700073,0.010215499438345432,40.376075983047485,0.22679884731769562,0.5974266529083252,0.2355465292930603,65
SLAKE_STAGE2_BANK16,107,F2,0.29234400391578674,0.0014415628975257277,40.9941029548645,0.2413884401321411,0.6013424396514893,0.23769889026880264,66
SLAKE_STAGE2_BANK16,107,F2,0.2804158627986908,0.0033785838168114424,41.59604525566101,0.43244197964668274,0.6013588011264801,0.41336679458618164,67
SLAKE_STAGE2_BANK16,107,F2,0.26878872513771057,0.002388990018516779,42.20403265953064,0.1397068351507187,0.5974737703800201,0.2712740898132324,68
SLAKE_STAGE2_BANK16,107,F2,0.26031777262687683,0.010628998279571533,42.80993962287903,0.1622970998287201,0.601417601108551,0.27850694954395294,69
SLAKE_STAGE2_BANK16,107,F2,0.2519562542438507,0.001453893375582993,43.42625141143799,0.19312578439712524,0.6014290452003479,0.27345821261405945,70
SLAKE_STAGE2_BANK16,107,F2,0.2438322752714157,0.00340496888384223,44.02957892417908,0.5637901425361633,0.5975255072116852,0.45457009971141815,71
SLAKE_STAGE2_BANK16,107,F2,0.2384852170944214,0.002399543533101678,44.643614292144775,0.235992431640625,0.5975350439548492,0.30254434049129486,72
SLAKE_STAGE2_BANK16,107,F2,0.23841291666030884,0.001447785529308021,45.25946640968323,0.22961612045764923,0.6014613509178162,0.30095601081848145,73
SLAKE_STAGE2_BANK16,107,F2,0.23570406436920166,0.0034222048707306385,45.87752032279968,0.23022925853729248,0.6014671921730042,0.29096825420856476,74
SLAKE_STAGE2_BANK16,107,F2,0.23306702077388763,0.0023998781107366085,46.501641035079956,0.5960496664047241,0.5975673645734787,0.4650462120771408,75
SLAKE_STAGE2_BANK16,107,F2,0.2330244928598404,0.012582315132021904,47.116928577423096,0.2541790008544922,0.597571074962616,0.30866363644599915,76
SLAKE_STAGE2_BANK16,107,F2,0.23291654884815216,0.0034289404284209013,47.74323058128357,0.23666037619113922,0.5936775356531143,0.3024008572101593,77
SLAKE_STAGE2_BANK16,107,F2,0.23287926614284515,0.0014708784874528646,48.3639657497406,0.2195814847946167,0.5936790406703949,0.28641048073768616,78
SLAKE_STAGE2_BANK16,107,F2,0.23802918195724487,0.013521771878004074,48.97606611251831,0.5500010848045349,0.5975922346115112,0.45311394333839417,79
SLAKE_STAGE2_BANK16,107,F2,0.23798619210720062,0.002372673014178872,49.59349250793457,0.21512696146965027,0.5936781764030457,0.29927048087120056,80
SLAKE_STAGE2_BANK16,107,F2,0.24054336547851562,0.0014659587759524584,50.2504026889801,0.19084595143795013,0.5936952531337738,0.29162274301052094,81
SLAKE_STAGE2_BANK16,107,F2,0.24312476813793182,0.0023312116973102093,50.87552499771118,0.1811060756444931,0.5897907614707947,0.2730085104703903,82
SLAKE_STAGE2_BANK16,107,F2,0.2484443038702011,0.00343061494641006,51.49603271484375,0.4743344187736511,0.593699038028717,0.42823465168476105,83
SLAKE_STAGE2_BANK16,107,F2,0.25109240412712097,0.014949297532439232,52.11137509346008,0.14723846316337585,0.5937036573886871,0.28257980942726135,84
SLAKE_STAGE2_BANK16,107,F2,0.256559282541275,0.015218086540699005,52.72858023643494,0.13387054204940796,0.5937029123306274,0.2737651467323303,85
SLAKE_STAGE2_BANK16,107,F2,0.2592550218105316,0.003446414601057768,53.350279092788696,0.16036754846572876,0.5897988677024841,0.25594203919172287,86
SLAKE_STAGE2_BANK16,107,F2,0.262035608291626,0.0014727963134646416,53.97061347961426,0.39942488074302673,0.5937058925628662,0.4060608893632889,87
SLAKE_STAGE2_BANK16,107,F2,0.2647826373577118,0.0023071449249982834,54.58799886703491,0.10587235540151596,0.5898035168647766,0.26508761942386627,88
SLAKE_STAGE2_BANK16,107,F2,0.27043667435646057,0.0014683881308883429,55.20474934577942,0.12197420001029968,0.5937105119228363,0.2580410987138748,89
SLAKE_STAGE2_BANK16,107,F2,0.2732388973236084,0.0034339402336627245,55.82291555404663,0.1729305386543274,0.593703031539917,0.24366851896047592,90
SLAKE_STAGE2_BANK16,107,F2,0.2732151448726654,0.01701267808675766,56.437816858291626,0.3364048898220062,0.5858954191207886,0.3830641508102417,91
SLAKE_STAGE2_BANK16,107,F2,0.2789749801158905,0.0023224791511893272,57.0544970035553,0.11095637083053589,0.589808464050293,0.25105565041303635,92
SLAKE_STAGE2_BANK16,107,F2,0.27893927693367004,0.017560303211212158,57.670469999313354,0.13898582756519318,0.585902601480484,0.24424786865711212,93
SLAKE_STAGE2_BANK16,107,F2,0.28182992339134216,0.0015031405491754413,58.288236141204834,0.1975381225347519,0.5859017372131348,0.23044106364250183,94
SLAKE_STAGE2_BANK16,107,F2,0.2847285866737366,0.003481721505522728,58.91064643859863,0.28812703490257263,0.5859047174453735,0.3634421154856682,95
SLAKE_STAGE2_BANK16,107,F2,0.2846953272819519,0.0022940055932849646,59.526384115219116,0.1285260170698166,0.5859049260616302,0.24150922149419785,96
SLAKE_STAGE2_BANK16,107,F2,0.287643700838089,0.0022903962526470423,60.13694095611572,0.1624407321214676,0.5859025120735168,0.23617932200431824,97
SLAKE_STAGE2_BANK16,107,F2,0.2876254618167877,0.0015046873595565557,60.75968289375305,0.21401269733905792,0.5859032273292542,0.22400207817554474,98
SLAKE_STAGE2_BANK16,107,F2,0.2905690371990204,0.018390903249382973,61.38010263442993,0.2647610902786255,0.5859043002128601,0.3547661080956459,99
SLAKE_STAGE2_BANK16,107,F2,0.2905413806438446,0.003483818843960762,61.99973511695862,0.142646923661232,0.5859098136425018,0.2374303936958313,100
SLAKE_STAGE2_BANK16,107,F2,0.2905055284500122,0.0023360757622867823,62.64329671859741,0.17331330478191376,0.5819989144802094,0.23215201497077942,101
SLAKE_STAGE2_BANK16,107,F2,0.2904820144176483,0.0015182594070211053,63.26231026649475,0.22219128906726837,0.5859076678752899,0.2213280275464058,102
SLAKE_STAGE2_BANK16,107,F2,0.28743529319763184,0.018687929958105087,63.87783098220825,0.25940853357315063,0.5819967687129974,0.3507538214325905,103
SLAKE_STAGE2_BANK16,107,F2,0.2874058187007904,0.0035251867957413197,64.49981427192688,0.13920901715755463,0.5819970369338989,0.23602565377950668,104
SLAKE_STAGE2_BANK16,107,F2,0.28737953305244446,0.0015138126909732819,65.11206722259521,0.1647433191537857,0.5819985568523407,0.23338313400745392,105
SLAKE_STAGE2_BANK16,107,F2,0.2873561680316925,0.0023296326398849487,65.72874617576599,0.21509410440921783,0.5820011794567108,0.22120582312345505,106
SLAKE_STAGE2_BANK16,107,F2,0.2873137295246124,0.018627187237143517,66.3451886177063,0.254587858915329,0.5819999873638153,0.3506856933236122,107
SLAKE_STAGE2_BANK16,107,F2,0.28431078791618347,0.00354158622212708,66.96214938163757,0.12870047986507416,0.5819990038871765,0.23857099562883377,108
SLAKE_STAGE2_BANK16,107,F2,0.2842794358730316,0.01867261528968811,67.5864372253418,0.15812930464744568,0.5819978713989258,0.2333400994539261,109
SLAKE_STAGE2_BANK16,107,F2,0.2842520475387573,0.002332850592210889,68.19623708724976,0.20471884310245514,0.5819934010505676,0.22356750816106796,110
SLAKE_STAGE2_BANK16,107,F2,0.2842322587966919,0.0035676956176757812,68.81482672691345,0.25506776571273804,0.5819961428642273,0.351930633187294,111
SLAKE_STAGE2_BANK16,107,F2,0.2812348008155823,0.0015835175290703773,69.43959665298462,0.12096001207828522,0.5780932903289795,0.23980825394392014,112
SLAKE_STAGE2_BANK16,107,F2,0.281207412481308,0.0015766897704452276,70.05541229248047,0.1494791954755783,0.5780924260616302,0.23583241552114487,113
SLAKE_STAGE2_BANK16,107,F2,0.27826768159866333,0.0023268903605639935,70.67293357849121,0.18972554802894592,0.5819987058639526,0.22614914923906326,114
SLAKE_STAGE2_BANK16,107,F2,0.2753039300441742,0.018524695187807083,71.29058527946472,0.26429665088653564,0.5780937373638153,0.3526051342487335,115
SLAKE_STAGE2_BANK16,107,F2,0.2752867639064789,0.00357618136331439,71.9080822467804,0.10643099993467331,0.5780917108058929,0.24374749511480331,116
SLAKE_STAGE2_BANK16,107,F2,0.2752620279788971,0.002353294286876917,72.52371287345886,0.13223131000995636,0.5819985866546631,0.24109037965536118,117
SLAKE_STAGE2_BANK16,107,F2,0.2752366364002228,0.0016469963593408465,73.1419825553894,0.1824205368757248,0.581992894411087,0.22738177329301834,118
SLAKE_STAGE2_BANK16,107,F2,0.27234435081481934,0.003612356958910823,73.75919651985168,0.268571674823761,0.5780926942825317,0.35584428161382675,119
SLAKE_STAGE2_BANK16,107,F2,0.26942184567451477,0.018281832337379456,74.37565660476685,0.09509117901325226,0.5741832852363586,0.24638093262910843,120
SLAKE_STAGE2_BANK16,107,F2,0.2694012522697449,0.001610253006219864,75.00253629684448,0.12345316261053085,0.5741862654685974,0.2410278543829918,121
SLAKE_STAGE2_BANK16,107,F2,0.26937541365623474,0.0023554121144115925,75.61873483657837,0.17063361406326294,0.5741851925849915,0.2284555733203888,122
SLAKE_STAGE2_BANK16,107,F2,0.2693520188331604,0.0036408593878149986,76.23469710350037,0.26966336369514465,0.5780856013298035,0.3551994562149048,123
SLAKE_STAGE2_BANK16,107,F2,0.2693304419517517,0.018552042543888092,76.85248398780823,0.09156764298677444,0.5780862271785736,0.24902503937482834,124
SLAKE_STAGE2_BANK16,107,F2,0.2664337158203125,0.0016363676404580474,77.46738314628601,0.11493854969739914,0.5780875086784363,0.24501430243253708,125
SLAKE_STAGE2_BANK16,107,F2,0.2664163410663605,0.002338644815608859,78.0839855670929,0.16199102997779846,0.5780899524688721,0.2311127707362175,126
SLAKE_STAGE2_BANK16,107,F2,0.26639461517333984,0.0036587081849575043,78.70237898826599,0.27203303575515747,0.5780873894691467,0.3565305024385452,127
SLAKE_STAGE2_BANK16,107,F2,0.2663698196411133,0.0186481811106205,79.3179521560669,0.08816125243902206,0.5741803050041199,0.24897053092718124,128
SLAKE_STAGE2_BANK16,107,F2,0.2663494050502777,0.0037013499531894922,79.9385998249054,0.11451024562120438,0.5780867338180542,0.24496300518512726,129
SLAKE_STAGE2_BANK16,107,F2,0.2663262188434601,0.001651675091125071,80.56172060966492,0.161568745970726,0.5780871212482452,0.23102591186761856,130
SLAKE_STAGE2_BANK16,107,F2,0.26631131768226624,0.018965791910886765,81.1780138015747,0.26684218645095825,0.5780913531780243,0.3545520603656769,131
SLAKE_STAGE2_BANK16,107,F2,0.2662889063358307,0.0023802269715815783,81.79417657852173,0.08681066334247589,0.5780934691429138,0.2503009960055351,132
SLAKE_STAGE2_BANK16,107,F2,0.2634262442588806,0.0024166039656847715,82.41074085235596,0.11112617701292038,0.5741814970970154,0.24490705877542496,133
SLAKE_STAGE2_BANK16,107,F2,0.26340848207473755,0.0037511601112782955,83.02916836738586,0.1555170863866806,0.5741849839687347,0.2321309968829155,134
SLAKE_STAGE2_BANK16,107,F2,0.2605747878551483,0.01932002417743206,83.64806985855103,0.26939475536346436,0.570275068283081,0.35256531834602356,135
SLAKE_STAGE2_BANK16,107,F2,0.26338836550712585,0.0016827506478875875,84.26338505744934,0.08425925672054291,0.5741794109344482,0.2488943710923195,136
SLAKE_STAGE2_BANK16,107,F2,0.26336681842803955,0.003745573339983821,84.88129782676697,0.11164364963769913,0.5741863250732422,0.2435508891940117,137
SLAKE_STAGE2_BANK16,107,F2,0.2605215609073639,0.0024033915251493454,85.4960548877716,0.15199419856071472,0.5702749192714691,0.23085032403469086,138
SLAKE_STAGE2_BANK16,107,F2,0.2605021297931671,0.019603054970502853,86.1138346195221,0.26583945751190186,0.5702774524688721,0.3506060540676117,139
SLAKE_STAGE2_BANK16,107,F2,0.26331308484077454,0.0017486826982349157,86.73155689239502,0.08369878679513931,0.574183851480484,0.24885083734989166,140
SLAKE_STAGE2_BANK16,107,F2,0.2632651627063751,0.001779078273102641,87.36722660064697,0.11315754055976868,0.5702739655971527,0.242119662463665,141
SLAKE_STAGE2_BANK16,107,F2,0.2632444202899933,0.003831611480563879,87.99303936958313,0.15802672505378723,0.5702771544456482,0.22939597815275192,142
SLAKE_STAGE2_BANK16,107,F2,0.2604272663593292,0.020320795476436615,88.60053133964539,0.2582070231437683,0.5702815353870392,0.3467433452606201,143
SLAKE_STAGE2_BANK16,107,F2,0.2604183554649353,0.0023741968907415867,89.21778225898743,0.08143558353185654,0.5663757920265198,0.24742067605257034,144
SLAKE_STAGE2_BANK16,107,F2,0.260397344827652,0.02029058337211609,89.83352899551392,0.10993682593107224,0.5663774609565735,0.24077295511960983,145
SLAKE_STAGE2_BANK16,107,F2,0.26320749521255493,0.0023937372025102377,90.45133209228516,0.16001397371292114,0.5702814757823944,0.2269609346985817,146
SLAKE_STAGE2_BANK16,107,F2,0.2603568732738495,0.0017811818979680538,91.06879758834839,0.250090092420578,0.5702785551548004,0.3429139405488968,147
SLAKE_STAGE2_BANK16,107,F2,0.2603401243686676,0.003841111436486244,91.6888484954834,0.08185489475727081,0.5663744211196899,0.2460346594452858,148
SLAKE_STAGE2_BANK16,107,F2,0.26315662264823914,0.003862685989588499,92.30144357681274,0.11526686698198318,0.5702843964099884,0.23944604396820068,149
SLAKE_STAGE2_BANK16,107,F2,0.26313450932502747,0.0024464400485157967,92.91951775550842,0.16222018003463745,0.5663744509220123,0.22553065419197083,150
SLAKE_STAGE2_BANK16,107,F2,0.2631200850009918,0.020960748195648193,93.53322720527649,0.24057094752788544,0.5663792192935944,0.3401305601000786,151
SLAKE_STAGE2_BANK16,107,F2,0.2631000280380249,0.0018116794526576996,94.15072679519653,0.08364195376634598,0.5663748681545258,0.2459748461842537,152
SLAKE_STAGE2_BANK16,107,F2,0.26308807730674744,0.001841509249061346,94.76755428314209,0.1173616498708725,0.5663750171661377,0.2380417063832283,153
SLAKE_STAGE2_BANK16,107,F2,0.26024362444877625,0.0023912000469863415,95.38612794876099,0.15906988084316254,0.5624690651893616,0.22429101914167404,154
SLAKE_STAGE2_BANK16,107,F2,0.26022353768348694,0.021597761660814285,96.00331592559814,0.24188809096813202,0.5663717985153198,0.3395899832248688,155
SLAKE_STAGE2_BANK16,107,F2,0.263040155172348,0.0039177220314741135,96.61903834342957,0.08217217028141022,0.5702806711196899,0.24730781465768814,156
SLAKE_STAGE2_BANK16,107,F2,0.26302605867385864,0.003898258088156581,97.23505306243896,0.11536231637001038,0.5702840685844421,0.239377923309803,157
SLAKE_STAGE2_BANK16,107,F2,0.2601803243160248,0.002417016075924039,97.85084438323975,0.15687295794487,0.5663785338401794,0.22560540586709976,158
SLAKE_STAGE2_BANK16,107,F2,0.2601637840270996,0.0018600794719532132,98.47226524353027,0.23811854422092438,0.5663738250732422,0.33767737448215485,159
SLAKE_STAGE2_BANK16,107,F2,0.2573692798614502,0.02208997681736946,99.08337044715881,0.07756013423204422,0.5624723732471466,0.2459414228796959,160
SLAKE_STAGE2_BANK16,108,F0,0.0,0.0,0.5067789554595947,0.00047633270150981843,0.0,9.99353505903855e-05,1
SLAKE_STAGE2_BANK16,108,F0,0.0,0.0,0.882225513458252,0.00024290157307405025,0.0,6.176289025461301e-05,2
SLAKE_STAGE2_BANK16,108,F0,0.0,0.0,1.2350139617919922,0.000289415183942765,0.0,6.925755587872118e-05,3
SLAKE_STAGE2_BANK16,108,F0,0.0,0.0,1.5830256938934326,0.00033117106067948043,0.0,7.37276641302742e-05,4
SLAKE_STAGE2_BANK16,108,F0,0.0,0.0,1.8099839687347412,0.0003893632092513144,0.0,8.995308962767012e-05,5
SLAKE_STAGE2_BANK16,108,F0,0.0,0.0,2.031932830810547,0.00022551551228389144,0.0,5.647339639835991e-05,6
SLAKE_STAGE2_BANK16,108,F0,0.0,0.0,2.2539119720458984,0.00025732419453561306,0.0,6.310390926955733e-05,7
SLAKE_STAGE2_BANK16,108,F0,0.0,0.0,2.4780349731445312,0.00026270002126693726,0.0,6.694824332953431e-05,8
SLAKE_STAGE2_BANK16,108,F0,0.0,0.0,2.6987521648406982,0.00034640333615243435,0.0,8.47680275910534e-05,9
SLAKE_STAGE2_BANK16,108,F0,0.0,0.0,2.9223222732543945,0.0002067302993964404,0.0,5.258445344225038e-05,10
SLAKE_STAGE2_BANK16,108,F0,0.0,0.0,3.1451823711395264,0.0002349827263969928,0.0,5.899151256016921e-05,11
SLAKE_STAGE2_BANK16,108,F0,0.0,0.0,3.375615119934082,0.00024842520360834897,0.0,6.262725764827337e-05,12
SLAKE_STAGE2_BANK16,108,F0,0.0,0.0,3.5982730388641357,0.00034998534829355776,0.0,8.058121966314502e-05,13
SLAKE_STAGE2_BANK16,108,F0,0.0,0.0,3.820208787918091,0.00019220204558223486,0.0,4.993222682969645e-05,14
SLAKE_STAGE2_BANK16,108,F0,0.0,0.0,4.043938159942627,0.00021763172117061913,0.0,5.534099727810826e-05,15
SLAKE_STAGE2_BANK16,108,F0,0.0,0.0,4.2648231983184814,0.00022467503731604666,0.0,5.930454972258303e-05,16
SLAKE_STAGE2_BANK16,108,F0,0.0,0.0,4.488640069961548,0.0003480912419036031,0.0,7.819727034075186e-05,17
SLAKE_STAGE2_BANK16,108,F0,0.0,0.0,4.721015453338623,0.00018131993419956416,0.0,4.786110366694629e-05,18
SLAKE_STAGE2_BANK16,108,F0,0.0,0.0,4.951084613800049,0.00019877530576195568,0.0,5.321029311744496e-05,19
SLAKE_STAGE2_BANK16,108,F0,0.0,0.0,5.174717903137207,0.00021800723334308714,0.0,5.750165291829035e-05,20
SLAKE_STAGE2_BANK16,108,F0,0.0,0.0,5.408182859420776,0.00032593231298960745,0.0,7.626032675034367e-05,21
SLAKE_STAGE2_BANK16,108,F0,0.0,0.0,5.634446859359741,0.00018045390606857836,0.0,4.6669090806972235e-05,22
SLAKE_STAGE2_BANK16,108,F0,0.0,0.0,5.861457347869873,0.00020025040430482477,0.0,5.1466984587023035e-05,23
SLAKE_STAGE2_BANK16,108,F0,0.0,0.0,6.084453821182251,0.00020935916109010577,0.0,5.6399047025479376e-05,24
SLAKE_STAGE2_BANK16,108,F0,0.0,0.0,6.304720401763916,0.00033736362820491195,0.0,7.456177809217479e-05,25
SLAKE_STAGE2_BANK16,108,F0,0.0,0.0,6.525979280471802,0.00017599893908482045,0.0,4.614759200194385e-05,26
SLAKE_STAGE2_BANK16,108,F0,0.0,0.0,6.733808517456055,0.00019209901802241802,0.0,5.0587883379193954e-05,27
SLAKE_STAGE2_BANK16,108,F0,0.0,0.0,6.953042268753052,0.0002017606166191399,0.0,5.537093966268003e-05,28
SLAKE_STAGE2_BANK16,108,F0,0.0,0.0,7.17681097984314,0.00031594157917425036,0.0,7.363803706539329e-05,29
SLAKE_STAGE2_BANK16,108,F0,0.0,0.0,7.40648889541626,0.00017122096323873848,0.0,4.5655888243345544e-05,30
SLAKE_STAGE2_BANK16,108,F0,0.0,0.0,7.629960060119629,0.00018788425950333476,0.0,5.002167927159462e-05,31
SLAKE_STAGE2_BANK16,108,F0,0.0,0.0,7.853265285491943,0.00019559622160159051,0.0,5.5207041441462934e-05,32
SLAKE_STAGE2_BANK16,108,F0,0.0,0.0,8.073646068572998,0.0003036830748897046,0.0,7.332514906011056e-05,33
SLAKE_STAGE2_BANK16,108,F0,0.0,0.0,8.295551538467407,0.00016919165500439703,0.0,4.5387692807707936e-05,34
SLAKE_STAGE2_BANK16,108,F0,0.0,0.0,8.519980192184448,0.0001873238361440599,0.0,4.978328797733411e-05,35
SLAKE_STAGE2_BANK16,108,F0,0.0,0.0,8.742024898529053,0.0001980407105293125,0.0,5.520704871742055e-05,36
SLAKE_STAGE2_BANK16,108,F0,0.0,0.0,8.96524977684021,0.00031433734693564475,0.0,7.252061550389044e-05,37
SLAKE_STAGE2_BANK16,108,F0,0.0,0.0,9.186619758605957,0.00016439562023151666,0.0,4.5715509259025566e-05,38
SLAKE_STAGE2_BANK16,108,F0,0.0,0.0,9.411101579666138,0.00018934723630081862,0.0,4.985779924027156e-05,39
SLAKE_STAGE2_BANK16,108,F0,0.0,0.0,9.641196727752686,0.0001973868638742715,0.0,5.54454618395539e-05,40
SLAKE_STAGE2_BANK16,108,F0,0.0,0.0,9.873136758804321,0.0003187007096130401,0.0,7.252066097862553e-05,41
SLAKE_STAGE2_BANK16,108,F0,0.0,0.0,10.096185684204102,0.00017235803534276783,0.0,4.660954436985776e-05,42
SLAKE_STAGE2_BANK16,108,F0,0.0,0.0,10.319971323013306,0.00019011151744052768,0.0,5.037931987317279e-05,43
SLAKE_STAGE2_BANK16,108,F0,0.0,0.0,10.541040658950806,0.0002004868583753705,0.0,5.619047806249e-05,44
SLAKE_STAGE2_BANK16,108,F0,0.0,0.0,10.764903545379639,0.00034073583083227277,0.0,7.256543540279381e-05,45
SLAKE_STAGE2_BANK16,108,F0,0.0,0.0,10.985664367675781,0.00017650151858106256,0.0,4.763767356052995e-05,46
SLAKE_STAGE2_BANK16,108,F0,0.0,0.0,11.209412097930908,0.00019417957810219377,0.0,5.1094542868668213e-05,47
SLAKE_STAGE2_BANK16,108,F0,0.0,0.0,11.430134296417236,0.000208316370844841,0.0,5.678649358742405e-05,48
SLAKE_STAGE2_BANK16,108,F0,0.0,0.0,11.653141021728516,0.00033962525776587427,0.0,7.2982697020052e-05,49
SLAKE_STAGE2_BANK16,108,F0,0.0,0.0,11.878992080688477,0.00018404224829282612,0.0,4.818899651581887e-05,50
SLAKE_STAGE2_BANK16,108,F0,0.0,0.0,12.107153415679932,0.0002054254146059975,0.0,5.149685421201866e-05,51
SLAKE_STAGE2_BANK16,108,F0,0.0,0.0,12.328968048095703,0.0002239154273411259,0.0,5.751659955421928e-05,52
SLAKE_STAGE2_BANK16,108,F0,0.0,0.0,12.551579236984253,0.00031620683148503304,0.0,7.259536323545035e-05,53
SLAKE_STAGE2_BANK16,108,F0,0.0,0.0,12.775448560714722,0.00019112297741230577,0.0,4.9202235459233634e-05,54
SLAKE_STAGE2_BANK16,108,F0,0.0,0.0,12.998695611953735,0.00021737691713497043,0.0,5.237599179963581e-05,55
SLAKE_STAGE2_BANK16,108,F0,0.0,0.0,13.220340967178345,0.00024955676053650677,0.0,5.915560541325249e-05,56
SLAKE_STAGE2_BANK16,108,F0,0.0,0.0,13.443327903747559,0.00033737142803147435,0.0,7.293810995179228e-05,57
SLAKE_STAGE2_BANK16,108,F0,0.0,0.0,13.66420841217041,0.00019955848983954638,0.0,5.0558181101223454e-05,58
SLAKE_STAGE2_BANK16,108,F0,0.0,0.0,13.887631177902222,0.000219070803723298,0.0,5.316572423907928e-05,59
SLAKE_STAGE2_BANK16,108,F0,0.0,0.0,14.108326196670532,0.00023635629622731358,0.0,6.0690301324939355e-05,60
SLAKE_STAGE2_BANK16,108,F0,0.0,0.0,14.34303331375122,0.00031397363636642694,0.0,7.331064625759609e-05,61
SLAKE_STAGE2_BANK16,108,F0,0.0,0.0,14.575248003005981,0.00019607854483183473,0.0,5.1511820856831037e-05,62
SLAKE_STAGE2_BANK16,108,F0,0.0,0.0,14.805251836776733,0.00020963956194464117,0.0,5.4491867558681406e-05,63
SLAKE_STAGE2_BANK16,108,F0,0.0,0.0,15.029261112213135,0.00025589930010028183,0.0,6.252298771869391e-05,64
SLAKE_STAGE2_BANK16,108,F0,0.0,0.0,15.25039267539978,0.00033299860660918057,0.0,7.326596460188739e-05,65
SLAKE_STAGE2_BANK16,108,F0,0.0,0.0,15.473540544509888,0.0001922074588946998,0.0,5.2480339945759624e-05,66
SLAKE_STAGE2_BANK16,108,F0,0.0,0.0,15.694822072982788,0.0002049759350484237,0.0,5.560938188864384e-05,67
SLAKE_STAGE2_BANK16,108,F0,0.0,0.0,15.916860580444336,0.00030794652411714196,0.0,6.395336095010862e-05,68
SLAKE_STAGE2_BANK16,108,F0,0.0,0.0,16.137874126434326,0.00034346507163718343,0.0,7.335534246522002e-05,69
SLAKE_STAGE2_BANK16,108,F0,0.0,0.0,16.362524032592773,0.00019352474191691726,0.0,5.352335938368924e-05,70
SLAKE_STAGE2_BANK16,108,F0,0.0,0.0,16.58689522743225,0.0002116413088515401,0.0,5.58924803044647e-05,71
SLAKE_STAGE2_BANK16,108,F0,0.0,0.0,16.810174226760864,0.00028405332705006003,0.0,6.386396125890315e-05,72
SLAKE_STAGE2_BANK16,108,F0,0.0,0.0,17.040985345840454,0.0003270769084338099,0.0,7.35788416932337e-05,73
SLAKE_STAGE2_BANK16,108,F0,0.0,0.0,17.263086557388306,0.00019933063595090061,0.0,5.405975389294326e-05,74
SLAKE_STAGE2_BANK16,108,F0,0.0,0.0,17.48586368560791,0.00021892371296416968,0.0,5.6026563470368274e-05,75
SLAKE_STAGE2_BANK16,108,F0,0.0,0.0,17.706886053085327,0.0002634200791362673,0.0,6.374478107318282e-05,76
SLAKE_STAGE2_BANK16,108,F0,0.0,0.0,17.92996573448181,0.0003422373265493661,0.0,7.29828534531407e-05,77
SLAKE_STAGE2_BANK16,108,F0,0.0,0.0,18.150981903076172,0.0002060604892903939,0.0,5.3910745918983594e-05,78
SLAKE_STAGE2_BANK16,108,F0,0.0,0.0,18.373563289642334,0.00022877633455209434,0.0,5.6384158597211353e-05,79
SLAKE_STAGE2_BANK16,108,F0,0.0,0.0,18.597424745559692,0.00025925412774086,0.0,6.451956869568676e-05,80
SLAKE_STAGE2_BANK16,108,F0,0.0,0.0,18.843823194503784,0.00033925517345778644,0.0,7.314676622627303e-05,81
SLAKE_STAGE2_BANK16,108,F0,0.0,0.0,19.072481870651245,0.00021198044123593718,0.0,5.4789858040749095e-05,82
SLAKE_STAGE2_BANK16,108,F0,0.0,0.0,19.302201747894287,0.00022195916972123086,0.0,5.7695371651789173e-05,83
SLAKE_STAGE2_BANK16,108,F0,0.0,0.0,19.526850938796997,0.00029638208798132837,0.0,6.599462722078897e-05,84
SLAKE_STAGE2_BANK16,108,F0,0.0,0.0,19.751922607421875,0.0003227572306059301,0.0,7.271467620739713e-05,85
SLAKE_STAGE2_BANK16,108,F0,0.0,0.0,19.980932235717773,0.00021333168842829764,0.0,5.5415654060197994e-05,86
SLAKE_STAGE2_BANK16,108,F0,0.0,0.0,20.202167749404907,0.00021748527069576085,0.0,5.7546349125914276e-05,87
SLAKE_STAGE2_BANK16,108,F0,0.0,0.0,20.42508625984192,0.0002783091622404754,0.0,6.544329880853184e-05,88
SLAKE_STAGE2_BANK16,108,F0,0.0,0.0,20.646429538726807,0.0003018125717062503,0.0,7.08968764229212e-05,89
SLAKE_STAGE2_BANK16,108,F0,0.0,0.0,20.868293285369873,0.00019540324865374714,0.0,5.4670628742314875e-05,90
SLAKE_STAGE2_BANK16,108,F0,0.0,0.0,21.091314792633057,0.00021304446272552013,0.0,5.718873217119835e-05,91
SLAKE_STAGE2_BANK16,108,F0,0.0,0.0,21.313626289367676,0.00027991330716758966,0.0,6.489198858616874e-05,92
SLAKE_STAGE2_BANK16,108,F0,0.0,0.0,21.536876440048218,0.0003009685315191746,0.0,6.968997331568971e-05,93
SLAKE_STAGE2_BANK16,108,F0,0.0,0.0,21.76072406768799,0.00021102452592458576,0.0,5.4313008149620146e-05,94
SLAKE_STAGE2_BANK16,108,F0,0.0,0.0,21.983786821365356,0.0002160388685297221,0.0,5.6264900194946676e-05,95
SLAKE_STAGE2_BANK16,108,F0,0.0,0.0,22.21074867248535,0.00024892360670492053,0.0,6.407250475604087e-05,96
SLAKE_STAGE2_BANK16,108,F0,0.0,0.0,22.437798738479614,0.0002978969132527709,0.0,6.906417547725141e-05,97
SLAKE_STAGE2_BANK16,108,F0,0.0,0.0,22.65890407562256,0.00020551109628286213,0.0,5.419380249804817e-05,98
SLAKE_STAGE2_BANK16,108,F0,0.0,0.0,22.881921768188477,0.0002115230163326487,0.0,5.63095927645918e-05,99
SLAKE_STAGE2_BANK16,108,F0,0.0,0.0,23.10239553451538,0.00024434199440293014,0.0,6.422150545404293e-05,100
SLAKE_STAGE2_BANK16,108,F0,0.0,0.0,23.336836576461792,0.0003181681677233428,0.0,6.96006063662935e-05,101
SLAKE_STAGE2_BANK16,108,F0,0.0,0.0,23.55749201774597,0.00020813188166357577,0.0,5.498350947163999e-05,102
SLAKE_STAGE2_BANK16,108,F0,0.0,0.0,23.781477212905884,0.00021521376038435847,0.0,5.727810457756277e-05,103
SLAKE_STAGE2_BANK16,108,F0,0.0,0.0,24.003695487976074,0.00028868013760074973,0.0,6.599457628908567e-05,104
SLAKE_STAGE2_BANK16,108,F0,0.0,0.0,24.22542142868042,0.00032732190447859466,0.0,7.003274004091509e-05,105
SLAKE_STAGE2_BANK16,108,F0,0.0,0.0,24.448968648910522,0.0002238634042441845,0.0,5.596692608378362e-05,106
SLAKE_STAGE2_BANK16,108,F0,0.0,0.0,24.679056406021118,0.0002141227014362812,0.0,5.7725115766515955e-05,107
SLAKE_STAGE2_BANK16,108,F0,0.0,0.0,24.903197288513184,0.0003219879581592977,0.0,6.693324030493386e-05,108
SLAKE_STAGE2_BANK16,108,F0,0.0,0.0,25.12483286857605,0.00028220965759828687,0.0,7.006254236330278e-05,109
SLAKE_STAGE2_BANK16,108,F0,0.0,0.0,25.34833073616028,0.0002078707912005484,0.0,5.583281381404959e-05,110
SLAKE_STAGE2_BANK16,108,F0,0.0,0.0,25.570586442947388,0.00021270565048325807,0.0,5.757610415457748e-05,111
SLAKE_STAGE2_BANK16,108,F0,0.0,0.0,25.79168939590454,0.0003069748927373439,0.0,6.554754509124905e-05,112
SLAKE_STAGE2_BANK16,108,F0,0.0,0.0,26.013747692108154,0.0003019349533133209,0.0,6.855760148027912e-05,113
SLAKE_STAGE2_BANK16,108,F0,0.0,0.0,26.237326860427856,0.0001974036858882755,0.0,5.4089477998786606e-05,114
SLAKE_STAGE2_BANK16,108,F0,0.0,0.0,26.46006488800049,0.00020305225916672498,0.0,5.531125862034969e-05,115
SLAKE_STAGE2_BANK16,108,F0,0.0,0.0,26.683160305023193,0.00023390716523863375,0.0,6.270168159971945e-05,116
SLAKE_STAGE2_BANK16,108,F0,0.0,0.0,26.905123949050903,0.0002861279062926769,0.0,6.668017886113375e-05,117
SLAKE_STAGE2_BANK16,108,F0,0.0,0.0,27.127622604370117,0.00019818924192804843,0.0,5.294215588946827e-05,118
SLAKE_STAGE2_BANK16,108,F0,0.0,0.0,27.34893012046814,0.00020450529700610787,0.0,5.4655654821544886e-05,119
SLAKE_STAGE2_BANK16,108,F0,0.0,0.0,27.57236623764038,0.00024916016263887286,0.0,6.210570063558407e-05,120
SLAKE_STAGE2_BANK16,108,F0,0.0,0.0,27.82534170150757,0.0003029020444955677,0.0,6.70676090521738e-05,121
SLAKE_STAGE2_BANK16,108,F0,0.0,0.0,28.04576563835144,0.00021539069712162018,0.0,5.3508367273025215e-05,122
SLAKE_STAGE2_BANK16,108,F0,0.0,0.0,28.267888069152832,0.00022575861657969654,0.0,5.529637201107107e-05,123
SLAKE_STAGE2_BANK16,108,F0,0.0,0.0,28.489895343780518,0.000244997616391629,0.0,6.307420699158683e-05,124
SLAKE_STAGE2_BANK16,108,F0,0.0,0.0,28.715943574905396,0.0002915713412221521,0.0,6.803613359807059e-05,125
SLAKE_STAGE2_BANK16,108,F0,0.0,0.0,28.945706367492676,0.00021637085592374206,0.0,5.4715299484087154e-05,126
SLAKE_STAGE2_BANK16,108,F0,0.0,0.0,29.16946268081665,0.00023251233506016433,0.0,5.693540697393473e-05,127
SLAKE_STAGE2_BANK16,108,F0,0.0,0.0,29.391401529312134,0.00026743728085421026,0.0,6.527937512146309e-05,128
SLAKE_STAGE2_BANK16,108,F0,0.0,0.0,29.612162113189697,0.00031399200088344514,0.0,7.007745807641186e-05,129
SLAKE_STAGE2_BANK16,108,F0,0.0,0.0,29.83645486831665,0.00019706545572262257,0.0,5.651821265928447e-05,130
SLAKE_STAGE2_BANK16,108,F0,0.0,0.0,30.057546854019165,0.00020748359384015203,0.0,5.847011198056862e-05,131
SLAKE_STAGE2_BANK16,108,F0,0.0,0.0,30.281301021575928,0.00033052099752239883,0.0,6.760370888514444e-05,132
SLAKE_STAGE2_BANK16,108,F0,0.0,0.0,30.502753496170044,0.0002718835312407464,0.0,7.076284236973152e-05,133
SLAKE_STAGE2_BANK16,108,F0,0.0,0.0,30.725921869277954,0.0001984035043278709,0.0,5.6875804148148745e-05,134
SLAKE_STAGE2_BANK16,108,F0,0.0,0.0,30.949177980422974,0.0002009510644711554,0.0,5.849990157003049e-05,135
SLAKE_STAGE2_BANK16,108,F0,0.0,0.0,31.173750400543213,0.00024830648908391595,0.0,6.656076220679097e-05,136
SLAKE_STAGE2_BANK16,108,F0,0.0,0.0,31.403554439544678,0.00031377043342217803,0.0,7.135883788578212e-05,137
SLAKE_STAGE2_BANK16,108,F0,0.0,0.0,31.62539553642273,0.00020668524666689336,0.0,5.72185090277344e-05,138
SLAKE_STAGE2_BANK16,108,F0,0.0,0.0,31.847590923309326,0.00021152998670004308,0.0,5.964721640339121e-05,139
SLAKE_STAGE2_BANK16,108,F0,0.0,0.0,32.06850004196167,0.0002577104023657739,0.0,6.706739077344537e-05,140
SLAKE_STAGE2_BANK16,108,F0,0.0,0.0,32.31131935119629,0.0003529269015416503,0.0,7.253594230860472e-05,141
SLAKE_STAGE2_BANK16,108,F0,0.0,0.0,32.533363342285156,0.0002151105145458132,0.0,5.8052906751981936e-05,142
SLAKE_STAGE2_BANK16,108,F0,0.0,0.0,32.757375955581665,0.00020882113312836736,0.0,6.091372051741928e-05,143
SLAKE_STAGE2_BANK16,108,F0,0.0,0.0,32.97869324684143,0.00025621464010328054,0.0,6.849777128081769e-05,144
SLAKE_STAGE2_BANK16,108,F0,0.0,0.0,33.20247769355774,0.0003550827386789024,0.0,7.518813072238117e-05,145
SLAKE_STAGE2_BANK16,108,F0,0.0,0.0,33.42461943626404,0.0001949117868207395,0.0,5.966209755570162e-05,146
SLAKE_STAGE2_BANK16,108,F0,0.0,0.0,33.64800667762756,0.00021958595607429743,0.0,6.320832471828908e-05,147
SLAKE_STAGE2_BANK16,108,F0,0.0,0.0,33.870911836624146,0.00028235584613867104,0.0,7.059864947223105e-05,148
SLAKE_STAGE2_BANK16,108,F0,0.0,0.0,34.09192633628845,0.00038295757258310914,0.0,7.83320028858725e-05,149
SLAKE_STAGE2_BANK16,108,F0,0.0,0.0,34.31466102600098,0.00021714658942073584,0.0,6.238880087039433e-05,150
SLAKE_STAGE2_BANK16,108,F0,0.0,0.0,34.53676390647888,0.00024093409592751414,0.0,6.569662036781665e-05,151
SLAKE_STAGE2_BANK16,108,F0,0.0,0.0,34.759493827819824,0.00032506592106074095,0.0,7.287832704605535e-05,152
SLAKE_STAGE2_BANK16,108,F0,0.0,0.0,34.98059964179993,0.0005138174165040255,0.0,8.053718192968518e-05,153
SLAKE_STAGE2_BANK16,108,F0,0.0,0.0,35.20274591445923,0.0002133465459337458,0.0,6.282085087150335e-05,154
SLAKE_STAGE2_BANK16,108,F0,0.0,0.0,35.425626039505005,0.0002317612525075674,0.0,6.539855530718341e-05,155
SLAKE_STAGE2_BANK16,108,F0,0.0,0.0,35.644042015075684,0.0002796600747387856,0.0,7.01814096828457e-05,156
SLAKE_STAGE2_BANK16,108,F0,0.0,0.0,35.85014462471008,0.0003020611184183508,0.0,7.652896965737455e-05,157
SLAKE_STAGE2_BANK16,108,F0,0.0,0.0,36.0727481842041,0.00020394976309034973,0.0,6.142017628008034e-05,158
SLAKE_STAGE2_BANK16,108,F0,0.0,0.0,36.29765272140503,0.00023265091294888407,0.0,6.542831397382542e-05,159
SLAKE_STAGE2_BANK16,108,F0,0.0,0.0,36.521477937698364,0.0002883313281927258,0.0,7.037510658847168e-05,160
SLAKE_STAGE2_BANK16,108,F1,3.164621353149414,0.00415669335052371,0.7310888767242432,4.966179370880127,0.0,9.99353505903855e-05,1
SLAKE_STAGE2_BANK16,108,F1,2.7428038120269775,0.09779634326696396,1.4367172718048096,5.09356164932251,0.0,6.621792635996826e-05,2
SLAKE_STAGE2_BANK16,108,F1,2.852052688598633,0.6089118123054504,2.13027286529541,5.111965656280518,0.0,7.845056825317442e-05,3
SLAKE_STAGE2_BANK16,108,F1,2.564701557159424,0.15915131568908691,2.8871867656707764,5.23455810546875,0.0,8.613894897280261e-05,4
SLAKE_STAGE2_BANK16,108,F1,2.8013148307800293,0.1505284309387207,3.3404407501220703,5.322887897491455,0.0,0.00011895996794919483,5
SLAKE_STAGE2_BANK16,108,F1,2.5736703872680664,0.07955949008464813,3.784184694290161,5.375768661499023,0.0,8.050655742408708e-05,6
SLAKE_STAGE2_BANK16,108,F1,2.4791336059570312,0.003824821440503001,4.227393388748169,5.4649529457092285,0.0,9.66721709119156e-05,7
SLAKE_STAGE2_BANK16,108,F1,2.184877395629883,0.5560526251792908,4.662353277206421,5.48560905456543,0.0,0.00010385399582446553,8
SLAKE_STAGE2_BANK16,108,F1,2.409932851791382,0.12028588354587555,5.1079254150390625,5.746700763702393,0.0,0.0001517480268375948,9
SLAKE_STAGE2_BANK16,108,F1,2.1802594661712646,0.5350068807601929,5.54921293258667,5.730809688568115,0.0,0.00010508987179491669,10
SLAKE_STAGE2_BANK16,108,F1,1.8896067142486572,0.06054576113820076,5.996122360229492,5.650288105010986,0.0,0.00012630512355826795,11
SLAKE_STAGE2_BANK16,108,F1,2.1010825634002686,0.003687650430947542,6.440764427185059,6.039546966552734,0.0,0.00013378487346926704,12
SLAKE_STAGE2_BANK16,108,F1,1.868043303489685,0.5048694014549255,6.882732152938843,5.941758632659912,0.0,0.00020557901007123291,13
SLAKE_STAGE2_BANK16,108,F1,1.5867629051208496,0.0037423057947307825,7.326771974563599,5.822480201721191,0.0,0.0001456722238799557,14
SLAKE_STAGE2_BANK16,108,F1,1.7761719226837158,0.049171771854162216,7.762958526611328,6.240488052368164,0.0,0.00017644954641582444,15
SLAKE_STAGE2_BANK16,108,F1,1.376990556716919,0.08138465136289597,8.207645416259766,5.9502058029174805,0.0,0.0001813372437027283,16
SLAKE_STAGE2_BANK16,108,F1,1.552597165107727,0.04481462761759758,8.651684999465942,6.253702640533447,0.0,0.00028760793793480843,17
SLAKE_STAGE2_BANK16,108,F1,1.3385180234909058,0.07347999513149261,9.092440366744995,6.084056377410889,0.0,0.00021059176651760936,18
SLAKE_STAGE2_BANK16,108,F1,1.061635136604309,0.003677108557894826,9.539964437484741,6.092267036437988,0.0,0.0002562747977208346,19
SLAKE_STAGE2_BANK16,108,F1,1.2322801351547241,0.4431189000606537,9.98401141166687,5.874293327331543,0.0,0.00025900284526869655,20
SLAKE_STAGE2_BANK16,108,F1,1.0213385820388794,0.06409987807273865,10.450089693069458,5.733819484710693,0.0,0.0004196902591502294,21
SLAKE_STAGE2_BANK16,108,F1,0.745064377784729,0.4294024407863617,10.892760992050171,5.849282741546631,0.0,0.00031468695669900626,22
SLAKE_STAGE2_BANK16,108,F1,0.8303868174552917,0.0036615219432860613,11.338878631591797,5.077999591827393,0.0,0.0003845588944386691,23
SLAKE_STAGE2_BANK16,108,F1,0.8755167126655579,0.034114424139261246,11.783573865890503,4.372474193572998,0.0,0.00038296706043183804,24
SLAKE_STAGE2_BANK16,108,F1,0.670783281326294,0.03332678601145744,12.226458072662354,4.194648742675781,0.0,0.0006271067977650091,25
SLAKE_STAGE2_BANK16,108,F1,0.7431688904762268,0.4027647078037262,12.672364950180054,3.7339296340942383,0.0,0.000477268171380274,26
SLAKE_STAGE2_BANK16,108,F1,0.35027602314949036,0.0036713755689561367,13.115099906921387,2.79016375541687,0.0,0.0005756648606620729,27
SLAKE_STAGE2_BANK16,108,F1,0.3104996681213379,0.05041074752807617,13.559273481369019,2.1729843616485596,0.0,0.0005663125193677843,28
SLAKE_STAGE2_BANK16,108,F1,0.4471312463283539,0.389076292514801,14.005667209625244,2.799070119857788,0.0,0.0009264651162084192,29
SLAKE_STAGE2_BANK16,108,F1,0.5484347343444824,0.04801075905561447,14.450212001800537,2.890174388885498,0.0,0.0007044855447020382,30
SLAKE_STAGE2_BANK16,108,F1,0.37018996477127075,0.030272305011749268,14.88528823852539,2.3337008953094482,0.0,0.0008614050457254052,31
SLAKE_STAGE2_BANK16,108,F1,0.21919390559196472,0.003652372630313039,15.33996295928955,1.2439674139022827,0.0,0.0008399495272897184,32
SLAKE_STAGE2_BANK16,108,F1,0.43852534890174866,0.37861496210098267,15.783711194992065,2.341172933578491,0.0,0.0013253205106593668,33
SLAKE_STAGE2_BANK16,108,F1,0.40381136536598206,0.03029829077422619,16.21933364868164,2.18112850189209,0.0,0.00103736825985834,34
SLAKE_STAGE2_BANK16,108,F1,0.2528443932533264,0.0459001362323761,16.664348125457764,1.665274977684021,0.0,0.0012756487121805549,35
SLAKE_STAGE2_BANK16,108,F1,0.16382044553756714,0.003762351581826806,17.109925508499146,1.1251312494277954,0.0,0.0012629857519641519,36
SLAKE_STAGE2_BANK16,108,F1,0.2081930935382843,0.031067674979567528,17.55624032020569,1.4626983404159546,0.0,0.0018972333054989576,37
SLAKE_STAGE2_BANK16,108,F1,0.13868407905101776,0.04586854204535484,17.99986958503723,1.0791682004928589,0.0,0.0016045693191699684,38
SLAKE_STAGE2_BANK16,108,F1,0.26928648352622986,0.3844691812992096,18.44547176361084,1.7142860889434814,0.0,0.001992825302295387,39
SLAKE_STAGE2_BANK16,108,F1,0.11541702598333359,0.0038895178586244583,18.882885217666626,1.0242971181869507,0.0,0.0020213479292578995,40
SLAKE_STAGE2_BANK16,108,F1,0.22149889171123505,0.046654872596263885,19.346015691757202,1.6195281744003296,0.0,0.002840170287527144,41
SLAKE_STAGE2_BANK16,108,F1,0.11931977421045303,0.39337730407714844,19.781277418136597,1.1051076650619507,0.0,0.002585237380117178,42
SLAKE_STAGE2_BANK16,108,F1,0.10499393939971924,0.003968915436416864,20.234562158584595,1.0357731580734253,0.0,0.0032458071364089847,43
SLAKE_STAGE2_BANK16,108,F1,0.1594327688217163,0.03571583330631256,20.678687572479248,1.4644867181777954,0.0,0.003394855186343193,44
SLAKE_STAGE2_BANK16,108,F1,0.06244679540395737,0.04846049100160599,21.113958835601807,0.7664791345596313,0.0,0.004406569758430123,45
SLAKE_STAGE2_BANK16,108,F1,0.12223843485116959,0.004098356701433659,21.551464557647705,1.3025459051132202,0.0,0.004365436616353691,46
SLAKE_STAGE2_BANK16,108,F1,0.0464053638279438,0.03885843977332115,22.003021717071533,0.6287912726402283,0.0,0.005314919399097562,47
SLAKE_STAGE2_BANK16,108,F1,0.050247032195329666,0.4202880859375,22.437469244003296,0.6225464344024658,0.0,0.005599329015240073,48
SLAKE_STAGE2_BANK16,108,F1,0.043071452528238297,0.4240484833717346,22.864676237106323,0.5459915995597839,0.0,0.006727154366672039,49
SLAKE_STAGE2_BANK16,108,F1,0.028455832973122597,0.042523469775915146,23.286026000976562,0.42640751600265503,0.0,0.006850791862234473,50
SLAKE_STAGE2_BANK16,108,F1,0.058685529977083206,0.05242203176021576,23.719599723815918,0.802741289138794,0.0,0.008025919552892447,51
SLAKE_STAGE2_BANK16,108,F1,0.02088477835059166,0.004361022263765335,24.163971662521362,0.33271709084510803,0.0,0.00824237777851522,52
SLAKE_STAGE2_BANK16,108,F1,0.023878537118434906,0.05401211231946945,24.610342025756836,0.3115179240703583,0.0,0.009269570233300328,53
SLAKE_STAGE2_BANK16,108,F1,0.03786110877990723,0.4487540125846863,25.044386863708496,0.5337734222412109,0.0,0.009389586746692657,54
SLAKE_STAGE2_BANK16,108,F1,0.01868635043501854,0.00444835377857089,25.46156120300293,0.25356972217559814,0.0,0.010364067740738392,55
SLAKE_STAGE2_BANK16,108,F1,0.02915887162089348,0.05069210007786751,25.893368244171143,0.4057898223400116,0.0,0.010319654364138842,56
SLAKE_STAGE2_BANK16,108,F1,0.011009911075234413,0.4605553150177002,26.328003644943237,0.23150216042995453,0.0,0.01087238173931837,57
SLAKE_STAGE2_BANK16,108,F1,0.023387746885418892,0.0045853303745388985,26.77531671524048,0.31663718819618225,0.0,0.01075504906475544,58
SLAKE_STAGE2_BANK16,108,F1,0.012892845086753368,0.05827159434556961,27.229135751724243,0.21177849173545837,0.0,0.011250595096498728,59
SLAKE_STAGE2_BANK16,108,F1,0.008457339368760586,0.055718231946229935,27.6721453666687,0.2193719744682312,0.0,0.010752998758107424,60
SLAKE_STAGE2_BANK16,108,F1,0.01826797053217888,0.0046555656008422375,28.129485845565796,0.2346331775188446,0.0,0.010777833871543407,61
SLAKE_STAGE2_BANK16,108,F1,0.007518296130001545,0.4773675799369812,28.560465812683105,0.20886482298374176,0.0,0.010214679641649127,62
SLAKE_STAGE2_BANK16,108,F1,0.01056765578687191,0.06119617447257042,28.99735379219055,0.1850852370262146,0.0,0.010316195897758007,63
SLAKE_STAGE2_BANK16,108,F1,0.010250126011669636,0.05975767597556114,29.433876752853394,0.17313583195209503,0.0,0.009500183863565326,64
SLAKE_STAGE2_BANK16,108,F1,0.006711918860673904,0.06234685331583023,29.878010511398315,0.1754416972398758,0.0,0.00931887561455369,65
SLAKE_STAGE2_BANK16,108,F1,0.014589233323931694,0.06122932583093643,30.315800189971924,0.16565705835819244,0.0,0.0084809937980026,66
SLAKE_STAGE2_BANK16,108,F1,0.014204291626811028,0.004704666323959827,30.774778366088867,0.15874841809272766,0.0,0.008431711699813604,67
SLAKE_STAGE2_BANK16,108,F1,0.009530733339488506,0.4918344020843506,31.219459533691406,0.1412375271320343,0.0,0.007626842008903623,68
SLAKE_STAGE2_BANK16,108,F1,0.00613168952986598,0.06427319347858429,31.664847373962402,0.13377366960048676,0.0,0.00735993473790586,69
SLAKE_STAGE2_BANK16,108,F1,0.013443171977996826,0.06351568549871445,32.10867786407471,0.13504047691822052,0.0,0.006646554917097092,70
SLAKE_STAGE2_BANK16,108,F1,0.005971300415694714,0.004724373575299978,32.55299711227417,0.12169401347637177,0.0,0.006660972256213427,71
SLAKE_STAGE2_BANK16,108,F1,0.009108955040574074,0.4964771270751953,32.99724626541138,0.11436578631401062,0.0,0.005959899863228202,72
SLAKE_STAGE2_BANK16,108,F1,0.012834821827709675,0.06388717889785767,33.44418978691101,0.12222439050674438,0.0,0.005826892564073205,73
SLAKE_STAGE2_BANK16,108,F1,0.00581341702491045,0.004619749262928963,33.88641810417175,0.09473852068185806,0.0,0.0052112020784989,74
SLAKE_STAGE2_BANK16,108,F1,0.008942604064941406,0.49852174520492554,34.33203601837158,0.10390675812959671,0.0,0.005222463281825185,75
SLAKE_STAGE2_BANK16,108,F1,0.012423397973179817,0.06655341386795044,34.77680969238281,0.1119469627737999,0.0,0.004677640623413026,76
SLAKE_STAGE2_BANK16,108,F1,0.0056397984735667706,0.004631804767996073,35.22132587432861,0.0783894807100296,0.0,0.0047056113835424185,77
SLAKE_STAGE2_BANK16,108,F1,0.008706661872565746,0.06437201797962189,35.66566610336304,0.08506586402654648,0.0,0.0041738731088116765,78
SLAKE_STAGE2_BANK16,108,F1,0.005558117292821407,0.06680116057395935,36.10977792739868,0.07314027100801468,0.0,0.004257394699379802,79
SLAKE_STAGE2_BANK16,108,F1,0.008611118420958519,0.4991200268268585,36.55335736274719,0.08988682180643082,0.0,0.003843619138933718,80
SLAKE_STAGE2_BANK16,108,F1,0.011791100725531578,0.06381296366453171,37.03038716316223,0.10629048943519592,0.0,0.0038736563874408603,81
SLAKE_STAGE2_BANK16,108,F1,0.008411875925958157,0.49814870953559875,37.47580313682556,0.08705794811248779,0.0,0.0034674432827159762,82
SLAKE_STAGE2_BANK16,108,F1,0.005399404093623161,0.004512775223702192,37.92271614074707,0.058538101613521576,0.0,0.0036081874277442694,83
SLAKE_STAGE2_BANK16,108,F1,0.011245070956647396,0.06643892079591751,38.36459684371948,0.09949962049722672,0.0,0.003277556854300201,84
SLAKE_STAGE2_BANK16,108,F1,0.011126333847641945,0.06666939705610275,38.81782555580139,0.09950488060712814,0.0,0.003356682136654854,85
SLAKE_STAGE2_BANK16,108,F1,0.005219963379204273,0.004457284230738878,39.26207494735718,0.05030950903892517,0.0,0.0030246495734900236,86
SLAKE_STAGE2_BANK16,108,F1,0.007933521643280983,0.061831988394260406,39.70736527442932,0.0717865452170372,0.0,0.003172469907440245,87
SLAKE_STAGE2_BANK16,108,F1,0.010554080829024315,0.4916475713253021,40.148189067840576,0.1008206382393837,0.0,0.00292863417416811,88
SLAKE_STAGE2_BANK16,108,F1,0.007720836903899908,0.06114432215690613,40.59729599952698,0.06988965719938278,0.0,0.003030763822607696,89
SLAKE_STAGE2_BANK16,108,F1,0.004955687560141087,0.004370742477476597,41.042325258255005,0.0448339506983757,0.0,0.0027330711018294096,90
SLAKE_STAGE2_BANK16,108,F1,0.01009504683315754,0.06509892642498016,41.48666024208069,0.0890321210026741,0.0,0.0028970440616831183,91
SLAKE_STAGE2_BANK16,108,F1,0.004841977264732122,0.48877573013305664,41.927133083343506,0.06070571392774582,0.0,0.002707384410314262,92
SLAKE_STAGE2_BANK16,108,F1,0.0072479816153645515,0.06454010307788849,42.375293016433716,0.06447070091962814,0.0,0.0028278413228690624,93
SLAKE_STAGE2_BANK16,108,F1,0.00955210905522108,0.05911003425717354,42.820860624313354,0.08444799482822418,0.0,0.002526029071304947,94
SLAKE_STAGE2_BANK16,108,F1,0.004656089935451746,0.004348776303231716,43.265124559402466,0.04207699000835419,0.0,0.0027308319695293903,95
SLAKE_STAGE2_BANK16,108,F1,0.00687637273222208,0.48369407653808594,43.70975160598755,0.07191383838653564,0.0,0.0025312660727649927,96
SLAKE_STAGE2_BANK16,108,F1,0.004529707133769989,0.4826066493988037,44.15155291557312,0.056788306683301926,0.0,0.0026937993243336678,97
SLAKE_STAGE2_BANK16,108,F1,0.006661319173872471,0.05708211287856102,44.58825659751892,0.05845187231898308,0.0,0.002409960434306413,98
SLAKE_STAGE2_BANK16,108,F1,0.00873279757797718,0.06243682652711868,45.03195142745972,0.0761997252702713,0.0,0.002605449059046805,99
SLAKE_STAGE2_BANK16,108,F1,0.006447232328355312,0.00422529736533761,45.478830099105835,0.05395742878317833,0.0,0.0024464159505441785,100
SLAKE_STAGE2_BANK16,108,F1,0.008434468880295753,0.4761543273925781,45.94208765029907,0.08150817453861237,0.0,0.0025876978179439902,101
SLAKE_STAGE2_BANK16,108,F1,0.004208615981042385,0.05559435486793518,46.38737463951111,0.03922009468078613,0.0,0.002332371426746249,102
SLAKE_STAGE2_BANK16,108,F1,0.004156866110861301,0.06098787114024162,46.82901573181152,0.04009101539850235,0.0,0.0025219129165634513,103
SLAKE_STAGE2_BANK16,108,F1,0.008061051368713379,0.004203949589282274,47.26529836654663,0.06843516230583191,0.0,0.002375447191298008,104
SLAKE_STAGE2_BANK16,108,F1,0.005931846331804991,0.054297566413879395,47.70982837677002,0.0514853335916996,0.0,0.002514865715056658,105
SLAKE_STAGE2_BANK16,108,F1,0.003993724938482046,0.4695523977279663,48.15072846412659,0.05412062257528305,0.0,0.002279768290463835,106
SLAKE_STAGE2_BANK16,108,F1,0.0076559968292713165,0.05969274044036865,48.58927130699158,0.06611281633377075,0.0,0.00246260326821357,107
SLAKE_STAGE2_BANK16,108,F1,0.0056409453973174095,0.004118904937058687,49.02785682678223,0.046454284340143204,0.0,0.0023120135301724076,108
SLAKE_STAGE2_BANK16,108,F1,0.005568959284573793,0.05910113453865051,49.47866630554199,0.04800516366958618,0.0,0.0024651939747855067,109
SLAKE_STAGE2_BANK16,108,F1,0.0037876502610743046,0.46236085891723633,49.92292857170105,0.052830711007118225,0.0,0.0022291200002655387,110
SLAKE_STAGE2_BANK16,108,F1,0.007202401757240295,0.004055369645357132,50.36607360839844,0.06042264774441719,0.0,0.0024008526233956218,111
SLAKE_STAGE2_BANK16,108,F1,0.0070647201500833035,0.05173838138580322,50.812119483947754,0.06046115607023239,0.0,0.0022662230767309666,112
SLAKE_STAGE2_BANK16,108,F1,0.00521419383585453,0.05120305344462395,51.255796909332275,0.04480484500527382,0.0,0.0024146110517904162,113
SLAKE_STAGE2_BANK16,108,F1,0.0035947554279118776,0.45694395899772644,51.68888545036316,0.05172983556985855,0.0,0.0021787690930068493,114
SLAKE_STAGE2_BANK16,108,F1,0.0067349644377827644,0.057279229164123535,52.134684562683105,0.0575740784406662,0.0,0.002366132684983313,115
SLAKE_STAGE2_BANK16,108,F1,0.0034980245400220156,0.004062781110405922,52.57858109474182,0.033354539424180984,0.0,0.0022038265597075224,116
SLAKE_STAGE2_BANK16,108,F1,0.0049096825532615185,0.4536202847957611,53.023858070373535,0.0552392415702343,0.0,0.002367342240177095,117
SLAKE_STAGE2_BANK16,108,F1,0.0034183762036263943,0.049514465034008026,53.468478202819824,0.034253768622875214,0.0,0.0021259536733850837,118
SLAKE_STAGE2_BANK16,108,F1,0.006376865319907665,0.0039498344995081425,53.9118766784668,0.053474992513656616,0.0,0.0023067909060046077,119
SLAKE_STAGE2_BANK16,108,F1,0.004722838755697012,0.05579172819852829,54.34613347053528,0.04055078700184822,0.0,0.0021749718580394983,120
SLAKE_STAGE2_BANK16,108,F1,0.006231254898011684,0.04879417642951012,54.81235909461975,0.05347932502627373,0.0,0.0023065783316269517,121
SLAKE_STAGE2_BANK16,108,F1,0.004603661596775055,0.4474189281463623,55.245551109313965,0.05403061583638191,0.0,0.00206617679214105,122
SLAKE_STAGE2_BANK16,108,F1,0.0032238191924989223,0.003929026424884796,55.69120264053345,0.033418022096157074,0.0,0.0022428560187108815,123
SLAKE_STAGE2_BANK16,108,F1,0.004472194239497185,0.05464447662234306,56.13724732398987,0.03860298544168472,0.0,0.0021166291553527117,124
SLAKE_STAGE2_BANK16,108,F1,0.0031715601217001677,0.04741285368800163,56.58127045631409,0.03289590775966644,0.0,0.002246101154014468,125
SLAKE_STAGE2_BANK16,108,F1,0.0058593545109033585,0.4417111277580261,57.01870369911194,0.06036192178726196,0.0,0.002022519533056766,126
SLAKE_STAGE2_BANK16,108,F1,0.004343688953667879,0.003937419503927231,57.46741032600403,0.03608594462275505,0.0,0.002181045594625175,127
SLAKE_STAGE2_BANK16,108,F1,0.0030827587470412254,0.05361364781856537,57.914589166641235,0.032514702528715134,0.0,0.002053942473139614,128
SLAKE_STAGE2_BANK16,108,F1,0.0056807128712534904,0.0039042807184159756,58.359798431396484,0.048417918384075165,0.0,0.00217818864621222,129
SLAKE_STAGE2_BANK16,108,F1,0.004188518039882183,0.0463029146194458,58.80327081680298,0.03584017604589462,0.0,0.0019330278737470508,130
SLAKE_STAGE2_BANK16,108,F1,0.0029809665866196156,0.05315248668193817,59.23913335800171,0.03281912952661514,0.0,0.0021018474944867194,131
SLAKE_STAGE2_BANK16,108,F1,0.005502014420926571,0.43543916940689087,59.6737699508667,0.05788841471076012,0.0,0.0019906823290511966,132
SLAKE_STAGE2_BANK16,108,F1,0.005464158020913601,0.43329113721847534,60.1189341545105,0.05656393617391586,0.0,0.0021149958483874798,133
SLAKE_STAGE2_BANK16,108,F1,0.0040370747447013855,0.003811104455962777,60.564669132232666,0.03318466618657112,0.0,0.0018744707922451198,134
SLAKE_STAGE2_BANK16,108,F1,0.002869936404749751,0.05203637480735779,61.00880241394043,0.03187957778573036,0.0,0.0020425935508683324,135
SLAKE_STAGE2_BANK16,108,F1,0.005259159952402115,0.04485290125012398,61.443339586257935,0.04488260671496391,0.0,0.0019144873949699104,136
SLAKE_STAGE2_BANK16,108,F1,0.00392102962359786,0.003788508241996169,61.88670563697815,0.03267946466803551,0.0,0.0020509770838543773,137
SLAKE_STAGE2_BANK16,108,F1,0.0028057394083589315,0.4276893436908722,62.3319206237793,0.04666106402873993,0.0,0.001807921624276787,138
SLAKE_STAGE2_BANK16,108,F1,0.0027715973556041718,0.05110722780227661,62.775774002075195,0.030759479850530624,0.0,0.0019676232477650046,139
SLAKE_STAGE2_BANK16,108,F1,0.0038034128956496716,0.043886344879865646,63.2215633392334,0.03272322565317154,0.0,0.0018460408318787813,140
SLAKE_STAGE2_BANK16,108,F1,0.005030731204897165,0.043670184910297394,63.6678102016449,0.04337407648563385,0.0,0.0019741507712751627,141
SLAKE_STAGE2_BANK16,108,F1,0.004992170725017786,0.00372172798961401,64.12037873268127,0.04225096106529236,0.0,0.0017499240930192173,142
SLAKE_STAGE2_BANK16,108,F1,0.0027059426065534353,0.050417523831129074,64.5647120475769,0.029842333868145943,0.0,0.0019023952772840858,143
SLAKE_STAGE2_BANK16,108,F1,0.0036782831884920597,0.4208650588989258,65.00084233283997,0.04811637103557587,0.0,0.0017795572057366371,144
SLAKE_STAGE2_BANK16,108,F1,0.0048635611310601234,0.04998832568526268,65.44701862335205,0.04213806614279747,0.0,0.0019024306675419211,145
SLAKE_STAGE2_BANK16,108,F1,0.0026265541091561317,0.41776710748672485,65.89914178848267,0.04511116072535515,0.0,0.0016836870927363634,146
SLAKE_STAGE2_BANK16,108,F1,0.0035613037180155516,0.042405758053064346,66.3431043624878,0.031142139807343483,0.0,0.0018338504596613348,147
SLAKE_STAGE2_BANK16,108,F1,0.0025860429741442204,0.003692181780934334,66.7876877784729,0.026017440482974052,0.0,0.0017115107038989663,148
SLAKE_STAGE2_BANK16,108,F1,0.00468875328078866,0.003720243228599429,67.2310905456543,0.04036368057131767,0.0,0.0018364862771704793,149
SLAKE_STAGE2_BANK16,108,F1,0.0034935891162604094,0.41310882568359375,67.67546701431274,0.04650877043604851,0.0,0.0016110873548313975,150
SLAKE_STAGE2_BANK16,108,F1,0.003465107176452875,0.04870521277189255,68.12112760543823,0.030384758487343788,0.0,0.001756952318828553,151
SLAKE_STAGE2_BANK16,108,F1,0.004585799761116505,0.041305061429739,68.5654788017273,0.03933263570070267,0.0,0.001641266338992864,152
SLAKE_STAGE2_BANK16,108,F1,0.0024947936180979013,0.04119620472192764,69.00987911224365,0.025815671309828758,0.0,0.0017830685246735811,153
SLAKE_STAGE2_BANK16,108,F1,0.0024726379197090864,0.4079105257987976,69.445228099823,0.043658290058374405,0.0,0.0015539570013061166,154
SLAKE_STAGE2_BANK16,108,F1,0.0044504073448479176,0.047848112881183624,69.88645720481873,0.0384334996342659,0.0,0.0016931513091549277,155
SLAKE_STAGE2_BANK16,108,F1,0.0033169302623718977,0.0036461278796195984,70.33453941345215,0.027362357825040817,0.0,0.0015821330016478896,156
SLAKE_STAGE2_BANK16,108,F1,0.004382879473268986,0.003642719704657793,70.78033804893494,0.037970032542943954,0.0,0.0017361306236125529,157
SLAKE_STAGE2_BANK16,108,F1,0.003265413688495755,0.40413206815719604,71.22462677955627,0.0449395552277565,0.0,0.0014952094061300159,158
SLAKE_STAGE2_BANK16,108,F1,0.0023875220213085413,0.040013059973716736,71.66981029510498,0.025787297636270523,0.0,0.0016318808193318546,159
SLAKE_STAGE2_BANK16,108,F1,0.003200297709554434,0.04699653387069702,72.11330151557922,0.02794065698981285,0.0,0.0015398016548715532,160
SLAKE_STAGE2_BANK16,108,F2,3.164621353149414,0.00415669335052371,0.78299880027771,5.277368545532227,2.226353883743286,9.99353505903855e-05,1
SLAKE_STAGE2_BANK16,108,F2,2.7428042888641357,0.0976375862956047,1.4595632553100586,5.410706520080566,1.9629278182983398,6.624772322538774e-05,2
SLAKE_STAGE2_BANK16,108,F2,2.8518385887145996,0.6089509129524231,2.111563205718994,5.430683612823486,2.0304462909698486,7.868895409046672e-05,3
SLAKE_STAGE2_BANK16,108,F2,2.5636627674102783,0.1592569798231125,2.734307289123535,5.5605788230896,1.8508987426757812,8.594527753302827e-05,4
SLAKE_STAGE2_BANK16,108,F2,2.8013503551483154,0.15042802691459656,3.3636953830718994,5.655001640319824,1.9987679719924927,0.00011897489093826152,5
SLAKE_STAGE2_BANK16,108,F2,2.573671817779541,0.07938557118177414,3.985947847366333,5.712461471557617,1.8560690879821777,8.04767660156358e-05,6
SLAKE_STAGE2_BANK16,108,F2,2.481171131134033,0.0038292568642646074,4.61366605758667,5.809366226196289,1.7979923486709595,9.665726611274295e-05,7
SLAKE_STAGE2_BANK16,108,F2,2.1848795413970947,0.556089460849762,5.228135824203491,5.829595565795898,1.6138465404510498,0.00010376458158134483,8
SLAKE_STAGE2_BANK16,108,F2,2.4099268913269043,0.11959155648946762,5.8461222648620605,6.107680320739746,1.752638578414917,0.00015156930021476,9
SLAKE_STAGE2_BANK16,108,F2,2.1813700199127197,0.534995973110199,6.470155954360962,6.094196319580078,1.6093575954437256,0.00010519417628529482,10
SLAKE_STAGE2_BANK16,108,F2,1.890991449356079,0.06050997972488403,7.0869057178497314,6.003416061401367,1.4296388626098633,0.0001263200319954194,11
SLAKE_STAGE2_BANK16,108,F2,2.1005144119262695,0.003691410180181265,7.722036361694336,6.420862197875977,1.5565446615219116,0.00013381466851569712,12
SLAKE_STAGE2_BANK16,108,F2,1.870444655418396,0.5048756003379822,8.338518619537354,6.325882911682129,1.4123420715332031,0.00020551941997837275,13
SLAKE_STAGE2_BANK16,108,F2,1.5845146179199219,0.003753748955205083,8.975117444992065,6.188432693481445,1.2369400262832642,0.00014573182124877349,14
SLAKE_STAGE2_BANK16,108,F2,1.7748485803604126,0.04921688884496689,9.595659017562866,6.648595333099365,1.3464256525039673,0.00017582400323590264,15
SLAKE_STAGE2_BANK16,108,F2,1.377082109451294,0.08148594945669174,10.21893835067749,6.329339981079102,1.1057000160217285,0.000182007672265172,16
SLAKE_STAGE2_BANK16,108,F2,1.5568101406097412,0.044558700174093246,10.8352370262146,6.682437896728516,1.2006562948226929,0.00028863593615824357,17
SLAKE_STAGE2_BANK16,108,F2,1.3385003805160522,0.07351335883140564,11.451631546020508,6.4995198249816895,1.0653295516967773,0.00021030876087024808,18
SLAKE_STAGE2_BANK16,108,F2,1.060552716255188,0.0037276556249707937,12.072201251983643,6.494643211364746,0.9020037651062012,0.00025628974253777415,19
SLAKE_STAGE2_BANK16,108,F2,1.2311302423477173,0.44381025433540344,12.694883108139038,6.335036754608154,0.9633917212486267,0.0002595243277028203,20
SLAKE_STAGE2_BANK16,108,F2,1.0213305950164795,0.06409250944852829,13.339012145996094,6.18117094039917,0.8374897241592407,0.00041952659375965595,21
SLAKE_STAGE2_BANK16,108,F2,0.7431240081787109,0.42938217520713806,13.957137823104858,6.284109592437744,0.6832138299942017,0.00031558069167658687,22
SLAKE_STAGE2_BANK16,108,F2,0.8329540491104126,0.0036602113395929337,14.576027393341064,5.547640800476074,0.6766220927238464,0.0003863007586915046,23
SLAKE_STAGE2_BANK16,108,F2,0.8745439648628235,0.03412619233131409,15.199105978012085,4.829661846160889,0.6094836592674255,0.00038333956035785377,24
SLAKE_STAGE2_BANK16,108,F2,0.6723222732543945,0.03315499797463417,15.828068494796753,4.645697116851807,0.5027238726615906,0.0006331447802949697,25
SLAKE_STAGE2_BANK16,108,F2,0.7455359101295471,0.4026930332183838,16.444616079330444,4.147132873535156,0.4160778224468231,0.0004771490639541298,26
SLAKE_STAGE2_BANK16,108,F2,0.34949302673339844,0.0036850683391094208,17.06365418434143,3.2799713611602783,0.26798200607299805,0.000581277214223519,27
SLAKE_STAGE2_BANK16,108,F2,0.30905860662460327,0.050065409392118454,17.6855149269104,2.6471006870269775,0.1766393482685089,0.0005713452701456845,28
SLAKE_STAGE2_BANK16,108,F2,0.45143431425094604,0.3877757787704468,18.30632495880127,3.1728832721710205,0.13626861572265625,0.0009432514198124409,29
SLAKE_STAGE2_BANK16,108,F2,0.5577341914176941,0.04770708829164505,18.92919111251831,3.2381181716918945,0.026214003562927246,0.0007212219352368265,30
SLAKE_STAGE2_BANK16,108,F2,0.3761138916015625,0.029943613335490227,19.551769495010376,2.3593764305114746,0.0,0.0008832975290715694,31
SLAKE_STAGE2_BANK16,108,F2,0.21895520389080048,0.0036922802682965994,20.19185519218445,1.231780767440796,0.0,0.0008615460828877985,32
SLAKE_STAGE2_BANK16,108,F2,0.44733062386512756,0.37665805220603943,20.81393527984619,2.3769278526306152,0.0,0.0013781869783997536,33
SLAKE_STAGE2_BANK16,108,F2,0.4123991131782532,0.029861807823181152,21.436562538146973,2.2135958671569824,0.0,0.001076677261153236,34
SLAKE_STAGE2_BANK16,108,F2,0.2595040500164032,0.04520270228385925,22.0547297000885,1.69834303855896,0.0,0.0013345398474484682,35
SLAKE_STAGE2_BANK16,108,F2,0.16703781485557556,0.0036958639975637197,22.671581029891968,1.1312861442565918,0.0,0.0013219543034210801,36
SLAKE_STAGE2_BANK16,108,F2,0.21376356482505798,0.030610984191298485,23.29597759246826,1.4873234033584595,0.0,0.002004325040616095,37
SLAKE_STAGE2_BANK16,108,F2,0.14164286851882935,0.04516163095831871,23.911964416503906,1.0869206190109253,0.0,0.001678364584222436,38
SLAKE_STAGE2_BANK16,108,F2,0.27441567182540894,0.3794468343257904,24.528454303741455,1.7270725965499878,0.0,0.002082163351587951,39
SLAKE_STAGE2_BANK16,108,F2,0.1173672080039978,0.003865285078063607,25.145687580108643,1.0291378498077393,0.0,0.002131021989043802,40
SLAKE_STAGE2_BANK16,108,F2,0.22759810090065002,0.04572686180472374,25.792137384414673,1.637632966041565,0.0,0.0029852227307856083,41
SLAKE_STAGE2_BANK16,108,F2,0.12237067520618439,0.3876661956310272,26.40697741508484,1.1190792322158813,0.0,0.0027239792980253696,42
SLAKE_STAGE2_BANK16,108,F2,0.10821489989757538,0.0038884810637682676,27.03121018409729,1.0522894859313965,0.0,0.003376092412509024,43
SLAKE_STAGE2_BANK16,108,F2,0.16414617002010345,0.03511365130543709,27.65691304206848,1.4799996614456177,0.0,0.0035733490949496627,44
SLAKE_STAGE2_BANK16,108,F2,0.06435547769069672,0.04747442528605461,28.287930727005005,0.7792655825614929,0.0,0.004659631755203009,45
SLAKE_STAGE2_BANK16,108,F2,0.12654490768909454,0.004065719898790121,28.903481245040894,1.325164794921875,0.0,0.004588677664287388,46
SLAKE_STAGE2_BANK16,108,F2,0.047816090285778046,0.038061439990997314,29.518348693847656,0.6406282782554626,0.0,0.005591145949438214,47
SLAKE_STAGE2_BANK16,108,F2,0.05186985805630684,0.41383281350135803,30.13357710838318,0.6353470683097839,0.0,0.005911922547966242,48
SLAKE_STAGE2_BANK16,108,F2,0.04480599984526634,0.4181070327758789,30.7508065700531,0.5637778639793396,0.0,0.007110419450327754,49
SLAKE_STAGE2_BANK16,108,F2,0.02956678532063961,0.04177912324666977,31.370014190673828,0.44205233454704285,0.0,0.007229397306218743,50
SLAKE_STAGE2_BANK16,108,F2,0.061513520777225494,0.05133505165576935,31.990527391433716,0.8325729966163635,0.0,0.008398181991651654,51
SLAKE_STAGE2_BANK16,108,F2,0.021681036800146103,0.004314139019697905,32.61174464225769,0.34637755155563354,0.0,0.008712512673810124,52
SLAKE_STAGE2_BANK16,108,F2,0.0247194841504097,0.052982866764068604,33.23502802848816,0.32428231835365295,0.0,0.00977970939129591,53
SLAKE_STAGE2_BANK16,108,F2,0.03927987068891525,0.44212818145751953,33.853675365448,0.5526334047317505,0.0,0.009913833811879158,54
SLAKE_STAGE2_BANK16,108,F2,0.019217854365706444,0.004453861154615879,34.47883152961731,0.2639344334602356,0.0,0.010844916570931673,55
SLAKE_STAGE2_BANK16,108,F2,0.030101057142019272,0.04961816966533661,35.0956597328186,0.4200749695301056,0.0,0.010853102896362543,56
SLAKE_STAGE2_BANK16,108,F2,0.011181995272636414,0.4558108150959015,35.714089155197144,0.24254047870635986,0.0,0.01139341201633215,57
SLAKE_STAGE2_BANK16,108,F2,0.024085598066449165,0.004585430026054382,36.33849835395813,0.3308431804180145,0.0,0.011257980018854141,58
SLAKE_STAGE2_BANK16,108,F2,0.013237731531262398,0.05729454383254051,36.957226037979126,0.2213757336139679,0.0,0.011714532505720854,59
SLAKE_STAGE2_BANK16,108,F2,0.008627571165561676,0.054753102362155914,37.58041310310364,0.22936546802520752,0.0,0.011184502393007278,60
SLAKE_STAGE2_BANK16,108,F2,0.018601467832922935,0.0046188198029994965,38.22134232521057,0.2428508698940277,0.0,0.011173955630511045,61
SLAKE_STAGE2_BANK16,108,F2,0.007610655389726162,0.4725755453109741,38.84457468986511,0.21788154542446136,0.0,0.010605523828417063,62
SLAKE_STAGE2_BANK16,108,F2,0.010832356289029121,0.05998772382736206,39.46497869491577,0.1910521239042282,0.0,0.01059090718626976,63
SLAKE_STAGE2_BANK16,108,F2,0.01052472647279501,0.05870437249541283,40.087958335876465,0.17911821603775024,0.0,0.009779476327821612,64
SLAKE_STAGE2_BANK16,108,F2,0.00678238645195961,0.06130571290850639,40.70663261413574,0.1793653517961502,0.0,0.009493208257481456,65
SLAKE_STAGE2_BANK16,108,F2,0.014865152537822723,0.06023964285850525,41.327325105667114,0.1706005185842514,0.0,0.008695523720234632,66
SLAKE_STAGE2_BANK16,108,F2,0.014487937092781067,0.004673299845308065,41.94986081123352,0.1618555784225464,0.0,0.00854532839730382,67
SLAKE_STAGE2_BANK16,108,F2,0.009670296683907509,0.48646971583366394,42.56606888771057,0.14341585338115692,0.0,0.007699975278228521,68
SLAKE_STAGE2_BANK16,108,F2,0.006236717104911804,0.06357933580875397,43.187848806381226,0.13589482009410858,0.0,0.007454782258719206,69
SLAKE_STAGE2_BANK16,108,F2,0.013681111857295036,0.06234306842088699,43.80938124656677,0.13741746544837952,0.0,0.006721568992361426,70
SLAKE_STAGE2_BANK16,108,F2,0.006033103913068771,0.004655662924051285,44.42952871322632,0.12318501621484756,0.0,0.006705711595714092,71
SLAKE_STAGE2_BANK16,108,F2,0.009291091933846474,0.49312305450439453,45.051491498947144,0.11551345884799957,0.0,0.005947149125859141,72
SLAKE_STAGE2_BANK16,108,F2,0.013082878664135933,0.06297371536493301,45.67230033874512,0.12423618137836456,0.0,0.005846256855875254,73
SLAKE_STAGE2_BANK16,108,F2,0.00582475820556283,0.004650573246181011,46.29716467857361,0.09620059281587601,0.0,0.00526247569359839,74
SLAKE_STAGE2_BANK16,108,F2,0.009034503251314163,0.49449995160102844,46.92296552658081,0.10562077164649963,0.0,0.005261539481580257,75
SLAKE_STAGE2_BANK16,108,F2,0.012623530812561512,0.0654686987400055,47.54717707633972,0.11430222541093826,0.0,0.004730503540486097,76
SLAKE_STAGE2_BANK16,108,F2,0.005696938373148441,0.004603079054504633,48.176894664764404,0.07847798615694046,0.0,0.004678407567553222,77
SLAKE_STAGE2_BANK16,108,F2,0.008803068660199642,0.06313952058553696,48.80358862876892,0.08632799983024597,0.0,0.004171858076006174,78
SLAKE_STAGE2_BANK16,108,F2,0.005564621649682522,0.06595641374588013,49.42205810546875,0.07399596273899078,0.0,0.004266358679160476,79
SLAKE_STAGE2_BANK16,108,F2,0.008690803311765194,0.49587303400039673,50.04476737976074,0.09139402955770493,0.0,0.0038545444840565324,80
SLAKE_STAGE2_BANK16,108,F2,0.011900404468178749,0.06274017691612244,50.70349717140198,0.10773336887359619,0.0,0.0038838847540318966,81
SLAKE_STAGE2_BANK16,108,F2,0.008541934192180634,0.49415087699890137,51.32038927078247,0.08871771395206451,0.0,0.003478430793620646,82
SLAKE_STAGE2_BANK16,108,F2,0.005370728205889463,0.00451093353331089,51.944095611572266,0.05897411331534386,0.0,0.0035743307089433074,83
SLAKE_STAGE2_BANK16,108,F2,0.01144319586455822,0.0655500516295433,52.56283926963806,0.10225705802440643,0.0,0.0032801625784486532,84
SLAKE_STAGE2_BANK16,108,F2,0.011259498074650764,0.06568250060081482,53.17984914779663,0.10162452608346939,0.0,0.0033764922991394997,85
SLAKE_STAGE2_BANK16,108,F2,0.005230932030826807,0.004470928572118282,53.80571699142456,0.050842780619859695,0.0,0.0030113133834674954,86
SLAKE_STAGE2_BANK16,108,F2,0.007966314442455769,0.06110282614827156,54.422972679138184,0.07273312658071518,0.0,0.003153519006446004,87
SLAKE_STAGE2_BANK16,108,F2,0.010766096413135529,0.48847082257270813,55.03922724723816,0.10328704863786697,0.0,0.002901005675084889,88
SLAKE_STAGE2_BANK16,108,F2,0.00772052351385355,0.06023252755403519,55.655473470687866,0.070310078561306,0.0,0.0030365244019776583,89
SLAKE_STAGE2_BANK16,108,F2,0.0049541909247636795,0.004330516792833805,56.28067398071289,0.045633383095264435,0.0,0.002752200234681368,90
SLAKE_STAGE2_BANK16,108,F2,0.010158644989132881,0.0641556978225708,56.89825391769409,0.09046827256679535,0.0,0.0029203288722783327,91
SLAKE_STAGE2_BANK16,108,F2,0.004830208607017994,0.4848027229309082,57.51671862602234,0.060788486152887344,0.0,0.0026909755542874336,92
SLAKE_STAGE2_BANK16,108,F2,0.00721906591206789,0.06359846889972687,58.13931488990784,0.06477735936641693,0.0,0.002812860650010407,93
SLAKE_STAGE2_BANK16,108,F2,0.009638706222176552,0.05817507579922676,58.76044702529907,0.08592040091753006,0.0,0.0025246178265661,94
SLAKE_STAGE2_BANK16,108,F2,0.004633862059563398,0.004363782703876495,59.38422417640686,0.04253840446472168,0.0,0.002720419433899224,95
SLAKE_STAGE2_BANK16,108,F2,0.006894378457218409,0.48044833540916443,60.00711941719055,0.07229021191596985,0.0,0.0025523435324430466,96
SLAKE_STAGE2_BANK16,108,F2,0.004484963603317738,0.478721559047699,60.62557864189148,0.05671950429677963,0.0,0.002682129619643092,97
SLAKE_STAGE2_BANK16,108,F2,0.006644349545240402,0.05630959942936897,61.24967336654663,0.05853993073105812,0.0,0.0024165802751667798,98
SLAKE_STAGE2_BANK16,108,F2,0.008820835500955582,0.06173171103000641,61.87705183029175,0.0775570422410965,0.0,0.002593270968645811,99
SLAKE_STAGE2_BANK16,108,F2,0.006427320651710033,0.004223117604851723,62.472694396972656,0.054345548152923584,0.0,0.002430075721349567,100
SLAKE_STAGE2_BANK16,108,F2,0.008548085577785969,0.47232532501220703,63.07232928276062,0.0827823057770729,0.0,0.002554631093516946,101
SLAKE_STAGE2_BANK16,108,F2,0.004203506745398045,0.05473187193274498,63.654242515563965,0.03934017941355705,0.0,0.0023176655522547662,102
SLAKE_STAGE2_BANK16,108,F2,0.004128655884414911,0.06036244332790375,64.28309631347656,0.040199317038059235,0.0,0.0025034351274371147,103
SLAKE_STAGE2_BANK16,108,F2,0.00805231835693121,0.0041793109849095345,64.90064001083374,0.0687992051243782,0.0,0.0023673875257372856,104
SLAKE_STAGE2_BANK16,108,F2,0.005910810548812151,0.05355151370167732,65.52384567260742,0.051396291702985764,0.0,0.0024903403827920556,105
SLAKE_STAGE2_BANK16,108,F2,0.003956845961511135,0.4657159745693207,66.14857816696167,0.05368708074092865,0.0,0.0022449776879511774,106
SLAKE_STAGE2_BANK16,108,F2,0.0076929428614676,0.05910598486661911,66.7763442993164,0.06678803265094757,0.0,0.002438513096421957,107
SLAKE_STAGE2_BANK16,108,F2,0.005616006441414356,0.004068274050951004,67.37803840637207,0.04644098877906799,0.0,0.0023017842322587967,108
SLAKE_STAGE2_BANK16,108,F2,0.005537542514503002,0.05841433256864548,67.96021556854248,0.04780203849077225,0.0,0.002441088785417378,109
SLAKE_STAGE2_BANK16,108,F2,0.0037670470774173737,0.4607253968715668,68.54517197608948,0.05266610532999039,0.0,0.0022014896385371685,110
SLAKE_STAGE2_BANK16,108,F2,0.007209457457065582,0.004054785706102848,69.13064885139465,0.061097484081983566,0.0,0.002382256556302309,111
SLAKE_STAGE2_BANK16,108,F2,0.007119152694940567,0.05098080635070801,69.71843957901001,0.061204083263874054,0.0,0.002251862548291683,112
SLAKE_STAGE2_BANK16,108,F2,0.005190616939216852,0.050609804689884186,70.30448937416077,0.044585563242435455,0.0,0.0023878631182014942,113
SLAKE_STAGE2_BANK16,108,F2,0.0035730358213186264,0.4552464485168457,70.88937258720398,0.05156441405415535,0.0,0.002156855131033808,114
SLAKE_STAGE2_BANK16,108,F2,0.0067908018827438354,0.05663292855024338,71.47505283355713,0.058519572019577026,0.0,0.0023340017069131136,115
SLAKE_STAGE2_BANK16,108,F2,0.003495110897347331,0.0039817700162529945,72.06099534034729,0.033691707998514175,0.0,0.002206504053901881,116
SLAKE_STAGE2_BANK16,108,F2,0.004887586925178766,0.45056673884391785,72.64550876617432,0.05493316054344177,0.0,0.002350298105739057,117
SLAKE_STAGE2_BANK16,108,F2,0.0033975387923419476,0.04898809269070625,73.23388171195984,0.0341632142663002,0.0,0.0020971911726519465,118
SLAKE_STAGE2_BANK16,108,F2,0.006386192981153727,0.003957794047892094,73.81695318222046,0.05389973521232605,0.0,0.002290125237777829,119
SLAKE_STAGE2_BANK16,108,F2,0.004708508960902691,0.055276092141866684,74.40328693389893,0.04038586467504501,0.0,0.002139570191502571,120
SLAKE_STAGE2_BANK16,108,F2,0.006235807202756405,0.04806903004646301,75.03231978416443,0.053757041692733765,0.0,0.0022879851749166846,121
SLAKE_STAGE2_BANK16,108,F2,0.004589194897562265,0.4441864788532257,75.65380668640137,0.0539434552192688,0.0,0.002045106259174645,122
SLAKE_STAGE2_BANK16,108,F2,0.003204097505658865,0.003920142538845539,76.2799699306488,0.03356559947133064,0.0,0.0022390862577594817,123
SLAKE_STAGE2_BANK16,108,F2,0.0044611659832298756,0.05426592752337456,76.90507698059082,0.03855219855904579,0.0,0.0021075865952298045,124
SLAKE_STAGE2_BANK16,108,F2,0.003159260842949152,0.0470113642513752,77.52334809303284,0.03295242786407471,0.0,0.002248538308776915,125
SLAKE_STAGE2_BANK16,108,F2,0.005843824241310358,0.43931111693382263,78.13975119590759,0.06035606935620308,0.0,0.0019906244706362486,126
SLAKE_STAGE2_BANK16,108,F2,0.004321728367358446,0.003896281821653247,78.76863098144531,0.03615293651819229,0.0,0.0021639864426106215,127
SLAKE_STAGE2_BANK16,108,F2,0.0030560349114239216,0.05326390266418457,79.38493847846985,0.03230079263448715,0.0,0.002037124999333173,128
SLAKE_STAGE2_BANK16,108,F2,0.005687958560883999,0.0038430949207395315,80.00311779975891,0.048692140728235245,0.0,0.0021645803935825825,129
SLAKE_STAGE2_BANK16,108,F2,0.004190345294773579,0.04574700444936752,80.62620186805725,0.0358802005648613,0.0,0.0019238571403548121,130
SLAKE_STAGE2_BANK16,108,F2,0.0029676773119717836,0.05279379338026047,81.24243545532227,0.032689254730939865,0.0,0.002084884326905012,131
SLAKE_STAGE2_BANK16,108,F2,0.005490037612617016,0.4338558614253998,81.86297678947449,0.0578579381108284,0.0,0.0019755997345782816,132
SLAKE_STAGE2_BANK16,108,F2,0.005454326048493385,0.4315057694911957,82.48556661605835,0.05669666826725006,0.0,0.0020987825701013207,133
SLAKE_STAGE2_BANK16,108,F2,0.004029016010463238,0.003808446228504181,83.10186767578125,0.03316362202167511,0.0,0.0018619587644934654,134
SLAKE_STAGE2_BANK16,108,F2,0.0028616550844162703,0.0518297404050827,83.71768140792847,0.03181023895740509,0.0,0.0020276846480555832,135
SLAKE_STAGE2_BANK16,108,F2,0.005263687111437321,0.04441727325320244,84.33725762367249,0.04487486556172371,0.0,0.0018877029069699347,136
SLAKE_STAGE2_BANK16,108,F2,0.003892321838065982,0.0038299676962196827,84.96092319488525,0.03247854486107826,0.0,0.0020239840378053486,137
SLAKE_STAGE2_BANK16,108,F2,0.002802980598062277,0.42540082335472107,85.57819247245789,0.04662558063864708,0.0,0.0017959141405299306,138
SLAKE_STAGE2_BANK16,108,F2,0.002779439790174365,0.0509253554046154,86.1950261592865,0.03053925558924675,0.0,0.0019524517701938748,139
SLAKE_STAGE2_BANK16,108,F2,0.003790535032749176,0.043518200516700745,86.82080817222595,0.032747916877269745,0.0,0.0018265344551764429,140
SLAKE_STAGE2_BANK16,108,F2,0.005037449300289154,0.04315667971968651,87.51400947570801,0.04362868517637253,0.0,0.0019636775250546634,141
SLAKE_STAGE2_BANK16,108,F2,0.004998565185815096,0.0037390384823083878,88.15890073776245,0.04242584854364395,0.0,0.0017320310580544174,142
SLAKE_STAGE2_BANK16,108,F2,0.002685406245291233,0.050140976905822754,88.80500221252441,0.02959457039833069,0.0,0.001881461648736149,143
SLAKE_STAGE2_BANK16,108,F2,0.0036740372888743877,0.4192955493927002,89.45235419273376,0.04798799008131027,0.0,0.0017717696027830243,144
SLAKE_STAGE2_BANK16,108,F2,0.004858334083110094,0.04972748085856438,90.09692358970642,0.042300526052713394,0.0,0.0018938070279546082,145
SLAKE_STAGE2_BANK16,108,F2,0.0026203382294625044,0.41682419180870056,90.74249219894409,0.0450744591653347,0.0,0.0016698206309229136,146
SLAKE_STAGE2_BANK16,108,F2,0.003554057329893112,0.042093586176633835,91.39203143119812,0.031113427132368088,0.0,0.0018139051389880478,147
SLAKE_STAGE2_BANK16,108,F2,0.0025734275113791227,0.003711654571816325,92.03281760215759,0.026106584817171097,0.0,0.0017076160875149071,148
SLAKE_STAGE2_BANK16,108,F2,0.00469321059063077,0.0036738566122949123,92.68257904052734,0.04052579030394554,0.0,0.0018268488929606974,149
SLAKE_STAGE2_BANK16,108,F2,0.003480176907032728,0.4129604697227478,93.32577180862427,0.0463111586868763,0.0,0.0015922852326184511,150
SLAKE_STAGE2_BANK16,108,F2,0.0034391707740724087,0.04860919713973999,93.96749424934387,0.030157361179590225,0.0,0.0017531774938106537,151
SLAKE_STAGE2_BANK16,108,F2,0.004581628832966089,0.04093891754746437,94.61909890174866,0.03942152485251427,0.0,0.0016379051376134157,152
SLAKE_STAGE2_BANK16,108,F2,0.0024859795812517405,0.04075612127780914,95.28069806098938,0.025594567880034447,0.0,0.0017685052589513361,153
SLAKE_STAGE2_BANK16,108,F2,0.002472157124429941,0.4069546163082123,95.92890763282776,0.04367494955658913,0.0,0.0015466329059563577,154
SLAKE_STAGE2_BANK16,108,F2,0.004470898769795895,0.047686051577329636,96.58285212516785,0.0387868769466877,0.0,0.0016894458094611764,155
SLAKE_STAGE2_BANK16,108,F2,0.0033094994723796844,0.0036369289737194777,97.24317288398743,0.027384886518120766,0.0,0.0015811148332431912,156
SLAKE_STAGE2_BANK16,108,F2,0.004372866824269295,0.00360665749758482,97.89680004119873,0.03803541138768196,0.0,0.0017184953903779387,157
SLAKE_STAGE2_BANK16,108,F2,0.003262180369347334,0.4031657874584198,98.54065155982971,0.04494655132293701,0.0,0.0014886995777487755,158
SLAKE_STAGE2_BANK16,108,F2,0.002381226746365428,0.039681341499090195,99.18436241149902,0.025708692148327827,0.0,0.001634246960747987,159
SLAKE_STAGE2_BANK16,108,F2,0.0031959214247763157,0.046817630529403687,99.83490896224976,0.02782464399933815,0.0,0.0015286252018995583,160
SLAKE_STAGE2_BANK16,109,F0,0.0,0.0,0.39559221267700195,0.00043845089385285974,0.0,0.0001320732044405304,1
SLAKE_STAGE2_BANK16,109,F0,0.0,0.0,0.7053272724151611,0.0007071846048347652,0.0,0.00016230737674050033,2
SLAKE_STAGE2_BANK16,109,F0,0.0,0.0,0.9991910457611084,0.00044412852730602026,0.0,0.00012925221381010488,3
SLAKE_STAGE2_BANK16,109,F0,0.0,0.0,1.3046348094940186,0.0004148264415562153,0.0,0.00012388941831886768,4
SLAKE_STAGE2_BANK16,109,F0,0.0,0.0,1.5347676277160645,0.0004064470704179257,0.0,0.00012494181646616198,5
SLAKE_STAGE2_BANK16,109,F0,0.0,0.0,1.754981517791748,0.000605956360232085,0.0,0.00015328928566304967,6
SLAKE_STAGE2_BANK16,109,F0,0.0,0.0,1.9804701805114746,0.00039355625631287694,0.0,0.00012351141776889563,7
SLAKE_STAGE2_BANK16,109,F0,0.0,0.0,2.1993319988250732,0.00040872773388400674,0.0,0.00012081032400601543,8
SLAKE_STAGE2_BANK16,109,F0,0.0,0.0,2.424161195755005,0.00039023172575980425,0.0,0.00012196209354442544,9
SLAKE_STAGE2_BANK16,109,F0,0.0,0.0,2.6444976329803467,0.0005776991602033377,0.0,0.0001476280522183515,10
SLAKE_STAGE2_BANK16,109,F0,0.0,0.0,2.8658642768859863,0.00035974750062450767,0.0,0.00012027344564558007,11
SLAKE_STAGE2_BANK16,109,F0,0.0,0.0,3.0877254009246826,0.00039120251312851906,0.0,0.00011798948617069982,12
SLAKE_STAGE2_BANK16,109,F0,0.0,0.0,3.306375026702881,0.00038595774094574153,0.0,0.00011937966337427497,13
SLAKE_STAGE2_BANK16,109,F0,0.0,0.0,3.531963586807251,0.0005672398256137967,0.0,0.00014435042248805985,14
SLAKE_STAGE2_BANK16,109,F0,0.0,0.0,3.7542147636413574,0.0003579005424398929,0.0,0.00011765129966079257,15
SLAKE_STAGE2_BANK16,109,F0,0.0,0.0,3.977806806564331,0.0003763537388294935,0.0,0.00011564535452635027,16
SLAKE_STAGE2_BANK16,109,F0,0.0,0.0,4.198953866958618,0.00036926910979673266,0.0,0.00011773081860155798,17
SLAKE_STAGE2_BANK16,109,F0,0.0,0.0,4.425876617431641,0.0005220152088440955,0.0,0.00014139061022433452,18
SLAKE_STAGE2_BANK16,109,F0,0.0,0.0,4.6477532386779785,0.00034371731453575194,0.0,0.00011544629887794144,19
SLAKE_STAGE2_BANK16,109,F0,0.0,0.0,4.879546880722046,0.00036941305734217167,0.0,0.00011469183664303273,20
SLAKE_STAGE2_BANK16,109,F0,0.0,0.0,5.124984264373779,0.00036405923310667276,0.0,0.00011636017734417692,21
SLAKE_STAGE2_BANK16,109,F0,0.0,0.0,5.354797840118408,0.0005315034068189561,0.0,0.00013938426491222344,22
SLAKE_STAGE2_BANK16,109,F0,0.0,0.0,5.589147329330444,0.0003305093268863857,0.0,0.00011351935972925276,23
SLAKE_STAGE2_BANK16,109,F0,0.0,0.0,5.819802761077881,0.0003547071828506887,0.0,0.00011278474630671553,24
SLAKE_STAGE2_BANK16,109,F0,0.0,0.0,6.053811311721802,0.0003554535796865821,0.0,0.00011475110659375787,25
SLAKE_STAGE2_BANK16,109,F0,0.0,0.0,6.285645961761475,0.0005042285192757845,0.0,0.0001373182749375701,26
SLAKE_STAGE2_BANK16,109,F0,0.0,0.0,6.518625497817993,0.00032797493622638285,0.0,0.00011274465941824019,27
SLAKE_STAGE2_BANK16,109,F0,0.0,0.0,6.75154447555542,0.0003459092404227704,0.0,0.00011218877261853777,28
SLAKE_STAGE2_BANK16,109,F0,0.0,0.0,6.991927862167358,0.00034170818980783224,0.0,0.00011433394683990628,29
SLAKE_STAGE2_BANK16,109,F0,0.0,0.0,7.226866960525513,0.0005125686875544488,0.0,0.00013612642578664236,30
SLAKE_STAGE2_BANK16,109,F0,0.0,0.0,7.4624104499816895,0.00032658822601661086,0.0,0.00011262547923251987,31
SLAKE_STAGE2_BANK16,109,F0,0.0,0.0,7.690098762512207,0.0003627764235716313,0.0,0.00011197026833542623,32
SLAKE_STAGE2_BANK16,109,F0,0.0,0.0,7.9181036949157715,0.0003382852883078158,0.0,0.0001137777217081748,33
SLAKE_STAGE2_BANK16,109,F0,0.0,0.0,8.146721124649048,0.0005148378550074995,0.0,0.00013529207717510872,34
SLAKE_STAGE2_BANK16,109,F0,0.0,0.0,8.377673625946045,0.0003389408811926842,0.0,0.00011137398178107105,35
SLAKE_STAGE2_BANK16,109,F0,0.0,0.0,8.606744527816772,0.0003432747907936573,0.0,0.00011121536954306066,36
SLAKE_STAGE2_BANK16,109,F0,0.0,0.0,8.83249306678772,0.0003303376433905214,0.0,0.00011365854152245447,37
SLAKE_STAGE2_BANK16,109,F0,0.0,0.0,9.065771102905273,0.0004970291629433632,0.0,0.00013479543122230098,38
SLAKE_STAGE2_BANK16,109,F0,0.0,0.0,9.310327768325806,0.00033039553090929985,0.0,0.0001111356177716516,39
SLAKE_STAGE2_BANK16,109,F0,0.0,0.0,9.539787769317627,0.0003402478469070047,0.0,0.00011133457155665383,40
SLAKE_STAGE2_BANK16,109,F0,0.0,0.0,9.791168928146362,0.0003430921060498804,0.0,0.00011322153659421019,41
SLAKE_STAGE2_BANK16,109,F0,0.0,0.0,10.017517328262329,0.0005546964821405709,0.0,0.00013408032464212738,42
SLAKE_STAGE2_BANK16,109,F0,0.0,0.0,10.246633291244507,0.00033450874616391957,0.0,0.00011063901911256835,43
SLAKE_STAGE2_BANK16,109,F0,0.0,0.0,10.476818561553955,0.00034953744034282863,0.0,0.00011046046347473748,44
SLAKE_STAGE2_BANK16,109,F0,0.0,0.0,10.709808111190796,0.00033885196899063885,0.0,0.00011228787843720056,45
SLAKE_STAGE2_BANK16,109,F0,0.0,0.0,10.932888269424438,0.000514308805577457,0.0,0.00013280895291245542,46
SLAKE_STAGE2_BANK16,109,F0,0.0,0.0,11.154837131500244,0.00032119714887812734,0.0,0.000109526576125063,47
SLAKE_STAGE2_BANK16,109,F0,0.0,0.0,11.378089189529419,0.0003514042473398149,0.0,0.00010946723341476172,48
SLAKE_STAGE2_BANK16,109,F0,0.0,0.0,11.613161563873291,0.00033821226679719985,0.0,0.00011183100650669076,49
SLAKE_STAGE2_BANK16,109,F0,0.0,0.0,11.853997230529785,0.0005162066081538796,0.0,0.00013171641330700368,50
SLAKE_STAGE2_BANK16,109,F0,0.0,0.0,12.086760759353638,0.00033537077251821756,0.0,0.00010765926708700135,51
SLAKE_STAGE2_BANK16,109,F0,0.0,0.0,12.316173791885376,0.0003490675881039351,0.0,0.00010797732102219015,52
SLAKE_STAGE2_BANK16,109,F0,0.0,0.0,12.542799472808838,0.0003396207466721535,0.0,0.00011121524948976003,53
SLAKE_STAGE2_BANK16,109,F0,0.0,0.0,12.773235082626343,0.000490358448587358,0.0,0.00012986906222067773,54
SLAKE_STAGE2_BANK16,109,F0,0.0,0.0,12.999305009841919,0.0003362434508744627,0.0,0.00010712297080317512,55
SLAKE_STAGE2_BANK16,109,F0,0.0,0.0,13.227278709411621,0.0003408438933547586,0.0,0.00010716290125856176,56
SLAKE_STAGE2_BANK16,109,F0,0.0,0.0,13.449143648147583,0.0003357349196448922,0.0,0.0001103412578231655,57
SLAKE_STAGE2_BANK16,109,F0,0.0,0.0,13.672213077545166,0.0004998754011467099,0.0,0.00012990883260499686,58
SLAKE_STAGE2_BANK16,109,F0,0.0,0.0,13.903978824615479,0.0003249973524361849,0.0,0.00010644757276168093,59
SLAKE_STAGE2_BANK16,109,F0,0.0,0.0,14.142207384109497,0.0003424526657909155,0.0,0.00010682517313398421,60
SLAKE_STAGE2_BANK16,109,F0,0.0,0.0,14.380090951919556,0.00033252910361625254,0.0,0.00010946720067295246,61
SLAKE_STAGE2_BANK16,109,F0,0.0,0.0,14.613173246383667,0.0004953527823090553,0.0,0.0001286970618821215,62
SLAKE_STAGE2_BANK16,109,F0,0.0,0.0,14.846576690673828,0.0003328004968352616,0.0,0.00010585162090137601,63
SLAKE_STAGE2_BANK16,109,F0,0.0,0.0,15.077416181564331,0.0003503355837892741,0.0,0.00010644774010870606,64
SLAKE_STAGE2_BANK16,109,F0,0.0,0.0,15.310990810394287,0.0003222331579308957,0.0,0.00010899046537815593,65
SLAKE_STAGE2_BANK16,109,F0,0.0,0.0,15.541444778442383,0.0004978793440386653,0.0,0.0001280216638406273,66
SLAKE_STAGE2_BANK16,109,F0,0.0,0.0,15.771398067474365,0.0003199589846190065,0.0,0.00010587150245555677,67
SLAKE_STAGE2_BANK16,109,F0,0.0,0.0,15.996713638305664,0.00034440349554643035,0.0,0.00010616964209475555,68
SLAKE_STAGE2_BANK16,109,F0,0.0,0.0,16.228765964508057,0.0003258458455093205,0.0,0.00010976524936268106,69
SLAKE_STAGE2_BANK16,109,F0,0.0,0.0,16.459620237350464,0.0004767088103108108,0.0,0.0001275647482543718,70
SLAKE_STAGE2_BANK16,109,F0,0.0,0.0,16.69678235054016,0.0003266532439738512,0.0,0.00010539475988480262,71
SLAKE_STAGE2_BANK16,109,F0,0.0,0.0,16.93601083755493,0.00035279375151731074,0.0,0.0001059908390743658,72
SLAKE_STAGE2_BANK16,109,F0,0.0,0.0,17.167888879776,0.00032340496545657516,0.0,0.00010905012823059224,73
SLAKE_STAGE2_BANK16,109,F0,0.0,0.0,17.400978565216064,0.0004681934660766274,0.0,0.00012665096801356412,74
SLAKE_STAGE2_BANK16,109,F0,0.0,0.0,17.63256335258484,0.0003188694827258587,0.0,0.00010440146797918715,75
SLAKE_STAGE2_BANK16,109,F0,0.0,0.0,17.864315509796143,0.0003514056443236768,0.0,0.0001057127010426484,76
SLAKE_STAGE2_BANK16,109,F0,0.0,0.0,18.093994140625,0.00034680470707826316,0.0,0.00010897068568738177,77
SLAKE_STAGE2_BANK16,109,F0,0.0,0.0,18.31848955154419,0.0004980037338100374,0.0,0.00012613446233444847,78
SLAKE_STAGE2_BANK16,109,F0,0.0,0.0,18.549006938934326,0.0003432318626437336,0.0,0.0001040438874042593,79
SLAKE_STAGE2_BANK16,109,F0,0.0,0.0,18.77226424217224,0.00033498642733320594,0.0,0.00010499755444470793,80
SLAKE_STAGE2_BANK16,109,F0,0.0,0.0,19.024065256118774,0.0003313912602607161,0.0,0.00010982496314682066,81
SLAKE_STAGE2_BANK16,109,F0,0.0,0.0,19.24369788169861,0.0004994793562218547,0.0,0.00012673039600485936,82
SLAKE_STAGE2_BANK16,109,F0,0.0,0.0,19.465465784072876,0.00033161541796289384,0.0,0.00010430217662360519,83
SLAKE_STAGE2_BANK16,109,F0,0.0,0.0,19.68748712539673,0.0003436975530348718,0.0,0.00010616964209475555,84
SLAKE_STAGE2_BANK16,109,F0,0.0,0.0,19.91352677345276,0.00035922310780733824,0.0,0.00011141426875838079,85
SLAKE_STAGE2_BANK16,109,F0,0.0,0.0,20.131996393203735,0.0005457037477754056,0.0,0.00012798189345630817,86
SLAKE_STAGE2_BANK16,109,F0,0.0,0.0,20.357059478759766,0.00036445772275328636,0.0,0.00010547427518758923,87
SLAKE_STAGE2_BANK16,109,F0,0.0,0.0,20.579832792282104,0.00037734504439868033,0.0,0.00010684509106795304,88
SLAKE_STAGE2_BANK16,109,F0,0.0,0.0,20.8014874458313,0.00036404034472070634,0.0,0.00011248703231103718,89
SLAKE_STAGE2_BANK16,109,F0,0.0,0.0,21.02457594871521,0.0005500629777088761,0.0,0.00012710779992630705,90
SLAKE_STAGE2_BANK16,109,F0,0.0,0.0,21.24495267868042,0.00033968189381994307,0.0,0.00010513654706301168,91
SLAKE_STAGE2_BANK16,109,F0,0.0,0.0,21.46968960762024,0.00037721238913945854,0.0,0.00010696427852963097,92
SLAKE_STAGE2_BANK16,109,F0,0.0,0.0,21.69206213951111,0.00038151186890900135,0.0,0.00011328169057378545,93
SLAKE_STAGE2_BANK16,109,F0,0.0,0.0,21.914305448532104,0.0005441129906103015,0.0,0.00012690912262769416,94
SLAKE_STAGE2_BANK16,109,F0,0.0,0.0,22.136224508285522,0.00037571016582660377,0.0,0.0001060901049640961,95
SLAKE_STAGE2_BANK16,109,F0,0.0,0.0,22.357343673706055,0.00040302088018506765,0.0,0.00010831514373421669,96
SLAKE_STAGE2_BANK16,109,F0,0.0,0.0,22.5809063911438,0.0004151264438405633,0.0,0.00011491070472402498,97
SLAKE_STAGE2_BANK16,109,F0,0.0,0.0,22.79911494255066,0.0005772816948592663,0.0,0.0001270878165087197,98
SLAKE_STAGE2_BANK16,109,F0,0.0,0.0,23.024468898773193,0.00038236717227846384,0.0,0.00010638807361829095,99
SLAKE_STAGE2_BANK16,109,F0,0.0,0.0,23.240853786468506,0.0003690380835905671,0.0,0.00010893095168285072,100
SLAKE_STAGE2_BANK16,109,F0,0.0,0.0,23.47593069076538,0.0004322394961491227,0.0,0.00011618212374742143,101
SLAKE_STAGE2_BANK16,109,F0,0.0,0.0,23.70420002937317,0.0005535159725695848,0.0,0.00012593558858498,102
SLAKE_STAGE2_BANK16,109,F0,0.0,0.0,23.926186084747314,0.0003691681777127087,0.0,0.00010734160969150253,103
SLAKE_STAGE2_BANK16,109,F0,0.0,0.0,24.148505210876465,0.00042435238719917834,0.0,0.0001104208677134011,104
SLAKE_STAGE2_BANK16,109,F0,0.0,0.0,24.369131088256836,0.0004459534538909793,0.0,0.00011725486547220498,105
SLAKE_STAGE2_BANK16,109,F0,0.0,0.0,24.593315839767456,0.000552209559828043,0.0,0.0001254190065083094,106
SLAKE_STAGE2_BANK16,109,F0,0.0,0.0,24.814118146896362,0.0003881186421494931,0.0,0.00010807662329170853,107
SLAKE_STAGE2_BANK16,109,F0,0.0,0.0,25.03646183013916,0.00038333743577823043,0.0,0.00011159287168993615,108
SLAKE_STAGE2_BANK16,109,F0,0.0,0.0,25.259792804718018,0.00045300432248041034,0.0,0.00011822822852991521,109
SLAKE_STAGE2_BANK16,109,F0,0.0,0.0,25.474178791046143,0.0005273072165437043,0.0,0.0001243859478563536,110
SLAKE_STAGE2_BANK16,109,F0,0.0,0.0,25.69361901283264,0.00037366285687312484,0.0,0.00010861293412744999,111
SLAKE_STAGE2_BANK16,109,F0,0.0,0.0,25.908597946166992,0.0004115521442145109,0.0,0.00011185110997757874,112
SLAKE_STAGE2_BANK16,109,F0,0.0,0.0,26.141399383544922,0.0004306445480324328,0.0,0.00011864541011163965,113
SLAKE_STAGE2_BANK16,109,F0,0.0,0.0,26.374273777008057,0.0005001446697860956,0.0,0.00012305492418818176,114
SLAKE_STAGE2_BANK16,109,F0,0.0,0.0,26.606613636016846,0.0003808829060290009,0.0,0.00010950690921163186,115
SLAKE_STAGE2_BANK16,109,F0,0.0,0.0,26.83904457092285,0.0003657294437289238,0.0,0.00011282450213911943,116
SLAKE_STAGE2_BANK16,109,F0,0.0,0.0,27.072047233581543,0.0004351193201728165,0.0,0.00011906253712368198,117
SLAKE_STAGE2_BANK16,109,F0,0.0,0.0,27.302424669265747,0.0005068339523859322,0.0,0.0001221609127242118,118
SLAKE_STAGE2_BANK16,109,F0,0.0,0.0,27.53339648246765,0.0003715484053827822,0.0,0.00011044058919651434,119
SLAKE_STAGE2_BANK16,109,F0,0.0,0.0,27.75637722015381,0.00037962436908856034,0.0,0.00011342043944750912,120
SLAKE_STAGE2_BANK16,109,F0,0.0,0.0,27.99999475479126,0.0004361817555036396,0.0,0.00011957899187109433,121
SLAKE_STAGE2_BANK16,109,F0,0.0,0.0,28.23099422454834,0.0005118612898513675,0.0,0.00012277666974114254,122
SLAKE_STAGE2_BANK16,109,F0,0.0,0.0,28.453909873962402,0.00035148728056810796,0.0,0.00011151330909342505,123
SLAKE_STAGE2_BANK16,109,F0,0.0,0.0,28.68661642074585,0.0003772712661884725,0.0,0.00011516856466187164,124
SLAKE_STAGE2_BANK16,109,F0,0.0,0.0,28.91993021965027,0.00042768794810399413,0.0,0.00011981735224253498,125
SLAKE_STAGE2_BANK16,109,F0,0.0,0.0,29.150569438934326,0.0004917509504593909,0.0,0.00012198195690871216,126
SLAKE_STAGE2_BANK16,109,F0,0.0,0.0,29.373438596725464,0.00036187187652103603,0.0,0.00011121526040369645,127
SLAKE_STAGE2_BANK16,109,F0,0.0,0.0,29.60256600379944,0.00034469724050723016,0.0,0.00011461227768450044,128
SLAKE_STAGE2_BANK16,109,F0,0.0,0.0,29.828080654144287,0.000388175540138036,0.0,0.00011904252824024297,129
SLAKE_STAGE2_BANK16,109,F0,0.0,0.0,30.058587074279785,0.0004703144368249923,0.0,0.00012075021732016467,130
SLAKE_STAGE2_BANK16,109,F0,0.0,0.0,30.282206058502197,0.00034089814289472997,0.0,0.00011109602564829402,131
SLAKE_STAGE2_BANK16,109,F0,0.0,0.0,30.509684562683105,0.0003489707305561751,0.0,0.00011413547326810658,132
SLAKE_STAGE2_BANK16,109,F0,0.0,0.0,30.737025022506714,0.00039824561099521816,0.0,0.00011743337017833255,133
SLAKE_STAGE2_BANK16,109,F0,0.0,0.0,30.97154688835144,0.0004616117512341589,0.0,0.00011955827721976675,134
SLAKE_STAGE2_BANK16,109,F0,0.0,0.0,31.201354503631592,0.00033024896401911974,0.0,0.00011014248229912482,135
SLAKE_STAGE2_BANK16,109,F0,0.0,0.0,31.43442130088806,0.00032490017474628985,0.0,0.00011353950321790762,136
SLAKE_STAGE2_BANK16,109,F0,0.0,0.0,31.666435718536377,0.00036376848584041,0.0,0.0001160824867838528,137
SLAKE_STAGE2_BANK16,109,F0,0.0,0.0,31.89849877357483,0.0004258597909938544,0.0,0.00011763132715714164,138
SLAKE_STAGE2_BANK16,109,F0,0.0,0.0,32.131956577301025,0.00034003707696683705,0.0,0.00010922866567852907,139
SLAKE_STAGE2_BANK16,109,F0,0.0,0.0,32.364051818847656,0.000323539279634133,0.0,0.00011312235801597126,140
SLAKE_STAGE2_BANK16,109,F0,0.0,0.0,32.61574840545654,0.0003736320650205016,0.0,0.00011616192205110565,141
SLAKE_STAGE2_BANK16,109,F0,0.0,0.0,32.84847283363342,0.00040755714871920645,0.0,0.00011637982970569283,142
SLAKE_STAGE2_BANK16,109,F0,0.0,0.0,33.07920956611633,0.000334801385179162,0.0,0.00010908957847277634,143
SLAKE_STAGE2_BANK16,109,F0,0.0,0.0,33.31364059448242,0.00032566487789154053,0.0,0.0001121489294746425,144
SLAKE_STAGE2_BANK16,109,F0,0.0,0.0,33.54323124885559,0.00035677343839779496,0.0,0.00011455277490313165,145
SLAKE_STAGE2_BANK16,109,F0,0.0,0.0,33.777339220047,0.00043196085607632995,0.0,0.00011560506391106173,146
SLAKE_STAGE2_BANK16,109,F0,0.0,0.0,34.008575201034546,0.00033806305145844817,0.0,0.00010823538468685001,147
SLAKE_STAGE2_BANK16,109,F0,0.0,0.0,34.24110722541809,0.0003171777061652392,0.0,0.00011111589628853835,148
SLAKE_STAGE2_BANK16,109,F0,0.0,0.0,34.47348976135254,0.0003395774692762643,0.0,0.00011298340177745558,149
SLAKE_STAGE2_BANK16,109,F0,0.0,0.0,34.70530962944031,0.00039518106495961547,0.0,0.0001145521855505649,150
SLAKE_STAGE2_BANK16,109,F0,0.0,0.0,34.9386043548584,0.00033491532667540014,0.0,0.00010750036017270759,151
SLAKE_STAGE2_BANK16,109,F0,0.0,0.0,35.16586470603943,0.0003007712366525084,0.0,0.00011075830479967408,152
SLAKE_STAGE2_BANK16,109,F0,0.0,0.0,35.39352369308472,0.00033627983066253364,0.0,0.00011278473539277911,153
SLAKE_STAGE2_BANK16,109,F0,0.0,0.0,35.625017166137695,0.00038786360528320074,0.0,0.00011433368490543216,154
SLAKE_STAGE2_BANK16,109,F0,0.0,0.0,35.86909604072571,0.0003198942285962403,0.0,0.00010825529534486122,155
SLAKE_STAGE2_BANK16,109,F0,0.0,0.0,36.108518838882446,0.0003144349902868271,0.0,0.00011107620230177417,156
SLAKE_STAGE2_BANK16,109,F0,0.0,0.0,36.34224462509155,0.00035590806510299444,0.0,0.00011274503049207851,157
SLAKE_STAGE2_BANK16,109,F0,0.0,0.0,36.57496166229248,0.00041893013985827565,0.0,0.0001144926245615352,158
SLAKE_STAGE2_BANK16,109,F0,0.0,0.0,36.807822465896606,0.00033174632699228823,0.0,0.00010829503298737109,159
SLAKE_STAGE2_BANK16,109,F0,0.0,0.0,37.03850769996643,0.0002973659720737487,0.0,0.00011095699301222339,160
SLAKE_STAGE2_BANK16,109,F1,3.0660440921783447,0.35839152336120605,0.6659438610076904,7.023759365081787,0.0,0.0001320732044405304,1
SLAKE_STAGE2_BANK16,109,F1,2.7149429321289062,0.005092507693916559,1.3145251274108887,7.285461902618408,0.0,0.00016955676983343437,2
SLAKE_STAGE2_BANK16,109,F1,2.608276605606079,0.39216896891593933,2.0409038066864014,7.296038627624512,0.0,0.00014369247219292447,3
SLAKE_STAGE2_BANK16,109,F1,2.745936632156372,0.0046367342583835125,2.6580357551574707,7.000312805175781,0.0,0.0001368403754895553,4
SLAKE_STAGE2_BANK16,109,F1,2.639270782470703,0.0045460183173418045,3.0928218364715576,6.975821018218994,0.0,0.0001476053657825105,5
SLAKE_STAGE2_BANK16,109,F1,2.2884769439697266,0.005019886419177055,3.5234615802764893,7.1612043380737305,0.0,0.00023574478836962953,6
SLAKE_STAGE2_BANK16,109,F1,2.431231737136841,0.2433147430419922,3.960813522338867,6.892739772796631,0.0,0.00021717222989536822,7
SLAKE_STAGE2_BANK16,109,F1,2.083362579345703,0.2888077199459076,4.38776969909668,7.029263019561768,0.0,0.00018971168174175546,8
SLAKE_STAGE2_BANK16,109,F1,1.982181191444397,0.0042601036839187145,4.829094171524048,6.9261698722839355,0.0,0.00022003523190505803,9
SLAKE_STAGE2_BANK16,109,F1,2.1298410892486572,0.25416073203086853,5.257785797119141,6.666440963745117,0.0,0.0004262385336915031,10
SLAKE_STAGE2_BANK16,109,F1,1.7828665971755981,0.0048613050021231174,5.687476634979248,6.693925380706787,0.0,0.0004501754738157615,11
SLAKE_STAGE2_BANK16,109,F1,1.9353522062301636,0.17214427888393402,6.124142646789551,6.454670429229736,0.0,0.0003592921275412664,12
SLAKE_STAGE2_BANK16,109,F1,1.5919982194900513,0.20614400506019592,6.551590204238892,6.427278518676758,0.0,0.0004298481799196452,13
SLAKE_STAGE2_BANK16,109,F1,1.7542333602905273,0.14701585471630096,6.990816354751587,6.190402984619141,0.0,0.0008993135124910623,14
SLAKE_STAGE2_BANK16,109,F1,1.661339282989502,0.004650374874472618,7.437140226364136,6.039347171783447,0.0,0.0010784701153170317,15
SLAKE_STAGE2_BANK16,109,F1,1.3259902000427246,0.0039101894944906235,7.872762441635132,5.904257297515869,0.0,0.0008115227974485606,16
SLAKE_STAGE2_BANK16,109,F1,1.4865421056747437,0.004599706269800663,8.303548097610474,5.726992607116699,0.0,0.0009641517244745046,17
SLAKE_STAGE2_BANK16,109,F1,1.1569204330444336,0.003823167411610484,8.758119821548462,5.494988441467285,0.0,0.001978423271793872,18
SLAKE_STAGE2_BANK16,109,F1,1.3283532857894897,0.09549417346715927,9.203792333602905,5.371741771697998,0.0,0.0025725055602379143,19
SLAKE_STAGE2_BANK16,109,F1,1.0132144689559937,0.12367503345012665,9.647799491882324,5.078582763671875,0.0,0.0019039990729652345,20
SLAKE_STAGE2_BANK16,109,F1,1.1768381595611572,0.003617372363805771,10.115693807601929,5.004852771759033,0.0,0.0021805893629789352,21
SLAKE_STAGE2_BANK16,109,F1,0.8682021498680115,0.10511527955532074,10.561386585235596,4.578492641448975,0.0,0.004267457406967878,22
SLAKE_STAGE2_BANK16,109,F1,1.032650351524353,0.0650402382016182,10.99658727645874,4.568775177001953,0.0,0.005785461515188217,23
SLAKE_STAGE2_BANK16,109,F1,0.7425238490104675,0.00434837257489562,11.429444789886475,4.0837273597717285,0.0,0.004258986096829176,24
SLAKE_STAGE2_BANK16,109,F1,0.6839767098426819,0.004317002836614847,11.864480972290039,3.836430788040161,0.0,0.004737230250611901,25
SLAKE_STAGE2_BANK16,109,F1,0.8393759727478027,0.07607509940862656,12.299253463745117,3.926522731781006,0.0,0.008568104123696685,26
SLAKE_STAGE2_BANK16,109,F1,0.5761085152626038,0.04438886046409607,12.734181642532349,3.260097026824951,0.0,0.012011716840788722,27
SLAKE_STAGE2_BANK16,109,F1,0.7232051491737366,0.0033706093672662973,13.178078651428223,3.493577003479004,0.0,0.008984941523522139,28
SLAKE_STAGE2_BANK16,109,F1,0.6693423390388489,0.05962987244129181,13.616467714309692,3.2849388122558594,0.0,0.009602176491171122,29
SLAKE_STAGE2_BANK16,109,F1,0.4345604181289673,0.003349496051669121,14.05748462677002,2.5113770961761475,0.0,0.016362097579985857,30
SLAKE_STAGE2_BANK16,109,F1,0.39862629771232605,0.004167172126471996,14.492119550704956,2.2313079833984375,0.0,0.02329092286527157,31
SLAKE_STAGE2_BANK16,109,F1,0.5242142081260681,0.029155021533370018,14.929630041122437,2.5979385375976562,0.0,0.01755545474588871,32
SLAKE_STAGE2_BANK16,109,F1,0.32521286606788635,0.04179544746875763,15.365025043487549,1.8677170276641846,0.0,0.018389076925814152,33
SLAKE_STAGE2_BANK16,109,F1,0.44176730513572693,0.004098917823284864,15.797285079956055,2.1493964195251465,0.0,0.02887835633009672,34
SLAKE_STAGE2_BANK16,109,F1,0.40138354897499084,0.003209309885278344,16.241129159927368,1.8543157577514648,0.0,0.041713690385222435,35
SLAKE_STAGE2_BANK16,109,F1,0.23682977259159088,0.023290634155273438,16.685914278030396,1.2470649480819702,0.0,0.03197237849235535,36
SLAKE_STAGE2_BANK16,109,F1,0.21443180739879608,0.0040917475707829,17.128701210021973,1.1150263547897339,0.0,0.03265633340924978,37
SLAKE_STAGE2_BANK16,109,F1,0.3013501465320587,0.003119593719020486,17.574363946914673,1.3594945669174194,0.0,0.048613790422677994,38
SLAKE_STAGE2_BANK16,109,F1,0.2746386229991913,0.024856552481651306,18.010996103286743,1.0783824920654297,0.0,0.06993593089282513,39
SLAKE_STAGE2_BANK16,109,F1,0.15269219875335693,0.022488709539175034,18.44149136543274,0.6391639113426208,0.0,0.054178642109036446,40
SLAKE_STAGE2_BANK16,109,F1,0.2234126478433609,0.0030771088786423206,18.891160488128662,0.922488808631897,0.0,0.05425502732396126,41
SLAKE_STAGE2_BANK16,109,F1,0.12206123024225235,0.019800059497356415,19.336329221725464,0.47366151213645935,0.0,0.07636238262057304,42
SLAKE_STAGE2_BANK16,109,F1,0.10864638537168503,0.025294994935393333,19.780277252197266,0.3647526800632477,0.0,0.10750672593712807,43
SLAKE_STAGE2_BANK16,109,F1,0.16477061808109283,0.004192151129245758,20.211901903152466,0.47695204615592957,0.0,0.08466269448399544,44
SLAKE_STAGE2_BANK16,109,F1,0.08893480896949768,0.003111316589638591,20.659437894821167,0.32344427704811096,0.0,0.08137353509664536,45
SLAKE_STAGE2_BANK16,109,F1,0.13849139213562012,0.03180032968521118,21.09436821937561,0.3814777731895447,0.0,0.10674012452363968,46
SLAKE_STAGE2_BANK16,109,F1,0.1282891482114792,0.004232377745211124,21.531588792800903,0.2889845073223114,0.0,0.1476525291800499,47
SLAKE_STAGE2_BANK16,109,F1,0.06747023016214371,0.01753658428788185,21.96594476699829,0.42489126324653625,0.0,0.11592035368084908,48
SLAKE_STAGE2_BANK16,109,F1,0.06369024515151978,0.01789599284529686,22.40380549430847,0.4075925052165985,0.0,0.10711458325386047,49
SLAKE_STAGE2_BANK16,109,F1,0.1054425910115242,0.004346775356680155,22.842748165130615,0.3607608675956726,0.0,0.13170043379068375,50
SLAKE_STAGE2_BANK16,109,F1,0.0559733547270298,0.0032263679895550013,23.298884630203247,0.6999699473381042,0.0,0.1771949604153633,51
SLAKE_STAGE2_BANK16,109,F1,0.09718001633882523,0.051865652203559875,23.735498189926147,0.3277241885662079,0.0,0.13557981699705124,52
SLAKE_STAGE2_BANK16,109,F1,0.09325456619262695,0.003355140332132578,24.179000854492188,0.3135189712047577,0.0,0.1207120455801487,53
SLAKE_STAGE2_BANK16,109,F1,0.04963613674044609,0.023159150034189224,24.614900827407837,0.6182061433792114,0.0,0.14195095747709274,54
SLAKE_STAGE2_BANK16,109,F1,0.04875153303146362,0.06426716595888138,25.04809808731079,0.78343665599823,0.0,0.18777447938919067,55
SLAKE_STAGE2_BANK16,109,F1,0.08800642937421799,0.00463502574712038,25.481927394866943,0.381458580493927,0.0,0.13942307233810425,56
SLAKE_STAGE2_BANK16,109,F1,0.04841279983520508,0.028981905430555344,25.918416261672974,0.521250307559967,0.0,0.11871128156781197,57
SLAKE_STAGE2_BANK16,109,F1,0.09008046984672546,0.07677607238292694,26.354666471481323,0.40383008122444153,0.0,0.13518031686544418,58
SLAKE_STAGE2_BANK16,109,F1,0.048798274248838425,0.0034857785794883966,26.797259092330933,0.757581353187561,0.0,0.17748652398586273,59
SLAKE_STAGE2_BANK16,109,F1,0.09217629581689835,0.004903751891106367,27.237045288085938,0.32290536165237427,0.0,0.12799841910600662,60
SLAKE_STAGE2_BANK16,109,F1,0.09450314193964005,0.08858120441436768,27.68692445755005,0.27268505096435547,0.0,0.10533684492111206,61
SLAKE_STAGE2_BANK16,109,F1,0.05042390152812004,0.041521791368722916,28.119177103042603,0.5304068326950073,0.0,0.11925259605050087,62
SLAKE_STAGE2_BANK16,109,F1,0.09934941679239273,0.003600569674745202,28.564348936080933,0.39246198534965515,0.0,0.15708215162158012,63
SLAKE_STAGE2_BANK16,109,F1,0.052985042333602905,0.005175740923732519,29.010384559631348,0.4666295051574707,0.0,0.11067597195506096,64
SLAKE_STAGE2_BANK16,109,F1,0.05437009036540985,0.0036321489606052637,29.453921794891357,0.36496201157569885,0.0,0.0896652303636074,65
SLAKE_STAGE2_BANK16,109,F1,0.10847854614257812,0.005327712278813124,29.886639833450317,0.3383176028728485,0.0,0.10020581632852554,66
SLAKE_STAGE2_BANK16,109,F1,0.05640407279133797,0.11059506982564926,30.32244563102722,0.5536632537841797,0.0,0.13490509614348412,67
SLAKE_STAGE2_BANK16,109,F1,0.11401582509279251,0.060581229627132416,30.76480007171631,0.28192436695098877,0.0,0.09281651675701141,68
SLAKE_STAGE2_BANK16,109,F1,0.05941208824515343,0.003778925398364663,31.212833166122437,0.2884536683559418,0.0,0.07502240128815174,69
SLAKE_STAGE2_BANK16,109,F1,0.11986249685287476,0.0055770063772797585,31.65449595451355,0.413282185792923,0.0,0.08444659411907196,70
SLAKE_STAGE2_BANK16,109,F1,0.12286069989204407,0.12290932238101959,32.09067988395691,0.29669705033302307,0.0,0.11610110476613045,71
SLAKE_STAGE2_BANK16,109,F1,0.060802627354860306,0.07124251127243042,32.52458167076111,0.2964666485786438,0.0,0.08080418035387993,72
SLAKE_STAGE2_BANK16,109,F1,0.12425947934389114,0.0057796514593064785,32.95667505264282,0.4970790445804596,0.0,0.06474007479846478,73
SLAKE_STAGE2_BANK16,109,F1,0.06148746982216835,0.12858085334300995,33.40487241744995,0.3154560625553131,0.0,0.07340895384550095,74
SLAKE_STAGE2_BANK16,109,F1,0.06057659909129143,0.07797379791736603,33.850680351257324,0.42385730147361755,0.0,0.10663901641964912,75
SLAKE_STAGE2_BANK16,109,F1,0.1256769448518753,0.00400347588583827,34.293378829956055,0.45854610204696655,0.0,0.07320421561598778,76
SLAKE_STAGE2_BANK16,109,F1,0.12399636954069138,0.134255051612854,34.7305805683136,0.5589815974235535,0.0,0.05950475484132767,77
SLAKE_STAGE2_BANK16,109,F1,0.05796714499592781,0.006094496697187424,35.17292761802673,0.3129879832267761,0.0,0.06878872588276863,78
SLAKE_STAGE2_BANK16,109,F1,0.05633629485964775,0.004128328524529934,35.6176381111145,0.4552529454231262,0.0,0.10452796146273613,79
SLAKE_STAGE2_BANK16,109,F1,0.11764729022979736,0.08591048419475555,36.052541971206665,0.44791653752326965,0.0,0.07152804359793663,80
SLAKE_STAGE2_BANK16,109,F1,0.11610070616006851,0.006389629561454058,36.54776954650879,0.5486201047897339,0.0,0.057868001982569695,81
SLAKE_STAGE2_BANK16,109,F1,0.05096382275223732,0.08734782785177231,36.98127841949463,0.3225794732570648,0.0,0.0671834722161293,82
SLAKE_STAGE2_BANK16,109,F1,0.04884389415383339,0.14098143577575684,37.41426634788513,0.5207266211509705,0.0,0.1048542819917202,83
SLAKE_STAGE2_BANK16,109,F1,0.10722798109054565,0.004278418142348528,37.861308336257935,0.39874067902565,0.0,0.07239842414855957,84
SLAKE_STAGE2_BANK16,109,F1,0.10443469882011414,0.004338543862104416,38.315892934799194,0.4965249001979828,0.0,0.05841890536248684,85
SLAKE_STAGE2_BANK16,109,F1,0.04357737675309181,0.1441543847322464,38.78627800941467,0.3517608046531677,0.0,0.06667493656277657,86
SLAKE_STAGE2_BANK16,109,F1,0.041163891553878784,0.006700038909912109,39.23997473716736,0.6181535720825195,0.0,0.10695726796984673,87
SLAKE_STAGE2_BANK16,109,F1,0.09385371208190918,0.09317111223936081,39.69938373565674,0.3293320834636688,0.0,0.07433122768998146,88
SLAKE_STAGE2_BANK16,109,F1,0.09260562062263489,0.006887494586408138,40.1414909362793,0.43903353810310364,0.0,0.058533523231744766,89
SLAKE_STAGE2_BANK16,109,F1,0.03776131570339203,0.14831452071666718,40.57049369812012,0.38446730375289917,0.0,0.06583423726260662,90
SLAKE_STAGE2_BANK16,109,F1,0.035657428205013275,0.004480183590203524,41.013009786605835,0.7101669907569885,0.0,0.10864279046654701,91
SLAKE_STAGE2_BANK16,109,F1,0.08651790767908096,0.09719465672969818,41.448954582214355,0.3069171607494354,0.0,0.07378239557147026,92
SLAKE_STAGE2_BANK16,109,F1,0.03413992002606392,0.004563549533486366,41.89200186729431,0.3350502848625183,0.0,0.05658003315329552,93
SLAKE_STAGE2_BANK16,109,F1,0.08419831842184067,0.00718715600669384,42.319836378097534,0.430556058883667,0.0,0.06110510416328907,94
SLAKE_STAGE2_BANK16,109,F1,0.08420654386281967,0.15353791415691376,42.75106358528137,0.3347074091434479,0.0,0.10306452214717865,95
SLAKE_STAGE2_BANK16,109,F1,0.031765203922986984,0.10166390985250473,43.18416237831116,0.48742276430130005,0.0,0.07033105939626694,96
SLAKE_STAGE2_BANK16,109,F1,0.08083290606737137,0.10345446318387985,43.621395111083984,0.45087915658950806,0.0,0.05192076601088047,97
SLAKE_STAGE2_BANK16,109,F1,0.030400091782212257,0.007410665974020958,44.05739665031433,0.37823793292045593,0.0,0.056036727502942085,98
SLAKE_STAGE2_BANK16,109,F1,0.02998742274940014,0.0046981931664049625,44.50113558769226,0.7485173344612122,0.0,0.09687438234686852,99
SLAKE_STAGE2_BANK16,109,F1,0.08194618672132492,0.15973606705665588,44.932417154312134,0.37410587072372437,0.0,0.06248916871845722,100
SLAKE_STAGE2_BANK16,109,F1,0.08196014910936356,0.10814964026212692,45.3963885307312,0.5551803708076477,0.0,0.045279109850525856,101
SLAKE_STAGE2_BANK16,109,F1,0.02912498265504837,0.007756765931844711,45.82995414733887,0.3324698209762573,0.0,0.0488800723105669,102
SLAKE_STAGE2_BANK16,109,F1,0.028315195813775063,0.0049471789970994,46.27345252037048,0.7185649871826172,0.0,0.08749225363135338,103
SLAKE_STAGE2_BANK16,109,F1,0.07980390638113022,0.16372209787368774,46.71048140525818,0.4214421808719635,0.0,0.05711747147142887,104
SLAKE_STAGE2_BANK16,109,F1,0.08092544227838516,0.007983365096151829,47.14192485809326,0.6347595453262329,0.0,0.04008259531110525,105
SLAKE_STAGE2_BANK16,109,F1,0.026959272101521492,0.11271952837705612,47.569230794906616,0.30161404609680176,0.0,0.04326757788658142,106
SLAKE_STAGE2_BANK16,109,F1,0.025843016803264618,0.005049677100032568,48.00953650474548,0.7248219847679138,0.0,0.0813403632491827,107
SLAKE_STAGE2_BANK16,109,F1,0.07672175019979477,0.16709105670452118,48.44728899002075,0.46217069029808044,0.0,0.05223848856985569,108
SLAKE_STAGE2_BANK16,109,F1,0.02494761534035206,0.0051035103388130665,48.88983726501465,0.24864234030246735,0.0,0.03645411413162947,109
SLAKE_STAGE2_BANK16,109,F1,0.0757729783654213,0.11513377726078033,49.32104134559631,0.6732590198516846,0.0,0.03869167063385248,110
SLAKE_STAGE2_BANK16,109,F1,0.07327868044376373,0.16858164966106415,49.76320743560791,0.33126017451286316,0.0,0.07494147680699825,111
SLAKE_STAGE2_BANK16,109,F1,0.022190241143107414,0.008472551591694355,50.20142984390259,0.4689711630344391,0.0,0.05043278448283672,112
SLAKE_STAGE2_BANK16,109,F1,0.06853394955396652,0.008484450168907642,50.63798379898071,0.6177349090576172,0.0,0.03524460457265377,113
SLAKE_STAGE2_BANK16,109,F1,0.019999174401164055,0.11509903520345688,51.07146096229553,0.3192908465862274,0.0,0.03791102208197117,114
SLAKE_STAGE2_BANK16,109,F1,0.06367272883653641,0.005298867356032133,51.50694036483765,0.3215009570121765,0.0,0.07698753289878368,115
SLAKE_STAGE2_BANK16,109,F1,0.018429454416036606,0.16989390552043915,51.952836751937866,0.5515334606170654,0.0,0.050462957471609116,116
SLAKE_STAGE2_BANK16,109,F1,0.06119392439723015,0.11465226858854294,52.38513398170471,0.5740833282470703,0.0,0.03363559860736132,117
SLAKE_STAGE2_BANK16,109,F1,0.017234453931450844,0.008763547986745834,52.819337368011475,0.33251821994781494,0.0,0.03546311426907778,118
SLAKE_STAGE2_BANK16,109,F1,0.01665877364575863,0.16980332136154175,53.26724910736084,0.9073673486709595,0.0,0.07328693754971027,119
SLAKE_STAGE2_BANK16,109,F1,0.060504719614982605,0.005377590656280518,53.710740089416504,0.40800949931144714,0.0,0.04462331160902977,120
SLAKE_STAGE2_BANK16,109,F1,0.01703626476228237,0.008861382491886616,54.15450191497803,0.2527172863483429,0.0,0.028835377655923367,121
SLAKE_STAGE2_BANK16,109,F1,0.06229851767420769,0.1125156506896019,54.590105056762695,0.7271923422813416,0.0,0.02899606991559267,122
SLAKE_STAGE2_BANK16,109,F1,0.06151119992136955,0.17097952961921692,55.0251350402832,0.3215613067150116,0.0,0.06233157403767109,123
SLAKE_STAGE2_BANK16,109,F1,0.015964481979608536,0.005499687045812607,55.46730375289917,0.48071926832199097,0.0,0.040170157328248024,124
SLAKE_STAGE2_BANK16,109,F1,0.05952988937497139,0.00911700539290905,55.90477132797241,0.7348769307136536,0.0,0.025700414553284645,125
SLAKE_STAGE2_BANK16,109,F1,0.014818417839705944,0.10853157937526703,56.34016275405884,0.2633373737335205,0.0,0.027270820923149586,126
SLAKE_STAGE2_BANK16,109,F1,0.014130733907222748,0.1694798469543457,56.76695275306702,0.8696326613426208,0.0,0.06138615496456623,127
SLAKE_STAGE2_BANK16,109,F1,0.056452203541994095,0.005643741227686405,57.20272755622864,0.4984903633594513,0.0,0.03686940856277943,128
SLAKE_STAGE2_BANK16,109,F1,0.05571942403912544,0.16859261691570282,57.63453769683838,0.7453929781913757,0.0,0.02340913936495781,129
SLAKE_STAGE2_BANK16,109,F1,0.01324413064867258,0.009222418069839478,58.06679129600525,0.2552899718284607,0.0,0.024904591031372547,130
SLAKE_STAGE2_BANK16,109,F1,0.05141308903694153,0.005705977324396372,58.51446342468262,0.29725003242492676,0.0,0.05821831710636616,131
SLAKE_STAGE2_BANK16,109,F1,0.011895810253918171,0.09903718531131744,58.9415237903595,0.5432268381118774,0.0,0.036758098751306534,132
SLAKE_STAGE2_BANK16,109,F1,0.011735126376152039,0.09770126640796661,59.374435901641846,0.25830891728401184,0.0,0.022744609508663416,133
SLAKE_STAGE2_BANK16,109,F1,0.05004424974322319,0.1643383502960205,59.81090712547302,0.7153931856155396,0.0,0.02221099054440856,134
SLAKE_STAGE2_BANK16,109,F1,0.049031954258680344,0.005740521941334009,60.25648880004883,0.2930658161640167,0.0,0.053644243627786636,135
SLAKE_STAGE2_BANK16,109,F1,0.010760813020169735,0.009412328712642193,60.68776345252991,0.5149411559104919,0.0,0.0330594414845109,136
SLAKE_STAGE2_BANK16,109,F1,0.010597736574709415,0.16077616810798645,61.090537548065186,0.2339954525232315,0.0,0.020052508916705847,137
SLAKE_STAGE2_BANK16,109,F1,0.04836380481719971,0.087287537753582,61.52189660072327,0.7597041130065918,0.0,0.019804992247372866,138
SLAKE_STAGE2_BANK16,109,F1,0.0101770656183362,0.0058316499926149845,61.97041130065918,0.8802526593208313,0.0,0.05042569991201162,139
SLAKE_STAGE2_BANK16,109,F1,0.04734257981181145,0.009532833471894264,62.40023851394653,0.5381777286529541,0.0,0.028623566031455994,140
SLAKE_STAGE2_BANK16,109,F1,0.009877980686724186,0.00953682605177164,62.84162759780884,0.1988082230091095,0.0,0.017397599760442972,141
SLAKE_STAGE2_BANK16,109,F1,0.04668159410357475,0.15580058097839355,63.26045060157776,0.8007992506027222,0.0,0.01754484511911869,142
SLAKE_STAGE2_BANK16,109,F1,0.009055147878825665,0.005882818717509508,63.68220567703247,0.8520086407661438,0.0,0.04615007434040308,143
SLAKE_STAGE2_BANK16,109,F1,0.04444626346230507,0.07644733041524887,64.12012124061584,0.548520028591156,0.0,0.026433689519762993,144
SLAKE_STAGE2_BANK16,109,F1,0.04232604429125786,0.0059587969444692135,64.56764459609985,0.7316102385520935,0.0,0.01617451338097453,145
SLAKE_STAGE2_BANK16,109,F1,0.007823376916348934,0.07294578850269318,64.99722146987915,0.2377624809741974,0.0,0.0174238127656281,146
SLAKE_STAGE2_BANK16,109,F1,0.007292821537703276,0.009534452110528946,65.42563009262085,0.9691166281700134,0.0,0.04772600065916777,147
SLAKE_STAGE2_BANK16,109,F1,0.03736512362957001,0.14807450771331787,65.86744832992554,0.3953026533126831,0.0,0.026794765144586563,148
SLAKE_STAGE2_BANK16,109,F1,0.0365433469414711,0.14656177163124084,66.31696105003357,0.6277036070823669,0.0,0.015787477139383554,149
SLAKE_STAGE2_BANK16,109,F1,0.00660271942615509,0.06613949686288834,66.74406623840332,0.2512596845626831,0.0,0.016539242584258318,150
SLAKE_STAGE2_BANK16,109,F1,0.033390775322914124,0.005931295920163393,67.18491291999817,0.3545011281967163,0.0,0.04602198954671621,151
SLAKE_STAGE2_BANK16,109,F1,0.006190107669681311,0.009511256590485573,67.61035490036011,0.5387635231018066,0.0,0.02619466744363308,152
SLAKE_STAGE2_BANK16,109,F1,0.033308692276477814,0.009577099233865738,68.04380536079407,0.5839600563049316,0.0,0.014878042275086045,153
SLAKE_STAGE2_BANK16,109,F1,0.0060181585140526295,0.059751637279987335,68.49038863182068,0.23085419833660126,0.0,0.0148698256816715,154
SLAKE_STAGE2_BANK16,109,F1,0.005888951942324638,0.006034370511770248,68.9447374343872,0.9256447553634644,0.0,0.041496374644339085,155
SLAKE_STAGE2_BANK16,109,F1,0.03462055325508118,0.13744501769542694,69.37588143348694,0.4871283769607544,0.0,0.021131710149347782,156
SLAKE_STAGE2_BANK16,109,F1,0.03555099293589592,0.13590560853481293,69.81305766105652,0.7543143033981323,0.0,0.011898767435923219,157
SLAKE_STAGE2_BANK16,109,F1,0.0059204972349107265,0.054453637450933456,70.24181509017944,0.17339381575584412,0.0,0.012313997140154243,158
SLAKE_STAGE2_BANK16,109,F1,0.00569942919537425,0.00963283609598875,70.67008066177368,0.7975878119468689,0.0,0.03527949284762144,159
SLAKE_STAGE2_BANK16,109,F1,0.03475579246878624,0.006152001675218344,71.11722731590271,0.5779504776000977,0.0,0.018285119906067848,160
SLAKE_STAGE2_BANK16,109,F2,3.0660440921783447,0.35839152336120605,0.7143759727478027,7.547832489013672,2.54939341545105,0.0001320732044405304,1
SLAKE_STAGE2_BANK16,109,F2,2.7149429321289062,0.0050939894281327724,1.3871798515319824,7.833556652069092,2.2860279083251953,0.00016937797045102343,2
SLAKE_STAGE2_BANK16,109,F2,2.6082775592803955,0.39269858598709106,2.0076189041137695,7.837616920471191,2.206000328063965,0.0001443478831788525,3
SLAKE_STAGE2_BANK16,109,F2,2.743340253829956,0.004669178742915392,2.6288654804229736,7.524223327636719,2.307325601577759,0.00013686023885384202,4
SLAKE_STAGE2_BANK16,109,F2,2.639270544052124,0.0046064830385148525,3.2556395530700684,7.497074127197266,2.2292473316192627,0.00014772455324418843,5
SLAKE_STAGE2_BANK16,109,F2,2.2884771823883057,0.005021038465201855,3.880192995071411,7.697403430938721,1.9659794569015503,0.00023469224834116176,6
SLAKE_STAGE2_BANK16,109,F2,2.431231737136841,0.24356496334075928,4.489160776138306,7.409880638122559,2.0731329917907715,0.00021701331570511684,7
SLAKE_STAGE2_BANK16,109,F2,2.083362340927124,0.2887914180755615,5.10675311088562,7.55574893951416,1.8119051456451416,0.00018937396089313552,8
SLAKE_STAGE2_BANK16,109,F2,1.9822274446487427,0.004274000879377127,5.732219934463501,7.444331645965576,1.7358700037002563,0.00021949892834527418,9
SLAKE_STAGE2_BANK16,109,F2,2.1324403285980225,0.25410351157188416,6.348328351974487,7.164426803588867,1.8487695455551147,0.0004251075442880392,10
SLAKE_STAGE2_BANK16,109,F2,1.7828660011291504,0.004848201293498278,6.964493989944458,7.197973728179932,1.5857722759246826,0.0004480522620724514,11
SLAKE_STAGE2_BANK16,109,F2,1.9353235960006714,0.1721569001674652,7.571910381317139,6.939604759216309,1.700563669204712,0.00035957025829702616,12
SLAKE_STAGE2_BANK16,109,F2,1.5919758081436157,0.20608393847942352,8.194318532943726,6.915206432342529,1.4416139125823975,0.0004299276042729616,13
SLAKE_STAGE2_BANK16,109,F2,1.7490553855895996,0.1475846767425537,8.805742740631104,6.660201072692871,1.560247540473938,0.0008978653349913657,14
SLAKE_STAGE2_BANK16,109,F2,1.661319613456726,0.0046761659905314445,9.424928903579712,6.497050762176514,1.494014859199524,0.0010766454797703773,15
SLAKE_STAGE2_BANK16,109,F2,1.325990080833435,0.003934192471206188,10.049129247665405,6.355453014373779,1.239332675933838,0.0008114832453429699,16
SLAKE_STAGE2_BANK16,109,F2,1.4865422248840332,0.004565761890262365,10.665246486663818,6.162051677703857,1.3616423606872559,0.0009588036336936057,17
SLAKE_STAGE2_BANK16,109,F2,1.1619960069656372,0.003780128201469779,11.290441751480103,5.927491664886475,1.1130732297897339,0.001982380752451718,18
SLAKE_STAGE2_BANK16,109,F2,1.328352689743042,0.09549068659543991,11.908777952194214,5.784012794494629,1.2410744428634644,0.0025722686550579965,19
SLAKE_STAGE2_BANK16,109,F2,1.0083214044570923,0.1237369105219841,12.523880958557129,5.4758477210998535,0.9927992224693298,0.001904769625980407,20
SLAKE_STAGE2_BANK16,109,F2,1.1768766641616821,0.003663957118988037,13.159471273422241,5.391145706176758,1.1245083808898926,0.0021806296426802874,21
SLAKE_STAGE2_BANK16,109,F2,0.8682575225830078,0.1050804853439331,13.775499105453491,4.9578070640563965,0.8804768323898315,0.004271337646059692,22
SLAKE_STAGE2_BANK16,109,F2,1.0326091051101685,0.06477251648902893,14.402736186981201,4.9324631690979,1.011859655380249,0.00578510423656553,23
SLAKE_STAGE2_BANK16,109,F2,0.7425239086151123,0.004304508212953806,15.01912546157837,4.437312602996826,0.7760688066482544,0.004291370511054993,24
SLAKE_STAGE2_BANK16,109,F2,0.6794613003730774,0.00431358627974987,15.635088443756104,4.165890216827393,0.7218489050865173,0.004737467505037785,25
SLAKE_STAGE2_BANK16,109,F2,0.8393235206604004,0.07605256140232086,16.257771253585815,4.256503582000732,0.8566642999649048,0.008573467843234539,26
SLAKE_STAGE2_BANK16,109,F2,0.5761085152626038,0.04446849972009659,16.86894989013672,3.5758650302886963,0.629014253616333,0.012008314719423652,27
SLAKE_STAGE2_BANK16,109,F2,0.7232067584991455,0.0034038641024380922,17.496575593948364,3.8002519607543945,0.7595018744468689,0.008951694704592228,28
SLAKE_STAGE2_BANK16,109,F2,0.6693425178527832,0.059730447828769684,18.111426830291748,3.580256700515747,0.7128914594650269,0.009666652884334326,29
SLAKE_STAGE2_BANK16,109,F2,0.4381636083126068,0.0033430722542107105,18.737154483795166,2.8048315048217773,0.49325910210609436,0.01636890461668372,30
SLAKE_STAGE2_BANK16,109,F2,0.3986243009567261,0.004135895986109972,19.35396456718445,2.5023930072784424,0.4504963755607605,0.02329030679538846,31
SLAKE_STAGE2_BANK16,109,F2,0.5242155194282532,0.029192283749580383,19.972249507904053,2.8666939735412598,0.5802137851715088,0.017559356056153774,32
SLAKE_STAGE2_BANK16,109,F2,0.32533374428749084,0.04233501851558685,20.594043731689453,2.120490550994873,0.36441856622695923,0.018388506956398487,33
SLAKE_STAGE2_BANK16,109,F2,0.44194674491882324,0.004112846218049526,21.21543598175049,2.3984501361846924,0.4979988932609558,0.028880990110337734,34
SLAKE_STAGE2_BANK16,109,F2,0.4014679491519928,0.003170561511069536,21.841206789016724,2.0932815074920654,0.4548088610172272,0.04192187637090683,35
SLAKE_STAGE2_BANK16,109,F2,0.23699510097503662,0.023258686065673828,22.466071367263794,1.4755040407180786,0.24247154593467712,0.0317467600107193,36
SLAKE_STAGE2_BANK16,109,F2,0.21229487657546997,0.004081638064235449,23.075271368026733,1.322695255279541,0.20286642014980316,0.03265681583434343,37
SLAKE_STAGE2_BANK16,109,F2,0.3015858232975006,0.003103370312601328,23.706696271896362,1.5783790349960327,0.33667176961898804,0.048625946044921875,38
SLAKE_STAGE2_BANK16,109,F2,0.2748594582080841,0.024755634367465973,24.320916175842285,1.2912609577178955,0.30113545060157776,0.06995196267962456,39
SLAKE_STAGE2_BANK16,109,F2,0.1513075977563858,0.022080302238464355,24.935463190078735,0.8238226771354675,0.08788537979125977,0.054200878366827965,40
SLAKE_STAGE2_BANK16,109,F2,0.2237645834684372,0.003109520999714732,25.572784662246704,1.123694896697998,0.22613634169101715,0.054720886051654816,41
SLAKE_STAGE2_BANK16,109,F2,0.120953768491745,0.019677739590406418,26.18904995918274,0.612894594669342,0.016394436359405518,0.07685559615492821,42
SLAKE_STAGE2_BANK16,109,F2,0.10901499539613724,0.02434678003191948,26.806191444396973,0.37793785333633423,0.0,0.10944603011012077,43
SLAKE_STAGE2_BANK16,109,F2,0.1650625616312027,0.0041531468741595745,27.421926021575928,0.6567531228065491,0.12335872650146484,0.08582029491662979,44
SLAKE_STAGE2_BANK16,109,F2,0.08708173781633377,0.003051966428756714,28.052494764328003,0.3350125551223755,0.0,0.083644550293684,45
SLAKE_STAGE2_BANK16,109,F2,0.13706275820732117,0.0301751010119915,28.666663885116577,0.5095770359039307,0.06410351395606995,0.1096135787665844,46
SLAKE_STAGE2_BANK16,109,F2,0.12384951859712601,0.004208100959658623,29.276455640792847,0.3127092719078064,0.032598406076431274,0.15137747302651405,47
SLAKE_STAGE2_BANK16,109,F2,0.06517791748046875,0.01668371632695198,29.892128705978394,0.6300089955329895,0.018814146518707275,0.11982902884483337,48
SLAKE_STAGE2_BANK16,109,F2,0.060733091086149216,0.01700911670923233,30.5083909034729,0.6181485652923584,0.04238176345825195,0.11291033402085304,49
SLAKE_STAGE2_BANK16,109,F2,0.10035742074251175,0.004376708064228296,31.134692430496216,0.5134190320968628,0.05420774221420288,0.13770456612110138,50
SLAKE_STAGE2_BANK16,109,F2,0.05400710180401802,0.003213184652850032,31.7617084980011,0.9243242740631104,0.062105387449264526,0.1840658038854599,51
SLAKE_STAGE2_BANK16,109,F2,0.09240999072790146,0.05051754415035248,32.376386642456055,0.5344080924987793,0.06999102234840393,0.14000912755727768,52
SLAKE_STAGE2_BANK16,109,F2,0.09222470968961716,0.003264727769419551,33.00646257400513,0.4776144325733185,0.07395303249359131,0.12396908551454544,53
SLAKE_STAGE2_BANK16,109,F2,0.04913019761443138,0.022579705342650414,33.62059783935547,0.8085107207298279,0.07400134205818176,0.14392131567001343,54
SLAKE_STAGE2_BANK16,109,F2,0.04893176257610321,0.06325900554656982,34.23851227760315,0.9690959453582764,0.07013237476348877,0.1866491660475731,55
SLAKE_STAGE2_BANK16,109,F2,0.09048397094011307,0.00461023161187768,34.85502076148987,0.5364829897880554,0.06235373020172119,0.13699446618556976,56
SLAKE_STAGE2_BANK16,109,F2,0.04985802248120308,0.028689777478575706,35.47349548339844,0.6824132800102234,0.054565995931625366,0.11516087874770164,57
SLAKE_STAGE2_BANK16,109,F2,0.09507235139608383,0.07681842148303986,36.08943247795105,0.5081738233566284,0.04286879301071167,0.12969528883695602,58
SLAKE_STAGE2_BANK16,109,F2,0.051620591431856155,0.0034825545735657215,36.71591877937317,0.8901569843292236,0.03116866946220398,0.16667888313531876,59
SLAKE_STAGE2_BANK16,109,F2,0.1011783704161644,0.004958028439432383,37.33324480056763,0.4058477282524109,0.015556901693344116,0.11715458706021309,60
SLAKE_STAGE2_BANK16,109,F2,0.10503486543893814,0.08982004225254059,37.96144151687622,0.3282763659954071,0.0038504600524902344,0.09624698758125305,61
SLAKE_STAGE2_BANK16,109,F2,0.057101164013147354,0.04303440451622009,38.57646441459656,0.44894081354141235,0.0,0.10785042494535446,62
SLAKE_STAGE2_BANK16,109,F2,0.11179440468549728,0.003650353755801916,39.194517374038696,0.31883853673934937,0.007884413003921509,0.13953839987516403,63
SLAKE_STAGE2_BANK16,109,F2,0.06086054444313049,0.00519682839512825,39.81038451194763,0.35672494769096375,0.0,0.09651253372430801,64
SLAKE_STAGE2_BANK16,109,F2,0.06327775120735168,0.003625555895268917,40.43708372116089,0.2846089005470276,0.0,0.07744981721043587,65
SLAKE_STAGE2_BANK16,109,F2,0.1234932467341423,0.005327276419848204,41.055161237716675,0.58521968126297,0.0391082763671875,0.08807472139596939,66
SLAKE_STAGE2_BANK16,109,F2,0.06480901688337326,0.1126289814710617,41.67078709602356,0.4438249170780182,0.0,0.1205819845199585,67
SLAKE_STAGE2_BANK16,109,F2,0.12808142602443695,0.06137220188975334,42.28801679611206,0.5975562334060669,0.05081593990325928,0.08124903589487076,68
SLAKE_STAGE2_BANK16,109,F2,0.06640245765447617,0.003779282793402672,42.91393995285034,0.25969401001930237,0.0,0.06738052517175674,69
SLAKE_STAGE2_BANK16,109,F2,0.12952902913093567,0.005570051725953817,43.532084226608276,0.6969348788261414,0.054713815450668335,0.07711128145456314,70
SLAKE_STAGE2_BANK16,109,F2,0.12947975099086761,0.12240204215049744,44.14738583564758,0.5108705163002014,0.05471041798591614,0.10992421209812164,71
SLAKE_STAGE2_BANK16,109,F2,0.06351780146360397,0.07052101194858551,44.76393675804138,0.27564507722854614,0.0,0.07720405980944633,72
SLAKE_STAGE2_BANK16,109,F2,0.12607741355895996,0.00582729559391737,45.37846565246582,0.7456063628196716,0.046892911195755005,0.06366381794214249,73
SLAKE_STAGE2_BANK16,109,F2,0.059208158403635025,0.126679927110672,45.996620893478394,0.32867032289505005,0.0,0.07568656653165817,74
SLAKE_STAGE2_BANK16,109,F2,0.05756716802716255,0.07477252185344696,46.61151933670044,0.4694935381412506,0.0,0.11197758093476295,75
SLAKE_STAGE2_BANK16,109,F2,0.11659002304077148,0.004023237153887749,47.23901343345642,0.606499195098877,0.023449331521987915,0.07806159555912018,76
SLAKE_STAGE2_BANK16,109,F2,0.11356214433908463,0.13093046844005585,47.85402822494507,0.701836109161377,0.015634506940841675,0.0645134411752224,77
SLAKE_STAGE2_BANK16,109,F2,0.05066263675689697,0.006093036383390427,48.47228169441223,0.3645673990249634,0.0,0.07644832506775856,78
SLAKE_STAGE2_BANK16,109,F2,0.0485617071390152,0.004139084834605455,49.09633660316467,0.5802467465400696,0.0,0.11765861138701439,79
SLAKE_STAGE2_BANK16,109,F2,0.10215958207845688,0.0788959413766861,49.71372389793396,0.3050615191459656,0.0,0.08282364904880524,80
SLAKE_STAGE2_BANK16,109,F2,0.09945615381002426,0.00625783484429121,50.34835982322693,0.3840833306312561,0.0,0.06764489226043224,81
SLAKE_STAGE2_BANK16,109,F2,0.04332786425948143,0.08100463449954987,50.966739654541016,0.412514865398407,0.0,0.07791392505168915,82
SLAKE_STAGE2_BANK16,109,F2,0.041515838354825974,0.13708487153053284,51.58228540420532,0.6737204790115356,0.0,0.1205105260014534,83
SLAKE_STAGE2_BANK16,109,F2,0.09173006564378738,0.004238765686750412,52.20852088928223,0.27184948325157166,0.0,0.0843878984451294,84
SLAKE_STAGE2_BANK16,109,F2,0.09048036485910416,0.004239675123244524,52.83704137802124,0.3539954125881195,0.0,0.06676979549229145,85
SLAKE_STAGE2_BANK16,109,F2,0.03859180212020874,0.14119377732276917,53.452840089797974,0.43129095435142517,0.0,0.07470017299056053,86
SLAKE_STAGE2_BANK16,109,F2,0.0369686558842659,0.006692241877317429,54.06807518005371,0.7317273616790771,0.0,0.1182580478489399,87
SLAKE_STAGE2_BANK16,109,F2,0.08678939938545227,0.08938074111938477,54.68478560447693,0.2751745581626892,0.0,0.08033948019146919,88
SLAKE_STAGE2_BANK16,109,F2,0.0867561623454094,0.006728392094373703,55.299389362335205,0.37647533416748047,0.0,0.061525145545601845,89
SLAKE_STAGE2_BANK16,109,F2,0.036354027688503265,0.14698511362075806,55.91792845726013,0.4166510999202728,0.0,0.06876195780932903,90
SLAKE_STAGE2_BANK16,109,F2,0.03531067073345184,0.004452247638255358,56.54413366317749,0.7187625169754028,0.0,0.10932530090212822,91
SLAKE_STAGE2_BANK16,109,F2,0.08668467402458191,0.09528584778308868,57.16087579727173,0.3122469484806061,0.0,0.07241303473711014,92
SLAKE_STAGE2_BANK16,109,F2,0.03574814274907112,0.004502823110669851,57.78838086128235,0.31232061982154846,0.0,0.05465288087725639,93
SLAKE_STAGE2_BANK16,109,F2,0.08899412304162979,0.007134884130209684,58.40470623970032,0.4803101718425751,0.0,0.058357011526823044,94
SLAKE_STAGE2_BANK16,109,F2,0.09019016474485397,0.15446332097053528,59.022266149520874,0.32508936524391174,0.0,0.09746128693223,95
SLAKE_STAGE2_BANK16,109,F2,0.03468723222613335,0.10241270065307617,59.63746094703674,0.41278836131095886,0.0,0.06523112952709198,96
SLAKE_STAGE2_BANK16,109,F2,0.08894693851470947,0.10337558388710022,60.26106643676758,0.555117130279541,0.0,0.04791497811675072,97
SLAKE_STAGE2_BANK16,109,F2,0.03321176394820213,0.0074158632196486,60.87009000778198,0.3329847753047943,0.0,0.05270788632333279,98
SLAKE_STAGE2_BANK16,109,F2,0.03272869810461998,0.0047374302521348,61.497305154800415,0.6678690910339355,0.0,0.09155180491507053,99
SLAKE_STAGE2_BANK16,109,F2,0.08776962757110596,0.15999151766300201,62.11511564254761,0.4444662928581238,0.0,0.0595549326390028,100
SLAKE_STAGE2_BANK16,109,F2,0.08777466416358948,0.10898749530315399,62.74931478500366,0.6309558749198914,0.0,0.042954965494573116,101
SLAKE_STAGE2_BANK16,109,F2,0.030901914462447166,0.007693020161241293,63.369991064071655,0.30923008918762207,0.0,0.04737350903451443,102
SLAKE_STAGE2_BANK16,109,F2,0.030042922124266624,0.004858755506575108,63.99210333824158,0.6756621599197388,0.0,0.08565047942101955,103
SLAKE_STAGE2_BANK16,109,F2,0.08433423191308975,0.16335131227970123,64.60812473297119,0.47527778148651123,0.0,0.055587226524949074,104
SLAKE_STAGE2_BANK16,109,F2,0.08211810141801834,0.007862675935029984,65.2261176109314,0.634830892086029,0.0,0.0403461791574955,105
SLAKE_STAGE2_BANK16,109,F2,0.02701694704592228,0.111851766705513,65.84220671653748,0.30955392122268677,0.0,0.04421452060341835,106
SLAKE_STAGE2_BANK16,109,F2,0.025901159271597862,0.004895015154033899,66.47135806083679,0.7368937134742737,0.0,0.08307679370045662,107
SLAKE_STAGE2_BANK16,109,F2,0.0768064633011818,0.16670292615890503,67.08398842811584,0.4388452470302582,0.0,0.0539730004966259,108
SLAKE_STAGE2_BANK16,109,F2,0.02484004944562912,0.00500879343599081,67.7105164527893,0.2729846239089966,0.0,0.03872863296419382,109
SLAKE_STAGE2_BANK16,109,F2,0.07480557262897491,0.11482184380292892,68.3262186050415,0.6252602934837341,0.0,0.04079874977469444,110
SLAKE_STAGE2_BANK16,109,F2,0.07185819000005722,0.1688060611486435,68.94621634483337,0.3214702606201172,0.0,0.07916685566306114,111
SLAKE_STAGE2_BANK16,109,F2,0.021602125838398933,0.0083539430052042,69.559011220932,0.509251594543457,0.0,0.05320221744477749,112
SLAKE_STAGE2_BANK16,109,F2,0.06717152893543243,0.008373282849788666,70.1740243434906,0.563222348690033,0.0,0.037079811096191406,113
SLAKE_STAGE2_BANK16,109,F2,0.020175503566861153,0.11479290574789047,70.79218435287476,0.34266042709350586,0.0,0.040028275921940804,114
SLAKE_STAGE2_BANK16,109,F2,0.06323912739753723,0.005203498527407646,71.41799116134644,0.33216142654418945,0.0,0.0791232343763113,115
SLAKE_STAGE2_BANK16,109,F2,0.01871620863676071,0.17016743123531342,72.03427958488464,0.5637151598930359,0.0,0.05210859142243862,116
SLAKE_STAGE2_BANK16,109,F2,0.0629207119345665,0.11428546905517578,72.64986729621887,0.5732675194740295,0.0,0.03476852085441351,117
SLAKE_STAGE2_BANK16,109,F2,0.017985226586461067,0.008646813221275806,73.26507520675659,0.3323074281215668,0.0,0.036348131485283375,118
SLAKE_STAGE2_BANK16,109,F2,0.017496192827820778,0.1709732711315155,73.87224912643433,0.8756170272827148,0.0,0.07327927649021149,119
SLAKE_STAGE2_BANK16,109,F2,0.06305117160081863,0.005412280093878508,74.49895071983337,0.42695721983909607,0.0,0.0454162135720253,120
SLAKE_STAGE2_BANK16,109,F2,0.017881449311971664,0.008877928368747234,75.13606929779053,0.247967928647995,0.0,0.02938043512403965,121
SLAKE_STAGE2_BANK16,109,F2,0.0653364434838295,0.11400046944618225,75.75160479545593,0.7519963383674622,0.0,0.029696441255509853,122
SLAKE_STAGE2_BANK16,109,F2,0.0636032372713089,0.17180612683296204,76.37935996055603,0.33153972029685974,0.0,0.06306178867816925,123
SLAKE_STAGE2_BANK16,109,F2,0.016856811940670013,0.005421720445156097,77.0050220489502,0.4635883867740631,0.0,0.040553051978349686,124
SLAKE_STAGE2_BANK16,109,F2,0.06154525652527809,0.009049843065440655,77.62176489830017,0.7462719678878784,0.0,0.02617416623979807,125
SLAKE_STAGE2_BANK16,109,F2,0.015640739351511,0.10979154706001282,78.23762655258179,0.2603300213813782,0.0,0.02795717492699623,126
SLAKE_STAGE2_BANK16,109,F2,0.014918215572834015,0.17056691646575928,78.85434675216675,0.8472995162010193,0.0,0.06207181513309479,127
SLAKE_STAGE2_BANK16,109,F2,0.05801020562648773,0.005518791731446981,79.48261857032776,0.49783870577812195,0.0,0.03793752193450928,128
SLAKE_STAGE2_BANK16,109,F2,0.05763747915625572,0.17011305689811707,80.10086011886597,0.750898003578186,0.0,0.0242125503718853,129
SLAKE_STAGE2_BANK16,109,F2,0.01369194220751524,0.009125860407948494,80.71439361572266,0.2629138231277466,0.0,0.025959134101867676,130
SLAKE_STAGE2_BANK16,109,F2,0.05171466991305351,0.005614666733890772,81.33272218704224,0.2994488477706909,0.0,0.05996222421526909,131
SLAKE_STAGE2_BANK16,109,F2,0.012288915924727917,0.10203179717063904,81.95337343215942,0.5469038486480713,0.0,0.03792339377105236,132
SLAKE_STAGE2_BANK16,109,F2,0.012313473038375378,0.09967222064733505,82.56642150878906,0.26067933440208435,0.0,0.023598860949277878,133
SLAKE_STAGE2_BANK16,109,F2,0.05104972794651985,0.16703006625175476,83.18364763259888,0.6978565454483032,0.0,0.023438157979398966,134
SLAKE_STAGE2_BANK16,109,F2,0.04935230314731598,0.005616616923362017,83.80954122543335,0.29657602310180664,0.0,0.05633486248552799,135
SLAKE_STAGE2_BANK16,109,F2,0.01127832755446434,0.009349649772047997,84.42602586746216,0.5240229964256287,0.0,0.03452338743954897,136
SLAKE_STAGE2_BANK16,109,F2,0.011199232190847397,0.1637934148311615,85.04159688949585,0.23567205667495728,0.0,0.02085596090182662,137
SLAKE_STAGE2_BANK16,109,F2,0.04936724528670311,0.09160628169775009,85.6593644618988,0.7458495497703552,0.0,0.02079716930165887,138
SLAKE_STAGE2_BANK16,109,F2,0.010748042725026608,0.0057702441699802876,86.28709316253662,0.8642285466194153,0.0,0.05125726666301489,139
SLAKE_STAGE2_BANK16,109,F2,0.04936293885111809,0.009434396401047707,86.90350556373596,0.5520853996276855,0.0,0.029460588470101357,140
SLAKE_STAGE2_BANK16,109,F2,0.010583504103124142,0.009447231888771057,87.52854561805725,0.1999097764492035,0.0,0.018185459543019533,141
SLAKE_STAGE2_BANK16,109,F2,0.04865095019340515,0.15932628512382507,88.1361951828003,0.8123873472213745,0.0,0.018306012731045485,142
SLAKE_STAGE2_BANK16,109,F2,0.009690126404166222,0.005756905768066645,88.76374220848083,0.8493210077285767,0.0,0.04764521960169077,143
SLAKE_STAGE2_BANK16,109,F2,0.04601917043328285,0.08075758069753647,89.37836360931396,0.5497772693634033,0.0,0.02743533719331026,144
SLAKE_STAGE2_BANK16,109,F2,0.04445619881153107,0.005889059044420719,90.00460720062256,0.7512273192405701,0.0,0.016818594187498093,145
SLAKE_STAGE2_BANK16,109,F2,0.00848313421010971,0.07717464864253998,90.62078881263733,0.23794780671596527,0.0,0.018210829701274633,146
SLAKE_STAGE2_BANK16,109,F2,0.007899715565145016,0.009528123773634434,91.22955107688904,0.9681305885314941,0.0,0.04937293753027916,147
SLAKE_STAGE2_BANK16,109,F2,0.03897528350353241,0.15217776596546173,91.85507798194885,0.40406331419944763,0.0,0.02770981751382351,148
SLAKE_STAGE2_BANK16,109,F2,0.0386834517121315,0.1509568989276886,92.47683596611023,0.6484286785125732,0.0,0.016532312612980604,149
SLAKE_STAGE2_BANK16,109,F2,0.007200571242719889,0.06987695395946503,93.08759784698486,0.2537812292575836,0.0,0.017399645410478115,150
SLAKE_STAGE2_BANK16,109,F2,0.034601256251335144,0.005921574309468269,93.7165539264679,0.35864850878715515,0.0,0.04770171269774437,151
SLAKE_STAGE2_BANK16,109,F2,0.006608464289456606,0.009512222371995449,94.34092664718628,0.5446861982345581,0.0,0.027286414988338947,152
SLAKE_STAGE2_BANK16,109,F2,0.03454804793000221,0.009527442045509815,94.9649727344513,0.585634171962738,0.0,0.015514496946707368,153
SLAKE_STAGE2_BANK16,109,F2,0.0064194235019385815,0.06299743056297302,95.57403564453125,0.23924274742603302,0.0,0.01577228680253029,154
SLAKE_STAGE2_BANK16,109,F2,0.006372853647917509,0.005910081788897514,96.20158123970032,0.936468243598938,0.0,0.04333056043833494,155
SLAKE_STAGE2_BANK16,109,F2,0.03590071573853493,0.14147695899009705,96.8174819946289,0.4776795506477356,0.0,0.02241862565279007,156
SLAKE_STAGE2_BANK16,109,F2,0.036615464836359024,0.14060619473457336,97.43326663970947,0.7445479035377502,0.0,0.012636319734156132,157
SLAKE_STAGE2_BANK16,109,F2,0.00636722007766366,0.05781378969550133,98.04997634887695,0.18158994615077972,0.0,0.013142923591658473,158
SLAKE_STAGE2_BANK16,109,F2,0.006121177226305008,0.009549944661557674,98.66596341133118,0.8172039985656738,0.0,0.037173944525420666,159
SLAKE_STAGE2_BANK16,109,F2,0.036312345415353775,0.006015939638018608,99.29118728637695,0.5809767246246338,0.0,0.019258590415120125,160
SLAKE_STAGE2_BANK16,110,F0,0.0,0.0,0.4137446880340576,0.00041184743167832494,0.0,0.0001098048232961446,1
SLAKE_STAGE2_BANK16,110,F0,0.0,0.0,0.6933088302612305,0.0005407943390309811,0.0,0.00013620622485177591,2
SLAKE_STAGE2_BANK16,110,F0,0.0,0.0,0.9871513843536377,0.0006805472075939178,0.0,0.00012835827146773227,3
SLAKE_STAGE2_BANK16,110,F0,0.0,0.0,1.2798633575439453,0.00043874597758986056,0.0,0.00011320197154418565,4
SLAKE_STAGE2_BANK16,110,F0,0.0,0.0,1.4998278617858887,0.0003753900818992406,0.0,0.00010332856254535727,5
SLAKE_STAGE2_BANK16,110,F0,0.0,0.0,1.7260794639587402,0.00048394850455224514,0.0,0.00012684972534771077,6
SLAKE_STAGE2_BANK16,110,F0,0.0,0.0,1.9468536376953125,0.0005176853155717254,0.0,0.00011717439701897092,7
SLAKE_STAGE2_BANK16,110,F0,0.0,0.0,2.1701316833496094,0.0004224242002237588,0.0,0.00010624899005051702,8
SLAKE_STAGE2_BANK16,110,F0,0.0,0.0,2.3920271396636963,0.00037121836794540286,0.0,9.693176252767444e-05,9
SLAKE_STAGE2_BANK16,110,F0,0.0,0.0,2.6147572994232178,0.0004596204962581396,0.0,0.00011910223474842496,10
SLAKE_STAGE2_BANK16,110,F0,0.0,0.0,2.838113784790039,0.0004451497516129166,0.0,0.00010863232091651298,11
SLAKE_STAGE2_BANK16,110,F0,0.0,0.0,3.0604069232940674,0.0003851148358080536,0.0,0.00010056734754471108,12
SLAKE_STAGE2_BANK16,110,F0,0.0,0.0,3.281831741333008,0.0003469939110800624,0.0,9.262081948691048e-05,13
SLAKE_STAGE2_BANK16,110,F0,0.0,0.0,3.503680944442749,0.0004560264351312071,0.0,0.0001134206322603859,14
SLAKE_STAGE2_BANK16,110,F0,0.0,0.0,3.7290539741516113,0.00044054153840988874,0.0,0.00010348712021368556,15
SLAKE_STAGE2_BANK16,110,F0,0.0,0.0,3.9493846893310547,0.0003745031135622412,0.0,9.603787839296274e-05,16
SLAKE_STAGE2_BANK16,110,F0,0.0,0.0,4.172338485717773,0.0003494998090900481,0.0,8.85482513695024e-05,17
SLAKE_STAGE2_BANK16,110,F0,0.0,0.0,4.3967125415802,0.0004437450261320919,0.0,0.0001092686979973223,18
SLAKE_STAGE2_BANK16,110,F0,0.0,0.0,4.6240856647491455,0.00044695890392176807,0.0,9.935503476299345e-05,19
SLAKE_STAGE2_BANK16,110,F0,0.0,0.0,4.854266166687012,0.0003644342941697687,0.0,9.256131306756288e-05,20
SLAKE_STAGE2_BANK16,110,F0,0.0,0.0,5.09261155128479,0.0003343977441545576,0.0,8.598550266469829e-05,21
SLAKE_STAGE2_BANK16,110,F0,0.0,0.0,5.314096450805664,0.00040844533941708505,0.0,0.00010646762893884443,22
SLAKE_STAGE2_BANK16,110,F0,0.0,0.0,5.536107778549194,0.00040753514622338116,0.0,9.562027116771787e-05,23
SLAKE_STAGE2_BANK16,110,F0,0.0,0.0,5.748872995376587,0.0003571993438526988,0.0,9.033629248733632e-05,24
SLAKE_STAGE2_BANK16,110,F0,0.0,0.0,5.971896409988403,0.000329386763041839,0.0,8.403862375416793e-05,25
SLAKE_STAGE2_BANK16,110,F0,0.0,0.0,6.192380905151367,0.0004413638380356133,0.0,0.00010460023258929141,26
SLAKE_STAGE2_BANK16,110,F0,0.0,0.0,6.41468358039856,0.0004031943972222507,0.0,9.44283019634895e-05,27
SLAKE_STAGE2_BANK16,110,F0,0.0,0.0,6.6370062828063965,0.0003481479361653328,0.0,8.880658788257279e-05,28
SLAKE_STAGE2_BANK16,110,F0,0.0,0.0,6.850402593612671,0.0003272897738497704,0.0,8.26877003419213e-05,29
SLAKE_STAGE2_BANK16,110,F0,0.0,0.0,7.081383228302002,0.0004341000458225608,0.0,0.00010332877354812808,30
SLAKE_STAGE2_BANK16,110,F0,0.0,0.0,7.30265474319458,0.0003942469193134457,0.0,9.190532364300452e-05,31
SLAKE_STAGE2_BANK16,110,F0,0.0,0.0,7.514323472976685,0.00035814731381833553,0.0,8.74953911988996e-05,32
SLAKE_STAGE2_BANK16,110,F0,0.0,0.0,7.703142881393433,0.00031181194935925305,0.0,8.229036029661074e-05,33
SLAKE_STAGE2_BANK16,110,F0,0.0,0.0,7.920394659042358,0.00043818631093017757,0.0,0.00010245465455227531,34
SLAKE_STAGE2_BANK16,110,F0,0.0,0.0,8.139768362045288,0.00036693649599328637,0.0,9.087227226700634e-05,35
SLAKE_STAGE2_BANK16,110,F0,0.0,0.0,8.364588499069214,0.0003492992836982012,0.0,8.624381734989583e-05,36
SLAKE_STAGE2_BANK16,110,F0,0.0,0.0,8.586178064346313,0.0003053682157769799,0.0,8.119768972392194e-05,37
SLAKE_STAGE2_BANK16,110,F0,0.0,0.0,8.810675382614136,0.00042179410229437053,0.0,0.00010138183642993681,38
SLAKE_STAGE2_BANK16,110,F0,0.0,0.0,9.030731201171875,0.0004086655389983207,0.0,8.970014096121304e-05,39
SLAKE_STAGE2_BANK16,110,F0,0.0,0.0,9.250755310058594,0.0003486954083200544,0.0,8.534980224794708e-05,40
SLAKE_STAGE2_BANK16,110,F0,0.0,0.0,9.496453523635864,0.00029303281917236745,0.0,8.012489342945628e-05,41
SLAKE_STAGE2_BANK16,110,F0,0.0,0.0,9.71866750717163,0.00042529875645413995,0.0,0.00010030902922153473,42
SLAKE_STAGE2_BANK16,110,F0,0.0,0.0,9.929558992385864,0.00040710021858103573,0.0,8.858762521413155e-05,43
SLAKE_STAGE2_BANK16,110,F0,0.0,0.0,10.151575088500977,0.00033902967697940767,0.0,8.421741586062126e-05,44
SLAKE_STAGE2_BANK16,110,F0,0.0,0.0,10.37128210067749,0.0002986222680192441,0.0,7.948914208100177e-05,45
SLAKE_STAGE2_BANK16,110,F0,0.0,0.0,10.596853971481323,0.0004127965949010104,0.0,9.963354386854917e-05,46
SLAKE_STAGE2_BANK16,110,F0,0.0,0.0,10.81800889968872,0.0003844118327833712,0.0,8.745524974074215e-05,47
SLAKE_STAGE2_BANK16,110,F0,0.0,0.0,11.040175437927246,0.00033481293939985335,0.0,8.302541391458362e-05,48
SLAKE_STAGE2_BANK16,110,F0,0.0,0.0,11.261455774307251,0.0002955763484351337,0.0,7.853555143810809e-05,49
SLAKE_STAGE2_BANK16,110,F0,0.0,0.0,11.48691701889038,0.0004328424984123558,0.0,9.860048157861456e-05,50
SLAKE_STAGE2_BANK16,110,F0,0.0,0.0,11.708983659744263,0.0003846127656288445,0.0,8.638247527414933e-05,51
SLAKE_STAGE2_BANK16,110,F0,0.0,0.0,11.931708574295044,0.0003385613381396979,0.0,8.215128036681563e-05,52
SLAKE_STAGE2_BANK16,110,F0,0.0,0.0,12.154038429260254,0.0002845225972123444,0.0,7.710516001679935e-05,53
SLAKE_STAGE2_BANK16,110,F0,0.0,0.0,12.374270915985107,0.0004280269204173237,0.0,9.689197031548247e-05,54
SLAKE_STAGE2_BANK16,110,F0,0.0,0.0,12.587059020996094,0.000365261803381145,0.0,8.415748379775323e-05,55
SLAKE_STAGE2_BANK16,110,F0,0.0,0.0,12.810447454452515,0.0003233044408261776,0.0,8.121755672618747e-05,56
SLAKE_STAGE2_BANK16,110,F0,0.0,0.0,13.031461477279663,0.0002873280900530517,0.0,7.625091529916972e-05,57
SLAKE_STAGE2_BANK16,110,F0,0.0,0.0,13.253687858581543,0.0004259912820998579,0.0,9.597808821126819e-05,58
SLAKE_STAGE2_BANK16,110,F0,0.0,0.0,13.476089477539062,0.0003557853924576193,0.0,8.260793401859701e-05,59
SLAKE_STAGE2_BANK16,110,F0,0.0,0.0,13.697826147079468,0.00032042371458373964,0.0,7.954878310556524e-05,60
SLAKE_STAGE2_BANK16,110,F0,0.0,0.0,13.940156936645508,0.0002740121854003519,0.0,7.515825200243853e-05,61
SLAKE_STAGE2_BANK16,110,F0,0.0,0.0,14.142913103103638,0.0003956813889089972,0.0,9.399144255439751e-05,62
SLAKE_STAGE2_BANK16,110,F0,0.0,0.0,14.365019083023071,0.00034204547409899533,0.0,8.060145410127006e-05,63
SLAKE_STAGE2_BANK16,110,F0,0.0,0.0,14.58781099319458,0.0003171876887790859,0.0,7.839651880203746e-05,64
SLAKE_STAGE2_BANK16,110,F0,0.0,0.0,14.808269500732422,0.00027511909138411283,0.0,7.436359737766907e-05,65
SLAKE_STAGE2_BANK16,110,F0,0.0,0.0,15.032394409179688,0.00040348846232518554,0.0,9.242200758308172e-05,66
SLAKE_STAGE2_BANK16,110,F0,0.0,0.0,15.254563331604004,0.00033891567727550864,0.0,7.974720210768282e-05,67
SLAKE_STAGE2_BANK16,110,F0,0.0,0.0,15.476189374923706,0.00031062925700098276,0.0,7.718465712969191e-05,68
SLAKE_STAGE2_BANK16,110,F0,0.0,0.0,15.697399854660034,0.00026547242305241525,0.0,7.297294359887019e-05,69
SLAKE_STAGE2_BANK16,110,F0,0.0,0.0,15.918320894241333,0.0003879916912410408,0.0,9.142865746980533e-05,70
SLAKE_STAGE2_BANK16,110,F0,0.0,0.0,16.139060258865356,0.0003162794455420226,0.0,7.881348574301228e-05,71
SLAKE_STAGE2_BANK16,110,F0,0.0,0.0,16.36479663848877,0.0003007357881870121,0.0,7.648933387827128e-05,72
SLAKE_STAGE2_BANK16,110,F0,0.0,0.0,16.585220336914062,0.00025059751351363957,0.0,7.243654545163736e-05,73
SLAKE_STAGE2_BANK16,110,F0,0.0,0.0,16.806764602661133,0.0003962066548410803,0.0,9.02764149941504e-05,74
SLAKE_STAGE2_BANK16,110,F0,0.0,0.0,17.02936053276062,0.0003298775991424918,0.0,7.869426917750388e-05,75
SLAKE_STAGE2_BANK16,110,F0,0.0,0.0,17.25102734565735,0.0003061913012061268,0.0,7.652903877897188e-05,76
SLAKE_STAGE2_BANK16,110,F0,0.0,0.0,17.474757194519043,0.00025165436090901494,0.0,7.16815993655473e-05,77
SLAKE_STAGE2_BANK16,110,F0,0.0,0.0,17.695409059524536,0.00038407594547607005,0.0,8.878642984200269e-05,78
SLAKE_STAGE2_BANK16,110,F0,0.0,0.0,17.91795015335083,0.00034705179859884083,0.0,7.921076030470431e-05,79
SLAKE_STAGE2_BANK16,110,F0,0.0,0.0,18.13946843147278,0.00030272759613581,0.0,7.640980766154826e-05,80
SLAKE_STAGE2_BANK16,110,F0,0.0,0.0,18.381168365478516,0.0002507840108592063,0.0,7.124451076379046e-05,81
SLAKE_STAGE2_BANK16,110,F0,0.0,0.0,18.60649800300598,0.00037256459472700953,0.0,8.801162039162591e-05,82
SLAKE_STAGE2_BANK16,110,F0,0.0,0.0,18.828901052474976,0.0004052915028296411,0.0,8.095891098491848e-05,83
SLAKE_STAGE2_BANK16,110,F0,0.0,0.0,19.050527334213257,0.000313786615151912,0.0,7.726401963736862e-05,84
SLAKE_STAGE2_BANK16,110,F0,0.0,0.0,19.268061637878418,0.00024991060490719974,0.0,7.144313349272124e-05,85
SLAKE_STAGE2_BANK16,110,F0,0.0,0.0,19.485101222991943,0.00036235034349374473,0.0,8.689911919645965e-05,86
SLAKE_STAGE2_BANK16,110,F0,0.0,0.0,19.703941822052002,0.0005818821373395622,0.0,8.260774484369904e-05,87
SLAKE_STAGE2_BANK16,110,F0,0.0,0.0,19.930865049362183,0.0003095999709330499,0.0,7.774080222588964e-05,88
SLAKE_STAGE2_BANK16,110,F0,0.0,0.0,20.1527841091156,0.0002546392206568271,0.0,7.114517211448401e-05,89
SLAKE_STAGE2_BANK16,110,F0,0.0,0.0,20.363895177841187,0.00038755001151002944,0.0,8.5051611677045e-05,90
SLAKE_STAGE2_BANK16,110,F0,0.0,0.0,20.58654499053955,0.0005108232726342976,0.0,7.980676309671253e-05,91
SLAKE_STAGE2_BANK16,110,F0,0.0,0.0,20.8094322681427,0.00031142562511377037,0.0,7.587346772197634e-05,92
SLAKE_STAGE2_BANK16,110,F0,0.0,0.0,21.031546354293823,0.00026010541478171945,0.0,6.95360686222557e-05,93
SLAKE_STAGE2_BANK16,110,F0,0.0,0.0,21.242562294006348,0.00039697560714557767,0.0,8.296572195831686e-05,94
SLAKE_STAGE2_BANK16,110,F0,0.0,0.0,21.464770793914795,0.0003678461362142116,0.0,7.658857430214994e-05,95
SLAKE_STAGE2_BANK16,110,F0,0.0,0.0,21.684098720550537,0.0003028494829777628,0.0,7.420474867103621e-05,96
SLAKE_STAGE2_BANK16,110,F0,0.0,0.0,21.90685725212097,0.0002557130646891892,0.0,6.804610529798083e-05,97
SLAKE_STAGE2_BANK16,110,F0,0.0,0.0,22.132104635238647,0.0003781461273320019,0.0,8.068110764725134e-05,98
SLAKE_STAGE2_BANK16,110,F0,0.0,0.0,22.3538076877594,0.00032827272661961615,0.0,7.438344255206175e-05,99
SLAKE_STAGE2_BANK16,110,F0,0.0,0.0,22.56111764907837,0.0003110638353973627,0.0,7.348955841735005e-05,100
SLAKE_STAGE2_BANK16,110,F0,0.0,0.0,22.799824953079224,0.0002538289991207421,0.0,6.733089139743242e-05,101
SLAKE_STAGE2_BANK16,110,F0,0.0,0.0,23.01355242729187,0.00034491479163989425,0.0,7.974735490279272e-05,102
SLAKE_STAGE2_BANK16,110,F0,0.0,0.0,23.234068632125854,0.0003580021148081869,0.0,7.46814148442354e-05,103
SLAKE_STAGE2_BANK16,110,F0,0.0,0.0,23.456570386886597,0.000304857618175447,0.0,7.358884977293201e-05,104
SLAKE_STAGE2_BANK16,110,F0,0.0,0.0,23.678873538970947,0.0002509321493562311,0.0,6.820499584136996e-05,105
SLAKE_STAGE2_BANK16,110,F0,0.0,0.0,23.895782232284546,0.0003363706055097282,0.0,8.006516145542264e-05,106
SLAKE_STAGE2_BANK16,110,F0,0.0,0.0,24.127267599105835,0.0003790847840718925,0.0,7.551575981779024e-05,107
SLAKE_STAGE2_BANK16,110,F0,0.0,0.0,24.353798151016235,0.0003011072112713009,0.0,7.47410704207141e-05,108
SLAKE_STAGE2_BANK16,110,F0,0.0,0.0,24.5773184299469,0.0002591341035440564,0.0,6.897977618791629e-05,109
SLAKE_STAGE2_BANK16,110,F0,0.0,0.0,24.79840636253357,0.00033457731478847563,0.0,8.097898535197601e-05,110
SLAKE_STAGE2_BANK16,110,F0,0.0,0.0,25.022798538208008,0.000423126359237358,0.0,7.656868183403276e-05,111
SLAKE_STAGE2_BANK16,110,F0,0.0,0.0,25.24078631401062,0.00030722346855327487,0.0,7.619132520630956e-05,112
SLAKE_STAGE2_BANK16,110,F0,0.0,0.0,25.47386598587036,0.000257230072747916,0.0,7.062869553919882e-05,113
SLAKE_STAGE2_BANK16,110,F0,0.0,0.0,25.698920011520386,0.00035274671972729266,0.0,8.244907803600654e-05,114
SLAKE_STAGE2_BANK16,110,F0,0.0,0.0,25.921496629714966,0.0003826346655841917,0.0,7.746268602204509e-05,115
SLAKE_STAGE2_BANK16,110,F0,0.0,0.0,26.143847465515137,0.0002936040109489113,0.0,7.758199353702366e-05,116
SLAKE_STAGE2_BANK16,110,F0,0.0,0.0,26.36640763282776,0.00026940673706121743,0.0,7.164190174080431e-05,117
SLAKE_STAGE2_BANK16,110,F0,0.0,0.0,26.58889937400818,0.0003895504050888121,0.0,8.417743447353132e-05,118
SLAKE_STAGE2_BANK16,110,F0,0.0,0.0,26.81078290939331,0.0003487223875708878,0.0,7.821764302207157e-05,119
SLAKE_STAGE2_BANK16,110,F0,0.0,0.0,27.03351330757141,0.000315658951876685,0.0,7.889318658271804e-05,120
SLAKE_STAGE2_BANK16,110,F0,0.0,0.0,27.26506495475769,0.00026485128910280764,0.0,7.28140221326612e-05,121
SLAKE_STAGE2_BANK16,110,F0,0.0,0.0,27.4885573387146,0.0003640629001893103,0.0,8.548856567358598e-05,122
SLAKE_STAGE2_BANK16,110,F0,0.0,0.0,27.71090841293335,0.0003951471298933029,0.0,7.952879968797788e-05,123
SLAKE_STAGE2_BANK16,110,F0,0.0,0.0,27.933199405670166,0.00029200816061347723,0.0,7.974741674843244e-05,124
SLAKE_STAGE2_BANK16,110,F0,0.0,0.0,28.155751943588257,0.0002635647833812982,0.0,7.402586561511271e-05,125
SLAKE_STAGE2_BANK16,110,F0,0.0,0.0,28.377882480621338,0.0003820805577561259,0.0,8.654144039610401e-05,126
SLAKE_STAGE2_BANK16,110,F0,0.0,0.0,28.599395036697388,0.00037915181019343436,0.0,7.952878513606265e-05,127
SLAKE_STAGE2_BANK16,110,F0,0.0,0.0,28.822432041168213,0.0003005647158715874,0.0,8.032351979636587e-05,128
SLAKE_STAGE2_BANK16,110,F0,0.0,0.0,29.044214487075806,0.0002666714135557413,0.0,7.39066454116255e-05,129
SLAKE_STAGE2_BANK16,110,F0,0.0,0.0,29.265595197677612,0.00037890521343797445,0.0,8.695858196006157e-05,130
SLAKE_STAGE2_BANK16,110,F0,0.0,0.0,29.489601373672485,0.0003508949594106525,0.0,7.936984184198081e-05,131
SLAKE_STAGE2_BANK16,110,F0,0.0,0.0,29.71303367614746,0.0003011525550391525,0.0,8.11976169643458e-05,132
SLAKE_STAGE2_BANK16,110,F0,0.0,0.0,29.93698000907898,0.00027279870118945837,0.0,7.464167720172554e-05,133
SLAKE_STAGE2_BANK16,110,F0,0.0,0.0,30.15808606147766,0.0004057504702359438,0.0,8.836905544740148e-05,134
SLAKE_STAGE2_BANK16,110,F0,0.0,0.0,30.380099296569824,0.0003597190952859819,0.0,8.030354365473613e-05,135
SLAKE_STAGE2_BANK16,110,F0,0.0,0.0,30.602606058120728,0.0003095949359703809,0.0,8.211144086089917e-05,136
SLAKE_STAGE2_BANK16,110,F0,0.0,0.0,30.827630043029785,0.0002696220180951059,0.0,7.591311441501603e-05,137
SLAKE_STAGE2_BANK16,110,F0,0.0,0.0,31.05629563331604,0.0003992968122474849,0.0,8.999803685583174e-05,138
SLAKE_STAGE2_BANK16,110,F0,0.0,0.0,31.280472993850708,0.00039702674257569015,0.0,8.127695764414966e-05,139
SLAKE_STAGE2_BANK16,110,F0,0.0,0.0,31.50172781944275,0.0003197255718987435,0.0,8.330338459927589e-05,140
SLAKE_STAGE2_BANK16,110,F0,0.0,0.0,31.744324445724487,0.00025706810993142426,0.0,7.571439709863625e-05,141
SLAKE_STAGE2_BANK16,110,F0,0.0,0.0,31.964542627334595,0.0003902064636349678,0.0,9.015692194225267e-05,142
SLAKE_STAGE2_BANK16,110,F0,0.0,0.0,32.189759969711304,0.0003698604996316135,0.0,8.050214819377288e-05,143
SLAKE_STAGE2_BANK16,110,F0,0.0,0.0,32.4125611782074,0.0002955679374281317,0.0,8.26874929771293e-05,144
SLAKE_STAGE2_BANK16,110,F0,0.0,0.0,32.63512325286865,0.0002600864099804312,0.0,7.563491817563772e-05,145
SLAKE_STAGE2_BANK16,110,F0,0.0,0.0,32.85783791542053,0.00036566329072229564,0.0,8.96403580554761e-05,146
SLAKE_STAGE2_BANK16,110,F0,0.0,0.0,33.08052206039429,0.00035185646265745163,0.0,8.006507414393127e-05,147
SLAKE_STAGE2_BANK16,110,F0,0.0,0.0,33.30334806442261,0.0002969044726341963,0.0,8.33231933938805e-05,148
SLAKE_STAGE2_BANK16,110,F0,0.0,0.0,33.52418875694275,0.0002551008074078709,0.0,7.589316010125913e-05,149
SLAKE_STAGE2_BANK16,110,F0,0.0,0.0,33.74654841423035,0.00037971086567267776,0.0,9.115015927818604e-05,150
SLAKE_STAGE2_BANK16,110,F0,0.0,0.0,33.9683256149292,0.000360780832124874,0.0,8.107823305181228e-05,151
SLAKE_STAGE2_BANK16,110,F0,0.0,0.0,34.19085073471069,0.0003137181338388473,0.0,8.49323405418545e-05,152
SLAKE_STAGE2_BANK16,110,F0,0.0,0.0,34.413493156433105,0.0002713792200665921,0.0,7.72241983213462e-05,153
SLAKE_STAGE2_BANK16,110,F0,0.0,0.0,34.61599826812744,0.00039362971438094974,0.0,9.267984933103435e-05,154
SLAKE_STAGE2_BANK16,110,F0,0.0,0.0,34.839863538742065,0.0003839239361695945,0.0,8.230992170865647e-05,155
SLAKE_STAGE2_BANK16,110,F0,0.0,0.0,35.06006932258606,0.00031096063321456313,0.0,8.564752715756185e-05,156
SLAKE_STAGE2_BANK16,110,F0,0.0,0.0,35.28218698501587,0.00027755461633205414,0.0,7.847576853237115e-05,157
SLAKE_STAGE2_BANK16,110,F0,0.0,0.0,35.502548694610596,0.00040415924740955234,0.0,9.416979810339399e-05,158
SLAKE_STAGE2_BANK16,110,F0,0.0,0.0,35.72872257232666,0.0003578324685804546,0.0,8.332309516845271e-05,159
SLAKE_STAGE2_BANK16,110,F0,0.0,0.0,35.95202326774597,0.00032158984686248004,0.0,8.711758709978312e-05,160
SLAKE_STAGE2_BANK16,110,F1,3.4457437992095947,0.0035869188141077757,0.7151482105255127,8.455940246582031,0.0,0.0001098048232961446,1
SLAKE_STAGE2_BANK16,110,F1,3.318166971206665,0.0015550198731943965,1.3098454475402832,8.480294227600098,0.0,0.00014301967166829854,2
SLAKE_STAGE2_BANK16,110,F1,3.187995195388794,0.001536899246275425,1.9267995357513428,8.486509323120117,0.0,0.00015934434486553073,3
SLAKE_STAGE2_BANK16,110,F1,3.0630435943603516,0.19433540105819702,2.5397870540618896,8.48144817352295,0.0,0.00013924441736890003,4
SLAKE_STAGE2_BANK16,110,F1,2.9354991912841797,0.18105429410934448,2.9764509201049805,8.440916061401367,0.0,0.00015292946045519784,5
SLAKE_STAGE2_BANK16,110,F1,2.810572624206543,0.0014241071185097098,3.4224019050598145,8.369219779968262,0.0,0.00022268623433774337,6
SLAKE_STAGE2_BANK16,110,F1,2.6830739974975586,0.0033293203450739384,3.865591526031494,8.270759582519531,0.0,0.00035354133433429524,7
SLAKE_STAGE2_BANK16,110,F1,2.5608108043670654,0.0013573872856795788,4.299954652786255,8.151853561401367,0.0,0.0002604917681310326,8
SLAKE_STAGE2_BANK16,110,F1,2.44120192527771,0.13097317516803741,4.745755434036255,8.003897666931152,0.0,0.000334011172526516,9
SLAKE_STAGE2_BANK16,110,F1,2.3242406845092773,0.0012632131110876799,5.179498672485352,7.820364952087402,0.0,0.0005159576394362375,10
SLAKE_STAGE2_BANK16,110,F1,2.212559938430786,0.0012750980677083135,5.612818479537964,7.6082539558410645,0.0,0.0010461333731655031,11
SLAKE_STAGE2_BANK16,110,F1,2.1035802364349365,0.0031933935824781656,6.057863712310791,7.392981052398682,0.0,0.0006937500438652933,12
SLAKE_STAGE2_BANK16,110,F1,1.9921441078186035,0.0011740836780518293,6.500293731689453,7.1462931632995605,0.0,0.0009397707763127983,13
SLAKE_STAGE2_BANK16,110,F1,1.8886529207229614,0.0030798607040196657,6.957463264465332,6.8851776123046875,0.0,0.0014082978013902903,14
SLAKE_STAGE2_BANK16,110,F1,1.7905422449111938,0.0011762361973524094,7.392421007156372,6.586681365966797,0.0,0.0031398656428791583,15
SLAKE_STAGE2_BANK16,110,F1,1.6979260444641113,0.06375443935394287,7.829840660095215,6.339150428771973,0.0,0.00199022248852998,16
SLAKE_STAGE2_BANK16,110,F1,1.6055949926376343,0.0011451536556705832,8.270033121109009,6.0484843254089355,0.0,0.0025936851743608713,17
SLAKE_STAGE2_BANK16,110,F1,1.5188244581222534,0.05126701667904854,8.706092596054077,5.7511749267578125,0.0,0.003701142966747284,18
SLAKE_STAGE2_BANK16,110,F1,1.4351478815078735,0.0029147188179194927,9.161515474319458,5.398308753967285,0.0,0.008201438933610916,19
SLAKE_STAGE2_BANK16,110,F1,1.35453462600708,0.0009652213775552809,9.597255945205688,5.159158706665039,0.0,0.005188527517020702,20
SLAKE_STAGE2_BANK16,110,F1,1.2797107696533203,0.038264621049165726,10.079122543334961,4.8671088218688965,0.0,0.006402657367289066,21
SLAKE_STAGE2_BANK16,110,F1,1.2108887434005737,0.000912127026822418,10.523041248321533,4.561962604522705,0.0,0.008796858601272106,22
SLAKE_STAGE2_BANK16,110,F1,1.1427191495895386,0.002686857944354415,10.967453956604004,4.165678977966309,0.0,0.01910031260922551,23
SLAKE_STAGE2_BANK16,110,F1,1.077839732170105,0.0008967429166659713,11.411471605300903,3.9911816120147705,0.0,0.011783883441239595,24
SLAKE_STAGE2_BANK16,110,F1,1.0163029432296753,0.0009016457479447126,11.8594069480896,3.7251644134521484,0.0,0.013839956372976303,25
SLAKE_STAGE2_BANK16,110,F1,0.9607897400856018,0.0008194618858397007,12.293965339660645,3.450718402862549,0.0,0.018332294188439846,26
SLAKE_STAGE2_BANK16,110,F1,0.9055781960487366,0.0025836932472884655,12.738204956054688,3.0547664165496826,0.0,0.03775027673691511,27
SLAKE_STAGE2_BANK16,110,F1,0.8558608889579773,0.02126319147646427,13.173380374908447,2.9904556274414062,0.0,0.023805275559425354,28
SLAKE_STAGE2_BANK16,110,F1,0.8064107894897461,0.0007804146152921021,13.606215953826904,2.794569253921509,0.0,0.026355933398008347,29
SLAKE_STAGE2_BANK16,110,F1,0.7571580410003662,0.018138665705919266,14.050323247909546,2.5809214115142822,0.0,0.03366684913635254,30
SLAKE_STAGE2_BANK16,110,F1,0.7130861282348633,0.0007335820118896663,14.4855318069458,2.2108075618743896,0.0,0.0669836513698101,31
SLAKE_STAGE2_BANK16,110,F1,0.6726601719856262,0.002370145870372653,14.94339919090271,2.2180240154266357,0.0,0.042783286422491074,32
SLAKE_STAGE2_BANK16,110,F1,0.6284782290458679,0.000743126671295613,15.385638952255249,2.0640532970428467,0.0,0.045651767402887344,33
SLAKE_STAGE2_BANK16,110,F1,0.5891358256340027,0.0007279067649506032,15.821218729019165,1.8802263736724854,0.0,0.05562366358935833,34
SLAKE_STAGE2_BANK16,110,F1,0.5543619990348816,0.012797607108950615,16.264890670776367,1.4940963983535767,0.0,0.10673720017075539,35
SLAKE_STAGE2_BANK16,110,F1,0.5162983536720276,0.0022658370435237885,16.720812559127808,1.5357962846755981,0.0,0.06888499297201633,36
SLAKE_STAGE2_BANK16,110,F1,0.4829477369785309,0.0006637627957388759,17.164847373962402,1.4142390489578247,0.0,0.07090331241488457,37
SLAKE_STAGE2_BANK16,110,F1,0.4508361518383026,0.010745995678007603,17.610201358795166,1.248980164527893,0.0,0.08490552753210068,38
SLAKE_STAGE2_BANK16,110,F1,0.4199795722961426,0.0007111084996722639,18.053446054458618,0.8597840666770935,0.0,0.15707885846495628,39
SLAKE_STAGE2_BANK16,110,F1,0.3903658092021942,0.002244822680950165,18.496724605560303,0.9481614828109741,0.0,0.10375968739390373,40
SLAKE_STAGE2_BANK16,110,F1,0.36198580265045166,0.009346886537969112,18.975000619888306,0.8722642660140991,0.0,0.10420666635036469,41
SLAKE_STAGE2_BANK16,110,F1,0.3381294906139374,0.0007289688801392913,19.417004108428955,0.7482027411460876,0.0,0.12279476225376129,42
SLAKE_STAGE2_BANK16,110,F1,0.3126102685928345,0.002267309930175543,19.86302924156189,0.41490447521209717,0.0,0.21973159909248352,43
SLAKE_STAGE2_BANK16,110,F1,0.29380908608436584,0.0006316918879747391,20.299734115600586,0.512529194355011,0.0,0.14506762847304344,44
SLAKE_STAGE2_BANK16,110,F1,0.27304989099502563,0.009235984645783901,20.753037691116333,0.4726572632789612,0.0,0.1459730975329876,45
SLAKE_STAGE2_BANK16,110,F1,0.25612011551856995,0.0022084363736212254,21.196711778640747,0.42157310247421265,0.0,0.1653171330690384,46
SLAKE_STAGE2_BANK16,110,F1,0.23993898928165436,0.0006961512262932956,21.640737771987915,0.340359628200531,0.0,0.28166574984788895,47
SLAKE_STAGE2_BANK16,110,F1,0.2270188331604004,0.0007570743327960372,22.086159706115723,0.2629702687263489,0.0,0.19051986932754517,48
SLAKE_STAGE2_BANK16,110,F1,0.21678239107131958,0.0007629361934959888,22.522161960601807,0.26936066150665283,0.0,0.1830979660153389,49
SLAKE_STAGE2_BANK16,110,F1,0.20474453270435333,0.0006520127062685788,22.96464776992798,0.3118230402469635,0.0,0.20390839129686356,50
SLAKE_STAGE2_BANK16,110,F1,0.1930268406867981,0.012397450394928455,23.408901929855347,0.48617976903915405,0.0,0.3322627991437912,51
SLAKE_STAGE2_BANK16,110,F1,0.18617559969425201,0.002192554296925664,23.854901552200317,0.27010616660118103,0.0,0.22578922659158707,52
SLAKE_STAGE2_BANK16,110,F1,0.18140007555484772,0.01473316177725792,24.29260277748108,0.24933093786239624,0.0,0.21221140027046204,53
SLAKE_STAGE2_BANK16,110,F1,0.17673157155513763,0.0008093323558568954,24.733174324035645,0.33699166774749756,0.0,0.23087943345308304,54
SLAKE_STAGE2_BANK16,110,F1,0.17224444448947906,0.002179867820814252,25.16754674911499,0.5875510573387146,0.0,0.36202873289585114,55
SLAKE_STAGE2_BANK16,110,F1,0.1678982824087143,0.0007483747904188931,25.612751483917236,0.3314310908317566,0.0,0.24475424736738205,56
SLAKE_STAGE2_BANK16,110,F1,0.1673392802476883,0.0008370807045139372,26.055891275405884,0.274715393781662,0.0,0.2239757552742958,57
SLAKE_STAGE2_BANK16,110,F1,0.16498346626758575,0.002204671734943986,26.508033514022827,0.35506656765937805,0.0,0.23749574273824692,58
SLAKE_STAGE2_BANK16,110,F1,0.164456307888031,0.0247280802577734,26.954624891281128,0.622291088104248,0.0,0.36906202137470245,59
SLAKE_STAGE2_BANK16,110,F1,0.16591060161590576,0.0007093878230080009,27.401655673980713,0.3228057622909546,0.0,0.24332856386899948,60
SLAKE_STAGE2_BANK16,110,F1,0.16543056070804596,0.0022484955843538046,27.87644338607788,0.2571709156036377,0.0,0.21917730569839478,61
SLAKE_STAGE2_BANK16,110,F1,0.16698919236660004,0.000920161313842982,28.318541526794434,0.32362163066864014,0.0,0.2287221997976303,62
SLAKE_STAGE2_BANK16,110,F1,0.1704828292131424,0.03344723954796791,28.762298345565796,0.568204402923584,0.0,0.3512369990348816,63
SLAKE_STAGE2_BANK16,110,F1,0.17205946147441864,0.000757548667024821,29.20040488243103,0.26621919870376587,0.0,0.22925839573144913,64
SLAKE_STAGE2_BANK16,110,F1,0.17583726346492767,0.03840327635407448,29.643921375274658,0.19916442036628723,0.0,0.20385893434286118,65
SLAKE_STAGE2_BANK16,110,F1,0.17957274615764618,0.000757553381845355,30.087789058685303,0.2603587210178375,0.0,0.21000193804502487,66
SLAKE_STAGE2_BANK16,110,F1,0.18130449950695038,0.0023793240543454885,30.53925633430481,0.4915465712547302,0.0,0.32756207883358,67
SLAKE_STAGE2_BANK16,110,F1,0.18736471235752106,0.0009910159278661013,30.97346305847168,0.18351255357265472,0.0,0.2086893543601036,68
SLAKE_STAGE2_BANK16,110,F1,0.1892617791891098,0.047364845871925354,31.418566703796387,0.17450200021266937,0.0,0.18516917154192924,69
SLAKE_STAGE2_BANK16,110,F1,0.19330309331417084,0.0007073516026139259,31.862805604934692,0.22946426272392273,0.0,0.19099079072475433,70
SLAKE_STAGE2_BANK16,110,F1,0.19750873744487762,0.0023881762754172087,32.307626724243164,0.3885417580604553,0.0,0.3019014820456505,71
SLAKE_STAGE2_BANK16,110,F1,0.19945736229419708,0.0010578191140666604,32.75395584106445,0.1557503640651703,0.0,0.19183236360549927,72
SLAKE_STAGE2_BANK16,110,F1,0.20375967025756836,0.0007162931724451482,33.198193073272705,0.2145349383354187,0.0,0.17189140245318413,73
SLAKE_STAGE2_BANK16,110,F1,0.2058238536119461,0.0024172160774469376,33.651556730270386,0.2522674798965454,0.0,0.17572355642914772,74
SLAKE_STAGE2_BANK16,110,F1,0.20793354511260986,0.001114036189392209,34.094563484191895,0.3227011561393738,0.0,0.2846858873963356,75
SLAKE_STAGE2_BANK16,110,F1,0.21005289256572723,0.059351157397031784,34.52290391921997,0.19011108577251434,0.0,0.17733146250247955,76
SLAKE_STAGE2_BANK16,110,F1,0.21222949028015137,0.0024775865022093058,34.970022678375244,0.27058079838752747,0.0,0.1601332612335682,77
SLAKE_STAGE2_BANK16,110,F1,0.2120470553636551,0.0007604160346090794,35.39917016029358,0.2841353118419647,0.0,0.1666942872107029,78
SLAKE_STAGE2_BANK16,110,F1,0.21179981529712677,0.06190938130021095,35.82643985748291,0.29007381200790405,0.0,0.27548281848430634,79
SLAKE_STAGE2_BANK16,110,F1,0.21165020763874054,0.0011437038192525506,36.272778272628784,0.20407497882843018,0.0,0.17387723922729492,80
SLAKE_STAGE2_BANK16,110,F1,0.21388225257396698,0.000762200157623738,36.72594666481018,0.29068684577941895,0.0,0.15705495700240135,81
SLAKE_STAGE2_BANK16,110,F1,0.21129143238067627,0.001146794413216412,37.16858673095703,0.29107141494750977,0.0,0.1637224182486534,82
SLAKE_STAGE2_BANK16,110,F1,0.21111740171909332,0.002609455492347479,37.62085580825806,0.29657524824142456,0.0,0.2747148349881172,83
SLAKE_STAGE2_BANK16,110,F1,0.21097703278064728,0.06522343307733536,38.05688285827637,0.2088036984205246,0.0,0.17264796793460846,84
SLAKE_STAGE2_BANK16,110,F1,0.20843195915222168,0.06569841504096985,38.501646280288696,0.2725517749786377,0.0,0.15912222489714622,85
SLAKE_STAGE2_BANK16,110,F1,0.20592856407165527,0.0026155717205256224,38.945337772369385,0.27588576078414917,0.0,0.1649915836751461,86
SLAKE_STAGE2_BANK16,110,F1,0.20115648210048676,0.0007871053530834615,39.37946271896362,0.338226854801178,0.0,0.27895260602235794,87
SLAKE_STAGE2_BANK16,110,F1,0.20104654133319855,0.0011875450145453215,39.823182106018066,0.1708841770887375,0.0,0.17858058214187622,88
SLAKE_STAGE2_BANK16,110,F1,0.19859415292739868,0.0007418282330036163,40.25986695289612,0.22958195209503174,0.0,0.16323575749993324,89
SLAKE_STAGE2_BANK16,110,F1,0.19618749618530273,0.002626765752211213,40.71522378921509,0.24600030481815338,0.0,0.16896042600274086,90
SLAKE_STAGE2_BANK16,110,F1,0.1937963366508484,0.0661119893193245,41.169410705566406,0.38165485858917236,0.0,0.2858247607946396,91
SLAKE_STAGE2_BANK16,110,F1,0.19370973110198975,0.0012443001614883542,41.61260724067688,0.15369287133216858,0.0,0.18299145996570587,92
SLAKE_STAGE2_BANK16,110,F1,0.1913520097732544,0.06654057651758194,42.05758619308472,0.20248855650424957,0.0,0.16687674447894096,93
SLAKE_STAGE2_BANK16,110,F1,0.18901975452899933,0.0007967655546963215,42.490914821624756,0.2274259328842163,0.0,0.1730772703886032,94
SLAKE_STAGE2_BANK16,110,F1,0.18673300743103027,0.0027131044771522284,42.93698191642761,0.4363187551498413,0.0,0.29249782115221024,95
SLAKE_STAGE2_BANK16,110,F1,0.1844402551651001,0.0012604367220774293,43.3815758228302,0.15100106596946716,0.0,0.187090165913105,96
SLAKE_STAGE2_BANK16,110,F1,0.184368297457695,0.0012780489632859826,43.824827671051025,0.17773324251174927,0.0,0.17125194519758224,97
SLAKE_STAGE2_BANK16,110,F1,0.18428166210651398,0.000822969654109329,44.27033996582031,0.22132697701454163,0.0,0.17529872432351112,98
SLAKE_STAGE2_BANK16,110,F1,0.1820225864648819,0.06823691725730896,44.71430230140686,0.4639278054237366,0.0,0.29398350417613983,99
SLAKE_STAGE2_BANK16,110,F1,0.1819479614496231,0.002794286934658885,45.16952133178711,0.15474799275398254,0.0,0.18732530623674393,100
SLAKE_STAGE2_BANK16,110,F1,0.1818537563085556,0.0013114532921463251,45.63523459434509,0.17904190719127655,0.0,0.1683502085506916,101
SLAKE_STAGE2_BANK16,110,F1,0.18178851902484894,0.0008272057166323066,46.079233169555664,0.22419704496860504,0.0,0.17215947434306145,102
SLAKE_STAGE2_BANK16,110,F1,0.1817196011543274,0.07086864113807678,46.524418592453,0.46368592977523804,0.0,0.2891525402665138,103
SLAKE_STAGE2_BANK16,110,F1,0.18381476402282715,0.0028714328072965145,46.969391107559204,0.155809223651886,0.0,0.18279458582401276,104
SLAKE_STAGE2_BANK16,110,F1,0.18374301493167877,0.0008433712064288557,47.40652918815613,0.19507400691509247,0.0,0.16485735401511192,105
SLAKE_STAGE2_BANK16,110,F1,0.18368513882160187,0.0013481701025739312,47.846447229385376,0.23510265350341797,0.0,0.1677657701075077,106
SLAKE_STAGE2_BANK16,110,F1,0.18362362682819366,0.07398373633623123,48.290871143341064,0.4477815628051758,0.0,0.2814369574189186,107
SLAKE_STAGE2_BANK16,110,F1,0.18355083465576172,0.0029217274859547615,48.74459910392761,0.16081850230693817,0.0,0.17671696841716766,108
SLAKE_STAGE2_BANK16,110,F1,0.185690239071846,0.07586447149515152,49.19315314292908,0.22278732061386108,0.0,0.15891704335808754,109
SLAKE_STAGE2_BANK16,110,F1,0.1856420636177063,0.0013523335801437497,49.63447165489197,0.25570377707481384,0.0,0.16097618266940117,110
SLAKE_STAGE2_BANK16,110,F1,0.18559278547763824,0.0030263711232692003,50.080830097198486,0.43490463495254517,0.0,0.2738623395562172,111
SLAKE_STAGE2_BANK16,110,F1,0.1855347603559494,0.0008502976270392537,50.52240037918091,0.17022861540317535,0.0,0.17369503155350685,112
SLAKE_STAGE2_BANK16,110,F1,0.18770641088485718,0.0008497831877321005,50.96945357322693,0.24700890481472015,0.0,0.1550593450665474,113
SLAKE_STAGE2_BANK16,110,F1,0.1854284256696701,0.0014492658665403724,51.401504039764404,0.26871058344841003,0.0,0.1575726680457592,114
SLAKE_STAGE2_BANK16,110,F1,0.18319298326969147,0.07944324612617493,51.83823585510254,0.4398612976074219,0.0,0.2692817598581314,115
SLAKE_STAGE2_BANK16,110,F1,0.18535558879375458,0.00306900916621089,52.28221654891968,0.1806163787841797,0.0,0.16995710507035255,116
SLAKE_STAGE2_BANK16,110,F1,0.1853054165840149,0.001432811375707388,52.723366498947144,0.25300857424736023,0.0,0.15250036865472794,117
SLAKE_STAGE2_BANK16,110,F1,0.18525844812393188,0.0008678198792040348,53.163652181625366,0.28273805975914,0.0,0.15429901331663132,118
SLAKE_STAGE2_BANK16,110,F1,0.18085545301437378,0.0031664639245718718,53.62764596939087,0.4635064899921417,0.0,0.26759515702724457,119
SLAKE_STAGE2_BANK16,110,F1,0.18299348652362823,0.08210068941116333,54.06428122520447,0.18291962146759033,0.0,0.1690967008471489,120
SLAKE_STAGE2_BANK16,110,F1,0.18079198896884918,0.0008180927252396941,54.53469276428223,0.24385879933834076,0.0,0.15181254222989082,121
SLAKE_STAGE2_BANK16,110,F1,0.17858938872814178,0.0014934499049559236,54.968454122543335,0.27341896295547485,0.0,0.15292399376630783,122
SLAKE_STAGE2_BANK16,110,F1,0.17642749845981598,0.0033518443815410137,55.424766302108765,0.4927287697792053,0.0,0.2659337595105171,123
SLAKE_STAGE2_BANK16,110,F1,0.176405131816864,0.08348426222801208,55.867902517318726,0.1795482039451599,0.0,0.1689973846077919,124
SLAKE_STAGE2_BANK16,110,F1,0.1763664335012436,0.000883509695995599,56.313843965530396,0.2317749410867691,0.0,0.15241122618317604,125
SLAKE_STAGE2_BANK16,110,F1,0.17422789335250854,0.0015430474886670709,56.747642517089844,0.26832354068756104,0.0,0.15287920460104942,126
SLAKE_STAGE2_BANK16,110,F1,0.1741877794265747,0.0033784685656428337,57.19280290603638,0.5159838795661926,0.0,0.2642918601632118,127
SLAKE_STAGE2_BANK16,110,F1,0.1720666140317917,0.08625023066997528,57.62572455406189,0.18287552893161774,0.0,0.1674182377755642,128
SLAKE_STAGE2_BANK16,110,F1,0.1741296499967575,0.0034781694412231445,58.08062505722046,0.2386530637741089,0.0,0.1499461866915226,129
SLAKE_STAGE2_BANK16,110,F1,0.17202121019363403,0.0008878733497112989,58.5219783782959,0.276799738407135,0.0,0.14927012100815773,130
SLAKE_STAGE2_BANK16,110,F1,0.16992096602916718,0.08711851388216019,58.96742820739746,0.5396119952201843,0.0,0.2611217573285103,131
SLAKE_STAGE2_BANK16,110,F1,0.17196683585643768,0.0015800390392541885,59.41442155838013,0.19089944660663605,0.0,0.16317978873848915,132
SLAKE_STAGE2_BANK16,110,F1,0.16986428201198578,0.0015883410815149546,59.858476638793945,0.23850210011005402,0.0,0.14698990061879158,133
SLAKE_STAGE2_BANK16,110,F1,0.17191694676876068,0.0035892664454877377,60.31389927864075,0.29281938076019287,0.0,0.14578790590167046,134
SLAKE_STAGE2_BANK16,110,F1,0.1698242574930191,0.08960582315921783,60.750123262405396,0.5388627052307129,0.0,0.25550107657909393,135
SLAKE_STAGE2_BANK16,110,F1,0.16980518400669098,0.0008789784042164683,61.199562311172485,0.19713424146175385,0.0,0.15923336148262024,136
SLAKE_STAGE2_BANK16,110,F1,0.16977538168430328,0.003712740959599614,61.65845823287964,0.2622607946395874,0.0,0.14238647371530533,137
SLAKE_STAGE2_BANK16,110,F1,0.16976450383663177,0.0016495506279170513,62.09062457084656,0.3085387051105499,0.0,0.14025591686367989,138
SLAKE_STAGE2_BANK16,110,F1,0.16769176721572876,0.09201478213071823,62.53443431854248,0.5482147336006165,0.0,0.24969034641981125,139
SLAKE_STAGE2_BANK16,110,F1,0.16768355667591095,0.0009378026588819921,62.96921896934509,0.2041211575269699,0.0,0.15469446033239365,140
SLAKE_STAGE2_BANK16,110,F1,0.1697155386209488,0.0009381133131682873,63.435176849365234,0.2816533148288727,0.0,0.13962848857045174,141
SLAKE_STAGE2_BANK16,110,F1,0.16764773428440094,0.0039040539413690567,63.88668942451477,0.32273000478744507,0.0,0.1358940415084362,142
SLAKE_STAGE2_BANK16,110,F1,0.16559965908527374,0.09392121434211731,64.33381199836731,0.5562684535980225,0.0,0.24424440413713455,143
SLAKE_STAGE2_BANK16,110,F1,0.1655922681093216,0.0017282682238146663,64.77801418304443,0.2095940113067627,0.0,0.15147119387984276,144
SLAKE_STAGE2_BANK16,110,F1,0.16558954119682312,0.09493071585893631,65.22143936157227,0.28376853466033936,0.0,0.13693952560424805,145
SLAKE_STAGE2_BANK16,110,F1,0.16355885565280914,0.0017712169792503119,65.66723251342773,0.32579678297042847,0.0,0.1324490923434496,146
SLAKE_STAGE2_BANK16,110,F1,0.15959100425243378,0.0009122208575718105,66.11007499694824,0.6011338233947754,0.0,0.24154169857501984,147
SLAKE_STAGE2_BANK16,110,F1,0.161556676030159,0.004059121012687683,66.55592513084412,0.2096501886844635,0.0,0.14896415546536446,148
SLAKE_STAGE2_BANK16,110,F1,0.16155651211738586,0.004047175869345665,67.00693392753601,0.27845004200935364,0.0,0.1347816288471222,149
SLAKE_STAGE2_BANK16,110,F1,0.15762211382389069,0.0018063709139823914,67.44448375701904,0.3130660653114319,0.0,0.13074747659265995,150
SLAKE_STAGE2_BANK16,110,F1,0.15568114817142487,0.09606290608644485,67.8874192237854,0.6311558485031128,0.0,0.23861388862133026,151
SLAKE_STAGE2_BANK16,110,F1,0.1556820124387741,0.0009302138350903988,68.33224034309387,0.206376314163208,0.0,0.14589717611670494,152
SLAKE_STAGE2_BANK16,110,F1,0.15568950772285461,0.0009430269710719585,68.77757287025452,0.2737956643104553,0.0,0.13104530423879623,153
SLAKE_STAGE2_BANK16,110,F1,0.1556963473558426,0.0018325240816920996,69.22134733200073,0.3327135443687439,0.0,0.12566114962100983,154
SLAKE_STAGE2_BANK16,110,F1,0.15377961099147797,0.0974489077925682,69.66628742218018,0.617512583732605,0.0,0.22935056686401367,155
SLAKE_STAGE2_BANK16,110,F1,0.15379038453102112,0.004365809727460146,70.12184977531433,0.21336302161216736,0.0,0.14116299524903297,156
SLAKE_STAGE2_BANK16,110,F1,0.1538037806749344,0.004361249972134829,70.56565809249878,0.2884640693664551,0.0,0.1277312021702528,157
SLAKE_STAGE2_BANK16,110,F1,0.15381969511508942,0.0019130874425172806,71.00151681900024,0.3545033633708954,0.0,0.12087908387184143,158
SLAKE_STAGE2_BANK16,110,F1,0.15192842483520508,0.0009380115079693496,71.44514989852905,0.637155294418335,0.0,0.22539523988962173,159
SLAKE_STAGE2_BANK16,110,F1,0.1519433856010437,0.09865723550319672,71.88815188407898,0.22372087836265564,0.0,0.13658267259597778,160
SLAKE_STAGE2_BANK16,110,F2,3.4457437992095947,0.0035869188141077757,0.733858585357666,9.088306427001953,2.8340718746185303,0.0001098048232961446,1
SLAKE_STAGE2_BANK16,110,F2,3.318166971206665,0.0015550198731943965,1.3494412899017334,9.113845825195312,2.7383859157562256,0.00014301967166829854,2
SLAKE_STAGE2_BANK16,110,F2,3.1932060718536377,0.0015369616448879242,1.9677073955535889,9.12529468536377,2.6446566581726074,0.00015936420822981745,3
SLAKE_STAGE2_BANK16,110,F2,3.063042402267456,0.19434520602226257,2.5869202613830566,9.116771697998047,2.547025203704834,0.0001392841513734311,4
SLAKE_STAGE2_BANK16,110,F2,2.935500383377075,0.1814603954553604,3.203007459640503,9.06907844543457,2.4513540267944336,0.00015177739260252565,5
SLAKE_STAGE2_BANK16,110,F2,2.810572624206543,0.0014220740413293242,3.81640625,8.993353843688965,2.357639789581299,0.00022357996931532398,6
SLAKE_STAGE2_BANK16,110,F2,2.6830737590789795,0.0033146271016448736,4.4431421756744385,8.890018463134766,2.2619848251342773,0.00035381947964197025,7
SLAKE_STAGE2_BANK16,110,F2,2.5608181953430176,0.0013488807016983628,5.059601545333862,8.75981616973877,2.1702492237091064,0.00026005489053204656,8
SLAKE_STAGE2_BANK16,110,F2,2.441202163696289,0.13098028302192688,5.686192512512207,8.602738380432129,2.080477714538574,0.00033361438545398414,9
SLAKE_STAGE2_BANK16,110,F2,2.324241876602173,0.0012648450210690498,6.3056886196136475,8.403227806091309,1.9926742315292358,0.000515402207383886,10
SLAKE_STAGE2_BANK16,110,F2,2.2125632762908936,0.0012898434652015567,6.921659231185913,8.179336547851562,1.9088009595870972,0.0010510975553188473,11
SLAKE_STAGE2_BANK16,110,F2,2.1035802364349365,0.0032125799916684628,7.555409669876099,7.946710109710693,1.826911449432373,0.0006939287413842976,12
SLAKE_STAGE2_BANK16,110,F2,1.9921350479125977,0.0011588948545977473,8.173378944396973,7.685570240020752,1.7431094646453857,0.0009373125212732702,13
SLAKE_STAGE2_BANK16,110,F2,1.8886522054672241,0.003068308811634779,8.800425291061401,7.405031681060791,1.6652203798294067,0.0014085745788179338,14
SLAKE_STAGE2_BANK16,110,F2,1.7905572652816772,0.0012559028109535575,9.416881799697876,7.091222286224365,1.5912853479385376,0.0031401626183651388,15
SLAKE_STAGE2_BANK16,110,F2,1.6953191757202148,0.06355436891317368,10.035537481307983,6.822412490844727,1.519386887550354,0.001990163349546492,16
SLAKE_STAGE2_BANK16,110,F2,1.605595588684082,0.0010573196923360229,10.649375200271606,6.51046895980835,1.45150625705719,0.002587168477475643,17
SLAKE_STAGE2_BANK16,110,F2,1.5188204050064087,0.05130992829799652,11.266651391983032,6.193831443786621,1.3856803178787231,0.003713548998348415,18
SLAKE_STAGE2_BANK16,110,F2,1.435144066810608,0.002860778011381626,11.893553972244263,5.820167064666748,1.3219820261001587,0.00820163288153708,19
SLAKE_STAGE2_BANK16,110,F2,1.3544429540634155,0.0009704711847007275,12.50895094871521,5.560208320617676,1.2602920532226562,0.0051890157628804445,20
SLAKE_STAGE2_BANK16,110,F2,1.2797118425369263,0.03831098601222038,13.156391620635986,5.24968957901001,1.2028602361679077,0.006388569250702858,21
SLAKE_STAGE2_BANK16,110,F2,1.210744023323059,0.0009059892618097365,13.772706747055054,4.926469802856445,1.1495252847671509,0.00878116860985756,22
SLAKE_STAGE2_BANK16,110,F2,1.1400269269943237,0.002678361488506198,14.400006532669067,4.513124942779541,1.0944254398345947,0.01910511264577508,23
SLAKE_STAGE2_BANK16,110,F2,1.077839970588684,0.0009066364727914333,15.015913724899292,4.317515850067139,1.0455207824707031,0.011891407892107964,24
SLAKE_STAGE2_BANK16,110,F2,1.0163167715072632,0.0008856208296492696,15.631145000457764,4.032339572906494,0.9966383576393127,0.013876148033887148,25
SLAKE_STAGE2_BANK16,110,F2,0.9608101844787598,0.0008208543877117336,16.247411251068115,3.7446093559265137,0.9520007967948914,0.018332231789827347,26
SLAKE_STAGE2_BANK16,110,F2,0.9055781364440918,0.002581703709438443,16.874914169311523,3.334287405014038,0.906995952129364,0.03775298409163952,27
SLAKE_STAGE2_BANK16,110,F2,0.8558911681175232,0.02126949280500412,17.500128746032715,3.2539031505584717,0.8658515810966492,0.023815516382455826,28
SLAKE_STAGE2_BANK16,110,F2,0.8063811659812927,0.0007799590821377933,18.11572003364563,3.050501823425293,0.8243053555488586,0.02635992504656315,29
SLAKE_STAGE2_BANK16,110,F2,0.7622044682502747,0.018112437799572945,18.7316734790802,2.831805467605591,0.7864521741867065,0.033668166026473045,30
SLAKE_STAGE2_BANK16,110,F2,0.7130864262580872,0.0007935434696264565,19.34032106399536,2.4415903091430664,0.7437939047813416,0.0669881571084261,31
SLAKE_STAGE2_BANK16,110,F2,0.67350834608078,0.0023843110539019108,19.971056938171387,2.450110673904419,0.708633303642273,0.04279500991106033,32
SLAKE_STAGE2_BANK16,110,F2,0.628871500492096,0.0007385674398392439,20.589632749557495,2.283308744430542,0.6683322787284851,0.04565921798348427,33
SLAKE_STAGE2_BANK16,110,F2,0.5895631909370422,0.0007293185335583985,21.207252740859985,2.088526725769043,0.6320074796676636,0.05564923398196697,34
SLAKE_STAGE2_BANK16,110,F2,0.5551208853721619,0.012795562855899334,21.827534437179565,1.694135308265686,0.5993902087211609,0.10676534101366997,35
SLAKE_STAGE2_BANK16,110,F2,0.5166143774986267,0.0022765567991882563,22.451569318771362,1.7291172742843628,0.5622442960739136,0.06860125996172428,36
SLAKE_STAGE2_BANK16,110,F2,0.4835059344768524,0.0007147649303078651,23.067059755325317,1.601184606552124,0.5292263031005859,0.07096259668469429,37
SLAKE_STAGE2_BANK16,110,F2,0.4513244926929474,0.01069506723433733,23.68337893486023,1.4267470836639404,0.49622198939323425,0.08500906825065613,38
SLAKE_STAGE2_BANK16,110,F2,0.41704070568084717,0.0007173919002525508,24.301173448562622,1.0195982456207275,0.45969605445861816,0.1571463644504547,39
SLAKE_STAGE2_BANK16,110,F2,0.38747501373291016,0.0022198441438376904,24.926833868026733,0.9491350054740906,0.4476882219314575,0.10385621711611748,40
SLAKE_STAGE2_BANK16,110,F2,0.3626182973384857,0.009226791560649872,25.553880214691162,0.8747723698616028,0.4473506212234497,0.10525499656796455,41
SLAKE_STAGE2_BANK16,110,F2,0.33862707018852234,0.0007252428331412375,26.170339345932007,0.7522954940795898,0.4509660005569458,0.12356598302721977,42
SLAKE_STAGE2_BANK16,110,F2,0.3129526376724243,0.002199782058596611,26.796923637390137,0.42694947123527527,0.44689875841140747,0.21985263377428055,43
SLAKE_STAGE2_BANK16,110,F2,0.29141679406166077,0.0006259665242396295,27.422881603240967,0.5070042014122009,0.44667230546474457,0.14703147485852242,44
SLAKE_STAGE2_BANK16,110,F2,0.2706913352012634,0.009080030024051666,28.049866914749146,0.4692133367061615,0.44647568464279175,0.1468205265700817,45
SLAKE_STAGE2_BANK16,110,F2,0.25384268164634705,0.002122972160577774,28.675976037979126,0.4207456409931183,0.44632330536842346,0.1666814312338829,46
SLAKE_STAGE2_BANK16,110,F2,0.24040110409259796,0.0006457063718698919,29.292996644973755,0.3510197103023529,0.4501839876174927,0.28346727043390274,47
SLAKE_STAGE2_BANK16,110,F2,0.22719569504261017,0.0007465132512152195,29.909777641296387,0.2688182592391968,0.4500434845685959,0.19193217158317566,48
SLAKE_STAGE2_BANK16,110,F2,0.21468311548233032,0.0007697626715525985,30.525538206100464,0.27103957533836365,0.4460018426179886,0.18452636897563934,49
SLAKE_STAGE2_BANK16,110,F2,0.20497752726078033,0.0006645332905463874,31.141637563705444,0.31591442227363586,0.44594502449035645,0.2040773257613182,50
SLAKE_STAGE2_BANK16,110,F2,0.19545595347881317,0.012493206188082695,31.76619815826416,0.48594117164611816,0.445860356092453,0.3341789245605469,51
SLAKE_STAGE2_BANK16,110,F2,0.1862439662218094,0.0021942395251244307,32.393850564956665,0.2746763527393341,0.4418819397687912,0.225606307387352,52
SLAKE_STAGE2_BANK16,110,F2,0.17958509922027588,0.014971158467233181,33.02036738395691,0.25671839714050293,0.4418482631444931,0.21238181740045547,53
SLAKE_STAGE2_BANK16,110,F2,0.1749729961156845,0.0008000749512575567,33.63603186607361,0.34215331077575684,0.44177648425102234,0.22963066399097443,54
SLAKE_STAGE2_BANK16,110,F2,0.17039532959461212,0.002197863766923547,34.26372504234314,0.5962314605712891,0.44173792004585266,0.36210453510284424,55
SLAKE_STAGE2_BANK16,110,F2,0.16797757148742676,0.0007277855183929205,34.87983155250549,0.3347936272621155,0.44561567902565,0.24481891840696335,56
SLAKE_STAGE2_BANK16,110,F2,0.16556638479232788,0.0008473728667013347,35.49550819396973,0.2827410101890564,0.44167760014533997,0.22406836599111557,57
SLAKE_STAGE2_BANK16,110,F2,0.16507063806056976,0.0022022766061127186,36.12203288078308,0.35539883375167847,0.44163256883621216,0.23616694658994675,58
SLAKE_STAGE2_BANK16,110,F2,0.16267326474189758,0.02544889599084854,36.747774839401245,0.6251205801963806,0.43771958351135254,0.3658071905374527,59
SLAKE_STAGE2_BANK16,110,F2,0.1642051339149475,0.0007586009451188147,37.363544940948486,0.3310784101486206,0.4415994882583618,0.24235214293003082,60
SLAKE_STAGE2_BANK16,110,F2,0.167574942111969,0.0022529754787683487,37.977818727493286,0.2600099742412567,0.44548970460891724,0.22018320858478546,61
SLAKE_STAGE2_BANK16,110,F2,0.16712306439876556,0.0008862377726472914,38.586899757385254,0.3265223503112793,0.44156596064567566,0.2288508042693138,62
SLAKE_STAGE2_BANK16,110,F2,0.17072342336177826,0.03487168624997139,39.20545244216919,0.5729970335960388,0.44154223799705505,0.35132069885730743,63
SLAKE_STAGE2_BANK16,110,F2,0.17231129109859467,0.0007626398582942784,39.8291974067688,0.2671072781085968,0.4376255124807358,0.226884163916111,64
SLAKE_STAGE2_BANK16,110,F2,0.17594842612743378,0.03930285945534706,40.449257612228394,0.20523971319198608,0.4415278136730194,0.2039882242679596,65
SLAKE_STAGE2_BANK16,110,F2,0.1776369959115982,0.0007609858876094222,41.06617474555969,0.2662377953529358,0.43760640919208527,0.20930811017751694,66
SLAKE_STAGE2_BANK16,110,F2,0.18359561264514923,0.0023816844914108515,41.69571018218994,0.4900771677494049,0.441508412361145,0.32765209674835205,67
SLAKE_STAGE2_BANK16,110,F2,0.18539567291736603,0.000994789064861834,42.31580567359924,0.19414030015468597,0.43759405612945557,0.2078154757618904,68
SLAKE_STAGE2_BANK16,110,F2,0.1893472671508789,0.0483442023396492,42.93460249900818,0.18172581493854523,0.44148866832256317,0.18740935996174812,69
SLAKE_STAGE2_BANK16,110,F2,0.19344091415405273,0.000739657087251544,43.55887222290039,0.23683971166610718,0.43757806718349457,0.19065192341804504,70
SLAKE_STAGE2_BANK16,110,F2,0.19539928436279297,0.002402178244665265,44.18778705596924,0.4043164849281311,0.43757711350917816,0.30157484114170074,71
SLAKE_STAGE2_BANK16,110,F2,0.19955985248088837,0.001028156140819192,44.80504655838013,0.16720478236675262,0.43366581201553345,0.189698725938797,72
SLAKE_STAGE2_BANK16,110,F2,0.2039136439561844,0.0007541011436842382,45.426281452178955,0.22264894843101501,0.43756528198719025,0.1707090549170971,73
SLAKE_STAGE2_BANK16,110,F2,0.2059922069311142,0.002469101920723915,46.065964221954346,0.2578984797000885,0.4375612288713455,0.17589403316378593,74
SLAKE_STAGE2_BANK16,110,F2,0.20809130370616913,0.0010930098360404372,46.691169023513794,0.329023152589798,0.4375607818365097,0.28306081146001816,75
SLAKE_STAGE2_BANK16,110,F2,0.21022449433803558,0.061335429549217224,47.31620144844055,0.19604365527629852,0.4336511343717575,0.17825257778167725,76
SLAKE_STAGE2_BANK16,110,F2,0.21237625181674957,0.0024331959430128336,47.94653606414795,0.27619311213493347,0.43364934623241425,0.16020869091153145,77
SLAKE_STAGE2_BANK16,110,F2,0.21219058334827423,0.0007485449314117432,48.56431293487549,0.2902964651584625,0.433643639087677,0.16609442979097366,78
SLAKE_STAGE2_BANK16,110,F2,0.21192778646945953,0.0642353966832161,49.188533544540405,0.2989036440849304,0.4336455166339874,0.2738952711224556,79
SLAKE_STAGE2_BANK16,110,F2,0.21415936946868896,0.0011479429667815566,49.81493258476257,0.22339186072349548,0.4336422085762024,0.17186573892831802,80
SLAKE_STAGE2_BANK16,110,F2,0.2139824479818344,0.0007667406462132931,50.46161222457886,0.29821890592575073,0.4336402714252472,0.15646528080105782,81
SLAKE_STAGE2_BANK16,110,F2,0.21141988039016724,0.0011521714041009545,51.08039355278015,0.29794347286224365,0.42973290383815765,0.1632915399968624,82
SLAKE_STAGE2_BANK16,110,F2,0.20885777473449707,0.0026180914137512445,51.716328859329224,0.3133663833141327,0.42973460257053375,0.27351734042167664,83
SLAKE_STAGE2_BANK16,110,F2,0.20872676372528076,0.06724471598863602,52.33858561515808,0.2089051455259323,0.4297337830066681,0.1735149845480919,84
SLAKE_STAGE2_BANK16,110,F2,0.2085348218679428,0.06719455122947693,52.96072578430176,0.2781280279159546,0.43363918364048004,0.15918123349547386,85
SLAKE_STAGE2_BANK16,110,F2,0.20370931923389435,0.002608006587252021,53.587985038757324,0.2764250636100769,0.4258260577917099,0.1650988832116127,86
SLAKE_STAGE2_BANK16,110,F2,0.20124202966690063,0.000776764762122184,54.20789289474487,0.357658714056015,0.4297308474779129,0.2802416905760765,87
SLAKE_STAGE2_BANK16,110,F2,0.2011020928621292,0.0011817103950306773,54.83007621765137,0.18495787680149078,0.42973122000694275,0.17776459455490112,88
SLAKE_STAGE2_BANK16,110,F2,0.1986885666847229,0.0007860047044232488,55.451552629470825,0.23777316510677338,0.42973048985004425,0.16328992694616318,89
SLAKE_STAGE2_BANK16,110,F2,0.19627107679843903,0.0026748282834887505,56.084131479263306,0.254019170999527,0.42582346498966217,0.16906356438994408,90
SLAKE_STAGE2_BANK16,110,F2,0.19164027273654938,0.06803503632545471,56.70489025115967,0.4063349664211273,0.4219188839197159,0.2858487144112587,91
SLAKE_STAGE2_BANK16,110,F2,0.19153322279453278,0.0012451699003577232,57.326950788497925,0.16980122029781342,0.421919047832489,0.18172993510961533,92
SLAKE_STAGE2_BANK16,110,F2,0.18919260799884796,0.06898004561662674,57.947877168655396,0.20747728645801544,0.4219166785478592,0.1662381887435913,93
SLAKE_STAGE2_BANK16,110,F2,0.18909518420696259,0.0007941211806610227,58.56839156150818,0.23947900533676147,0.42191746830940247,0.17185917869210243,94
SLAKE_STAGE2_BANK16,110,F2,0.18678022921085358,0.0027237734757363796,59.196826457977295,0.4477470815181732,0.4219149053096771,0.2898855581879616,95
SLAKE_STAGE2_BANK16,110,F2,0.18669815361499786,0.0012486866908147931,59.8120551109314,0.17188005149364471,0.42581936717033386,0.186248317360878,96
SLAKE_STAGE2_BANK16,110,F2,0.18444019556045532,0.0012517856666818261,60.42867183685303,0.19735759496688843,0.41800953447818756,0.167285043746233,97
SLAKE_STAGE2_BANK16,110,F2,0.18217138946056366,0.0008162525482475758,61.04401755332947,0.23453114926815033,0.4140996187925339,0.17271507158875465,98
SLAKE_STAGE2_BANK16,110,F2,0.1820862889289856,0.07103651016950607,61.664740324020386,0.4783075451850891,0.4180060178041458,0.29101109504699707,99
SLAKE_STAGE2_BANK16,110,F2,0.1820039600133896,0.0028645030688494444,62.292049169540405,0.17635256052017212,0.41409914195537567,0.1830090954899788,100
SLAKE_STAGE2_BANK16,110,F2,0.18192578852176666,0.001296707196161151,62.9157190322876,0.1980200707912445,0.41409824788570404,0.1663946844637394,101
SLAKE_STAGE2_BANK16,110,F2,0.18184663355350494,0.0008341855136677623,63.53159284591675,0.2407187819480896,0.4140971750020981,0.17018691077828407,102
SLAKE_STAGE2_BANK16,110,F2,0.18177644908428192,0.07373405992984772,64.15086936950684,0.4768490791320801,0.4140980541706085,0.2845374494791031,103
SLAKE_STAGE2_BANK16,110,F2,0.18170218169689178,0.0029201486613601446,64.74406147003174,0.18175406754016876,0.4101916253566742,0.17982526868581772,104
SLAKE_STAGE2_BANK16,110,F2,0.18163065612316132,0.0008397689089179039,65.29335856437683,0.21232695877552032,0.4062829464673996,0.1616385206580162,105
SLAKE_STAGE2_BANK16,110,F2,0.18155287206172943,0.0013372725807130337,65.84344029426575,0.251647412776947,0.4062815308570862,0.16521335393190384,106
SLAKE_STAGE2_BANK16,110,F2,0.18149149417877197,0.07688397914171219,66.39624619483948,0.46814271807670593,0.40237613022327423,0.275619812309742,107
SLAKE_STAGE2_BANK16,110,F2,0.18360988795757294,0.002991653513163328,66.96247792243958,0.1890546679496765,0.4062802791595459,0.1746411733329296,108
SLAKE_STAGE2_BANK16,110,F2,0.18354786932468414,0.07870323956012726,67.51558470726013,0.23841020464897156,0.4023745656013489,0.15641983970999718,109
SLAKE_STAGE2_BANK16,110,F2,0.18348324298858643,0.0014031237224116921,68.06637191772461,0.27037617564201355,0.40237466990947723,0.15976370126008987,110
SLAKE_STAGE2_BANK16,110,F2,0.18342643976211548,0.0030642126221209764,68.63478231430054,0.47001025080680847,0.40237317979335785,0.2709871158003807,111
SLAKE_STAGE2_BANK16,110,F2,0.1855735033750534,0.0008337758481502533,69.186940908432,0.2040005624294281,0.4023711085319519,0.1688263975083828,112
SLAKE_STAGE2_BANK16,110,F2,0.1833309680223465,0.0007899209158495069,69.73961997032166,0.2534596920013428,0.39846551418304443,0.15320346876978874,113
SLAKE_STAGE2_BANK16,110,F2,0.18327438831329346,0.0014555236557498574,70.29034304618835,0.288075715303421,0.3945591002702713,0.1544857695698738,114
SLAKE_STAGE2_BANK16,110,F2,0.18106871843338013,0.08315971493721008,70.8432366847992,0.4702684283256531,0.3906518816947937,0.26360832899808884,115
SLAKE_STAGE2_BANK16,110,F2,0.1831890493631363,0.003260454162955284,71.40858316421509,0.21265849471092224,0.3906509280204773,0.16545134037733078,116
SLAKE_STAGE2_BANK16,110,F2,0.18098174035549164,0.0014292194973677397,71.96078729629517,0.25963667035102844,0.3906518220901489,0.1512487642467022,117
SLAKE_STAGE2_BANK16,110,F2,0.1809287667274475,0.0008383545791730285,72.51285481452942,0.29891449213027954,0.386743426322937,0.1512235663831234,118
SLAKE_STAGE2_BANK16,110,F2,0.17875231802463531,0.0033318442292511463,73.07887530326843,0.48947978019714355,0.38283829391002655,0.2591489776968956,119
SLAKE_STAGE2_BANK16,110,F2,0.1765740066766739,0.08603161573410034,73.63085865974426,0.21182465553283691,0.3789311945438385,0.16384589299559593,120
SLAKE_STAGE2_BANK16,110,F2,0.17867320775985718,0.0008280694019049406,74.19011807441711,0.2664664089679718,0.38283582031726837,0.1487475447356701,121
SLAKE_STAGE2_BANK16,110,F2,0.17650867998600006,0.0015115048736333847,74.74244284629822,0.29924672842025757,0.3789307326078415,0.14930465817451477,122
SLAKE_STAGE2_BANK16,110,F2,0.1743604987859726,0.0033919622655957937,75.30799174308777,0.5218822360038757,0.37502361834049225,0.2575230747461319,123
SLAKE_STAGE2_BANK16,110,F2,0.17644210159778595,0.08829719573259354,75.85963225364685,0.22246216237545013,0.3789297789335251,0.16156113520264626,124
SLAKE_STAGE2_BANK16,110,F2,0.17429618537425995,0.0008649858646094799,76.41107726097107,0.2681243121623993,0.3711168169975281,0.14576194062829018,125
SLAKE_STAGE2_BANK16,110,F2,0.17217522859573364,0.001566339167766273,76.9617190361023,0.2993694245815277,0.371117502450943,0.14801843091845512,126
SLAKE_STAGE2_BANK16,110,F2,0.17006991803646088,0.0035183546133339405,77.52962946891785,0.5511682033538818,0.363304540514946,0.25468502193689346,127
SLAKE_STAGE2_BANK16,110,F2,0.17211861908435822,0.09068591147661209,78.08197236061096,0.2252362221479416,0.3672090321779251,0.15954317897558212,128
SLAKE_STAGE2_BANK16,110,F2,0.17003722488880157,0.0035827606916427612,78.6492567062378,0.2668595314025879,0.35939672589302063,0.14392060413956642,129
SLAKE_STAGE2_BANK16,110,F2,0.16795706748962402,0.0008489933679811656,79.19936084747314,0.30624139308929443,0.35549093782901764,0.14275062456727028,130
SLAKE_STAGE2_BANK16,110,F2,0.16589336097240448,0.09196151793003082,79.75250625610352,0.577850878238678,0.3515845984220505,0.2503697797656059,131
SLAKE_STAGE2_BANK16,110,F2,0.167904332280159,0.0016177563229575753,80.30509519577026,0.23159264028072357,0.3515832871198654,0.1549598164856434,132
SLAKE_STAGE2_BANK16,110,F2,0.16789446771144867,0.0016292406944558024,80.85640001296997,0.2760368585586548,0.3515833020210266,0.14105310663580894,133
SLAKE_STAGE2_BANK16,110,F2,0.1678866147994995,0.0038109663873910904,81.42236685752869,0.32295501232147217,0.3515831232070923,0.1393991783261299,134
SLAKE_STAGE2_BANK16,110,F2,0.1658286303281784,0.0939488559961319,81.97520422935486,0.5856213569641113,0.3476765751838684,0.24610485881567,135
SLAKE_STAGE2_BANK16,110,F2,0.16581857204437256,0.0008540182607248425,82.5284378528595,0.23840181529521942,0.3398634344339371,0.1498408429324627,136
SLAKE_STAGE2_BANK16,110,F2,0.16580452024936676,0.003823235398158431,83.09457731246948,0.2923227846622467,0.33986349403858185,0.13658284023404121,137
SLAKE_STAGE2_BANK16,110,F2,0.16580139100551605,0.0016945659881457686,83.64404964447021,0.33984655141830444,0.33986352384090424,0.13406825438141823,138
SLAKE_STAGE2_BANK16,110,F2,0.1637750118970871,0.0963328629732132,84.1973044872284,0.5912149548530579,0.33595696091651917,0.23924709111452103,139
SLAKE_STAGE2_BANK16,110,F2,0.16376690566539764,0.00084303057519719,84.74915766716003,0.24425511062145233,0.33204975724220276,0.14669999480247498,140
SLAKE_STAGE2_BANK16,110,F2,0.1617790311574936,0.0008798296330496669,85.31193280220032,0.3029318153858185,0.32033179700374603,0.1315845064818859,141
SLAKE_STAGE2_BANK16,110,F2,0.16178347170352936,0.0040862406603991985,85.87722706794739,0.352052241563797,0.320330411195755,0.12828054279088974,142
SLAKE_STAGE2_BANK16,110,F2,0.1598062664270401,0.09782283008098602,86.43101739883423,0.6067597270011902,0.32033148407936096,0.23254012316465378,143
SLAKE_STAGE2_BANK16,110,F2,0.15980826318264008,0.001832765992730856,86.9835901260376,0.25112271308898926,0.312518373131752,0.14073147252202034,144
SLAKE_STAGE2_BANK16,110,F2,0.1578664630651474,0.09894314408302307,87.53911280632019,0.3084471523761749,0.3086122125387192,0.12854641303420067,145
SLAKE_STAGE2_BANK16,110,F2,0.15787751972675323,0.0018332558684051037,88.09083104133606,0.3629743754863739,0.3047061264514923,0.12347453273832798,146
SLAKE_STAGE2_BANK16,110,F2,0.15594613552093506,0.000880340812727809,88.64487099647522,0.6382746696472168,0.30861227214336395,0.22851968556642532,147
SLAKE_STAGE2_BANK16,110,F2,0.15595446527004242,0.00417688162997365,89.20921063423157,0.25039994716644287,0.3047056496143341,0.13894185796380043,148
SLAKE_STAGE2_BANK16,110,F2,0.154061421751976,0.004286051262170076,89.77702903747559,0.3083057701587677,0.29689353704452515,0.12606405280530453,149
SLAKE_STAGE2_BANK16,110,F2,0.15408310294151306,0.0019167570862919092,90.32891392707825,0.36806678771972656,0.29298706352710724,0.12003255635499954,150
SLAKE_STAGE2_BANK16,110,F2,0.15219740569591522,0.0995447114109993,90.88228106498718,0.6538928747177124,0.292986735701561,0.2234250232577324,151
SLAKE_STAGE2_BANK16,110,F2,0.1503462940454483,0.0008688644738867879,91.43414378166199,0.24944151937961578,0.28517507016658783,0.13440832868218422,152
SLAKE_STAGE2_BANK16,110,F2,0.15037201344966888,0.000906216271687299,91.98786449432373,0.31690630316734314,0.2812681198120117,0.12211276777088642,153
SLAKE_STAGE2_BANK16,110,F2,0.14852312207221985,0.0019955639727413654,92.54018306732178,0.36361396312713623,0.2773616909980774,0.11679668724536896,154
SLAKE_STAGE2_BANK16,110,F2,0.14855821430683136,0.09928415715694427,93.09666395187378,0.6698113083839417,0.2773624658584595,0.21705596148967743,155
SLAKE_STAGE2_BANK16,110,F2,0.14858905971050262,0.00437516113743186,93.66652059555054,0.259316623210907,0.2734552174806595,0.13056043162941933,156
SLAKE_STAGE2_BANK16,110,F2,0.14862197637557983,0.004437772091478109,94.23514175415039,0.3433091342449188,0.2656426876783371,0.11721028573811054,157
SLAKE_STAGE2_BANK16,110,F2,0.14498277008533478,0.0020761494524776936,94.78544640541077,0.3834373950958252,0.2578299343585968,0.11124142445623875,158
SLAKE_STAGE2_BANK16,110,F2,0.14320515096187592,0.000886275025550276,95.34072995185852,0.7086154222488403,0.2578306794166565,0.2121562883257866,159
SLAKE_STAGE2_BANK16,110,F2,0.14324714243412018,0.09900150448083878,95.89429950714111,0.2635926306247711,0.25392377376556396,0.12579826638102531,160
SLAKE_STAGE2_BANK16,111,F0,0.0,0.0,0.361417293548584,0.0003287403960712254,0.0,9.951386164175346e-05,1
SLAKE_STAGE2_BANK16,111,F0,0.0,0.0,0.6644980907440186,0.000639190140645951,0.0,0.00013090173524687998,2
SLAKE_STAGE2_BANK16,111,F0,0.0,0.0,0.9488036632537842,0.0005043210694566369,0.0,0.00011729334437404759,3
SLAKE_STAGE2_BANK16,111,F0,0.0,0.0,1.247046709060669,0.0003480698214843869,0.0,0.00010455993106006645,4
SLAKE_STAGE2_BANK16,111,F0,0.0,0.0,1.472891092300415,0.00031678733648732305,0.0,9.389178012497723e-05,5
SLAKE_STAGE2_BANK16,111,F0,0.0,0.0,1.6942925453186035,0.0005110177444294095,0.0,0.00012067107309121639,6
SLAKE_STAGE2_BANK16,111,F0,0.0,0.0,1.9134256839752197,0.00042096065590158105,0.0,0.00010924784874077886,7
SLAKE_STAGE2_BANK16,111,F0,0.0,0.0,2.139378786087036,0.0003447328635957092,0.0,9.883856546366587e-05,8
SLAKE_STAGE2_BANK16,111,F0,0.0,0.0,2.3513035774230957,0.00029945489950478077,0.0,8.971988791017793e-05,9
SLAKE_STAGE2_BANK16,111,F0,0.0,0.0,2.5664405822753906,0.00047032369184307754,0.0,0.00011449290104792453,10
SLAKE_STAGE2_BANK16,111,F0,0.0,0.0,2.7842869758605957,0.00035912837483920157,0.0,0.0001026922109303996,11
SLAKE_STAGE2_BANK16,111,F0,0.0,0.0,3.008288621902466,0.00031972245778888464,0.0,9.399120972375385e-05,12
SLAKE_STAGE2_BANK16,111,F0,0.0,0.0,3.225626230239868,0.0002837428473867476,0.0,8.58062703628093e-05,13
SLAKE_STAGE2_BANK16,111,F0,0.0,0.0,3.441732883453369,0.00044628785690292716,0.0,0.00010978473801515065,14
SLAKE_STAGE2_BANK16,111,F0,0.0,0.0,3.6552157402038574,0.0003492256801109761,0.0,9.768602103576995e-05,15
SLAKE_STAGE2_BANK16,111,F0,0.0,0.0,3.8730201721191406,0.00031214984483085573,0.0,9.055441114469431e-05,16
SLAKE_STAGE2_BANK16,111,F0,0.0,0.0,4.09899377822876,0.00027790898457169533,0.0,8.302504647872411e-05,17
SLAKE_STAGE2_BANK16,111,F0,0.0,0.0,4.315992832183838,0.0004470954299904406,0.0,0.0001066658369381912,18
SLAKE_STAGE2_BANK16,111,F0,0.0,0.0,4.5349273681640625,0.00032971767359413207,0.0,9.351421977044083e-05,19
SLAKE_STAGE2_BANK16,111,F0,0.0,0.0,4.7534918785095215,0.00028632572502829134,0.0,8.677985533722676e-05,20
SLAKE_STAGE2_BANK16,111,F0,0.0,0.0,4.989659070968628,0.0002598375722300261,0.0,8.070069452514872e-05,21
SLAKE_STAGE2_BANK16,111,F0,0.0,0.0,5.209860563278198,0.0004467825929168612,0.0,0.00010396406287327409,22
SLAKE_STAGE2_BANK16,111,F0,0.0,0.0,5.425410747528076,0.00030811488977633417,0.0,9.043500176630914e-05,23
SLAKE_STAGE2_BANK16,111,F0,0.0,0.0,5.643787622451782,0.0002792260784190148,0.0,8.40979082568083e-05,24
SLAKE_STAGE2_BANK16,111,F0,0.0,0.0,5.863362073898315,0.0002535032108426094,0.0,7.837633893359452e-05,25
SLAKE_STAGE2_BANK16,111,F0,0.0,0.0,6.0896148681640625,0.000424872589064762,0.0,0.00010028887845692225,26
SLAKE_STAGE2_BANK16,111,F0,0.0,0.0,6.307424545288086,0.00028831721283495426,0.0,8.765375969232991e-05,27
SLAKE_STAGE2_BANK16,111,F0,0.0,0.0,6.533677816390991,0.0002683423226699233,0.0,8.191261804313399e-05,28
SLAKE_STAGE2_BANK16,111,F0,0.0,0.0,6.752626419067383,0.0002445025311317295,0.0,7.678704423597082e-05,29
SLAKE_STAGE2_BANK16,111,F0,0.0,0.0,6.974826812744141,0.00040178641211241484,0.0,9.862013394013047e-05,30
SLAKE_STAGE2_BANK16,111,F0,0.0,0.0,7.200163125991821,0.00029213764355517924,0.0,8.681938561494462e-05,31
SLAKE_STAGE2_BANK16,111,F0,0.0,0.0,7.423222303390503,0.00025570852449163795,0.0,8.060145410127006e-05,32
SLAKE_STAGE2_BANK16,111,F0,0.0,0.0,7.642438888549805,0.00024195032892748713,0.0,7.515801553381607e-05,33
SLAKE_STAGE2_BANK16,111,F0,0.0,0.0,7.862033367156982,0.0003934076230507344,0.0,9.697126006358303e-05,34
SLAKE_STAGE2_BANK16,111,F0,0.0,0.0,8.08003544807434,0.0002845741983037442,0.0,8.519037874066271e-05,35
SLAKE_STAGE2_BANK16,111,F0,0.0,0.0,8.299255132675171,0.0002564674650784582,0.0,7.944920798763633e-05,36
SLAKE_STAGE2_BANK16,111,F0,0.0,0.0,8.518150329589844,0.00023377221077680588,0.0,7.416469452437013e-05,37
SLAKE_STAGE2_BANK16,111,F0,0.0,0.0,8.737070560455322,0.00038849894190207124,0.0,9.566011067363434e-05,38
SLAKE_STAGE2_BANK16,111,F0,0.0,0.0,8.961679458618164,0.0002809196012094617,0.0,8.376004188903607e-05,39
SLAKE_STAGE2_BANK16,111,F0,0.0,0.0,9.18190860748291,0.00026301955222152174,0.0,7.891283166827634e-05,40
SLAKE_STAGE2_BANK16,111,F0,0.0,0.0,9.417456150054932,0.00023486958525609225,0.0,7.404549432976637e-05,41
SLAKE_STAGE2_BANK16,111,F0,0.0,0.0,9.63762617111206,0.0003984348732046783,0.0,9.438868801225908e-05,42
SLAKE_STAGE2_BANK16,111,F0,0.0,0.0,9.859067678451538,0.0002752267464529723,0.0,8.310446719406173e-05,43
SLAKE_STAGE2_BANK16,111,F0,0.0,0.0,10.080911874771118,0.00025590273435227573,0.0,7.799899685778655e-05,44
SLAKE_STAGE2_BANK16,111,F0,0.0,0.0,10.303778171539307,0.00023463444085791707,0.0,7.32309836166678e-05,45
SLAKE_STAGE2_BANK16,111,F0,0.0,0.0,10.526429891586304,0.00037182364030741155,0.0,9.405096352566034e-05,46
SLAKE_STAGE2_BANK16,111,F0,0.0,0.0,10.747015476226807,0.00026879351935349405,0.0,8.179332144209184e-05,47
SLAKE_STAGE2_BANK16,111,F0,0.0,0.0,10.97082781791687,0.0002583094756118953,0.0,7.784006811561994e-05,48
SLAKE_STAGE2_BANK16,111,F0,0.0,0.0,11.18882131576538,0.0002388516440987587,0.0,7.333032226597425e-05,49
SLAKE_STAGE2_BANK16,111,F0,0.0,0.0,11.41397476196289,0.00036437466042116284,0.0,9.295835479861125e-05,50
SLAKE_STAGE2_BANK16,111,F0,0.0,0.0,11.637014627456665,0.00026940557290799916,0.0,8.171386070898734e-05,51
SLAKE_STAGE2_BANK16,111,F0,0.0,0.0,11.858768701553345,0.00024552925606258214,0.0,7.75421030994039e-05,52
SLAKE_STAGE2_BANK16,111,F0,0.0,0.0,12.082535743713379,0.00022759984130971134,0.0,7.275419557117857e-05,53
SLAKE_STAGE2_BANK16,111,F0,0.0,0.0,12.30068063735962,0.00036829145392403007,0.0,9.240213330485858e-05,54
SLAKE_STAGE2_BANK16,111,F0,0.0,0.0,12.525717496871948,0.00026335546863265336,0.0,8.119735139189288e-05,55
SLAKE_STAGE2_BANK16,111,F0,0.0,0.0,12.750787019729614,0.0002532590879127383,0.0,7.7363321906887e-05,56
SLAKE_STAGE2_BANK16,111,F0,0.0,0.0,12.970739841461182,0.00023185275495052338,0.0,7.287342123163398e-05,57
SLAKE_STAGE2_BANK16,111,F0,0.0,0.0,13.193907022476196,0.0003573247231543064,0.0,9.164723815047182e-05,58
SLAKE_STAGE2_BANK16,111,F0,0.0,0.0,13.415234565734863,0.0002646619104780257,0.0,8.058153252932243e-05,59
SLAKE_STAGE2_BANK16,111,F0,0.0,0.0,13.637193202972412,0.0002586010086815804,0.0,7.724414899712428e-05,60
SLAKE_STAGE2_BANK16,111,F0,0.0,0.0,13.869076251983643,0.0002342169900657609,0.0,7.261516475409735e-05,61
SLAKE_STAGE2_BANK16,111,F0,0.0,0.0,14.093370199203491,0.0003398261032998562,0.0,9.077314825844951e-05,62
SLAKE_STAGE2_BANK16,111,F0,0.0,0.0,14.315151691436768,0.0002691684348974377,0.0,7.98663604655303e-05,63
SLAKE_STAGE2_BANK16,111,F0,0.0,0.0,14.530463457107544,0.0002527921460568905,0.0,7.740307773929089e-05,64
SLAKE_STAGE2_BANK16,111,F0,0.0,0.0,14.749299049377441,0.00023380052880384028,0.0,7.227744390547741e-05,65
SLAKE_STAGE2_BANK16,111,F0,0.0,0.0,14.966941356658936,0.0003354318905621767,0.0,9.013743692776188e-05,66
SLAKE_STAGE2_BANK16,111,F0,0.0,0.0,15.186304092407227,0.0002720407792367041,0.0,7.917105540400371e-05,67
SLAKE_STAGE2_BANK16,111,F0,0.0,0.0,15.404814958572388,0.00026235132827423513,0.0,7.712496517342515e-05,68
SLAKE_STAGE2_BANK16,111,F0,0.0,0.0,15.62393069267273,0.00023111276095733047,0.0,7.18403698556358e-05,69
SLAKE_STAGE2_BANK16,111,F0,0.0,0.0,15.849900722503662,0.0003491207608021796,0.0,8.964080916484818e-05,70
SLAKE_STAGE2_BANK16,111,F0,0.0,0.0,16.063912868499756,0.00027677451726049185,0.0,7.867440945119597e-05,71
SLAKE_STAGE2_BANK16,111,F0,0.0,0.0,16.283363580703735,0.00026212207740172744,0.0,7.706536416662857e-05,72
SLAKE_STAGE2_BANK16,111,F0,0.0,0.0,16.505367517471313,0.00024124128685798496,0.0,7.189995267253835e-05,73
SLAKE_STAGE2_BANK16,111,F0,0.0,0.0,16.72860312461853,0.0003523544583003968,0.0,8.862762479111552e-05,74
SLAKE_STAGE2_BANK16,111,F0,0.0,0.0,16.947338819503784,0.0002640539896674454,0.0,7.815788194420747e-05,75
SLAKE_STAGE2_BANK16,111,F0,0.0,0.0,17.17324709892273,0.0002619402948766947,0.0,7.710509817115963e-05,76
SLAKE_STAGE2_BANK16,111,F0,0.0,0.0,17.39041304588318,0.00024187340750359,0.0,7.189994721557014e-05,77
SLAKE_STAGE2_BANK16,111,F0,0.0,0.0,17.608594179153442,0.0003383655857760459,0.0,8.817070920486003e-05,78
SLAKE_STAGE2_BANK16,111,F0,0.0,0.0,17.827852964401245,0.0002571479126345366,0.0,7.748241841909476e-05,79
SLAKE_STAGE2_BANK16,111,F0,0.0,0.0,18.051337003707886,0.0002559596032369882,0.0,7.718456254224293e-05,80
SLAKE_STAGE2_BANK16,111,F0,0.0,0.0,18.300268411636353,0.00023136996605899185,0.0,7.191980876086745e-05,81
SLAKE_STAGE2_BANK16,111,F0,0.0,0.0,18.51763343811035,0.0003279868687968701,0.0,8.793233064352535e-05,82
SLAKE_STAGE2_BANK16,111,F0,0.0,0.0,18.720505952835083,0.0002604611509013921,0.0,7.71446902945172e-05,83
SLAKE_STAGE2_BANK16,111,F0,0.0,0.0,18.93985390663147,0.0002599700528662652,0.0,7.766136695863679e-05,84
SLAKE_STAGE2_BANK16,111,F0,0.0,0.0,19.15731382369995,0.00023076111392583698,0.0,7.219794679258484e-05,85
SLAKE_STAGE2_BANK16,111,F0,0.0,0.0,19.385037422180176,0.0003204958629794419,0.0,8.679995880811475e-05,86
SLAKE_STAGE2_BANK16,111,F0,0.0,0.0,19.602975845336914,0.00025303129223175347,0.0,7.742282105027698e-05,87
SLAKE_STAGE2_BANK16,111,F0,0.0,0.0,19.83411979675293,0.00025505718076601624,0.0,7.799909872119315e-05,88
SLAKE_STAGE2_BANK16,111,F0,0.0,0.0,20.041224241256714,0.0002326037356397137,0.0,7.182047920650803e-05,89
SLAKE_STAGE2_BANK16,111,F0,0.0,0.0,20.259176015853882,0.00032060183002613485,0.0,8.646222704555839e-05,90
SLAKE_STAGE2_BANK16,111,F0,0.0,0.0,20.486148595809937,0.0002679570170585066,0.0,7.752213787171058e-05,91
SLAKE_STAGE2_BANK16,111,F0,0.0,0.0,20.702605485916138,0.0002633623662404716,0.0,7.819775055395439e-05,92
SLAKE_STAGE2_BANK16,111,F0,0.0,0.0,20.930328607559204,0.0002258083550259471,0.0,7.197940612968523e-05,93
SLAKE_STAGE2_BANK16,111,F0,0.0,0.0,21.148173809051514,0.0003102527989540249,0.0,8.612449892098084e-05,94
SLAKE_STAGE2_BANK16,111,F0,0.0,0.0,21.36457133293152,0.00025899201864376664,0.0,7.754201578791253e-05,95
SLAKE_STAGE2_BANK16,111,F0,0.0,0.0,21.573445320129395,0.0002647186629474163,0.0,7.841628394089639e-05,96
SLAKE_STAGE2_BANK16,111,F0,0.0,0.0,21.808862447738647,0.00022282999998424202,0.0,7.211847150756512e-05,97
SLAKE_STAGE2_BANK16,111,F0,0.0,0.0,22.03160858154297,0.00031790544744580984,0.0,8.594572500442155e-05,98
SLAKE_STAGE2_BANK16,111,F0,0.0,0.0,22.256284952163696,0.00025470845866948366,0.0,7.708510020165704e-05,99
SLAKE_STAGE2_BANK16,111,F0,0.0,0.0,22.464834690093994,0.0002639699960127473,0.0,7.855537114664912e-05,100
SLAKE_STAGE2_BANK16,111,F0,0.0,0.0,22.707479000091553,0.00022225837165024132,0.0,7.23966040823143e-05,101
SLAKE_STAGE2_BANK16,111,F0,0.0,0.0,22.927252292633057,0.0003172788710799068,0.0,8.527029058313929e-05,102
SLAKE_STAGE2_BANK16,111,F0,0.0,0.0,23.1545467376709,0.00024541717721149325,0.0,7.688646655878983e-05,103
SLAKE_STAGE2_BANK16,111,F0,0.0,0.0,23.376495838165283,0.0002667063963599503,0.0,7.901231583673507e-05,104
SLAKE_STAGE2_BANK16,111,F0,0.0,0.0,23.596014499664307,0.00022179192455951124,0.0,7.257541983562987e-05,105
SLAKE_STAGE2_BANK16,111,F0,0.0,0.0,23.82081699371338,0.0003207069239579141,0.0,8.515112494933419e-05,106
SLAKE_STAGE2_BANK16,111,F0,0.0,0.0,24.044652700424194,0.00024999090237542987,0.0,7.69262042012997e-05,107
SLAKE_STAGE2_BANK16,111,F0,0.0,0.0,24.267000675201416,0.00025900316541083157,0.0,7.978713256306946e-05,108
SLAKE_STAGE2_BANK16,111,F0,0.0,0.0,24.48843741416931,0.00022574704780708998,0.0,7.261517566803377e-05,109
SLAKE_STAGE2_BANK16,111,F0,0.0,0.0,24.710472106933594,0.00032633208320476115,0.0,8.523061114829034e-05,110
SLAKE_STAGE2_BANK16,111,F0,0.0,0.0,24.93450951576233,0.00025982572697103024,0.0,7.73632746131625e-05,111
SLAKE_STAGE2_BANK16,111,F0,0.0,0.0,25.153691291809082,0.0002658589219208807,0.0,8.022421025088988e-05,112
SLAKE_STAGE2_BANK16,111,F0,0.0,0.0,25.37475275993347,0.00022877122682984918,0.0,7.311183981073555e-05,113
SLAKE_STAGE2_BANK16,111,F0,0.0,0.0,25.60219097137451,0.00032343354541808367,0.0,8.531009734724648e-05,114
SLAKE_STAGE2_BANK16,111,F0,0.0,0.0,25.822569847106934,0.00025580328656360507,0.0,7.7442735346267e-05,115
SLAKE_STAGE2_BANK16,111,F0,0.0,0.0,26.046729564666748,0.00026550941402092576,0.0,8.091955533018336e-05,116
SLAKE_STAGE2_BANK16,111,F0,0.0,0.0,26.267187356948853,0.0002378183271503076,0.0,7.346944585151505e-05,117
SLAKE_STAGE2_BANK16,111,F0,0.0,0.0,26.49160361289978,0.0003169961564708501,0.0,8.570743011659943e-05,118
SLAKE_STAGE2_BANK16,111,F0,0.0,0.0,26.712015628814697,0.0002603642060421407,0.0,7.766127964714542e-05,119
SLAKE_STAGE2_BANK16,111,F0,0.0,0.0,26.93625569343567,0.00026730375248007476,0.0,8.153541057254188e-05,120
SLAKE_STAGE2_BANK16,111,F0,0.0,0.0,27.187429189682007,0.00023622404842171818,0.0,7.386675679299515e-05,121
SLAKE_STAGE2_BANK16,111,F0,0.0,0.0,27.405208587646484,0.00031930956174619496,0.0,8.538955444237217e-05,122
SLAKE_STAGE2_BANK16,111,F0,0.0,0.0,27.63053798675537,0.0002624022599775344,0.0,7.831684342818335e-05,123
SLAKE_STAGE2_BANK16,111,F0,0.0,0.0,27.85327386856079,0.00027828090242110193,0.0,8.215124762500636e-05,124
SLAKE_STAGE2_BANK16,111,F0,0.0,0.0,28.077928066253662,0.00023587801842950284,0.0,7.462166286131833e-05,125
SLAKE_STAGE2_BANK16,111,F0,0.0,0.0,28.299058198928833,0.00032446286058984697,0.0,8.550872735213488e-05,126
SLAKE_STAGE2_BANK16,111,F0,0.0,0.0,28.523501873016357,0.0002653530100360513,0.0,7.923064913484268e-05,127
SLAKE_STAGE2_BANK16,111,F0,0.0,0.0,28.74105143547058,0.0002746822719927877,0.0,8.328357216669247e-05,128
SLAKE_STAGE2_BANK16,111,F0,0.0,0.0,28.966876745224,0.00023170126951299608,0.0,7.529707909270655e-05,129
SLAKE_STAGE2_BANK16,111,F0,0.0,0.0,29.19020676612854,0.00029263546457514167,0.0,8.602520392742008e-05,130
SLAKE_STAGE2_BANK16,111,F0,0.0,0.0,29.411657094955444,0.0002643951156642288,0.0,8.008485383470543e-05,131
SLAKE_STAGE2_BANK16,111,F0,0.0,0.0,29.625949144363403,0.0002749053237494081,0.0,8.473377965856344e-05,132
SLAKE_STAGE2_BANK16,111,F0,0.0,0.0,29.845653533935547,0.00024156288418453187,0.0,7.631021799170412e-05,133
SLAKE_STAGE2_BANK16,111,F0,0.0,0.0,30.0646870136261,0.0003166001115459949,0.0,8.652181350043975e-05,134
SLAKE_STAGE2_BANK16,111,F0,0.0,0.0,30.290698289871216,0.00026770768454298377,0.0,8.099866317934357e-05,135
SLAKE_STAGE2_BANK16,111,F0,0.0,0.0,30.50625491142273,0.000287804810795933,0.0,8.612436431576498e-05,136
SLAKE_STAGE2_BANK16,111,F0,0.0,0.0,30.725212335586548,0.0002466702717356384,0.0,7.789949449943379e-05,137
SLAKE_STAGE2_BANK16,111,F0,0.0,0.0,30.940871477127075,0.0003126073279418051,0.0,8.727669410291128e-05,138
SLAKE_STAGE2_BANK16,111,F0,0.0,0.0,31.159390211105347,0.0002658602606970817,0.0,8.300509580294602e-05,139
SLAKE_STAGE2_BANK16,111,F0,0.0,0.0,31.371936798095703,0.0002750566345639527,0.0,8.745537343202159e-05,140
SLAKE_STAGE2_BANK16,111,F0,0.0,0.0,31.61590552330017,0.0002457915688864887,0.0,7.925038153189234e-05,141
SLAKE_STAGE2_BANK16,111,F0,0.0,0.0,31.83768343925476,0.0003248324210289866,0.0,8.819051072350703e-05,142
SLAKE_STAGE2_BANK16,111,F0,0.0,0.0,32.05839133262634,0.00026271355454809964,0.0,8.354147576028481e-05,143
SLAKE_STAGE2_BANK16,111,F0,0.0,0.0,32.28165650367737,0.00028975738678127527,0.0,8.904465357773006e-05,144
SLAKE_STAGE2_BANK16,111,F0,0.0,0.0,32.49740695953369,0.00024376905639655888,0.0,8.064100984483957e-05,145
SLAKE_STAGE2_BANK16,111,F0,0.0,0.0,32.716572999954224,0.0003152016724925488,0.0,8.90844821697101e-05,146
SLAKE_STAGE2_BANK16,111,F0,0.0,0.0,32.93038535118103,0.0002574491372797638,0.0,8.503142089466564e-05,147
SLAKE_STAGE2_BANK16,111,F0,0.0,0.0,33.15032482147217,0.0002814088365994394,0.0,9.007769040181302e-05,148
SLAKE_STAGE2_BANK16,111,F0,0.0,0.0,33.37350106239319,0.0002460026880726218,0.0,8.173365495167673e-05,149
SLAKE_STAGE2_BANK16,111,F0,0.0,0.0,33.59259223937988,0.0002947031462099403,0.0,8.952151620178483e-05,150
SLAKE_STAGE2_BANK16,111,F0,0.0,0.0,33.80856966972351,0.0002561280853115022,0.0,8.57068516779691e-05,151
SLAKE_STAGE2_BANK16,111,F0,0.0,0.0,34.028586864471436,0.0002921611303463578,0.0,9.079285155166872e-05,152
SLAKE_STAGE2_BANK16,111,F0,0.0,0.0,34.25485897064209,0.0002475720248185098,0.0,8.268721649073996e-05,153
SLAKE_STAGE2_BANK16,111,F0,0.0,0.0,34.4758996963501,0.00030595032148994505,0.0,8.888576485333033e-05,154
SLAKE_STAGE2_BANK16,111,F0,0.0,0.0,34.695605754852295,0.0002551307843532413,0.0,8.612402598373592e-05,155
SLAKE_STAGE2_BANK16,111,F0,0.0,0.0,34.92048120498657,0.00031094663427211344,0.0,9.166694144369103e-05,156
SLAKE_STAGE2_BANK16,111,F0,0.0,0.0,35.134745836257935,0.00025952424039132893,0.0,8.310439807246439e-05,157
SLAKE_STAGE2_BANK16,111,F0,0.0,0.0,35.35595083236694,0.0002861464745365083,0.0,8.914400314097293e-05,158
SLAKE_STAGE2_BANK16,111,F0,0.0,0.0,35.57440662384033,0.0002558451087679714,0.0,8.652134056319483e-05,159
SLAKE_STAGE2_BANK16,111,F0,0.0,0.0,35.79435205459595,0.0002828392025548965,0.0,9.20046295505017e-05,160
SLAKE_STAGE2_BANK16,111,F1,3.392744302749634,0.0021779481321573257,0.5956809520721436,7.753459453582764,0.0,9.951386164175346e-05,1
SLAKE_STAGE2_BANK16,111,F1,3.275972604751587,0.37554940581321716,1.22175931930542,7.769516944885254,0.0,0.0001375560023006983,2
SLAKE_STAGE2_BANK16,111,F1,3.161848306655884,0.002685983432456851,1.8201844692230225,7.747364521026611,0.0,0.00013681977725354955,3
SLAKE_STAGE2_BANK16,111,F1,3.050457715988159,0.0036087892949581146,2.375950336456299,7.698710918426514,0.0,0.0001253184673259966,4
SLAKE_STAGE2_BANK16,111,F1,2.9390408992767334,0.0035080858506262302,2.809967041015625,7.628731727600098,0.0,0.0001249797423952259,5
SLAKE_STAGE2_BANK16,111,F1,2.8303873538970947,0.3505202829837799,3.2435238361358643,7.543496608734131,0.0,0.0002107852342305705,6
SLAKE_STAGE2_BANK16,111,F1,2.726914167404175,0.002015728270635009,3.680058479309082,7.429687023162842,0.0,0.00024076977570075542,7
SLAKE_STAGE2_BANK16,111,F1,2.6210391521453857,0.00252756685949862,4.112110614776611,7.300548553466797,0.0,0.0002050036782748066,8
SLAKE_STAGE2_BANK16,111,F1,2.5178864002227783,0.0031371992081403732,4.538615703582764,7.16078519821167,0.0,0.00022394473489839584,9
SLAKE_STAGE2_BANK16,111,F1,2.4198970794677734,0.0024998176377266645,4.964436769485474,7.002631664276123,0.0,0.00043877500866074115,10
SLAKE_STAGE2_BANK16,111,F1,2.3249666690826416,0.31935903429985046,5.405697822570801,6.839218616485596,0.0,0.0005667475197697058,11
SLAKE_STAGE2_BANK16,111,F1,2.2296574115753174,0.0018550037639215589,5.83682107925415,6.672110557556152,0.0,0.00044648761104326695,12
SLAKE_STAGE2_BANK16,111,F1,2.1350862979888916,0.0024292715825140476,6.285428285598755,6.48447847366333,0.0,0.0005155571852810681,13
SLAKE_STAGE2_BANK16,111,F1,2.048088312149048,0.001756385900080204,6.715184450149536,6.290186405181885,0.0,0.0010340103472117335,14
SLAKE_STAGE2_BANK16,111,F1,1.9610258340835571,0.29769277572631836,7.159776449203491,6.097126483917236,0.0,0.001469302864279598,15
SLAKE_STAGE2_BANK16,111,F1,1.8798755407333374,0.0025823605246841908,7.573732376098633,5.901549816131592,0.0,0.0010997856152243912,16
SLAKE_STAGE2_BANK16,111,F1,1.8009871244430542,0.2873501777648926,8.012527465820312,5.710225582122803,0.0,0.001281684177229181,17
SLAKE_STAGE2_BANK16,111,F1,1.7248940467834473,0.0024641319178044796,8.430418252944946,5.491243362426758,0.0,0.002425752696581185,18
SLAKE_STAGE2_BANK16,111,F1,1.6461175680160522,0.0016254100482910872,8.850409030914307,5.274670124053955,0.0,0.003673846134915948,19
SLAKE_STAGE2_BANK16,111,F1,1.5753145217895508,0.002215366344898939,9.278065919876099,5.093199729919434,0.0,0.0026165812741965055,20
SLAKE_STAGE2_BANK16,111,F1,1.5073318481445312,0.002267848001793027,9.736595869064331,4.892081260681152,0.0,0.003017940209247172,21
SLAKE_STAGE2_BANK16,111,F1,1.4439373016357422,0.002185720019042492,10.140707969665527,4.683348178863525,0.0,0.005236697383224964,22
SLAKE_STAGE2_BANK16,111,F1,1.3735157251358032,0.0015530253294855356,10.575843334197998,4.446909427642822,0.0,0.008374615805223584,23
SLAKE_STAGE2_BANK16,111,F1,1.3127528429031372,0.26045799255371094,10.997024059295654,4.306803226470947,0.0,0.005752571392804384,24
SLAKE_STAGE2_BANK16,111,F1,1.247196078300476,0.25792235136032104,11.413246631622314,4.119222164154053,0.0,0.0065153720788657665,25
SLAKE_STAGE2_BANK16,111,F1,1.1920963525772095,0.0020721983164548874,11.844020128250122,3.9051783084869385,0.0,0.010465249884873629,26
SLAKE_STAGE2_BANK16,111,F1,1.1364405155181885,0.0014251662651076913,12.299685716629028,3.6535682678222656,0.0,0.017135752830654383,27
SLAKE_STAGE2_BANK16,111,F1,1.0811539888381958,0.0019260210683569312,12.716546297073364,3.556806802749634,0.0,0.011512168683111668,28
SLAKE_STAGE2_BANK16,111,F1,1.0263005495071411,0.0020239821169525385,13.146167039871216,3.3866772651672363,0.0,0.012652263045310974,29
SLAKE_STAGE2_BANK16,111,F1,0.9768366813659668,0.0018282410455867648,13.573104619979858,3.178471326828003,0.0,0.019160153344273567,30
SLAKE_STAGE2_BANK16,111,F1,0.9270438551902771,0.2469671070575714,14.011049509048462,2.8969695568084717,0.0,0.032407921738922596,31
SLAKE_STAGE2_BANK16,111,F1,0.8830131888389587,0.0013262765714898705,14.435701370239258,2.8607990741729736,0.0,0.021184244193136692,32
SLAKE_STAGE2_BANK16,111,F1,0.8387815952301025,0.0019317081896588206,14.864072561264038,2.7111575603485107,0.0,0.022690811194479465,33
SLAKE_STAGE2_BANK16,111,F1,0.7951495051383972,0.2441660314798355,15.305384874343872,2.512596368789673,0.0,0.032424611039459705,34
SLAKE_STAGE2_BANK16,111,F1,0.7528710961341858,0.0016276458045467734,15.73756742477417,2.184541940689087,0.0,0.05548732914030552,35
SLAKE_STAGE2_BANK16,111,F1,0.7106556296348572,0.0012276137713342905,16.18374013900757,2.2185471057891846,0.0,0.035385060124099255,36
SLAKE_STAGE2_BANK16,111,F1,0.6695945262908936,0.24192264676094055,16.61690068244934,2.0824644565582275,0.0,0.037443715147674084,37
SLAKE_STAGE2_BANK16,111,F1,0.6375091671943665,0.0015352842165157199,17.04202127456665,1.8994232416152954,0.0,0.05131094343960285,38
SLAKE_STAGE2_BANK16,111,F1,0.6023462414741516,0.0018689458956941962,17.468430280685425,1.5376380681991577,0.0,0.08874376118183136,39
SLAKE_STAGE2_BANK16,111,F1,0.5672301054000854,0.0011795698665082455,17.901618480682373,1.635147213935852,0.0,0.056638237088918686,40
SLAKE_STAGE2_BANK16,111,F1,0.53352290391922,0.001456713187508285,18.351772785186768,1.520602822303772,0.0,0.05940811522305012,41
SLAKE_STAGE2_BANK16,111,F1,0.5007303357124329,0.0018063111929222941,18.790060997009277,1.3489744663238525,0.0,0.07685061544179916,42
SLAKE_STAGE2_BANK16,111,F1,0.47261714935302734,0.0011311430716887116,19.216922760009766,0.9588661789894104,0.0,0.13393431529402733,43
SLAKE_STAGE2_BANK16,111,F1,0.4417783319950104,0.24161414802074432,19.648025512695312,1.1073142290115356,0.0,0.0861310362815857,44
SLAKE_STAGE2_BANK16,111,F1,0.4188981056213379,0.0013755008112639189,20.077516555786133,1.0265557765960693,0.0,0.08852237835526466,45
SLAKE_STAGE2_BANK16,111,F1,0.3898126780986786,0.0011011908063665032,20.505131721496582,0.871871829032898,0.0,0.11126520112156868,46
SLAKE_STAGE2_BANK16,111,F1,0.365189790725708,0.24352726340293884,20.953341007232666,0.4857698380947113,0.0,0.1914920061826706,47
SLAKE_STAGE2_BANK16,111,F1,0.34485265612602234,0.0017912068869918585,21.383509635925293,0.6688446402549744,0.0,0.12338247522711754,48
SLAKE_STAGE2_BANK16,111,F1,0.3220007121562958,0.0017774078296497464,21.82158899307251,0.6055557131767273,0.0,0.12537191063165665,49
SLAKE_STAGE2_BANK16,111,F1,0.30322685837745667,0.24582639336585999,22.25810742378235,0.4916742444038391,0.0,0.15236914157867432,50
SLAKE_STAGE2_BANK16,111,F1,0.28503403067588806,0.001306325662881136,22.692267417907715,0.27109915018081665,0.0,0.2559009715914726,51
SLAKE_STAGE2_BANK16,111,F1,0.2703816294670105,0.0010844407370314002,23.12531566619873,0.3410828113555908,0.0,0.16363582387566566,52
SLAKE_STAGE2_BANK16,111,F1,0.25634774565696716,0.0012893173843622208,23.56033205986023,0.320413738489151,0.0,0.16432920843362808,53
SLAKE_STAGE2_BANK16,111,F1,0.24273167550563812,0.0017391828587278724,23.997788429260254,0.2647988796234131,0.0,0.19177421182394028,54
SLAKE_STAGE2_BANK16,111,F1,0.22972555458545685,0.0010822229087352753,24.4318630695343,0.3963638246059418,0.0,0.31550083309412,55
SLAKE_STAGE2_BANK16,111,F1,0.22191987931728363,0.2559604048728943,24.863173961639404,0.186923086643219,0.0,0.20148101449012756,56
SLAKE_STAGE2_BANK16,111,F1,0.2118174433708191,0.0017994168447330594,25.310043334960938,0.20494356751441956,0.0,0.19965089857578278,57
SLAKE_STAGE2_BANK16,111,F1,0.20450246334075928,0.00109013298060745,25.74657154083252,0.22949694097042084,0.0,0.22549358755350113,58
SLAKE_STAGE2_BANK16,111,F1,0.19727598130702972,0.001276311231777072,26.192083597183228,0.5345491766929626,0.0,0.35685333609580994,59
SLAKE_STAGE2_BANK16,111,F1,0.1924816220998764,0.26486173272132874,26.629703283309937,0.2185376137495041,0.0,0.22773655503988266,60
SLAKE_STAGE2_BANK16,111,F1,0.1897948533296585,0.0010808261577039957,27.079229593276978,0.22523295879364014,0.0,0.2192670702934265,61
SLAKE_STAGE2_BANK16,111,F1,0.1850479245185852,0.0018496805569157004,27.51398015022278,0.26692360639572144,0.0,0.2424527332186699,62
SLAKE_STAGE2_BANK16,111,F1,0.1825072020292282,0.001316431793384254,27.950591802597046,0.6038301587104797,0.0,0.37664343416690826,63
SLAKE_STAGE2_BANK16,111,F1,0.18207253515720367,0.27471014857292175,28.384866952896118,0.2508300244808197,0.0,0.23987025767564774,64
SLAKE_STAGE2_BANK16,111,F1,0.17955613136291504,0.0013291755458340049,28.809247255325317,0.24287264049053192,0.0,0.2265281230211258,65
SLAKE_STAGE2_BANK16,111,F1,0.18126016855239868,0.279561847448349,29.244165182113647,0.2655790448188782,0.0,0.2457074597477913,66
SLAKE_STAGE2_BANK16,111,F1,0.1808214634656906,0.0011254549026489258,29.67054009437561,0.6047655940055847,0.0,0.37756699323654175,67
SLAKE_STAGE2_BANK16,111,F1,0.18043600022792816,0.001927583129145205,30.10241961479187,0.23636451363563538,0.0,0.23554430902004242,68
SLAKE_STAGE2_BANK16,111,F1,0.18432824313640594,0.0013573323376476765,30.539971828460693,0.20941013097763062,0.0,0.2200499027967453,69
SLAKE_STAGE2_BANK16,111,F1,0.18614058196544647,0.29006725549697876,30.97459626197815,0.228956401348114,0.0,0.2370087206363678,70
SLAKE_STAGE2_BANK16,111,F1,0.1879679560661316,0.0011510640615597367,31.406151294708252,0.5529043078422546,0.0,0.36340996623039246,71
SLAKE_STAGE2_BANK16,111,F1,0.18985532224178314,0.001969581702724099,31.85387659072876,0.1817331612110138,0.0,0.22485437244176865,72
SLAKE_STAGE2_BANK16,111,F1,0.1917264312505722,0.29750189185142517,32.28866457939148,0.16704964637756348,0.0,0.20758403837680817,73
SLAKE_STAGE2_BANK16,111,F1,0.19593799114227295,0.001171313924714923,32.71842932701111,0.18276846408843994,0.0,0.22113076597452164,74
SLAKE_STAGE2_BANK16,111,F1,0.197948157787323,0.0020696320571005344,33.165879011154175,0.47835150361061096,0.0,0.3411261886358261,75
SLAKE_STAGE2_BANK16,111,F1,0.19995109736919403,0.0014303185744211078,33.59971022605896,0.13056768476963043,0.0,0.2097560539841652,76
SLAKE_STAGE2_BANK16,111,F1,0.2067285180091858,0.0011878733057528734,34.03409242630005,0.15565523505210876,0.0,0.19262564182281494,77
SLAKE_STAGE2_BANK16,111,F1,0.20887607336044312,0.3076441287994385,34.4686713218689,0.1629045456647873,0.0,0.20741956681013107,78
SLAKE_STAGE2_BANK16,111,F1,0.21104639768600464,0.0014466176507994533,34.90042757987976,0.39826640486717224,0.0,0.3210287466645241,79
SLAKE_STAGE2_BANK16,111,F1,0.21326099336147308,0.0020952282939106226,35.34434700012207,0.12659606337547302,0.0,0.1941160336136818,80
SLAKE_STAGE2_BANK16,111,F1,0.21796675026416779,0.3130612373352051,35.809871196746826,0.18948331475257874,0.0,0.17928121984004974,81
SLAKE_STAGE2_BANK16,111,F1,0.22027570009231567,0.00209230394102633,36.25879645347595,0.18808689713478088,0.0,0.1930932253599167,82
SLAKE_STAGE2_BANK16,111,F1,0.22260397672653198,0.0012664218666031957,36.696014404296875,0.33216115832328796,0.0,0.30516333132982254,83
SLAKE_STAGE2_BANK16,111,F1,0.22246484458446503,0.0014791535213589668,37.129769802093506,0.15903323888778687,0.0,0.18535850197076797,84
SLAKE_STAGE2_BANK16,111,F1,0.22484399378299713,0.001529737375676632,37.56472396850586,0.2245316058397293,0.0,0.17202003672719002,85
SLAKE_STAGE2_BANK16,111,F1,0.2272351235151291,0.0012859661364927888,37.99809980392456,0.21917404234409332,0.0,0.18511325120925903,86
SLAKE_STAGE2_BANK16,111,F1,0.2245829850435257,0.31988826394081116,38.4323296546936,0.3002820312976837,0.0,0.2940647378563881,87
SLAKE_STAGE2_BANK16,111,F1,0.22699052095413208,0.0022128832060843706,38.86013627052307,0.18325646221637726,0.0,0.1807529628276825,88
SLAKE_STAGE2_BANK16,111,F1,0.22686970233917236,0.32123395800590515,39.29261493682861,0.24976816773414612,0.0,0.1662634201347828,89
SLAKE_STAGE2_BANK16,111,F1,0.22679321467876434,0.0013113502645865083,39.720911502838135,0.22506923973560333,0.0,0.18297335505485535,90
SLAKE_STAGE2_BANK16,111,F1,0.2266799807548523,0.0015438145492225885,40.15221381187439,0.2919713258743286,0.0,0.29087574779987335,91
SLAKE_STAGE2_BANK16,111,F1,0.22661924362182617,0.0022389099467545748,40.596784830093384,0.187814861536026,0.0,0.1796669140458107,92
SLAKE_STAGE2_BANK16,111,F1,0.22650766372680664,0.0015561713371425867,41.03039264678955,0.250312864780426,0.0,0.16662292182445526,93
SLAKE_STAGE2_BANK16,111,F1,0.22643722593784332,0.32343876361846924,41.46627640724182,0.22883351147174835,0.0,0.18264316022396088,94
SLAKE_STAGE2_BANK16,111,F1,0.2238442450761795,0.0013580000959336758,41.900980710983276,0.31317785382270813,0.0,0.2949679419398308,95
SLAKE_STAGE2_BANK16,111,F1,0.221257284283638,0.0023342047352343798,42.33636951446533,0.1690104454755783,0.0,0.18157994747161865,96
SLAKE_STAGE2_BANK16,111,F1,0.22117938101291656,0.0023557425010949373,42.772504806518555,0.23301462829113007,0.0,0.1683974415063858,97
SLAKE_STAGE2_BANK16,111,F1,0.22113800048828125,0.323770135641098,43.20459794998169,0.210081547498703,0.0,0.18579016625881195,98
SLAKE_STAGE2_BANK16,111,F1,0.21858663856983185,0.001580089796334505,43.63604545593262,0.34479597210884094,0.0,0.300877220928669,99
SLAKE_STAGE2_BANK16,111,F1,0.21605481207370758,0.0013970466097816825,44.07342743873596,0.14397697150707245,0.0,0.18705321103334427,100
SLAKE_STAGE2_BANK16,111,F1,0.21355818212032318,0.0024134316481649876,44.51590824127197,0.2033722698688507,0.0,0.1728699393570423,101
SLAKE_STAGE2_BANK16,111,F1,0.21107067167758942,0.3234056532382965,44.95599579811096,0.18029898405075073,0.0,0.19039157032966614,102
SLAKE_STAGE2_BANK16,111,F1,0.2110118418931961,0.001614145003259182,45.38693380355835,0.38356107473373413,0.0,0.3051256760954857,103
SLAKE_STAGE2_BANK16,111,F1,0.21096618473529816,0.0014548677718266845,45.8131058216095,0.1271243691444397,0.0,0.1904439479112625,104
SLAKE_STAGE2_BANK16,111,F1,0.20851044356822968,0.32376691699028015,46.25666832923889,0.18736253678798676,0.0,0.17538313195109367,105
SLAKE_STAGE2_BANK16,111,F1,0.20847250521183014,0.0023892810568213463,46.68935465812683,0.17234735190868378,0.0,0.1928466036915779,106
SLAKE_STAGE2_BANK16,111,F1,0.20603322982788086,0.0016511131543666124,47.12824463844299,0.42032742500305176,0.0,0.3111964389681816,107
SLAKE_STAGE2_BANK16,111,F1,0.20596611499786377,0.001486763940192759,47.559539794921875,0.11639145761728287,0.0,0.19253245741128922,108
SLAKE_STAGE2_BANK16,111,F1,0.205937922000885,0.0016593588516116142,47.99521255493164,0.18174013495445251,0.0,0.17588407918810844,109
SLAKE_STAGE2_BANK16,111,F1,0.20590625703334808,0.002504493575543165,48.430704832077026,0.16868072748184204,0.0,0.19397912174463272,110
SLAKE_STAGE2_BANK16,111,F1,0.20585216581821442,0.0015072773676365614,48.863539695739746,0.4317273497581482,0.0,0.31244393438100815,111
SLAKE_STAGE2_BANK16,111,F1,0.2058110386133194,0.32602623105049133,49.29476881027222,0.1168622374534607,0.0,0.19201481342315674,112
SLAKE_STAGE2_BANK16,111,F1,0.20575600862503052,0.3267931640148163,49.744022607803345,0.1860993504524231,0.0,0.1750572957098484,113
SLAKE_STAGE2_BANK16,111,F1,0.2057250589132309,0.002557390136644244,50.17405033111572,0.1729181706905365,0.0,0.19203520566225052,114
SLAKE_STAGE2_BANK16,111,F1,0.20332026481628418,0.001717889215797186,50.61117482185364,0.44444161653518677,0.0,0.3105991631746292,115
SLAKE_STAGE2_BANK16,111,F1,0.20565612614154816,0.0015280089573934674,51.043068647384644,0.12124592810869217,0.0,0.18968096375465393,116
SLAKE_STAGE2_BANK16,111,F1,0.2056255340576172,0.0026060882955789566,51.4917311668396,0.19368553161621094,0.0,0.1728968732059002,117
SLAKE_STAGE2_BANK16,111,F1,0.2055976539850235,0.329039990901947,51.93019485473633,0.1804485321044922,0.0,0.188815675675869,118
SLAKE_STAGE2_BANK16,111,F1,0.2055520862340927,0.001596040092408657,52.3663113117218,0.43225356936454773,0.0,0.3056713566184044,119
SLAKE_STAGE2_BANK16,111,F1,0.20551981031894684,0.0017566586611792445,52.80467128753662,0.12460559606552124,0.0,0.18872761726379395,120
SLAKE_STAGE2_BANK16,111,F1,0.2078782320022583,0.3299776017665863,53.26750302314758,0.21242336928844452,0.0,0.17012300342321396,121
SLAKE_STAGE2_BANK16,111,F1,0.20545852184295654,0.002637500874698162,53.71331238746643,0.18539811670780182,0.0,0.18697725236415863,122
SLAKE_STAGE2_BANK16,111,F1,0.2054355889558792,0.0016115492908284068,54.14498829841614,0.4330361485481262,0.0,0.30251581221818924,123
SLAKE_STAGE2_BANK16,111,F1,0.20779134333133698,0.0017594331875443459,54.58736801147461,0.1381460577249527,0.0,0.185613751411438,124
SLAKE_STAGE2_BANK16,111,F1,0.2077687829732895,0.3316793143749237,55.01772332191467,0.2204204499721527,0.0,0.16872697323560715,125
SLAKE_STAGE2_BANK16,111,F1,0.20534813404083252,0.0026832502335309982,55.451555013656616,0.19415131211280823,0.0,0.18386876583099365,126
SLAKE_STAGE2_BANK16,111,F1,0.20770703256130219,0.0016564747784286737,55.88417649269104,0.42847463488578796,0.0,0.3007270023226738,127
SLAKE_STAGE2_BANK16,111,F1,0.20768506824970245,0.0017981217242777348,56.320647954940796,0.14451512694358826,0.0,0.18388617783784866,128
SLAKE_STAGE2_BANK16,111,F1,0.2100648283958435,0.0016469424590468407,56.75229096412659,0.23775914311408997,0.0,0.16675826534628868,129
SLAKE_STAGE2_BANK16,111,F1,0.20763875544071198,0.3331468105316162,57.199941635131836,0.20907609164714813,0.0,0.18212955072522163,130
SLAKE_STAGE2_BANK16,111,F1,0.2052173614501953,0.0018529988592490554,57.62752079963684,0.4427105784416199,0.0,0.2989545240998268,131
SLAKE_STAGE2_BANK16,111,F1,0.20519213378429413,0.0028161359950900078,58.0588903427124,0.142422154545784,0.0,0.18300673738121986,132
SLAKE_STAGE2_BANK16,111,F1,0.20756040513515472,0.002919575897976756,58.49472212791443,0.23856115341186523,0.0,0.16546975821256638,133
SLAKE_STAGE2_BANK16,111,F1,0.20754706859588623,0.0017530217301100492,58.926939249038696,0.21294724941253662,0.0,0.18124612048268318,134
SLAKE_STAGE2_BANK16,111,F1,0.20512665808200836,0.0018367444863542914,59.36169195175171,0.452912837266922,0.0,0.29890076816082,135
SLAKE_STAGE2_BANK16,111,F1,0.20511259138584137,0.3341830372810364,59.798299074172974,0.14536051452159882,0.0,0.1829434223473072,136
SLAKE_STAGE2_BANK16,111,F1,0.20272131264209747,0.0017683702753856778,60.22856283187866,0.22477787733078003,0.0,0.16615745052695274,137
SLAKE_STAGE2_BANK16,111,F1,0.2027074694633484,0.002879585837945342,60.66534757614136,0.20415496826171875,0.0,0.18095200136303902,138
SLAKE_STAGE2_BANK16,111,F1,0.20033086836338043,0.001869705505669117,61.11263608932495,0.4870755076408386,0.0,0.2998584434390068,139
SLAKE_STAGE2_BANK16,111,F1,0.20267176628112793,0.33489876985549927,61.55214524269104,0.13813327252864838,0.0,0.18422788754105568,140
SLAKE_STAGE2_BANK16,111,F1,0.20265163481235504,0.3349391222000122,62.02159237861633,0.23529773950576782,0.0,0.16492103040218353,141
SLAKE_STAGE2_BANK16,111,F1,0.20263127982616425,0.0017896307399496436,62.45328164100647,0.20671844482421875,0.0,0.18144980818033218,142
SLAKE_STAGE2_BANK16,111,F1,0.2002621293067932,0.0019147725543007255,62.88876223564148,0.4989680051803589,0.0,0.2998148798942566,143
SLAKE_STAGE2_BANK16,111,F1,0.2026013731956482,0.0029271829407662153,63.32245993614197,0.14336803555488586,0.0,0.18258779123425484,144
SLAKE_STAGE2_BANK16,111,F1,0.2025817632675171,0.0019218223169445992,63.76494646072388,0.24285122752189636,0.0,0.16371680423617363,145
SLAKE_STAGE2_BANK16,111,F1,0.20021343231201172,0.0030114587862044573,64.20687818527222,0.2080090492963791,0.0,0.17986834421753883,146
SLAKE_STAGE2_BANK16,111,F1,0.20019809901714325,0.33477240800857544,64.64704298973083,0.5043215155601501,0.0,0.2980804815888405,147
SLAKE_STAGE2_BANK16,111,F1,0.20018410682678223,0.0018726547714322805,65.0821602344513,0.13996252417564392,0.0,0.18253547325730324,148
SLAKE_STAGE2_BANK16,111,F1,0.2025209665298462,0.0018936219858005643,65.51614141464233,0.2551825940608978,0.0,0.16199619695544243,149
SLAKE_STAGE2_BANK16,111,F1,0.20015586912631989,0.0030715791508555412,65.95098495483398,0.21964965760707855,0.0,0.1769820712506771,150
SLAKE_STAGE2_BANK16,111,F1,0.20013833045959473,0.001963223097845912,66.38380932807922,0.5166448354721069,0.0,0.29636332392692566,151
SLAKE_STAGE2_BANK16,111,F1,0.2001250833272934,0.33597299456596375,66.8284969329834,0.14429236948490143,0.0,0.1822957620024681,152
SLAKE_STAGE2_BANK16,111,F1,0.20011545717716217,0.3361925482749939,67.27612662315369,0.2540212571620941,0.0,0.16223325207829475,153
SLAKE_STAGE2_BANK16,111,F1,0.20009995996952057,0.00311462115496397,67.7104754447937,0.22871805727481842,0.0,0.17547446489334106,154
SLAKE_STAGE2_BANK16,111,F1,0.19775664806365967,0.001987367169931531,68.14398622512817,0.547298014163971,0.0,0.2976957708597183,155
SLAKE_STAGE2_BANK16,111,F1,0.19774095714092255,0.0019260499393567443,68.57876968383789,0.1465243101119995,0.0,0.17938121035695076,156
SLAKE_STAGE2_BANK16,111,F1,0.2000575214624405,0.0019286326132714748,69.01215624809265,0.26703429222106934,0.0,0.15978412702679634,157
SLAKE_STAGE2_BANK16,111,F1,0.20005051791667938,0.0031441752798855305,69.44972586631775,0.23455271124839783,0.0,0.1753772757947445,158
SLAKE_STAGE2_BANK16,111,F1,0.19540010392665863,0.33510518074035645,69.8824999332428,0.5596157908439636,0.0,0.2946241870522499,159
SLAKE_STAGE2_BANK16,111,F1,0.19768869876861572,0.0020348592661321163,70.31161451339722,0.14781999588012695,0.0,0.17995048314332962,160
SLAKE_STAGE2_BANK16,111,F2,3.392744302749634,0.0021779481321573257,0.7308297157287598,8.332274436950684,2.7941248416900635,9.951386164175346e-05,1
SLAKE_STAGE2_BANK16,111,F2,3.275972604751587,0.37554416060447693,1.3739001750946045,8.34903621673584,2.706540584564209,0.00013765532639808953,2
SLAKE_STAGE2_BANK16,111,F2,3.1618473529815674,0.002681742189452052,2.0315263271331787,8.326133728027344,2.620938539505005,0.00013681977725354955,3
SLAKE_STAGE2_BANK16,111,F2,3.053060531616211,0.003622810123488307,2.622180938720703,8.274863243103027,2.539339780807495,0.0001252986039617099,4
SLAKE_STAGE2_BANK16,111,F2,2.9390385150909424,0.003511233953759074,3.229767322540283,8.197684288024902,2.4538118839263916,0.00012494001202867366,5
SLAKE_STAGE2_BANK16,111,F2,2.8303873538970947,0.3499390780925751,3.8481502532958984,8.1058988571167,2.3723084926605225,0.00021094414114486426,6
SLAKE_STAGE2_BANK16,111,F2,2.7243106365203857,0.0020125966984778643,4.461229085922241,7.983543395996094,2.292729377746582,0.00024067045887932181,7
SLAKE_STAGE2_BANK16,111,F2,2.6185739040374756,0.0025361243169754744,5.079069375991821,7.847875118255615,2.213392496109009,0.0002047257439699024,8
SLAKE_STAGE2_BANK16,111,F2,2.5178844928741455,0.0031208903528749943,5.693200588226318,7.697155952453613,2.137838363647461,0.00022495754092233256,9
SLAKE_STAGE2_BANK16,111,F2,2.419896364212036,0.002518330467864871,6.313725471496582,7.528703689575195,2.064296245574951,0.0004388544330140576,10
SLAKE_STAGE2_BANK16,111,F2,2.3249671459198,0.31938478350639343,6.927887439727783,7.3525261878967285,1.9930342435836792,0.0005706527881557122,11
SLAKE_STAGE2_BANK16,111,F2,2.229851484298706,0.0018330687889829278,7.5429301261901855,7.172564506530762,1.9216047525405884,0.0004472213768167421,12
SLAKE_STAGE2_BANK16,111,F2,2.1374716758728027,0.0023931239265948534,8.159123659133911,6.975811004638672,1.8522073030471802,0.0005164504254935309,13
SLAKE_STAGE2_BANK16,111,F2,2.0480878353118896,0.0017976535018533468,8.7848060131073,6.765180587768555,1.7850250005722046,0.0010371984099037945,14
SLAKE_STAGE2_BANK16,111,F2,1.9612823724746704,0.2977120876312256,9.402841329574585,6.552668571472168,1.7197301387786865,0.0014695617137476802,15
SLAKE_STAGE2_BANK16,111,F2,1.8798798322677612,0.0025448668748140335,10.019222497940063,6.350916385650635,1.6584445238113403,0.0011005007254425436,16
SLAKE_STAGE2_BANK16,111,F2,1.8009852170944214,0.2876998484134674,10.6349618434906,6.139747142791748,1.598995327949524,0.0012812285858672112,17
SLAKE_STAGE2_BANK16,111,F2,1.7249001264572144,0.0024699990171939135,11.251501560211182,5.910429954528809,1.5415829420089722,0.002425515907816589,18
SLAKE_STAGE2_BANK16,111,F2,1.6461154222488403,0.0016245245933532715,11.867811918258667,5.6785359382629395,1.4820456504821777,0.0036747765261679888,19
SLAKE_STAGE2_BANK16,111,F2,1.5753167867660522,0.002214662032201886,12.484010934829712,5.4815993309021,1.4284275770187378,0.002610418130643666,20
SLAKE_STAGE2_BANK16,111,F2,1.507334589958191,0.0022634861525148153,13.110347986221313,5.268387794494629,1.3768270015716553,0.003018218674696982,21
SLAKE_STAGE2_BANK16,111,F2,1.43881094455719,0.0021321752574294806,13.728459596633911,5.045801162719727,1.3246839046478271,0.005233579780906439,22
SLAKE_STAGE2_BANK16,111,F2,1.3735170364379883,0.001506064087152481,14.344406843185425,4.796445846557617,1.2748233079910278,0.008373183896765113,23
SLAKE_STAGE2_BANK16,111,F2,1.3127611875534058,0.2604491114616394,14.961745738983154,4.6437506675720215,1.2282627820968628,0.005752515280619264,24
SLAKE_STAGE2_BANK16,111,F2,1.2471998929977417,0.2579217851161957,15.576066970825195,4.441771507263184,1.1778007745742798,0.006515332264825702,25
SLAKE_STAGE2_BANK16,111,F2,1.1916650533676147,0.0020769680850207806,16.19208836555481,4.216587543487549,1.1348307132720947,0.010537621099501848,26
SLAKE_STAGE2_BANK16,111,F2,1.1364299058914185,0.0014038383960723877,16.808500051498413,3.953995704650879,1.0918601751327515,0.01722872583195567,27
SLAKE_STAGE2_BANK16,111,F2,1.0811561346054077,0.0019282279536128044,17.42449641227722,3.845877170562744,1.0485693216323853,0.011512386612594128,28
SLAKE_STAGE2_BANK16,111,F2,1.0262993574142456,0.002023515524342656,18.040669441223145,3.666578531265259,1.0052827596664429,0.012656599748879671,29
SLAKE_STAGE2_BANK16,111,F2,0.9768369197845459,0.0018260614015161991,18.657280445098877,3.4474446773529053,0.9659070372581482,0.01916925236582756,30
SLAKE_STAGE2_BANK16,111,F2,0.9270444512367249,0.24726521968841553,19.273590326309204,3.1552298069000244,0.9259352087974548,0.032411557622253895,31
SLAKE_STAGE2_BANK16,111,F2,0.8826358914375305,0.0013095224276185036,19.890079021453857,3.1130082607269287,0.8899073004722595,0.02100055105984211,32
SLAKE_STAGE2_BANK16,111,F2,0.8343989253044128,0.0019304712768644094,20.511174201965332,2.9454665184020996,0.8502840995788574,0.022689781617373228,33
SLAKE_STAGE2_BANK16,111,F2,0.7911598086357117,0.2444704920053482,21.122599840164185,2.741358757019043,0.8143171072006226,0.0324267977848649,34
SLAKE_STAGE2_BANK16,111,F2,0.752887487411499,0.0016273617511615157,21.73797917366028,2.406179428100586,0.7820414304733276,0.05576147139072418,35
SLAKE_STAGE2_BANK16,111,F2,0.7106719017028809,0.0012362562119960785,22.361924648284912,2.4315834045410156,0.7459169030189514,0.035567413084208965,36
SLAKE_STAGE2_BANK16,111,F2,0.6740329265594482,0.2421029657125473,22.971261739730835,2.2947311401367188,0.7139767408370972,0.0377935953438282,37
SLAKE_STAGE2_BANK16,111,F2,0.6378110647201538,0.0015464401803910732,23.586361169815063,2.099590301513672,0.6818522214889526,0.05131387338042259,38
SLAKE_STAGE2_BANK16,111,F2,0.5980959534645081,0.001861743861809373,24.203712224960327,1.7227659225463867,0.6458735466003418,0.08874309062957764,39
SLAKE_STAGE2_BANK16,111,F2,0.5677325129508972,0.0011679891031235456,24.818594455718994,1.8265712261199951,0.6177535057067871,0.05634204111993313,40
SLAKE_STAGE2_BANK16,111,F2,0.5340090990066528,0.0014675676357001066,25.44530487060547,1.703340768814087,0.5857725143432617,0.05942522548139095,41
SLAKE_STAGE2_BANK16,111,F2,0.5011867880821228,0.001794532174244523,26.06902813911438,1.5279667377471924,0.553832471370697,0.07686085253953934,42
SLAKE_STAGE2_BANK16,111,F2,0.47304821014404297,0.0011207563802599907,26.678607940673828,1.1283185482025146,0.5256839990615845,0.13396184891462326,43
SLAKE_STAGE2_BANK16,111,F2,0.44199585914611816,0.24131493270397186,27.296384572982788,1.27699875831604,0.49368834495544434,0.08548066392540932,44
SLAKE_STAGE2_BANK16,111,F2,0.4194004237651825,0.0013709616614505649,27.910066843032837,1.023443341255188,0.48679086565971375,0.08932758122682571,45
SLAKE_STAGE2_BANK16,111,F2,0.3901633322238922,0.001101203146390617,28.5337495803833,0.8720373511314392,0.478585809469223,0.11133091151714325,46
SLAKE_STAGE2_BANK16,111,F2,0.36565473675727844,0.2418195605278015,29.14374804496765,0.49373024702072144,0.48242688179016113,0.19153884798288345,47
SLAKE_STAGE2_BANK16,111,F2,0.34196189045906067,0.0017911514732986689,29.75946307182312,0.6631864905357361,0.4822544455528259,0.12344233319163322,48
SLAKE_STAGE2_BANK16,111,F2,0.32234928011894226,0.0017745742807164788,30.375144958496094,0.6029748320579529,0.4820263683795929,0.12643134221434593,49
SLAKE_STAGE2_BANK16,111,F2,0.3035022020339966,0.24554018676280975,30.991796731948853,0.4927629232406616,0.4819531887769699,0.15244337171316147,50
SLAKE_STAGE2_BANK16,111,F2,0.28533995151519775,0.0012980035971850157,31.60741639137268,0.28046172857284546,0.4818790704011917,0.2559679076075554,51
SLAKE_STAGE2_BANK16,111,F2,0.270652711391449,0.0010913725709542632,32.22417449951172,0.343692809343338,0.4816827028989792,0.16368300467729568,52
SLAKE_STAGE2_BANK16,111,F2,0.25650331377983093,0.0012990770628675818,32.83878445625305,0.32162678241729736,0.48151014745235443,0.16437922045588493,53
SLAKE_STAGE2_BANK16,111,F2,0.2429037243127823,0.0017735159490257502,33.454957485198975,0.2671295702457428,0.48146140575408936,0.19282689690589905,54
SLAKE_STAGE2_BANK16,111,F2,0.2298925668001175,0.0010810975218191743,34.07217884063721,0.39946115016937256,0.4813723713159561,0.31552325934171677,55
SLAKE_STAGE2_BANK16,111,F2,0.2219749540090561,0.25625887513160706,34.68832778930664,0.18917980790138245,0.4851848930120468,0.2028936818242073,56
SLAKE_STAGE2_BANK16,111,F2,0.214336559176445,0.0018017241964116693,35.30409359931946,0.20845268666744232,0.48506999015808105,0.1988794133067131,57
SLAKE_STAGE2_BANK16,111,F2,0.20694994926452637,0.0010975878685712814,35.921178579330444,0.23118752241134644,0.48503589630126953,0.22524333745241165,58
SLAKE_STAGE2_BANK16,111,F2,0.19961780309677124,0.0012779997196048498,36.53672695159912,0.5308474898338318,0.4849420338869095,0.3569367825984955,59
SLAKE_STAGE2_BANK16,111,F2,0.19251364469528198,0.265676349401474,37.15301275253296,0.22395090758800507,0.48100796341896057,0.22882019728422165,60
SLAKE_STAGE2_BANK16,111,F2,0.1899508386850357,0.0011035710340365767,37.77862334251404,0.2308504432439804,0.4848659634590149,0.2208024188876152,61
SLAKE_STAGE2_BANK16,111,F2,0.18732069432735443,0.001831752946600318,38.396770000457764,0.2681979238986969,0.4848412424325943,0.24365132302045822,62
SLAKE_STAGE2_BANK16,111,F2,0.18263716995716095,0.0013046546373516321,39.01346707344055,0.6073189973831177,0.4809004217386246,0.3767105042934418,63
SLAKE_STAGE2_BANK16,111,F2,0.18213041126728058,0.27557575702667236,39.629555463790894,0.25414732098579407,0.48474566638469696,0.23990855365991592,64
SLAKE_STAGE2_BANK16,111,F2,0.1817384958267212,0.0013361688470467925,40.24595522880554,0.24298131465911865,0.48082636296749115,0.2260413020849228,65
SLAKE_STAGE2_BANK16,111,F2,0.17924028635025024,0.28108134865760803,40.86185002326965,0.27423927187919617,0.4807938486337662,0.24575337022542953,66
SLAKE_STAGE2_BANK16,111,F2,0.18088340759277344,0.0011220831656828523,41.48624634742737,0.6072875261306763,0.48467598855495453,0.3776494115591049,67
SLAKE_STAGE2_BANK16,111,F2,0.1826164573431015,0.0019231358310207725,42.105847120285034,0.23814347386360168,0.48464834690093994,0.23669278621673584,68
SLAKE_STAGE2_BANK16,111,F2,0.18436294794082642,0.0013518226332962513,42.721137046813965,0.21604861319065094,0.484633132815361,0.2210499867796898,69
SLAKE_STAGE2_BANK16,111,F2,0.18616671860218048,0.29096880555152893,43.337302923202515,0.23210863769054413,0.48461833596229553,0.23704344779253006,70
SLAKE_STAGE2_BANK16,111,F2,0.18796993792057037,0.001145548070780933,43.95316243171692,0.5560638904571533,0.4845958650112152,0.3634292036294937,71
SLAKE_STAGE2_BANK16,111,F2,0.1898515820503235,0.0019733645021915436,44.56862783432007,0.1847706139087677,0.48456932604312897,0.22489992529153824,72
SLAKE_STAGE2_BANK16,111,F2,0.19400684535503387,0.2981909215450287,45.19925904273987,0.17152848839759827,0.48456183075904846,0.2085433229804039,73
SLAKE_STAGE2_BANK16,111,F2,0.1959516853094101,0.001167512615211308,45.812724113464355,0.18587613105773926,0.48064953088760376,0.22114067524671555,74
SLAKE_STAGE2_BANK16,111,F2,0.1979650855064392,0.0020312308333814144,46.42881917953491,0.4813247621059418,0.4806302487850189,0.3411417156457901,75
SLAKE_STAGE2_BANK16,111,F2,0.20234914124011993,0.0014341345522552729,47.04490637779236,0.13007225096225739,0.4806312769651413,0.20742855221033096,76
SLAKE_STAGE2_BANK16,111,F2,0.20439092814922333,0.0011838542995974422,47.660123348236084,0.156569704413414,0.4806102216243744,0.19266413897275925,77
SLAKE_STAGE2_BANK16,111,F2,0.20653273165225983,0.3094734251499176,48.276939153671265,0.16416707634925842,0.4806119054555893,0.20649022608995438,78
SLAKE_STAGE2_BANK16,111,F2,0.2086796760559082,0.001464139437302947,48.90258574485779,0.40585410594940186,0.47670283913612366,0.3197071924805641,79
SLAKE_STAGE2_BANK16,111,F2,0.21330200135707855,0.0020813520532101393,49.51941204071045,0.12723645567893982,0.48059116303920746,0.19546008110046387,80
SLAKE_STAGE2_BANK16,111,F2,0.21797944605350494,0.31399089097976685,50.15798377990723,0.18960383534431458,0.4844997823238373,0.17988070473074913,81
SLAKE_STAGE2_BANK16,111,F2,0.2178184539079666,0.0021469914354383945,50.77367091178894,0.18332363665103912,0.48058755695819855,0.19441528618335724,82
SLAKE_STAGE2_BANK16,111,F2,0.22013390064239502,0.0012758797965943813,51.39291596412659,0.3395930826663971,0.48058001697063446,0.3034278601408005,83
SLAKE_STAGE2_BANK16,111,F2,0.22246943414211273,0.0015038925921544433,52.00635313987732,0.16009856760501862,0.48057571053504944,0.18536002933979034,84
SLAKE_STAGE2_BANK16,111,F2,0.22483593225479126,0.0015366312582045794,52.63126182556152,0.2271714061498642,0.4805716425180435,0.1712939776480198,85
SLAKE_STAGE2_BANK16,111,F2,0.22724562883377075,0.0012916765408590436,53.2418429851532,0.22014328837394714,0.48057013750076294,0.1851193904876709,86
SLAKE_STAGE2_BANK16,111,F2,0.22712571918964386,0.3216816484928131,53.86461520195007,0.2981925308704376,0.48056893050670624,0.29408208280801773,87
SLAKE_STAGE2_BANK16,111,F2,0.22698895633220673,0.0022116713225841522,54.48496413230896,0.190006822347641,0.4766577333211899,0.17864303290843964,88
SLAKE_STAGE2_BANK16,111,F2,0.2294340580701828,0.3230885863304138,55.10194969177246,0.25980207324028015,0.4805641919374466,0.1655690111219883,89
SLAKE_STAGE2_BANK16,111,F2,0.2267933338880539,0.0013150708982720971,55.71739363670349,0.2292727530002594,0.4766555726528168,0.18170292675495148,90
SLAKE_STAGE2_BANK16,111,F2,0.22923535108566284,0.0015614312142133713,56.3360915184021,0.2929398715496063,0.48446014523506165,0.29215558618307114,91
SLAKE_STAGE2_BANK16,111,F2,0.22659026086330414,0.002244386589154601,56.95099139213562,0.19213984906673431,0.47665195167064667,0.17839279770851135,92
SLAKE_STAGE2_BANK16,111,F2,0.2265295833349228,0.0015853224322199821,57.56788492202759,0.25095856189727783,0.480557456612587,0.16661111265420914,93
SLAKE_STAGE2_BANK16,111,F2,0.22643446922302246,0.32466110587120056,58.18594145774841,0.2297314703464508,0.4805544465780258,0.1826244294643402,94
SLAKE_STAGE2_BANK16,111,F2,0.22383369505405426,0.0013671739725396037,58.80795764923096,0.31307706236839294,0.47664760053157806,0.29369374364614487,95
SLAKE_STAGE2_BANK16,111,F2,0.22124804556369781,0.002332732081413269,59.43010973930359,0.1733626276254654,0.4766484946012497,0.180753655731678,96
SLAKE_STAGE2_BANK16,111,F2,0.22120225429534912,0.002364675747230649,60.04505014419556,0.23038385808467865,0.48055312037467957,0.16971421614289284,97
SLAKE_STAGE2_BANK16,111,F2,0.21865230798721313,0.32477742433547974,60.66090679168701,0.20496641099452972,0.48055027425289154,0.18625513464212418,98
SLAKE_STAGE2_BANK16,111,F2,0.21612079441547394,0.0016209695022553205,61.27761697769165,0.3573863208293915,0.4766472727060318,0.3008788451552391,99
SLAKE_STAGE2_BANK16,111,F2,0.21604321897029877,0.0014008036814630032,61.89576530456543,0.15078137814998627,0.4766444265842438,0.18488477170467377,100
SLAKE_STAGE2_BANK16,111,F2,0.21600812673568726,0.002413375535979867,62.53110313415527,0.21351291239261627,0.4805505722761154,0.17216624692082405,101
SLAKE_STAGE2_BANK16,111,F2,0.2134930044412613,0.3250388503074646,63.14815878868103,0.18744485080242157,0.48054566979408264,0.19038107991218567,102
SLAKE_STAGE2_BANK16,111,F2,0.21101611852645874,0.001618576585315168,63.767985343933105,0.39667779207229614,0.4805498719215393,0.3082106187939644,103
SLAKE_STAGE2_BANK16,111,F2,0.20854420959949493,0.001464483910240233,64.38117551803589,0.1286228597164154,0.4727356880903244,0.18823949247598648,104
SLAKE_STAGE2_BANK16,111,F2,0.21091437339782715,0.3252967894077301,64.99896335601807,0.19770526885986328,0.48054447770118713,0.1746741272509098,105
SLAKE_STAGE2_BANK16,111,F2,0.20845623314380646,0.0024247816763818264,65.61380243301392,0.17723463475704193,0.47664041817188263,0.19148486852645874,106
SLAKE_STAGE2_BANK16,111,F2,0.2060146927833557,0.0016457322053611279,66.23263430595398,0.426774263381958,0.4766419529914856,0.3111995905637741,107
SLAKE_STAGE2_BANK16,111,F2,0.2059813290834427,0.0014935637591406703,66.84922051429749,0.12049297243356705,0.476635217666626,0.1916571855545044,108
SLAKE_STAGE2_BANK16,111,F2,0.20592354238033295,0.001668423879891634,67.46584892272949,0.18368496000766754,0.4766359031200409,0.17588036134839058,109
SLAKE_STAGE2_BANK16,111,F2,0.20589470863342285,0.002530578291043639,68.08395481109619,0.17148737609386444,0.4805426001548767,0.19396106898784637,110
SLAKE_STAGE2_BANK16,111,F2,0.20348143577575684,0.0014922315021976829,68.69743227958679,0.4375975430011749,0.4727301597595215,0.309334471821785,111
SLAKE_STAGE2_BANK16,111,F2,0.20580296218395233,0.3272772431373596,69.31471538543701,0.11907970905303955,0.4805367887020111,0.19288329035043716,112
SLAKE_STAGE2_BANK16,111,F2,0.2057621031999588,0.32758331298828125,69.92974019050598,0.18548141419887543,0.4805385321378708,0.17641246691346169,113
SLAKE_STAGE2_BANK16,111,F2,0.20336110889911652,0.002561667002737522,70.54673409461975,0.17367371916770935,0.4727274030447006,0.1906624212861061,114
SLAKE_STAGE2_BANK16,111,F2,0.20569996535778046,0.0017093884525820613,71.16227340698242,0.44341403245925903,0.4805373251438141,0.3105950355529785,115
SLAKE_STAGE2_BANK16,111,F2,0.2056594043970108,0.0015831207856535912,71.7813823223114,0.12487589567899704,0.4766259491443634,0.18967996537685394,116
SLAKE_STAGE2_BANK16,111,F2,0.2056095004081726,0.0026057474315166473,72.39548444747925,0.20100460946559906,0.47272299230098724,0.17087196931242943,117
SLAKE_STAGE2_BANK16,111,F2,0.2055814266204834,0.3299252688884735,73.01368498802185,0.18577840924263,0.4727207124233246,0.18745078146457672,118
SLAKE_STAGE2_BANK16,111,F2,0.2031734138727188,0.0016047804383561015,73.62876772880554,0.45395633578300476,0.4727212190628052,0.3074006214737892,119
SLAKE_STAGE2_BANK16,111,F2,0.20790643990039825,0.0017611676594242454,74.24594330787659,0.1373763084411621,0.476624995470047,0.18652451038360596,120
SLAKE_STAGE2_BANK16,111,F2,0.20787513256072998,0.3312297761440277,74.87345027923584,0.21610288321971893,0.4766228199005127,0.16945811733603477,121
SLAKE_STAGE2_BANK16,111,F2,0.20783264935016632,0.0026960361283272505,75.48876738548279,0.1972934901714325,0.4766235202550888,0.18480659276247025,122
SLAKE_STAGE2_BANK16,111,F2,0.2054242342710495,0.0016233171336352825,76.10445189476013,0.4455086588859558,0.476623073220253,0.3038606196641922,123
SLAKE_STAGE2_BANK16,111,F2,0.2077789306640625,0.0017891654279083014,76.73045468330383,0.1423012912273407,0.47661779820919037,0.18477772921323776,124
SLAKE_STAGE2_BANK16,111,F2,0.20775310695171356,0.3332504332065582,77.34590435028076,0.22896598279476166,0.4727107137441635,0.16675228998064995,125
SLAKE_STAGE2_BANK16,111,F2,0.20773126184940338,0.0027356159407645464,77.96328973770142,0.20607046782970428,0.47271019220352173,0.18250460177659988,126
SLAKE_STAGE2_BANK16,111,F2,0.20769082009792328,0.0016524608945474029,78.58832001686096,0.4388819634914398,0.47661571204662323,0.3007199242711067,127
SLAKE_STAGE2_BANK16,111,F2,0.20767591893672943,0.0017999251140281558,79.20912313461304,0.15087378025054932,0.4727112501859665,0.1825374737381935,128
SLAKE_STAGE2_BANK16,111,F2,0.20765423774719238,0.001663166913203895,79.82112073898315,0.2389030009508133,0.4727088212966919,0.1648033894598484,129
SLAKE_STAGE2_BANK16,111,F2,0.20763325691223145,0.33455052971839905,80.4387845993042,0.21368984878063202,0.47661399841308594,0.18133626505732536,130
SLAKE_STAGE2_BANK16,111,F2,0.20760662853717804,0.0018451142823323607,81.05361151695251,0.44312959909439087,0.4766150712966919,0.29894793778657913,131
SLAKE_STAGE2_BANK16,111,F2,0.20758265256881714,0.0028460249304771423,81.68978214263916,0.14938755333423615,0.47661322355270386,0.18380407989025116,132
SLAKE_STAGE2_BANK16,111,F2,0.20515839755535126,0.002840550849214196,82.3065414428711,0.23494288325309753,0.47270625829696655,0.1648615337908268,133
SLAKE_STAGE2_BANK16,111,F2,0.2051469087600708,0.0017364099621772766,82.92808818817139,0.20985499024391174,0.4727061837911606,0.1812252439558506,134
SLAKE_STAGE2_BANK16,111,F2,0.2027537226676941,0.0018914517713710666,83.53887939453125,0.474086195230484,0.4687996506690979,0.2988937348127365,135
SLAKE_STAGE2_BANK16,111,F2,0.20510415732860565,0.3355060815811157,84.17826223373413,0.1486370712518692,0.4727071076631546,0.18292764946818352,136
SLAKE_STAGE2_BANK16,111,F2,0.20508380234241486,0.001776096411049366,84.79325699806213,0.24211664497852325,0.47270649671554565,0.1642019934952259,137
SLAKE_STAGE2_BANK16,111,F2,0.20270194113254547,0.002897190162912011,85.40948939323425,0.20838983356952667,0.4727065861225128,0.18092380836606026,138
SLAKE_STAGE2_BANK16,111,F2,0.20267683267593384,0.0019067361718043685,86.02623796463013,0.4913382828235626,0.4727042466402054,0.30019186437129974,139
SLAKE_STAGE2_BANK16,111,F2,0.20265276730060577,0.33644819259643555,86.6442506313324,0.14843162894248962,0.4687971770763397,0.18128221482038498,140
SLAKE_STAGE2_BANK16,111,F2,0.20501869916915894,0.33605486154556274,87.28028750419617,0.2558252513408661,0.47270484268665314,0.162410456687212,141
SLAKE_STAGE2_BANK16,111,F2,0.20262949168682098,0.0018023671582341194,87.89554119110107,0.21600715816020966,0.47270262241363525,0.17932116985321045,142
SLAKE_STAGE2_BANK16,111,F2,0.20025505125522614,0.001908757258206606,88.51192045211792,0.5087277889251709,0.46879637241363525,0.2984476387500763,143
SLAKE_STAGE2_BANK16,111,F2,0.20024216175079346,0.002991839312016964,89.13882613182068,0.13858896493911743,0.47270168364048004,0.1839318908751011,144
SLAKE_STAGE2_BANK16,111,F2,0.20257127285003662,0.0019560314249247313,89.75599503517151,0.24864986538887024,0.47270144522190094,0.16314120590686798,145
SLAKE_STAGE2_BANK16,111,F2,0.2002115249633789,0.003059188835322857,90.37379121780396,0.2167118936777115,0.4687937945127487,0.17775821685791016,146
SLAKE_STAGE2_BANK16,111,F2,0.20019108057022095,0.3359074592590332,90.98794364929199,0.5204851031303406,0.4727017879486084,0.2980685457587242,147
SLAKE_STAGE2_BANK16,111,F2,0.20017163455486298,0.0018809661269187927,91.61372542381287,0.1452191323041916,0.4687943756580353,0.18174492940306664,148
SLAKE_STAGE2_BANK16,111,F2,0.20015700161457062,0.0018744850531220436,92.23120903968811,0.25268447399139404,0.46879370510578156,0.16144264489412308,149
SLAKE_STAGE2_BANK16,111,F2,0.20015116035938263,0.0030842069536447525,92.84760093688965,0.22089783847332,0.4726993292570114,0.1783100850880146,150
SLAKE_STAGE2_BANK16,111,F2,0.1978015899658203,0.0019866644870489836,93.46618986129761,0.5432983636856079,0.46879415214061737,0.2963535264134407,151
SLAKE_STAGE2_BANK16,111,F2,0.19778664410114288,0.336666077375412,94.08318591117859,0.14651226997375488,0.4648863226175308,0.18016039952635765,152
SLAKE_STAGE2_BANK16,111,F2,0.20010091364383698,0.33709749579429626,94.69679379463196,0.26528504490852356,0.46879297494888306,0.16033295914530754,153
SLAKE_STAGE2_BANK16,111,F2,0.20008768141269684,0.0031799403950572014,95.31119298934937,0.23530079424381256,0.4687917083501816,0.1747511923313141,154
SLAKE_STAGE2_BANK16,111,F2,0.2000761777162552,0.002001402899622917,95.92832827568054,0.5425319075584412,0.4726978838443756,0.2946443259716034,155
SLAKE_STAGE2_BANK16,111,F2,0.20006603002548218,0.0019328569760546088,96.55939626693726,0.1607889086008072,0.4687938839197159,0.17861827090382576,156
SLAKE_STAGE2_BANK16,111,F2,0.20005744695663452,0.0019415973220020533,97.17018628120422,0.2775880694389343,0.4687917083501816,0.15874439850449562,157
SLAKE_STAGE2_BANK16,111,F2,0.1977001428604126,0.003138175467029214,97.77656602859497,0.23270566761493683,0.4687901586294174,0.17466794699430466,158
SLAKE_STAGE2_BANK16,111,F2,0.19769872725009918,0.3362584710121155,98.39387726783752,0.5632509589195251,0.4687901437282562,0.29294905811548233,159
SLAKE_STAGE2_BANK16,111,F2,0.1976844072341919,0.002057054080069065,99.00996232032776,0.1547500640153885,0.4687909930944443,0.17920171469449997,160
SLAKE_STAGE2_BANK16,112,F0,0.0,0.0,0.3804774284362793,0.00017349697009194642,0.0,4.5253220378072e-05,1
SLAKE_STAGE2_BANK16,112,F0,0.0,0.0,0.6516211032867432,0.0005172165110707283,0.0,7.341480522882193e-05,2
SLAKE_STAGE2_BANK16,112,F0,0.0,0.0,0.9243998527526855,0.00019650663307402283,0.0,5.152643279870972e-05,3
SLAKE_STAGE2_BANK16,112,F0,0.0,0.0,1.2097060680389404,0.000819517532363534,0.0,9.465983202971984e-05,4
SLAKE_STAGE2_BANK16,112,F0,0.0,0.0,1.43272066116333,0.00016689547919668257,0.0,4.452312714420259e-05,5
SLAKE_STAGE2_BANK16,112,F0,0.0,0.0,1.6559398174285889,0.0003066843783017248,0.0,6.764852878404781e-05,6
SLAKE_STAGE2_BANK16,112,F0,0.0,0.0,1.8754308223724365,0.00018850478227250278,0.0,4.86506505694706e-05,7
SLAKE_STAGE2_BANK16,112,F0,0.0,0.0,2.096867561340332,0.0005954921944066882,0.0,8.390275252168067e-05,8
SLAKE_STAGE2_BANK16,112,F0,0.0,0.0,2.317089796066284,0.00014916466898284853,0.0,4.112586702831322e-05,9
SLAKE_STAGE2_BANK16,112,F0,0.0,0.0,2.5433857440948486,0.00026845347019843757,0.0,6.215041139512323e-05,10
SLAKE_STAGE2_BANK16,112,F0,0.0,0.0,2.7617928981781006,0.00015762394468765706,0.0,4.48510854766937e-05,11
SLAKE_STAGE2_BANK16,112,F0,0.0,0.0,2.988306760787964,0.0003752588527277112,0.0,7.588702283101156e-05,12
SLAKE_STAGE2_BANK16,112,F0,0.0,0.0,3.2104358673095703,0.00012988435628358275,0.0,3.880142958223587e-05,13
SLAKE_STAGE2_BANK16,112,F0,0.0,0.0,3.4300425052642822,0.00027417310047894716,0.0,5.922998388996348e-05,14
SLAKE_STAGE2_BANK16,112,F0,0.0,0.0,3.6579043865203857,0.00015090180386323482,0.0,4.285445902496576e-05,15
SLAKE_STAGE2_BANK16,112,F0,0.0,0.0,3.880772829055786,0.00032712079701013863,0.0,7.143216680560727e-05,16
SLAKE_STAGE2_BANK16,112,F0,0.0,0.0,4.1060426235198975,0.00012603199866134673,0.0,3.7698817322961986e-05,17
SLAKE_STAGE2_BANK16,112,F0,0.0,0.0,4.33257269859314,0.0003216115292161703,0.0,5.8961781178368255e-05,18
SLAKE_STAGE2_BANK16,112,F0,0.0,0.0,4.554300785064697,0.00014581848517991602,0.0,4.2437250158400275e-05,19
SLAKE_STAGE2_BANK16,112,F0,0.0,0.0,4.773500204086304,0.00029609259217977524,0.0,6.952515468583442e-05,20
SLAKE_STAGE2_BANK16,112,F0,0.0,0.0,5.009087562561035,0.00012385286390781403,0.0,3.7967028220009524e-05,21
SLAKE_STAGE2_BANK16,112,F0,0.0,0.0,5.229036808013916,0.0003415673563722521,0.0,5.951308412477374e-05,22
SLAKE_STAGE2_BANK16,112,F0,0.0,0.0,5.453492164611816,0.0001418454630766064,0.0,4.330147021391895e-05,23
SLAKE_STAGE2_BANK16,112,F0,0.0,0.0,5.676681995391846,0.00031923039932735264,0.0,7.016589916020166e-05,24
SLAKE_STAGE2_BANK16,112,F0,0.0,0.0,5.897788047790527,0.00012191222049295902,0.0,3.8712034438503906e-05,25
SLAKE_STAGE2_BANK16,112,F0,0.0,0.0,6.119962453842163,0.0003466640191618353,0.0,6.0436883359216154e-05,26
SLAKE_STAGE2_BANK16,112,F0,0.0,0.0,6.343479156494141,0.00015003778389655054,0.0,4.4702092054649256e-05,27
SLAKE_STAGE2_BANK16,112,F0,0.0,0.0,6.566625356674194,0.0003294959315098822,0.0,7.167082003434189e-05,28
SLAKE_STAGE2_BANK16,112,F0,0.0,0.0,6.78777003288269,0.00012729073932860047,0.0,4.0097754208545666e-05,29
SLAKE_STAGE2_BANK16,112,F0,0.0,0.0,7.009975433349609,0.00029768625972792506,0.0,6.058589133317582e-05,30
SLAKE_STAGE2_BANK16,112,F0,0.0,0.0,7.2295143604278564,0.00016088801203295588,0.0,4.619212631951086e-05,31
SLAKE_STAGE2_BANK16,112,F0,0.0,0.0,7.455286264419556,0.00037470617098733783,0.0,7.329492837016005e-05,32
SLAKE_STAGE2_BANK16,112,F0,0.0,0.0,7.678181886672974,0.00013315962860360742,0.0,4.103646824660245e-05,33
SLAKE_STAGE2_BANK16,112,F0,0.0,0.0,7.901428699493408,0.00027736902120523155,0.0,6.119679528637789e-05,34
SLAKE_STAGE2_BANK16,112,F0,0.0,0.0,8.123393535614014,0.00016749001224525273,0.0,4.723513666249346e-05,35
SLAKE_STAGE2_BANK16,112,F0,0.0,0.0,8.345391035079956,0.0003719811502378434,0.0,7.371212996076792e-05,36
SLAKE_STAGE2_BANK16,112,F0,0.0,0.0,8.566550016403198,0.00014727476809639484,0.0,4.1543092265783343e-05,37
SLAKE_STAGE2_BANK16,112,F0,0.0,0.0,8.789774179458618,0.0002747549151536077,0.0,6.103290979808662e-05,38
SLAKE_STAGE2_BANK16,112,F0,0.0,0.0,9.014005899429321,0.00017188323545269668,0.0,4.7220242777257226e-05,39
SLAKE_STAGE2_BANK16,112,F0,0.0,0.0,9.223979711532593,0.0003337336238473654,0.0,7.281812213477679e-05,40
SLAKE_STAGE2_BANK16,112,F0,0.0,0.0,9.455672264099121,0.00014736292359884828,0.0,4.1662289731903e-05,41
SLAKE_STAGE2_BANK16,112,F0,0.0,0.0,9.671975135803223,0.00027602200862020254,0.0,6.049652256479021e-05,42
SLAKE_STAGE2_BANK16,112,F0,0.0,0.0,9.89474606513977,0.0001731645461404696,0.0,4.6937133447499946e-05,43
SLAKE_STAGE2_BANK16,112,F0,0.0,0.0,10.121781587600708,0.0003163106448482722,0.0,7.202840242825914e-05,44
SLAKE_STAGE2_BANK16,112,F0,0.0,0.0,10.3463876247406,0.00014990345516707748,0.0,4.175170761300251e-05,45
SLAKE_STAGE2_BANK16,112,F0,0.0,0.0,10.568713188171387,0.00030459367553703487,0.0,6.031771772541106e-05,46
SLAKE_STAGE2_BANK16,112,F0,0.0,0.0,10.789777517318726,0.00018743726832326502,0.0,4.748844185087364e-05,47
SLAKE_STAGE2_BANK16,112,F0,0.0,0.0,11.013425588607788,0.00030801448156125844,0.0,7.184958849393297e-05,48
SLAKE_STAGE2_BANK16,112,F0,0.0,0.0,11.234583854675293,0.00017394410679116845,0.0,4.257122964190785e-05,49
SLAKE_STAGE2_BANK16,112,F0,0.0,0.0,11.453714609146118,0.0003295381320640445,0.0,6.109254172770306e-05,50
SLAKE_STAGE2_BANK16,112,F0,0.0,0.0,11.680848360061646,0.00021253594604786485,0.0,4.815896136278752e-05,51
SLAKE_STAGE2_BANK16,112,F0,0.0,0.0,11.900830745697021,0.0003546963562257588,0.0,7.2907489084173e-05,52
SLAKE_STAGE2_BANK16,112,F0,0.0,0.0,12.12328028678894,0.00018997203733306378,0.0,4.316726881370414e-05,53
SLAKE_STAGE2_BANK16,112,F0,0.0,0.0,12.342841386795044,0.00036259079934097826,0.0,6.246335942705628e-05,54
SLAKE_STAGE2_BANK16,112,F0,0.0,0.0,12.56792426109314,0.00019895606965292245,0.0,4.8427189540234394e-05,55
SLAKE_STAGE2_BANK16,112,F0,0.0,0.0,12.789737701416016,0.0003672599559649825,0.0,7.280324280145578e-05,56
SLAKE_STAGE2_BANK16,112,F0,0.0,0.0,13.008731365203857,0.00020295985450502485,0.0,4.333120523369871e-05,57
SLAKE_STAGE2_BANK16,112,F0,0.0,0.0,13.236177921295166,0.000385090010240674,0.0,6.316367762337904e-05,58
SLAKE_STAGE2_BANK16,112,F0,0.0,0.0,13.45697832107544,0.0002357535413466394,0.0,4.836760308535304e-05,59
SLAKE_STAGE2_BANK16,112,F0,0.0,0.0,13.677079677581787,0.0003637051850091666,0.0,7.274370727827772e-05,60
SLAKE_STAGE2_BANK16,112,F0,0.0,0.0,13.911341905593872,0.00022376036213245243,0.0,4.376332799438387e-05,61
SLAKE_STAGE2_BANK16,112,F0,0.0,0.0,14.130172491073608,0.00046429896610789,0.0,6.352126547426451e-05,62
SLAKE_STAGE2_BANK16,112,F0,0.0,0.0,14.357055187225342,0.00021619016479235142,0.0,4.789078957401216e-05,63
SLAKE_STAGE2_BANK16,112,F0,0.0,0.0,14.57857632637024,0.00038492228486575186,0.0,7.028528671071399e-05,64
SLAKE_STAGE2_BANK16,112,F0,0.0,0.0,14.801475524902344,0.00021838975953869522,0.0,4.3375935092626605e-05,65
SLAKE_STAGE2_BANK16,112,F0,0.0,0.0,15.024834156036377,0.0003946000069845468,0.0,6.222496085683815e-05,66
SLAKE_STAGE2_BANK16,112,F0,0.0,0.0,15.243902206420898,0.0002473735949024558,0.0,4.690736204793211e-05,67
SLAKE_STAGE2_BANK16,112,F0,0.0,0.0,15.467854022979736,0.000369192217476666,0.0,6.809502156102099e-05,68
SLAKE_STAGE2_BANK16,112,F0,0.0,0.0,15.688587188720703,0.00022153799363877624,0.0,4.313754106988199e-05,69
SLAKE_STAGE2_BANK16,112,F0,0.0,0.0,15.903409004211426,0.0004197023808956146,0.0,6.159914846648462e-05,70
SLAKE_STAGE2_BANK16,112,F0,0.0,0.0,16.123450994491577,0.0002377305063419044,0.0,4.638584141503088e-05,71
SLAKE_STAGE2_BANK16,112,F0,0.0,0.0,16.34269690513611,0.0003349487960804254,0.0,6.612823563045822e-05,72
SLAKE_STAGE2_BANK16,112,F0,0.0,0.0,16.567617654800415,0.00020824058447033167,0.0,4.285445356799755e-05,73
SLAKE_STAGE2_BANK16,112,F0,0.0,0.0,16.78633403778076,0.00042146211490035057,0.0,6.149483851913828e-05,74
SLAKE_STAGE2_BANK16,112,F0,0.0,0.0,17.01273536682129,0.00019683870777953416,0.0,4.5253427742864005e-05,75
SLAKE_STAGE2_BANK16,112,F0,0.0,0.0,17.233858823776245,0.0002813599130604416,0.0,6.419125202228315e-05,76
SLAKE_STAGE2_BANK16,112,F0,0.0,0.0,17.4532527923584,0.0001833506248658523,0.0,4.3048165025538765e-05,77
SLAKE_STAGE2_BANK16,112,F0,0.0,0.0,17.67858576774597,0.00048139432328753173,0.0,6.168853178678546e-05,78
SLAKE_STAGE2_BANK16,112,F0,0.0,0.0,17.897156715393066,0.000219161796849221,0.0,4.549182085611392e-05,79
SLAKE_STAGE2_BANK16,112,F0,0.0,0.0,18.12182903289795,0.0002674839342944324,0.0,6.326747461571358e-05,80
SLAKE_STAGE2_BANK16,112,F0,0.0,0.0,18.365247011184692,0.00019930947746615857,0.0,4.3524969441932626e-05,81
SLAKE_STAGE2_BANK16,112,F0,0.0,0.0,18.587880611419678,0.00042760223732329905,0.0,6.180774653330445e-05,82
SLAKE_STAGE2_BANK16,112,F0,0.0,0.0,18.805217742919922,0.00021024189481977373,0.0,4.6266624849522486e-05,83
SLAKE_STAGE2_BANK16,112,F0,0.0,0.0,19.032748222351074,0.00028762719011865556,0.0,6.425087667594198e-05,84
SLAKE_STAGE2_BANK16,112,F0,0.0,0.0,19.253929376602173,0.00019593726028688252,0.0,4.46871872554766e-05,85
SLAKE_STAGE2_BANK16,112,F0,0.0,0.0,19.470855236053467,0.0004008968244306743,0.0,6.33275540167233e-05,86
SLAKE_STAGE2_BANK16,112,F0,0.0,0.0,19.695298671722412,0.00022465978690888733,0.0,4.798014560947195e-05,87
SLAKE_STAGE2_BANK16,112,F0,0.0,0.0,19.92087149620056,0.00030559036531485617,0.0,6.615811071242206e-05,88
SLAKE_STAGE2_BANK16,112,F0,0.0,0.0,20.140074729919434,0.0002266435039928183,0.0,4.698182237916626e-05,89
SLAKE_STAGE2_BANK16,112,F0,0.0,0.0,20.365822792053223,0.0004317024431657046,0.0,6.641186337219551e-05,90
SLAKE_STAGE2_BANK16,112,F0,0.0,0.0,20.587183713912964,0.00024410766491200775,0.0,4.9842663429444656e-05,91
SLAKE_STAGE2_BANK16,112,F0,0.0,0.0,20.809940099716187,0.00033486055326648057,0.0,6.785673031117767e-05,92
SLAKE_STAGE2_BANK16,112,F0,0.0,0.0,21.026890516281128,0.0002466766454745084,0.0,4.832286140299402e-05,93
SLAKE_STAGE2_BANK16,112,F0,0.0,0.0,21.25446105003357,0.0005026819417253137,0.0,6.776775626349263e-05,94
SLAKE_STAGE2_BANK16,112,F0,0.0,0.0,21.47456955909729,0.00023784344375599176,0.0,4.988739419786725e-05,95
SLAKE_STAGE2_BANK16,112,F0,0.0,0.0,21.70033073425293,0.0003361732524354011,0.0,6.684356048936024e-05,96
SLAKE_STAGE2_BANK16,112,F0,0.0,0.0,21.921727180480957,0.00020530042820610106,0.0,4.841230474994518e-05,97
SLAKE_STAGE2_BANK16,112,F0,0.0,0.0,22.143445253372192,0.0004973563482053578,0.0,6.709727313136682e-05,98
SLAKE_STAGE2_BANK16,112,F0,0.0,0.0,22.360530376434326,0.0002334773016627878,0.0,4.973838440491818e-05,99
SLAKE_STAGE2_BANK16,112,F0,0.0,0.0,22.586547374725342,0.0002956474490929395,0.0,6.621776992687955e-05,100
SLAKE_STAGE2_BANK16,112,F0,0.0,0.0,22.817859411239624,0.00021557958098128438,0.0,4.897850703855511e-05,101
SLAKE_STAGE2_BANK16,112,F0,0.0,0.0,23.043359518051147,0.0004124316037632525,0.0,6.556258813361637e-05,102
SLAKE_STAGE2_BANK16,112,F0,0.0,0.0,23.261111736297607,0.00022999542125035077,0.0,4.9544662033440545e-05,103
SLAKE_STAGE2_BANK16,112,F0,0.0,0.0,23.482237100601196,0.00029078254010528326,0.0,6.575585211976431e-05,104
SLAKE_STAGE2_BANK16,112,F0,0.0,0.0,23.707656145095825,0.00024283723905682564,0.0,4.908280789095443e-05,105
SLAKE_STAGE2_BANK16,112,F0,0.0,0.0,23.936378717422485,0.0003957481530960649,0.0,6.487718928838149e-05,106
SLAKE_STAGE2_BANK16,112,F0,0.0,0.0,24.159074306488037,0.00024863952421583235,0.0,4.949994035996497e-05,107
SLAKE_STAGE2_BANK16,112,F0,0.0,0.0,24.38119387626648,0.0002695158473215997,0.0,6.465326805482619e-05,108
SLAKE_STAGE2_BANK16,112,F0,0.0,0.0,24.606675386428833,0.00020624080207198858,0.0,4.9216921979677863e-05,109
SLAKE_STAGE2_BANK16,112,F0,0.0,0.0,24.832534790039062,0.0004151768807787448,0.0,6.480269075836986e-05,110
SLAKE_STAGE2_BANK16,112,F0,0.0,0.0,25.051453590393066,0.00022480198822449893,0.0,4.9410535211791284e-05,111
SLAKE_STAGE2_BANK16,112,F0,0.0,0.0,25.278310298919678,0.00026541101397015154,0.0,6.416159521904774e-05,112
SLAKE_STAGE2_BANK16,112,F0,0.0,0.0,25.500580310821533,0.0002136608090950176,0.0,4.99023481097538e-05,113
SLAKE_STAGE2_BANK16,112,F0,0.0,0.0,25.722306489944458,0.0004697022959589958,0.0,6.539868263644166e-05,114
SLAKE_STAGE2_BANK16,112,F0,0.0,0.0,25.94379711151123,0.00025459748576395214,0.0,4.984262341167778e-05,115
SLAKE_STAGE2_BANK16,112,F0,0.0,0.0,26.16239309310913,0.0002526952594053,0.0,6.384871085174382e-05,116
SLAKE_STAGE2_BANK16,112,F0,0.0,0.0,26.388645887374878,0.00023296418657992035,0.0,5.031954788137227e-05,117
SLAKE_STAGE2_BANK16,112,F0,0.0,0.0,26.605987310409546,0.0004479535564314574,0.0,6.532417683047242e-05,118
SLAKE_STAGE2_BANK16,112,F0,0.0,0.0,26.82863450050354,0.00024091718660201877,0.0,4.930622162646614e-05,119
SLAKE_STAGE2_BANK16,112,F0,0.0,0.0,27.05237364768982,0.0002758924674708396,0.0,6.279083027038723e-05,120
SLAKE_STAGE2_BANK16,112,F0,0.0,0.0,27.28282141685486,0.0002288300747750327,0.0,4.985764462617226e-05,121
SLAKE_STAGE2_BANK16,112,F0,0.0,0.0,27.50576114654541,0.00041005612001754344,0.0,6.407257751561701e-05,122
SLAKE_STAGE2_BANK16,112,F0,0.0,0.0,27.73049259185791,0.0002178400318371132,0.0,4.845692092203535e-05,123
SLAKE_STAGE2_BANK16,112,F0,0.0,0.0,27.956013441085815,0.00024252805451396853,0.0,6.1032649682601914e-05,124
SLAKE_STAGE2_BANK16,112,F0,0.0,0.0,28.17501211166382,0.0002070487244054675,0.0,4.930636532662902e-05,125
SLAKE_STAGE2_BANK16,112,F0,0.0,0.0,28.40058970451355,0.00045767551637254655,0.0,6.378948091878556e-05,126
SLAKE_STAGE2_BANK16,112,F0,0.0,0.0,28.62054753303528,0.00023338345636148006,0.0,4.826321855944116e-05,127
SLAKE_STAGE2_BANK16,112,F0,0.0,0.0,28.842316389083862,0.00025072015705518425,0.0,6.049625335435849e-05,128
SLAKE_STAGE2_BANK16,112,F0,0.0,0.0,29.06788992881775,0.00021148993982933462,0.0,4.987256761523895e-05,129
SLAKE_STAGE2_BANK16,112,F0,0.0,0.0,29.28691792488098,0.000414002628531307,0.0,6.484738332801498e-05,130
SLAKE_STAGE2_BANK16,112,F0,0.0,0.0,29.513983964920044,0.00021927975467406213,0.0,4.833771527046338e-05,131
SLAKE_STAGE2_BANK16,112,F0,0.0,0.0,29.735915899276733,0.0002536164247430861,0.0,5.988536577206105e-05,132
SLAKE_STAGE2_BANK16,112,F0,0.0,0.0,29.958057641983032,0.0002113993396051228,0.0,5.0289791033719666e-05,133
SLAKE_STAGE2_BANK16,112,F0,0.0,0.0,30.179956912994385,0.0003822590224444866,0.0,6.565198782482184e-05,134
SLAKE_STAGE2_BANK16,112,F0,0.0,0.0,30.401129961013794,0.00022164637630339712,0.0,4.8710231567383744e-05,135
SLAKE_STAGE2_BANK16,112,F0,0.0,0.0,30.623104333877563,0.0002520950511097908,0.0,5.955758206255268e-05,136
SLAKE_STAGE2_BANK16,112,F0,0.0,0.0,30.84737777709961,0.00021032706717960536,0.0,5.134773164172657e-05,137
SLAKE_STAGE2_BANK16,112,F0,0.0,0.0,31.07011890411377,0.0004626194713637233,0.0,6.71121888444759e-05,138
SLAKE_STAGE2_BANK16,112,F0,0.0,0.0,31.29177165031433,0.00021414333605207503,0.0,4.9440366638009436e-05,139
SLAKE_STAGE2_BANK16,112,F0,0.0,0.0,31.51111388206482,0.00024339683295693249,0.0,5.937881905992981e-05,140
SLAKE_STAGE2_BANK16,112,F0,0.0,0.0,31.7423996925354,0.00021199446928221732,0.0,5.243546729616355e-05,141
SLAKE_STAGE2_BANK16,112,F0,0.0,0.0,31.94477367401123,0.0005570571520365775,0.0,6.870649303891696e-05,142
SLAKE_STAGE2_BANK16,112,F0,0.0,0.0,32.16049838066101,0.0002433587796986103,0.0,5.040886208007578e-05,143
SLAKE_STAGE2_BANK16,112,F0,0.0,0.0,32.38042426109314,0.0002684764622244984,0.0,6.009400931361597e-05,144
SLAKE_STAGE2_BANK16,112,F0,0.0,0.0,32.60630536079407,0.00022683790302835405,0.0,5.416389103629626e-05,145
SLAKE_STAGE2_BANK16,112,F0,0.0,0.0,32.824878454208374,0.000463203527033329,0.0,6.968990783207119e-05,146
SLAKE_STAGE2_BANK16,112,F0,0.0,0.0,33.05219030380249,0.00022227947192732245,0.0,5.134758794156369e-05,147
SLAKE_STAGE2_BANK16,112,F0,0.0,0.0,33.273804903030396,0.0002622680040076375,0.0,6.037712773832027e-05,148
SLAKE_STAGE2_BANK16,112,F0,0.0,0.0,33.49629473686218,0.0002364660904277116,0.0,5.5490032536908984e-05,149
SLAKE_STAGE2_BANK16,112,F0,0.0,0.0,33.715516567230225,0.0004785832134075463,0.0,7.088192069204524e-05,150
SLAKE_STAGE2_BANK16,112,F0,0.0,0.0,33.94092893600464,0.00022595946211367846,0.0,5.250979847915005e-05,151
SLAKE_STAGE2_BANK16,112,F0,0.0,0.0,34.160685539245605,0.00025884027127176523,0.0,6.115193900768645e-05,152
SLAKE_STAGE2_BANK16,112,F0,0.0,0.0,34.38560891151428,0.0002125408936990425,0.0,5.6562854297226295e-05,153
SLAKE_STAGE2_BANK16,112,F0,0.0,0.0,34.6076455116272,0.000497778644785285,0.0,7.234211807372048e-05,154
SLAKE_STAGE2_BANK16,112,F0,0.0,0.0,34.83247351646423,0.0002172933309338987,0.0,5.252471237326972e-05,155
SLAKE_STAGE2_BANK16,112,F0,0.0,0.0,35.055511474609375,0.00024740584194660187,0.0,6.074962220736779e-05,156
SLAKE_STAGE2_BANK16,112,F0,0.0,0.0,35.27694249153137,0.00022710219491273165,0.0,5.665224671247415e-05,157
SLAKE_STAGE2_BANK16,112,F0,0.0,0.0,35.49535322189331,0.0005088072502985597,0.0,7.211859701783396e-05,158
SLAKE_STAGE2_BANK16,112,F0,0.0,0.0,35.72219967842102,0.00022612392785958946,0.0,5.2733295888174325e-05,159
SLAKE_STAGE2_BANK16,112,F0,0.0,0.0,35.94321012496948,0.00025132103473879397,0.0,6.036221202521119e-05,160
SLAKE_STAGE2_BANK16,112,F1,2.643564462661743,0.19397185742855072,0.6511964797973633,7.587533473968506,0.0,4.5253220378072e-05,1
SLAKE_STAGE2_BANK16,112,F1,2.538677215576172,0.08349364995956421,1.3046796321868896,7.921152114868164,0.0,8.150516077876091e-05,2
SLAKE_STAGE2_BANK16,112,F1,2.437607526779175,0.02475661039352417,1.9707915782928467,8.256942749023438,0.0,6.332698103506118e-05,3
SLAKE_STAGE2_BANK16,112,F1,2.330861806869507,0.1633700579404831,2.5348405838012695,8.579099655151367,0.0,0.000119973105029203,4
SLAKE_STAGE2_BANK16,112,F1,2.2203691005706787,0.15946552157402039,2.9706430435180664,8.881197929382324,0.0,7.599037780892104e-05,5
SLAKE_STAGE2_BANK16,112,F1,2.1080238819122314,0.07850982248783112,3.404914140701294,9.134488105773926,0.0,0.00017295342331635766,6
SLAKE_STAGE2_BANK16,112,F1,1.993708848953247,0.17302164435386658,3.8166046142578125,9.331286430358887,0.0,0.00011947845996473916,7
SLAKE_STAGE2_BANK16,112,F1,1.8758474588394165,0.023098239675164223,4.226353645324707,9.419843673706055,0.0,0.0002235439169453457,8
SLAKE_STAGE2_BANK16,112,F1,1.7598161697387695,0.14443042874336243,4.66201376914978,9.434627532958984,0.0,0.00017905195272760466,9
SLAKE_STAGE2_BANK16,112,F1,1.6401851177215576,0.022581644356250763,5.123721361160278,9.289180755615234,0.0,0.0006270386656979099,10
SLAKE_STAGE2_BANK16,112,F1,1.520658016204834,0.07223514467477798,5.557623863220215,9.059386253356934,0.0,0.0003504660271573812,11
SLAKE_STAGE2_BANK16,112,F1,1.4089833498001099,0.1572103351354599,5.9917895793914795,8.705581665039062,0.0,0.0006531605031341314,12
SLAKE_STAGE2_BANK16,112,F1,1.2960050106048584,0.021772153675556183,6.4373393058776855,8.235210418701172,0.0,0.0006754501082468778,13
SLAKE_STAGE2_BANK16,112,F1,1.1946783065795898,0.15133079886436462,6.870801210403442,7.649731636047363,0.0,0.0027761384553741664,14
SLAKE_STAGE2_BANK16,112,F1,1.0956754684448242,0.06775585561990738,7.306419134140015,7.1059746742248535,0.0,0.0016176657809410244,15
SLAKE_STAGE2_BANK16,112,F1,1.0013644695281982,0.12279397249221802,7.739238977432251,6.482408046722412,0.0,0.0027744847466237843,16
SLAKE_STAGE2_BANK16,112,F1,0.9111632704734802,0.06579651683568954,8.175028324127197,5.910385608673096,0.0,0.0029666515765711665,17
SLAKE_STAGE2_BANK16,112,F1,0.8332012891769409,0.11764407902956009,8.609219789505005,5.2626051902771,0.0,0.009305631858296692,18
SLAKE_STAGE2_BANK16,112,F1,0.7564857006072998,0.13937649130821228,9.054043292999268,4.766107082366943,0.0,0.007152798236347735,19
SLAKE_STAGE2_BANK16,112,F1,0.6843180060386658,0.020353397354483604,9.498683214187622,4.260515213012695,0.0,0.010689045069739223,20
SLAKE_STAGE2_BANK16,112,F1,0.6206467747688293,0.11083776503801346,9.94652509689331,3.9033994674682617,0.0,0.01047258242033422,21
SLAKE_STAGE2_BANK16,112,F1,0.5585264563560486,0.020129773765802383,10.392951011657715,3.417471408843994,0.0,0.023524721851572394,22
SLAKE_STAGE2_BANK16,112,F1,0.501442015171051,0.13342247903347015,10.84406566619873,3.049021005630493,0.0,0.022603236138820648,23
SLAKE_STAGE2_BANK16,112,F1,0.44665011763572693,0.06066753715276718,11.289324522018433,2.687971353530884,0.0,0.03029141342267394,24
SLAKE_STAGE2_BANK16,112,F1,0.39963147044181824,0.06020157039165497,11.722989082336426,2.493237257003784,0.0,0.02897921297699213,25
SLAKE_STAGE2_BANK16,112,F1,0.35496583580970764,0.01977814920246601,12.166851997375488,2.178046464920044,0.0,0.04880595952272415,26
SLAKE_STAGE2_BANK16,112,F1,0.3099636137485504,0.12892523407936096,12.600216627120972,1.8765658140182495,0.0,0.053106130100786686,27
SLAKE_STAGE2_BANK16,112,F1,0.27276021242141724,0.10362846404314041,13.034351587295532,1.653687596321106,0.0,0.06680419482290745,28
SLAKE_STAGE2_BANK16,112,F1,0.23818214237689972,0.019742432981729507,13.479493141174316,1.490317940711975,0.0,0.06457841396331787,29
SLAKE_STAGE2_BANK16,112,F1,0.20631134510040283,0.1035723015666008,13.914028882980347,1.3218945264816284,0.0,0.08946394734084606,30
SLAKE_STAGE2_BANK16,112,F1,0.17865756154060364,0.06012951210141182,14.350632905960083,1.1972228288650513,0.0,0.10054095089435577,31
SLAKE_STAGE2_BANK16,112,F1,0.15534432232379913,0.13110436499118805,14.786673307418823,1.2085702419281006,0.0,0.1196303702890873,32
SLAKE_STAGE2_BANK16,112,F1,0.13392603397369385,0.020083723589777946,15.229105472564697,1.0087683200836182,0.0,0.11420904099941254,33
SLAKE_STAGE2_BANK16,112,F1,0.11749966442584991,0.06185588985681534,15.66425895690918,0.9348991513252258,0.0,0.13431371003389359,34
SLAKE_STAGE2_BANK16,112,F1,0.10516383498907089,0.10966627299785614,16.106884241104126,1.0945134162902832,0.0,0.14671353995800018,35
SLAKE_STAGE2_BANK16,112,F1,0.09383303672075272,0.13709600269794464,16.54945707321167,1.2610046863555908,0.0,0.157520592212677,36
SLAKE_STAGE2_BANK16,112,F1,0.08582423627376556,0.06466369330883026,16.998119831085205,1.0803112983703613,0.0,0.14664361625909805,37
SLAKE_STAGE2_BANK16,112,F1,0.08152711391448975,0.11551201343536377,17.44056463241577,0.943495512008667,0.0,0.15297333896160126,38
SLAKE_STAGE2_BANK16,112,F1,0.07654288411140442,0.02089407853782177,17.895587921142578,1.1352092027664185,0.0,0.15150383859872818,39
SLAKE_STAGE2_BANK16,112,F1,0.07383651286363602,0.1437010020017624,18.338032484054565,1.2561054229736328,0.0,0.15011660382151604,40
SLAKE_STAGE2_BANK16,112,F1,0.07224442064762115,0.12062031775712967,18.793487787246704,1.0112786293029785,0.0,0.13344084471464157,41
SLAKE_STAGE2_BANK16,112,F1,0.07173586636781693,0.02113593928515911,19.236767292022705,0.8377092480659485,0.0,0.1328379586338997,42
SLAKE_STAGE2_BANK16,112,F1,0.07323706150054932,0.14782318472862244,19.672186851501465,0.9415285587310791,0.0,0.11881877854466438,43
SLAKE_STAGE2_BANK16,112,F1,0.07289601117372513,0.07001765817403793,20.116251945495605,0.9897745251655579,0.0,0.10928020253777504,44
SLAKE_STAGE2_BANK16,112,F1,0.07454978674650192,0.1274716854095459,20.550044059753418,0.7417588829994202,0.0,0.0957767628133297,45
SLAKE_STAGE2_BANK16,112,F1,0.07630480825901031,0.15175019204616547,20.9845552444458,0.6388471722602844,0.0,0.0977122150361538,46
SLAKE_STAGE2_BANK16,112,F1,0.07711930572986603,0.07171516865491867,21.42134141921997,0.7185956835746765,0.0,0.07985156215727329,47
SLAKE_STAGE2_BANK16,112,F1,0.07798890024423599,0.021686183288693428,21.87220001220703,0.7397791147232056,0.0,0.06897585093975067,48
SLAKE_STAGE2_BANK16,112,F1,0.07785302400588989,0.021684307605028152,22.31908082962036,0.5968277454376221,0.0,0.06195946782827377,49
SLAKE_STAGE2_BANK16,112,F1,0.07775185257196426,0.07340770214796066,22.76356291770935,0.5964937806129456,0.0,0.06877485662698746,50
SLAKE_STAGE2_BANK16,112,F1,0.07664526253938675,0.13620944321155548,23.20885419845581,0.6601406335830688,0.0,0.050594969652593136,51
SLAKE_STAGE2_BANK16,112,F1,0.07455752044916153,0.159873366355896,23.64164638519287,0.6875038743019104,0.0,0.042719398625195026,52
SLAKE_STAGE2_BANK16,112,F1,0.07157427817583084,0.1389407217502594,24.076948165893555,0.6036113500595093,0.0,0.04284888319671154,53
SLAKE_STAGE2_BANK16,112,F1,0.06776265799999237,0.02209240198135376,24.532829999923706,0.5923582911491394,0.0,0.05332396551966667,54
SLAKE_STAGE2_BANK16,112,F1,0.06328347325325012,0.16302408277988434,24.974965572357178,0.6254610419273376,0.0,0.035626890137791634,55
SLAKE_STAGE2_BANK16,112,F1,0.059071555733680725,0.07640400528907776,25.418365716934204,0.6267748475074768,0.0,0.02938091568648815,56
SLAKE_STAGE2_BANK16,112,F1,0.054367370903491974,0.022284941747784615,25.87310266494751,0.5321753025054932,0.0,0.034089693799614906,57
SLAKE_STAGE2_BANK16,112,F1,0.048622023314237595,0.1661752164363861,26.310210943222046,0.5209373831748962,0.0,0.04552045790478587,58
SLAKE_STAGE2_BANK16,112,F1,0.043744444847106934,0.14684608578681946,26.743759870529175,0.533252477645874,0.0,0.027401308063417673,59
SLAKE_STAGE2_BANK16,112,F1,0.03905349224805832,0.07814032584428787,27.180812120437622,0.507626473903656,0.0,0.021983335725963116,60
SLAKE_STAGE2_BANK16,112,F1,0.03483140841126442,0.17051689326763153,27.632746934890747,0.46846407651901245,0.0,0.029722966253757477,61
SLAKE_STAGE2_BANK16,112,F1,0.03083060123026371,0.02272976189851761,28.082019329071045,0.526863694190979,0.0,0.04064745968207717,62
SLAKE_STAGE2_BANK16,112,F1,0.027271945029497147,0.15292367339134216,28.522189617156982,0.48072800040245056,0.0,0.02141859382390976,63
SLAKE_STAGE2_BANK16,112,F1,0.0242846067994833,0.08052778244018555,28.958133459091187,0.4161023199558258,0.0,0.015870158094912767,64
SLAKE_STAGE2_BANK16,112,F1,0.021462323144078255,0.15531152486801147,29.400577306747437,0.48261457681655884,0.0,0.0248531443066895,65
SLAKE_STAGE2_BANK16,112,F1,0.0193723663687706,0.08175692707300186,29.847217559814453,0.5694741010665894,0.0,0.034100296907126904,66
SLAKE_STAGE2_BANK16,112,F1,0.017237670719623566,0.1787843406200409,30.2906277179718,0.40338972210884094,0.0,0.014533656649291515,67
SLAKE_STAGE2_BANK16,112,F1,0.015446671284735203,0.02344273030757904,30.73604679107666,0.3069603741168976,0.0,0.009785749251022935,68
SLAKE_STAGE2_BANK16,112,F1,0.013942405581474304,0.16155073046684265,31.169760942459106,0.4228263199329376,0.0,0.0174626971129328,69
SLAKE_STAGE2_BANK16,112,F1,0.012764985673129559,0.0839306116104126,31.605993509292603,0.5405371785163879,0.0,0.02525943680666387,70
SLAKE_STAGE2_BANK16,112,F1,0.011523830704391003,0.18421466648578644,32.0390260219574,0.2714192569255829,0.0,0.008175308117642999,71
SLAKE_STAGE2_BANK16,112,F1,0.010632985271513462,0.023953938856720924,32.48330783843994,0.21126000583171844,0.0,0.005359748494811356,72
SLAKE_STAGE2_BANK16,112,F1,0.009460092522203922,0.08533746749162674,32.91830611228943,0.29933205246925354,0.0,0.010565936798229814,73
SLAKE_STAGE2_BANK16,112,F1,0.00867685116827488,0.18801414966583252,33.36390972137451,0.4358285665512085,0.0,0.01650521415285766,74
SLAKE_STAGE2_BANK16,112,F1,0.008059866726398468,0.02430209144949913,33.80827355384827,0.17452578246593475,0.0,0.004386132466606796,75
SLAKE_STAGE2_BANK16,112,F1,0.007393503095954657,0.17214685678482056,34.24234318733215,0.1527075469493866,0.0,0.003115484956651926,76
SLAKE_STAGE2_BANK16,112,F1,0.006835551932454109,0.191365584731102,34.67785859107971,0.19073204696178436,0.0,0.006250455160625279,77
SLAKE_STAGE2_BANK16,112,F1,0.0061858901754021645,0.08802546560764313,35.12177133560181,0.3087005019187927,0.0,0.010140421334654093,78
SLAKE_STAGE2_BANK16,112,F1,0.0058055417612195015,0.17566053569316864,35.555728912353516,0.1233537569642067,0.0,0.0026578890974633396,79
SLAKE_STAGE2_BANK16,112,F1,0.005405698902904987,0.02474585920572281,36.00054097175598,0.1178901419043541,0.0,0.0021252878359518945,80
SLAKE_STAGE2_BANK16,112,F1,0.0049364916048944,0.08931339532136917,36.47579526901245,0.12407912313938141,0.0,0.004000400193035603,81
SLAKE_STAGE2_BANK16,112,F1,0.004540379159152508,0.024984512478113174,36.919029712677,0.20960204303264618,0.0,0.00650442048208788,82
SLAKE_STAGE2_BANK16,112,F1,0.004271178040653467,0.19643309712409973,37.35376238822937,0.09098352491855621,0.0,0.001930761442054063,83
SLAKE_STAGE2_BANK16,112,F1,0.003933248110115528,0.18092811107635498,37.796595096588135,0.08646437525749207,0.0,0.0017299195751547813,84
SLAKE_STAGE2_BANK16,112,F1,0.0036515763495117426,0.18143251538276672,38.22897791862488,0.08598608523607254,0.0,0.002940073609352112,85
SLAKE_STAGE2_BANK16,112,F1,0.003394058905541897,0.19796524941921234,38.6774697303772,0.14722660183906555,0.0,0.004638319136574864,86
SLAKE_STAGE2_BANK16,112,F1,0.003237626515328884,0.09078029543161392,39.12229776382446,0.06725814938545227,0.0,0.0016095745377242565,87
SLAKE_STAGE2_BANK16,112,F1,0.003011987078934908,0.02529873326420784,39.566112756729126,0.064401775598526,0.0,0.0015666739200241864,88
SLAKE_STAGE2_BANK16,112,F1,0.0028245907742530107,0.0910741537809372,40.00047731399536,0.06502054631710052,0.0,0.002426485763862729,89
SLAKE_STAGE2_BANK16,112,F1,0.002702048048377037,0.19939394295215607,40.43484973907471,0.11073648184537888,0.0,0.00362817186396569,90
SLAKE_STAGE2_BANK16,112,F1,0.0025484133511781693,0.18461284041404724,40.87055993080139,0.05393664538860321,0.0,0.0014790931018069386,91
SLAKE_STAGE2_BANK16,112,F1,0.0023919371888041496,0.0254786629229784,41.31354117393494,0.051090091466903687,0.0,0.0014862013049423695,92
SLAKE_STAGE2_BANK16,112,F1,0.002292271936312318,0.1848924607038498,41.747591972351074,0.05645457282662392,0.0,0.002151218068320304,93
SLAKE_STAGE2_BANK16,112,F1,0.0021786559373140335,0.09184548258781433,42.183046102523804,0.08960073441267014,0.0,0.0030330601730383933,94
SLAKE_STAGE2_BANK16,112,F1,0.002074082614853978,0.200326606631279,42.617575883865356,0.04563743621110916,0.0,0.001387283788062632,95
SLAKE_STAGE2_BANK16,112,F1,0.002023050095885992,0.025532886385917664,43.062970876693726,0.04512113705277443,0.0,0.0014323184732347727,96
SLAKE_STAGE2_BANK16,112,F1,0.001937155146151781,0.025549644604325294,43.50978684425354,0.049698736518621445,0.0,0.001945321331731975,97
SLAKE_STAGE2_BANK16,112,F1,0.0018777057994157076,0.09136364609003067,43.95335626602173,0.07540279626846313,0.0,0.0026163506554439664,98
SLAKE_STAGE2_BANK16,112,F1,0.0018336295615881681,0.18573442101478577,44.38811802864075,0.04300167039036751,0.0,0.00129096326418221,99
SLAKE_STAGE2_BANK16,112,F1,0.001778804580681026,0.20031507313251495,44.83118033409119,0.044135931879282,0.0,0.0013469374389387667,100
SLAKE_STAGE2_BANK16,112,F1,0.0017029205337166786,0.025479760020971298,45.288936376571655,0.04559345915913582,0.0,0.0017632393282838166,101
SLAKE_STAGE2_BANK16,112,F1,0.0016837198054417968,0.09148566424846649,45.72677683830261,0.06514774262905121,0.0,0.0023025204427540302,102
SLAKE_STAGE2_BANK16,112,F1,0.0016289365012198687,0.18540552258491516,46.173447370529175,0.04029828682541847,0.0,0.0011896162759512663,103
SLAKE_STAGE2_BANK16,112,F1,0.0016113341553136706,0.19927363097667694,46.61942195892334,0.04147394374012947,0.0,0.0012385608279146254,104
SLAKE_STAGE2_BANK16,112,F1,0.0015491603408008814,0.09094955027103424,47.058451890945435,0.041039254516363144,0.0,0.0015649067936465144,105
SLAKE_STAGE2_BANK16,112,F1,0.001539106946438551,0.025246603414416313,47.504796504974365,0.056209415197372437,0.0,0.0020119325490668416,106
SLAKE_STAGE2_BANK16,112,F1,0.0015019834972918034,0.18417958915233612,47.93974208831787,0.03753172233700752,0.0,0.0010568701545707881,107
SLAKE_STAGE2_BANK16,112,F1,0.0014713698765262961,0.19822433590888977,48.383230447769165,0.038284461945295334,0.0,0.001117219595471397,108
SLAKE_STAGE2_BANK16,112,F1,0.0014433417236432433,0.18422457575798035,48.82722449302673,0.04010365530848503,0.0,0.0014076695078983903,109
SLAKE_STAGE2_BANK16,112,F1,0.0014312905259430408,0.025179501622915268,49.28291201591492,0.05019683763384819,0.0,0.0018014020752161741,110
SLAKE_STAGE2_BANK16,112,F1,0.0014130494091659784,0.19644318521022797,49.72761058807373,0.03474238142371178,0.0,0.0009459481807425618,111
SLAKE_STAGE2_BANK16,112,F1,0.0013799451990053058,0.09019284695386887,50.171295404434204,0.03291750326752663,0.0,0.001008344697766006,112
SLAKE_STAGE2_BANK16,112,F1,0.0013583339750766754,0.09002438932657242,50.60700535774231,0.03378744050860405,0.0,0.0012630255077965558,113
SLAKE_STAGE2_BANK16,112,F1,0.001332729822024703,0.024893537163734436,51.05029368400574,0.04528287798166275,0.0,0.0016201271791942418,114
SLAKE_STAGE2_BANK16,112,F1,0.0013229695614427328,0.1811012327671051,51.482603788375854,0.033089395612478256,0.0,0.0008461280667688698,115
SLAKE_STAGE2_BANK16,112,F1,0.0012968231458216906,0.19448964297771454,51.92761445045471,0.03327454999089241,0.0,0.0009074080735445023,116
SLAKE_STAGE2_BANK16,112,F1,0.0012799972901120782,0.024840330705046654,52.38543677330017,0.030073298141360283,0.0,0.001129831769503653,117
SLAKE_STAGE2_BANK16,112,F1,0.0012633685255423188,0.0887392908334732,52.80252480506897,0.04152161255478859,0.0,0.001475311815738678,118
SLAKE_STAGE2_BANK16,112,F1,0.0012540522729977965,0.1937149316072464,53.24227285385132,0.03083444945514202,0.0,0.0007623381970915943,119
SLAKE_STAGE2_BANK16,112,F1,0.0012371608754619956,0.1793464720249176,53.69102454185486,0.03232554718852043,0.0,0.0008214666740968823,120
SLAKE_STAGE2_BANK16,112,F1,0.0012259908253327012,0.08834201842546463,54.146430015563965,0.027973029762506485,0.0,0.0010185942519456148,121
SLAKE_STAGE2_BANK16,112,F1,0.00121097092051059,0.024528153240680695,54.594512939453125,0.03876509517431259,0.0,0.0013572351890616119,122
SLAKE_STAGE2_BANK16,112,F1,0.0011918738018721342,0.19116918742656708,55.04296374320984,0.029561055824160576,0.0,0.0006905598565936089,123
SLAKE_STAGE2_BANK16,112,F1,0.0011702908668667078,0.17707425355911255,55.49008536338806,0.03052770346403122,0.0,0.0007534572505392134,124
SLAKE_STAGE2_BANK16,112,F1,0.0011492099147289991,0.08725689351558685,55.92699337005615,0.02605324797332287,0.0,0.0009414726810064167,125
SLAKE_STAGE2_BANK16,112,F1,0.0011310279369354248,0.024324072524905205,56.37037706375122,0.03651080280542374,0.0,0.0012645809329114854,126
SLAKE_STAGE2_BANK16,112,F1,0.0011241090251132846,0.18928515911102295,56.805182695388794,0.02788628824055195,0.0,0.0006394366355380043,127
SLAKE_STAGE2_BANK16,112,F1,0.0011069662868976593,0.17450693249702454,57.24015712738037,0.029110591858625412,0.0,0.000701575685525313,128
SLAKE_STAGE2_BANK16,112,F1,0.0010941409273073077,0.18767765164375305,57.67440748214722,0.027939919382333755,0.0,0.000881467858562246,129
SLAKE_STAGE2_BANK16,112,F1,0.001070342492312193,0.08585762232542038,58.10972356796265,0.035279419273138046,0.0,0.001196082856040448,130
SLAKE_STAGE2_BANK16,112,F1,0.0010772354435175657,0.1727522611618042,58.55079936981201,0.027768203988671303,0.0,0.0005950335180386901,131
SLAKE_STAGE2_BANK16,112,F1,0.0010510957799851894,0.024022290483117104,59.008986711502075,0.023006577044725418,0.0,0.0006595512095373124,132
SLAKE_STAGE2_BANK16,112,F1,0.00103279878385365,0.024016715586185455,59.45357942581177,0.02286745049059391,0.0,0.0008278145105578005,133
SLAKE_STAGE2_BANK16,112,F1,0.0010119987418875098,0.1845409870147705,59.89039993286133,0.03582260385155678,0.0,0.0011392082087695599,134
SLAKE_STAGE2_BANK16,112,F1,0.001012355089187622,0.17047105729579926,60.331159830093384,0.02653878927230835,0.0,0.0005498946702573448,135
SLAKE_STAGE2_BANK16,112,F1,0.0009938759030774236,0.08427996188402176,60.77789282798767,0.022260993719100952,0.0,0.0006200936622917652,136
SLAKE_STAGE2_BANK16,112,F1,0.0009735474595800042,0.18266884982585907,61.213361501693726,0.025593997910618782,0.0,0.0007729820790700614,137
SLAKE_STAGE2_BANK16,112,F1,0.0009698559297248721,0.023717179894447327,61.655885457992554,0.032690804451704025,0.0,0.0010782750905491412,138
SLAKE_STAGE2_BANK16,112,F1,0.0009531574905849993,0.16829423606395721,62.09652829170227,0.025465043261647224,0.0,0.000519425084348768,139
SLAKE_STAGE2_BANK16,112,F1,0.0009415993699803948,0.08322533965110779,62.54030656814575,0.02099664881825447,0.0,0.0005848375731147826,140
SLAKE_STAGE2_BANK16,112,F1,0.0009272705647163093,0.08310302346944809,62.995951414108276,0.02146122232079506,0.0,0.0007424314098898321,141
SLAKE_STAGE2_BANK16,112,F1,0.0009220992214977741,0.18038074672222137,63.44201302528381,0.033777665346860886,0.0,0.0010344642505515367,142
SLAKE_STAGE2_BANK16,112,F1,0.000906558649148792,0.16606257855892181,63.87476992607117,0.02457445114850998,0.0,0.0004950199509039521,143
SLAKE_STAGE2_BANK16,112,F1,0.0008986170869320631,0.023443246260285378,64.31822490692139,0.019444163888692856,0.0,0.000563362700631842,144
SLAKE_STAGE2_BANK16,112,F1,0.0008832515450194478,0.16424687206745148,64.76668429374695,0.025056859478354454,0.0,0.0007188620220404118,145
SLAKE_STAGE2_BANK16,112,F1,0.0008726707892492414,0.02337040938436985,65.2114827632904,0.03174465522170067,0.0,0.001003159035462886,146
SLAKE_STAGE2_BANK16,112,F1,0.000865740526933223,0.08111175149679184,65.6457405090332,0.018699508160352707,0.0,0.0004731717926915735,147
SLAKE_STAGE2_BANK16,112,F1,0.0008553070947527885,0.1770811676979065,66.0811939239502,0.023047281429171562,0.0,0.0005413512990344316,148
SLAKE_STAGE2_BANK16,112,F1,0.0008489716565236449,0.17606958746910095,66.52207446098328,0.02366158366203308,0.0,0.0006789760664105415,149
SLAKE_STAGE2_BANK16,112,F1,0.0008356496691703796,0.0232078917324543,66.9657289981842,0.03031751699745655,0.0,0.0009599071636330336,150
SLAKE_STAGE2_BANK16,112,F1,0.0008308637188747525,0.16048425436019897,67.41603970527649,0.023250151425600052,0.0,0.00045527511974796653,151
SLAKE_STAGE2_BANK16,112,F1,0.0008150447392836213,0.08014215528964996,67.85131740570068,0.018140891566872597,0.0,0.0005180887092137709,152
SLAKE_STAGE2_BANK16,112,F1,0.0008050855831243098,0.07979300618171692,68.28893423080444,0.019248293712735176,0.0,0.0006553990533575416,153
SLAKE_STAGE2_BANK16,112,F1,0.0008005058625712991,0.022961581125855446,68.73712539672852,0.029671259224414825,0.0,0.0009261197992600501,154
SLAKE_STAGE2_BANK16,112,F1,0.0007892049034126103,0.15830139815807343,69.17742538452148,0.02264411188662052,0.0,0.0004345240449765697,155
SLAKE_STAGE2_BANK16,112,F1,0.0007847739616408944,0.1724439114332199,69.60978293418884,0.0218078400939703,0.0,0.0005028404557378963,156
SLAKE_STAGE2_BANK16,112,F1,0.0007709775818511844,0.17155182361602783,70.05650568008423,0.02263050712645054,0.0,0.0006294457707554102,157
SLAKE_STAGE2_BANK16,112,F1,0.0007602114346809685,0.022809883579611778,70.5024151802063,0.028916040435433388,0.0,0.000897991587407887,158
SLAKE_STAGE2_BANK16,112,F1,0.0007558991783298552,0.07793804258108139,70.93879747390747,0.016544561833143234,0.0,0.00041311611130367965,159
SLAKE_STAGE2_BANK16,112,F1,0.0007541421218775213,0.1552930772304535,71.37859535217285,0.021969124674797058,0.0,0.0004798253648914397,160
SLAKE_STAGE2_BANK16,112,F2,2.643564462661743,0.19397185742855072,0.6983335018157959,8.09579849243164,2.01233172416687,4.5253220378072e-05,1
SLAKE_STAGE2_BANK16,112,F2,2.542591094970703,0.08347151428461075,1.3158249855041504,8.454778671264648,1.945011019706726,8.162435551639646e-05,2
SLAKE_STAGE2_BANK16,112,F2,2.4395506381988525,0.024757036939263344,1.9370224475860596,8.800874710083008,1.8763104677200317,6.355046207318082e-05,3
SLAKE_STAGE2_BANK16,112,F2,2.329033374786377,0.16327501833438873,2.554258108139038,9.154675483703613,1.8026225566864014,0.00012043495735269971,4
SLAKE_STAGE2_BANK16,112,F2,2.220365524291992,0.1590297818183899,3.1707863807678223,9.468825340270996,1.7301640510559082,7.602018013130873e-05,5
SLAKE_STAGE2_BANK16,112,F2,2.10996150970459,0.07819031178951263,3.796766519546509,9.741401672363281,1.6565426588058472,0.00017183665477205068,6
SLAKE_STAGE2_BANK16,112,F2,1.9937264919281006,0.17234449088573456,4.413907527923584,9.94607925415039,1.5790244340896606,0.00011931457265745848,7
SLAKE_STAGE2_BANK16,112,F2,1.8756530284881592,0.02308523654937744,5.041064500808716,10.064990043640137,1.5002650022506714,0.0002255393992527388,8
SLAKE_STAGE2_BANK16,112,F2,1.755910038948059,0.14444249868392944,5.657528400421143,10.050695419311523,1.4203684329986572,0.00018048149649985135,9
SLAKE_STAGE2_BANK16,112,F2,1.6382243633270264,0.022565729916095734,6.285818338394165,9.910591125488281,1.341807246208191,0.0006267857243074104,10
SLAKE_STAGE2_BANK16,112,F2,1.5205574035644531,0.07216843217611313,6.9095237255096436,9.676545143127441,1.2631995677947998,0.00035006414691451937,11
SLAKE_STAGE2_BANK16,112,F2,1.4070966243743896,0.15724125504493713,7.526860475540161,9.286395072937012,1.1873109340667725,0.0006531759863719344,12
SLAKE_STAGE2_BANK16,112,F2,1.299768328666687,0.021839257329702377,8.154330015182495,8.797517776489258,1.1153968572616577,0.0006819007394369692,13
SLAKE_STAGE2_BANK16,112,F2,1.1928797960281372,0.15132270753383636,8.773817539215088,8.17016887664795,1.043581247329712,0.0027768694271799177,14
SLAKE_STAGE2_BANK16,112,F2,1.0897221565246582,0.06777828931808472,9.391789197921753,7.589975833892822,0.9739934802055359,0.0016089470882434398,15
SLAKE_STAGE2_BANK16,112,F2,1.001211404800415,0.12238870561122894,10.004083395004272,6.937209606170654,0.9139451384544373,0.0027747824788093567,16
SLAKE_STAGE2_BANK16,112,F2,0.9109856486320496,0.0659714937210083,10.628559827804565,6.332021713256836,0.8522683382034302,0.002972271468024701,17
SLAKE_STAGE2_BANK16,112,F2,0.8313339352607727,0.11772652715444565,11.247921228408813,5.637786865234375,0.7972426414489746,0.009307098109275103,18
SLAKE_STAGE2_BANK16,112,F2,0.7562797665596008,0.13941065967082977,11.863651275634766,5.119329929351807,0.744696855545044,0.0071741227293387055,19
SLAKE_STAGE2_BANK16,112,F2,0.68429034948349,0.020392632111907005,12.501275539398193,4.583824157714844,0.693406343460083,0.010754728922620416,20
SLAKE_STAGE2_BANK16,112,F2,0.6207771897315979,0.1115557998418808,13.135115623474121,4.204691410064697,0.6471647620201111,0.010551569517701864,21
SLAKE_STAGE2_BANK16,112,F2,0.5585200786590576,0.020191777497529984,13.76205039024353,3.7001960277557373,0.6006300449371338,0.023524072486907244,22
SLAKE_STAGE2_BANK16,112,F2,0.501691460609436,0.13287495076656342,14.377219200134277,3.3201591968536377,0.556713879108429,0.02260336559265852,23
SLAKE_STAGE2_BANK16,112,F2,0.44802314043045044,0.06083538010716438,15.002598285675049,2.9485650062561035,0.513629674911499,0.03040492534637451,24
SLAKE_STAGE2_BANK16,112,F2,0.39958077669143677,0.06056846305727959,15.620511054992676,2.7357945442199707,0.47293680906295776,0.02897928562015295,25
SLAKE_STAGE2_BANK16,112,F2,0.354964941740036,0.01980949379503727,16.250662088394165,2.405782461166382,0.43343040347099304,0.04889076482504606,26
SLAKE_STAGE2_BANK16,112,F2,0.31302353739738464,0.129525825381279,16.86278223991394,2.102391242980957,0.3938954472541809,0.05342556908726692,27
SLAKE_STAGE2_BANK16,112,F2,0.27299410104751587,0.10362625867128372,17.479411363601685,1.845672845840454,0.35364657640457153,0.06743469275534153,28
SLAKE_STAGE2_BANK16,112,F2,0.23637861013412476,0.01975705474615097,18.106340885162354,1.6741584539413452,0.3135371804237366,0.06489632837474346,29
SLAKE_STAGE2_BANK16,112,F2,0.20666174590587616,0.10358992218971252,18.723198652267456,1.4416424036026,0.2911839187145233,0.08984419703483582,30
SLAKE_STAGE2_BANK16,112,F2,0.17747297883033752,0.06004047393798828,19.33959174156189,1.3463330268859863,0.2844712734222412,0.10097967460751534,31
SLAKE_STAGE2_BANK16,112,F2,0.1541212648153305,0.1309087723493576,19.955954551696777,1.364858865737915,0.2827247381210327,0.12107785046100616,32
SLAKE_STAGE2_BANK16,112,F2,0.1345350593328476,0.02007988654077053,20.581388473510742,1.1718616485595703,0.2758743315935135,0.11476897820830345,33
SLAKE_STAGE2_BANK16,112,F2,0.11815366894006729,0.061881404370069504,21.209501266479492,1.0953086614608765,0.26912276446819305,0.13431669399142265,34
SLAKE_STAGE2_BANK16,112,F2,0.10445994138717651,0.10944796353578568,21.823282480239868,1.2330384254455566,0.25723642110824585,0.14540475979447365,35
SLAKE_STAGE2_BANK16,112,F2,0.09440037608146667,0.1362035721540451,22.431803703308105,1.4014827013015747,0.2507897615432739,0.1575196348130703,36
SLAKE_STAGE2_BANK16,112,F2,0.08636297285556793,0.0642051175236702,23.055073499679565,1.2159497737884521,0.2367713451385498,0.14525095373392105,37
SLAKE_STAGE2_BANK16,112,F2,0.081952765583992,0.11507400870323181,23.672924280166626,1.0808277130126953,0.2280934900045395,0.15158215165138245,38
SLAKE_STAGE2_BANK16,112,F2,0.07688900828361511,0.020823996514081955,24.30110764503479,1.265679121017456,0.21174730360507965,0.15013809502124786,39
SLAKE_STAGE2_BANK16,112,F2,0.07320762425661087,0.14287321269512177,24.91581106185913,1.393226146697998,0.19557936489582062,0.14839615300297737,40
SLAKE_STAGE2_BANK16,112,F2,0.07256701588630676,0.1200578510761261,25.564400911331177,1.167012333869934,0.1821369230747223,0.13281149044632912,41
SLAKE_STAGE2_BANK16,112,F2,0.07107912003993988,0.021066240966320038,26.1896333694458,1.0033290386199951,0.16093401610851288,0.1326584815979004,42
SLAKE_STAGE2_BANK16,112,F2,0.07065396755933762,0.147619366645813,26.805158615112305,1.1203972101211548,0.13982132077217102,0.11865927651524544,43
SLAKE_STAGE2_BANK16,112,F2,0.07121124863624573,0.06928324699401855,27.431984424591064,1.17781400680542,0.12134973704814911,0.10952572524547577,44
SLAKE_STAGE2_BANK16,112,F2,0.07183665037155151,0.12715184688568115,28.049543142318726,0.9298041462898254,0.09770351648330688,0.09325717762112617,45
SLAKE_STAGE2_BANK16,112,F2,0.07254273444414139,0.1517632007598877,28.665908098220825,0.8369245529174805,0.07410538196563721,0.09572840854525566,46
SLAKE_STAGE2_BANK16,112,F2,0.07426629960536957,0.07104749232530594,29.286775827407837,0.756325364112854,0.06879034638404846,0.07783039286732674,47
SLAKE_STAGE2_BANK16,112,F2,0.07410303503274918,0.021589897572994232,29.907509565353394,0.8027682304382324,0.06868244707584381,0.06686793826520443,48
SLAKE_STAGE2_BANK16,112,F2,0.07298190146684647,0.02162453718483448,30.538110494613647,0.7051208019256592,0.0659816712141037,0.060389215126633644,49
SLAKE_STAGE2_BANK16,112,F2,0.0709443911910057,0.07303783297538757,31.155086994171143,0.7128329873085022,0.06069310009479523,0.06896717473864555,50
SLAKE_STAGE2_BANK16,112,F2,0.06895995140075684,0.13580019772052765,31.767749309539795,0.7725629210472107,0.055409908294677734,0.05056593380868435,51
SLAKE_STAGE2_BANK16,112,F2,0.06528418511152267,0.1597851812839508,32.38539242744446,0.8004416227340698,0.04494906961917877,0.042820957489311695,52
SLAKE_STAGE2_BANK16,112,F2,0.060930680483579636,0.13986709713935852,33.001683473587036,0.7128929495811462,0.0318751335144043,0.04360291175544262,53
SLAKE_STAGE2_BANK16,112,F2,0.05531950667500496,0.022057363763451576,33.62909650802612,0.6788187026977539,0.013613373041152954,0.056011888198554516,54
SLAKE_STAGE2_BANK16,112,F2,0.050879135727882385,0.16388121247291565,34.24485898017883,0.5949965715408325,0.0,0.03832478728145361,55
SLAKE_STAGE2_BANK16,112,F2,0.04548146575689316,0.07595653086900711,34.86860704421997,0.586186408996582,0.0,0.031932128593325615,56
SLAKE_STAGE2_BANK16,112,F2,0.040899477899074554,0.022325826808810234,35.49460244178772,0.5121321082115173,0.0,0.03691010922193527,57
SLAKE_STAGE2_BANK16,112,F2,0.03676728531718254,0.16774237155914307,36.11411643028259,0.5573267936706543,0.0,0.04925464140251279,58
SLAKE_STAGE2_BANK16,112,F2,0.033242978155612946,0.14779463410377502,36.72834348678589,0.567288875579834,0.0,0.02970655681565404,59
SLAKE_STAGE2_BANK16,112,F2,0.029837556183338165,0.07838716357946396,37.35762023925781,0.5102192759513855,0.0,0.022697430104017258,60
SLAKE_STAGE2_BANK16,112,F2,0.027163973078131676,0.17241190373897552,38.003483295440674,0.5077005624771118,0.0,0.02975511597469449,61
SLAKE_STAGE2_BANK16,112,F2,0.024361107498407364,0.022765953093767166,38.62903809547424,0.5894399285316467,0.0,0.04091280745342374,62
SLAKE_STAGE2_BANK16,112,F2,0.022315820679068565,0.1545735001564026,39.25334692001343,0.48306429386138916,0.0,0.01978568872436881,63
SLAKE_STAGE2_BANK16,112,F2,0.020444799214601517,0.0806710347533226,39.870370388031006,0.38111361861228943,0.0,0.013438001042231917,64
SLAKE_STAGE2_BANK16,112,F2,0.018586905673146248,0.15782473981380463,40.491780042648315,0.44181668758392334,0.0,0.020742295775562525,65
SLAKE_STAGE2_BANK16,112,F2,0.017017511650919914,0.08175310492515564,41.11540174484253,0.5464043617248535,0.0,0.029817975126206875,66
SLAKE_STAGE2_BANK16,112,F2,0.015692731365561485,0.1804717630147934,41.73039269447327,0.3397579789161682,0.0,0.011119824834167957,67
SLAKE_STAGE2_BANK16,112,F2,0.014575616456568241,0.023484960198402405,42.356584548950195,0.26933398842811584,0.0,0.00705146137624979,68
SLAKE_STAGE2_BANK16,112,F2,0.01316157542169094,0.16463062167167664,42.97298574447632,0.3246636986732483,0.0,0.012600554735399783,69
SLAKE_STAGE2_BANK16,112,F2,0.012050418183207512,0.0839528813958168,43.59262990951538,0.45706531405448914,0.0,0.01974760869052261,70
SLAKE_STAGE2_BANK16,112,F2,0.011118784546852112,0.18513543903827667,44.20585894584656,0.22664932906627655,0.0,0.005767200840637088,71
SLAKE_STAGE2_BANK16,112,F2,0.010258217342197895,0.024058036506175995,44.83302927017212,0.20520849525928497,0.0,0.003833260736428201,72
SLAKE_STAGE2_BANK16,112,F2,0.009336041286587715,0.08557240664958954,45.448939085006714,0.22421373426914215,0.0,0.007454724051058292,73
SLAKE_STAGE2_BANK16,112,F2,0.008496532216668129,0.18949630856513977,46.075512409210205,0.35522493720054626,0.0,0.012773232883773744,74
SLAKE_STAGE2_BANK16,112,F2,0.007738141808658838,0.024411695078015327,46.70049571990967,0.16266056895256042,0.0,0.0033480834681540728,75
SLAKE_STAGE2_BANK16,112,F2,0.006998902652412653,0.17376820743083954,47.31778335571289,0.15087191760540009,0.0,0.0024820083053782582,76
SLAKE_STAGE2_BANK16,112,F2,0.006468263920396566,0.19229041039943695,47.935755491256714,0.1539934277534485,0.0,0.004798961221240461,77
SLAKE_STAGE2_BANK16,112,F2,0.005819680169224739,0.08806554973125458,48.555914878845215,0.26505976915359497,0.0,0.008473910682369024,78
SLAKE_STAGE2_BANK16,112,F2,0.0053098490461707115,0.1778080314397812,49.16746735572815,0.11330709606409073,0.0,0.002331199881155044,79
SLAKE_STAGE2_BANK16,112,F2,0.00481730280444026,0.024861184880137444,49.79413199424744,0.10573694854974747,0.0,0.0019214866333641112,80
SLAKE_STAGE2_BANK16,112,F2,0.004433033522218466,0.08921414613723755,50.45427942276001,0.10774632543325424,0.0,0.0035140442778356373,81
SLAKE_STAGE2_BANK16,112,F2,0.004055195488035679,0.025010939687490463,51.07792019844055,0.1985938400030136,0.0,0.006038784165866673,82
SLAKE_STAGE2_BANK16,112,F2,0.0037418112624436617,0.19665323197841644,51.70107865333557,0.0780082643032074,0.0,0.0018990776152350008,83
SLAKE_STAGE2_BANK16,112,F2,0.003475846955552697,0.18215081095695496,52.31999397277832,0.07406440377235413,0.0,0.0017198920249938965,84
SLAKE_STAGE2_BANK16,112,F2,0.0032313272822648287,0.18349485099315643,52.93527579307556,0.08086063712835312,0.0,0.0028731044731102884,85
SLAKE_STAGE2_BANK16,112,F2,0.003005647799000144,0.19828739762306213,53.55324840545654,0.15128320455551147,0.0,0.004622099571861327,86
SLAKE_STAGE2_BANK16,112,F2,0.0027982215397059917,0.09066390991210938,54.17764234542847,0.05614650622010231,0.0,0.0016859874594956636,87
SLAKE_STAGE2_BANK16,112,F2,0.002660273341462016,0.025324227288365364,54.805636167526245,0.054890017956495285,0.0,0.0016291358042508364,88
SLAKE_STAGE2_BANK16,112,F2,0.0025104982778429985,0.09070423245429993,55.42313480377197,0.06559425592422485,0.0,0.0024691904545761645,89
SLAKE_STAGE2_BANK16,112,F2,0.0023706902284175158,0.20002928376197815,56.0386643409729,0.1195613294839859,0.0,0.003738931380212307,90
SLAKE_STAGE2_BANK16,112,F2,0.002287869108840823,0.18537725508213043,56.65370774269104,0.048955485224723816,0.0,0.001557350333314389,91
SLAKE_STAGE2_BANK16,112,F2,0.0021740226075053215,0.025434449315071106,57.28296160697937,0.046536143869161606,0.0,0.001550797838717699,92
SLAKE_STAGE2_BANK16,112,F2,0.0020948699675500393,0.18642383813858032,57.89611196517944,0.05891917645931244,0.0,0.002206228382419795,93
SLAKE_STAGE2_BANK16,112,F2,0.002020660787820816,0.09114167839288712,58.52142333984375,0.09807964414358139,0.0,0.0031607747660018504,94
SLAKE_STAGE2_BANK16,112,F2,0.0019457563757896423,0.20077358186244965,59.14045453071594,0.04423660784959793,0.0,0.0014445655979216099,95
SLAKE_STAGE2_BANK16,112,F2,0.0018871162319555879,0.025377877056598663,59.768187046051025,0.043037548661231995,0.0,0.0014542702119797468,96
SLAKE_STAGE2_BANK16,112,F2,0.001854719128459692,0.025489402934908867,60.396477699279785,0.050217483192682266,0.0,0.0019420140306465328,97
SLAKE_STAGE2_BANK16,112,F2,0.0017949617467820644,0.09120430797338486,61.01786661148071,0.08032085001468658,0.0,0.002673858485650271,98
SLAKE_STAGE2_BANK16,112,F2,0.0017417004564777017,0.18586480617523193,61.630120277404785,0.041708312928676605,0.0,0.0012926672352477908,99
SLAKE_STAGE2_BANK16,112,F2,0.00172909302636981,0.199964240193367,62.24629092216492,0.04324597492814064,0.0,0.0013265939778648317,100
SLAKE_STAGE2_BANK16,112,F2,0.0016773295355960727,0.025320272892713547,62.89365243911743,0.044356971979141235,0.0,0.0017076749936677516,101
SLAKE_STAGE2_BANK16,112,F2,0.0016551752341911197,0.09074853360652924,63.51518654823303,0.06764093041419983,0.0,0.002318363229278475,102
SLAKE_STAGE2_BANK16,112,F2,0.0016151332529261708,0.18539682030677795,64.13589978218079,0.03940344229340553,0.0,0.001166447502328083,103
SLAKE_STAGE2_BANK16,112,F2,0.0015825737500563264,0.19876132905483246,64.76423931121826,0.040351755917072296,0.0,0.0012045065523125231,104
SLAKE_STAGE2_BANK16,112,F2,0.0015603668289259076,0.09065920859575272,65.38082575798035,0.0395459309220314,0.0,0.0015133402775973082,105
SLAKE_STAGE2_BANK16,112,F2,0.0015405818121507764,0.02512194588780403,66.00579261779785,0.057971131056547165,0.0,0.0020178707782179117,106
SLAKE_STAGE2_BANK16,112,F2,0.001519411220215261,0.1841374784708023,66.62300324440002,0.037248190492391586,0.0,0.0010314758110325783,107
SLAKE_STAGE2_BANK16,112,F2,0.0014905142597854137,0.19738022983074188,67.239102602005,0.03789186850190163,0.0,0.0010688922775443643,108
SLAKE_STAGE2_BANK16,112,F2,0.0014792151050642133,0.1838195025920868,67.85457038879395,0.03849388659000397,0.0,0.0013363706530071795,109
SLAKE_STAGE2_BANK16,112,F2,0.0014443135587498546,0.025005269795656204,68.4812400341034,0.05058594048023224,0.0,0.0017801193171180785,110
SLAKE_STAGE2_BANK16,112,F2,0.0014249722007662058,0.1969226598739624,69.0986750125885,0.034310027956962585,0.0,0.0009060211305040866,111
SLAKE_STAGE2_BANK16,112,F2,0.0014101268025115132,0.08938241750001907,69.71934866905212,0.03289110213518143,0.0,0.0009662354714237154,112
SLAKE_STAGE2_BANK16,112,F2,0.0013842923799529672,0.08923984318971634,70.3343493938446,0.03196755424141884,0.0,0.0011931295739486814,113
SLAKE_STAGE2_BANK16,112,F2,0.0013808392686769366,0.024843012914061546,70.95702362060547,0.04604560509324074,0.0,0.0016192853800021112,114
SLAKE_STAGE2_BANK16,112,F2,0.0013545217225328088,0.18125492334365845,71.57921075820923,0.0334465466439724,0.0,0.000821278226794675,115
SLAKE_STAGE2_BANK16,112,F2,0.001326176105067134,0.19382314383983612,72.19100451469421,0.033558283001184464,0.0,0.000869613781105727,116
SLAKE_STAGE2_BANK16,112,F2,0.0013161771930754185,0.02462606132030487,72.81997728347778,0.029187701642513275,0.0,0.0010829255625139922,117
SLAKE_STAGE2_BANK16,112,F2,0.0012911285739392042,0.08836227655410767,73.43397164344788,0.04190657287836075,0.0,0.001467609021347016,118
SLAKE_STAGE2_BANK16,112,F2,0.001264318940229714,0.1920909434556961,74.0497260093689,0.03097369335591793,0.0,0.0007450543344020844,119
SLAKE_STAGE2_BANK16,112,F2,0.0012675374746322632,0.1794072836637497,74.66566777229309,0.03260335326194763,0.0,0.000793395156506449,120
SLAKE_STAGE2_BANK16,112,F2,0.0012413790682330728,0.08758501708507538,75.30385518074036,0.027483109384775162,0.0,0.0009918153809849173,121
SLAKE_STAGE2_BANK16,112,F2,0.0012218663468956947,0.024379532784223557,75.92847061157227,0.039891310036182404,0.0,0.001375015446683392,122
SLAKE_STAGE2_BANK16,112,F2,0.0011962678981944919,0.1904662549495697,76.54537057876587,0.029541166499257088,0.0,0.0006837289838586003,123
SLAKE_STAGE2_BANK16,112,F2,0.001188846305012703,0.17725245654582977,77.16056180000305,0.031054848805069923,0.0,0.0007375947316177189,124
SLAKE_STAGE2_BANK16,112,F2,0.001179671031422913,0.08641510456800461,77.787930727005,0.02595343254506588,0.0,0.0009229454153683037,125
SLAKE_STAGE2_BANK16,112,F2,0.0011525070294737816,0.024286620318889618,78.41293001174927,0.03785381838679314,0.0,0.0012788049352820963,126
SLAKE_STAGE2_BANK16,112,F2,0.0011286542285233736,0.18839435279369354,79.03146648406982,0.02800631895661354,0.0,0.0006333254568744451,127
SLAKE_STAGE2_BANK16,112,F2,0.0011289521353319287,0.1740531325340271,79.64676904678345,0.029492788016796112,0.0,0.0006912810495123267,128
SLAKE_STAGE2_BANK16,112,F2,0.0011078385869041085,0.187144935131073,80.26576614379883,0.027826476842164993,0.0,0.000870431715156883,129
SLAKE_STAGE2_BANK16,112,F2,0.0010910817654803395,0.08546561002731323,80.88034081459045,0.03647143021225929,0.0,0.0012119833554606885,130
SLAKE_STAGE2_BANK16,112,F2,0.0010910219280049205,0.17319944500923157,81.49520373344421,0.028125416487455368,0.0,0.0005894100031582639,131
SLAKE_STAGE2_BANK16,112,F2,0.001067965291440487,0.023878788575530052,82.13127422332764,0.023442212492227554,0.0,0.0006541741313412786,132
SLAKE_STAGE2_BANK16,112,F2,0.0010544514516368508,0.023850247263908386,82.76679301261902,0.022938372567296028,0.0,0.0008145511383190751,133
SLAKE_STAGE2_BANK16,112,F2,0.0010301831644028425,0.1848335713148117,83.38551759719849,0.03686871379613876,0.0,0.0011545306188054383,134
SLAKE_STAGE2_BANK16,112,F2,0.0010093823075294495,0.17059291899204254,84.00123333930969,0.02654911018908024,0.0,0.0005620521114906296,135
SLAKE_STAGE2_BANK16,112,F2,0.0010094721801578999,0.08367666602134705,84.62290382385254,0.022612182423472404,0.0,0.00061539959278889,136
SLAKE_STAGE2_BANK16,112,F2,0.0009892347734421492,0.18316130340099335,85.24366903305054,0.0258671585470438,0.0,0.0007822716142982244,137
SLAKE_STAGE2_BANK16,112,F2,0.0009909331565722823,0.023572301492094994,85.8701798915863,0.03445214033126831,0.0,0.0011116010718978941,138
SLAKE_STAGE2_BANK16,112,F2,0.0009764283895492554,0.1675335019826889,86.48518228530884,0.02585267275571823,0.0,0.0005306494422256947,139
SLAKE_STAGE2_BANK16,112,F2,0.0009572298731654882,0.08242249488830566,87.11367535591125,0.021444790065288544,0.0,0.0005923219141550362,140
SLAKE_STAGE2_BANK16,112,F2,0.0009402632131241262,0.08241350948810577,87.74374747276306,0.02132442407310009,0.0,0.0007407429220620543,141
SLAKE_STAGE2_BANK16,112,F2,0.0009195507154799998,0.17977014183998108,88.35487127304077,0.03564760088920593,0.0,0.0010738486016634852,142
SLAKE_STAGE2_BANK16,112,F2,0.000921060040127486,0.16527436673641205,88.96979236602783,0.024813590571284294,0.0,0.000502896320540458,143
SLAKE_STAGE2_BANK16,112,F2,0.0009087213547900319,0.0233602374792099,89.6021499633789,0.01961858756840229,0.0,0.0005656125722452998,144
SLAKE_STAGE2_BANK16,112,F2,0.0008954324293881655,0.16447128355503082,90.21279430389404,0.025214118883013725,0.0,0.0007159087690524757,145
SLAKE_STAGE2_BANK16,112,F2,0.0008870856836438179,0.0231919027864933,90.83920979499817,0.03294231370091438,0.0,0.0010344517359044403,146
SLAKE_STAGE2_BANK16,112,F2,0.0008648785878904164,0.0808698907494545,91.46262121200562,0.01872650347650051,0.0,0.0004808673111256212,147
SLAKE_STAGE2_BANK16,112,F2,0.0008690697140991688,0.1759653091430664,92.08248353004456,0.02340373769402504,0.0,0.0005403718387242407,148
SLAKE_STAGE2_BANK16,112,F2,0.0008544159354642034,0.17566081881523132,92.69672679901123,0.023712530732154846,0.0,0.0006805423472542316,149
SLAKE_STAGE2_BANK16,112,F2,0.0008476636139675975,0.02306240238249302,93.32272028923035,0.032504335045814514,0.0,0.00100137825938873,150
SLAKE_STAGE2_BANK16,112,F2,0.0008333064615726471,0.16055990755558014,93.93882942199707,0.023425240069627762,0.0,0.000461098097730428,151
SLAKE_STAGE2_BANK16,112,F2,0.0008298517786897719,0.07939592748880386,94.55903697013855,0.018486063927412033,0.0,0.0005227765359450132,152
SLAKE_STAGE2_BANK16,112,F2,0.0008160300203599036,0.07916826009750366,95.17711853981018,0.01930914632976055,0.0,0.0006569835240952671,153
SLAKE_STAGE2_BANK16,112,F2,0.0008020782261155546,0.02285677008330822,95.81025409698486,0.031498983502388,0.0,0.0009651356958784163,154
SLAKE_STAGE2_BANK16,112,F2,0.000797678017988801,0.15759815275669098,96.42392015457153,0.022722382098436356,0.0,0.00043680492672137916,155
SLAKE_STAGE2_BANK16,112,F2,0.0007940222276374698,0.17112363874912262,97.04809594154358,0.022081082686781883,0.0,0.0005024267011322081,156
SLAKE_STAGE2_BANK16,112,F2,0.000780434173066169,0.1710404008626938,97.66655087471008,0.02253645844757557,0.0,0.0006273000326473266,157
SLAKE_STAGE2_BANK16,112,F2,0.0007685668533667922,0.022719331085681915,98.2928192615509,0.030487200245261192,0.0,0.00092327716993168,158
SLAKE_STAGE2_BANK16,112,F2,0.0007616934017278254,0.07721836864948273,98.91316032409668,0.01659391261637211,0.0,0.0004242348950356245,159
SLAKE_STAGE2_BANK16,112,F2,0.0007603292469866574,0.1553339660167694,99.53411889076233,0.022191891446709633,0.0,0.0004822371993213892,160
SLAKE_STAGE2_BANK16,113,F0,0.0,0.0,0.4031496047973633,0.00038037708145566285,0.0,0.00011890313908224925,1
SLAKE_STAGE2_BANK16,113,F0,0.0,0.0,0.6937332153320312,0.0005729180411435664,0.0,0.0001445486632292159,2
SLAKE_STAGE2_BANK16,113,F0,0.0,0.0,0.9914896488189697,0.0005251596448943019,0.0,0.00014127044778433628,3
SLAKE_STAGE2_BANK16,113,F0,0.0,0.0,1.2896051406860352,0.0004287388874217868,0.0,0.00012450524809537455,4
SLAKE_STAGE2_BANK16,113,F0,0.0,0.0,1.499143362045288,0.0003511886752676219,0.0,0.00011111590720247477,5
SLAKE_STAGE2_BANK16,113,F0,0.0,0.0,1.72337007522583,0.0005484696011990309,0.0,0.0001344178272120189,6
SLAKE_STAGE2_BANK16,113,F0,0.0,0.0,1.9472873210906982,0.0004768073558807373,0.0,0.00013243083230918273,7
SLAKE_STAGE2_BANK16,113,F0,0.0,0.0,2.1810526847839355,0.0003729352029040456,0.0,0.00011642007302725688,8
SLAKE_STAGE2_BANK16,113,F0,0.0,0.0,2.411280632019043,0.00032848372939042747,0.0,0.0001052158149832394,9
SLAKE_STAGE2_BANK16,113,F0,0.0,0.0,2.6356303691864014,0.00047719868598505855,0.0,0.00012553821215988137,10
SLAKE_STAGE2_BANK16,113,F0,0.0,0.0,2.8761496543884277,0.0004537797358352691,0.0,0.00012474312461563386,11
SLAKE_STAGE2_BANK16,113,F0,0.0,0.0,3.1092491149902344,0.0003500694874674082,0.0,0.00011065907892771065,12
SLAKE_STAGE2_BANK16,113,F0,0.0,0.0,3.335273504257202,0.00031383137684315443,0.0,0.00010015002771979198,13
SLAKE_STAGE2_BANK16,113,F0,0.0,0.0,3.5642056465148926,0.00045754254097118974,0.0,0.00011816823462140746,14
SLAKE_STAGE2_BANK16,113,F0,0.0,0.0,3.8042306900024414,0.0003987177915405482,0.0,0.00011836648991447873,15
SLAKE_STAGE2_BANK16,113,F0,0.0,0.0,4.0264458656311035,0.00035454193130135536,0.0,0.00010583170660538599,16
SLAKE_STAGE2_BANK16,113,F0,0.0,0.0,4.2465667724609375,0.0003081837494391948,0.0,9.595831215847284e-05,17
SLAKE_STAGE2_BANK16,113,F0,0.0,0.0,4.470646142959595,0.00043795592500828207,0.0,0.00011284430729574524,18
SLAKE_STAGE2_BANK16,113,F0,0.0,0.0,4.68749213218689,0.0004003120702691376,0.0,0.00011423450268921442,19
SLAKE_STAGE2_BANK16,113,F0,0.0,0.0,4.905380964279175,0.0003559002361726016,0.0,0.00010241479685646482,20
SLAKE_STAGE2_BANK16,113,F0,0.0,0.0,5.147982358932495,0.0003149885160382837,0.0,9.274001058656722e-05,21
SLAKE_STAGE2_BANK16,113,F0,0.0,0.0,5.368428707122803,0.00042505780584178865,0.0,0.00010825535719050094,22
SLAKE_STAGE2_BANK16,113,F0,0.0,0.0,5.590607166290283,0.00039554372779093683,0.0,0.00011012235700036399,23
SLAKE_STAGE2_BANK16,113,F0,0.0,0.0,5.812634229660034,0.00035260815639048815,0.0,9.917665374814533e-05,24
SLAKE_STAGE2_BANK16,113,F0,0.0,0.0,6.035149097442627,0.0003107927041128278,0.0,9.055473492480814e-05,25
SLAKE_STAGE2_BANK16,113,F0,0.0,0.0,6.256820917129517,0.0004114344483241439,0.0,0.00010499737618374638,26
SLAKE_STAGE2_BANK16,113,F0,0.0,0.0,6.480365037918091,0.0003912456741090864,0.0,0.00010829472375917248,27
SLAKE_STAGE2_BANK16,113,F0,0.0,0.0,6.703171491622925,0.000345304753864184,0.0,9.736885112943128e-05,28
SLAKE_STAGE2_BANK16,113,F0,0.0,0.0,6.926075458526611,0.00029384976369328797,0.0,8.884623093763366e-05,29
SLAKE_STAGE2_BANK16,113,F0,0.0,0.0,7.14943528175354,0.00041189094190485775,0.0,0.00010209698666585609,30
SLAKE_STAGE2_BANK16,113,F0,0.0,0.0,7.366565704345703,0.00038735533598810434,0.0,0.00010644723079167306,31
SLAKE_STAGE2_BANK16,113,F0,0.0,0.0,7.583287477493286,0.0003356546221766621,0.0,9.603783473721705e-05,32
SLAKE_STAGE2_BANK16,113,F0,0.0,0.0,7.802500486373901,0.0003128210664726794,0.0,8.803170931059867e-05,33
SLAKE_STAGE2_BANK16,113,F0,0.0,0.0,8.029237747192383,0.0003948819939978421,0.0,0.00010013025894295424,34
SLAKE_STAGE2_BANK16,113,F0,0.0,0.0,8.250136613845825,0.00040309008909389377,0.0,0.00010515594112803228,35
SLAKE_STAGE2_BANK16,113,F0,0.0,0.0,8.46484661102295,0.0003442151937633753,0.0,9.470681834500283e-05,36
SLAKE_STAGE2_BANK16,113,F0,0.0,0.0,8.684922695159912,0.0003108192468062043,0.0,8.725693624000996e-05,37
SLAKE_STAGE2_BANK16,113,F0,0.0,0.0,8.900957584381104,0.0003797226818278432,0.0,9.826286986935884e-05,38
SLAKE_STAGE2_BANK16,113,F0,0.0,0.0,9.11995792388916,0.00040619217907078564,0.0,0.00010414277130621485,39
SLAKE_STAGE2_BANK16,113,F0,0.0,0.0,9.335724115371704,0.00034955955925397575,0.0,9.399166447110474e-05,40
SLAKE_STAGE2_BANK16,113,F0,0.0,0.0,9.575478076934814,0.0003023302706424147,0.0,8.634309051558375e-05,41
SLAKE_STAGE2_BANK16,113,F0,0.0,0.0,9.79641318321228,0.00037286002770997584,0.0,9.63756137934979e-05,42
SLAKE_STAGE2_BANK16,113,F0,0.0,0.0,10.013851642608643,0.00038351674447767437,0.0,0.00010285155440215021,43
SLAKE_STAGE2_BANK16,113,F0,0.0,0.0,10.230001449584961,0.0003576931485440582,0.0,9.327651787316427e-05,44
SLAKE_STAGE2_BANK16,113,F0,0.0,0.0,10.452613353729248,0.00030392175540328026,0.0,8.548884943593293e-05,45
SLAKE_STAGE2_BANK16,113,F0,0.0,0.0,10.666703701019287,0.0003724742273334414,0.0,9.510420204605907e-05,46
SLAKE_STAGE2_BANK16,113,F0,0.0,0.0,10.88593339920044,0.00039650683174841106,0.0,0.0001022754622681532,47
SLAKE_STAGE2_BANK16,113,F0,0.0,0.0,11.109987497329712,0.0003515072166919708,0.0,9.270041118725203e-05,48
SLAKE_STAGE2_BANK16,113,F0,0.0,0.0,11.32615852355957,0.0003056807618122548,0.0,8.546899698558263e-05,49
SLAKE_STAGE2_BANK16,113,F0,0.0,0.0,11.544052839279175,0.00037124077789485455,0.0,9.430958016309887e-05,50
SLAKE_STAGE2_BANK16,113,F0,0.0,0.0,11.767793655395508,0.0003895434201695025,0.0,0.00010169936649617739,51
SLAKE_STAGE2_BANK16,113,F0,0.0,0.0,11.987577199935913,0.0003592553548514843,0.0,9.222363223670982e-05,52
SLAKE_STAGE2_BANK16,113,F0,0.0,0.0,12.211307048797607,0.0003047038917429745,0.0,8.469420208712108e-05,53
SLAKE_STAGE2_BANK16,113,F0,0.0,0.0,12.43150281906128,0.00037638263893313706,0.0,9.277989374822937e-05,54
SLAKE_STAGE2_BANK16,113,F0,0.0,0.0,12.654225826263428,0.0003822484868578613,0.0,0.00010104380635311827,55
SLAKE_STAGE2_BANK16,113,F0,0.0,0.0,12.877573490142822,0.0003691457968670875,0.0,9.15879281819798e-05,56
SLAKE_STAGE2_BANK16,113,F0,0.0,0.0,13.100226163864136,0.0003098551242146641,0.0,8.405849439441226e-05,57
SLAKE_STAGE2_BANK16,113,F0,0.0,0.0,13.322615146636963,0.00037884534685872495,0.0,9.206472168443725e-05,58
SLAKE_STAGE2_BANK16,113,F0,0.0,0.0,13.54455041885376,0.0004039018240291625,0.0,0.00010012996426667087,59
SLAKE_STAGE2_BANK16,113,F0,0.0,0.0,13.765079259872437,0.00038141716504469514,0.0,9.11310053197667e-05,60
SLAKE_STAGE2_BANK16,113,F0,0.0,0.0,13.997066497802734,0.00031401441083289683,0.0,8.372074807994068e-05,61
SLAKE_STAGE2_BANK16,113,F0,0.0,0.0,14.220448732376099,0.00036459375405684114,0.0,9.132966079050675e-05,62
SLAKE_STAGE2_BANK16,113,F0,0.0,0.0,14.440552234649658,0.00039613351691514254,0.0,9.977234731195495e-05,63
SLAKE_STAGE2_BANK16,113,F0,0.0,0.0,14.666987657546997,0.00037715828511863947,0.0,9.039596261573024e-05,64
SLAKE_STAGE2_BANK16,113,F0,0.0,0.0,14.888384342193604,0.0003060616727452725,0.0,8.308502947329544e-05,65
SLAKE_STAGE2_BANK16,113,F0,0.0,0.0,15.101454734802246,0.0003653550520539284,0.0,9.017741831485182e-05,66
SLAKE_STAGE2_BANK16,113,F0,0.0,0.0,15.318668603897095,0.0003798829857259989,0.0,9.852079165284522e-05,67
SLAKE_STAGE2_BANK16,113,F0,0.0,0.0,15.544187545776367,0.00038445505197159946,0.0,8.952186908572912e-05,68
SLAKE_STAGE2_BANK16,113,F0,0.0,0.0,15.767864227294922,0.0003227297856938094,0.0,8.23698537715245e-05,69
SLAKE_STAGE2_BANK16,113,F0,0.0,0.0,15.9860999584198,0.0003633299784269184,0.0,8.960131162893958e-05,70
SLAKE_STAGE2_BANK16,113,F0,0.0,0.0,16.211687564849854,0.00039945836761035025,0.0,9.838174446485937e-05,71
SLAKE_STAGE2_BANK16,113,F0,0.0,0.0,16.433932304382324,0.000382242607884109,0.0,8.985961540020071e-05,72
SLAKE_STAGE2_BANK16,113,F0,0.0,0.0,16.65756845474243,0.0003277916111983359,0.0,8.240957686211914e-05,73
SLAKE_STAGE2_BANK16,113,F0,0.0,0.0,16.87911057472229,0.0003854682145174593,0.0,8.892586993169971e-05,74
SLAKE_STAGE2_BANK16,113,F0,0.0,0.0,17.103647708892822,0.00039769973955117166,0.0,9.840159327723086e-05,75
SLAKE_STAGE2_BANK16,113,F0,0.0,0.0,17.324844121932983,0.0003685735573526472,0.0,8.991921276901849e-05,76
SLAKE_STAGE2_BANK16,113,F0,0.0,0.0,17.541069746017456,0.00032694742549210787,0.0,8.236983921960928e-05,77
SLAKE_STAGE2_BANK16,113,F0,0.0,0.0,17.761866092681885,0.00035791349364444613,0.0,8.898544911062345e-05,78
SLAKE_STAGE2_BANK16,113,F0,0.0,0.0,17.981072902679443,0.00042031623888760805,0.0,9.816321471589617e-05,79
SLAKE_STAGE2_BANK16,113,F0,0.0,0.0,18.20352864265442,0.00039709615521132946,0.0,9.005826359498315e-05,80
SLAKE_STAGE2_BANK16,113,F0,0.0,0.0,18.440040826797485,0.0003357712412253022,0.0,8.282674389192834e-05,81
SLAKE_STAGE2_BANK16,113,F0,0.0,0.0,18.658352613449097,0.00039709225529804826,0.0,8.848875950207002e-05,82
SLAKE_STAGE2_BANK16,113,F0,0.0,0.0,18.88303565979004,0.0004216618835926056,0.0,9.804396540857852e-05,83
SLAKE_STAGE2_BANK16,113,F0,0.0,0.0,19.099866151809692,0.0003911862731911242,0.0,9.031650552060455e-05,84
SLAKE_STAGE2_BANK16,113,F0,0.0,0.0,19.32236123085022,0.00032667271443642676,0.0,8.33631020213943e-05,85
SLAKE_STAGE2_BANK16,113,F0,0.0,0.0,19.548550367355347,0.0003848661726806313,0.0,8.803180753602646e-05,86
SLAKE_STAGE2_BANK16,113,F0,0.0,0.0,19.76285982131958,0.0004174396162852645,0.0,9.766646326170303e-05,87
SLAKE_STAGE2_BANK16,113,F0,0.0,0.0,19.98275375366211,0.0003896553535014391,0.0,9.027675696415827e-05,88
SLAKE_STAGE2_BANK16,113,F0,0.0,0.0,20.20113754272461,0.0003316643997095525,0.0,8.284655632451177e-05,89
SLAKE_STAGE2_BANK16,113,F0,0.0,0.0,20.423575162887573,0.0003869965148624033,0.0,8.699875616002828e-05,90
SLAKE_STAGE2_BANK16,113,F0,0.0,0.0,20.64458203315735,0.000410812150221318,0.0,9.758699525264092e-05,91
SLAKE_STAGE2_BANK16,113,F0,0.0,0.0,20.86220097541809,0.00039798024226911366,0.0,8.997876648209058e-05,92
SLAKE_STAGE2_BANK16,113,F0,0.0,0.0,21.079939365386963,0.0003345612494740635,0.0,8.326374882017262e-05,93
SLAKE_STAGE2_BANK16,113,F0,0.0,0.0,21.297122955322266,0.0003800023696385324,0.0,8.678022641106509e-05,94
SLAKE_STAGE2_BANK16,113,F0,0.0,0.0,21.51688241958618,0.00040154802263714373,0.0,9.70705077634193e-05,95
SLAKE_STAGE2_BANK16,113,F0,0.0,0.0,21.74167013168335,0.00040489149978384376,0.0,9.079329902306199e-05,96
SLAKE_STAGE2_BANK16,113,F0,0.0,0.0,21.964510440826416,0.0003409362689126283,0.0,8.338296538568102e-05,97
SLAKE_STAGE2_BANK16,113,F0,0.0,0.0,22.184277296066284,0.0003785459266509861,0.0,8.689943933859468e-05,98
SLAKE_STAGE2_BANK16,113,F0,0.0,0.0,22.407645225524902,0.000432152854045853,0.0,9.796446101972833e-05,99
SLAKE_STAGE2_BANK16,113,F0,0.0,0.0,22.622629404067993,0.0004024797526653856,0.0,9.180647612083703e-05,100
SLAKE_STAGE2_BANK16,113,F0,0.0,0.0,22.861042737960815,0.00035860584466718137,0.0,8.445575076621026e-05,101
SLAKE_STAGE2_BANK16,113,F0,0.0,0.0,23.08381462097168,0.00037434836849570274,0.0,8.755503222346306e-05,102
SLAKE_STAGE2_BANK16,113,F0,0.0,0.0,23.305741786956787,0.00043098212336190045,0.0,9.816310557653196e-05,103
SLAKE_STAGE2_BANK16,113,F0,0.0,0.0,23.528740406036377,0.0003780311672016978,0.0,9.327657608082518e-05,104
SLAKE_STAGE2_BANK16,113,F0,0.0,0.0,23.74998641014099,0.00035605867742560804,0.0,8.624371912446804e-05,105
SLAKE_STAGE2_BANK16,113,F0,0.0,0.0,23.974213123321533,0.0003785688313655555,0.0,8.936286030802876e-05,106
SLAKE_STAGE2_BANK16,113,F0,0.0,0.0,24.196532726287842,0.00041446456452831626,0.0,9.927558130584657e-05,107
SLAKE_STAGE2_BANK16,113,F0,0.0,0.0,24.417084455490112,0.0004043643129989505,0.0,9.464734102948569e-05,108
SLAKE_STAGE2_BANK16,113,F0,0.0,0.0,24.64096236228943,0.000343282736139372,0.0,8.836936103762127e-05,109
SLAKE_STAGE2_BANK16,113,F0,0.0,0.0,24.861093044281006,0.0003846664621960372,0.0,9.017733100336045e-05,110
SLAKE_STAGE2_BANK16,113,F0,0.0,0.0,25.081490516662598,0.0004067207046318799,0.0,0.00010104352986672893,111
SLAKE_STAGE2_BANK16,113,F0,0.0,0.0,25.29932975769043,0.000391620269510895,0.0,9.639552081353031e-05,112
SLAKE_STAGE2_BANK16,113,F0,0.0,0.0,25.520652770996094,0.00034832459641620517,0.0,8.983943916973658e-05,113
SLAKE_STAGE2_BANK16,113,F0,0.0,0.0,25.739739179611206,0.00037164599052630365,0.0,9.176659295917489e-05,114
SLAKE_STAGE2_BANK16,113,F0,0.0,0.0,25.96552014350891,0.00039940958959050477,0.0,0.0001017983777273912,115
SLAKE_STAGE2_BANK16,113,F0,0.0,0.0,26.185460567474365,0.0004154018242843449,0.0,9.856088581727818e-05,116
SLAKE_STAGE2_BANK16,113,F0,0.0,0.0,26.40877342224121,0.0003380891284905374,0.0,9.113071428146213e-05,117
SLAKE_STAGE2_BANK16,113,F0,0.0,0.0,26.630841493606567,0.00036003952845931053,0.0,9.214402234647423e-05,118
SLAKE_STAGE2_BANK16,113,F0,0.0,0.0,26.849747896194458,0.0003856331168208271,0.0,0.00010243395809084177,119
SLAKE_STAGE2_BANK16,113,F0,0.0,0.0,27.078049421310425,0.00040239200461655855,0.0,9.877933553070761e-05,120
SLAKE_STAGE2_BANK16,113,F0,0.0,0.0,27.30764102935791,0.0003380338312126696,0.0,9.198486804962158e-05,121
SLAKE_STAGE2_BANK16,113,F0,0.0,0.0,27.531185150146484,0.0003635704633779824,0.0,9.335577851743437e-05,122
SLAKE_STAGE2_BANK16,113,F0,0.0,0.0,27.75306749343872,0.0003836089454125613,0.0,0.00010364557965658605,123
SLAKE_STAGE2_BANK16,113,F0,0.0,0.0,27.97155785560608,0.0003762289707083255,0.0,9.95142872852739e-05,124
SLAKE_STAGE2_BANK16,113,F0,0.0,0.0,28.197990894317627,0.00033444189466536045,0.0,9.281919119530357e-05,125
SLAKE_STAGE2_BANK16,113,F0,0.0,0.0,28.418367624282837,0.0003527607477735728,0.0,9.365369260194711e-05,126
SLAKE_STAGE2_BANK16,113,F0,0.0,0.0,28.640402793884277,0.0003889311628881842,0.0,0.00010455924712005071,127
SLAKE_STAGE2_BANK16,113,F0,0.0,0.0,28.863183736801147,0.00039133214158937335,0.0,0.00010066647155326791,128
SLAKE_STAGE2_BANK16,113,F0,0.0,0.0,29.085103511810303,0.00034071222762577236,0.0,9.468656207900494e-05,129
SLAKE_STAGE2_BANK16,113,F0,0.0,0.0,29.30876898765564,0.0003585160884540528,0.0,9.494495679973625e-05,130
SLAKE_STAGE2_BANK16,113,F0,0.0,0.0,29.52783441543579,0.0003958347369916737,0.0,0.00010537368143559434,131
SLAKE_STAGE2_BANK16,113,F0,0.0,0.0,29.751551866531372,0.000399836921133101,0.0,0.00010160019155591726,132
SLAKE_STAGE2_BANK16,113,F0,0.0,0.0,29.974193334579468,0.000340388563927263,0.0,9.520307503407821e-05,133
SLAKE_STAGE2_BANK16,113,F0,0.0,0.0,30.195427417755127,0.00036784217809326947,0.0,9.599783152225427e-05,134
SLAKE_STAGE2_BANK16,113,F0,0.0,0.0,30.417913675308228,0.00039887201273813844,0.0,0.00010551277955528349,135
SLAKE_STAGE2_BANK16,113,F0,0.0,0.0,30.634525537490845,0.0004358568985480815,0.0,0.00010231538180960342,136
SLAKE_STAGE2_BANK16,113,F0,0.0,0.0,30.85314106941223,0.00033621324109844863,0.0,9.556071017868817e-05,137
SLAKE_STAGE2_BANK16,113,F0,0.0,0.0,31.072611570358276,0.00037914811400696635,0.0,9.64349128480535e-05,138
SLAKE_STAGE2_BANK16,113,F0,0.0,0.0,31.298502683639526,0.0003970969992224127,0.0,0.00010581077003735118,139
SLAKE_STAGE2_BANK16,113,F0,0.0,0.0,31.512259006500244,0.00045145346666686237,0.0,0.00010243460201309063,140
SLAKE_STAGE2_BANK16,113,F0,0.0,0.0,31.74390435218811,0.0003404706949368119,0.0,9.627587860450149e-05,141
SLAKE_STAGE2_BANK16,113,F0,0.0,0.0,31.96529769897461,0.00041137123480439186,0.0,9.718978617456742e-05,142
SLAKE_STAGE2_BANK16,113,F0,0.0,0.0,32.18609952926636,0.0004018019244540483,0.0,0.00010616838335408829,143
SLAKE_STAGE2_BANK16,113,F0,0.0,0.0,32.409364223480225,0.00044942848035134375,0.0,0.00010344778274884447,144
SLAKE_STAGE2_BANK16,113,F0,0.0,0.0,32.633084774017334,0.000371699221432209,0.0,9.828233305597678e-05,145
SLAKE_STAGE2_BANK16,113,F0,0.0,0.0,32.84920072555542,0.0004183884884696454,0.0,9.907701314659789e-05,146
SLAKE_STAGE2_BANK16,113,F0,0.0,0.0,33.068373918533325,0.0004007054667454213,0.0,0.00010722129081841558,147
SLAKE_STAGE2_BANK16,113,F0,0.0,0.0,33.28624081611633,0.00048264089855365455,0.0,0.00010499732161406428,148
SLAKE_STAGE2_BANK16,113,F0,0.0,0.0,33.51366376876831,0.00039127047057263553,0.0,0.00010076556645799428,149
SLAKE_STAGE2_BANK16,113,F0,0.0,0.0,33.73389196395874,0.00044602190610021353,0.0,0.0001015204943541903,150
SLAKE_STAGE2_BANK16,113,F0,0.0,0.0,33.94810199737549,0.0004042395739816129,0.0,0.0001106183735828381,151
SLAKE_STAGE2_BANK16,113,F0,0.0,0.0,34.16868329048157,0.0005253306590020657,0.0,0.00010877185559365898,152
SLAKE_STAGE2_BANK16,113,F0,0.0,0.0,34.39054489135742,0.0004328491340856999,0.0,0.00010467915126355365,153
SLAKE_STAGE2_BANK16,113,F0,0.0,0.0,34.61476230621338,0.0004645898297894746,0.0,0.00010448047760291956,154
SLAKE_STAGE2_BANK16,113,F0,0.0,0.0,34.83658194541931,0.0005287462845444679,0.0,0.0001171344265458174,155
SLAKE_STAGE2_BANK16,113,F0,0.0,0.0,35.05693769454956,0.0006176702445372939,0.0,0.00011361911310814321,156
SLAKE_STAGE2_BANK16,113,F0,0.0,0.0,35.27575159072876,0.00045946493628434837,0.0,0.00010815565110533498,157
SLAKE_STAGE2_BANK16,113,F0,0.0,0.0,35.503211975097656,0.00047687621554359794,0.0,0.00010630801989464089,158
SLAKE_STAGE2_BANK16,113,F0,0.0,0.0,35.721210956573486,0.0010112938471138477,0.0,0.00012001484719803557,159
SLAKE_STAGE2_BANK16,113,F0,0.0,0.0,35.93979477882385,0.0004784103075508028,0.0,0.00010908938929787837,160
SLAKE_STAGE2_BANK16,113,F1,3.853989601135254,0.00728882709518075,0.7160036563873291,7.811747074127197,0.0,0.00011890313908224925,1
SLAKE_STAGE2_BANK16,113,F1,3.7399604320526123,0.0018196858000010252,1.3061201572418213,7.739105701446533,0.0,0.00015082523896126077,2
SLAKE_STAGE2_BANK16,113,F1,3.620642900466919,0.0033167621586471796,1.8897006511688232,7.641711711883545,0.0,0.00015630611596861854,3
SLAKE_STAGE2_BANK16,113,F1,3.503965377807617,0.17043457925319672,2.482117176055908,7.544496536254883,0.0,0.00013157691864762455,4
SLAKE_STAGE2_BANK16,113,F1,3.3954365253448486,0.16376455128192902,2.91567325592041,7.425203323364258,0.0,0.00012597451132023707,5
SLAKE_STAGE2_BANK16,113,F1,3.2842280864715576,0.0017287350492551923,3.3448612689971924,7.287593841552734,0.0,0.00020252010290278122,6
SLAKE_STAGE2_BANK16,113,F1,3.177945375442505,0.006942641921341419,3.782680034637451,7.15151309967041,0.0,0.00022602793615078554,7
SLAKE_STAGE2_BANK16,113,F1,3.074657440185547,0.0030745049007236958,4.222418308258057,7.0130839347839355,0.0,0.0001566642677062191,8
SLAKE_STAGE2_BANK16,113,F1,2.9710538387298584,0.139170303940773,4.655783653259277,6.865444660186768,0.0,0.00016834162670420483,9
SLAKE_STAGE2_BANK16,113,F1,2.8678910732269287,0.0030017364770174026,5.0890233516693115,6.706828594207764,0.0,0.0003496976278256625,10
SLAKE_STAGE2_BANK16,113,F1,2.772184133529663,0.0016455927398055792,5.517718076705933,6.552138328552246,0.0,0.0004430165863595903,11
SLAKE_STAGE2_BANK16,113,F1,2.676743745803833,0.0065248324535787106,5.959723234176636,6.395371437072754,0.0,0.00024637200112920254,12
SLAKE_STAGE2_BANK16,113,F1,2.5839731693267822,0.0028348860796540976,6.391771078109741,6.233969211578369,0.0,0.00030027443426661193,13
SLAKE_STAGE2_BANK16,113,F1,2.493619203567505,0.0064340741373598576,6.841457366943359,6.067925930023193,0.0,0.000724810000974685,14
SLAKE_STAGE2_BANK16,113,F1,2.4004507064819336,0.0015795620856806636,7.272610425949097,5.8946380615234375,0.0,0.0010396419675089419,15
SLAKE_STAGE2_BANK16,113,F1,2.3179967403411865,0.10235676914453506,7.709368944168091,5.748340606689453,0.0,0.0004974138719262555,16
SLAKE_STAGE2_BANK16,113,F1,2.2330026626586914,0.0015413886867463589,8.137673616409302,5.573808193206787,0.0,0.000656448130030185,17
SLAKE_STAGE2_BANK16,113,F1,2.150378942489624,0.09328713268041611,8.567190408706665,5.401697158813477,0.0,0.001526952808490023,18
SLAKE_STAGE2_BANK16,113,F1,2.073007106781006,0.006124233361333609,9.01378059387207,5.218235969543457,0.0,0.0024614123394712806,19
SLAKE_STAGE2_BANK16,113,F1,1.9953827857971191,0.0025467437226325274,9.445101261138916,5.082264423370361,0.0,0.001107209303881973,20
SLAKE_STAGE2_BANK16,113,F1,1.920408844947815,0.08081501722335815,9.912270069122314,4.921489238739014,0.0,0.0014778196928091347,21
SLAKE_STAGE2_BANK16,113,F1,1.8455015420913696,0.0025002749171108007,10.348321437835693,4.744231700897217,0.0,0.003147089562844485,22
SLAKE_STAGE2_BANK16,113,F1,1.7758512496948242,0.005836420692503452,10.791200637817383,4.5564703941345215,0.0,0.005613922607153654,23
SLAKE_STAGE2_BANK16,113,F1,1.708227276802063,0.0014562146971002221,11.235033988952637,4.442465782165527,0.0,0.0024370799073949456,24
SLAKE_STAGE2_BANK16,113,F1,1.6384329795837402,0.0014115078374743462,11.66891360282898,4.284531116485596,0.0,0.0032875114120543003,25
SLAKE_STAGE2_BANK16,113,F1,1.5713351964950562,0.002381660509854555,12.115312576293945,4.113193035125732,0.0,0.00624062807764858,26
SLAKE_STAGE2_BANK16,113,F1,1.5092004537582397,0.005733659490942955,12.557173490524292,3.904348611831665,0.0,0.011970121180638671,27
SLAKE_STAGE2_BANK16,113,F1,1.4472116231918335,0.05652596428990364,12.994318008422852,3.839064121246338,0.0,0.005222863284870982,28
SLAKE_STAGE2_BANK16,113,F1,1.3850895166397095,0.0022874425631016493,13.421534776687622,3.6849799156188965,0.0,0.006929203635081649,29
SLAKE_STAGE2_BANK16,113,F1,1.3231810331344604,0.05079350247979164,13.85496211051941,3.5193469524383545,0.0,0.011815819656476378,30
SLAKE_STAGE2_BANK16,113,F1,1.2668888568878174,0.001381506910547614,14.286173343658447,3.268547773361206,0.0,0.02353635895997286,31
SLAKE_STAGE2_BANK16,113,F1,1.210839033126831,0.0055417208932340145,14.733042240142822,3.262972354888916,0.0,0.010508052073419094,32
SLAKE_STAGE2_BANK16,113,F1,1.1547914743423462,0.0022255759686231613,15.16558051109314,3.111119031906128,0.0,0.013739443849772215,33
SLAKE_STAGE2_BANK16,113,F1,1.099081039428711,0.0013685140293091536,15.603201150894165,2.952509641647339,0.0,0.021019278559833765,34
SLAKE_STAGE2_BANK16,113,F1,1.0437630414962769,0.03862036019563675,16.036651611328125,2.651857852935791,0.0,0.043245849665254354,35
SLAKE_STAGE2_BANK16,113,F1,0.9987505078315735,0.005439596250653267,16.481648206710815,2.721898078918457,0.0,0.01973855961114168,36
SLAKE_STAGE2_BANK16,113,F1,0.9443261027336121,0.001349800149910152,16.916093826293945,2.568141222000122,0.0,0.025386886671185493,37
SLAKE_STAGE2_BANK16,113,F1,0.9001442790031433,0.03332472965121269,17.348461151123047,2.4235761165618896,0.0,0.03562127146869898,38
SLAKE_STAGE2_BANK16,113,F1,0.8514103889465332,0.002096773823723197,17.7863450050354,2.053154706954956,0.0,0.0753390146419406,39
SLAKE_STAGE2_BANK16,113,F1,0.8035427927970886,0.005326167680323124,18.234766006469727,2.196708917617798,0.0,0.03570098988711834,40
SLAKE_STAGE2_BANK16,113,F1,0.7561752796173096,0.029232297092676163,18.686199188232422,2.0385985374450684,0.0,0.04538109339773655,41
SLAKE_STAGE2_BANK16,113,F1,0.7141921520233154,0.0020490100141614676,19.128512859344482,1.9080753326416016,0.0,0.058896077796816826,42
SLAKE_STAGE2_BANK16,113,F1,0.6731465458869934,0.005423277150839567,19.58837103843689,1.478618860244751,0.0,0.12317696772515774,43
SLAKE_STAGE2_BANK16,113,F1,0.6281417608261108,0.001371425692923367,20.041402578353882,1.6808013916015625,0.0,0.06126408465206623,44
SLAKE_STAGE2_BANK16,113,F1,0.5888898372650146,0.025456203147768974,20.501810550689697,1.5067493915557861,0.0,0.07768644765019417,45
SLAKE_STAGE2_BANK16,113,F1,0.5502756834030151,0.005381381139159203,20.96210217475891,1.400963306427002,0.0,0.09385996311903,46
SLAKE_STAGE2_BANK16,113,F1,0.5087030529975891,0.001396781182847917,21.414926290512085,0.9288266897201538,0.0,0.18937933072447777,47
SLAKE_STAGE2_BANK16,113,F1,0.47640419006347656,0.0020595877431333065,21.859431266784668,1.1605724096298218,0.0,0.10130272433161736,48
SLAKE_STAGE2_BANK16,113,F1,0.4411706030368805,0.0020600943826138973,22.30545949935913,0.957268238067627,0.0,0.12752043828368187,49
SLAKE_STAGE2_BANK16,113,F1,0.40744146704673767,0.0014363108202815056,22.761656761169434,0.8868352770805359,0.0,0.14395729824900627,50
SLAKE_STAGE2_BANK16,113,F1,0.3715548813343048,0.025700179859995842,23.21388864517212,0.45309120416641235,0.0,0.27782122045755386,51
SLAKE_STAGE2_BANK16,113,F1,0.34736183285713196,0.005472863093018532,23.67931866645813,0.6177936792373657,0.0,0.1598939746618271,52
SLAKE_STAGE2_BANK16,113,F1,0.3207598924636841,0.027696851640939713,24.1341552734375,0.4187418222427368,0.0,0.19500448554754257,53
SLAKE_STAGE2_BANK16,113,F1,0.29555627703666687,0.002091660862788558,24.587003707885742,0.40744417905807495,0.0,0.208046555519104,54
SLAKE_STAGE2_BANK16,113,F1,0.2745242118835449,0.005634396802634001,25.04328489303589,0.4166989028453827,0.0,0.3682418689131737,55
SLAKE_STAGE2_BANK16,113,F1,0.2572203576564789,0.0015436398098245263,25.498612642288208,0.2002842277288437,0.0,0.2264668121933937,56
SLAKE_STAGE2_BANK16,113,F1,0.2405506819486618,0.0020978692919015884,25.951770067214966,0.23606707155704498,0.0,0.26381710916757584,57
SLAKE_STAGE2_BANK16,113,F1,0.22472725808620453,0.005735890939831734,26.41740083694458,0.24804258346557617,0.0,0.26629649102687836,58
SLAKE_STAGE2_BANK16,113,F1,0.21446733176708221,0.038195572793483734,26.87016725540161,0.6872060298919678,0.0,0.4433106333017349,59
SLAKE_STAGE2_BANK16,113,F1,0.20689497888088226,0.0016013527056202292,27.324965000152588,0.3081616163253784,0.0,0.27694661915302277,60
SLAKE_STAGE2_BANK16,113,F1,0.19961948692798615,0.005842435639351606,27.79986262321472,0.4488283097743988,0.0,0.3099331557750702,61
SLAKE_STAGE2_BANK16,113,F1,0.19471879303455353,0.002168807201087475,28.253693103790283,0.3639318645000458,0.0,0.2983141243457794,62
SLAKE_STAGE2_BANK16,113,F1,0.1899903267621994,0.04723230004310608,28.709861755371094,0.8136245012283325,0.0,0.4716380536556244,63
SLAKE_STAGE2_BANK16,113,F1,0.18976561725139618,0.0016083443770185113,29.162116289138794,0.40444669127464294,0.0,0.29473960399627686,64
SLAKE_STAGE2_BANK16,113,F1,0.19178281724452972,0.05137687176465988,29.606788158416748,0.48383551836013794,0.0,0.3176047205924988,65
SLAKE_STAGE2_BANK16,113,F1,0.1915966123342514,0.001607612706720829,30.06071710586548,0.3612261116504669,0.0,0.2980327755212784,66
SLAKE_STAGE2_BANK16,113,F1,0.19596070051193237,0.005863707512617111,30.51590085029602,0.7467080950737,0.0,0.4560728818178177,67
SLAKE_STAGE2_BANK16,113,F1,0.20040594041347504,0.0022045206278562546,30.96864938735962,0.3119671642780304,0.0,0.2797214835882187,68
SLAKE_STAGE2_BANK16,113,F1,0.20261584222316742,0.0597098208963871,31.414916038513184,0.3720194399356842,0.0,0.2955809682607651,69
SLAKE_STAGE2_BANK16,113,F1,0.2072119265794754,0.0015760693931952119,31.860533714294434,0.2568490505218506,0.0,0.27573516964912415,70
SLAKE_STAGE2_BANK16,113,F1,0.21191276609897614,0.005921523552387953,32.32597637176514,0.6076117753982544,0.0,0.42073047906160355,71
SLAKE_STAGE2_BANK16,113,F1,0.2191355675458908,0.002196359680965543,32.78071069717407,0.17164933681488037,0.0,0.252587266266346,72
SLAKE_STAGE2_BANK16,113,F1,0.22660653293132782,0.0015440910356119275,33.23348259925842,0.2143539935350418,0.0,0.2659235894680023,73
SLAKE_STAGE2_BANK16,113,F1,0.23165029287338257,0.005847171880304813,33.69923233985901,0.1873626410961151,0.0,0.24893562495708466,74
SLAKE_STAGE2_BANK16,113,F1,0.23417745530605316,0.0022004900965839624,34.14356565475464,0.45769134163856506,0.0,0.383383184671402,75
SLAKE_STAGE2_BANK16,113,F1,0.24468059837818146,0.07071800529956818,34.600390672683716,0.11230748146772385,0.0,0.22849634289741516,76
SLAKE_STAGE2_BANK16,113,F1,0.2500304877758026,0.005816198419779539,35.06291079521179,0.13571763038635254,0.0,0.23969723284244537,77
SLAKE_STAGE2_BANK16,113,F1,0.25272321701049805,0.0015133440028876066,35.510629415512085,0.22728103399276733,0.0,0.22660257667303085,78
SLAKE_STAGE2_BANK16,113,F1,0.2554045021533966,0.07482040673494339,35.96317005157471,0.3386036157608032,0.0,0.3497846722602844,79
SLAKE_STAGE2_BANK16,113,F1,0.26095452904701233,0.0021925498731434345,36.41490888595581,0.185744047164917,0.0,0.20853038132190704,80
SLAKE_STAGE2_BANK16,113,F1,0.263698011636734,0.001491458504460752,36.87515878677368,0.16652609407901764,0.0,0.2213779091835022,81
SLAKE_STAGE2_BANK16,113,F1,0.26935863494873047,0.002192005282267928,37.32918858528137,0.29403117299079895,0.0,0.21163884550333023,82
SLAKE_STAGE2_BANK16,113,F1,0.269322007894516,0.005736729595810175,37.794228076934814,0.28605857491493225,0.0,0.3331337124109268,83
SLAKE_STAGE2_BANK16,113,F1,0.2692812383174896,0.07947074621915817,38.248119592666626,0.230680912733078,0.0,0.20012397319078445,84
SLAKE_STAGE2_BANK16,113,F1,0.26924288272857666,0.0802796483039856,38.704530239105225,0.19810016453266144,0.0,0.21275559067726135,85
SLAKE_STAGE2_BANK16,113,F1,0.26921629905700684,0.005753435660153627,39.16883444786072,0.30810171365737915,0.0,0.2054683193564415,86
SLAKE_STAGE2_BANK16,113,F1,0.2691841721534729,0.0014695152640342712,39.621806383132935,0.2724619209766388,0.0,0.3269018083810806,87
SLAKE_STAGE2_BANK16,113,F1,0.2691628634929657,0.0021983133628964424,40.068230390548706,0.23503239452838898,0.0,0.19891133159399033,88
SLAKE_STAGE2_BANK16,113,F1,0.26913177967071533,0.001468892558477819,40.52416634559631,0.19898420572280884,0.0,0.2124733179807663,89
SLAKE_STAGE2_BANK16,113,F1,0.269116073846817,0.005711309611797333,40.986594676971436,0.30217477679252625,0.0,0.20762699842453003,90
SLAKE_STAGE2_BANK16,113,F1,0.26340219378471375,0.08313196152448654,41.44159555435181,0.28098881244659424,0.0,0.3302127495408058,91
SLAKE_STAGE2_BANK16,113,F1,0.2633756697177887,0.002232352504506707,41.88677501678467,0.20949697494506836,0.0,0.20230626314878464,92
SLAKE_STAGE2_BANK16,113,F1,0.26052403450012207,0.08396454900503159,42.341695070266724,0.16719946265220642,0.0,0.2184748500585556,93
SLAKE_STAGE2_BANK16,113,F1,0.2577245235443115,0.0014346755342558026,42.793867349624634,0.2636665105819702,0.0,0.21221844851970673,94
SLAKE_STAGE2_BANK16,113,F1,0.2549143135547638,0.005670730955898762,43.25146484375,0.299518883228302,0.0,0.33441639691591263,95
SLAKE_STAGE2_BANK16,113,F1,0.25489532947540283,0.00221895519644022,43.70770859718323,0.17318837344646454,0.0,0.20814524590969086,96
SLAKE_STAGE2_BANK16,113,F1,0.24939198791980743,0.0022252167109400034,44.16203737258911,0.1396275758743286,0.0,0.22458401322364807,97
SLAKE_STAGE2_BANK16,113,F1,0.24937494099140167,0.0014496175572276115,44.600658655166626,0.2353680431842804,0.0,0.21699480712413788,98
SLAKE_STAGE2_BANK16,113,F1,0.24394184350967407,0.08559117466211319,45.0230073928833,0.3339291214942932,0.0,0.34303026646375656,99
SLAKE_STAGE2_BANK16,113,F1,0.24392342567443848,0.005678892135620117,45.487295389175415,0.1316247284412384,0.0,0.21665431559085846,100
SLAKE_STAGE2_BANK16,113,F1,0.24124926328659058,0.002211421960964799,45.975274324417114,0.13006824254989624,0.0,0.2308407574892044,101
SLAKE_STAGE2_BANK16,113,F1,0.2385575771331787,0.0014400596264749765,46.427677392959595,0.2009405940771103,0.0,0.2243088111281395,102
SLAKE_STAGE2_BANK16,113,F1,0.2385493665933609,0.08635703474283218,46.88143253326416,0.35497596859931946,0.0,0.34937360882759094,103
SLAKE_STAGE2_BANK16,113,F1,0.2358999103307724,0.005652604158967733,47.33884906768799,0.11540524661540985,0.0,0.22030054032802582,104
SLAKE_STAGE2_BANK16,113,F1,0.23588263988494873,0.0014312847051769495,47.79401111602783,0.1311010867357254,0.0,0.23338232934474945,105
SLAKE_STAGE2_BANK16,113,F1,0.23586006462574005,0.002254749182611704,48.24904918670654,0.19700656831264496,0.0,0.2242373526096344,106
SLAKE_STAGE2_BANK16,113,F1,0.2332199215888977,0.08761393278837204,48.7011022567749,0.3694539964199066,0.0,0.35053441673517227,107
SLAKE_STAGE2_BANK16,113,F1,0.23319841921329498,0.005618920549750328,49.15824842453003,0.11308977752923965,0.0,0.22145476937294006,108
SLAKE_STAGE2_BANK16,113,F1,0.23059678077697754,0.08813005685806274,49.61274075508118,0.13466092944145203,0.0,0.2345558926463127,109
SLAKE_STAGE2_BANK16,113,F1,0.23318834602832794,0.0022321809083223343,50.06608581542969,0.1922832876443863,0.0,0.2240689992904663,110
SLAKE_STAGE2_BANK16,113,F1,0.23316554725170135,0.005622149910777807,50.53153991699219,0.36425405740737915,0.0,0.34652552008628845,111
SLAKE_STAGE2_BANK16,113,F1,0.23314933478832245,0.0013989408034831285,50.98581671714783,0.11582494527101517,0.0,0.22012833505868912,112
SLAKE_STAGE2_BANK16,113,F1,0.23312564194202423,0.0014014581684023142,51.441927671432495,0.13299208879470825,0.0,0.23191003501415253,113
SLAKE_STAGE2_BANK16,113,F1,0.2331041842699051,0.00224326248280704,51.89528560638428,0.19648973643779755,0.0,0.22149395942687988,114
SLAKE_STAGE2_BANK16,113,F1,0.23308192193508148,0.09070378541946411,52.35061073303223,0.3561321496963501,0.0,0.3432840034365654,115
SLAKE_STAGE2_BANK16,113,F1,0.23569416999816895,0.005533895455300808,52.81574463844299,0.12259776145219803,0.0,0.2175881713628769,116
SLAKE_STAGE2_BANK16,113,F1,0.23567216098308563,0.002266958588734269,53.270517110824585,0.13256700336933136,0.0,0.22791587561368942,117
SLAKE_STAGE2_BANK16,113,F1,0.23567552864551544,0.0013843581546097994,53.72726488113403,0.20832496881484985,0.0,0.21765347570180893,118
SLAKE_STAGE2_BANK16,113,F1,0.2330351322889328,0.00558555917814374,54.19052505493164,0.34406381845474243,0.0,0.3361445367336273,119
SLAKE_STAGE2_BANK16,113,F1,0.23563970625400543,0.09243293106555939,54.64309024810791,0.12849515676498413,0.0,0.21386152505874634,120
SLAKE_STAGE2_BANK16,113,F1,0.23561857640743256,0.0013650223845615983,55.09885025024414,0.1339436173439026,0.0,0.22398966550827026,121
SLAKE_STAGE2_BANK16,113,F1,0.23824675381183624,0.0022582169622182846,55.555678844451904,0.22233550250530243,0.0,0.21387585252523422,122
SLAKE_STAGE2_BANK16,113,F1,0.23823513090610504,0.005553147289901972,56.018738985061646,0.3201579451560974,0.0,0.32909927517175674,123
SLAKE_STAGE2_BANK16,113,F1,0.23558874428272247,0.09380702674388885,56.47236657142639,0.13502943515777588,0.0,0.21133552491664886,124
SLAKE_STAGE2_BANK16,113,F1,0.23557107150554657,0.00133054843172431,56.92956209182739,0.13619928061962128,0.0,0.22262410819530487,125
SLAKE_STAGE2_BANK16,113,F1,0.2382005900144577,0.0022710682824254036,57.38192129135132,0.229638934135437,0.0,0.21138626337051392,126
SLAKE_STAGE2_BANK16,113,F1,0.23556309938430786,0.0055859945714473724,57.84833836555481,0.31830698251724243,0.0,0.32402779161930084,127
SLAKE_STAGE2_BANK16,113,F1,0.23554493486881256,0.09526055306196213,58.301753282547,0.139923095703125,0.0,0.2100975438952446,128
SLAKE_STAGE2_BANK16,113,F1,0.23553013801574707,0.005490716081112623,58.763948917388916,0.14070206880569458,0.0,0.218779094517231,129
SLAKE_STAGE2_BANK16,113,F1,0.23815251886844635,0.0013270083582028747,59.210663080215454,0.2338666468858719,0.0,0.21010666340589523,130
SLAKE_STAGE2_BANK16,113,F1,0.23551331460475922,0.0956980288028717,59.665799617767334,0.3178730309009552,0.0,0.3239978402853012,131
SLAKE_STAGE2_BANK16,113,F1,0.23550362884998322,0.0022538655903190374,60.11160659790039,0.14724011719226837,0.0,0.20762065798044205,132
SLAKE_STAGE2_BANK16,113,F1,0.2354864925146103,0.002257110783830285,60.564382553100586,0.14381590485572815,0.0,0.21744852513074875,133
SLAKE_STAGE2_BANK16,113,F1,0.23286645114421844,0.00551762105897069,61.007944107055664,0.22438642382621765,0.0,0.21003064513206482,134
SLAKE_STAGE2_BANK16,113,F1,0.23027043044567108,0.09703105688095093,61.4405632019043,0.3270561993122101,0.0,0.3201636075973511,135
SLAKE_STAGE2_BANK16,113,F1,0.23025329411029816,0.001293502515181899,61.87775492668152,0.13735944032669067,0.0,0.2100038006901741,136
SLAKE_STAGE2_BANK16,113,F1,0.23283790051937103,0.005552988499403,62.319557905197144,0.145047128200531,0.0,0.217414990067482,137
SLAKE_STAGE2_BANK16,113,F1,0.23024249076843262,0.002259406028315425,62.758052349090576,0.22273936867713928,0.0,0.20876765996217728,138
SLAKE_STAGE2_BANK16,113,F1,0.23022717237472534,0.09800219535827637,63.192415714263916,0.3291098177433014,0.0,0.31944914907217026,139
SLAKE_STAGE2_BANK16,113,F1,0.22764192521572113,0.0012810148764401674,63.61650776863098,0.14122876524925232,0.0,0.20756267756223679,140
SLAKE_STAGE2_BANK16,113,F1,0.23021472990512848,0.0012668343260884285,64.06455111503601,0.14614565670490265,0.0,0.2173846960067749,141
SLAKE_STAGE2_BANK16,113,F1,0.2276351898908615,0.005559713114053011,64.5056312084198,0.22226780652999878,0.0,0.20751409977674484,142
SLAKE_STAGE2_BANK16,113,F1,0.22508233785629272,0.09842390567064285,64.94142127037048,0.3392806947231293,0.0,0.3163508027791977,143
SLAKE_STAGE2_BANK16,113,F1,0.22762520611286163,0.002274954691529274,65.37435007095337,0.14334240555763245,0.0,0.20872491598129272,144
SLAKE_STAGE2_BANK16,113,F1,0.22761255502700806,0.09931402653455734,65.82108950614929,0.1478128880262375,0.0,0.21608218550682068,145
SLAKE_STAGE2_BANK16,113,F1,0.22761178016662598,0.002288172021508217,66.25194573402405,0.22814027965068817,0.0,0.20625095069408417,146
SLAKE_STAGE2_BANK16,113,F1,0.2250552624464035,0.0012521444587036967,66.69152498245239,0.34546080231666565,0.0,0.3163318783044815,147
SLAKE_STAGE2_BANK16,113,F1,0.22503916919231415,0.005488451104611158,67.13249659538269,0.14676505327224731,0.0,0.20629864931106567,148
SLAKE_STAGE2_BANK16,113,F1,0.22504448890686035,0.005525117740035057,67.57539081573486,0.15103408694267273,0.0,0.2147817239165306,149
SLAKE_STAGE2_BANK16,113,F1,0.22502495348453522,0.002292217453941703,68.01516628265381,0.2284671813249588,0.0,0.20503035187721252,150
SLAKE_STAGE2_BANK16,113,F1,0.22503049671649933,0.10065866261720657,68.44696354866028,0.3423406183719635,0.0,0.3125736340880394,151
SLAKE_STAGE2_BANK16,113,F1,0.22248995304107666,0.0012321723625063896,68.88129472732544,0.15133054554462433,0.0,0.20271261781454086,152
SLAKE_STAGE2_BANK16,113,F1,0.22501927614212036,0.0012229806743562222,69.31486701965332,0.15696392953395844,0.0,0.21105730533599854,153
SLAKE_STAGE2_BANK16,113,F1,0.22502373158931732,0.0022926100064069033,69.7490234375,0.23606644570827484,0.0,0.20261671394109726,154
SLAKE_STAGE2_BANK16,113,F1,0.22248221933841705,0.10162528604269028,70.18474411964417,0.3476802408695221,0.0,0.3088577538728714,155
SLAKE_STAGE2_BANK16,113,F1,0.2224859595298767,0.005627098958939314,70.62625861167908,0.15820612013339996,0.0,0.2015237659215927,156
SLAKE_STAGE2_BANK16,113,F1,0.22247247397899628,0.005664689000695944,71.07494616508484,0.1596633642911911,0.0,0.20979467779397964,157
SLAKE_STAGE2_BANK16,113,F1,0.22247497737407684,0.0023075270000845194,71.50808024406433,0.2400600165128708,0.0,0.2002401277422905,158
SLAKE_STAGE2_BANK16,113,F1,0.22247515618801117,0.0012034400133416057,71.93572735786438,0.3421034812927246,0.0,0.3028164431452751,159
SLAKE_STAGE2_BANK16,113,F1,0.22248540818691254,0.10365485399961472,72.37490963935852,0.16435444355010986,0.0,0.20033234357833862,160
SLAKE_STAGE2_BANK16,113,F2,3.853989601135254,0.00728882709518075,0.7309889793395996,8.394866943359375,3.140380620956421,0.00011890313908224925,1
SLAKE_STAGE2_BANK16,113,F2,3.7399604320526123,0.0018199930200353265,1.346182107925415,8.317204475402832,3.0548603534698486,0.00015082523896126077,2
SLAKE_STAGE2_BANK16,113,F2,3.620642900466919,0.00335422670468688,1.9626984596252441,8.214728355407715,2.9653728008270264,0.000156246533151716,3
SLAKE_STAGE2_BANK16,113,F2,3.5065691471099854,0.17044581472873688,2.5697569847106934,8.106406211853027,2.8798184394836426,0.00013149745791452006,4
SLAKE_STAGE2_BANK16,113,F2,3.395437002182007,0.16365988552570343,3.1855437755584717,7.977424621582031,2.7964677810668945,0.00012591490667546168,5
SLAKE_STAGE2_BANK16,113,F2,3.2813026905059814,0.0017377526964992285,3.8011016845703125,7.8346405029296875,2.710864305496216,0.00020224197942297906,6
SLAKE_STAGE2_BANK16,113,F2,3.177945375442505,0.006942777894437313,4.41796875,7.6876749992370605,2.633342742919922,0.000226742668019142,7
SLAKE_STAGE2_BANK16,113,F2,3.072052240371704,0.003067840589210391,5.023949146270752,7.535430908203125,2.553917169570923,0.0001561676835990511,8
SLAKE_STAGE2_BANK16,113,F2,2.9710533618927,0.1392064243555069,5.6400909423828125,7.380574703216553,2.478158712387085,0.0001683615118963644,9
SLAKE_STAGE2_BANK16,113,F2,2.8678910732269287,0.003001047531142831,6.251168489456177,7.2093305587768555,2.400773286819458,0.00035116614890284836,10
SLAKE_STAGE2_BANK16,113,F2,2.772184133529663,0.0016454188153147697,6.862511873245239,7.0433149337768555,2.328976631164551,0.0004431357665453106,11
SLAKE_STAGE2_BANK16,113,F2,2.674140214920044,0.006596268620342016,7.479472637176514,6.873440742492676,2.255420684814453,0.0002468485981808044,12
SLAKE_STAGE2_BANK16,113,F2,2.583972692489624,0.002843903610482812,8.094050884246826,6.700263023376465,2.1877658367156982,0.00030025460000615567,13
SLAKE_STAGE2_BANK16,113,F2,2.493619441986084,0.006419969256967306,8.714650392532349,6.523202419281006,2.1199629306793213,0.0007147039141273126,14
SLAKE_STAGE2_BANK16,113,F2,2.4004504680633545,0.001567983883433044,9.331924438476562,6.335402488708496,2.0500340461730957,0.0010396818397566676,15
SLAKE_STAGE2_BANK16,113,F2,2.3179962635040283,0.10225403308868408,9.947797060012817,6.17424201965332,1.9881348609924316,0.0004956874327035621,16
SLAKE_STAGE2_BANK16,113,F2,2.2330029010772705,0.0015444265445694327,10.563045024871826,5.992851257324219,1.9243099689483643,0.0006566862866748124,17
SLAKE_STAGE2_BANK16,113,F2,2.150378942489624,0.09328605979681015,11.171000719070435,5.810650825500488,1.8622440099716187,0.0015352622140198946,18
SLAKE_STAGE2_BANK16,113,F2,2.073007106781006,0.006135445088148117,11.797549962997437,5.613835334777832,1.8040975332260132,0.0024614911526441574,19
SLAKE_STAGE2_BANK16,113,F2,1.9953827857971191,0.002585012000054121,12.41450047492981,5.464273929595947,1.7457315921783447,0.0011072683846578002,20
SLAKE_STAGE2_BANK16,113,F2,1.9204087257385254,0.0807686299085617,13.044520854949951,5.290599822998047,1.6893227100372314,0.001496719429269433,21
SLAKE_STAGE2_BANK16,113,F2,1.84550142288208,0.0024926969781517982,13.658265590667725,5.104092597961426,1.6329174041748047,0.003162936307489872,22
SLAKE_STAGE2_BANK16,113,F2,1.7755311727523804,0.005855982657521963,14.275029420852661,4.905299186706543,1.5801818370819092,0.005620323529001325,23
SLAKE_STAGE2_BANK16,113,F2,1.7082281112670898,0.0014483610866591334,14.891273975372314,4.781747341156006,1.5293997526168823,0.0024373377673327923,24
SLAKE_STAGE2_BANK16,113,F2,1.6384321451187134,0.0014275702415034175,15.507837772369385,4.612712383270264,1.4766645431518555,0.0032878878992050886,25
SLAKE_STAGE2_BANK16,113,F2,1.5764907598495483,0.0023493855260312557,16.12468957901001,4.42999792098999,1.4297888278961182,0.006239756592549384,26
SLAKE_STAGE2_BANK16,113,F2,1.5092005729675293,0.005727994721382856,16.751555681228638,4.210921287536621,1.3787704706192017,0.011823802487924695,27
SLAKE_STAGE2_BANK16,113,F2,1.447210669517517,0.05638867989182472,17.368570804595947,4.132842540740967,1.3316619396209717,0.0051862942054867744,28
SLAKE_STAGE2_BANK16,113,F2,1.3853912353515625,0.0022564271930605173,17.976285696029663,3.972266912460327,1.2845567464828491,0.006929623195901513,29
SLAKE_STAGE2_BANK16,113,F2,1.323771357536316,0.050800178200006485,18.592514991760254,3.796046018600464,1.237455129623413,0.011815895326435566,30
SLAKE_STAGE2_BANK16,113,F2,1.267177700996399,0.0013727517798542976,19.19916605949402,3.5375335216522217,1.1940433979034424,0.023535798769444227,31
SLAKE_STAGE2_BANK16,113,F2,1.2108392715454102,0.005536082666367292,19.826945304870605,3.523850440979004,1.1506444215774536,0.01050869794562459,32
SLAKE_STAGE2_BANK16,113,F2,1.1547913551330566,0.0022216530051082373,20.445773124694824,3.365219831466675,1.1072582006454468,0.013653530273586512,33
SLAKE_STAGE2_BANK16,113,F2,1.099348545074463,0.0013654904905706644,21.058696508407593,3.1973979473114014,1.0640850067138672,0.020918008405715227,34
SLAKE_STAGE2_BANK16,113,F2,1.0487240552902222,0.03867163881659508,21.667381048202515,2.8919670581817627,1.0244282484054565,0.043245761189609766,35
SLAKE_STAGE2_BANK16,113,F2,0.9987487196922302,0.005518798250705004,22.29364848136902,2.9517717361450195,0.9849837422370911,0.019739480689167976,36
SLAKE_STAGE2_BANK16,113,F2,0.9492045044898987,0.001346489298157394,22.910881757736206,2.791832685470581,0.9455503225326538,0.02560195978730917,37
SLAKE_STAGE2_BANK16,113,F2,0.9001414775848389,0.033312562853097916,23.526798486709595,2.6419177055358887,0.9061282277107239,0.03562143165618181,38
SLAKE_STAGE2_BANK16,113,F2,0.8516378402709961,0.002094375202432275,24.14428448677063,2.2619731426239014,0.8667163848876953,0.07534093875437975,39
SLAKE_STAGE2_BANK16,113,F2,0.8035416007041931,0.005354916676878929,24.77162528038025,2.4019672870635986,0.8271493315696716,0.0356992743909359,40
SLAKE_STAGE2_BANK16,113,F2,0.7561754584312439,0.029193783178925514,25.398219347000122,2.233687162399292,0.7876043915748596,0.04603010229766369,41
SLAKE_STAGE2_BANK16,113,F2,0.7143952250480652,0.002050290582701564,26.01480793952942,2.1041793823242188,0.7521385550498962,0.058900805190205574,42
SLAKE_STAGE2_BANK16,113,F2,0.6686673164367676,0.005402145441621542,26.63160753250122,1.6646685600280762,0.7126284837722778,0.12282486818730831,43
SLAKE_STAGE2_BANK16,113,F2,0.6283261179924011,0.0013691730564460158,27.245617389678955,1.8683216571807861,0.6770443916320801,0.06126623786985874,44
SLAKE_STAGE2_BANK16,113,F2,0.5888966917991638,0.025433089584112167,27.85738253593445,1.6864639520645142,0.6414793729782104,0.07830161973834038,45
SLAKE_STAGE2_BANK16,113,F2,0.5461069345474243,0.005367572885006666,28.484169244766235,1.5731334686279297,0.6018997430801392,0.09386559575796127,46
SLAKE_STAGE2_BANK16,113,F2,0.5088698267936707,0.0013954017776995897,29.10065770149231,1.096138834953308,0.566375732421875,0.19091857969760895,47
SLAKE_STAGE2_BANK16,113,F2,0.47656407952308655,0.002047243993729353,29.719697952270508,1.3330661058425903,0.5346608757972717,0.10202024504542351,48
SLAKE_STAGE2_BANK16,113,F2,0.4413197338581085,0.0020412877202033997,30.336775302886963,1.1292178630828857,0.4989616274833679,0.12753170356154442,49
SLAKE_STAGE2_BANK16,113,F2,0.4075717628002167,0.0014277240261435509,30.951073169708252,0.8878016471862793,0.4938093423843384,0.14397156611084938,50
SLAKE_STAGE2_BANK16,113,F2,0.37168896198272705,0.025431914255023003,31.568830966949463,0.45554107427597046,0.4936213195323944,0.27868323773145676,51
SLAKE_STAGE2_BANK16,113,F2,0.3442016541957855,0.0055427951738238335,32.19680571556091,0.6063715219497681,0.493579238653183,0.16190512478351593,52
SLAKE_STAGE2_BANK16,113,F2,0.3210919201374054,0.027135329321026802,32.814497232437134,0.42289337515830994,0.4973825216293335,0.19602102041244507,53
SLAKE_STAGE2_BANK16,113,F2,0.29566308856010437,0.0020845727995038033,33.431867837905884,0.4081394672393799,0.4971284568309784,0.20915061235427856,54
SLAKE_STAGE2_BANK16,113,F2,0.27174893021583557,0.005601363256573677,34.06039237976074,0.4302367866039276,0.48932044208049774,0.37243375182151794,55
SLAKE_STAGE2_BANK16,113,F2,0.25186026096343994,0.0015450632199645042,34.67658710479736,0.2020358443260193,0.48927128314971924,0.22770879417657852,56
SLAKE_STAGE2_BANK16,113,F2,0.23806671798229218,0.0021012199576944113,35.294405460357666,0.25298425555229187,0.4930378645658493,0.266639307141304,57
SLAKE_STAGE2_BANK16,113,F2,0.22480206191539764,0.005744351539760828,35.91999101638794,0.2571229934692383,0.49293896555900574,0.26914218813180923,58
SLAKE_STAGE2_BANK16,113,F2,0.21214182674884796,0.03772086277604103,36.54128694534302,0.6975629925727844,0.4889555871486664,0.4433242529630661,59
SLAKE_STAGE2_BANK16,113,F2,0.20467202365398407,0.0015881940489634871,37.15370178222656,0.32051488757133484,0.4889134168624878,0.27696166932582855,60
SLAKE_STAGE2_BANK16,113,F2,0.19968891143798828,0.00583862466737628,37.792717695236206,0.4513522684574127,0.4888484328985214,0.30995117127895355,61
SLAKE_STAGE2_BANK16,113,F2,0.1948111653327942,0.002167457016184926,38.40858602523804,0.3706280589103699,0.488811656832695,0.29992642998695374,62
SLAKE_STAGE2_BANK16,113,F2,0.19003765285015106,0.046805743128061295,39.03268623352051,0.8157531023025513,0.4887571334838867,0.4716515690088272,63
SLAKE_STAGE2_BANK16,113,F2,0.18981117010116577,0.0016081897774711251,39.64146113395691,0.4029063284397125,0.48481713235378265,0.2933099716901779,64
SLAKE_STAGE2_BANK16,113,F2,0.19182658195495605,0.05127377063035965,40.25971078872681,0.4813207685947418,0.48868557810783386,0.31592150032520294,65
SLAKE_STAGE2_BANK16,113,F2,0.19163520634174347,0.0015974629204720259,40.88153862953186,0.3642348349094391,0.48865650594234467,0.2980712205171585,66
SLAKE_STAGE2_BANK16,113,F2,0.19598376750946045,0.005972671322524548,41.50320863723755,0.7494003176689148,0.4886166453361511,0.4560816138982773,67
SLAKE_STAGE2_BANK16,113,F2,0.19813628494739532,0.002180609619244933,42.11837959289551,0.32359811663627625,0.4846745878458023,0.27973484992980957,68
SLAKE_STAGE2_BANK16,113,F2,0.20265154540538788,0.0596870519220829,42.73443555831909,0.3756161630153656,0.48466306924819946,0.2955957353115082,69
SLAKE_STAGE2_BANK16,113,F2,0.20724499225616455,0.0015694304602220654,43.349809408187866,0.26126357913017273,0.4846391975879669,0.27576494216918945,70
SLAKE_STAGE2_BANK16,113,F2,0.21193374693393707,0.005923606920987368,43.97236633300781,0.6126116514205933,0.4846259206533432,0.42291630059480667,71
SLAKE_STAGE2_BANK16,113,F2,0.21671907603740692,0.0021913836244493723,44.583714723587036,0.18402449786663055,0.48070691525936127,0.2526075467467308,72
SLAKE_STAGE2_BANK16,113,F2,0.22411292791366577,0.0015464755706489086,45.201759815216064,0.2248028665781021,0.48459139466285706,0.26593462377786636,73
SLAKE_STAGE2_BANK16,113,F2,0.23167963325977325,0.005808032583445311,45.827433347702026,0.1922226846218109,0.4884934723377228,0.24896077066659927,74
SLAKE_STAGE2_BANK16,113,F2,0.23421336710453033,0.0022017890587449074,46.444255352020264,0.4569135904312134,0.4806682616472244,0.3821260705590248,75
SLAKE_STAGE2_BANK16,113,F2,0.24470014870166779,0.07063820958137512,47.064839124679565,0.12373799085617065,0.4884672909975052,0.225977323949337,76
SLAKE_STAGE2_BANK16,113,F2,0.24734926223754883,0.005761443171650171,47.68767809867859,0.14126482605934143,0.4845525473356247,0.23971115052700043,77
SLAKE_STAGE2_BANK16,113,F2,0.25273337960243225,0.0015137618174776435,48.3045597076416,0.23326124250888824,0.48453886806964874,0.22532617300748825,78
SLAKE_STAGE2_BANK16,113,F2,0.25821128487586975,0.07477526366710663,48.92782711982727,0.3399909436702728,0.48453541100025177,0.3518204018473625,79
SLAKE_STAGE2_BANK16,113,F2,0.2609423100948334,0.0022068023681640625,49.53672003746033,0.19469009339809418,0.48062559962272644,0.2073965221643448,80
SLAKE_STAGE2_BANK16,113,F2,0.2637297809123993,0.0014831647276878357,50.17326211929321,0.17267921566963196,0.48452460765838623,0.22139357030391693,81
SLAKE_STAGE2_BANK16,113,F2,0.2665415406227112,0.0022048268001526594,50.7910635471344,0.2909296154975891,0.4806210845708847,0.21166963875293732,82
SLAKE_STAGE2_BANK16,113,F2,0.26934102177619934,0.00569005124270916,51.41528534889221,0.29192787408828735,0.48451800644397736,0.3351270332932472,83
SLAKE_STAGE2_BANK16,113,F2,0.269293874502182,0.0793737918138504,52.038262367248535,0.24233852326869965,0.4806039482355118,0.19783258438110352,84
SLAKE_STAGE2_BANK16,113,F2,0.26925450563430786,0.08076316863298416,52.650028467178345,0.19978973269462585,0.48059992492198944,0.21389176696538925,85
SLAKE_STAGE2_BANK16,113,F2,0.2721182107925415,0.005643649026751518,53.276363372802734,0.3188040256500244,0.48060429096221924,0.20553851872682571,86
SLAKE_STAGE2_BANK16,113,F2,0.2691999077796936,0.0014702070038765669,53.89294409751892,0.2736522853374481,0.47669072449207306,0.32496892660856247,87
SLAKE_STAGE2_BANK16,113,F2,0.2691710889339447,0.002210448030382395,54.509175300598145,0.2431236058473587,0.48059095442295074,0.1977541521191597,88
SLAKE_STAGE2_BANK16,113,F2,0.26630836725234985,0.0014562539290636778,55.12681841850281,0.1963900774717331,0.47669100761413574,0.2125035971403122,89
SLAKE_STAGE2_BANK16,113,F2,0.2662779986858368,0.005613637622445822,55.75302743911743,0.2982958257198334,0.48058919608592987,0.20765633881092072,90
SLAKE_STAGE2_BANK16,113,F2,0.2634172737598419,0.08352191001176834,56.372889280319214,0.2833215892314911,0.47668689489364624,0.32909294217824936,91
SLAKE_STAGE2_BANK16,113,F2,0.2633874714374542,0.002222237642854452,56.985220432281494,0.22310571372509003,0.47668297588825226,0.19999002665281296,92
SLAKE_STAGE2_BANK16,113,F2,0.25775018334388733,0.08391816914081573,57.60269260406494,0.16784882545471191,0.4766755551099777,0.21848749369382858,93
SLAKE_STAGE2_BANK16,113,F2,0.25773748755455017,0.001450725831091404,58.21806526184082,0.2711092531681061,0.47667741775512695,0.2111012414097786,94
SLAKE_STAGE2_BANK16,113,F2,0.25218936800956726,0.005629000253975391,58.84452271461487,0.31075605750083923,0.4766756594181061,0.33559664338827133,95
SLAKE_STAGE2_BANK16,113,F2,0.25216856598854065,0.002209609607234597,59.46191883087158,0.1746530830860138,0.4766775220632553,0.2081679403781891,96
SLAKE_STAGE2_BANK16,113,F2,0.2521502673625946,0.0022337196860462427,60.07797932624817,0.1498713344335556,0.480580136179924,0.2259623482823372,97
SLAKE_STAGE2_BANK16,113,F2,0.24667179584503174,0.001440586056560278,60.695690870285034,0.23333734273910522,0.4727677255868912,0.21833247691392899,98
SLAKE_STAGE2_BANK16,113,F2,0.24395306408405304,0.08590926975011826,61.312272787094116,0.33856138586997986,0.4766748547554016,0.3430357724428177,99
SLAKE_STAGE2_BANK16,113,F2,0.24126549065113068,0.005650229286402464,61.936274766922,0.13863572478294373,0.472768634557724,0.2154034972190857,100
SLAKE_STAGE2_BANK16,113,F2,0.2412557154893875,0.002239200286567211,62.5657639503479,0.13978885114192963,0.4727685898542404,0.23102974146604538,101
SLAKE_STAGE2_BANK16,113,F2,0.23858468234539032,0.0014364606468006968,63.177573919296265,0.20916134119033813,0.47276434302330017,0.22312775999307632,102
SLAKE_STAGE2_BANK16,113,F2,0.23592902719974518,0.08664688467979431,63.78481340408325,0.36699217557907104,0.4727667421102524,0.34937624633312225,103
SLAKE_STAGE2_BANK16,113,F2,0.23589535057544708,0.005612449254840612,64.4199116230011,0.1291131228208542,0.4727618098258972,0.219018816947937,104
SLAKE_STAGE2_BANK16,113,F2,0.23588383197784424,0.0014240691671147943,65.02761054039001,0.1420416533946991,0.468855544924736,0.23356705158948898,105
SLAKE_STAGE2_BANK16,113,F2,0.23586688935756683,0.0022487016394734383,65.64452242851257,0.20409083366394043,0.47276176512241364,0.22426410019397736,106
SLAKE_STAGE2_BANK16,113,F2,0.23324422538280487,0.0879860371351242,66.2608380317688,0.37372055649757385,0.4727593660354614,0.34856943041086197,107
SLAKE_STAGE2_BANK16,113,F2,0.23322619497776031,0.005604353733360767,66.88824319839478,0.12790194153785706,0.47275780141353607,0.2201954871416092,108
SLAKE_STAGE2_BANK16,113,F2,0.23320545256137848,0.08892519026994705,67.50364303588867,0.14377649128437042,0.4688508063554764,0.2333512082695961,109
SLAKE_STAGE2_BANK16,113,F2,0.2331928014755249,0.002251764526590705,68.1201274394989,0.20114776492118835,0.4688522666692734,0.22418350726366043,110
SLAKE_STAGE2_BANK16,113,F2,0.23058782517910004,0.005568872205913067,68.74569392204285,0.3749767243862152,0.4649445414543152,0.3453141823410988,111
SLAKE_STAGE2_BANK16,113,F2,0.23316605389118195,0.0013979630311951041,69.36203718185425,0.13200531899929047,0.4688452184200287,0.21891821920871735,112
SLAKE_STAGE2_BANK16,113,F2,0.23314611613750458,0.0013894796138629317,69.97822833061218,0.14437539875507355,0.4649399369955063,0.22933723032474518,113
SLAKE_STAGE2_BANK16,113,F2,0.23312000930309296,0.002235966268926859,70.59925603866577,0.20711137354373932,0.46493612229824066,0.22030120342969894,114
SLAKE_STAGE2_BANK16,113,F2,0.2331080585718155,0.09124619513750076,71.21136498451233,0.35739925503730774,0.464939147233963,0.3401050716638565,115
SLAKE_STAGE2_BANK16,113,F2,0.2357143610715866,0.005581026431173086,71.8373794555664,0.14178887009620667,0.4649384468793869,0.21518225222826004,116
SLAKE_STAGE2_BANK16,113,F2,0.23568838834762573,0.0022333809174597263,72.44367289543152,0.14648312330245972,0.4688395708799362,0.22793731093406677,117
SLAKE_STAGE2_BANK16,113,F2,0.2330651730298996,0.0013659446267411113,73.06029534339905,0.21347664296627045,0.4649338871240616,0.21643593162298203,118
SLAKE_STAGE2_BANK16,113,F2,0.233048215508461,0.005568509455770254,73.68822264671326,0.35012784600257874,0.46102628111839294,0.3349578231573105,119
SLAKE_STAGE2_BANK16,113,F2,0.23565079271793365,0.09280430525541306,74.30370426177979,0.14687176048755646,0.4649312198162079,0.2126314789056778,120
SLAKE_STAGE2_BANK16,113,F2,0.23563475906848907,0.0013425206998363137,74.95148348808289,0.14974229037761688,0.46102648973464966,0.2214835286140442,121
SLAKE_STAGE2_BANK16,113,F2,0.23300307989120483,0.002240759553387761,75.56588745117188,0.22087602317333221,0.4571147710084915,0.2139575555920601,122
SLAKE_STAGE2_BANK16,113,F2,0.23561513423919678,0.005531699862331152,76.1896870136261,0.339707612991333,0.4649299532175064,0.3310369849205017,123
SLAKE_STAGE2_BANK16,113,F2,0.23559600114822388,0.09437651932239532,76.79925775527954,0.15603388845920563,0.46102170646190643,0.20893315970897675,124
SLAKE_STAGE2_BANK16,113,F2,0.235576331615448,0.0013181442627683282,77.41523122787476,0.15359897911548615,0.46102380752563477,0.2188195213675499,125
SLAKE_STAGE2_BANK16,113,F2,0.23558051884174347,0.0022449051029980183,78.03153872489929,0.23870010673999786,0.45711690187454224,0.20900068432092667,126
SLAKE_STAGE2_BANK16,113,F2,0.23556463420391083,0.005491144489496946,78.65917801856995,0.32975563406944275,0.45711272954940796,0.32476944476366043,127
SLAKE_STAGE2_BANK16,113,F2,0.2329457402229309,0.09563916176557541,79.27629113197327,0.15705741941928864,0.4532063603401184,0.20769784599542618,128
SLAKE_STAGE2_BANK16,113,F2,0.23292791843414307,0.005523370578885078,79.90174889564514,0.15494851768016815,0.45711617171764374,0.2187875658273697,129
SLAKE_STAGE2_BANK16,113,F2,0.23553185164928436,0.001306175603531301,80.51901316642761,0.24403038620948792,0.4571109861135483,0.20772784948349,130
SLAKE_STAGE2_BANK16,113,F2,0.23291443288326263,0.0965554416179657,81.13586258888245,0.33202096819877625,0.45320796966552734,0.32091259211301804,131
SLAKE_STAGE2_BANK16,113,F2,0.23289132118225098,0.0022817484568804502,81.75183200836182,0.1639755666255951,0.4532044976949692,0.20644836127758026,132
SLAKE_STAGE2_BANK16,113,F2,0.23290036618709564,0.002271453384310007,82.36962223052979,0.1602993905544281,0.45320791006088257,0.21756745874881744,133
SLAKE_STAGE2_BANK16,113,F2,0.2302895188331604,0.005536055192351341,82.99466037750244,0.23547634482383728,0.4492970407009125,0.2076408639550209,134
SLAKE_STAGE2_BANK16,113,F2,0.2302764654159546,0.09783419221639633,83.61184811592102,0.3428475260734558,0.4493000954389572,0.32089217752218246,135
SLAKE_STAGE2_BANK16,113,F2,0.23027777671813965,0.0012800536351278424,84.22785210609436,0.16555963456630707,0.44929663836956024,0.2052021324634552,136
SLAKE_STAGE2_BANK16,113,F2,0.23025952279567719,0.005500496830791235,84.8621084690094,0.1634170114994049,0.4492940306663513,0.21624508500099182,137
SLAKE_STAGE2_BANK16,113,F2,0.22767794132232666,0.0022558115888386965,85.47067165374756,0.23311786353588104,0.4453885704278946,0.20760435611009598,138
SLAKE_STAGE2_BANK16,113,F2,0.2302461415529251,0.09885641932487488,86.0860743522644,0.3446207344532013,0.45319902896881104,0.3182640075683594,139
SLAKE_STAGE2_BANK16,113,F2,0.22766391932964325,0.0012627948308363557,86.7019350528717,0.16781462728977203,0.445385605096817,0.20517434924840927,140
SLAKE_STAGE2_BANK16,113,F2,0.2251068502664566,0.0012585957301780581,87.33895373344421,0.1660885214805603,0.4375741183757782,0.21375315636396408,141
SLAKE_STAGE2_BANK16,113,F2,0.22765041887760162,0.0055158487521111965,87.96650099754333,0.2399841547012329,0.445385605096817,0.20632736384868622,142
SLAKE_STAGE2_BANK16,113,F2,0.22509044408798218,0.1001465693116188,88.58193731307983,0.35324129462242126,0.4375745952129364,0.31399936974048615,143
SLAKE_STAGE2_BANK16,113,F2,0.22509539127349854,0.002268313430249691,89.19844079017639,0.17117133736610413,0.4414817541837692,0.2039525881409645,144
SLAKE_STAGE2_BANK16,113,F2,0.22509950399398804,0.10014087706804276,89.81759262084961,0.17112965881824493,0.43757638335227966,0.21118441224098206,145
SLAKE_STAGE2_BANK16,113,F2,0.22508160769939423,0.002258633030578494,90.43022680282593,0.24315083026885986,0.43757164478302,0.20392166823148727,146
SLAKE_STAGE2_BANK16,113,F2,0.2250821441411972,0.0012413128279149532,91.04628133773804,0.36278459429740906,0.4414777308702469,0.3132864013314247,147
SLAKE_STAGE2_BANK16,113,F2,0.22254423797130585,0.005595940165221691,91.67207336425781,0.1771717071533203,0.43366819620132446,0.20156461000442505,148
SLAKE_STAGE2_BANK16,113,F2,0.22254927456378937,0.005582672543823719,92.29949378967285,0.17714165151119232,0.433667853474617,0.20991253852844238,149
SLAKE_STAGE2_BANK16,113,F2,0.22255249321460724,0.0022811482194811106,92.91657590866089,0.2468532919883728,0.42976072430610657,0.20150034874677658,150
SLAKE_STAGE2_BANK16,113,F2,0.22003071010112762,0.10173768550157547,93.5321044921875,0.3685869872570038,0.42585156857967377,0.30720845609903336,151
SLAKE_STAGE2_BANK16,113,F2,0.2200334668159485,0.0012242698576301336,94.15104937553406,0.18403176963329315,0.4258524924516678,0.19804257154464722,152
SLAKE_STAGE2_BANK16,113,F2,0.22003352642059326,0.0012204928789287806,94.7638988494873,0.18224889039993286,0.425849050283432,0.2062525898218155,153
SLAKE_STAGE2_BANK16,113,F2,0.2200416922569275,0.0022792317904531956,95.38116478919983,0.2519466280937195,0.42194509506225586,0.1991182193160057,154
SLAKE_STAGE2_BANK16,113,F2,0.22005100548267365,0.1035526692867279,95.99795985221863,0.36613234877586365,0.4219456762075424,0.3023599609732628,155
SLAKE_STAGE2_BANK16,113,F2,0.22005189955234528,0.005630275700241327,96.62403655052185,0.19399434328079224,0.4219445139169693,0.19457390159368515,156
SLAKE_STAGE2_BANK16,113,F2,0.22006048262119293,0.005689974408596754,97.25171613693237,0.18924106657505035,0.42194491624832153,0.20386134833097458,157
SLAKE_STAGE2_BANK16,113,F2,0.22006608545780182,0.0022962684743106365,97.8722472190857,0.26121705770492554,0.42194490134716034,0.19675792753696442,158
SLAKE_STAGE2_BANK16,113,F2,0.21759140491485596,0.0011968851322308183,98.48408079147339,0.3757699429988861,0.41413018107414246,0.2975563034415245,159
SLAKE_STAGE2_BANK16,113,F2,0.217600479722023,0.10457155108451843,99.10109496116638,0.2004922330379486,0.41022349894046783,0.19115016609430313,160
SLAKE_STAGE2_BANK16,114,F0,0.0,0.0,0.38619422912597656,0.0006303213885985315,0.0,0.00012547593360068277,1
SLAKE_STAGE2_BANK16,114,F0,0.0,0.0,0.6782896518707275,0.000269384472630918,0.0,6.0794596720370464e-05,2
SLAKE_STAGE2_BANK16,114,F0,0.0,0.0,0.9712469577789307,0.0003145051305182278,0.0,7.589294909848832e-05,3
SLAKE_STAGE2_BANK16,114,F0,0.0,0.0,1.2641026973724365,0.0002834134502336383,0.0,6.66354171698913e-05,4
SLAKE_STAGE2_BANK16,114,F0,0.0,0.0,1.4833714962005615,0.0005211167153902352,0.0,0.00011325957530061714,5
SLAKE_STAGE2_BANK16,114,F0,0.0,0.0,1.7088115215301514,0.0002591507218312472,0.0,5.783445158158429e-05,6
SLAKE_STAGE2_BANK16,114,F0,0.0,0.0,1.9279227256774902,0.00030913620139472187,0.0,7.307194755412638e-05,7
SLAKE_STAGE2_BANK16,114,F0,0.0,0.0,2.1465654373168945,0.0002806349075399339,0.0,6.4152085542446e-05,8
SLAKE_STAGE2_BANK16,114,F0,0.0,0.0,2.366609811782837,0.00046854422544129193,0.0,0.00010686316090868786,9
SLAKE_STAGE2_BANK16,114,F0,0.0,0.0,2.5887396335601807,0.000268607574980706,0.0,5.5728558436385356e-05,10
SLAKE_STAGE2_BANK16,114,F0,0.0,0.0,2.8107099533081055,0.00031332942307926714,0.0,7.046945029287599e-05,11
SLAKE_STAGE2_BANK16,114,F0,0.0,0.0,3.0342390537261963,0.00027723939274437726,0.0,6.21256695012562e-05,12
SLAKE_STAGE2_BANK16,114,F0,0.0,0.0,3.255040407180786,0.0004701285215560347,0.0,0.00010233391367364675,13
SLAKE_STAGE2_BANK16,114,F0,0.0,0.0,3.4777040481567383,0.0002671778202056885,0.0,5.390080696088262e-05,14
SLAKE_STAGE2_BANK16,114,F0,0.0,0.0,3.6988165378570557,0.0003116248408332467,0.0,6.876092447782867e-05,15
SLAKE_STAGE2_BANK16,114,F0,0.0,0.0,3.9226317405700684,0.00027794227935373783,0.0,6.055619633116294e-05,16
SLAKE_STAGE2_BANK16,114,F0,0.0,0.0,4.143731594085693,0.00046339633991010487,0.0,9.867872540780809e-05,17
SLAKE_STAGE2_BANK16,114,F0,0.0,0.0,4.366011619567871,0.0002574479440227151,0.0,5.272865200822707e-05,18
SLAKE_STAGE2_BANK16,114,F0,0.0,0.0,4.588426828384399,0.0002885995199903846,0.0,6.746960025338922e-05,19
SLAKE_STAGE2_BANK16,114,F0,0.0,0.0,4.81207537651062,0.00025856090360321105,0.0,5.956284439889714e-05,20
SLAKE_STAGE2_BANK16,114,F0,0.0,0.0,5.055105209350586,0.0004079469945281744,0.0,9.619550837669522e-05,21
SLAKE_STAGE2_BANK16,114,F0,0.0,0.0,5.277162313461304,0.00024466559989377856,0.0,5.171542761672754e-05,22
SLAKE_STAGE2_BANK16,114,F0,0.0,0.0,5.496115207672119,0.00028072233544662595,0.0,6.673452116956469e-05,23
SLAKE_STAGE2_BANK16,114,F0,0.0,0.0,5.721818923950195,0.0002571866207290441,0.0,5.8728432122734375e-05,24
SLAKE_STAGE2_BANK16,114,F0,0.0,0.0,5.9431703090667725,0.00045175058767199516,0.0,9.520220919512212e-05,25
SLAKE_STAGE2_BANK16,114,F0,0.0,0.0,6.166576147079468,0.00024140298774000257,0.0,5.11194157297723e-05,26
SLAKE_STAGE2_BANK16,114,F0,0.0,0.0,6.389140605926514,0.0002903785789385438,0.0,6.578095235454384e-05,27
SLAKE_STAGE2_BANK16,114,F0,0.0,0.0,6.609503507614136,0.00025451285182498395,0.0,5.7993363952846266e-05,28
SLAKE_STAGE2_BANK16,114,F0,0.0,0.0,6.832212686538696,0.00045259002945385873,0.0,9.377189962833654e-05,29
SLAKE_STAGE2_BANK16,114,F0,0.0,0.0,7.055691242218018,0.0002453266060911119,0.0,5.054327266407199e-05,30
SLAKE_STAGE2_BANK16,114,F0,0.0,0.0,7.276765823364258,0.00028467830270528793,0.0,6.568160097231157e-05,31
SLAKE_STAGE2_BANK16,114,F0,0.0,0.0,7.498658180236816,0.00025774093228392303,0.0,5.7476829169900157e-05,32
SLAKE_STAGE2_BANK16,114,F0,0.0,0.0,7.72050142288208,0.00046055333223193884,0.0,9.281835991714615e-05,33
SLAKE_STAGE2_BANK16,114,F0,0.0,0.0,7.937079906463623,0.00023759322357364,0.0,5.006647916161455e-05,34
SLAKE_STAGE2_BANK16,114,F0,0.0,0.0,8.164959192276001,0.00028446342912502587,0.0,6.526444121845998e-05,35
SLAKE_STAGE2_BANK16,114,F0,0.0,0.0,8.387006759643555,0.0002514130319468677,0.0,5.7397381169721484e-05,36
SLAKE_STAGE2_BANK16,114,F0,0.0,0.0,8.609485387802124,0.00042969733476638794,0.0,9.168606629827991e-05,37
SLAKE_STAGE2_BANK16,114,F0,0.0,0.0,8.829290390014648,0.00023032104945741594,0.0,4.9947284423979e-05,38
SLAKE_STAGE2_BANK16,114,F0,0.0,0.0,9.054725646972656,0.00026617449475452304,0.0,6.458902316808235e-05,39
SLAKE_STAGE2_BANK16,114,F0,0.0,0.0,9.276801109313965,0.0002496989327482879,0.0,5.6980203225975856e-05,40
SLAKE_STAGE2_BANK16,114,F0,0.0,0.0,9.5076162815094,0.00044613395584747195,0.0,9.109013444685843e-05,41
SLAKE_STAGE2_BANK16,114,F0,0.0,0.0,9.730309009552002,0.00023178651463240385,0.0,4.968903158442117e-05,42
SLAKE_STAGE2_BANK16,114,F0,0.0,0.0,9.950860977172852,0.00026479418738745153,0.0,6.431092333514243e-05,43
SLAKE_STAGE2_BANK16,114,F0,0.0,0.0,10.176557540893555,0.00024026568280532956,0.0,5.682128721673507e-05,44
SLAKE_STAGE2_BANK16,114,F0,0.0,0.0,10.397743701934814,0.0004289690114092082,0.0,8.981878090708051e-05,45
SLAKE_STAGE2_BANK16,114,F0,0.0,0.0,10.619807481765747,0.00022581119264941663,0.0,4.945064756611828e-05,46
SLAKE_STAGE2_BANK16,114,F0,0.0,0.0,10.842965602874756,0.0002608968352433294,0.0,6.403284533007536e-05,47
SLAKE_STAGE2_BANK16,114,F0,0.0,0.0,11.065244913101196,0.0002427272411296144,0.0,5.6602781114634126e-05,48
SLAKE_STAGE2_BANK16,114,F0,0.0,0.0,11.286363363265991,0.0004099831567145884,0.0,8.878580047166906e-05,49
SLAKE_STAGE2_BANK16,114,F0,0.0,0.0,11.506362199783325,0.00023018212232273072,0.0,4.956986231263727e-05,50
SLAKE_STAGE2_BANK16,114,F0,0.0,0.0,11.732885837554932,0.00026508455630391836,0.0,6.35759479337139e-05,51
SLAKE_STAGE2_BANK16,114,F0,0.0,0.0,11.954865217208862,0.00023621582658961415,0.0,5.614585643343162e-05,52
SLAKE_STAGE2_BANK16,114,F0,0.0,0.0,12.177387714385986,0.0004559989902190864,0.0,8.86865054781083e-05,53
SLAKE_STAGE2_BANK16,114,F0,0.0,0.0,12.400297164916992,0.00022649200400337577,0.0,4.9371199565939605e-05,54
SLAKE_STAGE2_BANK16,114,F0,0.0,0.0,12.62353229522705,0.00025607593124732375,0.0,6.333756391541101e-05,55
SLAKE_STAGE2_BANK16,114,F0,0.0,0.0,12.843528032302856,0.00024873705115169287,0.0,5.632465945382137e-05,56
SLAKE_STAGE2_BANK16,114,F0,0.0,0.0,13.066480159759521,0.0004049986891914159,0.0,8.757405703363474e-05,57
SLAKE_STAGE2_BANK16,114,F0,0.0,0.0,13.286737203598022,0.0002327949769096449,0.0,4.9093056077254005e-05,58
SLAKE_STAGE2_BANK16,114,F0,0.0,0.0,13.512450695037842,0.0002522818685974926,0.0,6.2801178501104e-05,59
SLAKE_STAGE2_BANK16,114,F0,0.0,0.0,13.73122262954712,0.0002444027049932629,0.0,5.6563059843028896e-05,60
SLAKE_STAGE2_BANK16,114,F0,0.0,0.0,13.96420168876648,0.0004810965619981289,0.0,8.773298577580135e-05,61
SLAKE_STAGE2_BANK16,114,F0,0.0,0.0,14.190183162689209,0.00022901273041497916,0.0,4.915265708405059e-05,62
SLAKE_STAGE2_BANK16,114,F0,0.0,0.0,14.410505533218384,0.00026427177363075316,0.0,6.256277993088588e-05,63
SLAKE_STAGE2_BANK16,114,F0,0.0,0.0,14.626752376556396,0.00024317660427186638,0.0,5.660278839059174e-05,64
SLAKE_STAGE2_BANK16,114,F0,0.0,0.0,14.846896648406982,0.0005077122477814555,0.0,8.803097989584785e-05,65
SLAKE_STAGE2_BANK16,114,F0,0.0,0.0,15.067092657089233,0.00022599899966735393,0.0,4.903345325146802e-05,66
SLAKE_STAGE2_BANK16,114,F0,0.0,0.0,15.291388273239136,0.0002727710525505245,0.0,6.28011730441358e-05,67
SLAKE_STAGE2_BANK16,114,F0,0.0,0.0,15.511948585510254,0.00023965841683093458,0.0,5.6900786148617044e-05,68
SLAKE_STAGE2_BANK16,114,F0,0.0,0.0,15.734610557556152,0.0005190193187445402,0.0,8.757405703363474e-05,69
SLAKE_STAGE2_BANK16,114,F0,0.0,0.0,15.954851627349854,0.00022796372650191188,0.0,4.8973852244671434e-05,70
SLAKE_STAGE2_BANK16,114,F0,0.0,0.0,16.179158210754395,0.0002744277589954436,0.0,6.198663686518557e-05,71
SLAKE_STAGE2_BANK16,114,F0,0.0,0.0,16.399001598358154,0.0002391632297076285,0.0,5.628491271636449e-05,72
SLAKE_STAGE2_BANK16,114,F0,0.0,0.0,16.624709129333496,0.00045836108620278537,0.0,8.608413008914795e-05,73
SLAKE_STAGE2_BANK16,114,F0,0.0,0.0,16.84434747695923,0.00022865702339913696,0.0,4.831823753193021e-05,74
SLAKE_STAGE2_BANK16,114,F0,0.0,0.0,17.069440603256226,0.0002739437040872872,0.0,6.027812742104288e-05,75
SLAKE_STAGE2_BANK16,114,F0,0.0,0.0,17.29144525527954,0.00023604038869962096,0.0,5.562931073654909e-05,76
SLAKE_STAGE2_BANK16,114,F0,0.0,0.0,17.511365175247192,0.0004556065541692078,0.0,8.415715092269238e-05,77
SLAKE_STAGE2_BANK16,114,F0,0.0,0.0,17.737377166748047,0.00022738889674656093,0.0,4.708648339146748e-05,78
SLAKE_STAGE2_BANK16,114,F0,0.0,0.0,17.959718942642212,0.0002502488496247679,0.0,5.819212310598232e-05,79
SLAKE_STAGE2_BANK16,114,F0,0.0,0.0,18.180571794509888,0.00023735979630146176,0.0,5.407970274973195e-05,80
SLAKE_STAGE2_BANK16,114,F0,0.0,0.0,18.423065900802612,0.0004637421225197613,0.0,8.131631511787418e-05,81
SLAKE_STAGE2_BANK16,114,F0,0.0,0.0,18.64604091644287,0.00022805924527347088,0.0,4.549711593426764e-05,82
SLAKE_STAGE2_BANK16,114,F0,0.0,0.0,18.869141340255737,0.0002601493615657091,0.0,5.6125991250155494e-05,83
SLAKE_STAGE2_BANK16,114,F0,0.0,0.0,19.08930778503418,0.00023288583906833082,0.0,5.2669151045847684e-05,84
SLAKE_STAGE2_BANK16,114,F0,0.0,0.0,19.311182737350464,0.0004363406333141029,0.0,7.972700404934585e-05,85
SLAKE_STAGE2_BANK16,114,F0,0.0,0.0,19.53335404396057,0.00022371938393916935,0.0,4.432495552464388e-05,86
SLAKE_STAGE2_BANK16,114,F0,0.0,0.0,19.75609517097473,0.000267461669864133,0.0,5.4059846661402844e-05,87
SLAKE_STAGE2_BANK16,114,F0,0.0,0.0,19.97151279449463,0.00022996263578534126,0.0,5.159633292350918e-05,88
SLAKE_STAGE2_BANK16,114,F0,0.0,0.0,20.19068217277527,0.00039775032200850546,0.0,7.815758181095589e-05,89
SLAKE_STAGE2_BANK16,114,F0,0.0,0.0,20.41333317756653,0.0002244431379949674,0.0,4.3291860492900014e-05,90
SLAKE_STAGE2_BANK16,114,F0,0.0,0.0,20.635562419891357,0.0002574996615294367,0.0,5.254995085124392e-05,91
SLAKE_STAGE2_BANK16,114,F0,0.0,0.0,20.857645750045776,0.00023130670888349414,0.0,5.072218118584715e-05,92
SLAKE_STAGE2_BANK16,114,F0,0.0,0.0,21.077834606170654,0.0004510046273935586,0.0,7.672719766560476e-05,93
SLAKE_STAGE2_BANK16,114,F0,0.0,0.0,21.30438804626465,0.0002268949174322188,0.0,4.2457431845832616e-05,94
SLAKE_STAGE2_BANK16,114,F0,0.0,0.0,21.525970220565796,0.00024130679958034307,0.0,5.135793435329106e-05,95
SLAKE_STAGE2_BANK16,114,F0,0.0,0.0,21.745541095733643,0.0002261893532704562,0.0,5.006656647310592e-05,96
SLAKE_STAGE2_BANK16,114,F0,0.0,0.0,21.970996856689453,0.0004624403372872621,0.0,7.59722988732392e-05,97
SLAKE_STAGE2_BANK16,114,F0,0.0,0.0,22.193885326385498,0.00022357430134434253,0.0,4.1901150325429626e-05,98
SLAKE_STAGE2_BANK16,114,F0,0.0,0.0,22.41551160812378,0.0002549560449551791,0.0,5.0801661927835084e-05,99
SLAKE_STAGE2_BANK16,114,F0,0.0,0.0,22.634571313858032,0.00022961229842621833,0.0,5.0026836106553674e-05,100
SLAKE_STAGE2_BANK16,114,F0,0.0,0.0,22.871238708496094,0.0004158586380071938,0.0,7.511805415560957e-05,101
SLAKE_STAGE2_BANK16,114,F0,0.0,0.0,23.093623876571655,0.00022230696049518883,0.0,4.162300865573343e-05,102
SLAKE_STAGE2_BANK16,114,F0,0.0,0.0,23.312999725341797,0.00026285258354619145,0.0,4.9927517466130666e-05,103
SLAKE_STAGE2_BANK16,114,F0,0.0,0.0,23.537156105041504,0.00023014305043034256,0.0,4.978842844138853e-05,104
SLAKE_STAGE2_BANK16,114,F0,0.0,0.0,23.75798511505127,0.00043240824015811086,0.0,7.410488797177095e-05,105
SLAKE_STAGE2_BANK16,114,F0,0.0,0.0,23.9830219745636,0.0002241350885014981,0.0,4.128526234126184e-05,106
SLAKE_STAGE2_BANK16,114,F0,0.0,0.0,24.204514026641846,0.0002678646123968065,0.0,4.980832090950571e-05,107
SLAKE_STAGE2_BANK16,114,F0,0.0,0.0,24.423596382141113,0.00023216920089907944,0.0,4.992750291421544e-05,108
SLAKE_STAGE2_BANK16,114,F0,0.0,0.0,24.64824914932251,0.0003924214106518775,0.0,7.364797420450486e-05,109
SLAKE_STAGE2_BANK16,114,F0,0.0,0.0,24.866798877716064,0.0002235991123598069,0.0,4.108659595658537e-05,110
SLAKE_STAGE2_BANK16,114,F0,0.0,0.0,25.093294143676758,0.00026977210654877126,0.0,4.9172569561051205e-05,111
SLAKE_STAGE2_BANK16,114,F0,0.0,0.0,25.315595149993896,0.00023942669213283807,0.0,4.964935942552984e-05,112
SLAKE_STAGE2_BANK16,114,F0,0.0,0.0,25.537505388259888,0.0004172140033915639,0.0,7.305197141249664e-05,113
SLAKE_STAGE2_BANK16,114,F0,0.0,0.0,25.759705781936646,0.00022598817304242402,0.0,4.051044015795924e-05,114
SLAKE_STAGE2_BANK16,114,F0,0.0,0.0,25.981913805007935,0.0002565917675383389,0.0,4.829841054743156e-05,115
SLAKE_STAGE2_BANK16,114,F0,0.0,0.0,26.203867435455322,0.00023276392312254757,0.0,4.90732018079143e-05,116
SLAKE_STAGE2_BANK16,114,F0,0.0,0.0,26.427427291870117,0.0004096303600817919,0.0,7.249568625411484e-05,117
SLAKE_STAGE2_BANK16,114,F0,0.0,0.0,26.649120807647705,0.0002181858872063458,0.0,4.001375236839522e-05,118
SLAKE_STAGE2_BANK16,114,F0,0.0,0.0,26.871638536453247,0.00025202162214554846,0.0,4.7146109864115715e-05,119
SLAKE_STAGE2_BANK16,114,F0,0.0,0.0,27.09347128868103,0.00021654964075423777,0.0,4.855664155911654e-05,120
SLAKE_STAGE2_BANK16,114,F0,0.0,0.0,27.344106435775757,0.0004315837286412716,0.0,7.313134483410977e-05,121
SLAKE_STAGE2_BANK16,114,F0,0.0,0.0,27.5698082447052,0.0002116162359016016,0.0,3.9199185266625136e-05,122
SLAKE_STAGE2_BANK16,114,F0,0.0,0.0,27.799044847488403,0.00023949315072968602,0.0,4.6371284042834304e-05,123
SLAKE_STAGE2_BANK16,114,F0,0.0,0.0,28.03450107574463,0.0002143406745744869,0.0,4.7801690016058274e-05,124
SLAKE_STAGE2_BANK16,114,F0,0.0,0.0,28.274782180786133,0.00046248617582023144,0.0,7.261478822329082e-05,125
SLAKE_STAGE2_BANK16,114,F0,0.0,0.0,28.508933305740356,0.00022024578356649727,0.0,3.858329546346795e-05,126
SLAKE_STAGE2_BANK16,114,F0,0.0,0.0,28.74685001373291,0.00024002260761335492,0.0,4.5318316551856697e-05,127
SLAKE_STAGE2_BANK16,114,F0,0.0,0.0,28.983448028564453,0.00020827939442824572,0.0,4.6967266825959086e-05,128
SLAKE_STAGE2_BANK16,114,F0,0.0,0.0,29.216246366500854,0.0004899711930193007,0.0,7.176053441071417e-05,129
SLAKE_STAGE2_BANK16,114,F0,0.0,0.0,29.45484948158264,0.0002090332709485665,0.0,3.790780283452477e-05,130
SLAKE_STAGE2_BANK16,114,F0,0.0,0.0,29.6907799243927,0.00022582850942853838,0.0,4.456336137081962e-05,131
SLAKE_STAGE2_BANK16,114,F0,0.0,0.0,29.92356276512146,0.00021163361088838428,0.0,4.605337562679779e-05,132
SLAKE_STAGE2_BANK16,114,F0,0.0,0.0,30.16237759590149,0.00044430108391679823,0.0,6.981363731028978e-05,133
SLAKE_STAGE2_BANK16,114,F0,0.0,0.0,30.397860288619995,0.00021415692754089832,0.0,3.7252177207847126e-05,134
SLAKE_STAGE2_BANK16,114,F0,0.0,0.0,30.630343437194824,0.0002310986164957285,0.0,4.3788542825495824e-05,135
SLAKE_STAGE2_BANK16,114,F0,0.0,0.0,30.86996054649353,0.00020789174595847726,0.0,4.5218954255688004e-05,136
SLAKE_STAGE2_BANK16,114,F0,0.0,0.0,31.105874061584473,0.0004374590062070638,0.0,6.880045475554653e-05,137
SLAKE_STAGE2_BANK16,114,F0,0.0,0.0,31.343955039978027,0.0002145748439943418,0.0,3.649721656984184e-05,138
SLAKE_STAGE2_BANK16,114,F0,0.0,0.0,31.58023953437805,0.00023488626175094396,0.0,4.281504880054854e-05,139
SLAKE_STAGE2_BANK16,114,F0,0.0,0.0,31.814486980438232,0.00020191956718917936,0.0,4.480174357013311e-05,140
SLAKE_STAGE2_BANK16,114,F0,0.0,0.0,32.0803964138031,0.000423386984039098,0.0,6.733035479555838e-05,141
SLAKE_STAGE2_BANK16,114,F0,0.0,0.0,32.317671060562134,0.00020523105922620744,0.0,3.6318411730462685e-05,142
SLAKE_STAGE2_BANK16,114,F0,0.0,0.0,32.550923585891724,0.00023696944117546082,0.0,4.2695848605944775e-05,143
SLAKE_STAGE2_BANK16,114,F0,0.0,0.0,32.78640961647034,0.00020528453751467168,0.0,4.442427416506689e-05,144
SLAKE_STAGE2_BANK16,114,F0,0.0,0.0,33.02572154998779,0.0004020801861770451,0.0,6.675424629065674e-05,145
SLAKE_STAGE2_BANK16,114,F0,0.0,0.0,33.25930452346802,0.0002034199278568849,0.0,3.609987106756307e-05,146
SLAKE_STAGE2_BANK16,114,F0,0.0,0.0,33.495325565338135,0.0002303962828591466,0.0,4.2457440940779634e-05,147
SLAKE_STAGE2_BANK16,114,F0,0.0,0.0,33.73371601104736,0.00020166476315353066,0.0,4.432493733474985e-05,148
SLAKE_STAGE2_BANK16,114,F0,0.0,0.0,33.97213315963745,0.00042534791282378137,0.0,6.643639062531292e-05,149
SLAKE_STAGE2_BANK16,114,F0,0.0,0.0,34.21012234687805,0.0001987041177926585,0.0,3.606013342505321e-05,150
SLAKE_STAGE2_BANK16,114,F0,0.0,0.0,34.44649147987366,0.00023217064153868705,0.0,4.239783811499365e-05,151
SLAKE_STAGE2_BANK16,114,F0,0.0,0.0,34.68291783332825,0.00020808898261748254,0.0,4.448387880984228e-05,152
SLAKE_STAGE2_BANK16,114,F0,0.0,0.0,34.91592574119568,0.00039973147795535624,0.0,6.635693716816604e-05,153
SLAKE_STAGE2_BANK16,114,F0,0.0,0.0,35.153122663497925,0.00019812709069810808,0.0,3.647734956757631e-05,154
SLAKE_STAGE2_BANK16,114,F0,0.0,0.0,35.390331745147705,0.0002553306403569877,0.0,4.2894524085568264e-05,155
SLAKE_STAGE2_BANK16,114,F0,0.0,0.0,35.623199224472046,0.0002180182927986607,0.0,4.476202593650669e-05,156
SLAKE_STAGE2_BANK16,114,F0,0.0,0.0,35.86225152015686,0.00038416573079302907,0.0,6.609868796658702e-05,157
SLAKE_STAGE2_BANK16,114,F0,0.0,0.0,36.09911370277405,0.0002001282264245674,0.0,3.677536369650625e-05,158
SLAKE_STAGE2_BANK16,114,F0,0.0,0.0,36.333911418914795,0.0002568269846960902,0.0,4.305346010369249e-05,159
SLAKE_STAGE2_BANK16,114,F0,0.0,0.0,36.57328987121582,0.00020357088942546397,0.0,4.47024212917313e-05,160
SLAKE_STAGE2_BANK16,114,F1,3.8955817222595215,0.008214078843593597,0.6578476428985596,5.403428554534912,0.0,0.00012547593360068277,1
SLAKE_STAGE2_BANK16,114,F1,3.803518295288086,0.007775803096592426,1.4144561290740967,5.447608947753906,0.0,6.28607358521549e-05,2
SLAKE_STAGE2_BANK16,114,F1,3.7135326862335205,0.015473086386919022,1.9927875995635986,5.478700637817383,0.0,8.01840506028384e-05,3
SLAKE_STAGE2_BANK16,114,F1,3.617586374282837,0.01683148741722107,2.4928550720214844,5.500299453735352,0.0,7.303246457013302e-05,4
SLAKE_STAGE2_BANK16,114,F1,3.5265259742736816,0.016696196049451828,2.864025354385376,5.513918399810791,0.0,0.00012813831199309789,5
SLAKE_STAGE2_BANK16,114,F1,3.431610107421875,0.007771439850330353,3.2329540252685547,5.515563011169434,0.0,6.512560685223434e-05,6
SLAKE_STAGE2_BANK16,114,F1,3.338610887527466,0.007383403368294239,3.605604887008667,5.50897216796875,0.0,8.397865894949064e-05,7
SLAKE_STAGE2_BANK16,114,F1,3.2426915168762207,0.014429740607738495,3.975623369216919,5.494866847991943,0.0,7.744290269329213e-05,8
SLAKE_STAGE2_BANK16,114,F1,3.1505730152130127,0.016141755506396294,4.34548807144165,5.475809574127197,0.0,0.0001357074434054084,9
SLAKE_STAGE2_BANK16,114,F1,3.0615007877349854,0.01429152674973011,4.718017101287842,5.450334548950195,0.0,7.110548722266685e-05,10
SLAKE_STAGE2_BANK16,114,F1,2.968423843383789,0.007775710895657539,5.086714744567871,5.42213249206543,0.0,9.20841412153095e-05,11
SLAKE_STAGE2_BANK16,114,F1,2.8782880306243896,0.00690937926992774,5.458204984664917,5.395199298858643,0.0,8.763434743741527e-05,12
SLAKE_STAGE2_BANK16,114,F1,2.785223960876465,0.014020862989127636,5.828243970870972,5.364202976226807,0.0,0.00015026903565740213,13
SLAKE_STAGE2_BANK16,114,F1,2.6970579624176025,0.006830958649516106,6.198135614395142,5.33714485168457,0.0,8.30848075565882e-05,14
SLAKE_STAGE2_BANK16,114,F1,2.60793137550354,0.007665620651096106,6.565720319747925,5.308182716369629,0.0,0.00010871173435589299,15
SLAKE_STAGE2_BANK16,114,F1,2.519775390625,0.015893986448645592,6.935094833374023,5.282679080963135,0.0,0.00010855275104404427,16
SLAKE_STAGE2_BANK16,114,F1,2.4335720539093018,0.007890637032687664,7.304929733276367,5.26020622253418,0.0,0.00017839768042904325,17
SLAKE_STAGE2_BANK16,114,F1,2.343494415283203,0.015788907185196877,7.694714307785034,5.242349147796631,0.0,0.00010666479283827357,18
SLAKE_STAGE2_BANK16,114,F1,2.2592146396636963,0.0065452586859464645,8.16574215888977,5.225452423095703,0.0,0.0001438119579688646,19
SLAKE_STAGE2_BANK16,114,F1,2.16917085647583,0.013504480943083763,8.638558626174927,5.210948467254639,0.0,0.00015501389134442434,20
SLAKE_STAGE2_BANK16,114,F1,2.086988925933838,0.015967998653650284,9.129334211349487,5.203390598297119,0.0,0.00024201667838497087,21
SLAKE_STAGE2_BANK16,114,F1,1.9989173412322998,0.01330676581710577,9.6003999710083,5.198200225830078,0.0,0.00015973853442119434,22
SLAKE_STAGE2_BANK16,114,F1,1.9109076261520386,0.0064615714363753796,10.062269449234009,5.1977763175964355,0.0,0.00022597655333811417,23
SLAKE_STAGE2_BANK16,114,F1,1.822907567024231,0.00800006091594696,10.501292705535889,5.20096492767334,0.0,0.00027019562548957765,24
SLAKE_STAGE2_BANK16,114,F1,1.7369029521942139,0.00792404543608427,10.957507848739624,5.205166816711426,0.0,0.0004038409679196775,25
SLAKE_STAGE2_BANK16,114,F1,1.6529545783996582,0.013162442483007908,11.427747964859009,5.215827941894531,0.0,0.0002963170991279185,26
SLAKE_STAGE2_BANK16,114,F1,1.5613038539886475,0.0063515095971524715,11.901293516159058,5.225605010986328,0.0,0.00044683173473458737,27
SLAKE_STAGE2_BANK16,114,F1,1.4736686944961548,0.01580326445400715,12.372927188873291,5.236708641052246,0.0,0.0006068108195904642,28
SLAKE_STAGE2_BANK16,114,F1,1.386226773262024,0.013107210397720337,12.842018604278564,5.249897003173828,0.0,0.0008865128620527685,29
SLAKE_STAGE2_BANK16,114,F1,1.2971036434173584,0.015896055847406387,13.310288429260254,5.26655912399292,0.0,0.0007040807686280459,30
SLAKE_STAGE2_BANK16,114,F1,1.2063851356506348,0.007820285856723785,13.775053262710571,5.268455505371094,0.0,0.0011427132412791252,31
SLAKE_STAGE2_BANK16,114,F1,1.114261269569397,0.006338100414723158,14.246383905410767,5.257333278656006,0.0,0.001723616966046393,32
SLAKE_STAGE2_BANK16,114,F1,1.0248422622680664,0.013154098764061928,14.715163707733154,5.234511375427246,0.0,0.0024679588386788964,33
SLAKE_STAGE2_BANK16,114,F1,0.9364813566207886,0.007891086861491203,15.187189817428589,5.208570957183838,0.0,0.0021029137424193323,34
SLAKE_STAGE2_BANK16,114,F1,0.8458742499351501,0.01618139073252678,15.658121109008789,5.112044811248779,0.0,0.003622167860157788,35
SLAKE_STAGE2_BANK16,114,F1,0.7575216293334961,0.006368524394929409,16.126010417938232,4.956533432006836,0.0,0.0058718957006931305,36
SLAKE_STAGE2_BANK16,114,F1,0.6688106060028076,0.007974052801728249,16.593450784683228,4.733109951019287,0.0,0.008367654401808977,37
SLAKE_STAGE2_BANK16,114,F1,0.5878656506538391,0.016366617754101753,17.060518264770508,4.500958442687988,0.0,0.007413392188027501,38
SLAKE_STAGE2_BANK16,114,F1,0.5073494911193848,0.013256390579044819,17.53314518928528,4.037693023681641,0.0,0.013433048967272043,39
SLAKE_STAGE2_BANK16,114,F1,0.436090350151062,0.006450638175010681,18.004217624664307,3.4560277462005615,0.0,0.022346741519868374,40
SLAKE_STAGE2_BANK16,114,F1,0.37167608737945557,0.0164922047406435,18.490756034851074,2.858006715774536,0.0,0.03090986143797636,41
SLAKE_STAGE2_BANK16,114,F1,0.31462037563323975,0.013477274216711521,18.96039891242981,2.4291064739227295,0.0,0.02806860115379095,42
SLAKE_STAGE2_BANK16,114,F1,0.26972970366477966,0.006428560242056847,19.43143367767334,1.9035526514053345,0.0,0.050578877329826355,43
SLAKE_STAGE2_BANK16,114,F1,0.22972716391086578,0.008225765079259872,19.89618992805481,1.9699457883834839,0.0,0.07760190963745117,44
SLAKE_STAGE2_BANK16,114,F1,0.19829486310482025,0.016846170648932457,20.370290756225586,2.0957157611846924,0.0,0.09428253397345543,45
SLAKE_STAGE2_BANK16,114,F1,0.1708836853504181,0.006564423441886902,20.840715646743774,1.8210227489471436,0.0,0.07711794413626194,46
SLAKE_STAGE2_BANK16,114,F1,0.14798583090305328,0.008313886821269989,21.31208825111389,2.326444387435913,0.0,0.11652099341154099,47
SLAKE_STAGE2_BANK16,114,F1,0.12801916897296906,0.013874564319849014,21.78293204307556,2.7660086154937744,0.0,0.14030862599611282,48
SLAKE_STAGE2_BANK16,114,F1,0.11231580376625061,0.013885729014873505,22.253769636154175,2.5813233852386475,0.0,0.14548876136541367,49
SLAKE_STAGE2_BANK16,114,F1,0.09957572817802429,0.008449265733361244,22.726996898651123,1.8226932287216187,0.0,0.10785148665308952,50
SLAKE_STAGE2_BANK16,114,F1,0.08944310992956161,0.017350642010569572,23.195066928863525,2.2744784355163574,0.0,0.14293210208415985,51
SLAKE_STAGE2_BANK16,114,F1,0.08180204778909683,0.006848447490483522,23.66498064994812,2.2760121822357178,0.0,0.14021971821784973,52
SLAKE_STAGE2_BANK16,114,F1,0.07685890048742294,0.017542408779263496,24.134377479553223,1.9861609935760498,0.0,0.1363784745335579,53
SLAKE_STAGE2_BANK16,114,F1,0.07338567823171616,0.01410833653062582,24.605801820755005,1.1932185888290405,0.0,0.09480484575033188,54
SLAKE_STAGE2_BANK16,114,F1,0.0723099559545517,0.0069157155230641365,25.0776207447052,1.4706186056137085,0.0,0.11586413905024529,55
SLAKE_STAGE2_BANK16,114,F1,0.0736723244190216,0.008361537009477615,25.54658031463623,1.0903985500335693,0.0,0.09580627083778381,56
SLAKE_STAGE2_BANK16,114,F1,0.07624033838510513,0.01406442653387785,26.019378662109375,0.8313553333282471,0.0,0.08957085013389587,57
SLAKE_STAGE2_BANK16,114,F1,0.08103488385677338,0.0069018141366541386,26.489906787872314,0.3949506878852844,0.0,0.05871634744107723,58
SLAKE_STAGE2_BANK16,114,F1,0.08602111041545868,0.017533307895064354,26.95825219154358,0.43372079730033875,0.0,0.0696641094982624,59
SLAKE_STAGE2_BANK16,114,F1,0.09106040745973587,0.008502909913659096,27.42508316040039,0.548859179019928,0.0,0.05362182296812534,60
SLAKE_STAGE2_BANK16,114,F1,0.09484358131885529,0.006945200730115175,27.912317991256714,0.6342553496360779,0.0,0.053359804674983025,61
SLAKE_STAGE2_BANK16,114,F1,0.09745486080646515,0.013772115111351013,28.382601499557495,0.9206669330596924,0.0,0.0376891503110528,62
SLAKE_STAGE2_BANK16,114,F1,0.09725699573755264,0.017224643379449844,28.853088855743408,0.7388008236885071,0.0,0.04943890497088432,63
SLAKE_STAGE2_BANK16,114,F1,0.09550660103559494,0.008195734582841396,29.321301221847534,0.8625659942626953,0.0,0.04093944374471903,64
SLAKE_STAGE2_BANK16,114,F1,0.09073219448328018,0.017265912145376205,29.789649486541748,0.7314643263816833,0.0,0.046092696487903595,65
SLAKE_STAGE2_BANK16,114,F1,0.08535807579755783,0.008128073066473007,30.251242637634277,0.7916001081466675,0.0,0.036745100282132626,66
SLAKE_STAGE2_BANK16,114,F1,0.07892949134111404,0.006852833554148674,30.697155714035034,0.47620877623558044,0.0,0.05307324230670929,67
SLAKE_STAGE2_BANK16,114,F1,0.07218172401189804,0.013674451038241386,31.13392424583435,0.4669235348701477,0.0,0.04590814933180809,68
SLAKE_STAGE2_BANK16,114,F1,0.06635372340679169,0.016878867521882057,31.580276250839233,0.37482476234436035,0.0,0.05419556051492691,69
SLAKE_STAGE2_BANK16,114,F1,0.061066288501024246,0.008084231987595558,32.03070640563965,0.35267317295074463,0.0,0.044660535641014576,70
SLAKE_STAGE2_BANK16,114,F1,0.056827545166015625,0.006730584427714348,32.47456455230713,0.5229911804199219,0.0,0.06434297747910023,71
SLAKE_STAGE2_BANK16,114,F1,0.05315907299518585,0.013470800593495369,32.920185804367065,0.3880366086959839,0.0,0.05326775275170803,72
SLAKE_STAGE2_BANK16,114,F1,0.05095116049051285,0.007917283102869987,33.365824699401855,0.5036240220069885,0.0,0.05998123995959759,73
SLAKE_STAGE2_BANK16,114,F1,0.04902756214141846,0.006716616917401552,33.80046200752258,0.33834102749824524,0.0,0.04677329305559397,74
SLAKE_STAGE2_BANK16,114,F1,0.047728270292282104,0.013235281221568584,34.24498438835144,0.631799042224884,0.0,0.06316189095377922,75
SLAKE_STAGE2_BANK16,114,F1,0.047316551208496094,0.016397705301642418,34.68169808387756,0.371491938829422,0.0,0.04825218673795462,76
SLAKE_STAGE2_BANK16,114,F1,0.04745246469974518,0.006504471879452467,35.123002767562866,0.4163789451122284,0.0,0.05153238773345947,77
SLAKE_STAGE2_BANK16,114,F1,0.047522157430648804,0.007660923525691032,35.568827867507935,0.2875003218650818,0.0,0.03782533947378397,78
SLAKE_STAGE2_BANK16,114,F1,0.04795880615711212,0.016016384586691856,36.01033306121826,0.4068774878978729,0.0,0.049071818590164185,79
SLAKE_STAGE2_BANK16,114,F1,0.04866814985871315,0.012838693335652351,36.4573974609375,0.2916613817214966,0.0,0.03612969256937504,80
SLAKE_STAGE2_BANK16,114,F1,0.04909262806177139,0.007623255252838135,36.93221664428711,0.30179524421691895,0.0,0.038393886759877205,81
SLAKE_STAGE2_BANK16,114,F1,0.04930783063173294,0.012766361236572266,37.37774395942688,0.37193864583969116,0.0,0.028272714000195265,82
SLAKE_STAGE2_BANK16,114,F1,0.049208927899599075,0.006325847469270229,37.81432557106018,0.3163200616836548,0.0,0.03684164397418499,83
SLAKE_STAGE2_BANK16,114,F1,0.048880547285079956,0.015578980557620525,38.25759291648865,0.3621714413166046,0.0,0.028206038288772106,84
SLAKE_STAGE2_BANK16,114,F1,0.047702327370643616,0.015563027001917362,38.70127081871033,0.3268660604953766,0.0,0.030814713798463345,85
SLAKE_STAGE2_BANK16,114,F1,0.046864964067935944,0.006104014348238707,39.13514947891235,0.4015771448612213,0.0,0.023356059100478888,86
SLAKE_STAGE2_BANK16,114,F1,0.04500015079975128,0.007364859338849783,39.577401876449585,0.2952817380428314,0.0,0.03156919125467539,87
SLAKE_STAGE2_BANK16,114,F1,0.043506015092134476,0.012509641237556934,40.01315975189209,0.30831459164619446,0.0,0.0254961084574461,88
SLAKE_STAGE2_BANK16,114,F1,0.04178883880376816,0.007336904760450125,40.44706082344055,0.2665215730667114,0.0,0.028715127147734165,89
SLAKE_STAGE2_BANK16,114,F1,0.03992660716176033,0.006024927832186222,40.88251852989197,0.29684218764305115,0.0,0.02215214306488633,90
SLAKE_STAGE2_BANK16,114,F1,0.03816772624850273,0.015183391980826855,41.32369017601013,0.2618078887462616,0.0,0.03048486914485693,91
SLAKE_STAGE2_BANK16,114,F1,0.036731019616127014,0.012278356589376926,41.76335024833679,0.2194811850786209,0.0,0.025091668125241995,92
SLAKE_STAGE2_BANK16,114,F1,0.03514297306537628,0.014864025637507439,42.20670938491821,0.2230987846851349,0.0,0.02833315171301365,93
SLAKE_STAGE2_BANK16,114,F1,0.03401671722531319,0.0072929747402668,42.64858078956604,0.21640224754810333,0.0,0.0215605185367167,94
SLAKE_STAGE2_BANK16,114,F1,0.032547567039728165,0.005910530220717192,43.09483551979065,0.275257408618927,0.0,0.029461334459483624,95
SLAKE_STAGE2_BANK16,114,F1,0.03167290613055229,0.012102129869163036,43.53877401351929,0.19264501333236694,0.0,0.024438696447759867,96
SLAKE_STAGE2_BANK16,114,F1,0.030967922881245613,0.012084082700312138,43.973493337631226,0.2196551114320755,0.0,0.02689211070537567,97
SLAKE_STAGE2_BANK16,114,F1,0.030462654307484627,0.007147755473852158,44.407633781433105,0.1876838654279709,0.0,0.01986927492544055,98
SLAKE_STAGE2_BANK16,114,F1,0.029675576835870743,0.014609996229410172,44.84528994560242,0.25367099046707153,0.0,0.026480856351554394,99
SLAKE_STAGE2_BANK16,114,F1,0.029293209314346313,0.0057954732328653336,45.27944231033325,0.17809408903121948,0.0,0.02206181362271309,100
SLAKE_STAGE2_BANK16,114,F1,0.02878362126648426,0.012034937739372253,45.744913816452026,0.19340522587299347,0.0,0.02382497489452362,101
SLAKE_STAGE2_BANK16,114,F1,0.02858462743461132,0.007159070577472448,46.18932843208313,0.18051637709140778,0.0,0.01714475709013641,102
SLAKE_STAGE2_BANK16,114,F1,0.028270652517676353,0.014439118094742298,46.63410401344299,0.20674370229244232,0.0,0.02264605276286602,103
SLAKE_STAGE2_BANK16,114,F1,0.027903646230697632,0.0056733014062047005,47.06943917274475,0.16688019037246704,0.0,0.01936334604397416,104
SLAKE_STAGE2_BANK16,114,F1,0.02753276191651821,0.0071356347762048244,47.51224637031555,0.16981194913387299,0.0,0.02062967699021101,105
SLAKE_STAGE2_BANK16,114,F1,0.02734571136534214,0.011913023889064789,47.949095249176025,0.18680177628993988,0.0,0.014763900078833103,106
SLAKE_STAGE2_BANK16,114,F1,0.02684881165623665,0.014417425729334354,48.39361262321472,0.17717696726322174,0.0,0.019460591487586498,107
SLAKE_STAGE2_BANK16,114,F1,0.026486823335289955,0.005479711107909679,48.82751798629761,0.16432258486747742,0.0,0.017057266552001238,108
SLAKE_STAGE2_BANK16,114,F1,0.025999508798122406,0.014288399368524551,49.272250175476074,0.15936841070652008,0.0,0.018436990212649107,109
SLAKE_STAGE2_BANK16,114,F1,0.025638092309236526,0.011801736429333687,49.71821117401123,0.18450765311717987,0.0,0.01309238257817924,110
SLAKE_STAGE2_BANK16,114,F1,0.025163020938634872,0.005492482800036669,50.159669399261475,0.16293469071388245,0.0,0.017468464095145464,111
SLAKE_STAGE2_BANK16,114,F1,0.024535350501537323,0.007163347210735083,50.59636902809143,0.1554924100637436,0.0,0.015726738143712282,112
SLAKE_STAGE2_BANK16,114,F1,0.023921145126223564,0.007175068370997906,51.04194211959839,0.14899574220180511,0.0,0.017222162801772356,113
SLAKE_STAGE2_BANK16,114,F1,0.023586928844451904,0.011748393066227436,51.4870924949646,0.1686793863773346,0.0,0.012119075981900096,114
SLAKE_STAGE2_BANK16,114,F1,0.022889884188771248,0.014095855876803398,51.921194553375244,0.15267212688922882,0.0,0.016329392325133085,115
SLAKE_STAGE2_BANK16,114,F1,0.022435402497649193,0.0053227245807647705,52.36683130264282,0.14292733371257782,0.0,0.014964903704822063,116
SLAKE_STAGE2_BANK16,114,F1,0.021880028769373894,0.011754882521927357,52.8097984790802,0.13991981744766235,0.0,0.016291115898638964,117
SLAKE_STAGE2_BANK16,114,F1,0.021430604159832,0.00718444911763072,53.25735545158386,0.14787614345550537,0.0,0.011478504398837686,118
SLAKE_STAGE2_BANK16,114,F1,0.0208894032984972,0.005274548660963774,53.70287346839905,0.14712589979171753,0.0,0.015521096531301737,119
SLAKE_STAGE2_BANK16,114,F1,0.020352672785520554,0.013851390220224857,54.137030839920044,0.13168072700500488,0.0,0.014238534029573202,120
SLAKE_STAGE2_BANK16,114,F1,0.01992920972406864,0.00717674195766449,54.60254907608032,0.1333218514919281,0.0,0.015556858852505684,121
SLAKE_STAGE2_BANK16,114,F1,0.019535647705197334,0.011776904575526714,55.036314487457275,0.13108302652835846,0.0,0.010958293220028281,122
SLAKE_STAGE2_BANK16,114,F1,0.019140003249049187,0.005370601080358028,55.47997236251831,0.14252352714538574,0.0,0.014683300629258156,123
SLAKE_STAGE2_BANK16,114,F1,0.018750272691249847,0.013894838280975819,55.91557455062866,0.12341374903917313,0.0,0.013395065907388926,124
SLAKE_STAGE2_BANK16,114,F1,0.018483225256204605,0.007287106476724148,56.351295948028564,0.1260274350643158,0.0,0.0145658478140831,125
SLAKE_STAGE2_BANK16,114,F1,0.01807200349867344,0.01185283437371254,56.78841519355774,0.12211713939905167,0.0,0.010205320897512138,126
SLAKE_STAGE2_BANK16,114,F1,0.017693642526865005,0.0051626767963171005,57.23984956741333,0.1349426656961441,0.0,0.013627728447318077,127
SLAKE_STAGE2_BANK16,114,F1,0.017521804198622704,0.013806934468448162,57.68036079406738,0.11579448729753494,0.0,0.012472054921090603,128
SLAKE_STAGE2_BANK16,114,F1,0.017158105969429016,0.005204312037676573,58.128650188446045,0.11810754239559174,0.0,0.01354744378477335,129
SLAKE_STAGE2_BANK16,114,F1,0.016985202208161354,0.007178261876106262,58.57159614562988,0.1174328625202179,0.0,0.009504136512987316,130
SLAKE_STAGE2_BANK16,114,F1,0.01670418493449688,0.013855780474841595,59.017274379730225,0.12617482244968414,0.0,0.012618164997547865,131
SLAKE_STAGE2_BANK16,114,F1,0.01636098511517048,0.011800412088632584,59.45280361175537,0.10824903100728989,0.0,0.011459393426775932,132
SLAKE_STAGE2_BANK16,114,F1,0.016203343868255615,0.0117836594581604,59.89556884765625,0.11083173751831055,0.0,0.012607899494469166,133
SLAKE_STAGE2_BANK16,114,F1,0.015937289223074913,0.005175644997507334,60.32899570465088,0.11387481540441513,0.0,0.008735501323826611,134
SLAKE_STAGE2_BANK16,114,F1,0.015705056488513947,0.0137665756046772,60.76557970046997,0.11737943440675735,0.0,0.011601404286921024,135
SLAKE_STAGE2_BANK16,114,F1,0.015452724881470203,0.007235430181026459,61.20824146270752,0.10268642753362656,0.0,0.01057659019716084,136
SLAKE_STAGE2_BANK16,114,F1,0.015231008641421795,0.005052309483289719,61.64492464065552,0.10357162356376648,0.0,0.011635966133326292,137
SLAKE_STAGE2_BANK16,114,F1,0.015080511569976807,0.011731290258467197,62.08171772956848,0.11095580458641052,0.0,0.008116857032291591,138
SLAKE_STAGE2_BANK16,114,F1,0.014766250737011433,0.013726994395256042,62.535236835479736,0.11101054400205612,0.0,0.010808274149894714,139
SLAKE_STAGE2_BANK16,114,F1,0.014556070789694786,0.00757178571075201,62.97024750709534,0.09750373661518097,0.0,0.00988556514494121,140
SLAKE_STAGE2_BANK16,114,F1,0.01425264123827219,0.007356129586696625,63.428393602371216,0.0981190949678421,0.0,0.010959610808640718,141
SLAKE_STAGE2_BANK16,114,F1,0.014116511680185795,0.005140502471476793,63.876272678375244,0.10500787198543549,0.0,0.007607692037709057,142
SLAKE_STAGE2_BANK16,114,F1,0.013823281042277813,0.013722211122512817,64.32394409179688,0.10616803914308548,0.0,0.010181611403822899,143
SLAKE_STAGE2_BANK16,114,F1,0.01362372376024723,0.011756855994462967,64.7670350074768,0.09204979985952377,0.0,0.009333358844742179,144
SLAKE_STAGE2_BANK16,114,F1,0.01341845653951168,0.013746182434260845,65.20175504684448,0.093510702252388,0.0,0.010358233936131,145
SLAKE_STAGE2_BANK16,114,F1,0.013224721886217594,0.011862503364682198,65.63677430152893,0.09826643019914627,0.0,0.007250149850733578,146
SLAKE_STAGE2_BANK16,114,F1,0.013049405068159103,0.0074307881295681,66.0726330280304,0.10108230262994766,0.0,0.009586620843037963,147
SLAKE_STAGE2_BANK16,114,F1,0.01271822676062584,0.005059872288256884,66.50697326660156,0.08635027706623077,0.0,0.008840588154271245,148
SLAKE_STAGE2_BANK16,114,F1,0.012599686160683632,0.005025000777095556,66.94207096099854,0.08902784436941147,0.0,0.00981195829808712,149
SLAKE_STAGE2_BANK16,114,F1,0.01242239959537983,0.011883950792253017,67.38491296768188,0.09272512793540955,0.0,0.006841738126240671,150
SLAKE_STAGE2_BANK16,114,F1,0.012249666266143322,0.013730253092944622,67.8219747543335,0.0970587506890297,0.0,0.009079309878870845,151
SLAKE_STAGE2_BANK16,114,F1,0.012074043042957783,0.007745504379272461,68.26145195960999,0.08271532505750656,0.0,0.008373091230168939,152
SLAKE_STAGE2_BANK16,114,F1,0.011903967708349228,0.007788095623254776,68.71149706840515,0.0851481631398201,0.0,0.00933374511078,153
SLAKE_STAGE2_BANK16,114,F1,0.011655354872345924,0.011773413978517056,69.15651082992554,0.08709561079740524,0.0,0.006495061214081943,154
SLAKE_STAGE2_BANK16,114,F1,0.011493820697069168,0.01380374375730753,69.60790395736694,0.09320219606161118,0.0,0.008627597708255053,155
SLAKE_STAGE2_BANK16,114,F1,0.011338925920426846,0.005035006441175938,70.05316972732544,0.07837622612714767,0.0,0.007991509512066841,156
SLAKE_STAGE2_BANK16,114,F1,0.011184942908585072,0.00501062348484993,70.48827266693115,0.08135348558425903,0.0,0.008865942480042577,157
SLAKE_STAGE2_BANK16,114,F1,0.011025725863873959,0.011974696069955826,70.93412327766418,0.08281627297401428,0.0,0.006172662484459579,158
SLAKE_STAGE2_BANK16,114,F1,0.010867763310670853,0.007837938144803047,71.36824488639832,0.08846800029277802,0.0,0.00812673312611878,159
SLAKE_STAGE2_BANK16,114,F1,0.010778906755149364,0.013698073104023933,71.81242227554321,0.07513552159070969,0.0,0.007515063975006342,160
SLAKE_STAGE2_BANK16,114,F2,3.8955817222595215,0.008214078843593597,0.7148275375366211,5.762686729431152,2.8469276428222656,0.00012547593360068277,1
SLAKE_STAGE2_BANK16,114,F2,3.803523302078247,0.007780488580465317,1.3293159008026123,5.807645797729492,2.7855546474456787,6.28607358521549e-05,2
SLAKE_STAGE2_BANK16,114,F2,3.713531970977783,0.01540909893810749,1.9459607601165771,5.84216833114624,2.725560188293457,8.01840506028384e-05,3
SLAKE_STAGE2_BANK16,114,F2,3.617572546005249,0.01680903695523739,2.56317138671875,5.866451263427734,2.6615846157073975,7.297285992535762e-05,4
SLAKE_STAGE2_BANK16,114,F2,3.5266106128692627,0.016727790236473083,3.179142713546753,5.878922462463379,2.600942611694336,0.0001282376324525103,5
SLAKE_STAGE2_BANK16,114,F2,3.432587146759033,0.007706114090979099,3.7941436767578125,5.880953311920166,2.538257360458374,6.544346069858875e-05,6
SLAKE_STAGE2_BANK16,114,F2,3.338613510131836,0.007328876759856939,4.411480188369751,5.875089168548584,2.4756064414978027,8.38793275761418e-05,7
SLAKE_STAGE2_BANK16,114,F2,3.242622137069702,0.01447768323123455,5.027380466461182,5.859097480773926,2.411609649658203,7.74230393290054e-05,8
SLAKE_STAGE2_BANK16,114,F2,3.150576591491699,0.01616019755601883,5.651052713394165,5.839339256286621,2.350243330001831,0.00013544917237595655,9
SLAKE_STAGE2_BANK16,114,F2,3.0575859546661377,0.014223607257008553,6.2699573040008545,5.812346935272217,2.2882447242736816,7.110548358468805e-05,10
SLAKE_STAGE2_BANK16,114,F2,2.9683992862701416,0.007589993067085743,6.886618375778198,5.782887935638428,2.228783369064331,9.204441084875725e-05,11
SLAKE_STAGE2_BANK16,114,F2,2.8782896995544434,0.0069190505892038345,7.502115249633789,5.753374099731445,2.168703556060791,8.759461343288422e-05,12
SLAKE_STAGE2_BANK16,114,F2,2.7852280139923096,0.013985219411551952,8.119770050048828,5.720399856567383,2.1066553592681885,0.00015036835247883573,13
SLAKE_STAGE2_BANK16,114,F2,2.6970510482788086,0.006802708841860294,8.735384941101074,5.6911725997924805,2.0478615760803223,8.272722334368154e-05,14
SLAKE_STAGE2_BANK16,114,F2,2.607930898666382,0.007740456610918045,9.35169529914856,5.662304878234863,1.988437294960022,0.00010924809976131655,15
SLAKE_STAGE2_BANK16,114,F2,2.5197761058807373,0.016010642051696777,9.978452682495117,5.635046005249023,1.9296529293060303,0.00010841368930414319,16
SLAKE_STAGE2_BANK16,114,F2,2.4335741996765137,0.007748823147267103,10.595029592514038,5.610379219055176,1.8721669912338257,0.00017845728143583983,17
SLAKE_STAGE2_BANK16,114,F2,2.3454272747039795,0.015942879021167755,11.213817834854126,5.590269088745117,1.8133801221847534,0.00010664492583600804,18
SLAKE_STAGE2_BANK16,114,F2,2.2592661380767822,0.0065427920781075954,11.829137325286865,5.573332786560059,1.7559094429016113,0.00014416945487027988,19
SLAKE_STAGE2_BANK16,114,F2,2.169161796569824,0.013518872670829296,12.445672988891602,5.558141708374023,1.695798397064209,0.00015453714149771258,20
SLAKE_STAGE2_BANK16,114,F2,2.0869898796081543,0.015897447243332863,13.083302974700928,5.549281597137451,1.6409682035446167,0.00024225508968811482,21
SLAKE_STAGE2_BANK16,114,F2,1.9969595670700073,0.01327186357229948,13.699681282043457,5.5458245277404785,1.5808775424957275,0.00015977825387381017,22
SLAKE_STAGE2_BANK16,114,F2,1.910863995552063,0.006460414733737707,14.316553592681885,5.547015190124512,1.5233914852142334,0.00022639379312749952,23
SLAKE_STAGE2_BANK16,114,F2,1.8248530626296997,0.00797408726066351,14.9332115650177,5.5495924949646,1.4659271240234375,0.00027017577667720616,24
SLAKE_STAGE2_BANK16,114,F2,1.73689866065979,0.00790787860751152,15.550772905349731,5.5521016120910645,1.4071235656738281,0.0004054094315506518,25
SLAKE_STAGE2_BANK16,114,F2,1.6529535055160522,0.013181596994400024,16.175080060958862,5.565878868103027,1.3509411811828613,0.0002983814774779603,26
SLAKE_STAGE2_BANK16,114,F2,1.561303973197937,0.006395514123141766,16.795011043548584,5.577852249145508,1.2895084619522095,0.0004470699786907062,27
SLAKE_STAGE2_BANK16,114,F2,1.475616455078125,0.01587686315178871,17.410730123519897,5.5912766456604,1.2319597005844116,0.000607048423262313,28
SLAKE_STAGE2_BANK16,114,F2,1.3862196207046509,0.013122739270329475,18.02764630317688,5.6054582595825195,1.1717413663864136,0.0008871067548170686,29
SLAKE_STAGE2_BANK16,114,F2,1.297073483467102,0.015890205278992653,18.644302129745483,5.623092174530029,1.1114447116851807,0.000704160105669871,30
SLAKE_STAGE2_BANK16,114,F2,1.2063831090927124,0.007848001085221767,19.26100754737854,5.6287522315979,1.0497483015060425,0.0011425349512137473,31
SLAKE_STAGE2_BANK16,114,F2,1.1180907487869263,0.006315187551081181,19.87803030014038,5.6247453689575195,0.9891638159751892,0.0017216383130289614,32
SLAKE_STAGE2_BANK16,114,F2,1.0248609781265259,0.013198183849453926,20.504558563232422,5.605334758758545,0.9244146943092346,0.0024710773723199964,33
SLAKE_STAGE2_BANK16,114,F2,0.9346164464950562,0.007945993915200233,21.120763063430786,5.585608005523682,0.8606209754943848,0.0021004685549996793,34
SLAKE_STAGE2_BANK16,114,F2,0.8440579771995544,0.016174590215086937,21.737858772277832,5.492123603820801,0.7949802279472351,0.0036177249858155847,35
SLAKE_STAGE2_BANK16,114,F2,0.757531464099884,0.0063185375183820724,22.354119062423706,5.348038196563721,0.7299503684043884,0.005870455410331488,36
SLAKE_STAGE2_BANK16,114,F2,0.6705294251441956,0.00796235166490078,22.969568252563477,5.139824390411377,0.6611988544464111,0.008366809459403157,37
SLAKE_STAGE2_BANK16,114,F2,0.586088240146637,0.016265012323856354,23.586082696914673,4.909205913543701,0.5896252989768982,0.007422602968290448,38
SLAKE_STAGE2_BANK16,114,F2,0.5073656439781189,0.013234194368124008,24.2122700214386,4.463898181915283,0.5161367058753967,0.013471112586557865,39
SLAKE_STAGE2_BANK16,114,F2,0.43623247742652893,0.006384761538356543,24.830049514770508,3.886370897293091,0.44013234972953796,0.022404806688427925,40
SLAKE_STAGE2_BANK16,114,F2,0.3705287575721741,0.016583377495408058,25.456538200378418,3.2804434299468994,0.35843324661254883,0.031201129779219627,41
SLAKE_STAGE2_BANK16,114,F2,0.3152633607387543,0.013447518460452557,26.072397232055664,2.8487820625305176,0.275216281414032,0.028272983618080616,42
SLAKE_STAGE2_BANK16,114,F2,0.2693174183368683,0.006392424460500479,26.690119981765747,2.2009074687957764,0.18889278173446655,0.05137021653354168,43
SLAKE_STAGE2_BANK16,114,F2,0.23164276778697968,0.008215928450226784,27.30549120903015,2.0626022815704346,0.10371312499046326,0.0800352469086647,44
SLAKE_STAGE2_BANK16,114,F2,0.19882161915302277,0.016891729086637497,27.9219069480896,2.089556932449341,0.020851433277130127,0.09886464476585388,45
SLAKE_STAGE2_BANK16,114,F2,0.17205065488815308,0.0065846373327076435,28.539868354797363,2.001777410507202,0.0,0.08279742300510406,46
SLAKE_STAGE2_BANK16,114,F2,0.1492459774017334,0.008269790560007095,29.15369725227356,2.6178548336029053,0.0,0.12650461494922638,47
SLAKE_STAGE2_BANK16,114,F2,0.12927912175655365,0.01385416928678751,29.78264307975769,3.456284761428833,0.0339626669883728,0.15442181378602982,48
SLAKE_STAGE2_BANK16,114,F2,0.11332173645496368,0.013866588473320007,30.401977062225342,3.310835838317871,0.06923353672027588,0.16049682348966599,49
SLAKE_STAGE2_BANK16,114,F2,0.10100157558917999,0.008318336680531502,31.01453948020935,2.51218318939209,0.09273824095726013,0.11943656206130981,50
SLAKE_STAGE2_BANK16,114,F2,0.09072257578372955,0.01739816553890705,31.630303621292114,3.0446600914001465,0.10876813530921936,0.1578366607427597,51
SLAKE_STAGE2_BANK16,114,F2,0.0830053836107254,0.006790223531424999,32.24711036682129,3.0625016689300537,0.11447960138320923,0.1562502160668373,52
SLAKE_STAGE2_BANK16,114,F2,0.07746794074773788,0.017447972670197487,32.86349868774414,2.7231383323669434,0.11123570799827576,0.14965694397687912,53
SLAKE_STAGE2_BANK16,114,F2,0.07425744086503983,0.013988920487463474,33.4804904460907,1.8315412998199463,0.10070592164993286,0.1025194488465786,54
SLAKE_STAGE2_BANK16,114,F2,0.07294002920389175,0.006841806694865227,34.09633231163025,2.1202237606048584,0.08590376377105713,0.12440934777259827,55
SLAKE_STAGE2_BANK16,114,F2,0.07384105771780014,0.008294561877846718,34.710411071777344,1.7203704118728638,0.06413653492927551,0.103862464427948,56
SLAKE_STAGE2_BANK16,114,F2,0.07706144452095032,0.013960740529000759,35.327300786972046,1.383259654045105,0.039806067943573,0.09555414691567421,57
SLAKE_STAGE2_BANK16,114,F2,0.08212444931268692,0.006901490036398172,35.94468688964844,0.6642122864723206,0.00869014859199524,0.06128828972578049,58
SLAKE_STAGE2_BANK16,114,F2,0.08850204199552536,0.017293106764554977,36.560240268707275,0.4470615088939667,0.0,0.06989758461713791,59
SLAKE_STAGE2_BANK16,114,F2,0.09623294323682785,0.008246555924415588,37.17516303062439,0.5903941988945007,0.0,0.05318927951157093,60
SLAKE_STAGE2_BANK16,114,F2,0.10266891121864319,0.00689718360081315,37.81308674812317,0.739142894744873,0.0,0.051217738538980484,61
SLAKE_STAGE2_BANK16,114,F2,0.10593312233686447,0.01372663676738739,38.42839860916138,1.0574908256530762,0.0,0.03523135371506214,62
SLAKE_STAGE2_BANK16,114,F2,0.1066972091794014,0.017219867557287216,39.0459463596344,1.4367226362228394,0.004779517650604248,0.04532669484615326,63
SLAKE_STAGE2_BANK16,114,F2,0.10480032861232758,0.008217217400670052,39.66210103034973,1.5553667545318604,0.00148773193359375,0.03808633144944906,64
SLAKE_STAGE2_BANK16,114,F2,0.09981364011764526,0.017280999571084976,40.281601905822754,0.8842591047286987,0.0,0.04318445734679699,65
SLAKE_STAGE2_BANK16,114,F2,0.0933753252029419,0.00813293643295765,40.89377737045288,0.9315222501754761,0.0,0.034354700706899166,66
SLAKE_STAGE2_BANK16,114,F2,0.08554471284151077,0.00679331598803401,41.51150918006897,0.5711691975593567,0.0,0.0500253364443779,67
SLAKE_STAGE2_BANK16,114,F2,0.0779123306274414,0.013621157966554165,42.128342390060425,0.5322670936584473,0.0,0.04509374126791954,68
SLAKE_STAGE2_BANK16,114,F2,0.07060617953538895,0.016888244077563286,42.74470043182373,0.3895115554332733,0.0,0.054103435948491096,69
SLAKE_STAGE2_BANK16,114,F2,0.06396584957838058,0.008138278499245644,43.36058044433594,0.36286792159080505,0.0,0.044947133399546146,70
SLAKE_STAGE2_BANK16,114,F2,0.0582815483212471,0.006731931120157242,43.97782015800476,0.539496123790741,0.0,0.06576432846486568,71
SLAKE_STAGE2_BANK16,114,F2,0.0542776994407177,0.013430701568722725,44.59556221961975,0.4268902540206909,0.0,0.05625373311340809,72
SLAKE_STAGE2_BANK16,114,F2,0.051151249557733536,0.007842479273676872,45.21184682846069,0.9892391562461853,0.0024450719356536865,0.0641883835196495,73
SLAKE_STAGE2_BANK16,114,F2,0.049791861325502396,0.006630291696637869,45.830973386764526,0.364906907081604,0.0,0.04913961514830589,74
SLAKE_STAGE2_BANK16,114,F2,0.048716701567173004,0.013134347274899483,46.44612979888916,0.6705831289291382,0.0,0.0655562300235033,75
SLAKE_STAGE2_BANK16,114,F2,0.04876327887177467,0.016375508159399033,47.06282448768616,0.3918341100215912,0.0,0.05014021694660187,76
SLAKE_STAGE2_BANK16,114,F2,0.049363140016794205,0.006561743561178446,47.67930316925049,0.41914835572242737,0.0,0.05266351439058781,77
SLAKE_STAGE2_BANK16,114,F2,0.0496755987405777,0.007629498839378357,48.29555583000183,0.28935328125953674,0.0,0.03822508919984102,78
SLAKE_STAGE2_BANK16,114,F2,0.0506545752286911,0.016102483496069908,48.91297745704651,0.3842787444591522,0.0,0.04887990467250347,79
SLAKE_STAGE2_BANK16,114,F2,0.05137033015489578,0.012867392972111702,49.529743671417236,0.30208149552345276,0.0,0.03647592477500439,80
SLAKE_STAGE2_BANK16,114,F2,0.05174610763788223,0.007580544333904982,50.17519021034241,0.31046172976493835,0.0,0.03852846659719944,81
SLAKE_STAGE2_BANK16,114,F2,0.0522102490067482,0.012767053209245205,50.79320979118347,0.40438494086265564,0.0,0.028160507325083017,82
SLAKE_STAGE2_BANK16,114,F2,0.05213852971792221,0.006262246984988451,51.41247630119324,0.3286997973918915,0.0,0.03672073408961296,83
SLAKE_STAGE2_BANK16,114,F2,0.05141311511397362,0.015455122105777264,52.036139249801636,0.3838949203491211,0.0,0.028577524237334728,84
SLAKE_STAGE2_BANK16,114,F2,0.05045929178595543,0.015461244620382786,52.65489649772644,0.34786462783813477,0.0,0.03136685863137245,85
SLAKE_STAGE2_BANK16,114,F2,0.04899388179183006,0.006149006076157093,53.27689242362976,0.4197464883327484,0.0,0.023653213400393724,86
SLAKE_STAGE2_BANK16,114,F2,0.047312550246715546,0.007504248525947332,53.90368676185608,0.305561363697052,0.0,0.03206630889326334,87
SLAKE_STAGE2_BANK16,114,F2,0.04568742588162422,0.012418708764016628,54.52688765525818,0.32146885991096497,0.0,0.026297693140804768,88
SLAKE_STAGE2_BANK16,114,F2,0.04365042969584465,0.007326440420001745,55.150322675704956,0.2739175260066986,0.0,0.029562821611762047,89
SLAKE_STAGE2_BANK16,114,F2,0.04171960800886154,0.006081470753997564,55.76813840866089,0.3064769208431244,0.0,0.022815834265202284,90
SLAKE_STAGE2_BANK16,114,F2,0.039632853120565414,0.01516332384198904,56.383100271224976,0.26541343331336975,0.0,0.03152163978666067,91
SLAKE_STAGE2_BANK16,114,F2,0.03816255182027817,0.012214760296046734,57.00139594078064,0.22277718782424927,0.0,0.026378802955150604,92
SLAKE_STAGE2_BANK16,114,F2,0.03626108542084694,0.01498502865433693,57.61945700645447,0.23010876774787903,0.0,0.029567682184278965,93
SLAKE_STAGE2_BANK16,114,F2,0.035090431571006775,0.007277544587850571,58.241811752319336,0.21770615875720978,0.0,0.022461694199591875,94
SLAKE_STAGE2_BANK16,114,F2,0.03376258537173271,0.005862758494913578,58.85998249053955,0.2858024537563324,0.0,0.030776130966842175,95
SLAKE_STAGE2_BANK16,114,F2,0.03285146877169609,0.012048734351992607,59.49693322181702,0.20042666792869568,0.0,0.025617780163884163,96
SLAKE_STAGE2_BANK16,114,F2,0.031910207122564316,0.012044201605021954,60.11246991157532,0.23097042739391327,0.0,0.028169495053589344,97
SLAKE_STAGE2_BANK16,114,F2,0.031328827142715454,0.007154060062021017,60.72743821144104,0.19009165465831757,0.0,0.02076608082279563,98
SLAKE_STAGE2_BANK16,114,F2,0.030658457428216934,0.014712201431393623,61.344196796417236,0.2630115747451782,0.0,0.02755729202181101,99
SLAKE_STAGE2_BANK16,114,F2,0.030308449640870094,0.0056911795400083065,61.96345043182373,0.18630751967430115,0.0,0.023227239027619362,100
SLAKE_STAGE2_BANK16,114,F2,0.0299081914126873,0.012079397216439247,62.611530780792236,0.2002808004617691,0.0,0.02476636040955782,101
SLAKE_STAGE2_BANK16,114,F2,0.029523879289627075,0.007066264748573303,63.22470545768738,0.1842663288116455,0.0,0.01780974492430687,102
SLAKE_STAGE2_BANK16,114,F2,0.029313813894987106,0.014370285905897617,63.84585237503052,0.2146451324224472,0.0,0.023656373843550682,103
SLAKE_STAGE2_BANK16,114,F2,0.028933638706803322,0.0055835312232375145,64.46473169326782,0.172212615609169,0.0,0.02001836011186242,104
SLAKE_STAGE2_BANK16,114,F2,0.028690606355667114,0.007112598977982998,65.08482599258423,0.1756170392036438,0.0,0.021388543769717216,105
SLAKE_STAGE2_BANK16,114,F2,0.028288066387176514,0.011836990714073181,65.70378303527832,0.1947871744632721,0.0,0.015111243119463325,106
SLAKE_STAGE2_BANK16,114,F2,0.027902480214834213,0.014376262202858925,66.32747054100037,0.18226374685764313,0.0,0.02005904261022806,107
SLAKE_STAGE2_BANK16,114,F2,0.027523305267095566,0.0055511086247861385,66.94822692871094,0.1703343689441681,0.0,0.01755787478759885,108
SLAKE_STAGE2_BANK16,114,F2,0.027012888342142105,0.014334142208099365,67.57110786437988,0.16477744281291962,0.0,0.018887639045715332,109
SLAKE_STAGE2_BANK16,114,F2,0.026643764227628708,0.01178716216236353,68.19557118415833,0.19372940063476562,0.0,0.013456840999424458,110
SLAKE_STAGE2_BANK16,114,F2,0.025974538177251816,0.005445136222988367,68.81662392616272,0.16816461086273193,0.0,0.018032557796686888,111
SLAKE_STAGE2_BANK16,114,F2,0.02549593523144722,0.006980349309742451,69.44001770019531,0.160978764295578,0.0,0.01614131173118949,112
SLAKE_STAGE2_BANK16,114,F2,0.025016384199261665,0.0070330179296433926,70.05842304229736,0.15448443591594696,0.0,0.017530393321067095,113
SLAKE_STAGE2_BANK16,114,F2,0.024388249963521957,0.011696805246174335,70.67499804496765,0.1750141978263855,0.0,0.012474751565605402,114
SLAKE_STAGE2_BANK16,114,F2,0.023753760382533073,0.014131170697510242,71.29302906990051,0.1577645242214203,0.0,0.016860580537468195,115
SLAKE_STAGE2_BANK16,114,F2,0.02330360934138298,0.0054484084248542786,71.91715908050537,0.1474001705646515,0.0,0.015247004572302103,116
SLAKE_STAGE2_BANK16,114,F2,0.022629594430327415,0.011761394329369068,72.54481554031372,0.1431460678577423,0.0,0.01667693303897977,117
SLAKE_STAGE2_BANK16,114,F2,0.02203630656003952,0.007107313722372055,73.16994833946228,0.15082602202892303,0.0,0.0118803430814296,118
SLAKE_STAGE2_BANK16,114,F2,0.021477550268173218,0.005256496835500002,73.7946548461914,0.15150542557239532,0.0,0.01599506987258792,119
SLAKE_STAGE2_BANK16,114,F2,0.020931951701641083,0.01385468803346157,74.41926550865173,0.13388271629810333,0.0,0.014578490518033504,120
SLAKE_STAGE2_BANK16,114,F2,0.02064931020140648,0.007039257790893316,75.07621502876282,0.13600820302963257,0.0,0.01590391853824258,121
SLAKE_STAGE2_BANK16,114,F2,0.020211603492498398,0.011783111840486526,75.70262145996094,0.13552379608154297,0.0,0.011321694124490023,122
SLAKE_STAGE2_BANK16,114,F2,0.019700704142451286,0.005255995783954859,76.32932424545288,0.14731182157993317,0.0,0.015165165532380342,123
SLAKE_STAGE2_BANK16,114,F2,0.019276201725006104,0.013754069805145264,76.95032668113708,0.12569443881511688,0.0,0.013832541648298502,124
SLAKE_STAGE2_BANK16,114,F2,0.01899089105427265,0.00709919398650527,77.58099436759949,0.1291874200105667,0.0,0.014996005222201347,125
SLAKE_STAGE2_BANK16,114,F2,0.01873261295258999,0.011752390302717686,78.20166349411011,0.12624257802963257,0.0,0.010587063618004322,126
SLAKE_STAGE2_BANK16,114,F2,0.018322667106986046,0.0052454303950071335,78.82863259315491,0.13968737423419952,0.0,0.014137704391032457,127
SLAKE_STAGE2_BANK16,114,F2,0.017946122214198112,0.013819674029946327,79.45018935203552,0.11762311309576035,0.0,0.012750222813338041,128
SLAKE_STAGE2_BANK16,114,F2,0.017687246203422546,0.005215213634073734,80.07363963127136,0.12127429991960526,0.0,0.013941767625510693,129
SLAKE_STAGE2_BANK16,114,F2,0.017477896064519882,0.007329064421355724,80.69401526451111,0.12040335685014725,0.0,0.009796650032512844,130
SLAKE_STAGE2_BANK16,114,F2,0.017149029299616814,0.013795147649943829,81.31701159477234,0.13031220436096191,0.0,0.013039004523307085,131
SLAKE_STAGE2_BANK16,114,F2,0.01694631576538086,0.011801165528595448,81.93898844718933,0.11100631952285767,0.0,0.011749554891139269,132
SLAKE_STAGE2_BANK16,114,F2,0.016624080017209053,0.01184944249689579,82.57081723213196,0.11334262788295746,0.0,0.012904688715934753,133
SLAKE_STAGE2_BANK16,114,F2,0.016447626054286957,0.005137963220477104,83.19398975372314,0.11710359156131744,0.0,0.008994282688945532,134
SLAKE_STAGE2_BANK16,114,F2,0.0161775853484869,0.013852355070412159,83.8131935596466,0.1207422986626625,0.0,0.011949857231229544,135
SLAKE_STAGE2_BANK16,114,F2,0.016021473333239555,0.007405447773635387,84.43945074081421,0.10592254251241684,0.0,0.010833785869181156,136
SLAKE_STAGE2_BANK16,114,F2,0.01578209549188614,0.00511710112914443,85.0652596950531,0.1063060536980629,0.0,0.011903481557965279,137
SLAKE_STAGE2_BANK16,114,F2,0.015536149963736534,0.011749954894185066,85.6823148727417,0.11461912840604782,0.0,0.008292927057482302,138
SLAKE_STAGE2_BANK16,114,F2,0.015213991515338421,0.013725991360843182,86.30573654174805,0.11381947249174118,0.0,0.011113027110695839,139
SLAKE_STAGE2_BANK16,114,F2,0.01501232199370861,0.0074615865014493465,86.92571973800659,0.10008558630943298,0.0,0.010103604523465037,140
SLAKE_STAGE2_BANK16,114,F2,0.0147818922996521,0.0074406033381819725,87.56470012664795,0.10045274347066879,0.0,0.011159098241478205,141
SLAKE_STAGE2_BANK16,114,F2,0.014542540535330772,0.005054380279034376,88.1892957687378,0.10835500806570053,0.0,0.007778256549499929,142
SLAKE_STAGE2_BANK16,114,F2,0.014270012266933918,0.013660221360623837,88.81649327278137,0.10786677151918411,0.0,0.010395693127065897,143
SLAKE_STAGE2_BANK16,114,F2,0.013980329968035221,0.011926263570785522,89.44233870506287,0.0938342958688736,0.0,0.009540764382109046,144
SLAKE_STAGE2_BANK16,114,F2,0.013778072781860828,0.013692852109670639,90.0638484954834,0.09515174478292465,0.0,0.010532999411225319,145
SLAKE_STAGE2_BANK16,114,F2,0.013642868958413601,0.01187110599130392,90.689781665802,0.10144392400979996,0.0,0.007406081189401448,146
SLAKE_STAGE2_BANK16,114,F2,0.013394055888056755,0.0075914328917860985,91.32199883460999,0.10346021503210068,0.0,0.009841864695772529,147
SLAKE_STAGE2_BANK16,114,F2,0.01309950090944767,0.005028100218623877,91.94958806037903,0.08853190392255783,0.0,0.00901458808220923,148
SLAKE_STAGE2_BANK16,114,F2,0.01292763277888298,0.004964998923242092,92.57333016395569,0.09099230915307999,0.0,0.010039194952696562,149
SLAKE_STAGE2_BANK16,114,F2,0.012731265276670456,0.01190208736807108,93.20261812210083,0.09430130571126938,0.0,0.007038224954158068,150
SLAKE_STAGE2_BANK16,114,F2,0.012481258250772953,0.013682571239769459,93.83098816871643,0.100111223757267,0.0,0.00937934243120253,151
SLAKE_STAGE2_BANK16,114,F2,0.012292420491576195,0.00746327918022871,94.4546411037445,0.08387156575918198,0.0,0.00856586522422731,152
SLAKE_STAGE2_BANK16,114,F2,0.012191595509648323,0.007691954728215933,95.0760989189148,0.08681463450193405,0.0,0.009535917546600103,153
SLAKE_STAGE2_BANK16,114,F2,0.012017985805869102,0.011855939403176308,95.69087386131287,0.0901021659374237,0.0,0.006614160491153598,154
SLAKE_STAGE2_BANK16,114,F2,0.011847179383039474,0.013630203902721405,96.30870461463928,0.09480597823858261,0.0,0.008819488808512688,155
SLAKE_STAGE2_BANK16,114,F2,0.011679715476930141,0.005001119337975979,96.93462085723877,0.08034899085760117,0.0,0.008142909733578563,156
SLAKE_STAGE2_BANK16,114,F2,0.011515405029058456,0.004960224963724613,97.57089114189148,0.08311554789543152,0.0,0.009071462089195848,157
SLAKE_STAGE2_BANK16,114,F2,0.01135825365781784,0.011913802474737167,98.19544672966003,0.08551740646362305,0.0,0.006272654980421066,158
SLAKE_STAGE2_BANK16,114,F2,0.01118322741240263,0.007693111896514893,98.820241689682,0.09076440334320068,0.0,0.00835974863730371,159
SLAKE_STAGE2_BANK16,114,F2,0.011036192998290062,0.013646264560520649,99.44095516204834,0.07652813196182251,0.0,0.007694463012740016,160
SLAKE_STAGE2_BANK16,116,F0,0.0,0.0,0.590409517288208,0.0003110004763584584,0.0,6.413154005713295e-05,1
SLAKE_STAGE2_BANK16,116,F0,0.0,0.0,0.879249095916748,0.00012854632223024964,0.0,3.588126492104493e-05,2
SLAKE_STAGE2_BANK16,116,F0,0.0,0.0,1.161820411682129,0.0002839263470377773,0.0,3.9409576856996864e-05,3
SLAKE_STAGE2_BANK16,116,F0,0.0,0.0,1.4438092708587646,0.00012573006097227335,0.0,3.621502037276514e-05,4
SLAKE_STAGE2_BANK16,116,F0,0.0,0.0,1.6643049716949463,0.0002655519056133926,0.0,5.882725054107141e-05,5
SLAKE_STAGE2_BANK16,116,F0,0.0,0.0,1.8900697231292725,0.00012454530224204063,0.0,3.3652129786787555e-05,6
SLAKE_STAGE2_BANK16,116,F0,0.0,0.0,2.1074862480163574,0.00016256084199994802,0.0,3.551165355020203e-05,7
SLAKE_STAGE2_BANK16,116,F0,0.0,0.0,2.323350191116333,0.00012087173672625795,0.0,3.422430745558813e-05,8
SLAKE_STAGE2_BANK16,116,F0,0.0,0.0,2.542860746383667,0.000266933609964326,0.0,5.624060577247292e-05,9
SLAKE_STAGE2_BANK16,116,F0,0.0,0.0,2.769886016845703,0.00012150937982369214,0.0,3.2424324672319926e-05,10
SLAKE_STAGE2_BANK16,116,F0,0.0,0.0,2.991722822189331,0.00013697058602701873,0.0,3.406929954508087e-05,11
SLAKE_STAGE2_BANK16,116,F0,0.0,0.0,3.2101938724517822,0.00011633707617875189,0.0,3.333027780172415e-05,12
SLAKE_STAGE2_BANK16,116,F0,0.0,0.0,3.435960292816162,0.00027263950323686004,0.0,5.510819482879015e-05,13
SLAKE_STAGE2_BANK16,116,F0,0.0,0.0,3.654799461364746,0.0001272683875868097,0.0,3.223360090487404e-05,14
SLAKE_STAGE2_BANK16,116,F0,0.0,0.0,3.879908561706543,0.00013658995158039033,0.0,3.369977548572933e-05,15
SLAKE_STAGE2_BANK16,116,F0,0.0,0.0,4.095058917999268,0.00011656794231384993,0.0,3.3449493457737844e-05,16
SLAKE_STAGE2_BANK16,116,F0,0.0,0.0,4.31372594833374,0.00026640636497177184,0.0,5.492944910656661e-05,17
SLAKE_STAGE2_BANK16,116,F0,0.0,0.0,4.533149719238281,0.00012817374954465777,0.0,3.291307621111628e-05,18
SLAKE_STAGE2_BANK16,116,F0,0.0,0.0,4.759458780288696,0.00015237604384310544,0.0,3.482030479062814e-05,19
SLAKE_STAGE2_BANK16,116,F0,0.0,0.0,4.970262289047241,0.00012031225924147293,0.0,3.417665539018344e-05,20
SLAKE_STAGE2_BANK16,116,F0,0.0,0.0,5.214537143707275,0.0002945692103821784,0.0,5.593078276433516e-05,21
SLAKE_STAGE2_BANK16,116,F0,0.0,0.0,5.432436227798462,0.00013499158376362175,0.0,3.42600978910923e-05,22
SLAKE_STAGE2_BANK16,116,F0,0.0,0.0,5.658679962158203,0.0001830357068683952,0.0,3.6942135920980945e-05,23
SLAKE_STAGE2_BANK16,116,F0,0.0,0.0,5.874113321304321,0.0001253133377758786,0.0,3.573825233615935e-05,24
SLAKE_STAGE2_BANK16,116,F0,0.0,0.0,6.091987371444702,0.0003051752573810518,0.0,5.765923378930893e-05,25
SLAKE_STAGE2_BANK16,116,F0,0.0,0.0,6.315014839172363,0.0001424844522261992,0.0,3.5893210224458016e-05,26
SLAKE_STAGE2_BANK16,116,F0,0.0,0.0,6.528251647949219,0.00021879411360714585,0.0,3.898051545547787e-05,27
SLAKE_STAGE2_BANK16,116,F0,0.0,0.0,6.743048906326294,0.00013446493539959192,0.0,3.712103170983028e-05,28
SLAKE_STAGE2_BANK16,116,F0,0.0,0.0,6.960773706436157,0.00030705478275194764,0.0,5.88870116189355e-05,29
SLAKE_STAGE2_BANK16,116,F0,0.0,0.0,7.17318868637085,0.00015070807421579957,0.0,3.727599141711835e-05,30
SLAKE_STAGE2_BANK16,116,F0,0.0,0.0,7.394545316696167,0.00021975273557472974,0.0,4.095930307812523e-05,31
SLAKE_STAGE2_BANK16,116,F0,0.0,0.0,7.618821859359741,0.00014290334365796298,0.0,3.907599239028059e-05,32
SLAKE_STAGE2_BANK16,116,F0,0.0,0.0,7.834259986877441,0.000362680439138785,0.0,6.10802981100278e-05,33
SLAKE_STAGE2_BANK16,116,F0,0.0,0.0,8.05270767211914,0.00015908273053355515,0.0,3.8885260437382385e-05,34
SLAKE_STAGE2_BANK16,116,F0,0.0,0.0,8.268630027770996,0.00023151954519562423,0.0,4.272352089174092e-05,35
SLAKE_STAGE2_BANK16,116,F0,0.0,0.0,8.48609972000122,0.00014606944750994444,0.0,4.0709093809709884e-05,36
SLAKE_STAGE2_BANK16,116,F0,0.0,0.0,8.707680940628052,0.0003515251446515322,0.0,6.264182229642756e-05,37
SLAKE_STAGE2_BANK16,116,F0,0.0,0.0,8.930200815200806,0.00016966616385616362,0.0,4.0363394873565994e-05,38
SLAKE_STAGE2_BANK16,116,F0,0.0,0.0,9.152303457260132,0.0002632790128700435,0.0,4.4833426727564074e-05,39
SLAKE_STAGE2_BANK16,116,F0,0.0,0.0,9.374792098999023,0.00015012349467724562,0.0,4.246139542374294e-05,40
SLAKE_STAGE2_BANK16,116,F0,0.0,0.0,9.629080533981323,0.0004254654631949961,0.0,6.450134969782084e-05,41
SLAKE_STAGE2_BANK16,116,F0,0.0,0.0,9.841429710388184,0.0001725576730677858,0.0,4.2068009861395694e-05,42
SLAKE_STAGE2_BANK16,116,F0,0.0,0.0,10.053345680236816,0.0002539268753025681,0.0,4.681220161728561e-05,43
SLAKE_STAGE2_BANK16,116,F0,0.0,0.0,10.269030809402466,0.00015357465599663556,0.0,4.4118323785369284e-05,44
SLAKE_STAGE2_BANK16,116,F0,0.0,0.0,10.48760724067688,0.00039384528645314276,0.0,6.568147364305332e-05,45
SLAKE_STAGE2_BANK16,116,F0,0.0,0.0,10.702775716781616,0.00017571552598383278,0.0,4.3486530557856895e-05,46
SLAKE_STAGE2_BANK16,116,F0,0.0,0.0,10.922386884689331,0.0002951626374851912,0.0,4.856447412748821e-05,47
SLAKE_STAGE2_BANK16,116,F0,0.0,0.0,11.136087417602539,0.00015413119399454445,0.0,4.527459532255307e-05,48
SLAKE_STAGE2_BANK16,116,F0,0.0,0.0,11.354630947113037,0.00042274955194443464,0.0,6.552659397129901e-05,49
SLAKE_STAGE2_BANK16,116,F0,0.0,0.0,11.579164505004883,0.00017587731417734176,0.0,4.3987178287352435e-05,50
SLAKE_STAGE2_BANK16,116,F0,0.0,0.0,11.79930305480957,0.00029237137641757727,0.0,4.906511458102614e-05,51
SLAKE_STAGE2_BANK16,116,F0,0.0,0.0,12.018845558166504,0.00015758762310724705,0.0,4.571563476929441e-05,52
SLAKE_STAGE2_BANK16,116,F0,0.0,0.0,12.235941886901855,0.0003566117084119469,0.0,6.475184818555135e-05,53
SLAKE_STAGE2_BANK16,116,F0,0.0,0.0,12.455545425415039,0.00017208333883900195,0.0,4.475006790016778e-05,54
SLAKE_STAGE2_BANK16,116,F0,0.0,0.0,12.670125722885132,0.00027862429851666093,0.0,4.9291593313682824e-05,55
SLAKE_STAGE2_BANK16,116,F0,0.0,0.0,12.886729717254639,0.00018126156646758318,0.0,4.684805026045069e-05,56
SLAKE_STAGE2_BANK16,116,F0,0.0,0.0,13.10422420501709,0.0003650000144261867,0.0,6.481147647718899e-05,57
SLAKE_STAGE2_BANK16,116,F0,0.0,0.0,13.326715230941772,0.00017782332724891603,0.0,4.4797738155466504e-05,58
SLAKE_STAGE2_BANK16,116,F0,0.0,0.0,13.548962831497192,0.00026094901841133833,0.0,4.836180232814513e-05,59
SLAKE_STAGE2_BANK16,116,F0,0.0,0.0,13.770305395126343,0.00019524719391483814,0.0,4.6132816351018846e-05,60
SLAKE_STAGE2_BANK16,116,F0,0.0,0.0,13.997692108154297,0.00031312197097577155,0.0,6.355987352435477e-05,61
SLAKE_STAGE2_BANK16,116,F0,0.0,0.0,14.216695070266724,0.00017693611152935773,0.0,4.3927542719757184e-05,62
SLAKE_STAGE2_BANK16,116,F0,0.0,0.0,14.430585861206055,0.0002161520387744531,0.0,4.6812183427391574e-05,63
SLAKE_STAGE2_BANK16,116,F0,0.0,0.0,14.649187564849854,0.0001856165035860613,0.0,4.620433537638746e-05,64
SLAKE_STAGE2_BANK16,116,F0,0.0,0.0,14.873440504074097,0.0003522727347444743,0.0,6.409626075765118e-05,65
SLAKE_STAGE2_BANK16,116,F0,0.0,0.0,15.091120958328247,0.00018230518617201596,0.0,4.420171171659604e-05,66
SLAKE_STAGE2_BANK16,116,F0,0.0,0.0,15.309557437896729,0.00021711159206461161,0.0,4.654994154407177e-05,67
SLAKE_STAGE2_BANK16,116,F0,0.0,0.0,15.529314756393433,0.00019032043928746134,0.0,4.646659181162249e-05,68
SLAKE_STAGE2_BANK16,116,F0,0.0,0.0,15.744127035140991,0.00036143322358839214,0.0,6.56577649351675e-05,69
SLAKE_STAGE2_BANK16,116,F0,0.0,0.0,15.963488340377808,0.00018764262495096773,0.0,4.5203016270534135e-05,70
SLAKE_STAGE2_BANK16,116,F0,0.0,0.0,16.17918038368225,0.00022492461721412838,0.0,4.7777733925613575e-05,71
SLAKE_STAGE2_BANK16,116,F0,0.0,0.0,16.397577047348022,0.00018747658759821206,0.0,4.812352926819585e-05,72
SLAKE_STAGE2_BANK16,116,F0,0.0,0.0,16.609996795654297,0.0004084385000169277,0.0,6.820867201895453e-05,73
SLAKE_STAGE2_BANK16,116,F0,0.0,0.0,16.828683853149414,0.0002132527151843533,0.0,4.706259824160952e-05,74
SLAKE_STAGE2_BANK16,116,F0,0.0,0.0,17.05485725402832,0.0002651335671544075,0.0,4.955385702487547e-05,75
SLAKE_STAGE2_BANK16,116,F0,0.0,0.0,17.271942377090454,0.0002296716847922653,0.0,4.98758236062713e-05,76
SLAKE_STAGE2_BANK16,116,F0,0.0,0.0,17.48858141899109,0.0004348612856119871,0.0,6.959135134820826e-05,77
SLAKE_STAGE2_BANK16,116,F0,0.0,0.0,17.710413217544556,0.00019198893278371543,0.0,4.708644701167941e-05,78
SLAKE_STAGE2_BANK16,116,F0,0.0,0.0,17.93263053894043,0.00020558989490382373,0.0,4.8338011765736155e-05,79
SLAKE_STAGE2_BANK16,116,F0,0.0,0.0,18.156010150909424,0.000237673768424429,0.0,5.0042699513142e-05,80
SLAKE_STAGE2_BANK16,116,F0,0.0,0.0,18.398038625717163,0.0004164781712461263,0.0,6.90310826030327e-05,81
SLAKE_STAGE2_BANK16,116,F0,0.0,0.0,18.620684146881104,0.00018883979646489024,0.0,4.6359305997611955e-05,82
SLAKE_STAGE2_BANK16,116,F0,0.0,0.0,18.83609366416931,0.00019348830392118543,0.0,4.762280332215596e-05,83
SLAKE_STAGE2_BANK16,116,F0,0.0,0.0,19.05419421195984,0.00024468646734021604,0.0,5.035263347963337e-05,84
SLAKE_STAGE2_BANK16,116,F0,0.0,0.0,19.269827365875244,0.00045831018360331655,0.0,6.925755224074237e-05,85
SLAKE_STAGE2_BANK16,116,F0,0.0,0.0,19.487459421157837,0.00017908269364852458,0.0,4.639506914827507e-05,86
SLAKE_STAGE2_BANK16,116,F0,0.0,0.0,19.7022225856781,0.00018255924805998802,0.0,4.707446714746766e-05,87
SLAKE_STAGE2_BANK16,116,F0,0.0,0.0,19.921624660491943,0.00021835064399056137,0.0,5.032880108046811e-05,88
SLAKE_STAGE2_BANK16,116,F0,0.0,0.0,20.138404846191406,0.0005696187145076692,0.0,7.031841960269958e-05,89
SLAKE_STAGE2_BANK16,116,F0,0.0,0.0,20.358074426651,0.0001813452399801463,0.0,4.624010034603998e-05,90
SLAKE_STAGE2_BANK16,116,F0,0.0,0.0,20.573214769363403,0.00018756774079520255,0.0,4.711022484116256e-05,91
SLAKE_STAGE2_BANK16,116,F0,0.0,0.0,20.7919659614563,0.00021583191119134426,0.0,5.080561641079839e-05,92
SLAKE_STAGE2_BANK16,116,F0,0.0,0.0,21.01028871536255,0.0005291132256388664,0.0,6.965094507904723e-05,93
SLAKE_STAGE2_BANK16,116,F0,0.0,0.0,21.23468041419983,0.00017206728807650506,0.0,4.645466833608225e-05,94
SLAKE_STAGE2_BANK16,116,F0,0.0,0.0,21.453370809555054,0.00018519384320825338,0.0,4.7443994844798e-05,95
SLAKE_STAGE2_BANK16,116,F0,0.0,0.0,21.67035484313965,0.00023346775560639799,0.0,5.133011109137442e-05,96
SLAKE_STAGE2_BANK16,116,F0,0.0,0.0,21.89163064956665,0.0005502756685018539,0.0,6.988937457208522e-05,97
SLAKE_STAGE2_BANK16,116,F0,0.0,0.0,22.111287355422974,0.00019112697918899357,0.0,4.6895715058781207e-05,98
SLAKE_STAGE2_BANK16,116,F0,0.0,0.0,22.329788208007812,0.00018224593077320606,0.0,4.7944646212272346e-05,99
SLAKE_STAGE2_BANK16,116,F0,0.0,0.0,22.548105001449585,0.00024593540001660585,0.0,5.164003050595056e-05,100
SLAKE_STAGE2_BANK16,116,F0,0.0,0.0,22.774642944335938,0.0005053439526818693,0.0,6.913844117661938e-05,101
SLAKE_STAGE2_BANK16,116,F0,0.0,0.0,22.992006063461304,0.000173053631442599,0.0,4.6609635319327936e-05,102
SLAKE_STAGE2_BANK16,116,F0,0.0,0.0,23.216376543045044,0.00018409259791951627,0.0,4.784928933077026e-05,103
SLAKE_STAGE2_BANK16,116,F0,0.0,0.0,23.43294620513916,0.00022809770598541945,0.0,5.15208321303362e-05,104
SLAKE_STAGE2_BANK16,116,F0,0.0,0.0,23.658339738845825,0.00045682647032663226,0.0,6.949602902750485e-05,105
SLAKE_STAGE2_BANK16,116,F0,0.0,0.0,23.876810789108276,0.00017234802362509072,0.0,4.6895724153728224e-05,106
SLAKE_STAGE2_BANK16,116,F0,0.0,0.0,24.092461824417114,0.00018796489166561514,0.0,4.8981732106767595e-05,107
SLAKE_STAGE2_BANK16,116,F0,0.0,0.0,24.30732011795044,0.0002118128613801673,0.0,5.223605694482103e-05,108
SLAKE_STAGE2_BANK16,116,F0,0.0,0.0,24.526580572128296,0.000570932577829808,0.0,7.061651012918446e-05,109
SLAKE_STAGE2_BANK16,116,F0,0.0,0.0,24.741654872894287,0.00016859060269780457,0.0,4.737254676001612e-05,110
SLAKE_STAGE2_BANK16,116,F0,0.0,0.0,24.960606813430786,0.00018159548926632851,0.0,4.976847776561044e-05,111
SLAKE_STAGE2_BANK16,116,F0,0.0,0.0,25.18527841567993,0.00021363477571867406,0.0,5.2629426136263646e-05,112
SLAKE_STAGE2_BANK16,116,F0,0.0,0.0,25.39965319633484,0.0005230908864177763,0.0,7.050924978102557e-05,113
SLAKE_STAGE2_BANK16,116,F0,0.0,0.0,25.617027044296265,0.00018992555851582438,0.0,4.801624163519591e-05,114
SLAKE_STAGE2_BANK16,116,F0,0.0,0.0,25.84063720703125,0.0001939294597832486,0.0,5.118698572914582e-05,115
SLAKE_STAGE2_BANK16,116,F0,0.0,0.0,26.05630588531494,0.00020734613644890487,0.0,5.2867831982439384e-05,116
SLAKE_STAGE2_BANK16,116,F0,0.0,0.0,26.27580499649048,0.00046877606655471027,0.0,7.052122600725852e-05,117
SLAKE_STAGE2_BANK16,116,F0,0.0,0.0,26.490473985671997,0.00019542555673979223,0.0,4.905331115878653e-05,118
SLAKE_STAGE2_BANK16,116,F0,0.0,0.0,26.70845890045166,0.00020754258730448782,0.0,5.31299792783102e-05,119
SLAKE_STAGE2_BANK16,116,F0,0.0,0.0,26.927863836288452,0.0002146156330127269,0.0,5.41313875146443e-05,120
SLAKE_STAGE2_BANK16,116,F0,0.0,0.0,27.165223836898804,0.0004904415691271424,0.0,7.19039780960884e-05,121
SLAKE_STAGE2_BANK16,116,F0,0.0,0.0,27.38277506828308,0.00019908769172616303,0.0,5.075791523267981e-05,122
SLAKE_STAGE2_BANK16,116,F0,0.0,0.0,27.607741355895996,0.00024211700656451285,0.0,5.541866266867146e-05,123
SLAKE_STAGE2_BANK16,116,F0,0.0,0.0,27.83163547515869,0.00021153679699636996,0.0,5.6420074542984366e-05,124
SLAKE_STAGE2_BANK16,116,F0,0.0,0.0,28.046191215515137,0.000554604222998023,0.0,7.407343400700483e-05,125
SLAKE_STAGE2_BANK16,116,F0,0.0,0.0,28.26399803161621,0.00020587767357937992,0.0,5.266515290713869e-05,126
SLAKE_STAGE2_BANK16,116,F0,0.0,0.0,28.48346781730652,0.0002706396917346865,0.0,5.727821189793758e-05,127
SLAKE_STAGE2_BANK16,116,F0,0.0,0.0,28.70783305168152,0.00021637383906636387,0.0,5.730216253141407e-05,128
SLAKE_STAGE2_BANK16,116,F0,0.0,0.0,28.930978059768677,0.0005041726399213076,0.0,7.402575283776969e-05,129
SLAKE_STAGE2_BANK16,116,F0,0.0,0.0,29.15054750442505,0.00020142314315307885,0.0,5.258170494926162e-05,130
SLAKE_STAGE2_BANK16,116,F0,0.0,0.0,29.365812301635742,0.0002435365313431248,0.0,5.6384194976999424e-05,131
SLAKE_STAGE2_BANK16,116,F0,0.0,0.0,29.579836130142212,0.00023602263536304235,0.0,5.713525752071291e-05,132
SLAKE_STAGE2_BANK16,116,F0,0.0,0.0,29.799055814743042,0.0004930773284286261,0.0,7.279796227521729e-05,133
SLAKE_STAGE2_BANK16,116,F0,0.0,0.0,30.021487712860107,0.00020044219854753464,0.0,5.163997775525786e-05,134
SLAKE_STAGE2_BANK16,116,F0,0.0,0.0,30.241864919662476,0.0002171924861613661,0.0,5.521600542124361e-05,135
SLAKE_STAGE2_BANK16,116,F0,0.0,0.0,30.46583366394043,0.00020721196779049933,0.0,5.544256418943405e-05,136
SLAKE_STAGE2_BANK16,116,F0,0.0,0.0,30.687447786331177,0.0004394715651869774,0.0,7.086691584845539e-05,137
SLAKE_STAGE2_BANK16,116,F0,0.0,0.0,30.910813093185425,0.00018794272909872234,0.0,5.112739381729625e-05,138
SLAKE_STAGE2_BANK16,116,F0,0.0,0.0,31.13231325149536,0.00022465980146080256,0.0,5.447694275062531e-05,139
SLAKE_STAGE2_BANK16,116,F0,0.0,0.0,31.355469942092896,0.00020882984972558916,0.0,5.5335283832391724e-05,140
SLAKE_STAGE2_BANK16,116,F0,0.0,0.0,31.583531856536865,0.00046118293539620936,0.0,7.078348244249355e-05,141
SLAKE_STAGE2_BANK16,116,F0,0.0,0.0,31.808088541030884,0.00019287012401036918,0.0,5.1258515668450855e-05,142
SLAKE_STAGE2_BANK16,116,F0,0.0,0.0,32.03096890449524,0.00023142695135902613,0.0,5.466766197059769e-05,143
SLAKE_STAGE2_BANK16,116,F0,0.0,0.0,32.25421071052551,0.00021175065194256604,0.0,5.473927558341529e-05,144
SLAKE_STAGE2_BANK16,116,F0,0.0,0.0,32.471887826919556,0.00047943968093022704,0.0,7.01994176779408e-05,145
SLAKE_STAGE2_BANK16,116,F0,0.0,0.0,32.69185709953308,0.00019496535242069513,0.0,5.1079723561997525e-05,146
SLAKE_STAGE2_BANK16,116,F0,0.0,0.0,32.90944027900696,0.00025303877191618085,0.0,5.475110265251715e-05,147
SLAKE_STAGE2_BANK16,116,F0,0.0,0.0,33.12342858314514,0.000219301538891159,0.0,5.5299524319707416e-05,148
SLAKE_STAGE2_BANK16,116,F0,0.0,0.0,33.3443067073822,0.0004477267502807081,0.0,7.064046621962916e-05,149
SLAKE_STAGE2_BANK16,116,F0,0.0,0.0,33.56276750564575,0.0002175106928916648,0.0,5.177109778742306e-05,150
SLAKE_STAGE2_BANK16,116,F0,0.0,0.0,33.78878116607666,0.00024193027638830245,0.0,5.4965670642559417e-05,151
SLAKE_STAGE2_BANK16,116,F0,0.0,0.0,34.0094633102417,0.00021971856767777354,0.0,5.591936860582791e-05,152
SLAKE_STAGE2_BANK16,116,F0,0.0,0.0,34.23185157775879,0.0004457397444639355,0.0,7.040207856334746e-05,153
SLAKE_STAGE2_BANK16,116,F0,0.0,0.0,34.45422291755676,0.00020798093464691192,0.0,5.264126957627013e-05,154
SLAKE_STAGE2_BANK16,116,F0,0.0,0.0,34.6703360080719,0.0002369726717006415,0.0,5.501335363078397e-05,155
SLAKE_STAGE2_BANK16,116,F0,0.0,0.0,34.88752841949463,0.00022512703435495496,0.0,5.717097155866213e-05,156
SLAKE_STAGE2_BANK16,116,F0,0.0,0.0,35.109729528427124,0.0005312518333084881,0.0,7.137949069146998e-05,157
SLAKE_STAGE2_BANK16,116,F0,0.0,0.0,35.33253073692322,0.00020208668138366193,0.0,5.314190093486104e-05,158
SLAKE_STAGE2_BANK16,116,F0,0.0,0.0,35.551687479019165,0.00023710305686108768,0.0,5.451269680634141e-05,159
SLAKE_STAGE2_BANK16,116,F0,0.0,0.0,35.776854038238525,0.00025614729383960366,0.0,5.75881695112912e-05,160
SLAKE_STAGE2_BANK16,116,F1,5.156553268432617,0.2707219123840332,0.6666207313537598,5.183444499969482,0.0,6.413154005713295e-05,1
SLAKE_STAGE2_BANK16,116,F1,5.067266464233398,0.019289586693048477,1.2503976821899414,5.185933589935303,0.0,3.7693163903895766e-05,2
SLAKE_STAGE2_BANK16,116,F1,4.977072715759277,0.5107202529907227,1.9783484935760498,5.201341152191162,0.0,4.212744715914596e-05,3
SLAKE_STAGE2_BANK16,116,F1,4.889404773712158,0.06989242136478424,2.5647740364074707,5.204250812530518,0.0,4.1328858060296625e-05,4
SLAKE_STAGE2_BANK16,116,F1,4.797699928283691,0.06813783198595047,3.0005459785461426,5.211466312408447,0.0,6.808906073274557e-05,5
SLAKE_STAGE2_BANK16,116,F1,4.710868835449219,0.019601477310061455,3.433685779571533,5.221810817718506,0.0,4.2830790334846824e-05,6
SLAKE_STAGE2_BANK16,116,F1,4.620854377746582,0.23562704026699066,3.865147829055786,5.235286712646484,0.0,4.976825584890321e-05,7
SLAKE_STAGE2_BANK16,116,F1,4.531311511993408,0.4643659293651581,4.31248927116394,5.253851413726807,0.0,4.8278336180374026e-05,8
SLAKE_STAGE2_BANK16,116,F1,4.43955135345459,0.061377666890621185,4.748585939407349,5.262546539306641,0.0,7.842353988962714e-05,9
SLAKE_STAGE2_BANK16,116,F1,4.3496012687683105,0.4464387893676758,5.181277513504028,5.2884602546691895,0.0,5.3010571718914434e-05,10
SLAKE_STAGE2_BANK16,116,F1,4.259341716766357,0.019853098317980766,5.615218877792358,5.305034637451172,0.0,6.326165203063283e-05,11
SLAKE_STAGE2_BANK16,116,F1,4.1644110679626465,0.2087344527244568,6.049314975738525,5.339942455291748,0.0,5.994803723297082e-05,12
SLAKE_STAGE2_BANK16,116,F1,4.074891090393066,0.4187137484550476,6.478551626205444,5.377077102661133,0.0,9.56711737671867e-05,13
SLAKE_STAGE2_BANK16,116,F1,3.979832887649536,0.19720284640789032,6.909163236618042,5.411203861236572,0.0,6.936463978490792e-05,14
SLAKE_STAGE2_BANK16,116,F1,3.8881213665008545,0.020172517746686935,7.343417167663574,5.449611186981201,0.0,8.511032865499146e-05,15
SLAKE_STAGE2_BANK16,116,F1,3.7925150394439697,0.05127876624464989,7.78019118309021,5.4944658279418945,0.0,7.848322275094688e-05,16
SLAKE_STAGE2_BANK16,116,F1,3.6963717937469482,0.02023155614733696,8.213207483291626,5.535390853881836,0.0,0.0001227635621035006,17
SLAKE_STAGE2_BANK16,116,F1,3.5999808311462402,0.04851287230849266,8.649274587631226,5.577859878540039,0.0,9.474121543462388e-05,18
SLAKE_STAGE2_BANK16,116,F1,3.50172758102417,0.16811740398406982,9.08223032951355,5.615728855133057,0.0,0.00012145153596065938,19
SLAKE_STAGE2_BANK16,116,F1,3.404282569885254,0.35134977102279663,9.520008325576782,5.646212100982666,0.0,0.00010854354695766233,20
SLAKE_STAGE2_BANK16,116,F1,3.3026387691497803,0.04438740760087967,9.972837209701538,5.658135890960693,0.0,0.0001643595824134536,21
SLAKE_STAGE2_BANK16,116,F1,3.2055020332336426,0.3311239778995514,10.404783248901367,5.672591686248779,0.0,0.00013518192281480879,22
SLAKE_STAGE2_BANK16,116,F1,3.1078386306762695,0.14413268864154816,10.840497970581055,5.656093597412109,0.0,0.00017862278764368966,23
SLAKE_STAGE2_BANK16,116,F1,3.0077335834503174,0.020204542204737663,11.276876211166382,5.632307052612305,0.0,0.0001556332572363317,24
SLAKE_STAGE2_BANK16,116,F1,2.907115936279297,0.020265743136405945,11.70978045463562,5.5948920249938965,0.0,0.00022747574257664382,25
SLAKE_STAGE2_BANK16,116,F1,2.8126208782196045,0.2890233099460602,12.144031763076782,5.549876689910889,0.0,0.0001983585170819424,26
SLAKE_STAGE2_BANK16,116,F1,2.7138235569000244,0.1203722283244133,12.57665491104126,5.483724117279053,0.0,0.0002722627832554281,27
SLAKE_STAGE2_BANK16,116,F1,2.617555618286133,0.035676438361406326,13.013513326644897,5.4104509353637695,0.0,0.000232664926443249,28
SLAKE_STAGE2_BANK16,116,F1,2.523399591445923,0.2557533085346222,13.445450782775879,5.337330341339111,0.0,0.00032654579263180494,29
SLAKE_STAGE2_BANK16,116,F1,2.429511308670044,0.03345081955194473,13.882099390029907,5.246953964233398,0.0,0.00030167060322128236,30
SLAKE_STAGE2_BANK16,116,F1,2.335007667541504,0.019889604300260544,14.313536643981934,5.161881446838379,0.0,0.00043395439570304006,31
SLAKE_STAGE2_BANK16,116,F1,2.2449429035186768,0.09155579656362534,14.761590957641602,5.081597805023193,0.0,0.0003770282492041588,32
SLAKE_STAGE2_BANK16,116,F1,2.153785467147827,0.21114890277385712,15.195600271224976,4.996061325073242,0.0,0.0005063411081209779,33
SLAKE_STAGE2_BANK16,116,F1,2.0683066844940186,0.019506802782416344,15.625288963317871,4.904484272003174,0.0,0.0004995532508473843,34
SLAKE_STAGE2_BANK16,116,F1,1.9815834760665894,0.028690235689282417,16.054881811141968,4.8237104415893555,0.0,0.0007595384668093175,35
SLAKE_STAGE2_BANK16,116,F1,1.894176959991455,0.07107305526733398,16.490412712097168,4.745497226715088,0.0,0.0006898024585098028,36
SLAKE_STAGE2_BANK16,116,F1,1.8110802173614502,0.01912735216319561,16.923789024353027,4.668123245239258,0.0,0.0008937130332924426,37
SLAKE_STAGE2_BANK16,116,F1,1.724085807800293,0.026099173352122307,17.357856035232544,4.594773292541504,0.0,0.0009455061808694154,38
SLAKE_STAGE2_BANK16,116,F1,1.6434595584869385,0.14861708879470825,17.791226625442505,4.52484655380249,0.0,0.0014924832503311336,39
SLAKE_STAGE2_BANK16,116,F1,1.564968466758728,0.05464816093444824,18.227620840072632,4.459067344665527,0.0,0.001439886458683759,40
SLAKE_STAGE2_BANK16,116,F1,1.4819104671478271,0.024190938100218773,18.673370599746704,4.389904022216797,0.0,0.0017871277523227036,41
SLAKE_STAGE2_BANK16,116,F1,1.3999580144882202,0.1209288239479065,19.104801416397095,4.332509517669678,0.0,0.0020303400815464556,42
SLAKE_STAGE2_BANK16,116,F1,1.3235869407653809,0.045055557042360306,19.543210983276367,4.2578277587890625,0.0,0.0032682634191587567,43
SLAKE_STAGE2_BANK16,116,F1,1.2475786209106445,0.01802200637757778,19.977540969848633,4.1988844871521,0.0,0.0033478017430752516,44
SLAKE_STAGE2_BANK16,116,F1,1.1678712368011475,0.02194785699248314,20.411354064941406,4.138235569000244,0.0,0.004115501418709755,45
SLAKE_STAGE2_BANK16,116,F1,1.0921335220336914,0.03774023428559303,20.845048666000366,4.073334693908691,0.0,0.00483431969769299,46
SLAKE_STAGE2_BANK16,116,F1,1.0135568380355835,0.017553366720676422,21.274609565734863,3.9853363037109375,0.0,0.007818141719326377,47
SLAKE_STAGE2_BANK16,116,F1,0.9374431371688843,0.08042585849761963,21.70753502845764,3.9192943572998047,0.0,0.008466798113659024,48
SLAKE_STAGE2_BANK16,116,F1,0.8620555996894836,0.07562553882598877,22.138710975646973,3.831502914428711,0.0,0.01035113399848342,49
SLAKE_STAGE2_BANK16,116,F1,0.7899043560028076,0.01703893393278122,22.57402801513672,3.7365167140960693,0.0,0.012477810494601727,50
SLAKE_STAGE2_BANK16,116,F1,0.7168455719947815,0.01975504495203495,23.00594401359558,3.5736329555511475,0.0,0.019731507636606693,51
SLAKE_STAGE2_BANK16,116,F1,0.6440295577049255,0.028485072776675224,23.455984830856323,3.4414451122283936,0.0,0.02220928482711315,52
SLAKE_STAGE2_BANK16,116,F1,0.5751410126686096,0.019205020740628242,23.89871048927307,3.2606453895568848,0.0,0.027571159414947033,53
SLAKE_STAGE2_BANK16,116,F1,0.5087041258811951,0.058217138051986694,24.330772876739502,3.0515711307525635,0.0,0.03367428295314312,54
SLAKE_STAGE2_BANK16,116,F1,0.44219890236854553,0.025916434824466705,24.778659343719482,2.6848397254943848,0.0,0.05146403610706329,55
SLAKE_STAGE2_BANK16,116,F1,0.38110896944999695,0.015859311446547508,25.213708877563477,2.383016586303711,0.0,0.05932723172008991,56
SLAKE_STAGE2_BANK16,116,F1,0.3233279585838318,0.051843952387571335,25.64605164527893,1.976058840751648,0.0,0.07410140708088875,57
SLAKE_STAGE2_BANK16,116,F1,0.27080774307250977,0.023878874257206917,26.078513860702515,1.5476123094558716,0.0,0.08955784142017365,58
SLAKE_STAGE2_BANK16,116,F1,0.222944438457489,0.018151002004742622,26.51628589630127,0.9503523707389832,0.0,0.12900778278708458,59
SLAKE_STAGE2_BANK16,116,F1,0.18372386693954468,0.015047871507704258,26.949620485305786,0.6004886031150818,0.0,0.1460736244916916,60
SLAKE_STAGE2_BANK16,116,F1,0.14945173263549805,0.02258939854800701,27.393096923828125,0.5580911040306091,0.0,0.17626462131738663,61
SLAKE_STAGE2_BANK16,116,F1,0.124309241771698,0.04583146795630455,27.828978538513184,0.7644944190979004,0.0,0.19815414398908615,62
SLAKE_STAGE2_BANK16,116,F1,0.10623010993003845,0.017869552597403526,28.274569749832153,1.139167070388794,0.0,0.244195356965065,63
SLAKE_STAGE2_BANK16,116,F1,0.0945400819182396,0.014726062305271626,28.707990407943726,1.2764045000076294,0.0,0.24671940505504608,64
SLAKE_STAGE2_BANK16,116,F1,0.08679596334695816,0.018002329394221306,29.143425226211548,1.462629795074463,0.0,0.25843213498592377,65
SLAKE_STAGE2_BANK16,116,F1,0.08331115543842316,0.014696985483169556,29.576818466186523,1.4535239934921265,0.0,0.2564006522297859,66
SLAKE_STAGE2_BANK16,116,F1,0.08139940351247787,0.021899335086345673,30.01132082939148,1.5269460678100586,0.0,0.27804935723543167,67
SLAKE_STAGE2_BANK16,116,F1,0.0823516696691513,0.045441314578056335,30.437742233276367,1.3852235078811646,0.0,0.2541169822216034,68
SLAKE_STAGE2_BANK16,116,F1,0.08488599956035614,0.01828846149146557,30.877543926239014,1.3308448791503906,0.0,0.24336469173431396,69
SLAKE_STAGE2_BANK16,116,F1,0.09025391936302185,0.015242357738316059,31.317431449890137,1.1269657611846924,0.0,0.22404207289218903,70
SLAKE_STAGE2_BANK16,116,F1,0.09719792008399963,0.022274399176239967,31.749862909317017,1.0323946475982666,0.0,0.22938625514507294,71
SLAKE_STAGE2_BANK16,116,F1,0.10675328969955444,0.047223545610904694,32.18428921699524,0.7290730476379395,0.0,0.19515766203403473,72
SLAKE_STAGE2_BANK16,116,F1,0.11784677952528,0.015621178783476353,32.61787533760071,0.533603847026825,0.0,0.17538145929574966,73
SLAKE_STAGE2_BANK16,116,F1,0.12943735718727112,0.022786203771829605,33.05117869377136,0.31872737407684326,0.0,0.15578363090753555,74
SLAKE_STAGE2_BANK16,116,F1,0.14123179018497467,0.048905253410339355,33.4859733581543,0.27903586626052856,0.0,0.15877608209848404,75
SLAKE_STAGE2_BANK16,116,F1,0.15325066447257996,0.018921280279755592,33.92195701599121,0.4165489077568054,0.0,0.13186730444431305,76
SLAKE_STAGE2_BANK16,116,F1,0.16248954832553864,0.022997165098786354,34.35334658622742,0.5393588542938232,0.0,0.12022267654538155,77
SLAKE_STAGE2_BANK16,116,F1,0.1703968197107315,0.016227729618549347,34.7919487953186,0.6502010822296143,0.0,0.11221973970532417,78
SLAKE_STAGE2_BANK16,116,F1,0.17393198609352112,0.01908715069293976,35.2264666557312,0.6070753931999207,0.0,0.12203232944011688,79
SLAKE_STAGE2_BANK16,116,F1,0.17573639750480652,0.04987001419067383,35.65866804122925,0.7561907172203064,0.0,0.10765817016363144,80
SLAKE_STAGE2_BANK16,116,F1,0.17281663417816162,0.016240742057561874,36.12248754501343,0.7360522150993347,0.0,0.10542476177215576,81
SLAKE_STAGE2_BANK16,116,F1,0.16818375885486603,0.049119167029857635,36.55848407745361,0.6938568949699402,0.0,0.10565753281116486,82
SLAKE_STAGE2_BANK16,116,F1,0.1618431806564331,0.022631559520959854,36.98998212814331,0.505739152431488,0.0,0.12404683604836464,83
SLAKE_STAGE2_BANK16,116,F1,0.15401016175746918,0.019014375284314156,37.42918086051941,0.5441052317619324,0.0,0.1145925223827362,84
SLAKE_STAGE2_BANK16,116,F1,0.14487843215465546,0.018926851451396942,37.86980080604553,0.4312010705471039,0.0,0.11838718503713608,85
SLAKE_STAGE2_BANK16,116,F1,0.13617311418056488,0.021910449489951134,38.30961513519287,0.33455461263656616,0.0,0.1229056753218174,86
SLAKE_STAGE2_BANK16,116,F1,0.12713409960269928,0.015824157744646072,38.74121165275574,0.2661404013633728,0.0,0.1467127650976181,87
SLAKE_STAGE2_BANK16,116,F1,0.12010828405618668,0.04604547470808029,39.17467641830444,0.2838421165943146,0.0,0.13493811339139938,88
SLAKE_STAGE2_BANK16,116,F1,0.11332609504461288,0.015795771032571793,39.61861824989319,0.3198259174823761,0.0,0.1388937458395958,89
SLAKE_STAGE2_BANK16,116,F1,0.10820955038070679,0.021152088418602943,40.05254101753235,0.3572995066642761,0.0,0.1423865109682083,90
SLAKE_STAGE2_BANK16,116,F1,0.10389035940170288,0.018450306728482246,40.49555802345276,0.5237242579460144,0.0,0.1643858477473259,91
SLAKE_STAGE2_BANK16,116,F1,0.10212494432926178,0.04403629153966904,40.93254590034485,0.41281551122665405,0.0,0.1444084718823433,92
SLAKE_STAGE2_BANK16,116,F1,0.1009359359741211,0.01837582141160965,41.36529016494751,0.43517643213272095,0.0,0.14342759549617767,93
SLAKE_STAGE2_BANK16,116,F1,0.10036331415176392,0.015383093617856503,41.80254769325256,0.41889163851737976,0.0,0.14175638556480408,94
SLAKE_STAGE2_BANK16,116,F1,0.10039229691028595,0.020269105210900307,42.247222661972046,0.5224828720092773,0.0,0.15793254226446152,95
SLAKE_STAGE2_BANK16,116,F1,0.10278749465942383,0.04217559099197388,42.68274974822998,0.3446178436279297,0.0,0.13275109231472015,96
SLAKE_STAGE2_BANK16,116,F1,0.105279341340065,0.04171329736709595,43.11373829841614,0.3170466721057892,0.0,0.12824641913175583,97
SLAKE_STAGE2_BANK16,116,F1,0.1072118952870369,0.015275921672582626,43.54930639266968,0.2830734848976135,0.0,0.12369338050484657,98
SLAKE_STAGE2_BANK16,116,F1,0.10906247049570084,0.018084270879626274,43.99048376083374,0.3270082473754883,0.0,0.13705652952194214,99
SLAKE_STAGE2_BANK16,116,F1,0.11171142011880875,0.019394926726818085,44.43598914146423,0.29401490092277527,0.0,0.11294561997056007,100
SLAKE_STAGE2_BANK16,116,F1,0.11372924596071243,0.04033709317445755,44.89360952377319,0.29576271772384644,0.0,0.10918066650629044,101
SLAKE_STAGE2_BANK16,116,F1,0.11442000418901443,0.015165762975811958,45.33479380607605,0.3099743723869324,0.0,0.10681439563632011,102
SLAKE_STAGE2_BANK16,116,F1,0.11586436629295349,0.017851995304226875,45.76775503158569,0.27632737159729004,0.0,0.12041472643613815,103
SLAKE_STAGE2_BANK16,116,F1,0.1152491420507431,0.018750419840216637,46.214909076690674,0.37377551198005676,0.0,0.1000591479241848,104
SLAKE_STAGE2_BANK16,116,F1,0.11468101292848587,0.014999822713434696,46.64755964279175,0.34775957465171814,0.0,0.09980762004852295,105
SLAKE_STAGE2_BANK16,116,F1,0.11279495805501938,0.038086213171482086,47.07617807388306,0.345080703496933,0.0,0.099224042147398,106
SLAKE_STAGE2_BANK16,116,F1,0.11034850776195526,0.017561987042427063,47.50750923156738,0.278180867433548,0.0,0.115862637758255,107
SLAKE_STAGE2_BANK16,116,F1,0.1066478043794632,0.018128955736756325,47.93545746803284,0.3356318771839142,0.0,0.09681710973381996,108
SLAKE_STAGE2_BANK16,116,F1,0.10436379909515381,0.01734241284430027,48.37516260147095,0.29188480973243713,0.0,0.09899008274078369,109
SLAKE_STAGE2_BANK16,116,F1,0.10088226199150085,0.03608566150069237,48.81728434562683,0.2793355882167816,0.0,0.10067715123295784,110
SLAKE_STAGE2_BANK16,116,F1,0.09755764901638031,0.017521604895591736,49.25587463378906,0.3200341761112213,0.0,0.11793174594640732,111
SLAKE_STAGE2_BANK16,116,F1,0.09544283151626587,0.014648963697254658,49.690327405929565,0.28345561027526855,0.0,0.09818749129772186,112
SLAKE_STAGE2_BANK16,116,F1,0.09231444448232651,0.014507170766592026,50.12372589111328,0.2730063199996948,0.0,0.10070668905973434,113
SLAKE_STAGE2_BANK16,116,F1,0.09032703191041946,0.034983694553375244,50.554370641708374,0.27894049882888794,0.0,0.10118281841278076,114
SLAKE_STAGE2_BANK16,116,F1,0.08834352344274521,0.017057113349437714,50.99292588233948,0.3938305079936981,0.0,0.11800548434257507,115
SLAKE_STAGE2_BANK16,116,F1,0.08691009134054184,0.017165863886475563,51.42592644691467,0.2780223786830902,0.0,0.09526922926306725,116
SLAKE_STAGE2_BANK16,116,F1,0.08658798784017563,0.03416164964437485,51.84008550643921,0.2825886607170105,0.0,0.09776963666081429,117
SLAKE_STAGE2_BANK16,116,F1,0.08518059551715851,0.014372683130204678,52.276615858078,0.2761384844779968,0.0,0.09566839039325714,118
SLAKE_STAGE2_BANK16,116,F1,0.08535967022180557,0.016698824241757393,52.713685750961304,0.37375301122665405,0.0,0.11050029844045639,119
SLAKE_STAGE2_BANK16,116,F1,0.08495377004146576,0.01706649921834469,53.15611171722412,0.2688005268573761,0.0,0.08739150315523148,120
SLAKE_STAGE2_BANK16,116,F1,0.08513044565916061,0.014370848424732685,53.631364822387695,0.25967463850975037,0.0,0.08941445127129555,121
SLAKE_STAGE2_BANK16,116,F1,0.085253044962883,0.03278447315096855,54.06341099739075,0.26084572076797485,0.0,0.0869281180202961,122
SLAKE_STAGE2_BANK16,116,F1,0.08441704511642456,0.01643305830657482,54.49626183509827,0.3189089298248291,0.0,0.10038332641124725,123
SLAKE_STAGE2_BANK16,116,F1,0.08455988764762878,0.01681150123476982,54.942256689071655,0.2831694483757019,0.0,0.07832440920174122,124
SLAKE_STAGE2_BANK16,116,F1,0.08471149951219559,0.014257165603339672,55.37433743476868,0.25744250416755676,0.0,0.0806003287434578,125
SLAKE_STAGE2_BANK16,116,F1,0.08385562896728516,0.03143630549311638,55.814351081848145,0.2677658796310425,0.0,0.07910117134451866,126
SLAKE_STAGE2_BANK16,116,F1,0.08306532353162766,0.01598910428583622,56.24634909629822,0.28278106451034546,0.0,0.09172304347157478,127
SLAKE_STAGE2_BANK16,116,F1,0.08227775990962982,0.016589676961302757,56.6799259185791,0.2949551045894623,0.0,0.07194250822067261,128
SLAKE_STAGE2_BANK16,116,F1,0.08107074350118637,0.015680816024541855,57.11185383796692,0.2520557940006256,0.0,0.07589131593704224,129
SLAKE_STAGE2_BANK16,116,F1,0.07982151955366135,0.014131476171314716,57.55086421966553,0.2590349614620209,0.0,0.07488475367426872,130
SLAKE_STAGE2_BANK16,116,F1,0.07776305824518204,0.016619570553302765,57.984841108322144,0.29299890995025635,0.0,0.08798601478338242,131
SLAKE_STAGE2_BANK16,116,F1,0.07656267285346985,0.03019307553768158,58.4148736000061,0.2679421007633209,0.0,0.06861557997763157,132
SLAKE_STAGE2_BANK16,116,F1,0.07498747110366821,0.029768865555524826,58.85337209701538,0.23544935882091522,0.0,0.07364514656364918,133
SLAKE_STAGE2_BANK16,116,F1,0.07346905767917633,0.015070581808686256,59.28575658798218,0.238863006234169,0.0,0.0722898431122303,134
SLAKE_STAGE2_BANK16,116,F1,0.07197706401348114,0.01639491133391857,59.72421050071716,0.3177746534347534,0.0,0.08497639372944832,135
SLAKE_STAGE2_BANK16,116,F1,0.07131238281726837,0.01395432185381651,60.15819573402405,0.24370063841342926,0.0,0.06569980457425117,136
SLAKE_STAGE2_BANK16,116,F1,0.07025687396526337,0.014734751544892788,60.59154748916626,0.23170463740825653,0.0,0.0710492916405201,137
SLAKE_STAGE2_BANK16,116,F1,0.06920809298753738,0.028343215584754944,61.026585817337036,0.23098094761371613,0.0,0.06871373020112514,138
SLAKE_STAGE2_BANK16,116,F1,0.06851495802402496,0.01624494418501854,61.45960354804993,0.3141299784183502,0.0,0.08028912916779518,139
SLAKE_STAGE2_BANK16,116,F1,0.06782788783311844,0.013880150392651558,61.89643573760986,0.23498821258544922,0.0,0.06155327707529068,140
SLAKE_STAGE2_BANK16,116,F1,0.06720281392335892,0.013849279843270779,62.36560034751892,0.22411301732063293,0.0,0.06675481237471104,141
SLAKE_STAGE2_BANK16,116,F1,0.06654396653175354,0.014219770208001137,62.794703006744385,0.2235235869884491,0.0,0.06400562822818756,142
SLAKE_STAGE2_BANK16,116,F1,0.06588970869779587,0.016189225018024445,63.231340646743774,0.29269853234291077,0.0,0.07463447749614716,143
SLAKE_STAGE2_BANK16,116,F1,0.06557139754295349,0.02717778831720352,63.664331674575806,0.23866482079029083,0.0,0.05647183768451214,144
SLAKE_STAGE2_BANK16,116,F1,0.06532018631696701,0.016102585941553116,64.10021162033081,0.21531863510608673,0.0,0.0618695504963398,145
SLAKE_STAGE2_BANK16,116,F1,0.06499648094177246,0.02656533382833004,64.53379154205322,0.22382047772407532,0.0,0.05909748189151287,146
SLAKE_STAGE2_BANK16,116,F1,0.06392855197191238,0.01377295982092619,64.96643042564392,0.26909226179122925,0.0,0.06951865740120411,147
SLAKE_STAGE2_BANK16,116,F1,0.06292428076267242,0.013570256531238556,65.39845037460327,0.24081793427467346,0.0,0.05219258461147547,148
SLAKE_STAGE2_BANK16,116,F1,0.06263525038957596,0.013488609343767166,65.84958291053772,0.2093685120344162,0.0,0.05824929103255272,149
SLAKE_STAGE2_BANK16,116,F1,0.06159742921590805,0.025905746966600418,66.28548979759216,0.21535997092723846,0.0,0.05562889203429222,150
SLAKE_STAGE2_BANK16,116,F1,0.060584526509046555,0.0158541239798069,66.72013092041016,0.26401808857917786,0.0,0.06548094190657139,151
SLAKE_STAGE2_BANK16,116,F1,0.060362834483385086,0.013647525571286678,67.16015338897705,0.23721762001514435,0.0,0.049162181094288826,152
SLAKE_STAGE2_BANK16,116,F1,0.059379059821367264,0.013689612969756126,67.59586095809937,0.20439793169498444,0.0,0.05575675331056118,153
SLAKE_STAGE2_BANK16,116,F1,0.058038968592882156,0.02510298416018486,68.02774930000305,0.205484539270401,0.0,0.05302819237112999,154
SLAKE_STAGE2_BANK16,116,F1,0.057069867849349976,0.015654971823096275,68.47366547584534,0.2653934955596924,0.0,0.062004454433918,155
SLAKE_STAGE2_BANK16,116,F1,0.056761033833026886,0.01277555525302887,68.91023826599121,0.22051598131656647,0.0,0.04695413913577795,156
SLAKE_STAGE2_BANK16,116,F1,0.05585254356265068,0.012620409950613976,69.34324169158936,0.19975437223911285,0.0,0.05302644893527031,157
SLAKE_STAGE2_BANK16,116,F1,0.05456312745809555,0.024060357362031937,69.78955602645874,0.1979341357946396,0.0,0.05035885609686375,158
SLAKE_STAGE2_BANK16,116,F1,0.053957704454660416,0.013601040467619896,70.21917128562927,0.2689158618450165,0.0,0.05919405445456505,159
SLAKE_STAGE2_BANK16,116,F1,0.05364280939102173,0.015573463402688503,70.65884184837341,0.20924162864685059,0.0,0.04447004105895758,160
SLAKE_STAGE2_BANK16,116,F2,5.156553268432617,0.2707219123840332,0.731184720993042,5.52799654006958,3.686499834060669,6.413154005713295e-05,1
SLAKE_STAGE2_BANK16,116,F2,5.067266464233398,0.019211942330002785,1.3444039821624756,5.530019283294678,3.6269588470458984,3.764548273466062e-05,2
SLAKE_STAGE2_BANK16,116,F2,4.976848125457764,0.5109361410140991,1.9601714611053467,5.547069072723389,3.5666637420654297,4.217513014737051e-05,3
SLAKE_STAGE2_BANK16,116,F2,4.889427661895752,0.06960150599479675,2.5856990814208984,5.5499773025512695,3.5083699226379395,4.124541737837717e-05,4
SLAKE_STAGE2_BANK16,116,F2,4.801130771636963,0.06823580712080002,3.2023026943206787,5.55927848815918,3.4494850635528564,6.835127351223491e-05,5
SLAKE_STAGE2_BANK16,116,F2,4.709359169006348,0.019563086330890656,3.822859048843384,5.566354751586914,3.388284206390381,4.2914232835755683e-05,6
SLAKE_STAGE2_BANK16,116,F2,4.620877265930176,0.23545454442501068,4.4351019859313965,5.582488536834717,3.329272508621216,4.980401718057692e-05,7
SLAKE_STAGE2_BANK16,116,F2,4.530191421508789,0.464371919631958,5.050890207290649,5.601390838623047,3.2687876224517822,4.809952952200547e-05,8
SLAKE_STAGE2_BANK16,116,F2,4.43910026550293,0.06133703514933586,5.676053524017334,5.613840579986572,3.2080211639404297,7.834009556972887e-05,9
SLAKE_STAGE2_BANK16,116,F2,4.350098609924316,0.4469946324825287,6.284877300262451,5.64039945602417,3.148655652999878,5.291520938044414e-05,10
SLAKE_STAGE2_BANK16,116,F2,4.258866310119629,0.019864292815327644,6.901998519897461,5.659384250640869,3.087804079055786,6.348812530632131e-05,11
SLAKE_STAGE2_BANK16,116,F2,4.164950847625732,0.2086993306875229,7.518979787826538,5.695924758911133,3.025139808654785,5.995995888952166e-05,12
SLAKE_STAGE2_BANK16,116,F2,4.074801921844482,0.4189218282699585,8.134339809417725,5.735202312469482,2.965003490447998,9.586189116816968e-05,13
SLAKE_STAGE2_BANK16,116,F2,3.9802918434143066,0.19766077399253845,8.75236964225769,5.771312236785889,2.9019525051116943,6.906664202688262e-05,14
SLAKE_STAGE2_BANK16,116,F2,3.888190984725952,0.020225102081894875,9.368078470230103,5.809441089630127,2.8405117988586426,8.519378025084734e-05,15
SLAKE_STAGE2_BANK16,116,F2,3.7934987545013428,0.051226239651441574,9.988907098770142,5.860050201416016,2.7773184776306152,7.903152436483651e-05,16
SLAKE_STAGE2_BANK16,116,F2,3.6973230838775635,0.02010248228907585,10.60000991821289,5.9047040939331055,2.7131457328796387,0.00012315686763031408,17
SLAKE_STAGE2_BANK16,116,F2,3.6001274585723877,0.04846740886569023,11.21713399887085,5.945368766784668,2.648283004760742,9.551597759127617e-05,18
SLAKE_STAGE2_BANK16,116,F2,3.5027213096618652,0.16838611662387848,11.8331139087677,5.989245891571045,2.583258867263794,0.00012176140444353223,19
SLAKE_STAGE2_BANK16,116,F2,3.4039506912231445,0.35178884863853455,12.449760913848877,6.019343852996826,2.5173420906066895,0.00010906795796472579,20
SLAKE_STAGE2_BANK16,116,F2,3.3046762943267822,0.04437411576509476,13.097278833389282,6.037981986999512,2.4510772228240967,0.0001649674159125425,21
SLAKE_STAGE2_BANK16,116,F2,3.2064197063446045,0.33169159293174744,13.711337804794312,6.049447536468506,2.385457754135132,0.00013599241356132552,22
SLAKE_STAGE2_BANK16,116,F2,3.1075024604797363,0.14439693093299866,14.32798171043396,6.032410144805908,2.3194363117218018,0.00017933790513779968,23
SLAKE_STAGE2_BANK16,116,F2,3.0086021423339844,0.020295478403568268,14.94998049736023,6.007338047027588,2.2534003257751465,0.00015616954624420032,24
SLAKE_STAGE2_BANK16,116,F2,2.9081037044525146,0.020218346267938614,15.561779260635376,5.967104911804199,2.186265230178833,0.0002278095344081521,25
SLAKE_STAGE2_BANK16,116,F2,2.8126285076141357,0.2893725633621216,16.176266193389893,5.920095443725586,2.1224992275238037,0.00019952644652221352,26
SLAKE_STAGE2_BANK16,116,F2,2.713813543319702,0.1206800788640976,16.79332137107849,5.849185943603516,2.0564920902252197,0.0002740145573625341,27
SLAKE_STAGE2_BANK16,116,F2,2.6171958446502686,0.03579537570476532,17.42008900642395,5.76981782913208,1.991946816444397,0.000235083993175067,28
SLAKE_STAGE2_BANK16,116,F2,2.523106098175049,0.2566896080970764,18.046429872512817,5.691586971282959,1.9290658235549927,0.0003300491807749495,29
SLAKE_STAGE2_BANK16,116,F2,2.429290533065796,0.03350215032696724,18.66403603553772,5.597039222717285,1.866361141204834,0.00030448254256043583,30
SLAKE_STAGE2_BANK16,116,F2,2.3342063426971436,0.019881322979927063,19.283748388290405,5.504425525665283,1.8028128147125244,0.0004399108001962304,31
SLAKE_STAGE2_BANK16,116,F2,2.2448461055755615,0.09181954711675644,19.898544311523438,5.420304775238037,1.743019461631775,0.00038228221819736063,32
SLAKE_STAGE2_BANK16,116,F2,2.1537582874298096,0.21126821637153625,20.51339626312256,5.330743789672852,1.682111144065857,0.0005092481151223183,33
SLAKE_STAGE2_BANK16,116,F2,2.068269968032837,0.019533714279532433,21.132281064987183,5.234960556030273,1.6248799562454224,0.0005066765152150765,34
SLAKE_STAGE2_BANK16,116,F2,1.981737494468689,0.02866722270846367,21.747225046157837,5.14954137802124,1.5669273138046265,0.0007659458497073501,35
SLAKE_STAGE2_BANK16,116,F2,1.8940694332122803,0.07157999277114868,22.36429500579834,5.064238548278809,1.5082131624221802,0.000698138668667525,36
SLAKE_STAGE2_BANK16,116,F2,1.8110296726226807,0.01909800060093403,22.982930421829224,4.981719493865967,1.4525474309921265,0.0008978595433291048,37
SLAKE_STAGE2_BANK16,116,F2,1.7278305292129517,0.026238374412059784,23.597105741500854,4.903154373168945,1.3967432975769043,0.0009564000065438449,38
SLAKE_STAGE2_BANK16,116,F2,1.645561695098877,0.1490379273891449,24.214591026306152,4.829926490783691,1.3414853811264038,0.0015134986024349928,39
SLAKE_STAGE2_BANK16,116,F2,1.5609101057052612,0.05499131605029106,24.83118438720703,4.755961894989014,1.2846355438232422,0.001455971971154213,40
SLAKE_STAGE2_BANK16,116,F2,1.4799168109893799,0.024207940325140953,25.469608306884766,4.685150146484375,1.2300734519958496,0.0018076146370731294,41
SLAKE_STAGE2_BANK16,116,F2,1.4015456438064575,0.12138214707374573,26.084447383880615,4.623317718505859,1.1772489547729492,0.0020578742842189968,42
SLAKE_STAGE2_BANK16,116,F2,1.3228498697280884,0.04531072452664375,26.70174741744995,4.545424461364746,1.124069094657898,0.0032978574745357037,43
SLAKE_STAGE2_BANK16,116,F2,1.2468782663345337,0.018076252192258835,27.32686471939087,4.484871864318848,1.0726962089538574,0.0033701304346323013,44
SLAKE_STAGE2_BANK16,116,F2,1.1690555810928345,0.021942583844065666,27.942376136779785,4.417027473449707,1.0199074745178223,0.0041708925273269415,45
SLAKE_STAGE2_BANK16,116,F2,1.0879067182540894,0.03800377622246742,28.553965091705322,4.352072715759277,0.9646171927452087,0.004913506796583533,46
SLAKE_STAGE2_BANK16,116,F2,1.0132609605789185,0.017614003270864487,29.16894245147705,4.261612415313721,0.9136142730712891,0.00788407726213336,47
SLAKE_STAGE2_BANK16,116,F2,0.9388979077339172,0.0809498280286789,29.786093711853027,4.190404891967773,0.8625264167785645,0.00852381787262857,48
SLAKE_STAGE2_BANK16,116,F2,0.861997663974762,0.07578713446855545,30.40493083000183,4.10795259475708,0.8094038367271423,0.010469522327184677,49
SLAKE_STAGE2_BANK16,116,F2,0.7898620963096619,0.017040934413671494,31.018661499023438,4.008613109588623,0.7589227557182312,0.01256905123591423,50
SLAKE_STAGE2_BANK16,116,F2,0.7150580883026123,0.019752319902181625,31.64405107498169,3.839228868484497,0.70602947473526,0.02000009221956134,51
SLAKE_STAGE2_BANK16,116,F2,0.6439143419265747,0.02859487757086754,32.26510787010193,3.7091896533966064,0.6548312306404114,0.02233011368662119,52
SLAKE_STAGE2_BANK16,116,F2,0.5752456784248352,0.019193096086382866,32.88676357269287,3.529379367828369,0.6043524146080017,0.027760643512010574,53
SLAKE_STAGE2_BANK16,116,F2,0.5069291591644287,0.05858404189348221,33.503395557403564,3.311187267303467,0.5527025461196899,0.03391801938414574,54
SLAKE_STAGE2_BANK16,116,F2,0.44370222091674805,0.025954140350222588,34.119470834732056,2.950824737548828,0.5030350685119629,0.05197357386350632,55
SLAKE_STAGE2_BANK16,116,F2,0.3810766339302063,0.015779392793774605,34.735228538513184,2.6467549800872803,0.4513765573501587,0.05923080816864967,56
SLAKE_STAGE2_BANK16,116,F2,0.32328635454177856,0.05208835005760193,35.36183977127075,1.9835073947906494,0.4434114396572113,0.07445283606648445,57
SLAKE_STAGE2_BANK16,116,F2,0.27210351824760437,0.02411387860774994,35.97947382926941,1.5603641271591187,0.4443323016166687,0.09018176794052124,58
SLAKE_STAGE2_BANK16,116,F2,0.2239815890789032,0.01818828284740448,36.5998740196228,0.969711184501648,0.44163185358047485,0.12914729490876198,59
SLAKE_STAGE2_BANK16,116,F2,0.1829550713300705,0.01508908998221159,37.21218299865723,0.6071988940238953,0.4413433223962784,0.14680799841880798,60
SLAKE_STAGE2_BANK16,116,F2,0.14956232905387878,0.022755207493901253,37.850218057632446,0.5655834078788757,0.4402458816766739,0.17626704275608063,61
SLAKE_STAGE2_BANK16,116,F2,0.12445975095033646,0.04617718607187271,38.465885162353516,0.7663938403129578,0.43808868527412415,0.19816573709249496,62
SLAKE_STAGE2_BANK16,116,F2,0.10638435184955597,0.018116287887096405,39.082470178604126,1.1411176919937134,0.43690936267375946,0.24479344487190247,63
SLAKE_STAGE2_BANK16,116,F2,0.09411334991455078,0.014762625098228455,39.709234952926636,1.2831469774246216,0.4347475469112396,0.24725079536437988,64
SLAKE_STAGE2_BANK16,116,F2,0.08690750598907471,0.01802174560725689,40.336169719696045,1.4596108198165894,0.4348805397748947,0.25851161777973175,65
SLAKE_STAGE2_BANK16,116,F2,0.08299432694911957,0.014797249808907509,40.963945627212524,1.4566397666931152,0.4350724071264267,0.2564961314201355,66
SLAKE_STAGE2_BANK16,116,F2,0.08101377636194229,0.022071104496717453,41.57926654815674,1.5325696468353271,0.43307824432849884,0.2788732647895813,67
SLAKE_STAGE2_BANK16,116,F2,0.08156074583530426,0.04573586583137512,42.19558572769165,1.40216863155365,0.433339387178421,0.2552936226129532,68
SLAKE_STAGE2_BANK16,116,F2,0.08506380766630173,0.01831216923892498,42.81367897987366,1.3341023921966553,0.4324832707643509,0.24411164224147797,69
SLAKE_STAGE2_BANK16,116,F2,0.08887561410665512,0.015222513116896152,43.42894887924194,1.1493388414382935,0.4305809885263443,0.22473755478858948,70
SLAKE_STAGE2_BANK16,116,F2,0.09630491584539413,0.022459905594587326,44.04538655281067,1.0554516315460205,0.4307432025671005,0.23079583048820496,71
SLAKE_STAGE2_BANK16,116,F2,0.10567974299192429,0.04748331755399704,44.66118502616882,0.751020073890686,0.43082675337791443,0.19575650990009308,72
SLAKE_STAGE2_BANK16,116,F2,0.11671226471662521,0.015593044459819794,45.28870344161987,0.5599591135978699,0.42976199090480804,0.17607437074184418,73
SLAKE_STAGE2_BANK16,116,F2,0.1281345784664154,0.02278369478881359,45.915268898010254,0.3467755913734436,0.42844922840595245,0.15593525022268295,74
SLAKE_STAGE2_BANK16,116,F2,0.13990667462348938,0.04906516894698143,46.53185772895813,0.30717942118644714,0.4272073656320572,0.15942615270614624,75
SLAKE_STAGE2_BANK16,116,F2,0.15175673365592957,0.018828576430678368,47.15357565879822,0.4232553541660309,0.42475785315036774,0.1323341801762581,76
SLAKE_STAGE2_BANK16,116,F2,0.16271091997623444,0.023189080879092216,47.766045808792114,0.549903929233551,0.4247145652770996,0.12073639780282974,77
SLAKE_STAGE2_BANK16,116,F2,0.1687910556793213,0.016198528930544853,48.38219594955444,0.6528559923171997,0.42235854268074036,0.11165392398834229,78
SLAKE_STAGE2_BANK16,116,F2,0.1732773631811142,0.01913106068968773,49.000415325164795,0.6136429309844971,0.42131665349006653,0.12217031419277191,79
SLAKE_STAGE2_BANK16,116,F2,0.1731347143650055,0.05005144700407982,49.61631178855896,0.7483127117156982,0.41805700957775116,0.10738468170166016,80
SLAKE_STAGE2_BANK16,116,F2,0.17214013636112213,0.016234589740633965,50.273202896118164,0.7439650893211365,0.4160296618938446,0.10493236780166626,81
SLAKE_STAGE2_BANK16,116,F2,0.16752499341964722,0.04938960075378418,50.88965344429016,0.7087197303771973,0.41408616304397583,0.10446801781654358,82
SLAKE_STAGE2_BANK16,116,F2,0.1603420078754425,0.022697998210787773,51.50624656677246,0.52201908826828,0.4111388772726059,0.122822605073452,83
SLAKE_STAGE2_BANK16,116,F2,0.15263181924819946,0.01901860535144806,52.12473464012146,0.5603978037834167,0.4094493091106415,0.11296609789133072,84
SLAKE_STAGE2_BANK16,116,F2,0.14436492323875427,0.018918992951512337,52.74055790901184,0.4587041735649109,0.40781913697719574,0.11651114374399185,85
SLAKE_STAGE2_BANK16,116,F2,0.13495448231697083,0.022256257012486458,53.35611701011658,0.36493661999702454,0.4039083421230316,0.12055016681551933,86
SLAKE_STAGE2_BANK16,116,F2,0.12609446048736572,0.015738116577267647,53.98381280899048,0.3016740083694458,0.40119001269340515,0.14410626143217087,87
SLAKE_STAGE2_BANK16,116,F2,0.11914236843585968,0.046062879264354706,54.599589109420776,0.31886786222457886,0.39955301582813263,0.13203376531600952,88
SLAKE_STAGE2_BANK16,116,F2,0.11249104142189026,0.01564505137503147,55.21691346168518,0.34389349818229675,0.39559242129325867,0.1353086233139038,89
SLAKE_STAGE2_BANK16,116,F2,0.106151282787323,0.02142905257642269,55.83225083351135,0.38475164771080017,0.3916907161474228,0.13901983201503754,90
SLAKE_STAGE2_BANK16,116,F2,0.10258965194225311,0.018481755629181862,56.45978355407715,0.5425235629081726,0.38876792788505554,0.1607973426580429,91
SLAKE_STAGE2_BANK16,116,F2,0.10021853446960449,0.04390231519937515,57.07545566558838,0.44446855783462524,0.3868046849966049,0.1414477899670601,92
SLAKE_STAGE2_BANK16,116,F2,0.09855301678180695,0.018338195979595184,57.69141912460327,0.47014766931533813,0.38253456354141235,0.14062760770320892,93
SLAKE_STAGE2_BANK16,116,F2,0.09804417192935944,0.01533451583236456,58.30909538269043,0.4490910768508911,0.3781856447458267,0.13806454092264175,94
SLAKE_STAGE2_BANK16,116,F2,0.09869250655174255,0.020492777228355408,58.925596475601196,0.5494145750999451,0.3747706264257431,0.15452813357114792,95
SLAKE_STAGE2_BANK16,116,F2,0.10047999769449234,0.042334266006946564,59.54626679420471,0.38179776072502136,0.37244732677936554,0.1289428099989891,96
SLAKE_STAGE2_BANK16,116,F2,0.10231653600931168,0.041884295642375946,60.16738510131836,0.35912367701530457,0.3677741587162018,0.12474832311272621,97
SLAKE_STAGE2_BANK16,116,F2,0.1035785898566246,0.015280249528586864,60.795233488082886,0.32902640104293823,0.3619843125343323,0.12011824175715446,98
SLAKE_STAGE2_BANK16,116,F2,0.1060679480433464,0.017980752512812614,61.41227602958679,0.3726305067539215,0.3583284169435501,0.132991261780262,99
SLAKE_STAGE2_BANK16,116,F2,0.10870325565338135,0.019699152559041977,62.028249740600586,0.33622846007347107,0.35466039180755615,0.10817044600844383,100
SLAKE_STAGE2_BANK16,116,F2,0.10999664664268494,0.040421150624752045,62.664820194244385,0.3287621736526489,0.3499542623758316,0.10561488196253777,101
SLAKE_STAGE2_BANK16,116,F2,0.11145049333572388,0.015074455179274082,63.28451085090637,0.35180068016052246,0.34520047903060913,0.10195638984441757,102
SLAKE_STAGE2_BANK16,116,F2,0.1115679070353508,0.01783587969839573,63.907973766326904,0.32241666316986084,0.3405841290950775,0.115508783608675,103
SLAKE_STAGE2_BANK16,116,F2,0.11103735119104385,0.01918254792690277,64.5236291885376,0.4039199650287628,0.3360484391450882,0.09479239583015442,104
SLAKE_STAGE2_BANK16,116,F2,0.11054684221744537,0.014994494616985321,65.14067888259888,0.37556296586990356,0.3315071761608124,0.09500797837972641,105
SLAKE_STAGE2_BANK16,116,F2,0.10884509980678558,0.03824043646454811,65.75610113143921,0.3790932297706604,0.32587574422359467,0.09418405592441559,106
SLAKE_STAGE2_BANK16,116,F2,0.10593550652265549,0.017535841092467308,66.38292002677917,0.32509464025497437,0.3217214196920395,0.10967331379652023,107
SLAKE_STAGE2_BANK16,116,F2,0.10366668552160263,0.018441801890730858,67.00053262710571,0.38169416785240173,0.31621238589286804,0.0904933400452137,108
SLAKE_STAGE2_BANK16,116,F2,0.1003447026014328,0.017377903684973717,67.6261739730835,0.32846373319625854,0.3109298348426819,0.0934055782854557,109
SLAKE_STAGE2_BANK16,116,F2,0.09714074432849884,0.03626023232936859,68.24283385276794,0.3251612186431885,0.3056534379720688,0.09407489001750946,110
SLAKE_STAGE2_BANK16,116,F2,0.09408900886774063,0.01798577606678009,68.8592357635498,0.36167341470718384,0.30155669152736664,0.11058953031897545,111
SLAKE_STAGE2_BANK16,116,F2,0.09052854776382446,0.014571047388017178,69.48013210296631,0.3243311047554016,0.2940705120563507,0.0907209925353527,112
SLAKE_STAGE2_BANK16,116,F2,0.0887029692530632,0.014433128759264946,70.09563279151917,0.3154657185077667,0.2898140847682953,0.09424516931176186,113
SLAKE_STAGE2_BANK16,116,F2,0.08639470487833023,0.035293348133563995,70.71796107292175,0.32307878136634827,0.284433975815773,0.09429070726037025,114
SLAKE_STAGE2_BANK16,116,F2,0.08416258543729782,0.017122315242886543,71.34048533439636,0.43001338839530945,0.277928963303566,0.10934438556432724,115
SLAKE_STAGE2_BANK16,116,F2,0.08343534171581268,0.017534157261252403,71.95917439460754,0.32065704464912415,0.2734714448451996,0.08776019513607025,116
SLAKE_STAGE2_BANK16,116,F2,0.0827278345823288,0.034329816699028015,72.58316683769226,0.3248143196105957,0.26784592866897583,0.09073024243116379,117
SLAKE_STAGE2_BANK16,116,F2,0.0815320760011673,0.014367552474141121,73.20312261581421,0.3195410668849945,0.2611206918954849,0.08852524310350418,118
SLAKE_STAGE2_BANK16,116,F2,0.08130533993244171,0.017144031822681427,73.82554030418396,0.4109504818916321,0.2565213739871979,0.10173062980175018,119
SLAKE_STAGE2_BANK16,116,F2,0.08151915669441223,0.016974646598100662,74.43892574310303,0.31195881962776184,0.24947871267795563,0.07901885733008385,120
SLAKE_STAGE2_BANK16,116,F2,0.08125954866409302,0.01440583635121584,75.06153512001038,0.3006298840045929,0.24370603263378143,0.0821373276412487,121
SLAKE_STAGE2_BANK16,116,F2,0.08156169950962067,0.03297274559736252,75.67776679992676,0.30400896072387695,0.23899780213832855,0.07939956709742546,122
SLAKE_STAGE2_BANK16,116,F2,0.08078503608703613,0.016826754435896873,76.29213547706604,0.3554428517818451,0.23210090398788452,0.09130227565765381,123
SLAKE_STAGE2_BANK16,116,F2,0.08105436712503433,0.016743715852499008,76.91347432136536,0.3254602253437042,0.22493641078472137,0.06973018497228622,124
SLAKE_STAGE2_BANK16,116,F2,0.08085797727108002,0.01423207949846983,77.53073477745056,0.2939152419567108,0.22031159698963165,0.07380479201674461,125
SLAKE_STAGE2_BANK16,116,F2,0.0796743705868721,0.03172716498374939,78.14218807220459,0.30672454833984375,0.2111338973045349,0.07100814953446388,126
SLAKE_STAGE2_BANK16,116,F2,0.07910782843828201,0.01628057099878788,78.76280975341797,0.32591310143470764,0.20782585442066193,0.08291887864470482,127
SLAKE_STAGE2_BANK16,116,F2,0.0779789537191391,0.01661325804889202,79.38248443603516,0.32832571864128113,0.19987700879573822,0.06360120140016079,128
SLAKE_STAGE2_BANK16,116,F2,0.07696959376335144,0.016029123216867447,79.99974751472473,0.2864091694355011,0.19306549429893494,0.06866824068129063,129
SLAKE_STAGE2_BANK16,116,F2,0.07549978047609329,0.0139956995844841,80.61947345733643,0.2961162328720093,0.18766480684280396,0.06666114553809166,130
SLAKE_STAGE2_BANK16,116,F2,0.07415816932916641,0.01645127311348915,81.23521614074707,0.32702207565307617,0.18220819532871246,0.07805225998163223,131
SLAKE_STAGE2_BANK16,116,F2,0.07313524931669235,0.029939282685518265,81.85137438774109,0.3074110746383667,0.1754520982503891,0.059867974370718,132
SLAKE_STAGE2_BANK16,116,F2,0.07186578214168549,0.029695719480514526,82.4697756767273,0.2766602039337158,0.1700388491153717,0.0663162749260664,133
SLAKE_STAGE2_BANK16,116,F2,0.07010998576879501,0.015319807454943657,83.08477711677551,0.28118327260017395,0.16351544857025146,0.06372712552547455,134
SLAKE_STAGE2_BANK16,116,F2,0.06885918974876404,0.016350002959370613,83.70233011245728,0.34614551067352295,0.15814176201820374,0.07480714470148087,135
SLAKE_STAGE2_BANK16,116,F2,0.06790618598461151,0.013781055808067322,84.3193416595459,0.28335362672805786,0.1514074057340622,0.0570058599114418,136
SLAKE_STAGE2_BANK16,116,F2,0.06662946939468384,0.014902602881193161,84.94079351425171,0.27816200256347656,0.14596423506736755,0.0639655813574791,137
SLAKE_STAGE2_BANK16,116,F2,0.06543868780136108,0.0284491628408432,85.55216574668884,0.2736058831214905,0.13816772401332855,0.06028728000819683,138
SLAKE_STAGE2_BANK16,116,F2,0.0649225041270256,0.016140874475240707,86.16954016685486,0.348906546831131,0.1324625462293625,0.07030082866549492,139
SLAKE_STAGE2_BANK16,116,F2,0.06434672325849533,0.013901153579354286,86.78816604614258,0.27524247765541077,0.1242913007736206,0.052445312961936,140
SLAKE_STAGE2_BANK16,116,F2,0.06376335024833679,0.01372075080871582,87.41624546051025,0.2694706618785858,0.11861851811408997,0.05919177457690239,141
SLAKE_STAGE2_BANK16,116,F2,0.06322010606527328,0.014268134720623493,88.02938342094421,0.2674707770347595,0.11287464201450348,0.05522926524281502,142
SLAKE_STAGE2_BANK16,116,F2,0.06306052207946777,0.015957171097397804,88.65590977668762,0.32095766067504883,0.10819089412689209,0.06424768269062042,143
SLAKE_STAGE2_BANK16,116,F2,0.062418099492788315,0.02693527191877365,89.27820539474487,0.28182554244995117,0.09999215602874756,0.047601765021681786,144
SLAKE_STAGE2_BANK16,116,F2,0.061914607882499695,0.015903698280453682,89.89565086364746,0.26062536239624023,0.09430013597011566,0.05445213057100773,145
SLAKE_STAGE2_BANK16,116,F2,0.06127167120575905,0.026181168854236603,90.50642895698547,0.26707497239112854,0.08854913711547852,0.05028335377573967,146
SLAKE_STAGE2_BANK16,116,F2,0.0607333704829216,0.013636277988553047,91.12558650970459,0.2981533408164978,0.08276747167110443,0.0583522766828537,147
SLAKE_STAGE2_BANK16,116,F2,0.0600944459438324,0.013434762135148048,91.74071455001831,0.2871858775615692,0.07707023620605469,0.04367739986628294,148
SLAKE_STAGE2_BANK16,116,F2,0.05895072966814041,0.01336106937378645,92.3645076751709,0.25612926483154297,0.06926509737968445,0.05070776119828224,149
SLAKE_STAGE2_BANK16,116,F2,0.058039095252752304,0.025162383913993835,92.98614740371704,0.2617807388305664,0.06495493650436401,0.046783192083239555,150
SLAKE_STAGE2_BANK16,116,F2,0.05717736482620239,0.015617305412888527,93.59997248649597,0.29704397916793823,0.05937632918357849,0.05460040457546711,151
SLAKE_STAGE2_BANK16,116,F2,0.05633411929011345,0.013576698489487171,94.22760725021362,0.273485004901886,0.05256575345993042,0.040761749260127544,152
SLAKE_STAGE2_BANK16,116,F2,0.05519374459981918,0.013636191375553608,94.84429287910461,0.25572308897972107,0.047243207693099976,0.0484597273170948,153
SLAKE_STAGE2_BANK16,116,F2,0.05430861935019493,0.024290790781378746,95.45897459983826,0.25398749113082886,0.04042157530784607,0.04383048601448536,154
SLAKE_STAGE2_BANK16,116,F2,0.053183116018772125,0.015317666344344616,96.07657647132874,0.302550733089447,0.03506690263748169,0.05139213986694813,155
SLAKE_STAGE2_BANK16,116,F2,0.05285267531871796,0.012500984594225883,96.692312002182,0.26410993933677673,0.029054641723632812,0.038125988095998764,156
SLAKE_STAGE2_BANK16,116,F2,0.05178246647119522,0.012318562716245651,97.3099582195282,0.2544586956501007,0.02251562476158142,0.045570047572255135,157
SLAKE_STAGE2_BANK16,116,F2,0.05090215429663658,0.02342173457145691,97.9248833656311,0.24853108823299408,0.016978800296783447,0.04094023164361715,158
SLAKE_STAGE2_BANK16,116,F2,0.050387486815452576,0.013351610861718655,98.5415620803833,0.2946675419807434,0.011218786239624023,0.0476053599268198,159
SLAKE_STAGE2_BANK16,116,F2,0.04977552220225334,0.01498144306242466,99.16567134857178,0.5078379511833191,0.005759775638580322,0.03508065873757005,160
