cohort,track,prefix,method,mode,role,stratum,strict_role,diagnostic_step,is_diagnostic,average,inputs,edits,source_images,patients,semantic,semantic_numerator,semantic_denominator,semantic_edit_support,v4_primary,v4_primary_numerator,v4_primary_denominator,v4_primary_edit_support,original_reference_correct,original_reference_correct_numerator,original_reference_correct_denominator,original_reference_correct_edit_support,base_correct,base_correct_numerator,base_correct_denominator,base_correct_edit_support,base_correct_damage,base_correct_damage_numerator,base_correct_damage_denominator,base_correct_damage_edit_support,base_correct_preserved,base_correct_preserved_numerator,base_correct_preserved_denominator,base_correct_preserved_edit_support,base_wrong_became_correct,base_wrong_became_correct_numerator,base_wrong_became_correct_denominator,base_wrong_became_correct_edit_support,base_wrong_changed,base_wrong_changed_numerator,base_wrong_changed_denominator,base_wrong_changed_edit_support,on,on_numerator,on_denominator,on_edit_support,joint_on_correct,joint_on_correct_numerator,joint_on_correct_denominator,joint_on_correct_edit_support,fpr,fpr_numerator,fpr_denominator,fpr_edit_support,misfire_damage,misfire_damage_numerator,misfire_damage_denominator,misfire_damage_edit_support,token_parity,token_parity_numerator,token_parity_denominator,token_parity_edit_support,kl,kl_numerator,kl_denominator,kl_edit_support,own_forced_correct,own_forced_correct_numerator,own_forced_correct_denominator,own_forced_correct_edit_support,rejection,rejection_numerator,rejection_denominator,rejection_edit_support,wrong_writer,wrong_writer_numerator,wrong_writer_denominator,wrong_writer_edit_support,writer_error,writer_error_numerator,writer_error_denominator,writer_error_edit_support,equivalent_correct,equivalent_correct_numerator,equivalent_correct_denominator,equivalent_correct_edit_support,other_expert_correct,other_expert_correct_numerator,other_expert_correct_denominator,other_expert_correct_edit_support,selected_writer_error,selected_writer_error_numerator,selected_writer_error_denominator,selected_writer_error_edit_support,ended_with_eos,ended_with_eos_numerator,ended_with_eos_denominator,ended_with_eos_edit_support,cap_hit,cap_hit_numerator,cap_hit_denominator,cap_hit_edit_support,wrong_given_on_base_correct,wrong_given_on_base_correct_numerator,wrong_given_on_base_correct_denominator,wrong_given_on_base_correct_edit_support,wrong_given_on_strict_base,wrong_given_on_strict_base_numerator,wrong_given_on_strict_base_denominator,wrong_given_on_strict_base_edit_support,positive_wrong_rejection,positive_wrong_rejection_numerator,positive_wrong_rejection_denominator,positive_wrong_rejection_edit_support,positive_wrong_selection,positive_wrong_selection_numerator,positive_wrong_selection_denominator,positive_wrong_selection_edit_support,positive_owner_error,positive_owner_error_numerator,positive_owner_error_denominator,positive_owner_error_edit_support,correct_via_base_return,correct_via_base_return_numerator,correct_via_base_return_denominator,correct_via_base_return_edit_support,correct_via_owner_writer,correct_via_owner_writer_numerator,correct_via_owner_writer_denominator,correct_via_owner_writer_edit_support,correct_via_other_writer,correct_via_other_writer_numerator,correct_via_other_writer_denominator,correct_via_other_writer_edit_support
SLAKE_STAGE2_BANK16,B,1,BE,R0,evaluation,H,STRICT_BASE,320,False,macro,2,1,2,UNKNOWN,0.0,0.0,2,1,,,0,0,0.0,0.0,2,1,1.0,2.0,2,1,1.0,2.0,2,1,0.0,0.0,2,1,,,0,0,,,0,0,1.0,2.0,2,1,0.0,0.0,2,1,1.0,2.0,2,1,1.0,2.0,2,1,0.0,0.0,2,1,,,0,0,0.0,0.0,2,1,,,0,0,,,0,0,,,0,0,,,0,0,,,0,0,,,0,0,1.0,2.0,2,1,,,0,0,1.0,2.0,2,1,1.0,2.0,2,1,,,0,0,,,0,0,,,0,0,0.0,0.0,2,1,0.0,0.0,2,1,0.0,0.0,2,1
SLAKE_STAGE2_BANK16,B,1,BE,R0,evaluation,H,STRICT_BASE,320,False,micro,2,1,2,UNKNOWN,0.0,0.0,2,1,,,0,0,0.0,0.0,2,1,1.0,2.0,2,1,1.0,2.0,2,1,0.0,0.0,2,1,,,0,0,,,0,0,1.0,2.0,2,1,0.0,0.0,2,1,1.0,2.0,2,1,1.0,2.0,2,1,0.0,0.0,2,1,,,0,0,0.0,0.0,2,1,,,0,0,,,0,0,,,0,0,,,0,0,,,0,0,,,0,0,1.0,2.0,2,1,,,0,0,1.0,2.0,2,1,1.0,2.0,2,1,,,0,0,,,0,0,,,0,0,0.0,0.0,2,1,0.0,0.0,2,1,0.0,0.0,2,1
SLAKE_STAGE2_BANK16,B,1,BE,R0,evaluation,U,STRICT_BASE,320,False,macro,12,1,12,UNKNOWN,0.0,0.0,12,1,,,0,0,0.0,0.0,12,1,0.5833333333333334,7.0,12,1,1.0,7.0,7,1,0.0,0.0,7,1,0.0,0.0,5,1,0.6,3.0,5,1,0.8333333333333334,10.0,12,1,0.0,0.0,12,1,0.8333333333333334,10.0,12,1,1.0,7.0,7,1,0.16666666666666666,2.0,12,1,,,0,0,0.0,0.0,12,1,,,0,0,,,0,0,,,0,0,,,0,0,,,0,0,,,0,0,1.0,10.0,10,1,,,0,0,1.0,7.0,7,1,1.0,10.0,10,1,,,0,0,,,0,0,,,0,0,0.0,0.0,12,1,0.0,0.0,12,1,0.0,0.0,12,1
SLAKE_STAGE2_BANK16,B,1,BE,R0,evaluation,U,STRICT_BASE,320,False,micro,12,1,12,UNKNOWN,0.0,0.0,12,1,,,0,0,0.0,0.0,12,1,0.5833333333333334,7.0,12,1,1.0,7.0,7,1,0.0,0.0,7,1,0.0,0.0,5,1,0.6,3.0,5,1,0.8333333333333334,10.0,12,1,0.0,0.0,12,1,0.8333333333333334,10.0,12,1,1.0,7.0,7,1,0.16666666666666666,2.0,12,1,,,0,0,0.0,0.0,12,1,,,0,0,,,0,0,,,0,0,,,0,0,,,0,0,,,0,0,1.0,10.0,10,1,,,0,0,1.0,7.0,7,1,1.0,10.0,10,1,,,0,0,,,0,0,,,0,0,0.0,0.0,12,1,0.0,0.0,12,1,0.0,0.0,12,1
SLAKE_STAGE2_BANK16,B,1,BE,R0,evaluation,cross_family_confirmation,EDIT_TARGET,320,False,macro,2,1,1,UNKNOWN,1.0,2.0,2,1,,,0,0,1.0,2.0,2,1,1.0,2.0,2,1,,,0,0,,,0,0,,,0,0,,,0,0,1.0,2.0,2,1,1.0,2.0,2,1,,,0,0,,,0,0,0.0,0.0,2,1,,,0,0,1.0,2.0,2,1,0.0,0.0,2,1,0.0,0.0,2,1,0.0,0.0,2,1,0.0,0.0,2,1,0.0,0.0,2,1,0.0,0.0,2,1,1.0,2.0,2,1,,,0,0,,,0,0,,,0,0,0.0,0.0,2,1,0.0,0.0,2,1,0.0,0.0,2,1,0.0,0.0,2,1,1.0,2.0,2,1,0.0,0.0,2,1
SLAKE_STAGE2_BANK16,B,1,BE,R0,evaluation,cross_family_confirmation,EDIT_TARGET,320,False,micro,2,1,1,UNKNOWN,1.0,2.0,2,1,,,0,0,1.0,2.0,2,1,1.0,2.0,2,1,,,0,0,,,0,0,,,0,0,,,0,0,1.0,2.0,2,1,1.0,2.0,2,1,,,0,0,,,0,0,0.0,0.0,2,1,,,0,0,1.0,2.0,2,1,0.0,0.0,2,1,0.0,0.0,2,1,0.0,0.0,2,1,0.0,0.0,2,1,0.0,0.0,2,1,0.0,0.0,2,1,1.0,2.0,2,1,,,0,0,,,0,0,,,0,0,0.0,0.0,2,1,0.0,0.0,2,1,0.0,0.0,2,1,0.0,0.0,2,1,1.0,2.0,2,1,0.0,0.0,2,1
SLAKE_STAGE2_BANK16,B,1,BE,R0,evaluation,source_style_confirmation,EDIT_TARGET,320,False,macro,2,1,1,UNKNOWN,1.0,2.0,2,1,,,0,0,1.0,2.0,2,1,1.0,2.0,2,1,,,0,0,,,0,0,,,0,0,,,0,0,1.0,2.0,2,1,1.0,2.0,2,1,,,0,0,,,0,0,0.0,0.0,2,1,,,0,0,1.0,2.0,2,1,0.0,0.0,2,1,0.0,0.0,2,1,0.0,0.0,2,1,0.0,0.0,2,1,0.0,0.0,2,1,0.0,0.0,2,1,1.0,2.0,2,1,,,0,0,,,0,0,,,0,0,0.0,0.0,2,1,0.0,0.0,2,1,0.0,0.0,2,1,0.0,0.0,2,1,1.0,2.0,2,1,0.0,0.0,2,1
SLAKE_STAGE2_BANK16,B,1,BE,R0,evaluation,source_style_confirmation,EDIT_TARGET,320,False,micro,2,1,1,UNKNOWN,1.0,2.0,2,1,,,0,0,1.0,2.0,2,1,1.0,2.0,2,1,,,0,0,,,0,0,,,0,0,,,0,0,1.0,2.0,2,1,1.0,2.0,2,1,,,0,0,,,0,0,0.0,0.0,2,1,,,0,0,1.0,2.0,2,1,0.0,0.0,2,1,0.0,0.0,2,1,0.0,0.0,2,1,0.0,0.0,2,1,0.0,0.0,2,1,0.0,0.0,2,1,1.0,2.0,2,1,,,0,0,,,0,0,,,0,0,0.0,0.0,2,1,0.0,0.0,2,1,0.0,0.0,2,1,0.0,0.0,2,1,1.0,2.0,2,1,0.0,0.0,2,1
SLAKE_STAGE2_BANK16,B,1,BE,R0,native,T0,EDIT_TARGET,320,False,macro,1,1,1,UNKNOWN,1.0,1.0,1,1,,,0,0,1.0,1.0,1,1,0.0,0.0,1,1,,,0,0,,,0,0,1.0,1.0,1,1,1.0,1.0,1,1,1.0,1.0,1,1,1.0,1.0,1,1,,,0,0,,,0,0,0.0,0.0,1,1,,,0,0,1.0,1.0,1,1,0.0,0.0,1,1,0.0,0.0,1,1,0.0,0.0,1,1,0.0,0.0,1,1,0.0,0.0,1,1,0.0,0.0,1,1,1.0,1.0,1,1,,,0,0,,,0,0,,,0,0,0.0,0.0,1,1,0.0,0.0,1,1,0.0,0.0,1,1,0.0,0.0,1,1,1.0,1.0,1,1,0.0,0.0,1,1
SLAKE_STAGE2_BANK16,B,1,BE,R0,native,T0,EDIT_TARGET,320,False,micro,1,1,1,UNKNOWN,1.0,1.0,1,1,,,0,0,1.0,1.0,1,1,0.0,0.0,1,1,,,0,0,,,0,0,1.0,1.0,1,1,1.0,1.0,1,1,1.0,1.0,1,1,1.0,1.0,1,1,,,0,0,,,0,0,0.0,0.0,1,1,,,0,0,1.0,1.0,1,1,0.0,0.0,1,1,0.0,0.0,1,1,0.0,0.0,1,1,0.0,0.0,1,1,0.0,0.0,1,1,0.0,0.0,1,1,1.0,1.0,1,1,,,0,0,,,0,0,,,0,0,0.0,0.0,1,1,0.0,0.0,1,1,0.0,0.0,1,1,0.0,0.0,1,1,1.0,1.0,1,1,0.0,0.0,1,1
SLAKE_STAGE2_BANK16,B,1,W0,R0,evaluation,H,STRICT_BASE,320,False,macro,2,1,2,UNKNOWN,0.0,0.0,2,1,,,0,0,0.0,0.0,2,1,1.0,2.0,2,1,1.0,2.0,2,1,0.0,0.0,2,1,,,0,0,,,0,0,1.0,2.0,2,1,0.0,0.0,2,1,1.0,2.0,2,1,1.0,2.0,2,1,0.0,0.0,2,1,,,0,0,0.0,0.0,2,1,,,0,0,,,0,0,,,0,0,,,0,0,,,0,0,,,0,0,1.0,2.0,2,1,,,0,0,1.0,2.0,2,1,1.0,2.0,2,1,,,0,0,,,0,0,,,0,0,0.0,0.0,2,1,0.0,0.0,2,1,0.0,0.0,2,1
SLAKE_STAGE2_BANK16,B,1,W0,R0,evaluation,H,STRICT_BASE,320,False,micro,2,1,2,UNKNOWN,0.0,0.0,2,1,,,0,0,0.0,0.0,2,1,1.0,2.0,2,1,1.0,2.0,2,1,0.0,0.0,2,1,,,0,0,,,0,0,1.0,2.0,2,1,0.0,0.0,2,1,1.0,2.0,2,1,1.0,2.0,2,1,0.0,0.0,2,1,,,0,0,0.0,0.0,2,1,,,0,0,,,0,0,,,0,0,,,0,0,,,0,0,,,0,0,1.0,2.0,2,1,,,0,0,1.0,2.0,2,1,1.0,2.0,2,1,,,0,0,,,0,0,,,0,0,0.0,0.0,2,1,0.0,0.0,2,1,0.0,0.0,2,1
SLAKE_STAGE2_BANK16,B,1,W0,R0,evaluation,U,STRICT_BASE,320,False,macro,12,1,12,UNKNOWN,0.4166666666666667,5.0,12,1,,,0,0,0.4166666666666667,5.0,12,1,0.5833333333333334,7.0,12,1,0.2857142857142857,2.0,7,1,0.7142857142857143,5.0,7,1,0.0,0.0,5,1,0.6,3.0,5,1,0.8333333333333334,10.0,12,1,0.4166666666666667,5.0,12,1,0.8333333333333334,10.0,12,1,0.2857142857142857,2.0,7,1,0.5,6.0,12,1,,,0,0,0.4166666666666667,5.0,12,1,,,0,0,,,0,0,,,0,0,,,0,0,,,0,0,,,0,0,1.0,10.0,10,1,,,0,0,0.2857142857142857,2.0,7,1,0.5,5.0,10,1,,,0,0,,,0,0,,,0,0,0.0,0.0,12,1,0.4166666666666667,5.0,12,1,0.0,0.0,12,1
SLAKE_STAGE2_BANK16,B,1,W0,R0,evaluation,U,STRICT_BASE,320,False,micro,12,1,12,UNKNOWN,0.4166666666666667,5.0,12,1,,,0,0,0.4166666666666667,5.0,12,1,0.5833333333333334,7.0,12,1,0.2857142857142857,2.0,7,1,0.7142857142857143,5.0,7,1,0.0,0.0,5,1,0.6,3.0,5,1,0.8333333333333334,10.0,12,1,0.4166666666666667,5.0,12,1,0.8333333333333334,10.0,12,1,0.2857142857142857,2.0,7,1,0.5,6.0,12,1,,,0,0,0.4166666666666667,5.0,12,1,,,0,0,,,0,0,,,0,0,,,0,0,,,0,0,,,0,0,1.0,10.0,10,1,,,0,0,0.2857142857142857,2.0,7,1,0.5,5.0,10,1,,,0,0,,,0,0,,,0,0,0.0,0.0,12,1,0.4166666666666667,5.0,12,1,0.0,0.0,12,1
SLAKE_STAGE2_BANK16,B,1,W0,R0,evaluation,cross_family_confirmation,EDIT_TARGET,320,False,macro,2,1,1,UNKNOWN,1.0,2.0,2,1,,,0,0,1.0,2.0,2,1,1.0,2.0,2,1,,,0,0,,,0,0,,,0,0,,,0,0,1.0,2.0,2,1,1.0,2.0,2,1,,,0,0,,,0,0,0.0,0.0,2,1,,,0,0,1.0,2.0,2,1,0.0,0.0,2,1,0.0,0.0,2,1,0.0,0.0,2,1,0.0,0.0,2,1,0.0,0.0,2,1,0.0,0.0,2,1,1.0,2.0,2,1,,,0,0,,,0,0,,,0,0,0.0,0.0,2,1,0.0,0.0,2,1,0.0,0.0,2,1,0.0,0.0,2,1,1.0,2.0,2,1,0.0,0.0,2,1
SLAKE_STAGE2_BANK16,B,1,W0,R0,evaluation,cross_family_confirmation,EDIT_TARGET,320,False,micro,2,1,1,UNKNOWN,1.0,2.0,2,1,,,0,0,1.0,2.0,2,1,1.0,2.0,2,1,,,0,0,,,0,0,,,0,0,,,0,0,1.0,2.0,2,1,1.0,2.0,2,1,,,0,0,,,0,0,0.0,0.0,2,1,,,0,0,1.0,2.0,2,1,0.0,0.0,2,1,0.0,0.0,2,1,0.0,0.0,2,1,0.0,0.0,2,1,0.0,0.0,2,1,0.0,0.0,2,1,1.0,2.0,2,1,,,0,0,,,0,0,,,0,0,0.0,0.0,2,1,0.0,0.0,2,1,0.0,0.0,2,1,0.0,0.0,2,1,1.0,2.0,2,1,0.0,0.0,2,1
SLAKE_STAGE2_BANK16,B,1,W0,R0,evaluation,source_style_confirmation,EDIT_TARGET,320,False,macro,2,1,1,UNKNOWN,1.0,2.0,2,1,,,0,0,1.0,2.0,2,1,1.0,2.0,2,1,,,0,0,,,0,0,,,0,0,,,0,0,1.0,2.0,2,1,1.0,2.0,2,1,,,0,0,,,0,0,0.0,0.0,2,1,,,0,0,1.0,2.0,2,1,0.0,0.0,2,1,0.0,0.0,2,1,0.0,0.0,2,1,0.0,0.0,2,1,0.0,0.0,2,1,0.0,0.0,2,1,1.0,2.0,2,1,,,0,0,,,0,0,,,0,0,0.0,0.0,2,1,0.0,0.0,2,1,0.0,0.0,2,1,0.0,0.0,2,1,1.0,2.0,2,1,0.0,0.0,2,1
SLAKE_STAGE2_BANK16,B,1,W0,R0,evaluation,source_style_confirmation,EDIT_TARGET,320,False,micro,2,1,1,UNKNOWN,1.0,2.0,2,1,,,0,0,1.0,2.0,2,1,1.0,2.0,2,1,,,0,0,,,0,0,,,0,0,,,0,0,1.0,2.0,2,1,1.0,2.0,2,1,,,0,0,,,0,0,0.0,0.0,2,1,,,0,0,1.0,2.0,2,1,0.0,0.0,2,1,0.0,0.0,2,1,0.0,0.0,2,1,0.0,0.0,2,1,0.0,0.0,2,1,0.0,0.0,2,1,1.0,2.0,2,1,,,0,0,,,0,0,,,0,0,0.0,0.0,2,1,0.0,0.0,2,1,0.0,0.0,2,1,0.0,0.0,2,1,1.0,2.0,2,1,0.0,0.0,2,1
SLAKE_STAGE2_BANK16,B,1,W0,R0,native,T0,EDIT_TARGET,320,False,macro,1,1,1,UNKNOWN,1.0,1.0,1,1,,,0,0,1.0,1.0,1,1,0.0,0.0,1,1,,,0,0,,,0,0,1.0,1.0,1,1,1.0,1.0,1,1,1.0,1.0,1,1,1.0,1.0,1,1,,,0,0,,,0,0,0.0,0.0,1,1,,,0,0,1.0,1.0,1,1,0.0,0.0,1,1,0.0,0.0,1,1,0.0,0.0,1,1,0.0,0.0,1,1,0.0,0.0,1,1,0.0,0.0,1,1,1.0,1.0,1,1,,,0,0,,,0,0,,,0,0,0.0,0.0,1,1,0.0,0.0,1,1,0.0,0.0,1,1,0.0,0.0,1,1,1.0,1.0,1,1,0.0,0.0,1,1
SLAKE_STAGE2_BANK16,B,1,W0,R0,native,T0,EDIT_TARGET,320,False,micro,1,1,1,UNKNOWN,1.0,1.0,1,1,,,0,0,1.0,1.0,1,1,0.0,0.0,1,1,,,0,0,,,0,0,1.0,1.0,1,1,1.0,1.0,1,1,1.0,1.0,1,1,1.0,1.0,1,1,,,0,0,,,0,0,0.0,0.0,1,1,,,0,0,1.0,1.0,1,1,0.0,0.0,1,1,0.0,0.0,1,1,0.0,0.0,1,1,0.0,0.0,1,1,0.0,0.0,1,1,0.0,0.0,1,1,1.0,1.0,1,1,,,0,0,,,0,0,,,0,0,0.0,0.0,1,1,0.0,0.0,1,1,0.0,0.0,1,1,0.0,0.0,1,1,1.0,1.0,1,1,0.0,0.0,1,1
SLAKE_STAGE2_BANK16,B,1,W0,RC,evaluation,H,STRICT_BASE,320,False,macro,2,1,2,UNKNOWN,1.0,2.0,2,1,,,0,0,1.0,2.0,2,1,1.0,2.0,2,1,0.0,0.0,2,1,1.0,2.0,2,1,,,0,0,,,0,0,0.0,0.0,2,1,0.0,0.0,2,1,0.0,0.0,2,1,0.0,0.0,2,1,1.0,2.0,2,1,,,0,0,0.0,0.0,2,1,,,0,0,,,0,0,,,0,0,,,0,0,,,0,0,,,0,0,,,0,0,,,0,0,,,0,0,,,0,0,,,0,0,,,0,0,,,0,0,1.0,2.0,2,1,0.0,0.0,2,1,0.0,0.0,2,1
SLAKE_STAGE2_BANK16,B,1,W0,RC,evaluation,H,STRICT_BASE,320,False,micro,2,1,2,UNKNOWN,1.0,2.0,2,1,,,0,0,1.0,2.0,2,1,1.0,2.0,2,1,0.0,0.0,2,1,1.0,2.0,2,1,,,0,0,,,0,0,0.0,0.0,2,1,0.0,0.0,2,1,0.0,0.0,2,1,0.0,0.0,2,1,1.0,2.0,2,1,,,0,0,0.0,0.0,2,1,,,0,0,,,0,0,,,0,0,,,0,0,,,0,0,,,0,0,,,0,0,,,0,0,,,0,0,,,0,0,,,0,0,,,0,0,,,0,0,1.0,2.0,2,1,0.0,0.0,2,1,0.0,0.0,2,1
SLAKE_STAGE2_BANK16,B,1,W0,RC,evaluation,U,STRICT_BASE,320,False,macro,12,1,12,UNKNOWN,0.5833333333333334,7.0,12,1,,,0,0,0.5833333333333334,7.0,12,1,0.5833333333333334,7.0,12,1,0.0,0.0,7,1,1.0,7.0,7,1,0.0,0.0,5,1,0.2,1.0,5,1,0.08333333333333333,1.0,12,1,0.0,0.0,12,1,0.08333333333333333,1.0,12,1,0.0,0.0,7,1,0.9166666666666666,11.0,12,1,,,0,0,0.4166666666666667,5.0,12,1,,,0,0,,,0,0,,,0,0,,,0,0,,,0,0,,,0,0,1.0,1.0,1,1,,,0,0,,,0,0,1.0,1.0,1,1,,,0,0,,,0,0,,,0,0,0.5833333333333334,7.0,12,1,0.0,0.0,12,1,0.0,0.0,12,1
SLAKE_STAGE2_BANK16,B,1,W0,RC,evaluation,U,STRICT_BASE,320,False,micro,12,1,12,UNKNOWN,0.5833333333333334,7.0,12,1,,,0,0,0.5833333333333334,7.0,12,1,0.5833333333333334,7.0,12,1,0.0,0.0,7,1,1.0,7.0,7,1,0.0,0.0,5,1,0.2,1.0,5,1,0.08333333333333333,1.0,12,1,0.0,0.0,12,1,0.08333333333333333,1.0,12,1,0.0,0.0,7,1,0.9166666666666666,11.0,12,1,,,0,0,0.4166666666666667,5.0,12,1,,,0,0,,,0,0,,,0,0,,,0,0,,,0,0,,,0,0,1.0,1.0,1,1,,,0,0,,,0,0,1.0,1.0,1,1,,,0,0,,,0,0,,,0,0,0.5833333333333334,7.0,12,1,0.0,0.0,12,1,0.0,0.0,12,1
SLAKE_STAGE2_BANK16,B,1,W0,RC,evaluation,cross_family_confirmation,EDIT_TARGET,320,False,macro,2,1,1,UNKNOWN,1.0,2.0,2,1,,,0,0,1.0,2.0,2,1,1.0,2.0,2,1,,,0,0,,,0,0,,,0,0,,,0,0,1.0,2.0,2,1,1.0,2.0,2,1,,,0,0,,,0,0,0.0,0.0,2,1,,,0,0,1.0,2.0,2,1,0.0,0.0,2,1,0.0,0.0,2,1,0.0,0.0,2,1,0.0,0.0,2,1,0.0,0.0,2,1,0.0,0.0,2,1,1.0,2.0,2,1,,,0,0,,,0,0,,,0,0,0.0,0.0,2,1,0.0,0.0,2,1,0.0,0.0,2,1,0.0,0.0,2,1,1.0,2.0,2,1,0.0,0.0,2,1
SLAKE_STAGE2_BANK16,B,1,W0,RC,evaluation,cross_family_confirmation,EDIT_TARGET,320,False,micro,2,1,1,UNKNOWN,1.0,2.0,2,1,,,0,0,1.0,2.0,2,1,1.0,2.0,2,1,,,0,0,,,0,0,,,0,0,,,0,0,1.0,2.0,2,1,1.0,2.0,2,1,,,0,0,,,0,0,0.0,0.0,2,1,,,0,0,1.0,2.0,2,1,0.0,0.0,2,1,0.0,0.0,2,1,0.0,0.0,2,1,0.0,0.0,2,1,0.0,0.0,2,1,0.0,0.0,2,1,1.0,2.0,2,1,,,0,0,,,0,0,,,0,0,0.0,0.0,2,1,0.0,0.0,2,1,0.0,0.0,2,1,0.0,0.0,2,1,1.0,2.0,2,1,0.0,0.0,2,1
SLAKE_STAGE2_BANK16,B,1,W0,RC,evaluation,source_style_confirmation,EDIT_TARGET,320,False,macro,2,1,1,UNKNOWN,1.0,2.0,2,1,,,0,0,1.0,2.0,2,1,1.0,2.0,2,1,,,0,0,,,0,0,,,0,0,,,0,0,1.0,2.0,2,1,1.0,2.0,2,1,,,0,0,,,0,0,0.0,0.0,2,1,,,0,0,1.0,2.0,2,1,0.0,0.0,2,1,0.0,0.0,2,1,0.0,0.0,2,1,0.0,0.0,2,1,0.0,0.0,2,1,0.0,0.0,2,1,1.0,2.0,2,1,,,0,0,,,0,0,,,0,0,0.0,0.0,2,1,0.0,0.0,2,1,0.0,0.0,2,1,0.0,0.0,2,1,1.0,2.0,2,1,0.0,0.0,2,1
SLAKE_STAGE2_BANK16,B,1,W0,RC,evaluation,source_style_confirmation,EDIT_TARGET,320,False,micro,2,1,1,UNKNOWN,1.0,2.0,2,1,,,0,0,1.0,2.0,2,1,1.0,2.0,2,1,,,0,0,,,0,0,,,0,0,,,0,0,1.0,2.0,2,1,1.0,2.0,2,1,,,0,0,,,0,0,0.0,0.0,2,1,,,0,0,1.0,2.0,2,1,0.0,0.0,2,1,0.0,0.0,2,1,0.0,0.0,2,1,0.0,0.0,2,1,0.0,0.0,2,1,0.0,0.0,2,1,1.0,2.0,2,1,,,0,0,,,0,0,,,0,0,0.0,0.0,2,1,0.0,0.0,2,1,0.0,0.0,2,1,0.0,0.0,2,1,1.0,2.0,2,1,0.0,0.0,2,1
SLAKE_STAGE2_BANK16,B,1,W0,RC,native,T0,EDIT_TARGET,320,False,macro,1,1,1,UNKNOWN,1.0,1.0,1,1,,,0,0,1.0,1.0,1,1,0.0,0.0,1,1,,,0,0,,,0,0,1.0,1.0,1,1,1.0,1.0,1,1,1.0,1.0,1,1,1.0,1.0,1,1,,,0,0,,,0,0,0.0,0.0,1,1,,,0,0,1.0,1.0,1,1,0.0,0.0,1,1,0.0,0.0,1,1,0.0,0.0,1,1,0.0,0.0,1,1,0.0,0.0,1,1,0.0,0.0,1,1,1.0,1.0,1,1,,,0,0,,,0,0,,,0,0,0.0,0.0,1,1,0.0,0.0,1,1,0.0,0.0,1,1,0.0,0.0,1,1,1.0,1.0,1,1,0.0,0.0,1,1
SLAKE_STAGE2_BANK16,B,1,W0,RC,native,T0,EDIT_TARGET,320,False,micro,1,1,1,UNKNOWN,1.0,1.0,1,1,,,0,0,1.0,1.0,1,1,0.0,0.0,1,1,,,0,0,,,0,0,1.0,1.0,1,1,1.0,1.0,1,1,1.0,1.0,1,1,1.0,1.0,1,1,,,0,0,,,0,0,0.0,0.0,1,1,,,0,0,1.0,1.0,1,1,0.0,0.0,1,1,0.0,0.0,1,1,0.0,0.0,1,1,0.0,0.0,1,1,0.0,0.0,1,1,0.0,0.0,1,1,1.0,1.0,1,1,,,0,0,,,0,0,,,0,0,0.0,0.0,1,1,0.0,0.0,1,1,0.0,0.0,1,1,0.0,0.0,1,1,1.0,1.0,1,1,0.0,0.0,1,1
SLAKE_STAGE2_BANK16,B,1,W01,R0,evaluation,H,STRICT_BASE,320,False,macro,2,1,2,UNKNOWN,1.0,2.0,2,1,,,0,0,1.0,2.0,2,1,1.0,2.0,2,1,0.0,0.0,2,1,1.0,2.0,2,1,,,0,0,,,0,0,1.0,2.0,2,1,1.0,2.0,2,1,1.0,2.0,2,1,0.0,0.0,2,1,0.5,1.0,2,1,,,0,0,1.0,2.0,2,1,,,0,0,,,0,0,,,0,0,,,0,0,,,0,0,,,0,0,1.0,2.0,2,1,,,0,0,0.0,0.0,2,1,0.0,0.0,2,1,,,0,0,,,0,0,,,0,0,0.0,0.0,2,1,1.0,2.0,2,1,0.0,0.0,2,1
SLAKE_STAGE2_BANK16,B,1,W01,R0,evaluation,H,STRICT_BASE,320,False,micro,2,1,2,UNKNOWN,1.0,2.0,2,1,,,0,0,1.0,2.0,2,1,1.0,2.0,2,1,0.0,0.0,2,1,1.0,2.0,2,1,,,0,0,,,0,0,1.0,2.0,2,1,1.0,2.0,2,1,1.0,2.0,2,1,0.0,0.0,2,1,0.5,1.0,2,1,,,0,0,1.0,2.0,2,1,,,0,0,,,0,0,,,0,0,,,0,0,,,0,0,,,0,0,1.0,2.0,2,1,,,0,0,0.0,0.0,2,1,0.0,0.0,2,1,,,0,0,,,0,0,,,0,0,0.0,0.0,2,1,1.0,2.0,2,1,0.0,0.0,2,1
SLAKE_STAGE2_BANK16,B,1,W01,R0,evaluation,U,STRICT_BASE,320,False,macro,12,1,12,UNKNOWN,0.5833333333333334,7.0,12,1,,,0,0,0.5833333333333334,7.0,12,1,0.5833333333333334,7.0,12,1,0.0,0.0,7,1,1.0,7.0,7,1,0.0,0.0,5,1,0.0,0.0,5,1,0.8333333333333334,10.0,12,1,0.5833333333333334,7.0,12,1,0.8333333333333334,10.0,12,1,0.0,0.0,7,1,0.9166666666666666,11.0,12,1,,,0,0,0.5833333333333334,7.0,12,1,,,0,0,,,0,0,,,0,0,,,0,0,,,0,0,,,0,0,1.0,10.0,10,1,,,0,0,0.0,0.0,7,1,0.3,3.0,10,1,,,0,0,,,0,0,,,0,0,0.0,0.0,12,1,0.5833333333333334,7.0,12,1,0.0,0.0,12,1
SLAKE_STAGE2_BANK16,B,1,W01,R0,evaluation,U,STRICT_BASE,320,False,micro,12,1,12,UNKNOWN,0.5833333333333334,7.0,12,1,,,0,0,0.5833333333333334,7.0,12,1,0.5833333333333334,7.0,12,1,0.0,0.0,7,1,1.0,7.0,7,1,0.0,0.0,5,1,0.0,0.0,5,1,0.8333333333333334,10.0,12,1,0.5833333333333334,7.0,12,1,0.8333333333333334,10.0,12,1,0.0,0.0,7,1,0.9166666666666666,11.0,12,1,,,0,0,0.5833333333333334,7.0,12,1,,,0,0,,,0,0,,,0,0,,,0,0,,,0,0,,,0,0,1.0,10.0,10,1,,,0,0,0.0,0.0,7,1,0.3,3.0,10,1,,,0,0,,,0,0,,,0,0,0.0,0.0,12,1,0.5833333333333334,7.0,12,1,0.0,0.0,12,1
SLAKE_STAGE2_BANK16,B,1,W01,R0,evaluation,cross_family_confirmation,EDIT_TARGET,320,False,macro,2,1,1,UNKNOWN,1.0,2.0,2,1,,,0,0,1.0,2.0,2,1,1.0,2.0,2,1,,,0,0,,,0,0,,,0,0,,,0,0,1.0,2.0,2,1,1.0,2.0,2,1,,,0,0,,,0,0,0.0,0.0,2,1,,,0,0,1.0,2.0,2,1,0.0,0.0,2,1,0.0,0.0,2,1,0.0,0.0,2,1,0.0,0.0,2,1,0.0,0.0,2,1,0.0,0.0,2,1,1.0,2.0,2,1,,,0,0,,,0,0,,,0,0,0.0,0.0,2,1,0.0,0.0,2,1,0.0,0.0,2,1,0.0,0.0,2,1,1.0,2.0,2,1,0.0,0.0,2,1
SLAKE_STAGE2_BANK16,B,1,W01,R0,evaluation,cross_family_confirmation,EDIT_TARGET,320,False,micro,2,1,1,UNKNOWN,1.0,2.0,2,1,,,0,0,1.0,2.0,2,1,1.0,2.0,2,1,,,0,0,,,0,0,,,0,0,,,0,0,1.0,2.0,2,1,1.0,2.0,2,1,,,0,0,,,0,0,0.0,0.0,2,1,,,0,0,1.0,2.0,2,1,0.0,0.0,2,1,0.0,0.0,2,1,0.0,0.0,2,1,0.0,0.0,2,1,0.0,0.0,2,1,0.0,0.0,2,1,1.0,2.0,2,1,,,0,0,,,0,0,,,0,0,0.0,0.0,2,1,0.0,0.0,2,1,0.0,0.0,2,1,0.0,0.0,2,1,1.0,2.0,2,1,0.0,0.0,2,1
SLAKE_STAGE2_BANK16,B,1,W01,R0,evaluation,source_style_confirmation,EDIT_TARGET,320,False,macro,2,1,1,UNKNOWN,1.0,2.0,2,1,,,0,0,1.0,2.0,2,1,1.0,2.0,2,1,,,0,0,,,0,0,,,0,0,,,0,0,1.0,2.0,2,1,1.0,2.0,2,1,,,0,0,,,0,0,0.0,0.0,2,1,,,0,0,1.0,2.0,2,1,0.0,0.0,2,1,0.0,0.0,2,1,0.0,0.0,2,1,0.0,0.0,2,1,0.0,0.0,2,1,0.0,0.0,2,1,1.0,2.0,2,1,,,0,0,,,0,0,,,0,0,0.0,0.0,2,1,0.0,0.0,2,1,0.0,0.0,2,1,0.0,0.0,2,1,1.0,2.0,2,1,0.0,0.0,2,1
SLAKE_STAGE2_BANK16,B,1,W01,R0,evaluation,source_style_confirmation,EDIT_TARGET,320,False,micro,2,1,1,UNKNOWN,1.0,2.0,2,1,,,0,0,1.0,2.0,2,1,1.0,2.0,2,1,,,0,0,,,0,0,,,0,0,,,0,0,1.0,2.0,2,1,1.0,2.0,2,1,,,0,0,,,0,0,0.0,0.0,2,1,,,0,0,1.0,2.0,2,1,0.0,0.0,2,1,0.0,0.0,2,1,0.0,0.0,2,1,0.0,0.0,2,1,0.0,0.0,2,1,0.0,0.0,2,1,1.0,2.0,2,1,,,0,0,,,0,0,,,0,0,0.0,0.0,2,1,0.0,0.0,2,1,0.0,0.0,2,1,0.0,0.0,2,1,1.0,2.0,2,1,0.0,0.0,2,1
SLAKE_STAGE2_BANK16,B,1,W01,R0,native,T0,EDIT_TARGET,320,False,macro,1,1,1,UNKNOWN,1.0,1.0,1,1,,,0,0,1.0,1.0,1,1,0.0,0.0,1,1,,,0,0,,,0,0,1.0,1.0,1,1,1.0,1.0,1,1,1.0,1.0,1,1,1.0,1.0,1,1,,,0,0,,,0,0,0.0,0.0,1,1,,,0,0,1.0,1.0,1,1,0.0,0.0,1,1,0.0,0.0,1,1,0.0,0.0,1,1,0.0,0.0,1,1,0.0,0.0,1,1,0.0,0.0,1,1,1.0,1.0,1,1,,,0,0,,,0,0,,,0,0,0.0,0.0,1,1,0.0,0.0,1,1,0.0,0.0,1,1,0.0,0.0,1,1,1.0,1.0,1,1,0.0,0.0,1,1
SLAKE_STAGE2_BANK16,B,1,W01,R0,native,T0,EDIT_TARGET,320,False,micro,1,1,1,UNKNOWN,1.0,1.0,1,1,,,0,0,1.0,1.0,1,1,0.0,0.0,1,1,,,0,0,,,0,0,1.0,1.0,1,1,1.0,1.0,1,1,1.0,1.0,1,1,1.0,1.0,1,1,,,0,0,,,0,0,0.0,0.0,1,1,,,0,0,1.0,1.0,1,1,0.0,0.0,1,1,0.0,0.0,1,1,0.0,0.0,1,1,0.0,0.0,1,1,0.0,0.0,1,1,0.0,0.0,1,1,1.0,1.0,1,1,,,0,0,,,0,0,,,0,0,0.0,0.0,1,1,0.0,0.0,1,1,0.0,0.0,1,1,0.0,0.0,1,1,1.0,1.0,1,1,0.0,0.0,1,1
SLAKE_STAGE2_BANK16,B,1,W01,RC,evaluation,H,STRICT_BASE,320,False,macro,2,1,2,UNKNOWN,1.0,2.0,2,1,,,0,0,1.0,2.0,2,1,1.0,2.0,2,1,0.0,0.0,2,1,1.0,2.0,2,1,,,0,0,,,0,0,0.0,0.0,2,1,0.0,0.0,2,1,0.0,0.0,2,1,0.0,0.0,2,1,1.0,2.0,2,1,,,0,0,1.0,2.0,2,1,,,0,0,,,0,0,,,0,0,,,0,0,,,0,0,,,0,0,,,0,0,,,0,0,,,0,0,,,0,0,,,0,0,,,0,0,,,0,0,1.0,2.0,2,1,0.0,0.0,2,1,0.0,0.0,2,1
SLAKE_STAGE2_BANK16,B,1,W01,RC,evaluation,H,STRICT_BASE,320,False,micro,2,1,2,UNKNOWN,1.0,2.0,2,1,,,0,0,1.0,2.0,2,1,1.0,2.0,2,1,0.0,0.0,2,1,1.0,2.0,2,1,,,0,0,,,0,0,0.0,0.0,2,1,0.0,0.0,2,1,0.0,0.0,2,1,0.0,0.0,2,1,1.0,2.0,2,1,,,0,0,1.0,2.0,2,1,,,0,0,,,0,0,,,0,0,,,0,0,,,0,0,,,0,0,,,0,0,,,0,0,,,0,0,,,0,0,,,0,0,,,0,0,,,0,0,1.0,2.0,2,1,0.0,0.0,2,1,0.0,0.0,2,1
SLAKE_STAGE2_BANK16,B,1,W01,RC,evaluation,U,STRICT_BASE,320,False,macro,12,1,12,UNKNOWN,0.5833333333333334,7.0,12,1,,,0,0,0.5833333333333334,7.0,12,1,0.5833333333333334,7.0,12,1,0.0,0.0,7,1,1.0,7.0,7,1,0.0,0.0,5,1,0.0,0.0,5,1,0.08333333333333333,1.0,12,1,0.0,0.0,12,1,0.08333333333333333,1.0,12,1,0.0,0.0,7,1,1.0,12.0,12,1,,,0,0,0.5833333333333334,7.0,12,1,,,0,0,,,0,0,,,0,0,,,0,0,,,0,0,,,0,0,1.0,1.0,1,1,,,0,0,,,0,0,1.0,1.0,1,1,,,0,0,,,0,0,,,0,0,0.5833333333333334,7.0,12,1,0.0,0.0,12,1,0.0,0.0,12,1
SLAKE_STAGE2_BANK16,B,1,W01,RC,evaluation,U,STRICT_BASE,320,False,micro,12,1,12,UNKNOWN,0.5833333333333334,7.0,12,1,,,0,0,0.5833333333333334,7.0,12,1,0.5833333333333334,7.0,12,1,0.0,0.0,7,1,1.0,7.0,7,1,0.0,0.0,5,1,0.0,0.0,5,1,0.08333333333333333,1.0,12,1,0.0,0.0,12,1,0.08333333333333333,1.0,12,1,0.0,0.0,7,1,1.0,12.0,12,1,,,0,0,0.5833333333333334,7.0,12,1,,,0,0,,,0,0,,,0,0,,,0,0,,,0,0,,,0,0,1.0,1.0,1,1,,,0,0,,,0,0,1.0,1.0,1,1,,,0,0,,,0,0,,,0,0,0.5833333333333334,7.0,12,1,0.0,0.0,12,1,0.0,0.0,12,1
SLAKE_STAGE2_BANK16,B,1,W01,RC,evaluation,cross_family_confirmation,EDIT_TARGET,320,False,macro,2,1,1,UNKNOWN,1.0,2.0,2,1,,,0,0,1.0,2.0,2,1,1.0,2.0,2,1,,,0,0,,,0,0,,,0,0,,,0,0,1.0,2.0,2,1,1.0,2.0,2,1,,,0,0,,,0,0,0.0,0.0,2,1,,,0,0,1.0,2.0,2,1,0.0,0.0,2,1,0.0,0.0,2,1,0.0,0.0,2,1,0.0,0.0,2,1,0.0,0.0,2,1,0.0,0.0,2,1,1.0,2.0,2,1,,,0,0,,,0,0,,,0,0,0.0,0.0,2,1,0.0,0.0,2,1,0.0,0.0,2,1,0.0,0.0,2,1,1.0,2.0,2,1,0.0,0.0,2,1
SLAKE_STAGE2_BANK16,B,1,W01,RC,evaluation,cross_family_confirmation,EDIT_TARGET,320,False,micro,2,1,1,UNKNOWN,1.0,2.0,2,1,,,0,0,1.0,2.0,2,1,1.0,2.0,2,1,,,0,0,,,0,0,,,0,0,,,0,0,1.0,2.0,2,1,1.0,2.0,2,1,,,0,0,,,0,0,0.0,0.0,2,1,,,0,0,1.0,2.0,2,1,0.0,0.0,2,1,0.0,0.0,2,1,0.0,0.0,2,1,0.0,0.0,2,1,0.0,0.0,2,1,0.0,0.0,2,1,1.0,2.0,2,1,,,0,0,,,0,0,,,0,0,0.0,0.0,2,1,0.0,0.0,2,1,0.0,0.0,2,1,0.0,0.0,2,1,1.0,2.0,2,1,0.0,0.0,2,1
SLAKE_STAGE2_BANK16,B,1,W01,RC,evaluation,source_style_confirmation,EDIT_TARGET,320,False,macro,2,1,1,UNKNOWN,1.0,2.0,2,1,,,0,0,1.0,2.0,2,1,1.0,2.0,2,1,,,0,0,,,0,0,,,0,0,,,0,0,1.0,2.0,2,1,1.0,2.0,2,1,,,0,0,,,0,0,0.0,0.0,2,1,,,0,0,1.0,2.0,2,1,0.0,0.0,2,1,0.0,0.0,2,1,0.0,0.0,2,1,0.0,0.0,2,1,0.0,0.0,2,1,0.0,0.0,2,1,1.0,2.0,2,1,,,0,0,,,0,0,,,0,0,0.0,0.0,2,1,0.0,0.0,2,1,0.0,0.0,2,1,0.0,0.0,2,1,1.0,2.0,2,1,0.0,0.0,2,1
SLAKE_STAGE2_BANK16,B,1,W01,RC,evaluation,source_style_confirmation,EDIT_TARGET,320,False,micro,2,1,1,UNKNOWN,1.0,2.0,2,1,,,0,0,1.0,2.0,2,1,1.0,2.0,2,1,,,0,0,,,0,0,,,0,0,,,0,0,1.0,2.0,2,1,1.0,2.0,2,1,,,0,0,,,0,0,0.0,0.0,2,1,,,0,0,1.0,2.0,2,1,0.0,0.0,2,1,0.0,0.0,2,1,0.0,0.0,2,1,0.0,0.0,2,1,0.0,0.0,2,1,0.0,0.0,2,1,1.0,2.0,2,1,,,0,0,,,0,0,,,0,0,0.0,0.0,2,1,0.0,0.0,2,1,0.0,0.0,2,1,0.0,0.0,2,1,1.0,2.0,2,1,0.0,0.0,2,1
SLAKE_STAGE2_BANK16,B,1,W01,RC,native,T0,EDIT_TARGET,320,False,macro,1,1,1,UNKNOWN,1.0,1.0,1,1,,,0,0,1.0,1.0,1,1,0.0,0.0,1,1,,,0,0,,,0,0,1.0,1.0,1,1,1.0,1.0,1,1,1.0,1.0,1,1,1.0,1.0,1,1,,,0,0,,,0,0,0.0,0.0,1,1,,,0,0,1.0,1.0,1,1,0.0,0.0,1,1,0.0,0.0,1,1,0.0,0.0,1,1,0.0,0.0,1,1,0.0,0.0,1,1,0.0,0.0,1,1,1.0,1.0,1,1,,,0,0,,,0,0,,,0,0,0.0,0.0,1,1,0.0,0.0,1,1,0.0,0.0,1,1,0.0,0.0,1,1,1.0,1.0,1,1,0.0,0.0,1,1
SLAKE_STAGE2_BANK16,B,1,W01,RC,native,T0,EDIT_TARGET,320,False,micro,1,1,1,UNKNOWN,1.0,1.0,1,1,,,0,0,1.0,1.0,1,1,0.0,0.0,1,1,,,0,0,,,0,0,1.0,1.0,1,1,1.0,1.0,1,1,1.0,1.0,1,1,1.0,1.0,1,1,,,0,0,,,0,0,0.0,0.0,1,1,,,0,0,1.0,1.0,1,1,0.0,0.0,1,1,0.0,0.0,1,1,0.0,0.0,1,1,0.0,0.0,1,1,0.0,0.0,1,1,0.0,0.0,1,1,1.0,1.0,1,1,,,0,0,,,0,0,,,0,0,0.0,0.0,1,1,0.0,0.0,1,1,0.0,0.0,1,1,0.0,0.0,1,1,1.0,1.0,1,1,0.0,0.0,1,1
SLAKE_STAGE2_BANK16,B,1,W1,R0,evaluation,H,STRICT_BASE,320,False,macro,2,1,2,UNKNOWN,1.0,2.0,2,1,,,0,0,1.0,2.0,2,1,1.0,2.0,2,1,0.0,0.0,2,1,1.0,2.0,2,1,,,0,0,,,0,0,1.0,2.0,2,1,1.0,2.0,2,1,1.0,2.0,2,1,0.0,0.0,2,1,0.5,1.0,2,1,,,0,0,1.0,2.0,2,1,,,0,0,,,0,0,,,0,0,,,0,0,,,0,0,,,0,0,1.0,2.0,2,1,,,0,0,0.0,0.0,2,1,0.0,0.0,2,1,,,0,0,,,0,0,,,0,0,0.0,0.0,2,1,1.0,2.0,2,1,0.0,0.0,2,1
SLAKE_STAGE2_BANK16,B,1,W1,R0,evaluation,H,STRICT_BASE,320,False,micro,2,1,2,UNKNOWN,1.0,2.0,2,1,,,0,0,1.0,2.0,2,1,1.0,2.0,2,1,0.0,0.0,2,1,1.0,2.0,2,1,,,0,0,,,0,0,1.0,2.0,2,1,1.0,2.0,2,1,1.0,2.0,2,1,0.0,0.0,2,1,0.5,1.0,2,1,,,0,0,1.0,2.0,2,1,,,0,0,,,0,0,,,0,0,,,0,0,,,0,0,,,0,0,1.0,2.0,2,1,,,0,0,0.0,0.0,2,1,0.0,0.0,2,1,,,0,0,,,0,0,,,0,0,0.0,0.0,2,1,1.0,2.0,2,1,0.0,0.0,2,1
SLAKE_STAGE2_BANK16,B,1,W1,R0,evaluation,U,STRICT_BASE,320,False,macro,12,1,12,UNKNOWN,0.5833333333333334,7.0,12,1,,,0,0,0.5833333333333334,7.0,12,1,0.5833333333333334,7.0,12,1,0.0,0.0,7,1,1.0,7.0,7,1,0.0,0.0,5,1,0.0,0.0,5,1,0.8333333333333334,10.0,12,1,0.5833333333333334,7.0,12,1,0.8333333333333334,10.0,12,1,0.0,0.0,7,1,0.9166666666666666,11.0,12,1,,,0,0,0.5833333333333334,7.0,12,1,,,0,0,,,0,0,,,0,0,,,0,0,,,0,0,,,0,0,1.0,10.0,10,1,,,0,0,0.0,0.0,7,1,0.3,3.0,10,1,,,0,0,,,0,0,,,0,0,0.0,0.0,12,1,0.5833333333333334,7.0,12,1,0.0,0.0,12,1
SLAKE_STAGE2_BANK16,B,1,W1,R0,evaluation,U,STRICT_BASE,320,False,micro,12,1,12,UNKNOWN,0.5833333333333334,7.0,12,1,,,0,0,0.5833333333333334,7.0,12,1,0.5833333333333334,7.0,12,1,0.0,0.0,7,1,1.0,7.0,7,1,0.0,0.0,5,1,0.0,0.0,5,1,0.8333333333333334,10.0,12,1,0.5833333333333334,7.0,12,1,0.8333333333333334,10.0,12,1,0.0,0.0,7,1,0.9166666666666666,11.0,12,1,,,0,0,0.5833333333333334,7.0,12,1,,,0,0,,,0,0,,,0,0,,,0,0,,,0,0,,,0,0,1.0,10.0,10,1,,,0,0,0.0,0.0,7,1,0.3,3.0,10,1,,,0,0,,,0,0,,,0,0,0.0,0.0,12,1,0.5833333333333334,7.0,12,1,0.0,0.0,12,1
SLAKE_STAGE2_BANK16,B,1,W1,R0,evaluation,cross_family_confirmation,EDIT_TARGET,320,False,macro,2,1,1,UNKNOWN,1.0,2.0,2,1,,,0,0,1.0,2.0,2,1,1.0,2.0,2,1,,,0,0,,,0,0,,,0,0,,,0,0,1.0,2.0,2,1,1.0,2.0,2,1,,,0,0,,,0,0,0.0,0.0,2,1,,,0,0,1.0,2.0,2,1,0.0,0.0,2,1,0.0,0.0,2,1,0.0,0.0,2,1,0.0,0.0,2,1,0.0,0.0,2,1,0.0,0.0,2,1,1.0,2.0,2,1,,,0,0,,,0,0,,,0,0,0.0,0.0,2,1,0.0,0.0,2,1,0.0,0.0,2,1,0.0,0.0,2,1,1.0,2.0,2,1,0.0,0.0,2,1
SLAKE_STAGE2_BANK16,B,1,W1,R0,evaluation,cross_family_confirmation,EDIT_TARGET,320,False,micro,2,1,1,UNKNOWN,1.0,2.0,2,1,,,0,0,1.0,2.0,2,1,1.0,2.0,2,1,,,0,0,,,0,0,,,0,0,,,0,0,1.0,2.0,2,1,1.0,2.0,2,1,,,0,0,,,0,0,0.0,0.0,2,1,,,0,0,1.0,2.0,2,1,0.0,0.0,2,1,0.0,0.0,2,1,0.0,0.0,2,1,0.0,0.0,2,1,0.0,0.0,2,1,0.0,0.0,2,1,1.0,2.0,2,1,,,0,0,,,0,0,,,0,0,0.0,0.0,2,1,0.0,0.0,2,1,0.0,0.0,2,1,0.0,0.0,2,1,1.0,2.0,2,1,0.0,0.0,2,1
SLAKE_STAGE2_BANK16,B,1,W1,R0,evaluation,source_style_confirmation,EDIT_TARGET,320,False,macro,2,1,1,UNKNOWN,1.0,2.0,2,1,,,0,0,1.0,2.0,2,1,1.0,2.0,2,1,,,0,0,,,0,0,,,0,0,,,0,0,1.0,2.0,2,1,1.0,2.0,2,1,,,0,0,,,0,0,0.0,0.0,2,1,,,0,0,1.0,2.0,2,1,0.0,0.0,2,1,0.0,0.0,2,1,0.0,0.0,2,1,0.0,0.0,2,1,0.0,0.0,2,1,0.0,0.0,2,1,1.0,2.0,2,1,,,0,0,,,0,0,,,0,0,0.0,0.0,2,1,0.0,0.0,2,1,0.0,0.0,2,1,0.0,0.0,2,1,1.0,2.0,2,1,0.0,0.0,2,1
SLAKE_STAGE2_BANK16,B,1,W1,R0,evaluation,source_style_confirmation,EDIT_TARGET,320,False,micro,2,1,1,UNKNOWN,1.0,2.0,2,1,,,0,0,1.0,2.0,2,1,1.0,2.0,2,1,,,0,0,,,0,0,,,0,0,,,0,0,1.0,2.0,2,1,1.0,2.0,2,1,,,0,0,,,0,0,0.0,0.0,2,1,,,0,0,1.0,2.0,2,1,0.0,0.0,2,1,0.0,0.0,2,1,0.0,0.0,2,1,0.0,0.0,2,1,0.0,0.0,2,1,0.0,0.0,2,1,1.0,2.0,2,1,,,0,0,,,0,0,,,0,0,0.0,0.0,2,1,0.0,0.0,2,1,0.0,0.0,2,1,0.0,0.0,2,1,1.0,2.0,2,1,0.0,0.0,2,1
SLAKE_STAGE2_BANK16,B,1,W1,R0,native,T0,EDIT_TARGET,320,False,macro,1,1,1,UNKNOWN,1.0,1.0,1,1,,,0,0,1.0,1.0,1,1,0.0,0.0,1,1,,,0,0,,,0,0,1.0,1.0,1,1,1.0,1.0,1,1,1.0,1.0,1,1,1.0,1.0,1,1,,,0,0,,,0,0,0.0,0.0,1,1,,,0,0,1.0,1.0,1,1,0.0,0.0,1,1,0.0,0.0,1,1,0.0,0.0,1,1,0.0,0.0,1,1,0.0,0.0,1,1,0.0,0.0,1,1,1.0,1.0,1,1,,,0,0,,,0,0,,,0,0,0.0,0.0,1,1,0.0,0.0,1,1,0.0,0.0,1,1,0.0,0.0,1,1,1.0,1.0,1,1,0.0,0.0,1,1
SLAKE_STAGE2_BANK16,B,1,W1,R0,native,T0,EDIT_TARGET,320,False,micro,1,1,1,UNKNOWN,1.0,1.0,1,1,,,0,0,1.0,1.0,1,1,0.0,0.0,1,1,,,0,0,,,0,0,1.0,1.0,1,1,1.0,1.0,1,1,1.0,1.0,1,1,1.0,1.0,1,1,,,0,0,,,0,0,0.0,0.0,1,1,,,0,0,1.0,1.0,1,1,0.0,0.0,1,1,0.0,0.0,1,1,0.0,0.0,1,1,0.0,0.0,1,1,0.0,0.0,1,1,0.0,0.0,1,1,1.0,1.0,1,1,,,0,0,,,0,0,,,0,0,0.0,0.0,1,1,0.0,0.0,1,1,0.0,0.0,1,1,0.0,0.0,1,1,1.0,1.0,1,1,0.0,0.0,1,1
SLAKE_STAGE2_BANK16,B,1,W1,RC,evaluation,H,STRICT_BASE,320,False,macro,2,1,2,UNKNOWN,1.0,2.0,2,1,,,0,0,1.0,2.0,2,1,1.0,2.0,2,1,0.0,0.0,2,1,1.0,2.0,2,1,,,0,0,,,0,0,0.0,0.0,2,1,0.0,0.0,2,1,0.0,0.0,2,1,0.0,0.0,2,1,1.0,2.0,2,1,,,0,0,1.0,2.0,2,1,,,0,0,,,0,0,,,0,0,,,0,0,,,0,0,,,0,0,,,0,0,,,0,0,,,0,0,,,0,0,,,0,0,,,0,0,,,0,0,1.0,2.0,2,1,0.0,0.0,2,1,0.0,0.0,2,1
SLAKE_STAGE2_BANK16,B,1,W1,RC,evaluation,H,STRICT_BASE,320,False,micro,2,1,2,UNKNOWN,1.0,2.0,2,1,,,0,0,1.0,2.0,2,1,1.0,2.0,2,1,0.0,0.0,2,1,1.0,2.0,2,1,,,0,0,,,0,0,0.0,0.0,2,1,0.0,0.0,2,1,0.0,0.0,2,1,0.0,0.0,2,1,1.0,2.0,2,1,,,0,0,1.0,2.0,2,1,,,0,0,,,0,0,,,0,0,,,0,0,,,0,0,,,0,0,,,0,0,,,0,0,,,0,0,,,0,0,,,0,0,,,0,0,,,0,0,1.0,2.0,2,1,0.0,0.0,2,1,0.0,0.0,2,1
SLAKE_STAGE2_BANK16,B,1,W1,RC,evaluation,U,STRICT_BASE,320,False,macro,12,1,12,UNKNOWN,0.5833333333333334,7.0,12,1,,,0,0,0.5833333333333334,7.0,12,1,0.5833333333333334,7.0,12,1,0.0,0.0,7,1,1.0,7.0,7,1,0.0,0.0,5,1,0.0,0.0,5,1,0.08333333333333333,1.0,12,1,0.0,0.0,12,1,0.08333333333333333,1.0,12,1,0.0,0.0,7,1,1.0,12.0,12,1,,,0,0,0.5833333333333334,7.0,12,1,,,0,0,,,0,0,,,0,0,,,0,0,,,0,0,,,0,0,1.0,1.0,1,1,,,0,0,,,0,0,1.0,1.0,1,1,,,0,0,,,0,0,,,0,0,0.5833333333333334,7.0,12,1,0.0,0.0,12,1,0.0,0.0,12,1
SLAKE_STAGE2_BANK16,B,1,W1,RC,evaluation,U,STRICT_BASE,320,False,micro,12,1,12,UNKNOWN,0.5833333333333334,7.0,12,1,,,0,0,0.5833333333333334,7.0,12,1,0.5833333333333334,7.0,12,1,0.0,0.0,7,1,1.0,7.0,7,1,0.0,0.0,5,1,0.0,0.0,5,1,0.08333333333333333,1.0,12,1,0.0,0.0,12,1,0.08333333333333333,1.0,12,1,0.0,0.0,7,1,1.0,12.0,12,1,,,0,0,0.5833333333333334,7.0,12,1,,,0,0,,,0,0,,,0,0,,,0,0,,,0,0,,,0,0,1.0,1.0,1,1,,,0,0,,,0,0,1.0,1.0,1,1,,,0,0,,,0,0,,,0,0,0.5833333333333334,7.0,12,1,0.0,0.0,12,1,0.0,0.0,12,1
SLAKE_STAGE2_BANK16,B,1,W1,RC,evaluation,cross_family_confirmation,EDIT_TARGET,320,False,macro,2,1,1,UNKNOWN,1.0,2.0,2,1,,,0,0,1.0,2.0,2,1,1.0,2.0,2,1,,,0,0,,,0,0,,,0,0,,,0,0,1.0,2.0,2,1,1.0,2.0,2,1,,,0,0,,,0,0,0.0,0.0,2,1,,,0,0,1.0,2.0,2,1,0.0,0.0,2,1,0.0,0.0,2,1,0.0,0.0,2,1,0.0,0.0,2,1,0.0,0.0,2,1,0.0,0.0,2,1,1.0,2.0,2,1,,,0,0,,,0,0,,,0,0,0.0,0.0,2,1,0.0,0.0,2,1,0.0,0.0,2,1,0.0,0.0,2,1,1.0,2.0,2,1,0.0,0.0,2,1
SLAKE_STAGE2_BANK16,B,1,W1,RC,evaluation,cross_family_confirmation,EDIT_TARGET,320,False,micro,2,1,1,UNKNOWN,1.0,2.0,2,1,,,0,0,1.0,2.0,2,1,1.0,2.0,2,1,,,0,0,,,0,0,,,0,0,,,0,0,1.0,2.0,2,1,1.0,2.0,2,1,,,0,0,,,0,0,0.0,0.0,2,1,,,0,0,1.0,2.0,2,1,0.0,0.0,2,1,0.0,0.0,2,1,0.0,0.0,2,1,0.0,0.0,2,1,0.0,0.0,2,1,0.0,0.0,2,1,1.0,2.0,2,1,,,0,0,,,0,0,,,0,0,0.0,0.0,2,1,0.0,0.0,2,1,0.0,0.0,2,1,0.0,0.0,2,1,1.0,2.0,2,1,0.0,0.0,2,1
SLAKE_STAGE2_BANK16,B,1,W1,RC,evaluation,source_style_confirmation,EDIT_TARGET,320,False,macro,2,1,1,UNKNOWN,1.0,2.0,2,1,,,0,0,1.0,2.0,2,1,1.0,2.0,2,1,,,0,0,,,0,0,,,0,0,,,0,0,1.0,2.0,2,1,1.0,2.0,2,1,,,0,0,,,0,0,0.0,0.0,2,1,,,0,0,1.0,2.0,2,1,0.0,0.0,2,1,0.0,0.0,2,1,0.0,0.0,2,1,0.0,0.0,2,1,0.0,0.0,2,1,0.0,0.0,2,1,1.0,2.0,2,1,,,0,0,,,0,0,,,0,0,0.0,0.0,2,1,0.0,0.0,2,1,0.0,0.0,2,1,0.0,0.0,2,1,1.0,2.0,2,1,0.0,0.0,2,1
SLAKE_STAGE2_BANK16,B,1,W1,RC,evaluation,source_style_confirmation,EDIT_TARGET,320,False,micro,2,1,1,UNKNOWN,1.0,2.0,2,1,,,0,0,1.0,2.0,2,1,1.0,2.0,2,1,,,0,0,,,0,0,,,0,0,,,0,0,1.0,2.0,2,1,1.0,2.0,2,1,,,0,0,,,0,0,0.0,0.0,2,1,,,0,0,1.0,2.0,2,1,0.0,0.0,2,1,0.0,0.0,2,1,0.0,0.0,2,1,0.0,0.0,2,1,0.0,0.0,2,1,0.0,0.0,2,1,1.0,2.0,2,1,,,0,0,,,0,0,,,0,0,0.0,0.0,2,1,0.0,0.0,2,1,0.0,0.0,2,1,0.0,0.0,2,1,1.0,2.0,2,1,0.0,0.0,2,1
SLAKE_STAGE2_BANK16,B,1,W1,RC,native,T0,EDIT_TARGET,320,False,macro,1,1,1,UNKNOWN,1.0,1.0,1,1,,,0,0,1.0,1.0,1,1,0.0,0.0,1,1,,,0,0,,,0,0,1.0,1.0,1,1,1.0,1.0,1,1,1.0,1.0,1,1,1.0,1.0,1,1,,,0,0,,,0,0,0.0,0.0,1,1,,,0,0,1.0,1.0,1,1,0.0,0.0,1,1,0.0,0.0,1,1,0.0,0.0,1,1,0.0,0.0,1,1,0.0,0.0,1,1,0.0,0.0,1,1,1.0,1.0,1,1,,,0,0,,,0,0,,,0,0,0.0,0.0,1,1,0.0,0.0,1,1,0.0,0.0,1,1,0.0,0.0,1,1,1.0,1.0,1,1,0.0,0.0,1,1
SLAKE_STAGE2_BANK16,B,1,W1,RC,native,T0,EDIT_TARGET,320,False,micro,1,1,1,UNKNOWN,1.0,1.0,1,1,,,0,0,1.0,1.0,1,1,0.0,0.0,1,1,,,0,0,,,0,0,1.0,1.0,1,1,1.0,1.0,1,1,1.0,1.0,1,1,1.0,1.0,1,1,,,0,0,,,0,0,0.0,0.0,1,1,,,0,0,1.0,1.0,1,1,0.0,0.0,1,1,0.0,0.0,1,1,0.0,0.0,1,1,0.0,0.0,1,1,0.0,0.0,1,1,0.0,0.0,1,1,1.0,1.0,1,1,,,0,0,,,0,0,,,0,0,0.0,0.0,1,1,0.0,0.0,1,1,0.0,0.0,1,1,0.0,0.0,1,1,1.0,1.0,1,1,0.0,0.0,1,1
SLAKE_STAGE2_BANK16,B,4,BE,R0,evaluation,H,STRICT_BASE,320,False,macro,6,4,4,UNKNOWN,0.0,0.0,6,4,,,0,0,0.0,0.0,6,4,0.875,5.0,6,4,1.0,5.0,5,4,0.0,0.0,5,4,0.0,0.0,1,1,1.0,1.0,1,1,1.0,6.0,6,4,0.0,0.0,6,4,1.0,6.0,6,4,1.0,5.0,5,4,0.0,0.0,6,4,,,0,0,0.0,0.0,6,4,,,0,0,,,0,0,,,0,0,,,0,0,,,0,0,,,0,0,1.0,6.0,6,4,,,0,0,1.0,5.0,5,4,1.0,6.0,6,4,,,0,0,,,0,0,,,0,0,0.0,0.0,6,4,0.0,0.0,6,4,0.0,0.0,6,4
SLAKE_STAGE2_BANK16,B,4,BE,R0,evaluation,H,STRICT_BASE,320,False,micro,6,4,4,UNKNOWN,0.0,0.0,6,4,,,0,0,0.0,0.0,6,4,0.8333333333333334,5.0,6,4,1.0,5.0,5,4,0.0,0.0,5,4,0.0,0.0,1,1,1.0,1.0,1,1,1.0,6.0,6,4,0.0,0.0,6,4,1.0,6.0,6,4,1.0,5.0,5,4,0.0,0.0,6,4,,,0,0,0.0,0.0,6,4,,,0,0,,,0,0,,,0,0,,,0,0,,,0,0,,,0,0,1.0,6.0,6,4,,,0,0,1.0,5.0,5,4,1.0,6.0,6,4,,,0,0,,,0,0,,,0,0,0.0,0.0,6,4,0.0,0.0,6,4,0.0,0.0,6,4
SLAKE_STAGE2_BANK16,B,4,BE,R0,evaluation,U,STRICT_BASE,320,False,macro,50,4,31,UNKNOWN,0.0625,3.0,50,4,,,0,0,0.0625,3.0,50,4,0.6378205128205128,32.0,50,4,0.9285714285714286,30.0,32,4,0.07142857142857142,2.0,32,4,0.05,1.0,18,4,1.0,18.0,18,4,0.9583333333333334,48.0,50,4,0.020833333333333332,1.0,50,4,0.9583333333333334,48.0,50,4,0.9285714285714286,30.0,32,4,0.041666666666666664,2.0,50,4,,,0,0,0.019230769230769232,1.0,50,4,,,0,0,,,0,0,,,0,0,,,0,0,,,0,0,,,0,0,1.0,48.0,48,4,,,0,0,1.0,30.0,30,4,0.9791666666666666,47.0,48,4,,,0,0,,,0,0,,,0,0,0.041666666666666664,2.0,50,4,0.0,0.0,50,4,0.020833333333333332,1.0,50,4
SLAKE_STAGE2_BANK16,B,4,BE,R0,evaluation,U,STRICT_BASE,320,False,micro,50,4,31,UNKNOWN,0.06,3.0,50,4,,,0,0,0.06,3.0,50,4,0.64,32.0,50,4,0.9375,30.0,32,4,0.0625,2.0,32,4,0.05555555555555555,1.0,18,4,1.0,18.0,18,4,0.96,48.0,50,4,0.02,1.0,50,4,0.96,48.0,50,4,0.9375,30.0,32,4,0.04,2.0,50,4,,,0,0,0.02,1.0,50,4,,,0,0,,,0,0,,,0,0,,,0,0,,,0,0,,,0,0,1.0,48.0,48,4,,,0,0,1.0,30.0,30,4,0.9791666666666666,47.0,48,4,,,0,0,,,0,0,,,0,0,0.04,2.0,50,4,0.0,0.0,50,4,0.02,1.0,50,4
SLAKE_STAGE2_BANK16,B,4,BE,R0,evaluation,cross_family_confirmation,EDIT_TARGET,320,False,macro,8,4,4,UNKNOWN,1.0,8.0,8,4,,,0,0,1.0,8.0,8,4,0.5,4.0,8,4,,,0,0,,,0,0,1.0,4.0,4,2,1.0,4.0,4,2,1.0,8.0,8,4,1.0,8.0,8,4,,,0,0,,,0,0,0.0,0.0,8,4,,,0,0,1.0,8.0,8,4,0.0,0.0,8,4,0.0,0.0,8,4,0.0,0.0,8,4,0.0,0.0,8,4,0.0,0.0,8,4,0.0,0.0,8,4,1.0,8.0,8,4,,,0,0,,,0,0,,,0,0,0.0,0.0,8,4,0.0,0.0,8,4,0.0,0.0,8,4,0.0,0.0,8,4,1.0,8.0,8,4,0.0,0.0,8,4
SLAKE_STAGE2_BANK16,B,4,BE,R0,evaluation,cross_family_confirmation,EDIT_TARGET,320,False,micro,8,4,4,UNKNOWN,1.0,8.0,8,4,,,0,0,1.0,8.0,8,4,0.5,4.0,8,4,,,0,0,,,0,0,1.0,4.0,4,2,1.0,4.0,4,2,1.0,8.0,8,4,1.0,8.0,8,4,,,0,0,,,0,0,0.0,0.0,8,4,,,0,0,1.0,8.0,8,4,0.0,0.0,8,4,0.0,0.0,8,4,0.0,0.0,8,4,0.0,0.0,8,4,0.0,0.0,8,4,0.0,0.0,8,4,1.0,8.0,8,4,,,0,0,,,0,0,,,0,0,0.0,0.0,8,4,0.0,0.0,8,4,0.0,0.0,8,4,0.0,0.0,8,4,1.0,8.0,8,4,0.0,0.0,8,4
SLAKE_STAGE2_BANK16,B,4,BE,R0,evaluation,source_style_confirmation,EDIT_TARGET,320,False,macro,8,4,4,UNKNOWN,1.0,8.0,8,4,,,0,0,1.0,8.0,8,4,0.75,6.0,8,4,,,0,0,,,0,0,1.0,2.0,2,1,1.0,2.0,2,1,1.0,8.0,8,4,1.0,8.0,8,4,,,0,0,,,0,0,0.0,0.0,8,4,,,0,0,1.0,8.0,8,4,0.0,0.0,8,4,0.0,0.0,8,4,0.0,0.0,8,4,0.0,0.0,8,4,0.0,0.0,8,4,0.0,0.0,8,4,1.0,8.0,8,4,,,0,0,,,0,0,,,0,0,0.0,0.0,8,4,0.0,0.0,8,4,0.0,0.0,8,4,0.0,0.0,8,4,1.0,8.0,8,4,0.0,0.0,8,4
SLAKE_STAGE2_BANK16,B,4,BE,R0,evaluation,source_style_confirmation,EDIT_TARGET,320,False,micro,8,4,4,UNKNOWN,1.0,8.0,8,4,,,0,0,1.0,8.0,8,4,0.75,6.0,8,4,,,0,0,,,0,0,1.0,2.0,2,1,1.0,2.0,2,1,1.0,8.0,8,4,1.0,8.0,8,4,,,0,0,,,0,0,0.0,0.0,8,4,,,0,0,1.0,8.0,8,4,0.0,0.0,8,4,0.0,0.0,8,4,0.0,0.0,8,4,0.0,0.0,8,4,0.0,0.0,8,4,0.0,0.0,8,4,1.0,8.0,8,4,,,0,0,,,0,0,,,0,0,0.0,0.0,8,4,0.0,0.0,8,4,0.0,0.0,8,4,0.0,0.0,8,4,1.0,8.0,8,4,0.0,0.0,8,4
SLAKE_STAGE2_BANK16,B,4,BE,R0,native,T0,EDIT_TARGET,320,False,macro,4,4,4,UNKNOWN,1.0,4.0,4,4,,,0,0,1.0,4.0,4,4,0.0,0.0,4,4,,,0,0,,,0,0,1.0,4.0,4,4,1.0,4.0,4,4,1.0,4.0,4,4,1.0,4.0,4,4,,,0,0,,,0,0,0.0,0.0,4,4,,,0,0,1.0,4.0,4,4,0.0,0.0,4,4,0.0,0.0,4,4,0.0,0.0,4,4,0.0,0.0,4,4,0.0,0.0,4,4,0.0,0.0,4,4,1.0,4.0,4,4,,,0,0,,,0,0,,,0,0,0.0,0.0,4,4,0.0,0.0,4,4,0.0,0.0,4,4,0.0,0.0,4,4,1.0,4.0,4,4,0.0,0.0,4,4
SLAKE_STAGE2_BANK16,B,4,BE,R0,native,T0,EDIT_TARGET,320,False,micro,4,4,4,UNKNOWN,1.0,4.0,4,4,,,0,0,1.0,4.0,4,4,0.0,0.0,4,4,,,0,0,,,0,0,1.0,4.0,4,4,1.0,4.0,4,4,1.0,4.0,4,4,1.0,4.0,4,4,,,0,0,,,0,0,0.0,0.0,4,4,,,0,0,1.0,4.0,4,4,0.0,0.0,4,4,0.0,0.0,4,4,0.0,0.0,4,4,0.0,0.0,4,4,0.0,0.0,4,4,0.0,0.0,4,4,1.0,4.0,4,4,,,0,0,,,0,0,,,0,0,0.0,0.0,4,4,0.0,0.0,4,4,0.0,0.0,4,4,0.0,0.0,4,4,1.0,4.0,4,4,0.0,0.0,4,4
SLAKE_STAGE2_BANK16,B,4,W0,R0,evaluation,H,STRICT_BASE,320,False,macro,6,4,4,UNKNOWN,0.375,3.0,6,4,,,0,0,0.375,3.0,6,4,0.875,5.0,6,4,0.5,2.0,5,4,0.5,3.0,5,4,0.0,0.0,1,1,0.0,0.0,1,1,1.0,6.0,6,4,0.375,3.0,6,4,1.0,6.0,6,4,0.5,2.0,5,4,0.375,3.0,6,4,,,0,0,0.0,0.0,6,4,,,0,0,,,0,0,,,0,0,,,0,0,,,0,0,,,0,0,1.0,6.0,6,4,,,0,0,0.5,2.0,5,4,0.625,3.0,6,4,,,0,0,,,0,0,,,0,0,0.0,0.0,6,4,0.0,0.0,6,4,0.375,3.0,6,4
SLAKE_STAGE2_BANK16,B,4,W0,R0,evaluation,H,STRICT_BASE,320,False,micro,6,4,4,UNKNOWN,0.5,3.0,6,4,,,0,0,0.5,3.0,6,4,0.8333333333333334,5.0,6,4,0.4,2.0,5,4,0.6,3.0,5,4,0.0,0.0,1,1,0.0,0.0,1,1,1.0,6.0,6,4,0.5,3.0,6,4,1.0,6.0,6,4,0.4,2.0,5,4,0.5,3.0,6,4,,,0,0,0.0,0.0,6,4,,,0,0,,,0,0,,,0,0,,,0,0,,,0,0,,,0,0,1.0,6.0,6,4,,,0,0,0.4,2.0,5,4,0.5,3.0,6,4,,,0,0,,,0,0,,,0,0,0.0,0.0,6,4,0.0,0.0,6,4,0.5,3.0,6,4
SLAKE_STAGE2_BANK16,B,4,W0,R0,evaluation,U,STRICT_BASE,320,False,macro,50,4,31,UNKNOWN,0.3205128205128205,16.0,50,4,,,0,0,0.3205128205128205,16.0,50,4,0.6378205128205128,32.0,50,4,0.5277777777777778,17.0,32,4,0.4722222222222222,15.0,32,4,0.05,1.0,18,4,0.6625,12.0,18,4,0.9583333333333334,48.0,50,4,0.27884615384615385,14.0,50,4,0.9583333333333334,48.0,50,4,0.5277777777777778,17.0,32,4,0.29967948717948717,15.0,50,4,,,0,0,0.3605769230769231,18.0,50,4,,,0,0,,,0,0,,,0,0,,,0,0,,,0,0,,,0,0,1.0,48.0,48,4,,,0,0,0.5706349206349206,17.0,30,4,0.7128205128205128,34.0,48,4,,,0,0,,,0,0,,,0,0,0.041666666666666664,2.0,50,4,0.05929487179487179,3.0,50,4,0.21955128205128205,11.0,50,4
SLAKE_STAGE2_BANK16,B,4,W0,R0,evaluation,U,STRICT_BASE,320,False,micro,50,4,31,UNKNOWN,0.32,16.0,50,4,,,0,0,0.32,16.0,50,4,0.64,32.0,50,4,0.53125,17.0,32,4,0.46875,15.0,32,4,0.05555555555555555,1.0,18,4,0.6666666666666666,12.0,18,4,0.96,48.0,50,4,0.28,14.0,50,4,0.96,48.0,50,4,0.53125,17.0,32,4,0.3,15.0,50,4,,,0,0,0.36,18.0,50,4,,,0,0,,,0,0,,,0,0,,,0,0,,,0,0,,,0,0,1.0,48.0,48,4,,,0,0,0.5666666666666667,17.0,30,4,0.7083333333333334,34.0,48,4,,,0,0,,,0,0,,,0,0,0.04,2.0,50,4,0.06,3.0,50,4,0.22,11.0,50,4
SLAKE_STAGE2_BANK16,B,4,W0,R0,evaluation,cross_family_confirmation,EDIT_TARGET,320,False,macro,8,4,4,UNKNOWN,1.0,8.0,8,4,,,0,0,1.0,8.0,8,4,0.5,4.0,8,4,,,0,0,,,0,0,1.0,4.0,4,2,1.0,4.0,4,2,1.0,8.0,8,4,1.0,8.0,8,4,,,0,0,,,0,0,0.0,0.0,8,4,,,0,0,1.0,8.0,8,4,0.0,0.0,8,4,0.0,0.0,8,4,0.0,0.0,8,4,0.0,0.0,8,4,0.0,0.0,8,4,0.0,0.0,8,4,1.0,8.0,8,4,,,0,0,,,0,0,,,0,0,0.0,0.0,8,4,0.0,0.0,8,4,0.0,0.0,8,4,0.0,0.0,8,4,1.0,8.0,8,4,0.0,0.0,8,4
SLAKE_STAGE2_BANK16,B,4,W0,R0,evaluation,cross_family_confirmation,EDIT_TARGET,320,False,micro,8,4,4,UNKNOWN,1.0,8.0,8,4,,,0,0,1.0,8.0,8,4,0.5,4.0,8,4,,,0,0,,,0,0,1.0,4.0,4,2,1.0,4.0,4,2,1.0,8.0,8,4,1.0,8.0,8,4,,,0,0,,,0,0,0.0,0.0,8,4,,,0,0,1.0,8.0,8,4,0.0,0.0,8,4,0.0,0.0,8,4,0.0,0.0,8,4,0.0,0.0,8,4,0.0,0.0,8,4,0.0,0.0,8,4,1.0,8.0,8,4,,,0,0,,,0,0,,,0,0,0.0,0.0,8,4,0.0,0.0,8,4,0.0,0.0,8,4,0.0,0.0,8,4,1.0,8.0,8,4,0.0,0.0,8,4
SLAKE_STAGE2_BANK16,B,4,W0,R0,evaluation,source_style_confirmation,EDIT_TARGET,320,False,macro,8,4,4,UNKNOWN,1.0,8.0,8,4,,,0,0,1.0,8.0,8,4,0.75,6.0,8,4,,,0,0,,,0,0,1.0,2.0,2,1,1.0,2.0,2,1,1.0,8.0,8,4,1.0,8.0,8,4,,,0,0,,,0,0,0.0,0.0,8,4,,,0,0,1.0,8.0,8,4,0.0,0.0,8,4,0.0,0.0,8,4,0.0,0.0,8,4,0.0,0.0,8,4,0.0,0.0,8,4,0.0,0.0,8,4,1.0,8.0,8,4,,,0,0,,,0,0,,,0,0,0.0,0.0,8,4,0.0,0.0,8,4,0.0,0.0,8,4,0.0,0.0,8,4,1.0,8.0,8,4,0.0,0.0,8,4
SLAKE_STAGE2_BANK16,B,4,W0,R0,evaluation,source_style_confirmation,EDIT_TARGET,320,False,micro,8,4,4,UNKNOWN,1.0,8.0,8,4,,,0,0,1.0,8.0,8,4,0.75,6.0,8,4,,,0,0,,,0,0,1.0,2.0,2,1,1.0,2.0,2,1,1.0,8.0,8,4,1.0,8.0,8,4,,,0,0,,,0,0,0.0,0.0,8,4,,,0,0,1.0,8.0,8,4,0.0,0.0,8,4,0.0,0.0,8,4,0.0,0.0,8,4,0.0,0.0,8,4,0.0,0.0,8,4,0.0,0.0,8,4,1.0,8.0,8,4,,,0,0,,,0,0,,,0,0,0.0,0.0,8,4,0.0,0.0,8,4,0.0,0.0,8,4,0.0,0.0,8,4,1.0,8.0,8,4,0.0,0.0,8,4
SLAKE_STAGE2_BANK16,B,4,W0,R0,native,T0,EDIT_TARGET,320,False,macro,4,4,4,UNKNOWN,1.0,4.0,4,4,,,0,0,1.0,4.0,4,4,0.0,0.0,4,4,,,0,0,,,0,0,1.0,4.0,4,4,1.0,4.0,4,4,1.0,4.0,4,4,1.0,4.0,4,4,,,0,0,,,0,0,0.0,0.0,4,4,,,0,0,1.0,4.0,4,4,0.0,0.0,4,4,0.0,0.0,4,4,0.0,0.0,4,4,0.0,0.0,4,4,0.0,0.0,4,4,0.0,0.0,4,4,1.0,4.0,4,4,,,0,0,,,0,0,,,0,0,0.0,0.0,4,4,0.0,0.0,4,4,0.0,0.0,4,4,0.0,0.0,4,4,1.0,4.0,4,4,0.0,0.0,4,4
SLAKE_STAGE2_BANK16,B,4,W0,R0,native,T0,EDIT_TARGET,320,False,micro,4,4,4,UNKNOWN,1.0,4.0,4,4,,,0,0,1.0,4.0,4,4,0.0,0.0,4,4,,,0,0,,,0,0,1.0,4.0,4,4,1.0,4.0,4,4,1.0,4.0,4,4,1.0,4.0,4,4,,,0,0,,,0,0,0.0,0.0,4,4,,,0,0,1.0,4.0,4,4,0.0,0.0,4,4,0.0,0.0,4,4,0.0,0.0,4,4,0.0,0.0,4,4,0.0,0.0,4,4,0.0,0.0,4,4,1.0,4.0,4,4,,,0,0,,,0,0,,,0,0,0.0,0.0,4,4,0.0,0.0,4,4,0.0,0.0,4,4,0.0,0.0,4,4,1.0,4.0,4,4,0.0,0.0,4,4
SLAKE_STAGE2_BANK16,B,4,W0,RC,evaluation,H,STRICT_BASE,320,False,macro,6,4,4,UNKNOWN,0.875,5.0,6,4,,,0,0,0.875,5.0,6,4,0.875,5.0,6,4,0.0,0.0,5,4,1.0,5.0,5,4,0.0,0.0,1,1,0.0,0.0,1,1,0.0,0.0,6,4,0.0,0.0,6,4,0.0,0.0,6,4,0.0,0.0,5,4,1.0,6.0,6,4,,,0,0,0.0,0.0,6,4,,,0,0,,,0,0,,,0,0,,,0,0,,,0,0,,,0,0,,,0,0,,,0,0,,,0,0,,,0,0,,,0,0,,,0,0,,,0,0,0.875,5.0,6,4,0.0,0.0,6,4,0.0,0.0,6,4
SLAKE_STAGE2_BANK16,B,4,W0,RC,evaluation,H,STRICT_BASE,320,False,micro,6,4,4,UNKNOWN,0.8333333333333334,5.0,6,4,,,0,0,0.8333333333333334,5.0,6,4,0.8333333333333334,5.0,6,4,0.0,0.0,5,4,1.0,5.0,5,4,0.0,0.0,1,1,0.0,0.0,1,1,0.0,0.0,6,4,0.0,0.0,6,4,0.0,0.0,6,4,0.0,0.0,5,4,1.0,6.0,6,4,,,0,0,0.0,0.0,6,4,,,0,0,,,0,0,,,0,0,,,0,0,,,0,0,,,0,0,,,0,0,,,0,0,,,0,0,,,0,0,,,0,0,,,0,0,,,0,0,0.8333333333333334,5.0,6,4,0.0,0.0,6,4,0.0,0.0,6,4
SLAKE_STAGE2_BANK16,B,4,W0,RC,evaluation,U,STRICT_BASE,320,False,macro,50,4,31,UNKNOWN,0.6378205128205128,32.0,50,4,,,0,0,0.6378205128205128,32.0,50,4,0.6378205128205128,32.0,50,4,0.0,0.0,32,4,1.0,32.0,32,4,0.0,0.0,18,4,0.1125,2.0,18,4,0.04006410256410256,2.0,50,4,0.0,0.0,50,4,0.04006410256410256,2.0,50,4,0.0,0.0,32,4,0.9599358974358975,48.0,50,4,,,0,0,0.3605769230769231,18.0,50,4,,,0,0,,,0,0,,,0,0,,,0,0,,,0,0,,,0,0,1.0,2.0,2,2,,,0,0,,,0,0,1.0,2.0,2,2,,,0,0,,,0,0,,,0,0,0.6378205128205128,32.0,50,4,0.0,0.0,50,4,0.0,0.0,50,4
SLAKE_STAGE2_BANK16,B,4,W0,RC,evaluation,U,STRICT_BASE,320,False,micro,50,4,31,UNKNOWN,0.64,32.0,50,4,,,0,0,0.64,32.0,50,4,0.64,32.0,50,4,0.0,0.0,32,4,1.0,32.0,32,4,0.0,0.0,18,4,0.1111111111111111,2.0,18,4,0.04,2.0,50,4,0.0,0.0,50,4,0.04,2.0,50,4,0.0,0.0,32,4,0.96,48.0,50,4,,,0,0,0.36,18.0,50,4,,,0,0,,,0,0,,,0,0,,,0,0,,,0,0,,,0,0,1.0,2.0,2,2,,,0,0,,,0,0,1.0,2.0,2,2,,,0,0,,,0,0,,,0,0,0.64,32.0,50,4,0.0,0.0,50,4,0.0,0.0,50,4
SLAKE_STAGE2_BANK16,B,4,W0,RC,evaluation,cross_family_confirmation,EDIT_TARGET,320,False,macro,8,4,4,UNKNOWN,1.0,8.0,8,4,,,0,0,1.0,8.0,8,4,0.5,4.0,8,4,,,0,0,,,0,0,1.0,4.0,4,2,1.0,4.0,4,2,1.0,8.0,8,4,1.0,8.0,8,4,,,0,0,,,0,0,0.0,0.0,8,4,,,0,0,1.0,8.0,8,4,0.0,0.0,8,4,0.0,0.0,8,4,0.0,0.0,8,4,0.0,0.0,8,4,0.0,0.0,8,4,0.0,0.0,8,4,1.0,8.0,8,4,,,0,0,,,0,0,,,0,0,0.0,0.0,8,4,0.0,0.0,8,4,0.0,0.0,8,4,0.0,0.0,8,4,1.0,8.0,8,4,0.0,0.0,8,4
SLAKE_STAGE2_BANK16,B,4,W0,RC,evaluation,cross_family_confirmation,EDIT_TARGET,320,False,micro,8,4,4,UNKNOWN,1.0,8.0,8,4,,,0,0,1.0,8.0,8,4,0.5,4.0,8,4,,,0,0,,,0,0,1.0,4.0,4,2,1.0,4.0,4,2,1.0,8.0,8,4,1.0,8.0,8,4,,,0,0,,,0,0,0.0,0.0,8,4,,,0,0,1.0,8.0,8,4,0.0,0.0,8,4,0.0,0.0,8,4,0.0,0.0,8,4,0.0,0.0,8,4,0.0,0.0,8,4,0.0,0.0,8,4,1.0,8.0,8,4,,,0,0,,,0,0,,,0,0,0.0,0.0,8,4,0.0,0.0,8,4,0.0,0.0,8,4,0.0,0.0,8,4,1.0,8.0,8,4,0.0,0.0,8,4
SLAKE_STAGE2_BANK16,B,4,W0,RC,evaluation,source_style_confirmation,EDIT_TARGET,320,False,macro,8,4,4,UNKNOWN,1.0,8.0,8,4,,,0,0,1.0,8.0,8,4,0.75,6.0,8,4,,,0,0,,,0,0,1.0,2.0,2,1,1.0,2.0,2,1,1.0,8.0,8,4,1.0,8.0,8,4,,,0,0,,,0,0,0.0,0.0,8,4,,,0,0,1.0,8.0,8,4,0.0,0.0,8,4,0.0,0.0,8,4,0.0,0.0,8,4,0.0,0.0,8,4,0.0,0.0,8,4,0.0,0.0,8,4,1.0,8.0,8,4,,,0,0,,,0,0,,,0,0,0.0,0.0,8,4,0.0,0.0,8,4,0.0,0.0,8,4,0.0,0.0,8,4,1.0,8.0,8,4,0.0,0.0,8,4
SLAKE_STAGE2_BANK16,B,4,W0,RC,evaluation,source_style_confirmation,EDIT_TARGET,320,False,micro,8,4,4,UNKNOWN,1.0,8.0,8,4,,,0,0,1.0,8.0,8,4,0.75,6.0,8,4,,,0,0,,,0,0,1.0,2.0,2,1,1.0,2.0,2,1,1.0,8.0,8,4,1.0,8.0,8,4,,,0,0,,,0,0,0.0,0.0,8,4,,,0,0,1.0,8.0,8,4,0.0,0.0,8,4,0.0,0.0,8,4,0.0,0.0,8,4,0.0,0.0,8,4,0.0,0.0,8,4,0.0,0.0,8,4,1.0,8.0,8,4,,,0,0,,,0,0,,,0,0,0.0,0.0,8,4,0.0,0.0,8,4,0.0,0.0,8,4,0.0,0.0,8,4,1.0,8.0,8,4,0.0,0.0,8,4
SLAKE_STAGE2_BANK16,B,4,W0,RC,native,T0,EDIT_TARGET,320,False,macro,4,4,4,UNKNOWN,1.0,4.0,4,4,,,0,0,1.0,4.0,4,4,0.0,0.0,4,4,,,0,0,,,0,0,1.0,4.0,4,4,1.0,4.0,4,4,1.0,4.0,4,4,1.0,4.0,4,4,,,0,0,,,0,0,0.0,0.0,4,4,,,0,0,1.0,4.0,4,4,0.0,0.0,4,4,0.0,0.0,4,4,0.0,0.0,4,4,0.0,0.0,4,4,0.0,0.0,4,4,0.0,0.0,4,4,1.0,4.0,4,4,,,0,0,,,0,0,,,0,0,0.0,0.0,4,4,0.0,0.0,4,4,0.0,0.0,4,4,0.0,0.0,4,4,1.0,4.0,4,4,0.0,0.0,4,4
SLAKE_STAGE2_BANK16,B,4,W0,RC,native,T0,EDIT_TARGET,320,False,micro,4,4,4,UNKNOWN,1.0,4.0,4,4,,,0,0,1.0,4.0,4,4,0.0,0.0,4,4,,,0,0,,,0,0,1.0,4.0,4,4,1.0,4.0,4,4,1.0,4.0,4,4,1.0,4.0,4,4,,,0,0,,,0,0,0.0,0.0,4,4,,,0,0,1.0,4.0,4,4,0.0,0.0,4,4,0.0,0.0,4,4,0.0,0.0,4,4,0.0,0.0,4,4,0.0,0.0,4,4,0.0,0.0,4,4,1.0,4.0,4,4,,,0,0,,,0,0,,,0,0,0.0,0.0,4,4,0.0,0.0,4,4,0.0,0.0,4,4,0.0,0.0,4,4,1.0,4.0,4,4,0.0,0.0,4,4
SLAKE_STAGE2_BANK16,B,4,W01,R0,evaluation,H,STRICT_BASE,320,False,macro,6,4,4,UNKNOWN,0.375,3.0,6,4,,,0,0,0.375,3.0,6,4,0.875,5.0,6,4,0.5,2.0,5,4,0.5,3.0,5,4,0.0,0.0,1,1,0.0,0.0,1,1,1.0,6.0,6,4,0.375,3.0,6,4,1.0,6.0,6,4,0.5,2.0,5,4,0.5,4.0,6,4,,,0,0,0.375,3.0,6,4,,,0,0,,,0,0,,,0,0,,,0,0,,,0,0,,,0,0,1.0,6.0,6,4,,,0,0,0.5,2.0,5,4,0.625,3.0,6,4,,,0,0,,,0,0,,,0,0,0.0,0.0,6,4,0.0,0.0,6,4,0.375,3.0,6,4
SLAKE_STAGE2_BANK16,B,4,W01,R0,evaluation,H,STRICT_BASE,320,False,micro,6,4,4,UNKNOWN,0.5,3.0,6,4,,,0,0,0.5,3.0,6,4,0.8333333333333334,5.0,6,4,0.4,2.0,5,4,0.6,3.0,5,4,0.0,0.0,1,1,0.0,0.0,1,1,1.0,6.0,6,4,0.5,3.0,6,4,1.0,6.0,6,4,0.4,2.0,5,4,0.6666666666666666,4.0,6,4,,,0,0,0.5,3.0,6,4,,,0,0,,,0,0,,,0,0,,,0,0,,,0,0,,,0,0,1.0,6.0,6,4,,,0,0,0.4,2.0,5,4,0.5,3.0,6,4,,,0,0,,,0,0,,,0,0,0.0,0.0,6,4,0.0,0.0,6,4,0.5,3.0,6,4
SLAKE_STAGE2_BANK16,B,4,W01,R0,evaluation,U,STRICT_BASE,320,False,macro,50,4,31,UNKNOWN,0.47756410256410253,24.0,50,4,,,0,0,0.47756410256410253,24.0,50,4,0.6378205128205128,32.0,50,4,0.31746031746031744,10.0,32,4,0.6825396825396826,22.0,32,4,0.1125,2.0,18,4,0.375,7.0,18,4,0.9583333333333334,48.0,50,4,0.4358974358974359,22.0,50,4,0.9583333333333334,48.0,50,4,0.31746031746031744,10.0,32,4,0.6169871794871795,31.0,50,4,,,0,0,0.5016025641025641,25.0,50,4,,,0,0,,,0,0,,,0,0,,,0,0,,,0,0,,,0,0,1.0,48.0,48,4,,,0,0,0.346031746031746,10.0,30,4,0.5516025641025641,26.0,48,4,,,0,0,,,0,0,,,0,0,0.041666666666666664,2.0,50,4,0.1201923076923077,6.0,50,4,0.3157051282051282,16.0,50,4
SLAKE_STAGE2_BANK16,B,4,W01,R0,evaluation,U,STRICT_BASE,320,False,micro,50,4,31,UNKNOWN,0.48,24.0,50,4,,,0,0,0.48,24.0,50,4,0.64,32.0,50,4,0.3125,10.0,32,4,0.6875,22.0,32,4,0.1111111111111111,2.0,18,4,0.3888888888888889,7.0,18,4,0.96,48.0,50,4,0.44,22.0,50,4,0.96,48.0,50,4,0.3125,10.0,32,4,0.62,31.0,50,4,,,0,0,0.5,25.0,50,4,,,0,0,,,0,0,,,0,0,,,0,0,,,0,0,,,0,0,1.0,48.0,48,4,,,0,0,0.3333333333333333,10.0,30,4,0.5416666666666666,26.0,48,4,,,0,0,,,0,0,,,0,0,0.04,2.0,50,4,0.12,6.0,50,4,0.32,16.0,50,4
SLAKE_STAGE2_BANK16,B,4,W01,R0,evaluation,cross_family_confirmation,EDIT_TARGET,320,False,macro,8,4,4,UNKNOWN,1.0,8.0,8,4,,,0,0,1.0,8.0,8,4,0.5,4.0,8,4,,,0,0,,,0,0,1.0,4.0,4,2,1.0,4.0,4,2,1.0,8.0,8,4,1.0,8.0,8,4,,,0,0,,,0,0,0.0,0.0,8,4,,,0,0,1.0,8.0,8,4,0.0,0.0,8,4,0.0,0.0,8,4,0.0,0.0,8,4,0.0,0.0,8,4,0.0,0.0,8,4,0.0,0.0,8,4,1.0,8.0,8,4,,,0,0,,,0,0,,,0,0,0.0,0.0,8,4,0.0,0.0,8,4,0.0,0.0,8,4,0.0,0.0,8,4,1.0,8.0,8,4,0.0,0.0,8,4
SLAKE_STAGE2_BANK16,B,4,W01,R0,evaluation,cross_family_confirmation,EDIT_TARGET,320,False,micro,8,4,4,UNKNOWN,1.0,8.0,8,4,,,0,0,1.0,8.0,8,4,0.5,4.0,8,4,,,0,0,,,0,0,1.0,4.0,4,2,1.0,4.0,4,2,1.0,8.0,8,4,1.0,8.0,8,4,,,0,0,,,0,0,0.0,0.0,8,4,,,0,0,1.0,8.0,8,4,0.0,0.0,8,4,0.0,0.0,8,4,0.0,0.0,8,4,0.0,0.0,8,4,0.0,0.0,8,4,0.0,0.0,8,4,1.0,8.0,8,4,,,0,0,,,0,0,,,0,0,0.0,0.0,8,4,0.0,0.0,8,4,0.0,0.0,8,4,0.0,0.0,8,4,1.0,8.0,8,4,0.0,0.0,8,4
SLAKE_STAGE2_BANK16,B,4,W01,R0,evaluation,source_style_confirmation,EDIT_TARGET,320,False,macro,8,4,4,UNKNOWN,1.0,8.0,8,4,,,0,0,1.0,8.0,8,4,0.75,6.0,8,4,,,0,0,,,0,0,1.0,2.0,2,1,1.0,2.0,2,1,1.0,8.0,8,4,1.0,8.0,8,4,,,0,0,,,0,0,0.0,0.0,8,4,,,0,0,1.0,8.0,8,4,0.0,0.0,8,4,0.0,0.0,8,4,0.0,0.0,8,4,0.0,0.0,8,4,0.0,0.0,8,4,0.0,0.0,8,4,1.0,8.0,8,4,,,0,0,,,0,0,,,0,0,0.0,0.0,8,4,0.0,0.0,8,4,0.0,0.0,8,4,0.0,0.0,8,4,1.0,8.0,8,4,0.0,0.0,8,4
SLAKE_STAGE2_BANK16,B,4,W01,R0,evaluation,source_style_confirmation,EDIT_TARGET,320,False,micro,8,4,4,UNKNOWN,1.0,8.0,8,4,,,0,0,1.0,8.0,8,4,0.75,6.0,8,4,,,0,0,,,0,0,1.0,2.0,2,1,1.0,2.0,2,1,1.0,8.0,8,4,1.0,8.0,8,4,,,0,0,,,0,0,0.0,0.0,8,4,,,0,0,1.0,8.0,8,4,0.0,0.0,8,4,0.0,0.0,8,4,0.0,0.0,8,4,0.0,0.0,8,4,0.0,0.0,8,4,0.0,0.0,8,4,1.0,8.0,8,4,,,0,0,,,0,0,,,0,0,0.0,0.0,8,4,0.0,0.0,8,4,0.0,0.0,8,4,0.0,0.0,8,4,1.0,8.0,8,4,0.0,0.0,8,4
SLAKE_STAGE2_BANK16,B,4,W01,R0,native,T0,EDIT_TARGET,320,False,macro,4,4,4,UNKNOWN,1.0,4.0,4,4,,,0,0,1.0,4.0,4,4,0.0,0.0,4,4,,,0,0,,,0,0,1.0,4.0,4,4,1.0,4.0,4,4,1.0,4.0,4,4,1.0,4.0,4,4,,,0,0,,,0,0,0.0,0.0,4,4,,,0,0,1.0,4.0,4,4,0.0,0.0,4,4,0.0,0.0,4,4,0.0,0.0,4,4,0.0,0.0,4,4,0.0,0.0,4,4,0.0,0.0,4,4,1.0,4.0,4,4,,,0,0,,,0,0,,,0,0,0.0,0.0,4,4,0.0,0.0,4,4,0.0,0.0,4,4,0.0,0.0,4,4,1.0,4.0,4,4,0.0,0.0,4,4
SLAKE_STAGE2_BANK16,B,4,W01,R0,native,T0,EDIT_TARGET,320,False,micro,4,4,4,UNKNOWN,1.0,4.0,4,4,,,0,0,1.0,4.0,4,4,0.0,0.0,4,4,,,0,0,,,0,0,1.0,4.0,4,4,1.0,4.0,4,4,1.0,4.0,4,4,1.0,4.0,4,4,,,0,0,,,0,0,0.0,0.0,4,4,,,0,0,1.0,4.0,4,4,0.0,0.0,4,4,0.0,0.0,4,4,0.0,0.0,4,4,0.0,0.0,4,4,0.0,0.0,4,4,0.0,0.0,4,4,1.0,4.0,4,4,,,0,0,,,0,0,,,0,0,0.0,0.0,4,4,0.0,0.0,4,4,0.0,0.0,4,4,0.0,0.0,4,4,1.0,4.0,4,4,0.0,0.0,4,4
SLAKE_STAGE2_BANK16,B,4,W01,RC,evaluation,H,STRICT_BASE,320,False,macro,6,4,4,UNKNOWN,0.875,5.0,6,4,,,0,0,0.875,5.0,6,4,0.875,5.0,6,4,0.0,0.0,5,4,1.0,5.0,5,4,0.0,0.0,1,1,0.0,0.0,1,1,0.0,0.0,6,4,0.0,0.0,6,4,0.0,0.0,6,4,0.0,0.0,5,4,1.0,6.0,6,4,,,0,0,0.375,3.0,6,4,,,0,0,,,0,0,,,0,0,,,0,0,,,0,0,,,0,0,,,0,0,,,0,0,,,0,0,,,0,0,,,0,0,,,0,0,,,0,0,0.875,5.0,6,4,0.0,0.0,6,4,0.0,0.0,6,4
SLAKE_STAGE2_BANK16,B,4,W01,RC,evaluation,H,STRICT_BASE,320,False,micro,6,4,4,UNKNOWN,0.8333333333333334,5.0,6,4,,,0,0,0.8333333333333334,5.0,6,4,0.8333333333333334,5.0,6,4,0.0,0.0,5,4,1.0,5.0,5,4,0.0,0.0,1,1,0.0,0.0,1,1,0.0,0.0,6,4,0.0,0.0,6,4,0.0,0.0,6,4,0.0,0.0,5,4,1.0,6.0,6,4,,,0,0,0.5,3.0,6,4,,,0,0,,,0,0,,,0,0,,,0,0,,,0,0,,,0,0,,,0,0,,,0,0,,,0,0,,,0,0,,,0,0,,,0,0,,,0,0,0.8333333333333334,5.0,6,4,0.0,0.0,6,4,0.0,0.0,6,4
SLAKE_STAGE2_BANK16,B,4,W01,RC,evaluation,U,STRICT_BASE,320,False,macro,50,4,31,UNKNOWN,0.657051282051282,33.0,50,4,,,0,0,0.657051282051282,33.0,50,4,0.6378205128205128,32.0,50,4,0.0,0.0,32,4,1.0,32.0,32,4,0.0625,1.0,18,4,0.0625,1.0,18,4,0.04006410256410256,2.0,50,4,0.019230769230769232,1.0,50,4,0.04006410256410256,2.0,50,4,0.0,0.0,32,4,0.9807692307692308,49.0,50,4,,,0,0,0.5016025641025641,25.0,50,4,,,0,0,,,0,0,,,0,0,,,0,0,,,0,0,,,0,0,1.0,2.0,2,2,,,0,0,,,0,0,0.5,1.0,2,2,,,0,0,,,0,0,,,0,0,0.6378205128205128,32.0,50,4,0.0,0.0,50,4,0.019230769230769232,1.0,50,4
SLAKE_STAGE2_BANK16,B,4,W01,RC,evaluation,U,STRICT_BASE,320,False,micro,50,4,31,UNKNOWN,0.66,33.0,50,4,,,0,0,0.66,33.0,50,4,0.64,32.0,50,4,0.0,0.0,32,4,1.0,32.0,32,4,0.05555555555555555,1.0,18,4,0.05555555555555555,1.0,18,4,0.04,2.0,50,4,0.02,1.0,50,4,0.04,2.0,50,4,0.0,0.0,32,4,0.98,49.0,50,4,,,0,0,0.5,25.0,50,4,,,0,0,,,0,0,,,0,0,,,0,0,,,0,0,,,0,0,1.0,2.0,2,2,,,0,0,,,0,0,0.5,1.0,2,2,,,0,0,,,0,0,,,0,0,0.64,32.0,50,4,0.0,0.0,50,4,0.02,1.0,50,4
SLAKE_STAGE2_BANK16,B,4,W01,RC,evaluation,cross_family_confirmation,EDIT_TARGET,320,False,macro,8,4,4,UNKNOWN,1.0,8.0,8,4,,,0,0,1.0,8.0,8,4,0.5,4.0,8,4,,,0,0,,,0,0,1.0,4.0,4,2,1.0,4.0,4,2,1.0,8.0,8,4,1.0,8.0,8,4,,,0,0,,,0,0,0.0,0.0,8,4,,,0,0,1.0,8.0,8,4,0.0,0.0,8,4,0.0,0.0,8,4,0.0,0.0,8,4,0.0,0.0,8,4,0.0,0.0,8,4,0.0,0.0,8,4,1.0,8.0,8,4,,,0,0,,,0,0,,,0,0,0.0,0.0,8,4,0.0,0.0,8,4,0.0,0.0,8,4,0.0,0.0,8,4,1.0,8.0,8,4,0.0,0.0,8,4
SLAKE_STAGE2_BANK16,B,4,W01,RC,evaluation,cross_family_confirmation,EDIT_TARGET,320,False,micro,8,4,4,UNKNOWN,1.0,8.0,8,4,,,0,0,1.0,8.0,8,4,0.5,4.0,8,4,,,0,0,,,0,0,1.0,4.0,4,2,1.0,4.0,4,2,1.0,8.0,8,4,1.0,8.0,8,4,,,0,0,,,0,0,0.0,0.0,8,4,,,0,0,1.0,8.0,8,4,0.0,0.0,8,4,0.0,0.0,8,4,0.0,0.0,8,4,0.0,0.0,8,4,0.0,0.0,8,4,0.0,0.0,8,4,1.0,8.0,8,4,,,0,0,,,0,0,,,0,0,0.0,0.0,8,4,0.0,0.0,8,4,0.0,0.0,8,4,0.0,0.0,8,4,1.0,8.0,8,4,0.0,0.0,8,4
SLAKE_STAGE2_BANK16,B,4,W01,RC,evaluation,source_style_confirmation,EDIT_TARGET,320,False,macro,8,4,4,UNKNOWN,1.0,8.0,8,4,,,0,0,1.0,8.0,8,4,0.75,6.0,8,4,,,0,0,,,0,0,1.0,2.0,2,1,1.0,2.0,2,1,1.0,8.0,8,4,1.0,8.0,8,4,,,0,0,,,0,0,0.0,0.0,8,4,,,0,0,1.0,8.0,8,4,0.0,0.0,8,4,0.0,0.0,8,4,0.0,0.0,8,4,0.0,0.0,8,4,0.0,0.0,8,4,0.0,0.0,8,4,1.0,8.0,8,4,,,0,0,,,0,0,,,0,0,0.0,0.0,8,4,0.0,0.0,8,4,0.0,0.0,8,4,0.0,0.0,8,4,1.0,8.0,8,4,0.0,0.0,8,4
SLAKE_STAGE2_BANK16,B,4,W01,RC,evaluation,source_style_confirmation,EDIT_TARGET,320,False,micro,8,4,4,UNKNOWN,1.0,8.0,8,4,,,0,0,1.0,8.0,8,4,0.75,6.0,8,4,,,0,0,,,0,0,1.0,2.0,2,1,1.0,2.0,2,1,1.0,8.0,8,4,1.0,8.0,8,4,,,0,0,,,0,0,0.0,0.0,8,4,,,0,0,1.0,8.0,8,4,0.0,0.0,8,4,0.0,0.0,8,4,0.0,0.0,8,4,0.0,0.0,8,4,0.0,0.0,8,4,0.0,0.0,8,4,1.0,8.0,8,4,,,0,0,,,0,0,,,0,0,0.0,0.0,8,4,0.0,0.0,8,4,0.0,0.0,8,4,0.0,0.0,8,4,1.0,8.0,8,4,0.0,0.0,8,4
SLAKE_STAGE2_BANK16,B,4,W01,RC,native,T0,EDIT_TARGET,320,False,macro,4,4,4,UNKNOWN,1.0,4.0,4,4,,,0,0,1.0,4.0,4,4,0.0,0.0,4,4,,,0,0,,,0,0,1.0,4.0,4,4,1.0,4.0,4,4,1.0,4.0,4,4,1.0,4.0,4,4,,,0,0,,,0,0,0.0,0.0,4,4,,,0,0,1.0,4.0,4,4,0.0,0.0,4,4,0.0,0.0,4,4,0.0,0.0,4,4,0.0,0.0,4,4,0.0,0.0,4,4,0.0,0.0,4,4,1.0,4.0,4,4,,,0,0,,,0,0,,,0,0,0.0,0.0,4,4,0.0,0.0,4,4,0.0,0.0,4,4,0.0,0.0,4,4,1.0,4.0,4,4,0.0,0.0,4,4
SLAKE_STAGE2_BANK16,B,4,W01,RC,native,T0,EDIT_TARGET,320,False,micro,4,4,4,UNKNOWN,1.0,4.0,4,4,,,0,0,1.0,4.0,4,4,0.0,0.0,4,4,,,0,0,,,0,0,1.0,4.0,4,4,1.0,4.0,4,4,1.0,4.0,4,4,1.0,4.0,4,4,,,0,0,,,0,0,0.0,0.0,4,4,,,0,0,1.0,4.0,4,4,0.0,0.0,4,4,0.0,0.0,4,4,0.0,0.0,4,4,0.0,0.0,4,4,0.0,0.0,4,4,0.0,0.0,4,4,1.0,4.0,4,4,,,0,0,,,0,0,,,0,0,0.0,0.0,4,4,0.0,0.0,4,4,0.0,0.0,4,4,0.0,0.0,4,4,1.0,4.0,4,4,0.0,0.0,4,4
SLAKE_STAGE2_BANK16,B,4,W1,R0,evaluation,H,STRICT_BASE,320,False,macro,6,4,4,UNKNOWN,0.375,3.0,6,4,,,0,0,0.375,3.0,6,4,0.875,5.0,6,4,0.5,2.0,5,4,0.5,3.0,5,4,0.0,0.0,1,1,0.0,0.0,1,1,1.0,6.0,6,4,0.375,3.0,6,4,1.0,6.0,6,4,0.5,2.0,5,4,0.5,4.0,6,4,,,0,0,0.375,3.0,6,4,,,0,0,,,0,0,,,0,0,,,0,0,,,0,0,,,0,0,1.0,6.0,6,4,,,0,0,0.5,2.0,5,4,0.625,3.0,6,4,,,0,0,,,0,0,,,0,0,0.0,0.0,6,4,0.0,0.0,6,4,0.375,3.0,6,4
SLAKE_STAGE2_BANK16,B,4,W1,R0,evaluation,H,STRICT_BASE,320,False,micro,6,4,4,UNKNOWN,0.5,3.0,6,4,,,0,0,0.5,3.0,6,4,0.8333333333333334,5.0,6,4,0.4,2.0,5,4,0.6,3.0,5,4,0.0,0.0,1,1,0.0,0.0,1,1,1.0,6.0,6,4,0.5,3.0,6,4,1.0,6.0,6,4,0.4,2.0,5,4,0.6666666666666666,4.0,6,4,,,0,0,0.5,3.0,6,4,,,0,0,,,0,0,,,0,0,,,0,0,,,0,0,,,0,0,1.0,6.0,6,4,,,0,0,0.4,2.0,5,4,0.5,3.0,6,4,,,0,0,,,0,0,,,0,0,0.0,0.0,6,4,0.0,0.0,6,4,0.5,3.0,6,4
SLAKE_STAGE2_BANK16,B,4,W1,R0,evaluation,U,STRICT_BASE,320,False,macro,50,4,31,UNKNOWN,0.47756410256410253,24.0,50,4,,,0,0,0.47756410256410253,24.0,50,4,0.6378205128205128,32.0,50,4,0.31746031746031744,10.0,32,4,0.6825396825396826,22.0,32,4,0.1125,2.0,18,4,0.275,5.0,18,4,0.9583333333333334,48.0,50,4,0.4358974358974359,22.0,50,4,0.9583333333333334,48.0,50,4,0.31746031746031744,10.0,32,4,0.6586538461538461,33.0,50,4,,,0,0,0.5400641025641025,27.0,50,4,,,0,0,,,0,0,,,0,0,,,0,0,,,0,0,,,0,0,1.0,48.0,48,4,,,0,0,0.346031746031746,10.0,30,4,0.5516025641025641,26.0,48,4,,,0,0,,,0,0,,,0,0,0.041666666666666664,2.0,50,4,0.1201923076923077,6.0,50,4,0.3157051282051282,16.0,50,4
SLAKE_STAGE2_BANK16,B,4,W1,R0,evaluation,U,STRICT_BASE,320,False,micro,50,4,31,UNKNOWN,0.48,24.0,50,4,,,0,0,0.48,24.0,50,4,0.64,32.0,50,4,0.3125,10.0,32,4,0.6875,22.0,32,4,0.1111111111111111,2.0,18,4,0.2777777777777778,5.0,18,4,0.96,48.0,50,4,0.44,22.0,50,4,0.96,48.0,50,4,0.3125,10.0,32,4,0.66,33.0,50,4,,,0,0,0.54,27.0,50,4,,,0,0,,,0,0,,,0,0,,,0,0,,,0,0,,,0,0,1.0,48.0,48,4,,,0,0,0.3333333333333333,10.0,30,4,0.5416666666666666,26.0,48,4,,,0,0,,,0,0,,,0,0,0.04,2.0,50,4,0.12,6.0,50,4,0.32,16.0,50,4
SLAKE_STAGE2_BANK16,B,4,W1,R0,evaluation,cross_family_confirmation,EDIT_TARGET,320,False,macro,8,4,4,UNKNOWN,1.0,8.0,8,4,,,0,0,1.0,8.0,8,4,0.5,4.0,8,4,,,0,0,,,0,0,1.0,4.0,4,2,1.0,4.0,4,2,1.0,8.0,8,4,1.0,8.0,8,4,,,0,0,,,0,0,0.0,0.0,8,4,,,0,0,1.0,8.0,8,4,0.0,0.0,8,4,0.0,0.0,8,4,0.0,0.0,8,4,0.0,0.0,8,4,0.0,0.0,8,4,0.0,0.0,8,4,1.0,8.0,8,4,,,0,0,,,0,0,,,0,0,0.0,0.0,8,4,0.0,0.0,8,4,0.0,0.0,8,4,0.0,0.0,8,4,1.0,8.0,8,4,0.0,0.0,8,4
SLAKE_STAGE2_BANK16,B,4,W1,R0,evaluation,cross_family_confirmation,EDIT_TARGET,320,False,micro,8,4,4,UNKNOWN,1.0,8.0,8,4,,,0,0,1.0,8.0,8,4,0.5,4.0,8,4,,,0,0,,,0,0,1.0,4.0,4,2,1.0,4.0,4,2,1.0,8.0,8,4,1.0,8.0,8,4,,,0,0,,,0,0,0.0,0.0,8,4,,,0,0,1.0,8.0,8,4,0.0,0.0,8,4,0.0,0.0,8,4,0.0,0.0,8,4,0.0,0.0,8,4,0.0,0.0,8,4,0.0,0.0,8,4,1.0,8.0,8,4,,,0,0,,,0,0,,,0,0,0.0,0.0,8,4,0.0,0.0,8,4,0.0,0.0,8,4,0.0,0.0,8,4,1.0,8.0,8,4,0.0,0.0,8,4
SLAKE_STAGE2_BANK16,B,4,W1,R0,evaluation,source_style_confirmation,EDIT_TARGET,320,False,macro,8,4,4,UNKNOWN,1.0,8.0,8,4,,,0,0,1.0,8.0,8,4,0.75,6.0,8,4,,,0,0,,,0,0,1.0,2.0,2,1,1.0,2.0,2,1,1.0,8.0,8,4,1.0,8.0,8,4,,,0,0,,,0,0,0.0,0.0,8,4,,,0,0,1.0,8.0,8,4,0.0,0.0,8,4,0.0,0.0,8,4,0.0,0.0,8,4,0.0,0.0,8,4,0.0,0.0,8,4,0.0,0.0,8,4,1.0,8.0,8,4,,,0,0,,,0,0,,,0,0,0.0,0.0,8,4,0.0,0.0,8,4,0.0,0.0,8,4,0.0,0.0,8,4,1.0,8.0,8,4,0.0,0.0,8,4
SLAKE_STAGE2_BANK16,B,4,W1,R0,evaluation,source_style_confirmation,EDIT_TARGET,320,False,micro,8,4,4,UNKNOWN,1.0,8.0,8,4,,,0,0,1.0,8.0,8,4,0.75,6.0,8,4,,,0,0,,,0,0,1.0,2.0,2,1,1.0,2.0,2,1,1.0,8.0,8,4,1.0,8.0,8,4,,,0,0,,,0,0,0.0,0.0,8,4,,,0,0,1.0,8.0,8,4,0.0,0.0,8,4,0.0,0.0,8,4,0.0,0.0,8,4,0.0,0.0,8,4,0.0,0.0,8,4,0.0,0.0,8,4,1.0,8.0,8,4,,,0,0,,,0,0,,,0,0,0.0,0.0,8,4,0.0,0.0,8,4,0.0,0.0,8,4,0.0,0.0,8,4,1.0,8.0,8,4,0.0,0.0,8,4
SLAKE_STAGE2_BANK16,B,4,W1,R0,native,T0,EDIT_TARGET,320,False,macro,4,4,4,UNKNOWN,1.0,4.0,4,4,,,0,0,1.0,4.0,4,4,0.0,0.0,4,4,,,0,0,,,0,0,1.0,4.0,4,4,1.0,4.0,4,4,1.0,4.0,4,4,1.0,4.0,4,4,,,0,0,,,0,0,0.0,0.0,4,4,,,0,0,1.0,4.0,4,4,0.0,0.0,4,4,0.0,0.0,4,4,0.0,0.0,4,4,0.0,0.0,4,4,0.0,0.0,4,4,0.0,0.0,4,4,1.0,4.0,4,4,,,0,0,,,0,0,,,0,0,0.0,0.0,4,4,0.0,0.0,4,4,0.0,0.0,4,4,0.0,0.0,4,4,1.0,4.0,4,4,0.0,0.0,4,4
SLAKE_STAGE2_BANK16,B,4,W1,R0,native,T0,EDIT_TARGET,320,False,micro,4,4,4,UNKNOWN,1.0,4.0,4,4,,,0,0,1.0,4.0,4,4,0.0,0.0,4,4,,,0,0,,,0,0,1.0,4.0,4,4,1.0,4.0,4,4,1.0,4.0,4,4,1.0,4.0,4,4,,,0,0,,,0,0,0.0,0.0,4,4,,,0,0,1.0,4.0,4,4,0.0,0.0,4,4,0.0,0.0,4,4,0.0,0.0,4,4,0.0,0.0,4,4,0.0,0.0,4,4,0.0,0.0,4,4,1.0,4.0,4,4,,,0,0,,,0,0,,,0,0,0.0,0.0,4,4,0.0,0.0,4,4,0.0,0.0,4,4,0.0,0.0,4,4,1.0,4.0,4,4,0.0,0.0,4,4
SLAKE_STAGE2_BANK16,B,4,W1,RC,evaluation,H,STRICT_BASE,320,False,macro,6,4,4,UNKNOWN,0.875,5.0,6,4,,,0,0,0.875,5.0,6,4,0.875,5.0,6,4,0.0,0.0,5,4,1.0,5.0,5,4,0.0,0.0,1,1,0.0,0.0,1,1,0.0,0.0,6,4,0.0,0.0,6,4,0.0,0.0,6,4,0.0,0.0,5,4,1.0,6.0,6,4,,,0,0,0.375,3.0,6,4,,,0,0,,,0,0,,,0,0,,,0,0,,,0,0,,,0,0,,,0,0,,,0,0,,,0,0,,,0,0,,,0,0,,,0,0,,,0,0,0.875,5.0,6,4,0.0,0.0,6,4,0.0,0.0,6,4
SLAKE_STAGE2_BANK16,B,4,W1,RC,evaluation,H,STRICT_BASE,320,False,micro,6,4,4,UNKNOWN,0.8333333333333334,5.0,6,4,,,0,0,0.8333333333333334,5.0,6,4,0.8333333333333334,5.0,6,4,0.0,0.0,5,4,1.0,5.0,5,4,0.0,0.0,1,1,0.0,0.0,1,1,0.0,0.0,6,4,0.0,0.0,6,4,0.0,0.0,6,4,0.0,0.0,5,4,1.0,6.0,6,4,,,0,0,0.5,3.0,6,4,,,0,0,,,0,0,,,0,0,,,0,0,,,0,0,,,0,0,,,0,0,,,0,0,,,0,0,,,0,0,,,0,0,,,0,0,,,0,0,0.8333333333333334,5.0,6,4,0.0,0.0,6,4,0.0,0.0,6,4
SLAKE_STAGE2_BANK16,B,4,W1,RC,evaluation,U,STRICT_BASE,320,False,macro,50,4,31,UNKNOWN,0.657051282051282,33.0,50,4,,,0,0,0.657051282051282,33.0,50,4,0.6378205128205128,32.0,50,4,0.0,0.0,32,4,1.0,32.0,32,4,0.0625,1.0,18,4,0.0625,1.0,18,4,0.04006410256410256,2.0,50,4,0.019230769230769232,1.0,50,4,0.04006410256410256,2.0,50,4,0.0,0.0,32,4,0.9807692307692308,49.0,50,4,,,0,0,0.5400641025641025,27.0,50,4,,,0,0,,,0,0,,,0,0,,,0,0,,,0,0,,,0,0,1.0,2.0,2,2,,,0,0,,,0,0,0.5,1.0,2,2,,,0,0,,,0,0,,,0,0,0.6378205128205128,32.0,50,4,0.0,0.0,50,4,0.019230769230769232,1.0,50,4
SLAKE_STAGE2_BANK16,B,4,W1,RC,evaluation,U,STRICT_BASE,320,False,micro,50,4,31,UNKNOWN,0.66,33.0,50,4,,,0,0,0.66,33.0,50,4,0.64,32.0,50,4,0.0,0.0,32,4,1.0,32.0,32,4,0.05555555555555555,1.0,18,4,0.05555555555555555,1.0,18,4,0.04,2.0,50,4,0.02,1.0,50,4,0.04,2.0,50,4,0.0,0.0,32,4,0.98,49.0,50,4,,,0,0,0.54,27.0,50,4,,,0,0,,,0,0,,,0,0,,,0,0,,,0,0,,,0,0,1.0,2.0,2,2,,,0,0,,,0,0,0.5,1.0,2,2,,,0,0,,,0,0,,,0,0,0.64,32.0,50,4,0.0,0.0,50,4,0.02,1.0,50,4
SLAKE_STAGE2_BANK16,B,4,W1,RC,evaluation,cross_family_confirmation,EDIT_TARGET,320,False,macro,8,4,4,UNKNOWN,1.0,8.0,8,4,,,0,0,1.0,8.0,8,4,0.5,4.0,8,4,,,0,0,,,0,0,1.0,4.0,4,2,1.0,4.0,4,2,1.0,8.0,8,4,1.0,8.0,8,4,,,0,0,,,0,0,0.0,0.0,8,4,,,0,0,1.0,8.0,8,4,0.0,0.0,8,4,0.0,0.0,8,4,0.0,0.0,8,4,0.0,0.0,8,4,0.0,0.0,8,4,0.0,0.0,8,4,1.0,8.0,8,4,,,0,0,,,0,0,,,0,0,0.0,0.0,8,4,0.0,0.0,8,4,0.0,0.0,8,4,0.0,0.0,8,4,1.0,8.0,8,4,0.0,0.0,8,4
SLAKE_STAGE2_BANK16,B,4,W1,RC,evaluation,cross_family_confirmation,EDIT_TARGET,320,False,micro,8,4,4,UNKNOWN,1.0,8.0,8,4,,,0,0,1.0,8.0,8,4,0.5,4.0,8,4,,,0,0,,,0,0,1.0,4.0,4,2,1.0,4.0,4,2,1.0,8.0,8,4,1.0,8.0,8,4,,,0,0,,,0,0,0.0,0.0,8,4,,,0,0,1.0,8.0,8,4,0.0,0.0,8,4,0.0,0.0,8,4,0.0,0.0,8,4,0.0,0.0,8,4,0.0,0.0,8,4,0.0,0.0,8,4,1.0,8.0,8,4,,,0,0,,,0,0,,,0,0,0.0,0.0,8,4,0.0,0.0,8,4,0.0,0.0,8,4,0.0,0.0,8,4,1.0,8.0,8,4,0.0,0.0,8,4
SLAKE_STAGE2_BANK16,B,4,W1,RC,evaluation,source_style_confirmation,EDIT_TARGET,320,False,macro,8,4,4,UNKNOWN,1.0,8.0,8,4,,,0,0,1.0,8.0,8,4,0.75,6.0,8,4,,,0,0,,,0,0,1.0,2.0,2,1,1.0,2.0,2,1,1.0,8.0,8,4,1.0,8.0,8,4,,,0,0,,,0,0,0.0,0.0,8,4,,,0,0,1.0,8.0,8,4,0.0,0.0,8,4,0.0,0.0,8,4,0.0,0.0,8,4,0.0,0.0,8,4,0.0,0.0,8,4,0.0,0.0,8,4,1.0,8.0,8,4,,,0,0,,,0,0,,,0,0,0.0,0.0,8,4,0.0,0.0,8,4,0.0,0.0,8,4,0.0,0.0,8,4,1.0,8.0,8,4,0.0,0.0,8,4
SLAKE_STAGE2_BANK16,B,4,W1,RC,evaluation,source_style_confirmation,EDIT_TARGET,320,False,micro,8,4,4,UNKNOWN,1.0,8.0,8,4,,,0,0,1.0,8.0,8,4,0.75,6.0,8,4,,,0,0,,,0,0,1.0,2.0,2,1,1.0,2.0,2,1,1.0,8.0,8,4,1.0,8.0,8,4,,,0,0,,,0,0,0.0,0.0,8,4,,,0,0,1.0,8.0,8,4,0.0,0.0,8,4,0.0,0.0,8,4,0.0,0.0,8,4,0.0,0.0,8,4,0.0,0.0,8,4,0.0,0.0,8,4,1.0,8.0,8,4,,,0,0,,,0,0,,,0,0,0.0,0.0,8,4,0.0,0.0,8,4,0.0,0.0,8,4,0.0,0.0,8,4,1.0,8.0,8,4,0.0,0.0,8,4
SLAKE_STAGE2_BANK16,B,4,W1,RC,native,T0,EDIT_TARGET,320,False,macro,4,4,4,UNKNOWN,1.0,4.0,4,4,,,0,0,1.0,4.0,4,4,0.0,0.0,4,4,,,0,0,,,0,0,1.0,4.0,4,4,1.0,4.0,4,4,1.0,4.0,4,4,1.0,4.0,4,4,,,0,0,,,0,0,0.0,0.0,4,4,,,0,0,1.0,4.0,4,4,0.0,0.0,4,4,0.0,0.0,4,4,0.0,0.0,4,4,0.0,0.0,4,4,0.0,0.0,4,4,0.0,0.0,4,4,1.0,4.0,4,4,,,0,0,,,0,0,,,0,0,0.0,0.0,4,4,0.0,0.0,4,4,0.0,0.0,4,4,0.0,0.0,4,4,1.0,4.0,4,4,0.0,0.0,4,4
SLAKE_STAGE2_BANK16,B,4,W1,RC,native,T0,EDIT_TARGET,320,False,micro,4,4,4,UNKNOWN,1.0,4.0,4,4,,,0,0,1.0,4.0,4,4,0.0,0.0,4,4,,,0,0,,,0,0,1.0,4.0,4,4,1.0,4.0,4,4,1.0,4.0,4,4,1.0,4.0,4,4,,,0,0,,,0,0,0.0,0.0,4,4,,,0,0,1.0,4.0,4,4,0.0,0.0,4,4,0.0,0.0,4,4,0.0,0.0,4,4,0.0,0.0,4,4,0.0,0.0,4,4,0.0,0.0,4,4,1.0,4.0,4,4,,,0,0,,,0,0,,,0,0,0.0,0.0,4,4,0.0,0.0,4,4,0.0,0.0,4,4,0.0,0.0,4,4,1.0,4.0,4,4,0.0,0.0,4,4
SLAKE_STAGE2_BANK16,B,8,BE,R0,evaluation,H,STRICT_BASE,320,False,macro,13,8,7,UNKNOWN,0.0,0.0,13,8,,,0,0,0.0,0.0,13,8,0.8125,10.0,13,8,1.0,10.0,10,8,0.0,0.0,10,8,0.0,0.0,3,3,1.0,3.0,3,3,1.0,13.0,13,8,0.0,0.0,13,8,1.0,13.0,13,8,1.0,10.0,10,8,0.0,0.0,13,8,,,0,0,0.0,0.0,13,8,,,0,0,,,0,0,,,0,0,,,0,0,,,0,0,,,0,0,1.0,13.0,13,8,,,0,0,1.0,10.0,10,8,1.0,13.0,13,8,,,0,0,,,0,0,,,0,0,0.0,0.0,13,8,0.0,0.0,13,8,0.0,0.0,13,8
SLAKE_STAGE2_BANK16,B,8,BE,R0,evaluation,H,STRICT_BASE,320,False,micro,13,8,7,UNKNOWN,0.0,0.0,13,8,,,0,0,0.0,0.0,13,8,0.7692307692307693,10.0,13,8,1.0,10.0,10,8,0.0,0.0,10,8,0.0,0.0,3,3,1.0,3.0,3,3,1.0,13.0,13,8,0.0,0.0,13,8,1.0,13.0,13,8,1.0,10.0,10,8,0.0,0.0,13,8,,,0,0,0.0,0.0,13,8,,,0,0,,,0,0,,,0,0,,,0,0,,,0,0,,,0,0,1.0,13.0,13,8,,,0,0,1.0,10.0,10,8,1.0,13.0,13,8,,,0,0,,,0,0,,,0,0,0.0,0.0,13,8,0.0,0.0,13,8,0.0,0.0,13,8
SLAKE_STAGE2_BANK16,B,8,BE,R0,evaluation,U,STRICT_BASE,320,False,macro,99,8,38,UNKNOWN,0.17307692307692307,17.0,99,8,,,0,0,0.17307692307692307,17.0,99,8,0.6442307692307693,64.0,99,8,0.776140873015873,50.0,64,8,0.22385912698412697,14.0,64,8,0.07708333333333334,3.0,35,8,0.975,34.0,35,8,0.8782051282051282,87.0,99,8,0.061698717948717945,6.0,99,8,0.8782051282051282,87.0,99,8,0.776140873015873,50.0,64,8,0.12179487179487179,12.0,99,8,,,0,0,0.038461538461538464,4.0,99,8,,,0,0,,,0,0,,,0,0,,,0,0,,,0,0,,,0,0,1.0,87.0,87,8,,,0,0,0.9392857142857143,50.0,53,8,0.9295454545454546,81.0,87,8,,,0,0,,,0,0,,,0,0,0.11137820512820512,11.0,99,8,0.009615384615384616,1.0,99,8,0.05208333333333333,5.0,99,8
SLAKE_STAGE2_BANK16,B,8,BE,R0,evaluation,U,STRICT_BASE,320,False,micro,99,8,38,UNKNOWN,0.1717171717171717,17.0,99,8,,,0,0,0.1717171717171717,17.0,99,8,0.6464646464646465,64.0,99,8,0.78125,50.0,64,8,0.21875,14.0,64,8,0.08571428571428572,3.0,35,8,0.9714285714285714,34.0,35,8,0.8787878787878788,87.0,99,8,0.06060606060606061,6.0,99,8,0.8787878787878788,87.0,99,8,0.78125,50.0,64,8,0.12121212121212122,12.0,99,8,,,0,0,0.04040404040404041,4.0,99,8,,,0,0,,,0,0,,,0,0,,,0,0,,,0,0,,,0,0,1.0,87.0,87,8,,,0,0,0.9433962264150944,50.0,53,8,0.9310344827586207,81.0,87,8,,,0,0,,,0,0,,,0,0,0.1111111111111111,11.0,99,8,0.010101010101010102,1.0,99,8,0.050505050505050504,5.0,99,8
SLAKE_STAGE2_BANK16,B,8,BE,R0,evaluation,cross_family_confirmation,EDIT_TARGET,320,False,macro,16,8,8,UNKNOWN,1.0,16.0,16,8,,,0,0,1.0,16.0,16,8,0.625,10.0,16,8,,,0,0,,,0,0,1.0,6.0,6,3,1.0,6.0,6,3,1.0,16.0,16,8,1.0,16.0,16,8,,,0,0,,,0,0,0.0,0.0,16,8,,,0,0,1.0,16.0,16,8,0.0,0.0,16,8,0.0,0.0,16,8,0.0,0.0,16,8,0.0,0.0,16,8,0.0,0.0,16,8,0.0,0.0,16,8,1.0,16.0,16,8,,,0,0,,,0,0,,,0,0,0.0,0.0,16,8,0.0,0.0,16,8,0.0,0.0,16,8,0.0,0.0,16,8,1.0,16.0,16,8,0.0,0.0,16,8
SLAKE_STAGE2_BANK16,B,8,BE,R0,evaluation,cross_family_confirmation,EDIT_TARGET,320,False,micro,16,8,8,UNKNOWN,1.0,16.0,16,8,,,0,0,1.0,16.0,16,8,0.625,10.0,16,8,,,0,0,,,0,0,1.0,6.0,6,3,1.0,6.0,6,3,1.0,16.0,16,8,1.0,16.0,16,8,,,0,0,,,0,0,0.0,0.0,16,8,,,0,0,1.0,16.0,16,8,0.0,0.0,16,8,0.0,0.0,16,8,0.0,0.0,16,8,0.0,0.0,16,8,0.0,0.0,16,8,0.0,0.0,16,8,1.0,16.0,16,8,,,0,0,,,0,0,,,0,0,0.0,0.0,16,8,0.0,0.0,16,8,0.0,0.0,16,8,0.0,0.0,16,8,1.0,16.0,16,8,0.0,0.0,16,8
SLAKE_STAGE2_BANK16,B,8,BE,R0,evaluation,source_style_confirmation,EDIT_TARGET,320,False,macro,16,8,8,UNKNOWN,1.0,16.0,16,8,,,0,0,1.0,16.0,16,8,0.875,14.0,16,8,,,0,0,,,0,0,1.0,2.0,2,1,1.0,2.0,2,1,1.0,16.0,16,8,1.0,16.0,16,8,,,0,0,,,0,0,0.0,0.0,16,8,,,0,0,1.0,16.0,16,8,0.0,0.0,16,8,0.0,0.0,16,8,0.0,0.0,16,8,0.0,0.0,16,8,0.0,0.0,16,8,0.0,0.0,16,8,1.0,16.0,16,8,,,0,0,,,0,0,,,0,0,0.0,0.0,16,8,0.0,0.0,16,8,0.0,0.0,16,8,0.0,0.0,16,8,1.0,16.0,16,8,0.0,0.0,16,8
SLAKE_STAGE2_BANK16,B,8,BE,R0,evaluation,source_style_confirmation,EDIT_TARGET,320,False,micro,16,8,8,UNKNOWN,1.0,16.0,16,8,,,0,0,1.0,16.0,16,8,0.875,14.0,16,8,,,0,0,,,0,0,1.0,2.0,2,1,1.0,2.0,2,1,1.0,16.0,16,8,1.0,16.0,16,8,,,0,0,,,0,0,0.0,0.0,16,8,,,0,0,1.0,16.0,16,8,0.0,0.0,16,8,0.0,0.0,16,8,0.0,0.0,16,8,0.0,0.0,16,8,0.0,0.0,16,8,0.0,0.0,16,8,1.0,16.0,16,8,,,0,0,,,0,0,,,0,0,0.0,0.0,16,8,0.0,0.0,16,8,0.0,0.0,16,8,0.0,0.0,16,8,1.0,16.0,16,8,0.0,0.0,16,8
SLAKE_STAGE2_BANK16,B,8,BE,R0,native,T0,EDIT_TARGET,320,False,macro,8,8,8,UNKNOWN,1.0,8.0,8,8,,,0,0,1.0,8.0,8,8,0.0,0.0,8,8,,,0,0,,,0,0,1.0,8.0,8,8,1.0,8.0,8,8,1.0,8.0,8,8,1.0,8.0,8,8,,,0,0,,,0,0,0.0,0.0,8,8,,,0,0,1.0,8.0,8,8,0.0,0.0,8,8,0.0,0.0,8,8,0.0,0.0,8,8,0.0,0.0,8,8,0.0,0.0,8,8,0.0,0.0,8,8,1.0,8.0,8,8,,,0,0,,,0,0,,,0,0,0.0,0.0,8,8,0.0,0.0,8,8,0.0,0.0,8,8,0.0,0.0,8,8,1.0,8.0,8,8,0.0,0.0,8,8
SLAKE_STAGE2_BANK16,B,8,BE,R0,native,T0,EDIT_TARGET,320,False,micro,8,8,8,UNKNOWN,1.0,8.0,8,8,,,0,0,1.0,8.0,8,8,0.0,0.0,8,8,,,0,0,,,0,0,1.0,8.0,8,8,1.0,8.0,8,8,1.0,8.0,8,8,1.0,8.0,8,8,,,0,0,,,0,0,0.0,0.0,8,8,,,0,0,1.0,8.0,8,8,0.0,0.0,8,8,0.0,0.0,8,8,0.0,0.0,8,8,0.0,0.0,8,8,0.0,0.0,8,8,0.0,0.0,8,8,1.0,8.0,8,8,,,0,0,,,0,0,,,0,0,0.0,0.0,8,8,0.0,0.0,8,8,0.0,0.0,8,8,0.0,0.0,8,8,1.0,8.0,8,8,0.0,0.0,8,8
SLAKE_STAGE2_BANK16,B,8,W0,R0,evaluation,H,STRICT_BASE,320,False,macro,13,8,7,UNKNOWN,0.625,10.0,13,8,,,0,0,0.625,10.0,13,8,0.8125,10.0,13,8,0.375,3.0,10,8,0.625,7.0,10,8,1.0,3.0,3,3,1.0,3.0,3,3,1.0,13.0,13,8,0.625,10.0,13,8,1.0,13.0,13,8,0.375,3.0,10,8,0.3125,5.0,13,8,,,0,0,0.0,0.0,13,8,,,0,0,,,0,0,,,0,0,,,0,0,,,0,0,,,0,0,1.0,13.0,13,8,,,0,0,0.375,3.0,10,8,0.375,3.0,13,8,,,0,0,,,0,0,,,0,0,0.0,0.0,13,8,0.0,0.0,13,8,0.625,10.0,13,8
SLAKE_STAGE2_BANK16,B,8,W0,R0,evaluation,H,STRICT_BASE,320,False,micro,13,8,7,UNKNOWN,0.7692307692307693,10.0,13,8,,,0,0,0.7692307692307693,10.0,13,8,0.7692307692307693,10.0,13,8,0.3,3.0,10,8,0.7,7.0,10,8,1.0,3.0,3,3,1.0,3.0,3,3,1.0,13.0,13,8,0.7692307692307693,10.0,13,8,1.0,13.0,13,8,0.3,3.0,10,8,0.38461538461538464,5.0,13,8,,,0,0,0.0,0.0,13,8,,,0,0,,,0,0,,,0,0,,,0,0,,,0,0,,,0,0,1.0,13.0,13,8,,,0,0,0.3,3.0,10,8,0.23076923076923078,3.0,13,8,,,0,0,,,0,0,,,0,0,0.0,0.0,13,8,0.0,0.0,13,8,0.7692307692307693,10.0,13,8
SLAKE_STAGE2_BANK16,B,8,W0,R0,evaluation,U,STRICT_BASE,320,False,macro,99,8,38,UNKNOWN,0.3830128205128205,38.0,99,8,,,0,0,0.3830128205128205,38.0,99,8,0.6442307692307693,64.0,99,8,0.4549107142857143,29.0,64,8,0.5450892857142857,35.0,64,8,0.07708333333333334,3.0,35,8,0.7395833333333334,25.0,35,8,0.8782051282051282,87.0,99,8,0.27163461538461536,27.0,99,8,0.8782051282051282,87.0,99,8,0.4549107142857143,29.0,64,8,0.34294871794871795,34.0,99,8,,,0,0,0.4230769230769231,42.0,99,8,,,0,0,,,0,0,,,0,0,,,0,0,,,0,0,,,0,0,1.0,87.0,87,8,,,0,0,0.5479662698412698,29.0,53,8,0.6906225718725718,60.0,87,8,,,0,0,,,0,0,,,0,0,0.11137820512820512,11.0,99,8,0.04887820512820513,5.0,99,8,0.22275641025641027,22.0,99,8
SLAKE_STAGE2_BANK16,B,8,W0,R0,evaluation,U,STRICT_BASE,320,False,micro,99,8,38,UNKNOWN,0.3838383838383838,38.0,99,8,,,0,0,0.3838383838383838,38.0,99,8,0.6464646464646465,64.0,99,8,0.453125,29.0,64,8,0.546875,35.0,64,8,0.08571428571428572,3.0,35,8,0.7142857142857143,25.0,35,8,0.8787878787878788,87.0,99,8,0.2727272727272727,27.0,99,8,0.8787878787878788,87.0,99,8,0.453125,29.0,64,8,0.3434343434343434,34.0,99,8,,,0,0,0.42424242424242425,42.0,99,8,,,0,0,,,0,0,,,0,0,,,0,0,,,0,0,,,0,0,1.0,87.0,87,8,,,0,0,0.5471698113207547,29.0,53,8,0.6896551724137931,60.0,87,8,,,0,0,,,0,0,,,0,0,0.1111111111111111,11.0,99,8,0.050505050505050504,5.0,99,8,0.2222222222222222,22.0,99,8
SLAKE_STAGE2_BANK16,B,8,W0,R0,evaluation,cross_family_confirmation,EDIT_TARGET,320,False,macro,16,8,8,UNKNOWN,1.0,16.0,16,8,,,0,0,1.0,16.0,16,8,0.625,10.0,16,8,,,0,0,,,0,0,1.0,6.0,6,3,1.0,6.0,6,3,1.0,16.0,16,8,1.0,16.0,16,8,,,0,0,,,0,0,0.0,0.0,16,8,,,0,0,1.0,16.0,16,8,0.0,0.0,16,8,0.0,0.0,16,8,0.0,0.0,16,8,0.0,0.0,16,8,0.0,0.0,16,8,0.0,0.0,16,8,1.0,16.0,16,8,,,0,0,,,0,0,,,0,0,0.0,0.0,16,8,0.0,0.0,16,8,0.0,0.0,16,8,0.0,0.0,16,8,1.0,16.0,16,8,0.0,0.0,16,8
SLAKE_STAGE2_BANK16,B,8,W0,R0,evaluation,cross_family_confirmation,EDIT_TARGET,320,False,micro,16,8,8,UNKNOWN,1.0,16.0,16,8,,,0,0,1.0,16.0,16,8,0.625,10.0,16,8,,,0,0,,,0,0,1.0,6.0,6,3,1.0,6.0,6,3,1.0,16.0,16,8,1.0,16.0,16,8,,,0,0,,,0,0,0.0,0.0,16,8,,,0,0,1.0,16.0,16,8,0.0,0.0,16,8,0.0,0.0,16,8,0.0,0.0,16,8,0.0,0.0,16,8,0.0,0.0,16,8,0.0,0.0,16,8,1.0,16.0,16,8,,,0,0,,,0,0,,,0,0,0.0,0.0,16,8,0.0,0.0,16,8,0.0,0.0,16,8,0.0,0.0,16,8,1.0,16.0,16,8,0.0,0.0,16,8
SLAKE_STAGE2_BANK16,B,8,W0,R0,evaluation,source_style_confirmation,EDIT_TARGET,320,False,macro,16,8,8,UNKNOWN,1.0,16.0,16,8,,,0,0,1.0,16.0,16,8,0.875,14.0,16,8,,,0,0,,,0,0,1.0,2.0,2,1,1.0,2.0,2,1,1.0,16.0,16,8,1.0,16.0,16,8,,,0,0,,,0,0,0.0,0.0,16,8,,,0,0,1.0,16.0,16,8,0.0,0.0,16,8,0.0,0.0,16,8,0.0,0.0,16,8,0.0,0.0,16,8,0.0,0.0,16,8,0.0,0.0,16,8,1.0,16.0,16,8,,,0,0,,,0,0,,,0,0,0.0,0.0,16,8,0.0,0.0,16,8,0.0,0.0,16,8,0.0,0.0,16,8,1.0,16.0,16,8,0.0,0.0,16,8
SLAKE_STAGE2_BANK16,B,8,W0,R0,evaluation,source_style_confirmation,EDIT_TARGET,320,False,micro,16,8,8,UNKNOWN,1.0,16.0,16,8,,,0,0,1.0,16.0,16,8,0.875,14.0,16,8,,,0,0,,,0,0,1.0,2.0,2,1,1.0,2.0,2,1,1.0,16.0,16,8,1.0,16.0,16,8,,,0,0,,,0,0,0.0,0.0,16,8,,,0,0,1.0,16.0,16,8,0.0,0.0,16,8,0.0,0.0,16,8,0.0,0.0,16,8,0.0,0.0,16,8,0.0,0.0,16,8,0.0,0.0,16,8,1.0,16.0,16,8,,,0,0,,,0,0,,,0,0,0.0,0.0,16,8,0.0,0.0,16,8,0.0,0.0,16,8,0.0,0.0,16,8,1.0,16.0,16,8,0.0,0.0,16,8
SLAKE_STAGE2_BANK16,B,8,W0,R0,native,T0,EDIT_TARGET,320,False,macro,8,8,8,UNKNOWN,1.0,8.0,8,8,,,0,0,1.0,8.0,8,8,0.0,0.0,8,8,,,0,0,,,0,0,1.0,8.0,8,8,1.0,8.0,8,8,1.0,8.0,8,8,1.0,8.0,8,8,,,0,0,,,0,0,0.0,0.0,8,8,,,0,0,1.0,8.0,8,8,0.0,0.0,8,8,0.0,0.0,8,8,0.0,0.0,8,8,0.0,0.0,8,8,0.0,0.0,8,8,0.0,0.0,8,8,1.0,8.0,8,8,,,0,0,,,0,0,,,0,0,0.0,0.0,8,8,0.0,0.0,8,8,0.0,0.0,8,8,0.0,0.0,8,8,1.0,8.0,8,8,0.0,0.0,8,8
SLAKE_STAGE2_BANK16,B,8,W0,R0,native,T0,EDIT_TARGET,320,False,micro,8,8,8,UNKNOWN,1.0,8.0,8,8,,,0,0,1.0,8.0,8,8,0.0,0.0,8,8,,,0,0,,,0,0,1.0,8.0,8,8,1.0,8.0,8,8,1.0,8.0,8,8,1.0,8.0,8,8,,,0,0,,,0,0,0.0,0.0,8,8,,,0,0,1.0,8.0,8,8,0.0,0.0,8,8,0.0,0.0,8,8,0.0,0.0,8,8,0.0,0.0,8,8,0.0,0.0,8,8,0.0,0.0,8,8,1.0,8.0,8,8,,,0,0,,,0,0,,,0,0,0.0,0.0,8,8,0.0,0.0,8,8,0.0,0.0,8,8,0.0,0.0,8,8,1.0,8.0,8,8,0.0,0.0,8,8
SLAKE_STAGE2_BANK16,B,8,W0,RC,evaluation,H,STRICT_BASE,320,False,macro,13,8,7,UNKNOWN,0.8125,10.0,13,8,,,0,0,0.8125,10.0,13,8,0.8125,10.0,13,8,0.0,0.0,10,8,1.0,10.0,10,8,0.0,0.0,3,3,0.0,0.0,3,3,0.0,0.0,13,8,0.0,0.0,13,8,0.0,0.0,13,8,0.0,0.0,10,8,1.0,13.0,13,8,,,0,0,0.0,0.0,13,8,,,0,0,,,0,0,,,0,0,,,0,0,,,0,0,,,0,0,,,0,0,,,0,0,,,0,0,,,0,0,,,0,0,,,0,0,,,0,0,0.8125,10.0,13,8,0.0,0.0,13,8,0.0,0.0,13,8
SLAKE_STAGE2_BANK16,B,8,W0,RC,evaluation,H,STRICT_BASE,320,False,micro,13,8,7,UNKNOWN,0.7692307692307693,10.0,13,8,,,0,0,0.7692307692307693,10.0,13,8,0.7692307692307693,10.0,13,8,0.0,0.0,10,8,1.0,10.0,10,8,0.0,0.0,3,3,0.0,0.0,3,3,0.0,0.0,13,8,0.0,0.0,13,8,0.0,0.0,13,8,0.0,0.0,10,8,1.0,13.0,13,8,,,0,0,0.0,0.0,13,8,,,0,0,,,0,0,,,0,0,,,0,0,,,0,0,,,0,0,,,0,0,,,0,0,,,0,0,,,0,0,,,0,0,,,0,0,,,0,0,0.7692307692307693,10.0,13,8,0.0,0.0,13,8,0.0,0.0,13,8
SLAKE_STAGE2_BANK16,B,8,W0,RC,evaluation,U,STRICT_BASE,320,False,macro,99,8,38,UNKNOWN,0.6442307692307693,64.0,99,8,,,0,0,0.6442307692307693,64.0,99,8,0.6442307692307693,64.0,99,8,0.0,0.0,64,8,1.0,64.0,64,8,0.0,0.0,35,8,0.12916666666666665,4.0,35,8,0.04006410256410256,4.0,99,8,0.0,0.0,99,8,0.04006410256410256,4.0,99,8,0.0,0.0,64,8,0.9599358974358975,95.0,99,8,,,0,0,0.4230769230769231,42.0,99,8,,,0,0,,,0,0,,,0,0,,,0,0,,,0,0,,,0,0,1.0,4.0,4,4,,,0,0,,,0,0,1.0,4.0,4,4,,,0,0,,,0,0,,,0,0,0.6442307692307693,64.0,99,8,0.0,0.0,99,8,0.0,0.0,99,8
SLAKE_STAGE2_BANK16,B,8,W0,RC,evaluation,U,STRICT_BASE,320,False,micro,99,8,38,UNKNOWN,0.6464646464646465,64.0,99,8,,,0,0,0.6464646464646465,64.0,99,8,0.6464646464646465,64.0,99,8,0.0,0.0,64,8,1.0,64.0,64,8,0.0,0.0,35,8,0.11428571428571428,4.0,35,8,0.04040404040404041,4.0,99,8,0.0,0.0,99,8,0.04040404040404041,4.0,99,8,0.0,0.0,64,8,0.9595959595959596,95.0,99,8,,,0,0,0.42424242424242425,42.0,99,8,,,0,0,,,0,0,,,0,0,,,0,0,,,0,0,,,0,0,1.0,4.0,4,4,,,0,0,,,0,0,1.0,4.0,4,4,,,0,0,,,0,0,,,0,0,0.6464646464646465,64.0,99,8,0.0,0.0,99,8,0.0,0.0,99,8
SLAKE_STAGE2_BANK16,B,8,W0,RC,evaluation,cross_family_confirmation,EDIT_TARGET,320,False,macro,16,8,8,UNKNOWN,1.0,16.0,16,8,,,0,0,1.0,16.0,16,8,0.625,10.0,16,8,,,0,0,,,0,0,1.0,6.0,6,3,1.0,6.0,6,3,1.0,16.0,16,8,1.0,16.0,16,8,,,0,0,,,0,0,0.0,0.0,16,8,,,0,0,1.0,16.0,16,8,0.0,0.0,16,8,0.0,0.0,16,8,0.0,0.0,16,8,0.0,0.0,16,8,0.0,0.0,16,8,0.0,0.0,16,8,1.0,16.0,16,8,,,0,0,,,0,0,,,0,0,0.0,0.0,16,8,0.0,0.0,16,8,0.0,0.0,16,8,0.0,0.0,16,8,1.0,16.0,16,8,0.0,0.0,16,8
SLAKE_STAGE2_BANK16,B,8,W0,RC,evaluation,cross_family_confirmation,EDIT_TARGET,320,False,micro,16,8,8,UNKNOWN,1.0,16.0,16,8,,,0,0,1.0,16.0,16,8,0.625,10.0,16,8,,,0,0,,,0,0,1.0,6.0,6,3,1.0,6.0,6,3,1.0,16.0,16,8,1.0,16.0,16,8,,,0,0,,,0,0,0.0,0.0,16,8,,,0,0,1.0,16.0,16,8,0.0,0.0,16,8,0.0,0.0,16,8,0.0,0.0,16,8,0.0,0.0,16,8,0.0,0.0,16,8,0.0,0.0,16,8,1.0,16.0,16,8,,,0,0,,,0,0,,,0,0,0.0,0.0,16,8,0.0,0.0,16,8,0.0,0.0,16,8,0.0,0.0,16,8,1.0,16.0,16,8,0.0,0.0,16,8
SLAKE_STAGE2_BANK16,B,8,W0,RC,evaluation,source_style_confirmation,EDIT_TARGET,320,False,macro,16,8,8,UNKNOWN,1.0,16.0,16,8,,,0,0,1.0,16.0,16,8,0.875,14.0,16,8,,,0,0,,,0,0,1.0,2.0,2,1,1.0,2.0,2,1,1.0,16.0,16,8,1.0,16.0,16,8,,,0,0,,,0,0,0.0,0.0,16,8,,,0,0,1.0,16.0,16,8,0.0,0.0,16,8,0.0,0.0,16,8,0.0,0.0,16,8,0.0,0.0,16,8,0.0,0.0,16,8,0.0,0.0,16,8,1.0,16.0,16,8,,,0,0,,,0,0,,,0,0,0.0,0.0,16,8,0.0,0.0,16,8,0.0,0.0,16,8,0.0,0.0,16,8,1.0,16.0,16,8,0.0,0.0,16,8
SLAKE_STAGE2_BANK16,B,8,W0,RC,evaluation,source_style_confirmation,EDIT_TARGET,320,False,micro,16,8,8,UNKNOWN,1.0,16.0,16,8,,,0,0,1.0,16.0,16,8,0.875,14.0,16,8,,,0,0,,,0,0,1.0,2.0,2,1,1.0,2.0,2,1,1.0,16.0,16,8,1.0,16.0,16,8,,,0,0,,,0,0,0.0,0.0,16,8,,,0,0,1.0,16.0,16,8,0.0,0.0,16,8,0.0,0.0,16,8,0.0,0.0,16,8,0.0,0.0,16,8,0.0,0.0,16,8,0.0,0.0,16,8,1.0,16.0,16,8,,,0,0,,,0,0,,,0,0,0.0,0.0,16,8,0.0,0.0,16,8,0.0,0.0,16,8,0.0,0.0,16,8,1.0,16.0,16,8,0.0,0.0,16,8
SLAKE_STAGE2_BANK16,B,8,W0,RC,native,T0,EDIT_TARGET,320,False,macro,8,8,8,UNKNOWN,1.0,8.0,8,8,,,0,0,1.0,8.0,8,8,0.0,0.0,8,8,,,0,0,,,0,0,1.0,8.0,8,8,1.0,8.0,8,8,1.0,8.0,8,8,1.0,8.0,8,8,,,0,0,,,0,0,0.0,0.0,8,8,,,0,0,1.0,8.0,8,8,0.0,0.0,8,8,0.0,0.0,8,8,0.0,0.0,8,8,0.0,0.0,8,8,0.0,0.0,8,8,0.0,0.0,8,8,1.0,8.0,8,8,,,0,0,,,0,0,,,0,0,0.0,0.0,8,8,0.0,0.0,8,8,0.0,0.0,8,8,0.0,0.0,8,8,1.0,8.0,8,8,0.0,0.0,8,8
SLAKE_STAGE2_BANK16,B,8,W0,RC,native,T0,EDIT_TARGET,320,False,micro,8,8,8,UNKNOWN,1.0,8.0,8,8,,,0,0,1.0,8.0,8,8,0.0,0.0,8,8,,,0,0,,,0,0,1.0,8.0,8,8,1.0,8.0,8,8,1.0,8.0,8,8,1.0,8.0,8,8,,,0,0,,,0,0,0.0,0.0,8,8,,,0,0,1.0,8.0,8,8,0.0,0.0,8,8,0.0,0.0,8,8,0.0,0.0,8,8,0.0,0.0,8,8,0.0,0.0,8,8,0.0,0.0,8,8,1.0,8.0,8,8,,,0,0,,,0,0,,,0,0,0.0,0.0,8,8,0.0,0.0,8,8,0.0,0.0,8,8,0.0,0.0,8,8,1.0,8.0,8,8,0.0,0.0,8,8
SLAKE_STAGE2_BANK16,B,8,W01,R0,evaluation,H,STRICT_BASE,320,False,macro,13,8,7,UNKNOWN,0.625,10.0,13,8,,,0,0,0.625,10.0,13,8,0.8125,10.0,13,8,0.375,3.0,10,8,0.625,7.0,10,8,1.0,3.0,3,3,1.0,3.0,3,3,1.0,13.0,13,8,0.625,10.0,13,8,1.0,13.0,13,8,0.375,3.0,10,8,0.375,6.0,13,8,,,0,0,0.4375,7.0,13,8,,,0,0,,,0,0,,,0,0,,,0,0,,,0,0,,,0,0,1.0,13.0,13,8,,,0,0,0.375,3.0,10,8,0.375,3.0,13,8,,,0,0,,,0,0,,,0,0,0.0,0.0,13,8,0.0,0.0,13,8,0.625,10.0,13,8
SLAKE_STAGE2_BANK16,B,8,W01,R0,evaluation,H,STRICT_BASE,320,False,micro,13,8,7,UNKNOWN,0.7692307692307693,10.0,13,8,,,0,0,0.7692307692307693,10.0,13,8,0.7692307692307693,10.0,13,8,0.3,3.0,10,8,0.7,7.0,10,8,1.0,3.0,3,3,1.0,3.0,3,3,1.0,13.0,13,8,0.7692307692307693,10.0,13,8,1.0,13.0,13,8,0.3,3.0,10,8,0.46153846153846156,6.0,13,8,,,0,0,0.5384615384615384,7.0,13,8,,,0,0,,,0,0,,,0,0,,,0,0,,,0,0,,,0,0,1.0,13.0,13,8,,,0,0,0.3,3.0,10,8,0.23076923076923078,3.0,13,8,,,0,0,,,0,0,,,0,0,0.0,0.0,13,8,0.0,0.0,13,8,0.7692307692307693,10.0,13,8
SLAKE_STAGE2_BANK16,B,8,W01,R0,evaluation,U,STRICT_BASE,320,False,macro,99,8,38,UNKNOWN,0.47275641025641024,47.0,99,8,,,0,0,0.47275641025641024,47.0,99,8,0.6442307692307693,64.0,99,8,0.2834325396825397,18.0,64,8,0.7165674603174603,46.0,64,8,0.025,1.0,35,8,0.375,13.0,35,8,0.8782051282051282,87.0,99,8,0.3613782051282051,36.0,99,8,0.8782051282051282,87.0,99,8,0.2834325396825397,18.0,64,8,0.6049679487179487,60.0,99,8,,,0,0,0.5456730769230769,54.0,99,8,,,0,0,,,0,0,,,0,0,,,0,0,,,0,0,,,0,0,1.0,87.0,87,8,,,0,0,0.34250992063492064,18.0,53,8,0.5889423076923077,51.0,87,8,,,0,0,,,0,0,,,0,0,0.11137820512820512,11.0,99,8,0.05929487179487179,6.0,99,8,0.30208333333333337,30.0,99,8
SLAKE_STAGE2_BANK16,B,8,W01,R0,evaluation,U,STRICT_BASE,320,False,micro,99,8,38,UNKNOWN,0.47474747474747475,47.0,99,8,,,0,0,0.47474747474747475,47.0,99,8,0.6464646464646465,64.0,99,8,0.28125,18.0,64,8,0.71875,46.0,64,8,0.02857142857142857,1.0,35,8,0.37142857142857144,13.0,35,8,0.8787878787878788,87.0,99,8,0.36363636363636365,36.0,99,8,0.8787878787878788,87.0,99,8,0.28125,18.0,64,8,0.6060606060606061,60.0,99,8,,,0,0,0.5454545454545454,54.0,99,8,,,0,0,,,0,0,,,0,0,,,0,0,,,0,0,,,0,0,1.0,87.0,87,8,,,0,0,0.33962264150943394,18.0,53,8,0.5862068965517241,51.0,87,8,,,0,0,,,0,0,,,0,0,0.1111111111111111,11.0,99,8,0.06060606060606061,6.0,99,8,0.30303030303030304,30.0,99,8
SLAKE_STAGE2_BANK16,B,8,W01,R0,evaluation,cross_family_confirmation,EDIT_TARGET,320,False,macro,16,8,8,UNKNOWN,1.0,16.0,16,8,,,0,0,1.0,16.0,16,8,0.625,10.0,16,8,,,0,0,,,0,0,1.0,6.0,6,3,1.0,6.0,6,3,1.0,16.0,16,8,1.0,16.0,16,8,,,0,0,,,0,0,0.0,0.0,16,8,,,0,0,1.0,16.0,16,8,0.0,0.0,16,8,0.0,0.0,16,8,0.0,0.0,16,8,0.0,0.0,16,8,0.0,0.0,16,8,0.0,0.0,16,8,1.0,16.0,16,8,,,0,0,,,0,0,,,0,0,0.0,0.0,16,8,0.0,0.0,16,8,0.0,0.0,16,8,0.0,0.0,16,8,1.0,16.0,16,8,0.0,0.0,16,8
SLAKE_STAGE2_BANK16,B,8,W01,R0,evaluation,cross_family_confirmation,EDIT_TARGET,320,False,micro,16,8,8,UNKNOWN,1.0,16.0,16,8,,,0,0,1.0,16.0,16,8,0.625,10.0,16,8,,,0,0,,,0,0,1.0,6.0,6,3,1.0,6.0,6,3,1.0,16.0,16,8,1.0,16.0,16,8,,,0,0,,,0,0,0.0,0.0,16,8,,,0,0,1.0,16.0,16,8,0.0,0.0,16,8,0.0,0.0,16,8,0.0,0.0,16,8,0.0,0.0,16,8,0.0,0.0,16,8,0.0,0.0,16,8,1.0,16.0,16,8,,,0,0,,,0,0,,,0,0,0.0,0.0,16,8,0.0,0.0,16,8,0.0,0.0,16,8,0.0,0.0,16,8,1.0,16.0,16,8,0.0,0.0,16,8
SLAKE_STAGE2_BANK16,B,8,W01,R0,evaluation,source_style_confirmation,EDIT_TARGET,320,False,macro,16,8,8,UNKNOWN,1.0,16.0,16,8,,,0,0,1.0,16.0,16,8,0.875,14.0,16,8,,,0,0,,,0,0,1.0,2.0,2,1,1.0,2.0,2,1,1.0,16.0,16,8,1.0,16.0,16,8,,,0,0,,,0,0,0.0,0.0,16,8,,,0,0,1.0,16.0,16,8,0.0,0.0,16,8,0.0,0.0,16,8,0.0,0.0,16,8,0.0,0.0,16,8,0.0,0.0,16,8,0.0,0.0,16,8,1.0,16.0,16,8,,,0,0,,,0,0,,,0,0,0.0,0.0,16,8,0.0,0.0,16,8,0.0,0.0,16,8,0.0,0.0,16,8,1.0,16.0,16,8,0.0,0.0,16,8
SLAKE_STAGE2_BANK16,B,8,W01,R0,evaluation,source_style_confirmation,EDIT_TARGET,320,False,micro,16,8,8,UNKNOWN,1.0,16.0,16,8,,,0,0,1.0,16.0,16,8,0.875,14.0,16,8,,,0,0,,,0,0,1.0,2.0,2,1,1.0,2.0,2,1,1.0,16.0,16,8,1.0,16.0,16,8,,,0,0,,,0,0,0.0,0.0,16,8,,,0,0,1.0,16.0,16,8,0.0,0.0,16,8,0.0,0.0,16,8,0.0,0.0,16,8,0.0,0.0,16,8,0.0,0.0,16,8,0.0,0.0,16,8,1.0,16.0,16,8,,,0,0,,,0,0,,,0,0,0.0,0.0,16,8,0.0,0.0,16,8,0.0,0.0,16,8,0.0,0.0,16,8,1.0,16.0,16,8,0.0,0.0,16,8
SLAKE_STAGE2_BANK16,B,8,W01,R0,native,T0,EDIT_TARGET,320,False,macro,8,8,8,UNKNOWN,1.0,8.0,8,8,,,0,0,1.0,8.0,8,8,0.0,0.0,8,8,,,0,0,,,0,0,1.0,8.0,8,8,1.0,8.0,8,8,1.0,8.0,8,8,1.0,8.0,8,8,,,0,0,,,0,0,0.0,0.0,8,8,,,0,0,1.0,8.0,8,8,0.0,0.0,8,8,0.0,0.0,8,8,0.0,0.0,8,8,0.0,0.0,8,8,0.0,0.0,8,8,0.0,0.0,8,8,1.0,8.0,8,8,,,0,0,,,0,0,,,0,0,0.0,0.0,8,8,0.0,0.0,8,8,0.0,0.0,8,8,0.0,0.0,8,8,1.0,8.0,8,8,0.0,0.0,8,8
SLAKE_STAGE2_BANK16,B,8,W01,R0,native,T0,EDIT_TARGET,320,False,micro,8,8,8,UNKNOWN,1.0,8.0,8,8,,,0,0,1.0,8.0,8,8,0.0,0.0,8,8,,,0,0,,,0,0,1.0,8.0,8,8,1.0,8.0,8,8,1.0,8.0,8,8,1.0,8.0,8,8,,,0,0,,,0,0,0.0,0.0,8,8,,,0,0,1.0,8.0,8,8,0.0,0.0,8,8,0.0,0.0,8,8,0.0,0.0,8,8,0.0,0.0,8,8,0.0,0.0,8,8,0.0,0.0,8,8,1.0,8.0,8,8,,,0,0,,,0,0,,,0,0,0.0,0.0,8,8,0.0,0.0,8,8,0.0,0.0,8,8,0.0,0.0,8,8,1.0,8.0,8,8,0.0,0.0,8,8
SLAKE_STAGE2_BANK16,B,8,W01,RC,evaluation,H,STRICT_BASE,320,False,macro,13,8,7,UNKNOWN,0.8125,10.0,13,8,,,0,0,0.8125,10.0,13,8,0.8125,10.0,13,8,0.0,0.0,10,8,1.0,10.0,10,8,0.0,0.0,3,3,0.0,0.0,3,3,0.0,0.0,13,8,0.0,0.0,13,8,0.0,0.0,13,8,0.0,0.0,10,8,1.0,13.0,13,8,,,0,0,0.4375,7.0,13,8,,,0,0,,,0,0,,,0,0,,,0,0,,,0,0,,,0,0,,,0,0,,,0,0,,,0,0,,,0,0,,,0,0,,,0,0,,,0,0,0.8125,10.0,13,8,0.0,0.0,13,8,0.0,0.0,13,8
SLAKE_STAGE2_BANK16,B,8,W01,RC,evaluation,H,STRICT_BASE,320,False,micro,13,8,7,UNKNOWN,0.7692307692307693,10.0,13,8,,,0,0,0.7692307692307693,10.0,13,8,0.7692307692307693,10.0,13,8,0.0,0.0,10,8,1.0,10.0,10,8,0.0,0.0,3,3,0.0,0.0,3,3,0.0,0.0,13,8,0.0,0.0,13,8,0.0,0.0,13,8,0.0,0.0,10,8,1.0,13.0,13,8,,,0,0,0.5384615384615384,7.0,13,8,,,0,0,,,0,0,,,0,0,,,0,0,,,0,0,,,0,0,,,0,0,,,0,0,,,0,0,,,0,0,,,0,0,,,0,0,,,0,0,0.7692307692307693,10.0,13,8,0.0,0.0,13,8,0.0,0.0,13,8
SLAKE_STAGE2_BANK16,B,8,W01,RC,evaluation,U,STRICT_BASE,320,False,macro,99,8,38,UNKNOWN,0.6442307692307693,64.0,99,8,,,0,0,0.6442307692307693,64.0,99,8,0.6442307692307693,64.0,99,8,0.0,0.0,64,8,1.0,64.0,64,8,0.0,0.0,35,8,0.09791666666666667,3.0,35,8,0.04006410256410256,4.0,99,8,0.0,0.0,99,8,0.04006410256410256,4.0,99,8,0.0,0.0,64,8,0.969551282051282,96.0,99,8,,,0,0,0.5456730769230769,54.0,99,8,,,0,0,,,0,0,,,0,0,,,0,0,,,0,0,,,0,0,1.0,4.0,4,4,,,0,0,,,0,0,1.0,4.0,4,4,,,0,0,,,0,0,,,0,0,0.6442307692307693,64.0,99,8,0.0,0.0,99,8,0.0,0.0,99,8
SLAKE_STAGE2_BANK16,B,8,W01,RC,evaluation,U,STRICT_BASE,320,False,micro,99,8,38,UNKNOWN,0.6464646464646465,64.0,99,8,,,0,0,0.6464646464646465,64.0,99,8,0.6464646464646465,64.0,99,8,0.0,0.0,64,8,1.0,64.0,64,8,0.0,0.0,35,8,0.08571428571428572,3.0,35,8,0.04040404040404041,4.0,99,8,0.0,0.0,99,8,0.04040404040404041,4.0,99,8,0.0,0.0,64,8,0.9696969696969697,96.0,99,8,,,0,0,0.5454545454545454,54.0,99,8,,,0,0,,,0,0,,,0,0,,,0,0,,,0,0,,,0,0,1.0,4.0,4,4,,,0,0,,,0,0,1.0,4.0,4,4,,,0,0,,,0,0,,,0,0,0.6464646464646465,64.0,99,8,0.0,0.0,99,8,0.0,0.0,99,8
SLAKE_STAGE2_BANK16,B,8,W01,RC,evaluation,cross_family_confirmation,EDIT_TARGET,320,False,macro,16,8,8,UNKNOWN,1.0,16.0,16,8,,,0,0,1.0,16.0,16,8,0.625,10.0,16,8,,,0,0,,,0,0,1.0,6.0,6,3,1.0,6.0,6,3,1.0,16.0,16,8,1.0,16.0,16,8,,,0,0,,,0,0,0.0,0.0,16,8,,,0,0,1.0,16.0,16,8,0.0,0.0,16,8,0.0,0.0,16,8,0.0,0.0,16,8,0.0,0.0,16,8,0.0,0.0,16,8,0.0,0.0,16,8,1.0,16.0,16,8,,,0,0,,,0,0,,,0,0,0.0,0.0,16,8,0.0,0.0,16,8,0.0,0.0,16,8,0.0,0.0,16,8,1.0,16.0,16,8,0.0,0.0,16,8
SLAKE_STAGE2_BANK16,B,8,W01,RC,evaluation,cross_family_confirmation,EDIT_TARGET,320,False,micro,16,8,8,UNKNOWN,1.0,16.0,16,8,,,0,0,1.0,16.0,16,8,0.625,10.0,16,8,,,0,0,,,0,0,1.0,6.0,6,3,1.0,6.0,6,3,1.0,16.0,16,8,1.0,16.0,16,8,,,0,0,,,0,0,0.0,0.0,16,8,,,0,0,1.0,16.0,16,8,0.0,0.0,16,8,0.0,0.0,16,8,0.0,0.0,16,8,0.0,0.0,16,8,0.0,0.0,16,8,0.0,0.0,16,8,1.0,16.0,16,8,,,0,0,,,0,0,,,0,0,0.0,0.0,16,8,0.0,0.0,16,8,0.0,0.0,16,8,0.0,0.0,16,8,1.0,16.0,16,8,0.0,0.0,16,8
SLAKE_STAGE2_BANK16,B,8,W01,RC,evaluation,source_style_confirmation,EDIT_TARGET,320,False,macro,16,8,8,UNKNOWN,1.0,16.0,16,8,,,0,0,1.0,16.0,16,8,0.875,14.0,16,8,,,0,0,,,0,0,1.0,2.0,2,1,1.0,2.0,2,1,1.0,16.0,16,8,1.0,16.0,16,8,,,0,0,,,0,0,0.0,0.0,16,8,,,0,0,1.0,16.0,16,8,0.0,0.0,16,8,0.0,0.0,16,8,0.0,0.0,16,8,0.0,0.0,16,8,0.0,0.0,16,8,0.0,0.0,16,8,1.0,16.0,16,8,,,0,0,,,0,0,,,0,0,0.0,0.0,16,8,0.0,0.0,16,8,0.0,0.0,16,8,0.0,0.0,16,8,1.0,16.0,16,8,0.0,0.0,16,8
SLAKE_STAGE2_BANK16,B,8,W01,RC,evaluation,source_style_confirmation,EDIT_TARGET,320,False,micro,16,8,8,UNKNOWN,1.0,16.0,16,8,,,0,0,1.0,16.0,16,8,0.875,14.0,16,8,,,0,0,,,0,0,1.0,2.0,2,1,1.0,2.0,2,1,1.0,16.0,16,8,1.0,16.0,16,8,,,0,0,,,0,0,0.0,0.0,16,8,,,0,0,1.0,16.0,16,8,0.0,0.0,16,8,0.0,0.0,16,8,0.0,0.0,16,8,0.0,0.0,16,8,0.0,0.0,16,8,0.0,0.0,16,8,1.0,16.0,16,8,,,0,0,,,0,0,,,0,0,0.0,0.0,16,8,0.0,0.0,16,8,0.0,0.0,16,8,0.0,0.0,16,8,1.0,16.0,16,8,0.0,0.0,16,8
SLAKE_STAGE2_BANK16,B,8,W01,RC,native,T0,EDIT_TARGET,320,False,macro,8,8,8,UNKNOWN,1.0,8.0,8,8,,,0,0,1.0,8.0,8,8,0.0,0.0,8,8,,,0,0,,,0,0,1.0,8.0,8,8,1.0,8.0,8,8,1.0,8.0,8,8,1.0,8.0,8,8,,,0,0,,,0,0,0.0,0.0,8,8,,,0,0,1.0,8.0,8,8,0.0,0.0,8,8,0.0,0.0,8,8,0.0,0.0,8,8,0.0,0.0,8,8,0.0,0.0,8,8,0.0,0.0,8,8,1.0,8.0,8,8,,,0,0,,,0,0,,,0,0,0.0,0.0,8,8,0.0,0.0,8,8,0.0,0.0,8,8,0.0,0.0,8,8,1.0,8.0,8,8,0.0,0.0,8,8
SLAKE_STAGE2_BANK16,B,8,W01,RC,native,T0,EDIT_TARGET,320,False,micro,8,8,8,UNKNOWN,1.0,8.0,8,8,,,0,0,1.0,8.0,8,8,0.0,0.0,8,8,,,0,0,,,0,0,1.0,8.0,8,8,1.0,8.0,8,8,1.0,8.0,8,8,1.0,8.0,8,8,,,0,0,,,0,0,0.0,0.0,8,8,,,0,0,1.0,8.0,8,8,0.0,0.0,8,8,0.0,0.0,8,8,0.0,0.0,8,8,0.0,0.0,8,8,0.0,0.0,8,8,0.0,0.0,8,8,1.0,8.0,8,8,,,0,0,,,0,0,,,0,0,0.0,0.0,8,8,0.0,0.0,8,8,0.0,0.0,8,8,0.0,0.0,8,8,1.0,8.0,8,8,0.0,0.0,8,8
SLAKE_STAGE2_BANK16,B,8,W1,R0,evaluation,H,STRICT_BASE,320,False,macro,13,8,7,UNKNOWN,0.4375,7.0,13,8,,,0,0,0.4375,7.0,13,8,0.8125,10.0,13,8,0.375,3.0,10,8,0.625,7.0,10,8,0.0,0.0,3,3,0.0,0.0,3,3,1.0,13.0,13,8,0.4375,7.0,13,8,1.0,13.0,13,8,0.375,3.0,10,8,0.5625,9.0,13,8,,,0,0,0.4375,7.0,13,8,,,0,0,,,0,0,,,0,0,,,0,0,,,0,0,,,0,0,1.0,13.0,13,8,,,0,0,0.375,3.0,10,8,0.5625,6.0,13,8,,,0,0,,,0,0,,,0,0,0.0,0.0,13,8,0.0,0.0,13,8,0.4375,7.0,13,8
SLAKE_STAGE2_BANK16,B,8,W1,R0,evaluation,H,STRICT_BASE,320,False,micro,13,8,7,UNKNOWN,0.5384615384615384,7.0,13,8,,,0,0,0.5384615384615384,7.0,13,8,0.7692307692307693,10.0,13,8,0.3,3.0,10,8,0.7,7.0,10,8,0.0,0.0,3,3,0.0,0.0,3,3,1.0,13.0,13,8,0.5384615384615384,7.0,13,8,1.0,13.0,13,8,0.3,3.0,10,8,0.6923076923076923,9.0,13,8,,,0,0,0.5384615384615384,7.0,13,8,,,0,0,,,0,0,,,0,0,,,0,0,,,0,0,,,0,0,1.0,13.0,13,8,,,0,0,0.3,3.0,10,8,0.46153846153846156,6.0,13,8,,,0,0,,,0,0,,,0,0,0.0,0.0,13,8,0.0,0.0,13,8,0.5384615384615384,7.0,13,8
SLAKE_STAGE2_BANK16,B,8,W1,R0,evaluation,U,STRICT_BASE,320,False,macro,99,8,38,UNKNOWN,0.5649038461538461,56.0,99,8,,,0,0,0.5649038461538461,56.0,99,8,0.6442307692307693,64.0,99,8,0.17371031746031745,11.0,64,8,0.8262896825396825,53.0,64,8,0.07708333333333334,3.0,35,8,0.4270833333333333,15.0,35,8,0.8782051282051282,87.0,99,8,0.453525641025641,45.0,99,8,0.8782051282051282,87.0,99,8,0.17371031746031745,11.0,64,8,0.6153846153846154,61.0,99,8,,,0,0,0.5961538461538461,59.0,99,8,,,0,0,,,0,0,,,0,0,,,0,0,,,0,0,,,0,0,1.0,87.0,87,8,,,0,0,0.21433531746031748,11.0,53,8,0.48728146853146853,42.0,87,8,,,0,0,,,0,0,,,0,0,0.11137820512820512,11.0,99,8,0.09054487179487179,9.0,99,8,0.3629807692307692,36.0,99,8
SLAKE_STAGE2_BANK16,B,8,W1,R0,evaluation,U,STRICT_BASE,320,False,micro,99,8,38,UNKNOWN,0.5656565656565656,56.0,99,8,,,0,0,0.5656565656565656,56.0,99,8,0.6464646464646465,64.0,99,8,0.171875,11.0,64,8,0.828125,53.0,64,8,0.08571428571428572,3.0,35,8,0.42857142857142855,15.0,35,8,0.8787878787878788,87.0,99,8,0.45454545454545453,45.0,99,8,0.8787878787878788,87.0,99,8,0.171875,11.0,64,8,0.6161616161616161,61.0,99,8,,,0,0,0.5959595959595959,59.0,99,8,,,0,0,,,0,0,,,0,0,,,0,0,,,0,0,,,0,0,1.0,87.0,87,8,,,0,0,0.20754716981132076,11.0,53,8,0.4827586206896552,42.0,87,8,,,0,0,,,0,0,,,0,0,0.1111111111111111,11.0,99,8,0.09090909090909091,9.0,99,8,0.36363636363636365,36.0,99,8
SLAKE_STAGE2_BANK16,B,8,W1,R0,evaluation,cross_family_confirmation,EDIT_TARGET,320,False,macro,16,8,8,UNKNOWN,1.0,16.0,16,8,,,0,0,1.0,16.0,16,8,0.625,10.0,16,8,,,0,0,,,0,0,1.0,6.0,6,3,1.0,6.0,6,3,1.0,16.0,16,8,1.0,16.0,16,8,,,0,0,,,0,0,0.0,0.0,16,8,,,0,0,1.0,16.0,16,8,0.0,0.0,16,8,0.0,0.0,16,8,0.0,0.0,16,8,0.0,0.0,16,8,0.0,0.0,16,8,0.0,0.0,16,8,1.0,16.0,16,8,,,0,0,,,0,0,,,0,0,0.0,0.0,16,8,0.0,0.0,16,8,0.0,0.0,16,8,0.0,0.0,16,8,1.0,16.0,16,8,0.0,0.0,16,8
SLAKE_STAGE2_BANK16,B,8,W1,R0,evaluation,cross_family_confirmation,EDIT_TARGET,320,False,micro,16,8,8,UNKNOWN,1.0,16.0,16,8,,,0,0,1.0,16.0,16,8,0.625,10.0,16,8,,,0,0,,,0,0,1.0,6.0,6,3,1.0,6.0,6,3,1.0,16.0,16,8,1.0,16.0,16,8,,,0,0,,,0,0,0.0,0.0,16,8,,,0,0,1.0,16.0,16,8,0.0,0.0,16,8,0.0,0.0,16,8,0.0,0.0,16,8,0.0,0.0,16,8,0.0,0.0,16,8,0.0,0.0,16,8,1.0,16.0,16,8,,,0,0,,,0,0,,,0,0,0.0,0.0,16,8,0.0,0.0,16,8,0.0,0.0,16,8,0.0,0.0,16,8,1.0,16.0,16,8,0.0,0.0,16,8
SLAKE_STAGE2_BANK16,B,8,W1,R0,evaluation,source_style_confirmation,EDIT_TARGET,320,False,macro,16,8,8,UNKNOWN,1.0,16.0,16,8,,,0,0,1.0,16.0,16,8,0.875,14.0,16,8,,,0,0,,,0,0,1.0,2.0,2,1,1.0,2.0,2,1,1.0,16.0,16,8,1.0,16.0,16,8,,,0,0,,,0,0,0.0,0.0,16,8,,,0,0,1.0,16.0,16,8,0.0,0.0,16,8,0.0,0.0,16,8,0.0,0.0,16,8,0.0,0.0,16,8,0.0,0.0,16,8,0.0,0.0,16,8,1.0,16.0,16,8,,,0,0,,,0,0,,,0,0,0.0,0.0,16,8,0.0,0.0,16,8,0.0,0.0,16,8,0.0,0.0,16,8,1.0,16.0,16,8,0.0,0.0,16,8
SLAKE_STAGE2_BANK16,B,8,W1,R0,evaluation,source_style_confirmation,EDIT_TARGET,320,False,micro,16,8,8,UNKNOWN,1.0,16.0,16,8,,,0,0,1.0,16.0,16,8,0.875,14.0,16,8,,,0,0,,,0,0,1.0,2.0,2,1,1.0,2.0,2,1,1.0,16.0,16,8,1.0,16.0,16,8,,,0,0,,,0,0,0.0,0.0,16,8,,,0,0,1.0,16.0,16,8,0.0,0.0,16,8,0.0,0.0,16,8,0.0,0.0,16,8,0.0,0.0,16,8,0.0,0.0,16,8,0.0,0.0,16,8,1.0,16.0,16,8,,,0,0,,,0,0,,,0,0,0.0,0.0,16,8,0.0,0.0,16,8,0.0,0.0,16,8,0.0,0.0,16,8,1.0,16.0,16,8,0.0,0.0,16,8
SLAKE_STAGE2_BANK16,B,8,W1,R0,native,T0,EDIT_TARGET,320,False,macro,8,8,8,UNKNOWN,1.0,8.0,8,8,,,0,0,1.0,8.0,8,8,0.0,0.0,8,8,,,0,0,,,0,0,1.0,8.0,8,8,1.0,8.0,8,8,1.0,8.0,8,8,1.0,8.0,8,8,,,0,0,,,0,0,0.0,0.0,8,8,,,0,0,1.0,8.0,8,8,0.0,0.0,8,8,0.0,0.0,8,8,0.0,0.0,8,8,0.0,0.0,8,8,0.0,0.0,8,8,0.0,0.0,8,8,1.0,8.0,8,8,,,0,0,,,0,0,,,0,0,0.0,0.0,8,8,0.0,0.0,8,8,0.0,0.0,8,8,0.0,0.0,8,8,1.0,8.0,8,8,0.0,0.0,8,8
SLAKE_STAGE2_BANK16,B,8,W1,R0,native,T0,EDIT_TARGET,320,False,micro,8,8,8,UNKNOWN,1.0,8.0,8,8,,,0,0,1.0,8.0,8,8,0.0,0.0,8,8,,,0,0,,,0,0,1.0,8.0,8,8,1.0,8.0,8,8,1.0,8.0,8,8,1.0,8.0,8,8,,,0,0,,,0,0,0.0,0.0,8,8,,,0,0,1.0,8.0,8,8,0.0,0.0,8,8,0.0,0.0,8,8,0.0,0.0,8,8,0.0,0.0,8,8,0.0,0.0,8,8,0.0,0.0,8,8,1.0,8.0,8,8,,,0,0,,,0,0,,,0,0,0.0,0.0,8,8,0.0,0.0,8,8,0.0,0.0,8,8,0.0,0.0,8,8,1.0,8.0,8,8,0.0,0.0,8,8
SLAKE_STAGE2_BANK16,B,8,W1,RC,evaluation,H,STRICT_BASE,320,False,macro,13,8,7,UNKNOWN,0.8125,10.0,13,8,,,0,0,0.8125,10.0,13,8,0.8125,10.0,13,8,0.0,0.0,10,8,1.0,10.0,10,8,0.0,0.0,3,3,0.0,0.0,3,3,0.0,0.0,13,8,0.0,0.0,13,8,0.0,0.0,13,8,0.0,0.0,10,8,1.0,13.0,13,8,,,0,0,0.4375,7.0,13,8,,,0,0,,,0,0,,,0,0,,,0,0,,,0,0,,,0,0,,,0,0,,,0,0,,,0,0,,,0,0,,,0,0,,,0,0,,,0,0,0.8125,10.0,13,8,0.0,0.0,13,8,0.0,0.0,13,8
SLAKE_STAGE2_BANK16,B,8,W1,RC,evaluation,H,STRICT_BASE,320,False,micro,13,8,7,UNKNOWN,0.7692307692307693,10.0,13,8,,,0,0,0.7692307692307693,10.0,13,8,0.7692307692307693,10.0,13,8,0.0,0.0,10,8,1.0,10.0,10,8,0.0,0.0,3,3,0.0,0.0,3,3,0.0,0.0,13,8,0.0,0.0,13,8,0.0,0.0,13,8,0.0,0.0,10,8,1.0,13.0,13,8,,,0,0,0.5384615384615384,7.0,13,8,,,0,0,,,0,0,,,0,0,,,0,0,,,0,0,,,0,0,,,0,0,,,0,0,,,0,0,,,0,0,,,0,0,,,0,0,,,0,0,0.7692307692307693,10.0,13,8,0.0,0.0,13,8,0.0,0.0,13,8
SLAKE_STAGE2_BANK16,B,8,W1,RC,evaluation,U,STRICT_BASE,320,False,macro,99,8,38,UNKNOWN,0.6442307692307693,64.0,99,8,,,0,0,0.6442307692307693,64.0,99,8,0.6442307692307693,64.0,99,8,0.0,0.0,64,8,1.0,64.0,64,8,0.0,0.0,35,8,0.09791666666666667,3.0,35,8,0.04006410256410256,4.0,99,8,0.0,0.0,99,8,0.04006410256410256,4.0,99,8,0.0,0.0,64,8,0.969551282051282,96.0,99,8,,,0,0,0.5961538461538461,59.0,99,8,,,0,0,,,0,0,,,0,0,,,0,0,,,0,0,,,0,0,1.0,4.0,4,4,,,0,0,,,0,0,1.0,4.0,4,4,,,0,0,,,0,0,,,0,0,0.6442307692307693,64.0,99,8,0.0,0.0,99,8,0.0,0.0,99,8
SLAKE_STAGE2_BANK16,B,8,W1,RC,evaluation,U,STRICT_BASE,320,False,micro,99,8,38,UNKNOWN,0.6464646464646465,64.0,99,8,,,0,0,0.6464646464646465,64.0,99,8,0.6464646464646465,64.0,99,8,0.0,0.0,64,8,1.0,64.0,64,8,0.0,0.0,35,8,0.08571428571428572,3.0,35,8,0.04040404040404041,4.0,99,8,0.0,0.0,99,8,0.04040404040404041,4.0,99,8,0.0,0.0,64,8,0.9696969696969697,96.0,99,8,,,0,0,0.5959595959595959,59.0,99,8,,,0,0,,,0,0,,,0,0,,,0,0,,,0,0,,,0,0,1.0,4.0,4,4,,,0,0,,,0,0,1.0,4.0,4,4,,,0,0,,,0,0,,,0,0,0.6464646464646465,64.0,99,8,0.0,0.0,99,8,0.0,0.0,99,8
SLAKE_STAGE2_BANK16,B,8,W1,RC,evaluation,cross_family_confirmation,EDIT_TARGET,320,False,macro,16,8,8,UNKNOWN,1.0,16.0,16,8,,,0,0,1.0,16.0,16,8,0.625,10.0,16,8,,,0,0,,,0,0,1.0,6.0,6,3,1.0,6.0,6,3,1.0,16.0,16,8,1.0,16.0,16,8,,,0,0,,,0,0,0.0,0.0,16,8,,,0,0,1.0,16.0,16,8,0.0,0.0,16,8,0.0,0.0,16,8,0.0,0.0,16,8,0.0,0.0,16,8,0.0,0.0,16,8,0.0,0.0,16,8,1.0,16.0,16,8,,,0,0,,,0,0,,,0,0,0.0,0.0,16,8,0.0,0.0,16,8,0.0,0.0,16,8,0.0,0.0,16,8,1.0,16.0,16,8,0.0,0.0,16,8
SLAKE_STAGE2_BANK16,B,8,W1,RC,evaluation,cross_family_confirmation,EDIT_TARGET,320,False,micro,16,8,8,UNKNOWN,1.0,16.0,16,8,,,0,0,1.0,16.0,16,8,0.625,10.0,16,8,,,0,0,,,0,0,1.0,6.0,6,3,1.0,6.0,6,3,1.0,16.0,16,8,1.0,16.0,16,8,,,0,0,,,0,0,0.0,0.0,16,8,,,0,0,1.0,16.0,16,8,0.0,0.0,16,8,0.0,0.0,16,8,0.0,0.0,16,8,0.0,0.0,16,8,0.0,0.0,16,8,0.0,0.0,16,8,1.0,16.0,16,8,,,0,0,,,0,0,,,0,0,0.0,0.0,16,8,0.0,0.0,16,8,0.0,0.0,16,8,0.0,0.0,16,8,1.0,16.0,16,8,0.0,0.0,16,8
SLAKE_STAGE2_BANK16,B,8,W1,RC,evaluation,source_style_confirmation,EDIT_TARGET,320,False,macro,16,8,8,UNKNOWN,1.0,16.0,16,8,,,0,0,1.0,16.0,16,8,0.875,14.0,16,8,,,0,0,,,0,0,1.0,2.0,2,1,1.0,2.0,2,1,1.0,16.0,16,8,1.0,16.0,16,8,,,0,0,,,0,0,0.0,0.0,16,8,,,0,0,1.0,16.0,16,8,0.0,0.0,16,8,0.0,0.0,16,8,0.0,0.0,16,8,0.0,0.0,16,8,0.0,0.0,16,8,0.0,0.0,16,8,1.0,16.0,16,8,,,0,0,,,0,0,,,0,0,0.0,0.0,16,8,0.0,0.0,16,8,0.0,0.0,16,8,0.0,0.0,16,8,1.0,16.0,16,8,0.0,0.0,16,8
SLAKE_STAGE2_BANK16,B,8,W1,RC,evaluation,source_style_confirmation,EDIT_TARGET,320,False,micro,16,8,8,UNKNOWN,1.0,16.0,16,8,,,0,0,1.0,16.0,16,8,0.875,14.0,16,8,,,0,0,,,0,0,1.0,2.0,2,1,1.0,2.0,2,1,1.0,16.0,16,8,1.0,16.0,16,8,,,0,0,,,0,0,0.0,0.0,16,8,,,0,0,1.0,16.0,16,8,0.0,0.0,16,8,0.0,0.0,16,8,0.0,0.0,16,8,0.0,0.0,16,8,0.0,0.0,16,8,0.0,0.0,16,8,1.0,16.0,16,8,,,0,0,,,0,0,,,0,0,0.0,0.0,16,8,0.0,0.0,16,8,0.0,0.0,16,8,0.0,0.0,16,8,1.0,16.0,16,8,0.0,0.0,16,8
SLAKE_STAGE2_BANK16,B,8,W1,RC,native,T0,EDIT_TARGET,320,False,macro,8,8,8,UNKNOWN,1.0,8.0,8,8,,,0,0,1.0,8.0,8,8,0.0,0.0,8,8,,,0,0,,,0,0,1.0,8.0,8,8,1.0,8.0,8,8,1.0,8.0,8,8,1.0,8.0,8,8,,,0,0,,,0,0,0.0,0.0,8,8,,,0,0,1.0,8.0,8,8,0.0,0.0,8,8,0.0,0.0,8,8,0.0,0.0,8,8,0.0,0.0,8,8,0.0,0.0,8,8,0.0,0.0,8,8,1.0,8.0,8,8,,,0,0,,,0,0,,,0,0,0.0,0.0,8,8,0.0,0.0,8,8,0.0,0.0,8,8,0.0,0.0,8,8,1.0,8.0,8,8,0.0,0.0,8,8
SLAKE_STAGE2_BANK16,B,8,W1,RC,native,T0,EDIT_TARGET,320,False,micro,8,8,8,UNKNOWN,1.0,8.0,8,8,,,0,0,1.0,8.0,8,8,0.0,0.0,8,8,,,0,0,,,0,0,1.0,8.0,8,8,1.0,8.0,8,8,1.0,8.0,8,8,1.0,8.0,8,8,,,0,0,,,0,0,0.0,0.0,8,8,,,0,0,1.0,8.0,8,8,0.0,0.0,8,8,0.0,0.0,8,8,0.0,0.0,8,8,0.0,0.0,8,8,0.0,0.0,8,8,0.0,0.0,8,8,1.0,8.0,8,8,,,0,0,,,0,0,,,0,0,0.0,0.0,8,8,0.0,0.0,8,8,0.0,0.0,8,8,0.0,0.0,8,8,1.0,8.0,8,8,0.0,0.0,8,8
SLAKE_STAGE2_BANK16,B,16,BE,R0,evaluation,H,STRICT_BASE,320,False,macro,20,15,7,UNKNOWN,0.0,0.0,20,15,,,0,0,0.0,0.0,20,15,0.7666666666666667,15.0,20,15,1.0,15.0,15,13,0.0,0.0,15,13,0.0,0.0,5,5,1.0,5.0,5,5,1.0,20.0,20,15,0.0,0.0,20,15,1.0,20.0,20,15,1.0,15.0,15,13,0.0,0.0,20,15,,,0,0,0.0,0.0,20,15,,,0,0,,,0,0,,,0,0,,,0,0,,,0,0,,,0,0,1.0,20.0,20,15,,,0,0,1.0,15.0,15,13,1.0,20.0,20,15,,,0,0,,,0,0,,,0,0,0.0,0.0,20,15,0.0,0.0,20,15,0.0,0.0,20,15
SLAKE_STAGE2_BANK16,B,16,BE,R0,evaluation,H,STRICT_BASE,320,False,micro,20,15,7,UNKNOWN,0.0,0.0,20,15,,,0,0,0.0,0.0,20,15,0.75,15.0,20,15,1.0,15.0,15,13,0.0,0.0,15,13,0.0,0.0,5,5,1.0,5.0,5,5,1.0,20.0,20,15,0.0,0.0,20,15,1.0,20.0,20,15,1.0,15.0,15,13,0.0,0.0,20,15,,,0,0,0.0,0.0,20,15,,,0,0,,,0,0,,,0,0,,,0,0,,,0,0,,,0,0,1.0,20.0,20,15,,,0,0,1.0,15.0,15,13,1.0,20.0,20,15,,,0,0,,,0,0,,,0,0,0.0,0.0,20,15,0.0,0.0,20,15,0.0,0.0,20,15
SLAKE_STAGE2_BANK16,B,16,BE,R0,evaluation,U,STRICT_BASE,320,False,macro,202,16,41,UNKNOWN,0.08390567765567765,17.0,202,16,,,0,0,0.08390567765567765,17.0,202,16,0.6419986263736264,130.0,202,16,0.9042861652236652,117.0,130,16,0.09571383477633477,13.0,130,16,0.050595238095238096,4.0,72,16,0.9629464285714285,69.0,72,16,0.9209592490842491,186.0,202,16,0.019688644688644688,4.0,202,16,0.9209592490842491,186.0,202,16,0.9042861652236652,117.0,130,16,0.07904075091575091,16.0,202,16,,,0,0,0.05288461538461539,11.0,202,16,,,0,0,,,0,0,,,0,0,,,0,0,,,0,0,,,0,0,1.0,186.0,186,16,,,0,0,1.0,117.0,117,16,0.9790938228438228,182.0,186,16,,,0,0,,,0,0,,,0,0,0.06421703296703296,13.0,202,16,0.0,0.0,202,16,0.019688644688644688,4.0,202,16
SLAKE_STAGE2_BANK16,B,16,BE,R0,evaluation,U,STRICT_BASE,320,False,micro,202,16,41,UNKNOWN,0.08415841584158416,17.0,202,16,,,0,0,0.08415841584158416,17.0,202,16,0.6435643564356436,130.0,202,16,0.9,117.0,130,16,0.1,13.0,130,16,0.05555555555555555,4.0,72,16,0.9583333333333334,69.0,72,16,0.9207920792079208,186.0,202,16,0.019801980198019802,4.0,202,16,0.9207920792079208,186.0,202,16,0.9,117.0,130,16,0.07920792079207921,16.0,202,16,,,0,0,0.054455445544554455,11.0,202,16,,,0,0,,,0,0,,,0,0,,,0,0,,,0,0,,,0,0,1.0,186.0,186,16,,,0,0,1.0,117.0,117,16,0.978494623655914,182.0,186,16,,,0,0,,,0,0,,,0,0,0.06435643564356436,13.0,202,16,0.0,0.0,202,16,0.019801980198019802,4.0,202,16
SLAKE_STAGE2_BANK16,B,16,BE,R0,evaluation,cross_family_confirmation,EDIT_TARGET,320,False,macro,32,16,16,UNKNOWN,1.0,32.0,32,16,,,0,0,1.0,32.0,32,16,0.5,16.0,32,16,,,0,0,,,0,0,1.0,16.0,16,10,1.0,16.0,16,10,1.0,32.0,32,16,1.0,32.0,32,16,,,0,0,,,0,0,0.0,0.0,32,16,,,0,0,1.0,32.0,32,16,0.0,0.0,32,16,0.0,0.0,32,16,0.0,0.0,32,16,0.0,0.0,32,16,0.0,0.0,32,16,0.0,0.0,32,16,1.0,32.0,32,16,,,0,0,,,0,0,,,0,0,0.0,0.0,32,16,0.0,0.0,32,16,0.0,0.0,32,16,0.0,0.0,32,16,1.0,32.0,32,16,0.0,0.0,32,16
SLAKE_STAGE2_BANK16,B,16,BE,R0,evaluation,cross_family_confirmation,EDIT_TARGET,320,False,micro,32,16,16,UNKNOWN,1.0,32.0,32,16,,,0,0,1.0,32.0,32,16,0.5,16.0,32,16,,,0,0,,,0,0,1.0,16.0,16,10,1.0,16.0,16,10,1.0,32.0,32,16,1.0,32.0,32,16,,,0,0,,,0,0,0.0,0.0,32,16,,,0,0,1.0,32.0,32,16,0.0,0.0,32,16,0.0,0.0,32,16,0.0,0.0,32,16,0.0,0.0,32,16,0.0,0.0,32,16,0.0,0.0,32,16,1.0,32.0,32,16,,,0,0,,,0,0,,,0,0,0.0,0.0,32,16,0.0,0.0,32,16,0.0,0.0,32,16,0.0,0.0,32,16,1.0,32.0,32,16,0.0,0.0,32,16
SLAKE_STAGE2_BANK16,B,16,BE,R0,evaluation,source_style_confirmation,EDIT_TARGET,320,False,macro,32,16,16,UNKNOWN,1.0,32.0,32,16,,,0,0,1.0,32.0,32,16,0.59375,19.0,32,16,,,0,0,,,0,0,1.0,13.0,13,7,1.0,13.0,13,7,1.0,32.0,32,16,1.0,32.0,32,16,,,0,0,,,0,0,0.0,0.0,32,16,,,0,0,1.0,32.0,32,16,0.0,0.0,32,16,0.0,0.0,32,16,0.0,0.0,32,16,0.0,0.0,32,16,0.0,0.0,32,16,0.0,0.0,32,16,1.0,32.0,32,16,,,0,0,,,0,0,,,0,0,0.0,0.0,32,16,0.0,0.0,32,16,0.0,0.0,32,16,0.0,0.0,32,16,1.0,32.0,32,16,0.0,0.0,32,16
SLAKE_STAGE2_BANK16,B,16,BE,R0,evaluation,source_style_confirmation,EDIT_TARGET,320,False,micro,32,16,16,UNKNOWN,1.0,32.0,32,16,,,0,0,1.0,32.0,32,16,0.59375,19.0,32,16,,,0,0,,,0,0,1.0,13.0,13,7,1.0,13.0,13,7,1.0,32.0,32,16,1.0,32.0,32,16,,,0,0,,,0,0,0.0,0.0,32,16,,,0,0,1.0,32.0,32,16,0.0,0.0,32,16,0.0,0.0,32,16,0.0,0.0,32,16,0.0,0.0,32,16,0.0,0.0,32,16,0.0,0.0,32,16,1.0,32.0,32,16,,,0,0,,,0,0,,,0,0,0.0,0.0,32,16,0.0,0.0,32,16,0.0,0.0,32,16,0.0,0.0,32,16,1.0,32.0,32,16,0.0,0.0,32,16
SLAKE_STAGE2_BANK16,B,16,BE,R0,native,T0,EDIT_TARGET,320,False,macro,16,16,16,UNKNOWN,1.0,16.0,16,16,,,0,0,1.0,16.0,16,16,0.0,0.0,16,16,,,0,0,,,0,0,1.0,16.0,16,16,1.0,16.0,16,16,1.0,16.0,16,16,1.0,16.0,16,16,,,0,0,,,0,0,0.0,0.0,16,16,,,0,0,1.0,16.0,16,16,0.0,0.0,16,16,0.0,0.0,16,16,0.0,0.0,16,16,0.0,0.0,16,16,0.0,0.0,16,16,0.0,0.0,16,16,1.0,16.0,16,16,,,0,0,,,0,0,,,0,0,0.0,0.0,16,16,0.0,0.0,16,16,0.0,0.0,16,16,0.0,0.0,16,16,1.0,16.0,16,16,0.0,0.0,16,16
SLAKE_STAGE2_BANK16,B,16,BE,R0,native,T0,EDIT_TARGET,320,False,micro,16,16,16,UNKNOWN,1.0,16.0,16,16,,,0,0,1.0,16.0,16,16,0.0,0.0,16,16,,,0,0,,,0,0,1.0,16.0,16,16,1.0,16.0,16,16,1.0,16.0,16,16,1.0,16.0,16,16,,,0,0,,,0,0,0.0,0.0,16,16,,,0,0,1.0,16.0,16,16,0.0,0.0,16,16,0.0,0.0,16,16,0.0,0.0,16,16,0.0,0.0,16,16,0.0,0.0,16,16,0.0,0.0,16,16,1.0,16.0,16,16,,,0,0,,,0,0,,,0,0,0.0,0.0,16,16,0.0,0.0,16,16,0.0,0.0,16,16,0.0,0.0,16,16,1.0,16.0,16,16,0.0,0.0,16,16
SLAKE_STAGE2_BANK16,B,16,W0,R0,evaluation,H,STRICT_BASE,320,False,macro,20,15,7,UNKNOWN,0.6333333333333333,13.0,20,15,,,0,0,0.6333333333333333,13.0,20,15,0.7666666666666667,15.0,20,15,0.5,7.0,15,13,0.5,8.0,15,13,1.0,5.0,5,5,1.0,5.0,5,5,1.0,20.0,20,15,0.6333333333333333,13.0,20,15,1.0,20.0,20,15,0.5,7.0,15,13,0.23333333333333334,5.0,20,15,,,0,0,0.0,0.0,20,15,,,0,0,,,0,0,,,0,0,,,0,0,,,0,0,,,0,0,1.0,20.0,20,15,,,0,0,0.5,7.0,15,13,0.36666666666666664,7.0,20,15,,,0,0,,,0,0,,,0,0,0.0,0.0,20,15,0.0,0.0,20,15,0.6333333333333333,13.0,20,15
SLAKE_STAGE2_BANK16,B,16,W0,R0,evaluation,H,STRICT_BASE,320,False,micro,20,15,7,UNKNOWN,0.65,13.0,20,15,,,0,0,0.65,13.0,20,15,0.75,15.0,20,15,0.4666666666666667,7.0,15,13,0.5333333333333333,8.0,15,13,1.0,5.0,5,5,1.0,5.0,5,5,1.0,20.0,20,15,0.65,13.0,20,15,1.0,20.0,20,15,0.4666666666666667,7.0,15,13,0.25,5.0,20,15,,,0,0,0.0,0.0,20,15,,,0,0,,,0,0,,,0,0,,,0,0,,,0,0,,,0,0,1.0,20.0,20,15,,,0,0,0.4666666666666667,7.0,15,13,0.35,7.0,20,15,,,0,0,,,0,0,,,0,0,0.0,0.0,20,15,0.0,0.0,20,15,0.65,13.0,20,15
SLAKE_STAGE2_BANK16,B,16,W0,R0,evaluation,U,STRICT_BASE,320,False,macro,202,16,41,UNKNOWN,0.2868017399267399,58.0,202,16,,,0,0,0.2868017399267399,58.0,202,16,0.6419986263736264,130.0,202,16,0.5926497113997113,78.0,130,16,0.4073502886002886,52.0,130,16,0.06845238095238095,6.0,72,16,0.9258928571428572,66.0,72,16,0.9209592490842491,186.0,202,16,0.22258470695970697,45.0,202,16,0.9209592490842491,186.0,202,16,0.5926497113997113,78.0,130,16,0.1777129120879121,36.0,202,16,,,0,0,0.399496336996337,81.0,202,16,,,0,0,,,0,0,,,0,0,,,0,0,,,0,0,,,0,0,1.0,186.0,186,16,,,0,0,0.6506696428571428,78.0,117,16,0.7582459207459208,141.0,186,16,,,0,0,,,0,0,,,0,0,0.06421703296703296,13.0,202,16,0.014823717948717948,3.0,202,16,0.20776098901098902,42.0,202,16
SLAKE_STAGE2_BANK16,B,16,W0,R0,evaluation,U,STRICT_BASE,320,False,micro,202,16,41,UNKNOWN,0.2871287128712871,58.0,202,16,,,0,0,0.2871287128712871,58.0,202,16,0.6435643564356436,130.0,202,16,0.6,78.0,130,16,0.4,52.0,130,16,0.08333333333333333,6.0,72,16,0.9166666666666666,66.0,72,16,0.9207920792079208,186.0,202,16,0.22277227722772278,45.0,202,16,0.9207920792079208,186.0,202,16,0.6,78.0,130,16,0.1782178217821782,36.0,202,16,,,0,0,0.400990099009901,81.0,202,16,,,0,0,,,0,0,,,0,0,,,0,0,,,0,0,,,0,0,1.0,186.0,186,16,,,0,0,0.6666666666666666,78.0,117,16,0.7580645161290323,141.0,186,16,,,0,0,,,0,0,,,0,0,0.06435643564356436,13.0,202,16,0.01485148514851485,3.0,202,16,0.2079207920792079,42.0,202,16
SLAKE_STAGE2_BANK16,B,16,W0,R0,evaluation,cross_family_confirmation,EDIT_TARGET,320,False,macro,32,16,16,UNKNOWN,1.0,32.0,32,16,,,0,0,1.0,32.0,32,16,0.5,16.0,32,16,,,0,0,,,0,0,1.0,16.0,16,10,1.0,16.0,16,10,1.0,32.0,32,16,1.0,32.0,32,16,,,0,0,,,0,0,0.0,0.0,32,16,,,0,0,1.0,32.0,32,16,0.0,0.0,32,16,0.0,0.0,32,16,0.0,0.0,32,16,0.0,0.0,32,16,0.0,0.0,32,16,0.0,0.0,32,16,1.0,32.0,32,16,,,0,0,,,0,0,,,0,0,0.0,0.0,32,16,0.0,0.0,32,16,0.0,0.0,32,16,0.0,0.0,32,16,1.0,32.0,32,16,0.0,0.0,32,16
SLAKE_STAGE2_BANK16,B,16,W0,R0,evaluation,cross_family_confirmation,EDIT_TARGET,320,False,micro,32,16,16,UNKNOWN,1.0,32.0,32,16,,,0,0,1.0,32.0,32,16,0.5,16.0,32,16,,,0,0,,,0,0,1.0,16.0,16,10,1.0,16.0,16,10,1.0,32.0,32,16,1.0,32.0,32,16,,,0,0,,,0,0,0.0,0.0,32,16,,,0,0,1.0,32.0,32,16,0.0,0.0,32,16,0.0,0.0,32,16,0.0,0.0,32,16,0.0,0.0,32,16,0.0,0.0,32,16,0.0,0.0,32,16,1.0,32.0,32,16,,,0,0,,,0,0,,,0,0,0.0,0.0,32,16,0.0,0.0,32,16,0.0,0.0,32,16,0.0,0.0,32,16,1.0,32.0,32,16,0.0,0.0,32,16
SLAKE_STAGE2_BANK16,B,16,W0,R0,evaluation,source_style_confirmation,EDIT_TARGET,320,False,macro,32,16,16,UNKNOWN,1.0,32.0,32,16,,,0,0,1.0,32.0,32,16,0.59375,19.0,32,16,,,0,0,,,0,0,1.0,13.0,13,7,1.0,13.0,13,7,1.0,32.0,32,16,1.0,32.0,32,16,,,0,0,,,0,0,0.0,0.0,32,16,,,0,0,1.0,32.0,32,16,0.0,0.0,32,16,0.0,0.0,32,16,0.0,0.0,32,16,0.0,0.0,32,16,0.0,0.0,32,16,0.0,0.0,32,16,1.0,32.0,32,16,,,0,0,,,0,0,,,0,0,0.0,0.0,32,16,0.0,0.0,32,16,0.0,0.0,32,16,0.0,0.0,32,16,1.0,32.0,32,16,0.0,0.0,32,16
SLAKE_STAGE2_BANK16,B,16,W0,R0,evaluation,source_style_confirmation,EDIT_TARGET,320,False,micro,32,16,16,UNKNOWN,1.0,32.0,32,16,,,0,0,1.0,32.0,32,16,0.59375,19.0,32,16,,,0,0,,,0,0,1.0,13.0,13,7,1.0,13.0,13,7,1.0,32.0,32,16,1.0,32.0,32,16,,,0,0,,,0,0,0.0,0.0,32,16,,,0,0,1.0,32.0,32,16,0.0,0.0,32,16,0.0,0.0,32,16,0.0,0.0,32,16,0.0,0.0,32,16,0.0,0.0,32,16,0.0,0.0,32,16,1.0,32.0,32,16,,,0,0,,,0,0,,,0,0,0.0,0.0,32,16,0.0,0.0,32,16,0.0,0.0,32,16,0.0,0.0,32,16,1.0,32.0,32,16,0.0,0.0,32,16
SLAKE_STAGE2_BANK16,B,16,W0,R0,native,T0,EDIT_TARGET,320,False,macro,16,16,16,UNKNOWN,1.0,16.0,16,16,,,0,0,1.0,16.0,16,16,0.0,0.0,16,16,,,0,0,,,0,0,1.0,16.0,16,16,1.0,16.0,16,16,1.0,16.0,16,16,1.0,16.0,16,16,,,0,0,,,0,0,0.0,0.0,16,16,,,0,0,1.0,16.0,16,16,0.0,0.0,16,16,0.0,0.0,16,16,0.0,0.0,16,16,0.0,0.0,16,16,0.0,0.0,16,16,0.0,0.0,16,16,1.0,16.0,16,16,,,0,0,,,0,0,,,0,0,0.0,0.0,16,16,0.0,0.0,16,16,0.0,0.0,16,16,0.0,0.0,16,16,1.0,16.0,16,16,0.0,0.0,16,16
SLAKE_STAGE2_BANK16,B,16,W0,R0,native,T0,EDIT_TARGET,320,False,micro,16,16,16,UNKNOWN,1.0,16.0,16,16,,,0,0,1.0,16.0,16,16,0.0,0.0,16,16,,,0,0,,,0,0,1.0,16.0,16,16,1.0,16.0,16,16,1.0,16.0,16,16,1.0,16.0,16,16,,,0,0,,,0,0,0.0,0.0,16,16,,,0,0,1.0,16.0,16,16,0.0,0.0,16,16,0.0,0.0,16,16,0.0,0.0,16,16,0.0,0.0,16,16,0.0,0.0,16,16,0.0,0.0,16,16,1.0,16.0,16,16,,,0,0,,,0,0,,,0,0,0.0,0.0,16,16,0.0,0.0,16,16,0.0,0.0,16,16,0.0,0.0,16,16,1.0,16.0,16,16,0.0,0.0,16,16
SLAKE_STAGE2_BANK16,B,16,W0,RC,evaluation,H,STRICT_BASE,320,False,macro,20,15,7,UNKNOWN,0.7666666666666667,15.0,20,15,,,0,0,0.7666666666666667,15.0,20,15,0.7666666666666667,15.0,20,15,0.0,0.0,15,13,1.0,15.0,15,13,0.0,0.0,5,5,0.0,0.0,5,5,0.03333333333333333,1.0,20,15,0.03333333333333333,1.0,20,15,0.03333333333333333,1.0,20,15,0.0,0.0,15,13,0.9666666666666667,19.0,20,15,,,0,0,0.0,0.0,20,15,,,0,0,,,0,0,,,0,0,,,0,0,,,0,0,,,0,0,1.0,1.0,1,1,,,0,0,0.0,0.0,1,1,0.0,0.0,1,1,,,0,0,,,0,0,,,0,0,0.7333333333333333,14.0,20,15,0.0,0.0,20,15,0.03333333333333333,1.0,20,15
SLAKE_STAGE2_BANK16,B,16,W0,RC,evaluation,H,STRICT_BASE,320,False,micro,20,15,7,UNKNOWN,0.75,15.0,20,15,,,0,0,0.75,15.0,20,15,0.75,15.0,20,15,0.0,0.0,15,13,1.0,15.0,15,13,0.0,0.0,5,5,0.0,0.0,5,5,0.05,1.0,20,15,0.05,1.0,20,15,0.05,1.0,20,15,0.0,0.0,15,13,0.95,19.0,20,15,,,0,0,0.0,0.0,20,15,,,0,0,,,0,0,,,0,0,,,0,0,,,0,0,,,0,0,1.0,1.0,1,1,,,0,0,0.0,0.0,1,1,0.0,0.0,1,1,,,0,0,,,0,0,,,0,0,0.7,14.0,20,15,0.0,0.0,20,15,0.05,1.0,20,15
SLAKE_STAGE2_BANK16,B,16,W0,RC,evaluation,U,STRICT_BASE,320,False,macro,202,16,41,UNKNOWN,0.6419986263736264,130.0,202,16,,,0,0,0.6419986263736264,130.0,202,16,0.6419986263736264,130.0,202,16,0.0,0.0,130,16,1.0,130.0,130,16,0.0,0.0,72,16,0.0,0.0,72,16,0.0,0.0,202,16,0.0,0.0,202,16,0.0,0.0,202,16,0.0,0.0,130,16,1.0,202.0,202,16,,,0,0,0.399496336996337,81.0,202,16,,,0,0,,,0,0,,,0,0,,,0,0,,,0,0,,,0,0,,,0,0,,,0,0,,,0,0,,,0,0,,,0,0,,,0,0,,,0,0,0.6419986263736264,130.0,202,16,0.0,0.0,202,16,0.0,0.0,202,16
SLAKE_STAGE2_BANK16,B,16,W0,RC,evaluation,U,STRICT_BASE,320,False,micro,202,16,41,UNKNOWN,0.6435643564356436,130.0,202,16,,,0,0,0.6435643564356436,130.0,202,16,0.6435643564356436,130.0,202,16,0.0,0.0,130,16,1.0,130.0,130,16,0.0,0.0,72,16,0.0,0.0,72,16,0.0,0.0,202,16,0.0,0.0,202,16,0.0,0.0,202,16,0.0,0.0,130,16,1.0,202.0,202,16,,,0,0,0.400990099009901,81.0,202,16,,,0,0,,,0,0,,,0,0,,,0,0,,,0,0,,,0,0,,,0,0,,,0,0,,,0,0,,,0,0,,,0,0,,,0,0,,,0,0,0.6435643564356436,130.0,202,16,0.0,0.0,202,16,0.0,0.0,202,16
SLAKE_STAGE2_BANK16,B,16,W0,RC,evaluation,cross_family_confirmation,EDIT_TARGET,320,False,macro,32,16,16,UNKNOWN,1.0,32.0,32,16,,,0,0,1.0,32.0,32,16,0.5,16.0,32,16,,,0,0,,,0,0,1.0,16.0,16,10,1.0,16.0,16,10,1.0,32.0,32,16,1.0,32.0,32,16,,,0,0,,,0,0,0.0,0.0,32,16,,,0,0,1.0,32.0,32,16,0.0,0.0,32,16,0.0,0.0,32,16,0.0,0.0,32,16,0.0,0.0,32,16,0.0,0.0,32,16,0.0,0.0,32,16,1.0,32.0,32,16,,,0,0,,,0,0,,,0,0,0.0,0.0,32,16,0.0,0.0,32,16,0.0,0.0,32,16,0.0,0.0,32,16,1.0,32.0,32,16,0.0,0.0,32,16
SLAKE_STAGE2_BANK16,B,16,W0,RC,evaluation,cross_family_confirmation,EDIT_TARGET,320,False,micro,32,16,16,UNKNOWN,1.0,32.0,32,16,,,0,0,1.0,32.0,32,16,0.5,16.0,32,16,,,0,0,,,0,0,1.0,16.0,16,10,1.0,16.0,16,10,1.0,32.0,32,16,1.0,32.0,32,16,,,0,0,,,0,0,0.0,0.0,32,16,,,0,0,1.0,32.0,32,16,0.0,0.0,32,16,0.0,0.0,32,16,0.0,0.0,32,16,0.0,0.0,32,16,0.0,0.0,32,16,0.0,0.0,32,16,1.0,32.0,32,16,,,0,0,,,0,0,,,0,0,0.0,0.0,32,16,0.0,0.0,32,16,0.0,0.0,32,16,0.0,0.0,32,16,1.0,32.0,32,16,0.0,0.0,32,16
SLAKE_STAGE2_BANK16,B,16,W0,RC,evaluation,source_style_confirmation,EDIT_TARGET,320,False,macro,32,16,16,UNKNOWN,1.0,32.0,32,16,,,0,0,1.0,32.0,32,16,0.59375,19.0,32,16,,,0,0,,,0,0,1.0,13.0,13,7,1.0,13.0,13,7,1.0,32.0,32,16,1.0,32.0,32,16,,,0,0,,,0,0,0.0,0.0,32,16,,,0,0,1.0,32.0,32,16,0.0,0.0,32,16,0.0,0.0,32,16,0.0,0.0,32,16,0.0,0.0,32,16,0.0,0.0,32,16,0.0,0.0,32,16,1.0,32.0,32,16,,,0,0,,,0,0,,,0,0,0.0,0.0,32,16,0.0,0.0,32,16,0.0,0.0,32,16,0.0,0.0,32,16,1.0,32.0,32,16,0.0,0.0,32,16
SLAKE_STAGE2_BANK16,B,16,W0,RC,evaluation,source_style_confirmation,EDIT_TARGET,320,False,micro,32,16,16,UNKNOWN,1.0,32.0,32,16,,,0,0,1.0,32.0,32,16,0.59375,19.0,32,16,,,0,0,,,0,0,1.0,13.0,13,7,1.0,13.0,13,7,1.0,32.0,32,16,1.0,32.0,32,16,,,0,0,,,0,0,0.0,0.0,32,16,,,0,0,1.0,32.0,32,16,0.0,0.0,32,16,0.0,0.0,32,16,0.0,0.0,32,16,0.0,0.0,32,16,0.0,0.0,32,16,0.0,0.0,32,16,1.0,32.0,32,16,,,0,0,,,0,0,,,0,0,0.0,0.0,32,16,0.0,0.0,32,16,0.0,0.0,32,16,0.0,0.0,32,16,1.0,32.0,32,16,0.0,0.0,32,16
SLAKE_STAGE2_BANK16,B,16,W0,RC,native,T0,EDIT_TARGET,320,False,macro,16,16,16,UNKNOWN,1.0,16.0,16,16,,,0,0,1.0,16.0,16,16,0.0,0.0,16,16,,,0,0,,,0,0,1.0,16.0,16,16,1.0,16.0,16,16,1.0,16.0,16,16,1.0,16.0,16,16,,,0,0,,,0,0,0.0,0.0,16,16,,,0,0,1.0,16.0,16,16,0.0,0.0,16,16,0.0,0.0,16,16,0.0,0.0,16,16,0.0,0.0,16,16,0.0,0.0,16,16,0.0,0.0,16,16,1.0,16.0,16,16,,,0,0,,,0,0,,,0,0,0.0,0.0,16,16,0.0,0.0,16,16,0.0,0.0,16,16,0.0,0.0,16,16,1.0,16.0,16,16,0.0,0.0,16,16
SLAKE_STAGE2_BANK16,B,16,W0,RC,native,T0,EDIT_TARGET,320,False,micro,16,16,16,UNKNOWN,1.0,16.0,16,16,,,0,0,1.0,16.0,16,16,0.0,0.0,16,16,,,0,0,,,0,0,1.0,16.0,16,16,1.0,16.0,16,16,1.0,16.0,16,16,1.0,16.0,16,16,,,0,0,,,0,0,0.0,0.0,16,16,,,0,0,1.0,16.0,16,16,0.0,0.0,16,16,0.0,0.0,16,16,0.0,0.0,16,16,0.0,0.0,16,16,0.0,0.0,16,16,0.0,0.0,16,16,1.0,16.0,16,16,,,0,0,,,0,0,,,0,0,0.0,0.0,16,16,0.0,0.0,16,16,0.0,0.0,16,16,0.0,0.0,16,16,1.0,16.0,16,16,0.0,0.0,16,16
SLAKE_STAGE2_BANK16,B,16,W01,R0,evaluation,H,STRICT_BASE,320,False,macro,20,15,7,UNKNOWN,0.5,11.0,20,15,,,0,0,0.5,11.0,20,15,0.7666666666666667,15.0,20,15,0.3076923076923077,4.0,15,13,0.6923076923076923,11.0,15,13,0.0,0.0,5,5,0.0,0.0,5,5,1.0,20.0,20,15,0.5,11.0,20,15,1.0,20.0,20,15,0.3076923076923077,4.0,15,13,0.4,9.0,20,15,,,0,0,0.23333333333333334,7.0,20,15,,,0,0,,,0,0,,,0,0,,,0,0,,,0,0,,,0,0,1.0,20.0,20,15,,,0,0,0.3076923076923077,4.0,15,13,0.5,9.0,20,15,,,0,0,,,0,0,,,0,0,0.0,0.0,20,15,0.0,0.0,20,15,0.5,11.0,20,15
SLAKE_STAGE2_BANK16,B,16,W01,R0,evaluation,H,STRICT_BASE,320,False,micro,20,15,7,UNKNOWN,0.55,11.0,20,15,,,0,0,0.55,11.0,20,15,0.75,15.0,20,15,0.26666666666666666,4.0,15,13,0.7333333333333333,11.0,15,13,0.0,0.0,5,5,0.0,0.0,5,5,1.0,20.0,20,15,0.55,11.0,20,15,1.0,20.0,20,15,0.26666666666666666,4.0,15,13,0.45,9.0,20,15,,,0,0,0.35,7.0,20,15,,,0,0,,,0,0,,,0,0,,,0,0,,,0,0,,,0,0,1.0,20.0,20,15,,,0,0,0.26666666666666666,4.0,15,13,0.45,9.0,20,15,,,0,0,,,0,0,,,0,0,0.0,0.0,20,15,0.0,0.0,20,15,0.55,11.0,20,15
SLAKE_STAGE2_BANK16,B,16,W01,R0,evaluation,U,STRICT_BASE,320,False,macro,202,16,41,UNKNOWN,0.4243360805860806,86.0,202,16,,,0,0,0.4243360805860806,86.0,202,16,0.6419986263736264,130.0,202,16,0.3380050505050505,45.0,130,16,0.6619949494949495,85.0,130,16,0.015625,1.0,72,16,0.38482142857142854,28.0,72,16,0.9209592490842491,186.0,202,16,0.3601190476190476,73.0,202,16,0.9209592490842491,186.0,202,16,0.3380050505050505,45.0,130,16,0.5600961538461539,113.0,202,16,,,0,0,0.573889652014652,116.0,202,16,,,0,0,,,0,0,,,0,0,,,0,0,,,0,0,,,0,0,1.0,186.0,186,16,,,0,0,0.37331349206349207,45.0,117,16,0.6084717365967366,113.0,186,16,,,0,0,,,0,0,,,0,0,0.06421703296703296,13.0,202,16,0.015224358974358974,3.0,202,16,0.34489468864468864,70.0,202,16
SLAKE_STAGE2_BANK16,B,16,W01,R0,evaluation,U,STRICT_BASE,320,False,micro,202,16,41,UNKNOWN,0.42574257425742573,86.0,202,16,,,0,0,0.42574257425742573,86.0,202,16,0.6435643564356436,130.0,202,16,0.34615384615384615,45.0,130,16,0.6538461538461539,85.0,130,16,0.013888888888888888,1.0,72,16,0.3888888888888889,28.0,72,16,0.9207920792079208,186.0,202,16,0.3613861386138614,73.0,202,16,0.9207920792079208,186.0,202,16,0.34615384615384615,45.0,130,16,0.5594059405940595,113.0,202,16,,,0,0,0.5742574257425742,116.0,202,16,,,0,0,,,0,0,,,0,0,,,0,0,,,0,0,,,0,0,1.0,186.0,186,16,,,0,0,0.38461538461538464,45.0,117,16,0.6075268817204301,113.0,186,16,,,0,0,,,0,0,,,0,0,0.06435643564356436,13.0,202,16,0.01485148514851485,3.0,202,16,0.3465346534653465,70.0,202,16
SLAKE_STAGE2_BANK16,B,16,W01,R0,evaluation,cross_family_confirmation,EDIT_TARGET,320,False,macro,32,16,16,UNKNOWN,1.0,32.0,32,16,,,0,0,1.0,32.0,32,16,0.5,16.0,32,16,,,0,0,,,0,0,1.0,16.0,16,10,1.0,16.0,16,10,1.0,32.0,32,16,1.0,32.0,32,16,,,0,0,,,0,0,0.0,0.0,32,16,,,0,0,1.0,32.0,32,16,0.0,0.0,32,16,0.0,0.0,32,16,0.0,0.0,32,16,0.0,0.0,32,16,0.0,0.0,32,16,0.0,0.0,32,16,1.0,32.0,32,16,,,0,0,,,0,0,,,0,0,0.0,0.0,32,16,0.0,0.0,32,16,0.0,0.0,32,16,0.0,0.0,32,16,1.0,32.0,32,16,0.0,0.0,32,16
SLAKE_STAGE2_BANK16,B,16,W01,R0,evaluation,cross_family_confirmation,EDIT_TARGET,320,False,micro,32,16,16,UNKNOWN,1.0,32.0,32,16,,,0,0,1.0,32.0,32,16,0.5,16.0,32,16,,,0,0,,,0,0,1.0,16.0,16,10,1.0,16.0,16,10,1.0,32.0,32,16,1.0,32.0,32,16,,,0,0,,,0,0,0.0,0.0,32,16,,,0,0,1.0,32.0,32,16,0.0,0.0,32,16,0.0,0.0,32,16,0.0,0.0,32,16,0.0,0.0,32,16,0.0,0.0,32,16,0.0,0.0,32,16,1.0,32.0,32,16,,,0,0,,,0,0,,,0,0,0.0,0.0,32,16,0.0,0.0,32,16,0.0,0.0,32,16,0.0,0.0,32,16,1.0,32.0,32,16,0.0,0.0,32,16
SLAKE_STAGE2_BANK16,B,16,W01,R0,evaluation,source_style_confirmation,EDIT_TARGET,320,False,macro,32,16,16,UNKNOWN,1.0,32.0,32,16,,,0,0,1.0,32.0,32,16,0.59375,19.0,32,16,,,0,0,,,0,0,1.0,13.0,13,7,1.0,13.0,13,7,1.0,32.0,32,16,1.0,32.0,32,16,,,0,0,,,0,0,0.0,0.0,32,16,,,0,0,1.0,32.0,32,16,0.0,0.0,32,16,0.0,0.0,32,16,0.0,0.0,32,16,0.0,0.0,32,16,0.0,0.0,32,16,0.0,0.0,32,16,1.0,32.0,32,16,,,0,0,,,0,0,,,0,0,0.0,0.0,32,16,0.0,0.0,32,16,0.0,0.0,32,16,0.0,0.0,32,16,1.0,32.0,32,16,0.0,0.0,32,16
SLAKE_STAGE2_BANK16,B,16,W01,R0,evaluation,source_style_confirmation,EDIT_TARGET,320,False,micro,32,16,16,UNKNOWN,1.0,32.0,32,16,,,0,0,1.0,32.0,32,16,0.59375,19.0,32,16,,,0,0,,,0,0,1.0,13.0,13,7,1.0,13.0,13,7,1.0,32.0,32,16,1.0,32.0,32,16,,,0,0,,,0,0,0.0,0.0,32,16,,,0,0,1.0,32.0,32,16,0.0,0.0,32,16,0.0,0.0,32,16,0.0,0.0,32,16,0.0,0.0,32,16,0.0,0.0,32,16,0.0,0.0,32,16,1.0,32.0,32,16,,,0,0,,,0,0,,,0,0,0.0,0.0,32,16,0.0,0.0,32,16,0.0,0.0,32,16,0.0,0.0,32,16,1.0,32.0,32,16,0.0,0.0,32,16
SLAKE_STAGE2_BANK16,B,16,W01,R0,native,T0,EDIT_TARGET,320,False,macro,16,16,16,UNKNOWN,1.0,16.0,16,16,,,0,0,1.0,16.0,16,16,0.0,0.0,16,16,,,0,0,,,0,0,1.0,16.0,16,16,1.0,16.0,16,16,1.0,16.0,16,16,1.0,16.0,16,16,,,0,0,,,0,0,0.0,0.0,16,16,,,0,0,1.0,16.0,16,16,0.0,0.0,16,16,0.0,0.0,16,16,0.0,0.0,16,16,0.0,0.0,16,16,0.0,0.0,16,16,0.0,0.0,16,16,1.0,16.0,16,16,,,0,0,,,0,0,,,0,0,0.0,0.0,16,16,0.0,0.0,16,16,0.0,0.0,16,16,0.0,0.0,16,16,1.0,16.0,16,16,0.0,0.0,16,16
SLAKE_STAGE2_BANK16,B,16,W01,R0,native,T0,EDIT_TARGET,320,False,micro,16,16,16,UNKNOWN,1.0,16.0,16,16,,,0,0,1.0,16.0,16,16,0.0,0.0,16,16,,,0,0,,,0,0,1.0,16.0,16,16,1.0,16.0,16,16,1.0,16.0,16,16,1.0,16.0,16,16,,,0,0,,,0,0,0.0,0.0,16,16,,,0,0,1.0,16.0,16,16,0.0,0.0,16,16,0.0,0.0,16,16,0.0,0.0,16,16,0.0,0.0,16,16,0.0,0.0,16,16,0.0,0.0,16,16,1.0,16.0,16,16,,,0,0,,,0,0,,,0,0,0.0,0.0,16,16,0.0,0.0,16,16,0.0,0.0,16,16,0.0,0.0,16,16,1.0,16.0,16,16,0.0,0.0,16,16
SLAKE_STAGE2_BANK16,B,16,W01,RC,evaluation,H,STRICT_BASE,320,False,macro,20,15,7,UNKNOWN,0.7666666666666667,15.0,20,15,,,0,0,0.7666666666666667,15.0,20,15,0.7666666666666667,15.0,20,15,0.0,0.0,15,13,1.0,15.0,15,13,0.0,0.0,5,5,0.0,0.0,5,5,0.03333333333333333,1.0,20,15,0.03333333333333333,1.0,20,15,0.03333333333333333,1.0,20,15,0.0,0.0,15,13,0.9666666666666667,19.0,20,15,,,0,0,0.23333333333333334,7.0,20,15,,,0,0,,,0,0,,,0,0,,,0,0,,,0,0,,,0,0,1.0,1.0,1,1,,,0,0,0.0,0.0,1,1,0.0,0.0,1,1,,,0,0,,,0,0,,,0,0,0.7333333333333333,14.0,20,15,0.0,0.0,20,15,0.03333333333333333,1.0,20,15
SLAKE_STAGE2_BANK16,B,16,W01,RC,evaluation,H,STRICT_BASE,320,False,micro,20,15,7,UNKNOWN,0.75,15.0,20,15,,,0,0,0.75,15.0,20,15,0.75,15.0,20,15,0.0,0.0,15,13,1.0,15.0,15,13,0.0,0.0,5,5,0.0,0.0,5,5,0.05,1.0,20,15,0.05,1.0,20,15,0.05,1.0,20,15,0.0,0.0,15,13,0.95,19.0,20,15,,,0,0,0.35,7.0,20,15,,,0,0,,,0,0,,,0,0,,,0,0,,,0,0,,,0,0,1.0,1.0,1,1,,,0,0,0.0,0.0,1,1,0.0,0.0,1,1,,,0,0,,,0,0,,,0,0,0.7,14.0,20,15,0.0,0.0,20,15,0.05,1.0,20,15
SLAKE_STAGE2_BANK16,B,16,W01,RC,evaluation,U,STRICT_BASE,320,False,macro,202,16,41,UNKNOWN,0.6419986263736264,130.0,202,16,,,0,0,0.6419986263736264,130.0,202,16,0.6419986263736264,130.0,202,16,0.0,0.0,130,16,1.0,130.0,130,16,0.0,0.0,72,16,0.0,0.0,72,16,0.0,0.0,202,16,0.0,0.0,202,16,0.0,0.0,202,16,0.0,0.0,130,16,1.0,202.0,202,16,,,0,0,0.573889652014652,116.0,202,16,,,0,0,,,0,0,,,0,0,,,0,0,,,0,0,,,0,0,,,0,0,,,0,0,,,0,0,,,0,0,,,0,0,,,0,0,,,0,0,0.6419986263736264,130.0,202,16,0.0,0.0,202,16,0.0,0.0,202,16
SLAKE_STAGE2_BANK16,B,16,W01,RC,evaluation,U,STRICT_BASE,320,False,micro,202,16,41,UNKNOWN,0.6435643564356436,130.0,202,16,,,0,0,0.6435643564356436,130.0,202,16,0.6435643564356436,130.0,202,16,0.0,0.0,130,16,1.0,130.0,130,16,0.0,0.0,72,16,0.0,0.0,72,16,0.0,0.0,202,16,0.0,0.0,202,16,0.0,0.0,202,16,0.0,0.0,130,16,1.0,202.0,202,16,,,0,0,0.5742574257425742,116.0,202,16,,,0,0,,,0,0,,,0,0,,,0,0,,,0,0,,,0,0,,,0,0,,,0,0,,,0,0,,,0,0,,,0,0,,,0,0,,,0,0,0.6435643564356436,130.0,202,16,0.0,0.0,202,16,0.0,0.0,202,16
SLAKE_STAGE2_BANK16,B,16,W01,RC,evaluation,cross_family_confirmation,EDIT_TARGET,320,False,macro,32,16,16,UNKNOWN,1.0,32.0,32,16,,,0,0,1.0,32.0,32,16,0.5,16.0,32,16,,,0,0,,,0,0,1.0,16.0,16,10,1.0,16.0,16,10,1.0,32.0,32,16,1.0,32.0,32,16,,,0,0,,,0,0,0.0,0.0,32,16,,,0,0,1.0,32.0,32,16,0.0,0.0,32,16,0.0,0.0,32,16,0.0,0.0,32,16,0.0,0.0,32,16,0.0,0.0,32,16,0.0,0.0,32,16,1.0,32.0,32,16,,,0,0,,,0,0,,,0,0,0.0,0.0,32,16,0.0,0.0,32,16,0.0,0.0,32,16,0.0,0.0,32,16,1.0,32.0,32,16,0.0,0.0,32,16
SLAKE_STAGE2_BANK16,B,16,W01,RC,evaluation,cross_family_confirmation,EDIT_TARGET,320,False,micro,32,16,16,UNKNOWN,1.0,32.0,32,16,,,0,0,1.0,32.0,32,16,0.5,16.0,32,16,,,0,0,,,0,0,1.0,16.0,16,10,1.0,16.0,16,10,1.0,32.0,32,16,1.0,32.0,32,16,,,0,0,,,0,0,0.0,0.0,32,16,,,0,0,1.0,32.0,32,16,0.0,0.0,32,16,0.0,0.0,32,16,0.0,0.0,32,16,0.0,0.0,32,16,0.0,0.0,32,16,0.0,0.0,32,16,1.0,32.0,32,16,,,0,0,,,0,0,,,0,0,0.0,0.0,32,16,0.0,0.0,32,16,0.0,0.0,32,16,0.0,0.0,32,16,1.0,32.0,32,16,0.0,0.0,32,16
SLAKE_STAGE2_BANK16,B,16,W01,RC,evaluation,source_style_confirmation,EDIT_TARGET,320,False,macro,32,16,16,UNKNOWN,1.0,32.0,32,16,,,0,0,1.0,32.0,32,16,0.59375,19.0,32,16,,,0,0,,,0,0,1.0,13.0,13,7,1.0,13.0,13,7,1.0,32.0,32,16,1.0,32.0,32,16,,,0,0,,,0,0,0.0,0.0,32,16,,,0,0,1.0,32.0,32,16,0.0,0.0,32,16,0.0,0.0,32,16,0.0,0.0,32,16,0.0,0.0,32,16,0.0,0.0,32,16,0.0,0.0,32,16,1.0,32.0,32,16,,,0,0,,,0,0,,,0,0,0.0,0.0,32,16,0.0,0.0,32,16,0.0,0.0,32,16,0.0,0.0,32,16,1.0,32.0,32,16,0.0,0.0,32,16
SLAKE_STAGE2_BANK16,B,16,W01,RC,evaluation,source_style_confirmation,EDIT_TARGET,320,False,micro,32,16,16,UNKNOWN,1.0,32.0,32,16,,,0,0,1.0,32.0,32,16,0.59375,19.0,32,16,,,0,0,,,0,0,1.0,13.0,13,7,1.0,13.0,13,7,1.0,32.0,32,16,1.0,32.0,32,16,,,0,0,,,0,0,0.0,0.0,32,16,,,0,0,1.0,32.0,32,16,0.0,0.0,32,16,0.0,0.0,32,16,0.0,0.0,32,16,0.0,0.0,32,16,0.0,0.0,32,16,0.0,0.0,32,16,1.0,32.0,32,16,,,0,0,,,0,0,,,0,0,0.0,0.0,32,16,0.0,0.0,32,16,0.0,0.0,32,16,0.0,0.0,32,16,1.0,32.0,32,16,0.0,0.0,32,16
SLAKE_STAGE2_BANK16,B,16,W01,RC,native,T0,EDIT_TARGET,320,False,macro,16,16,16,UNKNOWN,1.0,16.0,16,16,,,0,0,1.0,16.0,16,16,0.0,0.0,16,16,,,0,0,,,0,0,1.0,16.0,16,16,1.0,16.0,16,16,1.0,16.0,16,16,1.0,16.0,16,16,,,0,0,,,0,0,0.0,0.0,16,16,,,0,0,1.0,16.0,16,16,0.0,0.0,16,16,0.0,0.0,16,16,0.0,0.0,16,16,0.0,0.0,16,16,0.0,0.0,16,16,0.0,0.0,16,16,1.0,16.0,16,16,,,0,0,,,0,0,,,0,0,0.0,0.0,16,16,0.0,0.0,16,16,0.0,0.0,16,16,0.0,0.0,16,16,1.0,16.0,16,16,0.0,0.0,16,16
SLAKE_STAGE2_BANK16,B,16,W01,RC,native,T0,EDIT_TARGET,320,False,micro,16,16,16,UNKNOWN,1.0,16.0,16,16,,,0,0,1.0,16.0,16,16,0.0,0.0,16,16,,,0,0,,,0,0,1.0,16.0,16,16,1.0,16.0,16,16,1.0,16.0,16,16,1.0,16.0,16,16,,,0,0,,,0,0,0.0,0.0,16,16,,,0,0,1.0,16.0,16,16,0.0,0.0,16,16,0.0,0.0,16,16,0.0,0.0,16,16,0.0,0.0,16,16,0.0,0.0,16,16,0.0,0.0,16,16,1.0,16.0,16,16,,,0,0,,,0,0,,,0,0,0.0,0.0,16,16,0.0,0.0,16,16,0.0,0.0,16,16,0.0,0.0,16,16,1.0,16.0,16,16,0.0,0.0,16,16
SLAKE_STAGE2_BANK16,B,16,W1,R0,evaluation,H,STRICT_BASE,320,False,macro,20,15,7,UNKNOWN,0.5,11.0,20,15,,,0,0,0.5,11.0,20,15,0.7666666666666667,15.0,20,15,0.3076923076923077,4.0,15,13,0.6923076923076923,11.0,15,13,0.0,0.0,5,5,0.0,0.0,5,5,1.0,20.0,20,15,0.5,11.0,20,15,1.0,20.0,20,15,0.3076923076923077,4.0,15,13,0.4,9.0,20,15,,,0,0,0.3,8.0,20,15,,,0,0,,,0,0,,,0,0,,,0,0,,,0,0,,,0,0,1.0,20.0,20,15,,,0,0,0.3076923076923077,4.0,15,13,0.5,9.0,20,15,,,0,0,,,0,0,,,0,0,0.0,0.0,20,15,0.0,0.0,20,15,0.5,11.0,20,15
SLAKE_STAGE2_BANK16,B,16,W1,R0,evaluation,H,STRICT_BASE,320,False,micro,20,15,7,UNKNOWN,0.55,11.0,20,15,,,0,0,0.55,11.0,20,15,0.75,15.0,20,15,0.26666666666666666,4.0,15,13,0.7333333333333333,11.0,15,13,0.0,0.0,5,5,0.0,0.0,5,5,1.0,20.0,20,15,0.55,11.0,20,15,1.0,20.0,20,15,0.26666666666666666,4.0,15,13,0.45,9.0,20,15,,,0,0,0.4,8.0,20,15,,,0,0,,,0,0,,,0,0,,,0,0,,,0,0,,,0,0,1.0,20.0,20,15,,,0,0,0.26666666666666666,4.0,15,13,0.45,9.0,20,15,,,0,0,,,0,0,,,0,0,0.0,0.0,20,15,0.0,0.0,20,15,0.55,11.0,20,15
SLAKE_STAGE2_BANK16,B,16,W1,R0,evaluation,U,STRICT_BASE,320,False,macro,202,16,41,UNKNOWN,0.5052655677655677,102.0,202,16,,,0,0,0.5052655677655677,102.0,202,16,0.6419986263736264,130.0,202,16,0.23988771645021645,32.0,130,16,0.7601122835497836,98.0,130,16,0.05416666666666667,4.0,72,16,0.39464285714285713,28.0,72,16,0.9209592490842491,186.0,202,16,0.4410485347985348,89.0,202,16,0.9209592490842491,186.0,202,16,0.23988771645021645,32.0,130,16,0.5749771062271063,116.0,202,16,,,0,0,0.5987293956043956,121.0,202,16,,,0,0,,,0,0,,,0,0,,,0,0,,,0,0,,,0,0,1.0,186.0,186,16,,,0,0,0.2634672619047619,32.0,117,16,0.5211101398601399,97.0,186,16,,,0,0,,,0,0,,,0,0,0.06421703296703296,13.0,202,16,0.030849358974358972,6.0,202,16,0.4101991758241758,83.0,202,16
SLAKE_STAGE2_BANK16,B,16,W1,R0,evaluation,U,STRICT_BASE,320,False,micro,202,16,41,UNKNOWN,0.504950495049505,102.0,202,16,,,0,0,0.504950495049505,102.0,202,16,0.6435643564356436,130.0,202,16,0.24615384615384617,32.0,130,16,0.7538461538461538,98.0,130,16,0.05555555555555555,4.0,72,16,0.3888888888888889,28.0,72,16,0.9207920792079208,186.0,202,16,0.4405940594059406,89.0,202,16,0.9207920792079208,186.0,202,16,0.24615384615384617,32.0,130,16,0.5742574257425742,116.0,202,16,,,0,0,0.599009900990099,121.0,202,16,,,0,0,,,0,0,,,0,0,,,0,0,,,0,0,,,0,0,1.0,186.0,186,16,,,0,0,0.27350427350427353,32.0,117,16,0.521505376344086,97.0,186,16,,,0,0,,,0,0,,,0,0,0.06435643564356436,13.0,202,16,0.0297029702970297,6.0,202,16,0.41089108910891087,83.0,202,16
SLAKE_STAGE2_BANK16,B,16,W1,R0,evaluation,cross_family_confirmation,EDIT_TARGET,320,False,macro,32,16,16,UNKNOWN,1.0,32.0,32,16,,,0,0,1.0,32.0,32,16,0.5,16.0,32,16,,,0,0,,,0,0,1.0,16.0,16,10,1.0,16.0,16,10,1.0,32.0,32,16,1.0,32.0,32,16,,,0,0,,,0,0,0.0,0.0,32,16,,,0,0,1.0,32.0,32,16,0.0,0.0,32,16,0.0,0.0,32,16,0.0,0.0,32,16,0.0,0.0,32,16,0.0,0.0,32,16,0.0,0.0,32,16,1.0,32.0,32,16,,,0,0,,,0,0,,,0,0,0.0,0.0,32,16,0.0,0.0,32,16,0.0,0.0,32,16,0.0,0.0,32,16,1.0,32.0,32,16,0.0,0.0,32,16
SLAKE_STAGE2_BANK16,B,16,W1,R0,evaluation,cross_family_confirmation,EDIT_TARGET,320,False,micro,32,16,16,UNKNOWN,1.0,32.0,32,16,,,0,0,1.0,32.0,32,16,0.5,16.0,32,16,,,0,0,,,0,0,1.0,16.0,16,10,1.0,16.0,16,10,1.0,32.0,32,16,1.0,32.0,32,16,,,0,0,,,0,0,0.0,0.0,32,16,,,0,0,1.0,32.0,32,16,0.0,0.0,32,16,0.0,0.0,32,16,0.0,0.0,32,16,0.0,0.0,32,16,0.0,0.0,32,16,0.0,0.0,32,16,1.0,32.0,32,16,,,0,0,,,0,0,,,0,0,0.0,0.0,32,16,0.0,0.0,32,16,0.0,0.0,32,16,0.0,0.0,32,16,1.0,32.0,32,16,0.0,0.0,32,16
SLAKE_STAGE2_BANK16,B,16,W1,R0,evaluation,source_style_confirmation,EDIT_TARGET,320,False,macro,32,16,16,UNKNOWN,1.0,32.0,32,16,,,0,0,1.0,32.0,32,16,0.59375,19.0,32,16,,,0,0,,,0,0,1.0,13.0,13,7,1.0,13.0,13,7,1.0,32.0,32,16,1.0,32.0,32,16,,,0,0,,,0,0,0.0,0.0,32,16,,,0,0,1.0,32.0,32,16,0.0,0.0,32,16,0.0,0.0,32,16,0.0,0.0,32,16,0.0,0.0,32,16,0.0,0.0,32,16,0.0,0.0,32,16,1.0,32.0,32,16,,,0,0,,,0,0,,,0,0,0.0,0.0,32,16,0.0,0.0,32,16,0.0,0.0,32,16,0.0,0.0,32,16,1.0,32.0,32,16,0.0,0.0,32,16
SLAKE_STAGE2_BANK16,B,16,W1,R0,evaluation,source_style_confirmation,EDIT_TARGET,320,False,micro,32,16,16,UNKNOWN,1.0,32.0,32,16,,,0,0,1.0,32.0,32,16,0.59375,19.0,32,16,,,0,0,,,0,0,1.0,13.0,13,7,1.0,13.0,13,7,1.0,32.0,32,16,1.0,32.0,32,16,,,0,0,,,0,0,0.0,0.0,32,16,,,0,0,1.0,32.0,32,16,0.0,0.0,32,16,0.0,0.0,32,16,0.0,0.0,32,16,0.0,0.0,32,16,0.0,0.0,32,16,0.0,0.0,32,16,1.0,32.0,32,16,,,0,0,,,0,0,,,0,0,0.0,0.0,32,16,0.0,0.0,32,16,0.0,0.0,32,16,0.0,0.0,32,16,1.0,32.0,32,16,0.0,0.0,32,16
SLAKE_STAGE2_BANK16,B,16,W1,R0,native,T0,EDIT_TARGET,320,False,macro,16,16,16,UNKNOWN,1.0,16.0,16,16,,,0,0,1.0,16.0,16,16,0.0,0.0,16,16,,,0,0,,,0,0,1.0,16.0,16,16,1.0,16.0,16,16,1.0,16.0,16,16,1.0,16.0,16,16,,,0,0,,,0,0,0.0,0.0,16,16,,,0,0,1.0,16.0,16,16,0.0,0.0,16,16,0.0,0.0,16,16,0.0,0.0,16,16,0.0,0.0,16,16,0.0,0.0,16,16,0.0,0.0,16,16,1.0,16.0,16,16,,,0,0,,,0,0,,,0,0,0.0,0.0,16,16,0.0,0.0,16,16,0.0,0.0,16,16,0.0,0.0,16,16,1.0,16.0,16,16,0.0,0.0,16,16
SLAKE_STAGE2_BANK16,B,16,W1,R0,native,T0,EDIT_TARGET,320,False,micro,16,16,16,UNKNOWN,1.0,16.0,16,16,,,0,0,1.0,16.0,16,16,0.0,0.0,16,16,,,0,0,,,0,0,1.0,16.0,16,16,1.0,16.0,16,16,1.0,16.0,16,16,1.0,16.0,16,16,,,0,0,,,0,0,0.0,0.0,16,16,,,0,0,1.0,16.0,16,16,0.0,0.0,16,16,0.0,0.0,16,16,0.0,0.0,16,16,0.0,0.0,16,16,0.0,0.0,16,16,0.0,0.0,16,16,1.0,16.0,16,16,,,0,0,,,0,0,,,0,0,0.0,0.0,16,16,0.0,0.0,16,16,0.0,0.0,16,16,0.0,0.0,16,16,1.0,16.0,16,16,0.0,0.0,16,16
SLAKE_STAGE2_BANK16,B,16,W1,RC,evaluation,H,STRICT_BASE,320,False,macro,20,15,7,UNKNOWN,0.7666666666666667,15.0,20,15,,,0,0,0.7666666666666667,15.0,20,15,0.7666666666666667,15.0,20,15,0.0,0.0,15,13,1.0,15.0,15,13,0.0,0.0,5,5,0.0,0.0,5,5,0.03333333333333333,1.0,20,15,0.03333333333333333,1.0,20,15,0.03333333333333333,1.0,20,15,0.0,0.0,15,13,0.9666666666666667,19.0,20,15,,,0,0,0.3,8.0,20,15,,,0,0,,,0,0,,,0,0,,,0,0,,,0,0,,,0,0,1.0,1.0,1,1,,,0,0,0.0,0.0,1,1,0.0,0.0,1,1,,,0,0,,,0,0,,,0,0,0.7333333333333333,14.0,20,15,0.0,0.0,20,15,0.03333333333333333,1.0,20,15
SLAKE_STAGE2_BANK16,B,16,W1,RC,evaluation,H,STRICT_BASE,320,False,micro,20,15,7,UNKNOWN,0.75,15.0,20,15,,,0,0,0.75,15.0,20,15,0.75,15.0,20,15,0.0,0.0,15,13,1.0,15.0,15,13,0.0,0.0,5,5,0.0,0.0,5,5,0.05,1.0,20,15,0.05,1.0,20,15,0.05,1.0,20,15,0.0,0.0,15,13,0.95,19.0,20,15,,,0,0,0.4,8.0,20,15,,,0,0,,,0,0,,,0,0,,,0,0,,,0,0,,,0,0,1.0,1.0,1,1,,,0,0,0.0,0.0,1,1,0.0,0.0,1,1,,,0,0,,,0,0,,,0,0,0.7,14.0,20,15,0.0,0.0,20,15,0.05,1.0,20,15
SLAKE_STAGE2_BANK16,B,16,W1,RC,evaluation,U,STRICT_BASE,320,False,macro,202,16,41,UNKNOWN,0.6419986263736264,130.0,202,16,,,0,0,0.6419986263736264,130.0,202,16,0.6419986263736264,130.0,202,16,0.0,0.0,130,16,1.0,130.0,130,16,0.0,0.0,72,16,0.0,0.0,72,16,0.0,0.0,202,16,0.0,0.0,202,16,0.0,0.0,202,16,0.0,0.0,130,16,1.0,202.0,202,16,,,0,0,0.5987293956043956,121.0,202,16,,,0,0,,,0,0,,,0,0,,,0,0,,,0,0,,,0,0,,,0,0,,,0,0,,,0,0,,,0,0,,,0,0,,,0,0,,,0,0,0.6419986263736264,130.0,202,16,0.0,0.0,202,16,0.0,0.0,202,16
SLAKE_STAGE2_BANK16,B,16,W1,RC,evaluation,U,STRICT_BASE,320,False,micro,202,16,41,UNKNOWN,0.6435643564356436,130.0,202,16,,,0,0,0.6435643564356436,130.0,202,16,0.6435643564356436,130.0,202,16,0.0,0.0,130,16,1.0,130.0,130,16,0.0,0.0,72,16,0.0,0.0,72,16,0.0,0.0,202,16,0.0,0.0,202,16,0.0,0.0,202,16,0.0,0.0,130,16,1.0,202.0,202,16,,,0,0,0.599009900990099,121.0,202,16,,,0,0,,,0,0,,,0,0,,,0,0,,,0,0,,,0,0,,,0,0,,,0,0,,,0,0,,,0,0,,,0,0,,,0,0,,,0,0,0.6435643564356436,130.0,202,16,0.0,0.0,202,16,0.0,0.0,202,16
SLAKE_STAGE2_BANK16,B,16,W1,RC,evaluation,cross_family_confirmation,EDIT_TARGET,320,False,macro,32,16,16,UNKNOWN,1.0,32.0,32,16,,,0,0,1.0,32.0,32,16,0.5,16.0,32,16,,,0,0,,,0,0,1.0,16.0,16,10,1.0,16.0,16,10,1.0,32.0,32,16,1.0,32.0,32,16,,,0,0,,,0,0,0.0,0.0,32,16,,,0,0,1.0,32.0,32,16,0.0,0.0,32,16,0.0,0.0,32,16,0.0,0.0,32,16,0.0,0.0,32,16,0.0,0.0,32,16,0.0,0.0,32,16,1.0,32.0,32,16,,,0,0,,,0,0,,,0,0,0.0,0.0,32,16,0.0,0.0,32,16,0.0,0.0,32,16,0.0,0.0,32,16,1.0,32.0,32,16,0.0,0.0,32,16
SLAKE_STAGE2_BANK16,B,16,W1,RC,evaluation,cross_family_confirmation,EDIT_TARGET,320,False,micro,32,16,16,UNKNOWN,1.0,32.0,32,16,,,0,0,1.0,32.0,32,16,0.5,16.0,32,16,,,0,0,,,0,0,1.0,16.0,16,10,1.0,16.0,16,10,1.0,32.0,32,16,1.0,32.0,32,16,,,0,0,,,0,0,0.0,0.0,32,16,,,0,0,1.0,32.0,32,16,0.0,0.0,32,16,0.0,0.0,32,16,0.0,0.0,32,16,0.0,0.0,32,16,0.0,0.0,32,16,0.0,0.0,32,16,1.0,32.0,32,16,,,0,0,,,0,0,,,0,0,0.0,0.0,32,16,0.0,0.0,32,16,0.0,0.0,32,16,0.0,0.0,32,16,1.0,32.0,32,16,0.0,0.0,32,16
SLAKE_STAGE2_BANK16,B,16,W1,RC,evaluation,source_style_confirmation,EDIT_TARGET,320,False,macro,32,16,16,UNKNOWN,1.0,32.0,32,16,,,0,0,1.0,32.0,32,16,0.59375,19.0,32,16,,,0,0,,,0,0,1.0,13.0,13,7,1.0,13.0,13,7,1.0,32.0,32,16,1.0,32.0,32,16,,,0,0,,,0,0,0.0,0.0,32,16,,,0,0,1.0,32.0,32,16,0.0,0.0,32,16,0.0,0.0,32,16,0.0,0.0,32,16,0.0,0.0,32,16,0.0,0.0,32,16,0.0,0.0,32,16,1.0,32.0,32,16,,,0,0,,,0,0,,,0,0,0.0,0.0,32,16,0.0,0.0,32,16,0.0,0.0,32,16,0.0,0.0,32,16,1.0,32.0,32,16,0.0,0.0,32,16
SLAKE_STAGE2_BANK16,B,16,W1,RC,evaluation,source_style_confirmation,EDIT_TARGET,320,False,micro,32,16,16,UNKNOWN,1.0,32.0,32,16,,,0,0,1.0,32.0,32,16,0.59375,19.0,32,16,,,0,0,,,0,0,1.0,13.0,13,7,1.0,13.0,13,7,1.0,32.0,32,16,1.0,32.0,32,16,,,0,0,,,0,0,0.0,0.0,32,16,,,0,0,1.0,32.0,32,16,0.0,0.0,32,16,0.0,0.0,32,16,0.0,0.0,32,16,0.0,0.0,32,16,0.0,0.0,32,16,0.0,0.0,32,16,1.0,32.0,32,16,,,0,0,,,0,0,,,0,0,0.0,0.0,32,16,0.0,0.0,32,16,0.0,0.0,32,16,0.0,0.0,32,16,1.0,32.0,32,16,0.0,0.0,32,16
SLAKE_STAGE2_BANK16,B,16,W1,RC,native,T0,EDIT_TARGET,320,False,macro,16,16,16,UNKNOWN,1.0,16.0,16,16,,,0,0,1.0,16.0,16,16,0.0,0.0,16,16,,,0,0,,,0,0,1.0,16.0,16,16,1.0,16.0,16,16,1.0,16.0,16,16,1.0,16.0,16,16,,,0,0,,,0,0,0.0,0.0,16,16,,,0,0,1.0,16.0,16,16,0.0,0.0,16,16,0.0,0.0,16,16,0.0,0.0,16,16,0.0,0.0,16,16,0.0,0.0,16,16,0.0,0.0,16,16,1.0,16.0,16,16,,,0,0,,,0,0,,,0,0,0.0,0.0,16,16,0.0,0.0,16,16,0.0,0.0,16,16,0.0,0.0,16,16,1.0,16.0,16,16,0.0,0.0,16,16
SLAKE_STAGE2_BANK16,B,16,W1,RC,native,T0,EDIT_TARGET,320,False,micro,16,16,16,UNKNOWN,1.0,16.0,16,16,,,0,0,1.0,16.0,16,16,0.0,0.0,16,16,,,0,0,,,0,0,1.0,16.0,16,16,1.0,16.0,16,16,1.0,16.0,16,16,1.0,16.0,16,16,,,0,0,,,0,0,0.0,0.0,16,16,,,0,0,1.0,16.0,16,16,0.0,0.0,16,16,0.0,0.0,16,16,0.0,0.0,16,16,0.0,0.0,16,16,0.0,0.0,16,16,0.0,0.0,16,16,1.0,16.0,16,16,,,0,0,,,0,0,,,0,0,0.0,0.0,16,16,0.0,0.0,16,16,0.0,0.0,16,16,0.0,0.0,16,16,1.0,16.0,16,16,0.0,0.0,16,16
