mask,stratum,arm,mode,prefix,task,edits,probes,unique_queries,known_correct,missing_occurrences,macro_bounds,micro_bounds
original,all,CP_NO_H,sequential,1,T0,1,1,1,1,0,"[1.0, 1.0]","[1.0, 1.0]"
original,all,CP_H1,sequential,1,T0,1,1,1,1,0,"[1.0, 1.0]","[1.0, 1.0]"
original,all,TK_NO_H,sequential,1,T0,1,1,1,1,0,"[1.0, 1.0]","[1.0, 1.0]"
original,all,TK_H1,sequential,1,T0,1,1,1,1,0,"[1.0, 1.0]","[1.0, 1.0]"
original,all,FREE_NO_H,sequential,1,T0,1,1,1,1,0,"[1.0, 1.0]","[1.0, 1.0]"
original,all,FREE_H1,sequential,1,T0,1,1,1,1,0,"[1.0, 1.0]","[1.0, 1.0]"
new_Base_sensitivity,all,CP_NO_H,sequential,1,T0,1,1,1,1,0,"[1.0, 1.0]","[1.0, 1.0]"
new_Base_sensitivity,all,CP_H1,sequential,1,T0,1,1,1,1,0,"[1.0, 1.0]","[1.0, 1.0]"
new_Base_sensitivity,all,TK_NO_H,sequential,1,T0,1,1,1,1,0,"[1.0, 1.0]","[1.0, 1.0]"
new_Base_sensitivity,all,TK_H1,sequential,1,T0,1,1,1,1,0,"[1.0, 1.0]","[1.0, 1.0]"
new_Base_sensitivity,all,FREE_NO_H,sequential,1,T0,1,1,1,1,0,"[1.0, 1.0]","[1.0, 1.0]"
new_Base_sensitivity,all,FREE_H1,sequential,1,T0,1,1,1,1,0,"[1.0, 1.0]","[1.0, 1.0]"
original,owner_H8,CP_NO_H,sequential,1,T0,0,0,0,0,0,,
original,owner_H8,CP_H1,sequential,1,T0,0,0,0,0,0,,
original,owner_H8,TK_NO_H,sequential,1,T0,0,0,0,0,0,,
original,owner_H8,TK_H1,sequential,1,T0,0,0,0,0,0,,
original,owner_H8,FREE_NO_H,sequential,1,T0,0,0,0,0,0,,
original,owner_H8,FREE_H1,sequential,1,T0,0,0,0,0,0,,
new_Base_sensitivity,owner_H8,CP_NO_H,sequential,1,T0,0,0,0,0,0,,
new_Base_sensitivity,owner_H8,CP_H1,sequential,1,T0,0,0,0,0,0,,
new_Base_sensitivity,owner_H8,TK_NO_H,sequential,1,T0,0,0,0,0,0,,
new_Base_sensitivity,owner_H8,TK_H1,sequential,1,T0,0,0,0,0,0,,
new_Base_sensitivity,owner_H8,FREE_NO_H,sequential,1,T0,0,0,0,0,0,,
new_Base_sensitivity,owner_H8,FREE_H1,sequential,1,T0,0,0,0,0,0,,
original,owner_nonH8,CP_NO_H,sequential,1,T0,1,1,1,1,0,"[1.0, 1.0]","[1.0, 1.0]"
original,owner_nonH8,CP_H1,sequential,1,T0,1,1,1,1,0,"[1.0, 1.0]","[1.0, 1.0]"
original,owner_nonH8,TK_NO_H,sequential,1,T0,1,1,1,1,0,"[1.0, 1.0]","[1.0, 1.0]"
original,owner_nonH8,TK_H1,sequential,1,T0,1,1,1,1,0,"[1.0, 1.0]","[1.0, 1.0]"
original,owner_nonH8,FREE_NO_H,sequential,1,T0,1,1,1,1,0,"[1.0, 1.0]","[1.0, 1.0]"
original,owner_nonH8,FREE_H1,sequential,1,T0,1,1,1,1,0,"[1.0, 1.0]","[1.0, 1.0]"
new_Base_sensitivity,owner_nonH8,CP_NO_H,sequential,1,T0,1,1,1,1,0,"[1.0, 1.0]","[1.0, 1.0]"
new_Base_sensitivity,owner_nonH8,CP_H1,sequential,1,T0,1,1,1,1,0,"[1.0, 1.0]","[1.0, 1.0]"
new_Base_sensitivity,owner_nonH8,TK_NO_H,sequential,1,T0,1,1,1,1,0,"[1.0, 1.0]","[1.0, 1.0]"
new_Base_sensitivity,owner_nonH8,TK_H1,sequential,1,T0,1,1,1,1,0,"[1.0, 1.0]","[1.0, 1.0]"
new_Base_sensitivity,owner_nonH8,FREE_NO_H,sequential,1,T0,1,1,1,1,0,"[1.0, 1.0]","[1.0, 1.0]"
new_Base_sensitivity,owner_nonH8,FREE_H1,sequential,1,T0,1,1,1,1,0,"[1.0, 1.0]","[1.0, 1.0]"
original,selected_H8,CP_NO_H,sequential,1,T0,0,0,0,0,0,,
original,selected_H8,CP_H1,sequential,1,T0,0,0,0,0,0,,
original,selected_H8,TK_NO_H,sequential,1,T0,0,0,0,0,0,,
original,selected_H8,TK_H1,sequential,1,T0,0,0,0,0,0,,
original,selected_H8,FREE_NO_H,sequential,1,T0,0,0,0,0,0,,
original,selected_H8,FREE_H1,sequential,1,T0,0,0,0,0,0,,
new_Base_sensitivity,selected_H8,CP_NO_H,sequential,1,T0,0,0,0,0,0,,
new_Base_sensitivity,selected_H8,CP_H1,sequential,1,T0,0,0,0,0,0,,
new_Base_sensitivity,selected_H8,TK_NO_H,sequential,1,T0,0,0,0,0,0,,
new_Base_sensitivity,selected_H8,TK_H1,sequential,1,T0,0,0,0,0,0,,
new_Base_sensitivity,selected_H8,FREE_NO_H,sequential,1,T0,0,0,0,0,0,,
new_Base_sensitivity,selected_H8,FREE_H1,sequential,1,T0,0,0,0,0,0,,
original,selected_nonH8,CP_NO_H,sequential,1,T0,1,1,1,1,0,"[1.0, 1.0]","[1.0, 1.0]"
original,selected_nonH8,CP_H1,sequential,1,T0,1,1,1,1,0,"[1.0, 1.0]","[1.0, 1.0]"
original,selected_nonH8,TK_NO_H,sequential,1,T0,1,1,1,1,0,"[1.0, 1.0]","[1.0, 1.0]"
original,selected_nonH8,TK_H1,sequential,1,T0,1,1,1,1,0,"[1.0, 1.0]","[1.0, 1.0]"
original,selected_nonH8,FREE_NO_H,sequential,1,T0,1,1,1,1,0,"[1.0, 1.0]","[1.0, 1.0]"
original,selected_nonH8,FREE_H1,sequential,1,T0,1,1,1,1,0,"[1.0, 1.0]","[1.0, 1.0]"
new_Base_sensitivity,selected_nonH8,CP_NO_H,sequential,1,T0,1,1,1,1,0,"[1.0, 1.0]","[1.0, 1.0]"
new_Base_sensitivity,selected_nonH8,CP_H1,sequential,1,T0,1,1,1,1,0,"[1.0, 1.0]","[1.0, 1.0]"
new_Base_sensitivity,selected_nonH8,TK_NO_H,sequential,1,T0,1,1,1,1,0,"[1.0, 1.0]","[1.0, 1.0]"
new_Base_sensitivity,selected_nonH8,TK_H1,sequential,1,T0,1,1,1,1,0,"[1.0, 1.0]","[1.0, 1.0]"
new_Base_sensitivity,selected_nonH8,FREE_NO_H,sequential,1,T0,1,1,1,1,0,"[1.0, 1.0]","[1.0, 1.0]"
new_Base_sensitivity,selected_nonH8,FREE_H1,sequential,1,T0,1,1,1,1,0,"[1.0, 1.0]","[1.0, 1.0]"
original,selected_Base,CP_NO_H,sequential,1,T0,0,0,0,0,0,,
original,selected_Base,CP_H1,sequential,1,T0,0,0,0,0,0,,
original,selected_Base,TK_NO_H,sequential,1,T0,0,0,0,0,0,,
original,selected_Base,TK_H1,sequential,1,T0,0,0,0,0,0,,
original,selected_Base,FREE_NO_H,sequential,1,T0,0,0,0,0,0,,
original,selected_Base,FREE_H1,sequential,1,T0,0,0,0,0,0,,
new_Base_sensitivity,selected_Base,CP_NO_H,sequential,1,T0,0,0,0,0,0,,
new_Base_sensitivity,selected_Base,CP_H1,sequential,1,T0,0,0,0,0,0,,
new_Base_sensitivity,selected_Base,TK_NO_H,sequential,1,T0,0,0,0,0,0,,
new_Base_sensitivity,selected_Base,TK_H1,sequential,1,T0,0,0,0,0,0,,
new_Base_sensitivity,selected_Base,FREE_NO_H,sequential,1,T0,0,0,0,0,0,,
new_Base_sensitivity,selected_Base,FREE_H1,sequential,1,T0,0,0,0,0,0,,
original,all,CP_NO_H,sequential,1,T1G,1,4,4,4,0,"[1.0, 1.0]","[1.0, 1.0]"
original,all,CP_H1,sequential,1,T1G,1,4,4,4,0,"[1.0, 1.0]","[1.0, 1.0]"
original,all,TK_NO_H,sequential,1,T1G,1,4,4,4,0,"[1.0, 1.0]","[1.0, 1.0]"
original,all,TK_H1,sequential,1,T1G,1,4,4,4,0,"[1.0, 1.0]","[1.0, 1.0]"
original,all,FREE_NO_H,sequential,1,T1G,1,4,4,4,0,"[1.0, 1.0]","[1.0, 1.0]"
original,all,FREE_H1,sequential,1,T1G,1,4,4,4,0,"[1.0, 1.0]","[1.0, 1.0]"
new_Base_sensitivity,all,CP_NO_H,sequential,1,T1G,1,4,4,4,0,"[1.0, 1.0]","[1.0, 1.0]"
new_Base_sensitivity,all,CP_H1,sequential,1,T1G,1,4,4,4,0,"[1.0, 1.0]","[1.0, 1.0]"
new_Base_sensitivity,all,TK_NO_H,sequential,1,T1G,1,4,4,4,0,"[1.0, 1.0]","[1.0, 1.0]"
new_Base_sensitivity,all,TK_H1,sequential,1,T1G,1,4,4,4,0,"[1.0, 1.0]","[1.0, 1.0]"
new_Base_sensitivity,all,FREE_NO_H,sequential,1,T1G,1,4,4,4,0,"[1.0, 1.0]","[1.0, 1.0]"
new_Base_sensitivity,all,FREE_H1,sequential,1,T1G,1,4,4,4,0,"[1.0, 1.0]","[1.0, 1.0]"
original,owner_H8,CP_NO_H,sequential,1,T1G,0,0,0,0,0,,
original,owner_H8,CP_H1,sequential,1,T1G,0,0,0,0,0,,
original,owner_H8,TK_NO_H,sequential,1,T1G,0,0,0,0,0,,
original,owner_H8,TK_H1,sequential,1,T1G,0,0,0,0,0,,
original,owner_H8,FREE_NO_H,sequential,1,T1G,0,0,0,0,0,,
original,owner_H8,FREE_H1,sequential,1,T1G,0,0,0,0,0,,
new_Base_sensitivity,owner_H8,CP_NO_H,sequential,1,T1G,0,0,0,0,0,,
new_Base_sensitivity,owner_H8,CP_H1,sequential,1,T1G,0,0,0,0,0,,
new_Base_sensitivity,owner_H8,TK_NO_H,sequential,1,T1G,0,0,0,0,0,,
new_Base_sensitivity,owner_H8,TK_H1,sequential,1,T1G,0,0,0,0,0,,
new_Base_sensitivity,owner_H8,FREE_NO_H,sequential,1,T1G,0,0,0,0,0,,
new_Base_sensitivity,owner_H8,FREE_H1,sequential,1,T1G,0,0,0,0,0,,
original,owner_nonH8,CP_NO_H,sequential,1,T1G,1,4,4,4,0,"[1.0, 1.0]","[1.0, 1.0]"
original,owner_nonH8,CP_H1,sequential,1,T1G,1,4,4,4,0,"[1.0, 1.0]","[1.0, 1.0]"
original,owner_nonH8,TK_NO_H,sequential,1,T1G,1,4,4,4,0,"[1.0, 1.0]","[1.0, 1.0]"
original,owner_nonH8,TK_H1,sequential,1,T1G,1,4,4,4,0,"[1.0, 1.0]","[1.0, 1.0]"
original,owner_nonH8,FREE_NO_H,sequential,1,T1G,1,4,4,4,0,"[1.0, 1.0]","[1.0, 1.0]"
original,owner_nonH8,FREE_H1,sequential,1,T1G,1,4,4,4,0,"[1.0, 1.0]","[1.0, 1.0]"
new_Base_sensitivity,owner_nonH8,CP_NO_H,sequential,1,T1G,1,4,4,4,0,"[1.0, 1.0]","[1.0, 1.0]"
new_Base_sensitivity,owner_nonH8,CP_H1,sequential,1,T1G,1,4,4,4,0,"[1.0, 1.0]","[1.0, 1.0]"
new_Base_sensitivity,owner_nonH8,TK_NO_H,sequential,1,T1G,1,4,4,4,0,"[1.0, 1.0]","[1.0, 1.0]"
new_Base_sensitivity,owner_nonH8,TK_H1,sequential,1,T1G,1,4,4,4,0,"[1.0, 1.0]","[1.0, 1.0]"
new_Base_sensitivity,owner_nonH8,FREE_NO_H,sequential,1,T1G,1,4,4,4,0,"[1.0, 1.0]","[1.0, 1.0]"
new_Base_sensitivity,owner_nonH8,FREE_H1,sequential,1,T1G,1,4,4,4,0,"[1.0, 1.0]","[1.0, 1.0]"
original,selected_H8,CP_NO_H,sequential,1,T1G,0,0,0,0,0,,
original,selected_H8,CP_H1,sequential,1,T1G,0,0,0,0,0,,
original,selected_H8,TK_NO_H,sequential,1,T1G,0,0,0,0,0,,
original,selected_H8,TK_H1,sequential,1,T1G,0,0,0,0,0,,
original,selected_H8,FREE_NO_H,sequential,1,T1G,0,0,0,0,0,,
original,selected_H8,FREE_H1,sequential,1,T1G,0,0,0,0,0,,
new_Base_sensitivity,selected_H8,CP_NO_H,sequential,1,T1G,0,0,0,0,0,,
new_Base_sensitivity,selected_H8,CP_H1,sequential,1,T1G,0,0,0,0,0,,
new_Base_sensitivity,selected_H8,TK_NO_H,sequential,1,T1G,0,0,0,0,0,,
new_Base_sensitivity,selected_H8,TK_H1,sequential,1,T1G,0,0,0,0,0,,
new_Base_sensitivity,selected_H8,FREE_NO_H,sequential,1,T1G,0,0,0,0,0,,
new_Base_sensitivity,selected_H8,FREE_H1,sequential,1,T1G,0,0,0,0,0,,
original,selected_nonH8,CP_NO_H,sequential,1,T1G,1,4,4,4,0,"[1.0, 1.0]","[1.0, 1.0]"
original,selected_nonH8,CP_H1,sequential,1,T1G,1,4,4,4,0,"[1.0, 1.0]","[1.0, 1.0]"
original,selected_nonH8,TK_NO_H,sequential,1,T1G,1,4,4,4,0,"[1.0, 1.0]","[1.0, 1.0]"
original,selected_nonH8,TK_H1,sequential,1,T1G,1,4,4,4,0,"[1.0, 1.0]","[1.0, 1.0]"
original,selected_nonH8,FREE_NO_H,sequential,1,T1G,1,4,4,4,0,"[1.0, 1.0]","[1.0, 1.0]"
original,selected_nonH8,FREE_H1,sequential,1,T1G,1,4,4,4,0,"[1.0, 1.0]","[1.0, 1.0]"
new_Base_sensitivity,selected_nonH8,CP_NO_H,sequential,1,T1G,1,4,4,4,0,"[1.0, 1.0]","[1.0, 1.0]"
new_Base_sensitivity,selected_nonH8,CP_H1,sequential,1,T1G,1,4,4,4,0,"[1.0, 1.0]","[1.0, 1.0]"
new_Base_sensitivity,selected_nonH8,TK_NO_H,sequential,1,T1G,1,4,4,4,0,"[1.0, 1.0]","[1.0, 1.0]"
new_Base_sensitivity,selected_nonH8,TK_H1,sequential,1,T1G,1,4,4,4,0,"[1.0, 1.0]","[1.0, 1.0]"
new_Base_sensitivity,selected_nonH8,FREE_NO_H,sequential,1,T1G,1,4,4,4,0,"[1.0, 1.0]","[1.0, 1.0]"
new_Base_sensitivity,selected_nonH8,FREE_H1,sequential,1,T1G,1,4,4,4,0,"[1.0, 1.0]","[1.0, 1.0]"
original,selected_Base,CP_NO_H,sequential,1,T1G,0,0,0,0,0,,
original,selected_Base,CP_H1,sequential,1,T1G,0,0,0,0,0,,
original,selected_Base,TK_NO_H,sequential,1,T1G,0,0,0,0,0,,
original,selected_Base,TK_H1,sequential,1,T1G,0,0,0,0,0,,
original,selected_Base,FREE_NO_H,sequential,1,T1G,0,0,0,0,0,,
original,selected_Base,FREE_H1,sequential,1,T1G,0,0,0,0,0,,
new_Base_sensitivity,selected_Base,CP_NO_H,sequential,1,T1G,0,0,0,0,0,,
new_Base_sensitivity,selected_Base,CP_H1,sequential,1,T1G,0,0,0,0,0,,
new_Base_sensitivity,selected_Base,TK_NO_H,sequential,1,T1G,0,0,0,0,0,,
new_Base_sensitivity,selected_Base,TK_H1,sequential,1,T1G,0,0,0,0,0,,
new_Base_sensitivity,selected_Base,FREE_NO_H,sequential,1,T1G,0,0,0,0,0,,
new_Base_sensitivity,selected_Base,FREE_H1,sequential,1,T1G,0,0,0,0,0,,
original,all,CP_NO_H,sequential,1,T1L,0,0,0,0,0,,
original,all,CP_H1,sequential,1,T1L,0,0,0,0,0,,
original,all,TK_NO_H,sequential,1,T1L,0,0,0,0,0,,
original,all,TK_H1,sequential,1,T1L,0,0,0,0,0,,
original,all,FREE_NO_H,sequential,1,T1L,0,0,0,0,0,,
original,all,FREE_H1,sequential,1,T1L,0,0,0,0,0,,
new_Base_sensitivity,all,CP_NO_H,sequential,1,T1L,0,0,0,0,0,,
new_Base_sensitivity,all,CP_H1,sequential,1,T1L,0,0,0,0,0,,
new_Base_sensitivity,all,TK_NO_H,sequential,1,T1L,0,0,0,0,0,,
new_Base_sensitivity,all,TK_H1,sequential,1,T1L,0,0,0,0,0,,
new_Base_sensitivity,all,FREE_NO_H,sequential,1,T1L,0,0,0,0,0,,
new_Base_sensitivity,all,FREE_H1,sequential,1,T1L,0,0,0,0,0,,
original,owner_H8,CP_NO_H,sequential,1,T1L,0,0,0,0,0,,
original,owner_H8,CP_H1,sequential,1,T1L,0,0,0,0,0,,
original,owner_H8,TK_NO_H,sequential,1,T1L,0,0,0,0,0,,
original,owner_H8,TK_H1,sequential,1,T1L,0,0,0,0,0,,
original,owner_H8,FREE_NO_H,sequential,1,T1L,0,0,0,0,0,,
original,owner_H8,FREE_H1,sequential,1,T1L,0,0,0,0,0,,
new_Base_sensitivity,owner_H8,CP_NO_H,sequential,1,T1L,0,0,0,0,0,,
new_Base_sensitivity,owner_H8,CP_H1,sequential,1,T1L,0,0,0,0,0,,
new_Base_sensitivity,owner_H8,TK_NO_H,sequential,1,T1L,0,0,0,0,0,,
new_Base_sensitivity,owner_H8,TK_H1,sequential,1,T1L,0,0,0,0,0,,
new_Base_sensitivity,owner_H8,FREE_NO_H,sequential,1,T1L,0,0,0,0,0,,
new_Base_sensitivity,owner_H8,FREE_H1,sequential,1,T1L,0,0,0,0,0,,
original,owner_nonH8,CP_NO_H,sequential,1,T1L,0,0,0,0,0,,
original,owner_nonH8,CP_H1,sequential,1,T1L,0,0,0,0,0,,
original,owner_nonH8,TK_NO_H,sequential,1,T1L,0,0,0,0,0,,
original,owner_nonH8,TK_H1,sequential,1,T1L,0,0,0,0,0,,
original,owner_nonH8,FREE_NO_H,sequential,1,T1L,0,0,0,0,0,,
original,owner_nonH8,FREE_H1,sequential,1,T1L,0,0,0,0,0,,
new_Base_sensitivity,owner_nonH8,CP_NO_H,sequential,1,T1L,0,0,0,0,0,,
new_Base_sensitivity,owner_nonH8,CP_H1,sequential,1,T1L,0,0,0,0,0,,
new_Base_sensitivity,owner_nonH8,TK_NO_H,sequential,1,T1L,0,0,0,0,0,,
new_Base_sensitivity,owner_nonH8,TK_H1,sequential,1,T1L,0,0,0,0,0,,
new_Base_sensitivity,owner_nonH8,FREE_NO_H,sequential,1,T1L,0,0,0,0,0,,
new_Base_sensitivity,owner_nonH8,FREE_H1,sequential,1,T1L,0,0,0,0,0,,
original,selected_H8,CP_NO_H,sequential,1,T1L,0,0,0,0,0,,
original,selected_H8,CP_H1,sequential,1,T1L,0,0,0,0,0,,
original,selected_H8,TK_NO_H,sequential,1,T1L,0,0,0,0,0,,
original,selected_H8,TK_H1,sequential,1,T1L,0,0,0,0,0,,
original,selected_H8,FREE_NO_H,sequential,1,T1L,0,0,0,0,0,,
original,selected_H8,FREE_H1,sequential,1,T1L,0,0,0,0,0,,
new_Base_sensitivity,selected_H8,CP_NO_H,sequential,1,T1L,0,0,0,0,0,,
new_Base_sensitivity,selected_H8,CP_H1,sequential,1,T1L,0,0,0,0,0,,
new_Base_sensitivity,selected_H8,TK_NO_H,sequential,1,T1L,0,0,0,0,0,,
new_Base_sensitivity,selected_H8,TK_H1,sequential,1,T1L,0,0,0,0,0,,
new_Base_sensitivity,selected_H8,FREE_NO_H,sequential,1,T1L,0,0,0,0,0,,
new_Base_sensitivity,selected_H8,FREE_H1,sequential,1,T1L,0,0,0,0,0,,
original,selected_nonH8,CP_NO_H,sequential,1,T1L,0,0,0,0,0,,
original,selected_nonH8,CP_H1,sequential,1,T1L,0,0,0,0,0,,
original,selected_nonH8,TK_NO_H,sequential,1,T1L,0,0,0,0,0,,
original,selected_nonH8,TK_H1,sequential,1,T1L,0,0,0,0,0,,
original,selected_nonH8,FREE_NO_H,sequential,1,T1L,0,0,0,0,0,,
original,selected_nonH8,FREE_H1,sequential,1,T1L,0,0,0,0,0,,
new_Base_sensitivity,selected_nonH8,CP_NO_H,sequential,1,T1L,0,0,0,0,0,,
new_Base_sensitivity,selected_nonH8,CP_H1,sequential,1,T1L,0,0,0,0,0,,
new_Base_sensitivity,selected_nonH8,TK_NO_H,sequential,1,T1L,0,0,0,0,0,,
new_Base_sensitivity,selected_nonH8,TK_H1,sequential,1,T1L,0,0,0,0,0,,
new_Base_sensitivity,selected_nonH8,FREE_NO_H,sequential,1,T1L,0,0,0,0,0,,
new_Base_sensitivity,selected_nonH8,FREE_H1,sequential,1,T1L,0,0,0,0,0,,
original,selected_Base,CP_NO_H,sequential,1,T1L,0,0,0,0,0,,
original,selected_Base,CP_H1,sequential,1,T1L,0,0,0,0,0,,
original,selected_Base,TK_NO_H,sequential,1,T1L,0,0,0,0,0,,
original,selected_Base,TK_H1,sequential,1,T1L,0,0,0,0,0,,
original,selected_Base,FREE_NO_H,sequential,1,T1L,0,0,0,0,0,,
original,selected_Base,FREE_H1,sequential,1,T1L,0,0,0,0,0,,
new_Base_sensitivity,selected_Base,CP_NO_H,sequential,1,T1L,0,0,0,0,0,,
new_Base_sensitivity,selected_Base,CP_H1,sequential,1,T1L,0,0,0,0,0,,
new_Base_sensitivity,selected_Base,TK_NO_H,sequential,1,T1L,0,0,0,0,0,,
new_Base_sensitivity,selected_Base,TK_H1,sequential,1,T1L,0,0,0,0,0,,
new_Base_sensitivity,selected_Base,FREE_NO_H,sequential,1,T1L,0,0,0,0,0,,
new_Base_sensitivity,selected_Base,FREE_H1,sequential,1,T1L,0,0,0,0,0,,
original,all,CP_NO_H,sequential,1,T2G,1,4,4,4,0,"[1.0, 1.0]","[1.0, 1.0]"
original,all,CP_H1,sequential,1,T2G,1,4,4,4,0,"[1.0, 1.0]","[1.0, 1.0]"
original,all,TK_NO_H,sequential,1,T2G,1,4,4,4,0,"[1.0, 1.0]","[1.0, 1.0]"
original,all,TK_H1,sequential,1,T2G,1,4,4,4,0,"[1.0, 1.0]","[1.0, 1.0]"
original,all,FREE_NO_H,sequential,1,T2G,1,4,4,4,0,"[1.0, 1.0]","[1.0, 1.0]"
original,all,FREE_H1,sequential,1,T2G,1,4,4,4,0,"[1.0, 1.0]","[1.0, 1.0]"
new_Base_sensitivity,all,CP_NO_H,sequential,1,T2G,1,4,4,4,0,"[1.0, 1.0]","[1.0, 1.0]"
new_Base_sensitivity,all,CP_H1,sequential,1,T2G,1,4,4,4,0,"[1.0, 1.0]","[1.0, 1.0]"
new_Base_sensitivity,all,TK_NO_H,sequential,1,T2G,1,4,4,4,0,"[1.0, 1.0]","[1.0, 1.0]"
new_Base_sensitivity,all,TK_H1,sequential,1,T2G,1,4,4,4,0,"[1.0, 1.0]","[1.0, 1.0]"
new_Base_sensitivity,all,FREE_NO_H,sequential,1,T2G,1,4,4,4,0,"[1.0, 1.0]","[1.0, 1.0]"
new_Base_sensitivity,all,FREE_H1,sequential,1,T2G,1,4,4,4,0,"[1.0, 1.0]","[1.0, 1.0]"
original,owner_H8,CP_NO_H,sequential,1,T2G,0,0,0,0,0,,
original,owner_H8,CP_H1,sequential,1,T2G,0,0,0,0,0,,
original,owner_H8,TK_NO_H,sequential,1,T2G,0,0,0,0,0,,
original,owner_H8,TK_H1,sequential,1,T2G,0,0,0,0,0,,
original,owner_H8,FREE_NO_H,sequential,1,T2G,0,0,0,0,0,,
original,owner_H8,FREE_H1,sequential,1,T2G,0,0,0,0,0,,
new_Base_sensitivity,owner_H8,CP_NO_H,sequential,1,T2G,0,0,0,0,0,,
new_Base_sensitivity,owner_H8,CP_H1,sequential,1,T2G,0,0,0,0,0,,
new_Base_sensitivity,owner_H8,TK_NO_H,sequential,1,T2G,0,0,0,0,0,,
new_Base_sensitivity,owner_H8,TK_H1,sequential,1,T2G,0,0,0,0,0,,
new_Base_sensitivity,owner_H8,FREE_NO_H,sequential,1,T2G,0,0,0,0,0,,
new_Base_sensitivity,owner_H8,FREE_H1,sequential,1,T2G,0,0,0,0,0,,
original,owner_nonH8,CP_NO_H,sequential,1,T2G,1,4,4,4,0,"[1.0, 1.0]","[1.0, 1.0]"
original,owner_nonH8,CP_H1,sequential,1,T2G,1,4,4,4,0,"[1.0, 1.0]","[1.0, 1.0]"
original,owner_nonH8,TK_NO_H,sequential,1,T2G,1,4,4,4,0,"[1.0, 1.0]","[1.0, 1.0]"
original,owner_nonH8,TK_H1,sequential,1,T2G,1,4,4,4,0,"[1.0, 1.0]","[1.0, 1.0]"
original,owner_nonH8,FREE_NO_H,sequential,1,T2G,1,4,4,4,0,"[1.0, 1.0]","[1.0, 1.0]"
original,owner_nonH8,FREE_H1,sequential,1,T2G,1,4,4,4,0,"[1.0, 1.0]","[1.0, 1.0]"
new_Base_sensitivity,owner_nonH8,CP_NO_H,sequential,1,T2G,1,4,4,4,0,"[1.0, 1.0]","[1.0, 1.0]"
new_Base_sensitivity,owner_nonH8,CP_H1,sequential,1,T2G,1,4,4,4,0,"[1.0, 1.0]","[1.0, 1.0]"
new_Base_sensitivity,owner_nonH8,TK_NO_H,sequential,1,T2G,1,4,4,4,0,"[1.0, 1.0]","[1.0, 1.0]"
new_Base_sensitivity,owner_nonH8,TK_H1,sequential,1,T2G,1,4,4,4,0,"[1.0, 1.0]","[1.0, 1.0]"
new_Base_sensitivity,owner_nonH8,FREE_NO_H,sequential,1,T2G,1,4,4,4,0,"[1.0, 1.0]","[1.0, 1.0]"
new_Base_sensitivity,owner_nonH8,FREE_H1,sequential,1,T2G,1,4,4,4,0,"[1.0, 1.0]","[1.0, 1.0]"
original,selected_H8,CP_NO_H,sequential,1,T2G,0,0,0,0,0,,
original,selected_H8,CP_H1,sequential,1,T2G,0,0,0,0,0,,
original,selected_H8,TK_NO_H,sequential,1,T2G,0,0,0,0,0,,
original,selected_H8,TK_H1,sequential,1,T2G,0,0,0,0,0,,
original,selected_H8,FREE_NO_H,sequential,1,T2G,0,0,0,0,0,,
original,selected_H8,FREE_H1,sequential,1,T2G,0,0,0,0,0,,
new_Base_sensitivity,selected_H8,CP_NO_H,sequential,1,T2G,0,0,0,0,0,,
new_Base_sensitivity,selected_H8,CP_H1,sequential,1,T2G,0,0,0,0,0,,
new_Base_sensitivity,selected_H8,TK_NO_H,sequential,1,T2G,0,0,0,0,0,,
new_Base_sensitivity,selected_H8,TK_H1,sequential,1,T2G,0,0,0,0,0,,
new_Base_sensitivity,selected_H8,FREE_NO_H,sequential,1,T2G,0,0,0,0,0,,
new_Base_sensitivity,selected_H8,FREE_H1,sequential,1,T2G,0,0,0,0,0,,
original,selected_nonH8,CP_NO_H,sequential,1,T2G,1,4,4,4,0,"[1.0, 1.0]","[1.0, 1.0]"
original,selected_nonH8,CP_H1,sequential,1,T2G,1,4,4,4,0,"[1.0, 1.0]","[1.0, 1.0]"
original,selected_nonH8,TK_NO_H,sequential,1,T2G,1,4,4,4,0,"[1.0, 1.0]","[1.0, 1.0]"
original,selected_nonH8,TK_H1,sequential,1,T2G,1,4,4,4,0,"[1.0, 1.0]","[1.0, 1.0]"
original,selected_nonH8,FREE_NO_H,sequential,1,T2G,1,4,4,4,0,"[1.0, 1.0]","[1.0, 1.0]"
original,selected_nonH8,FREE_H1,sequential,1,T2G,1,4,4,4,0,"[1.0, 1.0]","[1.0, 1.0]"
new_Base_sensitivity,selected_nonH8,CP_NO_H,sequential,1,T2G,1,4,4,4,0,"[1.0, 1.0]","[1.0, 1.0]"
new_Base_sensitivity,selected_nonH8,CP_H1,sequential,1,T2G,1,4,4,4,0,"[1.0, 1.0]","[1.0, 1.0]"
new_Base_sensitivity,selected_nonH8,TK_NO_H,sequential,1,T2G,1,4,4,4,0,"[1.0, 1.0]","[1.0, 1.0]"
new_Base_sensitivity,selected_nonH8,TK_H1,sequential,1,T2G,1,4,4,4,0,"[1.0, 1.0]","[1.0, 1.0]"
new_Base_sensitivity,selected_nonH8,FREE_NO_H,sequential,1,T2G,1,4,4,4,0,"[1.0, 1.0]","[1.0, 1.0]"
new_Base_sensitivity,selected_nonH8,FREE_H1,sequential,1,T2G,1,4,4,4,0,"[1.0, 1.0]","[1.0, 1.0]"
original,selected_Base,CP_NO_H,sequential,1,T2G,0,0,0,0,0,,
original,selected_Base,CP_H1,sequential,1,T2G,0,0,0,0,0,,
original,selected_Base,TK_NO_H,sequential,1,T2G,0,0,0,0,0,,
original,selected_Base,TK_H1,sequential,1,T2G,0,0,0,0,0,,
original,selected_Base,FREE_NO_H,sequential,1,T2G,0,0,0,0,0,,
original,selected_Base,FREE_H1,sequential,1,T2G,0,0,0,0,0,,
new_Base_sensitivity,selected_Base,CP_NO_H,sequential,1,T2G,0,0,0,0,0,,
new_Base_sensitivity,selected_Base,CP_H1,sequential,1,T2G,0,0,0,0,0,,
new_Base_sensitivity,selected_Base,TK_NO_H,sequential,1,T2G,0,0,0,0,0,,
new_Base_sensitivity,selected_Base,TK_H1,sequential,1,T2G,0,0,0,0,0,,
new_Base_sensitivity,selected_Base,FREE_NO_H,sequential,1,T2G,0,0,0,0,0,,
new_Base_sensitivity,selected_Base,FREE_H1,sequential,1,T2G,0,0,0,0,0,,
original,all,CP_NO_H,sequential,1,T2L,0,0,0,0,0,,
original,all,CP_H1,sequential,1,T2L,0,0,0,0,0,,
original,all,TK_NO_H,sequential,1,T2L,0,0,0,0,0,,
original,all,TK_H1,sequential,1,T2L,0,0,0,0,0,,
original,all,FREE_NO_H,sequential,1,T2L,0,0,0,0,0,,
original,all,FREE_H1,sequential,1,T2L,0,0,0,0,0,,
new_Base_sensitivity,all,CP_NO_H,sequential,1,T2L,0,0,0,0,0,,
new_Base_sensitivity,all,CP_H1,sequential,1,T2L,0,0,0,0,0,,
new_Base_sensitivity,all,TK_NO_H,sequential,1,T2L,0,0,0,0,0,,
new_Base_sensitivity,all,TK_H1,sequential,1,T2L,0,0,0,0,0,,
new_Base_sensitivity,all,FREE_NO_H,sequential,1,T2L,0,0,0,0,0,,
new_Base_sensitivity,all,FREE_H1,sequential,1,T2L,0,0,0,0,0,,
original,owner_H8,CP_NO_H,sequential,1,T2L,0,0,0,0,0,,
original,owner_H8,CP_H1,sequential,1,T2L,0,0,0,0,0,,
original,owner_H8,TK_NO_H,sequential,1,T2L,0,0,0,0,0,,
original,owner_H8,TK_H1,sequential,1,T2L,0,0,0,0,0,,
original,owner_H8,FREE_NO_H,sequential,1,T2L,0,0,0,0,0,,
original,owner_H8,FREE_H1,sequential,1,T2L,0,0,0,0,0,,
new_Base_sensitivity,owner_H8,CP_NO_H,sequential,1,T2L,0,0,0,0,0,,
new_Base_sensitivity,owner_H8,CP_H1,sequential,1,T2L,0,0,0,0,0,,
new_Base_sensitivity,owner_H8,TK_NO_H,sequential,1,T2L,0,0,0,0,0,,
new_Base_sensitivity,owner_H8,TK_H1,sequential,1,T2L,0,0,0,0,0,,
new_Base_sensitivity,owner_H8,FREE_NO_H,sequential,1,T2L,0,0,0,0,0,,
new_Base_sensitivity,owner_H8,FREE_H1,sequential,1,T2L,0,0,0,0,0,,
original,owner_nonH8,CP_NO_H,sequential,1,T2L,0,0,0,0,0,,
original,owner_nonH8,CP_H1,sequential,1,T2L,0,0,0,0,0,,
original,owner_nonH8,TK_NO_H,sequential,1,T2L,0,0,0,0,0,,
original,owner_nonH8,TK_H1,sequential,1,T2L,0,0,0,0,0,,
original,owner_nonH8,FREE_NO_H,sequential,1,T2L,0,0,0,0,0,,
original,owner_nonH8,FREE_H1,sequential,1,T2L,0,0,0,0,0,,
new_Base_sensitivity,owner_nonH8,CP_NO_H,sequential,1,T2L,0,0,0,0,0,,
new_Base_sensitivity,owner_nonH8,CP_H1,sequential,1,T2L,0,0,0,0,0,,
new_Base_sensitivity,owner_nonH8,TK_NO_H,sequential,1,T2L,0,0,0,0,0,,
new_Base_sensitivity,owner_nonH8,TK_H1,sequential,1,T2L,0,0,0,0,0,,
new_Base_sensitivity,owner_nonH8,FREE_NO_H,sequential,1,T2L,0,0,0,0,0,,
new_Base_sensitivity,owner_nonH8,FREE_H1,sequential,1,T2L,0,0,0,0,0,,
original,selected_H8,CP_NO_H,sequential,1,T2L,0,0,0,0,0,,
original,selected_H8,CP_H1,sequential,1,T2L,0,0,0,0,0,,
original,selected_H8,TK_NO_H,sequential,1,T2L,0,0,0,0,0,,
original,selected_H8,TK_H1,sequential,1,T2L,0,0,0,0,0,,
original,selected_H8,FREE_NO_H,sequential,1,T2L,0,0,0,0,0,,
original,selected_H8,FREE_H1,sequential,1,T2L,0,0,0,0,0,,
new_Base_sensitivity,selected_H8,CP_NO_H,sequential,1,T2L,0,0,0,0,0,,
new_Base_sensitivity,selected_H8,CP_H1,sequential,1,T2L,0,0,0,0,0,,
new_Base_sensitivity,selected_H8,TK_NO_H,sequential,1,T2L,0,0,0,0,0,,
new_Base_sensitivity,selected_H8,TK_H1,sequential,1,T2L,0,0,0,0,0,,
new_Base_sensitivity,selected_H8,FREE_NO_H,sequential,1,T2L,0,0,0,0,0,,
new_Base_sensitivity,selected_H8,FREE_H1,sequential,1,T2L,0,0,0,0,0,,
original,selected_nonH8,CP_NO_H,sequential,1,T2L,0,0,0,0,0,,
original,selected_nonH8,CP_H1,sequential,1,T2L,0,0,0,0,0,,
original,selected_nonH8,TK_NO_H,sequential,1,T2L,0,0,0,0,0,,
original,selected_nonH8,TK_H1,sequential,1,T2L,0,0,0,0,0,,
original,selected_nonH8,FREE_NO_H,sequential,1,T2L,0,0,0,0,0,,
original,selected_nonH8,FREE_H1,sequential,1,T2L,0,0,0,0,0,,
new_Base_sensitivity,selected_nonH8,CP_NO_H,sequential,1,T2L,0,0,0,0,0,,
new_Base_sensitivity,selected_nonH8,CP_H1,sequential,1,T2L,0,0,0,0,0,,
new_Base_sensitivity,selected_nonH8,TK_NO_H,sequential,1,T2L,0,0,0,0,0,,
new_Base_sensitivity,selected_nonH8,TK_H1,sequential,1,T2L,0,0,0,0,0,,
new_Base_sensitivity,selected_nonH8,FREE_NO_H,sequential,1,T2L,0,0,0,0,0,,
new_Base_sensitivity,selected_nonH8,FREE_H1,sequential,1,T2L,0,0,0,0,0,,
original,selected_Base,CP_NO_H,sequential,1,T2L,0,0,0,0,0,,
original,selected_Base,CP_H1,sequential,1,T2L,0,0,0,0,0,,
original,selected_Base,TK_NO_H,sequential,1,T2L,0,0,0,0,0,,
original,selected_Base,TK_H1,sequential,1,T2L,0,0,0,0,0,,
original,selected_Base,FREE_NO_H,sequential,1,T2L,0,0,0,0,0,,
original,selected_Base,FREE_H1,sequential,1,T2L,0,0,0,0,0,,
new_Base_sensitivity,selected_Base,CP_NO_H,sequential,1,T2L,0,0,0,0,0,,
new_Base_sensitivity,selected_Base,CP_H1,sequential,1,T2L,0,0,0,0,0,,
new_Base_sensitivity,selected_Base,TK_NO_H,sequential,1,T2L,0,0,0,0,0,,
new_Base_sensitivity,selected_Base,TK_H1,sequential,1,T2L,0,0,0,0,0,,
new_Base_sensitivity,selected_Base,FREE_NO_H,sequential,1,T2L,0,0,0,0,0,,
new_Base_sensitivity,selected_Base,FREE_H1,sequential,1,T2L,0,0,0,0,0,,
original,all,CP_NO_H,sequential,50,T0,50,50,50,48,0,"[0.96, 0.96]","[0.96, 0.96]"
original,all,CP_H1,sequential,50,T0,50,50,50,48,0,"[0.96, 0.96]","[0.96, 0.96]"
original,all,TK_NO_H,sequential,50,T0,50,50,50,48,0,"[0.96, 0.96]","[0.96, 0.96]"
original,all,TK_H1,sequential,50,T0,50,50,50,48,0,"[0.96, 0.96]","[0.96, 0.96]"
original,all,FREE_NO_H,sequential,50,T0,50,50,50,48,0,"[0.96, 0.96]","[0.96, 0.96]"
original,all,FREE_H1,sequential,50,T0,50,50,50,48,0,"[0.96, 0.96]","[0.96, 0.96]"
new_Base_sensitivity,all,CP_NO_H,sequential,50,T0,50,50,50,48,0,"[0.96, 0.96]","[0.96, 0.96]"
new_Base_sensitivity,all,CP_H1,sequential,50,T0,50,50,50,48,0,"[0.96, 0.96]","[0.96, 0.96]"
new_Base_sensitivity,all,TK_NO_H,sequential,50,T0,50,50,50,48,0,"[0.96, 0.96]","[0.96, 0.96]"
new_Base_sensitivity,all,TK_H1,sequential,50,T0,50,50,50,48,0,"[0.96, 0.96]","[0.96, 0.96]"
new_Base_sensitivity,all,FREE_NO_H,sequential,50,T0,50,50,50,48,0,"[0.96, 0.96]","[0.96, 0.96]"
new_Base_sensitivity,all,FREE_H1,sequential,50,T0,50,50,50,48,0,"[0.96, 0.96]","[0.96, 0.96]"
original,owner_H8,CP_NO_H,sequential,50,T0,3,3,3,3,0,"[1.0, 1.0]","[1.0, 1.0]"
original,owner_H8,CP_H1,sequential,50,T0,3,3,3,3,0,"[1.0, 1.0]","[1.0, 1.0]"
original,owner_H8,TK_NO_H,sequential,50,T0,3,3,3,3,0,"[1.0, 1.0]","[1.0, 1.0]"
original,owner_H8,TK_H1,sequential,50,T0,3,3,3,3,0,"[1.0, 1.0]","[1.0, 1.0]"
original,owner_H8,FREE_NO_H,sequential,50,T0,3,3,3,3,0,"[1.0, 1.0]","[1.0, 1.0]"
original,owner_H8,FREE_H1,sequential,50,T0,3,3,3,3,0,"[1.0, 1.0]","[1.0, 1.0]"
new_Base_sensitivity,owner_H8,CP_NO_H,sequential,50,T0,3,3,3,3,0,"[1.0, 1.0]","[1.0, 1.0]"
new_Base_sensitivity,owner_H8,CP_H1,sequential,50,T0,3,3,3,3,0,"[1.0, 1.0]","[1.0, 1.0]"
new_Base_sensitivity,owner_H8,TK_NO_H,sequential,50,T0,3,3,3,3,0,"[1.0, 1.0]","[1.0, 1.0]"
new_Base_sensitivity,owner_H8,TK_H1,sequential,50,T0,3,3,3,3,0,"[1.0, 1.0]","[1.0, 1.0]"
new_Base_sensitivity,owner_H8,FREE_NO_H,sequential,50,T0,3,3,3,3,0,"[1.0, 1.0]","[1.0, 1.0]"
new_Base_sensitivity,owner_H8,FREE_H1,sequential,50,T0,3,3,3,3,0,"[1.0, 1.0]","[1.0, 1.0]"
original,owner_nonH8,CP_NO_H,sequential,50,T0,47,47,47,45,0,"[0.9574468085106383, 0.9574468085106383]","[0.9574468085106383, 0.9574468085106383]"
original,owner_nonH8,CP_H1,sequential,50,T0,47,47,47,45,0,"[0.9574468085106383, 0.9574468085106383]","[0.9574468085106383, 0.9574468085106383]"
original,owner_nonH8,TK_NO_H,sequential,50,T0,47,47,47,45,0,"[0.9574468085106383, 0.9574468085106383]","[0.9574468085106383, 0.9574468085106383]"
original,owner_nonH8,TK_H1,sequential,50,T0,47,47,47,45,0,"[0.9574468085106383, 0.9574468085106383]","[0.9574468085106383, 0.9574468085106383]"
original,owner_nonH8,FREE_NO_H,sequential,50,T0,47,47,47,45,0,"[0.9574468085106383, 0.9574468085106383]","[0.9574468085106383, 0.9574468085106383]"
original,owner_nonH8,FREE_H1,sequential,50,T0,47,47,47,45,0,"[0.9574468085106383, 0.9574468085106383]","[0.9574468085106383, 0.9574468085106383]"
new_Base_sensitivity,owner_nonH8,CP_NO_H,sequential,50,T0,47,47,47,45,0,"[0.9574468085106383, 0.9574468085106383]","[0.9574468085106383, 0.9574468085106383]"
new_Base_sensitivity,owner_nonH8,CP_H1,sequential,50,T0,47,47,47,45,0,"[0.9574468085106383, 0.9574468085106383]","[0.9574468085106383, 0.9574468085106383]"
new_Base_sensitivity,owner_nonH8,TK_NO_H,sequential,50,T0,47,47,47,45,0,"[0.9574468085106383, 0.9574468085106383]","[0.9574468085106383, 0.9574468085106383]"
new_Base_sensitivity,owner_nonH8,TK_H1,sequential,50,T0,47,47,47,45,0,"[0.9574468085106383, 0.9574468085106383]","[0.9574468085106383, 0.9574468085106383]"
new_Base_sensitivity,owner_nonH8,FREE_NO_H,sequential,50,T0,47,47,47,45,0,"[0.9574468085106383, 0.9574468085106383]","[0.9574468085106383, 0.9574468085106383]"
new_Base_sensitivity,owner_nonH8,FREE_H1,sequential,50,T0,47,47,47,45,0,"[0.9574468085106383, 0.9574468085106383]","[0.9574468085106383, 0.9574468085106383]"
original,selected_H8,CP_NO_H,sequential,50,T0,3,3,3,3,0,"[1.0, 1.0]","[1.0, 1.0]"
original,selected_H8,CP_H1,sequential,50,T0,3,3,3,3,0,"[1.0, 1.0]","[1.0, 1.0]"
original,selected_H8,TK_NO_H,sequential,50,T0,3,3,3,3,0,"[1.0, 1.0]","[1.0, 1.0]"
original,selected_H8,TK_H1,sequential,50,T0,3,3,3,3,0,"[1.0, 1.0]","[1.0, 1.0]"
original,selected_H8,FREE_NO_H,sequential,50,T0,3,3,3,3,0,"[1.0, 1.0]","[1.0, 1.0]"
original,selected_H8,FREE_H1,sequential,50,T0,3,3,3,3,0,"[1.0, 1.0]","[1.0, 1.0]"
new_Base_sensitivity,selected_H8,CP_NO_H,sequential,50,T0,3,3,3,3,0,"[1.0, 1.0]","[1.0, 1.0]"
new_Base_sensitivity,selected_H8,CP_H1,sequential,50,T0,3,3,3,3,0,"[1.0, 1.0]","[1.0, 1.0]"
new_Base_sensitivity,selected_H8,TK_NO_H,sequential,50,T0,3,3,3,3,0,"[1.0, 1.0]","[1.0, 1.0]"
new_Base_sensitivity,selected_H8,TK_H1,sequential,50,T0,3,3,3,3,0,"[1.0, 1.0]","[1.0, 1.0]"
new_Base_sensitivity,selected_H8,FREE_NO_H,sequential,50,T0,3,3,3,3,0,"[1.0, 1.0]","[1.0, 1.0]"
new_Base_sensitivity,selected_H8,FREE_H1,sequential,50,T0,3,3,3,3,0,"[1.0, 1.0]","[1.0, 1.0]"
original,selected_nonH8,CP_NO_H,sequential,50,T0,47,47,47,45,0,"[0.9574468085106383, 0.9574468085106383]","[0.9574468085106383, 0.9574468085106383]"
original,selected_nonH8,CP_H1,sequential,50,T0,47,47,47,45,0,"[0.9574468085106383, 0.9574468085106383]","[0.9574468085106383, 0.9574468085106383]"
original,selected_nonH8,TK_NO_H,sequential,50,T0,47,47,47,45,0,"[0.9574468085106383, 0.9574468085106383]","[0.9574468085106383, 0.9574468085106383]"
original,selected_nonH8,TK_H1,sequential,50,T0,47,47,47,45,0,"[0.9574468085106383, 0.9574468085106383]","[0.9574468085106383, 0.9574468085106383]"
original,selected_nonH8,FREE_NO_H,sequential,50,T0,47,47,47,45,0,"[0.9574468085106383, 0.9574468085106383]","[0.9574468085106383, 0.9574468085106383]"
original,selected_nonH8,FREE_H1,sequential,50,T0,47,47,47,45,0,"[0.9574468085106383, 0.9574468085106383]","[0.9574468085106383, 0.9574468085106383]"
new_Base_sensitivity,selected_nonH8,CP_NO_H,sequential,50,T0,47,47,47,45,0,"[0.9574468085106383, 0.9574468085106383]","[0.9574468085106383, 0.9574468085106383]"
new_Base_sensitivity,selected_nonH8,CP_H1,sequential,50,T0,47,47,47,45,0,"[0.9574468085106383, 0.9574468085106383]","[0.9574468085106383, 0.9574468085106383]"
new_Base_sensitivity,selected_nonH8,TK_NO_H,sequential,50,T0,47,47,47,45,0,"[0.9574468085106383, 0.9574468085106383]","[0.9574468085106383, 0.9574468085106383]"
new_Base_sensitivity,selected_nonH8,TK_H1,sequential,50,T0,47,47,47,45,0,"[0.9574468085106383, 0.9574468085106383]","[0.9574468085106383, 0.9574468085106383]"
new_Base_sensitivity,selected_nonH8,FREE_NO_H,sequential,50,T0,47,47,47,45,0,"[0.9574468085106383, 0.9574468085106383]","[0.9574468085106383, 0.9574468085106383]"
new_Base_sensitivity,selected_nonH8,FREE_H1,sequential,50,T0,47,47,47,45,0,"[0.9574468085106383, 0.9574468085106383]","[0.9574468085106383, 0.9574468085106383]"
original,selected_Base,CP_NO_H,sequential,50,T0,0,0,0,0,0,,
original,selected_Base,CP_H1,sequential,50,T0,0,0,0,0,0,,
original,selected_Base,TK_NO_H,sequential,50,T0,0,0,0,0,0,,
original,selected_Base,TK_H1,sequential,50,T0,0,0,0,0,0,,
original,selected_Base,FREE_NO_H,sequential,50,T0,0,0,0,0,0,,
original,selected_Base,FREE_H1,sequential,50,T0,0,0,0,0,0,,
new_Base_sensitivity,selected_Base,CP_NO_H,sequential,50,T0,0,0,0,0,0,,
new_Base_sensitivity,selected_Base,CP_H1,sequential,50,T0,0,0,0,0,0,,
new_Base_sensitivity,selected_Base,TK_NO_H,sequential,50,T0,0,0,0,0,0,,
new_Base_sensitivity,selected_Base,TK_H1,sequential,50,T0,0,0,0,0,0,,
new_Base_sensitivity,selected_Base,FREE_NO_H,sequential,50,T0,0,0,0,0,0,,
new_Base_sensitivity,selected_Base,FREE_H1,sequential,50,T0,0,0,0,0,0,,
original,all,CP_NO_H,sequential,50,T1G,50,196,196,172,0,"[0.88, 0.88]","[0.8775510204081632, 0.8775510204081632]"
original,all,CP_H1,sequential,50,T1G,50,196,196,172,0,"[0.88, 0.88]","[0.8775510204081632, 0.8775510204081632]"
original,all,TK_NO_H,sequential,50,T1G,50,196,196,172,0,"[0.88, 0.88]","[0.8775510204081632, 0.8775510204081632]"
original,all,TK_H1,sequential,50,T1G,50,196,196,172,0,"[0.88, 0.88]","[0.8775510204081632, 0.8775510204081632]"
original,all,FREE_NO_H,sequential,50,T1G,50,196,196,172,0,"[0.88, 0.88]","[0.8775510204081632, 0.8775510204081632]"
original,all,FREE_H1,sequential,50,T1G,50,196,196,172,0,"[0.88, 0.88]","[0.8775510204081632, 0.8775510204081632]"
new_Base_sensitivity,all,CP_NO_H,sequential,50,T1G,50,196,196,172,0,"[0.88, 0.88]","[0.8775510204081632, 0.8775510204081632]"
new_Base_sensitivity,all,CP_H1,sequential,50,T1G,50,196,196,172,0,"[0.88, 0.88]","[0.8775510204081632, 0.8775510204081632]"
new_Base_sensitivity,all,TK_NO_H,sequential,50,T1G,50,196,196,172,0,"[0.88, 0.88]","[0.8775510204081632, 0.8775510204081632]"
new_Base_sensitivity,all,TK_H1,sequential,50,T1G,50,196,196,172,0,"[0.88, 0.88]","[0.8775510204081632, 0.8775510204081632]"
new_Base_sensitivity,all,FREE_NO_H,sequential,50,T1G,50,196,196,172,0,"[0.88, 0.88]","[0.8775510204081632, 0.8775510204081632]"
new_Base_sensitivity,all,FREE_H1,sequential,50,T1G,50,196,196,172,0,"[0.88, 0.88]","[0.8775510204081632, 0.8775510204081632]"
original,owner_H8,CP_NO_H,sequential,50,T1G,3,11,11,11,0,"[1.0, 1.0]","[1.0, 1.0]"
original,owner_H8,CP_H1,sequential,50,T1G,3,11,11,11,0,"[1.0, 1.0]","[1.0, 1.0]"
original,owner_H8,TK_NO_H,sequential,50,T1G,3,11,11,11,0,"[1.0, 1.0]","[1.0, 1.0]"
original,owner_H8,TK_H1,sequential,50,T1G,3,11,11,11,0,"[1.0, 1.0]","[1.0, 1.0]"
original,owner_H8,FREE_NO_H,sequential,50,T1G,3,11,11,11,0,"[1.0, 1.0]","[1.0, 1.0]"
original,owner_H8,FREE_H1,sequential,50,T1G,3,11,11,11,0,"[1.0, 1.0]","[1.0, 1.0]"
new_Base_sensitivity,owner_H8,CP_NO_H,sequential,50,T1G,3,12,12,12,0,"[1.0, 1.0]","[1.0, 1.0]"
new_Base_sensitivity,owner_H8,CP_H1,sequential,50,T1G,3,12,12,12,0,"[1.0, 1.0]","[1.0, 1.0]"
new_Base_sensitivity,owner_H8,TK_NO_H,sequential,50,T1G,3,12,12,12,0,"[1.0, 1.0]","[1.0, 1.0]"
new_Base_sensitivity,owner_H8,TK_H1,sequential,50,T1G,3,12,12,12,0,"[1.0, 1.0]","[1.0, 1.0]"
new_Base_sensitivity,owner_H8,FREE_NO_H,sequential,50,T1G,3,12,12,12,0,"[1.0, 1.0]","[1.0, 1.0]"
new_Base_sensitivity,owner_H8,FREE_H1,sequential,50,T1G,3,12,12,12,0,"[1.0, 1.0]","[1.0, 1.0]"
original,owner_nonH8,CP_NO_H,sequential,50,T1G,47,185,185,161,0,"[0.8723404255319149, 0.8723404255319149]","[0.8702702702702703, 0.8702702702702703]"
original,owner_nonH8,CP_H1,sequential,50,T1G,47,185,185,161,0,"[0.8723404255319149, 0.8723404255319149]","[0.8702702702702703, 0.8702702702702703]"
original,owner_nonH8,TK_NO_H,sequential,50,T1G,47,185,185,161,0,"[0.8723404255319149, 0.8723404255319149]","[0.8702702702702703, 0.8702702702702703]"
original,owner_nonH8,TK_H1,sequential,50,T1G,47,185,185,161,0,"[0.8723404255319149, 0.8723404255319149]","[0.8702702702702703, 0.8702702702702703]"
original,owner_nonH8,FREE_NO_H,sequential,50,T1G,47,185,185,161,0,"[0.8723404255319149, 0.8723404255319149]","[0.8702702702702703, 0.8702702702702703]"
original,owner_nonH8,FREE_H1,sequential,50,T1G,47,185,185,161,0,"[0.8723404255319149, 0.8723404255319149]","[0.8702702702702703, 0.8702702702702703]"
new_Base_sensitivity,owner_nonH8,CP_NO_H,sequential,50,T1G,47,184,184,160,0,"[0.8723404255319149, 0.8723404255319149]","[0.8695652173913043, 0.8695652173913043]"
new_Base_sensitivity,owner_nonH8,CP_H1,sequential,50,T1G,47,184,184,160,0,"[0.8723404255319149, 0.8723404255319149]","[0.8695652173913043, 0.8695652173913043]"
new_Base_sensitivity,owner_nonH8,TK_NO_H,sequential,50,T1G,47,184,184,160,0,"[0.8723404255319149, 0.8723404255319149]","[0.8695652173913043, 0.8695652173913043]"
new_Base_sensitivity,owner_nonH8,TK_H1,sequential,50,T1G,47,184,184,160,0,"[0.8723404255319149, 0.8723404255319149]","[0.8695652173913043, 0.8695652173913043]"
new_Base_sensitivity,owner_nonH8,FREE_NO_H,sequential,50,T1G,47,184,184,160,0,"[0.8723404255319149, 0.8723404255319149]","[0.8695652173913043, 0.8695652173913043]"
new_Base_sensitivity,owner_nonH8,FREE_H1,sequential,50,T1G,47,184,184,160,0,"[0.8723404255319149, 0.8723404255319149]","[0.8695652173913043, 0.8695652173913043]"
original,selected_H8,CP_NO_H,sequential,50,T1G,4,12,12,11,0,"[0.75, 0.75]","[0.9166666666666666, 0.9166666666666666]"
original,selected_H8,CP_H1,sequential,50,T1G,4,12,12,11,0,"[0.75, 0.75]","[0.9166666666666666, 0.9166666666666666]"
original,selected_H8,TK_NO_H,sequential,50,T1G,4,12,12,11,0,"[0.75, 0.75]","[0.9166666666666666, 0.9166666666666666]"
original,selected_H8,TK_H1,sequential,50,T1G,4,12,12,11,0,"[0.75, 0.75]","[0.9166666666666666, 0.9166666666666666]"
original,selected_H8,FREE_NO_H,sequential,50,T1G,4,12,12,11,0,"[0.75, 0.75]","[0.9166666666666666, 0.9166666666666666]"
original,selected_H8,FREE_H1,sequential,50,T1G,4,12,12,11,0,"[0.75, 0.75]","[0.9166666666666666, 0.9166666666666666]"
new_Base_sensitivity,selected_H8,CP_NO_H,sequential,50,T1G,4,13,13,12,0,"[0.75, 0.75]","[0.9230769230769231, 0.9230769230769231]"
new_Base_sensitivity,selected_H8,CP_H1,sequential,50,T1G,4,13,13,12,0,"[0.75, 0.75]","[0.9230769230769231, 0.9230769230769231]"
new_Base_sensitivity,selected_H8,TK_NO_H,sequential,50,T1G,4,13,13,12,0,"[0.75, 0.75]","[0.9230769230769231, 0.9230769230769231]"
new_Base_sensitivity,selected_H8,TK_H1,sequential,50,T1G,4,13,13,12,0,"[0.75, 0.75]","[0.9230769230769231, 0.9230769230769231]"
new_Base_sensitivity,selected_H8,FREE_NO_H,sequential,50,T1G,4,13,13,12,0,"[0.75, 0.75]","[0.9230769230769231, 0.9230769230769231]"
new_Base_sensitivity,selected_H8,FREE_H1,sequential,50,T1G,4,13,13,12,0,"[0.75, 0.75]","[0.9230769230769231, 0.9230769230769231]"
original,selected_nonH8,CP_NO_H,sequential,50,T1G,47,184,184,161,0,"[0.8776595744680851, 0.8776595744680851]","[0.875, 0.875]"
original,selected_nonH8,CP_H1,sequential,50,T1G,47,184,184,161,0,"[0.8776595744680851, 0.8776595744680851]","[0.875, 0.875]"
original,selected_nonH8,TK_NO_H,sequential,50,T1G,47,184,184,161,0,"[0.8776595744680851, 0.8776595744680851]","[0.875, 0.875]"
original,selected_nonH8,TK_H1,sequential,50,T1G,47,184,184,161,0,"[0.8776595744680851, 0.8776595744680851]","[0.875, 0.875]"
original,selected_nonH8,FREE_NO_H,sequential,50,T1G,47,184,184,161,0,"[0.8776595744680851, 0.8776595744680851]","[0.875, 0.875]"
original,selected_nonH8,FREE_H1,sequential,50,T1G,47,184,184,161,0,"[0.8776595744680851, 0.8776595744680851]","[0.875, 0.875]"
new_Base_sensitivity,selected_nonH8,CP_NO_H,sequential,50,T1G,47,183,183,160,0,"[0.8776595744680851, 0.8776595744680851]","[0.8743169398907104, 0.8743169398907104]"
new_Base_sensitivity,selected_nonH8,CP_H1,sequential,50,T1G,47,183,183,160,0,"[0.8776595744680851, 0.8776595744680851]","[0.8743169398907104, 0.8743169398907104]"
new_Base_sensitivity,selected_nonH8,TK_NO_H,sequential,50,T1G,47,183,183,160,0,"[0.8776595744680851, 0.8776595744680851]","[0.8743169398907104, 0.8743169398907104]"
new_Base_sensitivity,selected_nonH8,TK_H1,sequential,50,T1G,47,183,183,160,0,"[0.8776595744680851, 0.8776595744680851]","[0.8743169398907104, 0.8743169398907104]"
new_Base_sensitivity,selected_nonH8,FREE_NO_H,sequential,50,T1G,47,183,183,160,0,"[0.8776595744680851, 0.8776595744680851]","[0.8743169398907104, 0.8743169398907104]"
new_Base_sensitivity,selected_nonH8,FREE_H1,sequential,50,T1G,47,183,183,160,0,"[0.8776595744680851, 0.8776595744680851]","[0.8743169398907104, 0.8743169398907104]"
original,selected_Base,CP_NO_H,sequential,50,T1G,0,0,0,0,0,,
original,selected_Base,CP_H1,sequential,50,T1G,0,0,0,0,0,,
original,selected_Base,TK_NO_H,sequential,50,T1G,0,0,0,0,0,,
original,selected_Base,TK_H1,sequential,50,T1G,0,0,0,0,0,,
original,selected_Base,FREE_NO_H,sequential,50,T1G,0,0,0,0,0,,
original,selected_Base,FREE_H1,sequential,50,T1G,0,0,0,0,0,,
new_Base_sensitivity,selected_Base,CP_NO_H,sequential,50,T1G,0,0,0,0,0,,
new_Base_sensitivity,selected_Base,CP_H1,sequential,50,T1G,0,0,0,0,0,,
new_Base_sensitivity,selected_Base,TK_NO_H,sequential,50,T1G,0,0,0,0,0,,
new_Base_sensitivity,selected_Base,TK_H1,sequential,50,T1G,0,0,0,0,0,,
new_Base_sensitivity,selected_Base,FREE_NO_H,sequential,50,T1G,0,0,0,0,0,,
new_Base_sensitivity,selected_Base,FREE_H1,sequential,50,T1G,0,0,0,0,0,,
original,all,CP_NO_H,sequential,50,T1L,1,2,2,2,0,"[1.0, 1.0]","[1.0, 1.0]"
original,all,CP_H1,sequential,50,T1L,1,2,2,2,0,"[1.0, 1.0]","[1.0, 1.0]"
original,all,TK_NO_H,sequential,50,T1L,1,2,2,2,0,"[1.0, 1.0]","[1.0, 1.0]"
original,all,TK_H1,sequential,50,T1L,1,2,2,2,0,"[1.0, 1.0]","[1.0, 1.0]"
original,all,FREE_NO_H,sequential,50,T1L,1,2,2,2,0,"[1.0, 1.0]","[1.0, 1.0]"
original,all,FREE_H1,sequential,50,T1L,1,2,2,2,0,"[1.0, 1.0]","[1.0, 1.0]"
new_Base_sensitivity,all,CP_NO_H,sequential,50,T1L,1,2,2,2,0,"[1.0, 1.0]","[1.0, 1.0]"
new_Base_sensitivity,all,CP_H1,sequential,50,T1L,1,2,2,2,0,"[1.0, 1.0]","[1.0, 1.0]"
new_Base_sensitivity,all,TK_NO_H,sequential,50,T1L,1,2,2,2,0,"[1.0, 1.0]","[1.0, 1.0]"
new_Base_sensitivity,all,TK_H1,sequential,50,T1L,1,2,2,2,0,"[1.0, 1.0]","[1.0, 1.0]"
new_Base_sensitivity,all,FREE_NO_H,sequential,50,T1L,1,2,2,2,0,"[1.0, 1.0]","[1.0, 1.0]"
new_Base_sensitivity,all,FREE_H1,sequential,50,T1L,1,2,2,2,0,"[1.0, 1.0]","[1.0, 1.0]"
original,owner_H8,CP_NO_H,sequential,50,T1L,0,0,0,0,0,,
original,owner_H8,CP_H1,sequential,50,T1L,0,0,0,0,0,,
original,owner_H8,TK_NO_H,sequential,50,T1L,0,0,0,0,0,,
original,owner_H8,TK_H1,sequential,50,T1L,0,0,0,0,0,,
original,owner_H8,FREE_NO_H,sequential,50,T1L,0,0,0,0,0,,
original,owner_H8,FREE_H1,sequential,50,T1L,0,0,0,0,0,,
new_Base_sensitivity,owner_H8,CP_NO_H,sequential,50,T1L,0,0,0,0,0,,
new_Base_sensitivity,owner_H8,CP_H1,sequential,50,T1L,0,0,0,0,0,,
new_Base_sensitivity,owner_H8,TK_NO_H,sequential,50,T1L,0,0,0,0,0,,
new_Base_sensitivity,owner_H8,TK_H1,sequential,50,T1L,0,0,0,0,0,,
new_Base_sensitivity,owner_H8,FREE_NO_H,sequential,50,T1L,0,0,0,0,0,,
new_Base_sensitivity,owner_H8,FREE_H1,sequential,50,T1L,0,0,0,0,0,,
original,owner_nonH8,CP_NO_H,sequential,50,T1L,1,2,2,2,0,"[1.0, 1.0]","[1.0, 1.0]"
original,owner_nonH8,CP_H1,sequential,50,T1L,1,2,2,2,0,"[1.0, 1.0]","[1.0, 1.0]"
original,owner_nonH8,TK_NO_H,sequential,50,T1L,1,2,2,2,0,"[1.0, 1.0]","[1.0, 1.0]"
original,owner_nonH8,TK_H1,sequential,50,T1L,1,2,2,2,0,"[1.0, 1.0]","[1.0, 1.0]"
original,owner_nonH8,FREE_NO_H,sequential,50,T1L,1,2,2,2,0,"[1.0, 1.0]","[1.0, 1.0]"
original,owner_nonH8,FREE_H1,sequential,50,T1L,1,2,2,2,0,"[1.0, 1.0]","[1.0, 1.0]"
new_Base_sensitivity,owner_nonH8,CP_NO_H,sequential,50,T1L,1,2,2,2,0,"[1.0, 1.0]","[1.0, 1.0]"
new_Base_sensitivity,owner_nonH8,CP_H1,sequential,50,T1L,1,2,2,2,0,"[1.0, 1.0]","[1.0, 1.0]"
new_Base_sensitivity,owner_nonH8,TK_NO_H,sequential,50,T1L,1,2,2,2,0,"[1.0, 1.0]","[1.0, 1.0]"
new_Base_sensitivity,owner_nonH8,TK_H1,sequential,50,T1L,1,2,2,2,0,"[1.0, 1.0]","[1.0, 1.0]"
new_Base_sensitivity,owner_nonH8,FREE_NO_H,sequential,50,T1L,1,2,2,2,0,"[1.0, 1.0]","[1.0, 1.0]"
new_Base_sensitivity,owner_nonH8,FREE_H1,sequential,50,T1L,1,2,2,2,0,"[1.0, 1.0]","[1.0, 1.0]"
original,selected_H8,CP_NO_H,sequential,50,T1L,0,0,0,0,0,,
original,selected_H8,CP_H1,sequential,50,T1L,0,0,0,0,0,,
original,selected_H8,TK_NO_H,sequential,50,T1L,0,0,0,0,0,,
original,selected_H8,TK_H1,sequential,50,T1L,0,0,0,0,0,,
original,selected_H8,FREE_NO_H,sequential,50,T1L,0,0,0,0,0,,
original,selected_H8,FREE_H1,sequential,50,T1L,0,0,0,0,0,,
new_Base_sensitivity,selected_H8,CP_NO_H,sequential,50,T1L,0,0,0,0,0,,
new_Base_sensitivity,selected_H8,CP_H1,sequential,50,T1L,0,0,0,0,0,,
new_Base_sensitivity,selected_H8,TK_NO_H,sequential,50,T1L,0,0,0,0,0,,
new_Base_sensitivity,selected_H8,TK_H1,sequential,50,T1L,0,0,0,0,0,,
new_Base_sensitivity,selected_H8,FREE_NO_H,sequential,50,T1L,0,0,0,0,0,,
new_Base_sensitivity,selected_H8,FREE_H1,sequential,50,T1L,0,0,0,0,0,,
original,selected_nonH8,CP_NO_H,sequential,50,T1L,1,2,2,2,0,"[1.0, 1.0]","[1.0, 1.0]"
original,selected_nonH8,CP_H1,sequential,50,T1L,1,2,2,2,0,"[1.0, 1.0]","[1.0, 1.0]"
original,selected_nonH8,TK_NO_H,sequential,50,T1L,1,2,2,2,0,"[1.0, 1.0]","[1.0, 1.0]"
original,selected_nonH8,TK_H1,sequential,50,T1L,1,2,2,2,0,"[1.0, 1.0]","[1.0, 1.0]"
original,selected_nonH8,FREE_NO_H,sequential,50,T1L,1,2,2,2,0,"[1.0, 1.0]","[1.0, 1.0]"
original,selected_nonH8,FREE_H1,sequential,50,T1L,1,2,2,2,0,"[1.0, 1.0]","[1.0, 1.0]"
new_Base_sensitivity,selected_nonH8,CP_NO_H,sequential,50,T1L,1,2,2,2,0,"[1.0, 1.0]","[1.0, 1.0]"
new_Base_sensitivity,selected_nonH8,CP_H1,sequential,50,T1L,1,2,2,2,0,"[1.0, 1.0]","[1.0, 1.0]"
new_Base_sensitivity,selected_nonH8,TK_NO_H,sequential,50,T1L,1,2,2,2,0,"[1.0, 1.0]","[1.0, 1.0]"
new_Base_sensitivity,selected_nonH8,TK_H1,sequential,50,T1L,1,2,2,2,0,"[1.0, 1.0]","[1.0, 1.0]"
new_Base_sensitivity,selected_nonH8,FREE_NO_H,sequential,50,T1L,1,2,2,2,0,"[1.0, 1.0]","[1.0, 1.0]"
new_Base_sensitivity,selected_nonH8,FREE_H1,sequential,50,T1L,1,2,2,2,0,"[1.0, 1.0]","[1.0, 1.0]"
original,selected_Base,CP_NO_H,sequential,50,T1L,0,0,0,0,0,,
original,selected_Base,CP_H1,sequential,50,T1L,0,0,0,0,0,,
original,selected_Base,TK_NO_H,sequential,50,T1L,0,0,0,0,0,,
original,selected_Base,TK_H1,sequential,50,T1L,0,0,0,0,0,,
original,selected_Base,FREE_NO_H,sequential,50,T1L,0,0,0,0,0,,
original,selected_Base,FREE_H1,sequential,50,T1L,0,0,0,0,0,,
new_Base_sensitivity,selected_Base,CP_NO_H,sequential,50,T1L,0,0,0,0,0,,
new_Base_sensitivity,selected_Base,CP_H1,sequential,50,T1L,0,0,0,0,0,,
new_Base_sensitivity,selected_Base,TK_NO_H,sequential,50,T1L,0,0,0,0,0,,
new_Base_sensitivity,selected_Base,TK_H1,sequential,50,T1L,0,0,0,0,0,,
new_Base_sensitivity,selected_Base,FREE_NO_H,sequential,50,T1L,0,0,0,0,0,,
new_Base_sensitivity,selected_Base,FREE_H1,sequential,50,T1L,0,0,0,0,0,,
original,all,CP_NO_H,sequential,50,T2G,50,195,195,171,0,"[0.8766666666666667, 0.8766666666666667]","[0.8769230769230769, 0.8769230769230769]"
original,all,CP_H1,sequential,50,T2G,50,195,195,167,0,"[0.8566666666666667, 0.8566666666666667]","[0.8564102564102564, 0.8564102564102564]"
original,all,TK_NO_H,sequential,50,T2G,50,195,195,170,0,"[0.8716666666666667, 0.8716666666666667]","[0.8717948717948718, 0.8717948717948718]"
original,all,TK_H1,sequential,50,T2G,50,195,195,166,0,"[0.8516666666666667, 0.8516666666666667]","[0.8512820512820513, 0.8512820512820513]"
original,all,FREE_NO_H,sequential,50,T2G,50,195,195,171,0,"[0.8766666666666667, 0.8766666666666667]","[0.8769230769230769, 0.8769230769230769]"
original,all,FREE_H1,sequential,50,T2G,50,195,195,170,0,"[0.8716666666666667, 0.8716666666666667]","[0.8717948717948718, 0.8717948717948718]"
new_Base_sensitivity,all,CP_NO_H,sequential,50,T2G,50,196,196,172,0,"[0.8766666666666667, 0.8766666666666667]","[0.8775510204081632, 0.8775510204081632]"
new_Base_sensitivity,all,CP_H1,sequential,50,T2G,50,196,196,168,0,"[0.8566666666666667, 0.8566666666666667]","[0.8571428571428571, 0.8571428571428571]"
new_Base_sensitivity,all,TK_NO_H,sequential,50,T2G,50,196,196,171,0,"[0.8716666666666667, 0.8716666666666667]","[0.8724489795918368, 0.8724489795918368]"
new_Base_sensitivity,all,TK_H1,sequential,50,T2G,50,196,196,167,0,"[0.8516666666666667, 0.8516666666666667]","[0.8520408163265306, 0.8520408163265306]"
new_Base_sensitivity,all,FREE_NO_H,sequential,50,T2G,50,196,196,172,0,"[0.8766666666666667, 0.8766666666666667]","[0.8775510204081632, 0.8775510204081632]"
new_Base_sensitivity,all,FREE_H1,sequential,50,T2G,50,196,196,171,0,"[0.8716666666666667, 0.8716666666666667]","[0.8724489795918368, 0.8724489795918368]"
original,owner_H8,CP_NO_H,sequential,50,T2G,3,12,12,11,0,"[0.9166666666666666, 0.9166666666666666]","[0.9166666666666666, 0.9166666666666666]"
original,owner_H8,CP_H1,sequential,50,T2G,3,12,12,7,0,"[0.5833333333333334, 0.5833333333333334]","[0.5833333333333334, 0.5833333333333334]"
original,owner_H8,TK_NO_H,sequential,50,T2G,3,12,12,10,0,"[0.8333333333333334, 0.8333333333333334]","[0.8333333333333334, 0.8333333333333334]"
original,owner_H8,TK_H1,sequential,50,T2G,3,12,12,6,0,"[0.5, 0.5]","[0.5, 0.5]"
original,owner_H8,FREE_NO_H,sequential,50,T2G,3,12,12,11,0,"[0.9166666666666666, 0.9166666666666666]","[0.9166666666666666, 0.9166666666666666]"
original,owner_H8,FREE_H1,sequential,50,T2G,3,12,12,10,0,"[0.8333333333333334, 0.8333333333333334]","[0.8333333333333334, 0.8333333333333334]"
new_Base_sensitivity,owner_H8,CP_NO_H,sequential,50,T2G,3,12,12,11,0,"[0.9166666666666666, 0.9166666666666666]","[0.9166666666666666, 0.9166666666666666]"
new_Base_sensitivity,owner_H8,CP_H1,sequential,50,T2G,3,12,12,7,0,"[0.5833333333333334, 0.5833333333333334]","[0.5833333333333334, 0.5833333333333334]"
new_Base_sensitivity,owner_H8,TK_NO_H,sequential,50,T2G,3,12,12,10,0,"[0.8333333333333334, 0.8333333333333334]","[0.8333333333333334, 0.8333333333333334]"
new_Base_sensitivity,owner_H8,TK_H1,sequential,50,T2G,3,12,12,6,0,"[0.5, 0.5]","[0.5, 0.5]"
new_Base_sensitivity,owner_H8,FREE_NO_H,sequential,50,T2G,3,12,12,11,0,"[0.9166666666666666, 0.9166666666666666]","[0.9166666666666666, 0.9166666666666666]"
new_Base_sensitivity,owner_H8,FREE_H1,sequential,50,T2G,3,12,12,10,0,"[0.8333333333333334, 0.8333333333333334]","[0.8333333333333334, 0.8333333333333334]"
original,owner_nonH8,CP_NO_H,sequential,50,T2G,47,183,183,160,0,"[0.874113475177305, 0.874113475177305]","[0.8743169398907104, 0.8743169398907104]"
original,owner_nonH8,CP_H1,sequential,50,T2G,47,183,183,160,0,"[0.874113475177305, 0.874113475177305]","[0.8743169398907104, 0.8743169398907104]"
original,owner_nonH8,TK_NO_H,sequential,50,T2G,47,183,183,160,0,"[0.874113475177305, 0.874113475177305]","[0.8743169398907104, 0.8743169398907104]"
original,owner_nonH8,TK_H1,sequential,50,T2G,47,183,183,160,0,"[0.874113475177305, 0.874113475177305]","[0.8743169398907104, 0.8743169398907104]"
original,owner_nonH8,FREE_NO_H,sequential,50,T2G,47,183,183,160,0,"[0.874113475177305, 0.874113475177305]","[0.8743169398907104, 0.8743169398907104]"
original,owner_nonH8,FREE_H1,sequential,50,T2G,47,183,183,160,0,"[0.874113475177305, 0.874113475177305]","[0.8743169398907104, 0.8743169398907104]"
new_Base_sensitivity,owner_nonH8,CP_NO_H,sequential,50,T2G,47,184,184,161,0,"[0.874113475177305, 0.874113475177305]","[0.875, 0.875]"
new_Base_sensitivity,owner_nonH8,CP_H1,sequential,50,T2G,47,184,184,161,0,"[0.874113475177305, 0.874113475177305]","[0.875, 0.875]"
new_Base_sensitivity,owner_nonH8,TK_NO_H,sequential,50,T2G,47,184,184,161,0,"[0.874113475177305, 0.874113475177305]","[0.875, 0.875]"
new_Base_sensitivity,owner_nonH8,TK_H1,sequential,50,T2G,47,184,184,161,0,"[0.874113475177305, 0.874113475177305]","[0.875, 0.875]"
new_Base_sensitivity,owner_nonH8,FREE_NO_H,sequential,50,T2G,47,184,184,161,0,"[0.874113475177305, 0.874113475177305]","[0.875, 0.875]"
new_Base_sensitivity,owner_nonH8,FREE_H1,sequential,50,T2G,47,184,184,161,0,"[0.874113475177305, 0.874113475177305]","[0.875, 0.875]"
original,selected_H8,CP_NO_H,sequential,50,T2G,3,12,12,11,0,"[0.9166666666666666, 0.9166666666666666]","[0.9166666666666666, 0.9166666666666666]"
original,selected_H8,CP_H1,sequential,50,T2G,3,12,12,7,0,"[0.5833333333333334, 0.5833333333333334]","[0.5833333333333334, 0.5833333333333334]"
original,selected_H8,TK_NO_H,sequential,50,T2G,3,12,12,10,0,"[0.8333333333333334, 0.8333333333333334]","[0.8333333333333334, 0.8333333333333334]"
original,selected_H8,TK_H1,sequential,50,T2G,3,12,12,6,0,"[0.5, 0.5]","[0.5, 0.5]"
original,selected_H8,FREE_NO_H,sequential,50,T2G,3,12,12,11,0,"[0.9166666666666666, 0.9166666666666666]","[0.9166666666666666, 0.9166666666666666]"
original,selected_H8,FREE_H1,sequential,50,T2G,3,12,12,10,0,"[0.8333333333333334, 0.8333333333333334]","[0.8333333333333334, 0.8333333333333334]"
new_Base_sensitivity,selected_H8,CP_NO_H,sequential,50,T2G,3,12,12,11,0,"[0.9166666666666666, 0.9166666666666666]","[0.9166666666666666, 0.9166666666666666]"
new_Base_sensitivity,selected_H8,CP_H1,sequential,50,T2G,3,12,12,7,0,"[0.5833333333333334, 0.5833333333333334]","[0.5833333333333334, 0.5833333333333334]"
new_Base_sensitivity,selected_H8,TK_NO_H,sequential,50,T2G,3,12,12,10,0,"[0.8333333333333334, 0.8333333333333334]","[0.8333333333333334, 0.8333333333333334]"
new_Base_sensitivity,selected_H8,TK_H1,sequential,50,T2G,3,12,12,6,0,"[0.5, 0.5]","[0.5, 0.5]"
new_Base_sensitivity,selected_H8,FREE_NO_H,sequential,50,T2G,3,12,12,11,0,"[0.9166666666666666, 0.9166666666666666]","[0.9166666666666666, 0.9166666666666666]"
new_Base_sensitivity,selected_H8,FREE_H1,sequential,50,T2G,3,12,12,10,0,"[0.8333333333333334, 0.8333333333333334]","[0.8333333333333334, 0.8333333333333334]"
original,selected_nonH8,CP_NO_H,sequential,50,T2G,47,183,183,160,0,"[0.874113475177305, 0.874113475177305]","[0.8743169398907104, 0.8743169398907104]"
original,selected_nonH8,CP_H1,sequential,50,T2G,47,183,183,160,0,"[0.874113475177305, 0.874113475177305]","[0.8743169398907104, 0.8743169398907104]"
original,selected_nonH8,TK_NO_H,sequential,50,T2G,47,183,183,160,0,"[0.874113475177305, 0.874113475177305]","[0.8743169398907104, 0.8743169398907104]"
original,selected_nonH8,TK_H1,sequential,50,T2G,47,183,183,160,0,"[0.874113475177305, 0.874113475177305]","[0.8743169398907104, 0.8743169398907104]"
original,selected_nonH8,FREE_NO_H,sequential,50,T2G,47,183,183,160,0,"[0.874113475177305, 0.874113475177305]","[0.8743169398907104, 0.8743169398907104]"
original,selected_nonH8,FREE_H1,sequential,50,T2G,47,183,183,160,0,"[0.874113475177305, 0.874113475177305]","[0.8743169398907104, 0.8743169398907104]"
new_Base_sensitivity,selected_nonH8,CP_NO_H,sequential,50,T2G,47,184,184,161,0,"[0.874113475177305, 0.874113475177305]","[0.875, 0.875]"
new_Base_sensitivity,selected_nonH8,CP_H1,sequential,50,T2G,47,184,184,161,0,"[0.874113475177305, 0.874113475177305]","[0.875, 0.875]"
new_Base_sensitivity,selected_nonH8,TK_NO_H,sequential,50,T2G,47,184,184,161,0,"[0.874113475177305, 0.874113475177305]","[0.875, 0.875]"
new_Base_sensitivity,selected_nonH8,TK_H1,sequential,50,T2G,47,184,184,161,0,"[0.874113475177305, 0.874113475177305]","[0.875, 0.875]"
new_Base_sensitivity,selected_nonH8,FREE_NO_H,sequential,50,T2G,47,184,184,161,0,"[0.874113475177305, 0.874113475177305]","[0.875, 0.875]"
new_Base_sensitivity,selected_nonH8,FREE_H1,sequential,50,T2G,47,184,184,161,0,"[0.874113475177305, 0.874113475177305]","[0.875, 0.875]"
original,selected_Base,CP_NO_H,sequential,50,T2G,0,0,0,0,0,,
original,selected_Base,CP_H1,sequential,50,T2G,0,0,0,0,0,,
original,selected_Base,TK_NO_H,sequential,50,T2G,0,0,0,0,0,,
original,selected_Base,TK_H1,sequential,50,T2G,0,0,0,0,0,,
original,selected_Base,FREE_NO_H,sequential,50,T2G,0,0,0,0,0,,
original,selected_Base,FREE_H1,sequential,50,T2G,0,0,0,0,0,,
new_Base_sensitivity,selected_Base,CP_NO_H,sequential,50,T2G,0,0,0,0,0,,
new_Base_sensitivity,selected_Base,CP_H1,sequential,50,T2G,0,0,0,0,0,,
new_Base_sensitivity,selected_Base,TK_NO_H,sequential,50,T2G,0,0,0,0,0,,
new_Base_sensitivity,selected_Base,TK_H1,sequential,50,T2G,0,0,0,0,0,,
new_Base_sensitivity,selected_Base,FREE_NO_H,sequential,50,T2G,0,0,0,0,0,,
new_Base_sensitivity,selected_Base,FREE_H1,sequential,50,T2G,0,0,0,0,0,,
original,all,CP_NO_H,sequential,50,T2L,9,17,17,7,0,"[0.46296296296296297, 0.46296296296296297]","[0.4117647058823529, 0.4117647058823529]"
original,all,CP_H1,sequential,50,T2L,9,17,17,7,0,"[0.46296296296296297, 0.46296296296296297]","[0.4117647058823529, 0.4117647058823529]"
original,all,TK_NO_H,sequential,50,T2L,9,17,17,7,0,"[0.46296296296296297, 0.46296296296296297]","[0.4117647058823529, 0.4117647058823529]"
original,all,TK_H1,sequential,50,T2L,9,17,17,7,0,"[0.46296296296296297, 0.46296296296296297]","[0.4117647058823529, 0.4117647058823529]"
original,all,FREE_NO_H,sequential,50,T2L,9,17,17,7,0,"[0.46296296296296297, 0.46296296296296297]","[0.4117647058823529, 0.4117647058823529]"
original,all,FREE_H1,sequential,50,T2L,9,17,17,7,0,"[0.46296296296296297, 0.46296296296296297]","[0.4117647058823529, 0.4117647058823529]"
new_Base_sensitivity,all,CP_NO_H,sequential,50,T2L,9,17,17,7,0,"[0.46296296296296297, 0.46296296296296297]","[0.4117647058823529, 0.4117647058823529]"
new_Base_sensitivity,all,CP_H1,sequential,50,T2L,9,17,17,7,0,"[0.46296296296296297, 0.46296296296296297]","[0.4117647058823529, 0.4117647058823529]"
new_Base_sensitivity,all,TK_NO_H,sequential,50,T2L,9,17,17,7,0,"[0.46296296296296297, 0.46296296296296297]","[0.4117647058823529, 0.4117647058823529]"
new_Base_sensitivity,all,TK_H1,sequential,50,T2L,9,17,17,7,0,"[0.46296296296296297, 0.46296296296296297]","[0.4117647058823529, 0.4117647058823529]"
new_Base_sensitivity,all,FREE_NO_H,sequential,50,T2L,9,17,17,7,0,"[0.46296296296296297, 0.46296296296296297]","[0.4117647058823529, 0.4117647058823529]"
new_Base_sensitivity,all,FREE_H1,sequential,50,T2L,9,17,17,7,0,"[0.46296296296296297, 0.46296296296296297]","[0.4117647058823529, 0.4117647058823529]"
original,owner_H8,CP_NO_H,sequential,50,T2L,0,0,0,0,0,,
original,owner_H8,CP_H1,sequential,50,T2L,0,0,0,0,0,,
original,owner_H8,TK_NO_H,sequential,50,T2L,0,0,0,0,0,,
original,owner_H8,TK_H1,sequential,50,T2L,0,0,0,0,0,,
original,owner_H8,FREE_NO_H,sequential,50,T2L,0,0,0,0,0,,
original,owner_H8,FREE_H1,sequential,50,T2L,0,0,0,0,0,,
new_Base_sensitivity,owner_H8,CP_NO_H,sequential,50,T2L,0,0,0,0,0,,
new_Base_sensitivity,owner_H8,CP_H1,sequential,50,T2L,0,0,0,0,0,,
new_Base_sensitivity,owner_H8,TK_NO_H,sequential,50,T2L,0,0,0,0,0,,
new_Base_sensitivity,owner_H8,TK_H1,sequential,50,T2L,0,0,0,0,0,,
new_Base_sensitivity,owner_H8,FREE_NO_H,sequential,50,T2L,0,0,0,0,0,,
new_Base_sensitivity,owner_H8,FREE_H1,sequential,50,T2L,0,0,0,0,0,,
original,owner_nonH8,CP_NO_H,sequential,50,T2L,9,17,17,7,0,"[0.46296296296296297, 0.46296296296296297]","[0.4117647058823529, 0.4117647058823529]"
original,owner_nonH8,CP_H1,sequential,50,T2L,9,17,17,7,0,"[0.46296296296296297, 0.46296296296296297]","[0.4117647058823529, 0.4117647058823529]"
original,owner_nonH8,TK_NO_H,sequential,50,T2L,9,17,17,7,0,"[0.46296296296296297, 0.46296296296296297]","[0.4117647058823529, 0.4117647058823529]"
original,owner_nonH8,TK_H1,sequential,50,T2L,9,17,17,7,0,"[0.46296296296296297, 0.46296296296296297]","[0.4117647058823529, 0.4117647058823529]"
original,owner_nonH8,FREE_NO_H,sequential,50,T2L,9,17,17,7,0,"[0.46296296296296297, 0.46296296296296297]","[0.4117647058823529, 0.4117647058823529]"
original,owner_nonH8,FREE_H1,sequential,50,T2L,9,17,17,7,0,"[0.46296296296296297, 0.46296296296296297]","[0.4117647058823529, 0.4117647058823529]"
new_Base_sensitivity,owner_nonH8,CP_NO_H,sequential,50,T2L,9,17,17,7,0,"[0.46296296296296297, 0.46296296296296297]","[0.4117647058823529, 0.4117647058823529]"
new_Base_sensitivity,owner_nonH8,CP_H1,sequential,50,T2L,9,17,17,7,0,"[0.46296296296296297, 0.46296296296296297]","[0.4117647058823529, 0.4117647058823529]"
new_Base_sensitivity,owner_nonH8,TK_NO_H,sequential,50,T2L,9,17,17,7,0,"[0.46296296296296297, 0.46296296296296297]","[0.4117647058823529, 0.4117647058823529]"
new_Base_sensitivity,owner_nonH8,TK_H1,sequential,50,T2L,9,17,17,7,0,"[0.46296296296296297, 0.46296296296296297]","[0.4117647058823529, 0.4117647058823529]"
new_Base_sensitivity,owner_nonH8,FREE_NO_H,sequential,50,T2L,9,17,17,7,0,"[0.46296296296296297, 0.46296296296296297]","[0.4117647058823529, 0.4117647058823529]"
new_Base_sensitivity,owner_nonH8,FREE_H1,sequential,50,T2L,9,17,17,7,0,"[0.46296296296296297, 0.46296296296296297]","[0.4117647058823529, 0.4117647058823529]"
original,selected_H8,CP_NO_H,sequential,50,T2L,0,0,0,0,0,,
original,selected_H8,CP_H1,sequential,50,T2L,0,0,0,0,0,,
original,selected_H8,TK_NO_H,sequential,50,T2L,0,0,0,0,0,,
original,selected_H8,TK_H1,sequential,50,T2L,0,0,0,0,0,,
original,selected_H8,FREE_NO_H,sequential,50,T2L,0,0,0,0,0,,
original,selected_H8,FREE_H1,sequential,50,T2L,0,0,0,0,0,,
new_Base_sensitivity,selected_H8,CP_NO_H,sequential,50,T2L,0,0,0,0,0,,
new_Base_sensitivity,selected_H8,CP_H1,sequential,50,T2L,0,0,0,0,0,,
new_Base_sensitivity,selected_H8,TK_NO_H,sequential,50,T2L,0,0,0,0,0,,
new_Base_sensitivity,selected_H8,TK_H1,sequential,50,T2L,0,0,0,0,0,,
new_Base_sensitivity,selected_H8,FREE_NO_H,sequential,50,T2L,0,0,0,0,0,,
new_Base_sensitivity,selected_H8,FREE_H1,sequential,50,T2L,0,0,0,0,0,,
original,selected_nonH8,CP_NO_H,sequential,50,T2L,9,17,17,7,0,"[0.46296296296296297, 0.46296296296296297]","[0.4117647058823529, 0.4117647058823529]"
original,selected_nonH8,CP_H1,sequential,50,T2L,9,17,17,7,0,"[0.46296296296296297, 0.46296296296296297]","[0.4117647058823529, 0.4117647058823529]"
original,selected_nonH8,TK_NO_H,sequential,50,T2L,9,17,17,7,0,"[0.46296296296296297, 0.46296296296296297]","[0.4117647058823529, 0.4117647058823529]"
original,selected_nonH8,TK_H1,sequential,50,T2L,9,17,17,7,0,"[0.46296296296296297, 0.46296296296296297]","[0.4117647058823529, 0.4117647058823529]"
original,selected_nonH8,FREE_NO_H,sequential,50,T2L,9,17,17,7,0,"[0.46296296296296297, 0.46296296296296297]","[0.4117647058823529, 0.4117647058823529]"
original,selected_nonH8,FREE_H1,sequential,50,T2L,9,17,17,7,0,"[0.46296296296296297, 0.46296296296296297]","[0.4117647058823529, 0.4117647058823529]"
new_Base_sensitivity,selected_nonH8,CP_NO_H,sequential,50,T2L,9,17,17,7,0,"[0.46296296296296297, 0.46296296296296297]","[0.4117647058823529, 0.4117647058823529]"
new_Base_sensitivity,selected_nonH8,CP_H1,sequential,50,T2L,9,17,17,7,0,"[0.46296296296296297, 0.46296296296296297]","[0.4117647058823529, 0.4117647058823529]"
new_Base_sensitivity,selected_nonH8,TK_NO_H,sequential,50,T2L,9,17,17,7,0,"[0.46296296296296297, 0.46296296296296297]","[0.4117647058823529, 0.4117647058823529]"
new_Base_sensitivity,selected_nonH8,TK_H1,sequential,50,T2L,9,17,17,7,0,"[0.46296296296296297, 0.46296296296296297]","[0.4117647058823529, 0.4117647058823529]"
new_Base_sensitivity,selected_nonH8,FREE_NO_H,sequential,50,T2L,9,17,17,7,0,"[0.46296296296296297, 0.46296296296296297]","[0.4117647058823529, 0.4117647058823529]"
new_Base_sensitivity,selected_nonH8,FREE_H1,sequential,50,T2L,9,17,17,7,0,"[0.46296296296296297, 0.46296296296296297]","[0.4117647058823529, 0.4117647058823529]"
original,selected_Base,CP_NO_H,sequential,50,T2L,0,0,0,0,0,,
original,selected_Base,CP_H1,sequential,50,T2L,0,0,0,0,0,,
original,selected_Base,TK_NO_H,sequential,50,T2L,0,0,0,0,0,,
original,selected_Base,TK_H1,sequential,50,T2L,0,0,0,0,0,,
original,selected_Base,FREE_NO_H,sequential,50,T2L,0,0,0,0,0,,
original,selected_Base,FREE_H1,sequential,50,T2L,0,0,0,0,0,,
new_Base_sensitivity,selected_Base,CP_NO_H,sequential,50,T2L,0,0,0,0,0,,
new_Base_sensitivity,selected_Base,CP_H1,sequential,50,T2L,0,0,0,0,0,,
new_Base_sensitivity,selected_Base,TK_NO_H,sequential,50,T2L,0,0,0,0,0,,
new_Base_sensitivity,selected_Base,TK_H1,sequential,50,T2L,0,0,0,0,0,,
new_Base_sensitivity,selected_Base,FREE_NO_H,sequential,50,T2L,0,0,0,0,0,,
new_Base_sensitivity,selected_Base,FREE_H1,sequential,50,T2L,0,0,0,0,0,,
original,all,CP_NO_H,sequential,50,T4G,0,0,0,0,0,,
original,all,CP_H1,sequential,50,T4G,0,0,0,0,0,,
original,all,TK_NO_H,sequential,50,T4G,0,0,0,0,0,,
original,all,TK_H1,sequential,50,T4G,0,0,0,0,0,,
original,all,FREE_NO_H,sequential,50,T4G,0,0,0,0,0,,
original,all,FREE_H1,sequential,50,T4G,0,0,0,0,0,,
new_Base_sensitivity,all,CP_NO_H,sequential,50,T4G,0,0,0,0,0,,
new_Base_sensitivity,all,CP_H1,sequential,50,T4G,0,0,0,0,0,,
new_Base_sensitivity,all,TK_NO_H,sequential,50,T4G,0,0,0,0,0,,
new_Base_sensitivity,all,TK_H1,sequential,50,T4G,0,0,0,0,0,,
new_Base_sensitivity,all,FREE_NO_H,sequential,50,T4G,0,0,0,0,0,,
new_Base_sensitivity,all,FREE_H1,sequential,50,T4G,0,0,0,0,0,,
original,owner_H8,CP_NO_H,sequential,50,T4G,0,0,0,0,0,,
original,owner_H8,CP_H1,sequential,50,T4G,0,0,0,0,0,,
original,owner_H8,TK_NO_H,sequential,50,T4G,0,0,0,0,0,,
original,owner_H8,TK_H1,sequential,50,T4G,0,0,0,0,0,,
original,owner_H8,FREE_NO_H,sequential,50,T4G,0,0,0,0,0,,
original,owner_H8,FREE_H1,sequential,50,T4G,0,0,0,0,0,,
new_Base_sensitivity,owner_H8,CP_NO_H,sequential,50,T4G,0,0,0,0,0,,
new_Base_sensitivity,owner_H8,CP_H1,sequential,50,T4G,0,0,0,0,0,,
new_Base_sensitivity,owner_H8,TK_NO_H,sequential,50,T4G,0,0,0,0,0,,
new_Base_sensitivity,owner_H8,TK_H1,sequential,50,T4G,0,0,0,0,0,,
new_Base_sensitivity,owner_H8,FREE_NO_H,sequential,50,T4G,0,0,0,0,0,,
new_Base_sensitivity,owner_H8,FREE_H1,sequential,50,T4G,0,0,0,0,0,,
original,owner_nonH8,CP_NO_H,sequential,50,T4G,0,0,0,0,0,,
original,owner_nonH8,CP_H1,sequential,50,T4G,0,0,0,0,0,,
original,owner_nonH8,TK_NO_H,sequential,50,T4G,0,0,0,0,0,,
original,owner_nonH8,TK_H1,sequential,50,T4G,0,0,0,0,0,,
original,owner_nonH8,FREE_NO_H,sequential,50,T4G,0,0,0,0,0,,
original,owner_nonH8,FREE_H1,sequential,50,T4G,0,0,0,0,0,,
new_Base_sensitivity,owner_nonH8,CP_NO_H,sequential,50,T4G,0,0,0,0,0,,
new_Base_sensitivity,owner_nonH8,CP_H1,sequential,50,T4G,0,0,0,0,0,,
new_Base_sensitivity,owner_nonH8,TK_NO_H,sequential,50,T4G,0,0,0,0,0,,
new_Base_sensitivity,owner_nonH8,TK_H1,sequential,50,T4G,0,0,0,0,0,,
new_Base_sensitivity,owner_nonH8,FREE_NO_H,sequential,50,T4G,0,0,0,0,0,,
new_Base_sensitivity,owner_nonH8,FREE_H1,sequential,50,T4G,0,0,0,0,0,,
original,selected_H8,CP_NO_H,sequential,50,T4G,0,0,0,0,0,,
original,selected_H8,CP_H1,sequential,50,T4G,0,0,0,0,0,,
original,selected_H8,TK_NO_H,sequential,50,T4G,0,0,0,0,0,,
original,selected_H8,TK_H1,sequential,50,T4G,0,0,0,0,0,,
original,selected_H8,FREE_NO_H,sequential,50,T4G,0,0,0,0,0,,
original,selected_H8,FREE_H1,sequential,50,T4G,0,0,0,0,0,,
new_Base_sensitivity,selected_H8,CP_NO_H,sequential,50,T4G,0,0,0,0,0,,
new_Base_sensitivity,selected_H8,CP_H1,sequential,50,T4G,0,0,0,0,0,,
new_Base_sensitivity,selected_H8,TK_NO_H,sequential,50,T4G,0,0,0,0,0,,
new_Base_sensitivity,selected_H8,TK_H1,sequential,50,T4G,0,0,0,0,0,,
new_Base_sensitivity,selected_H8,FREE_NO_H,sequential,50,T4G,0,0,0,0,0,,
new_Base_sensitivity,selected_H8,FREE_H1,sequential,50,T4G,0,0,0,0,0,,
original,selected_nonH8,CP_NO_H,sequential,50,T4G,0,0,0,0,0,,
original,selected_nonH8,CP_H1,sequential,50,T4G,0,0,0,0,0,,
original,selected_nonH8,TK_NO_H,sequential,50,T4G,0,0,0,0,0,,
original,selected_nonH8,TK_H1,sequential,50,T4G,0,0,0,0,0,,
original,selected_nonH8,FREE_NO_H,sequential,50,T4G,0,0,0,0,0,,
original,selected_nonH8,FREE_H1,sequential,50,T4G,0,0,0,0,0,,
new_Base_sensitivity,selected_nonH8,CP_NO_H,sequential,50,T4G,0,0,0,0,0,,
new_Base_sensitivity,selected_nonH8,CP_H1,sequential,50,T4G,0,0,0,0,0,,
new_Base_sensitivity,selected_nonH8,TK_NO_H,sequential,50,T4G,0,0,0,0,0,,
new_Base_sensitivity,selected_nonH8,TK_H1,sequential,50,T4G,0,0,0,0,0,,
new_Base_sensitivity,selected_nonH8,FREE_NO_H,sequential,50,T4G,0,0,0,0,0,,
new_Base_sensitivity,selected_nonH8,FREE_H1,sequential,50,T4G,0,0,0,0,0,,
original,selected_Base,CP_NO_H,sequential,50,T4G,0,0,0,0,0,,
original,selected_Base,CP_H1,sequential,50,T4G,0,0,0,0,0,,
original,selected_Base,TK_NO_H,sequential,50,T4G,0,0,0,0,0,,
original,selected_Base,TK_H1,sequential,50,T4G,0,0,0,0,0,,
original,selected_Base,FREE_NO_H,sequential,50,T4G,0,0,0,0,0,,
original,selected_Base,FREE_H1,sequential,50,T4G,0,0,0,0,0,,
new_Base_sensitivity,selected_Base,CP_NO_H,sequential,50,T4G,0,0,0,0,0,,
new_Base_sensitivity,selected_Base,CP_H1,sequential,50,T4G,0,0,0,0,0,,
new_Base_sensitivity,selected_Base,TK_NO_H,sequential,50,T4G,0,0,0,0,0,,
new_Base_sensitivity,selected_Base,TK_H1,sequential,50,T4G,0,0,0,0,0,,
new_Base_sensitivity,selected_Base,FREE_NO_H,sequential,50,T4G,0,0,0,0,0,,
new_Base_sensitivity,selected_Base,FREE_H1,sequential,50,T4G,0,0,0,0,0,,
original,all,CP_NO_H,sequential,100,T0,100,100,100,98,0,"[0.98, 0.98]","[0.98, 0.98]"
original,all,CP_H1,sequential,100,T0,100,100,100,98,0,"[0.98, 0.98]","[0.98, 0.98]"
original,all,TK_NO_H,sequential,100,T0,100,100,100,98,0,"[0.98, 0.98]","[0.98, 0.98]"
original,all,TK_H1,sequential,100,T0,100,100,100,98,0,"[0.98, 0.98]","[0.98, 0.98]"
original,all,FREE_NO_H,sequential,100,T0,100,100,100,98,0,"[0.98, 0.98]","[0.98, 0.98]"
original,all,FREE_H1,sequential,100,T0,100,100,100,98,0,"[0.98, 0.98]","[0.98, 0.98]"
new_Base_sensitivity,all,CP_NO_H,sequential,100,T0,100,100,100,98,0,"[0.98, 0.98]","[0.98, 0.98]"
new_Base_sensitivity,all,CP_H1,sequential,100,T0,100,100,100,98,0,"[0.98, 0.98]","[0.98, 0.98]"
new_Base_sensitivity,all,TK_NO_H,sequential,100,T0,100,100,100,98,0,"[0.98, 0.98]","[0.98, 0.98]"
new_Base_sensitivity,all,TK_H1,sequential,100,T0,100,100,100,98,0,"[0.98, 0.98]","[0.98, 0.98]"
new_Base_sensitivity,all,FREE_NO_H,sequential,100,T0,100,100,100,98,0,"[0.98, 0.98]","[0.98, 0.98]"
new_Base_sensitivity,all,FREE_H1,sequential,100,T0,100,100,100,98,0,"[0.98, 0.98]","[0.98, 0.98]"
original,owner_H8,CP_NO_H,sequential,100,T0,5,5,5,5,0,"[1.0, 1.0]","[1.0, 1.0]"
original,owner_H8,CP_H1,sequential,100,T0,5,5,5,5,0,"[1.0, 1.0]","[1.0, 1.0]"
original,owner_H8,TK_NO_H,sequential,100,T0,5,5,5,5,0,"[1.0, 1.0]","[1.0, 1.0]"
original,owner_H8,TK_H1,sequential,100,T0,5,5,5,5,0,"[1.0, 1.0]","[1.0, 1.0]"
original,owner_H8,FREE_NO_H,sequential,100,T0,5,5,5,5,0,"[1.0, 1.0]","[1.0, 1.0]"
original,owner_H8,FREE_H1,sequential,100,T0,5,5,5,5,0,"[1.0, 1.0]","[1.0, 1.0]"
new_Base_sensitivity,owner_H8,CP_NO_H,sequential,100,T0,5,5,5,5,0,"[1.0, 1.0]","[1.0, 1.0]"
new_Base_sensitivity,owner_H8,CP_H1,sequential,100,T0,5,5,5,5,0,"[1.0, 1.0]","[1.0, 1.0]"
new_Base_sensitivity,owner_H8,TK_NO_H,sequential,100,T0,5,5,5,5,0,"[1.0, 1.0]","[1.0, 1.0]"
new_Base_sensitivity,owner_H8,TK_H1,sequential,100,T0,5,5,5,5,0,"[1.0, 1.0]","[1.0, 1.0]"
new_Base_sensitivity,owner_H8,FREE_NO_H,sequential,100,T0,5,5,5,5,0,"[1.0, 1.0]","[1.0, 1.0]"
new_Base_sensitivity,owner_H8,FREE_H1,sequential,100,T0,5,5,5,5,0,"[1.0, 1.0]","[1.0, 1.0]"
original,owner_nonH8,CP_NO_H,sequential,100,T0,95,95,95,93,0,"[0.9789473684210527, 0.9789473684210527]","[0.9789473684210527, 0.9789473684210527]"
original,owner_nonH8,CP_H1,sequential,100,T0,95,95,95,93,0,"[0.9789473684210527, 0.9789473684210527]","[0.9789473684210527, 0.9789473684210527]"
original,owner_nonH8,TK_NO_H,sequential,100,T0,95,95,95,93,0,"[0.9789473684210527, 0.9789473684210527]","[0.9789473684210527, 0.9789473684210527]"
original,owner_nonH8,TK_H1,sequential,100,T0,95,95,95,93,0,"[0.9789473684210527, 0.9789473684210527]","[0.9789473684210527, 0.9789473684210527]"
original,owner_nonH8,FREE_NO_H,sequential,100,T0,95,95,95,93,0,"[0.9789473684210527, 0.9789473684210527]","[0.9789473684210527, 0.9789473684210527]"
original,owner_nonH8,FREE_H1,sequential,100,T0,95,95,95,93,0,"[0.9789473684210527, 0.9789473684210527]","[0.9789473684210527, 0.9789473684210527]"
new_Base_sensitivity,owner_nonH8,CP_NO_H,sequential,100,T0,95,95,95,93,0,"[0.9789473684210527, 0.9789473684210527]","[0.9789473684210527, 0.9789473684210527]"
new_Base_sensitivity,owner_nonH8,CP_H1,sequential,100,T0,95,95,95,93,0,"[0.9789473684210527, 0.9789473684210527]","[0.9789473684210527, 0.9789473684210527]"
new_Base_sensitivity,owner_nonH8,TK_NO_H,sequential,100,T0,95,95,95,93,0,"[0.9789473684210527, 0.9789473684210527]","[0.9789473684210527, 0.9789473684210527]"
new_Base_sensitivity,owner_nonH8,TK_H1,sequential,100,T0,95,95,95,93,0,"[0.9789473684210527, 0.9789473684210527]","[0.9789473684210527, 0.9789473684210527]"
new_Base_sensitivity,owner_nonH8,FREE_NO_H,sequential,100,T0,95,95,95,93,0,"[0.9789473684210527, 0.9789473684210527]","[0.9789473684210527, 0.9789473684210527]"
new_Base_sensitivity,owner_nonH8,FREE_H1,sequential,100,T0,95,95,95,93,0,"[0.9789473684210527, 0.9789473684210527]","[0.9789473684210527, 0.9789473684210527]"
original,selected_H8,CP_NO_H,sequential,100,T0,5,5,5,5,0,"[1.0, 1.0]","[1.0, 1.0]"
original,selected_H8,CP_H1,sequential,100,T0,5,5,5,5,0,"[1.0, 1.0]","[1.0, 1.0]"
original,selected_H8,TK_NO_H,sequential,100,T0,5,5,5,5,0,"[1.0, 1.0]","[1.0, 1.0]"
original,selected_H8,TK_H1,sequential,100,T0,5,5,5,5,0,"[1.0, 1.0]","[1.0, 1.0]"
original,selected_H8,FREE_NO_H,sequential,100,T0,5,5,5,5,0,"[1.0, 1.0]","[1.0, 1.0]"
original,selected_H8,FREE_H1,sequential,100,T0,5,5,5,5,0,"[1.0, 1.0]","[1.0, 1.0]"
new_Base_sensitivity,selected_H8,CP_NO_H,sequential,100,T0,5,5,5,5,0,"[1.0, 1.0]","[1.0, 1.0]"
new_Base_sensitivity,selected_H8,CP_H1,sequential,100,T0,5,5,5,5,0,"[1.0, 1.0]","[1.0, 1.0]"
new_Base_sensitivity,selected_H8,TK_NO_H,sequential,100,T0,5,5,5,5,0,"[1.0, 1.0]","[1.0, 1.0]"
new_Base_sensitivity,selected_H8,TK_H1,sequential,100,T0,5,5,5,5,0,"[1.0, 1.0]","[1.0, 1.0]"
new_Base_sensitivity,selected_H8,FREE_NO_H,sequential,100,T0,5,5,5,5,0,"[1.0, 1.0]","[1.0, 1.0]"
new_Base_sensitivity,selected_H8,FREE_H1,sequential,100,T0,5,5,5,5,0,"[1.0, 1.0]","[1.0, 1.0]"
original,selected_nonH8,CP_NO_H,sequential,100,T0,95,95,95,93,0,"[0.9789473684210527, 0.9789473684210527]","[0.9789473684210527, 0.9789473684210527]"
original,selected_nonH8,CP_H1,sequential,100,T0,95,95,95,93,0,"[0.9789473684210527, 0.9789473684210527]","[0.9789473684210527, 0.9789473684210527]"
original,selected_nonH8,TK_NO_H,sequential,100,T0,95,95,95,93,0,"[0.9789473684210527, 0.9789473684210527]","[0.9789473684210527, 0.9789473684210527]"
original,selected_nonH8,TK_H1,sequential,100,T0,95,95,95,93,0,"[0.9789473684210527, 0.9789473684210527]","[0.9789473684210527, 0.9789473684210527]"
original,selected_nonH8,FREE_NO_H,sequential,100,T0,95,95,95,93,0,"[0.9789473684210527, 0.9789473684210527]","[0.9789473684210527, 0.9789473684210527]"
original,selected_nonH8,FREE_H1,sequential,100,T0,95,95,95,93,0,"[0.9789473684210527, 0.9789473684210527]","[0.9789473684210527, 0.9789473684210527]"
new_Base_sensitivity,selected_nonH8,CP_NO_H,sequential,100,T0,95,95,95,93,0,"[0.9789473684210527, 0.9789473684210527]","[0.9789473684210527, 0.9789473684210527]"
new_Base_sensitivity,selected_nonH8,CP_H1,sequential,100,T0,95,95,95,93,0,"[0.9789473684210527, 0.9789473684210527]","[0.9789473684210527, 0.9789473684210527]"
new_Base_sensitivity,selected_nonH8,TK_NO_H,sequential,100,T0,95,95,95,93,0,"[0.9789473684210527, 0.9789473684210527]","[0.9789473684210527, 0.9789473684210527]"
new_Base_sensitivity,selected_nonH8,TK_H1,sequential,100,T0,95,95,95,93,0,"[0.9789473684210527, 0.9789473684210527]","[0.9789473684210527, 0.9789473684210527]"
new_Base_sensitivity,selected_nonH8,FREE_NO_H,sequential,100,T0,95,95,95,93,0,"[0.9789473684210527, 0.9789473684210527]","[0.9789473684210527, 0.9789473684210527]"
new_Base_sensitivity,selected_nonH8,FREE_H1,sequential,100,T0,95,95,95,93,0,"[0.9789473684210527, 0.9789473684210527]","[0.9789473684210527, 0.9789473684210527]"
original,selected_Base,CP_NO_H,sequential,100,T0,0,0,0,0,0,,
original,selected_Base,CP_H1,sequential,100,T0,0,0,0,0,0,,
original,selected_Base,TK_NO_H,sequential,100,T0,0,0,0,0,0,,
original,selected_Base,TK_H1,sequential,100,T0,0,0,0,0,0,,
original,selected_Base,FREE_NO_H,sequential,100,T0,0,0,0,0,0,,
original,selected_Base,FREE_H1,sequential,100,T0,0,0,0,0,0,,
new_Base_sensitivity,selected_Base,CP_NO_H,sequential,100,T0,0,0,0,0,0,,
new_Base_sensitivity,selected_Base,CP_H1,sequential,100,T0,0,0,0,0,0,,
new_Base_sensitivity,selected_Base,TK_NO_H,sequential,100,T0,0,0,0,0,0,,
new_Base_sensitivity,selected_Base,TK_H1,sequential,100,T0,0,0,0,0,0,,
new_Base_sensitivity,selected_Base,FREE_NO_H,sequential,100,T0,0,0,0,0,0,,
new_Base_sensitivity,selected_Base,FREE_H1,sequential,100,T0,0,0,0,0,0,,
original,all,CP_NO_H,sequential,100,T1G,100,394,394,351,0,"[0.89, 0.89]","[0.8908629441624365, 0.8908629441624365]"
original,all,CP_H1,sequential,100,T1G,100,394,394,350,0,"[0.8875, 0.8875]","[0.8883248730964467, 0.8883248730964467]"
original,all,TK_NO_H,sequential,100,T1G,100,394,394,351,0,"[0.89, 0.89]","[0.8908629441624365, 0.8908629441624365]"
original,all,TK_H1,sequential,100,T1G,100,394,394,350,0,"[0.8875, 0.8875]","[0.8883248730964467, 0.8883248730964467]"
original,all,FREE_NO_H,sequential,100,T1G,100,394,394,350,0,"[0.8875, 0.8875]","[0.8883248730964467, 0.8883248730964467]"
original,all,FREE_H1,sequential,100,T1G,100,394,394,351,0,"[0.89, 0.89]","[0.8908629441624365, 0.8908629441624365]"
new_Base_sensitivity,all,CP_NO_H,sequential,100,T1G,99,391,391,349,0,"[0.8930976430976431, 0.8930976430976431]","[0.8925831202046036, 0.8925831202046036]"
new_Base_sensitivity,all,CP_H1,sequential,100,T1G,99,391,391,348,0,"[0.8905723905723906, 0.8905723905723906]","[0.8900255754475703, 0.8900255754475703]"
new_Base_sensitivity,all,TK_NO_H,sequential,100,T1G,99,391,391,349,0,"[0.8930976430976431, 0.8930976430976431]","[0.8925831202046036, 0.8925831202046036]"
new_Base_sensitivity,all,TK_H1,sequential,100,T1G,99,391,391,348,0,"[0.8905723905723906, 0.8905723905723906]","[0.8900255754475703, 0.8900255754475703]"
new_Base_sensitivity,all,FREE_NO_H,sequential,100,T1G,99,391,391,348,0,"[0.8905723905723906, 0.8905723905723906]","[0.8900255754475703, 0.8900255754475703]"
new_Base_sensitivity,all,FREE_H1,sequential,100,T1G,99,391,391,349,0,"[0.8930976430976431, 0.8930976430976431]","[0.8925831202046036, 0.8925831202046036]"
original,owner_H8,CP_NO_H,sequential,100,T1G,5,19,19,19,0,"[1.0, 1.0]","[1.0, 1.0]"
original,owner_H8,CP_H1,sequential,100,T1G,5,19,19,19,0,"[1.0, 1.0]","[1.0, 1.0]"
original,owner_H8,TK_NO_H,sequential,100,T1G,5,19,19,19,0,"[1.0, 1.0]","[1.0, 1.0]"
original,owner_H8,TK_H1,sequential,100,T1G,5,19,19,19,0,"[1.0, 1.0]","[1.0, 1.0]"
original,owner_H8,FREE_NO_H,sequential,100,T1G,5,19,19,19,0,"[1.0, 1.0]","[1.0, 1.0]"
original,owner_H8,FREE_H1,sequential,100,T1G,5,19,19,19,0,"[1.0, 1.0]","[1.0, 1.0]"
new_Base_sensitivity,owner_H8,CP_NO_H,sequential,100,T1G,5,20,20,20,0,"[1.0, 1.0]","[1.0, 1.0]"
new_Base_sensitivity,owner_H8,CP_H1,sequential,100,T1G,5,20,20,20,0,"[1.0, 1.0]","[1.0, 1.0]"
new_Base_sensitivity,owner_H8,TK_NO_H,sequential,100,T1G,5,20,20,20,0,"[1.0, 1.0]","[1.0, 1.0]"
new_Base_sensitivity,owner_H8,TK_H1,sequential,100,T1G,5,20,20,20,0,"[1.0, 1.0]","[1.0, 1.0]"
new_Base_sensitivity,owner_H8,FREE_NO_H,sequential,100,T1G,5,20,20,20,0,"[1.0, 1.0]","[1.0, 1.0]"
new_Base_sensitivity,owner_H8,FREE_H1,sequential,100,T1G,5,20,20,20,0,"[1.0, 1.0]","[1.0, 1.0]"
original,owner_nonH8,CP_NO_H,sequential,100,T1G,95,375,375,332,0,"[0.8842105263157894, 0.8842105263157894]","[0.8853333333333333, 0.8853333333333333]"
original,owner_nonH8,CP_H1,sequential,100,T1G,95,375,375,331,0,"[0.881578947368421, 0.881578947368421]","[0.8826666666666667, 0.8826666666666667]"
original,owner_nonH8,TK_NO_H,sequential,100,T1G,95,375,375,332,0,"[0.8842105263157894, 0.8842105263157894]","[0.8853333333333333, 0.8853333333333333]"
original,owner_nonH8,TK_H1,sequential,100,T1G,95,375,375,331,0,"[0.881578947368421, 0.881578947368421]","[0.8826666666666667, 0.8826666666666667]"
original,owner_nonH8,FREE_NO_H,sequential,100,T1G,95,375,375,331,0,"[0.881578947368421, 0.881578947368421]","[0.8826666666666667, 0.8826666666666667]"
original,owner_nonH8,FREE_H1,sequential,100,T1G,95,375,375,332,0,"[0.8842105263157894, 0.8842105263157894]","[0.8853333333333333, 0.8853333333333333]"
new_Base_sensitivity,owner_nonH8,CP_NO_H,sequential,100,T1G,94,371,371,329,0,"[0.8874113475177305, 0.8874113475177305]","[0.8867924528301887, 0.8867924528301887]"
new_Base_sensitivity,owner_nonH8,CP_H1,sequential,100,T1G,94,371,371,328,0,"[0.8847517730496454, 0.8847517730496454]","[0.8840970350404312, 0.8840970350404312]"
new_Base_sensitivity,owner_nonH8,TK_NO_H,sequential,100,T1G,94,371,371,329,0,"[0.8874113475177305, 0.8874113475177305]","[0.8867924528301887, 0.8867924528301887]"
new_Base_sensitivity,owner_nonH8,TK_H1,sequential,100,T1G,94,371,371,328,0,"[0.8847517730496454, 0.8847517730496454]","[0.8840970350404312, 0.8840970350404312]"
new_Base_sensitivity,owner_nonH8,FREE_NO_H,sequential,100,T1G,94,371,371,328,0,"[0.8847517730496454, 0.8847517730496454]","[0.8840970350404312, 0.8840970350404312]"
new_Base_sensitivity,owner_nonH8,FREE_H1,sequential,100,T1G,94,371,371,329,0,"[0.8874113475177305, 0.8874113475177305]","[0.8867924528301887, 0.8867924528301887]"
original,selected_H8,CP_NO_H,sequential,100,T1G,8,22,22,20,0,"[0.75, 0.75]","[0.9090909090909091, 0.9090909090909091]"
original,selected_H8,CP_H1,sequential,100,T1G,8,22,22,19,0,"[0.625, 0.625]","[0.8636363636363636, 0.8636363636363636]"
original,selected_H8,TK_NO_H,sequential,100,T1G,8,22,22,20,0,"[0.75, 0.75]","[0.9090909090909091, 0.9090909090909091]"
original,selected_H8,TK_H1,sequential,100,T1G,8,22,22,19,0,"[0.625, 0.625]","[0.8636363636363636, 0.8636363636363636]"
original,selected_H8,FREE_NO_H,sequential,100,T1G,8,22,22,19,0,"[0.625, 0.625]","[0.8636363636363636, 0.8636363636363636]"
original,selected_H8,FREE_H1,sequential,100,T1G,8,22,22,20,0,"[0.75, 0.75]","[0.9090909090909091, 0.9090909090909091]"
new_Base_sensitivity,selected_H8,CP_NO_H,sequential,100,T1G,8,23,23,21,0,"[0.75, 0.75]","[0.9130434782608695, 0.9130434782608695]"
new_Base_sensitivity,selected_H8,CP_H1,sequential,100,T1G,8,23,23,20,0,"[0.625, 0.625]","[0.8695652173913043, 0.8695652173913043]"
new_Base_sensitivity,selected_H8,TK_NO_H,sequential,100,T1G,8,23,23,21,0,"[0.75, 0.75]","[0.9130434782608695, 0.9130434782608695]"
new_Base_sensitivity,selected_H8,TK_H1,sequential,100,T1G,8,23,23,20,0,"[0.625, 0.625]","[0.8695652173913043, 0.8695652173913043]"
new_Base_sensitivity,selected_H8,FREE_NO_H,sequential,100,T1G,8,23,23,20,0,"[0.625, 0.625]","[0.8695652173913043, 0.8695652173913043]"
new_Base_sensitivity,selected_H8,FREE_H1,sequential,100,T1G,8,23,23,21,0,"[0.75, 0.75]","[0.9130434782608695, 0.9130434782608695]"
original,selected_nonH8,CP_NO_H,sequential,100,T1G,95,372,372,331,0,"[0.8921052631578947, 0.8921052631578947]","[0.8897849462365591, 0.8897849462365591]"
original,selected_nonH8,CP_H1,sequential,100,T1G,95,372,372,331,0,"[0.8921052631578947, 0.8921052631578947]","[0.8897849462365591, 0.8897849462365591]"
original,selected_nonH8,TK_NO_H,sequential,100,T1G,95,372,372,331,0,"[0.8921052631578947, 0.8921052631578947]","[0.8897849462365591, 0.8897849462365591]"
original,selected_nonH8,TK_H1,sequential,100,T1G,95,372,372,331,0,"[0.8921052631578947, 0.8921052631578947]","[0.8897849462365591, 0.8897849462365591]"
original,selected_nonH8,FREE_NO_H,sequential,100,T1G,95,372,372,331,0,"[0.8921052631578947, 0.8921052631578947]","[0.8897849462365591, 0.8897849462365591]"
original,selected_nonH8,FREE_H1,sequential,100,T1G,95,372,372,331,0,"[0.8921052631578947, 0.8921052631578947]","[0.8897849462365591, 0.8897849462365591]"
new_Base_sensitivity,selected_nonH8,CP_NO_H,sequential,100,T1G,94,368,368,328,0,"[0.8927304964539007, 0.8927304964539007]","[0.8913043478260869, 0.8913043478260869]"
new_Base_sensitivity,selected_nonH8,CP_H1,sequential,100,T1G,94,368,368,328,0,"[0.8927304964539007, 0.8927304964539007]","[0.8913043478260869, 0.8913043478260869]"
new_Base_sensitivity,selected_nonH8,TK_NO_H,sequential,100,T1G,94,368,368,328,0,"[0.8927304964539007, 0.8927304964539007]","[0.8913043478260869, 0.8913043478260869]"
new_Base_sensitivity,selected_nonH8,TK_H1,sequential,100,T1G,94,368,368,328,0,"[0.8927304964539007, 0.8927304964539007]","[0.8913043478260869, 0.8913043478260869]"
new_Base_sensitivity,selected_nonH8,FREE_NO_H,sequential,100,T1G,94,368,368,328,0,"[0.8927304964539007, 0.8927304964539007]","[0.8913043478260869, 0.8913043478260869]"
new_Base_sensitivity,selected_nonH8,FREE_H1,sequential,100,T1G,94,368,368,328,0,"[0.8927304964539007, 0.8927304964539007]","[0.8913043478260869, 0.8913043478260869]"
original,selected_Base,CP_NO_H,sequential,100,T1G,0,0,0,0,0,,
original,selected_Base,CP_H1,sequential,100,T1G,0,0,0,0,0,,
original,selected_Base,TK_NO_H,sequential,100,T1G,0,0,0,0,0,,
original,selected_Base,TK_H1,sequential,100,T1G,0,0,0,0,0,,
original,selected_Base,FREE_NO_H,sequential,100,T1G,0,0,0,0,0,,
original,selected_Base,FREE_H1,sequential,100,T1G,0,0,0,0,0,,
new_Base_sensitivity,selected_Base,CP_NO_H,sequential,100,T1G,0,0,0,0,0,,
new_Base_sensitivity,selected_Base,CP_H1,sequential,100,T1G,0,0,0,0,0,,
new_Base_sensitivity,selected_Base,TK_NO_H,sequential,100,T1G,0,0,0,0,0,,
new_Base_sensitivity,selected_Base,TK_H1,sequential,100,T1G,0,0,0,0,0,,
new_Base_sensitivity,selected_Base,FREE_NO_H,sequential,100,T1G,0,0,0,0,0,,
new_Base_sensitivity,selected_Base,FREE_H1,sequential,100,T1G,0,0,0,0,0,,
original,all,CP_NO_H,sequential,100,T1L,1,2,2,2,0,"[1.0, 1.0]","[1.0, 1.0]"
original,all,CP_H1,sequential,100,T1L,1,2,2,2,0,"[1.0, 1.0]","[1.0, 1.0]"
original,all,TK_NO_H,sequential,100,T1L,1,2,2,2,0,"[1.0, 1.0]","[1.0, 1.0]"
original,all,TK_H1,sequential,100,T1L,1,2,2,2,0,"[1.0, 1.0]","[1.0, 1.0]"
original,all,FREE_NO_H,sequential,100,T1L,1,2,2,2,0,"[1.0, 1.0]","[1.0, 1.0]"
original,all,FREE_H1,sequential,100,T1L,1,2,2,2,0,"[1.0, 1.0]","[1.0, 1.0]"
new_Base_sensitivity,all,CP_NO_H,sequential,100,T1L,1,2,2,2,0,"[1.0, 1.0]","[1.0, 1.0]"
new_Base_sensitivity,all,CP_H1,sequential,100,T1L,1,2,2,2,0,"[1.0, 1.0]","[1.0, 1.0]"
new_Base_sensitivity,all,TK_NO_H,sequential,100,T1L,1,2,2,2,0,"[1.0, 1.0]","[1.0, 1.0]"
new_Base_sensitivity,all,TK_H1,sequential,100,T1L,1,2,2,2,0,"[1.0, 1.0]","[1.0, 1.0]"
new_Base_sensitivity,all,FREE_NO_H,sequential,100,T1L,1,2,2,2,0,"[1.0, 1.0]","[1.0, 1.0]"
new_Base_sensitivity,all,FREE_H1,sequential,100,T1L,1,2,2,2,0,"[1.0, 1.0]","[1.0, 1.0]"
original,owner_H8,CP_NO_H,sequential,100,T1L,0,0,0,0,0,,
original,owner_H8,CP_H1,sequential,100,T1L,0,0,0,0,0,,
original,owner_H8,TK_NO_H,sequential,100,T1L,0,0,0,0,0,,
original,owner_H8,TK_H1,sequential,100,T1L,0,0,0,0,0,,
original,owner_H8,FREE_NO_H,sequential,100,T1L,0,0,0,0,0,,
original,owner_H8,FREE_H1,sequential,100,T1L,0,0,0,0,0,,
new_Base_sensitivity,owner_H8,CP_NO_H,sequential,100,T1L,0,0,0,0,0,,
new_Base_sensitivity,owner_H8,CP_H1,sequential,100,T1L,0,0,0,0,0,,
new_Base_sensitivity,owner_H8,TK_NO_H,sequential,100,T1L,0,0,0,0,0,,
new_Base_sensitivity,owner_H8,TK_H1,sequential,100,T1L,0,0,0,0,0,,
new_Base_sensitivity,owner_H8,FREE_NO_H,sequential,100,T1L,0,0,0,0,0,,
new_Base_sensitivity,owner_H8,FREE_H1,sequential,100,T1L,0,0,0,0,0,,
original,owner_nonH8,CP_NO_H,sequential,100,T1L,1,2,2,2,0,"[1.0, 1.0]","[1.0, 1.0]"
original,owner_nonH8,CP_H1,sequential,100,T1L,1,2,2,2,0,"[1.0, 1.0]","[1.0, 1.0]"
original,owner_nonH8,TK_NO_H,sequential,100,T1L,1,2,2,2,0,"[1.0, 1.0]","[1.0, 1.0]"
original,owner_nonH8,TK_H1,sequential,100,T1L,1,2,2,2,0,"[1.0, 1.0]","[1.0, 1.0]"
original,owner_nonH8,FREE_NO_H,sequential,100,T1L,1,2,2,2,0,"[1.0, 1.0]","[1.0, 1.0]"
original,owner_nonH8,FREE_H1,sequential,100,T1L,1,2,2,2,0,"[1.0, 1.0]","[1.0, 1.0]"
new_Base_sensitivity,owner_nonH8,CP_NO_H,sequential,100,T1L,1,2,2,2,0,"[1.0, 1.0]","[1.0, 1.0]"
new_Base_sensitivity,owner_nonH8,CP_H1,sequential,100,T1L,1,2,2,2,0,"[1.0, 1.0]","[1.0, 1.0]"
new_Base_sensitivity,owner_nonH8,TK_NO_H,sequential,100,T1L,1,2,2,2,0,"[1.0, 1.0]","[1.0, 1.0]"
new_Base_sensitivity,owner_nonH8,TK_H1,sequential,100,T1L,1,2,2,2,0,"[1.0, 1.0]","[1.0, 1.0]"
new_Base_sensitivity,owner_nonH8,FREE_NO_H,sequential,100,T1L,1,2,2,2,0,"[1.0, 1.0]","[1.0, 1.0]"
new_Base_sensitivity,owner_nonH8,FREE_H1,sequential,100,T1L,1,2,2,2,0,"[1.0, 1.0]","[1.0, 1.0]"
original,selected_H8,CP_NO_H,sequential,100,T1L,0,0,0,0,0,,
original,selected_H8,CP_H1,sequential,100,T1L,0,0,0,0,0,,
original,selected_H8,TK_NO_H,sequential,100,T1L,0,0,0,0,0,,
original,selected_H8,TK_H1,sequential,100,T1L,0,0,0,0,0,,
original,selected_H8,FREE_NO_H,sequential,100,T1L,0,0,0,0,0,,
original,selected_H8,FREE_H1,sequential,100,T1L,0,0,0,0,0,,
new_Base_sensitivity,selected_H8,CP_NO_H,sequential,100,T1L,0,0,0,0,0,,
new_Base_sensitivity,selected_H8,CP_H1,sequential,100,T1L,0,0,0,0,0,,
new_Base_sensitivity,selected_H8,TK_NO_H,sequential,100,T1L,0,0,0,0,0,,
new_Base_sensitivity,selected_H8,TK_H1,sequential,100,T1L,0,0,0,0,0,,
new_Base_sensitivity,selected_H8,FREE_NO_H,sequential,100,T1L,0,0,0,0,0,,
new_Base_sensitivity,selected_H8,FREE_H1,sequential,100,T1L,0,0,0,0,0,,
original,selected_nonH8,CP_NO_H,sequential,100,T1L,1,2,2,2,0,"[1.0, 1.0]","[1.0, 1.0]"
original,selected_nonH8,CP_H1,sequential,100,T1L,1,2,2,2,0,"[1.0, 1.0]","[1.0, 1.0]"
original,selected_nonH8,TK_NO_H,sequential,100,T1L,1,2,2,2,0,"[1.0, 1.0]","[1.0, 1.0]"
original,selected_nonH8,TK_H1,sequential,100,T1L,1,2,2,2,0,"[1.0, 1.0]","[1.0, 1.0]"
original,selected_nonH8,FREE_NO_H,sequential,100,T1L,1,2,2,2,0,"[1.0, 1.0]","[1.0, 1.0]"
original,selected_nonH8,FREE_H1,sequential,100,T1L,1,2,2,2,0,"[1.0, 1.0]","[1.0, 1.0]"
new_Base_sensitivity,selected_nonH8,CP_NO_H,sequential,100,T1L,1,2,2,2,0,"[1.0, 1.0]","[1.0, 1.0]"
new_Base_sensitivity,selected_nonH8,CP_H1,sequential,100,T1L,1,2,2,2,0,"[1.0, 1.0]","[1.0, 1.0]"
new_Base_sensitivity,selected_nonH8,TK_NO_H,sequential,100,T1L,1,2,2,2,0,"[1.0, 1.0]","[1.0, 1.0]"
new_Base_sensitivity,selected_nonH8,TK_H1,sequential,100,T1L,1,2,2,2,0,"[1.0, 1.0]","[1.0, 1.0]"
new_Base_sensitivity,selected_nonH8,FREE_NO_H,sequential,100,T1L,1,2,2,2,0,"[1.0, 1.0]","[1.0, 1.0]"
new_Base_sensitivity,selected_nonH8,FREE_H1,sequential,100,T1L,1,2,2,2,0,"[1.0, 1.0]","[1.0, 1.0]"
original,selected_Base,CP_NO_H,sequential,100,T1L,0,0,0,0,0,,
original,selected_Base,CP_H1,sequential,100,T1L,0,0,0,0,0,,
original,selected_Base,TK_NO_H,sequential,100,T1L,0,0,0,0,0,,
original,selected_Base,TK_H1,sequential,100,T1L,0,0,0,0,0,,
original,selected_Base,FREE_NO_H,sequential,100,T1L,0,0,0,0,0,,
original,selected_Base,FREE_H1,sequential,100,T1L,0,0,0,0,0,,
new_Base_sensitivity,selected_Base,CP_NO_H,sequential,100,T1L,0,0,0,0,0,,
new_Base_sensitivity,selected_Base,CP_H1,sequential,100,T1L,0,0,0,0,0,,
new_Base_sensitivity,selected_Base,TK_NO_H,sequential,100,T1L,0,0,0,0,0,,
new_Base_sensitivity,selected_Base,TK_H1,sequential,100,T1L,0,0,0,0,0,,
new_Base_sensitivity,selected_Base,FREE_NO_H,sequential,100,T1L,0,0,0,0,0,,
new_Base_sensitivity,selected_Base,FREE_H1,sequential,100,T1L,0,0,0,0,0,,
original,all,CP_NO_H,sequential,100,T2G,100,386,386,337,0,"[0.8758333333333334, 0.8758333333333334]","[0.8730569948186528, 0.8730569948186528]"
original,all,CP_H1,sequential,100,T2G,100,386,386,332,0,"[0.8625, 0.8625]","[0.8601036269430051, 0.8601036269430051]"
original,all,TK_NO_H,sequential,100,T2G,100,386,386,336,0,"[0.8733333333333333, 0.8733333333333333]","[0.8704663212435233, 0.8704663212435233]"
original,all,TK_H1,sequential,100,T2G,100,386,386,331,0,"[0.86, 0.86]","[0.8575129533678757, 0.8575129533678757]"
original,all,FREE_NO_H,sequential,100,T2G,100,386,386,338,0,"[0.8783333333333333, 0.8783333333333333]","[0.8756476683937824, 0.8756476683937824]"
original,all,FREE_H1,sequential,100,T2G,100,386,386,336,0,"[0.8733333333333333, 0.8733333333333333]","[0.8704663212435233, 0.8704663212435233]"
new_Base_sensitivity,all,CP_NO_H,sequential,100,T2G,100,383,383,334,0,"[0.8758333333333334, 0.8758333333333334]","[0.8720626631853786, 0.8720626631853786]"
new_Base_sensitivity,all,CP_H1,sequential,100,T2G,100,383,383,329,0,"[0.8625, 0.8625]","[0.8590078328981723, 0.8590078328981723]"
new_Base_sensitivity,all,TK_NO_H,sequential,100,T2G,100,383,383,333,0,"[0.8733333333333333, 0.8733333333333333]","[0.8694516971279374, 0.8694516971279374]"
new_Base_sensitivity,all,TK_H1,sequential,100,T2G,100,383,383,328,0,"[0.86, 0.86]","[0.856396866840731, 0.856396866840731]"
new_Base_sensitivity,all,FREE_NO_H,sequential,100,T2G,100,383,383,335,0,"[0.8783333333333333, 0.8783333333333333]","[0.8746736292428199, 0.8746736292428199]"
new_Base_sensitivity,all,FREE_H1,sequential,100,T2G,100,383,383,333,0,"[0.8733333333333333, 0.8733333333333333]","[0.8694516971279374, 0.8694516971279374]"
original,owner_H8,CP_NO_H,sequential,100,T2G,5,19,19,17,0,"[0.9, 0.9]","[0.8947368421052632, 0.8947368421052632]"
original,owner_H8,CP_H1,sequential,100,T2G,5,19,19,12,0,"[0.6333333333333333, 0.6333333333333333]","[0.631578947368421, 0.631578947368421]"
original,owner_H8,TK_NO_H,sequential,100,T2G,5,19,19,16,0,"[0.85, 0.85]","[0.8421052631578947, 0.8421052631578947]"
original,owner_H8,TK_H1,sequential,100,T2G,5,19,19,11,0,"[0.5833333333333334, 0.5833333333333334]","[0.5789473684210527, 0.5789473684210527]"
original,owner_H8,FREE_NO_H,sequential,100,T2G,5,19,19,18,0,"[0.95, 0.95]","[0.9473684210526315, 0.9473684210526315]"
original,owner_H8,FREE_H1,sequential,100,T2G,5,19,19,16,0,"[0.85, 0.85]","[0.8421052631578947, 0.8421052631578947]"
new_Base_sensitivity,owner_H8,CP_NO_H,sequential,100,T2G,5,19,19,17,0,"[0.9, 0.9]","[0.8947368421052632, 0.8947368421052632]"
new_Base_sensitivity,owner_H8,CP_H1,sequential,100,T2G,5,19,19,12,0,"[0.6333333333333333, 0.6333333333333333]","[0.631578947368421, 0.631578947368421]"
new_Base_sensitivity,owner_H8,TK_NO_H,sequential,100,T2G,5,19,19,16,0,"[0.85, 0.85]","[0.8421052631578947, 0.8421052631578947]"
new_Base_sensitivity,owner_H8,TK_H1,sequential,100,T2G,5,19,19,11,0,"[0.5833333333333334, 0.5833333333333334]","[0.5789473684210527, 0.5789473684210527]"
new_Base_sensitivity,owner_H8,FREE_NO_H,sequential,100,T2G,5,19,19,18,0,"[0.95, 0.95]","[0.9473684210526315, 0.9473684210526315]"
new_Base_sensitivity,owner_H8,FREE_H1,sequential,100,T2G,5,19,19,16,0,"[0.85, 0.85]","[0.8421052631578947, 0.8421052631578947]"
original,owner_nonH8,CP_NO_H,sequential,100,T2G,95,367,367,320,0,"[0.874561403508772, 0.874561403508772]","[0.8719346049046321, 0.8719346049046321]"
original,owner_nonH8,CP_H1,sequential,100,T2G,95,367,367,320,0,"[0.874561403508772, 0.874561403508772]","[0.8719346049046321, 0.8719346049046321]"
original,owner_nonH8,TK_NO_H,sequential,100,T2G,95,367,367,320,0,"[0.874561403508772, 0.874561403508772]","[0.8719346049046321, 0.8719346049046321]"
original,owner_nonH8,TK_H1,sequential,100,T2G,95,367,367,320,0,"[0.874561403508772, 0.874561403508772]","[0.8719346049046321, 0.8719346049046321]"
original,owner_nonH8,FREE_NO_H,sequential,100,T2G,95,367,367,320,0,"[0.874561403508772, 0.874561403508772]","[0.8719346049046321, 0.8719346049046321]"
original,owner_nonH8,FREE_H1,sequential,100,T2G,95,367,367,320,0,"[0.874561403508772, 0.874561403508772]","[0.8719346049046321, 0.8719346049046321]"
new_Base_sensitivity,owner_nonH8,CP_NO_H,sequential,100,T2G,95,364,364,317,0,"[0.874561403508772, 0.874561403508772]","[0.8708791208791209, 0.8708791208791209]"
new_Base_sensitivity,owner_nonH8,CP_H1,sequential,100,T2G,95,364,364,317,0,"[0.874561403508772, 0.874561403508772]","[0.8708791208791209, 0.8708791208791209]"
new_Base_sensitivity,owner_nonH8,TK_NO_H,sequential,100,T2G,95,364,364,317,0,"[0.874561403508772, 0.874561403508772]","[0.8708791208791209, 0.8708791208791209]"
new_Base_sensitivity,owner_nonH8,TK_H1,sequential,100,T2G,95,364,364,317,0,"[0.874561403508772, 0.874561403508772]","[0.8708791208791209, 0.8708791208791209]"
new_Base_sensitivity,owner_nonH8,FREE_NO_H,sequential,100,T2G,95,364,364,317,0,"[0.874561403508772, 0.874561403508772]","[0.8708791208791209, 0.8708791208791209]"
new_Base_sensitivity,owner_nonH8,FREE_H1,sequential,100,T2G,95,364,364,317,0,"[0.874561403508772, 0.874561403508772]","[0.8708791208791209, 0.8708791208791209]"
original,selected_H8,CP_NO_H,sequential,100,T2G,6,20,20,17,0,"[0.75, 0.75]","[0.85, 0.85]"
original,selected_H8,CP_H1,sequential,100,T2G,6,20,20,12,0,"[0.5277777777777778, 0.5277777777777778]","[0.6, 0.6]"
original,selected_H8,TK_NO_H,sequential,100,T2G,6,20,20,16,0,"[0.7083333333333334, 0.7083333333333334]","[0.8, 0.8]"
original,selected_H8,TK_H1,sequential,100,T2G,6,20,20,11,0,"[0.4861111111111111, 0.4861111111111111]","[0.55, 0.55]"
original,selected_H8,FREE_NO_H,sequential,100,T2G,6,20,20,18,0,"[0.7916666666666666, 0.7916666666666666]","[0.9, 0.9]"
original,selected_H8,FREE_H1,sequential,100,T2G,6,20,20,16,0,"[0.7083333333333334, 0.7083333333333334]","[0.8, 0.8]"
new_Base_sensitivity,selected_H8,CP_NO_H,sequential,100,T2G,6,20,20,17,0,"[0.75, 0.75]","[0.85, 0.85]"
new_Base_sensitivity,selected_H8,CP_H1,sequential,100,T2G,6,20,20,12,0,"[0.5277777777777778, 0.5277777777777778]","[0.6, 0.6]"
new_Base_sensitivity,selected_H8,TK_NO_H,sequential,100,T2G,6,20,20,16,0,"[0.7083333333333334, 0.7083333333333334]","[0.8, 0.8]"
new_Base_sensitivity,selected_H8,TK_H1,sequential,100,T2G,6,20,20,11,0,"[0.4861111111111111, 0.4861111111111111]","[0.55, 0.55]"
new_Base_sensitivity,selected_H8,FREE_NO_H,sequential,100,T2G,6,20,20,18,0,"[0.7916666666666666, 0.7916666666666666]","[0.9, 0.9]"
new_Base_sensitivity,selected_H8,FREE_H1,sequential,100,T2G,6,20,20,16,0,"[0.7083333333333334, 0.7083333333333334]","[0.8, 0.8]"
original,selected_nonH8,CP_NO_H,sequential,100,T2G,95,366,366,320,0,"[0.8771929824561403, 0.8771929824561403]","[0.8743169398907104, 0.8743169398907104]"
original,selected_nonH8,CP_H1,sequential,100,T2G,95,366,366,320,0,"[0.8771929824561403, 0.8771929824561403]","[0.8743169398907104, 0.8743169398907104]"
original,selected_nonH8,TK_NO_H,sequential,100,T2G,95,366,366,320,0,"[0.8771929824561403, 0.8771929824561403]","[0.8743169398907104, 0.8743169398907104]"
original,selected_nonH8,TK_H1,sequential,100,T2G,95,366,366,320,0,"[0.8771929824561403, 0.8771929824561403]","[0.8743169398907104, 0.8743169398907104]"
original,selected_nonH8,FREE_NO_H,sequential,100,T2G,95,366,366,320,0,"[0.8771929824561403, 0.8771929824561403]","[0.8743169398907104, 0.8743169398907104]"
original,selected_nonH8,FREE_H1,sequential,100,T2G,95,366,366,320,0,"[0.8771929824561403, 0.8771929824561403]","[0.8743169398907104, 0.8743169398907104]"
new_Base_sensitivity,selected_nonH8,CP_NO_H,sequential,100,T2G,95,363,363,317,0,"[0.8771929824561403, 0.8771929824561403]","[0.8732782369146006, 0.8732782369146006]"
new_Base_sensitivity,selected_nonH8,CP_H1,sequential,100,T2G,95,363,363,317,0,"[0.8771929824561403, 0.8771929824561403]","[0.8732782369146006, 0.8732782369146006]"
new_Base_sensitivity,selected_nonH8,TK_NO_H,sequential,100,T2G,95,363,363,317,0,"[0.8771929824561403, 0.8771929824561403]","[0.8732782369146006, 0.8732782369146006]"
new_Base_sensitivity,selected_nonH8,TK_H1,sequential,100,T2G,95,363,363,317,0,"[0.8771929824561403, 0.8771929824561403]","[0.8732782369146006, 0.8732782369146006]"
new_Base_sensitivity,selected_nonH8,FREE_NO_H,sequential,100,T2G,95,363,363,317,0,"[0.8771929824561403, 0.8771929824561403]","[0.8732782369146006, 0.8732782369146006]"
new_Base_sensitivity,selected_nonH8,FREE_H1,sequential,100,T2G,95,363,363,317,0,"[0.8771929824561403, 0.8771929824561403]","[0.8732782369146006, 0.8732782369146006]"
original,selected_Base,CP_NO_H,sequential,100,T2G,0,0,0,0,0,,
original,selected_Base,CP_H1,sequential,100,T2G,0,0,0,0,0,,
original,selected_Base,TK_NO_H,sequential,100,T2G,0,0,0,0,0,,
original,selected_Base,TK_H1,sequential,100,T2G,0,0,0,0,0,,
original,selected_Base,FREE_NO_H,sequential,100,T2G,0,0,0,0,0,,
original,selected_Base,FREE_H1,sequential,100,T2G,0,0,0,0,0,,
new_Base_sensitivity,selected_Base,CP_NO_H,sequential,100,T2G,0,0,0,0,0,,
new_Base_sensitivity,selected_Base,CP_H1,sequential,100,T2G,0,0,0,0,0,,
new_Base_sensitivity,selected_Base,TK_NO_H,sequential,100,T2G,0,0,0,0,0,,
new_Base_sensitivity,selected_Base,TK_H1,sequential,100,T2G,0,0,0,0,0,,
new_Base_sensitivity,selected_Base,FREE_NO_H,sequential,100,T2G,0,0,0,0,0,,
new_Base_sensitivity,selected_Base,FREE_H1,sequential,100,T2G,0,0,0,0,0,,
original,all,CP_NO_H,sequential,100,T2L,19,34,34,15,0,"[0.47368421052631576, 0.47368421052631576]","[0.4411764705882353, 0.4411764705882353]"
original,all,CP_H1,sequential,100,T2L,19,34,34,15,0,"[0.47368421052631576, 0.47368421052631576]","[0.4411764705882353, 0.4411764705882353]"
original,all,TK_NO_H,sequential,100,T2L,19,34,34,15,0,"[0.47368421052631576, 0.47368421052631576]","[0.4411764705882353, 0.4411764705882353]"
original,all,TK_H1,sequential,100,T2L,19,34,34,15,0,"[0.47368421052631576, 0.47368421052631576]","[0.4411764705882353, 0.4411764705882353]"
original,all,FREE_NO_H,sequential,100,T2L,19,34,34,15,0,"[0.47368421052631576, 0.47368421052631576]","[0.4411764705882353, 0.4411764705882353]"
original,all,FREE_H1,sequential,100,T2L,19,34,34,15,0,"[0.47368421052631576, 0.47368421052631576]","[0.4411764705882353, 0.4411764705882353]"
new_Base_sensitivity,all,CP_NO_H,sequential,100,T2L,19,34,34,15,0,"[0.47368421052631576, 0.47368421052631576]","[0.4411764705882353, 0.4411764705882353]"
new_Base_sensitivity,all,CP_H1,sequential,100,T2L,19,34,34,15,0,"[0.47368421052631576, 0.47368421052631576]","[0.4411764705882353, 0.4411764705882353]"
new_Base_sensitivity,all,TK_NO_H,sequential,100,T2L,19,34,34,15,0,"[0.47368421052631576, 0.47368421052631576]","[0.4411764705882353, 0.4411764705882353]"
new_Base_sensitivity,all,TK_H1,sequential,100,T2L,19,34,34,15,0,"[0.47368421052631576, 0.47368421052631576]","[0.4411764705882353, 0.4411764705882353]"
new_Base_sensitivity,all,FREE_NO_H,sequential,100,T2L,19,34,34,15,0,"[0.47368421052631576, 0.47368421052631576]","[0.4411764705882353, 0.4411764705882353]"
new_Base_sensitivity,all,FREE_H1,sequential,100,T2L,19,34,34,15,0,"[0.47368421052631576, 0.47368421052631576]","[0.4411764705882353, 0.4411764705882353]"
original,owner_H8,CP_NO_H,sequential,100,T2L,0,0,0,0,0,,
original,owner_H8,CP_H1,sequential,100,T2L,0,0,0,0,0,,
original,owner_H8,TK_NO_H,sequential,100,T2L,0,0,0,0,0,,
original,owner_H8,TK_H1,sequential,100,T2L,0,0,0,0,0,,
original,owner_H8,FREE_NO_H,sequential,100,T2L,0,0,0,0,0,,
original,owner_H8,FREE_H1,sequential,100,T2L,0,0,0,0,0,,
new_Base_sensitivity,owner_H8,CP_NO_H,sequential,100,T2L,0,0,0,0,0,,
new_Base_sensitivity,owner_H8,CP_H1,sequential,100,T2L,0,0,0,0,0,,
new_Base_sensitivity,owner_H8,TK_NO_H,sequential,100,T2L,0,0,0,0,0,,
new_Base_sensitivity,owner_H8,TK_H1,sequential,100,T2L,0,0,0,0,0,,
new_Base_sensitivity,owner_H8,FREE_NO_H,sequential,100,T2L,0,0,0,0,0,,
new_Base_sensitivity,owner_H8,FREE_H1,sequential,100,T2L,0,0,0,0,0,,
original,owner_nonH8,CP_NO_H,sequential,100,T2L,19,34,34,15,0,"[0.47368421052631576, 0.47368421052631576]","[0.4411764705882353, 0.4411764705882353]"
original,owner_nonH8,CP_H1,sequential,100,T2L,19,34,34,15,0,"[0.47368421052631576, 0.47368421052631576]","[0.4411764705882353, 0.4411764705882353]"
original,owner_nonH8,TK_NO_H,sequential,100,T2L,19,34,34,15,0,"[0.47368421052631576, 0.47368421052631576]","[0.4411764705882353, 0.4411764705882353]"
original,owner_nonH8,TK_H1,sequential,100,T2L,19,34,34,15,0,"[0.47368421052631576, 0.47368421052631576]","[0.4411764705882353, 0.4411764705882353]"
original,owner_nonH8,FREE_NO_H,sequential,100,T2L,19,34,34,15,0,"[0.47368421052631576, 0.47368421052631576]","[0.4411764705882353, 0.4411764705882353]"
original,owner_nonH8,FREE_H1,sequential,100,T2L,19,34,34,15,0,"[0.47368421052631576, 0.47368421052631576]","[0.4411764705882353, 0.4411764705882353]"
new_Base_sensitivity,owner_nonH8,CP_NO_H,sequential,100,T2L,19,34,34,15,0,"[0.47368421052631576, 0.47368421052631576]","[0.4411764705882353, 0.4411764705882353]"
new_Base_sensitivity,owner_nonH8,CP_H1,sequential,100,T2L,19,34,34,15,0,"[0.47368421052631576, 0.47368421052631576]","[0.4411764705882353, 0.4411764705882353]"
new_Base_sensitivity,owner_nonH8,TK_NO_H,sequential,100,T2L,19,34,34,15,0,"[0.47368421052631576, 0.47368421052631576]","[0.4411764705882353, 0.4411764705882353]"
new_Base_sensitivity,owner_nonH8,TK_H1,sequential,100,T2L,19,34,34,15,0,"[0.47368421052631576, 0.47368421052631576]","[0.4411764705882353, 0.4411764705882353]"
new_Base_sensitivity,owner_nonH8,FREE_NO_H,sequential,100,T2L,19,34,34,15,0,"[0.47368421052631576, 0.47368421052631576]","[0.4411764705882353, 0.4411764705882353]"
new_Base_sensitivity,owner_nonH8,FREE_H1,sequential,100,T2L,19,34,34,15,0,"[0.47368421052631576, 0.47368421052631576]","[0.4411764705882353, 0.4411764705882353]"
original,selected_H8,CP_NO_H,sequential,100,T2L,0,0,0,0,0,,
original,selected_H8,CP_H1,sequential,100,T2L,0,0,0,0,0,,
original,selected_H8,TK_NO_H,sequential,100,T2L,0,0,0,0,0,,
original,selected_H8,TK_H1,sequential,100,T2L,0,0,0,0,0,,
original,selected_H8,FREE_NO_H,sequential,100,T2L,0,0,0,0,0,,
original,selected_H8,FREE_H1,sequential,100,T2L,0,0,0,0,0,,
new_Base_sensitivity,selected_H8,CP_NO_H,sequential,100,T2L,0,0,0,0,0,,
new_Base_sensitivity,selected_H8,CP_H1,sequential,100,T2L,0,0,0,0,0,,
new_Base_sensitivity,selected_H8,TK_NO_H,sequential,100,T2L,0,0,0,0,0,,
new_Base_sensitivity,selected_H8,TK_H1,sequential,100,T2L,0,0,0,0,0,,
new_Base_sensitivity,selected_H8,FREE_NO_H,sequential,100,T2L,0,0,0,0,0,,
new_Base_sensitivity,selected_H8,FREE_H1,sequential,100,T2L,0,0,0,0,0,,
original,selected_nonH8,CP_NO_H,sequential,100,T2L,19,34,34,15,0,"[0.47368421052631576, 0.47368421052631576]","[0.4411764705882353, 0.4411764705882353]"
original,selected_nonH8,CP_H1,sequential,100,T2L,19,34,34,15,0,"[0.47368421052631576, 0.47368421052631576]","[0.4411764705882353, 0.4411764705882353]"
original,selected_nonH8,TK_NO_H,sequential,100,T2L,19,34,34,15,0,"[0.47368421052631576, 0.47368421052631576]","[0.4411764705882353, 0.4411764705882353]"
original,selected_nonH8,TK_H1,sequential,100,T2L,19,34,34,15,0,"[0.47368421052631576, 0.47368421052631576]","[0.4411764705882353, 0.4411764705882353]"
original,selected_nonH8,FREE_NO_H,sequential,100,T2L,19,34,34,15,0,"[0.47368421052631576, 0.47368421052631576]","[0.4411764705882353, 0.4411764705882353]"
original,selected_nonH8,FREE_H1,sequential,100,T2L,19,34,34,15,0,"[0.47368421052631576, 0.47368421052631576]","[0.4411764705882353, 0.4411764705882353]"
new_Base_sensitivity,selected_nonH8,CP_NO_H,sequential,100,T2L,19,34,34,15,0,"[0.47368421052631576, 0.47368421052631576]","[0.4411764705882353, 0.4411764705882353]"
new_Base_sensitivity,selected_nonH8,CP_H1,sequential,100,T2L,19,34,34,15,0,"[0.47368421052631576, 0.47368421052631576]","[0.4411764705882353, 0.4411764705882353]"
new_Base_sensitivity,selected_nonH8,TK_NO_H,sequential,100,T2L,19,34,34,15,0,"[0.47368421052631576, 0.47368421052631576]","[0.4411764705882353, 0.4411764705882353]"
new_Base_sensitivity,selected_nonH8,TK_H1,sequential,100,T2L,19,34,34,15,0,"[0.47368421052631576, 0.47368421052631576]","[0.4411764705882353, 0.4411764705882353]"
new_Base_sensitivity,selected_nonH8,FREE_NO_H,sequential,100,T2L,19,34,34,15,0,"[0.47368421052631576, 0.47368421052631576]","[0.4411764705882353, 0.4411764705882353]"
new_Base_sensitivity,selected_nonH8,FREE_H1,sequential,100,T2L,19,34,34,15,0,"[0.47368421052631576, 0.47368421052631576]","[0.4411764705882353, 0.4411764705882353]"
original,selected_Base,CP_NO_H,sequential,100,T2L,0,0,0,0,0,,
original,selected_Base,CP_H1,sequential,100,T2L,0,0,0,0,0,,
original,selected_Base,TK_NO_H,sequential,100,T2L,0,0,0,0,0,,
original,selected_Base,TK_H1,sequential,100,T2L,0,0,0,0,0,,
original,selected_Base,FREE_NO_H,sequential,100,T2L,0,0,0,0,0,,
original,selected_Base,FREE_H1,sequential,100,T2L,0,0,0,0,0,,
new_Base_sensitivity,selected_Base,CP_NO_H,sequential,100,T2L,0,0,0,0,0,,
new_Base_sensitivity,selected_Base,CP_H1,sequential,100,T2L,0,0,0,0,0,,
new_Base_sensitivity,selected_Base,TK_NO_H,sequential,100,T2L,0,0,0,0,0,,
new_Base_sensitivity,selected_Base,TK_H1,sequential,100,T2L,0,0,0,0,0,,
new_Base_sensitivity,selected_Base,FREE_NO_H,sequential,100,T2L,0,0,0,0,0,,
new_Base_sensitivity,selected_Base,FREE_H1,sequential,100,T2L,0,0,0,0,0,,
original,all,CP_NO_H,sequential,100,T4G,0,0,0,0,0,,
original,all,CP_H1,sequential,100,T4G,0,0,0,0,0,,
original,all,TK_NO_H,sequential,100,T4G,0,0,0,0,0,,
original,all,TK_H1,sequential,100,T4G,0,0,0,0,0,,
original,all,FREE_NO_H,sequential,100,T4G,0,0,0,0,0,,
original,all,FREE_H1,sequential,100,T4G,0,0,0,0,0,,
new_Base_sensitivity,all,CP_NO_H,sequential,100,T4G,0,0,0,0,0,,
new_Base_sensitivity,all,CP_H1,sequential,100,T4G,0,0,0,0,0,,
new_Base_sensitivity,all,TK_NO_H,sequential,100,T4G,0,0,0,0,0,,
new_Base_sensitivity,all,TK_H1,sequential,100,T4G,0,0,0,0,0,,
new_Base_sensitivity,all,FREE_NO_H,sequential,100,T4G,0,0,0,0,0,,
new_Base_sensitivity,all,FREE_H1,sequential,100,T4G,0,0,0,0,0,,
original,owner_H8,CP_NO_H,sequential,100,T4G,0,0,0,0,0,,
original,owner_H8,CP_H1,sequential,100,T4G,0,0,0,0,0,,
original,owner_H8,TK_NO_H,sequential,100,T4G,0,0,0,0,0,,
original,owner_H8,TK_H1,sequential,100,T4G,0,0,0,0,0,,
original,owner_H8,FREE_NO_H,sequential,100,T4G,0,0,0,0,0,,
original,owner_H8,FREE_H1,sequential,100,T4G,0,0,0,0,0,,
new_Base_sensitivity,owner_H8,CP_NO_H,sequential,100,T4G,0,0,0,0,0,,
new_Base_sensitivity,owner_H8,CP_H1,sequential,100,T4G,0,0,0,0,0,,
new_Base_sensitivity,owner_H8,TK_NO_H,sequential,100,T4G,0,0,0,0,0,,
new_Base_sensitivity,owner_H8,TK_H1,sequential,100,T4G,0,0,0,0,0,,
new_Base_sensitivity,owner_H8,FREE_NO_H,sequential,100,T4G,0,0,0,0,0,,
new_Base_sensitivity,owner_H8,FREE_H1,sequential,100,T4G,0,0,0,0,0,,
original,owner_nonH8,CP_NO_H,sequential,100,T4G,0,0,0,0,0,,
original,owner_nonH8,CP_H1,sequential,100,T4G,0,0,0,0,0,,
original,owner_nonH8,TK_NO_H,sequential,100,T4G,0,0,0,0,0,,
original,owner_nonH8,TK_H1,sequential,100,T4G,0,0,0,0,0,,
original,owner_nonH8,FREE_NO_H,sequential,100,T4G,0,0,0,0,0,,
original,owner_nonH8,FREE_H1,sequential,100,T4G,0,0,0,0,0,,
new_Base_sensitivity,owner_nonH8,CP_NO_H,sequential,100,T4G,0,0,0,0,0,,
new_Base_sensitivity,owner_nonH8,CP_H1,sequential,100,T4G,0,0,0,0,0,,
new_Base_sensitivity,owner_nonH8,TK_NO_H,sequential,100,T4G,0,0,0,0,0,,
new_Base_sensitivity,owner_nonH8,TK_H1,sequential,100,T4G,0,0,0,0,0,,
new_Base_sensitivity,owner_nonH8,FREE_NO_H,sequential,100,T4G,0,0,0,0,0,,
new_Base_sensitivity,owner_nonH8,FREE_H1,sequential,100,T4G,0,0,0,0,0,,
original,selected_H8,CP_NO_H,sequential,100,T4G,0,0,0,0,0,,
original,selected_H8,CP_H1,sequential,100,T4G,0,0,0,0,0,,
original,selected_H8,TK_NO_H,sequential,100,T4G,0,0,0,0,0,,
original,selected_H8,TK_H1,sequential,100,T4G,0,0,0,0,0,,
original,selected_H8,FREE_NO_H,sequential,100,T4G,0,0,0,0,0,,
original,selected_H8,FREE_H1,sequential,100,T4G,0,0,0,0,0,,
new_Base_sensitivity,selected_H8,CP_NO_H,sequential,100,T4G,0,0,0,0,0,,
new_Base_sensitivity,selected_H8,CP_H1,sequential,100,T4G,0,0,0,0,0,,
new_Base_sensitivity,selected_H8,TK_NO_H,sequential,100,T4G,0,0,0,0,0,,
new_Base_sensitivity,selected_H8,TK_H1,sequential,100,T4G,0,0,0,0,0,,
new_Base_sensitivity,selected_H8,FREE_NO_H,sequential,100,T4G,0,0,0,0,0,,
new_Base_sensitivity,selected_H8,FREE_H1,sequential,100,T4G,0,0,0,0,0,,
original,selected_nonH8,CP_NO_H,sequential,100,T4G,0,0,0,0,0,,
original,selected_nonH8,CP_H1,sequential,100,T4G,0,0,0,0,0,,
original,selected_nonH8,TK_NO_H,sequential,100,T4G,0,0,0,0,0,,
original,selected_nonH8,TK_H1,sequential,100,T4G,0,0,0,0,0,,
original,selected_nonH8,FREE_NO_H,sequential,100,T4G,0,0,0,0,0,,
original,selected_nonH8,FREE_H1,sequential,100,T4G,0,0,0,0,0,,
new_Base_sensitivity,selected_nonH8,CP_NO_H,sequential,100,T4G,0,0,0,0,0,,
new_Base_sensitivity,selected_nonH8,CP_H1,sequential,100,T4G,0,0,0,0,0,,
new_Base_sensitivity,selected_nonH8,TK_NO_H,sequential,100,T4G,0,0,0,0,0,,
new_Base_sensitivity,selected_nonH8,TK_H1,sequential,100,T4G,0,0,0,0,0,,
new_Base_sensitivity,selected_nonH8,FREE_NO_H,sequential,100,T4G,0,0,0,0,0,,
new_Base_sensitivity,selected_nonH8,FREE_H1,sequential,100,T4G,0,0,0,0,0,,
original,selected_Base,CP_NO_H,sequential,100,T4G,0,0,0,0,0,,
original,selected_Base,CP_H1,sequential,100,T4G,0,0,0,0,0,,
original,selected_Base,TK_NO_H,sequential,100,T4G,0,0,0,0,0,,
original,selected_Base,TK_H1,sequential,100,T4G,0,0,0,0,0,,
original,selected_Base,FREE_NO_H,sequential,100,T4G,0,0,0,0,0,,
original,selected_Base,FREE_H1,sequential,100,T4G,0,0,0,0,0,,
new_Base_sensitivity,selected_Base,CP_NO_H,sequential,100,T4G,0,0,0,0,0,,
new_Base_sensitivity,selected_Base,CP_H1,sequential,100,T4G,0,0,0,0,0,,
new_Base_sensitivity,selected_Base,TK_NO_H,sequential,100,T4G,0,0,0,0,0,,
new_Base_sensitivity,selected_Base,TK_H1,sequential,100,T4G,0,0,0,0,0,,
new_Base_sensitivity,selected_Base,FREE_NO_H,sequential,100,T4G,0,0,0,0,0,,
new_Base_sensitivity,selected_Base,FREE_H1,sequential,100,T4G,0,0,0,0,0,,
original,all,CP_NO_H,sequential,146,T0,146,146,146,143,0,"[0.9794520547945206, 0.9794520547945206]","[0.9794520547945206, 0.9794520547945206]"
original,all,CP_H1,sequential,146,T0,146,146,146,143,0,"[0.9794520547945206, 0.9794520547945206]","[0.9794520547945206, 0.9794520547945206]"
original,all,TK_NO_H,sequential,146,T0,146,146,146,143,0,"[0.9794520547945206, 0.9794520547945206]","[0.9794520547945206, 0.9794520547945206]"
original,all,TK_H1,sequential,146,T0,146,146,146,143,0,"[0.9794520547945206, 0.9794520547945206]","[0.9794520547945206, 0.9794520547945206]"
original,all,FREE_NO_H,sequential,146,T0,146,146,146,143,0,"[0.9794520547945206, 0.9794520547945206]","[0.9794520547945206, 0.9794520547945206]"
original,all,FREE_H1,sequential,146,T0,146,146,146,143,0,"[0.9794520547945206, 0.9794520547945206]","[0.9794520547945206, 0.9794520547945206]"
new_Base_sensitivity,all,CP_NO_H,sequential,146,T0,146,146,146,143,0,"[0.9794520547945206, 0.9794520547945206]","[0.9794520547945206, 0.9794520547945206]"
new_Base_sensitivity,all,CP_H1,sequential,146,T0,146,146,146,143,0,"[0.9794520547945206, 0.9794520547945206]","[0.9794520547945206, 0.9794520547945206]"
new_Base_sensitivity,all,TK_NO_H,sequential,146,T0,146,146,146,143,0,"[0.9794520547945206, 0.9794520547945206]","[0.9794520547945206, 0.9794520547945206]"
new_Base_sensitivity,all,TK_H1,sequential,146,T0,146,146,146,143,0,"[0.9794520547945206, 0.9794520547945206]","[0.9794520547945206, 0.9794520547945206]"
new_Base_sensitivity,all,FREE_NO_H,sequential,146,T0,146,146,146,143,0,"[0.9794520547945206, 0.9794520547945206]","[0.9794520547945206, 0.9794520547945206]"
new_Base_sensitivity,all,FREE_H1,sequential,146,T0,146,146,146,143,0,"[0.9794520547945206, 0.9794520547945206]","[0.9794520547945206, 0.9794520547945206]"
original,owner_H8,CP_NO_H,sequential,146,T0,8,8,8,8,0,"[1.0, 1.0]","[1.0, 1.0]"
original,owner_H8,CP_H1,sequential,146,T0,8,8,8,8,0,"[1.0, 1.0]","[1.0, 1.0]"
original,owner_H8,TK_NO_H,sequential,146,T0,8,8,8,8,0,"[1.0, 1.0]","[1.0, 1.0]"
original,owner_H8,TK_H1,sequential,146,T0,8,8,8,8,0,"[1.0, 1.0]","[1.0, 1.0]"
original,owner_H8,FREE_NO_H,sequential,146,T0,8,8,8,8,0,"[1.0, 1.0]","[1.0, 1.0]"
original,owner_H8,FREE_H1,sequential,146,T0,8,8,8,8,0,"[1.0, 1.0]","[1.0, 1.0]"
new_Base_sensitivity,owner_H8,CP_NO_H,sequential,146,T0,8,8,8,8,0,"[1.0, 1.0]","[1.0, 1.0]"
new_Base_sensitivity,owner_H8,CP_H1,sequential,146,T0,8,8,8,8,0,"[1.0, 1.0]","[1.0, 1.0]"
new_Base_sensitivity,owner_H8,TK_NO_H,sequential,146,T0,8,8,8,8,0,"[1.0, 1.0]","[1.0, 1.0]"
new_Base_sensitivity,owner_H8,TK_H1,sequential,146,T0,8,8,8,8,0,"[1.0, 1.0]","[1.0, 1.0]"
new_Base_sensitivity,owner_H8,FREE_NO_H,sequential,146,T0,8,8,8,8,0,"[1.0, 1.0]","[1.0, 1.0]"
new_Base_sensitivity,owner_H8,FREE_H1,sequential,146,T0,8,8,8,8,0,"[1.0, 1.0]","[1.0, 1.0]"
original,owner_nonH8,CP_NO_H,sequential,146,T0,138,138,138,135,0,"[0.9782608695652174, 0.9782608695652174]","[0.9782608695652174, 0.9782608695652174]"
original,owner_nonH8,CP_H1,sequential,146,T0,138,138,138,135,0,"[0.9782608695652174, 0.9782608695652174]","[0.9782608695652174, 0.9782608695652174]"
original,owner_nonH8,TK_NO_H,sequential,146,T0,138,138,138,135,0,"[0.9782608695652174, 0.9782608695652174]","[0.9782608695652174, 0.9782608695652174]"
original,owner_nonH8,TK_H1,sequential,146,T0,138,138,138,135,0,"[0.9782608695652174, 0.9782608695652174]","[0.9782608695652174, 0.9782608695652174]"
original,owner_nonH8,FREE_NO_H,sequential,146,T0,138,138,138,135,0,"[0.9782608695652174, 0.9782608695652174]","[0.9782608695652174, 0.9782608695652174]"
original,owner_nonH8,FREE_H1,sequential,146,T0,138,138,138,135,0,"[0.9782608695652174, 0.9782608695652174]","[0.9782608695652174, 0.9782608695652174]"
new_Base_sensitivity,owner_nonH8,CP_NO_H,sequential,146,T0,138,138,138,135,0,"[0.9782608695652174, 0.9782608695652174]","[0.9782608695652174, 0.9782608695652174]"
new_Base_sensitivity,owner_nonH8,CP_H1,sequential,146,T0,138,138,138,135,0,"[0.9782608695652174, 0.9782608695652174]","[0.9782608695652174, 0.9782608695652174]"
new_Base_sensitivity,owner_nonH8,TK_NO_H,sequential,146,T0,138,138,138,135,0,"[0.9782608695652174, 0.9782608695652174]","[0.9782608695652174, 0.9782608695652174]"
new_Base_sensitivity,owner_nonH8,TK_H1,sequential,146,T0,138,138,138,135,0,"[0.9782608695652174, 0.9782608695652174]","[0.9782608695652174, 0.9782608695652174]"
new_Base_sensitivity,owner_nonH8,FREE_NO_H,sequential,146,T0,138,138,138,135,0,"[0.9782608695652174, 0.9782608695652174]","[0.9782608695652174, 0.9782608695652174]"
new_Base_sensitivity,owner_nonH8,FREE_H1,sequential,146,T0,138,138,138,135,0,"[0.9782608695652174, 0.9782608695652174]","[0.9782608695652174, 0.9782608695652174]"
original,selected_H8,CP_NO_H,sequential,146,T0,8,8,8,8,0,"[1.0, 1.0]","[1.0, 1.0]"
original,selected_H8,CP_H1,sequential,146,T0,8,8,8,8,0,"[1.0, 1.0]","[1.0, 1.0]"
original,selected_H8,TK_NO_H,sequential,146,T0,8,8,8,8,0,"[1.0, 1.0]","[1.0, 1.0]"
original,selected_H8,TK_H1,sequential,146,T0,8,8,8,8,0,"[1.0, 1.0]","[1.0, 1.0]"
original,selected_H8,FREE_NO_H,sequential,146,T0,8,8,8,8,0,"[1.0, 1.0]","[1.0, 1.0]"
original,selected_H8,FREE_H1,sequential,146,T0,8,8,8,8,0,"[1.0, 1.0]","[1.0, 1.0]"
new_Base_sensitivity,selected_H8,CP_NO_H,sequential,146,T0,8,8,8,8,0,"[1.0, 1.0]","[1.0, 1.0]"
new_Base_sensitivity,selected_H8,CP_H1,sequential,146,T0,8,8,8,8,0,"[1.0, 1.0]","[1.0, 1.0]"
new_Base_sensitivity,selected_H8,TK_NO_H,sequential,146,T0,8,8,8,8,0,"[1.0, 1.0]","[1.0, 1.0]"
new_Base_sensitivity,selected_H8,TK_H1,sequential,146,T0,8,8,8,8,0,"[1.0, 1.0]","[1.0, 1.0]"
new_Base_sensitivity,selected_H8,FREE_NO_H,sequential,146,T0,8,8,8,8,0,"[1.0, 1.0]","[1.0, 1.0]"
new_Base_sensitivity,selected_H8,FREE_H1,sequential,146,T0,8,8,8,8,0,"[1.0, 1.0]","[1.0, 1.0]"
original,selected_nonH8,CP_NO_H,sequential,146,T0,138,138,138,135,0,"[0.9782608695652174, 0.9782608695652174]","[0.9782608695652174, 0.9782608695652174]"
original,selected_nonH8,CP_H1,sequential,146,T0,138,138,138,135,0,"[0.9782608695652174, 0.9782608695652174]","[0.9782608695652174, 0.9782608695652174]"
original,selected_nonH8,TK_NO_H,sequential,146,T0,138,138,138,135,0,"[0.9782608695652174, 0.9782608695652174]","[0.9782608695652174, 0.9782608695652174]"
original,selected_nonH8,TK_H1,sequential,146,T0,138,138,138,135,0,"[0.9782608695652174, 0.9782608695652174]","[0.9782608695652174, 0.9782608695652174]"
original,selected_nonH8,FREE_NO_H,sequential,146,T0,138,138,138,135,0,"[0.9782608695652174, 0.9782608695652174]","[0.9782608695652174, 0.9782608695652174]"
original,selected_nonH8,FREE_H1,sequential,146,T0,138,138,138,135,0,"[0.9782608695652174, 0.9782608695652174]","[0.9782608695652174, 0.9782608695652174]"
new_Base_sensitivity,selected_nonH8,CP_NO_H,sequential,146,T0,138,138,138,135,0,"[0.9782608695652174, 0.9782608695652174]","[0.9782608695652174, 0.9782608695652174]"
new_Base_sensitivity,selected_nonH8,CP_H1,sequential,146,T0,138,138,138,135,0,"[0.9782608695652174, 0.9782608695652174]","[0.9782608695652174, 0.9782608695652174]"
new_Base_sensitivity,selected_nonH8,TK_NO_H,sequential,146,T0,138,138,138,135,0,"[0.9782608695652174, 0.9782608695652174]","[0.9782608695652174, 0.9782608695652174]"
new_Base_sensitivity,selected_nonH8,TK_H1,sequential,146,T0,138,138,138,135,0,"[0.9782608695652174, 0.9782608695652174]","[0.9782608695652174, 0.9782608695652174]"
new_Base_sensitivity,selected_nonH8,FREE_NO_H,sequential,146,T0,138,138,138,135,0,"[0.9782608695652174, 0.9782608695652174]","[0.9782608695652174, 0.9782608695652174]"
new_Base_sensitivity,selected_nonH8,FREE_H1,sequential,146,T0,138,138,138,135,0,"[0.9782608695652174, 0.9782608695652174]","[0.9782608695652174, 0.9782608695652174]"
original,selected_Base,CP_NO_H,sequential,146,T0,0,0,0,0,0,,
original,selected_Base,CP_H1,sequential,146,T0,0,0,0,0,0,,
original,selected_Base,TK_NO_H,sequential,146,T0,0,0,0,0,0,,
original,selected_Base,TK_H1,sequential,146,T0,0,0,0,0,0,,
original,selected_Base,FREE_NO_H,sequential,146,T0,0,0,0,0,0,,
original,selected_Base,FREE_H1,sequential,146,T0,0,0,0,0,0,,
new_Base_sensitivity,selected_Base,CP_NO_H,sequential,146,T0,0,0,0,0,0,,
new_Base_sensitivity,selected_Base,CP_H1,sequential,146,T0,0,0,0,0,0,,
new_Base_sensitivity,selected_Base,TK_NO_H,sequential,146,T0,0,0,0,0,0,,
new_Base_sensitivity,selected_Base,TK_H1,sequential,146,T0,0,0,0,0,0,,
new_Base_sensitivity,selected_Base,FREE_NO_H,sequential,146,T0,0,0,0,0,0,,
new_Base_sensitivity,selected_Base,FREE_H1,sequential,146,T0,0,0,0,0,0,,
original,all,CP_NO_H,sequential,146,T1G,146,578,578,495,0,"[0.8561643835616438, 0.8561643835616438]","[0.856401384083045, 0.856401384083045]"
original,all,CP_H1,sequential,146,T1G,146,578,578,495,0,"[0.8561643835616438, 0.8561643835616438]","[0.856401384083045, 0.856401384083045]"
original,all,TK_NO_H,sequential,146,T1G,146,578,578,495,0,"[0.8561643835616438, 0.8561643835616438]","[0.856401384083045, 0.856401384083045]"
original,all,TK_H1,sequential,146,T1G,146,578,578,495,0,"[0.8561643835616438, 0.8561643835616438]","[0.856401384083045, 0.856401384083045]"
original,all,FREE_NO_H,sequential,146,T1G,146,578,578,494,0,"[0.8544520547945206, 0.8544520547945206]","[0.8546712802768166, 0.8546712802768166]"
original,all,FREE_H1,sequential,146,T1G,146,578,578,495,0,"[0.8561643835616438, 0.8561643835616438]","[0.856401384083045, 0.856401384083045]"
new_Base_sensitivity,all,CP_NO_H,sequential,146,T1G,144,571,571,489,0,"[0.8570601851851852, 0.8570601851851852]","[0.8563922942206655, 0.8563922942206655]"
new_Base_sensitivity,all,CP_H1,sequential,146,T1G,144,571,571,489,0,"[0.8570601851851852, 0.8570601851851852]","[0.8563922942206655, 0.8563922942206655]"
new_Base_sensitivity,all,TK_NO_H,sequential,146,T1G,144,571,571,489,0,"[0.8570601851851852, 0.8570601851851852]","[0.8563922942206655, 0.8563922942206655]"
new_Base_sensitivity,all,TK_H1,sequential,146,T1G,144,571,571,489,0,"[0.8570601851851852, 0.8570601851851852]","[0.8563922942206655, 0.8563922942206655]"
new_Base_sensitivity,all,FREE_NO_H,sequential,146,T1G,144,571,571,488,0,"[0.8553240740740741, 0.8553240740740741]","[0.8546409807355516, 0.8546409807355516]"
new_Base_sensitivity,all,FREE_H1,sequential,146,T1G,144,571,571,489,0,"[0.8570601851851852, 0.8570601851851852]","[0.8563922942206655, 0.8563922942206655]"
original,owner_H8,CP_NO_H,sequential,146,T1G,8,31,31,29,0,"[0.9375, 0.9375]","[0.9354838709677419, 0.9354838709677419]"
original,owner_H8,CP_H1,sequential,146,T1G,8,31,31,29,0,"[0.9375, 0.9375]","[0.9354838709677419, 0.9354838709677419]"
original,owner_H8,TK_NO_H,sequential,146,T1G,8,31,31,29,0,"[0.9375, 0.9375]","[0.9354838709677419, 0.9354838709677419]"
original,owner_H8,TK_H1,sequential,146,T1G,8,31,31,29,0,"[0.9375, 0.9375]","[0.9354838709677419, 0.9354838709677419]"
original,owner_H8,FREE_NO_H,sequential,146,T1G,8,31,31,29,0,"[0.9375, 0.9375]","[0.9354838709677419, 0.9354838709677419]"
original,owner_H8,FREE_H1,sequential,146,T1G,8,31,31,29,0,"[0.9375, 0.9375]","[0.9354838709677419, 0.9354838709677419]"
new_Base_sensitivity,owner_H8,CP_NO_H,sequential,146,T1G,8,32,32,30,0,"[0.9375, 0.9375]","[0.9375, 0.9375]"
new_Base_sensitivity,owner_H8,CP_H1,sequential,146,T1G,8,32,32,30,0,"[0.9375, 0.9375]","[0.9375, 0.9375]"
new_Base_sensitivity,owner_H8,TK_NO_H,sequential,146,T1G,8,32,32,30,0,"[0.9375, 0.9375]","[0.9375, 0.9375]"
new_Base_sensitivity,owner_H8,TK_H1,sequential,146,T1G,8,32,32,30,0,"[0.9375, 0.9375]","[0.9375, 0.9375]"
new_Base_sensitivity,owner_H8,FREE_NO_H,sequential,146,T1G,8,32,32,30,0,"[0.9375, 0.9375]","[0.9375, 0.9375]"
new_Base_sensitivity,owner_H8,FREE_H1,sequential,146,T1G,8,32,32,30,0,"[0.9375, 0.9375]","[0.9375, 0.9375]"
original,owner_nonH8,CP_NO_H,sequential,146,T1G,138,547,547,466,0,"[0.8514492753623188, 0.8514492753623188]","[0.8519195612431444, 0.8519195612431444]"
original,owner_nonH8,CP_H1,sequential,146,T1G,138,547,547,466,0,"[0.8514492753623188, 0.8514492753623188]","[0.8519195612431444, 0.8519195612431444]"
original,owner_nonH8,TK_NO_H,sequential,146,T1G,138,547,547,466,0,"[0.8514492753623188, 0.8514492753623188]","[0.8519195612431444, 0.8519195612431444]"
original,owner_nonH8,TK_H1,sequential,146,T1G,138,547,547,466,0,"[0.8514492753623188, 0.8514492753623188]","[0.8519195612431444, 0.8519195612431444]"
original,owner_nonH8,FREE_NO_H,sequential,146,T1G,138,547,547,465,0,"[0.8496376811594203, 0.8496376811594203]","[0.850091407678245, 0.850091407678245]"
original,owner_nonH8,FREE_H1,sequential,146,T1G,138,547,547,466,0,"[0.8514492753623188, 0.8514492753623188]","[0.8519195612431444, 0.8519195612431444]"
new_Base_sensitivity,owner_nonH8,CP_NO_H,sequential,146,T1G,136,539,539,459,0,"[0.852328431372549, 0.852328431372549]","[0.8515769944341373, 0.8515769944341373]"
new_Base_sensitivity,owner_nonH8,CP_H1,sequential,146,T1G,136,539,539,459,0,"[0.852328431372549, 0.852328431372549]","[0.8515769944341373, 0.8515769944341373]"
new_Base_sensitivity,owner_nonH8,TK_NO_H,sequential,146,T1G,136,539,539,459,0,"[0.852328431372549, 0.852328431372549]","[0.8515769944341373, 0.8515769944341373]"
new_Base_sensitivity,owner_nonH8,TK_H1,sequential,146,T1G,136,539,539,459,0,"[0.852328431372549, 0.852328431372549]","[0.8515769944341373, 0.8515769944341373]"
new_Base_sensitivity,owner_nonH8,FREE_NO_H,sequential,146,T1G,136,539,539,458,0,"[0.8504901960784313, 0.8504901960784313]","[0.849721706864564, 0.849721706864564]"
new_Base_sensitivity,owner_nonH8,FREE_H1,sequential,146,T1G,136,539,539,459,0,"[0.852328431372549, 0.852328431372549]","[0.8515769944341373, 0.8515769944341373]"
original,selected_H8,CP_NO_H,sequential,146,T1G,14,36,36,30,0,"[0.6428571428571429, 0.6428571428571429]","[0.8333333333333334, 0.8333333333333334]"
original,selected_H8,CP_H1,sequential,146,T1G,14,36,36,30,0,"[0.6428571428571429, 0.6428571428571429]","[0.8333333333333334, 0.8333333333333334]"
original,selected_H8,TK_NO_H,sequential,146,T1G,14,36,36,30,0,"[0.6428571428571429, 0.6428571428571429]","[0.8333333333333334, 0.8333333333333334]"
original,selected_H8,TK_H1,sequential,146,T1G,14,36,36,30,0,"[0.6428571428571429, 0.6428571428571429]","[0.8333333333333334, 0.8333333333333334]"
original,selected_H8,FREE_NO_H,sequential,146,T1G,14,36,36,29,0,"[0.5714285714285714, 0.5714285714285714]","[0.8055555555555556, 0.8055555555555556]"
original,selected_H8,FREE_H1,sequential,146,T1G,14,36,36,30,0,"[0.6428571428571429, 0.6428571428571429]","[0.8333333333333334, 0.8333333333333334]"
new_Base_sensitivity,selected_H8,CP_NO_H,sequential,146,T1G,14,37,37,31,0,"[0.6428571428571429, 0.6428571428571429]","[0.8378378378378378, 0.8378378378378378]"
new_Base_sensitivity,selected_H8,CP_H1,sequential,146,T1G,14,37,37,31,0,"[0.6428571428571429, 0.6428571428571429]","[0.8378378378378378, 0.8378378378378378]"
new_Base_sensitivity,selected_H8,TK_NO_H,sequential,146,T1G,14,37,37,31,0,"[0.6428571428571429, 0.6428571428571429]","[0.8378378378378378, 0.8378378378378378]"
new_Base_sensitivity,selected_H8,TK_H1,sequential,146,T1G,14,37,37,31,0,"[0.6428571428571429, 0.6428571428571429]","[0.8378378378378378, 0.8378378378378378]"
new_Base_sensitivity,selected_H8,FREE_NO_H,sequential,146,T1G,14,37,37,30,0,"[0.5714285714285714, 0.5714285714285714]","[0.8108108108108109, 0.8108108108108109]"
new_Base_sensitivity,selected_H8,FREE_H1,sequential,146,T1G,14,37,37,31,0,"[0.6428571428571429, 0.6428571428571429]","[0.8378378378378378, 0.8378378378378378]"
original,selected_nonH8,CP_NO_H,sequential,146,T1G,140,542,542,465,0,"[0.8505952380952381, 0.8505952380952381]","[0.8579335793357934, 0.8579335793357934]"
original,selected_nonH8,CP_H1,sequential,146,T1G,140,542,542,465,0,"[0.8505952380952381, 0.8505952380952381]","[0.8579335793357934, 0.8579335793357934]"
original,selected_nonH8,TK_NO_H,sequential,146,T1G,140,542,542,465,0,"[0.8505952380952381, 0.8505952380952381]","[0.8579335793357934, 0.8579335793357934]"
original,selected_nonH8,TK_H1,sequential,146,T1G,140,542,542,465,0,"[0.8505952380952381, 0.8505952380952381]","[0.8579335793357934, 0.8579335793357934]"
original,selected_nonH8,FREE_NO_H,sequential,146,T1G,140,542,542,465,0,"[0.8505952380952381, 0.8505952380952381]","[0.8579335793357934, 0.8579335793357934]"
original,selected_nonH8,FREE_H1,sequential,146,T1G,140,542,542,465,0,"[0.8505952380952381, 0.8505952380952381]","[0.8579335793357934, 0.8579335793357934]"
new_Base_sensitivity,selected_nonH8,CP_NO_H,sequential,146,T1G,138,534,534,458,0,"[0.8496376811594203, 0.8496376811594203]","[0.8576779026217228, 0.8576779026217228]"
new_Base_sensitivity,selected_nonH8,CP_H1,sequential,146,T1G,138,534,534,458,0,"[0.8496376811594203, 0.8496376811594203]","[0.8576779026217228, 0.8576779026217228]"
new_Base_sensitivity,selected_nonH8,TK_NO_H,sequential,146,T1G,138,534,534,458,0,"[0.8496376811594203, 0.8496376811594203]","[0.8576779026217228, 0.8576779026217228]"
new_Base_sensitivity,selected_nonH8,TK_H1,sequential,146,T1G,138,534,534,458,0,"[0.8496376811594203, 0.8496376811594203]","[0.8576779026217228, 0.8576779026217228]"
new_Base_sensitivity,selected_nonH8,FREE_NO_H,sequential,146,T1G,138,534,534,458,0,"[0.8496376811594203, 0.8496376811594203]","[0.8576779026217228, 0.8576779026217228]"
new_Base_sensitivity,selected_nonH8,FREE_H1,sequential,146,T1G,138,534,534,458,0,"[0.8496376811594203, 0.8496376811594203]","[0.8576779026217228, 0.8576779026217228]"
original,selected_Base,CP_NO_H,sequential,146,T1G,0,0,0,0,0,,
original,selected_Base,CP_H1,sequential,146,T1G,0,0,0,0,0,,
original,selected_Base,TK_NO_H,sequential,146,T1G,0,0,0,0,0,,
original,selected_Base,TK_H1,sequential,146,T1G,0,0,0,0,0,,
original,selected_Base,FREE_NO_H,sequential,146,T1G,0,0,0,0,0,,
original,selected_Base,FREE_H1,sequential,146,T1G,0,0,0,0,0,,
new_Base_sensitivity,selected_Base,CP_NO_H,sequential,146,T1G,0,0,0,0,0,,
new_Base_sensitivity,selected_Base,CP_H1,sequential,146,T1G,0,0,0,0,0,,
new_Base_sensitivity,selected_Base,TK_NO_H,sequential,146,T1G,0,0,0,0,0,,
new_Base_sensitivity,selected_Base,TK_H1,sequential,146,T1G,0,0,0,0,0,,
new_Base_sensitivity,selected_Base,FREE_NO_H,sequential,146,T1G,0,0,0,0,0,,
new_Base_sensitivity,selected_Base,FREE_H1,sequential,146,T1G,0,0,0,0,0,,
original,all,CP_NO_H,sequential,146,T1L,1,2,2,2,0,"[1.0, 1.0]","[1.0, 1.0]"
original,all,CP_H1,sequential,146,T1L,1,2,2,2,0,"[1.0, 1.0]","[1.0, 1.0]"
original,all,TK_NO_H,sequential,146,T1L,1,2,2,2,0,"[1.0, 1.0]","[1.0, 1.0]"
original,all,TK_H1,sequential,146,T1L,1,2,2,2,0,"[1.0, 1.0]","[1.0, 1.0]"
original,all,FREE_NO_H,sequential,146,T1L,1,2,2,2,0,"[1.0, 1.0]","[1.0, 1.0]"
original,all,FREE_H1,sequential,146,T1L,1,2,2,2,0,"[1.0, 1.0]","[1.0, 1.0]"
new_Base_sensitivity,all,CP_NO_H,sequential,146,T1L,1,2,2,2,0,"[1.0, 1.0]","[1.0, 1.0]"
new_Base_sensitivity,all,CP_H1,sequential,146,T1L,1,2,2,2,0,"[1.0, 1.0]","[1.0, 1.0]"
new_Base_sensitivity,all,TK_NO_H,sequential,146,T1L,1,2,2,2,0,"[1.0, 1.0]","[1.0, 1.0]"
new_Base_sensitivity,all,TK_H1,sequential,146,T1L,1,2,2,2,0,"[1.0, 1.0]","[1.0, 1.0]"
new_Base_sensitivity,all,FREE_NO_H,sequential,146,T1L,1,2,2,2,0,"[1.0, 1.0]","[1.0, 1.0]"
new_Base_sensitivity,all,FREE_H1,sequential,146,T1L,1,2,2,2,0,"[1.0, 1.0]","[1.0, 1.0]"
original,owner_H8,CP_NO_H,sequential,146,T1L,0,0,0,0,0,,
original,owner_H8,CP_H1,sequential,146,T1L,0,0,0,0,0,,
original,owner_H8,TK_NO_H,sequential,146,T1L,0,0,0,0,0,,
original,owner_H8,TK_H1,sequential,146,T1L,0,0,0,0,0,,
original,owner_H8,FREE_NO_H,sequential,146,T1L,0,0,0,0,0,,
original,owner_H8,FREE_H1,sequential,146,T1L,0,0,0,0,0,,
new_Base_sensitivity,owner_H8,CP_NO_H,sequential,146,T1L,0,0,0,0,0,,
new_Base_sensitivity,owner_H8,CP_H1,sequential,146,T1L,0,0,0,0,0,,
new_Base_sensitivity,owner_H8,TK_NO_H,sequential,146,T1L,0,0,0,0,0,,
new_Base_sensitivity,owner_H8,TK_H1,sequential,146,T1L,0,0,0,0,0,,
new_Base_sensitivity,owner_H8,FREE_NO_H,sequential,146,T1L,0,0,0,0,0,,
new_Base_sensitivity,owner_H8,FREE_H1,sequential,146,T1L,0,0,0,0,0,,
original,owner_nonH8,CP_NO_H,sequential,146,T1L,1,2,2,2,0,"[1.0, 1.0]","[1.0, 1.0]"
original,owner_nonH8,CP_H1,sequential,146,T1L,1,2,2,2,0,"[1.0, 1.0]","[1.0, 1.0]"
original,owner_nonH8,TK_NO_H,sequential,146,T1L,1,2,2,2,0,"[1.0, 1.0]","[1.0, 1.0]"
original,owner_nonH8,TK_H1,sequential,146,T1L,1,2,2,2,0,"[1.0, 1.0]","[1.0, 1.0]"
original,owner_nonH8,FREE_NO_H,sequential,146,T1L,1,2,2,2,0,"[1.0, 1.0]","[1.0, 1.0]"
original,owner_nonH8,FREE_H1,sequential,146,T1L,1,2,2,2,0,"[1.0, 1.0]","[1.0, 1.0]"
new_Base_sensitivity,owner_nonH8,CP_NO_H,sequential,146,T1L,1,2,2,2,0,"[1.0, 1.0]","[1.0, 1.0]"
new_Base_sensitivity,owner_nonH8,CP_H1,sequential,146,T1L,1,2,2,2,0,"[1.0, 1.0]","[1.0, 1.0]"
new_Base_sensitivity,owner_nonH8,TK_NO_H,sequential,146,T1L,1,2,2,2,0,"[1.0, 1.0]","[1.0, 1.0]"
new_Base_sensitivity,owner_nonH8,TK_H1,sequential,146,T1L,1,2,2,2,0,"[1.0, 1.0]","[1.0, 1.0]"
new_Base_sensitivity,owner_nonH8,FREE_NO_H,sequential,146,T1L,1,2,2,2,0,"[1.0, 1.0]","[1.0, 1.0]"
new_Base_sensitivity,owner_nonH8,FREE_H1,sequential,146,T1L,1,2,2,2,0,"[1.0, 1.0]","[1.0, 1.0]"
original,selected_H8,CP_NO_H,sequential,146,T1L,0,0,0,0,0,,
original,selected_H8,CP_H1,sequential,146,T1L,0,0,0,0,0,,
original,selected_H8,TK_NO_H,sequential,146,T1L,0,0,0,0,0,,
original,selected_H8,TK_H1,sequential,146,T1L,0,0,0,0,0,,
original,selected_H8,FREE_NO_H,sequential,146,T1L,0,0,0,0,0,,
original,selected_H8,FREE_H1,sequential,146,T1L,0,0,0,0,0,,
new_Base_sensitivity,selected_H8,CP_NO_H,sequential,146,T1L,0,0,0,0,0,,
new_Base_sensitivity,selected_H8,CP_H1,sequential,146,T1L,0,0,0,0,0,,
new_Base_sensitivity,selected_H8,TK_NO_H,sequential,146,T1L,0,0,0,0,0,,
new_Base_sensitivity,selected_H8,TK_H1,sequential,146,T1L,0,0,0,0,0,,
new_Base_sensitivity,selected_H8,FREE_NO_H,sequential,146,T1L,0,0,0,0,0,,
new_Base_sensitivity,selected_H8,FREE_H1,sequential,146,T1L,0,0,0,0,0,,
original,selected_nonH8,CP_NO_H,sequential,146,T1L,1,2,2,2,0,"[1.0, 1.0]","[1.0, 1.0]"
original,selected_nonH8,CP_H1,sequential,146,T1L,1,2,2,2,0,"[1.0, 1.0]","[1.0, 1.0]"
original,selected_nonH8,TK_NO_H,sequential,146,T1L,1,2,2,2,0,"[1.0, 1.0]","[1.0, 1.0]"
original,selected_nonH8,TK_H1,sequential,146,T1L,1,2,2,2,0,"[1.0, 1.0]","[1.0, 1.0]"
original,selected_nonH8,FREE_NO_H,sequential,146,T1L,1,2,2,2,0,"[1.0, 1.0]","[1.0, 1.0]"
original,selected_nonH8,FREE_H1,sequential,146,T1L,1,2,2,2,0,"[1.0, 1.0]","[1.0, 1.0]"
new_Base_sensitivity,selected_nonH8,CP_NO_H,sequential,146,T1L,1,2,2,2,0,"[1.0, 1.0]","[1.0, 1.0]"
new_Base_sensitivity,selected_nonH8,CP_H1,sequential,146,T1L,1,2,2,2,0,"[1.0, 1.0]","[1.0, 1.0]"
new_Base_sensitivity,selected_nonH8,TK_NO_H,sequential,146,T1L,1,2,2,2,0,"[1.0, 1.0]","[1.0, 1.0]"
new_Base_sensitivity,selected_nonH8,TK_H1,sequential,146,T1L,1,2,2,2,0,"[1.0, 1.0]","[1.0, 1.0]"
new_Base_sensitivity,selected_nonH8,FREE_NO_H,sequential,146,T1L,1,2,2,2,0,"[1.0, 1.0]","[1.0, 1.0]"
new_Base_sensitivity,selected_nonH8,FREE_H1,sequential,146,T1L,1,2,2,2,0,"[1.0, 1.0]","[1.0, 1.0]"
original,selected_Base,CP_NO_H,sequential,146,T1L,0,0,0,0,0,,
original,selected_Base,CP_H1,sequential,146,T1L,0,0,0,0,0,,
original,selected_Base,TK_NO_H,sequential,146,T1L,0,0,0,0,0,,
original,selected_Base,TK_H1,sequential,146,T1L,0,0,0,0,0,,
original,selected_Base,FREE_NO_H,sequential,146,T1L,0,0,0,0,0,,
original,selected_Base,FREE_H1,sequential,146,T1L,0,0,0,0,0,,
new_Base_sensitivity,selected_Base,CP_NO_H,sequential,146,T1L,0,0,0,0,0,,
new_Base_sensitivity,selected_Base,CP_H1,sequential,146,T1L,0,0,0,0,0,,
new_Base_sensitivity,selected_Base,TK_NO_H,sequential,146,T1L,0,0,0,0,0,,
new_Base_sensitivity,selected_Base,TK_H1,sequential,146,T1L,0,0,0,0,0,,
new_Base_sensitivity,selected_Base,FREE_NO_H,sequential,146,T1L,0,0,0,0,0,,
new_Base_sensitivity,selected_Base,FREE_H1,sequential,146,T1L,0,0,0,0,0,,
original,all,CP_NO_H,sequential,146,T2G,146,557,557,487,0,"[0.8761415525114156, 0.8761415525114156]","[0.874326750448833, 0.874326750448833]"
original,all,CP_H1,sequential,146,T2G,146,557,557,483,0,"[0.8692922374429224, 0.8692922374429224]","[0.8671454219030521, 0.8671454219030521]"
original,all,TK_NO_H,sequential,146,T2G,146,557,557,486,0,"[0.8744292237442922, 0.8744292237442922]","[0.8725314183123878, 0.8725314183123878]"
original,all,TK_H1,sequential,146,T2G,146,557,557,482,0,"[0.867579908675799, 0.867579908675799]","[0.8653500897666068, 0.8653500897666068]"
original,all,FREE_NO_H,sequential,146,T2G,146,557,557,490,0,"[0.882420091324201, 0.882420091324201]","[0.8797127468581688, 0.8797127468581688]"
original,all,FREE_H1,sequential,146,T2G,146,557,557,487,0,"[0.8767123287671232, 0.8767123287671232]","[0.874326750448833, 0.874326750448833]"
new_Base_sensitivity,all,CP_NO_H,sequential,146,T2G,146,556,556,485,0,"[0.875, 0.875]","[0.8723021582733813, 0.8723021582733813]"
new_Base_sensitivity,all,CP_H1,sequential,146,T2G,146,556,556,481,0,"[0.8681506849315068, 0.8681506849315068]","[0.8651079136690647, 0.8651079136690647]"
new_Base_sensitivity,all,TK_NO_H,sequential,146,T2G,146,556,556,484,0,"[0.8732876712328768, 0.8732876712328768]","[0.8705035971223022, 0.8705035971223022]"
new_Base_sensitivity,all,TK_H1,sequential,146,T2G,146,556,556,480,0,"[0.8664383561643836, 0.8664383561643836]","[0.8633093525179856, 0.8633093525179856]"
new_Base_sensitivity,all,FREE_NO_H,sequential,146,T2G,146,556,556,488,0,"[0.8812785388127854, 0.8812785388127854]","[0.8776978417266187, 0.8776978417266187]"
new_Base_sensitivity,all,FREE_H1,sequential,146,T2G,146,556,556,485,0,"[0.8755707762557078, 0.8755707762557078]","[0.8723021582733813, 0.8723021582733813]"
original,owner_H8,CP_NO_H,sequential,146,T2G,8,27,27,23,0,"[0.8541666666666666, 0.8541666666666666]","[0.8518518518518519, 0.8518518518518519]"
original,owner_H8,CP_H1,sequential,146,T2G,8,27,27,19,0,"[0.7291666666666666, 0.7291666666666666]","[0.7037037037037037, 0.7037037037037037]"
original,owner_H8,TK_NO_H,sequential,146,T2G,8,27,27,22,0,"[0.8229166666666666, 0.8229166666666666]","[0.8148148148148148, 0.8148148148148148]"
original,owner_H8,TK_H1,sequential,146,T2G,8,27,27,18,0,"[0.6979166666666666, 0.6979166666666666]","[0.6666666666666666, 0.6666666666666666]"
original,owner_H8,FREE_NO_H,sequential,146,T2G,8,27,27,26,0,"[0.96875, 0.96875]","[0.9629629629629629, 0.9629629629629629]"
original,owner_H8,FREE_H1,sequential,146,T2G,8,27,27,23,0,"[0.8645833333333334, 0.8645833333333334]","[0.8518518518518519, 0.8518518518518519]"
new_Base_sensitivity,owner_H8,CP_NO_H,sequential,146,T2G,8,27,27,23,0,"[0.8541666666666666, 0.8541666666666666]","[0.8518518518518519, 0.8518518518518519]"
new_Base_sensitivity,owner_H8,CP_H1,sequential,146,T2G,8,27,27,19,0,"[0.7291666666666666, 0.7291666666666666]","[0.7037037037037037, 0.7037037037037037]"
new_Base_sensitivity,owner_H8,TK_NO_H,sequential,146,T2G,8,27,27,22,0,"[0.8229166666666666, 0.8229166666666666]","[0.8148148148148148, 0.8148148148148148]"
new_Base_sensitivity,owner_H8,TK_H1,sequential,146,T2G,8,27,27,18,0,"[0.6979166666666666, 0.6979166666666666]","[0.6666666666666666, 0.6666666666666666]"
new_Base_sensitivity,owner_H8,FREE_NO_H,sequential,146,T2G,8,27,27,26,0,"[0.96875, 0.96875]","[0.9629629629629629, 0.9629629629629629]"
new_Base_sensitivity,owner_H8,FREE_H1,sequential,146,T2G,8,27,27,23,0,"[0.8645833333333334, 0.8645833333333334]","[0.8518518518518519, 0.8518518518518519]"
original,owner_nonH8,CP_NO_H,sequential,146,T2G,138,530,530,464,0,"[0.8774154589371981, 0.8774154589371981]","[0.8754716981132076, 0.8754716981132076]"
original,owner_nonH8,CP_H1,sequential,146,T2G,138,530,530,464,0,"[0.8774154589371981, 0.8774154589371981]","[0.8754716981132076, 0.8754716981132076]"
original,owner_nonH8,TK_NO_H,sequential,146,T2G,138,530,530,464,0,"[0.8774154589371981, 0.8774154589371981]","[0.8754716981132076, 0.8754716981132076]"
original,owner_nonH8,TK_H1,sequential,146,T2G,138,530,530,464,0,"[0.8774154589371981, 0.8774154589371981]","[0.8754716981132076, 0.8754716981132076]"
original,owner_nonH8,FREE_NO_H,sequential,146,T2G,138,530,530,464,0,"[0.8774154589371981, 0.8774154589371981]","[0.8754716981132076, 0.8754716981132076]"
original,owner_nonH8,FREE_H1,sequential,146,T2G,138,530,530,464,0,"[0.8774154589371981, 0.8774154589371981]","[0.8754716981132076, 0.8754716981132076]"
new_Base_sensitivity,owner_nonH8,CP_NO_H,sequential,146,T2G,138,529,529,462,0,"[0.876207729468599, 0.876207729468599]","[0.8733459357277883, 0.8733459357277883]"
new_Base_sensitivity,owner_nonH8,CP_H1,sequential,146,T2G,138,529,529,462,0,"[0.876207729468599, 0.876207729468599]","[0.8733459357277883, 0.8733459357277883]"
new_Base_sensitivity,owner_nonH8,TK_NO_H,sequential,146,T2G,138,529,529,462,0,"[0.876207729468599, 0.876207729468599]","[0.8733459357277883, 0.8733459357277883]"
new_Base_sensitivity,owner_nonH8,TK_H1,sequential,146,T2G,138,529,529,462,0,"[0.876207729468599, 0.876207729468599]","[0.8733459357277883, 0.8733459357277883]"
new_Base_sensitivity,owner_nonH8,FREE_NO_H,sequential,146,T2G,138,529,529,462,0,"[0.876207729468599, 0.876207729468599]","[0.8733459357277883, 0.8733459357277883]"
new_Base_sensitivity,owner_nonH8,FREE_H1,sequential,146,T2G,138,529,529,462,0,"[0.876207729468599, 0.876207729468599]","[0.8733459357277883, 0.8733459357277883]"
original,selected_H8,CP_NO_H,sequential,146,T2G,9,28,28,23,0,"[0.7592592592592593, 0.7592592592592593]","[0.8214285714285714, 0.8214285714285714]"
original,selected_H8,CP_H1,sequential,146,T2G,9,28,28,19,0,"[0.6481481481481481, 0.6481481481481481]","[0.6785714285714286, 0.6785714285714286]"
original,selected_H8,TK_NO_H,sequential,146,T2G,9,28,28,22,0,"[0.7314814814814815, 0.7314814814814815]","[0.7857142857142857, 0.7857142857142857]"
original,selected_H8,TK_H1,sequential,146,T2G,9,28,28,18,0,"[0.6203703703703703, 0.6203703703703703]","[0.6428571428571429, 0.6428571428571429]"
original,selected_H8,FREE_NO_H,sequential,146,T2G,9,28,28,26,0,"[0.8611111111111112, 0.8611111111111112]","[0.9285714285714286, 0.9285714285714286]"
original,selected_H8,FREE_H1,sequential,146,T2G,9,28,28,23,0,"[0.7685185185185185, 0.7685185185185185]","[0.8214285714285714, 0.8214285714285714]"
new_Base_sensitivity,selected_H8,CP_NO_H,sequential,146,T2G,9,28,28,23,0,"[0.7592592592592593, 0.7592592592592593]","[0.8214285714285714, 0.8214285714285714]"
new_Base_sensitivity,selected_H8,CP_H1,sequential,146,T2G,9,28,28,19,0,"[0.6481481481481481, 0.6481481481481481]","[0.6785714285714286, 0.6785714285714286]"
new_Base_sensitivity,selected_H8,TK_NO_H,sequential,146,T2G,9,28,28,22,0,"[0.7314814814814815, 0.7314814814814815]","[0.7857142857142857, 0.7857142857142857]"
new_Base_sensitivity,selected_H8,TK_H1,sequential,146,T2G,9,28,28,18,0,"[0.6203703703703703, 0.6203703703703703]","[0.6428571428571429, 0.6428571428571429]"
new_Base_sensitivity,selected_H8,FREE_NO_H,sequential,146,T2G,9,28,28,26,0,"[0.8611111111111112, 0.8611111111111112]","[0.9285714285714286, 0.9285714285714286]"
new_Base_sensitivity,selected_H8,FREE_H1,sequential,146,T2G,9,28,28,23,0,"[0.7685185185185185, 0.7685185185185185]","[0.8214285714285714, 0.8214285714285714]"
original,selected_nonH8,CP_NO_H,sequential,146,T2G,138,529,529,464,0,"[0.8792270531400966, 0.8792270531400966]","[0.8771266540642723, 0.8771266540642723]"
original,selected_nonH8,CP_H1,sequential,146,T2G,138,529,529,464,0,"[0.8792270531400966, 0.8792270531400966]","[0.8771266540642723, 0.8771266540642723]"
original,selected_nonH8,TK_NO_H,sequential,146,T2G,138,529,529,464,0,"[0.8792270531400966, 0.8792270531400966]","[0.8771266540642723, 0.8771266540642723]"
original,selected_nonH8,TK_H1,sequential,146,T2G,138,529,529,464,0,"[0.8792270531400966, 0.8792270531400966]","[0.8771266540642723, 0.8771266540642723]"
original,selected_nonH8,FREE_NO_H,sequential,146,T2G,138,529,529,464,0,"[0.8792270531400966, 0.8792270531400966]","[0.8771266540642723, 0.8771266540642723]"
original,selected_nonH8,FREE_H1,sequential,146,T2G,138,529,529,464,0,"[0.8792270531400966, 0.8792270531400966]","[0.8771266540642723, 0.8771266540642723]"
new_Base_sensitivity,selected_nonH8,CP_NO_H,sequential,146,T2G,138,528,528,462,0,"[0.8780193236714976, 0.8780193236714976]","[0.875, 0.875]"
new_Base_sensitivity,selected_nonH8,CP_H1,sequential,146,T2G,138,528,528,462,0,"[0.8780193236714976, 0.8780193236714976]","[0.875, 0.875]"
new_Base_sensitivity,selected_nonH8,TK_NO_H,sequential,146,T2G,138,528,528,462,0,"[0.8780193236714976, 0.8780193236714976]","[0.875, 0.875]"
new_Base_sensitivity,selected_nonH8,TK_H1,sequential,146,T2G,138,528,528,462,0,"[0.8780193236714976, 0.8780193236714976]","[0.875, 0.875]"
new_Base_sensitivity,selected_nonH8,FREE_NO_H,sequential,146,T2G,138,528,528,462,0,"[0.8780193236714976, 0.8780193236714976]","[0.875, 0.875]"
new_Base_sensitivity,selected_nonH8,FREE_H1,sequential,146,T2G,138,528,528,462,0,"[0.8780193236714976, 0.8780193236714976]","[0.875, 0.875]"
original,selected_Base,CP_NO_H,sequential,146,T2G,0,0,0,0,0,,
original,selected_Base,CP_H1,sequential,146,T2G,0,0,0,0,0,,
original,selected_Base,TK_NO_H,sequential,146,T2G,0,0,0,0,0,,
original,selected_Base,TK_H1,sequential,146,T2G,0,0,0,0,0,,
original,selected_Base,FREE_NO_H,sequential,146,T2G,0,0,0,0,0,,
original,selected_Base,FREE_H1,sequential,146,T2G,0,0,0,0,0,,
new_Base_sensitivity,selected_Base,CP_NO_H,sequential,146,T2G,0,0,0,0,0,,
new_Base_sensitivity,selected_Base,CP_H1,sequential,146,T2G,0,0,0,0,0,,
new_Base_sensitivity,selected_Base,TK_NO_H,sequential,146,T2G,0,0,0,0,0,,
new_Base_sensitivity,selected_Base,TK_H1,sequential,146,T2G,0,0,0,0,0,,
new_Base_sensitivity,selected_Base,FREE_NO_H,sequential,146,T2G,0,0,0,0,0,,
new_Base_sensitivity,selected_Base,FREE_H1,sequential,146,T2G,0,0,0,0,0,,
original,all,CP_NO_H,sequential,146,T2L,31,54,52,26,0,"[0.532258064516129, 0.532258064516129]","[0.48148148148148145, 0.48148148148148145]"
original,all,CP_H1,sequential,146,T2L,31,54,52,26,0,"[0.532258064516129, 0.532258064516129]","[0.48148148148148145, 0.48148148148148145]"
original,all,TK_NO_H,sequential,146,T2L,31,54,52,26,0,"[0.532258064516129, 0.532258064516129]","[0.48148148148148145, 0.48148148148148145]"
original,all,TK_H1,sequential,146,T2L,31,54,52,26,0,"[0.532258064516129, 0.532258064516129]","[0.48148148148148145, 0.48148148148148145]"
original,all,FREE_NO_H,sequential,146,T2L,31,54,52,26,0,"[0.532258064516129, 0.532258064516129]","[0.48148148148148145, 0.48148148148148145]"
original,all,FREE_H1,sequential,146,T2L,31,54,52,26,0,"[0.532258064516129, 0.532258064516129]","[0.48148148148148145, 0.48148148148148145]"
new_Base_sensitivity,all,CP_NO_H,sequential,146,T2L,31,55,53,26,0,"[0.5161290322580645, 0.5161290322580645]","[0.4727272727272727, 0.4727272727272727]"
new_Base_sensitivity,all,CP_H1,sequential,146,T2L,31,55,53,26,0,"[0.5161290322580645, 0.5161290322580645]","[0.4727272727272727, 0.4727272727272727]"
new_Base_sensitivity,all,TK_NO_H,sequential,146,T2L,31,55,53,26,0,"[0.5161290322580645, 0.5161290322580645]","[0.4727272727272727, 0.4727272727272727]"
new_Base_sensitivity,all,TK_H1,sequential,146,T2L,31,55,53,26,0,"[0.5161290322580645, 0.5161290322580645]","[0.4727272727272727, 0.4727272727272727]"
new_Base_sensitivity,all,FREE_NO_H,sequential,146,T2L,31,55,53,26,0,"[0.5161290322580645, 0.5161290322580645]","[0.4727272727272727, 0.4727272727272727]"
new_Base_sensitivity,all,FREE_H1,sequential,146,T2L,31,55,53,26,0,"[0.5161290322580645, 0.5161290322580645]","[0.4727272727272727, 0.4727272727272727]"
original,owner_H8,CP_NO_H,sequential,146,T2L,0,0,0,0,0,,
original,owner_H8,CP_H1,sequential,146,T2L,0,0,0,0,0,,
original,owner_H8,TK_NO_H,sequential,146,T2L,0,0,0,0,0,,
original,owner_H8,TK_H1,sequential,146,T2L,0,0,0,0,0,,
original,owner_H8,FREE_NO_H,sequential,146,T2L,0,0,0,0,0,,
original,owner_H8,FREE_H1,sequential,146,T2L,0,0,0,0,0,,
new_Base_sensitivity,owner_H8,CP_NO_H,sequential,146,T2L,0,0,0,0,0,,
new_Base_sensitivity,owner_H8,CP_H1,sequential,146,T2L,0,0,0,0,0,,
new_Base_sensitivity,owner_H8,TK_NO_H,sequential,146,T2L,0,0,0,0,0,,
new_Base_sensitivity,owner_H8,TK_H1,sequential,146,T2L,0,0,0,0,0,,
new_Base_sensitivity,owner_H8,FREE_NO_H,sequential,146,T2L,0,0,0,0,0,,
new_Base_sensitivity,owner_H8,FREE_H1,sequential,146,T2L,0,0,0,0,0,,
original,owner_nonH8,CP_NO_H,sequential,146,T2L,31,54,52,26,0,"[0.532258064516129, 0.532258064516129]","[0.48148148148148145, 0.48148148148148145]"
original,owner_nonH8,CP_H1,sequential,146,T2L,31,54,52,26,0,"[0.532258064516129, 0.532258064516129]","[0.48148148148148145, 0.48148148148148145]"
original,owner_nonH8,TK_NO_H,sequential,146,T2L,31,54,52,26,0,"[0.532258064516129, 0.532258064516129]","[0.48148148148148145, 0.48148148148148145]"
original,owner_nonH8,TK_H1,sequential,146,T2L,31,54,52,26,0,"[0.532258064516129, 0.532258064516129]","[0.48148148148148145, 0.48148148148148145]"
original,owner_nonH8,FREE_NO_H,sequential,146,T2L,31,54,52,26,0,"[0.532258064516129, 0.532258064516129]","[0.48148148148148145, 0.48148148148148145]"
original,owner_nonH8,FREE_H1,sequential,146,T2L,31,54,52,26,0,"[0.532258064516129, 0.532258064516129]","[0.48148148148148145, 0.48148148148148145]"
new_Base_sensitivity,owner_nonH8,CP_NO_H,sequential,146,T2L,31,55,53,26,0,"[0.5161290322580645, 0.5161290322580645]","[0.4727272727272727, 0.4727272727272727]"
new_Base_sensitivity,owner_nonH8,CP_H1,sequential,146,T2L,31,55,53,26,0,"[0.5161290322580645, 0.5161290322580645]","[0.4727272727272727, 0.4727272727272727]"
new_Base_sensitivity,owner_nonH8,TK_NO_H,sequential,146,T2L,31,55,53,26,0,"[0.5161290322580645, 0.5161290322580645]","[0.4727272727272727, 0.4727272727272727]"
new_Base_sensitivity,owner_nonH8,TK_H1,sequential,146,T2L,31,55,53,26,0,"[0.5161290322580645, 0.5161290322580645]","[0.4727272727272727, 0.4727272727272727]"
new_Base_sensitivity,owner_nonH8,FREE_NO_H,sequential,146,T2L,31,55,53,26,0,"[0.5161290322580645, 0.5161290322580645]","[0.4727272727272727, 0.4727272727272727]"
new_Base_sensitivity,owner_nonH8,FREE_H1,sequential,146,T2L,31,55,53,26,0,"[0.5161290322580645, 0.5161290322580645]","[0.4727272727272727, 0.4727272727272727]"
original,selected_H8,CP_NO_H,sequential,146,T2L,0,0,0,0,0,,
original,selected_H8,CP_H1,sequential,146,T2L,0,0,0,0,0,,
original,selected_H8,TK_NO_H,sequential,146,T2L,0,0,0,0,0,,
original,selected_H8,TK_H1,sequential,146,T2L,0,0,0,0,0,,
original,selected_H8,FREE_NO_H,sequential,146,T2L,0,0,0,0,0,,
original,selected_H8,FREE_H1,sequential,146,T2L,0,0,0,0,0,,
new_Base_sensitivity,selected_H8,CP_NO_H,sequential,146,T2L,0,0,0,0,0,,
new_Base_sensitivity,selected_H8,CP_H1,sequential,146,T2L,0,0,0,0,0,,
new_Base_sensitivity,selected_H8,TK_NO_H,sequential,146,T2L,0,0,0,0,0,,
new_Base_sensitivity,selected_H8,TK_H1,sequential,146,T2L,0,0,0,0,0,,
new_Base_sensitivity,selected_H8,FREE_NO_H,sequential,146,T2L,0,0,0,0,0,,
new_Base_sensitivity,selected_H8,FREE_H1,sequential,146,T2L,0,0,0,0,0,,
original,selected_nonH8,CP_NO_H,sequential,146,T2L,31,54,52,26,0,"[0.532258064516129, 0.532258064516129]","[0.48148148148148145, 0.48148148148148145]"
original,selected_nonH8,CP_H1,sequential,146,T2L,31,54,52,26,0,"[0.532258064516129, 0.532258064516129]","[0.48148148148148145, 0.48148148148148145]"
original,selected_nonH8,TK_NO_H,sequential,146,T2L,31,54,52,26,0,"[0.532258064516129, 0.532258064516129]","[0.48148148148148145, 0.48148148148148145]"
original,selected_nonH8,TK_H1,sequential,146,T2L,31,54,52,26,0,"[0.532258064516129, 0.532258064516129]","[0.48148148148148145, 0.48148148148148145]"
original,selected_nonH8,FREE_NO_H,sequential,146,T2L,31,54,52,26,0,"[0.532258064516129, 0.532258064516129]","[0.48148148148148145, 0.48148148148148145]"
original,selected_nonH8,FREE_H1,sequential,146,T2L,31,54,52,26,0,"[0.532258064516129, 0.532258064516129]","[0.48148148148148145, 0.48148148148148145]"
new_Base_sensitivity,selected_nonH8,CP_NO_H,sequential,146,T2L,31,55,53,26,0,"[0.5161290322580645, 0.5161290322580645]","[0.4727272727272727, 0.4727272727272727]"
new_Base_sensitivity,selected_nonH8,CP_H1,sequential,146,T2L,31,55,53,26,0,"[0.5161290322580645, 0.5161290322580645]","[0.4727272727272727, 0.4727272727272727]"
new_Base_sensitivity,selected_nonH8,TK_NO_H,sequential,146,T2L,31,55,53,26,0,"[0.5161290322580645, 0.5161290322580645]","[0.4727272727272727, 0.4727272727272727]"
new_Base_sensitivity,selected_nonH8,TK_H1,sequential,146,T2L,31,55,53,26,0,"[0.5161290322580645, 0.5161290322580645]","[0.4727272727272727, 0.4727272727272727]"
new_Base_sensitivity,selected_nonH8,FREE_NO_H,sequential,146,T2L,31,55,53,26,0,"[0.5161290322580645, 0.5161290322580645]","[0.4727272727272727, 0.4727272727272727]"
new_Base_sensitivity,selected_nonH8,FREE_H1,sequential,146,T2L,31,55,53,26,0,"[0.5161290322580645, 0.5161290322580645]","[0.4727272727272727, 0.4727272727272727]"
original,selected_Base,CP_NO_H,sequential,146,T2L,0,0,0,0,0,,
original,selected_Base,CP_H1,sequential,146,T2L,0,0,0,0,0,,
original,selected_Base,TK_NO_H,sequential,146,T2L,0,0,0,0,0,,
original,selected_Base,TK_H1,sequential,146,T2L,0,0,0,0,0,,
original,selected_Base,FREE_NO_H,sequential,146,T2L,0,0,0,0,0,,
original,selected_Base,FREE_H1,sequential,146,T2L,0,0,0,0,0,,
new_Base_sensitivity,selected_Base,CP_NO_H,sequential,146,T2L,0,0,0,0,0,,
new_Base_sensitivity,selected_Base,CP_H1,sequential,146,T2L,0,0,0,0,0,,
new_Base_sensitivity,selected_Base,TK_NO_H,sequential,146,T2L,0,0,0,0,0,,
new_Base_sensitivity,selected_Base,TK_H1,sequential,146,T2L,0,0,0,0,0,,
new_Base_sensitivity,selected_Base,FREE_NO_H,sequential,146,T2L,0,0,0,0,0,,
new_Base_sensitivity,selected_Base,FREE_H1,sequential,146,T2L,0,0,0,0,0,,
original,all,CP_NO_H,sequential,146,T4G,0,0,0,0,0,,
original,all,CP_H1,sequential,146,T4G,0,0,0,0,0,,
original,all,TK_NO_H,sequential,146,T4G,0,0,0,0,0,,
original,all,TK_H1,sequential,146,T4G,0,0,0,0,0,,
original,all,FREE_NO_H,sequential,146,T4G,0,0,0,0,0,,
original,all,FREE_H1,sequential,146,T4G,0,0,0,0,0,,
new_Base_sensitivity,all,CP_NO_H,sequential,146,T4G,0,0,0,0,0,,
new_Base_sensitivity,all,CP_H1,sequential,146,T4G,0,0,0,0,0,,
new_Base_sensitivity,all,TK_NO_H,sequential,146,T4G,0,0,0,0,0,,
new_Base_sensitivity,all,TK_H1,sequential,146,T4G,0,0,0,0,0,,
new_Base_sensitivity,all,FREE_NO_H,sequential,146,T4G,0,0,0,0,0,,
new_Base_sensitivity,all,FREE_H1,sequential,146,T4G,0,0,0,0,0,,
original,owner_H8,CP_NO_H,sequential,146,T4G,0,0,0,0,0,,
original,owner_H8,CP_H1,sequential,146,T4G,0,0,0,0,0,,
original,owner_H8,TK_NO_H,sequential,146,T4G,0,0,0,0,0,,
original,owner_H8,TK_H1,sequential,146,T4G,0,0,0,0,0,,
original,owner_H8,FREE_NO_H,sequential,146,T4G,0,0,0,0,0,,
original,owner_H8,FREE_H1,sequential,146,T4G,0,0,0,0,0,,
new_Base_sensitivity,owner_H8,CP_NO_H,sequential,146,T4G,0,0,0,0,0,,
new_Base_sensitivity,owner_H8,CP_H1,sequential,146,T4G,0,0,0,0,0,,
new_Base_sensitivity,owner_H8,TK_NO_H,sequential,146,T4G,0,0,0,0,0,,
new_Base_sensitivity,owner_H8,TK_H1,sequential,146,T4G,0,0,0,0,0,,
new_Base_sensitivity,owner_H8,FREE_NO_H,sequential,146,T4G,0,0,0,0,0,,
new_Base_sensitivity,owner_H8,FREE_H1,sequential,146,T4G,0,0,0,0,0,,
original,owner_nonH8,CP_NO_H,sequential,146,T4G,0,0,0,0,0,,
original,owner_nonH8,CP_H1,sequential,146,T4G,0,0,0,0,0,,
original,owner_nonH8,TK_NO_H,sequential,146,T4G,0,0,0,0,0,,
original,owner_nonH8,TK_H1,sequential,146,T4G,0,0,0,0,0,,
original,owner_nonH8,FREE_NO_H,sequential,146,T4G,0,0,0,0,0,,
original,owner_nonH8,FREE_H1,sequential,146,T4G,0,0,0,0,0,,
new_Base_sensitivity,owner_nonH8,CP_NO_H,sequential,146,T4G,0,0,0,0,0,,
new_Base_sensitivity,owner_nonH8,CP_H1,sequential,146,T4G,0,0,0,0,0,,
new_Base_sensitivity,owner_nonH8,TK_NO_H,sequential,146,T4G,0,0,0,0,0,,
new_Base_sensitivity,owner_nonH8,TK_H1,sequential,146,T4G,0,0,0,0,0,,
new_Base_sensitivity,owner_nonH8,FREE_NO_H,sequential,146,T4G,0,0,0,0,0,,
new_Base_sensitivity,owner_nonH8,FREE_H1,sequential,146,T4G,0,0,0,0,0,,
original,selected_H8,CP_NO_H,sequential,146,T4G,0,0,0,0,0,,
original,selected_H8,CP_H1,sequential,146,T4G,0,0,0,0,0,,
original,selected_H8,TK_NO_H,sequential,146,T4G,0,0,0,0,0,,
original,selected_H8,TK_H1,sequential,146,T4G,0,0,0,0,0,,
original,selected_H8,FREE_NO_H,sequential,146,T4G,0,0,0,0,0,,
original,selected_H8,FREE_H1,sequential,146,T4G,0,0,0,0,0,,
new_Base_sensitivity,selected_H8,CP_NO_H,sequential,146,T4G,0,0,0,0,0,,
new_Base_sensitivity,selected_H8,CP_H1,sequential,146,T4G,0,0,0,0,0,,
new_Base_sensitivity,selected_H8,TK_NO_H,sequential,146,T4G,0,0,0,0,0,,
new_Base_sensitivity,selected_H8,TK_H1,sequential,146,T4G,0,0,0,0,0,,
new_Base_sensitivity,selected_H8,FREE_NO_H,sequential,146,T4G,0,0,0,0,0,,
new_Base_sensitivity,selected_H8,FREE_H1,sequential,146,T4G,0,0,0,0,0,,
original,selected_nonH8,CP_NO_H,sequential,146,T4G,0,0,0,0,0,,
original,selected_nonH8,CP_H1,sequential,146,T4G,0,0,0,0,0,,
original,selected_nonH8,TK_NO_H,sequential,146,T4G,0,0,0,0,0,,
original,selected_nonH8,TK_H1,sequential,146,T4G,0,0,0,0,0,,
original,selected_nonH8,FREE_NO_H,sequential,146,T4G,0,0,0,0,0,,
original,selected_nonH8,FREE_H1,sequential,146,T4G,0,0,0,0,0,,
new_Base_sensitivity,selected_nonH8,CP_NO_H,sequential,146,T4G,0,0,0,0,0,,
new_Base_sensitivity,selected_nonH8,CP_H1,sequential,146,T4G,0,0,0,0,0,,
new_Base_sensitivity,selected_nonH8,TK_NO_H,sequential,146,T4G,0,0,0,0,0,,
new_Base_sensitivity,selected_nonH8,TK_H1,sequential,146,T4G,0,0,0,0,0,,
new_Base_sensitivity,selected_nonH8,FREE_NO_H,sequential,146,T4G,0,0,0,0,0,,
new_Base_sensitivity,selected_nonH8,FREE_H1,sequential,146,T4G,0,0,0,0,0,,
original,selected_Base,CP_NO_H,sequential,146,T4G,0,0,0,0,0,,
original,selected_Base,CP_H1,sequential,146,T4G,0,0,0,0,0,,
original,selected_Base,TK_NO_H,sequential,146,T4G,0,0,0,0,0,,
original,selected_Base,TK_H1,sequential,146,T4G,0,0,0,0,0,,
original,selected_Base,FREE_NO_H,sequential,146,T4G,0,0,0,0,0,,
original,selected_Base,FREE_H1,sequential,146,T4G,0,0,0,0,0,,
new_Base_sensitivity,selected_Base,CP_NO_H,sequential,146,T4G,0,0,0,0,0,,
new_Base_sensitivity,selected_Base,CP_H1,sequential,146,T4G,0,0,0,0,0,,
new_Base_sensitivity,selected_Base,TK_NO_H,sequential,146,T4G,0,0,0,0,0,,
new_Base_sensitivity,selected_Base,TK_H1,sequential,146,T4G,0,0,0,0,0,,
new_Base_sensitivity,selected_Base,FREE_NO_H,sequential,146,T4G,0,0,0,0,0,,
new_Base_sensitivity,selected_Base,FREE_H1,sequential,146,T4G,0,0,0,0,0,,
