cohort,track,prefix,method,mode,role,stratum,strict_role,diagnostic_step,is_diagnostic,average,inputs,edits,source_images,patients,semantic,semantic_numerator,semantic_denominator,semantic_edit_support,v4_primary,v4_primary_numerator,v4_primary_denominator,v4_primary_edit_support,original_reference_correct,original_reference_correct_numerator,original_reference_correct_denominator,original_reference_correct_edit_support,base_correct,base_correct_numerator,base_correct_denominator,base_correct_edit_support,base_correct_damage,base_correct_damage_numerator,base_correct_damage_denominator,base_correct_damage_edit_support,base_correct_preserved,base_correct_preserved_numerator,base_correct_preserved_denominator,base_correct_preserved_edit_support,base_wrong_became_correct,base_wrong_became_correct_numerator,base_wrong_became_correct_denominator,base_wrong_became_correct_edit_support,base_wrong_changed,base_wrong_changed_numerator,base_wrong_changed_denominator,base_wrong_changed_edit_support,on,on_numerator,on_denominator,on_edit_support,joint_on_correct,joint_on_correct_numerator,joint_on_correct_denominator,joint_on_correct_edit_support,fpr,fpr_numerator,fpr_denominator,fpr_edit_support,misfire_damage,misfire_damage_numerator,misfire_damage_denominator,misfire_damage_edit_support,token_parity,token_parity_numerator,token_parity_denominator,token_parity_edit_support,kl,kl_numerator,kl_denominator,kl_edit_support,own_forced_correct,own_forced_correct_numerator,own_forced_correct_denominator,own_forced_correct_edit_support,rejection,rejection_numerator,rejection_denominator,rejection_edit_support,wrong_writer,wrong_writer_numerator,wrong_writer_denominator,wrong_writer_edit_support,writer_error,writer_error_numerator,writer_error_denominator,writer_error_edit_support,equivalent_correct,equivalent_correct_numerator,equivalent_correct_denominator,equivalent_correct_edit_support,other_expert_correct,other_expert_correct_numerator,other_expert_correct_denominator,other_expert_correct_edit_support,selected_writer_error,selected_writer_error_numerator,selected_writer_error_denominator,selected_writer_error_edit_support,ended_with_eos,ended_with_eos_numerator,ended_with_eos_denominator,ended_with_eos_edit_support,cap_hit,cap_hit_numerator,cap_hit_denominator,cap_hit_edit_support,wrong_given_on_base_correct,wrong_given_on_base_correct_numerator,wrong_given_on_base_correct_denominator,wrong_given_on_base_correct_edit_support,wrong_given_on_strict_base,wrong_given_on_strict_base_numerator,wrong_given_on_strict_base_denominator,wrong_given_on_strict_base_edit_support,positive_wrong_rejection,positive_wrong_rejection_numerator,positive_wrong_rejection_denominator,positive_wrong_rejection_edit_support,positive_wrong_selection,positive_wrong_selection_numerator,positive_wrong_selection_denominator,positive_wrong_selection_edit_support,positive_owner_error,positive_owner_error_numerator,positive_owner_error_denominator,positive_owner_error_edit_support,correct_via_base_return,correct_via_base_return_numerator,correct_via_base_return_denominator,correct_via_base_return_edit_support,correct_via_owner_writer,correct_via_owner_writer_numerator,correct_via_owner_writer_denominator,correct_via_owner_writer_edit_support,correct_via_other_writer,correct_via_other_writer_numerator,correct_via_other_writer_denominator,correct_via_other_writer_edit_support,subset,row_kind,requested_edits,native_edit_support,native_correct,pair_edit_support,pairs,pair_macro,pair_micro,status,both_correct,native_only,H_only,both_wrong
OLD15,A,0,BASE,BASE,challenge,same_answer_context_not_conflict,STRICT_BASE,320,False,macro,27,14,6,UNKNOWN,0.5833333333333334,15.0,27,14,,,0,0,0.5833333333333334,15.0,27,14,0.5833333333333334,15.0,27,14,0.0,0.0,15,10,1.0,15.0,15,10,0.0,0.0,12,8,0.0,0.0,12,8,0.0,0.0,27,14,0.0,0.0,27,14,0.0,0.0,27,14,0.0,0.0,15,10,1.0,27.0,27,14,,,0,0,0.75,20.0,27,14,,,0,0,,,0,0,,,0,0,,,0,0,,,0,0,,,0,0,,,0,0,,,0,0,,,0,0,,,0,0,,,0,0,,,0,0,,,0,0,,,0,0,,,0,0,,,0,0,FULL_COHORT,METRIC,,,,,,,,,,,,
OLD15,A,0,BASE,BASE,challenge,same_answer_context_not_conflict,STRICT_BASE,320,False,micro,27,14,6,UNKNOWN,0.5555555555555556,15.0,27,14,,,0,0,0.5555555555555556,15.0,27,14,0.5555555555555556,15.0,27,14,0.0,0.0,15,10,1.0,15.0,15,10,0.0,0.0,12,8,0.0,0.0,12,8,0.0,0.0,27,14,0.0,0.0,27,14,0.0,0.0,27,14,0.0,0.0,15,10,1.0,27.0,27,14,,,0,0,0.7407407407407407,20.0,27,14,,,0,0,,,0,0,,,0,0,,,0,0,,,0,0,,,0,0,,,0,0,,,0,0,,,0,0,,,0,0,,,0,0,,,0,0,,,0,0,,,0,0,,,0,0,,,0,0,FULL_COHORT,METRIC,,,,,,,,,,,,
OLD15,A,0,BASE,BASE,evaluation,H,STRICT_BASE,320,False,macro,19,14,7,UNKNOWN,0.8214285714285714,15.0,19,14,,,0,0,0.8214285714285714,15.0,19,14,0.8214285714285714,15.0,19,14,0.0,0.0,15,13,1.0,15.0,15,13,0.0,0.0,4,4,0.0,0.0,4,4,0.0,0.0,19,14,0.0,0.0,19,14,0.0,0.0,19,14,0.0,0.0,15,13,1.0,19.0,19,14,,,0,0,0.5357142857142857,11.0,19,14,,,0,0,,,0,0,,,0,0,,,0,0,,,0,0,,,0,0,,,0,0,,,0,0,,,0,0,,,0,0,,,0,0,,,0,0,,,0,0,,,0,0,,,0,0,,,0,0,FULL_COHORT,METRIC,,,,,,,,,,,,
OLD15,A,0,BASE,BASE,evaluation,H,STRICT_BASE,320,False,micro,19,14,7,UNKNOWN,0.7894736842105263,15.0,19,14,,,0,0,0.7894736842105263,15.0,19,14,0.7894736842105263,15.0,19,14,0.0,0.0,15,13,1.0,15.0,15,13,0.0,0.0,4,4,0.0,0.0,4,4,0.0,0.0,19,14,0.0,0.0,19,14,0.0,0.0,19,14,0.0,0.0,15,13,1.0,19.0,19,14,,,0,0,0.5789473684210527,11.0,19,14,,,0,0,,,0,0,,,0,0,,,0,0,,,0,0,,,0,0,,,0,0,,,0,0,,,0,0,,,0,0,,,0,0,,,0,0,,,0,0,,,0,0,,,0,0,,,0,0,FULL_COHORT,METRIC,,,,,,,,,,,,
OLD15,A,0,BASE,BASE,evaluation,U,STRICT_BASE,320,False,macro,190,15,41,UNKNOWN,0.645909645909646,123.0,190,15,,,0,0,0.645909645909646,123.0,190,15,0.645909645909646,123.0,190,15,0.0,0.0,123,15,1.0,123.0,123,15,0.0,0.0,67,15,0.0,0.0,67,15,0.0,0.0,190,15,0.0,0.0,190,15,0.0,0.0,190,15,0.0,0.0,123,15,1.0,190.0,190,15,,,0,0,0.5222222222222223,99.0,190,15,,,0,0,,,0,0,,,0,0,,,0,0,,,0,0,,,0,0,,,0,0,,,0,0,,,0,0,,,0,0,,,0,0,,,0,0,,,0,0,,,0,0,,,0,0,,,0,0,FULL_COHORT,METRIC,,,,,,,,,,,,
OLD15,A,0,BASE,BASE,evaluation,U,STRICT_BASE,320,False,micro,190,15,41,UNKNOWN,0.6473684210526316,123.0,190,15,,,0,0,0.6473684210526316,123.0,190,15,0.6473684210526316,123.0,190,15,0.0,0.0,123,15,1.0,123.0,123,15,0.0,0.0,67,15,0.0,0.0,67,15,0.0,0.0,190,15,0.0,0.0,190,15,0.0,0.0,190,15,0.0,0.0,123,15,1.0,190.0,190,15,,,0,0,0.5210526315789473,99.0,190,15,,,0,0,,,0,0,,,0,0,,,0,0,,,0,0,,,0,0,,,0,0,,,0,0,,,0,0,,,0,0,,,0,0,,,0,0,,,0,0,,,0,0,,,0,0,,,0,0,FULL_COHORT,METRIC,,,,,,,,,,,,
OLD15,A,0,BASE,BASE,evaluation,cross_family_confirmation,EDIT_TARGET,320,False,macro,30,15,15,UNKNOWN,0.5333333333333333,16.0,30,15,,,0,0,0.5333333333333333,16.0,30,15,0.5333333333333333,16.0,30,15,,,0,0,,,0,0,0.0,0.0,14,9,0.0,0.0,14,9,0.0,0.0,30,15,0.0,0.0,30,15,,,0,0,,,0,0,1.0,30.0,30,15,,,0,0,1.0,30.0,30,15,,,0,0,,,0,0,,,0,0,,,0,0,,,0,0,,,0,0,1.0,30.0,30,15,,,0,0,,,0,0,,,0,0,0.4666666666666667,14.0,30,15,,,0,0,,,0,0,,,0,0,,,0,0,,,0,0,FULL_COHORT,METRIC,,,,,,,,,,,,
OLD15,A,0,BASE,BASE,evaluation,cross_family_confirmation,EDIT_TARGET,320,False,micro,30,15,15,UNKNOWN,0.5333333333333333,16.0,30,15,,,0,0,0.5333333333333333,16.0,30,15,0.5333333333333333,16.0,30,15,,,0,0,,,0,0,0.0,0.0,14,9,0.0,0.0,14,9,0.0,0.0,30,15,0.0,0.0,30,15,,,0,0,,,0,0,1.0,30.0,30,15,,,0,0,1.0,30.0,30,15,,,0,0,,,0,0,,,0,0,,,0,0,,,0,0,,,0,0,1.0,30.0,30,15,,,0,0,,,0,0,,,0,0,0.4666666666666667,14.0,30,15,,,0,0,,,0,0,,,0,0,,,0,0,,,0,0,FULL_COHORT,METRIC,,,,,,,,,,,,
OLD15,A,0,BASE,BASE,evaluation,source_style_confirmation,EDIT_TARGET,320,False,macro,30,15,15,UNKNOWN,0.6333333333333333,19.0,30,15,,,0,0,0.6333333333333333,19.0,30,15,0.6333333333333333,19.0,30,15,,,0,0,,,0,0,0.0,0.0,11,6,0.0,0.0,11,6,0.0,0.0,30,15,0.0,0.0,30,15,,,0,0,,,0,0,1.0,30.0,30,15,,,0,0,1.0,30.0,30,15,,,0,0,,,0,0,,,0,0,,,0,0,,,0,0,,,0,0,1.0,30.0,30,15,,,0,0,,,0,0,,,0,0,0.36666666666666664,11.0,30,15,,,0,0,,,0,0,,,0,0,,,0,0,,,0,0,FULL_COHORT,METRIC,,,,,,,,,,,,
OLD15,A,0,BASE,BASE,evaluation,source_style_confirmation,EDIT_TARGET,320,False,micro,30,15,15,UNKNOWN,0.6333333333333333,19.0,30,15,,,0,0,0.6333333333333333,19.0,30,15,0.6333333333333333,19.0,30,15,,,0,0,,,0,0,0.0,0.0,11,6,0.0,0.0,11,6,0.0,0.0,30,15,0.0,0.0,30,15,,,0,0,,,0,0,1.0,30.0,30,15,,,0,0,1.0,30.0,30,15,,,0,0,,,0,0,,,0,0,,,0,0,,,0,0,,,0,0,1.0,30.0,30,15,,,0,0,,,0,0,,,0,0,0.36666666666666664,11.0,30,15,,,0,0,,,0,0,,,0,0,,,0,0,,,0,0,FULL_COHORT,METRIC,,,,,,,,,,,,
OLD15,A,0,BASE,BASE,fit,H,STRICT_BASE,320,False,macro,27,15,9,UNKNOWN,0.9777777777777777,26.0,27,15,,,0,0,0.9777777777777777,26.0,27,15,0.9777777777777777,26.0,27,15,0.0,0.0,26,15,1.0,26.0,26,15,0.0,0.0,1,1,0.0,0.0,1,1,0.0,0.0,27,15,0.0,0.0,27,15,0.0,0.0,27,15,0.0,0.0,26,15,1.0,27.0,27,15,,,0,0,0.9555555555555556,25.0,27,15,,,0,0,,,0,0,,,0,0,,,0,0,,,0,0,,,0,0,,,0,0,,,0,0,,,0,0,,,0,0,,,0,0,,,0,0,,,0,0,,,0,0,,,0,0,,,0,0,FULL_COHORT,METRIC,,,,,,,,,,,,
OLD15,A,0,BASE,BASE,fit,H,STRICT_BASE,320,False,micro,27,15,9,UNKNOWN,0.9629629629629629,26.0,27,15,,,0,0,0.9629629629629629,26.0,27,15,0.9629629629629629,26.0,27,15,0.0,0.0,26,15,1.0,26.0,26,15,0.0,0.0,1,1,0.0,0.0,1,1,0.0,0.0,27,15,0.0,0.0,27,15,0.0,0.0,27,15,0.0,0.0,26,15,1.0,27.0,27,15,,,0,0,0.9259259259259259,25.0,27,15,,,0,0,,,0,0,,,0,0,,,0,0,,,0,0,,,0,0,,,0,0,,,0,0,,,0,0,,,0,0,,,0,0,,,0,0,,,0,0,,,0,0,,,0,0,,,0,0,FULL_COHORT,METRIC,,,,,,,,,,,,
OLD15,A,0,BASE,BASE,fit,U,STRICT_BASE,320,False,macro,204,15,43,UNKNOWN,0.5835164835164836,119.0,204,15,,,0,0,0.5835164835164836,119.0,204,15,0.5835164835164836,119.0,204,15,0.0,0.0,119,15,1.0,119.0,119,15,0.0,0.0,85,15,0.0,0.0,85,15,0.0,0.0,204,15,0.0,0.0,204,15,0.0,0.0,204,15,0.0,0.0,119,15,1.0,204.0,204,15,,,0,0,0.49743589743589745,101.0,204,15,,,0,0,,,0,0,,,0,0,,,0,0,,,0,0,,,0,0,,,0,0,,,0,0,,,0,0,,,0,0,,,0,0,,,0,0,,,0,0,,,0,0,,,0,0,,,0,0,FULL_COHORT,METRIC,,,,,,,,,,,,
OLD15,A,0,BASE,BASE,fit,U,STRICT_BASE,320,False,micro,204,15,43,UNKNOWN,0.5833333333333334,119.0,204,15,,,0,0,0.5833333333333334,119.0,204,15,0.5833333333333334,119.0,204,15,0.0,0.0,119,15,1.0,119.0,119,15,0.0,0.0,85,15,0.0,0.0,85,15,0.0,0.0,204,15,0.0,0.0,204,15,0.0,0.0,204,15,0.0,0.0,119,15,1.0,204.0,204,15,,,0,0,0.4950980392156863,101.0,204,15,,,0,0,,,0,0,,,0,0,,,0,0,,,0,0,,,0,0,,,0,0,,,0,0,,,0,0,,,0,0,,,0,0,,,0,0,,,0,0,,,0,0,,,0,0,,,0,0,FULL_COHORT,METRIC,,,,,,,,,,,,
OLD15,A,0,BASE,BASE,fit,cross_family_confirmation,EDIT_TARGET,320,False,macro,60,15,15,UNKNOWN,0.3,18.0,60,15,,,0,0,0.3,18.0,60,15,0.3,18.0,60,15,,,0,0,,,0,0,0.0,0.0,42,15,0.0,0.0,42,15,0.0,0.0,60,15,0.0,0.0,60,15,,,0,0,,,0,0,1.0,60.0,60,15,,,0,0,1.0,60.0,60,15,,,0,0,,,0,0,,,0,0,,,0,0,,,0,0,,,0,0,1.0,60.0,60,15,,,0,0,,,0,0,,,0,0,0.7,42.0,60,15,,,0,0,,,0,0,,,0,0,,,0,0,,,0,0,FULL_COHORT,METRIC,,,,,,,,,,,,
OLD15,A,0,BASE,BASE,fit,cross_family_confirmation,EDIT_TARGET,320,False,micro,60,15,15,UNKNOWN,0.3,18.0,60,15,,,0,0,0.3,18.0,60,15,0.3,18.0,60,15,,,0,0,,,0,0,0.0,0.0,42,15,0.0,0.0,42,15,0.0,0.0,60,15,0.0,0.0,60,15,,,0,0,,,0,0,1.0,60.0,60,15,,,0,0,1.0,60.0,60,15,,,0,0,,,0,0,,,0,0,,,0,0,,,0,0,,,0,0,1.0,60.0,60,15,,,0,0,,,0,0,,,0,0,0.7,42.0,60,15,,,0,0,,,0,0,,,0,0,,,0,0,,,0,0,FULL_COHORT,METRIC,,,,,,,,,,,,
OLD15,A,0,BASE,BASE,native,T0,EDIT_TARGET,320,False,macro,15,15,15,UNKNOWN,0.0,0.0,15,15,0.0,0.0,15,15,0.0,0.0,15,15,0.0,0.0,15,15,,,0,0,,,0,0,0.0,0.0,15,15,0.0,0.0,15,15,0.0,0.0,15,15,0.0,0.0,15,15,,,0,0,,,0,0,1.0,15.0,15,15,,,0,0,1.0,15.0,15,15,,,0,0,,,0,0,,,0,0,,,0,0,,,0,0,,,0,0,,,0,0,,,0,0,,,0,0,,,0,0,1.0,15.0,15,15,,,0,0,,,0,0,,,0,0,,,0,0,,,0,0,FULL_COHORT,METRIC,,,,,,,,,,,,
OLD15,A,0,BASE,BASE,native,T0,EDIT_TARGET,320,False,micro,15,15,15,UNKNOWN,0.0,0.0,15,15,0.0,0.0,15,15,0.0,0.0,15,15,0.0,0.0,15,15,,,0,0,,,0,0,0.0,0.0,15,15,0.0,0.0,15,15,0.0,0.0,15,15,0.0,0.0,15,15,,,0,0,,,0,0,1.0,15.0,15,15,,,0,0,1.0,15.0,15,15,,,0,0,,,0,0,,,0,0,,,0,0,,,0,0,,,0,0,,,0,0,,,0,0,,,0,0,,,0,0,1.0,15.0,15,15,,,0,0,,,0,0,,,0,0,,,0,0,,,0,0,FULL_COHORT,METRIC,,,,,,,,,,,,
OLD15,A,0,BE,FORCED_ON,challenge,same_answer_context_not_conflict,STRICT_BASE,320,False,macro,27,14,6,UNKNOWN,1.0,27.0,27,14,,,0,0,1.0,27.0,27,14,0.5833333333333334,15.0,27,14,0.0,0.0,15,10,1.0,15.0,15,10,1.0,12.0,12,8,1.0,12.0,12,8,1.0,27.0,27,14,1.0,27.0,27,14,1.0,27.0,27,14,0.0,0.0,15,10,0.0,0.0,27,14,16.78828025772458,444.7045621871948,27,14,1.0,27.0,27,14,,,0,0,,,0,0,,,0,0,,,0,0,,,0,0,,,0,0,1.0,27.0,27,14,,,0,0,0.0,0.0,15,10,0.0,0.0,27,14,,,0,0,,,0,0,,,0,0,,,0,0,,,0,0,,,0,0,FULL_COHORT,METRIC,,,,,,,,,,,,
OLD15,A,0,BE,FORCED_ON,challenge,same_answer_context_not_conflict,STRICT_BASE,320,False,micro,27,14,6,UNKNOWN,1.0,27.0,27,14,,,0,0,1.0,27.0,27,14,0.5555555555555556,15.0,27,14,0.0,0.0,15,10,1.0,15.0,15,10,1.0,12.0,12,8,1.0,12.0,12,8,1.0,27.0,27,14,1.0,27.0,27,14,1.0,27.0,27,14,0.0,0.0,15,10,0.0,0.0,27,14,16.470539340266473,444.7045621871948,27,14,1.0,27.0,27,14,,,0,0,,,0,0,,,0,0,,,0,0,,,0,0,,,0,0,1.0,27.0,27,14,,,0,0,0.0,0.0,15,10,0.0,0.0,27,14,,,0,0,,,0,0,,,0,0,,,0,0,,,0,0,,,0,0,FULL_COHORT,METRIC,,,,,,,,,,,,
OLD15,A,0,BE,FORCED_ON,evaluation,H,STRICT_BASE,320,False,macro,19,14,7,UNKNOWN,0.0,0.0,19,14,,,0,0,0.0,0.0,19,14,0.8214285714285714,15.0,19,14,1.0,15.0,15,13,0.0,0.0,15,13,0.0,0.0,4,4,1.0,4.0,4,4,1.0,19.0,19,14,0.0,0.0,19,14,1.0,19.0,19,14,1.0,15.0,15,13,0.0,0.0,19,14,18.126030376979283,331.21375370025635,19,14,0.0,0.0,19,14,,,0,0,,,0,0,,,0,0,,,0,0,,,0,0,,,0,0,1.0,19.0,19,14,,,0,0,1.0,15.0,15,13,1.0,19.0,19,14,,,0,0,,,0,0,,,0,0,,,0,0,,,0,0,,,0,0,FULL_COHORT,METRIC,,,,,,,,,,,,
OLD15,A,0,BE,FORCED_ON,evaluation,H,STRICT_BASE,320,False,micro,19,14,7,UNKNOWN,0.0,0.0,19,14,,,0,0,0.0,0.0,19,14,0.7894736842105263,15.0,19,14,1.0,15.0,15,13,0.0,0.0,15,13,0.0,0.0,4,4,1.0,4.0,4,4,1.0,19.0,19,14,0.0,0.0,19,14,1.0,19.0,19,14,1.0,15.0,15,13,0.0,0.0,19,14,17.43230282632928,331.21375370025635,19,14,0.0,0.0,19,14,,,0,0,,,0,0,,,0,0,,,0,0,,,0,0,,,0,0,1.0,19.0,19,14,,,0,0,1.0,15.0,15,13,1.0,19.0,19,14,,,0,0,,,0,0,,,0,0,,,0,0,,,0,0,,,0,0,FULL_COHORT,METRIC,,,,,,,,,,,,
OLD15,A,0,BE,FORCED_ON,evaluation,U,STRICT_BASE,320,False,macro,190,15,41,UNKNOWN,0.05641025641025641,11.0,190,15,,,0,0,0.05641025641025641,11.0,190,15,0.645909645909646,123.0,190,15,0.9822222222222222,121.0,123,15,0.017777777777777778,2.0,123,15,0.14206349206349206,9.0,67,15,1.0,67.0,67,15,1.0,190.0,190,15,0.05641025641025641,11.0,190,15,1.0,190.0,190,15,0.9822222222222222,121.0,123,15,0.0,0.0,190,15,15.135487322842245,2888.7713322639465,190,15,0.05641025641025641,11.0,190,15,,,0,0,,,0,0,,,0,0,,,0,0,,,0,0,,,0,0,1.0,190.0,190,15,,,0,0,0.9822222222222222,121.0,123,15,0.9435897435897436,179.0,190,15,,,0,0,,,0,0,,,0,0,,,0,0,,,0,0,,,0,0,FULL_COHORT,METRIC,,,,,,,,,,,,
OLD15,A,0,BE,FORCED_ON,evaluation,U,STRICT_BASE,320,False,micro,190,15,41,UNKNOWN,0.05789473684210526,11.0,190,15,,,0,0,0.05789473684210526,11.0,190,15,0.6473684210526316,123.0,190,15,0.983739837398374,121.0,123,15,0.016260162601626018,2.0,123,15,0.13432835820895522,9.0,67,15,1.0,67.0,67,15,1.0,190.0,190,15,0.05789473684210526,11.0,190,15,1.0,190.0,190,15,0.983739837398374,121.0,123,15,0.0,0.0,190,15,15.204059643494455,2888.7713322639465,190,15,0.05789473684210526,11.0,190,15,,,0,0,,,0,0,,,0,0,,,0,0,,,0,0,,,0,0,1.0,190.0,190,15,,,0,0,0.983739837398374,121.0,123,15,0.9421052631578948,179.0,190,15,,,0,0,,,0,0,,,0,0,,,0,0,,,0,0,,,0,0,FULL_COHORT,METRIC,,,,,,,,,,,,
OLD15,A,0,BE,FORCED_ON,evaluation,cross_family_confirmation,EDIT_TARGET,320,False,macro,30,15,15,UNKNOWN,1.0,30.0,30,15,,,0,0,1.0,30.0,30,15,0.5333333333333333,16.0,30,15,,,0,0,,,0,0,1.0,14.0,14,9,1.0,14.0,14,9,1.0,30.0,30,15,1.0,30.0,30,15,,,0,0,,,0,0,0.0,0.0,30,15,,,0,0,1.0,30.0,30,15,,,0,0,,,0,0,,,0,0,,,0,0,,,0,0,,,0,0,1.0,30.0,30,15,,,0,0,,,0,0,,,0,0,0.0,0.0,30,15,,,0,0,,,0,0,,,0,0,,,0,0,,,0,0,FULL_COHORT,METRIC,,,,,,,,,,,,
OLD15,A,0,BE,FORCED_ON,evaluation,cross_family_confirmation,EDIT_TARGET,320,False,micro,30,15,15,UNKNOWN,1.0,30.0,30,15,,,0,0,1.0,30.0,30,15,0.5333333333333333,16.0,30,15,,,0,0,,,0,0,1.0,14.0,14,9,1.0,14.0,14,9,1.0,30.0,30,15,1.0,30.0,30,15,,,0,0,,,0,0,0.0,0.0,30,15,,,0,0,1.0,30.0,30,15,,,0,0,,,0,0,,,0,0,,,0,0,,,0,0,,,0,0,1.0,30.0,30,15,,,0,0,,,0,0,,,0,0,0.0,0.0,30,15,,,0,0,,,0,0,,,0,0,,,0,0,,,0,0,FULL_COHORT,METRIC,,,,,,,,,,,,
OLD15,A,0,BE,FORCED_ON,evaluation,source_style_confirmation,EDIT_TARGET,320,False,macro,30,15,15,UNKNOWN,1.0,30.0,30,15,,,0,0,1.0,30.0,30,15,0.6333333333333333,19.0,30,15,,,0,0,,,0,0,1.0,11.0,11,6,1.0,11.0,11,6,1.0,30.0,30,15,1.0,30.0,30,15,,,0,0,,,0,0,0.0,0.0,30,15,,,0,0,1.0,30.0,30,15,,,0,0,,,0,0,,,0,0,,,0,0,,,0,0,,,0,0,1.0,30.0,30,15,,,0,0,,,0,0,,,0,0,0.0,0.0,30,15,,,0,0,,,0,0,,,0,0,,,0,0,,,0,0,FULL_COHORT,METRIC,,,,,,,,,,,,
OLD15,A,0,BE,FORCED_ON,evaluation,source_style_confirmation,EDIT_TARGET,320,False,micro,30,15,15,UNKNOWN,1.0,30.0,30,15,,,0,0,1.0,30.0,30,15,0.6333333333333333,19.0,30,15,,,0,0,,,0,0,1.0,11.0,11,6,1.0,11.0,11,6,1.0,30.0,30,15,1.0,30.0,30,15,,,0,0,,,0,0,0.0,0.0,30,15,,,0,0,1.0,30.0,30,15,,,0,0,,,0,0,,,0,0,,,0,0,,,0,0,,,0,0,1.0,30.0,30,15,,,0,0,,,0,0,,,0,0,0.0,0.0,30,15,,,0,0,,,0,0,,,0,0,,,0,0,,,0,0,FULL_COHORT,METRIC,,,,,,,,,,,,
OLD15,A,0,BE,FORCED_ON,fit,H,STRICT_BASE,320,False,macro,27,15,9,UNKNOWN,0.0,0.0,27,15,,,0,0,0.0,0.0,27,15,0.9777777777777777,26.0,27,15,1.0,26.0,26,15,0.0,0.0,26,15,0.0,0.0,1,1,1.0,1.0,1,1,1.0,27.0,27,15,0.0,0.0,27,15,1.0,27.0,27,15,1.0,26.0,26,15,0.0,0.0,27,15,17.9937822871738,463.9724464416504,27,15,0.0,0.0,27,15,,,0,0,,,0,0,,,0,0,,,0,0,,,0,0,,,0,0,1.0,27.0,27,15,,,0,0,1.0,26.0,26,15,1.0,27.0,27,15,,,0,0,,,0,0,,,0,0,,,0,0,,,0,0,,,0,0,FULL_COHORT,METRIC,,,,,,,,,,,,
OLD15,A,0,BE,FORCED_ON,fit,H,STRICT_BASE,320,False,micro,27,15,9,UNKNOWN,0.0,0.0,27,15,,,0,0,0.0,0.0,27,15,0.9629629629629629,26.0,27,15,1.0,26.0,26,15,0.0,0.0,26,15,0.0,0.0,1,1,1.0,1.0,1,1,1.0,27.0,27,15,0.0,0.0,27,15,1.0,27.0,27,15,1.0,26.0,26,15,0.0,0.0,27,15,17.18416468302409,463.9724464416504,27,15,0.0,0.0,27,15,,,0,0,,,0,0,,,0,0,,,0,0,,,0,0,,,0,0,1.0,27.0,27,15,,,0,0,1.0,26.0,26,15,1.0,27.0,27,15,,,0,0,,,0,0,,,0,0,,,0,0,,,0,0,,,0,0,FULL_COHORT,METRIC,,,,,,,,,,,,
OLD15,A,0,BE,FORCED_ON,fit,U,STRICT_BASE,320,False,macro,204,15,43,UNKNOWN,0.0619047619047619,13.0,204,15,,,0,0,0.0619047619047619,13.0,204,15,0.5835164835164836,119.0,204,15,0.9777777777777777,116.0,119,15,0.022222222222222223,3.0,119,15,0.10793650793650793,10.0,85,15,1.0,85.0,85,15,1.0,204.0,204,15,0.0619047619047619,13.0,204,15,1.0,204.0,204,15,0.9777777777777777,116.0,119,15,0.0,0.0,204,15,15.391550385471666,3157.614559173584,204,15,0.0619047619047619,13.0,204,15,,,0,0,,,0,0,,,0,0,,,0,0,,,0,0,,,0,0,1.0,204.0,204,15,,,0,0,0.9777777777777777,116.0,119,15,0.9380952380952381,191.0,204,15,,,0,0,,,0,0,,,0,0,,,0,0,,,0,0,,,0,0,FULL_COHORT,METRIC,,,,,,,,,,,,
OLD15,A,0,BE,FORCED_ON,fit,U,STRICT_BASE,320,False,micro,204,15,43,UNKNOWN,0.06372549019607843,13.0,204,15,,,0,0,0.06372549019607843,13.0,204,15,0.5833333333333334,119.0,204,15,0.9747899159663865,116.0,119,15,0.025210084033613446,3.0,119,15,0.11764705882352941,10.0,85,15,1.0,85.0,85,15,1.0,204.0,204,15,0.06372549019607843,13.0,204,15,1.0,204.0,204,15,0.9747899159663865,116.0,119,15,0.0,0.0,204,15,15.47850274104698,3157.614559173584,204,15,0.06372549019607843,13.0,204,15,,,0,0,,,0,0,,,0,0,,,0,0,,,0,0,,,0,0,1.0,204.0,204,15,,,0,0,0.9747899159663865,116.0,119,15,0.9362745098039216,191.0,204,15,,,0,0,,,0,0,,,0,0,,,0,0,,,0,0,,,0,0,FULL_COHORT,METRIC,,,,,,,,,,,,
OLD15,A,0,BE,FORCED_ON,fit,cross_family_confirmation,EDIT_TARGET,320,False,macro,60,15,15,UNKNOWN,1.0,60.0,60,15,,,0,0,1.0,60.0,60,15,0.3,18.0,60,15,,,0,0,,,0,0,1.0,42.0,42,15,1.0,42.0,42,15,1.0,60.0,60,15,1.0,60.0,60,15,,,0,0,,,0,0,0.0,0.0,60,15,,,0,0,1.0,60.0,60,15,,,0,0,,,0,0,,,0,0,,,0,0,,,0,0,,,0,0,1.0,60.0,60,15,,,0,0,,,0,0,,,0,0,0.0,0.0,60,15,,,0,0,,,0,0,,,0,0,,,0,0,,,0,0,FULL_COHORT,METRIC,,,,,,,,,,,,
OLD15,A,0,BE,FORCED_ON,fit,cross_family_confirmation,EDIT_TARGET,320,False,micro,60,15,15,UNKNOWN,1.0,60.0,60,15,,,0,0,1.0,60.0,60,15,0.3,18.0,60,15,,,0,0,,,0,0,1.0,42.0,42,15,1.0,42.0,42,15,1.0,60.0,60,15,1.0,60.0,60,15,,,0,0,,,0,0,0.0,0.0,60,15,,,0,0,1.0,60.0,60,15,,,0,0,,,0,0,,,0,0,,,0,0,,,0,0,,,0,0,1.0,60.0,60,15,,,0,0,,,0,0,,,0,0,0.0,0.0,60,15,,,0,0,,,0,0,,,0,0,,,0,0,,,0,0,FULL_COHORT,METRIC,,,,,,,,,,,,
OLD15,A,0,BE,FORCED_ON,native,T0,EDIT_TARGET,320,False,macro,15,15,15,UNKNOWN,1.0,15.0,15,15,1.0,15.0,15,15,1.0,15.0,15,15,0.0,0.0,15,15,,,0,0,,,0,0,1.0,15.0,15,15,1.0,15.0,15,15,1.0,15.0,15,15,1.0,15.0,15,15,,,0,0,,,0,0,0.0,0.0,15,15,,,0,0,1.0,15.0,15,15,,,0,0,,,0,0,,,0,0,,,0,0,,,0,0,,,0,0,1.0,15.0,15,15,,,0,0,,,0,0,,,0,0,0.0,0.0,15,15,,,0,0,,,0,0,,,0,0,,,0,0,,,0,0,FULL_COHORT,METRIC,,,,,,,,,,,,
OLD15,A,0,BE,FORCED_ON,native,T0,EDIT_TARGET,320,False,micro,15,15,15,UNKNOWN,1.0,15.0,15,15,1.0,15.0,15,15,1.0,15.0,15,15,0.0,0.0,15,15,,,0,0,,,0,0,1.0,15.0,15,15,1.0,15.0,15,15,1.0,15.0,15,15,1.0,15.0,15,15,,,0,0,,,0,0,0.0,0.0,15,15,,,0,0,1.0,15.0,15,15,,,0,0,,,0,0,,,0,0,,,0,0,,,0,0,,,0,0,1.0,15.0,15,15,,,0,0,,,0,0,,,0,0,0.0,0.0,15,15,,,0,0,,,0,0,,,0,0,,,0,0,,,0,0,FULL_COHORT,METRIC,,,,,,,,,,,,
OLD15,A,0,C_FACT,FORCED_ON,challenge,same_answer_context_not_conflict,STRICT_BASE,320,False,macro,27,14,6,UNKNOWN,0.75,20.0,27,14,,,0,0,0.75,20.0,27,14,0.5833333333333334,15.0,27,14,0.3,3.0,15,10,0.7,12.0,15,10,0.6875,8.0,12,8,1.0,12.0,12,8,1.0,27.0,27,14,0.75,20.0,27,14,1.0,27.0,27,14,0.3,3.0,15,10,0.0,0.0,27,14,,,0,0,0.75,20.0,27,14,,,0,0,,,0,0,,,0,0,,,0,0,,,0,0,,,0,0,1.0,27.0,27,14,,,0,0,0.3,3.0,15,10,0.25,7.0,27,14,,,0,0,,,0,0,,,0,0,,,0,0,,,0,0,,,0,0,FULL_COHORT,METRIC,,,,,,,,,,,,
OLD15,A,0,C_FACT,FORCED_ON,challenge,same_answer_context_not_conflict,STRICT_BASE,320,False,micro,27,14,6,UNKNOWN,0.7407407407407407,20.0,27,14,,,0,0,0.7407407407407407,20.0,27,14,0.5555555555555556,15.0,27,14,0.2,3.0,15,10,0.8,12.0,15,10,0.6666666666666666,8.0,12,8,1.0,12.0,12,8,1.0,27.0,27,14,0.7407407407407407,20.0,27,14,1.0,27.0,27,14,0.2,3.0,15,10,0.0,0.0,27,14,,,0,0,0.7407407407407407,20.0,27,14,,,0,0,,,0,0,,,0,0,,,0,0,,,0,0,,,0,0,1.0,27.0,27,14,,,0,0,0.2,3.0,15,10,0.25925925925925924,7.0,27,14,,,0,0,,,0,0,,,0,0,,,0,0,,,0,0,,,0,0,FULL_COHORT,METRIC,,,,,,,,,,,,
OLD15,A,0,C_FACT,FORCED_ON,evaluation,H,STRICT_BASE,320,False,macro,19,14,7,UNKNOWN,0.5357142857142857,11.0,19,14,,,0,0,0.5357142857142857,11.0,19,14,0.8214285714285714,15.0,19,14,0.3076923076923077,4.0,15,13,0.6923076923076923,11.0,15,13,0.0,0.0,4,4,1.0,4.0,4,4,1.0,19.0,19,14,0.5357142857142857,11.0,19,14,1.0,19.0,19,14,0.3076923076923077,4.0,15,13,0.0,0.0,19,14,,,0,0,0.5357142857142857,11.0,19,14,,,0,0,,,0,0,,,0,0,,,0,0,,,0,0,,,0,0,1.0,19.0,19,14,,,0,0,0.3076923076923077,4.0,15,13,0.4642857142857143,8.0,19,14,,,0,0,,,0,0,,,0,0,,,0,0,,,0,0,,,0,0,FULL_COHORT,METRIC,,,,,,,,,,,,
OLD15,A,0,C_FACT,FORCED_ON,evaluation,H,STRICT_BASE,320,False,micro,19,14,7,UNKNOWN,0.5789473684210527,11.0,19,14,,,0,0,0.5789473684210527,11.0,19,14,0.7894736842105263,15.0,19,14,0.26666666666666666,4.0,15,13,0.7333333333333333,11.0,15,13,0.0,0.0,4,4,1.0,4.0,4,4,1.0,19.0,19,14,0.5789473684210527,11.0,19,14,1.0,19.0,19,14,0.26666666666666666,4.0,15,13,0.0,0.0,19,14,,,0,0,0.5789473684210527,11.0,19,14,,,0,0,,,0,0,,,0,0,,,0,0,,,0,0,,,0,0,1.0,19.0,19,14,,,0,0,0.26666666666666666,4.0,15,13,0.42105263157894735,8.0,19,14,,,0,0,,,0,0,,,0,0,,,0,0,,,0,0,,,0,0,FULL_COHORT,METRIC,,,,,,,,,,,,
OLD15,A,0,C_FACT,FORCED_ON,evaluation,U,STRICT_BASE,320,False,macro,190,15,41,UNKNOWN,0.5222222222222223,99.0,190,15,,,0,0,0.5222222222222223,99.0,190,15,0.645909645909646,123.0,190,15,0.2577056277056277,33.0,123,15,0.7422943722943722,90.0,123,15,0.1292063492063492,9.0,67,15,0.5096825396825397,34.0,67,15,1.0,190.0,190,15,0.5222222222222223,99.0,190,15,1.0,190.0,190,15,0.2577056277056277,33.0,123,15,0.5168498168498169,98.0,190,15,,,0,0,0.5222222222222223,99.0,190,15,,,0,0,,,0,0,,,0,0,,,0,0,,,0,0,,,0,0,1.0,190.0,190,15,,,0,0,0.2577056277056277,33.0,123,15,0.4777777777777778,91.0,190,15,,,0,0,,,0,0,,,0,0,,,0,0,,,0,0,,,0,0,FULL_COHORT,METRIC,,,,,,,,,,,,
OLD15,A,0,C_FACT,FORCED_ON,evaluation,U,STRICT_BASE,320,False,micro,190,15,41,UNKNOWN,0.5210526315789473,99.0,190,15,,,0,0,0.5210526315789473,99.0,190,15,0.6473684210526316,123.0,190,15,0.2682926829268293,33.0,123,15,0.7317073170731707,90.0,123,15,0.13432835820895522,9.0,67,15,0.5074626865671642,34.0,67,15,1.0,190.0,190,15,0.5210526315789473,99.0,190,15,1.0,190.0,190,15,0.2682926829268293,33.0,123,15,0.5157894736842106,98.0,190,15,,,0,0,0.5210526315789473,99.0,190,15,,,0,0,,,0,0,,,0,0,,,0,0,,,0,0,,,0,0,1.0,190.0,190,15,,,0,0,0.2682926829268293,33.0,123,15,0.4789473684210526,91.0,190,15,,,0,0,,,0,0,,,0,0,,,0,0,,,0,0,,,0,0,FULL_COHORT,METRIC,,,,,,,,,,,,
OLD15,A,0,C_FACT,FORCED_ON,evaluation,cross_family_confirmation,EDIT_TARGET,320,False,macro,30,15,15,UNKNOWN,1.0,30.0,30,15,,,0,0,1.0,30.0,30,15,0.5333333333333333,16.0,30,15,,,0,0,,,0,0,1.0,14.0,14,9,1.0,14.0,14,9,1.0,30.0,30,15,1.0,30.0,30,15,,,0,0,,,0,0,0.0,0.0,30,15,,,0,0,1.0,30.0,30,15,,,0,0,,,0,0,,,0,0,,,0,0,,,0,0,,,0,0,1.0,30.0,30,15,,,0,0,,,0,0,,,0,0,0.0,0.0,30,15,,,0,0,,,0,0,,,0,0,,,0,0,,,0,0,FULL_COHORT,METRIC,,,,,,,,,,,,
OLD15,A,0,C_FACT,FORCED_ON,evaluation,cross_family_confirmation,EDIT_TARGET,320,False,micro,30,15,15,UNKNOWN,1.0,30.0,30,15,,,0,0,1.0,30.0,30,15,0.5333333333333333,16.0,30,15,,,0,0,,,0,0,1.0,14.0,14,9,1.0,14.0,14,9,1.0,30.0,30,15,1.0,30.0,30,15,,,0,0,,,0,0,0.0,0.0,30,15,,,0,0,1.0,30.0,30,15,,,0,0,,,0,0,,,0,0,,,0,0,,,0,0,,,0,0,1.0,30.0,30,15,,,0,0,,,0,0,,,0,0,0.0,0.0,30,15,,,0,0,,,0,0,,,0,0,,,0,0,,,0,0,FULL_COHORT,METRIC,,,,,,,,,,,,
OLD15,A,0,C_FACT,FORCED_ON,evaluation,source_style_confirmation,EDIT_TARGET,320,False,macro,30,15,15,UNKNOWN,1.0,30.0,30,15,,,0,0,1.0,30.0,30,15,0.6333333333333333,19.0,30,15,,,0,0,,,0,0,1.0,11.0,11,6,1.0,11.0,11,6,1.0,30.0,30,15,1.0,30.0,30,15,,,0,0,,,0,0,0.0,0.0,30,15,,,0,0,1.0,30.0,30,15,,,0,0,,,0,0,,,0,0,,,0,0,,,0,0,,,0,0,1.0,30.0,30,15,,,0,0,,,0,0,,,0,0,0.0,0.0,30,15,,,0,0,,,0,0,,,0,0,,,0,0,,,0,0,FULL_COHORT,METRIC,,,,,,,,,,,,
OLD15,A,0,C_FACT,FORCED_ON,evaluation,source_style_confirmation,EDIT_TARGET,320,False,micro,30,15,15,UNKNOWN,1.0,30.0,30,15,,,0,0,1.0,30.0,30,15,0.6333333333333333,19.0,30,15,,,0,0,,,0,0,1.0,11.0,11,6,1.0,11.0,11,6,1.0,30.0,30,15,1.0,30.0,30,15,,,0,0,,,0,0,0.0,0.0,30,15,,,0,0,1.0,30.0,30,15,,,0,0,,,0,0,,,0,0,,,0,0,,,0,0,,,0,0,1.0,30.0,30,15,,,0,0,,,0,0,,,0,0,0.0,0.0,30,15,,,0,0,,,0,0,,,0,0,,,0,0,,,0,0,FULL_COHORT,METRIC,,,,,,,,,,,,
OLD15,A,0,C_FACT,FORCED_ON,fit,H,STRICT_BASE,320,False,macro,27,15,9,UNKNOWN,0.9555555555555556,25.0,27,15,,,0,0,0.9555555555555556,25.0,27,15,0.9777777777777777,26.0,27,15,0.02222222222222222,1.0,26,15,0.9777777777777777,25.0,26,15,0.0,0.0,1,1,1.0,1.0,1,1,1.0,27.0,27,15,0.9555555555555556,25.0,27,15,1.0,27.0,27,15,0.02222222222222222,1.0,26,15,0.0,0.0,27,15,,,0,0,0.9555555555555556,25.0,27,15,,,0,0,,,0,0,,,0,0,,,0,0,,,0,0,,,0,0,1.0,27.0,27,15,,,0,0,0.02222222222222222,1.0,26,15,0.04444444444444444,2.0,27,15,,,0,0,,,0,0,,,0,0,,,0,0,,,0,0,,,0,0,FULL_COHORT,METRIC,,,,,,,,,,,,
OLD15,A,0,C_FACT,FORCED_ON,fit,H,STRICT_BASE,320,False,micro,27,15,9,UNKNOWN,0.9259259259259259,25.0,27,15,,,0,0,0.9259259259259259,25.0,27,15,0.9629629629629629,26.0,27,15,0.038461538461538464,1.0,26,15,0.9615384615384616,25.0,26,15,0.0,0.0,1,1,1.0,1.0,1,1,1.0,27.0,27,15,0.9259259259259259,25.0,27,15,1.0,27.0,27,15,0.038461538461538464,1.0,26,15,0.0,0.0,27,15,,,0,0,0.9259259259259259,25.0,27,15,,,0,0,,,0,0,,,0,0,,,0,0,,,0,0,,,0,0,1.0,27.0,27,15,,,0,0,0.038461538461538464,1.0,26,15,0.07407407407407407,2.0,27,15,,,0,0,,,0,0,,,0,0,,,0,0,,,0,0,,,0,0,FULL_COHORT,METRIC,,,,,,,,,,,,
OLD15,A,0,C_FACT,FORCED_ON,fit,U,STRICT_BASE,320,False,macro,204,15,43,UNKNOWN,0.49743589743589745,101.0,204,15,,,0,0,0.49743589743589745,101.0,204,15,0.5835164835164836,119.0,204,15,0.19883597883597884,25.0,119,15,0.8011640211640212,94.0,119,15,0.07563492063492064,7.0,85,15,0.3702910052910053,31.0,85,15,1.0,204.0,204,15,0.49743589743589745,101.0,204,15,1.0,204.0,204,15,0.19883597883597884,25.0,119,15,0.5904761904761905,120.0,204,15,,,0,0,0.49743589743589745,101.0,204,15,,,0,0,,,0,0,,,0,0,,,0,0,,,0,0,,,0,0,1.0,204.0,204,15,,,0,0,0.19883597883597884,25.0,119,15,0.5025641025641026,103.0,204,15,,,0,0,,,0,0,,,0,0,,,0,0,,,0,0,,,0,0,FULL_COHORT,METRIC,,,,,,,,,,,,
OLD15,A,0,C_FACT,FORCED_ON,fit,U,STRICT_BASE,320,False,micro,204,15,43,UNKNOWN,0.4950980392156863,101.0,204,15,,,0,0,0.4950980392156863,101.0,204,15,0.5833333333333334,119.0,204,15,0.21008403361344538,25.0,119,15,0.7899159663865546,94.0,119,15,0.08235294117647059,7.0,85,15,0.36470588235294116,31.0,85,15,1.0,204.0,204,15,0.4950980392156863,101.0,204,15,1.0,204.0,204,15,0.21008403361344538,25.0,119,15,0.5882352941176471,120.0,204,15,,,0,0,0.4950980392156863,101.0,204,15,,,0,0,,,0,0,,,0,0,,,0,0,,,0,0,,,0,0,1.0,204.0,204,15,,,0,0,0.21008403361344538,25.0,119,15,0.5049019607843137,103.0,204,15,,,0,0,,,0,0,,,0,0,,,0,0,,,0,0,,,0,0,FULL_COHORT,METRIC,,,,,,,,,,,,
OLD15,A,0,C_FACT,FORCED_ON,fit,cross_family_confirmation,EDIT_TARGET,320,False,macro,60,15,15,UNKNOWN,1.0,60.0,60,15,,,0,0,1.0,60.0,60,15,0.3,18.0,60,15,,,0,0,,,0,0,1.0,42.0,42,15,1.0,42.0,42,15,1.0,60.0,60,15,1.0,60.0,60,15,,,0,0,,,0,0,0.0,0.0,60,15,,,0,0,1.0,60.0,60,15,,,0,0,,,0,0,,,0,0,,,0,0,,,0,0,,,0,0,1.0,60.0,60,15,,,0,0,,,0,0,,,0,0,0.0,0.0,60,15,,,0,0,,,0,0,,,0,0,,,0,0,,,0,0,FULL_COHORT,METRIC,,,,,,,,,,,,
OLD15,A,0,C_FACT,FORCED_ON,fit,cross_family_confirmation,EDIT_TARGET,320,False,micro,60,15,15,UNKNOWN,1.0,60.0,60,15,,,0,0,1.0,60.0,60,15,0.3,18.0,60,15,,,0,0,,,0,0,1.0,42.0,42,15,1.0,42.0,42,15,1.0,60.0,60,15,1.0,60.0,60,15,,,0,0,,,0,0,0.0,0.0,60,15,,,0,0,1.0,60.0,60,15,,,0,0,,,0,0,,,0,0,,,0,0,,,0,0,,,0,0,1.0,60.0,60,15,,,0,0,,,0,0,,,0,0,0.0,0.0,60,15,,,0,0,,,0,0,,,0,0,,,0,0,,,0,0,FULL_COHORT,METRIC,,,,,,,,,,,,
OLD15,A,0,C_FACT,FORCED_ON,native,T0,EDIT_TARGET,320,False,macro,15,15,15,UNKNOWN,1.0,15.0,15,15,1.0,15.0,15,15,1.0,15.0,15,15,0.0,0.0,15,15,,,0,0,,,0,0,1.0,15.0,15,15,1.0,15.0,15,15,1.0,15.0,15,15,1.0,15.0,15,15,,,0,0,,,0,0,0.0,0.0,15,15,,,0,0,1.0,15.0,15,15,,,0,0,,,0,0,,,0,0,,,0,0,,,0,0,,,0,0,1.0,15.0,15,15,,,0,0,,,0,0,,,0,0,0.0,0.0,15,15,,,0,0,,,0,0,,,0,0,,,0,0,,,0,0,FULL_COHORT,METRIC,,,,,,,,,,,,
OLD15,A,0,C_FACT,FORCED_ON,native,T0,EDIT_TARGET,320,False,micro,15,15,15,UNKNOWN,1.0,15.0,15,15,1.0,15.0,15,15,1.0,15.0,15,15,0.0,0.0,15,15,,,0,0,,,0,0,1.0,15.0,15,15,1.0,15.0,15,15,1.0,15.0,15,15,1.0,15.0,15,15,,,0,0,,,0,0,0.0,0.0,15,15,,,0,0,1.0,15.0,15,15,,,0,0,,,0,0,,,0,0,,,0,0,,,0,0,,,0,0,1.0,15.0,15,15,,,0,0,,,0,0,,,0,0,0.0,0.0,15,15,,,0,0,,,0,0,,,0,0,,,0,0,,,0,0,FULL_COHORT,METRIC,,,,,,,,,,,,
OLD15,A,0,C_NO_H,FORCED_ON,challenge,same_answer_context_not_conflict,STRICT_BASE,320,False,macro,27,14,6,UNKNOWN,1.0,27.0,27,14,,,0,0,1.0,27.0,27,14,0.5833333333333334,15.0,27,14,0.0,0.0,15,10,1.0,15.0,15,10,1.0,12.0,12,8,1.0,12.0,12,8,1.0,27.0,27,14,1.0,27.0,27,14,1.0,27.0,27,14,0.0,0.0,15,10,0.0,0.0,27,14,,,0,0,1.0,27.0,27,14,,,0,0,,,0,0,,,0,0,,,0,0,,,0,0,,,0,0,1.0,27.0,27,14,,,0,0,0.0,0.0,15,10,0.0,0.0,27,14,,,0,0,,,0,0,,,0,0,,,0,0,,,0,0,,,0,0,FULL_COHORT,METRIC,,,,,,,,,,,,
OLD15,A,0,C_NO_H,FORCED_ON,challenge,same_answer_context_not_conflict,STRICT_BASE,320,False,micro,27,14,6,UNKNOWN,1.0,27.0,27,14,,,0,0,1.0,27.0,27,14,0.5555555555555556,15.0,27,14,0.0,0.0,15,10,1.0,15.0,15,10,1.0,12.0,12,8,1.0,12.0,12,8,1.0,27.0,27,14,1.0,27.0,27,14,1.0,27.0,27,14,0.0,0.0,15,10,0.0,0.0,27,14,,,0,0,1.0,27.0,27,14,,,0,0,,,0,0,,,0,0,,,0,0,,,0,0,,,0,0,1.0,27.0,27,14,,,0,0,0.0,0.0,15,10,0.0,0.0,27,14,,,0,0,,,0,0,,,0,0,,,0,0,,,0,0,,,0,0,FULL_COHORT,METRIC,,,,,,,,,,,,
OLD15,A,0,C_NO_H,FORCED_ON,evaluation,H,STRICT_BASE,320,False,macro,19,14,7,UNKNOWN,0.0,0.0,19,14,,,0,0,0.0,0.0,19,14,0.8214285714285714,15.0,19,14,1.0,15.0,15,13,0.0,0.0,15,13,0.0,0.0,4,4,1.0,4.0,4,4,1.0,19.0,19,14,0.0,0.0,19,14,1.0,19.0,19,14,1.0,15.0,15,13,0.0,0.0,19,14,,,0,0,0.0,0.0,19,14,,,0,0,,,0,0,,,0,0,,,0,0,,,0,0,,,0,0,1.0,19.0,19,14,,,0,0,1.0,15.0,15,13,1.0,19.0,19,14,,,0,0,,,0,0,,,0,0,,,0,0,,,0,0,,,0,0,FULL_COHORT,METRIC,,,,,,,,,,,,
OLD15,A,0,C_NO_H,FORCED_ON,evaluation,H,STRICT_BASE,320,False,micro,19,14,7,UNKNOWN,0.0,0.0,19,14,,,0,0,0.0,0.0,19,14,0.7894736842105263,15.0,19,14,1.0,15.0,15,13,0.0,0.0,15,13,0.0,0.0,4,4,1.0,4.0,4,4,1.0,19.0,19,14,0.0,0.0,19,14,1.0,19.0,19,14,1.0,15.0,15,13,0.0,0.0,19,14,,,0,0,0.0,0.0,19,14,,,0,0,,,0,0,,,0,0,,,0,0,,,0,0,,,0,0,1.0,19.0,19,14,,,0,0,1.0,15.0,15,13,1.0,19.0,19,14,,,0,0,,,0,0,,,0,0,,,0,0,,,0,0,,,0,0,FULL_COHORT,METRIC,,,,,,,,,,,,
OLD15,A,0,C_NO_H,FORCED_ON,evaluation,U,STRICT_BASE,320,False,macro,190,15,41,UNKNOWN,0.5158730158730158,98.0,190,15,,,0,0,0.5158730158730158,98.0,190,15,0.645909645909646,123.0,190,15,0.2735762385762386,35.0,123,15,0.7264237614237614,88.0,123,15,0.11888888888888889,10.0,67,15,0.6925396825396826,46.0,67,15,1.0,190.0,190,15,0.5158730158730158,98.0,190,15,1.0,190.0,190,15,0.2735762385762386,35.0,123,15,0.41862026862026863,79.0,190,15,,,0,0,0.5158730158730158,98.0,190,15,,,0,0,,,0,0,,,0,0,,,0,0,,,0,0,,,0,0,1.0,190.0,190,15,,,0,0,0.2735762385762386,35.0,123,15,0.48412698412698413,92.0,190,15,,,0,0,,,0,0,,,0,0,,,0,0,,,0,0,,,0,0,FULL_COHORT,METRIC,,,,,,,,,,,,
OLD15,A,0,C_NO_H,FORCED_ON,evaluation,U,STRICT_BASE,320,False,micro,190,15,41,UNKNOWN,0.5157894736842106,98.0,190,15,,,0,0,0.5157894736842106,98.0,190,15,0.6473684210526316,123.0,190,15,0.2845528455284553,35.0,123,15,0.7154471544715447,88.0,123,15,0.14925373134328357,10.0,67,15,0.6865671641791045,46.0,67,15,1.0,190.0,190,15,0.5157894736842106,98.0,190,15,1.0,190.0,190,15,0.2845528455284553,35.0,123,15,0.41578947368421054,79.0,190,15,,,0,0,0.5157894736842106,98.0,190,15,,,0,0,,,0,0,,,0,0,,,0,0,,,0,0,,,0,0,1.0,190.0,190,15,,,0,0,0.2845528455284553,35.0,123,15,0.4842105263157895,92.0,190,15,,,0,0,,,0,0,,,0,0,,,0,0,,,0,0,,,0,0,FULL_COHORT,METRIC,,,,,,,,,,,,
OLD15,A,0,C_NO_H,FORCED_ON,evaluation,cross_family_confirmation,EDIT_TARGET,320,False,macro,30,15,15,UNKNOWN,1.0,30.0,30,15,,,0,0,1.0,30.0,30,15,0.5333333333333333,16.0,30,15,,,0,0,,,0,0,1.0,14.0,14,9,1.0,14.0,14,9,1.0,30.0,30,15,1.0,30.0,30,15,,,0,0,,,0,0,0.0,0.0,30,15,,,0,0,1.0,30.0,30,15,,,0,0,,,0,0,,,0,0,,,0,0,,,0,0,,,0,0,1.0,30.0,30,15,,,0,0,,,0,0,,,0,0,0.0,0.0,30,15,,,0,0,,,0,0,,,0,0,,,0,0,,,0,0,FULL_COHORT,METRIC,,,,,,,,,,,,
OLD15,A,0,C_NO_H,FORCED_ON,evaluation,cross_family_confirmation,EDIT_TARGET,320,False,micro,30,15,15,UNKNOWN,1.0,30.0,30,15,,,0,0,1.0,30.0,30,15,0.5333333333333333,16.0,30,15,,,0,0,,,0,0,1.0,14.0,14,9,1.0,14.0,14,9,1.0,30.0,30,15,1.0,30.0,30,15,,,0,0,,,0,0,0.0,0.0,30,15,,,0,0,1.0,30.0,30,15,,,0,0,,,0,0,,,0,0,,,0,0,,,0,0,,,0,0,1.0,30.0,30,15,,,0,0,,,0,0,,,0,0,0.0,0.0,30,15,,,0,0,,,0,0,,,0,0,,,0,0,,,0,0,FULL_COHORT,METRIC,,,,,,,,,,,,
OLD15,A,0,C_NO_H,FORCED_ON,evaluation,source_style_confirmation,EDIT_TARGET,320,False,macro,30,15,15,UNKNOWN,1.0,30.0,30,15,,,0,0,1.0,30.0,30,15,0.6333333333333333,19.0,30,15,,,0,0,,,0,0,1.0,11.0,11,6,1.0,11.0,11,6,1.0,30.0,30,15,1.0,30.0,30,15,,,0,0,,,0,0,0.0,0.0,30,15,,,0,0,1.0,30.0,30,15,,,0,0,,,0,0,,,0,0,,,0,0,,,0,0,,,0,0,1.0,30.0,30,15,,,0,0,,,0,0,,,0,0,0.0,0.0,30,15,,,0,0,,,0,0,,,0,0,,,0,0,,,0,0,FULL_COHORT,METRIC,,,,,,,,,,,,
OLD15,A,0,C_NO_H,FORCED_ON,evaluation,source_style_confirmation,EDIT_TARGET,320,False,micro,30,15,15,UNKNOWN,1.0,30.0,30,15,,,0,0,1.0,30.0,30,15,0.6333333333333333,19.0,30,15,,,0,0,,,0,0,1.0,11.0,11,6,1.0,11.0,11,6,1.0,30.0,30,15,1.0,30.0,30,15,,,0,0,,,0,0,0.0,0.0,30,15,,,0,0,1.0,30.0,30,15,,,0,0,,,0,0,,,0,0,,,0,0,,,0,0,,,0,0,1.0,30.0,30,15,,,0,0,,,0,0,,,0,0,0.0,0.0,30,15,,,0,0,,,0,0,,,0,0,,,0,0,,,0,0,FULL_COHORT,METRIC,,,,,,,,,,,,
OLD15,A,0,C_NO_H,FORCED_ON,fit,H,STRICT_BASE,320,False,macro,27,15,9,UNKNOWN,0.0,0.0,27,15,,,0,0,0.0,0.0,27,15,0.9777777777777777,26.0,27,15,1.0,26.0,26,15,0.0,0.0,26,15,0.0,0.0,1,1,1.0,1.0,1,1,1.0,27.0,27,15,0.0,0.0,27,15,1.0,27.0,27,15,1.0,26.0,26,15,0.0,0.0,27,15,,,0,0,0.0,0.0,27,15,,,0,0,,,0,0,,,0,0,,,0,0,,,0,0,,,0,0,1.0,27.0,27,15,,,0,0,1.0,26.0,26,15,1.0,27.0,27,15,,,0,0,,,0,0,,,0,0,,,0,0,,,0,0,,,0,0,FULL_COHORT,METRIC,,,,,,,,,,,,
OLD15,A,0,C_NO_H,FORCED_ON,fit,H,STRICT_BASE,320,False,micro,27,15,9,UNKNOWN,0.0,0.0,27,15,,,0,0,0.0,0.0,27,15,0.9629629629629629,26.0,27,15,1.0,26.0,26,15,0.0,0.0,26,15,0.0,0.0,1,1,1.0,1.0,1,1,1.0,27.0,27,15,0.0,0.0,27,15,1.0,27.0,27,15,1.0,26.0,26,15,0.0,0.0,27,15,,,0,0,0.0,0.0,27,15,,,0,0,,,0,0,,,0,0,,,0,0,,,0,0,,,0,0,1.0,27.0,27,15,,,0,0,1.0,26.0,26,15,1.0,27.0,27,15,,,0,0,,,0,0,,,0,0,,,0,0,,,0,0,,,0,0,FULL_COHORT,METRIC,,,,,,,,,,,,
OLD15,A,0,C_NO_H,FORCED_ON,fit,U,STRICT_BASE,320,False,macro,204,15,43,UNKNOWN,0.4868131868131868,99.0,204,15,,,0,0,0.4868131868131868,99.0,204,15,0.5835164835164836,119.0,204,15,0.2023015873015873,24.0,119,15,0.7976984126984127,95.0,119,15,0.04285714285714286,4.0,85,15,0.4628835978835979,38.0,85,15,1.0,204.0,204,15,0.4868131868131868,99.0,204,15,1.0,204.0,204,15,0.2023015873015873,24.0,119,15,0.5835164835164836,119.0,204,15,,,0,0,0.4868131868131868,99.0,204,15,,,0,0,,,0,0,,,0,0,,,0,0,,,0,0,,,0,0,1.0,204.0,204,15,,,0,0,0.2023015873015873,24.0,119,15,0.5131868131868131,105.0,204,15,,,0,0,,,0,0,,,0,0,,,0,0,,,0,0,,,0,0,FULL_COHORT,METRIC,,,,,,,,,,,,
OLD15,A,0,C_NO_H,FORCED_ON,fit,U,STRICT_BASE,320,False,micro,204,15,43,UNKNOWN,0.4852941176470588,99.0,204,15,,,0,0,0.4852941176470588,99.0,204,15,0.5833333333333334,119.0,204,15,0.20168067226890757,24.0,119,15,0.7983193277310925,95.0,119,15,0.047058823529411764,4.0,85,15,0.4470588235294118,38.0,85,15,1.0,204.0,204,15,0.4852941176470588,99.0,204,15,1.0,204.0,204,15,0.20168067226890757,24.0,119,15,0.5833333333333334,119.0,204,15,,,0,0,0.4852941176470588,99.0,204,15,,,0,0,,,0,0,,,0,0,,,0,0,,,0,0,,,0,0,1.0,204.0,204,15,,,0,0,0.20168067226890757,24.0,119,15,0.5147058823529411,105.0,204,15,,,0,0,,,0,0,,,0,0,,,0,0,,,0,0,,,0,0,FULL_COHORT,METRIC,,,,,,,,,,,,
OLD15,A,0,C_NO_H,FORCED_ON,fit,cross_family_confirmation,EDIT_TARGET,320,False,macro,60,15,15,UNKNOWN,1.0,60.0,60,15,,,0,0,1.0,60.0,60,15,0.3,18.0,60,15,,,0,0,,,0,0,1.0,42.0,42,15,1.0,42.0,42,15,1.0,60.0,60,15,1.0,60.0,60,15,,,0,0,,,0,0,0.0,0.0,60,15,,,0,0,1.0,60.0,60,15,,,0,0,,,0,0,,,0,0,,,0,0,,,0,0,,,0,0,1.0,60.0,60,15,,,0,0,,,0,0,,,0,0,0.0,0.0,60,15,,,0,0,,,0,0,,,0,0,,,0,0,,,0,0,FULL_COHORT,METRIC,,,,,,,,,,,,
OLD15,A,0,C_NO_H,FORCED_ON,fit,cross_family_confirmation,EDIT_TARGET,320,False,micro,60,15,15,UNKNOWN,1.0,60.0,60,15,,,0,0,1.0,60.0,60,15,0.3,18.0,60,15,,,0,0,,,0,0,1.0,42.0,42,15,1.0,42.0,42,15,1.0,60.0,60,15,1.0,60.0,60,15,,,0,0,,,0,0,0.0,0.0,60,15,,,0,0,1.0,60.0,60,15,,,0,0,,,0,0,,,0,0,,,0,0,,,0,0,,,0,0,1.0,60.0,60,15,,,0,0,,,0,0,,,0,0,0.0,0.0,60,15,,,0,0,,,0,0,,,0,0,,,0,0,,,0,0,FULL_COHORT,METRIC,,,,,,,,,,,,
OLD15,A,0,C_NO_H,FORCED_ON,native,T0,EDIT_TARGET,320,False,macro,15,15,15,UNKNOWN,1.0,15.0,15,15,1.0,15.0,15,15,1.0,15.0,15,15,0.0,0.0,15,15,,,0,0,,,0,0,1.0,15.0,15,15,1.0,15.0,15,15,1.0,15.0,15,15,1.0,15.0,15,15,,,0,0,,,0,0,0.0,0.0,15,15,,,0,0,1.0,15.0,15,15,,,0,0,,,0,0,,,0,0,,,0,0,,,0,0,,,0,0,1.0,15.0,15,15,,,0,0,,,0,0,,,0,0,0.0,0.0,15,15,,,0,0,,,0,0,,,0,0,,,0,0,,,0,0,FULL_COHORT,METRIC,,,,,,,,,,,,
OLD15,A,0,C_NO_H,FORCED_ON,native,T0,EDIT_TARGET,320,False,micro,15,15,15,UNKNOWN,1.0,15.0,15,15,1.0,15.0,15,15,1.0,15.0,15,15,0.0,0.0,15,15,,,0,0,,,0,0,1.0,15.0,15,15,1.0,15.0,15,15,1.0,15.0,15,15,1.0,15.0,15,15,,,0,0,,,0,0,0.0,0.0,15,15,,,0,0,1.0,15.0,15,15,,,0,0,,,0,0,,,0,0,,,0,0,,,0,0,,,0,0,1.0,15.0,15,15,,,0,0,,,0,0,,,0,0,0.0,0.0,15,15,,,0,0,,,0,0,,,0,0,,,0,0,,,0,0,FULL_COHORT,METRIC,,,,,,,,,,,,
NEW7,A,0,BASE,BASE,challenge,challenge,STRICT_BASE,320,False,macro,12,4,3,UNKNOWN,0.3333333333333333,4.0,12,4,,,0,0,0.3333333333333333,4.0,12,4,0.3333333333333333,4.0,12,4,0.0,0.0,4,4,1.0,4.0,4,4,0.0,0.0,8,4,0.0,0.0,8,4,0.0,0.0,12,4,0.0,0.0,12,4,0.0,0.0,12,4,0.0,0.0,4,4,1.0,12.0,12,4,,,0,0,0.75,9.0,12,4,,,0,0,,,0,0,,,0,0,,,0,0,,,0,0,,,0,0,1.0,12.0,12,4,,,0,0,,,0,0,,,0,0,,,0,0,,,0,0,,,0,0,,,0,0,,,0,0,,,0,0,FULL_COHORT,METRIC,,,,,,,,,,,,
NEW7,A,0,BASE,BASE,challenge,challenge,STRICT_BASE,320,False,micro,12,4,3,UNKNOWN,0.3333333333333333,4.0,12,4,,,0,0,0.3333333333333333,4.0,12,4,0.3333333333333333,4.0,12,4,0.0,0.0,4,4,1.0,4.0,4,4,0.0,0.0,8,4,0.0,0.0,8,4,0.0,0.0,12,4,0.0,0.0,12,4,0.0,0.0,12,4,0.0,0.0,4,4,1.0,12.0,12,4,,,0,0,0.75,9.0,12,4,,,0,0,,,0,0,,,0,0,,,0,0,,,0,0,,,0,0,1.0,12.0,12,4,,,0,0,,,0,0,,,0,0,,,0,0,,,0,0,,,0,0,,,0,0,,,0,0,,,0,0,FULL_COHORT,METRIC,,,,,,,,,,,,
NEW7,A,0,BASE,BASE,evaluation,H,STRICT_BASE,320,False,macro,9,7,3,UNKNOWN,0.6428571428571429,5.0,9,7,,,0,0,0.6428571428571429,5.0,9,7,0.6428571428571429,5.0,9,7,0.0,0.0,5,5,1.0,5.0,5,5,0.0,0.0,4,3,0.0,0.0,4,3,0.0,0.0,9,7,0.0,0.0,9,7,0.0,0.0,9,7,0.0,0.0,5,5,1.0,9.0,9,7,,,0,0,0.8571428571428571,7.0,9,7,,,0,0,,,0,0,,,0,0,,,0,0,,,0,0,,,0,0,1.0,9.0,9,7,,,0,0,,,0,0,,,0,0,,,0,0,,,0,0,,,0,0,,,0,0,,,0,0,,,0,0,FULL_COHORT,METRIC,,,,,,,,,,,,
NEW7,A,0,BASE,BASE,evaluation,H,STRICT_BASE,320,False,micro,9,7,3,UNKNOWN,0.5555555555555556,5.0,9,7,,,0,0,0.5555555555555556,5.0,9,7,0.5555555555555556,5.0,9,7,0.0,0.0,5,5,1.0,5.0,5,5,0.0,0.0,4,3,0.0,0.0,4,3,0.0,0.0,9,7,0.0,0.0,9,7,0.0,0.0,9,7,0.0,0.0,5,5,1.0,9.0,9,7,,,0,0,0.7777777777777778,7.0,9,7,,,0,0,,,0,0,,,0,0,,,0,0,,,0,0,,,0,0,1.0,9.0,9,7,,,0,0,,,0,0,,,0,0,,,0,0,,,0,0,,,0,0,,,0,0,,,0,0,,,0,0,FULL_COHORT,METRIC,,,,,,,,,,,,
NEW7,A,0,BASE,BASE,evaluation,U,STRICT_BASE,320,False,macro,28,7,2,UNKNOWN,0.8452380952380952,22.0,28,7,,,0,0,0.8452380952380952,22.0,28,7,0.8452380952380952,22.0,28,7,0.0,0.0,22,7,1.0,22.0,22,7,0.0,0.0,6,6,0.0,0.0,6,6,0.0,0.0,28,7,0.0,0.0,28,7,0.0,0.0,28,7,0.0,0.0,22,7,1.0,28.0,28,7,,,0,0,0.8333333333333333,22.0,28,7,,,0,0,,,0,0,,,0,0,,,0,0,,,0,0,,,0,0,1.0,28.0,28,7,,,0,0,,,0,0,,,0,0,,,0,0,,,0,0,,,0,0,,,0,0,,,0,0,,,0,0,FULL_COHORT,METRIC,,,,,,,,,,,,
NEW7,A,0,BASE,BASE,evaluation,U,STRICT_BASE,320,False,micro,28,7,2,UNKNOWN,0.7857142857142857,22.0,28,7,,,0,0,0.7857142857142857,22.0,28,7,0.7857142857142857,22.0,28,7,0.0,0.0,22,7,1.0,22.0,22,7,0.0,0.0,6,6,0.0,0.0,6,6,0.0,0.0,28,7,0.0,0.0,28,7,0.0,0.0,28,7,0.0,0.0,22,7,1.0,28.0,28,7,,,0,0,0.7857142857142857,22.0,28,7,,,0,0,,,0,0,,,0,0,,,0,0,,,0,0,,,0,0,1.0,28.0,28,7,,,0,0,,,0,0,,,0,0,,,0,0,,,0,0,,,0,0,,,0,0,,,0,0,,,0,0,FULL_COHORT,METRIC,,,,,,,,,,,,
NEW7,A,0,BASE,BASE,evaluation,cross_family_confirmation,EDIT_TARGET,320,False,macro,14,7,7,UNKNOWN,0.42857142857142855,6.0,14,7,,,0,0,0.42857142857142855,6.0,14,7,0.42857142857142855,6.0,14,7,,,0,0,,,0,0,0.0,0.0,8,4,0.0,0.0,8,4,0.0,0.0,14,7,0.0,0.0,14,7,,,0,0,,,0,0,1.0,14.0,14,7,,,0,0,0.8571428571428571,12.0,14,7,,,0,0,,,0,0,,,0,0,,,0,0,,,0,0,,,0,0,1.0,14.0,14,7,,,0,0,,,0,0,,,0,0,0.5714285714285714,8.0,14,7,,,0,0,,,0,0,,,0,0,,,0,0,,,0,0,FULL_COHORT,METRIC,,,,,,,,,,,,
NEW7,A,0,BASE,BASE,evaluation,cross_family_confirmation,EDIT_TARGET,320,False,micro,14,7,7,UNKNOWN,0.42857142857142855,6.0,14,7,,,0,0,0.42857142857142855,6.0,14,7,0.42857142857142855,6.0,14,7,,,0,0,,,0,0,0.0,0.0,8,4,0.0,0.0,8,4,0.0,0.0,14,7,0.0,0.0,14,7,,,0,0,,,0,0,1.0,14.0,14,7,,,0,0,0.8571428571428571,12.0,14,7,,,0,0,,,0,0,,,0,0,,,0,0,,,0,0,,,0,0,1.0,14.0,14,7,,,0,0,,,0,0,,,0,0,0.5714285714285714,8.0,14,7,,,0,0,,,0,0,,,0,0,,,0,0,,,0,0,FULL_COHORT,METRIC,,,,,,,,,,,,
NEW7,A,0,BASE,BASE,evaluation,source_style_confirmation,EDIT_TARGET,320,False,macro,14,7,7,UNKNOWN,0.5714285714285714,8.0,14,7,,,0,0,0.5714285714285714,8.0,14,7,0.5714285714285714,8.0,14,7,,,0,0,,,0,0,0.0,0.0,6,3,0.0,0.0,6,3,0.0,0.0,14,7,0.0,0.0,14,7,,,0,0,,,0,0,1.0,14.0,14,7,,,0,0,1.0,14.0,14,7,,,0,0,,,0,0,,,0,0,,,0,0,,,0,0,,,0,0,1.0,14.0,14,7,,,0,0,,,0,0,,,0,0,0.42857142857142855,6.0,14,7,,,0,0,,,0,0,,,0,0,,,0,0,,,0,0,FULL_COHORT,METRIC,,,,,,,,,,,,
NEW7,A,0,BASE,BASE,evaluation,source_style_confirmation,EDIT_TARGET,320,False,micro,14,7,7,UNKNOWN,0.5714285714285714,8.0,14,7,,,0,0,0.5714285714285714,8.0,14,7,0.5714285714285714,8.0,14,7,,,0,0,,,0,0,0.0,0.0,6,3,0.0,0.0,6,3,0.0,0.0,14,7,0.0,0.0,14,7,,,0,0,,,0,0,1.0,14.0,14,7,,,0,0,1.0,14.0,14,7,,,0,0,,,0,0,,,0,0,,,0,0,,,0,0,,,0,0,1.0,14.0,14,7,,,0,0,,,0,0,,,0,0,0.42857142857142855,6.0,14,7,,,0,0,,,0,0,,,0,0,,,0,0,,,0,0,FULL_COHORT,METRIC,,,,,,,,,,,,
NEW7,A,0,BASE,BASE,fit,H,STRICT_BASE,320,False,macro,7,7,2,UNKNOWN,1.0,7.0,7,7,,,0,0,1.0,7.0,7,7,1.0,7.0,7,7,0.0,0.0,7,7,1.0,7.0,7,7,,,0,0,,,0,0,0.0,0.0,7,7,0.0,0.0,7,7,0.0,0.0,7,7,0.0,0.0,7,7,1.0,7.0,7,7,,,0,0,1.0,7.0,7,7,,,0,0,,,0,0,,,0,0,,,0,0,,,0,0,,,0,0,1.0,7.0,7,7,,,0,0,,,0,0,,,0,0,,,0,0,,,0,0,,,0,0,,,0,0,,,0,0,,,0,0,FULL_COHORT,METRIC,,,,,,,,,,,,
NEW7,A,0,BASE,BASE,fit,H,STRICT_BASE,320,False,micro,7,7,2,UNKNOWN,1.0,7.0,7,7,,,0,0,1.0,7.0,7,7,1.0,7.0,7,7,0.0,0.0,7,7,1.0,7.0,7,7,,,0,0,,,0,0,0.0,0.0,7,7,0.0,0.0,7,7,0.0,0.0,7,7,0.0,0.0,7,7,1.0,7.0,7,7,,,0,0,1.0,7.0,7,7,,,0,0,,,0,0,,,0,0,,,0,0,,,0,0,,,0,0,1.0,7.0,7,7,,,0,0,,,0,0,,,0,0,,,0,0,,,0,0,,,0,0,,,0,0,,,0,0,,,0,0,FULL_COHORT,METRIC,,,,,,,,,,,,
NEW7,A,0,BASE,BASE,fit,U,STRICT_BASE,320,False,macro,7,7,1,UNKNOWN,1.0,7.0,7,7,,,0,0,1.0,7.0,7,7,1.0,7.0,7,7,0.0,0.0,7,7,1.0,7.0,7,7,,,0,0,,,0,0,0.0,0.0,7,7,0.0,0.0,7,7,0.0,0.0,7,7,0.0,0.0,7,7,1.0,7.0,7,7,,,0,0,1.0,7.0,7,7,,,0,0,,,0,0,,,0,0,,,0,0,,,0,0,,,0,0,1.0,7.0,7,7,,,0,0,,,0,0,,,0,0,,,0,0,,,0,0,,,0,0,,,0,0,,,0,0,,,0,0,FULL_COHORT,METRIC,,,,,,,,,,,,
NEW7,A,0,BASE,BASE,fit,U,STRICT_BASE,320,False,micro,7,7,1,UNKNOWN,1.0,7.0,7,7,,,0,0,1.0,7.0,7,7,1.0,7.0,7,7,0.0,0.0,7,7,1.0,7.0,7,7,,,0,0,,,0,0,0.0,0.0,7,7,0.0,0.0,7,7,0.0,0.0,7,7,0.0,0.0,7,7,1.0,7.0,7,7,,,0,0,1.0,7.0,7,7,,,0,0,,,0,0,,,0,0,,,0,0,,,0,0,,,0,0,1.0,7.0,7,7,,,0,0,,,0,0,,,0,0,,,0,0,,,0,0,,,0,0,,,0,0,,,0,0,,,0,0,FULL_COHORT,METRIC,,,,,,,,,,,,
NEW7,A,0,BASE,BASE,fit,positive,EDIT_TARGET,320,False,macro,28,7,7,UNKNOWN,0.35714285714285715,10.0,28,7,,,0,0,0.35714285714285715,10.0,28,7,0.35714285714285715,10.0,28,7,,,0,0,,,0,0,0.0,0.0,18,6,0.0,0.0,18,6,0.0,0.0,28,7,0.0,0.0,28,7,,,0,0,,,0,0,1.0,28.0,28,7,,,0,0,0.9642857142857143,27.0,28,7,,,0,0,,,0,0,,,0,0,,,0,0,,,0,0,,,0,0,1.0,28.0,28,7,,,0,0,,,0,0,,,0,0,0.6428571428571429,18.0,28,7,,,0,0,,,0,0,,,0,0,,,0,0,,,0,0,FULL_COHORT,METRIC,,,,,,,,,,,,
NEW7,A,0,BASE,BASE,fit,positive,EDIT_TARGET,320,False,micro,28,7,7,UNKNOWN,0.35714285714285715,10.0,28,7,,,0,0,0.35714285714285715,10.0,28,7,0.35714285714285715,10.0,28,7,,,0,0,,,0,0,0.0,0.0,18,6,0.0,0.0,18,6,0.0,0.0,28,7,0.0,0.0,28,7,,,0,0,,,0,0,1.0,28.0,28,7,,,0,0,0.9642857142857143,27.0,28,7,,,0,0,,,0,0,,,0,0,,,0,0,,,0,0,,,0,0,1.0,28.0,28,7,,,0,0,,,0,0,,,0,0,0.6428571428571429,18.0,28,7,,,0,0,,,0,0,,,0,0,,,0,0,,,0,0,FULL_COHORT,METRIC,,,,,,,,,,,,
NEW7,A,0,BASE,BASE,native,T0,EDIT_TARGET,320,False,macro,7,7,7,UNKNOWN,0.0,0.0,7,7,0.0,0.0,7,7,0.0,0.0,7,7,0.0,0.0,7,7,,,0,0,,,0,0,0.0,0.0,7,7,0.0,0.0,7,7,0.0,0.0,7,7,0.0,0.0,7,7,,,0,0,,,0,0,1.0,7.0,7,7,,,0,0,0.8571428571428571,6.0,7,7,,,0,0,,,0,0,,,0,0,,,0,0,,,0,0,,,0,0,1.0,7.0,7,7,,,0,0,,,0,0,,,0,0,1.0,7.0,7,7,,,0,0,,,0,0,,,0,0,,,0,0,,,0,0,FULL_COHORT,METRIC,,,,,,,,,,,,
NEW7,A,0,BASE,BASE,native,T0,EDIT_TARGET,320,False,micro,7,7,7,UNKNOWN,0.0,0.0,7,7,0.0,0.0,7,7,0.0,0.0,7,7,0.0,0.0,7,7,,,0,0,,,0,0,0.0,0.0,7,7,0.0,0.0,7,7,0.0,0.0,7,7,0.0,0.0,7,7,,,0,0,,,0,0,1.0,7.0,7,7,,,0,0,0.8571428571428571,6.0,7,7,,,0,0,,,0,0,,,0,0,,,0,0,,,0,0,,,0,0,1.0,7.0,7,7,,,0,0,,,0,0,,,0,0,1.0,7.0,7,7,,,0,0,,,0,0,,,0,0,,,0,0,,,0,0,FULL_COHORT,METRIC,,,,,,,,,,,,
NEW7,A,0,BE,FORCED_ON,challenge,challenge,STRICT_BASE,320,False,macro,12,4,3,UNKNOWN,1.0,12.0,12,4,,,0,0,1.0,12.0,12,4,0.3333333333333333,4.0,12,4,0.0,0.0,4,4,1.0,4.0,4,4,1.0,8.0,8,4,1.0,8.0,8,4,1.0,12.0,12,4,1.0,12.0,12,4,1.0,12.0,12,4,0.0,0.0,4,4,0.0,0.0,12,4,,,0,0,1.0,12.0,12,4,,,0,0,,,0,0,,,0,0,,,0,0,,,0,0,,,0,0,1.0,12.0,12,4,,,0,0,0.0,0.0,4,4,0.0,0.0,12,4,,,0,0,,,0,0,,,0,0,,,0,0,,,0,0,,,0,0,FULL_COHORT,METRIC,,,,,,,,,,,,
NEW7,A,0,BE,FORCED_ON,challenge,challenge,STRICT_BASE,320,False,micro,12,4,3,UNKNOWN,1.0,12.0,12,4,,,0,0,1.0,12.0,12,4,0.3333333333333333,4.0,12,4,0.0,0.0,4,4,1.0,4.0,4,4,1.0,8.0,8,4,1.0,8.0,8,4,1.0,12.0,12,4,1.0,12.0,12,4,1.0,12.0,12,4,0.0,0.0,4,4,0.0,0.0,12,4,,,0,0,1.0,12.0,12,4,,,0,0,,,0,0,,,0,0,,,0,0,,,0,0,,,0,0,1.0,12.0,12,4,,,0,0,0.0,0.0,4,4,0.0,0.0,12,4,,,0,0,,,0,0,,,0,0,,,0,0,,,0,0,,,0,0,FULL_COHORT,METRIC,,,,,,,,,,,,
NEW7,A,0,BE,FORCED_ON,evaluation,H,STRICT_BASE,320,False,macro,9,7,3,UNKNOWN,0.0,0.0,9,7,,,0,0,0.0,0.0,9,7,0.6428571428571429,5.0,9,7,1.0,5.0,5,5,0.0,0.0,5,5,0.0,0.0,4,3,1.0,4.0,4,3,1.0,9.0,9,7,0.0,0.0,9,7,1.0,9.0,9,7,1.0,5.0,5,5,0.0,0.0,9,7,,,0,0,0.0,0.0,9,7,,,0,0,,,0,0,,,0,0,,,0,0,,,0,0,,,0,0,1.0,9.0,9,7,,,0,0,1.0,5.0,5,5,1.0,9.0,9,7,,,0,0,,,0,0,,,0,0,,,0,0,,,0,0,,,0,0,FULL_COHORT,METRIC,,,,,,,,,,,,
NEW7,A,0,BE,FORCED_ON,evaluation,H,STRICT_BASE,320,False,micro,9,7,3,UNKNOWN,0.0,0.0,9,7,,,0,0,0.0,0.0,9,7,0.5555555555555556,5.0,9,7,1.0,5.0,5,5,0.0,0.0,5,5,0.0,0.0,4,3,1.0,4.0,4,3,1.0,9.0,9,7,0.0,0.0,9,7,1.0,9.0,9,7,1.0,5.0,5,5,0.0,0.0,9,7,,,0,0,0.0,0.0,9,7,,,0,0,,,0,0,,,0,0,,,0,0,,,0,0,,,0,0,1.0,9.0,9,7,,,0,0,1.0,5.0,5,5,1.0,9.0,9,7,,,0,0,,,0,0,,,0,0,,,0,0,,,0,0,,,0,0,FULL_COHORT,METRIC,,,,,,,,,,,,
NEW7,A,0,BE,FORCED_ON,evaluation,U,STRICT_BASE,320,False,macro,28,7,2,UNKNOWN,0.03571428571428571,1.0,28,7,,,0,0,0.03571428571428571,1.0,28,7,0.8452380952380952,22.0,28,7,0.9523809523809523,21.0,22,7,0.047619047619047616,1.0,22,7,0.0,0.0,6,6,1.0,6.0,6,6,1.0,28.0,28,7,0.03571428571428571,1.0,28,7,1.0,28.0,28,7,0.9523809523809523,21.0,22,7,0.0,0.0,28,7,,,0,0,0.03571428571428571,1.0,28,7,,,0,0,,,0,0,,,0,0,,,0,0,,,0,0,,,0,0,0.9047619047619048,26.0,28,7,,,0,0,0.9523809523809523,21.0,22,7,0.9642857142857143,27.0,28,7,,,0,0,,,0,0,,,0,0,,,0,0,,,0,0,,,0,0,FULL_COHORT,METRIC,,,,,,,,,,,,
NEW7,A,0,BE,FORCED_ON,evaluation,U,STRICT_BASE,320,False,micro,28,7,2,UNKNOWN,0.03571428571428571,1.0,28,7,,,0,0,0.03571428571428571,1.0,28,7,0.7857142857142857,22.0,28,7,0.9545454545454546,21.0,22,7,0.045454545454545456,1.0,22,7,0.0,0.0,6,6,1.0,6.0,6,6,1.0,28.0,28,7,0.03571428571428571,1.0,28,7,1.0,28.0,28,7,0.9545454545454546,21.0,22,7,0.0,0.0,28,7,,,0,0,0.03571428571428571,1.0,28,7,,,0,0,,,0,0,,,0,0,,,0,0,,,0,0,,,0,0,0.9285714285714286,26.0,28,7,,,0,0,0.9545454545454546,21.0,22,7,0.9642857142857143,27.0,28,7,,,0,0,,,0,0,,,0,0,,,0,0,,,0,0,,,0,0,FULL_COHORT,METRIC,,,,,,,,,,,,
NEW7,A,0,BE,FORCED_ON,evaluation,cross_family_confirmation,EDIT_TARGET,320,False,macro,14,7,7,UNKNOWN,0.8571428571428571,12.0,14,7,,,0,0,0.8571428571428571,12.0,14,7,0.42857142857142855,6.0,14,7,,,0,0,,,0,0,0.75,6.0,8,4,1.0,8.0,8,4,1.0,14.0,14,7,0.8571428571428571,12.0,14,7,,,0,0,,,0,0,0.0,0.0,14,7,,,0,0,0.8571428571428571,12.0,14,7,,,0,0,,,0,0,,,0,0,,,0,0,,,0,0,,,0,0,1.0,14.0,14,7,,,0,0,,,0,0,,,0,0,0.0,0.0,14,7,,,0,0,,,0,0,,,0,0,,,0,0,,,0,0,FULL_COHORT,METRIC,,,,,,,,,,,,
NEW7,A,0,BE,FORCED_ON,evaluation,cross_family_confirmation,EDIT_TARGET,320,False,micro,14,7,7,UNKNOWN,0.8571428571428571,12.0,14,7,,,0,0,0.8571428571428571,12.0,14,7,0.42857142857142855,6.0,14,7,,,0,0,,,0,0,0.75,6.0,8,4,1.0,8.0,8,4,1.0,14.0,14,7,0.8571428571428571,12.0,14,7,,,0,0,,,0,0,0.0,0.0,14,7,,,0,0,0.8571428571428571,12.0,14,7,,,0,0,,,0,0,,,0,0,,,0,0,,,0,0,,,0,0,1.0,14.0,14,7,,,0,0,,,0,0,,,0,0,0.0,0.0,14,7,,,0,0,,,0,0,,,0,0,,,0,0,,,0,0,FULL_COHORT,METRIC,,,,,,,,,,,,
NEW7,A,0,BE,FORCED_ON,evaluation,source_style_confirmation,EDIT_TARGET,320,False,macro,14,7,7,UNKNOWN,1.0,14.0,14,7,,,0,0,1.0,14.0,14,7,0.5714285714285714,8.0,14,7,,,0,0,,,0,0,1.0,6.0,6,3,1.0,6.0,6,3,1.0,14.0,14,7,1.0,14.0,14,7,,,0,0,,,0,0,0.0,0.0,14,7,,,0,0,1.0,14.0,14,7,,,0,0,,,0,0,,,0,0,,,0,0,,,0,0,,,0,0,1.0,14.0,14,7,,,0,0,,,0,0,,,0,0,0.0,0.0,14,7,,,0,0,,,0,0,,,0,0,,,0,0,,,0,0,FULL_COHORT,METRIC,,,,,,,,,,,,
NEW7,A,0,BE,FORCED_ON,evaluation,source_style_confirmation,EDIT_TARGET,320,False,micro,14,7,7,UNKNOWN,1.0,14.0,14,7,,,0,0,1.0,14.0,14,7,0.5714285714285714,8.0,14,7,,,0,0,,,0,0,1.0,6.0,6,3,1.0,6.0,6,3,1.0,14.0,14,7,1.0,14.0,14,7,,,0,0,,,0,0,0.0,0.0,14,7,,,0,0,1.0,14.0,14,7,,,0,0,,,0,0,,,0,0,,,0,0,,,0,0,,,0,0,1.0,14.0,14,7,,,0,0,,,0,0,,,0,0,0.0,0.0,14,7,,,0,0,,,0,0,,,0,0,,,0,0,,,0,0,FULL_COHORT,METRIC,,,,,,,,,,,,
NEW7,A,0,BE,FORCED_ON,fit,H,STRICT_BASE,320,False,macro,7,7,2,UNKNOWN,0.0,0.0,7,7,,,0,0,0.0,0.0,7,7,1.0,7.0,7,7,1.0,7.0,7,7,0.0,0.0,7,7,,,0,0,,,0,0,1.0,7.0,7,7,0.0,0.0,7,7,1.0,7.0,7,7,1.0,7.0,7,7,0.0,0.0,7,7,,,0,0,0.0,0.0,7,7,,,0,0,,,0,0,,,0,0,,,0,0,,,0,0,,,0,0,1.0,7.0,7,7,,,0,0,1.0,7.0,7,7,1.0,7.0,7,7,,,0,0,,,0,0,,,0,0,,,0,0,,,0,0,,,0,0,FULL_COHORT,METRIC,,,,,,,,,,,,
NEW7,A,0,BE,FORCED_ON,fit,H,STRICT_BASE,320,False,micro,7,7,2,UNKNOWN,0.0,0.0,7,7,,,0,0,0.0,0.0,7,7,1.0,7.0,7,7,1.0,7.0,7,7,0.0,0.0,7,7,,,0,0,,,0,0,1.0,7.0,7,7,0.0,0.0,7,7,1.0,7.0,7,7,1.0,7.0,7,7,0.0,0.0,7,7,,,0,0,0.0,0.0,7,7,,,0,0,,,0,0,,,0,0,,,0,0,,,0,0,,,0,0,1.0,7.0,7,7,,,0,0,1.0,7.0,7,7,1.0,7.0,7,7,,,0,0,,,0,0,,,0,0,,,0,0,,,0,0,,,0,0,FULL_COHORT,METRIC,,,,,,,,,,,,
NEW7,A,0,BE,FORCED_ON,fit,U,STRICT_BASE,320,False,macro,7,7,1,UNKNOWN,0.0,0.0,7,7,,,0,0,0.0,0.0,7,7,1.0,7.0,7,7,1.0,7.0,7,7,0.0,0.0,7,7,,,0,0,,,0,0,1.0,7.0,7,7,0.0,0.0,7,7,1.0,7.0,7,7,1.0,7.0,7,7,0.0,0.0,7,7,,,0,0,0.0,0.0,7,7,,,0,0,,,0,0,,,0,0,,,0,0,,,0,0,,,0,0,0.8571428571428571,6.0,7,7,,,0,0,1.0,7.0,7,7,1.0,7.0,7,7,,,0,0,,,0,0,,,0,0,,,0,0,,,0,0,,,0,0,FULL_COHORT,METRIC,,,,,,,,,,,,
NEW7,A,0,BE,FORCED_ON,fit,U,STRICT_BASE,320,False,micro,7,7,1,UNKNOWN,0.0,0.0,7,7,,,0,0,0.0,0.0,7,7,1.0,7.0,7,7,1.0,7.0,7,7,0.0,0.0,7,7,,,0,0,,,0,0,1.0,7.0,7,7,0.0,0.0,7,7,1.0,7.0,7,7,1.0,7.0,7,7,0.0,0.0,7,7,,,0,0,0.0,0.0,7,7,,,0,0,,,0,0,,,0,0,,,0,0,,,0,0,,,0,0,0.8571428571428571,6.0,7,7,,,0,0,1.0,7.0,7,7,1.0,7.0,7,7,,,0,0,,,0,0,,,0,0,,,0,0,,,0,0,,,0,0,FULL_COHORT,METRIC,,,,,,,,,,,,
NEW7,A,0,BE,FORCED_ON,fit,positive,EDIT_TARGET,320,False,macro,28,7,7,UNKNOWN,0.9642857142857143,27.0,28,7,,,0,0,0.9642857142857143,27.0,28,7,0.35714285714285715,10.0,28,7,,,0,0,,,0,0,0.9583333333333334,17.0,18,6,1.0,18.0,18,6,1.0,28.0,28,7,0.9642857142857143,27.0,28,7,,,0,0,,,0,0,0.0,0.0,28,7,,,0,0,0.9642857142857143,27.0,28,7,,,0,0,,,0,0,,,0,0,,,0,0,,,0,0,,,0,0,1.0,28.0,28,7,,,0,0,,,0,0,,,0,0,0.0,0.0,28,7,,,0,0,,,0,0,,,0,0,,,0,0,,,0,0,FULL_COHORT,METRIC,,,,,,,,,,,,
NEW7,A,0,BE,FORCED_ON,fit,positive,EDIT_TARGET,320,False,micro,28,7,7,UNKNOWN,0.9642857142857143,27.0,28,7,,,0,0,0.9642857142857143,27.0,28,7,0.35714285714285715,10.0,28,7,,,0,0,,,0,0,0.9444444444444444,17.0,18,6,1.0,18.0,18,6,1.0,28.0,28,7,0.9642857142857143,27.0,28,7,,,0,0,,,0,0,0.0,0.0,28,7,,,0,0,0.9642857142857143,27.0,28,7,,,0,0,,,0,0,,,0,0,,,0,0,,,0,0,,,0,0,1.0,28.0,28,7,,,0,0,,,0,0,,,0,0,0.0,0.0,28,7,,,0,0,,,0,0,,,0,0,,,0,0,,,0,0,FULL_COHORT,METRIC,,,,,,,,,,,,
NEW7,A,0,BE,FORCED_ON,native,T0,EDIT_TARGET,320,False,macro,7,7,7,UNKNOWN,0.8571428571428571,6.0,7,7,0.8571428571428571,6.0,7,7,0.8571428571428571,6.0,7,7,0.0,0.0,7,7,,,0,0,,,0,0,0.8571428571428571,6.0,7,7,1.0,7.0,7,7,1.0,7.0,7,7,0.8571428571428571,6.0,7,7,,,0,0,,,0,0,0.0,0.0,7,7,,,0,0,0.8571428571428571,6.0,7,7,,,0,0,,,0,0,,,0,0,,,0,0,,,0,0,,,0,0,1.0,7.0,7,7,,,0,0,,,0,0,,,0,0,0.0,0.0,7,7,,,0,0,,,0,0,,,0,0,,,0,0,,,0,0,FULL_COHORT,METRIC,,,,,,,,,,,,
NEW7,A,0,BE,FORCED_ON,native,T0,EDIT_TARGET,320,False,micro,7,7,7,UNKNOWN,0.8571428571428571,6.0,7,7,0.8571428571428571,6.0,7,7,0.8571428571428571,6.0,7,7,0.0,0.0,7,7,,,0,0,,,0,0,0.8571428571428571,6.0,7,7,1.0,7.0,7,7,1.0,7.0,7,7,0.8571428571428571,6.0,7,7,,,0,0,,,0,0,0.0,0.0,7,7,,,0,0,0.8571428571428571,6.0,7,7,,,0,0,,,0,0,,,0,0,,,0,0,,,0,0,,,0,0,1.0,7.0,7,7,,,0,0,,,0,0,,,0,0,0.0,0.0,7,7,,,0,0,,,0,0,,,0,0,,,0,0,,,0,0,FULL_COHORT,METRIC,,,,,,,,,,,,
NEW7,A,0,C_EXTRA_QA,FORCED_ON,challenge,challenge,STRICT_BASE,320,False,macro,12,4,3,UNKNOWN,1.0,12.0,12,4,,,0,0,1.0,12.0,12,4,0.3333333333333333,4.0,12,4,0.0,0.0,4,4,1.0,4.0,4,4,1.0,8.0,8,4,1.0,8.0,8,4,1.0,12.0,12,4,1.0,12.0,12,4,1.0,12.0,12,4,0.0,0.0,4,4,0.0,0.0,12,4,,,0,0,1.0,12.0,12,4,,,0,0,,,0,0,,,0,0,,,0,0,,,0,0,,,0,0,1.0,12.0,12,4,,,0,0,0.0,0.0,4,4,0.0,0.0,12,4,,,0,0,,,0,0,,,0,0,,,0,0,,,0,0,,,0,0,FULL_COHORT,METRIC,,,,,,,,,,,,
NEW7,A,0,C_EXTRA_QA,FORCED_ON,challenge,challenge,STRICT_BASE,320,False,micro,12,4,3,UNKNOWN,1.0,12.0,12,4,,,0,0,1.0,12.0,12,4,0.3333333333333333,4.0,12,4,0.0,0.0,4,4,1.0,4.0,4,4,1.0,8.0,8,4,1.0,8.0,8,4,1.0,12.0,12,4,1.0,12.0,12,4,1.0,12.0,12,4,0.0,0.0,4,4,0.0,0.0,12,4,,,0,0,1.0,12.0,12,4,,,0,0,,,0,0,,,0,0,,,0,0,,,0,0,,,0,0,1.0,12.0,12,4,,,0,0,0.0,0.0,4,4,0.0,0.0,12,4,,,0,0,,,0,0,,,0,0,,,0,0,,,0,0,,,0,0,FULL_COHORT,METRIC,,,,,,,,,,,,
NEW7,A,0,C_EXTRA_QA,FORCED_ON,evaluation,H,STRICT_BASE,320,False,macro,9,7,3,UNKNOWN,0.0,0.0,9,7,,,0,0,0.0,0.0,9,7,0.6428571428571429,5.0,9,7,1.0,5.0,5,5,0.0,0.0,5,5,0.0,0.0,4,3,1.0,4.0,4,3,1.0,9.0,9,7,0.0,0.0,9,7,1.0,9.0,9,7,1.0,5.0,5,5,0.0,0.0,9,7,,,0,0,0.0,0.0,9,7,,,0,0,,,0,0,,,0,0,,,0,0,,,0,0,,,0,0,1.0,9.0,9,7,,,0,0,1.0,5.0,5,5,1.0,9.0,9,7,,,0,0,,,0,0,,,0,0,,,0,0,,,0,0,,,0,0,FULL_COHORT,METRIC,,,,,,,,,,,,
NEW7,A,0,C_EXTRA_QA,FORCED_ON,evaluation,H,STRICT_BASE,320,False,micro,9,7,3,UNKNOWN,0.0,0.0,9,7,,,0,0,0.0,0.0,9,7,0.5555555555555556,5.0,9,7,1.0,5.0,5,5,0.0,0.0,5,5,0.0,0.0,4,3,1.0,4.0,4,3,1.0,9.0,9,7,0.0,0.0,9,7,1.0,9.0,9,7,1.0,5.0,5,5,0.0,0.0,9,7,,,0,0,0.0,0.0,9,7,,,0,0,,,0,0,,,0,0,,,0,0,,,0,0,,,0,0,1.0,9.0,9,7,,,0,0,1.0,5.0,5,5,1.0,9.0,9,7,,,0,0,,,0,0,,,0,0,,,0,0,,,0,0,,,0,0,FULL_COHORT,METRIC,,,,,,,,,,,,
NEW7,A,0,C_EXTRA_QA,FORCED_ON,evaluation,U,STRICT_BASE,320,False,macro,28,7,2,UNKNOWN,0.7261904761904762,17.0,28,7,,,0,0,0.7261904761904762,17.0,28,7,0.8452380952380952,22.0,28,7,0.16666666666666666,5.0,22,7,0.8333333333333334,17.0,22,7,0.0,0.0,6,6,1.0,6.0,6,6,1.0,28.0,28,7,0.7261904761904762,17.0,28,7,1.0,28.0,28,7,0.16666666666666666,5.0,22,7,0.07142857142857142,3.0,28,7,,,0,0,0.7261904761904762,17.0,28,7,,,0,0,,,0,0,,,0,0,,,0,0,,,0,0,,,0,0,1.0,28.0,28,7,,,0,0,0.16666666666666666,5.0,22,7,0.2738095238095238,11.0,28,7,,,0,0,,,0,0,,,0,0,,,0,0,,,0,0,,,0,0,FULL_COHORT,METRIC,,,,,,,,,,,,
NEW7,A,0,C_EXTRA_QA,FORCED_ON,evaluation,U,STRICT_BASE,320,False,micro,28,7,2,UNKNOWN,0.6071428571428571,17.0,28,7,,,0,0,0.6071428571428571,17.0,28,7,0.7857142857142857,22.0,28,7,0.22727272727272727,5.0,22,7,0.7727272727272727,17.0,22,7,0.0,0.0,6,6,1.0,6.0,6,6,1.0,28.0,28,7,0.6071428571428571,17.0,28,7,1.0,28.0,28,7,0.22727272727272727,5.0,22,7,0.10714285714285714,3.0,28,7,,,0,0,0.6071428571428571,17.0,28,7,,,0,0,,,0,0,,,0,0,,,0,0,,,0,0,,,0,0,1.0,28.0,28,7,,,0,0,0.22727272727272727,5.0,22,7,0.39285714285714285,11.0,28,7,,,0,0,,,0,0,,,0,0,,,0,0,,,0,0,,,0,0,FULL_COHORT,METRIC,,,,,,,,,,,,
NEW7,A,0,C_EXTRA_QA,FORCED_ON,evaluation,cross_family_confirmation,EDIT_TARGET,320,False,macro,14,7,7,UNKNOWN,0.8571428571428571,12.0,14,7,,,0,0,0.8571428571428571,12.0,14,7,0.42857142857142855,6.0,14,7,,,0,0,,,0,0,0.75,6.0,8,4,1.0,8.0,8,4,1.0,14.0,14,7,0.8571428571428571,12.0,14,7,,,0,0,,,0,0,0.0,0.0,14,7,,,0,0,0.8571428571428571,12.0,14,7,,,0,0,,,0,0,,,0,0,,,0,0,,,0,0,,,0,0,1.0,14.0,14,7,,,0,0,,,0,0,,,0,0,0.0,0.0,14,7,,,0,0,,,0,0,,,0,0,,,0,0,,,0,0,FULL_COHORT,METRIC,,,,,,,,,,,,
NEW7,A,0,C_EXTRA_QA,FORCED_ON,evaluation,cross_family_confirmation,EDIT_TARGET,320,False,micro,14,7,7,UNKNOWN,0.8571428571428571,12.0,14,7,,,0,0,0.8571428571428571,12.0,14,7,0.42857142857142855,6.0,14,7,,,0,0,,,0,0,0.75,6.0,8,4,1.0,8.0,8,4,1.0,14.0,14,7,0.8571428571428571,12.0,14,7,,,0,0,,,0,0,0.0,0.0,14,7,,,0,0,0.8571428571428571,12.0,14,7,,,0,0,,,0,0,,,0,0,,,0,0,,,0,0,,,0,0,1.0,14.0,14,7,,,0,0,,,0,0,,,0,0,0.0,0.0,14,7,,,0,0,,,0,0,,,0,0,,,0,0,,,0,0,FULL_COHORT,METRIC,,,,,,,,,,,,
NEW7,A,0,C_EXTRA_QA,FORCED_ON,evaluation,source_style_confirmation,EDIT_TARGET,320,False,macro,14,7,7,UNKNOWN,1.0,14.0,14,7,,,0,0,1.0,14.0,14,7,0.5714285714285714,8.0,14,7,,,0,0,,,0,0,1.0,6.0,6,3,1.0,6.0,6,3,1.0,14.0,14,7,1.0,14.0,14,7,,,0,0,,,0,0,0.0,0.0,14,7,,,0,0,1.0,14.0,14,7,,,0,0,,,0,0,,,0,0,,,0,0,,,0,0,,,0,0,1.0,14.0,14,7,,,0,0,,,0,0,,,0,0,0.0,0.0,14,7,,,0,0,,,0,0,,,0,0,,,0,0,,,0,0,FULL_COHORT,METRIC,,,,,,,,,,,,
NEW7,A,0,C_EXTRA_QA,FORCED_ON,evaluation,source_style_confirmation,EDIT_TARGET,320,False,micro,14,7,7,UNKNOWN,1.0,14.0,14,7,,,0,0,1.0,14.0,14,7,0.5714285714285714,8.0,14,7,,,0,0,,,0,0,1.0,6.0,6,3,1.0,6.0,6,3,1.0,14.0,14,7,1.0,14.0,14,7,,,0,0,,,0,0,0.0,0.0,14,7,,,0,0,1.0,14.0,14,7,,,0,0,,,0,0,,,0,0,,,0,0,,,0,0,,,0,0,1.0,14.0,14,7,,,0,0,,,0,0,,,0,0,0.0,0.0,14,7,,,0,0,,,0,0,,,0,0,,,0,0,,,0,0,FULL_COHORT,METRIC,,,,,,,,,,,,
NEW7,A,0,C_EXTRA_QA,FORCED_ON,fit,H,STRICT_BASE,320,False,macro,7,7,2,UNKNOWN,0.0,0.0,7,7,,,0,0,0.0,0.0,7,7,1.0,7.0,7,7,1.0,7.0,7,7,0.0,0.0,7,7,,,0,0,,,0,0,1.0,7.0,7,7,0.0,0.0,7,7,1.0,7.0,7,7,1.0,7.0,7,7,0.0,0.0,7,7,,,0,0,0.0,0.0,7,7,,,0,0,,,0,0,,,0,0,,,0,0,,,0,0,,,0,0,1.0,7.0,7,7,,,0,0,1.0,7.0,7,7,1.0,7.0,7,7,,,0,0,,,0,0,,,0,0,,,0,0,,,0,0,,,0,0,FULL_COHORT,METRIC,,,,,,,,,,,,
NEW7,A,0,C_EXTRA_QA,FORCED_ON,fit,H,STRICT_BASE,320,False,micro,7,7,2,UNKNOWN,0.0,0.0,7,7,,,0,0,0.0,0.0,7,7,1.0,7.0,7,7,1.0,7.0,7,7,0.0,0.0,7,7,,,0,0,,,0,0,1.0,7.0,7,7,0.0,0.0,7,7,1.0,7.0,7,7,1.0,7.0,7,7,0.0,0.0,7,7,,,0,0,0.0,0.0,7,7,,,0,0,,,0,0,,,0,0,,,0,0,,,0,0,,,0,0,1.0,7.0,7,7,,,0,0,1.0,7.0,7,7,1.0,7.0,7,7,,,0,0,,,0,0,,,0,0,,,0,0,,,0,0,,,0,0,FULL_COHORT,METRIC,,,,,,,,,,,,
NEW7,A,0,C_EXTRA_QA,FORCED_ON,fit,U,STRICT_BASE,320,False,macro,7,7,1,UNKNOWN,1.0,7.0,7,7,,,0,0,1.0,7.0,7,7,1.0,7.0,7,7,0.0,0.0,7,7,1.0,7.0,7,7,,,0,0,,,0,0,1.0,7.0,7,7,1.0,7.0,7,7,1.0,7.0,7,7,0.0,0.0,7,7,0.5714285714285714,4.0,7,7,,,0,0,1.0,7.0,7,7,,,0,0,,,0,0,,,0,0,,,0,0,,,0,0,,,0,0,1.0,7.0,7,7,,,0,0,0.0,0.0,7,7,0.0,0.0,7,7,,,0,0,,,0,0,,,0,0,,,0,0,,,0,0,,,0,0,FULL_COHORT,METRIC,,,,,,,,,,,,
NEW7,A,0,C_EXTRA_QA,FORCED_ON,fit,U,STRICT_BASE,320,False,micro,7,7,1,UNKNOWN,1.0,7.0,7,7,,,0,0,1.0,7.0,7,7,1.0,7.0,7,7,0.0,0.0,7,7,1.0,7.0,7,7,,,0,0,,,0,0,1.0,7.0,7,7,1.0,7.0,7,7,1.0,7.0,7,7,0.0,0.0,7,7,0.5714285714285714,4.0,7,7,,,0,0,1.0,7.0,7,7,,,0,0,,,0,0,,,0,0,,,0,0,,,0,0,,,0,0,1.0,7.0,7,7,,,0,0,0.0,0.0,7,7,0.0,0.0,7,7,,,0,0,,,0,0,,,0,0,,,0,0,,,0,0,,,0,0,FULL_COHORT,METRIC,,,,,,,,,,,,
NEW7,A,0,C_EXTRA_QA,FORCED_ON,fit,positive,EDIT_TARGET,320,False,macro,28,7,7,UNKNOWN,0.9642857142857143,27.0,28,7,,,0,0,0.9642857142857143,27.0,28,7,0.35714285714285715,10.0,28,7,,,0,0,,,0,0,0.9583333333333334,17.0,18,6,1.0,18.0,18,6,1.0,28.0,28,7,0.9642857142857143,27.0,28,7,,,0,0,,,0,0,0.0,0.0,28,7,,,0,0,0.9642857142857143,27.0,28,7,,,0,0,,,0,0,,,0,0,,,0,0,,,0,0,,,0,0,1.0,28.0,28,7,,,0,0,,,0,0,,,0,0,0.0,0.0,28,7,,,0,0,,,0,0,,,0,0,,,0,0,,,0,0,FULL_COHORT,METRIC,,,,,,,,,,,,
NEW7,A,0,C_EXTRA_QA,FORCED_ON,fit,positive,EDIT_TARGET,320,False,micro,28,7,7,UNKNOWN,0.9642857142857143,27.0,28,7,,,0,0,0.9642857142857143,27.0,28,7,0.35714285714285715,10.0,28,7,,,0,0,,,0,0,0.9444444444444444,17.0,18,6,1.0,18.0,18,6,1.0,28.0,28,7,0.9642857142857143,27.0,28,7,,,0,0,,,0,0,0.0,0.0,28,7,,,0,0,0.9642857142857143,27.0,28,7,,,0,0,,,0,0,,,0,0,,,0,0,,,0,0,,,0,0,1.0,28.0,28,7,,,0,0,,,0,0,,,0,0,0.0,0.0,28,7,,,0,0,,,0,0,,,0,0,,,0,0,,,0,0,FULL_COHORT,METRIC,,,,,,,,,,,,
NEW7,A,0,C_EXTRA_QA,FORCED_ON,native,T0,EDIT_TARGET,320,False,macro,7,7,7,UNKNOWN,0.8571428571428571,6.0,7,7,0.8571428571428571,6.0,7,7,0.8571428571428571,6.0,7,7,0.0,0.0,7,7,,,0,0,,,0,0,0.8571428571428571,6.0,7,7,1.0,7.0,7,7,1.0,7.0,7,7,0.8571428571428571,6.0,7,7,,,0,0,,,0,0,0.0,0.0,7,7,,,0,0,0.8571428571428571,6.0,7,7,,,0,0,,,0,0,,,0,0,,,0,0,,,0,0,,,0,0,1.0,7.0,7,7,,,0,0,,,0,0,,,0,0,0.0,0.0,7,7,,,0,0,,,0,0,,,0,0,,,0,0,,,0,0,FULL_COHORT,METRIC,,,,,,,,,,,,
NEW7,A,0,C_EXTRA_QA,FORCED_ON,native,T0,EDIT_TARGET,320,False,micro,7,7,7,UNKNOWN,0.8571428571428571,6.0,7,7,0.8571428571428571,6.0,7,7,0.8571428571428571,6.0,7,7,0.0,0.0,7,7,,,0,0,,,0,0,0.8571428571428571,6.0,7,7,1.0,7.0,7,7,1.0,7.0,7,7,0.8571428571428571,6.0,7,7,,,0,0,,,0,0,0.0,0.0,7,7,,,0,0,0.8571428571428571,6.0,7,7,,,0,0,,,0,0,,,0,0,,,0,0,,,0,0,,,0,0,1.0,7.0,7,7,,,0,0,,,0,0,,,0,0,0.0,0.0,7,7,,,0,0,,,0,0,,,0,0,,,0,0,,,0,0,FULL_COHORT,METRIC,,,,,,,,,,,,
NEW7,A,0,C_FACT,FORCED_ON,challenge,challenge,STRICT_BASE,320,False,macro,12,4,3,UNKNOWN,0.75,9.0,12,4,,,0,0,0.75,9.0,12,4,0.3333333333333333,4.0,12,4,0.0,0.0,4,4,1.0,4.0,4,4,0.625,5.0,8,4,1.0,8.0,8,4,1.0,12.0,12,4,0.75,9.0,12,4,1.0,12.0,12,4,0.0,0.0,4,4,0.0,0.0,12,4,,,0,0,0.75,9.0,12,4,,,0,0,,,0,0,,,0,0,,,0,0,,,0,0,,,0,0,1.0,12.0,12,4,,,0,0,0.0,0.0,4,4,0.25,3.0,12,4,,,0,0,,,0,0,,,0,0,,,0,0,,,0,0,,,0,0,FULL_COHORT,METRIC,,,,,,,,,,,,
NEW7,A,0,C_FACT,FORCED_ON,challenge,challenge,STRICT_BASE,320,False,micro,12,4,3,UNKNOWN,0.75,9.0,12,4,,,0,0,0.75,9.0,12,4,0.3333333333333333,4.0,12,4,0.0,0.0,4,4,1.0,4.0,4,4,0.625,5.0,8,4,1.0,8.0,8,4,1.0,12.0,12,4,0.75,9.0,12,4,1.0,12.0,12,4,0.0,0.0,4,4,0.0,0.0,12,4,,,0,0,0.75,9.0,12,4,,,0,0,,,0,0,,,0,0,,,0,0,,,0,0,,,0,0,1.0,12.0,12,4,,,0,0,0.0,0.0,4,4,0.25,3.0,12,4,,,0,0,,,0,0,,,0,0,,,0,0,,,0,0,,,0,0,FULL_COHORT,METRIC,,,,,,,,,,,,
NEW7,A,0,C_FACT,FORCED_ON,evaluation,H,STRICT_BASE,320,False,macro,9,7,3,UNKNOWN,0.8571428571428571,7.0,9,7,,,0,0,0.8571428571428571,7.0,9,7,0.6428571428571429,5.0,9,7,0.0,0.0,5,5,1.0,5.0,5,5,0.6666666666666666,2.0,4,3,1.0,4.0,4,3,1.0,9.0,9,7,0.8571428571428571,7.0,9,7,1.0,9.0,9,7,0.0,0.0,5,5,0.0,0.0,9,7,,,0,0,0.8571428571428571,7.0,9,7,,,0,0,,,0,0,,,0,0,,,0,0,,,0,0,,,0,0,1.0,9.0,9,7,,,0,0,0.0,0.0,5,5,0.14285714285714285,2.0,9,7,,,0,0,,,0,0,,,0,0,,,0,0,,,0,0,,,0,0,FULL_COHORT,METRIC,,,,,,,,,,,,
NEW7,A,0,C_FACT,FORCED_ON,evaluation,H,STRICT_BASE,320,False,micro,9,7,3,UNKNOWN,0.7777777777777778,7.0,9,7,,,0,0,0.7777777777777778,7.0,9,7,0.5555555555555556,5.0,9,7,0.0,0.0,5,5,1.0,5.0,5,5,0.5,2.0,4,3,1.0,4.0,4,3,1.0,9.0,9,7,0.7777777777777778,7.0,9,7,1.0,9.0,9,7,0.0,0.0,5,5,0.0,0.0,9,7,,,0,0,0.7777777777777778,7.0,9,7,,,0,0,,,0,0,,,0,0,,,0,0,,,0,0,,,0,0,1.0,9.0,9,7,,,0,0,0.0,0.0,5,5,0.2222222222222222,2.0,9,7,,,0,0,,,0,0,,,0,0,,,0,0,,,0,0,,,0,0,FULL_COHORT,METRIC,,,,,,,,,,,,
NEW7,A,0,C_FACT,FORCED_ON,evaluation,U,STRICT_BASE,320,False,macro,28,7,2,UNKNOWN,0.8333333333333333,22.0,28,7,,,0,0,0.8333333333333333,22.0,28,7,0.8452380952380952,22.0,28,7,0.047619047619047616,1.0,22,7,0.9523809523809523,21.0,22,7,0.16666666666666666,1.0,6,6,0.8333333333333334,5.0,6,6,1.0,28.0,28,7,0.8333333333333333,22.0,28,7,1.0,28.0,28,7,0.047619047619047616,1.0,22,7,0.2738095238095238,9.0,28,7,,,0,0,0.8333333333333333,22.0,28,7,,,0,0,,,0,0,,,0,0,,,0,0,,,0,0,,,0,0,1.0,28.0,28,7,,,0,0,0.047619047619047616,1.0,22,7,0.16666666666666666,6.0,28,7,,,0,0,,,0,0,,,0,0,,,0,0,,,0,0,,,0,0,FULL_COHORT,METRIC,,,,,,,,,,,,
NEW7,A,0,C_FACT,FORCED_ON,evaluation,U,STRICT_BASE,320,False,micro,28,7,2,UNKNOWN,0.7857142857142857,22.0,28,7,,,0,0,0.7857142857142857,22.0,28,7,0.7857142857142857,22.0,28,7,0.045454545454545456,1.0,22,7,0.9545454545454546,21.0,22,7,0.16666666666666666,1.0,6,6,0.8333333333333334,5.0,6,6,1.0,28.0,28,7,0.7857142857142857,22.0,28,7,1.0,28.0,28,7,0.045454545454545456,1.0,22,7,0.32142857142857145,9.0,28,7,,,0,0,0.7857142857142857,22.0,28,7,,,0,0,,,0,0,,,0,0,,,0,0,,,0,0,,,0,0,1.0,28.0,28,7,,,0,0,0.045454545454545456,1.0,22,7,0.21428571428571427,6.0,28,7,,,0,0,,,0,0,,,0,0,,,0,0,,,0,0,,,0,0,FULL_COHORT,METRIC,,,,,,,,,,,,
NEW7,A,0,C_FACT,FORCED_ON,evaluation,cross_family_confirmation,EDIT_TARGET,320,False,macro,14,7,7,UNKNOWN,0.8571428571428571,12.0,14,7,,,0,0,0.8571428571428571,12.0,14,7,0.42857142857142855,6.0,14,7,,,0,0,,,0,0,0.75,6.0,8,4,1.0,8.0,8,4,1.0,14.0,14,7,0.8571428571428571,12.0,14,7,,,0,0,,,0,0,0.0,0.0,14,7,,,0,0,0.8571428571428571,12.0,14,7,,,0,0,,,0,0,,,0,0,,,0,0,,,0,0,,,0,0,1.0,14.0,14,7,,,0,0,,,0,0,,,0,0,0.0,0.0,14,7,,,0,0,,,0,0,,,0,0,,,0,0,,,0,0,FULL_COHORT,METRIC,,,,,,,,,,,,
NEW7,A,0,C_FACT,FORCED_ON,evaluation,cross_family_confirmation,EDIT_TARGET,320,False,micro,14,7,7,UNKNOWN,0.8571428571428571,12.0,14,7,,,0,0,0.8571428571428571,12.0,14,7,0.42857142857142855,6.0,14,7,,,0,0,,,0,0,0.75,6.0,8,4,1.0,8.0,8,4,1.0,14.0,14,7,0.8571428571428571,12.0,14,7,,,0,0,,,0,0,0.0,0.0,14,7,,,0,0,0.8571428571428571,12.0,14,7,,,0,0,,,0,0,,,0,0,,,0,0,,,0,0,,,0,0,1.0,14.0,14,7,,,0,0,,,0,0,,,0,0,0.0,0.0,14,7,,,0,0,,,0,0,,,0,0,,,0,0,,,0,0,FULL_COHORT,METRIC,,,,,,,,,,,,
NEW7,A,0,C_FACT,FORCED_ON,evaluation,source_style_confirmation,EDIT_TARGET,320,False,macro,14,7,7,UNKNOWN,1.0,14.0,14,7,,,0,0,1.0,14.0,14,7,0.5714285714285714,8.0,14,7,,,0,0,,,0,0,1.0,6.0,6,3,1.0,6.0,6,3,1.0,14.0,14,7,1.0,14.0,14,7,,,0,0,,,0,0,0.0,0.0,14,7,,,0,0,1.0,14.0,14,7,,,0,0,,,0,0,,,0,0,,,0,0,,,0,0,,,0,0,1.0,14.0,14,7,,,0,0,,,0,0,,,0,0,0.0,0.0,14,7,,,0,0,,,0,0,,,0,0,,,0,0,,,0,0,FULL_COHORT,METRIC,,,,,,,,,,,,
NEW7,A,0,C_FACT,FORCED_ON,evaluation,source_style_confirmation,EDIT_TARGET,320,False,micro,14,7,7,UNKNOWN,1.0,14.0,14,7,,,0,0,1.0,14.0,14,7,0.5714285714285714,8.0,14,7,,,0,0,,,0,0,1.0,6.0,6,3,1.0,6.0,6,3,1.0,14.0,14,7,1.0,14.0,14,7,,,0,0,,,0,0,0.0,0.0,14,7,,,0,0,1.0,14.0,14,7,,,0,0,,,0,0,,,0,0,,,0,0,,,0,0,,,0,0,1.0,14.0,14,7,,,0,0,,,0,0,,,0,0,0.0,0.0,14,7,,,0,0,,,0,0,,,0,0,,,0,0,,,0,0,FULL_COHORT,METRIC,,,,,,,,,,,,
NEW7,A,0,C_FACT,FORCED_ON,fit,H,STRICT_BASE,320,False,macro,7,7,2,UNKNOWN,1.0,7.0,7,7,,,0,0,1.0,7.0,7,7,1.0,7.0,7,7,0.0,0.0,7,7,1.0,7.0,7,7,,,0,0,,,0,0,1.0,7.0,7,7,1.0,7.0,7,7,1.0,7.0,7,7,0.0,0.0,7,7,0.0,0.0,7,7,,,0,0,1.0,7.0,7,7,,,0,0,,,0,0,,,0,0,,,0,0,,,0,0,,,0,0,1.0,7.0,7,7,,,0,0,0.0,0.0,7,7,0.0,0.0,7,7,,,0,0,,,0,0,,,0,0,,,0,0,,,0,0,,,0,0,FULL_COHORT,METRIC,,,,,,,,,,,,
NEW7,A,0,C_FACT,FORCED_ON,fit,H,STRICT_BASE,320,False,micro,7,7,2,UNKNOWN,1.0,7.0,7,7,,,0,0,1.0,7.0,7,7,1.0,7.0,7,7,0.0,0.0,7,7,1.0,7.0,7,7,,,0,0,,,0,0,1.0,7.0,7,7,1.0,7.0,7,7,1.0,7.0,7,7,0.0,0.0,7,7,0.0,0.0,7,7,,,0,0,1.0,7.0,7,7,,,0,0,,,0,0,,,0,0,,,0,0,,,0,0,,,0,0,1.0,7.0,7,7,,,0,0,0.0,0.0,7,7,0.0,0.0,7,7,,,0,0,,,0,0,,,0,0,,,0,0,,,0,0,,,0,0,FULL_COHORT,METRIC,,,,,,,,,,,,
NEW7,A,0,C_FACT,FORCED_ON,fit,U,STRICT_BASE,320,False,macro,7,7,1,UNKNOWN,1.0,7.0,7,7,,,0,0,1.0,7.0,7,7,1.0,7.0,7,7,0.0,0.0,7,7,1.0,7.0,7,7,,,0,0,,,0,0,1.0,7.0,7,7,1.0,7.0,7,7,1.0,7.0,7,7,0.0,0.0,7,7,0.7142857142857143,5.0,7,7,,,0,0,1.0,7.0,7,7,,,0,0,,,0,0,,,0,0,,,0,0,,,0,0,,,0,0,1.0,7.0,7,7,,,0,0,0.0,0.0,7,7,0.0,0.0,7,7,,,0,0,,,0,0,,,0,0,,,0,0,,,0,0,,,0,0,FULL_COHORT,METRIC,,,,,,,,,,,,
NEW7,A,0,C_FACT,FORCED_ON,fit,U,STRICT_BASE,320,False,micro,7,7,1,UNKNOWN,1.0,7.0,7,7,,,0,0,1.0,7.0,7,7,1.0,7.0,7,7,0.0,0.0,7,7,1.0,7.0,7,7,,,0,0,,,0,0,1.0,7.0,7,7,1.0,7.0,7,7,1.0,7.0,7,7,0.0,0.0,7,7,0.7142857142857143,5.0,7,7,,,0,0,1.0,7.0,7,7,,,0,0,,,0,0,,,0,0,,,0,0,,,0,0,,,0,0,1.0,7.0,7,7,,,0,0,0.0,0.0,7,7,0.0,0.0,7,7,,,0,0,,,0,0,,,0,0,,,0,0,,,0,0,,,0,0,FULL_COHORT,METRIC,,,,,,,,,,,,
NEW7,A,0,C_FACT,FORCED_ON,fit,positive,EDIT_TARGET,320,False,macro,28,7,7,UNKNOWN,0.9642857142857143,27.0,28,7,,,0,0,0.9642857142857143,27.0,28,7,0.35714285714285715,10.0,28,7,,,0,0,,,0,0,0.9583333333333334,17.0,18,6,1.0,18.0,18,6,1.0,28.0,28,7,0.9642857142857143,27.0,28,7,,,0,0,,,0,0,0.0,0.0,28,7,,,0,0,0.9642857142857143,27.0,28,7,,,0,0,,,0,0,,,0,0,,,0,0,,,0,0,,,0,0,1.0,28.0,28,7,,,0,0,,,0,0,,,0,0,0.0,0.0,28,7,,,0,0,,,0,0,,,0,0,,,0,0,,,0,0,FULL_COHORT,METRIC,,,,,,,,,,,,
NEW7,A,0,C_FACT,FORCED_ON,fit,positive,EDIT_TARGET,320,False,micro,28,7,7,UNKNOWN,0.9642857142857143,27.0,28,7,,,0,0,0.9642857142857143,27.0,28,7,0.35714285714285715,10.0,28,7,,,0,0,,,0,0,0.9444444444444444,17.0,18,6,1.0,18.0,18,6,1.0,28.0,28,7,0.9642857142857143,27.0,28,7,,,0,0,,,0,0,0.0,0.0,28,7,,,0,0,0.9642857142857143,27.0,28,7,,,0,0,,,0,0,,,0,0,,,0,0,,,0,0,,,0,0,1.0,28.0,28,7,,,0,0,,,0,0,,,0,0,0.0,0.0,28,7,,,0,0,,,0,0,,,0,0,,,0,0,,,0,0,FULL_COHORT,METRIC,,,,,,,,,,,,
NEW7,A,0,C_FACT,FORCED_ON,native,T0,EDIT_TARGET,320,False,macro,7,7,7,UNKNOWN,0.8571428571428571,6.0,7,7,0.8571428571428571,6.0,7,7,0.8571428571428571,6.0,7,7,0.0,0.0,7,7,,,0,0,,,0,0,0.8571428571428571,6.0,7,7,1.0,7.0,7,7,1.0,7.0,7,7,0.8571428571428571,6.0,7,7,,,0,0,,,0,0,0.0,0.0,7,7,,,0,0,0.8571428571428571,6.0,7,7,,,0,0,,,0,0,,,0,0,,,0,0,,,0,0,,,0,0,1.0,7.0,7,7,,,0,0,,,0,0,,,0,0,0.0,0.0,7,7,,,0,0,,,0,0,,,0,0,,,0,0,,,0,0,FULL_COHORT,METRIC,,,,,,,,,,,,
NEW7,A,0,C_FACT,FORCED_ON,native,T0,EDIT_TARGET,320,False,micro,7,7,7,UNKNOWN,0.8571428571428571,6.0,7,7,0.8571428571428571,6.0,7,7,0.8571428571428571,6.0,7,7,0.0,0.0,7,7,,,0,0,,,0,0,0.8571428571428571,6.0,7,7,1.0,7.0,7,7,1.0,7.0,7,7,0.8571428571428571,6.0,7,7,,,0,0,,,0,0,0.0,0.0,7,7,,,0,0,0.8571428571428571,6.0,7,7,,,0,0,,,0,0,,,0,0,,,0,0,,,0,0,,,0,0,1.0,7.0,7,7,,,0,0,,,0,0,,,0,0,0.0,0.0,7,7,,,0,0,,,0,0,,,0,0,,,0,0,,,0,0,FULL_COHORT,METRIC,,,,,,,,,,,,
NEW7,A,0,C_NO_H,FORCED_ON,challenge,challenge,STRICT_BASE,320,False,macro,12,4,3,UNKNOWN,1.0,12.0,12,4,,,0,0,1.0,12.0,12,4,0.3333333333333333,4.0,12,4,0.0,0.0,4,4,1.0,4.0,4,4,1.0,8.0,8,4,1.0,8.0,8,4,1.0,12.0,12,4,1.0,12.0,12,4,1.0,12.0,12,4,0.0,0.0,4,4,0.0,0.0,12,4,,,0,0,1.0,12.0,12,4,,,0,0,,,0,0,,,0,0,,,0,0,,,0,0,,,0,0,1.0,12.0,12,4,,,0,0,0.0,0.0,4,4,0.0,0.0,12,4,,,0,0,,,0,0,,,0,0,,,0,0,,,0,0,,,0,0,FULL_COHORT,METRIC,,,,,,,,,,,,
NEW7,A,0,C_NO_H,FORCED_ON,challenge,challenge,STRICT_BASE,320,False,micro,12,4,3,UNKNOWN,1.0,12.0,12,4,,,0,0,1.0,12.0,12,4,0.3333333333333333,4.0,12,4,0.0,0.0,4,4,1.0,4.0,4,4,1.0,8.0,8,4,1.0,8.0,8,4,1.0,12.0,12,4,1.0,12.0,12,4,1.0,12.0,12,4,0.0,0.0,4,4,0.0,0.0,12,4,,,0,0,1.0,12.0,12,4,,,0,0,,,0,0,,,0,0,,,0,0,,,0,0,,,0,0,1.0,12.0,12,4,,,0,0,0.0,0.0,4,4,0.0,0.0,12,4,,,0,0,,,0,0,,,0,0,,,0,0,,,0,0,,,0,0,FULL_COHORT,METRIC,,,,,,,,,,,,
NEW7,A,0,C_NO_H,FORCED_ON,evaluation,H,STRICT_BASE,320,False,macro,9,7,3,UNKNOWN,0.0,0.0,9,7,,,0,0,0.0,0.0,9,7,0.6428571428571429,5.0,9,7,1.0,5.0,5,5,0.0,0.0,5,5,0.0,0.0,4,3,1.0,4.0,4,3,1.0,9.0,9,7,0.0,0.0,9,7,1.0,9.0,9,7,1.0,5.0,5,5,0.0,0.0,9,7,,,0,0,0.0,0.0,9,7,,,0,0,,,0,0,,,0,0,,,0,0,,,0,0,,,0,0,1.0,9.0,9,7,,,0,0,1.0,5.0,5,5,1.0,9.0,9,7,,,0,0,,,0,0,,,0,0,,,0,0,,,0,0,,,0,0,FULL_COHORT,METRIC,,,,,,,,,,,,
NEW7,A,0,C_NO_H,FORCED_ON,evaluation,H,STRICT_BASE,320,False,micro,9,7,3,UNKNOWN,0.0,0.0,9,7,,,0,0,0.0,0.0,9,7,0.5555555555555556,5.0,9,7,1.0,5.0,5,5,0.0,0.0,5,5,0.0,0.0,4,3,1.0,4.0,4,3,1.0,9.0,9,7,0.0,0.0,9,7,1.0,9.0,9,7,1.0,5.0,5,5,0.0,0.0,9,7,,,0,0,0.0,0.0,9,7,,,0,0,,,0,0,,,0,0,,,0,0,,,0,0,,,0,0,1.0,9.0,9,7,,,0,0,1.0,5.0,5,5,1.0,9.0,9,7,,,0,0,,,0,0,,,0,0,,,0,0,,,0,0,,,0,0,FULL_COHORT,METRIC,,,,,,,,,,,,
NEW7,A,0,C_NO_H,FORCED_ON,evaluation,U,STRICT_BASE,320,False,macro,28,7,2,UNKNOWN,0.5,13.0,28,7,,,0,0,0.5,13.0,28,7,0.8452380952380952,22.0,28,7,0.44047619047619047,10.0,22,7,0.5595238095238095,12.0,22,7,0.16666666666666666,1.0,6,6,1.0,6.0,6,6,1.0,28.0,28,7,0.5,13.0,28,7,1.0,28.0,28,7,0.44047619047619047,10.0,22,7,0.023809523809523808,1.0,28,7,,,0,0,0.5,13.0,28,7,,,0,0,,,0,0,,,0,0,,,0,0,,,0,0,,,0,0,1.0,28.0,28,7,,,0,0,0.44047619047619047,10.0,22,7,0.49999999999999994,15.0,28,7,,,0,0,,,0,0,,,0,0,,,0,0,,,0,0,,,0,0,FULL_COHORT,METRIC,,,,,,,,,,,,
NEW7,A,0,C_NO_H,FORCED_ON,evaluation,U,STRICT_BASE,320,False,micro,28,7,2,UNKNOWN,0.4642857142857143,13.0,28,7,,,0,0,0.4642857142857143,13.0,28,7,0.7857142857142857,22.0,28,7,0.45454545454545453,10.0,22,7,0.5454545454545454,12.0,22,7,0.16666666666666666,1.0,6,6,1.0,6.0,6,6,1.0,28.0,28,7,0.4642857142857143,13.0,28,7,1.0,28.0,28,7,0.45454545454545453,10.0,22,7,0.03571428571428571,1.0,28,7,,,0,0,0.4642857142857143,13.0,28,7,,,0,0,,,0,0,,,0,0,,,0,0,,,0,0,,,0,0,1.0,28.0,28,7,,,0,0,0.45454545454545453,10.0,22,7,0.5357142857142857,15.0,28,7,,,0,0,,,0,0,,,0,0,,,0,0,,,0,0,,,0,0,FULL_COHORT,METRIC,,,,,,,,,,,,
NEW7,A,0,C_NO_H,FORCED_ON,evaluation,cross_family_confirmation,EDIT_TARGET,320,False,macro,14,7,7,UNKNOWN,0.8571428571428571,12.0,14,7,,,0,0,0.8571428571428571,12.0,14,7,0.42857142857142855,6.0,14,7,,,0,0,,,0,0,0.75,6.0,8,4,1.0,8.0,8,4,1.0,14.0,14,7,0.8571428571428571,12.0,14,7,,,0,0,,,0,0,0.0,0.0,14,7,,,0,0,0.8571428571428571,12.0,14,7,,,0,0,,,0,0,,,0,0,,,0,0,,,0,0,,,0,0,1.0,14.0,14,7,,,0,0,,,0,0,,,0,0,0.0,0.0,14,7,,,0,0,,,0,0,,,0,0,,,0,0,,,0,0,FULL_COHORT,METRIC,,,,,,,,,,,,
NEW7,A,0,C_NO_H,FORCED_ON,evaluation,cross_family_confirmation,EDIT_TARGET,320,False,micro,14,7,7,UNKNOWN,0.8571428571428571,12.0,14,7,,,0,0,0.8571428571428571,12.0,14,7,0.42857142857142855,6.0,14,7,,,0,0,,,0,0,0.75,6.0,8,4,1.0,8.0,8,4,1.0,14.0,14,7,0.8571428571428571,12.0,14,7,,,0,0,,,0,0,0.0,0.0,14,7,,,0,0,0.8571428571428571,12.0,14,7,,,0,0,,,0,0,,,0,0,,,0,0,,,0,0,,,0,0,1.0,14.0,14,7,,,0,0,,,0,0,,,0,0,0.0,0.0,14,7,,,0,0,,,0,0,,,0,0,,,0,0,,,0,0,FULL_COHORT,METRIC,,,,,,,,,,,,
NEW7,A,0,C_NO_H,FORCED_ON,evaluation,source_style_confirmation,EDIT_TARGET,320,False,macro,14,7,7,UNKNOWN,1.0,14.0,14,7,,,0,0,1.0,14.0,14,7,0.5714285714285714,8.0,14,7,,,0,0,,,0,0,1.0,6.0,6,3,1.0,6.0,6,3,1.0,14.0,14,7,1.0,14.0,14,7,,,0,0,,,0,0,0.0,0.0,14,7,,,0,0,1.0,14.0,14,7,,,0,0,,,0,0,,,0,0,,,0,0,,,0,0,,,0,0,1.0,14.0,14,7,,,0,0,,,0,0,,,0,0,0.0,0.0,14,7,,,0,0,,,0,0,,,0,0,,,0,0,,,0,0,FULL_COHORT,METRIC,,,,,,,,,,,,
NEW7,A,0,C_NO_H,FORCED_ON,evaluation,source_style_confirmation,EDIT_TARGET,320,False,micro,14,7,7,UNKNOWN,1.0,14.0,14,7,,,0,0,1.0,14.0,14,7,0.5714285714285714,8.0,14,7,,,0,0,,,0,0,1.0,6.0,6,3,1.0,6.0,6,3,1.0,14.0,14,7,1.0,14.0,14,7,,,0,0,,,0,0,0.0,0.0,14,7,,,0,0,1.0,14.0,14,7,,,0,0,,,0,0,,,0,0,,,0,0,,,0,0,,,0,0,1.0,14.0,14,7,,,0,0,,,0,0,,,0,0,0.0,0.0,14,7,,,0,0,,,0,0,,,0,0,,,0,0,,,0,0,FULL_COHORT,METRIC,,,,,,,,,,,,
NEW7,A,0,C_NO_H,FORCED_ON,fit,H,STRICT_BASE,320,False,macro,7,7,2,UNKNOWN,0.0,0.0,7,7,,,0,0,0.0,0.0,7,7,1.0,7.0,7,7,1.0,7.0,7,7,0.0,0.0,7,7,,,0,0,,,0,0,1.0,7.0,7,7,0.0,0.0,7,7,1.0,7.0,7,7,1.0,7.0,7,7,0.0,0.0,7,7,,,0,0,0.0,0.0,7,7,,,0,0,,,0,0,,,0,0,,,0,0,,,0,0,,,0,0,1.0,7.0,7,7,,,0,0,1.0,7.0,7,7,1.0,7.0,7,7,,,0,0,,,0,0,,,0,0,,,0,0,,,0,0,,,0,0,FULL_COHORT,METRIC,,,,,,,,,,,,
NEW7,A,0,C_NO_H,FORCED_ON,fit,H,STRICT_BASE,320,False,micro,7,7,2,UNKNOWN,0.0,0.0,7,7,,,0,0,0.0,0.0,7,7,1.0,7.0,7,7,1.0,7.0,7,7,0.0,0.0,7,7,,,0,0,,,0,0,1.0,7.0,7,7,0.0,0.0,7,7,1.0,7.0,7,7,1.0,7.0,7,7,0.0,0.0,7,7,,,0,0,0.0,0.0,7,7,,,0,0,,,0,0,,,0,0,,,0,0,,,0,0,,,0,0,1.0,7.0,7,7,,,0,0,1.0,7.0,7,7,1.0,7.0,7,7,,,0,0,,,0,0,,,0,0,,,0,0,,,0,0,,,0,0,FULL_COHORT,METRIC,,,,,,,,,,,,
NEW7,A,0,C_NO_H,FORCED_ON,fit,U,STRICT_BASE,320,False,macro,7,7,1,UNKNOWN,1.0,7.0,7,7,,,0,0,1.0,7.0,7,7,1.0,7.0,7,7,0.0,0.0,7,7,1.0,7.0,7,7,,,0,0,,,0,0,1.0,7.0,7,7,1.0,7.0,7,7,1.0,7.0,7,7,0.0,0.0,7,7,0.5714285714285714,4.0,7,7,,,0,0,1.0,7.0,7,7,,,0,0,,,0,0,,,0,0,,,0,0,,,0,0,,,0,0,1.0,7.0,7,7,,,0,0,0.0,0.0,7,7,0.0,0.0,7,7,,,0,0,,,0,0,,,0,0,,,0,0,,,0,0,,,0,0,FULL_COHORT,METRIC,,,,,,,,,,,,
NEW7,A,0,C_NO_H,FORCED_ON,fit,U,STRICT_BASE,320,False,micro,7,7,1,UNKNOWN,1.0,7.0,7,7,,,0,0,1.0,7.0,7,7,1.0,7.0,7,7,0.0,0.0,7,7,1.0,7.0,7,7,,,0,0,,,0,0,1.0,7.0,7,7,1.0,7.0,7,7,1.0,7.0,7,7,0.0,0.0,7,7,0.5714285714285714,4.0,7,7,,,0,0,1.0,7.0,7,7,,,0,0,,,0,0,,,0,0,,,0,0,,,0,0,,,0,0,1.0,7.0,7,7,,,0,0,0.0,0.0,7,7,0.0,0.0,7,7,,,0,0,,,0,0,,,0,0,,,0,0,,,0,0,,,0,0,FULL_COHORT,METRIC,,,,,,,,,,,,
NEW7,A,0,C_NO_H,FORCED_ON,fit,positive,EDIT_TARGET,320,False,macro,28,7,7,UNKNOWN,0.9642857142857143,27.0,28,7,,,0,0,0.9642857142857143,27.0,28,7,0.35714285714285715,10.0,28,7,,,0,0,,,0,0,0.9583333333333334,17.0,18,6,1.0,18.0,18,6,1.0,28.0,28,7,0.9642857142857143,27.0,28,7,,,0,0,,,0,0,0.0,0.0,28,7,,,0,0,0.9642857142857143,27.0,28,7,,,0,0,,,0,0,,,0,0,,,0,0,,,0,0,,,0,0,1.0,28.0,28,7,,,0,0,,,0,0,,,0,0,0.0,0.0,28,7,,,0,0,,,0,0,,,0,0,,,0,0,,,0,0,FULL_COHORT,METRIC,,,,,,,,,,,,
NEW7,A,0,C_NO_H,FORCED_ON,fit,positive,EDIT_TARGET,320,False,micro,28,7,7,UNKNOWN,0.9642857142857143,27.0,28,7,,,0,0,0.9642857142857143,27.0,28,7,0.35714285714285715,10.0,28,7,,,0,0,,,0,0,0.9444444444444444,17.0,18,6,1.0,18.0,18,6,1.0,28.0,28,7,0.9642857142857143,27.0,28,7,,,0,0,,,0,0,0.0,0.0,28,7,,,0,0,0.9642857142857143,27.0,28,7,,,0,0,,,0,0,,,0,0,,,0,0,,,0,0,,,0,0,1.0,28.0,28,7,,,0,0,,,0,0,,,0,0,0.0,0.0,28,7,,,0,0,,,0,0,,,0,0,,,0,0,,,0,0,FULL_COHORT,METRIC,,,,,,,,,,,,
NEW7,A,0,C_NO_H,FORCED_ON,native,T0,EDIT_TARGET,320,False,macro,7,7,7,UNKNOWN,0.8571428571428571,6.0,7,7,0.8571428571428571,6.0,7,7,0.8571428571428571,6.0,7,7,0.0,0.0,7,7,,,0,0,,,0,0,0.8571428571428571,6.0,7,7,1.0,7.0,7,7,1.0,7.0,7,7,0.8571428571428571,6.0,7,7,,,0,0,,,0,0,0.0,0.0,7,7,,,0,0,0.8571428571428571,6.0,7,7,,,0,0,,,0,0,,,0,0,,,0,0,,,0,0,,,0,0,1.0,7.0,7,7,,,0,0,,,0,0,,,0,0,0.0,0.0,7,7,,,0,0,,,0,0,,,0,0,,,0,0,,,0,0,FULL_COHORT,METRIC,,,,,,,,,,,,
NEW7,A,0,C_NO_H,FORCED_ON,native,T0,EDIT_TARGET,320,False,micro,7,7,7,UNKNOWN,0.8571428571428571,6.0,7,7,0.8571428571428571,6.0,7,7,0.8571428571428571,6.0,7,7,0.0,0.0,7,7,,,0,0,,,0,0,0.8571428571428571,6.0,7,7,1.0,7.0,7,7,1.0,7.0,7,7,0.8571428571428571,6.0,7,7,,,0,0,,,0,0,0.0,0.0,7,7,,,0,0,0.8571428571428571,6.0,7,7,,,0,0,,,0,0,,,0,0,,,0,0,,,0,0,,,0,0,1.0,7.0,7,7,,,0,0,,,0,0,,,0,0,0.0,0.0,7,7,,,0,0,,,0,0,,,0,0,,,0,0,,,0,0,FULL_COHORT,METRIC,,,,,,,,,,,,
NEW7,A,0,BASE,BASE,challenge,challenge,STRICT_BASE,320,False,macro,12,4,3,UNKNOWN,0.3333333333333333,4.0,12,4,,,0,0,0.3333333333333333,4.0,12,4,0.3333333333333333,4.0,12,4,0.0,0.0,4,4,1.0,4.0,4,4,0.0,0.0,8,4,0.0,0.0,8,4,0.0,0.0,12,4,0.0,0.0,12,4,0.0,0.0,12,4,0.0,0.0,4,4,1.0,12.0,12,4,,,0,0,0.75,9.0,12,4,,,0,0,,,0,0,,,0,0,,,0,0,,,0,0,,,0,0,1.0,12.0,12,4,,,0,0,,,0,0,,,0,0,,,0,0,,,0,0,,,0,0,,,0,0,,,0,0,,,0,0,COMMON_SUPPORTED,METRIC,,,,,,,,,,,,
NEW7,A,0,BASE,BASE,challenge,challenge,STRICT_BASE,320,False,micro,12,4,3,UNKNOWN,0.3333333333333333,4.0,12,4,,,0,0,0.3333333333333333,4.0,12,4,0.3333333333333333,4.0,12,4,0.0,0.0,4,4,1.0,4.0,4,4,0.0,0.0,8,4,0.0,0.0,8,4,0.0,0.0,12,4,0.0,0.0,12,4,0.0,0.0,12,4,0.0,0.0,4,4,1.0,12.0,12,4,,,0,0,0.75,9.0,12,4,,,0,0,,,0,0,,,0,0,,,0,0,,,0,0,,,0,0,1.0,12.0,12,4,,,0,0,,,0,0,,,0,0,,,0,0,,,0,0,,,0,0,,,0,0,,,0,0,,,0,0,COMMON_SUPPORTED,METRIC,,,,,,,,,,,,
NEW7,A,0,BASE,BASE,evaluation,H,STRICT_BASE,320,False,macro,9,7,3,UNKNOWN,0.6428571428571429,5.0,9,7,,,0,0,0.6428571428571429,5.0,9,7,0.6428571428571429,5.0,9,7,0.0,0.0,5,5,1.0,5.0,5,5,0.0,0.0,4,3,0.0,0.0,4,3,0.0,0.0,9,7,0.0,0.0,9,7,0.0,0.0,9,7,0.0,0.0,5,5,1.0,9.0,9,7,,,0,0,0.8571428571428571,7.0,9,7,,,0,0,,,0,0,,,0,0,,,0,0,,,0,0,,,0,0,1.0,9.0,9,7,,,0,0,,,0,0,,,0,0,,,0,0,,,0,0,,,0,0,,,0,0,,,0,0,,,0,0,COMMON_SUPPORTED,METRIC,,,,,,,,,,,,
NEW7,A,0,BASE,BASE,evaluation,H,STRICT_BASE,320,False,micro,9,7,3,UNKNOWN,0.5555555555555556,5.0,9,7,,,0,0,0.5555555555555556,5.0,9,7,0.5555555555555556,5.0,9,7,0.0,0.0,5,5,1.0,5.0,5,5,0.0,0.0,4,3,0.0,0.0,4,3,0.0,0.0,9,7,0.0,0.0,9,7,0.0,0.0,9,7,0.0,0.0,5,5,1.0,9.0,9,7,,,0,0,0.7777777777777778,7.0,9,7,,,0,0,,,0,0,,,0,0,,,0,0,,,0,0,,,0,0,1.0,9.0,9,7,,,0,0,,,0,0,,,0,0,,,0,0,,,0,0,,,0,0,,,0,0,,,0,0,,,0,0,COMMON_SUPPORTED,METRIC,,,,,,,,,,,,
NEW7,A,0,BASE,BASE,evaluation,U,STRICT_BASE,320,False,macro,28,7,2,UNKNOWN,0.8452380952380952,22.0,28,7,,,0,0,0.8452380952380952,22.0,28,7,0.8452380952380952,22.0,28,7,0.0,0.0,22,7,1.0,22.0,22,7,0.0,0.0,6,6,0.0,0.0,6,6,0.0,0.0,28,7,0.0,0.0,28,7,0.0,0.0,28,7,0.0,0.0,22,7,1.0,28.0,28,7,,,0,0,0.8333333333333333,22.0,28,7,,,0,0,,,0,0,,,0,0,,,0,0,,,0,0,,,0,0,1.0,28.0,28,7,,,0,0,,,0,0,,,0,0,,,0,0,,,0,0,,,0,0,,,0,0,,,0,0,,,0,0,COMMON_SUPPORTED,METRIC,,,,,,,,,,,,
NEW7,A,0,BASE,BASE,evaluation,U,STRICT_BASE,320,False,micro,28,7,2,UNKNOWN,0.7857142857142857,22.0,28,7,,,0,0,0.7857142857142857,22.0,28,7,0.7857142857142857,22.0,28,7,0.0,0.0,22,7,1.0,22.0,22,7,0.0,0.0,6,6,0.0,0.0,6,6,0.0,0.0,28,7,0.0,0.0,28,7,0.0,0.0,28,7,0.0,0.0,22,7,1.0,28.0,28,7,,,0,0,0.7857142857142857,22.0,28,7,,,0,0,,,0,0,,,0,0,,,0,0,,,0,0,,,0,0,1.0,28.0,28,7,,,0,0,,,0,0,,,0,0,,,0,0,,,0,0,,,0,0,,,0,0,,,0,0,,,0,0,COMMON_SUPPORTED,METRIC,,,,,,,,,,,,
NEW7,A,0,BASE,BASE,evaluation,cross_family_confirmation,EDIT_TARGET,320,False,macro,14,7,7,UNKNOWN,0.42857142857142855,6.0,14,7,,,0,0,0.42857142857142855,6.0,14,7,0.42857142857142855,6.0,14,7,,,0,0,,,0,0,0.0,0.0,8,4,0.0,0.0,8,4,0.0,0.0,14,7,0.0,0.0,14,7,,,0,0,,,0,0,1.0,14.0,14,7,,,0,0,0.8571428571428571,12.0,14,7,,,0,0,,,0,0,,,0,0,,,0,0,,,0,0,,,0,0,1.0,14.0,14,7,,,0,0,,,0,0,,,0,0,0.5714285714285714,8.0,14,7,,,0,0,,,0,0,,,0,0,,,0,0,,,0,0,COMMON_SUPPORTED,METRIC,,,,,,,,,,,,
NEW7,A,0,BASE,BASE,evaluation,cross_family_confirmation,EDIT_TARGET,320,False,micro,14,7,7,UNKNOWN,0.42857142857142855,6.0,14,7,,,0,0,0.42857142857142855,6.0,14,7,0.42857142857142855,6.0,14,7,,,0,0,,,0,0,0.0,0.0,8,4,0.0,0.0,8,4,0.0,0.0,14,7,0.0,0.0,14,7,,,0,0,,,0,0,1.0,14.0,14,7,,,0,0,0.8571428571428571,12.0,14,7,,,0,0,,,0,0,,,0,0,,,0,0,,,0,0,,,0,0,1.0,14.0,14,7,,,0,0,,,0,0,,,0,0,0.5714285714285714,8.0,14,7,,,0,0,,,0,0,,,0,0,,,0,0,,,0,0,COMMON_SUPPORTED,METRIC,,,,,,,,,,,,
NEW7,A,0,BASE,BASE,evaluation,source_style_confirmation,EDIT_TARGET,320,False,macro,14,7,7,UNKNOWN,0.5714285714285714,8.0,14,7,,,0,0,0.5714285714285714,8.0,14,7,0.5714285714285714,8.0,14,7,,,0,0,,,0,0,0.0,0.0,6,3,0.0,0.0,6,3,0.0,0.0,14,7,0.0,0.0,14,7,,,0,0,,,0,0,1.0,14.0,14,7,,,0,0,1.0,14.0,14,7,,,0,0,,,0,0,,,0,0,,,0,0,,,0,0,,,0,0,1.0,14.0,14,7,,,0,0,,,0,0,,,0,0,0.42857142857142855,6.0,14,7,,,0,0,,,0,0,,,0,0,,,0,0,,,0,0,COMMON_SUPPORTED,METRIC,,,,,,,,,,,,
NEW7,A,0,BASE,BASE,evaluation,source_style_confirmation,EDIT_TARGET,320,False,micro,14,7,7,UNKNOWN,0.5714285714285714,8.0,14,7,,,0,0,0.5714285714285714,8.0,14,7,0.5714285714285714,8.0,14,7,,,0,0,,,0,0,0.0,0.0,6,3,0.0,0.0,6,3,0.0,0.0,14,7,0.0,0.0,14,7,,,0,0,,,0,0,1.0,14.0,14,7,,,0,0,1.0,14.0,14,7,,,0,0,,,0,0,,,0,0,,,0,0,,,0,0,,,0,0,1.0,14.0,14,7,,,0,0,,,0,0,,,0,0,0.42857142857142855,6.0,14,7,,,0,0,,,0,0,,,0,0,,,0,0,,,0,0,COMMON_SUPPORTED,METRIC,,,,,,,,,,,,
NEW7,A,0,BASE,BASE,fit,H,STRICT_BASE,320,False,macro,7,7,2,UNKNOWN,1.0,7.0,7,7,,,0,0,1.0,7.0,7,7,1.0,7.0,7,7,0.0,0.0,7,7,1.0,7.0,7,7,,,0,0,,,0,0,0.0,0.0,7,7,0.0,0.0,7,7,0.0,0.0,7,7,0.0,0.0,7,7,1.0,7.0,7,7,,,0,0,1.0,7.0,7,7,,,0,0,,,0,0,,,0,0,,,0,0,,,0,0,,,0,0,1.0,7.0,7,7,,,0,0,,,0,0,,,0,0,,,0,0,,,0,0,,,0,0,,,0,0,,,0,0,,,0,0,COMMON_SUPPORTED,METRIC,,,,,,,,,,,,
NEW7,A,0,BASE,BASE,fit,H,STRICT_BASE,320,False,micro,7,7,2,UNKNOWN,1.0,7.0,7,7,,,0,0,1.0,7.0,7,7,1.0,7.0,7,7,0.0,0.0,7,7,1.0,7.0,7,7,,,0,0,,,0,0,0.0,0.0,7,7,0.0,0.0,7,7,0.0,0.0,7,7,0.0,0.0,7,7,1.0,7.0,7,7,,,0,0,1.0,7.0,7,7,,,0,0,,,0,0,,,0,0,,,0,0,,,0,0,,,0,0,1.0,7.0,7,7,,,0,0,,,0,0,,,0,0,,,0,0,,,0,0,,,0,0,,,0,0,,,0,0,,,0,0,COMMON_SUPPORTED,METRIC,,,,,,,,,,,,
NEW7,A,0,BASE,BASE,fit,U,STRICT_BASE,320,False,macro,7,7,1,UNKNOWN,1.0,7.0,7,7,,,0,0,1.0,7.0,7,7,1.0,7.0,7,7,0.0,0.0,7,7,1.0,7.0,7,7,,,0,0,,,0,0,0.0,0.0,7,7,0.0,0.0,7,7,0.0,0.0,7,7,0.0,0.0,7,7,1.0,7.0,7,7,,,0,0,1.0,7.0,7,7,,,0,0,,,0,0,,,0,0,,,0,0,,,0,0,,,0,0,1.0,7.0,7,7,,,0,0,,,0,0,,,0,0,,,0,0,,,0,0,,,0,0,,,0,0,,,0,0,,,0,0,COMMON_SUPPORTED,METRIC,,,,,,,,,,,,
NEW7,A,0,BASE,BASE,fit,U,STRICT_BASE,320,False,micro,7,7,1,UNKNOWN,1.0,7.0,7,7,,,0,0,1.0,7.0,7,7,1.0,7.0,7,7,0.0,0.0,7,7,1.0,7.0,7,7,,,0,0,,,0,0,0.0,0.0,7,7,0.0,0.0,7,7,0.0,0.0,7,7,0.0,0.0,7,7,1.0,7.0,7,7,,,0,0,1.0,7.0,7,7,,,0,0,,,0,0,,,0,0,,,0,0,,,0,0,,,0,0,1.0,7.0,7,7,,,0,0,,,0,0,,,0,0,,,0,0,,,0,0,,,0,0,,,0,0,,,0,0,,,0,0,COMMON_SUPPORTED,METRIC,,,,,,,,,,,,
NEW7,A,0,BASE,BASE,fit,positive,EDIT_TARGET,320,False,macro,28,7,7,UNKNOWN,0.35714285714285715,10.0,28,7,,,0,0,0.35714285714285715,10.0,28,7,0.35714285714285715,10.0,28,7,,,0,0,,,0,0,0.0,0.0,18,6,0.0,0.0,18,6,0.0,0.0,28,7,0.0,0.0,28,7,,,0,0,,,0,0,1.0,28.0,28,7,,,0,0,0.9642857142857143,27.0,28,7,,,0,0,,,0,0,,,0,0,,,0,0,,,0,0,,,0,0,1.0,28.0,28,7,,,0,0,,,0,0,,,0,0,0.6428571428571429,18.0,28,7,,,0,0,,,0,0,,,0,0,,,0,0,,,0,0,COMMON_SUPPORTED,METRIC,,,,,,,,,,,,
NEW7,A,0,BASE,BASE,fit,positive,EDIT_TARGET,320,False,micro,28,7,7,UNKNOWN,0.35714285714285715,10.0,28,7,,,0,0,0.35714285714285715,10.0,28,7,0.35714285714285715,10.0,28,7,,,0,0,,,0,0,0.0,0.0,18,6,0.0,0.0,18,6,0.0,0.0,28,7,0.0,0.0,28,7,,,0,0,,,0,0,1.0,28.0,28,7,,,0,0,0.9642857142857143,27.0,28,7,,,0,0,,,0,0,,,0,0,,,0,0,,,0,0,,,0,0,1.0,28.0,28,7,,,0,0,,,0,0,,,0,0,0.6428571428571429,18.0,28,7,,,0,0,,,0,0,,,0,0,,,0,0,,,0,0,COMMON_SUPPORTED,METRIC,,,,,,,,,,,,
NEW7,A,0,BASE,BASE,native,T0,EDIT_TARGET,320,False,macro,7,7,7,UNKNOWN,0.0,0.0,7,7,0.0,0.0,7,7,0.0,0.0,7,7,0.0,0.0,7,7,,,0,0,,,0,0,0.0,0.0,7,7,0.0,0.0,7,7,0.0,0.0,7,7,0.0,0.0,7,7,,,0,0,,,0,0,1.0,7.0,7,7,,,0,0,0.8571428571428571,6.0,7,7,,,0,0,,,0,0,,,0,0,,,0,0,,,0,0,,,0,0,1.0,7.0,7,7,,,0,0,,,0,0,,,0,0,1.0,7.0,7,7,,,0,0,,,0,0,,,0,0,,,0,0,,,0,0,COMMON_SUPPORTED,METRIC,,,,,,,,,,,,
NEW7,A,0,BASE,BASE,native,T0,EDIT_TARGET,320,False,micro,7,7,7,UNKNOWN,0.0,0.0,7,7,0.0,0.0,7,7,0.0,0.0,7,7,0.0,0.0,7,7,,,0,0,,,0,0,0.0,0.0,7,7,0.0,0.0,7,7,0.0,0.0,7,7,0.0,0.0,7,7,,,0,0,,,0,0,1.0,7.0,7,7,,,0,0,0.8571428571428571,6.0,7,7,,,0,0,,,0,0,,,0,0,,,0,0,,,0,0,,,0,0,1.0,7.0,7,7,,,0,0,,,0,0,,,0,0,1.0,7.0,7,7,,,0,0,,,0,0,,,0,0,,,0,0,,,0,0,COMMON_SUPPORTED,METRIC,,,,,,,,,,,,
NEW7,A,0,BE,FORCED_ON,challenge,challenge,STRICT_BASE,320,False,macro,12,4,3,UNKNOWN,1.0,12.0,12,4,,,0,0,1.0,12.0,12,4,0.3333333333333333,4.0,12,4,0.0,0.0,4,4,1.0,4.0,4,4,1.0,8.0,8,4,1.0,8.0,8,4,1.0,12.0,12,4,1.0,12.0,12,4,1.0,12.0,12,4,0.0,0.0,4,4,0.0,0.0,12,4,,,0,0,1.0,12.0,12,4,,,0,0,,,0,0,,,0,0,,,0,0,,,0,0,,,0,0,1.0,12.0,12,4,,,0,0,0.0,0.0,4,4,0.0,0.0,12,4,,,0,0,,,0,0,,,0,0,,,0,0,,,0,0,,,0,0,COMMON_SUPPORTED,METRIC,,,,,,,,,,,,
NEW7,A,0,BE,FORCED_ON,challenge,challenge,STRICT_BASE,320,False,micro,12,4,3,UNKNOWN,1.0,12.0,12,4,,,0,0,1.0,12.0,12,4,0.3333333333333333,4.0,12,4,0.0,0.0,4,4,1.0,4.0,4,4,1.0,8.0,8,4,1.0,8.0,8,4,1.0,12.0,12,4,1.0,12.0,12,4,1.0,12.0,12,4,0.0,0.0,4,4,0.0,0.0,12,4,,,0,0,1.0,12.0,12,4,,,0,0,,,0,0,,,0,0,,,0,0,,,0,0,,,0,0,1.0,12.0,12,4,,,0,0,0.0,0.0,4,4,0.0,0.0,12,4,,,0,0,,,0,0,,,0,0,,,0,0,,,0,0,,,0,0,COMMON_SUPPORTED,METRIC,,,,,,,,,,,,
NEW7,A,0,BE,FORCED_ON,evaluation,H,STRICT_BASE,320,False,macro,9,7,3,UNKNOWN,0.0,0.0,9,7,,,0,0,0.0,0.0,9,7,0.6428571428571429,5.0,9,7,1.0,5.0,5,5,0.0,0.0,5,5,0.0,0.0,4,3,1.0,4.0,4,3,1.0,9.0,9,7,0.0,0.0,9,7,1.0,9.0,9,7,1.0,5.0,5,5,0.0,0.0,9,7,,,0,0,0.0,0.0,9,7,,,0,0,,,0,0,,,0,0,,,0,0,,,0,0,,,0,0,1.0,9.0,9,7,,,0,0,1.0,5.0,5,5,1.0,9.0,9,7,,,0,0,,,0,0,,,0,0,,,0,0,,,0,0,,,0,0,COMMON_SUPPORTED,METRIC,,,,,,,,,,,,
NEW7,A,0,BE,FORCED_ON,evaluation,H,STRICT_BASE,320,False,micro,9,7,3,UNKNOWN,0.0,0.0,9,7,,,0,0,0.0,0.0,9,7,0.5555555555555556,5.0,9,7,1.0,5.0,5,5,0.0,0.0,5,5,0.0,0.0,4,3,1.0,4.0,4,3,1.0,9.0,9,7,0.0,0.0,9,7,1.0,9.0,9,7,1.0,5.0,5,5,0.0,0.0,9,7,,,0,0,0.0,0.0,9,7,,,0,0,,,0,0,,,0,0,,,0,0,,,0,0,,,0,0,1.0,9.0,9,7,,,0,0,1.0,5.0,5,5,1.0,9.0,9,7,,,0,0,,,0,0,,,0,0,,,0,0,,,0,0,,,0,0,COMMON_SUPPORTED,METRIC,,,,,,,,,,,,
NEW7,A,0,BE,FORCED_ON,evaluation,U,STRICT_BASE,320,False,macro,28,7,2,UNKNOWN,0.03571428571428571,1.0,28,7,,,0,0,0.03571428571428571,1.0,28,7,0.8452380952380952,22.0,28,7,0.9523809523809523,21.0,22,7,0.047619047619047616,1.0,22,7,0.0,0.0,6,6,1.0,6.0,6,6,1.0,28.0,28,7,0.03571428571428571,1.0,28,7,1.0,28.0,28,7,0.9523809523809523,21.0,22,7,0.0,0.0,28,7,,,0,0,0.03571428571428571,1.0,28,7,,,0,0,,,0,0,,,0,0,,,0,0,,,0,0,,,0,0,0.9047619047619048,26.0,28,7,,,0,0,0.9523809523809523,21.0,22,7,0.9642857142857143,27.0,28,7,,,0,0,,,0,0,,,0,0,,,0,0,,,0,0,,,0,0,COMMON_SUPPORTED,METRIC,,,,,,,,,,,,
NEW7,A,0,BE,FORCED_ON,evaluation,U,STRICT_BASE,320,False,micro,28,7,2,UNKNOWN,0.03571428571428571,1.0,28,7,,,0,0,0.03571428571428571,1.0,28,7,0.7857142857142857,22.0,28,7,0.9545454545454546,21.0,22,7,0.045454545454545456,1.0,22,7,0.0,0.0,6,6,1.0,6.0,6,6,1.0,28.0,28,7,0.03571428571428571,1.0,28,7,1.0,28.0,28,7,0.9545454545454546,21.0,22,7,0.0,0.0,28,7,,,0,0,0.03571428571428571,1.0,28,7,,,0,0,,,0,0,,,0,0,,,0,0,,,0,0,,,0,0,0.9285714285714286,26.0,28,7,,,0,0,0.9545454545454546,21.0,22,7,0.9642857142857143,27.0,28,7,,,0,0,,,0,0,,,0,0,,,0,0,,,0,0,,,0,0,COMMON_SUPPORTED,METRIC,,,,,,,,,,,,
NEW7,A,0,BE,FORCED_ON,evaluation,cross_family_confirmation,EDIT_TARGET,320,False,macro,14,7,7,UNKNOWN,0.8571428571428571,12.0,14,7,,,0,0,0.8571428571428571,12.0,14,7,0.42857142857142855,6.0,14,7,,,0,0,,,0,0,0.75,6.0,8,4,1.0,8.0,8,4,1.0,14.0,14,7,0.8571428571428571,12.0,14,7,,,0,0,,,0,0,0.0,0.0,14,7,,,0,0,0.8571428571428571,12.0,14,7,,,0,0,,,0,0,,,0,0,,,0,0,,,0,0,,,0,0,1.0,14.0,14,7,,,0,0,,,0,0,,,0,0,0.0,0.0,14,7,,,0,0,,,0,0,,,0,0,,,0,0,,,0,0,COMMON_SUPPORTED,METRIC,,,,,,,,,,,,
NEW7,A,0,BE,FORCED_ON,evaluation,cross_family_confirmation,EDIT_TARGET,320,False,micro,14,7,7,UNKNOWN,0.8571428571428571,12.0,14,7,,,0,0,0.8571428571428571,12.0,14,7,0.42857142857142855,6.0,14,7,,,0,0,,,0,0,0.75,6.0,8,4,1.0,8.0,8,4,1.0,14.0,14,7,0.8571428571428571,12.0,14,7,,,0,0,,,0,0,0.0,0.0,14,7,,,0,0,0.8571428571428571,12.0,14,7,,,0,0,,,0,0,,,0,0,,,0,0,,,0,0,,,0,0,1.0,14.0,14,7,,,0,0,,,0,0,,,0,0,0.0,0.0,14,7,,,0,0,,,0,0,,,0,0,,,0,0,,,0,0,COMMON_SUPPORTED,METRIC,,,,,,,,,,,,
NEW7,A,0,BE,FORCED_ON,evaluation,source_style_confirmation,EDIT_TARGET,320,False,macro,14,7,7,UNKNOWN,1.0,14.0,14,7,,,0,0,1.0,14.0,14,7,0.5714285714285714,8.0,14,7,,,0,0,,,0,0,1.0,6.0,6,3,1.0,6.0,6,3,1.0,14.0,14,7,1.0,14.0,14,7,,,0,0,,,0,0,0.0,0.0,14,7,,,0,0,1.0,14.0,14,7,,,0,0,,,0,0,,,0,0,,,0,0,,,0,0,,,0,0,1.0,14.0,14,7,,,0,0,,,0,0,,,0,0,0.0,0.0,14,7,,,0,0,,,0,0,,,0,0,,,0,0,,,0,0,COMMON_SUPPORTED,METRIC,,,,,,,,,,,,
NEW7,A,0,BE,FORCED_ON,evaluation,source_style_confirmation,EDIT_TARGET,320,False,micro,14,7,7,UNKNOWN,1.0,14.0,14,7,,,0,0,1.0,14.0,14,7,0.5714285714285714,8.0,14,7,,,0,0,,,0,0,1.0,6.0,6,3,1.0,6.0,6,3,1.0,14.0,14,7,1.0,14.0,14,7,,,0,0,,,0,0,0.0,0.0,14,7,,,0,0,1.0,14.0,14,7,,,0,0,,,0,0,,,0,0,,,0,0,,,0,0,,,0,0,1.0,14.0,14,7,,,0,0,,,0,0,,,0,0,0.0,0.0,14,7,,,0,0,,,0,0,,,0,0,,,0,0,,,0,0,COMMON_SUPPORTED,METRIC,,,,,,,,,,,,
NEW7,A,0,BE,FORCED_ON,fit,H,STRICT_BASE,320,False,macro,7,7,2,UNKNOWN,0.0,0.0,7,7,,,0,0,0.0,0.0,7,7,1.0,7.0,7,7,1.0,7.0,7,7,0.0,0.0,7,7,,,0,0,,,0,0,1.0,7.0,7,7,0.0,0.0,7,7,1.0,7.0,7,7,1.0,7.0,7,7,0.0,0.0,7,7,,,0,0,0.0,0.0,7,7,,,0,0,,,0,0,,,0,0,,,0,0,,,0,0,,,0,0,1.0,7.0,7,7,,,0,0,1.0,7.0,7,7,1.0,7.0,7,7,,,0,0,,,0,0,,,0,0,,,0,0,,,0,0,,,0,0,COMMON_SUPPORTED,METRIC,,,,,,,,,,,,
NEW7,A,0,BE,FORCED_ON,fit,H,STRICT_BASE,320,False,micro,7,7,2,UNKNOWN,0.0,0.0,7,7,,,0,0,0.0,0.0,7,7,1.0,7.0,7,7,1.0,7.0,7,7,0.0,0.0,7,7,,,0,0,,,0,0,1.0,7.0,7,7,0.0,0.0,7,7,1.0,7.0,7,7,1.0,7.0,7,7,0.0,0.0,7,7,,,0,0,0.0,0.0,7,7,,,0,0,,,0,0,,,0,0,,,0,0,,,0,0,,,0,0,1.0,7.0,7,7,,,0,0,1.0,7.0,7,7,1.0,7.0,7,7,,,0,0,,,0,0,,,0,0,,,0,0,,,0,0,,,0,0,COMMON_SUPPORTED,METRIC,,,,,,,,,,,,
NEW7,A,0,BE,FORCED_ON,fit,U,STRICT_BASE,320,False,macro,7,7,1,UNKNOWN,0.0,0.0,7,7,,,0,0,0.0,0.0,7,7,1.0,7.0,7,7,1.0,7.0,7,7,0.0,0.0,7,7,,,0,0,,,0,0,1.0,7.0,7,7,0.0,0.0,7,7,1.0,7.0,7,7,1.0,7.0,7,7,0.0,0.0,7,7,,,0,0,0.0,0.0,7,7,,,0,0,,,0,0,,,0,0,,,0,0,,,0,0,,,0,0,0.8571428571428571,6.0,7,7,,,0,0,1.0,7.0,7,7,1.0,7.0,7,7,,,0,0,,,0,0,,,0,0,,,0,0,,,0,0,,,0,0,COMMON_SUPPORTED,METRIC,,,,,,,,,,,,
NEW7,A,0,BE,FORCED_ON,fit,U,STRICT_BASE,320,False,micro,7,7,1,UNKNOWN,0.0,0.0,7,7,,,0,0,0.0,0.0,7,7,1.0,7.0,7,7,1.0,7.0,7,7,0.0,0.0,7,7,,,0,0,,,0,0,1.0,7.0,7,7,0.0,0.0,7,7,1.0,7.0,7,7,1.0,7.0,7,7,0.0,0.0,7,7,,,0,0,0.0,0.0,7,7,,,0,0,,,0,0,,,0,0,,,0,0,,,0,0,,,0,0,0.8571428571428571,6.0,7,7,,,0,0,1.0,7.0,7,7,1.0,7.0,7,7,,,0,0,,,0,0,,,0,0,,,0,0,,,0,0,,,0,0,COMMON_SUPPORTED,METRIC,,,,,,,,,,,,
NEW7,A,0,BE,FORCED_ON,fit,positive,EDIT_TARGET,320,False,macro,28,7,7,UNKNOWN,0.9642857142857143,27.0,28,7,,,0,0,0.9642857142857143,27.0,28,7,0.35714285714285715,10.0,28,7,,,0,0,,,0,0,0.9583333333333334,17.0,18,6,1.0,18.0,18,6,1.0,28.0,28,7,0.9642857142857143,27.0,28,7,,,0,0,,,0,0,0.0,0.0,28,7,,,0,0,0.9642857142857143,27.0,28,7,,,0,0,,,0,0,,,0,0,,,0,0,,,0,0,,,0,0,1.0,28.0,28,7,,,0,0,,,0,0,,,0,0,0.0,0.0,28,7,,,0,0,,,0,0,,,0,0,,,0,0,,,0,0,COMMON_SUPPORTED,METRIC,,,,,,,,,,,,
NEW7,A,0,BE,FORCED_ON,fit,positive,EDIT_TARGET,320,False,micro,28,7,7,UNKNOWN,0.9642857142857143,27.0,28,7,,,0,0,0.9642857142857143,27.0,28,7,0.35714285714285715,10.0,28,7,,,0,0,,,0,0,0.9444444444444444,17.0,18,6,1.0,18.0,18,6,1.0,28.0,28,7,0.9642857142857143,27.0,28,7,,,0,0,,,0,0,0.0,0.0,28,7,,,0,0,0.9642857142857143,27.0,28,7,,,0,0,,,0,0,,,0,0,,,0,0,,,0,0,,,0,0,1.0,28.0,28,7,,,0,0,,,0,0,,,0,0,0.0,0.0,28,7,,,0,0,,,0,0,,,0,0,,,0,0,,,0,0,COMMON_SUPPORTED,METRIC,,,,,,,,,,,,
NEW7,A,0,BE,FORCED_ON,native,T0,EDIT_TARGET,320,False,macro,7,7,7,UNKNOWN,0.8571428571428571,6.0,7,7,0.8571428571428571,6.0,7,7,0.8571428571428571,6.0,7,7,0.0,0.0,7,7,,,0,0,,,0,0,0.8571428571428571,6.0,7,7,1.0,7.0,7,7,1.0,7.0,7,7,0.8571428571428571,6.0,7,7,,,0,0,,,0,0,0.0,0.0,7,7,,,0,0,0.8571428571428571,6.0,7,7,,,0,0,,,0,0,,,0,0,,,0,0,,,0,0,,,0,0,1.0,7.0,7,7,,,0,0,,,0,0,,,0,0,0.0,0.0,7,7,,,0,0,,,0,0,,,0,0,,,0,0,,,0,0,COMMON_SUPPORTED,METRIC,,,,,,,,,,,,
NEW7,A,0,BE,FORCED_ON,native,T0,EDIT_TARGET,320,False,micro,7,7,7,UNKNOWN,0.8571428571428571,6.0,7,7,0.8571428571428571,6.0,7,7,0.8571428571428571,6.0,7,7,0.0,0.0,7,7,,,0,0,,,0,0,0.8571428571428571,6.0,7,7,1.0,7.0,7,7,1.0,7.0,7,7,0.8571428571428571,6.0,7,7,,,0,0,,,0,0,0.0,0.0,7,7,,,0,0,0.8571428571428571,6.0,7,7,,,0,0,,,0,0,,,0,0,,,0,0,,,0,0,,,0,0,1.0,7.0,7,7,,,0,0,,,0,0,,,0,0,0.0,0.0,7,7,,,0,0,,,0,0,,,0,0,,,0,0,,,0,0,COMMON_SUPPORTED,METRIC,,,,,,,,,,,,
NEW7,A,0,C_EXTRA_QA,FORCED_ON,challenge,challenge,STRICT_BASE,320,False,macro,12,4,3,UNKNOWN,1.0,12.0,12,4,,,0,0,1.0,12.0,12,4,0.3333333333333333,4.0,12,4,0.0,0.0,4,4,1.0,4.0,4,4,1.0,8.0,8,4,1.0,8.0,8,4,1.0,12.0,12,4,1.0,12.0,12,4,1.0,12.0,12,4,0.0,0.0,4,4,0.0,0.0,12,4,,,0,0,1.0,12.0,12,4,,,0,0,,,0,0,,,0,0,,,0,0,,,0,0,,,0,0,1.0,12.0,12,4,,,0,0,0.0,0.0,4,4,0.0,0.0,12,4,,,0,0,,,0,0,,,0,0,,,0,0,,,0,0,,,0,0,COMMON_SUPPORTED,METRIC,,,,,,,,,,,,
NEW7,A,0,C_EXTRA_QA,FORCED_ON,challenge,challenge,STRICT_BASE,320,False,micro,12,4,3,UNKNOWN,1.0,12.0,12,4,,,0,0,1.0,12.0,12,4,0.3333333333333333,4.0,12,4,0.0,0.0,4,4,1.0,4.0,4,4,1.0,8.0,8,4,1.0,8.0,8,4,1.0,12.0,12,4,1.0,12.0,12,4,1.0,12.0,12,4,0.0,0.0,4,4,0.0,0.0,12,4,,,0,0,1.0,12.0,12,4,,,0,0,,,0,0,,,0,0,,,0,0,,,0,0,,,0,0,1.0,12.0,12,4,,,0,0,0.0,0.0,4,4,0.0,0.0,12,4,,,0,0,,,0,0,,,0,0,,,0,0,,,0,0,,,0,0,COMMON_SUPPORTED,METRIC,,,,,,,,,,,,
NEW7,A,0,C_EXTRA_QA,FORCED_ON,evaluation,H,STRICT_BASE,320,False,macro,9,7,3,UNKNOWN,0.0,0.0,9,7,,,0,0,0.0,0.0,9,7,0.6428571428571429,5.0,9,7,1.0,5.0,5,5,0.0,0.0,5,5,0.0,0.0,4,3,1.0,4.0,4,3,1.0,9.0,9,7,0.0,0.0,9,7,1.0,9.0,9,7,1.0,5.0,5,5,0.0,0.0,9,7,,,0,0,0.0,0.0,9,7,,,0,0,,,0,0,,,0,0,,,0,0,,,0,0,,,0,0,1.0,9.0,9,7,,,0,0,1.0,5.0,5,5,1.0,9.0,9,7,,,0,0,,,0,0,,,0,0,,,0,0,,,0,0,,,0,0,COMMON_SUPPORTED,METRIC,,,,,,,,,,,,
NEW7,A,0,C_EXTRA_QA,FORCED_ON,evaluation,H,STRICT_BASE,320,False,micro,9,7,3,UNKNOWN,0.0,0.0,9,7,,,0,0,0.0,0.0,9,7,0.5555555555555556,5.0,9,7,1.0,5.0,5,5,0.0,0.0,5,5,0.0,0.0,4,3,1.0,4.0,4,3,1.0,9.0,9,7,0.0,0.0,9,7,1.0,9.0,9,7,1.0,5.0,5,5,0.0,0.0,9,7,,,0,0,0.0,0.0,9,7,,,0,0,,,0,0,,,0,0,,,0,0,,,0,0,,,0,0,1.0,9.0,9,7,,,0,0,1.0,5.0,5,5,1.0,9.0,9,7,,,0,0,,,0,0,,,0,0,,,0,0,,,0,0,,,0,0,COMMON_SUPPORTED,METRIC,,,,,,,,,,,,
NEW7,A,0,C_EXTRA_QA,FORCED_ON,evaluation,U,STRICT_BASE,320,False,macro,28,7,2,UNKNOWN,0.7261904761904762,17.0,28,7,,,0,0,0.7261904761904762,17.0,28,7,0.8452380952380952,22.0,28,7,0.16666666666666666,5.0,22,7,0.8333333333333334,17.0,22,7,0.0,0.0,6,6,1.0,6.0,6,6,1.0,28.0,28,7,0.7261904761904762,17.0,28,7,1.0,28.0,28,7,0.16666666666666666,5.0,22,7,0.07142857142857142,3.0,28,7,,,0,0,0.7261904761904762,17.0,28,7,,,0,0,,,0,0,,,0,0,,,0,0,,,0,0,,,0,0,1.0,28.0,28,7,,,0,0,0.16666666666666666,5.0,22,7,0.2738095238095238,11.0,28,7,,,0,0,,,0,0,,,0,0,,,0,0,,,0,0,,,0,0,COMMON_SUPPORTED,METRIC,,,,,,,,,,,,
NEW7,A,0,C_EXTRA_QA,FORCED_ON,evaluation,U,STRICT_BASE,320,False,micro,28,7,2,UNKNOWN,0.6071428571428571,17.0,28,7,,,0,0,0.6071428571428571,17.0,28,7,0.7857142857142857,22.0,28,7,0.22727272727272727,5.0,22,7,0.7727272727272727,17.0,22,7,0.0,0.0,6,6,1.0,6.0,6,6,1.0,28.0,28,7,0.6071428571428571,17.0,28,7,1.0,28.0,28,7,0.22727272727272727,5.0,22,7,0.10714285714285714,3.0,28,7,,,0,0,0.6071428571428571,17.0,28,7,,,0,0,,,0,0,,,0,0,,,0,0,,,0,0,,,0,0,1.0,28.0,28,7,,,0,0,0.22727272727272727,5.0,22,7,0.39285714285714285,11.0,28,7,,,0,0,,,0,0,,,0,0,,,0,0,,,0,0,,,0,0,COMMON_SUPPORTED,METRIC,,,,,,,,,,,,
NEW7,A,0,C_EXTRA_QA,FORCED_ON,evaluation,cross_family_confirmation,EDIT_TARGET,320,False,macro,14,7,7,UNKNOWN,0.8571428571428571,12.0,14,7,,,0,0,0.8571428571428571,12.0,14,7,0.42857142857142855,6.0,14,7,,,0,0,,,0,0,0.75,6.0,8,4,1.0,8.0,8,4,1.0,14.0,14,7,0.8571428571428571,12.0,14,7,,,0,0,,,0,0,0.0,0.0,14,7,,,0,0,0.8571428571428571,12.0,14,7,,,0,0,,,0,0,,,0,0,,,0,0,,,0,0,,,0,0,1.0,14.0,14,7,,,0,0,,,0,0,,,0,0,0.0,0.0,14,7,,,0,0,,,0,0,,,0,0,,,0,0,,,0,0,COMMON_SUPPORTED,METRIC,,,,,,,,,,,,
NEW7,A,0,C_EXTRA_QA,FORCED_ON,evaluation,cross_family_confirmation,EDIT_TARGET,320,False,micro,14,7,7,UNKNOWN,0.8571428571428571,12.0,14,7,,,0,0,0.8571428571428571,12.0,14,7,0.42857142857142855,6.0,14,7,,,0,0,,,0,0,0.75,6.0,8,4,1.0,8.0,8,4,1.0,14.0,14,7,0.8571428571428571,12.0,14,7,,,0,0,,,0,0,0.0,0.0,14,7,,,0,0,0.8571428571428571,12.0,14,7,,,0,0,,,0,0,,,0,0,,,0,0,,,0,0,,,0,0,1.0,14.0,14,7,,,0,0,,,0,0,,,0,0,0.0,0.0,14,7,,,0,0,,,0,0,,,0,0,,,0,0,,,0,0,COMMON_SUPPORTED,METRIC,,,,,,,,,,,,
NEW7,A,0,C_EXTRA_QA,FORCED_ON,evaluation,source_style_confirmation,EDIT_TARGET,320,False,macro,14,7,7,UNKNOWN,1.0,14.0,14,7,,,0,0,1.0,14.0,14,7,0.5714285714285714,8.0,14,7,,,0,0,,,0,0,1.0,6.0,6,3,1.0,6.0,6,3,1.0,14.0,14,7,1.0,14.0,14,7,,,0,0,,,0,0,0.0,0.0,14,7,,,0,0,1.0,14.0,14,7,,,0,0,,,0,0,,,0,0,,,0,0,,,0,0,,,0,0,1.0,14.0,14,7,,,0,0,,,0,0,,,0,0,0.0,0.0,14,7,,,0,0,,,0,0,,,0,0,,,0,0,,,0,0,COMMON_SUPPORTED,METRIC,,,,,,,,,,,,
NEW7,A,0,C_EXTRA_QA,FORCED_ON,evaluation,source_style_confirmation,EDIT_TARGET,320,False,micro,14,7,7,UNKNOWN,1.0,14.0,14,7,,,0,0,1.0,14.0,14,7,0.5714285714285714,8.0,14,7,,,0,0,,,0,0,1.0,6.0,6,3,1.0,6.0,6,3,1.0,14.0,14,7,1.0,14.0,14,7,,,0,0,,,0,0,0.0,0.0,14,7,,,0,0,1.0,14.0,14,7,,,0,0,,,0,0,,,0,0,,,0,0,,,0,0,,,0,0,1.0,14.0,14,7,,,0,0,,,0,0,,,0,0,0.0,0.0,14,7,,,0,0,,,0,0,,,0,0,,,0,0,,,0,0,COMMON_SUPPORTED,METRIC,,,,,,,,,,,,
NEW7,A,0,C_EXTRA_QA,FORCED_ON,fit,H,STRICT_BASE,320,False,macro,7,7,2,UNKNOWN,0.0,0.0,7,7,,,0,0,0.0,0.0,7,7,1.0,7.0,7,7,1.0,7.0,7,7,0.0,0.0,7,7,,,0,0,,,0,0,1.0,7.0,7,7,0.0,0.0,7,7,1.0,7.0,7,7,1.0,7.0,7,7,0.0,0.0,7,7,,,0,0,0.0,0.0,7,7,,,0,0,,,0,0,,,0,0,,,0,0,,,0,0,,,0,0,1.0,7.0,7,7,,,0,0,1.0,7.0,7,7,1.0,7.0,7,7,,,0,0,,,0,0,,,0,0,,,0,0,,,0,0,,,0,0,COMMON_SUPPORTED,METRIC,,,,,,,,,,,,
NEW7,A,0,C_EXTRA_QA,FORCED_ON,fit,H,STRICT_BASE,320,False,micro,7,7,2,UNKNOWN,0.0,0.0,7,7,,,0,0,0.0,0.0,7,7,1.0,7.0,7,7,1.0,7.0,7,7,0.0,0.0,7,7,,,0,0,,,0,0,1.0,7.0,7,7,0.0,0.0,7,7,1.0,7.0,7,7,1.0,7.0,7,7,0.0,0.0,7,7,,,0,0,0.0,0.0,7,7,,,0,0,,,0,0,,,0,0,,,0,0,,,0,0,,,0,0,1.0,7.0,7,7,,,0,0,1.0,7.0,7,7,1.0,7.0,7,7,,,0,0,,,0,0,,,0,0,,,0,0,,,0,0,,,0,0,COMMON_SUPPORTED,METRIC,,,,,,,,,,,,
NEW7,A,0,C_EXTRA_QA,FORCED_ON,fit,U,STRICT_BASE,320,False,macro,7,7,1,UNKNOWN,1.0,7.0,7,7,,,0,0,1.0,7.0,7,7,1.0,7.0,7,7,0.0,0.0,7,7,1.0,7.0,7,7,,,0,0,,,0,0,1.0,7.0,7,7,1.0,7.0,7,7,1.0,7.0,7,7,0.0,0.0,7,7,0.5714285714285714,4.0,7,7,,,0,0,1.0,7.0,7,7,,,0,0,,,0,0,,,0,0,,,0,0,,,0,0,,,0,0,1.0,7.0,7,7,,,0,0,0.0,0.0,7,7,0.0,0.0,7,7,,,0,0,,,0,0,,,0,0,,,0,0,,,0,0,,,0,0,COMMON_SUPPORTED,METRIC,,,,,,,,,,,,
NEW7,A,0,C_EXTRA_QA,FORCED_ON,fit,U,STRICT_BASE,320,False,micro,7,7,1,UNKNOWN,1.0,7.0,7,7,,,0,0,1.0,7.0,7,7,1.0,7.0,7,7,0.0,0.0,7,7,1.0,7.0,7,7,,,0,0,,,0,0,1.0,7.0,7,7,1.0,7.0,7,7,1.0,7.0,7,7,0.0,0.0,7,7,0.5714285714285714,4.0,7,7,,,0,0,1.0,7.0,7,7,,,0,0,,,0,0,,,0,0,,,0,0,,,0,0,,,0,0,1.0,7.0,7,7,,,0,0,0.0,0.0,7,7,0.0,0.0,7,7,,,0,0,,,0,0,,,0,0,,,0,0,,,0,0,,,0,0,COMMON_SUPPORTED,METRIC,,,,,,,,,,,,
NEW7,A,0,C_EXTRA_QA,FORCED_ON,fit,positive,EDIT_TARGET,320,False,macro,28,7,7,UNKNOWN,0.9642857142857143,27.0,28,7,,,0,0,0.9642857142857143,27.0,28,7,0.35714285714285715,10.0,28,7,,,0,0,,,0,0,0.9583333333333334,17.0,18,6,1.0,18.0,18,6,1.0,28.0,28,7,0.9642857142857143,27.0,28,7,,,0,0,,,0,0,0.0,0.0,28,7,,,0,0,0.9642857142857143,27.0,28,7,,,0,0,,,0,0,,,0,0,,,0,0,,,0,0,,,0,0,1.0,28.0,28,7,,,0,0,,,0,0,,,0,0,0.0,0.0,28,7,,,0,0,,,0,0,,,0,0,,,0,0,,,0,0,COMMON_SUPPORTED,METRIC,,,,,,,,,,,,
NEW7,A,0,C_EXTRA_QA,FORCED_ON,fit,positive,EDIT_TARGET,320,False,micro,28,7,7,UNKNOWN,0.9642857142857143,27.0,28,7,,,0,0,0.9642857142857143,27.0,28,7,0.35714285714285715,10.0,28,7,,,0,0,,,0,0,0.9444444444444444,17.0,18,6,1.0,18.0,18,6,1.0,28.0,28,7,0.9642857142857143,27.0,28,7,,,0,0,,,0,0,0.0,0.0,28,7,,,0,0,0.9642857142857143,27.0,28,7,,,0,0,,,0,0,,,0,0,,,0,0,,,0,0,,,0,0,1.0,28.0,28,7,,,0,0,,,0,0,,,0,0,0.0,0.0,28,7,,,0,0,,,0,0,,,0,0,,,0,0,,,0,0,COMMON_SUPPORTED,METRIC,,,,,,,,,,,,
NEW7,A,0,C_EXTRA_QA,FORCED_ON,native,T0,EDIT_TARGET,320,False,macro,7,7,7,UNKNOWN,0.8571428571428571,6.0,7,7,0.8571428571428571,6.0,7,7,0.8571428571428571,6.0,7,7,0.0,0.0,7,7,,,0,0,,,0,0,0.8571428571428571,6.0,7,7,1.0,7.0,7,7,1.0,7.0,7,7,0.8571428571428571,6.0,7,7,,,0,0,,,0,0,0.0,0.0,7,7,,,0,0,0.8571428571428571,6.0,7,7,,,0,0,,,0,0,,,0,0,,,0,0,,,0,0,,,0,0,1.0,7.0,7,7,,,0,0,,,0,0,,,0,0,0.0,0.0,7,7,,,0,0,,,0,0,,,0,0,,,0,0,,,0,0,COMMON_SUPPORTED,METRIC,,,,,,,,,,,,
NEW7,A,0,C_EXTRA_QA,FORCED_ON,native,T0,EDIT_TARGET,320,False,micro,7,7,7,UNKNOWN,0.8571428571428571,6.0,7,7,0.8571428571428571,6.0,7,7,0.8571428571428571,6.0,7,7,0.0,0.0,7,7,,,0,0,,,0,0,0.8571428571428571,6.0,7,7,1.0,7.0,7,7,1.0,7.0,7,7,0.8571428571428571,6.0,7,7,,,0,0,,,0,0,0.0,0.0,7,7,,,0,0,0.8571428571428571,6.0,7,7,,,0,0,,,0,0,,,0,0,,,0,0,,,0,0,,,0,0,1.0,7.0,7,7,,,0,0,,,0,0,,,0,0,0.0,0.0,7,7,,,0,0,,,0,0,,,0,0,,,0,0,,,0,0,COMMON_SUPPORTED,METRIC,,,,,,,,,,,,
NEW7,A,0,C_FACT,FORCED_ON,challenge,challenge,STRICT_BASE,320,False,macro,12,4,3,UNKNOWN,0.75,9.0,12,4,,,0,0,0.75,9.0,12,4,0.3333333333333333,4.0,12,4,0.0,0.0,4,4,1.0,4.0,4,4,0.625,5.0,8,4,1.0,8.0,8,4,1.0,12.0,12,4,0.75,9.0,12,4,1.0,12.0,12,4,0.0,0.0,4,4,0.0,0.0,12,4,,,0,0,0.75,9.0,12,4,,,0,0,,,0,0,,,0,0,,,0,0,,,0,0,,,0,0,1.0,12.0,12,4,,,0,0,0.0,0.0,4,4,0.25,3.0,12,4,,,0,0,,,0,0,,,0,0,,,0,0,,,0,0,,,0,0,COMMON_SUPPORTED,METRIC,,,,,,,,,,,,
NEW7,A,0,C_FACT,FORCED_ON,challenge,challenge,STRICT_BASE,320,False,micro,12,4,3,UNKNOWN,0.75,9.0,12,4,,,0,0,0.75,9.0,12,4,0.3333333333333333,4.0,12,4,0.0,0.0,4,4,1.0,4.0,4,4,0.625,5.0,8,4,1.0,8.0,8,4,1.0,12.0,12,4,0.75,9.0,12,4,1.0,12.0,12,4,0.0,0.0,4,4,0.0,0.0,12,4,,,0,0,0.75,9.0,12,4,,,0,0,,,0,0,,,0,0,,,0,0,,,0,0,,,0,0,1.0,12.0,12,4,,,0,0,0.0,0.0,4,4,0.25,3.0,12,4,,,0,0,,,0,0,,,0,0,,,0,0,,,0,0,,,0,0,COMMON_SUPPORTED,METRIC,,,,,,,,,,,,
NEW7,A,0,C_FACT,FORCED_ON,evaluation,H,STRICT_BASE,320,False,macro,9,7,3,UNKNOWN,0.8571428571428571,7.0,9,7,,,0,0,0.8571428571428571,7.0,9,7,0.6428571428571429,5.0,9,7,0.0,0.0,5,5,1.0,5.0,5,5,0.6666666666666666,2.0,4,3,1.0,4.0,4,3,1.0,9.0,9,7,0.8571428571428571,7.0,9,7,1.0,9.0,9,7,0.0,0.0,5,5,0.0,0.0,9,7,,,0,0,0.8571428571428571,7.0,9,7,,,0,0,,,0,0,,,0,0,,,0,0,,,0,0,,,0,0,1.0,9.0,9,7,,,0,0,0.0,0.0,5,5,0.14285714285714285,2.0,9,7,,,0,0,,,0,0,,,0,0,,,0,0,,,0,0,,,0,0,COMMON_SUPPORTED,METRIC,,,,,,,,,,,,
NEW7,A,0,C_FACT,FORCED_ON,evaluation,H,STRICT_BASE,320,False,micro,9,7,3,UNKNOWN,0.7777777777777778,7.0,9,7,,,0,0,0.7777777777777778,7.0,9,7,0.5555555555555556,5.0,9,7,0.0,0.0,5,5,1.0,5.0,5,5,0.5,2.0,4,3,1.0,4.0,4,3,1.0,9.0,9,7,0.7777777777777778,7.0,9,7,1.0,9.0,9,7,0.0,0.0,5,5,0.0,0.0,9,7,,,0,0,0.7777777777777778,7.0,9,7,,,0,0,,,0,0,,,0,0,,,0,0,,,0,0,,,0,0,1.0,9.0,9,7,,,0,0,0.0,0.0,5,5,0.2222222222222222,2.0,9,7,,,0,0,,,0,0,,,0,0,,,0,0,,,0,0,,,0,0,COMMON_SUPPORTED,METRIC,,,,,,,,,,,,
NEW7,A,0,C_FACT,FORCED_ON,evaluation,U,STRICT_BASE,320,False,macro,28,7,2,UNKNOWN,0.8333333333333333,22.0,28,7,,,0,0,0.8333333333333333,22.0,28,7,0.8452380952380952,22.0,28,7,0.047619047619047616,1.0,22,7,0.9523809523809523,21.0,22,7,0.16666666666666666,1.0,6,6,0.8333333333333334,5.0,6,6,1.0,28.0,28,7,0.8333333333333333,22.0,28,7,1.0,28.0,28,7,0.047619047619047616,1.0,22,7,0.2738095238095238,9.0,28,7,,,0,0,0.8333333333333333,22.0,28,7,,,0,0,,,0,0,,,0,0,,,0,0,,,0,0,,,0,0,1.0,28.0,28,7,,,0,0,0.047619047619047616,1.0,22,7,0.16666666666666666,6.0,28,7,,,0,0,,,0,0,,,0,0,,,0,0,,,0,0,,,0,0,COMMON_SUPPORTED,METRIC,,,,,,,,,,,,
NEW7,A,0,C_FACT,FORCED_ON,evaluation,U,STRICT_BASE,320,False,micro,28,7,2,UNKNOWN,0.7857142857142857,22.0,28,7,,,0,0,0.7857142857142857,22.0,28,7,0.7857142857142857,22.0,28,7,0.045454545454545456,1.0,22,7,0.9545454545454546,21.0,22,7,0.16666666666666666,1.0,6,6,0.8333333333333334,5.0,6,6,1.0,28.0,28,7,0.7857142857142857,22.0,28,7,1.0,28.0,28,7,0.045454545454545456,1.0,22,7,0.32142857142857145,9.0,28,7,,,0,0,0.7857142857142857,22.0,28,7,,,0,0,,,0,0,,,0,0,,,0,0,,,0,0,,,0,0,1.0,28.0,28,7,,,0,0,0.045454545454545456,1.0,22,7,0.21428571428571427,6.0,28,7,,,0,0,,,0,0,,,0,0,,,0,0,,,0,0,,,0,0,COMMON_SUPPORTED,METRIC,,,,,,,,,,,,
NEW7,A,0,C_FACT,FORCED_ON,evaluation,cross_family_confirmation,EDIT_TARGET,320,False,macro,14,7,7,UNKNOWN,0.8571428571428571,12.0,14,7,,,0,0,0.8571428571428571,12.0,14,7,0.42857142857142855,6.0,14,7,,,0,0,,,0,0,0.75,6.0,8,4,1.0,8.0,8,4,1.0,14.0,14,7,0.8571428571428571,12.0,14,7,,,0,0,,,0,0,0.0,0.0,14,7,,,0,0,0.8571428571428571,12.0,14,7,,,0,0,,,0,0,,,0,0,,,0,0,,,0,0,,,0,0,1.0,14.0,14,7,,,0,0,,,0,0,,,0,0,0.0,0.0,14,7,,,0,0,,,0,0,,,0,0,,,0,0,,,0,0,COMMON_SUPPORTED,METRIC,,,,,,,,,,,,
NEW7,A,0,C_FACT,FORCED_ON,evaluation,cross_family_confirmation,EDIT_TARGET,320,False,micro,14,7,7,UNKNOWN,0.8571428571428571,12.0,14,7,,,0,0,0.8571428571428571,12.0,14,7,0.42857142857142855,6.0,14,7,,,0,0,,,0,0,0.75,6.0,8,4,1.0,8.0,8,4,1.0,14.0,14,7,0.8571428571428571,12.0,14,7,,,0,0,,,0,0,0.0,0.0,14,7,,,0,0,0.8571428571428571,12.0,14,7,,,0,0,,,0,0,,,0,0,,,0,0,,,0,0,,,0,0,1.0,14.0,14,7,,,0,0,,,0,0,,,0,0,0.0,0.0,14,7,,,0,0,,,0,0,,,0,0,,,0,0,,,0,0,COMMON_SUPPORTED,METRIC,,,,,,,,,,,,
NEW7,A,0,C_FACT,FORCED_ON,evaluation,source_style_confirmation,EDIT_TARGET,320,False,macro,14,7,7,UNKNOWN,1.0,14.0,14,7,,,0,0,1.0,14.0,14,7,0.5714285714285714,8.0,14,7,,,0,0,,,0,0,1.0,6.0,6,3,1.0,6.0,6,3,1.0,14.0,14,7,1.0,14.0,14,7,,,0,0,,,0,0,0.0,0.0,14,7,,,0,0,1.0,14.0,14,7,,,0,0,,,0,0,,,0,0,,,0,0,,,0,0,,,0,0,1.0,14.0,14,7,,,0,0,,,0,0,,,0,0,0.0,0.0,14,7,,,0,0,,,0,0,,,0,0,,,0,0,,,0,0,COMMON_SUPPORTED,METRIC,,,,,,,,,,,,
NEW7,A,0,C_FACT,FORCED_ON,evaluation,source_style_confirmation,EDIT_TARGET,320,False,micro,14,7,7,UNKNOWN,1.0,14.0,14,7,,,0,0,1.0,14.0,14,7,0.5714285714285714,8.0,14,7,,,0,0,,,0,0,1.0,6.0,6,3,1.0,6.0,6,3,1.0,14.0,14,7,1.0,14.0,14,7,,,0,0,,,0,0,0.0,0.0,14,7,,,0,0,1.0,14.0,14,7,,,0,0,,,0,0,,,0,0,,,0,0,,,0,0,,,0,0,1.0,14.0,14,7,,,0,0,,,0,0,,,0,0,0.0,0.0,14,7,,,0,0,,,0,0,,,0,0,,,0,0,,,0,0,COMMON_SUPPORTED,METRIC,,,,,,,,,,,,
NEW7,A,0,C_FACT,FORCED_ON,fit,H,STRICT_BASE,320,False,macro,7,7,2,UNKNOWN,1.0,7.0,7,7,,,0,0,1.0,7.0,7,7,1.0,7.0,7,7,0.0,0.0,7,7,1.0,7.0,7,7,,,0,0,,,0,0,1.0,7.0,7,7,1.0,7.0,7,7,1.0,7.0,7,7,0.0,0.0,7,7,0.0,0.0,7,7,,,0,0,1.0,7.0,7,7,,,0,0,,,0,0,,,0,0,,,0,0,,,0,0,,,0,0,1.0,7.0,7,7,,,0,0,0.0,0.0,7,7,0.0,0.0,7,7,,,0,0,,,0,0,,,0,0,,,0,0,,,0,0,,,0,0,COMMON_SUPPORTED,METRIC,,,,,,,,,,,,
NEW7,A,0,C_FACT,FORCED_ON,fit,H,STRICT_BASE,320,False,micro,7,7,2,UNKNOWN,1.0,7.0,7,7,,,0,0,1.0,7.0,7,7,1.0,7.0,7,7,0.0,0.0,7,7,1.0,7.0,7,7,,,0,0,,,0,0,1.0,7.0,7,7,1.0,7.0,7,7,1.0,7.0,7,7,0.0,0.0,7,7,0.0,0.0,7,7,,,0,0,1.0,7.0,7,7,,,0,0,,,0,0,,,0,0,,,0,0,,,0,0,,,0,0,1.0,7.0,7,7,,,0,0,0.0,0.0,7,7,0.0,0.0,7,7,,,0,0,,,0,0,,,0,0,,,0,0,,,0,0,,,0,0,COMMON_SUPPORTED,METRIC,,,,,,,,,,,,
NEW7,A,0,C_FACT,FORCED_ON,fit,U,STRICT_BASE,320,False,macro,7,7,1,UNKNOWN,1.0,7.0,7,7,,,0,0,1.0,7.0,7,7,1.0,7.0,7,7,0.0,0.0,7,7,1.0,7.0,7,7,,,0,0,,,0,0,1.0,7.0,7,7,1.0,7.0,7,7,1.0,7.0,7,7,0.0,0.0,7,7,0.7142857142857143,5.0,7,7,,,0,0,1.0,7.0,7,7,,,0,0,,,0,0,,,0,0,,,0,0,,,0,0,,,0,0,1.0,7.0,7,7,,,0,0,0.0,0.0,7,7,0.0,0.0,7,7,,,0,0,,,0,0,,,0,0,,,0,0,,,0,0,,,0,0,COMMON_SUPPORTED,METRIC,,,,,,,,,,,,
NEW7,A,0,C_FACT,FORCED_ON,fit,U,STRICT_BASE,320,False,micro,7,7,1,UNKNOWN,1.0,7.0,7,7,,,0,0,1.0,7.0,7,7,1.0,7.0,7,7,0.0,0.0,7,7,1.0,7.0,7,7,,,0,0,,,0,0,1.0,7.0,7,7,1.0,7.0,7,7,1.0,7.0,7,7,0.0,0.0,7,7,0.7142857142857143,5.0,7,7,,,0,0,1.0,7.0,7,7,,,0,0,,,0,0,,,0,0,,,0,0,,,0,0,,,0,0,1.0,7.0,7,7,,,0,0,0.0,0.0,7,7,0.0,0.0,7,7,,,0,0,,,0,0,,,0,0,,,0,0,,,0,0,,,0,0,COMMON_SUPPORTED,METRIC,,,,,,,,,,,,
NEW7,A,0,C_FACT,FORCED_ON,fit,positive,EDIT_TARGET,320,False,macro,28,7,7,UNKNOWN,0.9642857142857143,27.0,28,7,,,0,0,0.9642857142857143,27.0,28,7,0.35714285714285715,10.0,28,7,,,0,0,,,0,0,0.9583333333333334,17.0,18,6,1.0,18.0,18,6,1.0,28.0,28,7,0.9642857142857143,27.0,28,7,,,0,0,,,0,0,0.0,0.0,28,7,,,0,0,0.9642857142857143,27.0,28,7,,,0,0,,,0,0,,,0,0,,,0,0,,,0,0,,,0,0,1.0,28.0,28,7,,,0,0,,,0,0,,,0,0,0.0,0.0,28,7,,,0,0,,,0,0,,,0,0,,,0,0,,,0,0,COMMON_SUPPORTED,METRIC,,,,,,,,,,,,
NEW7,A,0,C_FACT,FORCED_ON,fit,positive,EDIT_TARGET,320,False,micro,28,7,7,UNKNOWN,0.9642857142857143,27.0,28,7,,,0,0,0.9642857142857143,27.0,28,7,0.35714285714285715,10.0,28,7,,,0,0,,,0,0,0.9444444444444444,17.0,18,6,1.0,18.0,18,6,1.0,28.0,28,7,0.9642857142857143,27.0,28,7,,,0,0,,,0,0,0.0,0.0,28,7,,,0,0,0.9642857142857143,27.0,28,7,,,0,0,,,0,0,,,0,0,,,0,0,,,0,0,,,0,0,1.0,28.0,28,7,,,0,0,,,0,0,,,0,0,0.0,0.0,28,7,,,0,0,,,0,0,,,0,0,,,0,0,,,0,0,COMMON_SUPPORTED,METRIC,,,,,,,,,,,,
NEW7,A,0,C_FACT,FORCED_ON,native,T0,EDIT_TARGET,320,False,macro,7,7,7,UNKNOWN,0.8571428571428571,6.0,7,7,0.8571428571428571,6.0,7,7,0.8571428571428571,6.0,7,7,0.0,0.0,7,7,,,0,0,,,0,0,0.8571428571428571,6.0,7,7,1.0,7.0,7,7,1.0,7.0,7,7,0.8571428571428571,6.0,7,7,,,0,0,,,0,0,0.0,0.0,7,7,,,0,0,0.8571428571428571,6.0,7,7,,,0,0,,,0,0,,,0,0,,,0,0,,,0,0,,,0,0,1.0,7.0,7,7,,,0,0,,,0,0,,,0,0,0.0,0.0,7,7,,,0,0,,,0,0,,,0,0,,,0,0,,,0,0,COMMON_SUPPORTED,METRIC,,,,,,,,,,,,
NEW7,A,0,C_FACT,FORCED_ON,native,T0,EDIT_TARGET,320,False,micro,7,7,7,UNKNOWN,0.8571428571428571,6.0,7,7,0.8571428571428571,6.0,7,7,0.8571428571428571,6.0,7,7,0.0,0.0,7,7,,,0,0,,,0,0,0.8571428571428571,6.0,7,7,1.0,7.0,7,7,1.0,7.0,7,7,0.8571428571428571,6.0,7,7,,,0,0,,,0,0,0.0,0.0,7,7,,,0,0,0.8571428571428571,6.0,7,7,,,0,0,,,0,0,,,0,0,,,0,0,,,0,0,,,0,0,1.0,7.0,7,7,,,0,0,,,0,0,,,0,0,0.0,0.0,7,7,,,0,0,,,0,0,,,0,0,,,0,0,,,0,0,COMMON_SUPPORTED,METRIC,,,,,,,,,,,,
NEW7,A,0,C_NO_H,FORCED_ON,challenge,challenge,STRICT_BASE,320,False,macro,12,4,3,UNKNOWN,1.0,12.0,12,4,,,0,0,1.0,12.0,12,4,0.3333333333333333,4.0,12,4,0.0,0.0,4,4,1.0,4.0,4,4,1.0,8.0,8,4,1.0,8.0,8,4,1.0,12.0,12,4,1.0,12.0,12,4,1.0,12.0,12,4,0.0,0.0,4,4,0.0,0.0,12,4,,,0,0,1.0,12.0,12,4,,,0,0,,,0,0,,,0,0,,,0,0,,,0,0,,,0,0,1.0,12.0,12,4,,,0,0,0.0,0.0,4,4,0.0,0.0,12,4,,,0,0,,,0,0,,,0,0,,,0,0,,,0,0,,,0,0,COMMON_SUPPORTED,METRIC,,,,,,,,,,,,
NEW7,A,0,C_NO_H,FORCED_ON,challenge,challenge,STRICT_BASE,320,False,micro,12,4,3,UNKNOWN,1.0,12.0,12,4,,,0,0,1.0,12.0,12,4,0.3333333333333333,4.0,12,4,0.0,0.0,4,4,1.0,4.0,4,4,1.0,8.0,8,4,1.0,8.0,8,4,1.0,12.0,12,4,1.0,12.0,12,4,1.0,12.0,12,4,0.0,0.0,4,4,0.0,0.0,12,4,,,0,0,1.0,12.0,12,4,,,0,0,,,0,0,,,0,0,,,0,0,,,0,0,,,0,0,1.0,12.0,12,4,,,0,0,0.0,0.0,4,4,0.0,0.0,12,4,,,0,0,,,0,0,,,0,0,,,0,0,,,0,0,,,0,0,COMMON_SUPPORTED,METRIC,,,,,,,,,,,,
NEW7,A,0,C_NO_H,FORCED_ON,evaluation,H,STRICT_BASE,320,False,macro,9,7,3,UNKNOWN,0.0,0.0,9,7,,,0,0,0.0,0.0,9,7,0.6428571428571429,5.0,9,7,1.0,5.0,5,5,0.0,0.0,5,5,0.0,0.0,4,3,1.0,4.0,4,3,1.0,9.0,9,7,0.0,0.0,9,7,1.0,9.0,9,7,1.0,5.0,5,5,0.0,0.0,9,7,,,0,0,0.0,0.0,9,7,,,0,0,,,0,0,,,0,0,,,0,0,,,0,0,,,0,0,1.0,9.0,9,7,,,0,0,1.0,5.0,5,5,1.0,9.0,9,7,,,0,0,,,0,0,,,0,0,,,0,0,,,0,0,,,0,0,COMMON_SUPPORTED,METRIC,,,,,,,,,,,,
NEW7,A,0,C_NO_H,FORCED_ON,evaluation,H,STRICT_BASE,320,False,micro,9,7,3,UNKNOWN,0.0,0.0,9,7,,,0,0,0.0,0.0,9,7,0.5555555555555556,5.0,9,7,1.0,5.0,5,5,0.0,0.0,5,5,0.0,0.0,4,3,1.0,4.0,4,3,1.0,9.0,9,7,0.0,0.0,9,7,1.0,9.0,9,7,1.0,5.0,5,5,0.0,0.0,9,7,,,0,0,0.0,0.0,9,7,,,0,0,,,0,0,,,0,0,,,0,0,,,0,0,,,0,0,1.0,9.0,9,7,,,0,0,1.0,5.0,5,5,1.0,9.0,9,7,,,0,0,,,0,0,,,0,0,,,0,0,,,0,0,,,0,0,COMMON_SUPPORTED,METRIC,,,,,,,,,,,,
NEW7,A,0,C_NO_H,FORCED_ON,evaluation,U,STRICT_BASE,320,False,macro,28,7,2,UNKNOWN,0.5,13.0,28,7,,,0,0,0.5,13.0,28,7,0.8452380952380952,22.0,28,7,0.44047619047619047,10.0,22,7,0.5595238095238095,12.0,22,7,0.16666666666666666,1.0,6,6,1.0,6.0,6,6,1.0,28.0,28,7,0.5,13.0,28,7,1.0,28.0,28,7,0.44047619047619047,10.0,22,7,0.023809523809523808,1.0,28,7,,,0,0,0.5,13.0,28,7,,,0,0,,,0,0,,,0,0,,,0,0,,,0,0,,,0,0,1.0,28.0,28,7,,,0,0,0.44047619047619047,10.0,22,7,0.49999999999999994,15.0,28,7,,,0,0,,,0,0,,,0,0,,,0,0,,,0,0,,,0,0,COMMON_SUPPORTED,METRIC,,,,,,,,,,,,
NEW7,A,0,C_NO_H,FORCED_ON,evaluation,U,STRICT_BASE,320,False,micro,28,7,2,UNKNOWN,0.4642857142857143,13.0,28,7,,,0,0,0.4642857142857143,13.0,28,7,0.7857142857142857,22.0,28,7,0.45454545454545453,10.0,22,7,0.5454545454545454,12.0,22,7,0.16666666666666666,1.0,6,6,1.0,6.0,6,6,1.0,28.0,28,7,0.4642857142857143,13.0,28,7,1.0,28.0,28,7,0.45454545454545453,10.0,22,7,0.03571428571428571,1.0,28,7,,,0,0,0.4642857142857143,13.0,28,7,,,0,0,,,0,0,,,0,0,,,0,0,,,0,0,,,0,0,1.0,28.0,28,7,,,0,0,0.45454545454545453,10.0,22,7,0.5357142857142857,15.0,28,7,,,0,0,,,0,0,,,0,0,,,0,0,,,0,0,,,0,0,COMMON_SUPPORTED,METRIC,,,,,,,,,,,,
NEW7,A,0,C_NO_H,FORCED_ON,evaluation,cross_family_confirmation,EDIT_TARGET,320,False,macro,14,7,7,UNKNOWN,0.8571428571428571,12.0,14,7,,,0,0,0.8571428571428571,12.0,14,7,0.42857142857142855,6.0,14,7,,,0,0,,,0,0,0.75,6.0,8,4,1.0,8.0,8,4,1.0,14.0,14,7,0.8571428571428571,12.0,14,7,,,0,0,,,0,0,0.0,0.0,14,7,,,0,0,0.8571428571428571,12.0,14,7,,,0,0,,,0,0,,,0,0,,,0,0,,,0,0,,,0,0,1.0,14.0,14,7,,,0,0,,,0,0,,,0,0,0.0,0.0,14,7,,,0,0,,,0,0,,,0,0,,,0,0,,,0,0,COMMON_SUPPORTED,METRIC,,,,,,,,,,,,
NEW7,A,0,C_NO_H,FORCED_ON,evaluation,cross_family_confirmation,EDIT_TARGET,320,False,micro,14,7,7,UNKNOWN,0.8571428571428571,12.0,14,7,,,0,0,0.8571428571428571,12.0,14,7,0.42857142857142855,6.0,14,7,,,0,0,,,0,0,0.75,6.0,8,4,1.0,8.0,8,4,1.0,14.0,14,7,0.8571428571428571,12.0,14,7,,,0,0,,,0,0,0.0,0.0,14,7,,,0,0,0.8571428571428571,12.0,14,7,,,0,0,,,0,0,,,0,0,,,0,0,,,0,0,,,0,0,1.0,14.0,14,7,,,0,0,,,0,0,,,0,0,0.0,0.0,14,7,,,0,0,,,0,0,,,0,0,,,0,0,,,0,0,COMMON_SUPPORTED,METRIC,,,,,,,,,,,,
NEW7,A,0,C_NO_H,FORCED_ON,evaluation,source_style_confirmation,EDIT_TARGET,320,False,macro,14,7,7,UNKNOWN,1.0,14.0,14,7,,,0,0,1.0,14.0,14,7,0.5714285714285714,8.0,14,7,,,0,0,,,0,0,1.0,6.0,6,3,1.0,6.0,6,3,1.0,14.0,14,7,1.0,14.0,14,7,,,0,0,,,0,0,0.0,0.0,14,7,,,0,0,1.0,14.0,14,7,,,0,0,,,0,0,,,0,0,,,0,0,,,0,0,,,0,0,1.0,14.0,14,7,,,0,0,,,0,0,,,0,0,0.0,0.0,14,7,,,0,0,,,0,0,,,0,0,,,0,0,,,0,0,COMMON_SUPPORTED,METRIC,,,,,,,,,,,,
NEW7,A,0,C_NO_H,FORCED_ON,evaluation,source_style_confirmation,EDIT_TARGET,320,False,micro,14,7,7,UNKNOWN,1.0,14.0,14,7,,,0,0,1.0,14.0,14,7,0.5714285714285714,8.0,14,7,,,0,0,,,0,0,1.0,6.0,6,3,1.0,6.0,6,3,1.0,14.0,14,7,1.0,14.0,14,7,,,0,0,,,0,0,0.0,0.0,14,7,,,0,0,1.0,14.0,14,7,,,0,0,,,0,0,,,0,0,,,0,0,,,0,0,,,0,0,1.0,14.0,14,7,,,0,0,,,0,0,,,0,0,0.0,0.0,14,7,,,0,0,,,0,0,,,0,0,,,0,0,,,0,0,COMMON_SUPPORTED,METRIC,,,,,,,,,,,,
NEW7,A,0,C_NO_H,FORCED_ON,fit,H,STRICT_BASE,320,False,macro,7,7,2,UNKNOWN,0.0,0.0,7,7,,,0,0,0.0,0.0,7,7,1.0,7.0,7,7,1.0,7.0,7,7,0.0,0.0,7,7,,,0,0,,,0,0,1.0,7.0,7,7,0.0,0.0,7,7,1.0,7.0,7,7,1.0,7.0,7,7,0.0,0.0,7,7,,,0,0,0.0,0.0,7,7,,,0,0,,,0,0,,,0,0,,,0,0,,,0,0,,,0,0,1.0,7.0,7,7,,,0,0,1.0,7.0,7,7,1.0,7.0,7,7,,,0,0,,,0,0,,,0,0,,,0,0,,,0,0,,,0,0,COMMON_SUPPORTED,METRIC,,,,,,,,,,,,
NEW7,A,0,C_NO_H,FORCED_ON,fit,H,STRICT_BASE,320,False,micro,7,7,2,UNKNOWN,0.0,0.0,7,7,,,0,0,0.0,0.0,7,7,1.0,7.0,7,7,1.0,7.0,7,7,0.0,0.0,7,7,,,0,0,,,0,0,1.0,7.0,7,7,0.0,0.0,7,7,1.0,7.0,7,7,1.0,7.0,7,7,0.0,0.0,7,7,,,0,0,0.0,0.0,7,7,,,0,0,,,0,0,,,0,0,,,0,0,,,0,0,,,0,0,1.0,7.0,7,7,,,0,0,1.0,7.0,7,7,1.0,7.0,7,7,,,0,0,,,0,0,,,0,0,,,0,0,,,0,0,,,0,0,COMMON_SUPPORTED,METRIC,,,,,,,,,,,,
NEW7,A,0,C_NO_H,FORCED_ON,fit,U,STRICT_BASE,320,False,macro,7,7,1,UNKNOWN,1.0,7.0,7,7,,,0,0,1.0,7.0,7,7,1.0,7.0,7,7,0.0,0.0,7,7,1.0,7.0,7,7,,,0,0,,,0,0,1.0,7.0,7,7,1.0,7.0,7,7,1.0,7.0,7,7,0.0,0.0,7,7,0.5714285714285714,4.0,7,7,,,0,0,1.0,7.0,7,7,,,0,0,,,0,0,,,0,0,,,0,0,,,0,0,,,0,0,1.0,7.0,7,7,,,0,0,0.0,0.0,7,7,0.0,0.0,7,7,,,0,0,,,0,0,,,0,0,,,0,0,,,0,0,,,0,0,COMMON_SUPPORTED,METRIC,,,,,,,,,,,,
NEW7,A,0,C_NO_H,FORCED_ON,fit,U,STRICT_BASE,320,False,micro,7,7,1,UNKNOWN,1.0,7.0,7,7,,,0,0,1.0,7.0,7,7,1.0,7.0,7,7,0.0,0.0,7,7,1.0,7.0,7,7,,,0,0,,,0,0,1.0,7.0,7,7,1.0,7.0,7,7,1.0,7.0,7,7,0.0,0.0,7,7,0.5714285714285714,4.0,7,7,,,0,0,1.0,7.0,7,7,,,0,0,,,0,0,,,0,0,,,0,0,,,0,0,,,0,0,1.0,7.0,7,7,,,0,0,0.0,0.0,7,7,0.0,0.0,7,7,,,0,0,,,0,0,,,0,0,,,0,0,,,0,0,,,0,0,COMMON_SUPPORTED,METRIC,,,,,,,,,,,,
NEW7,A,0,C_NO_H,FORCED_ON,fit,positive,EDIT_TARGET,320,False,macro,28,7,7,UNKNOWN,0.9642857142857143,27.0,28,7,,,0,0,0.9642857142857143,27.0,28,7,0.35714285714285715,10.0,28,7,,,0,0,,,0,0,0.9583333333333334,17.0,18,6,1.0,18.0,18,6,1.0,28.0,28,7,0.9642857142857143,27.0,28,7,,,0,0,,,0,0,0.0,0.0,28,7,,,0,0,0.9642857142857143,27.0,28,7,,,0,0,,,0,0,,,0,0,,,0,0,,,0,0,,,0,0,1.0,28.0,28,7,,,0,0,,,0,0,,,0,0,0.0,0.0,28,7,,,0,0,,,0,0,,,0,0,,,0,0,,,0,0,COMMON_SUPPORTED,METRIC,,,,,,,,,,,,
NEW7,A,0,C_NO_H,FORCED_ON,fit,positive,EDIT_TARGET,320,False,micro,28,7,7,UNKNOWN,0.9642857142857143,27.0,28,7,,,0,0,0.9642857142857143,27.0,28,7,0.35714285714285715,10.0,28,7,,,0,0,,,0,0,0.9444444444444444,17.0,18,6,1.0,18.0,18,6,1.0,28.0,28,7,0.9642857142857143,27.0,28,7,,,0,0,,,0,0,0.0,0.0,28,7,,,0,0,0.9642857142857143,27.0,28,7,,,0,0,,,0,0,,,0,0,,,0,0,,,0,0,,,0,0,1.0,28.0,28,7,,,0,0,,,0,0,,,0,0,0.0,0.0,28,7,,,0,0,,,0,0,,,0,0,,,0,0,,,0,0,COMMON_SUPPORTED,METRIC,,,,,,,,,,,,
NEW7,A,0,C_NO_H,FORCED_ON,native,T0,EDIT_TARGET,320,False,macro,7,7,7,UNKNOWN,0.8571428571428571,6.0,7,7,0.8571428571428571,6.0,7,7,0.8571428571428571,6.0,7,7,0.0,0.0,7,7,,,0,0,,,0,0,0.8571428571428571,6.0,7,7,1.0,7.0,7,7,1.0,7.0,7,7,0.8571428571428571,6.0,7,7,,,0,0,,,0,0,0.0,0.0,7,7,,,0,0,0.8571428571428571,6.0,7,7,,,0,0,,,0,0,,,0,0,,,0,0,,,0,0,,,0,0,1.0,7.0,7,7,,,0,0,,,0,0,,,0,0,0.0,0.0,7,7,,,0,0,,,0,0,,,0,0,,,0,0,,,0,0,COMMON_SUPPORTED,METRIC,,,,,,,,,,,,
NEW7,A,0,C_NO_H,FORCED_ON,native,T0,EDIT_TARGET,320,False,micro,7,7,7,UNKNOWN,0.8571428571428571,6.0,7,7,0.8571428571428571,6.0,7,7,0.8571428571428571,6.0,7,7,0.0,0.0,7,7,,,0,0,,,0,0,0.8571428571428571,6.0,7,7,1.0,7.0,7,7,1.0,7.0,7,7,0.8571428571428571,6.0,7,7,,,0,0,,,0,0,0.0,0.0,7,7,,,0,0,0.8571428571428571,6.0,7,7,,,0,0,,,0,0,,,0,0,,,0,0,,,0,0,,,0,0,1.0,7.0,7,7,,,0,0,,,0,0,,,0,0,0.0,0.0,7,7,,,0,0,,,0,0,,,0,0,,,0,0,,,0,0,COMMON_SUPPORTED,METRIC,,,,,,,,,,,,
NEW7,A,0,BASE,BASE,challenge,challenge,STRICT_BASE,320,False,macro,12,4,3,UNKNOWN,0.3333333333333333,4.0,12,4,,,0,0,0.3333333333333333,4.0,12,4,0.3333333333333333,4.0,12,4,0.0,0.0,4,4,1.0,4.0,4,4,0.0,0.0,8,4,0.0,0.0,8,4,0.0,0.0,12,4,0.0,0.0,12,4,0.0,0.0,12,4,0.0,0.0,4,4,1.0,12.0,12,4,,,0,0,0.75,9.0,12,4,,,0,0,,,0,0,,,0,0,,,0,0,,,0,0,,,0,0,1.0,12.0,12,4,,,0,0,,,0,0,,,0,0,,,0,0,,,0,0,,,0,0,,,0,0,,,0,0,,,0,0,SAME_H_IMAGE,METRIC,,,,,,,,,,,,
NEW7,A,0,BASE,BASE,challenge,challenge,STRICT_BASE,320,False,micro,12,4,3,UNKNOWN,0.3333333333333333,4.0,12,4,,,0,0,0.3333333333333333,4.0,12,4,0.3333333333333333,4.0,12,4,0.0,0.0,4,4,1.0,4.0,4,4,0.0,0.0,8,4,0.0,0.0,8,4,0.0,0.0,12,4,0.0,0.0,12,4,0.0,0.0,12,4,0.0,0.0,4,4,1.0,12.0,12,4,,,0,0,0.75,9.0,12,4,,,0,0,,,0,0,,,0,0,,,0,0,,,0,0,,,0,0,1.0,12.0,12,4,,,0,0,,,0,0,,,0,0,,,0,0,,,0,0,,,0,0,,,0,0,,,0,0,,,0,0,SAME_H_IMAGE,METRIC,,,,,,,,,,,,
NEW7,A,0,BASE,BASE,evaluation,H,STRICT_BASE,320,False,macro,9,7,3,UNKNOWN,0.6428571428571429,5.0,9,7,,,0,0,0.6428571428571429,5.0,9,7,0.6428571428571429,5.0,9,7,0.0,0.0,5,5,1.0,5.0,5,5,0.0,0.0,4,3,0.0,0.0,4,3,0.0,0.0,9,7,0.0,0.0,9,7,0.0,0.0,9,7,0.0,0.0,5,5,1.0,9.0,9,7,,,0,0,0.8571428571428571,7.0,9,7,,,0,0,,,0,0,,,0,0,,,0,0,,,0,0,,,0,0,1.0,9.0,9,7,,,0,0,,,0,0,,,0,0,,,0,0,,,0,0,,,0,0,,,0,0,,,0,0,,,0,0,SAME_H_IMAGE,METRIC,,,,,,,,,,,,
NEW7,A,0,BASE,BASE,evaluation,H,STRICT_BASE,320,False,micro,9,7,3,UNKNOWN,0.5555555555555556,5.0,9,7,,,0,0,0.5555555555555556,5.0,9,7,0.5555555555555556,5.0,9,7,0.0,0.0,5,5,1.0,5.0,5,5,0.0,0.0,4,3,0.0,0.0,4,3,0.0,0.0,9,7,0.0,0.0,9,7,0.0,0.0,9,7,0.0,0.0,5,5,1.0,9.0,9,7,,,0,0,0.7777777777777778,7.0,9,7,,,0,0,,,0,0,,,0,0,,,0,0,,,0,0,,,0,0,1.0,9.0,9,7,,,0,0,,,0,0,,,0,0,,,0,0,,,0,0,,,0,0,,,0,0,,,0,0,,,0,0,SAME_H_IMAGE,METRIC,,,,,,,,,,,,
NEW7,A,0,BASE,BASE,evaluation,U,STRICT_BASE,320,False,macro,28,7,2,UNKNOWN,0.8452380952380952,22.0,28,7,,,0,0,0.8452380952380952,22.0,28,7,0.8452380952380952,22.0,28,7,0.0,0.0,22,7,1.0,22.0,22,7,0.0,0.0,6,6,0.0,0.0,6,6,0.0,0.0,28,7,0.0,0.0,28,7,0.0,0.0,28,7,0.0,0.0,22,7,1.0,28.0,28,7,,,0,0,0.8333333333333333,22.0,28,7,,,0,0,,,0,0,,,0,0,,,0,0,,,0,0,,,0,0,1.0,28.0,28,7,,,0,0,,,0,0,,,0,0,,,0,0,,,0,0,,,0,0,,,0,0,,,0,0,,,0,0,SAME_H_IMAGE,METRIC,,,,,,,,,,,,
NEW7,A,0,BASE,BASE,evaluation,U,STRICT_BASE,320,False,micro,28,7,2,UNKNOWN,0.7857142857142857,22.0,28,7,,,0,0,0.7857142857142857,22.0,28,7,0.7857142857142857,22.0,28,7,0.0,0.0,22,7,1.0,22.0,22,7,0.0,0.0,6,6,0.0,0.0,6,6,0.0,0.0,28,7,0.0,0.0,28,7,0.0,0.0,28,7,0.0,0.0,22,7,1.0,28.0,28,7,,,0,0,0.7857142857142857,22.0,28,7,,,0,0,,,0,0,,,0,0,,,0,0,,,0,0,,,0,0,1.0,28.0,28,7,,,0,0,,,0,0,,,0,0,,,0,0,,,0,0,,,0,0,,,0,0,,,0,0,,,0,0,SAME_H_IMAGE,METRIC,,,,,,,,,,,,
NEW7,A,0,BASE,BASE,evaluation,cross_family_confirmation,EDIT_TARGET,320,False,macro,14,7,7,UNKNOWN,0.42857142857142855,6.0,14,7,,,0,0,0.42857142857142855,6.0,14,7,0.42857142857142855,6.0,14,7,,,0,0,,,0,0,0.0,0.0,8,4,0.0,0.0,8,4,0.0,0.0,14,7,0.0,0.0,14,7,,,0,0,,,0,0,1.0,14.0,14,7,,,0,0,0.8571428571428571,12.0,14,7,,,0,0,,,0,0,,,0,0,,,0,0,,,0,0,,,0,0,1.0,14.0,14,7,,,0,0,,,0,0,,,0,0,0.5714285714285714,8.0,14,7,,,0,0,,,0,0,,,0,0,,,0,0,,,0,0,SAME_H_IMAGE,METRIC,,,,,,,,,,,,
NEW7,A,0,BASE,BASE,evaluation,cross_family_confirmation,EDIT_TARGET,320,False,micro,14,7,7,UNKNOWN,0.42857142857142855,6.0,14,7,,,0,0,0.42857142857142855,6.0,14,7,0.42857142857142855,6.0,14,7,,,0,0,,,0,0,0.0,0.0,8,4,0.0,0.0,8,4,0.0,0.0,14,7,0.0,0.0,14,7,,,0,0,,,0,0,1.0,14.0,14,7,,,0,0,0.8571428571428571,12.0,14,7,,,0,0,,,0,0,,,0,0,,,0,0,,,0,0,,,0,0,1.0,14.0,14,7,,,0,0,,,0,0,,,0,0,0.5714285714285714,8.0,14,7,,,0,0,,,0,0,,,0,0,,,0,0,,,0,0,SAME_H_IMAGE,METRIC,,,,,,,,,,,,
NEW7,A,0,BASE,BASE,evaluation,source_style_confirmation,EDIT_TARGET,320,False,macro,14,7,7,UNKNOWN,0.5714285714285714,8.0,14,7,,,0,0,0.5714285714285714,8.0,14,7,0.5714285714285714,8.0,14,7,,,0,0,,,0,0,0.0,0.0,6,3,0.0,0.0,6,3,0.0,0.0,14,7,0.0,0.0,14,7,,,0,0,,,0,0,1.0,14.0,14,7,,,0,0,1.0,14.0,14,7,,,0,0,,,0,0,,,0,0,,,0,0,,,0,0,,,0,0,1.0,14.0,14,7,,,0,0,,,0,0,,,0,0,0.42857142857142855,6.0,14,7,,,0,0,,,0,0,,,0,0,,,0,0,,,0,0,SAME_H_IMAGE,METRIC,,,,,,,,,,,,
NEW7,A,0,BASE,BASE,evaluation,source_style_confirmation,EDIT_TARGET,320,False,micro,14,7,7,UNKNOWN,0.5714285714285714,8.0,14,7,,,0,0,0.5714285714285714,8.0,14,7,0.5714285714285714,8.0,14,7,,,0,0,,,0,0,0.0,0.0,6,3,0.0,0.0,6,3,0.0,0.0,14,7,0.0,0.0,14,7,,,0,0,,,0,0,1.0,14.0,14,7,,,0,0,1.0,14.0,14,7,,,0,0,,,0,0,,,0,0,,,0,0,,,0,0,,,0,0,1.0,14.0,14,7,,,0,0,,,0,0,,,0,0,0.42857142857142855,6.0,14,7,,,0,0,,,0,0,,,0,0,,,0,0,,,0,0,SAME_H_IMAGE,METRIC,,,,,,,,,,,,
NEW7,A,0,BASE,BASE,fit,H,STRICT_BASE,320,False,macro,7,7,2,UNKNOWN,1.0,7.0,7,7,,,0,0,1.0,7.0,7,7,1.0,7.0,7,7,0.0,0.0,7,7,1.0,7.0,7,7,,,0,0,,,0,0,0.0,0.0,7,7,0.0,0.0,7,7,0.0,0.0,7,7,0.0,0.0,7,7,1.0,7.0,7,7,,,0,0,1.0,7.0,7,7,,,0,0,,,0,0,,,0,0,,,0,0,,,0,0,,,0,0,1.0,7.0,7,7,,,0,0,,,0,0,,,0,0,,,0,0,,,0,0,,,0,0,,,0,0,,,0,0,,,0,0,SAME_H_IMAGE,METRIC,,,,,,,,,,,,
NEW7,A,0,BASE,BASE,fit,H,STRICT_BASE,320,False,micro,7,7,2,UNKNOWN,1.0,7.0,7,7,,,0,0,1.0,7.0,7,7,1.0,7.0,7,7,0.0,0.0,7,7,1.0,7.0,7,7,,,0,0,,,0,0,0.0,0.0,7,7,0.0,0.0,7,7,0.0,0.0,7,7,0.0,0.0,7,7,1.0,7.0,7,7,,,0,0,1.0,7.0,7,7,,,0,0,,,0,0,,,0,0,,,0,0,,,0,0,,,0,0,1.0,7.0,7,7,,,0,0,,,0,0,,,0,0,,,0,0,,,0,0,,,0,0,,,0,0,,,0,0,,,0,0,SAME_H_IMAGE,METRIC,,,,,,,,,,,,
NEW7,A,0,BASE,BASE,fit,U,STRICT_BASE,320,False,macro,7,7,1,UNKNOWN,1.0,7.0,7,7,,,0,0,1.0,7.0,7,7,1.0,7.0,7,7,0.0,0.0,7,7,1.0,7.0,7,7,,,0,0,,,0,0,0.0,0.0,7,7,0.0,0.0,7,7,0.0,0.0,7,7,0.0,0.0,7,7,1.0,7.0,7,7,,,0,0,1.0,7.0,7,7,,,0,0,,,0,0,,,0,0,,,0,0,,,0,0,,,0,0,1.0,7.0,7,7,,,0,0,,,0,0,,,0,0,,,0,0,,,0,0,,,0,0,,,0,0,,,0,0,,,0,0,SAME_H_IMAGE,METRIC,,,,,,,,,,,,
NEW7,A,0,BASE,BASE,fit,U,STRICT_BASE,320,False,micro,7,7,1,UNKNOWN,1.0,7.0,7,7,,,0,0,1.0,7.0,7,7,1.0,7.0,7,7,0.0,0.0,7,7,1.0,7.0,7,7,,,0,0,,,0,0,0.0,0.0,7,7,0.0,0.0,7,7,0.0,0.0,7,7,0.0,0.0,7,7,1.0,7.0,7,7,,,0,0,1.0,7.0,7,7,,,0,0,,,0,0,,,0,0,,,0,0,,,0,0,,,0,0,1.0,7.0,7,7,,,0,0,,,0,0,,,0,0,,,0,0,,,0,0,,,0,0,,,0,0,,,0,0,,,0,0,SAME_H_IMAGE,METRIC,,,,,,,,,,,,
NEW7,A,0,BASE,BASE,fit,positive,EDIT_TARGET,320,False,macro,28,7,7,UNKNOWN,0.35714285714285715,10.0,28,7,,,0,0,0.35714285714285715,10.0,28,7,0.35714285714285715,10.0,28,7,,,0,0,,,0,0,0.0,0.0,18,6,0.0,0.0,18,6,0.0,0.0,28,7,0.0,0.0,28,7,,,0,0,,,0,0,1.0,28.0,28,7,,,0,0,0.9642857142857143,27.0,28,7,,,0,0,,,0,0,,,0,0,,,0,0,,,0,0,,,0,0,1.0,28.0,28,7,,,0,0,,,0,0,,,0,0,0.6428571428571429,18.0,28,7,,,0,0,,,0,0,,,0,0,,,0,0,,,0,0,SAME_H_IMAGE,METRIC,,,,,,,,,,,,
NEW7,A,0,BASE,BASE,fit,positive,EDIT_TARGET,320,False,micro,28,7,7,UNKNOWN,0.35714285714285715,10.0,28,7,,,0,0,0.35714285714285715,10.0,28,7,0.35714285714285715,10.0,28,7,,,0,0,,,0,0,0.0,0.0,18,6,0.0,0.0,18,6,0.0,0.0,28,7,0.0,0.0,28,7,,,0,0,,,0,0,1.0,28.0,28,7,,,0,0,0.9642857142857143,27.0,28,7,,,0,0,,,0,0,,,0,0,,,0,0,,,0,0,,,0,0,1.0,28.0,28,7,,,0,0,,,0,0,,,0,0,0.6428571428571429,18.0,28,7,,,0,0,,,0,0,,,0,0,,,0,0,,,0,0,SAME_H_IMAGE,METRIC,,,,,,,,,,,,
NEW7,A,0,BASE,BASE,native,T0,EDIT_TARGET,320,False,macro,7,7,7,UNKNOWN,0.0,0.0,7,7,0.0,0.0,7,7,0.0,0.0,7,7,0.0,0.0,7,7,,,0,0,,,0,0,0.0,0.0,7,7,0.0,0.0,7,7,0.0,0.0,7,7,0.0,0.0,7,7,,,0,0,,,0,0,1.0,7.0,7,7,,,0,0,0.8571428571428571,6.0,7,7,,,0,0,,,0,0,,,0,0,,,0,0,,,0,0,,,0,0,1.0,7.0,7,7,,,0,0,,,0,0,,,0,0,1.0,7.0,7,7,,,0,0,,,0,0,,,0,0,,,0,0,,,0,0,SAME_H_IMAGE,METRIC,,,,,,,,,,,,
NEW7,A,0,BASE,BASE,native,T0,EDIT_TARGET,320,False,micro,7,7,7,UNKNOWN,0.0,0.0,7,7,0.0,0.0,7,7,0.0,0.0,7,7,0.0,0.0,7,7,,,0,0,,,0,0,0.0,0.0,7,7,0.0,0.0,7,7,0.0,0.0,7,7,0.0,0.0,7,7,,,0,0,,,0,0,1.0,7.0,7,7,,,0,0,0.8571428571428571,6.0,7,7,,,0,0,,,0,0,,,0,0,,,0,0,,,0,0,,,0,0,1.0,7.0,7,7,,,0,0,,,0,0,,,0,0,1.0,7.0,7,7,,,0,0,,,0,0,,,0,0,,,0,0,,,0,0,SAME_H_IMAGE,METRIC,,,,,,,,,,,,
NEW7,A,0,BE,FORCED_ON,challenge,challenge,STRICT_BASE,320,False,macro,12,4,3,UNKNOWN,1.0,12.0,12,4,,,0,0,1.0,12.0,12,4,0.3333333333333333,4.0,12,4,0.0,0.0,4,4,1.0,4.0,4,4,1.0,8.0,8,4,1.0,8.0,8,4,1.0,12.0,12,4,1.0,12.0,12,4,1.0,12.0,12,4,0.0,0.0,4,4,0.0,0.0,12,4,,,0,0,1.0,12.0,12,4,,,0,0,,,0,0,,,0,0,,,0,0,,,0,0,,,0,0,1.0,12.0,12,4,,,0,0,0.0,0.0,4,4,0.0,0.0,12,4,,,0,0,,,0,0,,,0,0,,,0,0,,,0,0,,,0,0,SAME_H_IMAGE,METRIC,,,,,,,,,,,,
NEW7,A,0,BE,FORCED_ON,challenge,challenge,STRICT_BASE,320,False,micro,12,4,3,UNKNOWN,1.0,12.0,12,4,,,0,0,1.0,12.0,12,4,0.3333333333333333,4.0,12,4,0.0,0.0,4,4,1.0,4.0,4,4,1.0,8.0,8,4,1.0,8.0,8,4,1.0,12.0,12,4,1.0,12.0,12,4,1.0,12.0,12,4,0.0,0.0,4,4,0.0,0.0,12,4,,,0,0,1.0,12.0,12,4,,,0,0,,,0,0,,,0,0,,,0,0,,,0,0,,,0,0,1.0,12.0,12,4,,,0,0,0.0,0.0,4,4,0.0,0.0,12,4,,,0,0,,,0,0,,,0,0,,,0,0,,,0,0,,,0,0,SAME_H_IMAGE,METRIC,,,,,,,,,,,,
NEW7,A,0,BE,FORCED_ON,evaluation,H,STRICT_BASE,320,False,macro,9,7,3,UNKNOWN,0.0,0.0,9,7,,,0,0,0.0,0.0,9,7,0.6428571428571429,5.0,9,7,1.0,5.0,5,5,0.0,0.0,5,5,0.0,0.0,4,3,1.0,4.0,4,3,1.0,9.0,9,7,0.0,0.0,9,7,1.0,9.0,9,7,1.0,5.0,5,5,0.0,0.0,9,7,,,0,0,0.0,0.0,9,7,,,0,0,,,0,0,,,0,0,,,0,0,,,0,0,,,0,0,1.0,9.0,9,7,,,0,0,1.0,5.0,5,5,1.0,9.0,9,7,,,0,0,,,0,0,,,0,0,,,0,0,,,0,0,,,0,0,SAME_H_IMAGE,METRIC,,,,,,,,,,,,
NEW7,A,0,BE,FORCED_ON,evaluation,H,STRICT_BASE,320,False,micro,9,7,3,UNKNOWN,0.0,0.0,9,7,,,0,0,0.0,0.0,9,7,0.5555555555555556,5.0,9,7,1.0,5.0,5,5,0.0,0.0,5,5,0.0,0.0,4,3,1.0,4.0,4,3,1.0,9.0,9,7,0.0,0.0,9,7,1.0,9.0,9,7,1.0,5.0,5,5,0.0,0.0,9,7,,,0,0,0.0,0.0,9,7,,,0,0,,,0,0,,,0,0,,,0,0,,,0,0,,,0,0,1.0,9.0,9,7,,,0,0,1.0,5.0,5,5,1.0,9.0,9,7,,,0,0,,,0,0,,,0,0,,,0,0,,,0,0,,,0,0,SAME_H_IMAGE,METRIC,,,,,,,,,,,,
NEW7,A,0,BE,FORCED_ON,evaluation,U,STRICT_BASE,320,False,macro,28,7,2,UNKNOWN,0.03571428571428571,1.0,28,7,,,0,0,0.03571428571428571,1.0,28,7,0.8452380952380952,22.0,28,7,0.9523809523809523,21.0,22,7,0.047619047619047616,1.0,22,7,0.0,0.0,6,6,1.0,6.0,6,6,1.0,28.0,28,7,0.03571428571428571,1.0,28,7,1.0,28.0,28,7,0.9523809523809523,21.0,22,7,0.0,0.0,28,7,,,0,0,0.03571428571428571,1.0,28,7,,,0,0,,,0,0,,,0,0,,,0,0,,,0,0,,,0,0,0.9047619047619048,26.0,28,7,,,0,0,0.9523809523809523,21.0,22,7,0.9642857142857143,27.0,28,7,,,0,0,,,0,0,,,0,0,,,0,0,,,0,0,,,0,0,SAME_H_IMAGE,METRIC,,,,,,,,,,,,
NEW7,A,0,BE,FORCED_ON,evaluation,U,STRICT_BASE,320,False,micro,28,7,2,UNKNOWN,0.03571428571428571,1.0,28,7,,,0,0,0.03571428571428571,1.0,28,7,0.7857142857142857,22.0,28,7,0.9545454545454546,21.0,22,7,0.045454545454545456,1.0,22,7,0.0,0.0,6,6,1.0,6.0,6,6,1.0,28.0,28,7,0.03571428571428571,1.0,28,7,1.0,28.0,28,7,0.9545454545454546,21.0,22,7,0.0,0.0,28,7,,,0,0,0.03571428571428571,1.0,28,7,,,0,0,,,0,0,,,0,0,,,0,0,,,0,0,,,0,0,0.9285714285714286,26.0,28,7,,,0,0,0.9545454545454546,21.0,22,7,0.9642857142857143,27.0,28,7,,,0,0,,,0,0,,,0,0,,,0,0,,,0,0,,,0,0,SAME_H_IMAGE,METRIC,,,,,,,,,,,,
NEW7,A,0,BE,FORCED_ON,evaluation,cross_family_confirmation,EDIT_TARGET,320,False,macro,14,7,7,UNKNOWN,0.8571428571428571,12.0,14,7,,,0,0,0.8571428571428571,12.0,14,7,0.42857142857142855,6.0,14,7,,,0,0,,,0,0,0.75,6.0,8,4,1.0,8.0,8,4,1.0,14.0,14,7,0.8571428571428571,12.0,14,7,,,0,0,,,0,0,0.0,0.0,14,7,,,0,0,0.8571428571428571,12.0,14,7,,,0,0,,,0,0,,,0,0,,,0,0,,,0,0,,,0,0,1.0,14.0,14,7,,,0,0,,,0,0,,,0,0,0.0,0.0,14,7,,,0,0,,,0,0,,,0,0,,,0,0,,,0,0,SAME_H_IMAGE,METRIC,,,,,,,,,,,,
NEW7,A,0,BE,FORCED_ON,evaluation,cross_family_confirmation,EDIT_TARGET,320,False,micro,14,7,7,UNKNOWN,0.8571428571428571,12.0,14,7,,,0,0,0.8571428571428571,12.0,14,7,0.42857142857142855,6.0,14,7,,,0,0,,,0,0,0.75,6.0,8,4,1.0,8.0,8,4,1.0,14.0,14,7,0.8571428571428571,12.0,14,7,,,0,0,,,0,0,0.0,0.0,14,7,,,0,0,0.8571428571428571,12.0,14,7,,,0,0,,,0,0,,,0,0,,,0,0,,,0,0,,,0,0,1.0,14.0,14,7,,,0,0,,,0,0,,,0,0,0.0,0.0,14,7,,,0,0,,,0,0,,,0,0,,,0,0,,,0,0,SAME_H_IMAGE,METRIC,,,,,,,,,,,,
NEW7,A,0,BE,FORCED_ON,evaluation,source_style_confirmation,EDIT_TARGET,320,False,macro,14,7,7,UNKNOWN,1.0,14.0,14,7,,,0,0,1.0,14.0,14,7,0.5714285714285714,8.0,14,7,,,0,0,,,0,0,1.0,6.0,6,3,1.0,6.0,6,3,1.0,14.0,14,7,1.0,14.0,14,7,,,0,0,,,0,0,0.0,0.0,14,7,,,0,0,1.0,14.0,14,7,,,0,0,,,0,0,,,0,0,,,0,0,,,0,0,,,0,0,1.0,14.0,14,7,,,0,0,,,0,0,,,0,0,0.0,0.0,14,7,,,0,0,,,0,0,,,0,0,,,0,0,,,0,0,SAME_H_IMAGE,METRIC,,,,,,,,,,,,
NEW7,A,0,BE,FORCED_ON,evaluation,source_style_confirmation,EDIT_TARGET,320,False,micro,14,7,7,UNKNOWN,1.0,14.0,14,7,,,0,0,1.0,14.0,14,7,0.5714285714285714,8.0,14,7,,,0,0,,,0,0,1.0,6.0,6,3,1.0,6.0,6,3,1.0,14.0,14,7,1.0,14.0,14,7,,,0,0,,,0,0,0.0,0.0,14,7,,,0,0,1.0,14.0,14,7,,,0,0,,,0,0,,,0,0,,,0,0,,,0,0,,,0,0,1.0,14.0,14,7,,,0,0,,,0,0,,,0,0,0.0,0.0,14,7,,,0,0,,,0,0,,,0,0,,,0,0,,,0,0,SAME_H_IMAGE,METRIC,,,,,,,,,,,,
NEW7,A,0,BE,FORCED_ON,fit,H,STRICT_BASE,320,False,macro,7,7,2,UNKNOWN,0.0,0.0,7,7,,,0,0,0.0,0.0,7,7,1.0,7.0,7,7,1.0,7.0,7,7,0.0,0.0,7,7,,,0,0,,,0,0,1.0,7.0,7,7,0.0,0.0,7,7,1.0,7.0,7,7,1.0,7.0,7,7,0.0,0.0,7,7,,,0,0,0.0,0.0,7,7,,,0,0,,,0,0,,,0,0,,,0,0,,,0,0,,,0,0,1.0,7.0,7,7,,,0,0,1.0,7.0,7,7,1.0,7.0,7,7,,,0,0,,,0,0,,,0,0,,,0,0,,,0,0,,,0,0,SAME_H_IMAGE,METRIC,,,,,,,,,,,,
NEW7,A,0,BE,FORCED_ON,fit,H,STRICT_BASE,320,False,micro,7,7,2,UNKNOWN,0.0,0.0,7,7,,,0,0,0.0,0.0,7,7,1.0,7.0,7,7,1.0,7.0,7,7,0.0,0.0,7,7,,,0,0,,,0,0,1.0,7.0,7,7,0.0,0.0,7,7,1.0,7.0,7,7,1.0,7.0,7,7,0.0,0.0,7,7,,,0,0,0.0,0.0,7,7,,,0,0,,,0,0,,,0,0,,,0,0,,,0,0,,,0,0,1.0,7.0,7,7,,,0,0,1.0,7.0,7,7,1.0,7.0,7,7,,,0,0,,,0,0,,,0,0,,,0,0,,,0,0,,,0,0,SAME_H_IMAGE,METRIC,,,,,,,,,,,,
NEW7,A,0,BE,FORCED_ON,fit,U,STRICT_BASE,320,False,macro,7,7,1,UNKNOWN,0.0,0.0,7,7,,,0,0,0.0,0.0,7,7,1.0,7.0,7,7,1.0,7.0,7,7,0.0,0.0,7,7,,,0,0,,,0,0,1.0,7.0,7,7,0.0,0.0,7,7,1.0,7.0,7,7,1.0,7.0,7,7,0.0,0.0,7,7,,,0,0,0.0,0.0,7,7,,,0,0,,,0,0,,,0,0,,,0,0,,,0,0,,,0,0,0.8571428571428571,6.0,7,7,,,0,0,1.0,7.0,7,7,1.0,7.0,7,7,,,0,0,,,0,0,,,0,0,,,0,0,,,0,0,,,0,0,SAME_H_IMAGE,METRIC,,,,,,,,,,,,
NEW7,A,0,BE,FORCED_ON,fit,U,STRICT_BASE,320,False,micro,7,7,1,UNKNOWN,0.0,0.0,7,7,,,0,0,0.0,0.0,7,7,1.0,7.0,7,7,1.0,7.0,7,7,0.0,0.0,7,7,,,0,0,,,0,0,1.0,7.0,7,7,0.0,0.0,7,7,1.0,7.0,7,7,1.0,7.0,7,7,0.0,0.0,7,7,,,0,0,0.0,0.0,7,7,,,0,0,,,0,0,,,0,0,,,0,0,,,0,0,,,0,0,0.8571428571428571,6.0,7,7,,,0,0,1.0,7.0,7,7,1.0,7.0,7,7,,,0,0,,,0,0,,,0,0,,,0,0,,,0,0,,,0,0,SAME_H_IMAGE,METRIC,,,,,,,,,,,,
NEW7,A,0,BE,FORCED_ON,fit,positive,EDIT_TARGET,320,False,macro,28,7,7,UNKNOWN,0.9642857142857143,27.0,28,7,,,0,0,0.9642857142857143,27.0,28,7,0.35714285714285715,10.0,28,7,,,0,0,,,0,0,0.9583333333333334,17.0,18,6,1.0,18.0,18,6,1.0,28.0,28,7,0.9642857142857143,27.0,28,7,,,0,0,,,0,0,0.0,0.0,28,7,,,0,0,0.9642857142857143,27.0,28,7,,,0,0,,,0,0,,,0,0,,,0,0,,,0,0,,,0,0,1.0,28.0,28,7,,,0,0,,,0,0,,,0,0,0.0,0.0,28,7,,,0,0,,,0,0,,,0,0,,,0,0,,,0,0,SAME_H_IMAGE,METRIC,,,,,,,,,,,,
NEW7,A,0,BE,FORCED_ON,fit,positive,EDIT_TARGET,320,False,micro,28,7,7,UNKNOWN,0.9642857142857143,27.0,28,7,,,0,0,0.9642857142857143,27.0,28,7,0.35714285714285715,10.0,28,7,,,0,0,,,0,0,0.9444444444444444,17.0,18,6,1.0,18.0,18,6,1.0,28.0,28,7,0.9642857142857143,27.0,28,7,,,0,0,,,0,0,0.0,0.0,28,7,,,0,0,0.9642857142857143,27.0,28,7,,,0,0,,,0,0,,,0,0,,,0,0,,,0,0,,,0,0,1.0,28.0,28,7,,,0,0,,,0,0,,,0,0,0.0,0.0,28,7,,,0,0,,,0,0,,,0,0,,,0,0,,,0,0,SAME_H_IMAGE,METRIC,,,,,,,,,,,,
NEW7,A,0,BE,FORCED_ON,native,T0,EDIT_TARGET,320,False,macro,7,7,7,UNKNOWN,0.8571428571428571,6.0,7,7,0.8571428571428571,6.0,7,7,0.8571428571428571,6.0,7,7,0.0,0.0,7,7,,,0,0,,,0,0,0.8571428571428571,6.0,7,7,1.0,7.0,7,7,1.0,7.0,7,7,0.8571428571428571,6.0,7,7,,,0,0,,,0,0,0.0,0.0,7,7,,,0,0,0.8571428571428571,6.0,7,7,,,0,0,,,0,0,,,0,0,,,0,0,,,0,0,,,0,0,1.0,7.0,7,7,,,0,0,,,0,0,,,0,0,0.0,0.0,7,7,,,0,0,,,0,0,,,0,0,,,0,0,,,0,0,SAME_H_IMAGE,METRIC,,,,,,,,,,,,
NEW7,A,0,BE,FORCED_ON,native,T0,EDIT_TARGET,320,False,micro,7,7,7,UNKNOWN,0.8571428571428571,6.0,7,7,0.8571428571428571,6.0,7,7,0.8571428571428571,6.0,7,7,0.0,0.0,7,7,,,0,0,,,0,0,0.8571428571428571,6.0,7,7,1.0,7.0,7,7,1.0,7.0,7,7,0.8571428571428571,6.0,7,7,,,0,0,,,0,0,0.0,0.0,7,7,,,0,0,0.8571428571428571,6.0,7,7,,,0,0,,,0,0,,,0,0,,,0,0,,,0,0,,,0,0,1.0,7.0,7,7,,,0,0,,,0,0,,,0,0,0.0,0.0,7,7,,,0,0,,,0,0,,,0,0,,,0,0,,,0,0,SAME_H_IMAGE,METRIC,,,,,,,,,,,,
NEW7,A,0,C_EXTRA_QA,FORCED_ON,challenge,challenge,STRICT_BASE,320,False,macro,12,4,3,UNKNOWN,1.0,12.0,12,4,,,0,0,1.0,12.0,12,4,0.3333333333333333,4.0,12,4,0.0,0.0,4,4,1.0,4.0,4,4,1.0,8.0,8,4,1.0,8.0,8,4,1.0,12.0,12,4,1.0,12.0,12,4,1.0,12.0,12,4,0.0,0.0,4,4,0.0,0.0,12,4,,,0,0,1.0,12.0,12,4,,,0,0,,,0,0,,,0,0,,,0,0,,,0,0,,,0,0,1.0,12.0,12,4,,,0,0,0.0,0.0,4,4,0.0,0.0,12,4,,,0,0,,,0,0,,,0,0,,,0,0,,,0,0,,,0,0,SAME_H_IMAGE,METRIC,,,,,,,,,,,,
NEW7,A,0,C_EXTRA_QA,FORCED_ON,challenge,challenge,STRICT_BASE,320,False,micro,12,4,3,UNKNOWN,1.0,12.0,12,4,,,0,0,1.0,12.0,12,4,0.3333333333333333,4.0,12,4,0.0,0.0,4,4,1.0,4.0,4,4,1.0,8.0,8,4,1.0,8.0,8,4,1.0,12.0,12,4,1.0,12.0,12,4,1.0,12.0,12,4,0.0,0.0,4,4,0.0,0.0,12,4,,,0,0,1.0,12.0,12,4,,,0,0,,,0,0,,,0,0,,,0,0,,,0,0,,,0,0,1.0,12.0,12,4,,,0,0,0.0,0.0,4,4,0.0,0.0,12,4,,,0,0,,,0,0,,,0,0,,,0,0,,,0,0,,,0,0,SAME_H_IMAGE,METRIC,,,,,,,,,,,,
NEW7,A,0,C_EXTRA_QA,FORCED_ON,evaluation,H,STRICT_BASE,320,False,macro,9,7,3,UNKNOWN,0.0,0.0,9,7,,,0,0,0.0,0.0,9,7,0.6428571428571429,5.0,9,7,1.0,5.0,5,5,0.0,0.0,5,5,0.0,0.0,4,3,1.0,4.0,4,3,1.0,9.0,9,7,0.0,0.0,9,7,1.0,9.0,9,7,1.0,5.0,5,5,0.0,0.0,9,7,,,0,0,0.0,0.0,9,7,,,0,0,,,0,0,,,0,0,,,0,0,,,0,0,,,0,0,1.0,9.0,9,7,,,0,0,1.0,5.0,5,5,1.0,9.0,9,7,,,0,0,,,0,0,,,0,0,,,0,0,,,0,0,,,0,0,SAME_H_IMAGE,METRIC,,,,,,,,,,,,
NEW7,A,0,C_EXTRA_QA,FORCED_ON,evaluation,H,STRICT_BASE,320,False,micro,9,7,3,UNKNOWN,0.0,0.0,9,7,,,0,0,0.0,0.0,9,7,0.5555555555555556,5.0,9,7,1.0,5.0,5,5,0.0,0.0,5,5,0.0,0.0,4,3,1.0,4.0,4,3,1.0,9.0,9,7,0.0,0.0,9,7,1.0,9.0,9,7,1.0,5.0,5,5,0.0,0.0,9,7,,,0,0,0.0,0.0,9,7,,,0,0,,,0,0,,,0,0,,,0,0,,,0,0,,,0,0,1.0,9.0,9,7,,,0,0,1.0,5.0,5,5,1.0,9.0,9,7,,,0,0,,,0,0,,,0,0,,,0,0,,,0,0,,,0,0,SAME_H_IMAGE,METRIC,,,,,,,,,,,,
NEW7,A,0,C_EXTRA_QA,FORCED_ON,evaluation,U,STRICT_BASE,320,False,macro,28,7,2,UNKNOWN,0.7261904761904762,17.0,28,7,,,0,0,0.7261904761904762,17.0,28,7,0.8452380952380952,22.0,28,7,0.16666666666666666,5.0,22,7,0.8333333333333334,17.0,22,7,0.0,0.0,6,6,1.0,6.0,6,6,1.0,28.0,28,7,0.7261904761904762,17.0,28,7,1.0,28.0,28,7,0.16666666666666666,5.0,22,7,0.07142857142857142,3.0,28,7,,,0,0,0.7261904761904762,17.0,28,7,,,0,0,,,0,0,,,0,0,,,0,0,,,0,0,,,0,0,1.0,28.0,28,7,,,0,0,0.16666666666666666,5.0,22,7,0.2738095238095238,11.0,28,7,,,0,0,,,0,0,,,0,0,,,0,0,,,0,0,,,0,0,SAME_H_IMAGE,METRIC,,,,,,,,,,,,
NEW7,A,0,C_EXTRA_QA,FORCED_ON,evaluation,U,STRICT_BASE,320,False,micro,28,7,2,UNKNOWN,0.6071428571428571,17.0,28,7,,,0,0,0.6071428571428571,17.0,28,7,0.7857142857142857,22.0,28,7,0.22727272727272727,5.0,22,7,0.7727272727272727,17.0,22,7,0.0,0.0,6,6,1.0,6.0,6,6,1.0,28.0,28,7,0.6071428571428571,17.0,28,7,1.0,28.0,28,7,0.22727272727272727,5.0,22,7,0.10714285714285714,3.0,28,7,,,0,0,0.6071428571428571,17.0,28,7,,,0,0,,,0,0,,,0,0,,,0,0,,,0,0,,,0,0,1.0,28.0,28,7,,,0,0,0.22727272727272727,5.0,22,7,0.39285714285714285,11.0,28,7,,,0,0,,,0,0,,,0,0,,,0,0,,,0,0,,,0,0,SAME_H_IMAGE,METRIC,,,,,,,,,,,,
NEW7,A,0,C_EXTRA_QA,FORCED_ON,evaluation,cross_family_confirmation,EDIT_TARGET,320,False,macro,14,7,7,UNKNOWN,0.8571428571428571,12.0,14,7,,,0,0,0.8571428571428571,12.0,14,7,0.42857142857142855,6.0,14,7,,,0,0,,,0,0,0.75,6.0,8,4,1.0,8.0,8,4,1.0,14.0,14,7,0.8571428571428571,12.0,14,7,,,0,0,,,0,0,0.0,0.0,14,7,,,0,0,0.8571428571428571,12.0,14,7,,,0,0,,,0,0,,,0,0,,,0,0,,,0,0,,,0,0,1.0,14.0,14,7,,,0,0,,,0,0,,,0,0,0.0,0.0,14,7,,,0,0,,,0,0,,,0,0,,,0,0,,,0,0,SAME_H_IMAGE,METRIC,,,,,,,,,,,,
NEW7,A,0,C_EXTRA_QA,FORCED_ON,evaluation,cross_family_confirmation,EDIT_TARGET,320,False,micro,14,7,7,UNKNOWN,0.8571428571428571,12.0,14,7,,,0,0,0.8571428571428571,12.0,14,7,0.42857142857142855,6.0,14,7,,,0,0,,,0,0,0.75,6.0,8,4,1.0,8.0,8,4,1.0,14.0,14,7,0.8571428571428571,12.0,14,7,,,0,0,,,0,0,0.0,0.0,14,7,,,0,0,0.8571428571428571,12.0,14,7,,,0,0,,,0,0,,,0,0,,,0,0,,,0,0,,,0,0,1.0,14.0,14,7,,,0,0,,,0,0,,,0,0,0.0,0.0,14,7,,,0,0,,,0,0,,,0,0,,,0,0,,,0,0,SAME_H_IMAGE,METRIC,,,,,,,,,,,,
NEW7,A,0,C_EXTRA_QA,FORCED_ON,evaluation,source_style_confirmation,EDIT_TARGET,320,False,macro,14,7,7,UNKNOWN,1.0,14.0,14,7,,,0,0,1.0,14.0,14,7,0.5714285714285714,8.0,14,7,,,0,0,,,0,0,1.0,6.0,6,3,1.0,6.0,6,3,1.0,14.0,14,7,1.0,14.0,14,7,,,0,0,,,0,0,0.0,0.0,14,7,,,0,0,1.0,14.0,14,7,,,0,0,,,0,0,,,0,0,,,0,0,,,0,0,,,0,0,1.0,14.0,14,7,,,0,0,,,0,0,,,0,0,0.0,0.0,14,7,,,0,0,,,0,0,,,0,0,,,0,0,,,0,0,SAME_H_IMAGE,METRIC,,,,,,,,,,,,
NEW7,A,0,C_EXTRA_QA,FORCED_ON,evaluation,source_style_confirmation,EDIT_TARGET,320,False,micro,14,7,7,UNKNOWN,1.0,14.0,14,7,,,0,0,1.0,14.0,14,7,0.5714285714285714,8.0,14,7,,,0,0,,,0,0,1.0,6.0,6,3,1.0,6.0,6,3,1.0,14.0,14,7,1.0,14.0,14,7,,,0,0,,,0,0,0.0,0.0,14,7,,,0,0,1.0,14.0,14,7,,,0,0,,,0,0,,,0,0,,,0,0,,,0,0,,,0,0,1.0,14.0,14,7,,,0,0,,,0,0,,,0,0,0.0,0.0,14,7,,,0,0,,,0,0,,,0,0,,,0,0,,,0,0,SAME_H_IMAGE,METRIC,,,,,,,,,,,,
NEW7,A,0,C_EXTRA_QA,FORCED_ON,fit,H,STRICT_BASE,320,False,macro,7,7,2,UNKNOWN,0.0,0.0,7,7,,,0,0,0.0,0.0,7,7,1.0,7.0,7,7,1.0,7.0,7,7,0.0,0.0,7,7,,,0,0,,,0,0,1.0,7.0,7,7,0.0,0.0,7,7,1.0,7.0,7,7,1.0,7.0,7,7,0.0,0.0,7,7,,,0,0,0.0,0.0,7,7,,,0,0,,,0,0,,,0,0,,,0,0,,,0,0,,,0,0,1.0,7.0,7,7,,,0,0,1.0,7.0,7,7,1.0,7.0,7,7,,,0,0,,,0,0,,,0,0,,,0,0,,,0,0,,,0,0,SAME_H_IMAGE,METRIC,,,,,,,,,,,,
NEW7,A,0,C_EXTRA_QA,FORCED_ON,fit,H,STRICT_BASE,320,False,micro,7,7,2,UNKNOWN,0.0,0.0,7,7,,,0,0,0.0,0.0,7,7,1.0,7.0,7,7,1.0,7.0,7,7,0.0,0.0,7,7,,,0,0,,,0,0,1.0,7.0,7,7,0.0,0.0,7,7,1.0,7.0,7,7,1.0,7.0,7,7,0.0,0.0,7,7,,,0,0,0.0,0.0,7,7,,,0,0,,,0,0,,,0,0,,,0,0,,,0,0,,,0,0,1.0,7.0,7,7,,,0,0,1.0,7.0,7,7,1.0,7.0,7,7,,,0,0,,,0,0,,,0,0,,,0,0,,,0,0,,,0,0,SAME_H_IMAGE,METRIC,,,,,,,,,,,,
NEW7,A,0,C_EXTRA_QA,FORCED_ON,fit,U,STRICT_BASE,320,False,macro,7,7,1,UNKNOWN,1.0,7.0,7,7,,,0,0,1.0,7.0,7,7,1.0,7.0,7,7,0.0,0.0,7,7,1.0,7.0,7,7,,,0,0,,,0,0,1.0,7.0,7,7,1.0,7.0,7,7,1.0,7.0,7,7,0.0,0.0,7,7,0.5714285714285714,4.0,7,7,,,0,0,1.0,7.0,7,7,,,0,0,,,0,0,,,0,0,,,0,0,,,0,0,,,0,0,1.0,7.0,7,7,,,0,0,0.0,0.0,7,7,0.0,0.0,7,7,,,0,0,,,0,0,,,0,0,,,0,0,,,0,0,,,0,0,SAME_H_IMAGE,METRIC,,,,,,,,,,,,
NEW7,A,0,C_EXTRA_QA,FORCED_ON,fit,U,STRICT_BASE,320,False,micro,7,7,1,UNKNOWN,1.0,7.0,7,7,,,0,0,1.0,7.0,7,7,1.0,7.0,7,7,0.0,0.0,7,7,1.0,7.0,7,7,,,0,0,,,0,0,1.0,7.0,7,7,1.0,7.0,7,7,1.0,7.0,7,7,0.0,0.0,7,7,0.5714285714285714,4.0,7,7,,,0,0,1.0,7.0,7,7,,,0,0,,,0,0,,,0,0,,,0,0,,,0,0,,,0,0,1.0,7.0,7,7,,,0,0,0.0,0.0,7,7,0.0,0.0,7,7,,,0,0,,,0,0,,,0,0,,,0,0,,,0,0,,,0,0,SAME_H_IMAGE,METRIC,,,,,,,,,,,,
NEW7,A,0,C_EXTRA_QA,FORCED_ON,fit,positive,EDIT_TARGET,320,False,macro,28,7,7,UNKNOWN,0.9642857142857143,27.0,28,7,,,0,0,0.9642857142857143,27.0,28,7,0.35714285714285715,10.0,28,7,,,0,0,,,0,0,0.9583333333333334,17.0,18,6,1.0,18.0,18,6,1.0,28.0,28,7,0.9642857142857143,27.0,28,7,,,0,0,,,0,0,0.0,0.0,28,7,,,0,0,0.9642857142857143,27.0,28,7,,,0,0,,,0,0,,,0,0,,,0,0,,,0,0,,,0,0,1.0,28.0,28,7,,,0,0,,,0,0,,,0,0,0.0,0.0,28,7,,,0,0,,,0,0,,,0,0,,,0,0,,,0,0,SAME_H_IMAGE,METRIC,,,,,,,,,,,,
NEW7,A,0,C_EXTRA_QA,FORCED_ON,fit,positive,EDIT_TARGET,320,False,micro,28,7,7,UNKNOWN,0.9642857142857143,27.0,28,7,,,0,0,0.9642857142857143,27.0,28,7,0.35714285714285715,10.0,28,7,,,0,0,,,0,0,0.9444444444444444,17.0,18,6,1.0,18.0,18,6,1.0,28.0,28,7,0.9642857142857143,27.0,28,7,,,0,0,,,0,0,0.0,0.0,28,7,,,0,0,0.9642857142857143,27.0,28,7,,,0,0,,,0,0,,,0,0,,,0,0,,,0,0,,,0,0,1.0,28.0,28,7,,,0,0,,,0,0,,,0,0,0.0,0.0,28,7,,,0,0,,,0,0,,,0,0,,,0,0,,,0,0,SAME_H_IMAGE,METRIC,,,,,,,,,,,,
NEW7,A,0,C_EXTRA_QA,FORCED_ON,native,T0,EDIT_TARGET,320,False,macro,7,7,7,UNKNOWN,0.8571428571428571,6.0,7,7,0.8571428571428571,6.0,7,7,0.8571428571428571,6.0,7,7,0.0,0.0,7,7,,,0,0,,,0,0,0.8571428571428571,6.0,7,7,1.0,7.0,7,7,1.0,7.0,7,7,0.8571428571428571,6.0,7,7,,,0,0,,,0,0,0.0,0.0,7,7,,,0,0,0.8571428571428571,6.0,7,7,,,0,0,,,0,0,,,0,0,,,0,0,,,0,0,,,0,0,1.0,7.0,7,7,,,0,0,,,0,0,,,0,0,0.0,0.0,7,7,,,0,0,,,0,0,,,0,0,,,0,0,,,0,0,SAME_H_IMAGE,METRIC,,,,,,,,,,,,
NEW7,A,0,C_EXTRA_QA,FORCED_ON,native,T0,EDIT_TARGET,320,False,micro,7,7,7,UNKNOWN,0.8571428571428571,6.0,7,7,0.8571428571428571,6.0,7,7,0.8571428571428571,6.0,7,7,0.0,0.0,7,7,,,0,0,,,0,0,0.8571428571428571,6.0,7,7,1.0,7.0,7,7,1.0,7.0,7,7,0.8571428571428571,6.0,7,7,,,0,0,,,0,0,0.0,0.0,7,7,,,0,0,0.8571428571428571,6.0,7,7,,,0,0,,,0,0,,,0,0,,,0,0,,,0,0,,,0,0,1.0,7.0,7,7,,,0,0,,,0,0,,,0,0,0.0,0.0,7,7,,,0,0,,,0,0,,,0,0,,,0,0,,,0,0,SAME_H_IMAGE,METRIC,,,,,,,,,,,,
NEW7,A,0,C_FACT,FORCED_ON,challenge,challenge,STRICT_BASE,320,False,macro,12,4,3,UNKNOWN,0.75,9.0,12,4,,,0,0,0.75,9.0,12,4,0.3333333333333333,4.0,12,4,0.0,0.0,4,4,1.0,4.0,4,4,0.625,5.0,8,4,1.0,8.0,8,4,1.0,12.0,12,4,0.75,9.0,12,4,1.0,12.0,12,4,0.0,0.0,4,4,0.0,0.0,12,4,,,0,0,0.75,9.0,12,4,,,0,0,,,0,0,,,0,0,,,0,0,,,0,0,,,0,0,1.0,12.0,12,4,,,0,0,0.0,0.0,4,4,0.25,3.0,12,4,,,0,0,,,0,0,,,0,0,,,0,0,,,0,0,,,0,0,SAME_H_IMAGE,METRIC,,,,,,,,,,,,
NEW7,A,0,C_FACT,FORCED_ON,challenge,challenge,STRICT_BASE,320,False,micro,12,4,3,UNKNOWN,0.75,9.0,12,4,,,0,0,0.75,9.0,12,4,0.3333333333333333,4.0,12,4,0.0,0.0,4,4,1.0,4.0,4,4,0.625,5.0,8,4,1.0,8.0,8,4,1.0,12.0,12,4,0.75,9.0,12,4,1.0,12.0,12,4,0.0,0.0,4,4,0.0,0.0,12,4,,,0,0,0.75,9.0,12,4,,,0,0,,,0,0,,,0,0,,,0,0,,,0,0,,,0,0,1.0,12.0,12,4,,,0,0,0.0,0.0,4,4,0.25,3.0,12,4,,,0,0,,,0,0,,,0,0,,,0,0,,,0,0,,,0,0,SAME_H_IMAGE,METRIC,,,,,,,,,,,,
NEW7,A,0,C_FACT,FORCED_ON,evaluation,H,STRICT_BASE,320,False,macro,9,7,3,UNKNOWN,0.8571428571428571,7.0,9,7,,,0,0,0.8571428571428571,7.0,9,7,0.6428571428571429,5.0,9,7,0.0,0.0,5,5,1.0,5.0,5,5,0.6666666666666666,2.0,4,3,1.0,4.0,4,3,1.0,9.0,9,7,0.8571428571428571,7.0,9,7,1.0,9.0,9,7,0.0,0.0,5,5,0.0,0.0,9,7,,,0,0,0.8571428571428571,7.0,9,7,,,0,0,,,0,0,,,0,0,,,0,0,,,0,0,,,0,0,1.0,9.0,9,7,,,0,0,0.0,0.0,5,5,0.14285714285714285,2.0,9,7,,,0,0,,,0,0,,,0,0,,,0,0,,,0,0,,,0,0,SAME_H_IMAGE,METRIC,,,,,,,,,,,,
NEW7,A,0,C_FACT,FORCED_ON,evaluation,H,STRICT_BASE,320,False,micro,9,7,3,UNKNOWN,0.7777777777777778,7.0,9,7,,,0,0,0.7777777777777778,7.0,9,7,0.5555555555555556,5.0,9,7,0.0,0.0,5,5,1.0,5.0,5,5,0.5,2.0,4,3,1.0,4.0,4,3,1.0,9.0,9,7,0.7777777777777778,7.0,9,7,1.0,9.0,9,7,0.0,0.0,5,5,0.0,0.0,9,7,,,0,0,0.7777777777777778,7.0,9,7,,,0,0,,,0,0,,,0,0,,,0,0,,,0,0,,,0,0,1.0,9.0,9,7,,,0,0,0.0,0.0,5,5,0.2222222222222222,2.0,9,7,,,0,0,,,0,0,,,0,0,,,0,0,,,0,0,,,0,0,SAME_H_IMAGE,METRIC,,,,,,,,,,,,
NEW7,A,0,C_FACT,FORCED_ON,evaluation,U,STRICT_BASE,320,False,macro,28,7,2,UNKNOWN,0.8333333333333333,22.0,28,7,,,0,0,0.8333333333333333,22.0,28,7,0.8452380952380952,22.0,28,7,0.047619047619047616,1.0,22,7,0.9523809523809523,21.0,22,7,0.16666666666666666,1.0,6,6,0.8333333333333334,5.0,6,6,1.0,28.0,28,7,0.8333333333333333,22.0,28,7,1.0,28.0,28,7,0.047619047619047616,1.0,22,7,0.2738095238095238,9.0,28,7,,,0,0,0.8333333333333333,22.0,28,7,,,0,0,,,0,0,,,0,0,,,0,0,,,0,0,,,0,0,1.0,28.0,28,7,,,0,0,0.047619047619047616,1.0,22,7,0.16666666666666666,6.0,28,7,,,0,0,,,0,0,,,0,0,,,0,0,,,0,0,,,0,0,SAME_H_IMAGE,METRIC,,,,,,,,,,,,
NEW7,A,0,C_FACT,FORCED_ON,evaluation,U,STRICT_BASE,320,False,micro,28,7,2,UNKNOWN,0.7857142857142857,22.0,28,7,,,0,0,0.7857142857142857,22.0,28,7,0.7857142857142857,22.0,28,7,0.045454545454545456,1.0,22,7,0.9545454545454546,21.0,22,7,0.16666666666666666,1.0,6,6,0.8333333333333334,5.0,6,6,1.0,28.0,28,7,0.7857142857142857,22.0,28,7,1.0,28.0,28,7,0.045454545454545456,1.0,22,7,0.32142857142857145,9.0,28,7,,,0,0,0.7857142857142857,22.0,28,7,,,0,0,,,0,0,,,0,0,,,0,0,,,0,0,,,0,0,1.0,28.0,28,7,,,0,0,0.045454545454545456,1.0,22,7,0.21428571428571427,6.0,28,7,,,0,0,,,0,0,,,0,0,,,0,0,,,0,0,,,0,0,SAME_H_IMAGE,METRIC,,,,,,,,,,,,
NEW7,A,0,C_FACT,FORCED_ON,evaluation,cross_family_confirmation,EDIT_TARGET,320,False,macro,14,7,7,UNKNOWN,0.8571428571428571,12.0,14,7,,,0,0,0.8571428571428571,12.0,14,7,0.42857142857142855,6.0,14,7,,,0,0,,,0,0,0.75,6.0,8,4,1.0,8.0,8,4,1.0,14.0,14,7,0.8571428571428571,12.0,14,7,,,0,0,,,0,0,0.0,0.0,14,7,,,0,0,0.8571428571428571,12.0,14,7,,,0,0,,,0,0,,,0,0,,,0,0,,,0,0,,,0,0,1.0,14.0,14,7,,,0,0,,,0,0,,,0,0,0.0,0.0,14,7,,,0,0,,,0,0,,,0,0,,,0,0,,,0,0,SAME_H_IMAGE,METRIC,,,,,,,,,,,,
NEW7,A,0,C_FACT,FORCED_ON,evaluation,cross_family_confirmation,EDIT_TARGET,320,False,micro,14,7,7,UNKNOWN,0.8571428571428571,12.0,14,7,,,0,0,0.8571428571428571,12.0,14,7,0.42857142857142855,6.0,14,7,,,0,0,,,0,0,0.75,6.0,8,4,1.0,8.0,8,4,1.0,14.0,14,7,0.8571428571428571,12.0,14,7,,,0,0,,,0,0,0.0,0.0,14,7,,,0,0,0.8571428571428571,12.0,14,7,,,0,0,,,0,0,,,0,0,,,0,0,,,0,0,,,0,0,1.0,14.0,14,7,,,0,0,,,0,0,,,0,0,0.0,0.0,14,7,,,0,0,,,0,0,,,0,0,,,0,0,,,0,0,SAME_H_IMAGE,METRIC,,,,,,,,,,,,
NEW7,A,0,C_FACT,FORCED_ON,evaluation,source_style_confirmation,EDIT_TARGET,320,False,macro,14,7,7,UNKNOWN,1.0,14.0,14,7,,,0,0,1.0,14.0,14,7,0.5714285714285714,8.0,14,7,,,0,0,,,0,0,1.0,6.0,6,3,1.0,6.0,6,3,1.0,14.0,14,7,1.0,14.0,14,7,,,0,0,,,0,0,0.0,0.0,14,7,,,0,0,1.0,14.0,14,7,,,0,0,,,0,0,,,0,0,,,0,0,,,0,0,,,0,0,1.0,14.0,14,7,,,0,0,,,0,0,,,0,0,0.0,0.0,14,7,,,0,0,,,0,0,,,0,0,,,0,0,,,0,0,SAME_H_IMAGE,METRIC,,,,,,,,,,,,
NEW7,A,0,C_FACT,FORCED_ON,evaluation,source_style_confirmation,EDIT_TARGET,320,False,micro,14,7,7,UNKNOWN,1.0,14.0,14,7,,,0,0,1.0,14.0,14,7,0.5714285714285714,8.0,14,7,,,0,0,,,0,0,1.0,6.0,6,3,1.0,6.0,6,3,1.0,14.0,14,7,1.0,14.0,14,7,,,0,0,,,0,0,0.0,0.0,14,7,,,0,0,1.0,14.0,14,7,,,0,0,,,0,0,,,0,0,,,0,0,,,0,0,,,0,0,1.0,14.0,14,7,,,0,0,,,0,0,,,0,0,0.0,0.0,14,7,,,0,0,,,0,0,,,0,0,,,0,0,,,0,0,SAME_H_IMAGE,METRIC,,,,,,,,,,,,
NEW7,A,0,C_FACT,FORCED_ON,fit,H,STRICT_BASE,320,False,macro,7,7,2,UNKNOWN,1.0,7.0,7,7,,,0,0,1.0,7.0,7,7,1.0,7.0,7,7,0.0,0.0,7,7,1.0,7.0,7,7,,,0,0,,,0,0,1.0,7.0,7,7,1.0,7.0,7,7,1.0,7.0,7,7,0.0,0.0,7,7,0.0,0.0,7,7,,,0,0,1.0,7.0,7,7,,,0,0,,,0,0,,,0,0,,,0,0,,,0,0,,,0,0,1.0,7.0,7,7,,,0,0,0.0,0.0,7,7,0.0,0.0,7,7,,,0,0,,,0,0,,,0,0,,,0,0,,,0,0,,,0,0,SAME_H_IMAGE,METRIC,,,,,,,,,,,,
NEW7,A,0,C_FACT,FORCED_ON,fit,H,STRICT_BASE,320,False,micro,7,7,2,UNKNOWN,1.0,7.0,7,7,,,0,0,1.0,7.0,7,7,1.0,7.0,7,7,0.0,0.0,7,7,1.0,7.0,7,7,,,0,0,,,0,0,1.0,7.0,7,7,1.0,7.0,7,7,1.0,7.0,7,7,0.0,0.0,7,7,0.0,0.0,7,7,,,0,0,1.0,7.0,7,7,,,0,0,,,0,0,,,0,0,,,0,0,,,0,0,,,0,0,1.0,7.0,7,7,,,0,0,0.0,0.0,7,7,0.0,0.0,7,7,,,0,0,,,0,0,,,0,0,,,0,0,,,0,0,,,0,0,SAME_H_IMAGE,METRIC,,,,,,,,,,,,
NEW7,A,0,C_FACT,FORCED_ON,fit,U,STRICT_BASE,320,False,macro,7,7,1,UNKNOWN,1.0,7.0,7,7,,,0,0,1.0,7.0,7,7,1.0,7.0,7,7,0.0,0.0,7,7,1.0,7.0,7,7,,,0,0,,,0,0,1.0,7.0,7,7,1.0,7.0,7,7,1.0,7.0,7,7,0.0,0.0,7,7,0.7142857142857143,5.0,7,7,,,0,0,1.0,7.0,7,7,,,0,0,,,0,0,,,0,0,,,0,0,,,0,0,,,0,0,1.0,7.0,7,7,,,0,0,0.0,0.0,7,7,0.0,0.0,7,7,,,0,0,,,0,0,,,0,0,,,0,0,,,0,0,,,0,0,SAME_H_IMAGE,METRIC,,,,,,,,,,,,
NEW7,A,0,C_FACT,FORCED_ON,fit,U,STRICT_BASE,320,False,micro,7,7,1,UNKNOWN,1.0,7.0,7,7,,,0,0,1.0,7.0,7,7,1.0,7.0,7,7,0.0,0.0,7,7,1.0,7.0,7,7,,,0,0,,,0,0,1.0,7.0,7,7,1.0,7.0,7,7,1.0,7.0,7,7,0.0,0.0,7,7,0.7142857142857143,5.0,7,7,,,0,0,1.0,7.0,7,7,,,0,0,,,0,0,,,0,0,,,0,0,,,0,0,,,0,0,1.0,7.0,7,7,,,0,0,0.0,0.0,7,7,0.0,0.0,7,7,,,0,0,,,0,0,,,0,0,,,0,0,,,0,0,,,0,0,SAME_H_IMAGE,METRIC,,,,,,,,,,,,
NEW7,A,0,C_FACT,FORCED_ON,fit,positive,EDIT_TARGET,320,False,macro,28,7,7,UNKNOWN,0.9642857142857143,27.0,28,7,,,0,0,0.9642857142857143,27.0,28,7,0.35714285714285715,10.0,28,7,,,0,0,,,0,0,0.9583333333333334,17.0,18,6,1.0,18.0,18,6,1.0,28.0,28,7,0.9642857142857143,27.0,28,7,,,0,0,,,0,0,0.0,0.0,28,7,,,0,0,0.9642857142857143,27.0,28,7,,,0,0,,,0,0,,,0,0,,,0,0,,,0,0,,,0,0,1.0,28.0,28,7,,,0,0,,,0,0,,,0,0,0.0,0.0,28,7,,,0,0,,,0,0,,,0,0,,,0,0,,,0,0,SAME_H_IMAGE,METRIC,,,,,,,,,,,,
NEW7,A,0,C_FACT,FORCED_ON,fit,positive,EDIT_TARGET,320,False,micro,28,7,7,UNKNOWN,0.9642857142857143,27.0,28,7,,,0,0,0.9642857142857143,27.0,28,7,0.35714285714285715,10.0,28,7,,,0,0,,,0,0,0.9444444444444444,17.0,18,6,1.0,18.0,18,6,1.0,28.0,28,7,0.9642857142857143,27.0,28,7,,,0,0,,,0,0,0.0,0.0,28,7,,,0,0,0.9642857142857143,27.0,28,7,,,0,0,,,0,0,,,0,0,,,0,0,,,0,0,,,0,0,1.0,28.0,28,7,,,0,0,,,0,0,,,0,0,0.0,0.0,28,7,,,0,0,,,0,0,,,0,0,,,0,0,,,0,0,SAME_H_IMAGE,METRIC,,,,,,,,,,,,
NEW7,A,0,C_FACT,FORCED_ON,native,T0,EDIT_TARGET,320,False,macro,7,7,7,UNKNOWN,0.8571428571428571,6.0,7,7,0.8571428571428571,6.0,7,7,0.8571428571428571,6.0,7,7,0.0,0.0,7,7,,,0,0,,,0,0,0.8571428571428571,6.0,7,7,1.0,7.0,7,7,1.0,7.0,7,7,0.8571428571428571,6.0,7,7,,,0,0,,,0,0,0.0,0.0,7,7,,,0,0,0.8571428571428571,6.0,7,7,,,0,0,,,0,0,,,0,0,,,0,0,,,0,0,,,0,0,1.0,7.0,7,7,,,0,0,,,0,0,,,0,0,0.0,0.0,7,7,,,0,0,,,0,0,,,0,0,,,0,0,,,0,0,SAME_H_IMAGE,METRIC,,,,,,,,,,,,
NEW7,A,0,C_FACT,FORCED_ON,native,T0,EDIT_TARGET,320,False,micro,7,7,7,UNKNOWN,0.8571428571428571,6.0,7,7,0.8571428571428571,6.0,7,7,0.8571428571428571,6.0,7,7,0.0,0.0,7,7,,,0,0,,,0,0,0.8571428571428571,6.0,7,7,1.0,7.0,7,7,1.0,7.0,7,7,0.8571428571428571,6.0,7,7,,,0,0,,,0,0,0.0,0.0,7,7,,,0,0,0.8571428571428571,6.0,7,7,,,0,0,,,0,0,,,0,0,,,0,0,,,0,0,,,0,0,1.0,7.0,7,7,,,0,0,,,0,0,,,0,0,0.0,0.0,7,7,,,0,0,,,0,0,,,0,0,,,0,0,,,0,0,SAME_H_IMAGE,METRIC,,,,,,,,,,,,
NEW7,A,0,C_NO_H,FORCED_ON,challenge,challenge,STRICT_BASE,320,False,macro,12,4,3,UNKNOWN,1.0,12.0,12,4,,,0,0,1.0,12.0,12,4,0.3333333333333333,4.0,12,4,0.0,0.0,4,4,1.0,4.0,4,4,1.0,8.0,8,4,1.0,8.0,8,4,1.0,12.0,12,4,1.0,12.0,12,4,1.0,12.0,12,4,0.0,0.0,4,4,0.0,0.0,12,4,,,0,0,1.0,12.0,12,4,,,0,0,,,0,0,,,0,0,,,0,0,,,0,0,,,0,0,1.0,12.0,12,4,,,0,0,0.0,0.0,4,4,0.0,0.0,12,4,,,0,0,,,0,0,,,0,0,,,0,0,,,0,0,,,0,0,SAME_H_IMAGE,METRIC,,,,,,,,,,,,
NEW7,A,0,C_NO_H,FORCED_ON,challenge,challenge,STRICT_BASE,320,False,micro,12,4,3,UNKNOWN,1.0,12.0,12,4,,,0,0,1.0,12.0,12,4,0.3333333333333333,4.0,12,4,0.0,0.0,4,4,1.0,4.0,4,4,1.0,8.0,8,4,1.0,8.0,8,4,1.0,12.0,12,4,1.0,12.0,12,4,1.0,12.0,12,4,0.0,0.0,4,4,0.0,0.0,12,4,,,0,0,1.0,12.0,12,4,,,0,0,,,0,0,,,0,0,,,0,0,,,0,0,,,0,0,1.0,12.0,12,4,,,0,0,0.0,0.0,4,4,0.0,0.0,12,4,,,0,0,,,0,0,,,0,0,,,0,0,,,0,0,,,0,0,SAME_H_IMAGE,METRIC,,,,,,,,,,,,
NEW7,A,0,C_NO_H,FORCED_ON,evaluation,H,STRICT_BASE,320,False,macro,9,7,3,UNKNOWN,0.0,0.0,9,7,,,0,0,0.0,0.0,9,7,0.6428571428571429,5.0,9,7,1.0,5.0,5,5,0.0,0.0,5,5,0.0,0.0,4,3,1.0,4.0,4,3,1.0,9.0,9,7,0.0,0.0,9,7,1.0,9.0,9,7,1.0,5.0,5,5,0.0,0.0,9,7,,,0,0,0.0,0.0,9,7,,,0,0,,,0,0,,,0,0,,,0,0,,,0,0,,,0,0,1.0,9.0,9,7,,,0,0,1.0,5.0,5,5,1.0,9.0,9,7,,,0,0,,,0,0,,,0,0,,,0,0,,,0,0,,,0,0,SAME_H_IMAGE,METRIC,,,,,,,,,,,,
NEW7,A,0,C_NO_H,FORCED_ON,evaluation,H,STRICT_BASE,320,False,micro,9,7,3,UNKNOWN,0.0,0.0,9,7,,,0,0,0.0,0.0,9,7,0.5555555555555556,5.0,9,7,1.0,5.0,5,5,0.0,0.0,5,5,0.0,0.0,4,3,1.0,4.0,4,3,1.0,9.0,9,7,0.0,0.0,9,7,1.0,9.0,9,7,1.0,5.0,5,5,0.0,0.0,9,7,,,0,0,0.0,0.0,9,7,,,0,0,,,0,0,,,0,0,,,0,0,,,0,0,,,0,0,1.0,9.0,9,7,,,0,0,1.0,5.0,5,5,1.0,9.0,9,7,,,0,0,,,0,0,,,0,0,,,0,0,,,0,0,,,0,0,SAME_H_IMAGE,METRIC,,,,,,,,,,,,
NEW7,A,0,C_NO_H,FORCED_ON,evaluation,U,STRICT_BASE,320,False,macro,28,7,2,UNKNOWN,0.5,13.0,28,7,,,0,0,0.5,13.0,28,7,0.8452380952380952,22.0,28,7,0.44047619047619047,10.0,22,7,0.5595238095238095,12.0,22,7,0.16666666666666666,1.0,6,6,1.0,6.0,6,6,1.0,28.0,28,7,0.5,13.0,28,7,1.0,28.0,28,7,0.44047619047619047,10.0,22,7,0.023809523809523808,1.0,28,7,,,0,0,0.5,13.0,28,7,,,0,0,,,0,0,,,0,0,,,0,0,,,0,0,,,0,0,1.0,28.0,28,7,,,0,0,0.44047619047619047,10.0,22,7,0.49999999999999994,15.0,28,7,,,0,0,,,0,0,,,0,0,,,0,0,,,0,0,,,0,0,SAME_H_IMAGE,METRIC,,,,,,,,,,,,
NEW7,A,0,C_NO_H,FORCED_ON,evaluation,U,STRICT_BASE,320,False,micro,28,7,2,UNKNOWN,0.4642857142857143,13.0,28,7,,,0,0,0.4642857142857143,13.0,28,7,0.7857142857142857,22.0,28,7,0.45454545454545453,10.0,22,7,0.5454545454545454,12.0,22,7,0.16666666666666666,1.0,6,6,1.0,6.0,6,6,1.0,28.0,28,7,0.4642857142857143,13.0,28,7,1.0,28.0,28,7,0.45454545454545453,10.0,22,7,0.03571428571428571,1.0,28,7,,,0,0,0.4642857142857143,13.0,28,7,,,0,0,,,0,0,,,0,0,,,0,0,,,0,0,,,0,0,1.0,28.0,28,7,,,0,0,0.45454545454545453,10.0,22,7,0.5357142857142857,15.0,28,7,,,0,0,,,0,0,,,0,0,,,0,0,,,0,0,,,0,0,SAME_H_IMAGE,METRIC,,,,,,,,,,,,
NEW7,A,0,C_NO_H,FORCED_ON,evaluation,cross_family_confirmation,EDIT_TARGET,320,False,macro,14,7,7,UNKNOWN,0.8571428571428571,12.0,14,7,,,0,0,0.8571428571428571,12.0,14,7,0.42857142857142855,6.0,14,7,,,0,0,,,0,0,0.75,6.0,8,4,1.0,8.0,8,4,1.0,14.0,14,7,0.8571428571428571,12.0,14,7,,,0,0,,,0,0,0.0,0.0,14,7,,,0,0,0.8571428571428571,12.0,14,7,,,0,0,,,0,0,,,0,0,,,0,0,,,0,0,,,0,0,1.0,14.0,14,7,,,0,0,,,0,0,,,0,0,0.0,0.0,14,7,,,0,0,,,0,0,,,0,0,,,0,0,,,0,0,SAME_H_IMAGE,METRIC,,,,,,,,,,,,
NEW7,A,0,C_NO_H,FORCED_ON,evaluation,cross_family_confirmation,EDIT_TARGET,320,False,micro,14,7,7,UNKNOWN,0.8571428571428571,12.0,14,7,,,0,0,0.8571428571428571,12.0,14,7,0.42857142857142855,6.0,14,7,,,0,0,,,0,0,0.75,6.0,8,4,1.0,8.0,8,4,1.0,14.0,14,7,0.8571428571428571,12.0,14,7,,,0,0,,,0,0,0.0,0.0,14,7,,,0,0,0.8571428571428571,12.0,14,7,,,0,0,,,0,0,,,0,0,,,0,0,,,0,0,,,0,0,1.0,14.0,14,7,,,0,0,,,0,0,,,0,0,0.0,0.0,14,7,,,0,0,,,0,0,,,0,0,,,0,0,,,0,0,SAME_H_IMAGE,METRIC,,,,,,,,,,,,
NEW7,A,0,C_NO_H,FORCED_ON,evaluation,source_style_confirmation,EDIT_TARGET,320,False,macro,14,7,7,UNKNOWN,1.0,14.0,14,7,,,0,0,1.0,14.0,14,7,0.5714285714285714,8.0,14,7,,,0,0,,,0,0,1.0,6.0,6,3,1.0,6.0,6,3,1.0,14.0,14,7,1.0,14.0,14,7,,,0,0,,,0,0,0.0,0.0,14,7,,,0,0,1.0,14.0,14,7,,,0,0,,,0,0,,,0,0,,,0,0,,,0,0,,,0,0,1.0,14.0,14,7,,,0,0,,,0,0,,,0,0,0.0,0.0,14,7,,,0,0,,,0,0,,,0,0,,,0,0,,,0,0,SAME_H_IMAGE,METRIC,,,,,,,,,,,,
NEW7,A,0,C_NO_H,FORCED_ON,evaluation,source_style_confirmation,EDIT_TARGET,320,False,micro,14,7,7,UNKNOWN,1.0,14.0,14,7,,,0,0,1.0,14.0,14,7,0.5714285714285714,8.0,14,7,,,0,0,,,0,0,1.0,6.0,6,3,1.0,6.0,6,3,1.0,14.0,14,7,1.0,14.0,14,7,,,0,0,,,0,0,0.0,0.0,14,7,,,0,0,1.0,14.0,14,7,,,0,0,,,0,0,,,0,0,,,0,0,,,0,0,,,0,0,1.0,14.0,14,7,,,0,0,,,0,0,,,0,0,0.0,0.0,14,7,,,0,0,,,0,0,,,0,0,,,0,0,,,0,0,SAME_H_IMAGE,METRIC,,,,,,,,,,,,
NEW7,A,0,C_NO_H,FORCED_ON,fit,H,STRICT_BASE,320,False,macro,7,7,2,UNKNOWN,0.0,0.0,7,7,,,0,0,0.0,0.0,7,7,1.0,7.0,7,7,1.0,7.0,7,7,0.0,0.0,7,7,,,0,0,,,0,0,1.0,7.0,7,7,0.0,0.0,7,7,1.0,7.0,7,7,1.0,7.0,7,7,0.0,0.0,7,7,,,0,0,0.0,0.0,7,7,,,0,0,,,0,0,,,0,0,,,0,0,,,0,0,,,0,0,1.0,7.0,7,7,,,0,0,1.0,7.0,7,7,1.0,7.0,7,7,,,0,0,,,0,0,,,0,0,,,0,0,,,0,0,,,0,0,SAME_H_IMAGE,METRIC,,,,,,,,,,,,
NEW7,A,0,C_NO_H,FORCED_ON,fit,H,STRICT_BASE,320,False,micro,7,7,2,UNKNOWN,0.0,0.0,7,7,,,0,0,0.0,0.0,7,7,1.0,7.0,7,7,1.0,7.0,7,7,0.0,0.0,7,7,,,0,0,,,0,0,1.0,7.0,7,7,0.0,0.0,7,7,1.0,7.0,7,7,1.0,7.0,7,7,0.0,0.0,7,7,,,0,0,0.0,0.0,7,7,,,0,0,,,0,0,,,0,0,,,0,0,,,0,0,,,0,0,1.0,7.0,7,7,,,0,0,1.0,7.0,7,7,1.0,7.0,7,7,,,0,0,,,0,0,,,0,0,,,0,0,,,0,0,,,0,0,SAME_H_IMAGE,METRIC,,,,,,,,,,,,
NEW7,A,0,C_NO_H,FORCED_ON,fit,U,STRICT_BASE,320,False,macro,7,7,1,UNKNOWN,1.0,7.0,7,7,,,0,0,1.0,7.0,7,7,1.0,7.0,7,7,0.0,0.0,7,7,1.0,7.0,7,7,,,0,0,,,0,0,1.0,7.0,7,7,1.0,7.0,7,7,1.0,7.0,7,7,0.0,0.0,7,7,0.5714285714285714,4.0,7,7,,,0,0,1.0,7.0,7,7,,,0,0,,,0,0,,,0,0,,,0,0,,,0,0,,,0,0,1.0,7.0,7,7,,,0,0,0.0,0.0,7,7,0.0,0.0,7,7,,,0,0,,,0,0,,,0,0,,,0,0,,,0,0,,,0,0,SAME_H_IMAGE,METRIC,,,,,,,,,,,,
NEW7,A,0,C_NO_H,FORCED_ON,fit,U,STRICT_BASE,320,False,micro,7,7,1,UNKNOWN,1.0,7.0,7,7,,,0,0,1.0,7.0,7,7,1.0,7.0,7,7,0.0,0.0,7,7,1.0,7.0,7,7,,,0,0,,,0,0,1.0,7.0,7,7,1.0,7.0,7,7,1.0,7.0,7,7,0.0,0.0,7,7,0.5714285714285714,4.0,7,7,,,0,0,1.0,7.0,7,7,,,0,0,,,0,0,,,0,0,,,0,0,,,0,0,,,0,0,1.0,7.0,7,7,,,0,0,0.0,0.0,7,7,0.0,0.0,7,7,,,0,0,,,0,0,,,0,0,,,0,0,,,0,0,,,0,0,SAME_H_IMAGE,METRIC,,,,,,,,,,,,
NEW7,A,0,C_NO_H,FORCED_ON,fit,positive,EDIT_TARGET,320,False,macro,28,7,7,UNKNOWN,0.9642857142857143,27.0,28,7,,,0,0,0.9642857142857143,27.0,28,7,0.35714285714285715,10.0,28,7,,,0,0,,,0,0,0.9583333333333334,17.0,18,6,1.0,18.0,18,6,1.0,28.0,28,7,0.9642857142857143,27.0,28,7,,,0,0,,,0,0,0.0,0.0,28,7,,,0,0,0.9642857142857143,27.0,28,7,,,0,0,,,0,0,,,0,0,,,0,0,,,0,0,,,0,0,1.0,28.0,28,7,,,0,0,,,0,0,,,0,0,0.0,0.0,28,7,,,0,0,,,0,0,,,0,0,,,0,0,,,0,0,SAME_H_IMAGE,METRIC,,,,,,,,,,,,
NEW7,A,0,C_NO_H,FORCED_ON,fit,positive,EDIT_TARGET,320,False,micro,28,7,7,UNKNOWN,0.9642857142857143,27.0,28,7,,,0,0,0.9642857142857143,27.0,28,7,0.35714285714285715,10.0,28,7,,,0,0,,,0,0,0.9444444444444444,17.0,18,6,1.0,18.0,18,6,1.0,28.0,28,7,0.9642857142857143,27.0,28,7,,,0,0,,,0,0,0.0,0.0,28,7,,,0,0,0.9642857142857143,27.0,28,7,,,0,0,,,0,0,,,0,0,,,0,0,,,0,0,,,0,0,1.0,28.0,28,7,,,0,0,,,0,0,,,0,0,0.0,0.0,28,7,,,0,0,,,0,0,,,0,0,,,0,0,,,0,0,SAME_H_IMAGE,METRIC,,,,,,,,,,,,
NEW7,A,0,C_NO_H,FORCED_ON,native,T0,EDIT_TARGET,320,False,macro,7,7,7,UNKNOWN,0.8571428571428571,6.0,7,7,0.8571428571428571,6.0,7,7,0.8571428571428571,6.0,7,7,0.0,0.0,7,7,,,0,0,,,0,0,0.8571428571428571,6.0,7,7,1.0,7.0,7,7,1.0,7.0,7,7,0.8571428571428571,6.0,7,7,,,0,0,,,0,0,0.0,0.0,7,7,,,0,0,0.8571428571428571,6.0,7,7,,,0,0,,,0,0,,,0,0,,,0,0,,,0,0,,,0,0,1.0,7.0,7,7,,,0,0,,,0,0,,,0,0,0.0,0.0,7,7,,,0,0,,,0,0,,,0,0,,,0,0,,,0,0,SAME_H_IMAGE,METRIC,,,,,,,,,,,,
NEW7,A,0,C_NO_H,FORCED_ON,native,T0,EDIT_TARGET,320,False,micro,7,7,7,UNKNOWN,0.8571428571428571,6.0,7,7,0.8571428571428571,6.0,7,7,0.8571428571428571,6.0,7,7,0.0,0.0,7,7,,,0,0,,,0,0,0.8571428571428571,6.0,7,7,1.0,7.0,7,7,1.0,7.0,7,7,0.8571428571428571,6.0,7,7,,,0,0,,,0,0,0.0,0.0,7,7,,,0,0,0.8571428571428571,6.0,7,7,,,0,0,,,0,0,,,0,0,,,0,0,,,0,0,,,0,0,1.0,7.0,7,7,,,0,0,,,0,0,,,0,0,0.0,0.0,7,7,,,0,0,,,0,0,,,0,0,,,0,0,,,0,0,SAME_H_IMAGE,METRIC,,,,,,,,,,,,
OLD15,,,C_FACT,FORCED_ON,fit,,,,,,,,,,,,,,,,,,,,,,,,,,,,,,,,,,,,,,,,,,,,,,,,,,,,,,,,,,,,,,,,,,,,,,,,,,,,,,,,,,,,,,,,,,,,,,,,,,,,,,,,,,,,,,,,,,,,,,,,,,,,,,,,,,,,,,FULL_COHORT,PAIR_CORRECT,15,15,1.0,15,27,0.9555555555555556,0.9259259259259259,AVAILABLE,25,2,0,0
OLD15,,,C_NO_H,FORCED_ON,fit,,,,,,,,,,,,,,,,,,,,,,,,,,,,,,,,,,,,,,,,,,,,,,,,,,,,,,,,,,,,,,,,,,,,,,,,,,,,,,,,,,,,,,,,,,,,,,,,,,,,,,,,,,,,,,,,,,,,,,,,,,,,,,,,,,,,,,FULL_COHORT,PAIR_CORRECT,15,15,1.0,15,27,0.0,0.0,AVAILABLE,0,27,0,0
OLD15,,,C_EXTRA_QA,FORCED_ON,fit,,,,,,,,,,,,,,,,,,,,,,,,,,,,,,,,,,,,,,,,,,,,,,,,,,,,,,,,,,,,,,,,,,,,,,,,,,,,,,,,,,,,,,,,,,,,,,,,,,,,,,,,,,,,,,,,,,,,,,,,,,,,,,,,,,,,,,FULL_COHORT,PAIR_CORRECT,15,0,,0,0,,,UNSUPPORTED,0,0,0,0
OLD15,,,BE,FORCED_ON,fit,,,,,,,,,,,,,,,,,,,,,,,,,,,,,,,,,,,,,,,,,,,,,,,,,,,,,,,,,,,,,,,,,,,,,,,,,,,,,,,,,,,,,,,,,,,,,,,,,,,,,,,,,,,,,,,,,,,,,,,,,,,,,,,,,,,,,,FULL_COHORT,PAIR_CORRECT,15,15,1.0,15,27,0.0,0.0,AVAILABLE,0,27,0,0
OLD15,,,C_FACT,FORCED_ON,evaluation,,,,,,,,,,,,,,,,,,,,,,,,,,,,,,,,,,,,,,,,,,,,,,,,,,,,,,,,,,,,,,,,,,,,,,,,,,,,,,,,,,,,,,,,,,,,,,,,,,,,,,,,,,,,,,,,,,,,,,,,,,,,,,,,,,,,,,FULL_COHORT,PAIR_CORRECT,15,15,1.0,14,19,0.5357142857142857,0.5789473684210527,AVAILABLE,11,8,0,0
OLD15,,,C_NO_H,FORCED_ON,evaluation,,,,,,,,,,,,,,,,,,,,,,,,,,,,,,,,,,,,,,,,,,,,,,,,,,,,,,,,,,,,,,,,,,,,,,,,,,,,,,,,,,,,,,,,,,,,,,,,,,,,,,,,,,,,,,,,,,,,,,,,,,,,,,,,,,,,,,FULL_COHORT,PAIR_CORRECT,15,15,1.0,14,19,0.0,0.0,AVAILABLE,0,19,0,0
OLD15,,,C_EXTRA_QA,FORCED_ON,evaluation,,,,,,,,,,,,,,,,,,,,,,,,,,,,,,,,,,,,,,,,,,,,,,,,,,,,,,,,,,,,,,,,,,,,,,,,,,,,,,,,,,,,,,,,,,,,,,,,,,,,,,,,,,,,,,,,,,,,,,,,,,,,,,,,,,,,,,FULL_COHORT,PAIR_CORRECT,15,0,,0,0,,,UNSUPPORTED,0,0,0,0
OLD15,,,BE,FORCED_ON,evaluation,,,,,,,,,,,,,,,,,,,,,,,,,,,,,,,,,,,,,,,,,,,,,,,,,,,,,,,,,,,,,,,,,,,,,,,,,,,,,,,,,,,,,,,,,,,,,,,,,,,,,,,,,,,,,,,,,,,,,,,,,,,,,,,,,,,,,,FULL_COHORT,PAIR_CORRECT,15,15,1.0,14,19,0.0,0.0,AVAILABLE,0,19,0,0
OLD15,,,C_FACT,FORCED_ON,fit,,,,,,,,,,,,,,,,,,,,,,,,,,,,,,,,,,,,,,,,,,,,,,,,,,,,,,,,,,,,,,,,,,,,,,,,,,,,,,,,,,,,,,,,,,,,,,,,,,,,,,,,,,,,,,,,,,,,,,,,,,,,,,,,,,,,,,COMMON_SUPPORTED,PAIR_CORRECT,0,0,,0,0,,,UNSUPPORTED,0,0,0,0
OLD15,,,C_NO_H,FORCED_ON,fit,,,,,,,,,,,,,,,,,,,,,,,,,,,,,,,,,,,,,,,,,,,,,,,,,,,,,,,,,,,,,,,,,,,,,,,,,,,,,,,,,,,,,,,,,,,,,,,,,,,,,,,,,,,,,,,,,,,,,,,,,,,,,,,,,,,,,,COMMON_SUPPORTED,PAIR_CORRECT,0,0,,0,0,,,UNSUPPORTED,0,0,0,0
OLD15,,,C_EXTRA_QA,FORCED_ON,fit,,,,,,,,,,,,,,,,,,,,,,,,,,,,,,,,,,,,,,,,,,,,,,,,,,,,,,,,,,,,,,,,,,,,,,,,,,,,,,,,,,,,,,,,,,,,,,,,,,,,,,,,,,,,,,,,,,,,,,,,,,,,,,,,,,,,,,COMMON_SUPPORTED,PAIR_CORRECT,0,0,,0,0,,,UNSUPPORTED,0,0,0,0
OLD15,,,BE,FORCED_ON,fit,,,,,,,,,,,,,,,,,,,,,,,,,,,,,,,,,,,,,,,,,,,,,,,,,,,,,,,,,,,,,,,,,,,,,,,,,,,,,,,,,,,,,,,,,,,,,,,,,,,,,,,,,,,,,,,,,,,,,,,,,,,,,,,,,,,,,,COMMON_SUPPORTED,PAIR_CORRECT,0,0,,0,0,,,UNSUPPORTED,0,0,0,0
OLD15,,,C_FACT,FORCED_ON,evaluation,,,,,,,,,,,,,,,,,,,,,,,,,,,,,,,,,,,,,,,,,,,,,,,,,,,,,,,,,,,,,,,,,,,,,,,,,,,,,,,,,,,,,,,,,,,,,,,,,,,,,,,,,,,,,,,,,,,,,,,,,,,,,,,,,,,,,,COMMON_SUPPORTED,PAIR_CORRECT,0,0,,0,0,,,UNSUPPORTED,0,0,0,0
OLD15,,,C_NO_H,FORCED_ON,evaluation,,,,,,,,,,,,,,,,,,,,,,,,,,,,,,,,,,,,,,,,,,,,,,,,,,,,,,,,,,,,,,,,,,,,,,,,,,,,,,,,,,,,,,,,,,,,,,,,,,,,,,,,,,,,,,,,,,,,,,,,,,,,,,,,,,,,,,COMMON_SUPPORTED,PAIR_CORRECT,0,0,,0,0,,,UNSUPPORTED,0,0,0,0
OLD15,,,C_EXTRA_QA,FORCED_ON,evaluation,,,,,,,,,,,,,,,,,,,,,,,,,,,,,,,,,,,,,,,,,,,,,,,,,,,,,,,,,,,,,,,,,,,,,,,,,,,,,,,,,,,,,,,,,,,,,,,,,,,,,,,,,,,,,,,,,,,,,,,,,,,,,,,,,,,,,,COMMON_SUPPORTED,PAIR_CORRECT,0,0,,0,0,,,UNSUPPORTED,0,0,0,0
OLD15,,,BE,FORCED_ON,evaluation,,,,,,,,,,,,,,,,,,,,,,,,,,,,,,,,,,,,,,,,,,,,,,,,,,,,,,,,,,,,,,,,,,,,,,,,,,,,,,,,,,,,,,,,,,,,,,,,,,,,,,,,,,,,,,,,,,,,,,,,,,,,,,,,,,,,,,COMMON_SUPPORTED,PAIR_CORRECT,0,0,,0,0,,,UNSUPPORTED,0,0,0,0
OLD15,,,C_FACT,FORCED_ON,fit,,,,,,,,,,,,,,,,,,,,,,,,,,,,,,,,,,,,,,,,,,,,,,,,,,,,,,,,,,,,,,,,,,,,,,,,,,,,,,,,,,,,,,,,,,,,,,,,,,,,,,,,,,,,,,,,,,,,,,,,,,,,,,,,,,,,,,SAME_H_IMAGE,PAIR_CORRECT,0,0,,0,0,,,UNSUPPORTED,0,0,0,0
OLD15,,,C_NO_H,FORCED_ON,fit,,,,,,,,,,,,,,,,,,,,,,,,,,,,,,,,,,,,,,,,,,,,,,,,,,,,,,,,,,,,,,,,,,,,,,,,,,,,,,,,,,,,,,,,,,,,,,,,,,,,,,,,,,,,,,,,,,,,,,,,,,,,,,,,,,,,,,SAME_H_IMAGE,PAIR_CORRECT,0,0,,0,0,,,UNSUPPORTED,0,0,0,0
OLD15,,,C_EXTRA_QA,FORCED_ON,fit,,,,,,,,,,,,,,,,,,,,,,,,,,,,,,,,,,,,,,,,,,,,,,,,,,,,,,,,,,,,,,,,,,,,,,,,,,,,,,,,,,,,,,,,,,,,,,,,,,,,,,,,,,,,,,,,,,,,,,,,,,,,,,,,,,,,,,SAME_H_IMAGE,PAIR_CORRECT,0,0,,0,0,,,UNSUPPORTED,0,0,0,0
OLD15,,,BE,FORCED_ON,fit,,,,,,,,,,,,,,,,,,,,,,,,,,,,,,,,,,,,,,,,,,,,,,,,,,,,,,,,,,,,,,,,,,,,,,,,,,,,,,,,,,,,,,,,,,,,,,,,,,,,,,,,,,,,,,,,,,,,,,,,,,,,,,,,,,,,,,SAME_H_IMAGE,PAIR_CORRECT,0,0,,0,0,,,UNSUPPORTED,0,0,0,0
OLD15,,,C_FACT,FORCED_ON,evaluation,,,,,,,,,,,,,,,,,,,,,,,,,,,,,,,,,,,,,,,,,,,,,,,,,,,,,,,,,,,,,,,,,,,,,,,,,,,,,,,,,,,,,,,,,,,,,,,,,,,,,,,,,,,,,,,,,,,,,,,,,,,,,,,,,,,,,,SAME_H_IMAGE,PAIR_CORRECT,0,0,,0,0,,,UNSUPPORTED,0,0,0,0
OLD15,,,C_NO_H,FORCED_ON,evaluation,,,,,,,,,,,,,,,,,,,,,,,,,,,,,,,,,,,,,,,,,,,,,,,,,,,,,,,,,,,,,,,,,,,,,,,,,,,,,,,,,,,,,,,,,,,,,,,,,,,,,,,,,,,,,,,,,,,,,,,,,,,,,,,,,,,,,,SAME_H_IMAGE,PAIR_CORRECT,0,0,,0,0,,,UNSUPPORTED,0,0,0,0
OLD15,,,C_EXTRA_QA,FORCED_ON,evaluation,,,,,,,,,,,,,,,,,,,,,,,,,,,,,,,,,,,,,,,,,,,,,,,,,,,,,,,,,,,,,,,,,,,,,,,,,,,,,,,,,,,,,,,,,,,,,,,,,,,,,,,,,,,,,,,,,,,,,,,,,,,,,,,,,,,,,,SAME_H_IMAGE,PAIR_CORRECT,0,0,,0,0,,,UNSUPPORTED,0,0,0,0
OLD15,,,BE,FORCED_ON,evaluation,,,,,,,,,,,,,,,,,,,,,,,,,,,,,,,,,,,,,,,,,,,,,,,,,,,,,,,,,,,,,,,,,,,,,,,,,,,,,,,,,,,,,,,,,,,,,,,,,,,,,,,,,,,,,,,,,,,,,,,,,,,,,,,,,,,,,,SAME_H_IMAGE,PAIR_CORRECT,0,0,,0,0,,,UNSUPPORTED,0,0,0,0
OLD15,,,C_FACT,FORCED_ON,fit,,,,,,,,,,,,,,,,,,,,,,,,,,,,,,,,,,,,,,,,,,,,,,,,,,,,,,,,,,,,,,,,,,,,,,,,,,,,,,,,,,,,,,,,,,,,,,,,,,,,,,,,,,,,,,,,,,,,,,,,,,,,,,,,,,,,,,DIFFERENT_TRAIN_IMAGE,PAIR_CORRECT,0,0,,0,0,,,UNSUPPORTED,0,0,0,0
OLD15,,,C_NO_H,FORCED_ON,fit,,,,,,,,,,,,,,,,,,,,,,,,,,,,,,,,,,,,,,,,,,,,,,,,,,,,,,,,,,,,,,,,,,,,,,,,,,,,,,,,,,,,,,,,,,,,,,,,,,,,,,,,,,,,,,,,,,,,,,,,,,,,,,,,,,,,,,DIFFERENT_TRAIN_IMAGE,PAIR_CORRECT,0,0,,0,0,,,UNSUPPORTED,0,0,0,0
OLD15,,,C_EXTRA_QA,FORCED_ON,fit,,,,,,,,,,,,,,,,,,,,,,,,,,,,,,,,,,,,,,,,,,,,,,,,,,,,,,,,,,,,,,,,,,,,,,,,,,,,,,,,,,,,,,,,,,,,,,,,,,,,,,,,,,,,,,,,,,,,,,,,,,,,,,,,,,,,,,DIFFERENT_TRAIN_IMAGE,PAIR_CORRECT,0,0,,0,0,,,UNSUPPORTED,0,0,0,0
OLD15,,,BE,FORCED_ON,fit,,,,,,,,,,,,,,,,,,,,,,,,,,,,,,,,,,,,,,,,,,,,,,,,,,,,,,,,,,,,,,,,,,,,,,,,,,,,,,,,,,,,,,,,,,,,,,,,,,,,,,,,,,,,,,,,,,,,,,,,,,,,,,,,,,,,,,DIFFERENT_TRAIN_IMAGE,PAIR_CORRECT,0,0,,0,0,,,UNSUPPORTED,0,0,0,0
OLD15,,,C_FACT,FORCED_ON,evaluation,,,,,,,,,,,,,,,,,,,,,,,,,,,,,,,,,,,,,,,,,,,,,,,,,,,,,,,,,,,,,,,,,,,,,,,,,,,,,,,,,,,,,,,,,,,,,,,,,,,,,,,,,,,,,,,,,,,,,,,,,,,,,,,,,,,,,,DIFFERENT_TRAIN_IMAGE,PAIR_CORRECT,0,0,,0,0,,,UNSUPPORTED,0,0,0,0
OLD15,,,C_NO_H,FORCED_ON,evaluation,,,,,,,,,,,,,,,,,,,,,,,,,,,,,,,,,,,,,,,,,,,,,,,,,,,,,,,,,,,,,,,,,,,,,,,,,,,,,,,,,,,,,,,,,,,,,,,,,,,,,,,,,,,,,,,,,,,,,,,,,,,,,,,,,,,,,,DIFFERENT_TRAIN_IMAGE,PAIR_CORRECT,0,0,,0,0,,,UNSUPPORTED,0,0,0,0
OLD15,,,C_EXTRA_QA,FORCED_ON,evaluation,,,,,,,,,,,,,,,,,,,,,,,,,,,,,,,,,,,,,,,,,,,,,,,,,,,,,,,,,,,,,,,,,,,,,,,,,,,,,,,,,,,,,,,,,,,,,,,,,,,,,,,,,,,,,,,,,,,,,,,,,,,,,,,,,,,,,,DIFFERENT_TRAIN_IMAGE,PAIR_CORRECT,0,0,,0,0,,,UNSUPPORTED,0,0,0,0
OLD15,,,BE,FORCED_ON,evaluation,,,,,,,,,,,,,,,,,,,,,,,,,,,,,,,,,,,,,,,,,,,,,,,,,,,,,,,,,,,,,,,,,,,,,,,,,,,,,,,,,,,,,,,,,,,,,,,,,,,,,,,,,,,,,,,,,,,,,,,,,,,,,,,,,,,,,,DIFFERENT_TRAIN_IMAGE,PAIR_CORRECT,0,0,,0,0,,,UNSUPPORTED,0,0,0,0
NEW7,,,C_FACT,FORCED_ON,fit,,,,,,,,,,,,,,,,,,,,,,,,,,,,,,,,,,,,,,,,,,,,,,,,,,,,,,,,,,,,,,,,,,,,,,,,,,,,,,,,,,,,,,,,,,,,,,,,,,,,,,,,,,,,,,,,,,,,,,,,,,,,,,,,,,,,,,FULL_COHORT,PAIR_CORRECT,7,7,0.8571428571428571,7,7,0.8571428571428571,0.8571428571428571,AVAILABLE,6,0,1,0
NEW7,,,C_NO_H,FORCED_ON,fit,,,,,,,,,,,,,,,,,,,,,,,,,,,,,,,,,,,,,,,,,,,,,,,,,,,,,,,,,,,,,,,,,,,,,,,,,,,,,,,,,,,,,,,,,,,,,,,,,,,,,,,,,,,,,,,,,,,,,,,,,,,,,,,,,,,,,,FULL_COHORT,PAIR_CORRECT,7,7,0.8571428571428571,7,7,0.0,0.0,AVAILABLE,0,6,0,1
NEW7,,,C_EXTRA_QA,FORCED_ON,fit,,,,,,,,,,,,,,,,,,,,,,,,,,,,,,,,,,,,,,,,,,,,,,,,,,,,,,,,,,,,,,,,,,,,,,,,,,,,,,,,,,,,,,,,,,,,,,,,,,,,,,,,,,,,,,,,,,,,,,,,,,,,,,,,,,,,,,FULL_COHORT,PAIR_CORRECT,7,7,0.8571428571428571,7,7,0.0,0.0,AVAILABLE,0,6,0,1
NEW7,,,BE,FORCED_ON,fit,,,,,,,,,,,,,,,,,,,,,,,,,,,,,,,,,,,,,,,,,,,,,,,,,,,,,,,,,,,,,,,,,,,,,,,,,,,,,,,,,,,,,,,,,,,,,,,,,,,,,,,,,,,,,,,,,,,,,,,,,,,,,,,,,,,,,,FULL_COHORT,PAIR_CORRECT,7,7,0.8571428571428571,7,7,0.0,0.0,AVAILABLE,0,6,0,1
NEW7,,,C_FACT,FORCED_ON,evaluation,,,,,,,,,,,,,,,,,,,,,,,,,,,,,,,,,,,,,,,,,,,,,,,,,,,,,,,,,,,,,,,,,,,,,,,,,,,,,,,,,,,,,,,,,,,,,,,,,,,,,,,,,,,,,,,,,,,,,,,,,,,,,,,,,,,,,,FULL_COHORT,PAIR_CORRECT,7,7,0.8571428571428571,7,9,0.8571428571428571,0.7777777777777778,AVAILABLE,7,0,0,2
NEW7,,,C_NO_H,FORCED_ON,evaluation,,,,,,,,,,,,,,,,,,,,,,,,,,,,,,,,,,,,,,,,,,,,,,,,,,,,,,,,,,,,,,,,,,,,,,,,,,,,,,,,,,,,,,,,,,,,,,,,,,,,,,,,,,,,,,,,,,,,,,,,,,,,,,,,,,,,,,FULL_COHORT,PAIR_CORRECT,7,7,0.8571428571428571,7,9,0.0,0.0,AVAILABLE,0,7,0,2
NEW7,,,C_EXTRA_QA,FORCED_ON,evaluation,,,,,,,,,,,,,,,,,,,,,,,,,,,,,,,,,,,,,,,,,,,,,,,,,,,,,,,,,,,,,,,,,,,,,,,,,,,,,,,,,,,,,,,,,,,,,,,,,,,,,,,,,,,,,,,,,,,,,,,,,,,,,,,,,,,,,,FULL_COHORT,PAIR_CORRECT,7,7,0.8571428571428571,7,9,0.0,0.0,AVAILABLE,0,7,0,2
NEW7,,,BE,FORCED_ON,evaluation,,,,,,,,,,,,,,,,,,,,,,,,,,,,,,,,,,,,,,,,,,,,,,,,,,,,,,,,,,,,,,,,,,,,,,,,,,,,,,,,,,,,,,,,,,,,,,,,,,,,,,,,,,,,,,,,,,,,,,,,,,,,,,,,,,,,,,FULL_COHORT,PAIR_CORRECT,7,7,0.8571428571428571,7,9,0.0,0.0,AVAILABLE,0,7,0,2
NEW7,,,C_FACT,FORCED_ON,fit,,,,,,,,,,,,,,,,,,,,,,,,,,,,,,,,,,,,,,,,,,,,,,,,,,,,,,,,,,,,,,,,,,,,,,,,,,,,,,,,,,,,,,,,,,,,,,,,,,,,,,,,,,,,,,,,,,,,,,,,,,,,,,,,,,,,,,COMMON_SUPPORTED,PAIR_CORRECT,7,7,0.8571428571428571,7,7,0.8571428571428571,0.8571428571428571,AVAILABLE,6,0,1,0
NEW7,,,C_NO_H,FORCED_ON,fit,,,,,,,,,,,,,,,,,,,,,,,,,,,,,,,,,,,,,,,,,,,,,,,,,,,,,,,,,,,,,,,,,,,,,,,,,,,,,,,,,,,,,,,,,,,,,,,,,,,,,,,,,,,,,,,,,,,,,,,,,,,,,,,,,,,,,,COMMON_SUPPORTED,PAIR_CORRECT,7,7,0.8571428571428571,7,7,0.0,0.0,AVAILABLE,0,6,0,1
NEW7,,,C_EXTRA_QA,FORCED_ON,fit,,,,,,,,,,,,,,,,,,,,,,,,,,,,,,,,,,,,,,,,,,,,,,,,,,,,,,,,,,,,,,,,,,,,,,,,,,,,,,,,,,,,,,,,,,,,,,,,,,,,,,,,,,,,,,,,,,,,,,,,,,,,,,,,,,,,,,COMMON_SUPPORTED,PAIR_CORRECT,7,7,0.8571428571428571,7,7,0.0,0.0,AVAILABLE,0,6,0,1
NEW7,,,BE,FORCED_ON,fit,,,,,,,,,,,,,,,,,,,,,,,,,,,,,,,,,,,,,,,,,,,,,,,,,,,,,,,,,,,,,,,,,,,,,,,,,,,,,,,,,,,,,,,,,,,,,,,,,,,,,,,,,,,,,,,,,,,,,,,,,,,,,,,,,,,,,,COMMON_SUPPORTED,PAIR_CORRECT,7,7,0.8571428571428571,7,7,0.0,0.0,AVAILABLE,0,6,0,1
NEW7,,,C_FACT,FORCED_ON,evaluation,,,,,,,,,,,,,,,,,,,,,,,,,,,,,,,,,,,,,,,,,,,,,,,,,,,,,,,,,,,,,,,,,,,,,,,,,,,,,,,,,,,,,,,,,,,,,,,,,,,,,,,,,,,,,,,,,,,,,,,,,,,,,,,,,,,,,,COMMON_SUPPORTED,PAIR_CORRECT,7,7,0.8571428571428571,7,9,0.8571428571428571,0.7777777777777778,AVAILABLE,7,0,0,2
NEW7,,,C_NO_H,FORCED_ON,evaluation,,,,,,,,,,,,,,,,,,,,,,,,,,,,,,,,,,,,,,,,,,,,,,,,,,,,,,,,,,,,,,,,,,,,,,,,,,,,,,,,,,,,,,,,,,,,,,,,,,,,,,,,,,,,,,,,,,,,,,,,,,,,,,,,,,,,,,COMMON_SUPPORTED,PAIR_CORRECT,7,7,0.8571428571428571,7,9,0.0,0.0,AVAILABLE,0,7,0,2
NEW7,,,C_EXTRA_QA,FORCED_ON,evaluation,,,,,,,,,,,,,,,,,,,,,,,,,,,,,,,,,,,,,,,,,,,,,,,,,,,,,,,,,,,,,,,,,,,,,,,,,,,,,,,,,,,,,,,,,,,,,,,,,,,,,,,,,,,,,,,,,,,,,,,,,,,,,,,,,,,,,,COMMON_SUPPORTED,PAIR_CORRECT,7,7,0.8571428571428571,7,9,0.0,0.0,AVAILABLE,0,7,0,2
NEW7,,,BE,FORCED_ON,evaluation,,,,,,,,,,,,,,,,,,,,,,,,,,,,,,,,,,,,,,,,,,,,,,,,,,,,,,,,,,,,,,,,,,,,,,,,,,,,,,,,,,,,,,,,,,,,,,,,,,,,,,,,,,,,,,,,,,,,,,,,,,,,,,,,,,,,,,COMMON_SUPPORTED,PAIR_CORRECT,7,7,0.8571428571428571,7,9,0.0,0.0,AVAILABLE,0,7,0,2
NEW7,,,C_FACT,FORCED_ON,fit,,,,,,,,,,,,,,,,,,,,,,,,,,,,,,,,,,,,,,,,,,,,,,,,,,,,,,,,,,,,,,,,,,,,,,,,,,,,,,,,,,,,,,,,,,,,,,,,,,,,,,,,,,,,,,,,,,,,,,,,,,,,,,,,,,,,,,SAME_H_IMAGE,PAIR_CORRECT,7,7,0.8571428571428571,7,7,0.8571428571428571,0.8571428571428571,AVAILABLE,6,0,1,0
NEW7,,,C_NO_H,FORCED_ON,fit,,,,,,,,,,,,,,,,,,,,,,,,,,,,,,,,,,,,,,,,,,,,,,,,,,,,,,,,,,,,,,,,,,,,,,,,,,,,,,,,,,,,,,,,,,,,,,,,,,,,,,,,,,,,,,,,,,,,,,,,,,,,,,,,,,,,,,SAME_H_IMAGE,PAIR_CORRECT,7,7,0.8571428571428571,7,7,0.0,0.0,AVAILABLE,0,6,0,1
NEW7,,,C_EXTRA_QA,FORCED_ON,fit,,,,,,,,,,,,,,,,,,,,,,,,,,,,,,,,,,,,,,,,,,,,,,,,,,,,,,,,,,,,,,,,,,,,,,,,,,,,,,,,,,,,,,,,,,,,,,,,,,,,,,,,,,,,,,,,,,,,,,,,,,,,,,,,,,,,,,SAME_H_IMAGE,PAIR_CORRECT,7,7,0.8571428571428571,7,7,0.0,0.0,AVAILABLE,0,6,0,1
NEW7,,,BE,FORCED_ON,fit,,,,,,,,,,,,,,,,,,,,,,,,,,,,,,,,,,,,,,,,,,,,,,,,,,,,,,,,,,,,,,,,,,,,,,,,,,,,,,,,,,,,,,,,,,,,,,,,,,,,,,,,,,,,,,,,,,,,,,,,,,,,,,,,,,,,,,SAME_H_IMAGE,PAIR_CORRECT,7,7,0.8571428571428571,7,7,0.0,0.0,AVAILABLE,0,6,0,1
NEW7,,,C_FACT,FORCED_ON,evaluation,,,,,,,,,,,,,,,,,,,,,,,,,,,,,,,,,,,,,,,,,,,,,,,,,,,,,,,,,,,,,,,,,,,,,,,,,,,,,,,,,,,,,,,,,,,,,,,,,,,,,,,,,,,,,,,,,,,,,,,,,,,,,,,,,,,,,,SAME_H_IMAGE,PAIR_CORRECT,7,7,0.8571428571428571,7,9,0.8571428571428571,0.7777777777777778,AVAILABLE,7,0,0,2
NEW7,,,C_NO_H,FORCED_ON,evaluation,,,,,,,,,,,,,,,,,,,,,,,,,,,,,,,,,,,,,,,,,,,,,,,,,,,,,,,,,,,,,,,,,,,,,,,,,,,,,,,,,,,,,,,,,,,,,,,,,,,,,,,,,,,,,,,,,,,,,,,,,,,,,,,,,,,,,,SAME_H_IMAGE,PAIR_CORRECT,7,7,0.8571428571428571,7,9,0.0,0.0,AVAILABLE,0,7,0,2
NEW7,,,C_EXTRA_QA,FORCED_ON,evaluation,,,,,,,,,,,,,,,,,,,,,,,,,,,,,,,,,,,,,,,,,,,,,,,,,,,,,,,,,,,,,,,,,,,,,,,,,,,,,,,,,,,,,,,,,,,,,,,,,,,,,,,,,,,,,,,,,,,,,,,,,,,,,,,,,,,,,,SAME_H_IMAGE,PAIR_CORRECT,7,7,0.8571428571428571,7,9,0.0,0.0,AVAILABLE,0,7,0,2
NEW7,,,BE,FORCED_ON,evaluation,,,,,,,,,,,,,,,,,,,,,,,,,,,,,,,,,,,,,,,,,,,,,,,,,,,,,,,,,,,,,,,,,,,,,,,,,,,,,,,,,,,,,,,,,,,,,,,,,,,,,,,,,,,,,,,,,,,,,,,,,,,,,,,,,,,,,,SAME_H_IMAGE,PAIR_CORRECT,7,7,0.8571428571428571,7,9,0.0,0.0,AVAILABLE,0,7,0,2
NEW7,,,C_FACT,FORCED_ON,fit,,,,,,,,,,,,,,,,,,,,,,,,,,,,,,,,,,,,,,,,,,,,,,,,,,,,,,,,,,,,,,,,,,,,,,,,,,,,,,,,,,,,,,,,,,,,,,,,,,,,,,,,,,,,,,,,,,,,,,,,,,,,,,,,,,,,,,DIFFERENT_TRAIN_IMAGE,PAIR_CORRECT,0,0,,0,0,,,UNSUPPORTED,0,0,0,0
NEW7,,,C_NO_H,FORCED_ON,fit,,,,,,,,,,,,,,,,,,,,,,,,,,,,,,,,,,,,,,,,,,,,,,,,,,,,,,,,,,,,,,,,,,,,,,,,,,,,,,,,,,,,,,,,,,,,,,,,,,,,,,,,,,,,,,,,,,,,,,,,,,,,,,,,,,,,,,DIFFERENT_TRAIN_IMAGE,PAIR_CORRECT,0,0,,0,0,,,UNSUPPORTED,0,0,0,0
NEW7,,,C_EXTRA_QA,FORCED_ON,fit,,,,,,,,,,,,,,,,,,,,,,,,,,,,,,,,,,,,,,,,,,,,,,,,,,,,,,,,,,,,,,,,,,,,,,,,,,,,,,,,,,,,,,,,,,,,,,,,,,,,,,,,,,,,,,,,,,,,,,,,,,,,,,,,,,,,,,DIFFERENT_TRAIN_IMAGE,PAIR_CORRECT,0,0,,0,0,,,UNSUPPORTED,0,0,0,0
NEW7,,,BE,FORCED_ON,fit,,,,,,,,,,,,,,,,,,,,,,,,,,,,,,,,,,,,,,,,,,,,,,,,,,,,,,,,,,,,,,,,,,,,,,,,,,,,,,,,,,,,,,,,,,,,,,,,,,,,,,,,,,,,,,,,,,,,,,,,,,,,,,,,,,,,,,DIFFERENT_TRAIN_IMAGE,PAIR_CORRECT,0,0,,0,0,,,UNSUPPORTED,0,0,0,0
NEW7,,,C_FACT,FORCED_ON,evaluation,,,,,,,,,,,,,,,,,,,,,,,,,,,,,,,,,,,,,,,,,,,,,,,,,,,,,,,,,,,,,,,,,,,,,,,,,,,,,,,,,,,,,,,,,,,,,,,,,,,,,,,,,,,,,,,,,,,,,,,,,,,,,,,,,,,,,,DIFFERENT_TRAIN_IMAGE,PAIR_CORRECT,0,0,,0,0,,,UNSUPPORTED,0,0,0,0
NEW7,,,C_NO_H,FORCED_ON,evaluation,,,,,,,,,,,,,,,,,,,,,,,,,,,,,,,,,,,,,,,,,,,,,,,,,,,,,,,,,,,,,,,,,,,,,,,,,,,,,,,,,,,,,,,,,,,,,,,,,,,,,,,,,,,,,,,,,,,,,,,,,,,,,,,,,,,,,,DIFFERENT_TRAIN_IMAGE,PAIR_CORRECT,0,0,,0,0,,,UNSUPPORTED,0,0,0,0
NEW7,,,C_EXTRA_QA,FORCED_ON,evaluation,,,,,,,,,,,,,,,,,,,,,,,,,,,,,,,,,,,,,,,,,,,,,,,,,,,,,,,,,,,,,,,,,,,,,,,,,,,,,,,,,,,,,,,,,,,,,,,,,,,,,,,,,,,,,,,,,,,,,,,,,,,,,,,,,,,,,,DIFFERENT_TRAIN_IMAGE,PAIR_CORRECT,0,0,,0,0,,,UNSUPPORTED,0,0,0,0
NEW7,,,BE,FORCED_ON,evaluation,,,,,,,,,,,,,,,,,,,,,,,,,,,,,,,,,,,,,,,,,,,,,,,,,,,,,,,,,,,,,,,,,,,,,,,,,,,,,,,,,,,,,,,,,,,,,,,,,,,,,,,,,,,,,,,,,,,,,,,,,,,,,,,,,,,,,,DIFFERENT_TRAIN_IMAGE,PAIR_CORRECT,0,0,,0,0,,,UNSUPPORTED,0,0,0,0
