cohort,track,prefix,method,mode,role,stratum,strict_role,diagnostic_step,is_diagnostic,average,inputs,edits,source_images,patients,semantic,semantic_numerator,semantic_denominator,semantic_edit_support,v4_primary,v4_primary_numerator,v4_primary_denominator,v4_primary_edit_support,original_reference_correct,original_reference_correct_numerator,original_reference_correct_denominator,original_reference_correct_edit_support,base_correct,base_correct_numerator,base_correct_denominator,base_correct_edit_support,base_correct_damage,base_correct_damage_numerator,base_correct_damage_denominator,base_correct_damage_edit_support,base_correct_preserved,base_correct_preserved_numerator,base_correct_preserved_denominator,base_correct_preserved_edit_support,base_wrong_became_correct,base_wrong_became_correct_numerator,base_wrong_became_correct_denominator,base_wrong_became_correct_edit_support,base_wrong_changed,base_wrong_changed_numerator,base_wrong_changed_denominator,base_wrong_changed_edit_support,on,on_numerator,on_denominator,on_edit_support,joint_on_correct,joint_on_correct_numerator,joint_on_correct_denominator,joint_on_correct_edit_support,fpr,fpr_numerator,fpr_denominator,fpr_edit_support,misfire_damage,misfire_damage_numerator,misfire_damage_denominator,misfire_damage_edit_support,token_parity,token_parity_numerator,token_parity_denominator,token_parity_edit_support,kl,kl_numerator,kl_denominator,kl_edit_support,own_forced_correct,own_forced_correct_numerator,own_forced_correct_denominator,own_forced_correct_edit_support,rejection,rejection_numerator,rejection_denominator,rejection_edit_support,wrong_writer,wrong_writer_numerator,wrong_writer_denominator,wrong_writer_edit_support,writer_error,writer_error_numerator,writer_error_denominator,writer_error_edit_support,equivalent_correct,equivalent_correct_numerator,equivalent_correct_denominator,equivalent_correct_edit_support,other_expert_correct,other_expert_correct_numerator,other_expert_correct_denominator,other_expert_correct_edit_support,selected_writer_error,selected_writer_error_numerator,selected_writer_error_denominator,selected_writer_error_edit_support,ended_with_eos,ended_with_eos_numerator,ended_with_eos_denominator,ended_with_eos_edit_support,cap_hit,cap_hit_numerator,cap_hit_denominator,cap_hit_edit_support,wrong_given_on_base_correct,wrong_given_on_base_correct_numerator,wrong_given_on_base_correct_denominator,wrong_given_on_base_correct_edit_support,wrong_given_on_strict_base,wrong_given_on_strict_base_numerator,wrong_given_on_strict_base_denominator,wrong_given_on_strict_base_edit_support,positive_wrong_rejection,positive_wrong_rejection_numerator,positive_wrong_rejection_denominator,positive_wrong_rejection_edit_support,positive_wrong_selection,positive_wrong_selection_numerator,positive_wrong_selection_denominator,positive_wrong_selection_edit_support,positive_owner_error,positive_owner_error_numerator,positive_owner_error_denominator,positive_owner_error_edit_support,correct_via_base_return,correct_via_base_return_numerator,correct_via_base_return_denominator,correct_via_base_return_edit_support,correct_via_owner_writer,correct_via_owner_writer_numerator,correct_via_owner_writer_denominator,correct_via_owner_writer_edit_support,correct_via_other_writer,correct_via_other_writer_numerator,correct_via_other_writer_denominator,correct_via_other_writer_edit_support,subset,row_kind,requested_edits,native_edit_support,native_correct,pair_edit_support,pairs,pair_macro,pair_micro,status,both_correct,native_only,H_only,both_wrong,on_count,returned_base,errors_rejected,avoided_errors,damage_avoided,corrections_lost
OLD15,A,0,BE,BE_ROUTE_R0,challenge,same_answer_context_not_conflict,STRICT_BASE,320,False,macro,27,14,6,UNKNOWN,1.0,27.0,27,14,,,0,0,1.0,27.0,27,14,0.5833333333333334,15.0,27,14,0.0,0.0,15,10,1.0,15.0,15,10,1.0,12.0,12,8,1.0,12.0,12,8,0.9642857142857143,26.0,27,14,0.9642857142857143,26.0,27,14,0.9642857142857143,26.0,27,14,0.0,0.0,15,10,0.03571428571428571,1.0,27,14,15.93191253344218,420.7262659072876,27,14,1.0,27.0,27,14,,,0,0,,,0,0,,,0,0,,,0,0,,,0,0,,,0,0,1.0,26.0,26,14,,,0,0,0.0,0.0,14,9,0.0,0.0,26,14,,,0,0,,,0,0,,,0,0,,,0,0,,,0,0,,,0,0,FULL_COHORT,METRIC,,,,,,,,,,,,,,,,,,
OLD15,A,0,BE,BE_ROUTE_R0,challenge,same_answer_context_not_conflict,STRICT_BASE,320,False,micro,27,14,6,UNKNOWN,1.0,27.0,27,14,,,0,0,1.0,27.0,27,14,0.5555555555555556,15.0,27,14,0.0,0.0,15,10,1.0,15.0,15,10,1.0,12.0,12,8,1.0,12.0,12,8,0.9629629629629629,26.0,27,14,0.9629629629629629,26.0,27,14,0.9629629629629629,26.0,27,14,0.0,0.0,15,10,0.037037037037037035,1.0,27,14,15.582454292862504,420.7262659072876,27,14,1.0,27.0,27,14,,,0,0,,,0,0,,,0,0,,,0,0,,,0,0,,,0,0,1.0,26.0,26,14,,,0,0,0.0,0.0,14,9,0.0,0.0,26,14,,,0,0,,,0,0,,,0,0,,,0,0,,,0,0,,,0,0,FULL_COHORT,METRIC,,,,,,,,,,,,,,,,,,
OLD15,A,0,BE,BE_ROUTE_R0,evaluation,H,STRICT_BASE,320,False,macro,19,14,7,UNKNOWN,0.03571428571428571,1.0,19,14,,,0,0,0.03571428571428571,1.0,19,14,0.8214285714285714,15.0,19,14,0.9230769230769231,14.0,15,13,0.07692307692307693,1.0,15,13,0.0,0.0,4,4,1.0,4.0,4,4,0.9642857142857143,18.0,19,14,0.0,0.0,19,14,0.9642857142857143,18.0,19,14,0.9230769230769231,14.0,15,13,0.03571428571428571,1.0,19,14,17.587116275514877,316.12415885925293,19,14,0.0,0.0,19,14,,,0,0,,,0,0,,,0,0,,,0,0,,,0,0,,,0,0,1.0,18.0,18,14,,,0,0,1.0,14.0,14,12,1.0,18.0,18,14,,,0,0,,,0,0,,,0,0,,,0,0,,,0,0,,,0,0,FULL_COHORT,METRIC,,,,,,,,,,,,,,,,,,
OLD15,A,0,BE,BE_ROUTE_R0,evaluation,H,STRICT_BASE,320,False,micro,19,14,7,UNKNOWN,0.05263157894736842,1.0,19,14,,,0,0,0.05263157894736842,1.0,19,14,0.7894736842105263,15.0,19,14,0.9333333333333333,14.0,15,13,0.06666666666666667,1.0,15,13,0.0,0.0,4,4,1.0,4.0,4,4,0.9473684210526315,18.0,19,14,0.0,0.0,19,14,0.9473684210526315,18.0,19,14,0.9333333333333333,14.0,15,13,0.05263157894736842,1.0,19,14,16.638113624171208,316.12415885925293,19,14,0.0,0.0,19,14,,,0,0,,,0,0,,,0,0,,,0,0,,,0,0,,,0,0,1.0,18.0,18,14,,,0,0,1.0,14.0,14,12,1.0,18.0,18,14,,,0,0,,,0,0,,,0,0,,,0,0,,,0,0,,,0,0,FULL_COHORT,METRIC,,,,,,,,,,,,,,,,,,
OLD15,A,0,BE,BE_ROUTE_R0,evaluation,U,STRICT_BASE,320,False,macro,190,15,41,UNKNOWN,0.24572649572649574,48.0,190,15,,,0,0,0.24572649572649574,48.0,190,15,0.645909645909646,123.0,190,15,0.6451827801827802,78.0,123,15,0.3548172198172198,45.0,123,15,0.05238095238095238,3.0,67,15,0.7441269841269841,50.0,67,15,0.6913308913308913,130.0,190,15,0.025641025641025644,5.0,190,15,0.6913308913308913,130.0,190,15,0.6451827801827802,78.0,123,15,0.3086691086691087,60.0,190,15,10.456148639354078,1979.2076230049133,190,15,0.05641025641025641,11.0,190,15,,,0,0,,,0,0,,,0,0,,,0,0,,,0,0,,,0,0,1.0,130.0,130,15,,,0,0,0.9678571428571429,78.0,80,14,0.962929292929293,125.0,130,15,,,0,0,,,0,0,,,0,0,,,0,0,,,0,0,,,0,0,FULL_COHORT,METRIC,,,,,,,,,,,,,,,,,,
OLD15,A,0,BE,BE_ROUTE_R0,evaluation,U,STRICT_BASE,320,False,micro,190,15,41,UNKNOWN,0.25263157894736843,48.0,190,15,,,0,0,0.25263157894736843,48.0,190,15,0.6473684210526316,123.0,190,15,0.6341463414634146,78.0,123,15,0.36585365853658536,45.0,123,15,0.04477611940298507,3.0,67,15,0.746268656716418,50.0,67,15,0.6842105263157895,130.0,190,15,0.02631578947368421,5.0,190,15,0.6842105263157895,130.0,190,15,0.6341463414634146,78.0,123,15,0.3157894736842105,60.0,190,15,10.416882226341649,1979.2076230049133,190,15,0.05789473684210526,11.0,190,15,,,0,0,,,0,0,,,0,0,,,0,0,,,0,0,,,0,0,1.0,130.0,130,15,,,0,0,0.975,78.0,80,14,0.9615384615384616,125.0,130,15,,,0,0,,,0,0,,,0,0,,,0,0,,,0,0,,,0,0,FULL_COHORT,METRIC,,,,,,,,,,,,,,,,,,
OLD15,A,0,BE,BE_ROUTE_R0,evaluation,cross_family_confirmation,EDIT_TARGET,320,False,macro,30,15,15,UNKNOWN,1.0,30.0,30,15,,,0,0,1.0,30.0,30,15,0.5333333333333333,16.0,30,15,,,0,0,,,0,0,1.0,14.0,14,9,1.0,14.0,14,9,1.0,30.0,30,15,1.0,30.0,30,15,,,0,0,,,0,0,0.0,0.0,30,15,,,0,0,1.0,30.0,30,15,,,0,0,,,0,0,,,0,0,,,0,0,,,0,0,,,0,0,1.0,30.0,30,15,,,0,0,,,0,0,,,0,0,0.0,0.0,30,15,,,0,0,,,0,0,,,0,0,,,0,0,,,0,0,FULL_COHORT,METRIC,,,,,,,,,,,,,,,,,,
OLD15,A,0,BE,BE_ROUTE_R0,evaluation,cross_family_confirmation,EDIT_TARGET,320,False,micro,30,15,15,UNKNOWN,1.0,30.0,30,15,,,0,0,1.0,30.0,30,15,0.5333333333333333,16.0,30,15,,,0,0,,,0,0,1.0,14.0,14,9,1.0,14.0,14,9,1.0,30.0,30,15,1.0,30.0,30,15,,,0,0,,,0,0,0.0,0.0,30,15,,,0,0,1.0,30.0,30,15,,,0,0,,,0,0,,,0,0,,,0,0,,,0,0,,,0,0,1.0,30.0,30,15,,,0,0,,,0,0,,,0,0,0.0,0.0,30,15,,,0,0,,,0,0,,,0,0,,,0,0,,,0,0,FULL_COHORT,METRIC,,,,,,,,,,,,,,,,,,
OLD15,A,0,BE,BE_ROUTE_R0,evaluation,source_style_confirmation,EDIT_TARGET,320,False,macro,30,15,15,UNKNOWN,1.0,30.0,30,15,,,0,0,1.0,30.0,30,15,0.6333333333333333,19.0,30,15,,,0,0,,,0,0,1.0,11.0,11,6,1.0,11.0,11,6,1.0,30.0,30,15,1.0,30.0,30,15,,,0,0,,,0,0,0.0,0.0,30,15,,,0,0,1.0,30.0,30,15,,,0,0,,,0,0,,,0,0,,,0,0,,,0,0,,,0,0,1.0,30.0,30,15,,,0,0,,,0,0,,,0,0,0.0,0.0,30,15,,,0,0,,,0,0,,,0,0,,,0,0,,,0,0,FULL_COHORT,METRIC,,,,,,,,,,,,,,,,,,
OLD15,A,0,BE,BE_ROUTE_R0,evaluation,source_style_confirmation,EDIT_TARGET,320,False,micro,30,15,15,UNKNOWN,1.0,30.0,30,15,,,0,0,1.0,30.0,30,15,0.6333333333333333,19.0,30,15,,,0,0,,,0,0,1.0,11.0,11,6,1.0,11.0,11,6,1.0,30.0,30,15,1.0,30.0,30,15,,,0,0,,,0,0,0.0,0.0,30,15,,,0,0,1.0,30.0,30,15,,,0,0,,,0,0,,,0,0,,,0,0,,,0,0,,,0,0,1.0,30.0,30,15,,,0,0,,,0,0,,,0,0,0.0,0.0,30,15,,,0,0,,,0,0,,,0,0,,,0,0,,,0,0,FULL_COHORT,METRIC,,,,,,,,,,,,,,,,,,
OLD15,A,0,BE,BE_ROUTE_R0,fit,H,STRICT_BASE,320,False,macro,27,15,9,UNKNOWN,0.04444444444444444,2.0,27,15,,,0,0,0.04444444444444444,2.0,27,15,0.9777777777777777,26.0,27,15,0.9444444444444444,24.0,26,15,0.05555555555555555,2.0,26,15,0.0,0.0,1,1,0.0,0.0,1,1,0.9333333333333333,24.0,27,15,0.0,0.0,27,15,0.9333333333333333,24.0,27,15,0.9444444444444444,24.0,26,15,0.06666666666666667,3.0,27,15,17.035886160532634,420.86712074279785,27,15,0.0,0.0,27,15,,,0,0,,,0,0,,,0,0,,,0,0,,,0,0,,,0,0,1.0,24.0,24,15,,,0,0,1.0,24.0,24,15,1.0,24.0,24,15,,,0,0,,,0,0,,,0,0,,,0,0,,,0,0,,,0,0,FULL_COHORT,METRIC,,,,,,,,,,,,,,,,,,
OLD15,A,0,BE,BE_ROUTE_R0,fit,H,STRICT_BASE,320,False,micro,27,15,9,UNKNOWN,0.07407407407407407,2.0,27,15,,,0,0,0.07407407407407407,2.0,27,15,0.9629629629629629,26.0,27,15,0.9230769230769231,24.0,26,15,0.07692307692307693,2.0,26,15,0.0,0.0,1,1,0.0,0.0,1,1,0.8888888888888888,24.0,27,15,0.0,0.0,27,15,0.8888888888888888,24.0,27,15,0.9230769230769231,24.0,26,15,0.1111111111111111,3.0,27,15,15.587671138622143,420.86712074279785,27,15,0.0,0.0,27,15,,,0,0,,,0,0,,,0,0,,,0,0,,,0,0,,,0,0,1.0,24.0,24,15,,,0,0,1.0,24.0,24,15,1.0,24.0,24,15,,,0,0,,,0,0,,,0,0,,,0,0,,,0,0,,,0,0,FULL_COHORT,METRIC,,,,,,,,,,,,,,,,,,
OLD15,A,0,BE,BE_ROUTE_R0,fit,U,STRICT_BASE,320,False,macro,204,15,43,UNKNOWN,0.17252747252747253,36.0,204,15,,,0,0,0.17252747252747253,36.0,204,15,0.5835164835164836,119.0,204,15,0.7128306878306878,85.0,119,15,0.2871693121693122,34.0,119,15,0.025,2.0,85,15,0.7152645502645503,59.0,85,15,0.7208791208791209,146.0,204,15,0.019047619047619046,4.0,204,15,0.7208791208791209,146.0,204,15,0.7128306878306878,85.0,119,15,0.27912087912087913,58.0,204,15,10.804847320095524,2201.33643245697,204,15,0.0619047619047619,13.0,204,15,,,0,0,,,0,0,,,0,0,,,0,0,,,0,0,,,0,0,1.0,146.0,146,15,,,0,0,0.98,85.0,87,15,0.9664021164021164,142.0,146,15,,,0,0,,,0,0,,,0,0,,,0,0,,,0,0,,,0,0,FULL_COHORT,METRIC,,,,,,,,,,,,,,,,,,
OLD15,A,0,BE,BE_ROUTE_R0,fit,U,STRICT_BASE,320,False,micro,204,15,43,UNKNOWN,0.17647058823529413,36.0,204,15,,,0,0,0.17647058823529413,36.0,204,15,0.5833333333333334,119.0,204,15,0.7142857142857143,85.0,119,15,0.2857142857142857,34.0,119,15,0.023529411764705882,2.0,85,15,0.6941176470588235,59.0,85,15,0.7156862745098039,146.0,204,15,0.0196078431372549,4.0,204,15,0.7156862745098039,146.0,204,15,0.7142857142857143,85.0,119,15,0.28431372549019607,58.0,204,15,10.790864864985148,2201.33643245697,204,15,0.06372549019607843,13.0,204,15,,,0,0,,,0,0,,,0,0,,,0,0,,,0,0,,,0,0,1.0,146.0,146,15,,,0,0,0.9770114942528736,85.0,87,15,0.9726027397260274,142.0,146,15,,,0,0,,,0,0,,,0,0,,,0,0,,,0,0,,,0,0,FULL_COHORT,METRIC,,,,,,,,,,,,,,,,,,
OLD15,A,0,BE,BE_ROUTE_R0,fit,cross_family_confirmation,EDIT_TARGET,320,False,macro,60,15,15,UNKNOWN,1.0,60.0,60,15,,,0,0,1.0,60.0,60,15,0.3,18.0,60,15,,,0,0,,,0,0,1.0,42.0,42,15,1.0,42.0,42,15,1.0,60.0,60,15,1.0,60.0,60,15,,,0,0,,,0,0,0.0,0.0,60,15,,,0,0,1.0,60.0,60,15,,,0,0,,,0,0,,,0,0,,,0,0,,,0,0,,,0,0,1.0,60.0,60,15,,,0,0,,,0,0,,,0,0,0.0,0.0,60,15,,,0,0,,,0,0,,,0,0,,,0,0,,,0,0,FULL_COHORT,METRIC,,,,,,,,,,,,,,,,,,
OLD15,A,0,BE,BE_ROUTE_R0,fit,cross_family_confirmation,EDIT_TARGET,320,False,micro,60,15,15,UNKNOWN,1.0,60.0,60,15,,,0,0,1.0,60.0,60,15,0.3,18.0,60,15,,,0,0,,,0,0,1.0,42.0,42,15,1.0,42.0,42,15,1.0,60.0,60,15,1.0,60.0,60,15,,,0,0,,,0,0,0.0,0.0,60,15,,,0,0,1.0,60.0,60,15,,,0,0,,,0,0,,,0,0,,,0,0,,,0,0,,,0,0,1.0,60.0,60,15,,,0,0,,,0,0,,,0,0,0.0,0.0,60,15,,,0,0,,,0,0,,,0,0,,,0,0,,,0,0,FULL_COHORT,METRIC,,,,,,,,,,,,,,,,,,
OLD15,A,0,BE,BE_ROUTE_R0,native,T0,EDIT_TARGET,320,False,macro,15,15,15,UNKNOWN,1.0,15.0,15,15,1.0,15.0,15,15,1.0,15.0,15,15,0.0,0.0,15,15,,,0,0,,,0,0,1.0,15.0,15,15,1.0,15.0,15,15,1.0,15.0,15,15,1.0,15.0,15,15,,,0,0,,,0,0,0.0,0.0,15,15,,,0,0,1.0,15.0,15,15,,,0,0,,,0,0,,,0,0,,,0,0,,,0,0,,,0,0,1.0,15.0,15,15,,,0,0,,,0,0,,,0,0,0.0,0.0,15,15,,,0,0,,,0,0,,,0,0,,,0,0,,,0,0,FULL_COHORT,METRIC,,,,,,,,,,,,,,,,,,
OLD15,A,0,BE,BE_ROUTE_R0,native,T0,EDIT_TARGET,320,False,micro,15,15,15,UNKNOWN,1.0,15.0,15,15,1.0,15.0,15,15,1.0,15.0,15,15,0.0,0.0,15,15,,,0,0,,,0,0,1.0,15.0,15,15,1.0,15.0,15,15,1.0,15.0,15,15,1.0,15.0,15,15,,,0,0,,,0,0,0.0,0.0,15,15,,,0,0,1.0,15.0,15,15,,,0,0,,,0,0,,,0,0,,,0,0,,,0,0,,,0,0,1.0,15.0,15,15,,,0,0,,,0,0,,,0,0,0.0,0.0,15,15,,,0,0,,,0,0,,,0,0,,,0,0,,,0,0,FULL_COHORT,METRIC,,,,,,,,,,,,,,,,,,
OLD15,A,0,BE,RC_FIXED_OLD16,challenge,same_answer_context_not_conflict,STRICT_BASE,320,False,macro,27,14,6,UNKNOWN,0.5833333333333334,15.0,27,14,,,0,0,0.5833333333333334,15.0,27,14,0.5833333333333334,15.0,27,14,0.0,0.0,15,10,1.0,15.0,15,10,0.0,0.0,12,8,0.0,0.0,12,8,0.0,0.0,27,14,0.0,0.0,27,14,0.0,0.0,27,14,0.0,0.0,15,10,1.0,27.0,27,14,0.0,0.0,27,14,1.0,27.0,27,14,,,0,0,,,0,0,,,0,0,,,0,0,,,0,0,,,0,0,,,0,0,,,0,0,,,0,0,,,0,0,,,0,0,,,0,0,,,0,0,,,0,0,,,0,0,,,0,0,FULL_COHORT,METRIC,,,,,,,,,,,,,,,,,,
OLD15,A,0,BE,RC_FIXED_OLD16,challenge,same_answer_context_not_conflict,STRICT_BASE,320,False,micro,27,14,6,UNKNOWN,0.5555555555555556,15.0,27,14,,,0,0,0.5555555555555556,15.0,27,14,0.5555555555555556,15.0,27,14,0.0,0.0,15,10,1.0,15.0,15,10,0.0,0.0,12,8,0.0,0.0,12,8,0.0,0.0,27,14,0.0,0.0,27,14,0.0,0.0,27,14,0.0,0.0,15,10,1.0,27.0,27,14,0.0,0.0,27,14,1.0,27.0,27,14,,,0,0,,,0,0,,,0,0,,,0,0,,,0,0,,,0,0,,,0,0,,,0,0,,,0,0,,,0,0,,,0,0,,,0,0,,,0,0,,,0,0,,,0,0,,,0,0,FULL_COHORT,METRIC,,,,,,,,,,,,,,,,,,
OLD15,A,0,BE,RC_FIXED_OLD16,evaluation,H,STRICT_BASE,320,False,macro,19,14,7,UNKNOWN,0.8214285714285714,15.0,19,14,,,0,0,0.8214285714285714,15.0,19,14,0.8214285714285714,15.0,19,14,0.0,0.0,15,13,1.0,15.0,15,13,0.0,0.0,4,4,0.0,0.0,4,4,0.0,0.0,19,14,0.0,0.0,19,14,0.0,0.0,19,14,0.0,0.0,15,13,1.0,19.0,19,14,0.0,0.0,19,14,0.0,0.0,19,14,,,0,0,,,0,0,,,0,0,,,0,0,,,0,0,,,0,0,,,0,0,,,0,0,,,0,0,,,0,0,,,0,0,,,0,0,,,0,0,,,0,0,,,0,0,,,0,0,FULL_COHORT,METRIC,,,,,,,,,,,,,,,,,,
OLD15,A,0,BE,RC_FIXED_OLD16,evaluation,H,STRICT_BASE,320,False,micro,19,14,7,UNKNOWN,0.7894736842105263,15.0,19,14,,,0,0,0.7894736842105263,15.0,19,14,0.7894736842105263,15.0,19,14,0.0,0.0,15,13,1.0,15.0,15,13,0.0,0.0,4,4,0.0,0.0,4,4,0.0,0.0,19,14,0.0,0.0,19,14,0.0,0.0,19,14,0.0,0.0,15,13,1.0,19.0,19,14,0.0,0.0,19,14,0.0,0.0,19,14,,,0,0,,,0,0,,,0,0,,,0,0,,,0,0,,,0,0,,,0,0,,,0,0,,,0,0,,,0,0,,,0,0,,,0,0,,,0,0,,,0,0,,,0,0,,,0,0,FULL_COHORT,METRIC,,,,,,,,,,,,,,,,,,
OLD15,A,0,BE,RC_FIXED_OLD16,evaluation,U,STRICT_BASE,320,False,macro,190,15,41,UNKNOWN,0.645909645909646,123.0,190,15,,,0,0,0.645909645909646,123.0,190,15,0.645909645909646,123.0,190,15,0.0,0.0,123,15,1.0,123.0,123,15,0.0,0.0,67,15,0.0,0.0,67,15,0.0,0.0,190,15,0.0,0.0,190,15,0.0,0.0,190,15,0.0,0.0,123,15,1.0,190.0,190,15,0.0,0.0,190,15,0.05641025641025641,11.0,190,15,,,0,0,,,0,0,,,0,0,,,0,0,,,0,0,,,0,0,,,0,0,,,0,0,,,0,0,,,0,0,,,0,0,,,0,0,,,0,0,,,0,0,,,0,0,,,0,0,FULL_COHORT,METRIC,,,,,,,,,,,,,,,,,,
OLD15,A,0,BE,RC_FIXED_OLD16,evaluation,U,STRICT_BASE,320,False,micro,190,15,41,UNKNOWN,0.6473684210526316,123.0,190,15,,,0,0,0.6473684210526316,123.0,190,15,0.6473684210526316,123.0,190,15,0.0,0.0,123,15,1.0,123.0,123,15,0.0,0.0,67,15,0.0,0.0,67,15,0.0,0.0,190,15,0.0,0.0,190,15,0.0,0.0,190,15,0.0,0.0,123,15,1.0,190.0,190,15,0.0,0.0,190,15,0.05789473684210526,11.0,190,15,,,0,0,,,0,0,,,0,0,,,0,0,,,0,0,,,0,0,,,0,0,,,0,0,,,0,0,,,0,0,,,0,0,,,0,0,,,0,0,,,0,0,,,0,0,,,0,0,FULL_COHORT,METRIC,,,,,,,,,,,,,,,,,,
OLD15,A,0,BE,RC_FIXED_OLD16,evaluation,cross_family_confirmation,EDIT_TARGET,320,False,macro,30,15,15,UNKNOWN,1.0,30.0,30,15,,,0,0,1.0,30.0,30,15,0.5333333333333333,16.0,30,15,,,0,0,,,0,0,1.0,14.0,14,9,1.0,14.0,14,9,1.0,30.0,30,15,1.0,30.0,30,15,,,0,0,,,0,0,0.0,0.0,30,15,,,0,0,1.0,30.0,30,15,,,0,0,,,0,0,,,0,0,,,0,0,,,0,0,,,0,0,1.0,30.0,30,15,,,0,0,,,0,0,,,0,0,0.0,0.0,30,15,,,0,0,,,0,0,,,0,0,,,0,0,,,0,0,FULL_COHORT,METRIC,,,,,,,,,,,,,,,,,,
OLD15,A,0,BE,RC_FIXED_OLD16,evaluation,cross_family_confirmation,EDIT_TARGET,320,False,micro,30,15,15,UNKNOWN,1.0,30.0,30,15,,,0,0,1.0,30.0,30,15,0.5333333333333333,16.0,30,15,,,0,0,,,0,0,1.0,14.0,14,9,1.0,14.0,14,9,1.0,30.0,30,15,1.0,30.0,30,15,,,0,0,,,0,0,0.0,0.0,30,15,,,0,0,1.0,30.0,30,15,,,0,0,,,0,0,,,0,0,,,0,0,,,0,0,,,0,0,1.0,30.0,30,15,,,0,0,,,0,0,,,0,0,0.0,0.0,30,15,,,0,0,,,0,0,,,0,0,,,0,0,,,0,0,FULL_COHORT,METRIC,,,,,,,,,,,,,,,,,,
OLD15,A,0,BE,RC_FIXED_OLD16,evaluation,source_style_confirmation,EDIT_TARGET,320,False,macro,30,15,15,UNKNOWN,1.0,30.0,30,15,,,0,0,1.0,30.0,30,15,0.6333333333333333,19.0,30,15,,,0,0,,,0,0,1.0,11.0,11,6,1.0,11.0,11,6,1.0,30.0,30,15,1.0,30.0,30,15,,,0,0,,,0,0,0.0,0.0,30,15,,,0,0,1.0,30.0,30,15,,,0,0,,,0,0,,,0,0,,,0,0,,,0,0,,,0,0,1.0,30.0,30,15,,,0,0,,,0,0,,,0,0,0.0,0.0,30,15,,,0,0,,,0,0,,,0,0,,,0,0,,,0,0,FULL_COHORT,METRIC,,,,,,,,,,,,,,,,,,
OLD15,A,0,BE,RC_FIXED_OLD16,evaluation,source_style_confirmation,EDIT_TARGET,320,False,micro,30,15,15,UNKNOWN,1.0,30.0,30,15,,,0,0,1.0,30.0,30,15,0.6333333333333333,19.0,30,15,,,0,0,,,0,0,1.0,11.0,11,6,1.0,11.0,11,6,1.0,30.0,30,15,1.0,30.0,30,15,,,0,0,,,0,0,0.0,0.0,30,15,,,0,0,1.0,30.0,30,15,,,0,0,,,0,0,,,0,0,,,0,0,,,0,0,,,0,0,1.0,30.0,30,15,,,0,0,,,0,0,,,0,0,0.0,0.0,30,15,,,0,0,,,0,0,,,0,0,,,0,0,,,0,0,FULL_COHORT,METRIC,,,,,,,,,,,,,,,,,,
OLD15,A,0,BE,RC_FIXED_OLD16,fit,H,STRICT_BASE,320,False,macro,27,15,9,UNKNOWN,0.9777777777777777,26.0,27,15,,,0,0,0.9777777777777777,26.0,27,15,0.9777777777777777,26.0,27,15,0.0,0.0,26,15,1.0,26.0,26,15,0.0,0.0,1,1,0.0,0.0,1,1,0.0,0.0,27,15,0.0,0.0,27,15,0.0,0.0,27,15,0.0,0.0,26,15,1.0,27.0,27,15,0.0,0.0,27,15,0.0,0.0,27,15,,,0,0,,,0,0,,,0,0,,,0,0,,,0,0,,,0,0,,,0,0,,,0,0,,,0,0,,,0,0,,,0,0,,,0,0,,,0,0,,,0,0,,,0,0,,,0,0,FULL_COHORT,METRIC,,,,,,,,,,,,,,,,,,
OLD15,A,0,BE,RC_FIXED_OLD16,fit,H,STRICT_BASE,320,False,micro,27,15,9,UNKNOWN,0.9629629629629629,26.0,27,15,,,0,0,0.9629629629629629,26.0,27,15,0.9629629629629629,26.0,27,15,0.0,0.0,26,15,1.0,26.0,26,15,0.0,0.0,1,1,0.0,0.0,1,1,0.0,0.0,27,15,0.0,0.0,27,15,0.0,0.0,27,15,0.0,0.0,26,15,1.0,27.0,27,15,0.0,0.0,27,15,0.0,0.0,27,15,,,0,0,,,0,0,,,0,0,,,0,0,,,0,0,,,0,0,,,0,0,,,0,0,,,0,0,,,0,0,,,0,0,,,0,0,,,0,0,,,0,0,,,0,0,,,0,0,FULL_COHORT,METRIC,,,,,,,,,,,,,,,,,,
OLD15,A,0,BE,RC_FIXED_OLD16,fit,U,STRICT_BASE,320,False,macro,204,15,43,UNKNOWN,0.5835164835164836,119.0,204,15,,,0,0,0.5835164835164836,119.0,204,15,0.5835164835164836,119.0,204,15,0.0,0.0,119,15,1.0,119.0,119,15,0.0,0.0,85,15,0.0,0.0,85,15,0.0,0.0,204,15,0.0,0.0,204,15,0.0,0.0,204,15,0.0,0.0,119,15,1.0,204.0,204,15,0.0,0.0,204,15,0.0619047619047619,13.0,204,15,,,0,0,,,0,0,,,0,0,,,0,0,,,0,0,,,0,0,,,0,0,,,0,0,,,0,0,,,0,0,,,0,0,,,0,0,,,0,0,,,0,0,,,0,0,,,0,0,FULL_COHORT,METRIC,,,,,,,,,,,,,,,,,,
OLD15,A,0,BE,RC_FIXED_OLD16,fit,U,STRICT_BASE,320,False,micro,204,15,43,UNKNOWN,0.5833333333333334,119.0,204,15,,,0,0,0.5833333333333334,119.0,204,15,0.5833333333333334,119.0,204,15,0.0,0.0,119,15,1.0,119.0,119,15,0.0,0.0,85,15,0.0,0.0,85,15,0.0,0.0,204,15,0.0,0.0,204,15,0.0,0.0,204,15,0.0,0.0,119,15,1.0,204.0,204,15,0.0,0.0,204,15,0.06372549019607843,13.0,204,15,,,0,0,,,0,0,,,0,0,,,0,0,,,0,0,,,0,0,,,0,0,,,0,0,,,0,0,,,0,0,,,0,0,,,0,0,,,0,0,,,0,0,,,0,0,,,0,0,FULL_COHORT,METRIC,,,,,,,,,,,,,,,,,,
OLD15,A,0,BE,RC_FIXED_OLD16,fit,cross_family_confirmation,EDIT_TARGET,320,False,macro,60,15,15,UNKNOWN,1.0,60.0,60,15,,,0,0,1.0,60.0,60,15,0.3,18.0,60,15,,,0,0,,,0,0,1.0,42.0,42,15,1.0,42.0,42,15,1.0,60.0,60,15,1.0,60.0,60,15,,,0,0,,,0,0,0.0,0.0,60,15,,,0,0,1.0,60.0,60,15,,,0,0,,,0,0,,,0,0,,,0,0,,,0,0,,,0,0,1.0,60.0,60,15,,,0,0,,,0,0,,,0,0,0.0,0.0,60,15,,,0,0,,,0,0,,,0,0,,,0,0,,,0,0,FULL_COHORT,METRIC,,,,,,,,,,,,,,,,,,
OLD15,A,0,BE,RC_FIXED_OLD16,fit,cross_family_confirmation,EDIT_TARGET,320,False,micro,60,15,15,UNKNOWN,1.0,60.0,60,15,,,0,0,1.0,60.0,60,15,0.3,18.0,60,15,,,0,0,,,0,0,1.0,42.0,42,15,1.0,42.0,42,15,1.0,60.0,60,15,1.0,60.0,60,15,,,0,0,,,0,0,0.0,0.0,60,15,,,0,0,1.0,60.0,60,15,,,0,0,,,0,0,,,0,0,,,0,0,,,0,0,,,0,0,1.0,60.0,60,15,,,0,0,,,0,0,,,0,0,0.0,0.0,60,15,,,0,0,,,0,0,,,0,0,,,0,0,,,0,0,FULL_COHORT,METRIC,,,,,,,,,,,,,,,,,,
OLD15,A,0,BE,RC_FIXED_OLD16,native,T0,EDIT_TARGET,320,False,macro,15,15,15,UNKNOWN,1.0,15.0,15,15,1.0,15.0,15,15,1.0,15.0,15,15,0.0,0.0,15,15,,,0,0,,,0,0,1.0,15.0,15,15,1.0,15.0,15,15,1.0,15.0,15,15,1.0,15.0,15,15,,,0,0,,,0,0,0.0,0.0,15,15,,,0,0,1.0,15.0,15,15,,,0,0,,,0,0,,,0,0,,,0,0,,,0,0,,,0,0,1.0,15.0,15,15,,,0,0,,,0,0,,,0,0,0.0,0.0,15,15,,,0,0,,,0,0,,,0,0,,,0,0,,,0,0,FULL_COHORT,METRIC,,,,,,,,,,,,,,,,,,
OLD15,A,0,BE,RC_FIXED_OLD16,native,T0,EDIT_TARGET,320,False,micro,15,15,15,UNKNOWN,1.0,15.0,15,15,1.0,15.0,15,15,1.0,15.0,15,15,0.0,0.0,15,15,,,0,0,,,0,0,1.0,15.0,15,15,1.0,15.0,15,15,1.0,15.0,15,15,1.0,15.0,15,15,,,0,0,,,0,0,0.0,0.0,15,15,,,0,0,1.0,15.0,15,15,,,0,0,,,0,0,,,0,0,,,0,0,,,0,0,,,0,0,1.0,15.0,15,15,,,0,0,,,0,0,,,0,0,0.0,0.0,15,15,,,0,0,,,0,0,,,0,0,,,0,0,,,0,0,FULL_COHORT,METRIC,,,,,,,,,,,,,,,,,,
OLD15,A,0,C_FACT,BE_ROUTE_R0,challenge,same_answer_context_not_conflict,STRICT_BASE,320,False,macro,27,14,6,UNKNOWN,0.7857142857142857,21.0,27,14,,,0,0,0.7857142857142857,21.0,27,14,0.5833333333333334,15.0,27,14,0.2,2.0,15,10,0.8,13.0,15,10,0.6875,8.0,12,8,1.0,12.0,12,8,0.9642857142857143,26.0,27,14,0.75,20.0,27,14,0.9642857142857143,26.0,27,14,0.2,2.0,15,10,0.03571428571428571,1.0,27,14,,,0,0,0.75,20.0,27,14,,,0,0,,,0,0,,,0,0,,,0,0,,,0,0,,,0,0,1.0,26.0,26,14,,,0,0,0.2222222222222222,2.0,14,9,0.21428571428571427,6.0,26,14,,,0,0,,,0,0,,,0,0,,,0,0,,,0,0,,,0,0,FULL_COHORT,METRIC,,,,,,,,,,,,,,,,,,
OLD15,A,0,C_FACT,BE_ROUTE_R0,challenge,same_answer_context_not_conflict,STRICT_BASE,320,False,micro,27,14,6,UNKNOWN,0.7777777777777778,21.0,27,14,,,0,0,0.7777777777777778,21.0,27,14,0.5555555555555556,15.0,27,14,0.13333333333333333,2.0,15,10,0.8666666666666667,13.0,15,10,0.6666666666666666,8.0,12,8,1.0,12.0,12,8,0.9629629629629629,26.0,27,14,0.7407407407407407,20.0,27,14,0.9629629629629629,26.0,27,14,0.13333333333333333,2.0,15,10,0.037037037037037035,1.0,27,14,,,0,0,0.7407407407407407,20.0,27,14,,,0,0,,,0,0,,,0,0,,,0,0,,,0,0,,,0,0,1.0,26.0,26,14,,,0,0,0.14285714285714285,2.0,14,9,0.23076923076923078,6.0,26,14,,,0,0,,,0,0,,,0,0,,,0,0,,,0,0,,,0,0,FULL_COHORT,METRIC,,,,,,,,,,,,,,,,,,
OLD15,A,0,C_FACT,BE_ROUTE_R0,evaluation,H,STRICT_BASE,320,False,macro,19,14,7,UNKNOWN,0.5357142857142857,11.0,19,14,,,0,0,0.5357142857142857,11.0,19,14,0.8214285714285714,15.0,19,14,0.3076923076923077,4.0,15,13,0.6923076923076923,11.0,15,13,0.0,0.0,4,4,1.0,4.0,4,4,0.9642857142857143,18.0,19,14,0.5,10.0,19,14,0.9642857142857143,18.0,19,14,0.3076923076923077,4.0,15,13,0.03571428571428571,1.0,19,14,,,0,0,0.5357142857142857,11.0,19,14,,,0,0,,,0,0,,,0,0,,,0,0,,,0,0,,,0,0,1.0,18.0,18,14,,,0,0,0.3333333333333333,4.0,14,12,0.5,8.0,18,14,,,0,0,,,0,0,,,0,0,,,0,0,,,0,0,,,0,0,FULL_COHORT,METRIC,,,,,,,,,,,,,,,,,,
OLD15,A,0,C_FACT,BE_ROUTE_R0,evaluation,H,STRICT_BASE,320,False,micro,19,14,7,UNKNOWN,0.5789473684210527,11.0,19,14,,,0,0,0.5789473684210527,11.0,19,14,0.7894736842105263,15.0,19,14,0.26666666666666666,4.0,15,13,0.7333333333333333,11.0,15,13,0.0,0.0,4,4,1.0,4.0,4,4,0.9473684210526315,18.0,19,14,0.5263157894736842,10.0,19,14,0.9473684210526315,18.0,19,14,0.26666666666666666,4.0,15,13,0.05263157894736842,1.0,19,14,,,0,0,0.5789473684210527,11.0,19,14,,,0,0,,,0,0,,,0,0,,,0,0,,,0,0,,,0,0,1.0,18.0,18,14,,,0,0,0.2857142857142857,4.0,14,12,0.4444444444444444,8.0,18,14,,,0,0,,,0,0,,,0,0,,,0,0,,,0,0,,,0,0,FULL_COHORT,METRIC,,,,,,,,,,,,,,,,,,
OLD15,A,0,C_FACT,BE_ROUTE_R0,evaluation,U,STRICT_BASE,320,False,macro,190,15,41,UNKNOWN,0.5620879120879121,107.0,190,15,,,0,0,0.5620879120879121,107.0,190,15,0.645909645909646,123.0,190,15,0.16807599807599807,21.0,123,15,0.831924001924002,102.0,123,15,0.07682539682539682,5.0,67,15,0.35603174603174603,23.0,67,15,0.6913308913308913,130.0,190,15,0.342002442002442,64.0,190,15,0.6913308913308913,130.0,190,15,0.16807599807599807,21.0,123,15,0.681990231990232,130.0,190,15,,,0,0,0.5222222222222223,99.0,190,15,,,0,0,,,0,0,,,0,0,,,0,0,,,0,0,,,0,0,1.0,130.0,130,15,,,0,0,0.29829931972789114,21.0,80,14,0.551955266955267,66.0,130,15,,,0,0,,,0,0,,,0,0,,,0,0,,,0,0,,,0,0,FULL_COHORT,METRIC,,,,,,,,,,,,,,,,,,
OLD15,A,0,C_FACT,BE_ROUTE_R0,evaluation,U,STRICT_BASE,320,False,micro,190,15,41,UNKNOWN,0.5631578947368421,107.0,190,15,,,0,0,0.5631578947368421,107.0,190,15,0.6473684210526316,123.0,190,15,0.17073170731707318,21.0,123,15,0.8292682926829268,102.0,123,15,0.07462686567164178,5.0,67,15,0.34328358208955223,23.0,67,15,0.6842105263157895,130.0,190,15,0.3368421052631579,64.0,190,15,0.6842105263157895,130.0,190,15,0.17073170731707318,21.0,123,15,0.6842105263157895,130.0,190,15,,,0,0,0.5210526315789473,99.0,190,15,,,0,0,,,0,0,,,0,0,,,0,0,,,0,0,,,0,0,1.0,130.0,130,15,,,0,0,0.2625,21.0,80,14,0.5076923076923077,66.0,130,15,,,0,0,,,0,0,,,0,0,,,0,0,,,0,0,,,0,0,FULL_COHORT,METRIC,,,,,,,,,,,,,,,,,,
OLD15,A,0,C_FACT,BE_ROUTE_R0,evaluation,cross_family_confirmation,EDIT_TARGET,320,False,macro,30,15,15,UNKNOWN,1.0,30.0,30,15,,,0,0,1.0,30.0,30,15,0.5333333333333333,16.0,30,15,,,0,0,,,0,0,1.0,14.0,14,9,1.0,14.0,14,9,1.0,30.0,30,15,1.0,30.0,30,15,,,0,0,,,0,0,0.0,0.0,30,15,,,0,0,1.0,30.0,30,15,,,0,0,,,0,0,,,0,0,,,0,0,,,0,0,,,0,0,1.0,30.0,30,15,,,0,0,,,0,0,,,0,0,0.0,0.0,30,15,,,0,0,,,0,0,,,0,0,,,0,0,,,0,0,FULL_COHORT,METRIC,,,,,,,,,,,,,,,,,,
OLD15,A,0,C_FACT,BE_ROUTE_R0,evaluation,cross_family_confirmation,EDIT_TARGET,320,False,micro,30,15,15,UNKNOWN,1.0,30.0,30,15,,,0,0,1.0,30.0,30,15,0.5333333333333333,16.0,30,15,,,0,0,,,0,0,1.0,14.0,14,9,1.0,14.0,14,9,1.0,30.0,30,15,1.0,30.0,30,15,,,0,0,,,0,0,0.0,0.0,30,15,,,0,0,1.0,30.0,30,15,,,0,0,,,0,0,,,0,0,,,0,0,,,0,0,,,0,0,1.0,30.0,30,15,,,0,0,,,0,0,,,0,0,0.0,0.0,30,15,,,0,0,,,0,0,,,0,0,,,0,0,,,0,0,FULL_COHORT,METRIC,,,,,,,,,,,,,,,,,,
OLD15,A,0,C_FACT,BE_ROUTE_R0,evaluation,source_style_confirmation,EDIT_TARGET,320,False,macro,30,15,15,UNKNOWN,1.0,30.0,30,15,,,0,0,1.0,30.0,30,15,0.6333333333333333,19.0,30,15,,,0,0,,,0,0,1.0,11.0,11,6,1.0,11.0,11,6,1.0,30.0,30,15,1.0,30.0,30,15,,,0,0,,,0,0,0.0,0.0,30,15,,,0,0,1.0,30.0,30,15,,,0,0,,,0,0,,,0,0,,,0,0,,,0,0,,,0,0,1.0,30.0,30,15,,,0,0,,,0,0,,,0,0,0.0,0.0,30,15,,,0,0,,,0,0,,,0,0,,,0,0,,,0,0,FULL_COHORT,METRIC,,,,,,,,,,,,,,,,,,
OLD15,A,0,C_FACT,BE_ROUTE_R0,evaluation,source_style_confirmation,EDIT_TARGET,320,False,micro,30,15,15,UNKNOWN,1.0,30.0,30,15,,,0,0,1.0,30.0,30,15,0.6333333333333333,19.0,30,15,,,0,0,,,0,0,1.0,11.0,11,6,1.0,11.0,11,6,1.0,30.0,30,15,1.0,30.0,30,15,,,0,0,,,0,0,0.0,0.0,30,15,,,0,0,1.0,30.0,30,15,,,0,0,,,0,0,,,0,0,,,0,0,,,0,0,,,0,0,1.0,30.0,30,15,,,0,0,,,0,0,,,0,0,0.0,0.0,30,15,,,0,0,,,0,0,,,0,0,,,0,0,,,0,0,FULL_COHORT,METRIC,,,,,,,,,,,,,,,,,,
OLD15,A,0,C_FACT,BE_ROUTE_R0,fit,H,STRICT_BASE,320,False,macro,27,15,9,UNKNOWN,0.9777777777777777,26.0,27,15,,,0,0,0.9777777777777777,26.0,27,15,0.9777777777777777,26.0,27,15,0.0,0.0,26,15,1.0,26.0,26,15,0.0,0.0,1,1,0.0,0.0,1,1,0.9333333333333333,24.0,27,15,0.9333333333333333,24.0,27,15,0.9333333333333333,24.0,27,15,0.0,0.0,26,15,0.06666666666666667,3.0,27,15,,,0,0,0.9555555555555556,25.0,27,15,,,0,0,,,0,0,,,0,0,,,0,0,,,0,0,,,0,0,1.0,24.0,24,15,,,0,0,0.0,0.0,24,15,0.0,0.0,24,15,,,0,0,,,0,0,,,0,0,,,0,0,,,0,0,,,0,0,FULL_COHORT,METRIC,,,,,,,,,,,,,,,,,,
OLD15,A,0,C_FACT,BE_ROUTE_R0,fit,H,STRICT_BASE,320,False,micro,27,15,9,UNKNOWN,0.9629629629629629,26.0,27,15,,,0,0,0.9629629629629629,26.0,27,15,0.9629629629629629,26.0,27,15,0.0,0.0,26,15,1.0,26.0,26,15,0.0,0.0,1,1,0.0,0.0,1,1,0.8888888888888888,24.0,27,15,0.8888888888888888,24.0,27,15,0.8888888888888888,24.0,27,15,0.0,0.0,26,15,0.1111111111111111,3.0,27,15,,,0,0,0.9259259259259259,25.0,27,15,,,0,0,,,0,0,,,0,0,,,0,0,,,0,0,,,0,0,1.0,24.0,24,15,,,0,0,0.0,0.0,24,15,0.0,0.0,24,15,,,0,0,,,0,0,,,0,0,,,0,0,,,0,0,,,0,0,FULL_COHORT,METRIC,,,,,,,,,,,,,,,,,,
OLD15,A,0,C_FACT,BE_ROUTE_R0,fit,U,STRICT_BASE,320,False,macro,204,15,43,UNKNOWN,0.5212454212454213,106.0,204,15,,,0,0,0.5212454212454213,106.0,204,15,0.5835164835164836,119.0,204,15,0.13820105820105819,18.0,119,15,0.8617989417989418,101.0,119,15,0.05341269841269841,5.0,85,15,0.2806084656084656,23.0,85,15,0.7208791208791209,146.0,204,15,0.3677655677655678,74.0,204,15,0.7208791208791209,146.0,204,15,0.13820105820105819,18.0,119,15,0.6923076923076923,141.0,204,15,,,0,0,0.49743589743589745,101.0,204,15,,,0,0,,,0,0,,,0,0,,,0,0,,,0,0,,,0,0,1.0,146.0,146,15,,,0,0,0.24698412698412697,18.0,87,15,0.5045480445480446,72.0,146,15,,,0,0,,,0,0,,,0,0,,,0,0,,,0,0,,,0,0,FULL_COHORT,METRIC,,,,,,,,,,,,,,,,,,
OLD15,A,0,C_FACT,BE_ROUTE_R0,fit,U,STRICT_BASE,320,False,micro,204,15,43,UNKNOWN,0.5196078431372549,106.0,204,15,,,0,0,0.5196078431372549,106.0,204,15,0.5833333333333334,119.0,204,15,0.15126050420168066,18.0,119,15,0.8487394957983193,101.0,119,15,0.058823529411764705,5.0,85,15,0.27058823529411763,23.0,85,15,0.7156862745098039,146.0,204,15,0.3627450980392157,74.0,204,15,0.7156862745098039,146.0,204,15,0.15126050420168066,18.0,119,15,0.6911764705882353,141.0,204,15,,,0,0,0.4950980392156863,101.0,204,15,,,0,0,,,0,0,,,0,0,,,0,0,,,0,0,,,0,0,1.0,146.0,146,15,,,0,0,0.20689655172413793,18.0,87,15,0.4931506849315068,72.0,146,15,,,0,0,,,0,0,,,0,0,,,0,0,,,0,0,,,0,0,FULL_COHORT,METRIC,,,,,,,,,,,,,,,,,,
OLD15,A,0,C_FACT,BE_ROUTE_R0,fit,cross_family_confirmation,EDIT_TARGET,320,False,macro,60,15,15,UNKNOWN,1.0,60.0,60,15,,,0,0,1.0,60.0,60,15,0.3,18.0,60,15,,,0,0,,,0,0,1.0,42.0,42,15,1.0,42.0,42,15,1.0,60.0,60,15,1.0,60.0,60,15,,,0,0,,,0,0,0.0,0.0,60,15,,,0,0,1.0,60.0,60,15,,,0,0,,,0,0,,,0,0,,,0,0,,,0,0,,,0,0,1.0,60.0,60,15,,,0,0,,,0,0,,,0,0,0.0,0.0,60,15,,,0,0,,,0,0,,,0,0,,,0,0,,,0,0,FULL_COHORT,METRIC,,,,,,,,,,,,,,,,,,
OLD15,A,0,C_FACT,BE_ROUTE_R0,fit,cross_family_confirmation,EDIT_TARGET,320,False,micro,60,15,15,UNKNOWN,1.0,60.0,60,15,,,0,0,1.0,60.0,60,15,0.3,18.0,60,15,,,0,0,,,0,0,1.0,42.0,42,15,1.0,42.0,42,15,1.0,60.0,60,15,1.0,60.0,60,15,,,0,0,,,0,0,0.0,0.0,60,15,,,0,0,1.0,60.0,60,15,,,0,0,,,0,0,,,0,0,,,0,0,,,0,0,,,0,0,1.0,60.0,60,15,,,0,0,,,0,0,,,0,0,0.0,0.0,60,15,,,0,0,,,0,0,,,0,0,,,0,0,,,0,0,FULL_COHORT,METRIC,,,,,,,,,,,,,,,,,,
OLD15,A,0,C_FACT,BE_ROUTE_R0,native,T0,EDIT_TARGET,320,False,macro,15,15,15,UNKNOWN,1.0,15.0,15,15,1.0,15.0,15,15,1.0,15.0,15,15,0.0,0.0,15,15,,,0,0,,,0,0,1.0,15.0,15,15,1.0,15.0,15,15,1.0,15.0,15,15,1.0,15.0,15,15,,,0,0,,,0,0,0.0,0.0,15,15,,,0,0,1.0,15.0,15,15,,,0,0,,,0,0,,,0,0,,,0,0,,,0,0,,,0,0,1.0,15.0,15,15,,,0,0,,,0,0,,,0,0,0.0,0.0,15,15,,,0,0,,,0,0,,,0,0,,,0,0,,,0,0,FULL_COHORT,METRIC,,,,,,,,,,,,,,,,,,
OLD15,A,0,C_FACT,BE_ROUTE_R0,native,T0,EDIT_TARGET,320,False,micro,15,15,15,UNKNOWN,1.0,15.0,15,15,1.0,15.0,15,15,1.0,15.0,15,15,0.0,0.0,15,15,,,0,0,,,0,0,1.0,15.0,15,15,1.0,15.0,15,15,1.0,15.0,15,15,1.0,15.0,15,15,,,0,0,,,0,0,0.0,0.0,15,15,,,0,0,1.0,15.0,15,15,,,0,0,,,0,0,,,0,0,,,0,0,,,0,0,,,0,0,1.0,15.0,15,15,,,0,0,,,0,0,,,0,0,0.0,0.0,15,15,,,0,0,,,0,0,,,0,0,,,0,0,,,0,0,FULL_COHORT,METRIC,,,,,,,,,,,,,,,,,,
OLD15,A,0,C_FACT,RC_FIXED_OLD16,challenge,same_answer_context_not_conflict,STRICT_BASE,320,False,macro,27,14,6,UNKNOWN,0.5833333333333334,15.0,27,14,,,0,0,0.5833333333333334,15.0,27,14,0.5833333333333334,15.0,27,14,0.0,0.0,15,10,1.0,15.0,15,10,0.0,0.0,12,8,0.0,0.0,12,8,0.0,0.0,27,14,0.0,0.0,27,14,0.0,0.0,27,14,0.0,0.0,15,10,1.0,27.0,27,14,,,0,0,0.75,20.0,27,14,,,0,0,,,0,0,,,0,0,,,0,0,,,0,0,,,0,0,,,0,0,,,0,0,,,0,0,,,0,0,,,0,0,,,0,0,,,0,0,,,0,0,,,0,0,,,0,0,FULL_COHORT,METRIC,,,,,,,,,,,,,,,,,,
OLD15,A,0,C_FACT,RC_FIXED_OLD16,challenge,same_answer_context_not_conflict,STRICT_BASE,320,False,micro,27,14,6,UNKNOWN,0.5555555555555556,15.0,27,14,,,0,0,0.5555555555555556,15.0,27,14,0.5555555555555556,15.0,27,14,0.0,0.0,15,10,1.0,15.0,15,10,0.0,0.0,12,8,0.0,0.0,12,8,0.0,0.0,27,14,0.0,0.0,27,14,0.0,0.0,27,14,0.0,0.0,15,10,1.0,27.0,27,14,,,0,0,0.7407407407407407,20.0,27,14,,,0,0,,,0,0,,,0,0,,,0,0,,,0,0,,,0,0,,,0,0,,,0,0,,,0,0,,,0,0,,,0,0,,,0,0,,,0,0,,,0,0,,,0,0,,,0,0,FULL_COHORT,METRIC,,,,,,,,,,,,,,,,,,
OLD15,A,0,C_FACT,RC_FIXED_OLD16,evaluation,H,STRICT_BASE,320,False,macro,19,14,7,UNKNOWN,0.8214285714285714,15.0,19,14,,,0,0,0.8214285714285714,15.0,19,14,0.8214285714285714,15.0,19,14,0.0,0.0,15,13,1.0,15.0,15,13,0.0,0.0,4,4,0.0,0.0,4,4,0.0,0.0,19,14,0.0,0.0,19,14,0.0,0.0,19,14,0.0,0.0,15,13,1.0,19.0,19,14,,,0,0,0.5357142857142857,11.0,19,14,,,0,0,,,0,0,,,0,0,,,0,0,,,0,0,,,0,0,,,0,0,,,0,0,,,0,0,,,0,0,,,0,0,,,0,0,,,0,0,,,0,0,,,0,0,,,0,0,FULL_COHORT,METRIC,,,,,,,,,,,,,,,,,,
OLD15,A,0,C_FACT,RC_FIXED_OLD16,evaluation,H,STRICT_BASE,320,False,micro,19,14,7,UNKNOWN,0.7894736842105263,15.0,19,14,,,0,0,0.7894736842105263,15.0,19,14,0.7894736842105263,15.0,19,14,0.0,0.0,15,13,1.0,15.0,15,13,0.0,0.0,4,4,0.0,0.0,4,4,0.0,0.0,19,14,0.0,0.0,19,14,0.0,0.0,19,14,0.0,0.0,15,13,1.0,19.0,19,14,,,0,0,0.5789473684210527,11.0,19,14,,,0,0,,,0,0,,,0,0,,,0,0,,,0,0,,,0,0,,,0,0,,,0,0,,,0,0,,,0,0,,,0,0,,,0,0,,,0,0,,,0,0,,,0,0,,,0,0,FULL_COHORT,METRIC,,,,,,,,,,,,,,,,,,
OLD15,A,0,C_FACT,RC_FIXED_OLD16,evaluation,U,STRICT_BASE,320,False,macro,190,15,41,UNKNOWN,0.645909645909646,123.0,190,15,,,0,0,0.645909645909646,123.0,190,15,0.645909645909646,123.0,190,15,0.0,0.0,123,15,1.0,123.0,123,15,0.0,0.0,67,15,0.0,0.0,67,15,0.0,0.0,190,15,0.0,0.0,190,15,0.0,0.0,190,15,0.0,0.0,123,15,1.0,190.0,190,15,,,0,0,0.5222222222222223,99.0,190,15,,,0,0,,,0,0,,,0,0,,,0,0,,,0,0,,,0,0,,,0,0,,,0,0,,,0,0,,,0,0,,,0,0,,,0,0,,,0,0,,,0,0,,,0,0,,,0,0,FULL_COHORT,METRIC,,,,,,,,,,,,,,,,,,
OLD15,A,0,C_FACT,RC_FIXED_OLD16,evaluation,U,STRICT_BASE,320,False,micro,190,15,41,UNKNOWN,0.6473684210526316,123.0,190,15,,,0,0,0.6473684210526316,123.0,190,15,0.6473684210526316,123.0,190,15,0.0,0.0,123,15,1.0,123.0,123,15,0.0,0.0,67,15,0.0,0.0,67,15,0.0,0.0,190,15,0.0,0.0,190,15,0.0,0.0,190,15,0.0,0.0,123,15,1.0,190.0,190,15,,,0,0,0.5210526315789473,99.0,190,15,,,0,0,,,0,0,,,0,0,,,0,0,,,0,0,,,0,0,,,0,0,,,0,0,,,0,0,,,0,0,,,0,0,,,0,0,,,0,0,,,0,0,,,0,0,,,0,0,FULL_COHORT,METRIC,,,,,,,,,,,,,,,,,,
OLD15,A,0,C_FACT,RC_FIXED_OLD16,evaluation,cross_family_confirmation,EDIT_TARGET,320,False,macro,30,15,15,UNKNOWN,1.0,30.0,30,15,,,0,0,1.0,30.0,30,15,0.5333333333333333,16.0,30,15,,,0,0,,,0,0,1.0,14.0,14,9,1.0,14.0,14,9,1.0,30.0,30,15,1.0,30.0,30,15,,,0,0,,,0,0,0.0,0.0,30,15,,,0,0,1.0,30.0,30,15,,,0,0,,,0,0,,,0,0,,,0,0,,,0,0,,,0,0,1.0,30.0,30,15,,,0,0,,,0,0,,,0,0,0.0,0.0,30,15,,,0,0,,,0,0,,,0,0,,,0,0,,,0,0,FULL_COHORT,METRIC,,,,,,,,,,,,,,,,,,
OLD15,A,0,C_FACT,RC_FIXED_OLD16,evaluation,cross_family_confirmation,EDIT_TARGET,320,False,micro,30,15,15,UNKNOWN,1.0,30.0,30,15,,,0,0,1.0,30.0,30,15,0.5333333333333333,16.0,30,15,,,0,0,,,0,0,1.0,14.0,14,9,1.0,14.0,14,9,1.0,30.0,30,15,1.0,30.0,30,15,,,0,0,,,0,0,0.0,0.0,30,15,,,0,0,1.0,30.0,30,15,,,0,0,,,0,0,,,0,0,,,0,0,,,0,0,,,0,0,1.0,30.0,30,15,,,0,0,,,0,0,,,0,0,0.0,0.0,30,15,,,0,0,,,0,0,,,0,0,,,0,0,,,0,0,FULL_COHORT,METRIC,,,,,,,,,,,,,,,,,,
OLD15,A,0,C_FACT,RC_FIXED_OLD16,evaluation,source_style_confirmation,EDIT_TARGET,320,False,macro,30,15,15,UNKNOWN,1.0,30.0,30,15,,,0,0,1.0,30.0,30,15,0.6333333333333333,19.0,30,15,,,0,0,,,0,0,1.0,11.0,11,6,1.0,11.0,11,6,1.0,30.0,30,15,1.0,30.0,30,15,,,0,0,,,0,0,0.0,0.0,30,15,,,0,0,1.0,30.0,30,15,,,0,0,,,0,0,,,0,0,,,0,0,,,0,0,,,0,0,1.0,30.0,30,15,,,0,0,,,0,0,,,0,0,0.0,0.0,30,15,,,0,0,,,0,0,,,0,0,,,0,0,,,0,0,FULL_COHORT,METRIC,,,,,,,,,,,,,,,,,,
OLD15,A,0,C_FACT,RC_FIXED_OLD16,evaluation,source_style_confirmation,EDIT_TARGET,320,False,micro,30,15,15,UNKNOWN,1.0,30.0,30,15,,,0,0,1.0,30.0,30,15,0.6333333333333333,19.0,30,15,,,0,0,,,0,0,1.0,11.0,11,6,1.0,11.0,11,6,1.0,30.0,30,15,1.0,30.0,30,15,,,0,0,,,0,0,0.0,0.0,30,15,,,0,0,1.0,30.0,30,15,,,0,0,,,0,0,,,0,0,,,0,0,,,0,0,,,0,0,1.0,30.0,30,15,,,0,0,,,0,0,,,0,0,0.0,0.0,30,15,,,0,0,,,0,0,,,0,0,,,0,0,,,0,0,FULL_COHORT,METRIC,,,,,,,,,,,,,,,,,,
OLD15,A,0,C_FACT,RC_FIXED_OLD16,fit,H,STRICT_BASE,320,False,macro,27,15,9,UNKNOWN,0.9777777777777777,26.0,27,15,,,0,0,0.9777777777777777,26.0,27,15,0.9777777777777777,26.0,27,15,0.0,0.0,26,15,1.0,26.0,26,15,0.0,0.0,1,1,0.0,0.0,1,1,0.0,0.0,27,15,0.0,0.0,27,15,0.0,0.0,27,15,0.0,0.0,26,15,1.0,27.0,27,15,,,0,0,0.9555555555555556,25.0,27,15,,,0,0,,,0,0,,,0,0,,,0,0,,,0,0,,,0,0,,,0,0,,,0,0,,,0,0,,,0,0,,,0,0,,,0,0,,,0,0,,,0,0,,,0,0,,,0,0,FULL_COHORT,METRIC,,,,,,,,,,,,,,,,,,
OLD15,A,0,C_FACT,RC_FIXED_OLD16,fit,H,STRICT_BASE,320,False,micro,27,15,9,UNKNOWN,0.9629629629629629,26.0,27,15,,,0,0,0.9629629629629629,26.0,27,15,0.9629629629629629,26.0,27,15,0.0,0.0,26,15,1.0,26.0,26,15,0.0,0.0,1,1,0.0,0.0,1,1,0.0,0.0,27,15,0.0,0.0,27,15,0.0,0.0,27,15,0.0,0.0,26,15,1.0,27.0,27,15,,,0,0,0.9259259259259259,25.0,27,15,,,0,0,,,0,0,,,0,0,,,0,0,,,0,0,,,0,0,,,0,0,,,0,0,,,0,0,,,0,0,,,0,0,,,0,0,,,0,0,,,0,0,,,0,0,,,0,0,FULL_COHORT,METRIC,,,,,,,,,,,,,,,,,,
OLD15,A,0,C_FACT,RC_FIXED_OLD16,fit,U,STRICT_BASE,320,False,macro,204,15,43,UNKNOWN,0.5835164835164836,119.0,204,15,,,0,0,0.5835164835164836,119.0,204,15,0.5835164835164836,119.0,204,15,0.0,0.0,119,15,1.0,119.0,119,15,0.0,0.0,85,15,0.0,0.0,85,15,0.0,0.0,204,15,0.0,0.0,204,15,0.0,0.0,204,15,0.0,0.0,119,15,1.0,204.0,204,15,,,0,0,0.49743589743589745,101.0,204,15,,,0,0,,,0,0,,,0,0,,,0,0,,,0,0,,,0,0,,,0,0,,,0,0,,,0,0,,,0,0,,,0,0,,,0,0,,,0,0,,,0,0,,,0,0,,,0,0,FULL_COHORT,METRIC,,,,,,,,,,,,,,,,,,
OLD15,A,0,C_FACT,RC_FIXED_OLD16,fit,U,STRICT_BASE,320,False,micro,204,15,43,UNKNOWN,0.5833333333333334,119.0,204,15,,,0,0,0.5833333333333334,119.0,204,15,0.5833333333333334,119.0,204,15,0.0,0.0,119,15,1.0,119.0,119,15,0.0,0.0,85,15,0.0,0.0,85,15,0.0,0.0,204,15,0.0,0.0,204,15,0.0,0.0,204,15,0.0,0.0,119,15,1.0,204.0,204,15,,,0,0,0.4950980392156863,101.0,204,15,,,0,0,,,0,0,,,0,0,,,0,0,,,0,0,,,0,0,,,0,0,,,0,0,,,0,0,,,0,0,,,0,0,,,0,0,,,0,0,,,0,0,,,0,0,,,0,0,FULL_COHORT,METRIC,,,,,,,,,,,,,,,,,,
OLD15,A,0,C_FACT,RC_FIXED_OLD16,fit,cross_family_confirmation,EDIT_TARGET,320,False,macro,60,15,15,UNKNOWN,1.0,60.0,60,15,,,0,0,1.0,60.0,60,15,0.3,18.0,60,15,,,0,0,,,0,0,1.0,42.0,42,15,1.0,42.0,42,15,1.0,60.0,60,15,1.0,60.0,60,15,,,0,0,,,0,0,0.0,0.0,60,15,,,0,0,1.0,60.0,60,15,,,0,0,,,0,0,,,0,0,,,0,0,,,0,0,,,0,0,1.0,60.0,60,15,,,0,0,,,0,0,,,0,0,0.0,0.0,60,15,,,0,0,,,0,0,,,0,0,,,0,0,,,0,0,FULL_COHORT,METRIC,,,,,,,,,,,,,,,,,,
OLD15,A,0,C_FACT,RC_FIXED_OLD16,fit,cross_family_confirmation,EDIT_TARGET,320,False,micro,60,15,15,UNKNOWN,1.0,60.0,60,15,,,0,0,1.0,60.0,60,15,0.3,18.0,60,15,,,0,0,,,0,0,1.0,42.0,42,15,1.0,42.0,42,15,1.0,60.0,60,15,1.0,60.0,60,15,,,0,0,,,0,0,0.0,0.0,60,15,,,0,0,1.0,60.0,60,15,,,0,0,,,0,0,,,0,0,,,0,0,,,0,0,,,0,0,1.0,60.0,60,15,,,0,0,,,0,0,,,0,0,0.0,0.0,60,15,,,0,0,,,0,0,,,0,0,,,0,0,,,0,0,FULL_COHORT,METRIC,,,,,,,,,,,,,,,,,,
OLD15,A,0,C_FACT,RC_FIXED_OLD16,native,T0,EDIT_TARGET,320,False,macro,15,15,15,UNKNOWN,1.0,15.0,15,15,1.0,15.0,15,15,1.0,15.0,15,15,0.0,0.0,15,15,,,0,0,,,0,0,1.0,15.0,15,15,1.0,15.0,15,15,1.0,15.0,15,15,1.0,15.0,15,15,,,0,0,,,0,0,0.0,0.0,15,15,,,0,0,1.0,15.0,15,15,,,0,0,,,0,0,,,0,0,,,0,0,,,0,0,,,0,0,1.0,15.0,15,15,,,0,0,,,0,0,,,0,0,0.0,0.0,15,15,,,0,0,,,0,0,,,0,0,,,0,0,,,0,0,FULL_COHORT,METRIC,,,,,,,,,,,,,,,,,,
OLD15,A,0,C_FACT,RC_FIXED_OLD16,native,T0,EDIT_TARGET,320,False,micro,15,15,15,UNKNOWN,1.0,15.0,15,15,1.0,15.0,15,15,1.0,15.0,15,15,0.0,0.0,15,15,,,0,0,,,0,0,1.0,15.0,15,15,1.0,15.0,15,15,1.0,15.0,15,15,1.0,15.0,15,15,,,0,0,,,0,0,0.0,0.0,15,15,,,0,0,1.0,15.0,15,15,,,0,0,,,0,0,,,0,0,,,0,0,,,0,0,,,0,0,1.0,15.0,15,15,,,0,0,,,0,0,,,0,0,0.0,0.0,15,15,,,0,0,,,0,0,,,0,0,,,0,0,,,0,0,FULL_COHORT,METRIC,,,,,,,,,,,,,,,,,,
OLD15,A,0,C_NO_H,BE_ROUTE_R0,challenge,same_answer_context_not_conflict,STRICT_BASE,320,False,macro,27,14,6,UNKNOWN,1.0,27.0,27,14,,,0,0,1.0,27.0,27,14,0.5833333333333334,15.0,27,14,0.0,0.0,15,10,1.0,15.0,15,10,1.0,12.0,12,8,1.0,12.0,12,8,0.9642857142857143,26.0,27,14,0.9642857142857143,26.0,27,14,0.9642857142857143,26.0,27,14,0.0,0.0,15,10,0.03571428571428571,1.0,27,14,,,0,0,1.0,27.0,27,14,,,0,0,,,0,0,,,0,0,,,0,0,,,0,0,,,0,0,1.0,26.0,26,14,,,0,0,0.0,0.0,14,9,0.0,0.0,26,14,,,0,0,,,0,0,,,0,0,,,0,0,,,0,0,,,0,0,FULL_COHORT,METRIC,,,,,,,,,,,,,,,,,,
OLD15,A,0,C_NO_H,BE_ROUTE_R0,challenge,same_answer_context_not_conflict,STRICT_BASE,320,False,micro,27,14,6,UNKNOWN,1.0,27.0,27,14,,,0,0,1.0,27.0,27,14,0.5555555555555556,15.0,27,14,0.0,0.0,15,10,1.0,15.0,15,10,1.0,12.0,12,8,1.0,12.0,12,8,0.9629629629629629,26.0,27,14,0.9629629629629629,26.0,27,14,0.9629629629629629,26.0,27,14,0.0,0.0,15,10,0.037037037037037035,1.0,27,14,,,0,0,1.0,27.0,27,14,,,0,0,,,0,0,,,0,0,,,0,0,,,0,0,,,0,0,1.0,26.0,26,14,,,0,0,0.0,0.0,14,9,0.0,0.0,26,14,,,0,0,,,0,0,,,0,0,,,0,0,,,0,0,,,0,0,FULL_COHORT,METRIC,,,,,,,,,,,,,,,,,,
OLD15,A,0,C_NO_H,BE_ROUTE_R0,evaluation,H,STRICT_BASE,320,False,macro,19,14,7,UNKNOWN,0.03571428571428571,1.0,19,14,,,0,0,0.03571428571428571,1.0,19,14,0.8214285714285714,15.0,19,14,0.9230769230769231,14.0,15,13,0.07692307692307693,1.0,15,13,0.0,0.0,4,4,1.0,4.0,4,4,0.9642857142857143,18.0,19,14,0.0,0.0,19,14,0.9642857142857143,18.0,19,14,0.9230769230769231,14.0,15,13,0.03571428571428571,1.0,19,14,,,0,0,0.0,0.0,19,14,,,0,0,,,0,0,,,0,0,,,0,0,,,0,0,,,0,0,1.0,18.0,18,14,,,0,0,1.0,14.0,14,12,1.0,18.0,18,14,,,0,0,,,0,0,,,0,0,,,0,0,,,0,0,,,0,0,FULL_COHORT,METRIC,,,,,,,,,,,,,,,,,,
OLD15,A,0,C_NO_H,BE_ROUTE_R0,evaluation,H,STRICT_BASE,320,False,micro,19,14,7,UNKNOWN,0.05263157894736842,1.0,19,14,,,0,0,0.05263157894736842,1.0,19,14,0.7894736842105263,15.0,19,14,0.9333333333333333,14.0,15,13,0.06666666666666667,1.0,15,13,0.0,0.0,4,4,1.0,4.0,4,4,0.9473684210526315,18.0,19,14,0.0,0.0,19,14,0.9473684210526315,18.0,19,14,0.9333333333333333,14.0,15,13,0.05263157894736842,1.0,19,14,,,0,0,0.0,0.0,19,14,,,0,0,,,0,0,,,0,0,,,0,0,,,0,0,,,0,0,1.0,18.0,18,14,,,0,0,1.0,14.0,14,12,1.0,18.0,18,14,,,0,0,,,0,0,,,0,0,,,0,0,,,0,0,,,0,0,FULL_COHORT,METRIC,,,,,,,,,,,,,,,,,,
OLD15,A,0,C_NO_H,BE_ROUTE_R0,evaluation,U,STRICT_BASE,320,False,macro,190,15,41,UNKNOWN,0.5715506715506715,109.0,190,15,,,0,0,0.5715506715506715,109.0,190,15,0.645909645909646,123.0,190,15,0.158020683020683,19.0,123,15,0.8419793169793169,104.0,123,15,0.05142857142857143,5.0,67,15,0.4722222222222222,31.0,67,15,0.6913308913308913,130.0,190,15,0.3514652014652015,66.0,190,15,0.6913308913308913,130.0,190,15,0.158020683020683,19.0,123,15,0.613003663003663,117.0,190,15,,,0,0,0.5158730158730158,98.0,190,15,,,0,0,,,0,0,,,0,0,,,0,0,,,0,0,,,0,0,1.0,130.0,130,15,,,0,0,0.24591836734693878,19.0,80,14,0.5141558441558441,64.0,130,15,,,0,0,,,0,0,,,0,0,,,0,0,,,0,0,,,0,0,FULL_COHORT,METRIC,,,,,,,,,,,,,,,,,,
OLD15,A,0,C_NO_H,BE_ROUTE_R0,evaluation,U,STRICT_BASE,320,False,micro,190,15,41,UNKNOWN,0.5736842105263158,109.0,190,15,,,0,0,0.5736842105263158,109.0,190,15,0.6473684210526316,123.0,190,15,0.15447154471544716,19.0,123,15,0.8455284552845529,104.0,123,15,0.07462686567164178,5.0,67,15,0.4626865671641791,31.0,67,15,0.6842105263157895,130.0,190,15,0.3473684210526316,66.0,190,15,0.6842105263157895,130.0,190,15,0.15447154471544716,19.0,123,15,0.6157894736842106,117.0,190,15,,,0,0,0.5157894736842106,98.0,190,15,,,0,0,,,0,0,,,0,0,,,0,0,,,0,0,,,0,0,1.0,130.0,130,15,,,0,0,0.2375,19.0,80,14,0.49230769230769234,64.0,130,15,,,0,0,,,0,0,,,0,0,,,0,0,,,0,0,,,0,0,FULL_COHORT,METRIC,,,,,,,,,,,,,,,,,,
OLD15,A,0,C_NO_H,BE_ROUTE_R0,evaluation,cross_family_confirmation,EDIT_TARGET,320,False,macro,30,15,15,UNKNOWN,1.0,30.0,30,15,,,0,0,1.0,30.0,30,15,0.5333333333333333,16.0,30,15,,,0,0,,,0,0,1.0,14.0,14,9,1.0,14.0,14,9,1.0,30.0,30,15,1.0,30.0,30,15,,,0,0,,,0,0,0.0,0.0,30,15,,,0,0,1.0,30.0,30,15,,,0,0,,,0,0,,,0,0,,,0,0,,,0,0,,,0,0,1.0,30.0,30,15,,,0,0,,,0,0,,,0,0,0.0,0.0,30,15,,,0,0,,,0,0,,,0,0,,,0,0,,,0,0,FULL_COHORT,METRIC,,,,,,,,,,,,,,,,,,
OLD15,A,0,C_NO_H,BE_ROUTE_R0,evaluation,cross_family_confirmation,EDIT_TARGET,320,False,micro,30,15,15,UNKNOWN,1.0,30.0,30,15,,,0,0,1.0,30.0,30,15,0.5333333333333333,16.0,30,15,,,0,0,,,0,0,1.0,14.0,14,9,1.0,14.0,14,9,1.0,30.0,30,15,1.0,30.0,30,15,,,0,0,,,0,0,0.0,0.0,30,15,,,0,0,1.0,30.0,30,15,,,0,0,,,0,0,,,0,0,,,0,0,,,0,0,,,0,0,1.0,30.0,30,15,,,0,0,,,0,0,,,0,0,0.0,0.0,30,15,,,0,0,,,0,0,,,0,0,,,0,0,,,0,0,FULL_COHORT,METRIC,,,,,,,,,,,,,,,,,,
OLD15,A,0,C_NO_H,BE_ROUTE_R0,evaluation,source_style_confirmation,EDIT_TARGET,320,False,macro,30,15,15,UNKNOWN,1.0,30.0,30,15,,,0,0,1.0,30.0,30,15,0.6333333333333333,19.0,30,15,,,0,0,,,0,0,1.0,11.0,11,6,1.0,11.0,11,6,1.0,30.0,30,15,1.0,30.0,30,15,,,0,0,,,0,0,0.0,0.0,30,15,,,0,0,1.0,30.0,30,15,,,0,0,,,0,0,,,0,0,,,0,0,,,0,0,,,0,0,1.0,30.0,30,15,,,0,0,,,0,0,,,0,0,0.0,0.0,30,15,,,0,0,,,0,0,,,0,0,,,0,0,,,0,0,FULL_COHORT,METRIC,,,,,,,,,,,,,,,,,,
OLD15,A,0,C_NO_H,BE_ROUTE_R0,evaluation,source_style_confirmation,EDIT_TARGET,320,False,micro,30,15,15,UNKNOWN,1.0,30.0,30,15,,,0,0,1.0,30.0,30,15,0.6333333333333333,19.0,30,15,,,0,0,,,0,0,1.0,11.0,11,6,1.0,11.0,11,6,1.0,30.0,30,15,1.0,30.0,30,15,,,0,0,,,0,0,0.0,0.0,30,15,,,0,0,1.0,30.0,30,15,,,0,0,,,0,0,,,0,0,,,0,0,,,0,0,,,0,0,1.0,30.0,30,15,,,0,0,,,0,0,,,0,0,0.0,0.0,30,15,,,0,0,,,0,0,,,0,0,,,0,0,,,0,0,FULL_COHORT,METRIC,,,,,,,,,,,,,,,,,,
OLD15,A,0,C_NO_H,BE_ROUTE_R0,fit,H,STRICT_BASE,320,False,macro,27,15,9,UNKNOWN,0.04444444444444444,2.0,27,15,,,0,0,0.04444444444444444,2.0,27,15,0.9777777777777777,26.0,27,15,0.9444444444444444,24.0,26,15,0.05555555555555555,2.0,26,15,0.0,0.0,1,1,0.0,0.0,1,1,0.9333333333333333,24.0,27,15,0.0,0.0,27,15,0.9333333333333333,24.0,27,15,0.9444444444444444,24.0,26,15,0.06666666666666667,3.0,27,15,,,0,0,0.0,0.0,27,15,,,0,0,,,0,0,,,0,0,,,0,0,,,0,0,,,0,0,1.0,24.0,24,15,,,0,0,1.0,24.0,24,15,1.0,24.0,24,15,,,0,0,,,0,0,,,0,0,,,0,0,,,0,0,,,0,0,FULL_COHORT,METRIC,,,,,,,,,,,,,,,,,,
OLD15,A,0,C_NO_H,BE_ROUTE_R0,fit,H,STRICT_BASE,320,False,micro,27,15,9,UNKNOWN,0.07407407407407407,2.0,27,15,,,0,0,0.07407407407407407,2.0,27,15,0.9629629629629629,26.0,27,15,0.9230769230769231,24.0,26,15,0.07692307692307693,2.0,26,15,0.0,0.0,1,1,0.0,0.0,1,1,0.8888888888888888,24.0,27,15,0.0,0.0,27,15,0.8888888888888888,24.0,27,15,0.9230769230769231,24.0,26,15,0.1111111111111111,3.0,27,15,,,0,0,0.0,0.0,27,15,,,0,0,,,0,0,,,0,0,,,0,0,,,0,0,,,0,0,1.0,24.0,24,15,,,0,0,1.0,24.0,24,15,1.0,24.0,24,15,,,0,0,,,0,0,,,0,0,,,0,0,,,0,0,,,0,0,FULL_COHORT,METRIC,,,,,,,,,,,,,,,,,,
OLD15,A,0,C_NO_H,BE_ROUTE_R0,fit,U,STRICT_BASE,320,False,macro,204,15,43,UNKNOWN,0.5106227106227106,104.0,204,15,,,0,0,0.5106227106227106,104.0,204,15,0.5835164835164836,119.0,204,15,0.1371164021164021,17.0,119,15,0.8628835978835979,102.0,119,15,0.020634920634920634,2.0,85,15,0.3732010582010582,30.0,85,15,0.7208791208791209,146.0,204,15,0.35714285714285715,72.0,204,15,0.7208791208791209,146.0,204,15,0.1371164021164021,17.0,119,15,0.684981684981685,140.0,204,15,,,0,0,0.4868131868131868,99.0,204,15,,,0,0,,,0,0,,,0,0,,,0,0,,,0,0,,,0,0,1.0,146.0,146,15,,,0,0,0.22793650793650794,17.0,87,15,0.5185259185259186,74.0,146,15,,,0,0,,,0,0,,,0,0,,,0,0,,,0,0,,,0,0,FULL_COHORT,METRIC,,,,,,,,,,,,,,,,,,
OLD15,A,0,C_NO_H,BE_ROUTE_R0,fit,U,STRICT_BASE,320,False,micro,204,15,43,UNKNOWN,0.5098039215686274,104.0,204,15,,,0,0,0.5098039215686274,104.0,204,15,0.5833333333333334,119.0,204,15,0.14285714285714285,17.0,119,15,0.8571428571428571,102.0,119,15,0.023529411764705882,2.0,85,15,0.35294117647058826,30.0,85,15,0.7156862745098039,146.0,204,15,0.35294117647058826,72.0,204,15,0.7156862745098039,146.0,204,15,0.14285714285714285,17.0,119,15,0.6862745098039216,140.0,204,15,,,0,0,0.4852941176470588,99.0,204,15,,,0,0,,,0,0,,,0,0,,,0,0,,,0,0,,,0,0,1.0,146.0,146,15,,,0,0,0.19540229885057472,17.0,87,15,0.5068493150684932,74.0,146,15,,,0,0,,,0,0,,,0,0,,,0,0,,,0,0,,,0,0,FULL_COHORT,METRIC,,,,,,,,,,,,,,,,,,
OLD15,A,0,C_NO_H,BE_ROUTE_R0,fit,cross_family_confirmation,EDIT_TARGET,320,False,macro,60,15,15,UNKNOWN,1.0,60.0,60,15,,,0,0,1.0,60.0,60,15,0.3,18.0,60,15,,,0,0,,,0,0,1.0,42.0,42,15,1.0,42.0,42,15,1.0,60.0,60,15,1.0,60.0,60,15,,,0,0,,,0,0,0.0,0.0,60,15,,,0,0,1.0,60.0,60,15,,,0,0,,,0,0,,,0,0,,,0,0,,,0,0,,,0,0,1.0,60.0,60,15,,,0,0,,,0,0,,,0,0,0.0,0.0,60,15,,,0,0,,,0,0,,,0,0,,,0,0,,,0,0,FULL_COHORT,METRIC,,,,,,,,,,,,,,,,,,
OLD15,A,0,C_NO_H,BE_ROUTE_R0,fit,cross_family_confirmation,EDIT_TARGET,320,False,micro,60,15,15,UNKNOWN,1.0,60.0,60,15,,,0,0,1.0,60.0,60,15,0.3,18.0,60,15,,,0,0,,,0,0,1.0,42.0,42,15,1.0,42.0,42,15,1.0,60.0,60,15,1.0,60.0,60,15,,,0,0,,,0,0,0.0,0.0,60,15,,,0,0,1.0,60.0,60,15,,,0,0,,,0,0,,,0,0,,,0,0,,,0,0,,,0,0,1.0,60.0,60,15,,,0,0,,,0,0,,,0,0,0.0,0.0,60,15,,,0,0,,,0,0,,,0,0,,,0,0,,,0,0,FULL_COHORT,METRIC,,,,,,,,,,,,,,,,,,
OLD15,A,0,C_NO_H,BE_ROUTE_R0,native,T0,EDIT_TARGET,320,False,macro,15,15,15,UNKNOWN,1.0,15.0,15,15,1.0,15.0,15,15,1.0,15.0,15,15,0.0,0.0,15,15,,,0,0,,,0,0,1.0,15.0,15,15,1.0,15.0,15,15,1.0,15.0,15,15,1.0,15.0,15,15,,,0,0,,,0,0,0.0,0.0,15,15,,,0,0,1.0,15.0,15,15,,,0,0,,,0,0,,,0,0,,,0,0,,,0,0,,,0,0,1.0,15.0,15,15,,,0,0,,,0,0,,,0,0,0.0,0.0,15,15,,,0,0,,,0,0,,,0,0,,,0,0,,,0,0,FULL_COHORT,METRIC,,,,,,,,,,,,,,,,,,
OLD15,A,0,C_NO_H,BE_ROUTE_R0,native,T0,EDIT_TARGET,320,False,micro,15,15,15,UNKNOWN,1.0,15.0,15,15,1.0,15.0,15,15,1.0,15.0,15,15,0.0,0.0,15,15,,,0,0,,,0,0,1.0,15.0,15,15,1.0,15.0,15,15,1.0,15.0,15,15,1.0,15.0,15,15,,,0,0,,,0,0,0.0,0.0,15,15,,,0,0,1.0,15.0,15,15,,,0,0,,,0,0,,,0,0,,,0,0,,,0,0,,,0,0,1.0,15.0,15,15,,,0,0,,,0,0,,,0,0,0.0,0.0,15,15,,,0,0,,,0,0,,,0,0,,,0,0,,,0,0,FULL_COHORT,METRIC,,,,,,,,,,,,,,,,,,
OLD15,A,0,C_NO_H,RC_FIXED_OLD16,challenge,same_answer_context_not_conflict,STRICT_BASE,320,False,macro,27,14,6,UNKNOWN,0.5833333333333334,15.0,27,14,,,0,0,0.5833333333333334,15.0,27,14,0.5833333333333334,15.0,27,14,0.0,0.0,15,10,1.0,15.0,15,10,0.0,0.0,12,8,0.0,0.0,12,8,0.0,0.0,27,14,0.0,0.0,27,14,0.0,0.0,27,14,0.0,0.0,15,10,1.0,27.0,27,14,,,0,0,1.0,27.0,27,14,,,0,0,,,0,0,,,0,0,,,0,0,,,0,0,,,0,0,,,0,0,,,0,0,,,0,0,,,0,0,,,0,0,,,0,0,,,0,0,,,0,0,,,0,0,,,0,0,FULL_COHORT,METRIC,,,,,,,,,,,,,,,,,,
OLD15,A,0,C_NO_H,RC_FIXED_OLD16,challenge,same_answer_context_not_conflict,STRICT_BASE,320,False,micro,27,14,6,UNKNOWN,0.5555555555555556,15.0,27,14,,,0,0,0.5555555555555556,15.0,27,14,0.5555555555555556,15.0,27,14,0.0,0.0,15,10,1.0,15.0,15,10,0.0,0.0,12,8,0.0,0.0,12,8,0.0,0.0,27,14,0.0,0.0,27,14,0.0,0.0,27,14,0.0,0.0,15,10,1.0,27.0,27,14,,,0,0,1.0,27.0,27,14,,,0,0,,,0,0,,,0,0,,,0,0,,,0,0,,,0,0,,,0,0,,,0,0,,,0,0,,,0,0,,,0,0,,,0,0,,,0,0,,,0,0,,,0,0,,,0,0,FULL_COHORT,METRIC,,,,,,,,,,,,,,,,,,
OLD15,A,0,C_NO_H,RC_FIXED_OLD16,evaluation,H,STRICT_BASE,320,False,macro,19,14,7,UNKNOWN,0.8214285714285714,15.0,19,14,,,0,0,0.8214285714285714,15.0,19,14,0.8214285714285714,15.0,19,14,0.0,0.0,15,13,1.0,15.0,15,13,0.0,0.0,4,4,0.0,0.0,4,4,0.0,0.0,19,14,0.0,0.0,19,14,0.0,0.0,19,14,0.0,0.0,15,13,1.0,19.0,19,14,,,0,0,0.0,0.0,19,14,,,0,0,,,0,0,,,0,0,,,0,0,,,0,0,,,0,0,,,0,0,,,0,0,,,0,0,,,0,0,,,0,0,,,0,0,,,0,0,,,0,0,,,0,0,,,0,0,FULL_COHORT,METRIC,,,,,,,,,,,,,,,,,,
OLD15,A,0,C_NO_H,RC_FIXED_OLD16,evaluation,H,STRICT_BASE,320,False,micro,19,14,7,UNKNOWN,0.7894736842105263,15.0,19,14,,,0,0,0.7894736842105263,15.0,19,14,0.7894736842105263,15.0,19,14,0.0,0.0,15,13,1.0,15.0,15,13,0.0,0.0,4,4,0.0,0.0,4,4,0.0,0.0,19,14,0.0,0.0,19,14,0.0,0.0,19,14,0.0,0.0,15,13,1.0,19.0,19,14,,,0,0,0.0,0.0,19,14,,,0,0,,,0,0,,,0,0,,,0,0,,,0,0,,,0,0,,,0,0,,,0,0,,,0,0,,,0,0,,,0,0,,,0,0,,,0,0,,,0,0,,,0,0,,,0,0,FULL_COHORT,METRIC,,,,,,,,,,,,,,,,,,
OLD15,A,0,C_NO_H,RC_FIXED_OLD16,evaluation,U,STRICT_BASE,320,False,macro,190,15,41,UNKNOWN,0.645909645909646,123.0,190,15,,,0,0,0.645909645909646,123.0,190,15,0.645909645909646,123.0,190,15,0.0,0.0,123,15,1.0,123.0,123,15,0.0,0.0,67,15,0.0,0.0,67,15,0.0,0.0,190,15,0.0,0.0,190,15,0.0,0.0,190,15,0.0,0.0,123,15,1.0,190.0,190,15,,,0,0,0.5158730158730158,98.0,190,15,,,0,0,,,0,0,,,0,0,,,0,0,,,0,0,,,0,0,,,0,0,,,0,0,,,0,0,,,0,0,,,0,0,,,0,0,,,0,0,,,0,0,,,0,0,,,0,0,FULL_COHORT,METRIC,,,,,,,,,,,,,,,,,,
OLD15,A,0,C_NO_H,RC_FIXED_OLD16,evaluation,U,STRICT_BASE,320,False,micro,190,15,41,UNKNOWN,0.6473684210526316,123.0,190,15,,,0,0,0.6473684210526316,123.0,190,15,0.6473684210526316,123.0,190,15,0.0,0.0,123,15,1.0,123.0,123,15,0.0,0.0,67,15,0.0,0.0,67,15,0.0,0.0,190,15,0.0,0.0,190,15,0.0,0.0,190,15,0.0,0.0,123,15,1.0,190.0,190,15,,,0,0,0.5157894736842106,98.0,190,15,,,0,0,,,0,0,,,0,0,,,0,0,,,0,0,,,0,0,,,0,0,,,0,0,,,0,0,,,0,0,,,0,0,,,0,0,,,0,0,,,0,0,,,0,0,,,0,0,FULL_COHORT,METRIC,,,,,,,,,,,,,,,,,,
OLD15,A,0,C_NO_H,RC_FIXED_OLD16,evaluation,cross_family_confirmation,EDIT_TARGET,320,False,macro,30,15,15,UNKNOWN,1.0,30.0,30,15,,,0,0,1.0,30.0,30,15,0.5333333333333333,16.0,30,15,,,0,0,,,0,0,1.0,14.0,14,9,1.0,14.0,14,9,1.0,30.0,30,15,1.0,30.0,30,15,,,0,0,,,0,0,0.0,0.0,30,15,,,0,0,1.0,30.0,30,15,,,0,0,,,0,0,,,0,0,,,0,0,,,0,0,,,0,0,1.0,30.0,30,15,,,0,0,,,0,0,,,0,0,0.0,0.0,30,15,,,0,0,,,0,0,,,0,0,,,0,0,,,0,0,FULL_COHORT,METRIC,,,,,,,,,,,,,,,,,,
OLD15,A,0,C_NO_H,RC_FIXED_OLD16,evaluation,cross_family_confirmation,EDIT_TARGET,320,False,micro,30,15,15,UNKNOWN,1.0,30.0,30,15,,,0,0,1.0,30.0,30,15,0.5333333333333333,16.0,30,15,,,0,0,,,0,0,1.0,14.0,14,9,1.0,14.0,14,9,1.0,30.0,30,15,1.0,30.0,30,15,,,0,0,,,0,0,0.0,0.0,30,15,,,0,0,1.0,30.0,30,15,,,0,0,,,0,0,,,0,0,,,0,0,,,0,0,,,0,0,1.0,30.0,30,15,,,0,0,,,0,0,,,0,0,0.0,0.0,30,15,,,0,0,,,0,0,,,0,0,,,0,0,,,0,0,FULL_COHORT,METRIC,,,,,,,,,,,,,,,,,,
OLD15,A,0,C_NO_H,RC_FIXED_OLD16,evaluation,source_style_confirmation,EDIT_TARGET,320,False,macro,30,15,15,UNKNOWN,1.0,30.0,30,15,,,0,0,1.0,30.0,30,15,0.6333333333333333,19.0,30,15,,,0,0,,,0,0,1.0,11.0,11,6,1.0,11.0,11,6,1.0,30.0,30,15,1.0,30.0,30,15,,,0,0,,,0,0,0.0,0.0,30,15,,,0,0,1.0,30.0,30,15,,,0,0,,,0,0,,,0,0,,,0,0,,,0,0,,,0,0,1.0,30.0,30,15,,,0,0,,,0,0,,,0,0,0.0,0.0,30,15,,,0,0,,,0,0,,,0,0,,,0,0,,,0,0,FULL_COHORT,METRIC,,,,,,,,,,,,,,,,,,
OLD15,A,0,C_NO_H,RC_FIXED_OLD16,evaluation,source_style_confirmation,EDIT_TARGET,320,False,micro,30,15,15,UNKNOWN,1.0,30.0,30,15,,,0,0,1.0,30.0,30,15,0.6333333333333333,19.0,30,15,,,0,0,,,0,0,1.0,11.0,11,6,1.0,11.0,11,6,1.0,30.0,30,15,1.0,30.0,30,15,,,0,0,,,0,0,0.0,0.0,30,15,,,0,0,1.0,30.0,30,15,,,0,0,,,0,0,,,0,0,,,0,0,,,0,0,,,0,0,1.0,30.0,30,15,,,0,0,,,0,0,,,0,0,0.0,0.0,30,15,,,0,0,,,0,0,,,0,0,,,0,0,,,0,0,FULL_COHORT,METRIC,,,,,,,,,,,,,,,,,,
OLD15,A,0,C_NO_H,RC_FIXED_OLD16,fit,H,STRICT_BASE,320,False,macro,27,15,9,UNKNOWN,0.9777777777777777,26.0,27,15,,,0,0,0.9777777777777777,26.0,27,15,0.9777777777777777,26.0,27,15,0.0,0.0,26,15,1.0,26.0,26,15,0.0,0.0,1,1,0.0,0.0,1,1,0.0,0.0,27,15,0.0,0.0,27,15,0.0,0.0,27,15,0.0,0.0,26,15,1.0,27.0,27,15,,,0,0,0.0,0.0,27,15,,,0,0,,,0,0,,,0,0,,,0,0,,,0,0,,,0,0,,,0,0,,,0,0,,,0,0,,,0,0,,,0,0,,,0,0,,,0,0,,,0,0,,,0,0,,,0,0,FULL_COHORT,METRIC,,,,,,,,,,,,,,,,,,
OLD15,A,0,C_NO_H,RC_FIXED_OLD16,fit,H,STRICT_BASE,320,False,micro,27,15,9,UNKNOWN,0.9629629629629629,26.0,27,15,,,0,0,0.9629629629629629,26.0,27,15,0.9629629629629629,26.0,27,15,0.0,0.0,26,15,1.0,26.0,26,15,0.0,0.0,1,1,0.0,0.0,1,1,0.0,0.0,27,15,0.0,0.0,27,15,0.0,0.0,27,15,0.0,0.0,26,15,1.0,27.0,27,15,,,0,0,0.0,0.0,27,15,,,0,0,,,0,0,,,0,0,,,0,0,,,0,0,,,0,0,,,0,0,,,0,0,,,0,0,,,0,0,,,0,0,,,0,0,,,0,0,,,0,0,,,0,0,,,0,0,FULL_COHORT,METRIC,,,,,,,,,,,,,,,,,,
OLD15,A,0,C_NO_H,RC_FIXED_OLD16,fit,U,STRICT_BASE,320,False,macro,204,15,43,UNKNOWN,0.5835164835164836,119.0,204,15,,,0,0,0.5835164835164836,119.0,204,15,0.5835164835164836,119.0,204,15,0.0,0.0,119,15,1.0,119.0,119,15,0.0,0.0,85,15,0.0,0.0,85,15,0.0,0.0,204,15,0.0,0.0,204,15,0.0,0.0,204,15,0.0,0.0,119,15,1.0,204.0,204,15,,,0,0,0.4868131868131868,99.0,204,15,,,0,0,,,0,0,,,0,0,,,0,0,,,0,0,,,0,0,,,0,0,,,0,0,,,0,0,,,0,0,,,0,0,,,0,0,,,0,0,,,0,0,,,0,0,,,0,0,FULL_COHORT,METRIC,,,,,,,,,,,,,,,,,,
OLD15,A,0,C_NO_H,RC_FIXED_OLD16,fit,U,STRICT_BASE,320,False,micro,204,15,43,UNKNOWN,0.5833333333333334,119.0,204,15,,,0,0,0.5833333333333334,119.0,204,15,0.5833333333333334,119.0,204,15,0.0,0.0,119,15,1.0,119.0,119,15,0.0,0.0,85,15,0.0,0.0,85,15,0.0,0.0,204,15,0.0,0.0,204,15,0.0,0.0,204,15,0.0,0.0,119,15,1.0,204.0,204,15,,,0,0,0.4852941176470588,99.0,204,15,,,0,0,,,0,0,,,0,0,,,0,0,,,0,0,,,0,0,,,0,0,,,0,0,,,0,0,,,0,0,,,0,0,,,0,0,,,0,0,,,0,0,,,0,0,,,0,0,FULL_COHORT,METRIC,,,,,,,,,,,,,,,,,,
OLD15,A,0,C_NO_H,RC_FIXED_OLD16,fit,cross_family_confirmation,EDIT_TARGET,320,False,macro,60,15,15,UNKNOWN,1.0,60.0,60,15,,,0,0,1.0,60.0,60,15,0.3,18.0,60,15,,,0,0,,,0,0,1.0,42.0,42,15,1.0,42.0,42,15,1.0,60.0,60,15,1.0,60.0,60,15,,,0,0,,,0,0,0.0,0.0,60,15,,,0,0,1.0,60.0,60,15,,,0,0,,,0,0,,,0,0,,,0,0,,,0,0,,,0,0,1.0,60.0,60,15,,,0,0,,,0,0,,,0,0,0.0,0.0,60,15,,,0,0,,,0,0,,,0,0,,,0,0,,,0,0,FULL_COHORT,METRIC,,,,,,,,,,,,,,,,,,
OLD15,A,0,C_NO_H,RC_FIXED_OLD16,fit,cross_family_confirmation,EDIT_TARGET,320,False,micro,60,15,15,UNKNOWN,1.0,60.0,60,15,,,0,0,1.0,60.0,60,15,0.3,18.0,60,15,,,0,0,,,0,0,1.0,42.0,42,15,1.0,42.0,42,15,1.0,60.0,60,15,1.0,60.0,60,15,,,0,0,,,0,0,0.0,0.0,60,15,,,0,0,1.0,60.0,60,15,,,0,0,,,0,0,,,0,0,,,0,0,,,0,0,,,0,0,1.0,60.0,60,15,,,0,0,,,0,0,,,0,0,0.0,0.0,60,15,,,0,0,,,0,0,,,0,0,,,0,0,,,0,0,FULL_COHORT,METRIC,,,,,,,,,,,,,,,,,,
OLD15,A,0,C_NO_H,RC_FIXED_OLD16,native,T0,EDIT_TARGET,320,False,macro,15,15,15,UNKNOWN,1.0,15.0,15,15,1.0,15.0,15,15,1.0,15.0,15,15,0.0,0.0,15,15,,,0,0,,,0,0,1.0,15.0,15,15,1.0,15.0,15,15,1.0,15.0,15,15,1.0,15.0,15,15,,,0,0,,,0,0,0.0,0.0,15,15,,,0,0,1.0,15.0,15,15,,,0,0,,,0,0,,,0,0,,,0,0,,,0,0,,,0,0,1.0,15.0,15,15,,,0,0,,,0,0,,,0,0,0.0,0.0,15,15,,,0,0,,,0,0,,,0,0,,,0,0,,,0,0,FULL_COHORT,METRIC,,,,,,,,,,,,,,,,,,
OLD15,A,0,C_NO_H,RC_FIXED_OLD16,native,T0,EDIT_TARGET,320,False,micro,15,15,15,UNKNOWN,1.0,15.0,15,15,1.0,15.0,15,15,1.0,15.0,15,15,0.0,0.0,15,15,,,0,0,,,0,0,1.0,15.0,15,15,1.0,15.0,15,15,1.0,15.0,15,15,1.0,15.0,15,15,,,0,0,,,0,0,0.0,0.0,15,15,,,0,0,1.0,15.0,15,15,,,0,0,,,0,0,,,0,0,,,0,0,,,0,0,,,0,0,1.0,15.0,15,15,,,0,0,,,0,0,,,0,0,0.0,0.0,15,15,,,0,0,,,0,0,,,0,0,,,0,0,,,0,0,FULL_COHORT,METRIC,,,,,,,,,,,,,,,,,,
NEW7,A,0,BE,BE_ROUTE_R0,challenge,challenge,STRICT_BASE,320,False,macro,12,4,3,UNKNOWN,1.0,12.0,12,4,,,0,0,1.0,12.0,12,4,0.3333333333333333,4.0,12,4,0.0,0.0,4,4,1.0,4.0,4,4,1.0,8.0,8,4,1.0,8.0,8,4,1.0,12.0,12,4,1.0,12.0,12,4,1.0,12.0,12,4,0.0,0.0,4,4,0.0,0.0,12,4,,,0,0,1.0,12.0,12,4,,,0,0,,,0,0,,,0,0,,,0,0,,,0,0,,,0,0,1.0,12.0,12,4,,,0,0,0.0,0.0,4,4,0.0,0.0,12,4,,,0,0,,,0,0,,,0,0,,,0,0,,,0,0,,,0,0,FULL_COHORT,METRIC,,,,,,,,,,,,,,,,,,
NEW7,A,0,BE,BE_ROUTE_R0,challenge,challenge,STRICT_BASE,320,False,micro,12,4,3,UNKNOWN,1.0,12.0,12,4,,,0,0,1.0,12.0,12,4,0.3333333333333333,4.0,12,4,0.0,0.0,4,4,1.0,4.0,4,4,1.0,8.0,8,4,1.0,8.0,8,4,1.0,12.0,12,4,1.0,12.0,12,4,1.0,12.0,12,4,0.0,0.0,4,4,0.0,0.0,12,4,,,0,0,1.0,12.0,12,4,,,0,0,,,0,0,,,0,0,,,0,0,,,0,0,,,0,0,1.0,12.0,12,4,,,0,0,0.0,0.0,4,4,0.0,0.0,12,4,,,0,0,,,0,0,,,0,0,,,0,0,,,0,0,,,0,0,FULL_COHORT,METRIC,,,,,,,,,,,,,,,,,,
NEW7,A,0,BE,BE_ROUTE_R0,evaluation,H,STRICT_BASE,320,False,macro,9,7,3,UNKNOWN,0.07142857142857142,1.0,9,7,,,0,0,0.07142857142857142,1.0,9,7,0.6428571428571429,5.0,9,7,0.8,4.0,5,5,0.2,1.0,5,5,0.0,0.0,4,3,0.6666666666666666,3.0,4,3,0.8571428571428571,7.0,9,7,0.0,0.0,9,7,0.8571428571428571,7.0,9,7,0.8,4.0,5,5,0.14285714285714285,2.0,9,7,,,0,0,0.0,0.0,9,7,,,0,0,,,0,0,,,0,0,,,0,0,,,0,0,,,0,0,1.0,9.0,9,7,,,0,0,1.0,4.0,4,4,1.0,7.0,7,6,,,0,0,,,0,0,,,0,0,,,0,0,,,0,0,,,0,0,FULL_COHORT,METRIC,,,,,,,,,,,,,,,,,,
NEW7,A,0,BE,BE_ROUTE_R0,evaluation,H,STRICT_BASE,320,False,micro,9,7,3,UNKNOWN,0.1111111111111111,1.0,9,7,,,0,0,0.1111111111111111,1.0,9,7,0.5555555555555556,5.0,9,7,0.8,4.0,5,5,0.2,1.0,5,5,0.0,0.0,4,3,0.75,3.0,4,3,0.7777777777777778,7.0,9,7,0.0,0.0,9,7,0.7777777777777778,7.0,9,7,0.8,4.0,5,5,0.2222222222222222,2.0,9,7,,,0,0,0.0,0.0,9,7,,,0,0,,,0,0,,,0,0,,,0,0,,,0,0,,,0,0,1.0,9.0,9,7,,,0,0,1.0,4.0,4,4,1.0,7.0,7,6,,,0,0,,,0,0,,,0,0,,,0,0,,,0,0,,,0,0,FULL_COHORT,METRIC,,,,,,,,,,,,,,,,,,
NEW7,A,0,BE,BE_ROUTE_R0,evaluation,U,STRICT_BASE,320,False,macro,28,7,2,UNKNOWN,0.2261904761904762,6.0,28,7,,,0,0,0.2261904761904762,6.0,28,7,0.8452380952380952,22.0,28,7,0.7142857142857143,16.0,22,7,0.2857142857142857,6.0,22,7,0.0,0.0,6,6,0.6666666666666666,4.0,6,6,0.7142857142857143,20.0,28,7,0.0,0.0,28,7,0.7142857142857143,20.0,28,7,0.7142857142857143,16.0,22,7,0.2857142857142857,8.0,28,7,,,0,0,0.03571428571428571,1.0,28,7,,,0,0,,,0,0,,,0,0,,,0,0,,,0,0,,,0,0,0.9047619047619048,26.0,28,7,,,0,0,1.0,16.0,16,5,1.0,20.0,20,5,,,0,0,,,0,0,,,0,0,,,0,0,,,0,0,,,0,0,FULL_COHORT,METRIC,,,,,,,,,,,,,,,,,,
NEW7,A,0,BE,BE_ROUTE_R0,evaluation,U,STRICT_BASE,320,False,micro,28,7,2,UNKNOWN,0.21428571428571427,6.0,28,7,,,0,0,0.21428571428571427,6.0,28,7,0.7857142857142857,22.0,28,7,0.7272727272727273,16.0,22,7,0.2727272727272727,6.0,22,7,0.0,0.0,6,6,0.6666666666666666,4.0,6,6,0.7142857142857143,20.0,28,7,0.0,0.0,28,7,0.7142857142857143,20.0,28,7,0.7272727272727273,16.0,22,7,0.2857142857142857,8.0,28,7,,,0,0,0.03571428571428571,1.0,28,7,,,0,0,,,0,0,,,0,0,,,0,0,,,0,0,,,0,0,0.9285714285714286,26.0,28,7,,,0,0,1.0,16.0,16,5,1.0,20.0,20,5,,,0,0,,,0,0,,,0,0,,,0,0,,,0,0,,,0,0,FULL_COHORT,METRIC,,,,,,,,,,,,,,,,,,
NEW7,A,0,BE,BE_ROUTE_R0,evaluation,cross_family_confirmation,EDIT_TARGET,320,False,macro,14,7,7,UNKNOWN,0.8571428571428571,12.0,14,7,,,0,0,0.8571428571428571,12.0,14,7,0.42857142857142855,6.0,14,7,,,0,0,,,0,0,0.75,6.0,8,4,1.0,8.0,8,4,1.0,14.0,14,7,0.8571428571428571,12.0,14,7,,,0,0,,,0,0,0.0,0.0,14,7,,,0,0,0.8571428571428571,12.0,14,7,,,0,0,,,0,0,,,0,0,,,0,0,,,0,0,,,0,0,1.0,14.0,14,7,,,0,0,,,0,0,,,0,0,0.0,0.0,14,7,,,0,0,,,0,0,,,0,0,,,0,0,,,0,0,FULL_COHORT,METRIC,,,,,,,,,,,,,,,,,,
NEW7,A,0,BE,BE_ROUTE_R0,evaluation,cross_family_confirmation,EDIT_TARGET,320,False,micro,14,7,7,UNKNOWN,0.8571428571428571,12.0,14,7,,,0,0,0.8571428571428571,12.0,14,7,0.42857142857142855,6.0,14,7,,,0,0,,,0,0,0.75,6.0,8,4,1.0,8.0,8,4,1.0,14.0,14,7,0.8571428571428571,12.0,14,7,,,0,0,,,0,0,0.0,0.0,14,7,,,0,0,0.8571428571428571,12.0,14,7,,,0,0,,,0,0,,,0,0,,,0,0,,,0,0,,,0,0,1.0,14.0,14,7,,,0,0,,,0,0,,,0,0,0.0,0.0,14,7,,,0,0,,,0,0,,,0,0,,,0,0,,,0,0,FULL_COHORT,METRIC,,,,,,,,,,,,,,,,,,
NEW7,A,0,BE,BE_ROUTE_R0,evaluation,source_style_confirmation,EDIT_TARGET,320,False,macro,14,7,7,UNKNOWN,1.0,14.0,14,7,,,0,0,1.0,14.0,14,7,0.5714285714285714,8.0,14,7,,,0,0,,,0,0,1.0,6.0,6,3,1.0,6.0,6,3,1.0,14.0,14,7,1.0,14.0,14,7,,,0,0,,,0,0,0.0,0.0,14,7,,,0,0,1.0,14.0,14,7,,,0,0,,,0,0,,,0,0,,,0,0,,,0,0,,,0,0,1.0,14.0,14,7,,,0,0,,,0,0,,,0,0,0.0,0.0,14,7,,,0,0,,,0,0,,,0,0,,,0,0,,,0,0,FULL_COHORT,METRIC,,,,,,,,,,,,,,,,,,
NEW7,A,0,BE,BE_ROUTE_R0,evaluation,source_style_confirmation,EDIT_TARGET,320,False,micro,14,7,7,UNKNOWN,1.0,14.0,14,7,,,0,0,1.0,14.0,14,7,0.5714285714285714,8.0,14,7,,,0,0,,,0,0,1.0,6.0,6,3,1.0,6.0,6,3,1.0,14.0,14,7,1.0,14.0,14,7,,,0,0,,,0,0,0.0,0.0,14,7,,,0,0,1.0,14.0,14,7,,,0,0,,,0,0,,,0,0,,,0,0,,,0,0,,,0,0,1.0,14.0,14,7,,,0,0,,,0,0,,,0,0,0.0,0.0,14,7,,,0,0,,,0,0,,,0,0,,,0,0,,,0,0,FULL_COHORT,METRIC,,,,,,,,,,,,,,,,,,
NEW7,A,0,BE,BE_ROUTE_R0,fit,H,STRICT_BASE,320,False,macro,7,7,2,UNKNOWN,0.14285714285714285,1.0,7,7,,,0,0,0.14285714285714285,1.0,7,7,1.0,7.0,7,7,0.8571428571428571,6.0,7,7,0.14285714285714285,1.0,7,7,,,0,0,,,0,0,0.8571428571428571,6.0,7,7,0.0,0.0,7,7,0.8571428571428571,6.0,7,7,0.8571428571428571,6.0,7,7,0.14285714285714285,1.0,7,7,,,0,0,0.0,0.0,7,7,,,0,0,,,0,0,,,0,0,,,0,0,,,0,0,,,0,0,1.0,7.0,7,7,,,0,0,1.0,6.0,6,6,1.0,6.0,6,6,,,0,0,,,0,0,,,0,0,,,0,0,,,0,0,,,0,0,FULL_COHORT,METRIC,,,,,,,,,,,,,,,,,,
NEW7,A,0,BE,BE_ROUTE_R0,fit,H,STRICT_BASE,320,False,micro,7,7,2,UNKNOWN,0.14285714285714285,1.0,7,7,,,0,0,0.14285714285714285,1.0,7,7,1.0,7.0,7,7,0.8571428571428571,6.0,7,7,0.14285714285714285,1.0,7,7,,,0,0,,,0,0,0.8571428571428571,6.0,7,7,0.0,0.0,7,7,0.8571428571428571,6.0,7,7,0.8571428571428571,6.0,7,7,0.14285714285714285,1.0,7,7,,,0,0,0.0,0.0,7,7,,,0,0,,,0,0,,,0,0,,,0,0,,,0,0,,,0,0,1.0,7.0,7,7,,,0,0,1.0,6.0,6,6,1.0,6.0,6,6,,,0,0,,,0,0,,,0,0,,,0,0,,,0,0,,,0,0,FULL_COHORT,METRIC,,,,,,,,,,,,,,,,,,
NEW7,A,0,BE,BE_ROUTE_R0,fit,U,STRICT_BASE,320,False,macro,7,7,1,UNKNOWN,0.2857142857142857,2.0,7,7,,,0,0,0.2857142857142857,2.0,7,7,1.0,7.0,7,7,0.7142857142857143,5.0,7,7,0.2857142857142857,2.0,7,7,,,0,0,,,0,0,0.7142857142857143,5.0,7,7,0.0,0.0,7,7,0.7142857142857143,5.0,7,7,0.7142857142857143,5.0,7,7,0.2857142857142857,2.0,7,7,,,0,0,0.0,0.0,7,7,,,0,0,,,0,0,,,0,0,,,0,0,,,0,0,,,0,0,0.8571428571428571,6.0,7,7,,,0,0,1.0,5.0,5,5,1.0,5.0,5,5,,,0,0,,,0,0,,,0,0,,,0,0,,,0,0,,,0,0,FULL_COHORT,METRIC,,,,,,,,,,,,,,,,,,
NEW7,A,0,BE,BE_ROUTE_R0,fit,U,STRICT_BASE,320,False,micro,7,7,1,UNKNOWN,0.2857142857142857,2.0,7,7,,,0,0,0.2857142857142857,2.0,7,7,1.0,7.0,7,7,0.7142857142857143,5.0,7,7,0.2857142857142857,2.0,7,7,,,0,0,,,0,0,0.7142857142857143,5.0,7,7,0.0,0.0,7,7,0.7142857142857143,5.0,7,7,0.7142857142857143,5.0,7,7,0.2857142857142857,2.0,7,7,,,0,0,0.0,0.0,7,7,,,0,0,,,0,0,,,0,0,,,0,0,,,0,0,,,0,0,0.8571428571428571,6.0,7,7,,,0,0,1.0,5.0,5,5,1.0,5.0,5,5,,,0,0,,,0,0,,,0,0,,,0,0,,,0,0,,,0,0,FULL_COHORT,METRIC,,,,,,,,,,,,,,,,,,
NEW7,A,0,BE,BE_ROUTE_R0,fit,positive,EDIT_TARGET,320,False,macro,28,7,7,UNKNOWN,0.9642857142857143,27.0,28,7,,,0,0,0.9642857142857143,27.0,28,7,0.35714285714285715,10.0,28,7,,,0,0,,,0,0,0.9583333333333334,17.0,18,6,1.0,18.0,18,6,1.0,28.0,28,7,0.9642857142857143,27.0,28,7,,,0,0,,,0,0,0.0,0.0,28,7,,,0,0,0.9642857142857143,27.0,28,7,,,0,0,,,0,0,,,0,0,,,0,0,,,0,0,,,0,0,1.0,28.0,28,7,,,0,0,,,0,0,,,0,0,0.0,0.0,28,7,,,0,0,,,0,0,,,0,0,,,0,0,,,0,0,FULL_COHORT,METRIC,,,,,,,,,,,,,,,,,,
NEW7,A,0,BE,BE_ROUTE_R0,fit,positive,EDIT_TARGET,320,False,micro,28,7,7,UNKNOWN,0.9642857142857143,27.0,28,7,,,0,0,0.9642857142857143,27.0,28,7,0.35714285714285715,10.0,28,7,,,0,0,,,0,0,0.9444444444444444,17.0,18,6,1.0,18.0,18,6,1.0,28.0,28,7,0.9642857142857143,27.0,28,7,,,0,0,,,0,0,0.0,0.0,28,7,,,0,0,0.9642857142857143,27.0,28,7,,,0,0,,,0,0,,,0,0,,,0,0,,,0,0,,,0,0,1.0,28.0,28,7,,,0,0,,,0,0,,,0,0,0.0,0.0,28,7,,,0,0,,,0,0,,,0,0,,,0,0,,,0,0,FULL_COHORT,METRIC,,,,,,,,,,,,,,,,,,
NEW7,A,0,BE,BE_ROUTE_R0,native,T0,EDIT_TARGET,320,False,macro,7,7,7,UNKNOWN,0.8571428571428571,6.0,7,7,0.8571428571428571,6.0,7,7,0.8571428571428571,6.0,7,7,0.0,0.0,7,7,,,0,0,,,0,0,0.8571428571428571,6.0,7,7,1.0,7.0,7,7,1.0,7.0,7,7,0.8571428571428571,6.0,7,7,,,0,0,,,0,0,0.0,0.0,7,7,,,0,0,0.8571428571428571,6.0,7,7,,,0,0,,,0,0,,,0,0,,,0,0,,,0,0,,,0,0,1.0,7.0,7,7,,,0,0,,,0,0,,,0,0,0.0,0.0,7,7,,,0,0,,,0,0,,,0,0,,,0,0,,,0,0,FULL_COHORT,METRIC,,,,,,,,,,,,,,,,,,
NEW7,A,0,BE,BE_ROUTE_R0,native,T0,EDIT_TARGET,320,False,micro,7,7,7,UNKNOWN,0.8571428571428571,6.0,7,7,0.8571428571428571,6.0,7,7,0.8571428571428571,6.0,7,7,0.0,0.0,7,7,,,0,0,,,0,0,0.8571428571428571,6.0,7,7,1.0,7.0,7,7,1.0,7.0,7,7,0.8571428571428571,6.0,7,7,,,0,0,,,0,0,0.0,0.0,7,7,,,0,0,0.8571428571428571,6.0,7,7,,,0,0,,,0,0,,,0,0,,,0,0,,,0,0,,,0,0,1.0,7.0,7,7,,,0,0,,,0,0,,,0,0,0.0,0.0,7,7,,,0,0,,,0,0,,,0,0,,,0,0,,,0,0,FULL_COHORT,METRIC,,,,,,,,,,,,,,,,,,
NEW7,A,0,BE,RC_FIXED_OLD16,challenge,challenge,STRICT_BASE,320,False,macro,12,4,3,UNKNOWN,0.3333333333333333,4.0,12,4,,,0,0,0.3333333333333333,4.0,12,4,0.3333333333333333,4.0,12,4,0.0,0.0,4,4,1.0,4.0,4,4,0.0,0.0,8,4,0.0,0.0,8,4,0.0,0.0,12,4,0.0,0.0,12,4,0.0,0.0,12,4,0.0,0.0,4,4,1.0,12.0,12,4,,,0,0,1.0,12.0,12,4,,,0,0,,,0,0,,,0,0,,,0,0,,,0,0,,,0,0,1.0,12.0,12,4,,,0,0,,,0,0,,,0,0,,,0,0,,,0,0,,,0,0,,,0,0,,,0,0,,,0,0,FULL_COHORT,METRIC,,,,,,,,,,,,,,,,,,
NEW7,A,0,BE,RC_FIXED_OLD16,challenge,challenge,STRICT_BASE,320,False,micro,12,4,3,UNKNOWN,0.3333333333333333,4.0,12,4,,,0,0,0.3333333333333333,4.0,12,4,0.3333333333333333,4.0,12,4,0.0,0.0,4,4,1.0,4.0,4,4,0.0,0.0,8,4,0.0,0.0,8,4,0.0,0.0,12,4,0.0,0.0,12,4,0.0,0.0,12,4,0.0,0.0,4,4,1.0,12.0,12,4,,,0,0,1.0,12.0,12,4,,,0,0,,,0,0,,,0,0,,,0,0,,,0,0,,,0,0,1.0,12.0,12,4,,,0,0,,,0,0,,,0,0,,,0,0,,,0,0,,,0,0,,,0,0,,,0,0,,,0,0,FULL_COHORT,METRIC,,,,,,,,,,,,,,,,,,
NEW7,A,0,BE,RC_FIXED_OLD16,evaluation,H,STRICT_BASE,320,False,macro,9,7,3,UNKNOWN,0.6428571428571429,5.0,9,7,,,0,0,0.6428571428571429,5.0,9,7,0.6428571428571429,5.0,9,7,0.0,0.0,5,5,1.0,5.0,5,5,0.0,0.0,4,3,0.0,0.0,4,3,0.0,0.0,9,7,0.0,0.0,9,7,0.0,0.0,9,7,0.0,0.0,5,5,1.0,9.0,9,7,,,0,0,0.0,0.0,9,7,,,0,0,,,0,0,,,0,0,,,0,0,,,0,0,,,0,0,1.0,9.0,9,7,,,0,0,,,0,0,,,0,0,,,0,0,,,0,0,,,0,0,,,0,0,,,0,0,,,0,0,FULL_COHORT,METRIC,,,,,,,,,,,,,,,,,,
NEW7,A,0,BE,RC_FIXED_OLD16,evaluation,H,STRICT_BASE,320,False,micro,9,7,3,UNKNOWN,0.5555555555555556,5.0,9,7,,,0,0,0.5555555555555556,5.0,9,7,0.5555555555555556,5.0,9,7,0.0,0.0,5,5,1.0,5.0,5,5,0.0,0.0,4,3,0.0,0.0,4,3,0.0,0.0,9,7,0.0,0.0,9,7,0.0,0.0,9,7,0.0,0.0,5,5,1.0,9.0,9,7,,,0,0,0.0,0.0,9,7,,,0,0,,,0,0,,,0,0,,,0,0,,,0,0,,,0,0,1.0,9.0,9,7,,,0,0,,,0,0,,,0,0,,,0,0,,,0,0,,,0,0,,,0,0,,,0,0,,,0,0,FULL_COHORT,METRIC,,,,,,,,,,,,,,,,,,
NEW7,A,0,BE,RC_FIXED_OLD16,evaluation,U,STRICT_BASE,320,False,macro,28,7,2,UNKNOWN,0.8452380952380952,22.0,28,7,,,0,0,0.8452380952380952,22.0,28,7,0.8452380952380952,22.0,28,7,0.0,0.0,22,7,1.0,22.0,22,7,0.0,0.0,6,6,0.0,0.0,6,6,0.0,0.0,28,7,0.0,0.0,28,7,0.0,0.0,28,7,0.0,0.0,22,7,1.0,28.0,28,7,,,0,0,0.03571428571428571,1.0,28,7,,,0,0,,,0,0,,,0,0,,,0,0,,,0,0,,,0,0,1.0,28.0,28,7,,,0,0,,,0,0,,,0,0,,,0,0,,,0,0,,,0,0,,,0,0,,,0,0,,,0,0,FULL_COHORT,METRIC,,,,,,,,,,,,,,,,,,
NEW7,A,0,BE,RC_FIXED_OLD16,evaluation,U,STRICT_BASE,320,False,micro,28,7,2,UNKNOWN,0.7857142857142857,22.0,28,7,,,0,0,0.7857142857142857,22.0,28,7,0.7857142857142857,22.0,28,7,0.0,0.0,22,7,1.0,22.0,22,7,0.0,0.0,6,6,0.0,0.0,6,6,0.0,0.0,28,7,0.0,0.0,28,7,0.0,0.0,28,7,0.0,0.0,22,7,1.0,28.0,28,7,,,0,0,0.03571428571428571,1.0,28,7,,,0,0,,,0,0,,,0,0,,,0,0,,,0,0,,,0,0,1.0,28.0,28,7,,,0,0,,,0,0,,,0,0,,,0,0,,,0,0,,,0,0,,,0,0,,,0,0,,,0,0,FULL_COHORT,METRIC,,,,,,,,,,,,,,,,,,
NEW7,A,0,BE,RC_FIXED_OLD16,evaluation,cross_family_confirmation,EDIT_TARGET,320,False,macro,14,7,7,UNKNOWN,0.8571428571428571,12.0,14,7,,,0,0,0.8571428571428571,12.0,14,7,0.42857142857142855,6.0,14,7,,,0,0,,,0,0,0.75,6.0,8,4,1.0,8.0,8,4,1.0,14.0,14,7,0.8571428571428571,12.0,14,7,,,0,0,,,0,0,0.0,0.0,14,7,,,0,0,0.8571428571428571,12.0,14,7,,,0,0,,,0,0,,,0,0,,,0,0,,,0,0,,,0,0,1.0,14.0,14,7,,,0,0,,,0,0,,,0,0,0.0,0.0,14,7,,,0,0,,,0,0,,,0,0,,,0,0,,,0,0,FULL_COHORT,METRIC,,,,,,,,,,,,,,,,,,
NEW7,A,0,BE,RC_FIXED_OLD16,evaluation,cross_family_confirmation,EDIT_TARGET,320,False,micro,14,7,7,UNKNOWN,0.8571428571428571,12.0,14,7,,,0,0,0.8571428571428571,12.0,14,7,0.42857142857142855,6.0,14,7,,,0,0,,,0,0,0.75,6.0,8,4,1.0,8.0,8,4,1.0,14.0,14,7,0.8571428571428571,12.0,14,7,,,0,0,,,0,0,0.0,0.0,14,7,,,0,0,0.8571428571428571,12.0,14,7,,,0,0,,,0,0,,,0,0,,,0,0,,,0,0,,,0,0,1.0,14.0,14,7,,,0,0,,,0,0,,,0,0,0.0,0.0,14,7,,,0,0,,,0,0,,,0,0,,,0,0,,,0,0,FULL_COHORT,METRIC,,,,,,,,,,,,,,,,,,
NEW7,A,0,BE,RC_FIXED_OLD16,evaluation,source_style_confirmation,EDIT_TARGET,320,False,macro,14,7,7,UNKNOWN,1.0,14.0,14,7,,,0,0,1.0,14.0,14,7,0.5714285714285714,8.0,14,7,,,0,0,,,0,0,1.0,6.0,6,3,1.0,6.0,6,3,1.0,14.0,14,7,1.0,14.0,14,7,,,0,0,,,0,0,0.0,0.0,14,7,,,0,0,1.0,14.0,14,7,,,0,0,,,0,0,,,0,0,,,0,0,,,0,0,,,0,0,1.0,14.0,14,7,,,0,0,,,0,0,,,0,0,0.0,0.0,14,7,,,0,0,,,0,0,,,0,0,,,0,0,,,0,0,FULL_COHORT,METRIC,,,,,,,,,,,,,,,,,,
NEW7,A,0,BE,RC_FIXED_OLD16,evaluation,source_style_confirmation,EDIT_TARGET,320,False,micro,14,7,7,UNKNOWN,1.0,14.0,14,7,,,0,0,1.0,14.0,14,7,0.5714285714285714,8.0,14,7,,,0,0,,,0,0,1.0,6.0,6,3,1.0,6.0,6,3,1.0,14.0,14,7,1.0,14.0,14,7,,,0,0,,,0,0,0.0,0.0,14,7,,,0,0,1.0,14.0,14,7,,,0,0,,,0,0,,,0,0,,,0,0,,,0,0,,,0,0,1.0,14.0,14,7,,,0,0,,,0,0,,,0,0,0.0,0.0,14,7,,,0,0,,,0,0,,,0,0,,,0,0,,,0,0,FULL_COHORT,METRIC,,,,,,,,,,,,,,,,,,
NEW7,A,0,BE,RC_FIXED_OLD16,fit,H,STRICT_BASE,320,False,macro,7,7,2,UNKNOWN,1.0,7.0,7,7,,,0,0,1.0,7.0,7,7,1.0,7.0,7,7,0.0,0.0,7,7,1.0,7.0,7,7,,,0,0,,,0,0,0.0,0.0,7,7,0.0,0.0,7,7,0.0,0.0,7,7,0.0,0.0,7,7,1.0,7.0,7,7,,,0,0,0.0,0.0,7,7,,,0,0,,,0,0,,,0,0,,,0,0,,,0,0,,,0,0,1.0,7.0,7,7,,,0,0,,,0,0,,,0,0,,,0,0,,,0,0,,,0,0,,,0,0,,,0,0,,,0,0,FULL_COHORT,METRIC,,,,,,,,,,,,,,,,,,
NEW7,A,0,BE,RC_FIXED_OLD16,fit,H,STRICT_BASE,320,False,micro,7,7,2,UNKNOWN,1.0,7.0,7,7,,,0,0,1.0,7.0,7,7,1.0,7.0,7,7,0.0,0.0,7,7,1.0,7.0,7,7,,,0,0,,,0,0,0.0,0.0,7,7,0.0,0.0,7,7,0.0,0.0,7,7,0.0,0.0,7,7,1.0,7.0,7,7,,,0,0,0.0,0.0,7,7,,,0,0,,,0,0,,,0,0,,,0,0,,,0,0,,,0,0,1.0,7.0,7,7,,,0,0,,,0,0,,,0,0,,,0,0,,,0,0,,,0,0,,,0,0,,,0,0,,,0,0,FULL_COHORT,METRIC,,,,,,,,,,,,,,,,,,
NEW7,A,0,BE,RC_FIXED_OLD16,fit,U,STRICT_BASE,320,False,macro,7,7,1,UNKNOWN,1.0,7.0,7,7,,,0,0,1.0,7.0,7,7,1.0,7.0,7,7,0.0,0.0,7,7,1.0,7.0,7,7,,,0,0,,,0,0,0.0,0.0,7,7,0.0,0.0,7,7,0.0,0.0,7,7,0.0,0.0,7,7,1.0,7.0,7,7,,,0,0,0.0,0.0,7,7,,,0,0,,,0,0,,,0,0,,,0,0,,,0,0,,,0,0,1.0,7.0,7,7,,,0,0,,,0,0,,,0,0,,,0,0,,,0,0,,,0,0,,,0,0,,,0,0,,,0,0,FULL_COHORT,METRIC,,,,,,,,,,,,,,,,,,
NEW7,A,0,BE,RC_FIXED_OLD16,fit,U,STRICT_BASE,320,False,micro,7,7,1,UNKNOWN,1.0,7.0,7,7,,,0,0,1.0,7.0,7,7,1.0,7.0,7,7,0.0,0.0,7,7,1.0,7.0,7,7,,,0,0,,,0,0,0.0,0.0,7,7,0.0,0.0,7,7,0.0,0.0,7,7,0.0,0.0,7,7,1.0,7.0,7,7,,,0,0,0.0,0.0,7,7,,,0,0,,,0,0,,,0,0,,,0,0,,,0,0,,,0,0,1.0,7.0,7,7,,,0,0,,,0,0,,,0,0,,,0,0,,,0,0,,,0,0,,,0,0,,,0,0,,,0,0,FULL_COHORT,METRIC,,,,,,,,,,,,,,,,,,
NEW7,A,0,BE,RC_FIXED_OLD16,fit,positive,EDIT_TARGET,320,False,macro,28,7,7,UNKNOWN,0.9642857142857143,27.0,28,7,,,0,0,0.9642857142857143,27.0,28,7,0.35714285714285715,10.0,28,7,,,0,0,,,0,0,0.9583333333333334,17.0,18,6,1.0,18.0,18,6,1.0,28.0,28,7,0.9642857142857143,27.0,28,7,,,0,0,,,0,0,0.0,0.0,28,7,,,0,0,0.9642857142857143,27.0,28,7,,,0,0,,,0,0,,,0,0,,,0,0,,,0,0,,,0,0,1.0,28.0,28,7,,,0,0,,,0,0,,,0,0,0.0,0.0,28,7,,,0,0,,,0,0,,,0,0,,,0,0,,,0,0,FULL_COHORT,METRIC,,,,,,,,,,,,,,,,,,
NEW7,A,0,BE,RC_FIXED_OLD16,fit,positive,EDIT_TARGET,320,False,micro,28,7,7,UNKNOWN,0.9642857142857143,27.0,28,7,,,0,0,0.9642857142857143,27.0,28,7,0.35714285714285715,10.0,28,7,,,0,0,,,0,0,0.9444444444444444,17.0,18,6,1.0,18.0,18,6,1.0,28.0,28,7,0.9642857142857143,27.0,28,7,,,0,0,,,0,0,0.0,0.0,28,7,,,0,0,0.9642857142857143,27.0,28,7,,,0,0,,,0,0,,,0,0,,,0,0,,,0,0,,,0,0,1.0,28.0,28,7,,,0,0,,,0,0,,,0,0,0.0,0.0,28,7,,,0,0,,,0,0,,,0,0,,,0,0,,,0,0,FULL_COHORT,METRIC,,,,,,,,,,,,,,,,,,
NEW7,A,0,BE,RC_FIXED_OLD16,native,T0,EDIT_TARGET,320,False,macro,7,7,7,UNKNOWN,0.8571428571428571,6.0,7,7,0.8571428571428571,6.0,7,7,0.8571428571428571,6.0,7,7,0.0,0.0,7,7,,,0,0,,,0,0,0.8571428571428571,6.0,7,7,1.0,7.0,7,7,1.0,7.0,7,7,0.8571428571428571,6.0,7,7,,,0,0,,,0,0,0.0,0.0,7,7,,,0,0,0.8571428571428571,6.0,7,7,,,0,0,,,0,0,,,0,0,,,0,0,,,0,0,,,0,0,1.0,7.0,7,7,,,0,0,,,0,0,,,0,0,0.0,0.0,7,7,,,0,0,,,0,0,,,0,0,,,0,0,,,0,0,FULL_COHORT,METRIC,,,,,,,,,,,,,,,,,,
NEW7,A,0,BE,RC_FIXED_OLD16,native,T0,EDIT_TARGET,320,False,micro,7,7,7,UNKNOWN,0.8571428571428571,6.0,7,7,0.8571428571428571,6.0,7,7,0.8571428571428571,6.0,7,7,0.0,0.0,7,7,,,0,0,,,0,0,0.8571428571428571,6.0,7,7,1.0,7.0,7,7,1.0,7.0,7,7,0.8571428571428571,6.0,7,7,,,0,0,,,0,0,0.0,0.0,7,7,,,0,0,0.8571428571428571,6.0,7,7,,,0,0,,,0,0,,,0,0,,,0,0,,,0,0,,,0,0,1.0,7.0,7,7,,,0,0,,,0,0,,,0,0,0.0,0.0,7,7,,,0,0,,,0,0,,,0,0,,,0,0,,,0,0,FULL_COHORT,METRIC,,,,,,,,,,,,,,,,,,
NEW7,A,0,C_EXTRA_QA,BE_ROUTE_R0,challenge,challenge,STRICT_BASE,320,False,macro,12,4,3,UNKNOWN,1.0,12.0,12,4,,,0,0,1.0,12.0,12,4,0.3333333333333333,4.0,12,4,0.0,0.0,4,4,1.0,4.0,4,4,1.0,8.0,8,4,1.0,8.0,8,4,1.0,12.0,12,4,1.0,12.0,12,4,1.0,12.0,12,4,0.0,0.0,4,4,0.0,0.0,12,4,,,0,0,1.0,12.0,12,4,,,0,0,,,0,0,,,0,0,,,0,0,,,0,0,,,0,0,1.0,12.0,12,4,,,0,0,0.0,0.0,4,4,0.0,0.0,12,4,,,0,0,,,0,0,,,0,0,,,0,0,,,0,0,,,0,0,FULL_COHORT,METRIC,,,,,,,,,,,,,,,,,,
NEW7,A,0,C_EXTRA_QA,BE_ROUTE_R0,challenge,challenge,STRICT_BASE,320,False,micro,12,4,3,UNKNOWN,1.0,12.0,12,4,,,0,0,1.0,12.0,12,4,0.3333333333333333,4.0,12,4,0.0,0.0,4,4,1.0,4.0,4,4,1.0,8.0,8,4,1.0,8.0,8,4,1.0,12.0,12,4,1.0,12.0,12,4,1.0,12.0,12,4,0.0,0.0,4,4,0.0,0.0,12,4,,,0,0,1.0,12.0,12,4,,,0,0,,,0,0,,,0,0,,,0,0,,,0,0,,,0,0,1.0,12.0,12,4,,,0,0,0.0,0.0,4,4,0.0,0.0,12,4,,,0,0,,,0,0,,,0,0,,,0,0,,,0,0,,,0,0,FULL_COHORT,METRIC,,,,,,,,,,,,,,,,,,
NEW7,A,0,C_EXTRA_QA,BE_ROUTE_R0,evaluation,H,STRICT_BASE,320,False,macro,9,7,3,UNKNOWN,0.07142857142857142,1.0,9,7,,,0,0,0.07142857142857142,1.0,9,7,0.6428571428571429,5.0,9,7,0.8,4.0,5,5,0.2,1.0,5,5,0.0,0.0,4,3,0.6666666666666666,3.0,4,3,0.8571428571428571,7.0,9,7,0.0,0.0,9,7,0.8571428571428571,7.0,9,7,0.8,4.0,5,5,0.14285714285714285,2.0,9,7,,,0,0,0.0,0.0,9,7,,,0,0,,,0,0,,,0,0,,,0,0,,,0,0,,,0,0,1.0,9.0,9,7,,,0,0,1.0,4.0,4,4,1.0,7.0,7,6,,,0,0,,,0,0,,,0,0,,,0,0,,,0,0,,,0,0,FULL_COHORT,METRIC,,,,,,,,,,,,,,,,,,
NEW7,A,0,C_EXTRA_QA,BE_ROUTE_R0,evaluation,H,STRICT_BASE,320,False,micro,9,7,3,UNKNOWN,0.1111111111111111,1.0,9,7,,,0,0,0.1111111111111111,1.0,9,7,0.5555555555555556,5.0,9,7,0.8,4.0,5,5,0.2,1.0,5,5,0.0,0.0,4,3,0.75,3.0,4,3,0.7777777777777778,7.0,9,7,0.0,0.0,9,7,0.7777777777777778,7.0,9,7,0.8,4.0,5,5,0.2222222222222222,2.0,9,7,,,0,0,0.0,0.0,9,7,,,0,0,,,0,0,,,0,0,,,0,0,,,0,0,,,0,0,1.0,9.0,9,7,,,0,0,1.0,4.0,4,4,1.0,7.0,7,6,,,0,0,,,0,0,,,0,0,,,0,0,,,0,0,,,0,0,FULL_COHORT,METRIC,,,,,,,,,,,,,,,,,,
NEW7,A,0,C_EXTRA_QA,BE_ROUTE_R0,evaluation,U,STRICT_BASE,320,False,macro,28,7,2,UNKNOWN,0.75,18.0,28,7,,,0,0,0.75,18.0,28,7,0.8452380952380952,22.0,28,7,0.13095238095238096,4.0,22,7,0.8690476190476191,18.0,22,7,0.0,0.0,6,6,0.6666666666666666,4.0,6,6,0.7142857142857143,20.0,28,7,0.5238095238095237,12.0,28,7,0.7142857142857143,20.0,28,7,0.13095238095238096,4.0,22,7,0.35714285714285715,11.0,28,7,,,0,0,0.7261904761904762,17.0,28,7,,,0,0,,,0,0,,,0,0,,,0,0,,,0,0,,,0,0,1.0,28.0,28,7,,,0,0,0.18333333333333332,4.0,16,5,0.26666666666666666,8.0,20,5,,,0,0,,,0,0,,,0,0,,,0,0,,,0,0,,,0,0,FULL_COHORT,METRIC,,,,,,,,,,,,,,,,,,
NEW7,A,0,C_EXTRA_QA,BE_ROUTE_R0,evaluation,U,STRICT_BASE,320,False,micro,28,7,2,UNKNOWN,0.6428571428571429,18.0,28,7,,,0,0,0.6428571428571429,18.0,28,7,0.7857142857142857,22.0,28,7,0.18181818181818182,4.0,22,7,0.8181818181818182,18.0,22,7,0.0,0.0,6,6,0.6666666666666666,4.0,6,6,0.7142857142857143,20.0,28,7,0.42857142857142855,12.0,28,7,0.7142857142857143,20.0,28,7,0.18181818181818182,4.0,22,7,0.39285714285714285,11.0,28,7,,,0,0,0.6071428571428571,17.0,28,7,,,0,0,,,0,0,,,0,0,,,0,0,,,0,0,,,0,0,1.0,28.0,28,7,,,0,0,0.25,4.0,16,5,0.4,8.0,20,5,,,0,0,,,0,0,,,0,0,,,0,0,,,0,0,,,0,0,FULL_COHORT,METRIC,,,,,,,,,,,,,,,,,,
NEW7,A,0,C_EXTRA_QA,BE_ROUTE_R0,evaluation,cross_family_confirmation,EDIT_TARGET,320,False,macro,14,7,7,UNKNOWN,0.8571428571428571,12.0,14,7,,,0,0,0.8571428571428571,12.0,14,7,0.42857142857142855,6.0,14,7,,,0,0,,,0,0,0.75,6.0,8,4,1.0,8.0,8,4,1.0,14.0,14,7,0.8571428571428571,12.0,14,7,,,0,0,,,0,0,0.0,0.0,14,7,,,0,0,0.8571428571428571,12.0,14,7,,,0,0,,,0,0,,,0,0,,,0,0,,,0,0,,,0,0,1.0,14.0,14,7,,,0,0,,,0,0,,,0,0,0.0,0.0,14,7,,,0,0,,,0,0,,,0,0,,,0,0,,,0,0,FULL_COHORT,METRIC,,,,,,,,,,,,,,,,,,
NEW7,A,0,C_EXTRA_QA,BE_ROUTE_R0,evaluation,cross_family_confirmation,EDIT_TARGET,320,False,micro,14,7,7,UNKNOWN,0.8571428571428571,12.0,14,7,,,0,0,0.8571428571428571,12.0,14,7,0.42857142857142855,6.0,14,7,,,0,0,,,0,0,0.75,6.0,8,4,1.0,8.0,8,4,1.0,14.0,14,7,0.8571428571428571,12.0,14,7,,,0,0,,,0,0,0.0,0.0,14,7,,,0,0,0.8571428571428571,12.0,14,7,,,0,0,,,0,0,,,0,0,,,0,0,,,0,0,,,0,0,1.0,14.0,14,7,,,0,0,,,0,0,,,0,0,0.0,0.0,14,7,,,0,0,,,0,0,,,0,0,,,0,0,,,0,0,FULL_COHORT,METRIC,,,,,,,,,,,,,,,,,,
NEW7,A,0,C_EXTRA_QA,BE_ROUTE_R0,evaluation,source_style_confirmation,EDIT_TARGET,320,False,macro,14,7,7,UNKNOWN,1.0,14.0,14,7,,,0,0,1.0,14.0,14,7,0.5714285714285714,8.0,14,7,,,0,0,,,0,0,1.0,6.0,6,3,1.0,6.0,6,3,1.0,14.0,14,7,1.0,14.0,14,7,,,0,0,,,0,0,0.0,0.0,14,7,,,0,0,1.0,14.0,14,7,,,0,0,,,0,0,,,0,0,,,0,0,,,0,0,,,0,0,1.0,14.0,14,7,,,0,0,,,0,0,,,0,0,0.0,0.0,14,7,,,0,0,,,0,0,,,0,0,,,0,0,,,0,0,FULL_COHORT,METRIC,,,,,,,,,,,,,,,,,,
NEW7,A,0,C_EXTRA_QA,BE_ROUTE_R0,evaluation,source_style_confirmation,EDIT_TARGET,320,False,micro,14,7,7,UNKNOWN,1.0,14.0,14,7,,,0,0,1.0,14.0,14,7,0.5714285714285714,8.0,14,7,,,0,0,,,0,0,1.0,6.0,6,3,1.0,6.0,6,3,1.0,14.0,14,7,1.0,14.0,14,7,,,0,0,,,0,0,0.0,0.0,14,7,,,0,0,1.0,14.0,14,7,,,0,0,,,0,0,,,0,0,,,0,0,,,0,0,,,0,0,1.0,14.0,14,7,,,0,0,,,0,0,,,0,0,0.0,0.0,14,7,,,0,0,,,0,0,,,0,0,,,0,0,,,0,0,FULL_COHORT,METRIC,,,,,,,,,,,,,,,,,,
NEW7,A,0,C_EXTRA_QA,BE_ROUTE_R0,fit,H,STRICT_BASE,320,False,macro,7,7,2,UNKNOWN,0.14285714285714285,1.0,7,7,,,0,0,0.14285714285714285,1.0,7,7,1.0,7.0,7,7,0.8571428571428571,6.0,7,7,0.14285714285714285,1.0,7,7,,,0,0,,,0,0,0.8571428571428571,6.0,7,7,0.0,0.0,7,7,0.8571428571428571,6.0,7,7,0.8571428571428571,6.0,7,7,0.14285714285714285,1.0,7,7,,,0,0,0.0,0.0,7,7,,,0,0,,,0,0,,,0,0,,,0,0,,,0,0,,,0,0,1.0,7.0,7,7,,,0,0,1.0,6.0,6,6,1.0,6.0,6,6,,,0,0,,,0,0,,,0,0,,,0,0,,,0,0,,,0,0,FULL_COHORT,METRIC,,,,,,,,,,,,,,,,,,
NEW7,A,0,C_EXTRA_QA,BE_ROUTE_R0,fit,H,STRICT_BASE,320,False,micro,7,7,2,UNKNOWN,0.14285714285714285,1.0,7,7,,,0,0,0.14285714285714285,1.0,7,7,1.0,7.0,7,7,0.8571428571428571,6.0,7,7,0.14285714285714285,1.0,7,7,,,0,0,,,0,0,0.8571428571428571,6.0,7,7,0.0,0.0,7,7,0.8571428571428571,6.0,7,7,0.8571428571428571,6.0,7,7,0.14285714285714285,1.0,7,7,,,0,0,0.0,0.0,7,7,,,0,0,,,0,0,,,0,0,,,0,0,,,0,0,,,0,0,1.0,7.0,7,7,,,0,0,1.0,6.0,6,6,1.0,6.0,6,6,,,0,0,,,0,0,,,0,0,,,0,0,,,0,0,,,0,0,FULL_COHORT,METRIC,,,,,,,,,,,,,,,,,,
NEW7,A,0,C_EXTRA_QA,BE_ROUTE_R0,fit,U,STRICT_BASE,320,False,macro,7,7,1,UNKNOWN,1.0,7.0,7,7,,,0,0,1.0,7.0,7,7,1.0,7.0,7,7,0.0,0.0,7,7,1.0,7.0,7,7,,,0,0,,,0,0,0.7142857142857143,5.0,7,7,0.7142857142857143,5.0,7,7,0.7142857142857143,5.0,7,7,0.0,0.0,7,7,0.7142857142857143,5.0,7,7,,,0,0,1.0,7.0,7,7,,,0,0,,,0,0,,,0,0,,,0,0,,,0,0,,,0,0,1.0,7.0,7,7,,,0,0,0.0,0.0,5,5,0.0,0.0,5,5,,,0,0,,,0,0,,,0,0,,,0,0,,,0,0,,,0,0,FULL_COHORT,METRIC,,,,,,,,,,,,,,,,,,
NEW7,A,0,C_EXTRA_QA,BE_ROUTE_R0,fit,U,STRICT_BASE,320,False,micro,7,7,1,UNKNOWN,1.0,7.0,7,7,,,0,0,1.0,7.0,7,7,1.0,7.0,7,7,0.0,0.0,7,7,1.0,7.0,7,7,,,0,0,,,0,0,0.7142857142857143,5.0,7,7,0.7142857142857143,5.0,7,7,0.7142857142857143,5.0,7,7,0.0,0.0,7,7,0.7142857142857143,5.0,7,7,,,0,0,1.0,7.0,7,7,,,0,0,,,0,0,,,0,0,,,0,0,,,0,0,,,0,0,1.0,7.0,7,7,,,0,0,0.0,0.0,5,5,0.0,0.0,5,5,,,0,0,,,0,0,,,0,0,,,0,0,,,0,0,,,0,0,FULL_COHORT,METRIC,,,,,,,,,,,,,,,,,,
NEW7,A,0,C_EXTRA_QA,BE_ROUTE_R0,fit,positive,EDIT_TARGET,320,False,macro,28,7,7,UNKNOWN,0.9642857142857143,27.0,28,7,,,0,0,0.9642857142857143,27.0,28,7,0.35714285714285715,10.0,28,7,,,0,0,,,0,0,0.9583333333333334,17.0,18,6,1.0,18.0,18,6,1.0,28.0,28,7,0.9642857142857143,27.0,28,7,,,0,0,,,0,0,0.0,0.0,28,7,,,0,0,0.9642857142857143,27.0,28,7,,,0,0,,,0,0,,,0,0,,,0,0,,,0,0,,,0,0,1.0,28.0,28,7,,,0,0,,,0,0,,,0,0,0.0,0.0,28,7,,,0,0,,,0,0,,,0,0,,,0,0,,,0,0,FULL_COHORT,METRIC,,,,,,,,,,,,,,,,,,
NEW7,A,0,C_EXTRA_QA,BE_ROUTE_R0,fit,positive,EDIT_TARGET,320,False,micro,28,7,7,UNKNOWN,0.9642857142857143,27.0,28,7,,,0,0,0.9642857142857143,27.0,28,7,0.35714285714285715,10.0,28,7,,,0,0,,,0,0,0.9444444444444444,17.0,18,6,1.0,18.0,18,6,1.0,28.0,28,7,0.9642857142857143,27.0,28,7,,,0,0,,,0,0,0.0,0.0,28,7,,,0,0,0.9642857142857143,27.0,28,7,,,0,0,,,0,0,,,0,0,,,0,0,,,0,0,,,0,0,1.0,28.0,28,7,,,0,0,,,0,0,,,0,0,0.0,0.0,28,7,,,0,0,,,0,0,,,0,0,,,0,0,,,0,0,FULL_COHORT,METRIC,,,,,,,,,,,,,,,,,,
NEW7,A,0,C_EXTRA_QA,BE_ROUTE_R0,native,T0,EDIT_TARGET,320,False,macro,7,7,7,UNKNOWN,0.8571428571428571,6.0,7,7,0.8571428571428571,6.0,7,7,0.8571428571428571,6.0,7,7,0.0,0.0,7,7,,,0,0,,,0,0,0.8571428571428571,6.0,7,7,1.0,7.0,7,7,1.0,7.0,7,7,0.8571428571428571,6.0,7,7,,,0,0,,,0,0,0.0,0.0,7,7,,,0,0,0.8571428571428571,6.0,7,7,,,0,0,,,0,0,,,0,0,,,0,0,,,0,0,,,0,0,1.0,7.0,7,7,,,0,0,,,0,0,,,0,0,0.0,0.0,7,7,,,0,0,,,0,0,,,0,0,,,0,0,,,0,0,FULL_COHORT,METRIC,,,,,,,,,,,,,,,,,,
NEW7,A,0,C_EXTRA_QA,BE_ROUTE_R0,native,T0,EDIT_TARGET,320,False,micro,7,7,7,UNKNOWN,0.8571428571428571,6.0,7,7,0.8571428571428571,6.0,7,7,0.8571428571428571,6.0,7,7,0.0,0.0,7,7,,,0,0,,,0,0,0.8571428571428571,6.0,7,7,1.0,7.0,7,7,1.0,7.0,7,7,0.8571428571428571,6.0,7,7,,,0,0,,,0,0,0.0,0.0,7,7,,,0,0,0.8571428571428571,6.0,7,7,,,0,0,,,0,0,,,0,0,,,0,0,,,0,0,,,0,0,1.0,7.0,7,7,,,0,0,,,0,0,,,0,0,0.0,0.0,7,7,,,0,0,,,0,0,,,0,0,,,0,0,,,0,0,FULL_COHORT,METRIC,,,,,,,,,,,,,,,,,,
NEW7,A,0,C_EXTRA_QA,RC_FIXED_OLD16,challenge,challenge,STRICT_BASE,320,False,macro,12,4,3,UNKNOWN,0.3333333333333333,4.0,12,4,,,0,0,0.3333333333333333,4.0,12,4,0.3333333333333333,4.0,12,4,0.0,0.0,4,4,1.0,4.0,4,4,0.0,0.0,8,4,0.0,0.0,8,4,0.0,0.0,12,4,0.0,0.0,12,4,0.0,0.0,12,4,0.0,0.0,4,4,1.0,12.0,12,4,,,0,0,1.0,12.0,12,4,,,0,0,,,0,0,,,0,0,,,0,0,,,0,0,,,0,0,1.0,12.0,12,4,,,0,0,,,0,0,,,0,0,,,0,0,,,0,0,,,0,0,,,0,0,,,0,0,,,0,0,FULL_COHORT,METRIC,,,,,,,,,,,,,,,,,,
NEW7,A,0,C_EXTRA_QA,RC_FIXED_OLD16,challenge,challenge,STRICT_BASE,320,False,micro,12,4,3,UNKNOWN,0.3333333333333333,4.0,12,4,,,0,0,0.3333333333333333,4.0,12,4,0.3333333333333333,4.0,12,4,0.0,0.0,4,4,1.0,4.0,4,4,0.0,0.0,8,4,0.0,0.0,8,4,0.0,0.0,12,4,0.0,0.0,12,4,0.0,0.0,12,4,0.0,0.0,4,4,1.0,12.0,12,4,,,0,0,1.0,12.0,12,4,,,0,0,,,0,0,,,0,0,,,0,0,,,0,0,,,0,0,1.0,12.0,12,4,,,0,0,,,0,0,,,0,0,,,0,0,,,0,0,,,0,0,,,0,0,,,0,0,,,0,0,FULL_COHORT,METRIC,,,,,,,,,,,,,,,,,,
NEW7,A,0,C_EXTRA_QA,RC_FIXED_OLD16,evaluation,H,STRICT_BASE,320,False,macro,9,7,3,UNKNOWN,0.6428571428571429,5.0,9,7,,,0,0,0.6428571428571429,5.0,9,7,0.6428571428571429,5.0,9,7,0.0,0.0,5,5,1.0,5.0,5,5,0.0,0.0,4,3,0.0,0.0,4,3,0.0,0.0,9,7,0.0,0.0,9,7,0.0,0.0,9,7,0.0,0.0,5,5,1.0,9.0,9,7,,,0,0,0.0,0.0,9,7,,,0,0,,,0,0,,,0,0,,,0,0,,,0,0,,,0,0,1.0,9.0,9,7,,,0,0,,,0,0,,,0,0,,,0,0,,,0,0,,,0,0,,,0,0,,,0,0,,,0,0,FULL_COHORT,METRIC,,,,,,,,,,,,,,,,,,
NEW7,A,0,C_EXTRA_QA,RC_FIXED_OLD16,evaluation,H,STRICT_BASE,320,False,micro,9,7,3,UNKNOWN,0.5555555555555556,5.0,9,7,,,0,0,0.5555555555555556,5.0,9,7,0.5555555555555556,5.0,9,7,0.0,0.0,5,5,1.0,5.0,5,5,0.0,0.0,4,3,0.0,0.0,4,3,0.0,0.0,9,7,0.0,0.0,9,7,0.0,0.0,9,7,0.0,0.0,5,5,1.0,9.0,9,7,,,0,0,0.0,0.0,9,7,,,0,0,,,0,0,,,0,0,,,0,0,,,0,0,,,0,0,1.0,9.0,9,7,,,0,0,,,0,0,,,0,0,,,0,0,,,0,0,,,0,0,,,0,0,,,0,0,,,0,0,FULL_COHORT,METRIC,,,,,,,,,,,,,,,,,,
NEW7,A,0,C_EXTRA_QA,RC_FIXED_OLD16,evaluation,U,STRICT_BASE,320,False,macro,28,7,2,UNKNOWN,0.8452380952380952,22.0,28,7,,,0,0,0.8452380952380952,22.0,28,7,0.8452380952380952,22.0,28,7,0.0,0.0,22,7,1.0,22.0,22,7,0.0,0.0,6,6,0.0,0.0,6,6,0.0,0.0,28,7,0.0,0.0,28,7,0.0,0.0,28,7,0.0,0.0,22,7,1.0,28.0,28,7,,,0,0,0.7261904761904762,17.0,28,7,,,0,0,,,0,0,,,0,0,,,0,0,,,0,0,,,0,0,1.0,28.0,28,7,,,0,0,,,0,0,,,0,0,,,0,0,,,0,0,,,0,0,,,0,0,,,0,0,,,0,0,FULL_COHORT,METRIC,,,,,,,,,,,,,,,,,,
NEW7,A,0,C_EXTRA_QA,RC_FIXED_OLD16,evaluation,U,STRICT_BASE,320,False,micro,28,7,2,UNKNOWN,0.7857142857142857,22.0,28,7,,,0,0,0.7857142857142857,22.0,28,7,0.7857142857142857,22.0,28,7,0.0,0.0,22,7,1.0,22.0,22,7,0.0,0.0,6,6,0.0,0.0,6,6,0.0,0.0,28,7,0.0,0.0,28,7,0.0,0.0,28,7,0.0,0.0,22,7,1.0,28.0,28,7,,,0,0,0.6071428571428571,17.0,28,7,,,0,0,,,0,0,,,0,0,,,0,0,,,0,0,,,0,0,1.0,28.0,28,7,,,0,0,,,0,0,,,0,0,,,0,0,,,0,0,,,0,0,,,0,0,,,0,0,,,0,0,FULL_COHORT,METRIC,,,,,,,,,,,,,,,,,,
NEW7,A,0,C_EXTRA_QA,RC_FIXED_OLD16,evaluation,cross_family_confirmation,EDIT_TARGET,320,False,macro,14,7,7,UNKNOWN,0.8571428571428571,12.0,14,7,,,0,0,0.8571428571428571,12.0,14,7,0.42857142857142855,6.0,14,7,,,0,0,,,0,0,0.75,6.0,8,4,1.0,8.0,8,4,1.0,14.0,14,7,0.8571428571428571,12.0,14,7,,,0,0,,,0,0,0.0,0.0,14,7,,,0,0,0.8571428571428571,12.0,14,7,,,0,0,,,0,0,,,0,0,,,0,0,,,0,0,,,0,0,1.0,14.0,14,7,,,0,0,,,0,0,,,0,0,0.0,0.0,14,7,,,0,0,,,0,0,,,0,0,,,0,0,,,0,0,FULL_COHORT,METRIC,,,,,,,,,,,,,,,,,,
NEW7,A,0,C_EXTRA_QA,RC_FIXED_OLD16,evaluation,cross_family_confirmation,EDIT_TARGET,320,False,micro,14,7,7,UNKNOWN,0.8571428571428571,12.0,14,7,,,0,0,0.8571428571428571,12.0,14,7,0.42857142857142855,6.0,14,7,,,0,0,,,0,0,0.75,6.0,8,4,1.0,8.0,8,4,1.0,14.0,14,7,0.8571428571428571,12.0,14,7,,,0,0,,,0,0,0.0,0.0,14,7,,,0,0,0.8571428571428571,12.0,14,7,,,0,0,,,0,0,,,0,0,,,0,0,,,0,0,,,0,0,1.0,14.0,14,7,,,0,0,,,0,0,,,0,0,0.0,0.0,14,7,,,0,0,,,0,0,,,0,0,,,0,0,,,0,0,FULL_COHORT,METRIC,,,,,,,,,,,,,,,,,,
NEW7,A,0,C_EXTRA_QA,RC_FIXED_OLD16,evaluation,source_style_confirmation,EDIT_TARGET,320,False,macro,14,7,7,UNKNOWN,1.0,14.0,14,7,,,0,0,1.0,14.0,14,7,0.5714285714285714,8.0,14,7,,,0,0,,,0,0,1.0,6.0,6,3,1.0,6.0,6,3,1.0,14.0,14,7,1.0,14.0,14,7,,,0,0,,,0,0,0.0,0.0,14,7,,,0,0,1.0,14.0,14,7,,,0,0,,,0,0,,,0,0,,,0,0,,,0,0,,,0,0,1.0,14.0,14,7,,,0,0,,,0,0,,,0,0,0.0,0.0,14,7,,,0,0,,,0,0,,,0,0,,,0,0,,,0,0,FULL_COHORT,METRIC,,,,,,,,,,,,,,,,,,
NEW7,A,0,C_EXTRA_QA,RC_FIXED_OLD16,evaluation,source_style_confirmation,EDIT_TARGET,320,False,micro,14,7,7,UNKNOWN,1.0,14.0,14,7,,,0,0,1.0,14.0,14,7,0.5714285714285714,8.0,14,7,,,0,0,,,0,0,1.0,6.0,6,3,1.0,6.0,6,3,1.0,14.0,14,7,1.0,14.0,14,7,,,0,0,,,0,0,0.0,0.0,14,7,,,0,0,1.0,14.0,14,7,,,0,0,,,0,0,,,0,0,,,0,0,,,0,0,,,0,0,1.0,14.0,14,7,,,0,0,,,0,0,,,0,0,0.0,0.0,14,7,,,0,0,,,0,0,,,0,0,,,0,0,,,0,0,FULL_COHORT,METRIC,,,,,,,,,,,,,,,,,,
NEW7,A,0,C_EXTRA_QA,RC_FIXED_OLD16,fit,H,STRICT_BASE,320,False,macro,7,7,2,UNKNOWN,1.0,7.0,7,7,,,0,0,1.0,7.0,7,7,1.0,7.0,7,7,0.0,0.0,7,7,1.0,7.0,7,7,,,0,0,,,0,0,0.0,0.0,7,7,0.0,0.0,7,7,0.0,0.0,7,7,0.0,0.0,7,7,1.0,7.0,7,7,,,0,0,0.0,0.0,7,7,,,0,0,,,0,0,,,0,0,,,0,0,,,0,0,,,0,0,1.0,7.0,7,7,,,0,0,,,0,0,,,0,0,,,0,0,,,0,0,,,0,0,,,0,0,,,0,0,,,0,0,FULL_COHORT,METRIC,,,,,,,,,,,,,,,,,,
NEW7,A,0,C_EXTRA_QA,RC_FIXED_OLD16,fit,H,STRICT_BASE,320,False,micro,7,7,2,UNKNOWN,1.0,7.0,7,7,,,0,0,1.0,7.0,7,7,1.0,7.0,7,7,0.0,0.0,7,7,1.0,7.0,7,7,,,0,0,,,0,0,0.0,0.0,7,7,0.0,0.0,7,7,0.0,0.0,7,7,0.0,0.0,7,7,1.0,7.0,7,7,,,0,0,0.0,0.0,7,7,,,0,0,,,0,0,,,0,0,,,0,0,,,0,0,,,0,0,1.0,7.0,7,7,,,0,0,,,0,0,,,0,0,,,0,0,,,0,0,,,0,0,,,0,0,,,0,0,,,0,0,FULL_COHORT,METRIC,,,,,,,,,,,,,,,,,,
NEW7,A,0,C_EXTRA_QA,RC_FIXED_OLD16,fit,U,STRICT_BASE,320,False,macro,7,7,1,UNKNOWN,1.0,7.0,7,7,,,0,0,1.0,7.0,7,7,1.0,7.0,7,7,0.0,0.0,7,7,1.0,7.0,7,7,,,0,0,,,0,0,0.0,0.0,7,7,0.0,0.0,7,7,0.0,0.0,7,7,0.0,0.0,7,7,1.0,7.0,7,7,,,0,0,1.0,7.0,7,7,,,0,0,,,0,0,,,0,0,,,0,0,,,0,0,,,0,0,1.0,7.0,7,7,,,0,0,,,0,0,,,0,0,,,0,0,,,0,0,,,0,0,,,0,0,,,0,0,,,0,0,FULL_COHORT,METRIC,,,,,,,,,,,,,,,,,,
NEW7,A,0,C_EXTRA_QA,RC_FIXED_OLD16,fit,U,STRICT_BASE,320,False,micro,7,7,1,UNKNOWN,1.0,7.0,7,7,,,0,0,1.0,7.0,7,7,1.0,7.0,7,7,0.0,0.0,7,7,1.0,7.0,7,7,,,0,0,,,0,0,0.0,0.0,7,7,0.0,0.0,7,7,0.0,0.0,7,7,0.0,0.0,7,7,1.0,7.0,7,7,,,0,0,1.0,7.0,7,7,,,0,0,,,0,0,,,0,0,,,0,0,,,0,0,,,0,0,1.0,7.0,7,7,,,0,0,,,0,0,,,0,0,,,0,0,,,0,0,,,0,0,,,0,0,,,0,0,,,0,0,FULL_COHORT,METRIC,,,,,,,,,,,,,,,,,,
NEW7,A,0,C_EXTRA_QA,RC_FIXED_OLD16,fit,positive,EDIT_TARGET,320,False,macro,28,7,7,UNKNOWN,0.9642857142857143,27.0,28,7,,,0,0,0.9642857142857143,27.0,28,7,0.35714285714285715,10.0,28,7,,,0,0,,,0,0,0.9583333333333334,17.0,18,6,1.0,18.0,18,6,1.0,28.0,28,7,0.9642857142857143,27.0,28,7,,,0,0,,,0,0,0.0,0.0,28,7,,,0,0,0.9642857142857143,27.0,28,7,,,0,0,,,0,0,,,0,0,,,0,0,,,0,0,,,0,0,1.0,28.0,28,7,,,0,0,,,0,0,,,0,0,0.0,0.0,28,7,,,0,0,,,0,0,,,0,0,,,0,0,,,0,0,FULL_COHORT,METRIC,,,,,,,,,,,,,,,,,,
NEW7,A,0,C_EXTRA_QA,RC_FIXED_OLD16,fit,positive,EDIT_TARGET,320,False,micro,28,7,7,UNKNOWN,0.9642857142857143,27.0,28,7,,,0,0,0.9642857142857143,27.0,28,7,0.35714285714285715,10.0,28,7,,,0,0,,,0,0,0.9444444444444444,17.0,18,6,1.0,18.0,18,6,1.0,28.0,28,7,0.9642857142857143,27.0,28,7,,,0,0,,,0,0,0.0,0.0,28,7,,,0,0,0.9642857142857143,27.0,28,7,,,0,0,,,0,0,,,0,0,,,0,0,,,0,0,,,0,0,1.0,28.0,28,7,,,0,0,,,0,0,,,0,0,0.0,0.0,28,7,,,0,0,,,0,0,,,0,0,,,0,0,,,0,0,FULL_COHORT,METRIC,,,,,,,,,,,,,,,,,,
NEW7,A,0,C_EXTRA_QA,RC_FIXED_OLD16,native,T0,EDIT_TARGET,320,False,macro,7,7,7,UNKNOWN,0.8571428571428571,6.0,7,7,0.8571428571428571,6.0,7,7,0.8571428571428571,6.0,7,7,0.0,0.0,7,7,,,0,0,,,0,0,0.8571428571428571,6.0,7,7,1.0,7.0,7,7,1.0,7.0,7,7,0.8571428571428571,6.0,7,7,,,0,0,,,0,0,0.0,0.0,7,7,,,0,0,0.8571428571428571,6.0,7,7,,,0,0,,,0,0,,,0,0,,,0,0,,,0,0,,,0,0,1.0,7.0,7,7,,,0,0,,,0,0,,,0,0,0.0,0.0,7,7,,,0,0,,,0,0,,,0,0,,,0,0,,,0,0,FULL_COHORT,METRIC,,,,,,,,,,,,,,,,,,
NEW7,A,0,C_EXTRA_QA,RC_FIXED_OLD16,native,T0,EDIT_TARGET,320,False,micro,7,7,7,UNKNOWN,0.8571428571428571,6.0,7,7,0.8571428571428571,6.0,7,7,0.8571428571428571,6.0,7,7,0.0,0.0,7,7,,,0,0,,,0,0,0.8571428571428571,6.0,7,7,1.0,7.0,7,7,1.0,7.0,7,7,0.8571428571428571,6.0,7,7,,,0,0,,,0,0,0.0,0.0,7,7,,,0,0,0.8571428571428571,6.0,7,7,,,0,0,,,0,0,,,0,0,,,0,0,,,0,0,,,0,0,1.0,7.0,7,7,,,0,0,,,0,0,,,0,0,0.0,0.0,7,7,,,0,0,,,0,0,,,0,0,,,0,0,,,0,0,FULL_COHORT,METRIC,,,,,,,,,,,,,,,,,,
NEW7,A,0,C_FACT,BE_ROUTE_R0,challenge,challenge,STRICT_BASE,320,False,macro,12,4,3,UNKNOWN,0.75,9.0,12,4,,,0,0,0.75,9.0,12,4,0.3333333333333333,4.0,12,4,0.0,0.0,4,4,1.0,4.0,4,4,0.625,5.0,8,4,1.0,8.0,8,4,1.0,12.0,12,4,0.75,9.0,12,4,1.0,12.0,12,4,0.0,0.0,4,4,0.0,0.0,12,4,,,0,0,0.75,9.0,12,4,,,0,0,,,0,0,,,0,0,,,0,0,,,0,0,,,0,0,1.0,12.0,12,4,,,0,0,0.0,0.0,4,4,0.25,3.0,12,4,,,0,0,,,0,0,,,0,0,,,0,0,,,0,0,,,0,0,FULL_COHORT,METRIC,,,,,,,,,,,,,,,,,,
NEW7,A,0,C_FACT,BE_ROUTE_R0,challenge,challenge,STRICT_BASE,320,False,micro,12,4,3,UNKNOWN,0.75,9.0,12,4,,,0,0,0.75,9.0,12,4,0.3333333333333333,4.0,12,4,0.0,0.0,4,4,1.0,4.0,4,4,0.625,5.0,8,4,1.0,8.0,8,4,1.0,12.0,12,4,0.75,9.0,12,4,1.0,12.0,12,4,0.0,0.0,4,4,0.0,0.0,12,4,,,0,0,0.75,9.0,12,4,,,0,0,,,0,0,,,0,0,,,0,0,,,0,0,,,0,0,1.0,12.0,12,4,,,0,0,0.0,0.0,4,4,0.25,3.0,12,4,,,0,0,,,0,0,,,0,0,,,0,0,,,0,0,,,0,0,FULL_COHORT,METRIC,,,,,,,,,,,,,,,,,,
NEW7,A,0,C_FACT,BE_ROUTE_R0,evaluation,H,STRICT_BASE,320,False,macro,9,7,3,UNKNOWN,0.7857142857142857,6.0,9,7,,,0,0,0.7857142857142857,6.0,9,7,0.6428571428571429,5.0,9,7,0.0,0.0,5,5,1.0,5.0,5,5,0.3333333333333333,1.0,4,3,0.6666666666666666,3.0,4,3,0.8571428571428571,7.0,9,7,0.7142857142857143,5.0,9,7,0.8571428571428571,7.0,9,7,0.0,0.0,5,5,0.14285714285714285,2.0,9,7,,,0,0,0.8571428571428571,7.0,9,7,,,0,0,,,0,0,,,0,0,,,0,0,,,0,0,,,0,0,1.0,9.0,9,7,,,0,0,0.0,0.0,4,4,0.16666666666666666,2.0,7,6,,,0,0,,,0,0,,,0,0,,,0,0,,,0,0,,,0,0,FULL_COHORT,METRIC,,,,,,,,,,,,,,,,,,
NEW7,A,0,C_FACT,BE_ROUTE_R0,evaluation,H,STRICT_BASE,320,False,micro,9,7,3,UNKNOWN,0.6666666666666666,6.0,9,7,,,0,0,0.6666666666666666,6.0,9,7,0.5555555555555556,5.0,9,7,0.0,0.0,5,5,1.0,5.0,5,5,0.25,1.0,4,3,0.75,3.0,4,3,0.7777777777777778,7.0,9,7,0.5555555555555556,5.0,9,7,0.7777777777777778,7.0,9,7,0.0,0.0,5,5,0.2222222222222222,2.0,9,7,,,0,0,0.7777777777777778,7.0,9,7,,,0,0,,,0,0,,,0,0,,,0,0,,,0,0,,,0,0,1.0,9.0,9,7,,,0,0,0.0,0.0,4,4,0.2857142857142857,2.0,7,6,,,0,0,,,0,0,,,0,0,,,0,0,,,0,0,,,0,0,FULL_COHORT,METRIC,,,,,,,,,,,,,,,,,,
NEW7,A,0,C_FACT,BE_ROUTE_R0,evaluation,U,STRICT_BASE,320,False,macro,28,7,2,UNKNOWN,0.869047619047619,23.0,28,7,,,0,0,0.869047619047619,23.0,28,7,0.8452380952380952,22.0,28,7,0.0,0.0,22,7,1.0,22.0,22,7,0.16666666666666666,1.0,6,6,0.5,3.0,6,6,0.7142857142857143,20.0,28,7,0.6428571428571428,17.0,28,7,0.7142857142857143,20.0,28,7,0.0,0.0,22,7,0.47619047619047616,14.0,28,7,,,0,0,0.8333333333333333,22.0,28,7,,,0,0,,,0,0,,,0,0,,,0,0,,,0,0,,,0,0,1.0,28.0,28,7,,,0,0,0.0,0.0,16,5,0.09999999999999999,3.0,20,5,,,0,0,,,0,0,,,0,0,,,0,0,,,0,0,,,0,0,FULL_COHORT,METRIC,,,,,,,,,,,,,,,,,,
NEW7,A,0,C_FACT,BE_ROUTE_R0,evaluation,U,STRICT_BASE,320,False,micro,28,7,2,UNKNOWN,0.8214285714285714,23.0,28,7,,,0,0,0.8214285714285714,23.0,28,7,0.7857142857142857,22.0,28,7,0.0,0.0,22,7,1.0,22.0,22,7,0.16666666666666666,1.0,6,6,0.5,3.0,6,6,0.7142857142857143,20.0,28,7,0.6071428571428571,17.0,28,7,0.7142857142857143,20.0,28,7,0.0,0.0,22,7,0.5,14.0,28,7,,,0,0,0.7857142857142857,22.0,28,7,,,0,0,,,0,0,,,0,0,,,0,0,,,0,0,,,0,0,1.0,28.0,28,7,,,0,0,0.0,0.0,16,5,0.15,3.0,20,5,,,0,0,,,0,0,,,0,0,,,0,0,,,0,0,,,0,0,FULL_COHORT,METRIC,,,,,,,,,,,,,,,,,,
NEW7,A,0,C_FACT,BE_ROUTE_R0,evaluation,cross_family_confirmation,EDIT_TARGET,320,False,macro,14,7,7,UNKNOWN,0.8571428571428571,12.0,14,7,,,0,0,0.8571428571428571,12.0,14,7,0.42857142857142855,6.0,14,7,,,0,0,,,0,0,0.75,6.0,8,4,1.0,8.0,8,4,1.0,14.0,14,7,0.8571428571428571,12.0,14,7,,,0,0,,,0,0,0.0,0.0,14,7,,,0,0,0.8571428571428571,12.0,14,7,,,0,0,,,0,0,,,0,0,,,0,0,,,0,0,,,0,0,1.0,14.0,14,7,,,0,0,,,0,0,,,0,0,0.0,0.0,14,7,,,0,0,,,0,0,,,0,0,,,0,0,,,0,0,FULL_COHORT,METRIC,,,,,,,,,,,,,,,,,,
NEW7,A,0,C_FACT,BE_ROUTE_R0,evaluation,cross_family_confirmation,EDIT_TARGET,320,False,micro,14,7,7,UNKNOWN,0.8571428571428571,12.0,14,7,,,0,0,0.8571428571428571,12.0,14,7,0.42857142857142855,6.0,14,7,,,0,0,,,0,0,0.75,6.0,8,4,1.0,8.0,8,4,1.0,14.0,14,7,0.8571428571428571,12.0,14,7,,,0,0,,,0,0,0.0,0.0,14,7,,,0,0,0.8571428571428571,12.0,14,7,,,0,0,,,0,0,,,0,0,,,0,0,,,0,0,,,0,0,1.0,14.0,14,7,,,0,0,,,0,0,,,0,0,0.0,0.0,14,7,,,0,0,,,0,0,,,0,0,,,0,0,,,0,0,FULL_COHORT,METRIC,,,,,,,,,,,,,,,,,,
NEW7,A,0,C_FACT,BE_ROUTE_R0,evaluation,source_style_confirmation,EDIT_TARGET,320,False,macro,14,7,7,UNKNOWN,1.0,14.0,14,7,,,0,0,1.0,14.0,14,7,0.5714285714285714,8.0,14,7,,,0,0,,,0,0,1.0,6.0,6,3,1.0,6.0,6,3,1.0,14.0,14,7,1.0,14.0,14,7,,,0,0,,,0,0,0.0,0.0,14,7,,,0,0,1.0,14.0,14,7,,,0,0,,,0,0,,,0,0,,,0,0,,,0,0,,,0,0,1.0,14.0,14,7,,,0,0,,,0,0,,,0,0,0.0,0.0,14,7,,,0,0,,,0,0,,,0,0,,,0,0,,,0,0,FULL_COHORT,METRIC,,,,,,,,,,,,,,,,,,
NEW7,A,0,C_FACT,BE_ROUTE_R0,evaluation,source_style_confirmation,EDIT_TARGET,320,False,micro,14,7,7,UNKNOWN,1.0,14.0,14,7,,,0,0,1.0,14.0,14,7,0.5714285714285714,8.0,14,7,,,0,0,,,0,0,1.0,6.0,6,3,1.0,6.0,6,3,1.0,14.0,14,7,1.0,14.0,14,7,,,0,0,,,0,0,0.0,0.0,14,7,,,0,0,1.0,14.0,14,7,,,0,0,,,0,0,,,0,0,,,0,0,,,0,0,,,0,0,1.0,14.0,14,7,,,0,0,,,0,0,,,0,0,0.0,0.0,14,7,,,0,0,,,0,0,,,0,0,,,0,0,,,0,0,FULL_COHORT,METRIC,,,,,,,,,,,,,,,,,,
NEW7,A,0,C_FACT,BE_ROUTE_R0,fit,H,STRICT_BASE,320,False,macro,7,7,2,UNKNOWN,1.0,7.0,7,7,,,0,0,1.0,7.0,7,7,1.0,7.0,7,7,0.0,0.0,7,7,1.0,7.0,7,7,,,0,0,,,0,0,0.8571428571428571,6.0,7,7,0.8571428571428571,6.0,7,7,0.8571428571428571,6.0,7,7,0.0,0.0,7,7,0.14285714285714285,1.0,7,7,,,0,0,1.0,7.0,7,7,,,0,0,,,0,0,,,0,0,,,0,0,,,0,0,,,0,0,1.0,7.0,7,7,,,0,0,0.0,0.0,6,6,0.0,0.0,6,6,,,0,0,,,0,0,,,0,0,,,0,0,,,0,0,,,0,0,FULL_COHORT,METRIC,,,,,,,,,,,,,,,,,,
NEW7,A,0,C_FACT,BE_ROUTE_R0,fit,H,STRICT_BASE,320,False,micro,7,7,2,UNKNOWN,1.0,7.0,7,7,,,0,0,1.0,7.0,7,7,1.0,7.0,7,7,0.0,0.0,7,7,1.0,7.0,7,7,,,0,0,,,0,0,0.8571428571428571,6.0,7,7,0.8571428571428571,6.0,7,7,0.8571428571428571,6.0,7,7,0.0,0.0,7,7,0.14285714285714285,1.0,7,7,,,0,0,1.0,7.0,7,7,,,0,0,,,0,0,,,0,0,,,0,0,,,0,0,,,0,0,1.0,7.0,7,7,,,0,0,0.0,0.0,6,6,0.0,0.0,6,6,,,0,0,,,0,0,,,0,0,,,0,0,,,0,0,,,0,0,FULL_COHORT,METRIC,,,,,,,,,,,,,,,,,,
NEW7,A,0,C_FACT,BE_ROUTE_R0,fit,U,STRICT_BASE,320,False,macro,7,7,1,UNKNOWN,1.0,7.0,7,7,,,0,0,1.0,7.0,7,7,1.0,7.0,7,7,0.0,0.0,7,7,1.0,7.0,7,7,,,0,0,,,0,0,0.7142857142857143,5.0,7,7,0.7142857142857143,5.0,7,7,0.7142857142857143,5.0,7,7,0.0,0.0,7,7,0.7142857142857143,5.0,7,7,,,0,0,1.0,7.0,7,7,,,0,0,,,0,0,,,0,0,,,0,0,,,0,0,,,0,0,1.0,7.0,7,7,,,0,0,0.0,0.0,5,5,0.0,0.0,5,5,,,0,0,,,0,0,,,0,0,,,0,0,,,0,0,,,0,0,FULL_COHORT,METRIC,,,,,,,,,,,,,,,,,,
NEW7,A,0,C_FACT,BE_ROUTE_R0,fit,U,STRICT_BASE,320,False,micro,7,7,1,UNKNOWN,1.0,7.0,7,7,,,0,0,1.0,7.0,7,7,1.0,7.0,7,7,0.0,0.0,7,7,1.0,7.0,7,7,,,0,0,,,0,0,0.7142857142857143,5.0,7,7,0.7142857142857143,5.0,7,7,0.7142857142857143,5.0,7,7,0.0,0.0,7,7,0.7142857142857143,5.0,7,7,,,0,0,1.0,7.0,7,7,,,0,0,,,0,0,,,0,0,,,0,0,,,0,0,,,0,0,1.0,7.0,7,7,,,0,0,0.0,0.0,5,5,0.0,0.0,5,5,,,0,0,,,0,0,,,0,0,,,0,0,,,0,0,,,0,0,FULL_COHORT,METRIC,,,,,,,,,,,,,,,,,,
NEW7,A,0,C_FACT,BE_ROUTE_R0,fit,positive,EDIT_TARGET,320,False,macro,28,7,7,UNKNOWN,0.9642857142857143,27.0,28,7,,,0,0,0.9642857142857143,27.0,28,7,0.35714285714285715,10.0,28,7,,,0,0,,,0,0,0.9583333333333334,17.0,18,6,1.0,18.0,18,6,1.0,28.0,28,7,0.9642857142857143,27.0,28,7,,,0,0,,,0,0,0.0,0.0,28,7,,,0,0,0.9642857142857143,27.0,28,7,,,0,0,,,0,0,,,0,0,,,0,0,,,0,0,,,0,0,1.0,28.0,28,7,,,0,0,,,0,0,,,0,0,0.0,0.0,28,7,,,0,0,,,0,0,,,0,0,,,0,0,,,0,0,FULL_COHORT,METRIC,,,,,,,,,,,,,,,,,,
NEW7,A,0,C_FACT,BE_ROUTE_R0,fit,positive,EDIT_TARGET,320,False,micro,28,7,7,UNKNOWN,0.9642857142857143,27.0,28,7,,,0,0,0.9642857142857143,27.0,28,7,0.35714285714285715,10.0,28,7,,,0,0,,,0,0,0.9444444444444444,17.0,18,6,1.0,18.0,18,6,1.0,28.0,28,7,0.9642857142857143,27.0,28,7,,,0,0,,,0,0,0.0,0.0,28,7,,,0,0,0.9642857142857143,27.0,28,7,,,0,0,,,0,0,,,0,0,,,0,0,,,0,0,,,0,0,1.0,28.0,28,7,,,0,0,,,0,0,,,0,0,0.0,0.0,28,7,,,0,0,,,0,0,,,0,0,,,0,0,,,0,0,FULL_COHORT,METRIC,,,,,,,,,,,,,,,,,,
NEW7,A,0,C_FACT,BE_ROUTE_R0,native,T0,EDIT_TARGET,320,False,macro,7,7,7,UNKNOWN,0.8571428571428571,6.0,7,7,0.8571428571428571,6.0,7,7,0.8571428571428571,6.0,7,7,0.0,0.0,7,7,,,0,0,,,0,0,0.8571428571428571,6.0,7,7,1.0,7.0,7,7,1.0,7.0,7,7,0.8571428571428571,6.0,7,7,,,0,0,,,0,0,0.0,0.0,7,7,,,0,0,0.8571428571428571,6.0,7,7,,,0,0,,,0,0,,,0,0,,,0,0,,,0,0,,,0,0,1.0,7.0,7,7,,,0,0,,,0,0,,,0,0,0.0,0.0,7,7,,,0,0,,,0,0,,,0,0,,,0,0,,,0,0,FULL_COHORT,METRIC,,,,,,,,,,,,,,,,,,
NEW7,A,0,C_FACT,BE_ROUTE_R0,native,T0,EDIT_TARGET,320,False,micro,7,7,7,UNKNOWN,0.8571428571428571,6.0,7,7,0.8571428571428571,6.0,7,7,0.8571428571428571,6.0,7,7,0.0,0.0,7,7,,,0,0,,,0,0,0.8571428571428571,6.0,7,7,1.0,7.0,7,7,1.0,7.0,7,7,0.8571428571428571,6.0,7,7,,,0,0,,,0,0,0.0,0.0,7,7,,,0,0,0.8571428571428571,6.0,7,7,,,0,0,,,0,0,,,0,0,,,0,0,,,0,0,,,0,0,1.0,7.0,7,7,,,0,0,,,0,0,,,0,0,0.0,0.0,7,7,,,0,0,,,0,0,,,0,0,,,0,0,,,0,0,FULL_COHORT,METRIC,,,,,,,,,,,,,,,,,,
NEW7,A,0,C_FACT,RC_FIXED_OLD16,challenge,challenge,STRICT_BASE,320,False,macro,12,4,3,UNKNOWN,0.3333333333333333,4.0,12,4,,,0,0,0.3333333333333333,4.0,12,4,0.3333333333333333,4.0,12,4,0.0,0.0,4,4,1.0,4.0,4,4,0.0,0.0,8,4,0.0,0.0,8,4,0.0,0.0,12,4,0.0,0.0,12,4,0.0,0.0,12,4,0.0,0.0,4,4,1.0,12.0,12,4,,,0,0,0.75,9.0,12,4,,,0,0,,,0,0,,,0,0,,,0,0,,,0,0,,,0,0,1.0,12.0,12,4,,,0,0,,,0,0,,,0,0,,,0,0,,,0,0,,,0,0,,,0,0,,,0,0,,,0,0,FULL_COHORT,METRIC,,,,,,,,,,,,,,,,,,
NEW7,A,0,C_FACT,RC_FIXED_OLD16,challenge,challenge,STRICT_BASE,320,False,micro,12,4,3,UNKNOWN,0.3333333333333333,4.0,12,4,,,0,0,0.3333333333333333,4.0,12,4,0.3333333333333333,4.0,12,4,0.0,0.0,4,4,1.0,4.0,4,4,0.0,0.0,8,4,0.0,0.0,8,4,0.0,0.0,12,4,0.0,0.0,12,4,0.0,0.0,12,4,0.0,0.0,4,4,1.0,12.0,12,4,,,0,0,0.75,9.0,12,4,,,0,0,,,0,0,,,0,0,,,0,0,,,0,0,,,0,0,1.0,12.0,12,4,,,0,0,,,0,0,,,0,0,,,0,0,,,0,0,,,0,0,,,0,0,,,0,0,,,0,0,FULL_COHORT,METRIC,,,,,,,,,,,,,,,,,,
NEW7,A,0,C_FACT,RC_FIXED_OLD16,evaluation,H,STRICT_BASE,320,False,macro,9,7,3,UNKNOWN,0.6428571428571429,5.0,9,7,,,0,0,0.6428571428571429,5.0,9,7,0.6428571428571429,5.0,9,7,0.0,0.0,5,5,1.0,5.0,5,5,0.0,0.0,4,3,0.0,0.0,4,3,0.0,0.0,9,7,0.0,0.0,9,7,0.0,0.0,9,7,0.0,0.0,5,5,1.0,9.0,9,7,,,0,0,0.8571428571428571,7.0,9,7,,,0,0,,,0,0,,,0,0,,,0,0,,,0,0,,,0,0,1.0,9.0,9,7,,,0,0,,,0,0,,,0,0,,,0,0,,,0,0,,,0,0,,,0,0,,,0,0,,,0,0,FULL_COHORT,METRIC,,,,,,,,,,,,,,,,,,
NEW7,A,0,C_FACT,RC_FIXED_OLD16,evaluation,H,STRICT_BASE,320,False,micro,9,7,3,UNKNOWN,0.5555555555555556,5.0,9,7,,,0,0,0.5555555555555556,5.0,9,7,0.5555555555555556,5.0,9,7,0.0,0.0,5,5,1.0,5.0,5,5,0.0,0.0,4,3,0.0,0.0,4,3,0.0,0.0,9,7,0.0,0.0,9,7,0.0,0.0,9,7,0.0,0.0,5,5,1.0,9.0,9,7,,,0,0,0.7777777777777778,7.0,9,7,,,0,0,,,0,0,,,0,0,,,0,0,,,0,0,,,0,0,1.0,9.0,9,7,,,0,0,,,0,0,,,0,0,,,0,0,,,0,0,,,0,0,,,0,0,,,0,0,,,0,0,FULL_COHORT,METRIC,,,,,,,,,,,,,,,,,,
NEW7,A,0,C_FACT,RC_FIXED_OLD16,evaluation,U,STRICT_BASE,320,False,macro,28,7,2,UNKNOWN,0.8452380952380952,22.0,28,7,,,0,0,0.8452380952380952,22.0,28,7,0.8452380952380952,22.0,28,7,0.0,0.0,22,7,1.0,22.0,22,7,0.0,0.0,6,6,0.0,0.0,6,6,0.0,0.0,28,7,0.0,0.0,28,7,0.0,0.0,28,7,0.0,0.0,22,7,1.0,28.0,28,7,,,0,0,0.8333333333333333,22.0,28,7,,,0,0,,,0,0,,,0,0,,,0,0,,,0,0,,,0,0,1.0,28.0,28,7,,,0,0,,,0,0,,,0,0,,,0,0,,,0,0,,,0,0,,,0,0,,,0,0,,,0,0,FULL_COHORT,METRIC,,,,,,,,,,,,,,,,,,
NEW7,A,0,C_FACT,RC_FIXED_OLD16,evaluation,U,STRICT_BASE,320,False,micro,28,7,2,UNKNOWN,0.7857142857142857,22.0,28,7,,,0,0,0.7857142857142857,22.0,28,7,0.7857142857142857,22.0,28,7,0.0,0.0,22,7,1.0,22.0,22,7,0.0,0.0,6,6,0.0,0.0,6,6,0.0,0.0,28,7,0.0,0.0,28,7,0.0,0.0,28,7,0.0,0.0,22,7,1.0,28.0,28,7,,,0,0,0.7857142857142857,22.0,28,7,,,0,0,,,0,0,,,0,0,,,0,0,,,0,0,,,0,0,1.0,28.0,28,7,,,0,0,,,0,0,,,0,0,,,0,0,,,0,0,,,0,0,,,0,0,,,0,0,,,0,0,FULL_COHORT,METRIC,,,,,,,,,,,,,,,,,,
NEW7,A,0,C_FACT,RC_FIXED_OLD16,evaluation,cross_family_confirmation,EDIT_TARGET,320,False,macro,14,7,7,UNKNOWN,0.8571428571428571,12.0,14,7,,,0,0,0.8571428571428571,12.0,14,7,0.42857142857142855,6.0,14,7,,,0,0,,,0,0,0.75,6.0,8,4,1.0,8.0,8,4,1.0,14.0,14,7,0.8571428571428571,12.0,14,7,,,0,0,,,0,0,0.0,0.0,14,7,,,0,0,0.8571428571428571,12.0,14,7,,,0,0,,,0,0,,,0,0,,,0,0,,,0,0,,,0,0,1.0,14.0,14,7,,,0,0,,,0,0,,,0,0,0.0,0.0,14,7,,,0,0,,,0,0,,,0,0,,,0,0,,,0,0,FULL_COHORT,METRIC,,,,,,,,,,,,,,,,,,
NEW7,A,0,C_FACT,RC_FIXED_OLD16,evaluation,cross_family_confirmation,EDIT_TARGET,320,False,micro,14,7,7,UNKNOWN,0.8571428571428571,12.0,14,7,,,0,0,0.8571428571428571,12.0,14,7,0.42857142857142855,6.0,14,7,,,0,0,,,0,0,0.75,6.0,8,4,1.0,8.0,8,4,1.0,14.0,14,7,0.8571428571428571,12.0,14,7,,,0,0,,,0,0,0.0,0.0,14,7,,,0,0,0.8571428571428571,12.0,14,7,,,0,0,,,0,0,,,0,0,,,0,0,,,0,0,,,0,0,1.0,14.0,14,7,,,0,0,,,0,0,,,0,0,0.0,0.0,14,7,,,0,0,,,0,0,,,0,0,,,0,0,,,0,0,FULL_COHORT,METRIC,,,,,,,,,,,,,,,,,,
NEW7,A,0,C_FACT,RC_FIXED_OLD16,evaluation,source_style_confirmation,EDIT_TARGET,320,False,macro,14,7,7,UNKNOWN,1.0,14.0,14,7,,,0,0,1.0,14.0,14,7,0.5714285714285714,8.0,14,7,,,0,0,,,0,0,1.0,6.0,6,3,1.0,6.0,6,3,1.0,14.0,14,7,1.0,14.0,14,7,,,0,0,,,0,0,0.0,0.0,14,7,,,0,0,1.0,14.0,14,7,,,0,0,,,0,0,,,0,0,,,0,0,,,0,0,,,0,0,1.0,14.0,14,7,,,0,0,,,0,0,,,0,0,0.0,0.0,14,7,,,0,0,,,0,0,,,0,0,,,0,0,,,0,0,FULL_COHORT,METRIC,,,,,,,,,,,,,,,,,,
NEW7,A,0,C_FACT,RC_FIXED_OLD16,evaluation,source_style_confirmation,EDIT_TARGET,320,False,micro,14,7,7,UNKNOWN,1.0,14.0,14,7,,,0,0,1.0,14.0,14,7,0.5714285714285714,8.0,14,7,,,0,0,,,0,0,1.0,6.0,6,3,1.0,6.0,6,3,1.0,14.0,14,7,1.0,14.0,14,7,,,0,0,,,0,0,0.0,0.0,14,7,,,0,0,1.0,14.0,14,7,,,0,0,,,0,0,,,0,0,,,0,0,,,0,0,,,0,0,1.0,14.0,14,7,,,0,0,,,0,0,,,0,0,0.0,0.0,14,7,,,0,0,,,0,0,,,0,0,,,0,0,,,0,0,FULL_COHORT,METRIC,,,,,,,,,,,,,,,,,,
NEW7,A,0,C_FACT,RC_FIXED_OLD16,fit,H,STRICT_BASE,320,False,macro,7,7,2,UNKNOWN,1.0,7.0,7,7,,,0,0,1.0,7.0,7,7,1.0,7.0,7,7,0.0,0.0,7,7,1.0,7.0,7,7,,,0,0,,,0,0,0.0,0.0,7,7,0.0,0.0,7,7,0.0,0.0,7,7,0.0,0.0,7,7,1.0,7.0,7,7,,,0,0,1.0,7.0,7,7,,,0,0,,,0,0,,,0,0,,,0,0,,,0,0,,,0,0,1.0,7.0,7,7,,,0,0,,,0,0,,,0,0,,,0,0,,,0,0,,,0,0,,,0,0,,,0,0,,,0,0,FULL_COHORT,METRIC,,,,,,,,,,,,,,,,,,
NEW7,A,0,C_FACT,RC_FIXED_OLD16,fit,H,STRICT_BASE,320,False,micro,7,7,2,UNKNOWN,1.0,7.0,7,7,,,0,0,1.0,7.0,7,7,1.0,7.0,7,7,0.0,0.0,7,7,1.0,7.0,7,7,,,0,0,,,0,0,0.0,0.0,7,7,0.0,0.0,7,7,0.0,0.0,7,7,0.0,0.0,7,7,1.0,7.0,7,7,,,0,0,1.0,7.0,7,7,,,0,0,,,0,0,,,0,0,,,0,0,,,0,0,,,0,0,1.0,7.0,7,7,,,0,0,,,0,0,,,0,0,,,0,0,,,0,0,,,0,0,,,0,0,,,0,0,,,0,0,FULL_COHORT,METRIC,,,,,,,,,,,,,,,,,,
NEW7,A,0,C_FACT,RC_FIXED_OLD16,fit,U,STRICT_BASE,320,False,macro,7,7,1,UNKNOWN,1.0,7.0,7,7,,,0,0,1.0,7.0,7,7,1.0,7.0,7,7,0.0,0.0,7,7,1.0,7.0,7,7,,,0,0,,,0,0,0.0,0.0,7,7,0.0,0.0,7,7,0.0,0.0,7,7,0.0,0.0,7,7,1.0,7.0,7,7,,,0,0,1.0,7.0,7,7,,,0,0,,,0,0,,,0,0,,,0,0,,,0,0,,,0,0,1.0,7.0,7,7,,,0,0,,,0,0,,,0,0,,,0,0,,,0,0,,,0,0,,,0,0,,,0,0,,,0,0,FULL_COHORT,METRIC,,,,,,,,,,,,,,,,,,
NEW7,A,0,C_FACT,RC_FIXED_OLD16,fit,U,STRICT_BASE,320,False,micro,7,7,1,UNKNOWN,1.0,7.0,7,7,,,0,0,1.0,7.0,7,7,1.0,7.0,7,7,0.0,0.0,7,7,1.0,7.0,7,7,,,0,0,,,0,0,0.0,0.0,7,7,0.0,0.0,7,7,0.0,0.0,7,7,0.0,0.0,7,7,1.0,7.0,7,7,,,0,0,1.0,7.0,7,7,,,0,0,,,0,0,,,0,0,,,0,0,,,0,0,,,0,0,1.0,7.0,7,7,,,0,0,,,0,0,,,0,0,,,0,0,,,0,0,,,0,0,,,0,0,,,0,0,,,0,0,FULL_COHORT,METRIC,,,,,,,,,,,,,,,,,,
NEW7,A,0,C_FACT,RC_FIXED_OLD16,fit,positive,EDIT_TARGET,320,False,macro,28,7,7,UNKNOWN,0.9642857142857143,27.0,28,7,,,0,0,0.9642857142857143,27.0,28,7,0.35714285714285715,10.0,28,7,,,0,0,,,0,0,0.9583333333333334,17.0,18,6,1.0,18.0,18,6,1.0,28.0,28,7,0.9642857142857143,27.0,28,7,,,0,0,,,0,0,0.0,0.0,28,7,,,0,0,0.9642857142857143,27.0,28,7,,,0,0,,,0,0,,,0,0,,,0,0,,,0,0,,,0,0,1.0,28.0,28,7,,,0,0,,,0,0,,,0,0,0.0,0.0,28,7,,,0,0,,,0,0,,,0,0,,,0,0,,,0,0,FULL_COHORT,METRIC,,,,,,,,,,,,,,,,,,
NEW7,A,0,C_FACT,RC_FIXED_OLD16,fit,positive,EDIT_TARGET,320,False,micro,28,7,7,UNKNOWN,0.9642857142857143,27.0,28,7,,,0,0,0.9642857142857143,27.0,28,7,0.35714285714285715,10.0,28,7,,,0,0,,,0,0,0.9444444444444444,17.0,18,6,1.0,18.0,18,6,1.0,28.0,28,7,0.9642857142857143,27.0,28,7,,,0,0,,,0,0,0.0,0.0,28,7,,,0,0,0.9642857142857143,27.0,28,7,,,0,0,,,0,0,,,0,0,,,0,0,,,0,0,,,0,0,1.0,28.0,28,7,,,0,0,,,0,0,,,0,0,0.0,0.0,28,7,,,0,0,,,0,0,,,0,0,,,0,0,,,0,0,FULL_COHORT,METRIC,,,,,,,,,,,,,,,,,,
NEW7,A,0,C_FACT,RC_FIXED_OLD16,native,T0,EDIT_TARGET,320,False,macro,7,7,7,UNKNOWN,0.8571428571428571,6.0,7,7,0.8571428571428571,6.0,7,7,0.8571428571428571,6.0,7,7,0.0,0.0,7,7,,,0,0,,,0,0,0.8571428571428571,6.0,7,7,1.0,7.0,7,7,1.0,7.0,7,7,0.8571428571428571,6.0,7,7,,,0,0,,,0,0,0.0,0.0,7,7,,,0,0,0.8571428571428571,6.0,7,7,,,0,0,,,0,0,,,0,0,,,0,0,,,0,0,,,0,0,1.0,7.0,7,7,,,0,0,,,0,0,,,0,0,0.0,0.0,7,7,,,0,0,,,0,0,,,0,0,,,0,0,,,0,0,FULL_COHORT,METRIC,,,,,,,,,,,,,,,,,,
NEW7,A,0,C_FACT,RC_FIXED_OLD16,native,T0,EDIT_TARGET,320,False,micro,7,7,7,UNKNOWN,0.8571428571428571,6.0,7,7,0.8571428571428571,6.0,7,7,0.8571428571428571,6.0,7,7,0.0,0.0,7,7,,,0,0,,,0,0,0.8571428571428571,6.0,7,7,1.0,7.0,7,7,1.0,7.0,7,7,0.8571428571428571,6.0,7,7,,,0,0,,,0,0,0.0,0.0,7,7,,,0,0,0.8571428571428571,6.0,7,7,,,0,0,,,0,0,,,0,0,,,0,0,,,0,0,,,0,0,1.0,7.0,7,7,,,0,0,,,0,0,,,0,0,0.0,0.0,7,7,,,0,0,,,0,0,,,0,0,,,0,0,,,0,0,FULL_COHORT,METRIC,,,,,,,,,,,,,,,,,,
NEW7,A,0,C_NO_H,BE_ROUTE_R0,challenge,challenge,STRICT_BASE,320,False,macro,12,4,3,UNKNOWN,1.0,12.0,12,4,,,0,0,1.0,12.0,12,4,0.3333333333333333,4.0,12,4,0.0,0.0,4,4,1.0,4.0,4,4,1.0,8.0,8,4,1.0,8.0,8,4,1.0,12.0,12,4,1.0,12.0,12,4,1.0,12.0,12,4,0.0,0.0,4,4,0.0,0.0,12,4,,,0,0,1.0,12.0,12,4,,,0,0,,,0,0,,,0,0,,,0,0,,,0,0,,,0,0,1.0,12.0,12,4,,,0,0,0.0,0.0,4,4,0.0,0.0,12,4,,,0,0,,,0,0,,,0,0,,,0,0,,,0,0,,,0,0,FULL_COHORT,METRIC,,,,,,,,,,,,,,,,,,
NEW7,A,0,C_NO_H,BE_ROUTE_R0,challenge,challenge,STRICT_BASE,320,False,micro,12,4,3,UNKNOWN,1.0,12.0,12,4,,,0,0,1.0,12.0,12,4,0.3333333333333333,4.0,12,4,0.0,0.0,4,4,1.0,4.0,4,4,1.0,8.0,8,4,1.0,8.0,8,4,1.0,12.0,12,4,1.0,12.0,12,4,1.0,12.0,12,4,0.0,0.0,4,4,0.0,0.0,12,4,,,0,0,1.0,12.0,12,4,,,0,0,,,0,0,,,0,0,,,0,0,,,0,0,,,0,0,1.0,12.0,12,4,,,0,0,0.0,0.0,4,4,0.0,0.0,12,4,,,0,0,,,0,0,,,0,0,,,0,0,,,0,0,,,0,0,FULL_COHORT,METRIC,,,,,,,,,,,,,,,,,,
NEW7,A,0,C_NO_H,BE_ROUTE_R0,evaluation,H,STRICT_BASE,320,False,macro,9,7,3,UNKNOWN,0.07142857142857142,1.0,9,7,,,0,0,0.07142857142857142,1.0,9,7,0.6428571428571429,5.0,9,7,0.8,4.0,5,5,0.2,1.0,5,5,0.0,0.0,4,3,0.6666666666666666,3.0,4,3,0.8571428571428571,7.0,9,7,0.0,0.0,9,7,0.8571428571428571,7.0,9,7,0.8,4.0,5,5,0.14285714285714285,2.0,9,7,,,0,0,0.0,0.0,9,7,,,0,0,,,0,0,,,0,0,,,0,0,,,0,0,,,0,0,1.0,9.0,9,7,,,0,0,1.0,4.0,4,4,1.0,7.0,7,6,,,0,0,,,0,0,,,0,0,,,0,0,,,0,0,,,0,0,FULL_COHORT,METRIC,,,,,,,,,,,,,,,,,,
NEW7,A,0,C_NO_H,BE_ROUTE_R0,evaluation,H,STRICT_BASE,320,False,micro,9,7,3,UNKNOWN,0.1111111111111111,1.0,9,7,,,0,0,0.1111111111111111,1.0,9,7,0.5555555555555556,5.0,9,7,0.8,4.0,5,5,0.2,1.0,5,5,0.0,0.0,4,3,0.75,3.0,4,3,0.7777777777777778,7.0,9,7,0.0,0.0,9,7,0.7777777777777778,7.0,9,7,0.8,4.0,5,5,0.2222222222222222,2.0,9,7,,,0,0,0.0,0.0,9,7,,,0,0,,,0,0,,,0,0,,,0,0,,,0,0,,,0,0,1.0,9.0,9,7,,,0,0,1.0,4.0,4,4,1.0,7.0,7,6,,,0,0,,,0,0,,,0,0,,,0,0,,,0,0,,,0,0,FULL_COHORT,METRIC,,,,,,,,,,,,,,,,,,
NEW7,A,0,C_NO_H,BE_ROUTE_R0,evaluation,U,STRICT_BASE,320,False,macro,28,7,2,UNKNOWN,0.4880952380952381,13.0,28,7,,,0,0,0.4880952380952381,13.0,28,7,0.8452380952380952,22.0,28,7,0.40476190476190477,9.0,22,7,0.5952380952380952,13.0,22,7,0.0,0.0,6,6,0.6666666666666666,4.0,6,6,0.7142857142857143,20.0,28,7,0.26190476190476186,7.0,28,7,0.7142857142857143,20.0,28,7,0.40476190476190477,9.0,22,7,0.30952380952380953,9.0,28,7,,,0,0,0.5,13.0,28,7,,,0,0,,,0,0,,,0,0,,,0,0,,,0,0,,,0,0,1.0,28.0,28,7,,,0,0,0.5666666666666667,9.0,16,5,0.6333333333333333,13.0,20,5,,,0,0,,,0,0,,,0,0,,,0,0,,,0,0,,,0,0,FULL_COHORT,METRIC,,,,,,,,,,,,,,,,,,
NEW7,A,0,C_NO_H,BE_ROUTE_R0,evaluation,U,STRICT_BASE,320,False,micro,28,7,2,UNKNOWN,0.4642857142857143,13.0,28,7,,,0,0,0.4642857142857143,13.0,28,7,0.7857142857142857,22.0,28,7,0.4090909090909091,9.0,22,7,0.5909090909090909,13.0,22,7,0.0,0.0,6,6,0.6666666666666666,4.0,6,6,0.7142857142857143,20.0,28,7,0.25,7.0,28,7,0.7142857142857143,20.0,28,7,0.4090909090909091,9.0,22,7,0.32142857142857145,9.0,28,7,,,0,0,0.4642857142857143,13.0,28,7,,,0,0,,,0,0,,,0,0,,,0,0,,,0,0,,,0,0,1.0,28.0,28,7,,,0,0,0.5625,9.0,16,5,0.65,13.0,20,5,,,0,0,,,0,0,,,0,0,,,0,0,,,0,0,,,0,0,FULL_COHORT,METRIC,,,,,,,,,,,,,,,,,,
NEW7,A,0,C_NO_H,BE_ROUTE_R0,evaluation,cross_family_confirmation,EDIT_TARGET,320,False,macro,14,7,7,UNKNOWN,0.8571428571428571,12.0,14,7,,,0,0,0.8571428571428571,12.0,14,7,0.42857142857142855,6.0,14,7,,,0,0,,,0,0,0.75,6.0,8,4,1.0,8.0,8,4,1.0,14.0,14,7,0.8571428571428571,12.0,14,7,,,0,0,,,0,0,0.0,0.0,14,7,,,0,0,0.8571428571428571,12.0,14,7,,,0,0,,,0,0,,,0,0,,,0,0,,,0,0,,,0,0,1.0,14.0,14,7,,,0,0,,,0,0,,,0,0,0.0,0.0,14,7,,,0,0,,,0,0,,,0,0,,,0,0,,,0,0,FULL_COHORT,METRIC,,,,,,,,,,,,,,,,,,
NEW7,A,0,C_NO_H,BE_ROUTE_R0,evaluation,cross_family_confirmation,EDIT_TARGET,320,False,micro,14,7,7,UNKNOWN,0.8571428571428571,12.0,14,7,,,0,0,0.8571428571428571,12.0,14,7,0.42857142857142855,6.0,14,7,,,0,0,,,0,0,0.75,6.0,8,4,1.0,8.0,8,4,1.0,14.0,14,7,0.8571428571428571,12.0,14,7,,,0,0,,,0,0,0.0,0.0,14,7,,,0,0,0.8571428571428571,12.0,14,7,,,0,0,,,0,0,,,0,0,,,0,0,,,0,0,,,0,0,1.0,14.0,14,7,,,0,0,,,0,0,,,0,0,0.0,0.0,14,7,,,0,0,,,0,0,,,0,0,,,0,0,,,0,0,FULL_COHORT,METRIC,,,,,,,,,,,,,,,,,,
NEW7,A,0,C_NO_H,BE_ROUTE_R0,evaluation,source_style_confirmation,EDIT_TARGET,320,False,macro,14,7,7,UNKNOWN,1.0,14.0,14,7,,,0,0,1.0,14.0,14,7,0.5714285714285714,8.0,14,7,,,0,0,,,0,0,1.0,6.0,6,3,1.0,6.0,6,3,1.0,14.0,14,7,1.0,14.0,14,7,,,0,0,,,0,0,0.0,0.0,14,7,,,0,0,1.0,14.0,14,7,,,0,0,,,0,0,,,0,0,,,0,0,,,0,0,,,0,0,1.0,14.0,14,7,,,0,0,,,0,0,,,0,0,0.0,0.0,14,7,,,0,0,,,0,0,,,0,0,,,0,0,,,0,0,FULL_COHORT,METRIC,,,,,,,,,,,,,,,,,,
NEW7,A,0,C_NO_H,BE_ROUTE_R0,evaluation,source_style_confirmation,EDIT_TARGET,320,False,micro,14,7,7,UNKNOWN,1.0,14.0,14,7,,,0,0,1.0,14.0,14,7,0.5714285714285714,8.0,14,7,,,0,0,,,0,0,1.0,6.0,6,3,1.0,6.0,6,3,1.0,14.0,14,7,1.0,14.0,14,7,,,0,0,,,0,0,0.0,0.0,14,7,,,0,0,1.0,14.0,14,7,,,0,0,,,0,0,,,0,0,,,0,0,,,0,0,,,0,0,1.0,14.0,14,7,,,0,0,,,0,0,,,0,0,0.0,0.0,14,7,,,0,0,,,0,0,,,0,0,,,0,0,,,0,0,FULL_COHORT,METRIC,,,,,,,,,,,,,,,,,,
NEW7,A,0,C_NO_H,BE_ROUTE_R0,fit,H,STRICT_BASE,320,False,macro,7,7,2,UNKNOWN,0.14285714285714285,1.0,7,7,,,0,0,0.14285714285714285,1.0,7,7,1.0,7.0,7,7,0.8571428571428571,6.0,7,7,0.14285714285714285,1.0,7,7,,,0,0,,,0,0,0.8571428571428571,6.0,7,7,0.0,0.0,7,7,0.8571428571428571,6.0,7,7,0.8571428571428571,6.0,7,7,0.14285714285714285,1.0,7,7,,,0,0,0.0,0.0,7,7,,,0,0,,,0,0,,,0,0,,,0,0,,,0,0,,,0,0,1.0,7.0,7,7,,,0,0,1.0,6.0,6,6,1.0,6.0,6,6,,,0,0,,,0,0,,,0,0,,,0,0,,,0,0,,,0,0,FULL_COHORT,METRIC,,,,,,,,,,,,,,,,,,
NEW7,A,0,C_NO_H,BE_ROUTE_R0,fit,H,STRICT_BASE,320,False,micro,7,7,2,UNKNOWN,0.14285714285714285,1.0,7,7,,,0,0,0.14285714285714285,1.0,7,7,1.0,7.0,7,7,0.8571428571428571,6.0,7,7,0.14285714285714285,1.0,7,7,,,0,0,,,0,0,0.8571428571428571,6.0,7,7,0.0,0.0,7,7,0.8571428571428571,6.0,7,7,0.8571428571428571,6.0,7,7,0.14285714285714285,1.0,7,7,,,0,0,0.0,0.0,7,7,,,0,0,,,0,0,,,0,0,,,0,0,,,0,0,,,0,0,1.0,7.0,7,7,,,0,0,1.0,6.0,6,6,1.0,6.0,6,6,,,0,0,,,0,0,,,0,0,,,0,0,,,0,0,,,0,0,FULL_COHORT,METRIC,,,,,,,,,,,,,,,,,,
NEW7,A,0,C_NO_H,BE_ROUTE_R0,fit,U,STRICT_BASE,320,False,macro,7,7,1,UNKNOWN,1.0,7.0,7,7,,,0,0,1.0,7.0,7,7,1.0,7.0,7,7,0.0,0.0,7,7,1.0,7.0,7,7,,,0,0,,,0,0,0.7142857142857143,5.0,7,7,0.7142857142857143,5.0,7,7,0.7142857142857143,5.0,7,7,0.0,0.0,7,7,0.8571428571428571,6.0,7,7,,,0,0,1.0,7.0,7,7,,,0,0,,,0,0,,,0,0,,,0,0,,,0,0,,,0,0,1.0,7.0,7,7,,,0,0,0.0,0.0,5,5,0.0,0.0,5,5,,,0,0,,,0,0,,,0,0,,,0,0,,,0,0,,,0,0,FULL_COHORT,METRIC,,,,,,,,,,,,,,,,,,
NEW7,A,0,C_NO_H,BE_ROUTE_R0,fit,U,STRICT_BASE,320,False,micro,7,7,1,UNKNOWN,1.0,7.0,7,7,,,0,0,1.0,7.0,7,7,1.0,7.0,7,7,0.0,0.0,7,7,1.0,7.0,7,7,,,0,0,,,0,0,0.7142857142857143,5.0,7,7,0.7142857142857143,5.0,7,7,0.7142857142857143,5.0,7,7,0.0,0.0,7,7,0.8571428571428571,6.0,7,7,,,0,0,1.0,7.0,7,7,,,0,0,,,0,0,,,0,0,,,0,0,,,0,0,,,0,0,1.0,7.0,7,7,,,0,0,0.0,0.0,5,5,0.0,0.0,5,5,,,0,0,,,0,0,,,0,0,,,0,0,,,0,0,,,0,0,FULL_COHORT,METRIC,,,,,,,,,,,,,,,,,,
NEW7,A,0,C_NO_H,BE_ROUTE_R0,fit,positive,EDIT_TARGET,320,False,macro,28,7,7,UNKNOWN,0.9642857142857143,27.0,28,7,,,0,0,0.9642857142857143,27.0,28,7,0.35714285714285715,10.0,28,7,,,0,0,,,0,0,0.9583333333333334,17.0,18,6,1.0,18.0,18,6,1.0,28.0,28,7,0.9642857142857143,27.0,28,7,,,0,0,,,0,0,0.0,0.0,28,7,,,0,0,0.9642857142857143,27.0,28,7,,,0,0,,,0,0,,,0,0,,,0,0,,,0,0,,,0,0,1.0,28.0,28,7,,,0,0,,,0,0,,,0,0,0.0,0.0,28,7,,,0,0,,,0,0,,,0,0,,,0,0,,,0,0,FULL_COHORT,METRIC,,,,,,,,,,,,,,,,,,
NEW7,A,0,C_NO_H,BE_ROUTE_R0,fit,positive,EDIT_TARGET,320,False,micro,28,7,7,UNKNOWN,0.9642857142857143,27.0,28,7,,,0,0,0.9642857142857143,27.0,28,7,0.35714285714285715,10.0,28,7,,,0,0,,,0,0,0.9444444444444444,17.0,18,6,1.0,18.0,18,6,1.0,28.0,28,7,0.9642857142857143,27.0,28,7,,,0,0,,,0,0,0.0,0.0,28,7,,,0,0,0.9642857142857143,27.0,28,7,,,0,0,,,0,0,,,0,0,,,0,0,,,0,0,,,0,0,1.0,28.0,28,7,,,0,0,,,0,0,,,0,0,0.0,0.0,28,7,,,0,0,,,0,0,,,0,0,,,0,0,,,0,0,FULL_COHORT,METRIC,,,,,,,,,,,,,,,,,,
NEW7,A,0,C_NO_H,BE_ROUTE_R0,native,T0,EDIT_TARGET,320,False,macro,7,7,7,UNKNOWN,0.8571428571428571,6.0,7,7,0.8571428571428571,6.0,7,7,0.8571428571428571,6.0,7,7,0.0,0.0,7,7,,,0,0,,,0,0,0.8571428571428571,6.0,7,7,1.0,7.0,7,7,1.0,7.0,7,7,0.8571428571428571,6.0,7,7,,,0,0,,,0,0,0.0,0.0,7,7,,,0,0,0.8571428571428571,6.0,7,7,,,0,0,,,0,0,,,0,0,,,0,0,,,0,0,,,0,0,1.0,7.0,7,7,,,0,0,,,0,0,,,0,0,0.0,0.0,7,7,,,0,0,,,0,0,,,0,0,,,0,0,,,0,0,FULL_COHORT,METRIC,,,,,,,,,,,,,,,,,,
NEW7,A,0,C_NO_H,BE_ROUTE_R0,native,T0,EDIT_TARGET,320,False,micro,7,7,7,UNKNOWN,0.8571428571428571,6.0,7,7,0.8571428571428571,6.0,7,7,0.8571428571428571,6.0,7,7,0.0,0.0,7,7,,,0,0,,,0,0,0.8571428571428571,6.0,7,7,1.0,7.0,7,7,1.0,7.0,7,7,0.8571428571428571,6.0,7,7,,,0,0,,,0,0,0.0,0.0,7,7,,,0,0,0.8571428571428571,6.0,7,7,,,0,0,,,0,0,,,0,0,,,0,0,,,0,0,,,0,0,1.0,7.0,7,7,,,0,0,,,0,0,,,0,0,0.0,0.0,7,7,,,0,0,,,0,0,,,0,0,,,0,0,,,0,0,FULL_COHORT,METRIC,,,,,,,,,,,,,,,,,,
NEW7,A,0,C_NO_H,RC_FIXED_OLD16,challenge,challenge,STRICT_BASE,320,False,macro,12,4,3,UNKNOWN,0.3333333333333333,4.0,12,4,,,0,0,0.3333333333333333,4.0,12,4,0.3333333333333333,4.0,12,4,0.0,0.0,4,4,1.0,4.0,4,4,0.0,0.0,8,4,0.0,0.0,8,4,0.0,0.0,12,4,0.0,0.0,12,4,0.0,0.0,12,4,0.0,0.0,4,4,1.0,12.0,12,4,,,0,0,1.0,12.0,12,4,,,0,0,,,0,0,,,0,0,,,0,0,,,0,0,,,0,0,1.0,12.0,12,4,,,0,0,,,0,0,,,0,0,,,0,0,,,0,0,,,0,0,,,0,0,,,0,0,,,0,0,FULL_COHORT,METRIC,,,,,,,,,,,,,,,,,,
NEW7,A,0,C_NO_H,RC_FIXED_OLD16,challenge,challenge,STRICT_BASE,320,False,micro,12,4,3,UNKNOWN,0.3333333333333333,4.0,12,4,,,0,0,0.3333333333333333,4.0,12,4,0.3333333333333333,4.0,12,4,0.0,0.0,4,4,1.0,4.0,4,4,0.0,0.0,8,4,0.0,0.0,8,4,0.0,0.0,12,4,0.0,0.0,12,4,0.0,0.0,12,4,0.0,0.0,4,4,1.0,12.0,12,4,,,0,0,1.0,12.0,12,4,,,0,0,,,0,0,,,0,0,,,0,0,,,0,0,,,0,0,1.0,12.0,12,4,,,0,0,,,0,0,,,0,0,,,0,0,,,0,0,,,0,0,,,0,0,,,0,0,,,0,0,FULL_COHORT,METRIC,,,,,,,,,,,,,,,,,,
NEW7,A,0,C_NO_H,RC_FIXED_OLD16,evaluation,H,STRICT_BASE,320,False,macro,9,7,3,UNKNOWN,0.6428571428571429,5.0,9,7,,,0,0,0.6428571428571429,5.0,9,7,0.6428571428571429,5.0,9,7,0.0,0.0,5,5,1.0,5.0,5,5,0.0,0.0,4,3,0.0,0.0,4,3,0.0,0.0,9,7,0.0,0.0,9,7,0.0,0.0,9,7,0.0,0.0,5,5,1.0,9.0,9,7,,,0,0,0.0,0.0,9,7,,,0,0,,,0,0,,,0,0,,,0,0,,,0,0,,,0,0,1.0,9.0,9,7,,,0,0,,,0,0,,,0,0,,,0,0,,,0,0,,,0,0,,,0,0,,,0,0,,,0,0,FULL_COHORT,METRIC,,,,,,,,,,,,,,,,,,
NEW7,A,0,C_NO_H,RC_FIXED_OLD16,evaluation,H,STRICT_BASE,320,False,micro,9,7,3,UNKNOWN,0.5555555555555556,5.0,9,7,,,0,0,0.5555555555555556,5.0,9,7,0.5555555555555556,5.0,9,7,0.0,0.0,5,5,1.0,5.0,5,5,0.0,0.0,4,3,0.0,0.0,4,3,0.0,0.0,9,7,0.0,0.0,9,7,0.0,0.0,9,7,0.0,0.0,5,5,1.0,9.0,9,7,,,0,0,0.0,0.0,9,7,,,0,0,,,0,0,,,0,0,,,0,0,,,0,0,,,0,0,1.0,9.0,9,7,,,0,0,,,0,0,,,0,0,,,0,0,,,0,0,,,0,0,,,0,0,,,0,0,,,0,0,FULL_COHORT,METRIC,,,,,,,,,,,,,,,,,,
NEW7,A,0,C_NO_H,RC_FIXED_OLD16,evaluation,U,STRICT_BASE,320,False,macro,28,7,2,UNKNOWN,0.8452380952380952,22.0,28,7,,,0,0,0.8452380952380952,22.0,28,7,0.8452380952380952,22.0,28,7,0.0,0.0,22,7,1.0,22.0,22,7,0.0,0.0,6,6,0.0,0.0,6,6,0.0,0.0,28,7,0.0,0.0,28,7,0.0,0.0,28,7,0.0,0.0,22,7,1.0,28.0,28,7,,,0,0,0.5,13.0,28,7,,,0,0,,,0,0,,,0,0,,,0,0,,,0,0,,,0,0,1.0,28.0,28,7,,,0,0,,,0,0,,,0,0,,,0,0,,,0,0,,,0,0,,,0,0,,,0,0,,,0,0,FULL_COHORT,METRIC,,,,,,,,,,,,,,,,,,
NEW7,A,0,C_NO_H,RC_FIXED_OLD16,evaluation,U,STRICT_BASE,320,False,micro,28,7,2,UNKNOWN,0.7857142857142857,22.0,28,7,,,0,0,0.7857142857142857,22.0,28,7,0.7857142857142857,22.0,28,7,0.0,0.0,22,7,1.0,22.0,22,7,0.0,0.0,6,6,0.0,0.0,6,6,0.0,0.0,28,7,0.0,0.0,28,7,0.0,0.0,28,7,0.0,0.0,22,7,1.0,28.0,28,7,,,0,0,0.4642857142857143,13.0,28,7,,,0,0,,,0,0,,,0,0,,,0,0,,,0,0,,,0,0,1.0,28.0,28,7,,,0,0,,,0,0,,,0,0,,,0,0,,,0,0,,,0,0,,,0,0,,,0,0,,,0,0,FULL_COHORT,METRIC,,,,,,,,,,,,,,,,,,
NEW7,A,0,C_NO_H,RC_FIXED_OLD16,evaluation,cross_family_confirmation,EDIT_TARGET,320,False,macro,14,7,7,UNKNOWN,0.8571428571428571,12.0,14,7,,,0,0,0.8571428571428571,12.0,14,7,0.42857142857142855,6.0,14,7,,,0,0,,,0,0,0.75,6.0,8,4,1.0,8.0,8,4,1.0,14.0,14,7,0.8571428571428571,12.0,14,7,,,0,0,,,0,0,0.0,0.0,14,7,,,0,0,0.8571428571428571,12.0,14,7,,,0,0,,,0,0,,,0,0,,,0,0,,,0,0,,,0,0,1.0,14.0,14,7,,,0,0,,,0,0,,,0,0,0.0,0.0,14,7,,,0,0,,,0,0,,,0,0,,,0,0,,,0,0,FULL_COHORT,METRIC,,,,,,,,,,,,,,,,,,
NEW7,A,0,C_NO_H,RC_FIXED_OLD16,evaluation,cross_family_confirmation,EDIT_TARGET,320,False,micro,14,7,7,UNKNOWN,0.8571428571428571,12.0,14,7,,,0,0,0.8571428571428571,12.0,14,7,0.42857142857142855,6.0,14,7,,,0,0,,,0,0,0.75,6.0,8,4,1.0,8.0,8,4,1.0,14.0,14,7,0.8571428571428571,12.0,14,7,,,0,0,,,0,0,0.0,0.0,14,7,,,0,0,0.8571428571428571,12.0,14,7,,,0,0,,,0,0,,,0,0,,,0,0,,,0,0,,,0,0,1.0,14.0,14,7,,,0,0,,,0,0,,,0,0,0.0,0.0,14,7,,,0,0,,,0,0,,,0,0,,,0,0,,,0,0,FULL_COHORT,METRIC,,,,,,,,,,,,,,,,,,
NEW7,A,0,C_NO_H,RC_FIXED_OLD16,evaluation,source_style_confirmation,EDIT_TARGET,320,False,macro,14,7,7,UNKNOWN,1.0,14.0,14,7,,,0,0,1.0,14.0,14,7,0.5714285714285714,8.0,14,7,,,0,0,,,0,0,1.0,6.0,6,3,1.0,6.0,6,3,1.0,14.0,14,7,1.0,14.0,14,7,,,0,0,,,0,0,0.0,0.0,14,7,,,0,0,1.0,14.0,14,7,,,0,0,,,0,0,,,0,0,,,0,0,,,0,0,,,0,0,1.0,14.0,14,7,,,0,0,,,0,0,,,0,0,0.0,0.0,14,7,,,0,0,,,0,0,,,0,0,,,0,0,,,0,0,FULL_COHORT,METRIC,,,,,,,,,,,,,,,,,,
NEW7,A,0,C_NO_H,RC_FIXED_OLD16,evaluation,source_style_confirmation,EDIT_TARGET,320,False,micro,14,7,7,UNKNOWN,1.0,14.0,14,7,,,0,0,1.0,14.0,14,7,0.5714285714285714,8.0,14,7,,,0,0,,,0,0,1.0,6.0,6,3,1.0,6.0,6,3,1.0,14.0,14,7,1.0,14.0,14,7,,,0,0,,,0,0,0.0,0.0,14,7,,,0,0,1.0,14.0,14,7,,,0,0,,,0,0,,,0,0,,,0,0,,,0,0,,,0,0,1.0,14.0,14,7,,,0,0,,,0,0,,,0,0,0.0,0.0,14,7,,,0,0,,,0,0,,,0,0,,,0,0,,,0,0,FULL_COHORT,METRIC,,,,,,,,,,,,,,,,,,
NEW7,A,0,C_NO_H,RC_FIXED_OLD16,fit,H,STRICT_BASE,320,False,macro,7,7,2,UNKNOWN,1.0,7.0,7,7,,,0,0,1.0,7.0,7,7,1.0,7.0,7,7,0.0,0.0,7,7,1.0,7.0,7,7,,,0,0,,,0,0,0.0,0.0,7,7,0.0,0.0,7,7,0.0,0.0,7,7,0.0,0.0,7,7,1.0,7.0,7,7,,,0,0,0.0,0.0,7,7,,,0,0,,,0,0,,,0,0,,,0,0,,,0,0,,,0,0,1.0,7.0,7,7,,,0,0,,,0,0,,,0,0,,,0,0,,,0,0,,,0,0,,,0,0,,,0,0,,,0,0,FULL_COHORT,METRIC,,,,,,,,,,,,,,,,,,
NEW7,A,0,C_NO_H,RC_FIXED_OLD16,fit,H,STRICT_BASE,320,False,micro,7,7,2,UNKNOWN,1.0,7.0,7,7,,,0,0,1.0,7.0,7,7,1.0,7.0,7,7,0.0,0.0,7,7,1.0,7.0,7,7,,,0,0,,,0,0,0.0,0.0,7,7,0.0,0.0,7,7,0.0,0.0,7,7,0.0,0.0,7,7,1.0,7.0,7,7,,,0,0,0.0,0.0,7,7,,,0,0,,,0,0,,,0,0,,,0,0,,,0,0,,,0,0,1.0,7.0,7,7,,,0,0,,,0,0,,,0,0,,,0,0,,,0,0,,,0,0,,,0,0,,,0,0,,,0,0,FULL_COHORT,METRIC,,,,,,,,,,,,,,,,,,
NEW7,A,0,C_NO_H,RC_FIXED_OLD16,fit,U,STRICT_BASE,320,False,macro,7,7,1,UNKNOWN,1.0,7.0,7,7,,,0,0,1.0,7.0,7,7,1.0,7.0,7,7,0.0,0.0,7,7,1.0,7.0,7,7,,,0,0,,,0,0,0.0,0.0,7,7,0.0,0.0,7,7,0.0,0.0,7,7,0.0,0.0,7,7,1.0,7.0,7,7,,,0,0,1.0,7.0,7,7,,,0,0,,,0,0,,,0,0,,,0,0,,,0,0,,,0,0,1.0,7.0,7,7,,,0,0,,,0,0,,,0,0,,,0,0,,,0,0,,,0,0,,,0,0,,,0,0,,,0,0,FULL_COHORT,METRIC,,,,,,,,,,,,,,,,,,
NEW7,A,0,C_NO_H,RC_FIXED_OLD16,fit,U,STRICT_BASE,320,False,micro,7,7,1,UNKNOWN,1.0,7.0,7,7,,,0,0,1.0,7.0,7,7,1.0,7.0,7,7,0.0,0.0,7,7,1.0,7.0,7,7,,,0,0,,,0,0,0.0,0.0,7,7,0.0,0.0,7,7,0.0,0.0,7,7,0.0,0.0,7,7,1.0,7.0,7,7,,,0,0,1.0,7.0,7,7,,,0,0,,,0,0,,,0,0,,,0,0,,,0,0,,,0,0,1.0,7.0,7,7,,,0,0,,,0,0,,,0,0,,,0,0,,,0,0,,,0,0,,,0,0,,,0,0,,,0,0,FULL_COHORT,METRIC,,,,,,,,,,,,,,,,,,
NEW7,A,0,C_NO_H,RC_FIXED_OLD16,fit,positive,EDIT_TARGET,320,False,macro,28,7,7,UNKNOWN,0.9642857142857143,27.0,28,7,,,0,0,0.9642857142857143,27.0,28,7,0.35714285714285715,10.0,28,7,,,0,0,,,0,0,0.9583333333333334,17.0,18,6,1.0,18.0,18,6,1.0,28.0,28,7,0.9642857142857143,27.0,28,7,,,0,0,,,0,0,0.0,0.0,28,7,,,0,0,0.9642857142857143,27.0,28,7,,,0,0,,,0,0,,,0,0,,,0,0,,,0,0,,,0,0,1.0,28.0,28,7,,,0,0,,,0,0,,,0,0,0.0,0.0,28,7,,,0,0,,,0,0,,,0,0,,,0,0,,,0,0,FULL_COHORT,METRIC,,,,,,,,,,,,,,,,,,
NEW7,A,0,C_NO_H,RC_FIXED_OLD16,fit,positive,EDIT_TARGET,320,False,micro,28,7,7,UNKNOWN,0.9642857142857143,27.0,28,7,,,0,0,0.9642857142857143,27.0,28,7,0.35714285714285715,10.0,28,7,,,0,0,,,0,0,0.9444444444444444,17.0,18,6,1.0,18.0,18,6,1.0,28.0,28,7,0.9642857142857143,27.0,28,7,,,0,0,,,0,0,0.0,0.0,28,7,,,0,0,0.9642857142857143,27.0,28,7,,,0,0,,,0,0,,,0,0,,,0,0,,,0,0,,,0,0,1.0,28.0,28,7,,,0,0,,,0,0,,,0,0,0.0,0.0,28,7,,,0,0,,,0,0,,,0,0,,,0,0,,,0,0,FULL_COHORT,METRIC,,,,,,,,,,,,,,,,,,
NEW7,A,0,C_NO_H,RC_FIXED_OLD16,native,T0,EDIT_TARGET,320,False,macro,7,7,7,UNKNOWN,0.8571428571428571,6.0,7,7,0.8571428571428571,6.0,7,7,0.8571428571428571,6.0,7,7,0.0,0.0,7,7,,,0,0,,,0,0,0.8571428571428571,6.0,7,7,1.0,7.0,7,7,1.0,7.0,7,7,0.8571428571428571,6.0,7,7,,,0,0,,,0,0,0.0,0.0,7,7,,,0,0,0.8571428571428571,6.0,7,7,,,0,0,,,0,0,,,0,0,,,0,0,,,0,0,,,0,0,1.0,7.0,7,7,,,0,0,,,0,0,,,0,0,0.0,0.0,7,7,,,0,0,,,0,0,,,0,0,,,0,0,,,0,0,FULL_COHORT,METRIC,,,,,,,,,,,,,,,,,,
NEW7,A,0,C_NO_H,RC_FIXED_OLD16,native,T0,EDIT_TARGET,320,False,micro,7,7,7,UNKNOWN,0.8571428571428571,6.0,7,7,0.8571428571428571,6.0,7,7,0.8571428571428571,6.0,7,7,0.0,0.0,7,7,,,0,0,,,0,0,0.8571428571428571,6.0,7,7,1.0,7.0,7,7,1.0,7.0,7,7,0.8571428571428571,6.0,7,7,,,0,0,,,0,0,0.0,0.0,7,7,,,0,0,0.8571428571428571,6.0,7,7,,,0,0,,,0,0,,,0,0,,,0,0,,,0,0,,,0,0,1.0,7.0,7,7,,,0,0,,,0,0,,,0,0,0.0,0.0,7,7,,,0,0,,,0,0,,,0,0,,,0,0,,,0,0,FULL_COHORT,METRIC,,,,,,,,,,,,,,,,,,
NEW7,A,0,BE,BE_ROUTE_R0,challenge,challenge,STRICT_BASE,320,False,macro,12,4,3,UNKNOWN,1.0,12.0,12,4,,,0,0,1.0,12.0,12,4,0.3333333333333333,4.0,12,4,0.0,0.0,4,4,1.0,4.0,4,4,1.0,8.0,8,4,1.0,8.0,8,4,1.0,12.0,12,4,1.0,12.0,12,4,1.0,12.0,12,4,0.0,0.0,4,4,0.0,0.0,12,4,,,0,0,1.0,12.0,12,4,,,0,0,,,0,0,,,0,0,,,0,0,,,0,0,,,0,0,1.0,12.0,12,4,,,0,0,0.0,0.0,4,4,0.0,0.0,12,4,,,0,0,,,0,0,,,0,0,,,0,0,,,0,0,,,0,0,COMMON_SUPPORTED,METRIC,,,,,,,,,,,,,,,,,,
NEW7,A,0,BE,BE_ROUTE_R0,challenge,challenge,STRICT_BASE,320,False,micro,12,4,3,UNKNOWN,1.0,12.0,12,4,,,0,0,1.0,12.0,12,4,0.3333333333333333,4.0,12,4,0.0,0.0,4,4,1.0,4.0,4,4,1.0,8.0,8,4,1.0,8.0,8,4,1.0,12.0,12,4,1.0,12.0,12,4,1.0,12.0,12,4,0.0,0.0,4,4,0.0,0.0,12,4,,,0,0,1.0,12.0,12,4,,,0,0,,,0,0,,,0,0,,,0,0,,,0,0,,,0,0,1.0,12.0,12,4,,,0,0,0.0,0.0,4,4,0.0,0.0,12,4,,,0,0,,,0,0,,,0,0,,,0,0,,,0,0,,,0,0,COMMON_SUPPORTED,METRIC,,,,,,,,,,,,,,,,,,
NEW7,A,0,BE,BE_ROUTE_R0,evaluation,H,STRICT_BASE,320,False,macro,9,7,3,UNKNOWN,0.07142857142857142,1.0,9,7,,,0,0,0.07142857142857142,1.0,9,7,0.6428571428571429,5.0,9,7,0.8,4.0,5,5,0.2,1.0,5,5,0.0,0.0,4,3,0.6666666666666666,3.0,4,3,0.8571428571428571,7.0,9,7,0.0,0.0,9,7,0.8571428571428571,7.0,9,7,0.8,4.0,5,5,0.14285714285714285,2.0,9,7,,,0,0,0.0,0.0,9,7,,,0,0,,,0,0,,,0,0,,,0,0,,,0,0,,,0,0,1.0,9.0,9,7,,,0,0,1.0,4.0,4,4,1.0,7.0,7,6,,,0,0,,,0,0,,,0,0,,,0,0,,,0,0,,,0,0,COMMON_SUPPORTED,METRIC,,,,,,,,,,,,,,,,,,
NEW7,A,0,BE,BE_ROUTE_R0,evaluation,H,STRICT_BASE,320,False,micro,9,7,3,UNKNOWN,0.1111111111111111,1.0,9,7,,,0,0,0.1111111111111111,1.0,9,7,0.5555555555555556,5.0,9,7,0.8,4.0,5,5,0.2,1.0,5,5,0.0,0.0,4,3,0.75,3.0,4,3,0.7777777777777778,7.0,9,7,0.0,0.0,9,7,0.7777777777777778,7.0,9,7,0.8,4.0,5,5,0.2222222222222222,2.0,9,7,,,0,0,0.0,0.0,9,7,,,0,0,,,0,0,,,0,0,,,0,0,,,0,0,,,0,0,1.0,9.0,9,7,,,0,0,1.0,4.0,4,4,1.0,7.0,7,6,,,0,0,,,0,0,,,0,0,,,0,0,,,0,0,,,0,0,COMMON_SUPPORTED,METRIC,,,,,,,,,,,,,,,,,,
NEW7,A,0,BE,BE_ROUTE_R0,evaluation,U,STRICT_BASE,320,False,macro,28,7,2,UNKNOWN,0.2261904761904762,6.0,28,7,,,0,0,0.2261904761904762,6.0,28,7,0.8452380952380952,22.0,28,7,0.7142857142857143,16.0,22,7,0.2857142857142857,6.0,22,7,0.0,0.0,6,6,0.6666666666666666,4.0,6,6,0.7142857142857143,20.0,28,7,0.0,0.0,28,7,0.7142857142857143,20.0,28,7,0.7142857142857143,16.0,22,7,0.2857142857142857,8.0,28,7,,,0,0,0.03571428571428571,1.0,28,7,,,0,0,,,0,0,,,0,0,,,0,0,,,0,0,,,0,0,0.9047619047619048,26.0,28,7,,,0,0,1.0,16.0,16,5,1.0,20.0,20,5,,,0,0,,,0,0,,,0,0,,,0,0,,,0,0,,,0,0,COMMON_SUPPORTED,METRIC,,,,,,,,,,,,,,,,,,
NEW7,A,0,BE,BE_ROUTE_R0,evaluation,U,STRICT_BASE,320,False,micro,28,7,2,UNKNOWN,0.21428571428571427,6.0,28,7,,,0,0,0.21428571428571427,6.0,28,7,0.7857142857142857,22.0,28,7,0.7272727272727273,16.0,22,7,0.2727272727272727,6.0,22,7,0.0,0.0,6,6,0.6666666666666666,4.0,6,6,0.7142857142857143,20.0,28,7,0.0,0.0,28,7,0.7142857142857143,20.0,28,7,0.7272727272727273,16.0,22,7,0.2857142857142857,8.0,28,7,,,0,0,0.03571428571428571,1.0,28,7,,,0,0,,,0,0,,,0,0,,,0,0,,,0,0,,,0,0,0.9285714285714286,26.0,28,7,,,0,0,1.0,16.0,16,5,1.0,20.0,20,5,,,0,0,,,0,0,,,0,0,,,0,0,,,0,0,,,0,0,COMMON_SUPPORTED,METRIC,,,,,,,,,,,,,,,,,,
NEW7,A,0,BE,BE_ROUTE_R0,evaluation,cross_family_confirmation,EDIT_TARGET,320,False,macro,14,7,7,UNKNOWN,0.8571428571428571,12.0,14,7,,,0,0,0.8571428571428571,12.0,14,7,0.42857142857142855,6.0,14,7,,,0,0,,,0,0,0.75,6.0,8,4,1.0,8.0,8,4,1.0,14.0,14,7,0.8571428571428571,12.0,14,7,,,0,0,,,0,0,0.0,0.0,14,7,,,0,0,0.8571428571428571,12.0,14,7,,,0,0,,,0,0,,,0,0,,,0,0,,,0,0,,,0,0,1.0,14.0,14,7,,,0,0,,,0,0,,,0,0,0.0,0.0,14,7,,,0,0,,,0,0,,,0,0,,,0,0,,,0,0,COMMON_SUPPORTED,METRIC,,,,,,,,,,,,,,,,,,
NEW7,A,0,BE,BE_ROUTE_R0,evaluation,cross_family_confirmation,EDIT_TARGET,320,False,micro,14,7,7,UNKNOWN,0.8571428571428571,12.0,14,7,,,0,0,0.8571428571428571,12.0,14,7,0.42857142857142855,6.0,14,7,,,0,0,,,0,0,0.75,6.0,8,4,1.0,8.0,8,4,1.0,14.0,14,7,0.8571428571428571,12.0,14,7,,,0,0,,,0,0,0.0,0.0,14,7,,,0,0,0.8571428571428571,12.0,14,7,,,0,0,,,0,0,,,0,0,,,0,0,,,0,0,,,0,0,1.0,14.0,14,7,,,0,0,,,0,0,,,0,0,0.0,0.0,14,7,,,0,0,,,0,0,,,0,0,,,0,0,,,0,0,COMMON_SUPPORTED,METRIC,,,,,,,,,,,,,,,,,,
NEW7,A,0,BE,BE_ROUTE_R0,evaluation,source_style_confirmation,EDIT_TARGET,320,False,macro,14,7,7,UNKNOWN,1.0,14.0,14,7,,,0,0,1.0,14.0,14,7,0.5714285714285714,8.0,14,7,,,0,0,,,0,0,1.0,6.0,6,3,1.0,6.0,6,3,1.0,14.0,14,7,1.0,14.0,14,7,,,0,0,,,0,0,0.0,0.0,14,7,,,0,0,1.0,14.0,14,7,,,0,0,,,0,0,,,0,0,,,0,0,,,0,0,,,0,0,1.0,14.0,14,7,,,0,0,,,0,0,,,0,0,0.0,0.0,14,7,,,0,0,,,0,0,,,0,0,,,0,0,,,0,0,COMMON_SUPPORTED,METRIC,,,,,,,,,,,,,,,,,,
NEW7,A,0,BE,BE_ROUTE_R0,evaluation,source_style_confirmation,EDIT_TARGET,320,False,micro,14,7,7,UNKNOWN,1.0,14.0,14,7,,,0,0,1.0,14.0,14,7,0.5714285714285714,8.0,14,7,,,0,0,,,0,0,1.0,6.0,6,3,1.0,6.0,6,3,1.0,14.0,14,7,1.0,14.0,14,7,,,0,0,,,0,0,0.0,0.0,14,7,,,0,0,1.0,14.0,14,7,,,0,0,,,0,0,,,0,0,,,0,0,,,0,0,,,0,0,1.0,14.0,14,7,,,0,0,,,0,0,,,0,0,0.0,0.0,14,7,,,0,0,,,0,0,,,0,0,,,0,0,,,0,0,COMMON_SUPPORTED,METRIC,,,,,,,,,,,,,,,,,,
NEW7,A,0,BE,BE_ROUTE_R0,fit,H,STRICT_BASE,320,False,macro,7,7,2,UNKNOWN,0.14285714285714285,1.0,7,7,,,0,0,0.14285714285714285,1.0,7,7,1.0,7.0,7,7,0.8571428571428571,6.0,7,7,0.14285714285714285,1.0,7,7,,,0,0,,,0,0,0.8571428571428571,6.0,7,7,0.0,0.0,7,7,0.8571428571428571,6.0,7,7,0.8571428571428571,6.0,7,7,0.14285714285714285,1.0,7,7,,,0,0,0.0,0.0,7,7,,,0,0,,,0,0,,,0,0,,,0,0,,,0,0,,,0,0,1.0,7.0,7,7,,,0,0,1.0,6.0,6,6,1.0,6.0,6,6,,,0,0,,,0,0,,,0,0,,,0,0,,,0,0,,,0,0,COMMON_SUPPORTED,METRIC,,,,,,,,,,,,,,,,,,
NEW7,A,0,BE,BE_ROUTE_R0,fit,H,STRICT_BASE,320,False,micro,7,7,2,UNKNOWN,0.14285714285714285,1.0,7,7,,,0,0,0.14285714285714285,1.0,7,7,1.0,7.0,7,7,0.8571428571428571,6.0,7,7,0.14285714285714285,1.0,7,7,,,0,0,,,0,0,0.8571428571428571,6.0,7,7,0.0,0.0,7,7,0.8571428571428571,6.0,7,7,0.8571428571428571,6.0,7,7,0.14285714285714285,1.0,7,7,,,0,0,0.0,0.0,7,7,,,0,0,,,0,0,,,0,0,,,0,0,,,0,0,,,0,0,1.0,7.0,7,7,,,0,0,1.0,6.0,6,6,1.0,6.0,6,6,,,0,0,,,0,0,,,0,0,,,0,0,,,0,0,,,0,0,COMMON_SUPPORTED,METRIC,,,,,,,,,,,,,,,,,,
NEW7,A,0,BE,BE_ROUTE_R0,fit,U,STRICT_BASE,320,False,macro,7,7,1,UNKNOWN,0.2857142857142857,2.0,7,7,,,0,0,0.2857142857142857,2.0,7,7,1.0,7.0,7,7,0.7142857142857143,5.0,7,7,0.2857142857142857,2.0,7,7,,,0,0,,,0,0,0.7142857142857143,5.0,7,7,0.0,0.0,7,7,0.7142857142857143,5.0,7,7,0.7142857142857143,5.0,7,7,0.2857142857142857,2.0,7,7,,,0,0,0.0,0.0,7,7,,,0,0,,,0,0,,,0,0,,,0,0,,,0,0,,,0,0,0.8571428571428571,6.0,7,7,,,0,0,1.0,5.0,5,5,1.0,5.0,5,5,,,0,0,,,0,0,,,0,0,,,0,0,,,0,0,,,0,0,COMMON_SUPPORTED,METRIC,,,,,,,,,,,,,,,,,,
NEW7,A,0,BE,BE_ROUTE_R0,fit,U,STRICT_BASE,320,False,micro,7,7,1,UNKNOWN,0.2857142857142857,2.0,7,7,,,0,0,0.2857142857142857,2.0,7,7,1.0,7.0,7,7,0.7142857142857143,5.0,7,7,0.2857142857142857,2.0,7,7,,,0,0,,,0,0,0.7142857142857143,5.0,7,7,0.0,0.0,7,7,0.7142857142857143,5.0,7,7,0.7142857142857143,5.0,7,7,0.2857142857142857,2.0,7,7,,,0,0,0.0,0.0,7,7,,,0,0,,,0,0,,,0,0,,,0,0,,,0,0,,,0,0,0.8571428571428571,6.0,7,7,,,0,0,1.0,5.0,5,5,1.0,5.0,5,5,,,0,0,,,0,0,,,0,0,,,0,0,,,0,0,,,0,0,COMMON_SUPPORTED,METRIC,,,,,,,,,,,,,,,,,,
NEW7,A,0,BE,BE_ROUTE_R0,fit,positive,EDIT_TARGET,320,False,macro,28,7,7,UNKNOWN,0.9642857142857143,27.0,28,7,,,0,0,0.9642857142857143,27.0,28,7,0.35714285714285715,10.0,28,7,,,0,0,,,0,0,0.9583333333333334,17.0,18,6,1.0,18.0,18,6,1.0,28.0,28,7,0.9642857142857143,27.0,28,7,,,0,0,,,0,0,0.0,0.0,28,7,,,0,0,0.9642857142857143,27.0,28,7,,,0,0,,,0,0,,,0,0,,,0,0,,,0,0,,,0,0,1.0,28.0,28,7,,,0,0,,,0,0,,,0,0,0.0,0.0,28,7,,,0,0,,,0,0,,,0,0,,,0,0,,,0,0,COMMON_SUPPORTED,METRIC,,,,,,,,,,,,,,,,,,
NEW7,A,0,BE,BE_ROUTE_R0,fit,positive,EDIT_TARGET,320,False,micro,28,7,7,UNKNOWN,0.9642857142857143,27.0,28,7,,,0,0,0.9642857142857143,27.0,28,7,0.35714285714285715,10.0,28,7,,,0,0,,,0,0,0.9444444444444444,17.0,18,6,1.0,18.0,18,6,1.0,28.0,28,7,0.9642857142857143,27.0,28,7,,,0,0,,,0,0,0.0,0.0,28,7,,,0,0,0.9642857142857143,27.0,28,7,,,0,0,,,0,0,,,0,0,,,0,0,,,0,0,,,0,0,1.0,28.0,28,7,,,0,0,,,0,0,,,0,0,0.0,0.0,28,7,,,0,0,,,0,0,,,0,0,,,0,0,,,0,0,COMMON_SUPPORTED,METRIC,,,,,,,,,,,,,,,,,,
NEW7,A,0,BE,BE_ROUTE_R0,native,T0,EDIT_TARGET,320,False,macro,7,7,7,UNKNOWN,0.8571428571428571,6.0,7,7,0.8571428571428571,6.0,7,7,0.8571428571428571,6.0,7,7,0.0,0.0,7,7,,,0,0,,,0,0,0.8571428571428571,6.0,7,7,1.0,7.0,7,7,1.0,7.0,7,7,0.8571428571428571,6.0,7,7,,,0,0,,,0,0,0.0,0.0,7,7,,,0,0,0.8571428571428571,6.0,7,7,,,0,0,,,0,0,,,0,0,,,0,0,,,0,0,,,0,0,1.0,7.0,7,7,,,0,0,,,0,0,,,0,0,0.0,0.0,7,7,,,0,0,,,0,0,,,0,0,,,0,0,,,0,0,COMMON_SUPPORTED,METRIC,,,,,,,,,,,,,,,,,,
NEW7,A,0,BE,BE_ROUTE_R0,native,T0,EDIT_TARGET,320,False,micro,7,7,7,UNKNOWN,0.8571428571428571,6.0,7,7,0.8571428571428571,6.0,7,7,0.8571428571428571,6.0,7,7,0.0,0.0,7,7,,,0,0,,,0,0,0.8571428571428571,6.0,7,7,1.0,7.0,7,7,1.0,7.0,7,7,0.8571428571428571,6.0,7,7,,,0,0,,,0,0,0.0,0.0,7,7,,,0,0,0.8571428571428571,6.0,7,7,,,0,0,,,0,0,,,0,0,,,0,0,,,0,0,,,0,0,1.0,7.0,7,7,,,0,0,,,0,0,,,0,0,0.0,0.0,7,7,,,0,0,,,0,0,,,0,0,,,0,0,,,0,0,COMMON_SUPPORTED,METRIC,,,,,,,,,,,,,,,,,,
NEW7,A,0,BE,RC_FIXED_OLD16,challenge,challenge,STRICT_BASE,320,False,macro,12,4,3,UNKNOWN,0.3333333333333333,4.0,12,4,,,0,0,0.3333333333333333,4.0,12,4,0.3333333333333333,4.0,12,4,0.0,0.0,4,4,1.0,4.0,4,4,0.0,0.0,8,4,0.0,0.0,8,4,0.0,0.0,12,4,0.0,0.0,12,4,0.0,0.0,12,4,0.0,0.0,4,4,1.0,12.0,12,4,,,0,0,1.0,12.0,12,4,,,0,0,,,0,0,,,0,0,,,0,0,,,0,0,,,0,0,1.0,12.0,12,4,,,0,0,,,0,0,,,0,0,,,0,0,,,0,0,,,0,0,,,0,0,,,0,0,,,0,0,COMMON_SUPPORTED,METRIC,,,,,,,,,,,,,,,,,,
NEW7,A,0,BE,RC_FIXED_OLD16,challenge,challenge,STRICT_BASE,320,False,micro,12,4,3,UNKNOWN,0.3333333333333333,4.0,12,4,,,0,0,0.3333333333333333,4.0,12,4,0.3333333333333333,4.0,12,4,0.0,0.0,4,4,1.0,4.0,4,4,0.0,0.0,8,4,0.0,0.0,8,4,0.0,0.0,12,4,0.0,0.0,12,4,0.0,0.0,12,4,0.0,0.0,4,4,1.0,12.0,12,4,,,0,0,1.0,12.0,12,4,,,0,0,,,0,0,,,0,0,,,0,0,,,0,0,,,0,0,1.0,12.0,12,4,,,0,0,,,0,0,,,0,0,,,0,0,,,0,0,,,0,0,,,0,0,,,0,0,,,0,0,COMMON_SUPPORTED,METRIC,,,,,,,,,,,,,,,,,,
NEW7,A,0,BE,RC_FIXED_OLD16,evaluation,H,STRICT_BASE,320,False,macro,9,7,3,UNKNOWN,0.6428571428571429,5.0,9,7,,,0,0,0.6428571428571429,5.0,9,7,0.6428571428571429,5.0,9,7,0.0,0.0,5,5,1.0,5.0,5,5,0.0,0.0,4,3,0.0,0.0,4,3,0.0,0.0,9,7,0.0,0.0,9,7,0.0,0.0,9,7,0.0,0.0,5,5,1.0,9.0,9,7,,,0,0,0.0,0.0,9,7,,,0,0,,,0,0,,,0,0,,,0,0,,,0,0,,,0,0,1.0,9.0,9,7,,,0,0,,,0,0,,,0,0,,,0,0,,,0,0,,,0,0,,,0,0,,,0,0,,,0,0,COMMON_SUPPORTED,METRIC,,,,,,,,,,,,,,,,,,
NEW7,A,0,BE,RC_FIXED_OLD16,evaluation,H,STRICT_BASE,320,False,micro,9,7,3,UNKNOWN,0.5555555555555556,5.0,9,7,,,0,0,0.5555555555555556,5.0,9,7,0.5555555555555556,5.0,9,7,0.0,0.0,5,5,1.0,5.0,5,5,0.0,0.0,4,3,0.0,0.0,4,3,0.0,0.0,9,7,0.0,0.0,9,7,0.0,0.0,9,7,0.0,0.0,5,5,1.0,9.0,9,7,,,0,0,0.0,0.0,9,7,,,0,0,,,0,0,,,0,0,,,0,0,,,0,0,,,0,0,1.0,9.0,9,7,,,0,0,,,0,0,,,0,0,,,0,0,,,0,0,,,0,0,,,0,0,,,0,0,,,0,0,COMMON_SUPPORTED,METRIC,,,,,,,,,,,,,,,,,,
NEW7,A,0,BE,RC_FIXED_OLD16,evaluation,U,STRICT_BASE,320,False,macro,28,7,2,UNKNOWN,0.8452380952380952,22.0,28,7,,,0,0,0.8452380952380952,22.0,28,7,0.8452380952380952,22.0,28,7,0.0,0.0,22,7,1.0,22.0,22,7,0.0,0.0,6,6,0.0,0.0,6,6,0.0,0.0,28,7,0.0,0.0,28,7,0.0,0.0,28,7,0.0,0.0,22,7,1.0,28.0,28,7,,,0,0,0.03571428571428571,1.0,28,7,,,0,0,,,0,0,,,0,0,,,0,0,,,0,0,,,0,0,1.0,28.0,28,7,,,0,0,,,0,0,,,0,0,,,0,0,,,0,0,,,0,0,,,0,0,,,0,0,,,0,0,COMMON_SUPPORTED,METRIC,,,,,,,,,,,,,,,,,,
NEW7,A,0,BE,RC_FIXED_OLD16,evaluation,U,STRICT_BASE,320,False,micro,28,7,2,UNKNOWN,0.7857142857142857,22.0,28,7,,,0,0,0.7857142857142857,22.0,28,7,0.7857142857142857,22.0,28,7,0.0,0.0,22,7,1.0,22.0,22,7,0.0,0.0,6,6,0.0,0.0,6,6,0.0,0.0,28,7,0.0,0.0,28,7,0.0,0.0,28,7,0.0,0.0,22,7,1.0,28.0,28,7,,,0,0,0.03571428571428571,1.0,28,7,,,0,0,,,0,0,,,0,0,,,0,0,,,0,0,,,0,0,1.0,28.0,28,7,,,0,0,,,0,0,,,0,0,,,0,0,,,0,0,,,0,0,,,0,0,,,0,0,,,0,0,COMMON_SUPPORTED,METRIC,,,,,,,,,,,,,,,,,,
NEW7,A,0,BE,RC_FIXED_OLD16,evaluation,cross_family_confirmation,EDIT_TARGET,320,False,macro,14,7,7,UNKNOWN,0.8571428571428571,12.0,14,7,,,0,0,0.8571428571428571,12.0,14,7,0.42857142857142855,6.0,14,7,,,0,0,,,0,0,0.75,6.0,8,4,1.0,8.0,8,4,1.0,14.0,14,7,0.8571428571428571,12.0,14,7,,,0,0,,,0,0,0.0,0.0,14,7,,,0,0,0.8571428571428571,12.0,14,7,,,0,0,,,0,0,,,0,0,,,0,0,,,0,0,,,0,0,1.0,14.0,14,7,,,0,0,,,0,0,,,0,0,0.0,0.0,14,7,,,0,0,,,0,0,,,0,0,,,0,0,,,0,0,COMMON_SUPPORTED,METRIC,,,,,,,,,,,,,,,,,,
NEW7,A,0,BE,RC_FIXED_OLD16,evaluation,cross_family_confirmation,EDIT_TARGET,320,False,micro,14,7,7,UNKNOWN,0.8571428571428571,12.0,14,7,,,0,0,0.8571428571428571,12.0,14,7,0.42857142857142855,6.0,14,7,,,0,0,,,0,0,0.75,6.0,8,4,1.0,8.0,8,4,1.0,14.0,14,7,0.8571428571428571,12.0,14,7,,,0,0,,,0,0,0.0,0.0,14,7,,,0,0,0.8571428571428571,12.0,14,7,,,0,0,,,0,0,,,0,0,,,0,0,,,0,0,,,0,0,1.0,14.0,14,7,,,0,0,,,0,0,,,0,0,0.0,0.0,14,7,,,0,0,,,0,0,,,0,0,,,0,0,,,0,0,COMMON_SUPPORTED,METRIC,,,,,,,,,,,,,,,,,,
NEW7,A,0,BE,RC_FIXED_OLD16,evaluation,source_style_confirmation,EDIT_TARGET,320,False,macro,14,7,7,UNKNOWN,1.0,14.0,14,7,,,0,0,1.0,14.0,14,7,0.5714285714285714,8.0,14,7,,,0,0,,,0,0,1.0,6.0,6,3,1.0,6.0,6,3,1.0,14.0,14,7,1.0,14.0,14,7,,,0,0,,,0,0,0.0,0.0,14,7,,,0,0,1.0,14.0,14,7,,,0,0,,,0,0,,,0,0,,,0,0,,,0,0,,,0,0,1.0,14.0,14,7,,,0,0,,,0,0,,,0,0,0.0,0.0,14,7,,,0,0,,,0,0,,,0,0,,,0,0,,,0,0,COMMON_SUPPORTED,METRIC,,,,,,,,,,,,,,,,,,
NEW7,A,0,BE,RC_FIXED_OLD16,evaluation,source_style_confirmation,EDIT_TARGET,320,False,micro,14,7,7,UNKNOWN,1.0,14.0,14,7,,,0,0,1.0,14.0,14,7,0.5714285714285714,8.0,14,7,,,0,0,,,0,0,1.0,6.0,6,3,1.0,6.0,6,3,1.0,14.0,14,7,1.0,14.0,14,7,,,0,0,,,0,0,0.0,0.0,14,7,,,0,0,1.0,14.0,14,7,,,0,0,,,0,0,,,0,0,,,0,0,,,0,0,,,0,0,1.0,14.0,14,7,,,0,0,,,0,0,,,0,0,0.0,0.0,14,7,,,0,0,,,0,0,,,0,0,,,0,0,,,0,0,COMMON_SUPPORTED,METRIC,,,,,,,,,,,,,,,,,,
NEW7,A,0,BE,RC_FIXED_OLD16,fit,H,STRICT_BASE,320,False,macro,7,7,2,UNKNOWN,1.0,7.0,7,7,,,0,0,1.0,7.0,7,7,1.0,7.0,7,7,0.0,0.0,7,7,1.0,7.0,7,7,,,0,0,,,0,0,0.0,0.0,7,7,0.0,0.0,7,7,0.0,0.0,7,7,0.0,0.0,7,7,1.0,7.0,7,7,,,0,0,0.0,0.0,7,7,,,0,0,,,0,0,,,0,0,,,0,0,,,0,0,,,0,0,1.0,7.0,7,7,,,0,0,,,0,0,,,0,0,,,0,0,,,0,0,,,0,0,,,0,0,,,0,0,,,0,0,COMMON_SUPPORTED,METRIC,,,,,,,,,,,,,,,,,,
NEW7,A,0,BE,RC_FIXED_OLD16,fit,H,STRICT_BASE,320,False,micro,7,7,2,UNKNOWN,1.0,7.0,7,7,,,0,0,1.0,7.0,7,7,1.0,7.0,7,7,0.0,0.0,7,7,1.0,7.0,7,7,,,0,0,,,0,0,0.0,0.0,7,7,0.0,0.0,7,7,0.0,0.0,7,7,0.0,0.0,7,7,1.0,7.0,7,7,,,0,0,0.0,0.0,7,7,,,0,0,,,0,0,,,0,0,,,0,0,,,0,0,,,0,0,1.0,7.0,7,7,,,0,0,,,0,0,,,0,0,,,0,0,,,0,0,,,0,0,,,0,0,,,0,0,,,0,0,COMMON_SUPPORTED,METRIC,,,,,,,,,,,,,,,,,,
NEW7,A,0,BE,RC_FIXED_OLD16,fit,U,STRICT_BASE,320,False,macro,7,7,1,UNKNOWN,1.0,7.0,7,7,,,0,0,1.0,7.0,7,7,1.0,7.0,7,7,0.0,0.0,7,7,1.0,7.0,7,7,,,0,0,,,0,0,0.0,0.0,7,7,0.0,0.0,7,7,0.0,0.0,7,7,0.0,0.0,7,7,1.0,7.0,7,7,,,0,0,0.0,0.0,7,7,,,0,0,,,0,0,,,0,0,,,0,0,,,0,0,,,0,0,1.0,7.0,7,7,,,0,0,,,0,0,,,0,0,,,0,0,,,0,0,,,0,0,,,0,0,,,0,0,,,0,0,COMMON_SUPPORTED,METRIC,,,,,,,,,,,,,,,,,,
NEW7,A,0,BE,RC_FIXED_OLD16,fit,U,STRICT_BASE,320,False,micro,7,7,1,UNKNOWN,1.0,7.0,7,7,,,0,0,1.0,7.0,7,7,1.0,7.0,7,7,0.0,0.0,7,7,1.0,7.0,7,7,,,0,0,,,0,0,0.0,0.0,7,7,0.0,0.0,7,7,0.0,0.0,7,7,0.0,0.0,7,7,1.0,7.0,7,7,,,0,0,0.0,0.0,7,7,,,0,0,,,0,0,,,0,0,,,0,0,,,0,0,,,0,0,1.0,7.0,7,7,,,0,0,,,0,0,,,0,0,,,0,0,,,0,0,,,0,0,,,0,0,,,0,0,,,0,0,COMMON_SUPPORTED,METRIC,,,,,,,,,,,,,,,,,,
NEW7,A,0,BE,RC_FIXED_OLD16,fit,positive,EDIT_TARGET,320,False,macro,28,7,7,UNKNOWN,0.9642857142857143,27.0,28,7,,,0,0,0.9642857142857143,27.0,28,7,0.35714285714285715,10.0,28,7,,,0,0,,,0,0,0.9583333333333334,17.0,18,6,1.0,18.0,18,6,1.0,28.0,28,7,0.9642857142857143,27.0,28,7,,,0,0,,,0,0,0.0,0.0,28,7,,,0,0,0.9642857142857143,27.0,28,7,,,0,0,,,0,0,,,0,0,,,0,0,,,0,0,,,0,0,1.0,28.0,28,7,,,0,0,,,0,0,,,0,0,0.0,0.0,28,7,,,0,0,,,0,0,,,0,0,,,0,0,,,0,0,COMMON_SUPPORTED,METRIC,,,,,,,,,,,,,,,,,,
NEW7,A,0,BE,RC_FIXED_OLD16,fit,positive,EDIT_TARGET,320,False,micro,28,7,7,UNKNOWN,0.9642857142857143,27.0,28,7,,,0,0,0.9642857142857143,27.0,28,7,0.35714285714285715,10.0,28,7,,,0,0,,,0,0,0.9444444444444444,17.0,18,6,1.0,18.0,18,6,1.0,28.0,28,7,0.9642857142857143,27.0,28,7,,,0,0,,,0,0,0.0,0.0,28,7,,,0,0,0.9642857142857143,27.0,28,7,,,0,0,,,0,0,,,0,0,,,0,0,,,0,0,,,0,0,1.0,28.0,28,7,,,0,0,,,0,0,,,0,0,0.0,0.0,28,7,,,0,0,,,0,0,,,0,0,,,0,0,,,0,0,COMMON_SUPPORTED,METRIC,,,,,,,,,,,,,,,,,,
NEW7,A,0,BE,RC_FIXED_OLD16,native,T0,EDIT_TARGET,320,False,macro,7,7,7,UNKNOWN,0.8571428571428571,6.0,7,7,0.8571428571428571,6.0,7,7,0.8571428571428571,6.0,7,7,0.0,0.0,7,7,,,0,0,,,0,0,0.8571428571428571,6.0,7,7,1.0,7.0,7,7,1.0,7.0,7,7,0.8571428571428571,6.0,7,7,,,0,0,,,0,0,0.0,0.0,7,7,,,0,0,0.8571428571428571,6.0,7,7,,,0,0,,,0,0,,,0,0,,,0,0,,,0,0,,,0,0,1.0,7.0,7,7,,,0,0,,,0,0,,,0,0,0.0,0.0,7,7,,,0,0,,,0,0,,,0,0,,,0,0,,,0,0,COMMON_SUPPORTED,METRIC,,,,,,,,,,,,,,,,,,
NEW7,A,0,BE,RC_FIXED_OLD16,native,T0,EDIT_TARGET,320,False,micro,7,7,7,UNKNOWN,0.8571428571428571,6.0,7,7,0.8571428571428571,6.0,7,7,0.8571428571428571,6.0,7,7,0.0,0.0,7,7,,,0,0,,,0,0,0.8571428571428571,6.0,7,7,1.0,7.0,7,7,1.0,7.0,7,7,0.8571428571428571,6.0,7,7,,,0,0,,,0,0,0.0,0.0,7,7,,,0,0,0.8571428571428571,6.0,7,7,,,0,0,,,0,0,,,0,0,,,0,0,,,0,0,,,0,0,1.0,7.0,7,7,,,0,0,,,0,0,,,0,0,0.0,0.0,7,7,,,0,0,,,0,0,,,0,0,,,0,0,,,0,0,COMMON_SUPPORTED,METRIC,,,,,,,,,,,,,,,,,,
NEW7,A,0,C_EXTRA_QA,BE_ROUTE_R0,challenge,challenge,STRICT_BASE,320,False,macro,12,4,3,UNKNOWN,1.0,12.0,12,4,,,0,0,1.0,12.0,12,4,0.3333333333333333,4.0,12,4,0.0,0.0,4,4,1.0,4.0,4,4,1.0,8.0,8,4,1.0,8.0,8,4,1.0,12.0,12,4,1.0,12.0,12,4,1.0,12.0,12,4,0.0,0.0,4,4,0.0,0.0,12,4,,,0,0,1.0,12.0,12,4,,,0,0,,,0,0,,,0,0,,,0,0,,,0,0,,,0,0,1.0,12.0,12,4,,,0,0,0.0,0.0,4,4,0.0,0.0,12,4,,,0,0,,,0,0,,,0,0,,,0,0,,,0,0,,,0,0,COMMON_SUPPORTED,METRIC,,,,,,,,,,,,,,,,,,
NEW7,A,0,C_EXTRA_QA,BE_ROUTE_R0,challenge,challenge,STRICT_BASE,320,False,micro,12,4,3,UNKNOWN,1.0,12.0,12,4,,,0,0,1.0,12.0,12,4,0.3333333333333333,4.0,12,4,0.0,0.0,4,4,1.0,4.0,4,4,1.0,8.0,8,4,1.0,8.0,8,4,1.0,12.0,12,4,1.0,12.0,12,4,1.0,12.0,12,4,0.0,0.0,4,4,0.0,0.0,12,4,,,0,0,1.0,12.0,12,4,,,0,0,,,0,0,,,0,0,,,0,0,,,0,0,,,0,0,1.0,12.0,12,4,,,0,0,0.0,0.0,4,4,0.0,0.0,12,4,,,0,0,,,0,0,,,0,0,,,0,0,,,0,0,,,0,0,COMMON_SUPPORTED,METRIC,,,,,,,,,,,,,,,,,,
NEW7,A,0,C_EXTRA_QA,BE_ROUTE_R0,evaluation,H,STRICT_BASE,320,False,macro,9,7,3,UNKNOWN,0.07142857142857142,1.0,9,7,,,0,0,0.07142857142857142,1.0,9,7,0.6428571428571429,5.0,9,7,0.8,4.0,5,5,0.2,1.0,5,5,0.0,0.0,4,3,0.6666666666666666,3.0,4,3,0.8571428571428571,7.0,9,7,0.0,0.0,9,7,0.8571428571428571,7.0,9,7,0.8,4.0,5,5,0.14285714285714285,2.0,9,7,,,0,0,0.0,0.0,9,7,,,0,0,,,0,0,,,0,0,,,0,0,,,0,0,,,0,0,1.0,9.0,9,7,,,0,0,1.0,4.0,4,4,1.0,7.0,7,6,,,0,0,,,0,0,,,0,0,,,0,0,,,0,0,,,0,0,COMMON_SUPPORTED,METRIC,,,,,,,,,,,,,,,,,,
NEW7,A,0,C_EXTRA_QA,BE_ROUTE_R0,evaluation,H,STRICT_BASE,320,False,micro,9,7,3,UNKNOWN,0.1111111111111111,1.0,9,7,,,0,0,0.1111111111111111,1.0,9,7,0.5555555555555556,5.0,9,7,0.8,4.0,5,5,0.2,1.0,5,5,0.0,0.0,4,3,0.75,3.0,4,3,0.7777777777777778,7.0,9,7,0.0,0.0,9,7,0.7777777777777778,7.0,9,7,0.8,4.0,5,5,0.2222222222222222,2.0,9,7,,,0,0,0.0,0.0,9,7,,,0,0,,,0,0,,,0,0,,,0,0,,,0,0,,,0,0,1.0,9.0,9,7,,,0,0,1.0,4.0,4,4,1.0,7.0,7,6,,,0,0,,,0,0,,,0,0,,,0,0,,,0,0,,,0,0,COMMON_SUPPORTED,METRIC,,,,,,,,,,,,,,,,,,
NEW7,A,0,C_EXTRA_QA,BE_ROUTE_R0,evaluation,U,STRICT_BASE,320,False,macro,28,7,2,UNKNOWN,0.75,18.0,28,7,,,0,0,0.75,18.0,28,7,0.8452380952380952,22.0,28,7,0.13095238095238096,4.0,22,7,0.8690476190476191,18.0,22,7,0.0,0.0,6,6,0.6666666666666666,4.0,6,6,0.7142857142857143,20.0,28,7,0.5238095238095237,12.0,28,7,0.7142857142857143,20.0,28,7,0.13095238095238096,4.0,22,7,0.35714285714285715,11.0,28,7,,,0,0,0.7261904761904762,17.0,28,7,,,0,0,,,0,0,,,0,0,,,0,0,,,0,0,,,0,0,1.0,28.0,28,7,,,0,0,0.18333333333333332,4.0,16,5,0.26666666666666666,8.0,20,5,,,0,0,,,0,0,,,0,0,,,0,0,,,0,0,,,0,0,COMMON_SUPPORTED,METRIC,,,,,,,,,,,,,,,,,,
NEW7,A,0,C_EXTRA_QA,BE_ROUTE_R0,evaluation,U,STRICT_BASE,320,False,micro,28,7,2,UNKNOWN,0.6428571428571429,18.0,28,7,,,0,0,0.6428571428571429,18.0,28,7,0.7857142857142857,22.0,28,7,0.18181818181818182,4.0,22,7,0.8181818181818182,18.0,22,7,0.0,0.0,6,6,0.6666666666666666,4.0,6,6,0.7142857142857143,20.0,28,7,0.42857142857142855,12.0,28,7,0.7142857142857143,20.0,28,7,0.18181818181818182,4.0,22,7,0.39285714285714285,11.0,28,7,,,0,0,0.6071428571428571,17.0,28,7,,,0,0,,,0,0,,,0,0,,,0,0,,,0,0,,,0,0,1.0,28.0,28,7,,,0,0,0.25,4.0,16,5,0.4,8.0,20,5,,,0,0,,,0,0,,,0,0,,,0,0,,,0,0,,,0,0,COMMON_SUPPORTED,METRIC,,,,,,,,,,,,,,,,,,
NEW7,A,0,C_EXTRA_QA,BE_ROUTE_R0,evaluation,cross_family_confirmation,EDIT_TARGET,320,False,macro,14,7,7,UNKNOWN,0.8571428571428571,12.0,14,7,,,0,0,0.8571428571428571,12.0,14,7,0.42857142857142855,6.0,14,7,,,0,0,,,0,0,0.75,6.0,8,4,1.0,8.0,8,4,1.0,14.0,14,7,0.8571428571428571,12.0,14,7,,,0,0,,,0,0,0.0,0.0,14,7,,,0,0,0.8571428571428571,12.0,14,7,,,0,0,,,0,0,,,0,0,,,0,0,,,0,0,,,0,0,1.0,14.0,14,7,,,0,0,,,0,0,,,0,0,0.0,0.0,14,7,,,0,0,,,0,0,,,0,0,,,0,0,,,0,0,COMMON_SUPPORTED,METRIC,,,,,,,,,,,,,,,,,,
NEW7,A,0,C_EXTRA_QA,BE_ROUTE_R0,evaluation,cross_family_confirmation,EDIT_TARGET,320,False,micro,14,7,7,UNKNOWN,0.8571428571428571,12.0,14,7,,,0,0,0.8571428571428571,12.0,14,7,0.42857142857142855,6.0,14,7,,,0,0,,,0,0,0.75,6.0,8,4,1.0,8.0,8,4,1.0,14.0,14,7,0.8571428571428571,12.0,14,7,,,0,0,,,0,0,0.0,0.0,14,7,,,0,0,0.8571428571428571,12.0,14,7,,,0,0,,,0,0,,,0,0,,,0,0,,,0,0,,,0,0,1.0,14.0,14,7,,,0,0,,,0,0,,,0,0,0.0,0.0,14,7,,,0,0,,,0,0,,,0,0,,,0,0,,,0,0,COMMON_SUPPORTED,METRIC,,,,,,,,,,,,,,,,,,
NEW7,A,0,C_EXTRA_QA,BE_ROUTE_R0,evaluation,source_style_confirmation,EDIT_TARGET,320,False,macro,14,7,7,UNKNOWN,1.0,14.0,14,7,,,0,0,1.0,14.0,14,7,0.5714285714285714,8.0,14,7,,,0,0,,,0,0,1.0,6.0,6,3,1.0,6.0,6,3,1.0,14.0,14,7,1.0,14.0,14,7,,,0,0,,,0,0,0.0,0.0,14,7,,,0,0,1.0,14.0,14,7,,,0,0,,,0,0,,,0,0,,,0,0,,,0,0,,,0,0,1.0,14.0,14,7,,,0,0,,,0,0,,,0,0,0.0,0.0,14,7,,,0,0,,,0,0,,,0,0,,,0,0,,,0,0,COMMON_SUPPORTED,METRIC,,,,,,,,,,,,,,,,,,
NEW7,A,0,C_EXTRA_QA,BE_ROUTE_R0,evaluation,source_style_confirmation,EDIT_TARGET,320,False,micro,14,7,7,UNKNOWN,1.0,14.0,14,7,,,0,0,1.0,14.0,14,7,0.5714285714285714,8.0,14,7,,,0,0,,,0,0,1.0,6.0,6,3,1.0,6.0,6,3,1.0,14.0,14,7,1.0,14.0,14,7,,,0,0,,,0,0,0.0,0.0,14,7,,,0,0,1.0,14.0,14,7,,,0,0,,,0,0,,,0,0,,,0,0,,,0,0,,,0,0,1.0,14.0,14,7,,,0,0,,,0,0,,,0,0,0.0,0.0,14,7,,,0,0,,,0,0,,,0,0,,,0,0,,,0,0,COMMON_SUPPORTED,METRIC,,,,,,,,,,,,,,,,,,
NEW7,A,0,C_EXTRA_QA,BE_ROUTE_R0,fit,H,STRICT_BASE,320,False,macro,7,7,2,UNKNOWN,0.14285714285714285,1.0,7,7,,,0,0,0.14285714285714285,1.0,7,7,1.0,7.0,7,7,0.8571428571428571,6.0,7,7,0.14285714285714285,1.0,7,7,,,0,0,,,0,0,0.8571428571428571,6.0,7,7,0.0,0.0,7,7,0.8571428571428571,6.0,7,7,0.8571428571428571,6.0,7,7,0.14285714285714285,1.0,7,7,,,0,0,0.0,0.0,7,7,,,0,0,,,0,0,,,0,0,,,0,0,,,0,0,,,0,0,1.0,7.0,7,7,,,0,0,1.0,6.0,6,6,1.0,6.0,6,6,,,0,0,,,0,0,,,0,0,,,0,0,,,0,0,,,0,0,COMMON_SUPPORTED,METRIC,,,,,,,,,,,,,,,,,,
NEW7,A,0,C_EXTRA_QA,BE_ROUTE_R0,fit,H,STRICT_BASE,320,False,micro,7,7,2,UNKNOWN,0.14285714285714285,1.0,7,7,,,0,0,0.14285714285714285,1.0,7,7,1.0,7.0,7,7,0.8571428571428571,6.0,7,7,0.14285714285714285,1.0,7,7,,,0,0,,,0,0,0.8571428571428571,6.0,7,7,0.0,0.0,7,7,0.8571428571428571,6.0,7,7,0.8571428571428571,6.0,7,7,0.14285714285714285,1.0,7,7,,,0,0,0.0,0.0,7,7,,,0,0,,,0,0,,,0,0,,,0,0,,,0,0,,,0,0,1.0,7.0,7,7,,,0,0,1.0,6.0,6,6,1.0,6.0,6,6,,,0,0,,,0,0,,,0,0,,,0,0,,,0,0,,,0,0,COMMON_SUPPORTED,METRIC,,,,,,,,,,,,,,,,,,
NEW7,A,0,C_EXTRA_QA,BE_ROUTE_R0,fit,U,STRICT_BASE,320,False,macro,7,7,1,UNKNOWN,1.0,7.0,7,7,,,0,0,1.0,7.0,7,7,1.0,7.0,7,7,0.0,0.0,7,7,1.0,7.0,7,7,,,0,0,,,0,0,0.7142857142857143,5.0,7,7,0.7142857142857143,5.0,7,7,0.7142857142857143,5.0,7,7,0.0,0.0,7,7,0.7142857142857143,5.0,7,7,,,0,0,1.0,7.0,7,7,,,0,0,,,0,0,,,0,0,,,0,0,,,0,0,,,0,0,1.0,7.0,7,7,,,0,0,0.0,0.0,5,5,0.0,0.0,5,5,,,0,0,,,0,0,,,0,0,,,0,0,,,0,0,,,0,0,COMMON_SUPPORTED,METRIC,,,,,,,,,,,,,,,,,,
NEW7,A,0,C_EXTRA_QA,BE_ROUTE_R0,fit,U,STRICT_BASE,320,False,micro,7,7,1,UNKNOWN,1.0,7.0,7,7,,,0,0,1.0,7.0,7,7,1.0,7.0,7,7,0.0,0.0,7,7,1.0,7.0,7,7,,,0,0,,,0,0,0.7142857142857143,5.0,7,7,0.7142857142857143,5.0,7,7,0.7142857142857143,5.0,7,7,0.0,0.0,7,7,0.7142857142857143,5.0,7,7,,,0,0,1.0,7.0,7,7,,,0,0,,,0,0,,,0,0,,,0,0,,,0,0,,,0,0,1.0,7.0,7,7,,,0,0,0.0,0.0,5,5,0.0,0.0,5,5,,,0,0,,,0,0,,,0,0,,,0,0,,,0,0,,,0,0,COMMON_SUPPORTED,METRIC,,,,,,,,,,,,,,,,,,
NEW7,A,0,C_EXTRA_QA,BE_ROUTE_R0,fit,positive,EDIT_TARGET,320,False,macro,28,7,7,UNKNOWN,0.9642857142857143,27.0,28,7,,,0,0,0.9642857142857143,27.0,28,7,0.35714285714285715,10.0,28,7,,,0,0,,,0,0,0.9583333333333334,17.0,18,6,1.0,18.0,18,6,1.0,28.0,28,7,0.9642857142857143,27.0,28,7,,,0,0,,,0,0,0.0,0.0,28,7,,,0,0,0.9642857142857143,27.0,28,7,,,0,0,,,0,0,,,0,0,,,0,0,,,0,0,,,0,0,1.0,28.0,28,7,,,0,0,,,0,0,,,0,0,0.0,0.0,28,7,,,0,0,,,0,0,,,0,0,,,0,0,,,0,0,COMMON_SUPPORTED,METRIC,,,,,,,,,,,,,,,,,,
NEW7,A,0,C_EXTRA_QA,BE_ROUTE_R0,fit,positive,EDIT_TARGET,320,False,micro,28,7,7,UNKNOWN,0.9642857142857143,27.0,28,7,,,0,0,0.9642857142857143,27.0,28,7,0.35714285714285715,10.0,28,7,,,0,0,,,0,0,0.9444444444444444,17.0,18,6,1.0,18.0,18,6,1.0,28.0,28,7,0.9642857142857143,27.0,28,7,,,0,0,,,0,0,0.0,0.0,28,7,,,0,0,0.9642857142857143,27.0,28,7,,,0,0,,,0,0,,,0,0,,,0,0,,,0,0,,,0,0,1.0,28.0,28,7,,,0,0,,,0,0,,,0,0,0.0,0.0,28,7,,,0,0,,,0,0,,,0,0,,,0,0,,,0,0,COMMON_SUPPORTED,METRIC,,,,,,,,,,,,,,,,,,
NEW7,A,0,C_EXTRA_QA,BE_ROUTE_R0,native,T0,EDIT_TARGET,320,False,macro,7,7,7,UNKNOWN,0.8571428571428571,6.0,7,7,0.8571428571428571,6.0,7,7,0.8571428571428571,6.0,7,7,0.0,0.0,7,7,,,0,0,,,0,0,0.8571428571428571,6.0,7,7,1.0,7.0,7,7,1.0,7.0,7,7,0.8571428571428571,6.0,7,7,,,0,0,,,0,0,0.0,0.0,7,7,,,0,0,0.8571428571428571,6.0,7,7,,,0,0,,,0,0,,,0,0,,,0,0,,,0,0,,,0,0,1.0,7.0,7,7,,,0,0,,,0,0,,,0,0,0.0,0.0,7,7,,,0,0,,,0,0,,,0,0,,,0,0,,,0,0,COMMON_SUPPORTED,METRIC,,,,,,,,,,,,,,,,,,
NEW7,A,0,C_EXTRA_QA,BE_ROUTE_R0,native,T0,EDIT_TARGET,320,False,micro,7,7,7,UNKNOWN,0.8571428571428571,6.0,7,7,0.8571428571428571,6.0,7,7,0.8571428571428571,6.0,7,7,0.0,0.0,7,7,,,0,0,,,0,0,0.8571428571428571,6.0,7,7,1.0,7.0,7,7,1.0,7.0,7,7,0.8571428571428571,6.0,7,7,,,0,0,,,0,0,0.0,0.0,7,7,,,0,0,0.8571428571428571,6.0,7,7,,,0,0,,,0,0,,,0,0,,,0,0,,,0,0,,,0,0,1.0,7.0,7,7,,,0,0,,,0,0,,,0,0,0.0,0.0,7,7,,,0,0,,,0,0,,,0,0,,,0,0,,,0,0,COMMON_SUPPORTED,METRIC,,,,,,,,,,,,,,,,,,
NEW7,A,0,C_EXTRA_QA,RC_FIXED_OLD16,challenge,challenge,STRICT_BASE,320,False,macro,12,4,3,UNKNOWN,0.3333333333333333,4.0,12,4,,,0,0,0.3333333333333333,4.0,12,4,0.3333333333333333,4.0,12,4,0.0,0.0,4,4,1.0,4.0,4,4,0.0,0.0,8,4,0.0,0.0,8,4,0.0,0.0,12,4,0.0,0.0,12,4,0.0,0.0,12,4,0.0,0.0,4,4,1.0,12.0,12,4,,,0,0,1.0,12.0,12,4,,,0,0,,,0,0,,,0,0,,,0,0,,,0,0,,,0,0,1.0,12.0,12,4,,,0,0,,,0,0,,,0,0,,,0,0,,,0,0,,,0,0,,,0,0,,,0,0,,,0,0,COMMON_SUPPORTED,METRIC,,,,,,,,,,,,,,,,,,
NEW7,A,0,C_EXTRA_QA,RC_FIXED_OLD16,challenge,challenge,STRICT_BASE,320,False,micro,12,4,3,UNKNOWN,0.3333333333333333,4.0,12,4,,,0,0,0.3333333333333333,4.0,12,4,0.3333333333333333,4.0,12,4,0.0,0.0,4,4,1.0,4.0,4,4,0.0,0.0,8,4,0.0,0.0,8,4,0.0,0.0,12,4,0.0,0.0,12,4,0.0,0.0,12,4,0.0,0.0,4,4,1.0,12.0,12,4,,,0,0,1.0,12.0,12,4,,,0,0,,,0,0,,,0,0,,,0,0,,,0,0,,,0,0,1.0,12.0,12,4,,,0,0,,,0,0,,,0,0,,,0,0,,,0,0,,,0,0,,,0,0,,,0,0,,,0,0,COMMON_SUPPORTED,METRIC,,,,,,,,,,,,,,,,,,
NEW7,A,0,C_EXTRA_QA,RC_FIXED_OLD16,evaluation,H,STRICT_BASE,320,False,macro,9,7,3,UNKNOWN,0.6428571428571429,5.0,9,7,,,0,0,0.6428571428571429,5.0,9,7,0.6428571428571429,5.0,9,7,0.0,0.0,5,5,1.0,5.0,5,5,0.0,0.0,4,3,0.0,0.0,4,3,0.0,0.0,9,7,0.0,0.0,9,7,0.0,0.0,9,7,0.0,0.0,5,5,1.0,9.0,9,7,,,0,0,0.0,0.0,9,7,,,0,0,,,0,0,,,0,0,,,0,0,,,0,0,,,0,0,1.0,9.0,9,7,,,0,0,,,0,0,,,0,0,,,0,0,,,0,0,,,0,0,,,0,0,,,0,0,,,0,0,COMMON_SUPPORTED,METRIC,,,,,,,,,,,,,,,,,,
NEW7,A,0,C_EXTRA_QA,RC_FIXED_OLD16,evaluation,H,STRICT_BASE,320,False,micro,9,7,3,UNKNOWN,0.5555555555555556,5.0,9,7,,,0,0,0.5555555555555556,5.0,9,7,0.5555555555555556,5.0,9,7,0.0,0.0,5,5,1.0,5.0,5,5,0.0,0.0,4,3,0.0,0.0,4,3,0.0,0.0,9,7,0.0,0.0,9,7,0.0,0.0,9,7,0.0,0.0,5,5,1.0,9.0,9,7,,,0,0,0.0,0.0,9,7,,,0,0,,,0,0,,,0,0,,,0,0,,,0,0,,,0,0,1.0,9.0,9,7,,,0,0,,,0,0,,,0,0,,,0,0,,,0,0,,,0,0,,,0,0,,,0,0,,,0,0,COMMON_SUPPORTED,METRIC,,,,,,,,,,,,,,,,,,
NEW7,A,0,C_EXTRA_QA,RC_FIXED_OLD16,evaluation,U,STRICT_BASE,320,False,macro,28,7,2,UNKNOWN,0.8452380952380952,22.0,28,7,,,0,0,0.8452380952380952,22.0,28,7,0.8452380952380952,22.0,28,7,0.0,0.0,22,7,1.0,22.0,22,7,0.0,0.0,6,6,0.0,0.0,6,6,0.0,0.0,28,7,0.0,0.0,28,7,0.0,0.0,28,7,0.0,0.0,22,7,1.0,28.0,28,7,,,0,0,0.7261904761904762,17.0,28,7,,,0,0,,,0,0,,,0,0,,,0,0,,,0,0,,,0,0,1.0,28.0,28,7,,,0,0,,,0,0,,,0,0,,,0,0,,,0,0,,,0,0,,,0,0,,,0,0,,,0,0,COMMON_SUPPORTED,METRIC,,,,,,,,,,,,,,,,,,
NEW7,A,0,C_EXTRA_QA,RC_FIXED_OLD16,evaluation,U,STRICT_BASE,320,False,micro,28,7,2,UNKNOWN,0.7857142857142857,22.0,28,7,,,0,0,0.7857142857142857,22.0,28,7,0.7857142857142857,22.0,28,7,0.0,0.0,22,7,1.0,22.0,22,7,0.0,0.0,6,6,0.0,0.0,6,6,0.0,0.0,28,7,0.0,0.0,28,7,0.0,0.0,28,7,0.0,0.0,22,7,1.0,28.0,28,7,,,0,0,0.6071428571428571,17.0,28,7,,,0,0,,,0,0,,,0,0,,,0,0,,,0,0,,,0,0,1.0,28.0,28,7,,,0,0,,,0,0,,,0,0,,,0,0,,,0,0,,,0,0,,,0,0,,,0,0,,,0,0,COMMON_SUPPORTED,METRIC,,,,,,,,,,,,,,,,,,
NEW7,A,0,C_EXTRA_QA,RC_FIXED_OLD16,evaluation,cross_family_confirmation,EDIT_TARGET,320,False,macro,14,7,7,UNKNOWN,0.8571428571428571,12.0,14,7,,,0,0,0.8571428571428571,12.0,14,7,0.42857142857142855,6.0,14,7,,,0,0,,,0,0,0.75,6.0,8,4,1.0,8.0,8,4,1.0,14.0,14,7,0.8571428571428571,12.0,14,7,,,0,0,,,0,0,0.0,0.0,14,7,,,0,0,0.8571428571428571,12.0,14,7,,,0,0,,,0,0,,,0,0,,,0,0,,,0,0,,,0,0,1.0,14.0,14,7,,,0,0,,,0,0,,,0,0,0.0,0.0,14,7,,,0,0,,,0,0,,,0,0,,,0,0,,,0,0,COMMON_SUPPORTED,METRIC,,,,,,,,,,,,,,,,,,
NEW7,A,0,C_EXTRA_QA,RC_FIXED_OLD16,evaluation,cross_family_confirmation,EDIT_TARGET,320,False,micro,14,7,7,UNKNOWN,0.8571428571428571,12.0,14,7,,,0,0,0.8571428571428571,12.0,14,7,0.42857142857142855,6.0,14,7,,,0,0,,,0,0,0.75,6.0,8,4,1.0,8.0,8,4,1.0,14.0,14,7,0.8571428571428571,12.0,14,7,,,0,0,,,0,0,0.0,0.0,14,7,,,0,0,0.8571428571428571,12.0,14,7,,,0,0,,,0,0,,,0,0,,,0,0,,,0,0,,,0,0,1.0,14.0,14,7,,,0,0,,,0,0,,,0,0,0.0,0.0,14,7,,,0,0,,,0,0,,,0,0,,,0,0,,,0,0,COMMON_SUPPORTED,METRIC,,,,,,,,,,,,,,,,,,
NEW7,A,0,C_EXTRA_QA,RC_FIXED_OLD16,evaluation,source_style_confirmation,EDIT_TARGET,320,False,macro,14,7,7,UNKNOWN,1.0,14.0,14,7,,,0,0,1.0,14.0,14,7,0.5714285714285714,8.0,14,7,,,0,0,,,0,0,1.0,6.0,6,3,1.0,6.0,6,3,1.0,14.0,14,7,1.0,14.0,14,7,,,0,0,,,0,0,0.0,0.0,14,7,,,0,0,1.0,14.0,14,7,,,0,0,,,0,0,,,0,0,,,0,0,,,0,0,,,0,0,1.0,14.0,14,7,,,0,0,,,0,0,,,0,0,0.0,0.0,14,7,,,0,0,,,0,0,,,0,0,,,0,0,,,0,0,COMMON_SUPPORTED,METRIC,,,,,,,,,,,,,,,,,,
NEW7,A,0,C_EXTRA_QA,RC_FIXED_OLD16,evaluation,source_style_confirmation,EDIT_TARGET,320,False,micro,14,7,7,UNKNOWN,1.0,14.0,14,7,,,0,0,1.0,14.0,14,7,0.5714285714285714,8.0,14,7,,,0,0,,,0,0,1.0,6.0,6,3,1.0,6.0,6,3,1.0,14.0,14,7,1.0,14.0,14,7,,,0,0,,,0,0,0.0,0.0,14,7,,,0,0,1.0,14.0,14,7,,,0,0,,,0,0,,,0,0,,,0,0,,,0,0,,,0,0,1.0,14.0,14,7,,,0,0,,,0,0,,,0,0,0.0,0.0,14,7,,,0,0,,,0,0,,,0,0,,,0,0,,,0,0,COMMON_SUPPORTED,METRIC,,,,,,,,,,,,,,,,,,
NEW7,A,0,C_EXTRA_QA,RC_FIXED_OLD16,fit,H,STRICT_BASE,320,False,macro,7,7,2,UNKNOWN,1.0,7.0,7,7,,,0,0,1.0,7.0,7,7,1.0,7.0,7,7,0.0,0.0,7,7,1.0,7.0,7,7,,,0,0,,,0,0,0.0,0.0,7,7,0.0,0.0,7,7,0.0,0.0,7,7,0.0,0.0,7,7,1.0,7.0,7,7,,,0,0,0.0,0.0,7,7,,,0,0,,,0,0,,,0,0,,,0,0,,,0,0,,,0,0,1.0,7.0,7,7,,,0,0,,,0,0,,,0,0,,,0,0,,,0,0,,,0,0,,,0,0,,,0,0,,,0,0,COMMON_SUPPORTED,METRIC,,,,,,,,,,,,,,,,,,
NEW7,A,0,C_EXTRA_QA,RC_FIXED_OLD16,fit,H,STRICT_BASE,320,False,micro,7,7,2,UNKNOWN,1.0,7.0,7,7,,,0,0,1.0,7.0,7,7,1.0,7.0,7,7,0.0,0.0,7,7,1.0,7.0,7,7,,,0,0,,,0,0,0.0,0.0,7,7,0.0,0.0,7,7,0.0,0.0,7,7,0.0,0.0,7,7,1.0,7.0,7,7,,,0,0,0.0,0.0,7,7,,,0,0,,,0,0,,,0,0,,,0,0,,,0,0,,,0,0,1.0,7.0,7,7,,,0,0,,,0,0,,,0,0,,,0,0,,,0,0,,,0,0,,,0,0,,,0,0,,,0,0,COMMON_SUPPORTED,METRIC,,,,,,,,,,,,,,,,,,
NEW7,A,0,C_EXTRA_QA,RC_FIXED_OLD16,fit,U,STRICT_BASE,320,False,macro,7,7,1,UNKNOWN,1.0,7.0,7,7,,,0,0,1.0,7.0,7,7,1.0,7.0,7,7,0.0,0.0,7,7,1.0,7.0,7,7,,,0,0,,,0,0,0.0,0.0,7,7,0.0,0.0,7,7,0.0,0.0,7,7,0.0,0.0,7,7,1.0,7.0,7,7,,,0,0,1.0,7.0,7,7,,,0,0,,,0,0,,,0,0,,,0,0,,,0,0,,,0,0,1.0,7.0,7,7,,,0,0,,,0,0,,,0,0,,,0,0,,,0,0,,,0,0,,,0,0,,,0,0,,,0,0,COMMON_SUPPORTED,METRIC,,,,,,,,,,,,,,,,,,
NEW7,A,0,C_EXTRA_QA,RC_FIXED_OLD16,fit,U,STRICT_BASE,320,False,micro,7,7,1,UNKNOWN,1.0,7.0,7,7,,,0,0,1.0,7.0,7,7,1.0,7.0,7,7,0.0,0.0,7,7,1.0,7.0,7,7,,,0,0,,,0,0,0.0,0.0,7,7,0.0,0.0,7,7,0.0,0.0,7,7,0.0,0.0,7,7,1.0,7.0,7,7,,,0,0,1.0,7.0,7,7,,,0,0,,,0,0,,,0,0,,,0,0,,,0,0,,,0,0,1.0,7.0,7,7,,,0,0,,,0,0,,,0,0,,,0,0,,,0,0,,,0,0,,,0,0,,,0,0,,,0,0,COMMON_SUPPORTED,METRIC,,,,,,,,,,,,,,,,,,
NEW7,A,0,C_EXTRA_QA,RC_FIXED_OLD16,fit,positive,EDIT_TARGET,320,False,macro,28,7,7,UNKNOWN,0.9642857142857143,27.0,28,7,,,0,0,0.9642857142857143,27.0,28,7,0.35714285714285715,10.0,28,7,,,0,0,,,0,0,0.9583333333333334,17.0,18,6,1.0,18.0,18,6,1.0,28.0,28,7,0.9642857142857143,27.0,28,7,,,0,0,,,0,0,0.0,0.0,28,7,,,0,0,0.9642857142857143,27.0,28,7,,,0,0,,,0,0,,,0,0,,,0,0,,,0,0,,,0,0,1.0,28.0,28,7,,,0,0,,,0,0,,,0,0,0.0,0.0,28,7,,,0,0,,,0,0,,,0,0,,,0,0,,,0,0,COMMON_SUPPORTED,METRIC,,,,,,,,,,,,,,,,,,
NEW7,A,0,C_EXTRA_QA,RC_FIXED_OLD16,fit,positive,EDIT_TARGET,320,False,micro,28,7,7,UNKNOWN,0.9642857142857143,27.0,28,7,,,0,0,0.9642857142857143,27.0,28,7,0.35714285714285715,10.0,28,7,,,0,0,,,0,0,0.9444444444444444,17.0,18,6,1.0,18.0,18,6,1.0,28.0,28,7,0.9642857142857143,27.0,28,7,,,0,0,,,0,0,0.0,0.0,28,7,,,0,0,0.9642857142857143,27.0,28,7,,,0,0,,,0,0,,,0,0,,,0,0,,,0,0,,,0,0,1.0,28.0,28,7,,,0,0,,,0,0,,,0,0,0.0,0.0,28,7,,,0,0,,,0,0,,,0,0,,,0,0,,,0,0,COMMON_SUPPORTED,METRIC,,,,,,,,,,,,,,,,,,
NEW7,A,0,C_EXTRA_QA,RC_FIXED_OLD16,native,T0,EDIT_TARGET,320,False,macro,7,7,7,UNKNOWN,0.8571428571428571,6.0,7,7,0.8571428571428571,6.0,7,7,0.8571428571428571,6.0,7,7,0.0,0.0,7,7,,,0,0,,,0,0,0.8571428571428571,6.0,7,7,1.0,7.0,7,7,1.0,7.0,7,7,0.8571428571428571,6.0,7,7,,,0,0,,,0,0,0.0,0.0,7,7,,,0,0,0.8571428571428571,6.0,7,7,,,0,0,,,0,0,,,0,0,,,0,0,,,0,0,,,0,0,1.0,7.0,7,7,,,0,0,,,0,0,,,0,0,0.0,0.0,7,7,,,0,0,,,0,0,,,0,0,,,0,0,,,0,0,COMMON_SUPPORTED,METRIC,,,,,,,,,,,,,,,,,,
NEW7,A,0,C_EXTRA_QA,RC_FIXED_OLD16,native,T0,EDIT_TARGET,320,False,micro,7,7,7,UNKNOWN,0.8571428571428571,6.0,7,7,0.8571428571428571,6.0,7,7,0.8571428571428571,6.0,7,7,0.0,0.0,7,7,,,0,0,,,0,0,0.8571428571428571,6.0,7,7,1.0,7.0,7,7,1.0,7.0,7,7,0.8571428571428571,6.0,7,7,,,0,0,,,0,0,0.0,0.0,7,7,,,0,0,0.8571428571428571,6.0,7,7,,,0,0,,,0,0,,,0,0,,,0,0,,,0,0,,,0,0,1.0,7.0,7,7,,,0,0,,,0,0,,,0,0,0.0,0.0,7,7,,,0,0,,,0,0,,,0,0,,,0,0,,,0,0,COMMON_SUPPORTED,METRIC,,,,,,,,,,,,,,,,,,
NEW7,A,0,C_FACT,BE_ROUTE_R0,challenge,challenge,STRICT_BASE,320,False,macro,12,4,3,UNKNOWN,0.75,9.0,12,4,,,0,0,0.75,9.0,12,4,0.3333333333333333,4.0,12,4,0.0,0.0,4,4,1.0,4.0,4,4,0.625,5.0,8,4,1.0,8.0,8,4,1.0,12.0,12,4,0.75,9.0,12,4,1.0,12.0,12,4,0.0,0.0,4,4,0.0,0.0,12,4,,,0,0,0.75,9.0,12,4,,,0,0,,,0,0,,,0,0,,,0,0,,,0,0,,,0,0,1.0,12.0,12,4,,,0,0,0.0,0.0,4,4,0.25,3.0,12,4,,,0,0,,,0,0,,,0,0,,,0,0,,,0,0,,,0,0,COMMON_SUPPORTED,METRIC,,,,,,,,,,,,,,,,,,
NEW7,A,0,C_FACT,BE_ROUTE_R0,challenge,challenge,STRICT_BASE,320,False,micro,12,4,3,UNKNOWN,0.75,9.0,12,4,,,0,0,0.75,9.0,12,4,0.3333333333333333,4.0,12,4,0.0,0.0,4,4,1.0,4.0,4,4,0.625,5.0,8,4,1.0,8.0,8,4,1.0,12.0,12,4,0.75,9.0,12,4,1.0,12.0,12,4,0.0,0.0,4,4,0.0,0.0,12,4,,,0,0,0.75,9.0,12,4,,,0,0,,,0,0,,,0,0,,,0,0,,,0,0,,,0,0,1.0,12.0,12,4,,,0,0,0.0,0.0,4,4,0.25,3.0,12,4,,,0,0,,,0,0,,,0,0,,,0,0,,,0,0,,,0,0,COMMON_SUPPORTED,METRIC,,,,,,,,,,,,,,,,,,
NEW7,A,0,C_FACT,BE_ROUTE_R0,evaluation,H,STRICT_BASE,320,False,macro,9,7,3,UNKNOWN,0.7857142857142857,6.0,9,7,,,0,0,0.7857142857142857,6.0,9,7,0.6428571428571429,5.0,9,7,0.0,0.0,5,5,1.0,5.0,5,5,0.3333333333333333,1.0,4,3,0.6666666666666666,3.0,4,3,0.8571428571428571,7.0,9,7,0.7142857142857143,5.0,9,7,0.8571428571428571,7.0,9,7,0.0,0.0,5,5,0.14285714285714285,2.0,9,7,,,0,0,0.8571428571428571,7.0,9,7,,,0,0,,,0,0,,,0,0,,,0,0,,,0,0,,,0,0,1.0,9.0,9,7,,,0,0,0.0,0.0,4,4,0.16666666666666666,2.0,7,6,,,0,0,,,0,0,,,0,0,,,0,0,,,0,0,,,0,0,COMMON_SUPPORTED,METRIC,,,,,,,,,,,,,,,,,,
NEW7,A,0,C_FACT,BE_ROUTE_R0,evaluation,H,STRICT_BASE,320,False,micro,9,7,3,UNKNOWN,0.6666666666666666,6.0,9,7,,,0,0,0.6666666666666666,6.0,9,7,0.5555555555555556,5.0,9,7,0.0,0.0,5,5,1.0,5.0,5,5,0.25,1.0,4,3,0.75,3.0,4,3,0.7777777777777778,7.0,9,7,0.5555555555555556,5.0,9,7,0.7777777777777778,7.0,9,7,0.0,0.0,5,5,0.2222222222222222,2.0,9,7,,,0,0,0.7777777777777778,7.0,9,7,,,0,0,,,0,0,,,0,0,,,0,0,,,0,0,,,0,0,1.0,9.0,9,7,,,0,0,0.0,0.0,4,4,0.2857142857142857,2.0,7,6,,,0,0,,,0,0,,,0,0,,,0,0,,,0,0,,,0,0,COMMON_SUPPORTED,METRIC,,,,,,,,,,,,,,,,,,
NEW7,A,0,C_FACT,BE_ROUTE_R0,evaluation,U,STRICT_BASE,320,False,macro,28,7,2,UNKNOWN,0.869047619047619,23.0,28,7,,,0,0,0.869047619047619,23.0,28,7,0.8452380952380952,22.0,28,7,0.0,0.0,22,7,1.0,22.0,22,7,0.16666666666666666,1.0,6,6,0.5,3.0,6,6,0.7142857142857143,20.0,28,7,0.6428571428571428,17.0,28,7,0.7142857142857143,20.0,28,7,0.0,0.0,22,7,0.47619047619047616,14.0,28,7,,,0,0,0.8333333333333333,22.0,28,7,,,0,0,,,0,0,,,0,0,,,0,0,,,0,0,,,0,0,1.0,28.0,28,7,,,0,0,0.0,0.0,16,5,0.09999999999999999,3.0,20,5,,,0,0,,,0,0,,,0,0,,,0,0,,,0,0,,,0,0,COMMON_SUPPORTED,METRIC,,,,,,,,,,,,,,,,,,
NEW7,A,0,C_FACT,BE_ROUTE_R0,evaluation,U,STRICT_BASE,320,False,micro,28,7,2,UNKNOWN,0.8214285714285714,23.0,28,7,,,0,0,0.8214285714285714,23.0,28,7,0.7857142857142857,22.0,28,7,0.0,0.0,22,7,1.0,22.0,22,7,0.16666666666666666,1.0,6,6,0.5,3.0,6,6,0.7142857142857143,20.0,28,7,0.6071428571428571,17.0,28,7,0.7142857142857143,20.0,28,7,0.0,0.0,22,7,0.5,14.0,28,7,,,0,0,0.7857142857142857,22.0,28,7,,,0,0,,,0,0,,,0,0,,,0,0,,,0,0,,,0,0,1.0,28.0,28,7,,,0,0,0.0,0.0,16,5,0.15,3.0,20,5,,,0,0,,,0,0,,,0,0,,,0,0,,,0,0,,,0,0,COMMON_SUPPORTED,METRIC,,,,,,,,,,,,,,,,,,
NEW7,A,0,C_FACT,BE_ROUTE_R0,evaluation,cross_family_confirmation,EDIT_TARGET,320,False,macro,14,7,7,UNKNOWN,0.8571428571428571,12.0,14,7,,,0,0,0.8571428571428571,12.0,14,7,0.42857142857142855,6.0,14,7,,,0,0,,,0,0,0.75,6.0,8,4,1.0,8.0,8,4,1.0,14.0,14,7,0.8571428571428571,12.0,14,7,,,0,0,,,0,0,0.0,0.0,14,7,,,0,0,0.8571428571428571,12.0,14,7,,,0,0,,,0,0,,,0,0,,,0,0,,,0,0,,,0,0,1.0,14.0,14,7,,,0,0,,,0,0,,,0,0,0.0,0.0,14,7,,,0,0,,,0,0,,,0,0,,,0,0,,,0,0,COMMON_SUPPORTED,METRIC,,,,,,,,,,,,,,,,,,
NEW7,A,0,C_FACT,BE_ROUTE_R0,evaluation,cross_family_confirmation,EDIT_TARGET,320,False,micro,14,7,7,UNKNOWN,0.8571428571428571,12.0,14,7,,,0,0,0.8571428571428571,12.0,14,7,0.42857142857142855,6.0,14,7,,,0,0,,,0,0,0.75,6.0,8,4,1.0,8.0,8,4,1.0,14.0,14,7,0.8571428571428571,12.0,14,7,,,0,0,,,0,0,0.0,0.0,14,7,,,0,0,0.8571428571428571,12.0,14,7,,,0,0,,,0,0,,,0,0,,,0,0,,,0,0,,,0,0,1.0,14.0,14,7,,,0,0,,,0,0,,,0,0,0.0,0.0,14,7,,,0,0,,,0,0,,,0,0,,,0,0,,,0,0,COMMON_SUPPORTED,METRIC,,,,,,,,,,,,,,,,,,
NEW7,A,0,C_FACT,BE_ROUTE_R0,evaluation,source_style_confirmation,EDIT_TARGET,320,False,macro,14,7,7,UNKNOWN,1.0,14.0,14,7,,,0,0,1.0,14.0,14,7,0.5714285714285714,8.0,14,7,,,0,0,,,0,0,1.0,6.0,6,3,1.0,6.0,6,3,1.0,14.0,14,7,1.0,14.0,14,7,,,0,0,,,0,0,0.0,0.0,14,7,,,0,0,1.0,14.0,14,7,,,0,0,,,0,0,,,0,0,,,0,0,,,0,0,,,0,0,1.0,14.0,14,7,,,0,0,,,0,0,,,0,0,0.0,0.0,14,7,,,0,0,,,0,0,,,0,0,,,0,0,,,0,0,COMMON_SUPPORTED,METRIC,,,,,,,,,,,,,,,,,,
NEW7,A,0,C_FACT,BE_ROUTE_R0,evaluation,source_style_confirmation,EDIT_TARGET,320,False,micro,14,7,7,UNKNOWN,1.0,14.0,14,7,,,0,0,1.0,14.0,14,7,0.5714285714285714,8.0,14,7,,,0,0,,,0,0,1.0,6.0,6,3,1.0,6.0,6,3,1.0,14.0,14,7,1.0,14.0,14,7,,,0,0,,,0,0,0.0,0.0,14,7,,,0,0,1.0,14.0,14,7,,,0,0,,,0,0,,,0,0,,,0,0,,,0,0,,,0,0,1.0,14.0,14,7,,,0,0,,,0,0,,,0,0,0.0,0.0,14,7,,,0,0,,,0,0,,,0,0,,,0,0,,,0,0,COMMON_SUPPORTED,METRIC,,,,,,,,,,,,,,,,,,
NEW7,A,0,C_FACT,BE_ROUTE_R0,fit,H,STRICT_BASE,320,False,macro,7,7,2,UNKNOWN,1.0,7.0,7,7,,,0,0,1.0,7.0,7,7,1.0,7.0,7,7,0.0,0.0,7,7,1.0,7.0,7,7,,,0,0,,,0,0,0.8571428571428571,6.0,7,7,0.8571428571428571,6.0,7,7,0.8571428571428571,6.0,7,7,0.0,0.0,7,7,0.14285714285714285,1.0,7,7,,,0,0,1.0,7.0,7,7,,,0,0,,,0,0,,,0,0,,,0,0,,,0,0,,,0,0,1.0,7.0,7,7,,,0,0,0.0,0.0,6,6,0.0,0.0,6,6,,,0,0,,,0,0,,,0,0,,,0,0,,,0,0,,,0,0,COMMON_SUPPORTED,METRIC,,,,,,,,,,,,,,,,,,
NEW7,A,0,C_FACT,BE_ROUTE_R0,fit,H,STRICT_BASE,320,False,micro,7,7,2,UNKNOWN,1.0,7.0,7,7,,,0,0,1.0,7.0,7,7,1.0,7.0,7,7,0.0,0.0,7,7,1.0,7.0,7,7,,,0,0,,,0,0,0.8571428571428571,6.0,7,7,0.8571428571428571,6.0,7,7,0.8571428571428571,6.0,7,7,0.0,0.0,7,7,0.14285714285714285,1.0,7,7,,,0,0,1.0,7.0,7,7,,,0,0,,,0,0,,,0,0,,,0,0,,,0,0,,,0,0,1.0,7.0,7,7,,,0,0,0.0,0.0,6,6,0.0,0.0,6,6,,,0,0,,,0,0,,,0,0,,,0,0,,,0,0,,,0,0,COMMON_SUPPORTED,METRIC,,,,,,,,,,,,,,,,,,
NEW7,A,0,C_FACT,BE_ROUTE_R0,fit,U,STRICT_BASE,320,False,macro,7,7,1,UNKNOWN,1.0,7.0,7,7,,,0,0,1.0,7.0,7,7,1.0,7.0,7,7,0.0,0.0,7,7,1.0,7.0,7,7,,,0,0,,,0,0,0.7142857142857143,5.0,7,7,0.7142857142857143,5.0,7,7,0.7142857142857143,5.0,7,7,0.0,0.0,7,7,0.7142857142857143,5.0,7,7,,,0,0,1.0,7.0,7,7,,,0,0,,,0,0,,,0,0,,,0,0,,,0,0,,,0,0,1.0,7.0,7,7,,,0,0,0.0,0.0,5,5,0.0,0.0,5,5,,,0,0,,,0,0,,,0,0,,,0,0,,,0,0,,,0,0,COMMON_SUPPORTED,METRIC,,,,,,,,,,,,,,,,,,
NEW7,A,0,C_FACT,BE_ROUTE_R0,fit,U,STRICT_BASE,320,False,micro,7,7,1,UNKNOWN,1.0,7.0,7,7,,,0,0,1.0,7.0,7,7,1.0,7.0,7,7,0.0,0.0,7,7,1.0,7.0,7,7,,,0,0,,,0,0,0.7142857142857143,5.0,7,7,0.7142857142857143,5.0,7,7,0.7142857142857143,5.0,7,7,0.0,0.0,7,7,0.7142857142857143,5.0,7,7,,,0,0,1.0,7.0,7,7,,,0,0,,,0,0,,,0,0,,,0,0,,,0,0,,,0,0,1.0,7.0,7,7,,,0,0,0.0,0.0,5,5,0.0,0.0,5,5,,,0,0,,,0,0,,,0,0,,,0,0,,,0,0,,,0,0,COMMON_SUPPORTED,METRIC,,,,,,,,,,,,,,,,,,
NEW7,A,0,C_FACT,BE_ROUTE_R0,fit,positive,EDIT_TARGET,320,False,macro,28,7,7,UNKNOWN,0.9642857142857143,27.0,28,7,,,0,0,0.9642857142857143,27.0,28,7,0.35714285714285715,10.0,28,7,,,0,0,,,0,0,0.9583333333333334,17.0,18,6,1.0,18.0,18,6,1.0,28.0,28,7,0.9642857142857143,27.0,28,7,,,0,0,,,0,0,0.0,0.0,28,7,,,0,0,0.9642857142857143,27.0,28,7,,,0,0,,,0,0,,,0,0,,,0,0,,,0,0,,,0,0,1.0,28.0,28,7,,,0,0,,,0,0,,,0,0,0.0,0.0,28,7,,,0,0,,,0,0,,,0,0,,,0,0,,,0,0,COMMON_SUPPORTED,METRIC,,,,,,,,,,,,,,,,,,
NEW7,A,0,C_FACT,BE_ROUTE_R0,fit,positive,EDIT_TARGET,320,False,micro,28,7,7,UNKNOWN,0.9642857142857143,27.0,28,7,,,0,0,0.9642857142857143,27.0,28,7,0.35714285714285715,10.0,28,7,,,0,0,,,0,0,0.9444444444444444,17.0,18,6,1.0,18.0,18,6,1.0,28.0,28,7,0.9642857142857143,27.0,28,7,,,0,0,,,0,0,0.0,0.0,28,7,,,0,0,0.9642857142857143,27.0,28,7,,,0,0,,,0,0,,,0,0,,,0,0,,,0,0,,,0,0,1.0,28.0,28,7,,,0,0,,,0,0,,,0,0,0.0,0.0,28,7,,,0,0,,,0,0,,,0,0,,,0,0,,,0,0,COMMON_SUPPORTED,METRIC,,,,,,,,,,,,,,,,,,
NEW7,A,0,C_FACT,BE_ROUTE_R0,native,T0,EDIT_TARGET,320,False,macro,7,7,7,UNKNOWN,0.8571428571428571,6.0,7,7,0.8571428571428571,6.0,7,7,0.8571428571428571,6.0,7,7,0.0,0.0,7,7,,,0,0,,,0,0,0.8571428571428571,6.0,7,7,1.0,7.0,7,7,1.0,7.0,7,7,0.8571428571428571,6.0,7,7,,,0,0,,,0,0,0.0,0.0,7,7,,,0,0,0.8571428571428571,6.0,7,7,,,0,0,,,0,0,,,0,0,,,0,0,,,0,0,,,0,0,1.0,7.0,7,7,,,0,0,,,0,0,,,0,0,0.0,0.0,7,7,,,0,0,,,0,0,,,0,0,,,0,0,,,0,0,COMMON_SUPPORTED,METRIC,,,,,,,,,,,,,,,,,,
NEW7,A,0,C_FACT,BE_ROUTE_R0,native,T0,EDIT_TARGET,320,False,micro,7,7,7,UNKNOWN,0.8571428571428571,6.0,7,7,0.8571428571428571,6.0,7,7,0.8571428571428571,6.0,7,7,0.0,0.0,7,7,,,0,0,,,0,0,0.8571428571428571,6.0,7,7,1.0,7.0,7,7,1.0,7.0,7,7,0.8571428571428571,6.0,7,7,,,0,0,,,0,0,0.0,0.0,7,7,,,0,0,0.8571428571428571,6.0,7,7,,,0,0,,,0,0,,,0,0,,,0,0,,,0,0,,,0,0,1.0,7.0,7,7,,,0,0,,,0,0,,,0,0,0.0,0.0,7,7,,,0,0,,,0,0,,,0,0,,,0,0,,,0,0,COMMON_SUPPORTED,METRIC,,,,,,,,,,,,,,,,,,
NEW7,A,0,C_FACT,RC_FIXED_OLD16,challenge,challenge,STRICT_BASE,320,False,macro,12,4,3,UNKNOWN,0.3333333333333333,4.0,12,4,,,0,0,0.3333333333333333,4.0,12,4,0.3333333333333333,4.0,12,4,0.0,0.0,4,4,1.0,4.0,4,4,0.0,0.0,8,4,0.0,0.0,8,4,0.0,0.0,12,4,0.0,0.0,12,4,0.0,0.0,12,4,0.0,0.0,4,4,1.0,12.0,12,4,,,0,0,0.75,9.0,12,4,,,0,0,,,0,0,,,0,0,,,0,0,,,0,0,,,0,0,1.0,12.0,12,4,,,0,0,,,0,0,,,0,0,,,0,0,,,0,0,,,0,0,,,0,0,,,0,0,,,0,0,COMMON_SUPPORTED,METRIC,,,,,,,,,,,,,,,,,,
NEW7,A,0,C_FACT,RC_FIXED_OLD16,challenge,challenge,STRICT_BASE,320,False,micro,12,4,3,UNKNOWN,0.3333333333333333,4.0,12,4,,,0,0,0.3333333333333333,4.0,12,4,0.3333333333333333,4.0,12,4,0.0,0.0,4,4,1.0,4.0,4,4,0.0,0.0,8,4,0.0,0.0,8,4,0.0,0.0,12,4,0.0,0.0,12,4,0.0,0.0,12,4,0.0,0.0,4,4,1.0,12.0,12,4,,,0,0,0.75,9.0,12,4,,,0,0,,,0,0,,,0,0,,,0,0,,,0,0,,,0,0,1.0,12.0,12,4,,,0,0,,,0,0,,,0,0,,,0,0,,,0,0,,,0,0,,,0,0,,,0,0,,,0,0,COMMON_SUPPORTED,METRIC,,,,,,,,,,,,,,,,,,
NEW7,A,0,C_FACT,RC_FIXED_OLD16,evaluation,H,STRICT_BASE,320,False,macro,9,7,3,UNKNOWN,0.6428571428571429,5.0,9,7,,,0,0,0.6428571428571429,5.0,9,7,0.6428571428571429,5.0,9,7,0.0,0.0,5,5,1.0,5.0,5,5,0.0,0.0,4,3,0.0,0.0,4,3,0.0,0.0,9,7,0.0,0.0,9,7,0.0,0.0,9,7,0.0,0.0,5,5,1.0,9.0,9,7,,,0,0,0.8571428571428571,7.0,9,7,,,0,0,,,0,0,,,0,0,,,0,0,,,0,0,,,0,0,1.0,9.0,9,7,,,0,0,,,0,0,,,0,0,,,0,0,,,0,0,,,0,0,,,0,0,,,0,0,,,0,0,COMMON_SUPPORTED,METRIC,,,,,,,,,,,,,,,,,,
NEW7,A,0,C_FACT,RC_FIXED_OLD16,evaluation,H,STRICT_BASE,320,False,micro,9,7,3,UNKNOWN,0.5555555555555556,5.0,9,7,,,0,0,0.5555555555555556,5.0,9,7,0.5555555555555556,5.0,9,7,0.0,0.0,5,5,1.0,5.0,5,5,0.0,0.0,4,3,0.0,0.0,4,3,0.0,0.0,9,7,0.0,0.0,9,7,0.0,0.0,9,7,0.0,0.0,5,5,1.0,9.0,9,7,,,0,0,0.7777777777777778,7.0,9,7,,,0,0,,,0,0,,,0,0,,,0,0,,,0,0,,,0,0,1.0,9.0,9,7,,,0,0,,,0,0,,,0,0,,,0,0,,,0,0,,,0,0,,,0,0,,,0,0,,,0,0,COMMON_SUPPORTED,METRIC,,,,,,,,,,,,,,,,,,
NEW7,A,0,C_FACT,RC_FIXED_OLD16,evaluation,U,STRICT_BASE,320,False,macro,28,7,2,UNKNOWN,0.8452380952380952,22.0,28,7,,,0,0,0.8452380952380952,22.0,28,7,0.8452380952380952,22.0,28,7,0.0,0.0,22,7,1.0,22.0,22,7,0.0,0.0,6,6,0.0,0.0,6,6,0.0,0.0,28,7,0.0,0.0,28,7,0.0,0.0,28,7,0.0,0.0,22,7,1.0,28.0,28,7,,,0,0,0.8333333333333333,22.0,28,7,,,0,0,,,0,0,,,0,0,,,0,0,,,0,0,,,0,0,1.0,28.0,28,7,,,0,0,,,0,0,,,0,0,,,0,0,,,0,0,,,0,0,,,0,0,,,0,0,,,0,0,COMMON_SUPPORTED,METRIC,,,,,,,,,,,,,,,,,,
NEW7,A,0,C_FACT,RC_FIXED_OLD16,evaluation,U,STRICT_BASE,320,False,micro,28,7,2,UNKNOWN,0.7857142857142857,22.0,28,7,,,0,0,0.7857142857142857,22.0,28,7,0.7857142857142857,22.0,28,7,0.0,0.0,22,7,1.0,22.0,22,7,0.0,0.0,6,6,0.0,0.0,6,6,0.0,0.0,28,7,0.0,0.0,28,7,0.0,0.0,28,7,0.0,0.0,22,7,1.0,28.0,28,7,,,0,0,0.7857142857142857,22.0,28,7,,,0,0,,,0,0,,,0,0,,,0,0,,,0,0,,,0,0,1.0,28.0,28,7,,,0,0,,,0,0,,,0,0,,,0,0,,,0,0,,,0,0,,,0,0,,,0,0,,,0,0,COMMON_SUPPORTED,METRIC,,,,,,,,,,,,,,,,,,
NEW7,A,0,C_FACT,RC_FIXED_OLD16,evaluation,cross_family_confirmation,EDIT_TARGET,320,False,macro,14,7,7,UNKNOWN,0.8571428571428571,12.0,14,7,,,0,0,0.8571428571428571,12.0,14,7,0.42857142857142855,6.0,14,7,,,0,0,,,0,0,0.75,6.0,8,4,1.0,8.0,8,4,1.0,14.0,14,7,0.8571428571428571,12.0,14,7,,,0,0,,,0,0,0.0,0.0,14,7,,,0,0,0.8571428571428571,12.0,14,7,,,0,0,,,0,0,,,0,0,,,0,0,,,0,0,,,0,0,1.0,14.0,14,7,,,0,0,,,0,0,,,0,0,0.0,0.0,14,7,,,0,0,,,0,0,,,0,0,,,0,0,,,0,0,COMMON_SUPPORTED,METRIC,,,,,,,,,,,,,,,,,,
NEW7,A,0,C_FACT,RC_FIXED_OLD16,evaluation,cross_family_confirmation,EDIT_TARGET,320,False,micro,14,7,7,UNKNOWN,0.8571428571428571,12.0,14,7,,,0,0,0.8571428571428571,12.0,14,7,0.42857142857142855,6.0,14,7,,,0,0,,,0,0,0.75,6.0,8,4,1.0,8.0,8,4,1.0,14.0,14,7,0.8571428571428571,12.0,14,7,,,0,0,,,0,0,0.0,0.0,14,7,,,0,0,0.8571428571428571,12.0,14,7,,,0,0,,,0,0,,,0,0,,,0,0,,,0,0,,,0,0,1.0,14.0,14,7,,,0,0,,,0,0,,,0,0,0.0,0.0,14,7,,,0,0,,,0,0,,,0,0,,,0,0,,,0,0,COMMON_SUPPORTED,METRIC,,,,,,,,,,,,,,,,,,
NEW7,A,0,C_FACT,RC_FIXED_OLD16,evaluation,source_style_confirmation,EDIT_TARGET,320,False,macro,14,7,7,UNKNOWN,1.0,14.0,14,7,,,0,0,1.0,14.0,14,7,0.5714285714285714,8.0,14,7,,,0,0,,,0,0,1.0,6.0,6,3,1.0,6.0,6,3,1.0,14.0,14,7,1.0,14.0,14,7,,,0,0,,,0,0,0.0,0.0,14,7,,,0,0,1.0,14.0,14,7,,,0,0,,,0,0,,,0,0,,,0,0,,,0,0,,,0,0,1.0,14.0,14,7,,,0,0,,,0,0,,,0,0,0.0,0.0,14,7,,,0,0,,,0,0,,,0,0,,,0,0,,,0,0,COMMON_SUPPORTED,METRIC,,,,,,,,,,,,,,,,,,
NEW7,A,0,C_FACT,RC_FIXED_OLD16,evaluation,source_style_confirmation,EDIT_TARGET,320,False,micro,14,7,7,UNKNOWN,1.0,14.0,14,7,,,0,0,1.0,14.0,14,7,0.5714285714285714,8.0,14,7,,,0,0,,,0,0,1.0,6.0,6,3,1.0,6.0,6,3,1.0,14.0,14,7,1.0,14.0,14,7,,,0,0,,,0,0,0.0,0.0,14,7,,,0,0,1.0,14.0,14,7,,,0,0,,,0,0,,,0,0,,,0,0,,,0,0,,,0,0,1.0,14.0,14,7,,,0,0,,,0,0,,,0,0,0.0,0.0,14,7,,,0,0,,,0,0,,,0,0,,,0,0,,,0,0,COMMON_SUPPORTED,METRIC,,,,,,,,,,,,,,,,,,
NEW7,A,0,C_FACT,RC_FIXED_OLD16,fit,H,STRICT_BASE,320,False,macro,7,7,2,UNKNOWN,1.0,7.0,7,7,,,0,0,1.0,7.0,7,7,1.0,7.0,7,7,0.0,0.0,7,7,1.0,7.0,7,7,,,0,0,,,0,0,0.0,0.0,7,7,0.0,0.0,7,7,0.0,0.0,7,7,0.0,0.0,7,7,1.0,7.0,7,7,,,0,0,1.0,7.0,7,7,,,0,0,,,0,0,,,0,0,,,0,0,,,0,0,,,0,0,1.0,7.0,7,7,,,0,0,,,0,0,,,0,0,,,0,0,,,0,0,,,0,0,,,0,0,,,0,0,,,0,0,COMMON_SUPPORTED,METRIC,,,,,,,,,,,,,,,,,,
NEW7,A,0,C_FACT,RC_FIXED_OLD16,fit,H,STRICT_BASE,320,False,micro,7,7,2,UNKNOWN,1.0,7.0,7,7,,,0,0,1.0,7.0,7,7,1.0,7.0,7,7,0.0,0.0,7,7,1.0,7.0,7,7,,,0,0,,,0,0,0.0,0.0,7,7,0.0,0.0,7,7,0.0,0.0,7,7,0.0,0.0,7,7,1.0,7.0,7,7,,,0,0,1.0,7.0,7,7,,,0,0,,,0,0,,,0,0,,,0,0,,,0,0,,,0,0,1.0,7.0,7,7,,,0,0,,,0,0,,,0,0,,,0,0,,,0,0,,,0,0,,,0,0,,,0,0,,,0,0,COMMON_SUPPORTED,METRIC,,,,,,,,,,,,,,,,,,
NEW7,A,0,C_FACT,RC_FIXED_OLD16,fit,U,STRICT_BASE,320,False,macro,7,7,1,UNKNOWN,1.0,7.0,7,7,,,0,0,1.0,7.0,7,7,1.0,7.0,7,7,0.0,0.0,7,7,1.0,7.0,7,7,,,0,0,,,0,0,0.0,0.0,7,7,0.0,0.0,7,7,0.0,0.0,7,7,0.0,0.0,7,7,1.0,7.0,7,7,,,0,0,1.0,7.0,7,7,,,0,0,,,0,0,,,0,0,,,0,0,,,0,0,,,0,0,1.0,7.0,7,7,,,0,0,,,0,0,,,0,0,,,0,0,,,0,0,,,0,0,,,0,0,,,0,0,,,0,0,COMMON_SUPPORTED,METRIC,,,,,,,,,,,,,,,,,,
NEW7,A,0,C_FACT,RC_FIXED_OLD16,fit,U,STRICT_BASE,320,False,micro,7,7,1,UNKNOWN,1.0,7.0,7,7,,,0,0,1.0,7.0,7,7,1.0,7.0,7,7,0.0,0.0,7,7,1.0,7.0,7,7,,,0,0,,,0,0,0.0,0.0,7,7,0.0,0.0,7,7,0.0,0.0,7,7,0.0,0.0,7,7,1.0,7.0,7,7,,,0,0,1.0,7.0,7,7,,,0,0,,,0,0,,,0,0,,,0,0,,,0,0,,,0,0,1.0,7.0,7,7,,,0,0,,,0,0,,,0,0,,,0,0,,,0,0,,,0,0,,,0,0,,,0,0,,,0,0,COMMON_SUPPORTED,METRIC,,,,,,,,,,,,,,,,,,
NEW7,A,0,C_FACT,RC_FIXED_OLD16,fit,positive,EDIT_TARGET,320,False,macro,28,7,7,UNKNOWN,0.9642857142857143,27.0,28,7,,,0,0,0.9642857142857143,27.0,28,7,0.35714285714285715,10.0,28,7,,,0,0,,,0,0,0.9583333333333334,17.0,18,6,1.0,18.0,18,6,1.0,28.0,28,7,0.9642857142857143,27.0,28,7,,,0,0,,,0,0,0.0,0.0,28,7,,,0,0,0.9642857142857143,27.0,28,7,,,0,0,,,0,0,,,0,0,,,0,0,,,0,0,,,0,0,1.0,28.0,28,7,,,0,0,,,0,0,,,0,0,0.0,0.0,28,7,,,0,0,,,0,0,,,0,0,,,0,0,,,0,0,COMMON_SUPPORTED,METRIC,,,,,,,,,,,,,,,,,,
NEW7,A,0,C_FACT,RC_FIXED_OLD16,fit,positive,EDIT_TARGET,320,False,micro,28,7,7,UNKNOWN,0.9642857142857143,27.0,28,7,,,0,0,0.9642857142857143,27.0,28,7,0.35714285714285715,10.0,28,7,,,0,0,,,0,0,0.9444444444444444,17.0,18,6,1.0,18.0,18,6,1.0,28.0,28,7,0.9642857142857143,27.0,28,7,,,0,0,,,0,0,0.0,0.0,28,7,,,0,0,0.9642857142857143,27.0,28,7,,,0,0,,,0,0,,,0,0,,,0,0,,,0,0,,,0,0,1.0,28.0,28,7,,,0,0,,,0,0,,,0,0,0.0,0.0,28,7,,,0,0,,,0,0,,,0,0,,,0,0,,,0,0,COMMON_SUPPORTED,METRIC,,,,,,,,,,,,,,,,,,
NEW7,A,0,C_FACT,RC_FIXED_OLD16,native,T0,EDIT_TARGET,320,False,macro,7,7,7,UNKNOWN,0.8571428571428571,6.0,7,7,0.8571428571428571,6.0,7,7,0.8571428571428571,6.0,7,7,0.0,0.0,7,7,,,0,0,,,0,0,0.8571428571428571,6.0,7,7,1.0,7.0,7,7,1.0,7.0,7,7,0.8571428571428571,6.0,7,7,,,0,0,,,0,0,0.0,0.0,7,7,,,0,0,0.8571428571428571,6.0,7,7,,,0,0,,,0,0,,,0,0,,,0,0,,,0,0,,,0,0,1.0,7.0,7,7,,,0,0,,,0,0,,,0,0,0.0,0.0,7,7,,,0,0,,,0,0,,,0,0,,,0,0,,,0,0,COMMON_SUPPORTED,METRIC,,,,,,,,,,,,,,,,,,
NEW7,A,0,C_FACT,RC_FIXED_OLD16,native,T0,EDIT_TARGET,320,False,micro,7,7,7,UNKNOWN,0.8571428571428571,6.0,7,7,0.8571428571428571,6.0,7,7,0.8571428571428571,6.0,7,7,0.0,0.0,7,7,,,0,0,,,0,0,0.8571428571428571,6.0,7,7,1.0,7.0,7,7,1.0,7.0,7,7,0.8571428571428571,6.0,7,7,,,0,0,,,0,0,0.0,0.0,7,7,,,0,0,0.8571428571428571,6.0,7,7,,,0,0,,,0,0,,,0,0,,,0,0,,,0,0,,,0,0,1.0,7.0,7,7,,,0,0,,,0,0,,,0,0,0.0,0.0,7,7,,,0,0,,,0,0,,,0,0,,,0,0,,,0,0,COMMON_SUPPORTED,METRIC,,,,,,,,,,,,,,,,,,
NEW7,A,0,C_NO_H,BE_ROUTE_R0,challenge,challenge,STRICT_BASE,320,False,macro,12,4,3,UNKNOWN,1.0,12.0,12,4,,,0,0,1.0,12.0,12,4,0.3333333333333333,4.0,12,4,0.0,0.0,4,4,1.0,4.0,4,4,1.0,8.0,8,4,1.0,8.0,8,4,1.0,12.0,12,4,1.0,12.0,12,4,1.0,12.0,12,4,0.0,0.0,4,4,0.0,0.0,12,4,,,0,0,1.0,12.0,12,4,,,0,0,,,0,0,,,0,0,,,0,0,,,0,0,,,0,0,1.0,12.0,12,4,,,0,0,0.0,0.0,4,4,0.0,0.0,12,4,,,0,0,,,0,0,,,0,0,,,0,0,,,0,0,,,0,0,COMMON_SUPPORTED,METRIC,,,,,,,,,,,,,,,,,,
NEW7,A,0,C_NO_H,BE_ROUTE_R0,challenge,challenge,STRICT_BASE,320,False,micro,12,4,3,UNKNOWN,1.0,12.0,12,4,,,0,0,1.0,12.0,12,4,0.3333333333333333,4.0,12,4,0.0,0.0,4,4,1.0,4.0,4,4,1.0,8.0,8,4,1.0,8.0,8,4,1.0,12.0,12,4,1.0,12.0,12,4,1.0,12.0,12,4,0.0,0.0,4,4,0.0,0.0,12,4,,,0,0,1.0,12.0,12,4,,,0,0,,,0,0,,,0,0,,,0,0,,,0,0,,,0,0,1.0,12.0,12,4,,,0,0,0.0,0.0,4,4,0.0,0.0,12,4,,,0,0,,,0,0,,,0,0,,,0,0,,,0,0,,,0,0,COMMON_SUPPORTED,METRIC,,,,,,,,,,,,,,,,,,
NEW7,A,0,C_NO_H,BE_ROUTE_R0,evaluation,H,STRICT_BASE,320,False,macro,9,7,3,UNKNOWN,0.07142857142857142,1.0,9,7,,,0,0,0.07142857142857142,1.0,9,7,0.6428571428571429,5.0,9,7,0.8,4.0,5,5,0.2,1.0,5,5,0.0,0.0,4,3,0.6666666666666666,3.0,4,3,0.8571428571428571,7.0,9,7,0.0,0.0,9,7,0.8571428571428571,7.0,9,7,0.8,4.0,5,5,0.14285714285714285,2.0,9,7,,,0,0,0.0,0.0,9,7,,,0,0,,,0,0,,,0,0,,,0,0,,,0,0,,,0,0,1.0,9.0,9,7,,,0,0,1.0,4.0,4,4,1.0,7.0,7,6,,,0,0,,,0,0,,,0,0,,,0,0,,,0,0,,,0,0,COMMON_SUPPORTED,METRIC,,,,,,,,,,,,,,,,,,
NEW7,A,0,C_NO_H,BE_ROUTE_R0,evaluation,H,STRICT_BASE,320,False,micro,9,7,3,UNKNOWN,0.1111111111111111,1.0,9,7,,,0,0,0.1111111111111111,1.0,9,7,0.5555555555555556,5.0,9,7,0.8,4.0,5,5,0.2,1.0,5,5,0.0,0.0,4,3,0.75,3.0,4,3,0.7777777777777778,7.0,9,7,0.0,0.0,9,7,0.7777777777777778,7.0,9,7,0.8,4.0,5,5,0.2222222222222222,2.0,9,7,,,0,0,0.0,0.0,9,7,,,0,0,,,0,0,,,0,0,,,0,0,,,0,0,,,0,0,1.0,9.0,9,7,,,0,0,1.0,4.0,4,4,1.0,7.0,7,6,,,0,0,,,0,0,,,0,0,,,0,0,,,0,0,,,0,0,COMMON_SUPPORTED,METRIC,,,,,,,,,,,,,,,,,,
NEW7,A,0,C_NO_H,BE_ROUTE_R0,evaluation,U,STRICT_BASE,320,False,macro,28,7,2,UNKNOWN,0.4880952380952381,13.0,28,7,,,0,0,0.4880952380952381,13.0,28,7,0.8452380952380952,22.0,28,7,0.40476190476190477,9.0,22,7,0.5952380952380952,13.0,22,7,0.0,0.0,6,6,0.6666666666666666,4.0,6,6,0.7142857142857143,20.0,28,7,0.26190476190476186,7.0,28,7,0.7142857142857143,20.0,28,7,0.40476190476190477,9.0,22,7,0.30952380952380953,9.0,28,7,,,0,0,0.5,13.0,28,7,,,0,0,,,0,0,,,0,0,,,0,0,,,0,0,,,0,0,1.0,28.0,28,7,,,0,0,0.5666666666666667,9.0,16,5,0.6333333333333333,13.0,20,5,,,0,0,,,0,0,,,0,0,,,0,0,,,0,0,,,0,0,COMMON_SUPPORTED,METRIC,,,,,,,,,,,,,,,,,,
NEW7,A,0,C_NO_H,BE_ROUTE_R0,evaluation,U,STRICT_BASE,320,False,micro,28,7,2,UNKNOWN,0.4642857142857143,13.0,28,7,,,0,0,0.4642857142857143,13.0,28,7,0.7857142857142857,22.0,28,7,0.4090909090909091,9.0,22,7,0.5909090909090909,13.0,22,7,0.0,0.0,6,6,0.6666666666666666,4.0,6,6,0.7142857142857143,20.0,28,7,0.25,7.0,28,7,0.7142857142857143,20.0,28,7,0.4090909090909091,9.0,22,7,0.32142857142857145,9.0,28,7,,,0,0,0.4642857142857143,13.0,28,7,,,0,0,,,0,0,,,0,0,,,0,0,,,0,0,,,0,0,1.0,28.0,28,7,,,0,0,0.5625,9.0,16,5,0.65,13.0,20,5,,,0,0,,,0,0,,,0,0,,,0,0,,,0,0,,,0,0,COMMON_SUPPORTED,METRIC,,,,,,,,,,,,,,,,,,
NEW7,A,0,C_NO_H,BE_ROUTE_R0,evaluation,cross_family_confirmation,EDIT_TARGET,320,False,macro,14,7,7,UNKNOWN,0.8571428571428571,12.0,14,7,,,0,0,0.8571428571428571,12.0,14,7,0.42857142857142855,6.0,14,7,,,0,0,,,0,0,0.75,6.0,8,4,1.0,8.0,8,4,1.0,14.0,14,7,0.8571428571428571,12.0,14,7,,,0,0,,,0,0,0.0,0.0,14,7,,,0,0,0.8571428571428571,12.0,14,7,,,0,0,,,0,0,,,0,0,,,0,0,,,0,0,,,0,0,1.0,14.0,14,7,,,0,0,,,0,0,,,0,0,0.0,0.0,14,7,,,0,0,,,0,0,,,0,0,,,0,0,,,0,0,COMMON_SUPPORTED,METRIC,,,,,,,,,,,,,,,,,,
NEW7,A,0,C_NO_H,BE_ROUTE_R0,evaluation,cross_family_confirmation,EDIT_TARGET,320,False,micro,14,7,7,UNKNOWN,0.8571428571428571,12.0,14,7,,,0,0,0.8571428571428571,12.0,14,7,0.42857142857142855,6.0,14,7,,,0,0,,,0,0,0.75,6.0,8,4,1.0,8.0,8,4,1.0,14.0,14,7,0.8571428571428571,12.0,14,7,,,0,0,,,0,0,0.0,0.0,14,7,,,0,0,0.8571428571428571,12.0,14,7,,,0,0,,,0,0,,,0,0,,,0,0,,,0,0,,,0,0,1.0,14.0,14,7,,,0,0,,,0,0,,,0,0,0.0,0.0,14,7,,,0,0,,,0,0,,,0,0,,,0,0,,,0,0,COMMON_SUPPORTED,METRIC,,,,,,,,,,,,,,,,,,
NEW7,A,0,C_NO_H,BE_ROUTE_R0,evaluation,source_style_confirmation,EDIT_TARGET,320,False,macro,14,7,7,UNKNOWN,1.0,14.0,14,7,,,0,0,1.0,14.0,14,7,0.5714285714285714,8.0,14,7,,,0,0,,,0,0,1.0,6.0,6,3,1.0,6.0,6,3,1.0,14.0,14,7,1.0,14.0,14,7,,,0,0,,,0,0,0.0,0.0,14,7,,,0,0,1.0,14.0,14,7,,,0,0,,,0,0,,,0,0,,,0,0,,,0,0,,,0,0,1.0,14.0,14,7,,,0,0,,,0,0,,,0,0,0.0,0.0,14,7,,,0,0,,,0,0,,,0,0,,,0,0,,,0,0,COMMON_SUPPORTED,METRIC,,,,,,,,,,,,,,,,,,
NEW7,A,0,C_NO_H,BE_ROUTE_R0,evaluation,source_style_confirmation,EDIT_TARGET,320,False,micro,14,7,7,UNKNOWN,1.0,14.0,14,7,,,0,0,1.0,14.0,14,7,0.5714285714285714,8.0,14,7,,,0,0,,,0,0,1.0,6.0,6,3,1.0,6.0,6,3,1.0,14.0,14,7,1.0,14.0,14,7,,,0,0,,,0,0,0.0,0.0,14,7,,,0,0,1.0,14.0,14,7,,,0,0,,,0,0,,,0,0,,,0,0,,,0,0,,,0,0,1.0,14.0,14,7,,,0,0,,,0,0,,,0,0,0.0,0.0,14,7,,,0,0,,,0,0,,,0,0,,,0,0,,,0,0,COMMON_SUPPORTED,METRIC,,,,,,,,,,,,,,,,,,
NEW7,A,0,C_NO_H,BE_ROUTE_R0,fit,H,STRICT_BASE,320,False,macro,7,7,2,UNKNOWN,0.14285714285714285,1.0,7,7,,,0,0,0.14285714285714285,1.0,7,7,1.0,7.0,7,7,0.8571428571428571,6.0,7,7,0.14285714285714285,1.0,7,7,,,0,0,,,0,0,0.8571428571428571,6.0,7,7,0.0,0.0,7,7,0.8571428571428571,6.0,7,7,0.8571428571428571,6.0,7,7,0.14285714285714285,1.0,7,7,,,0,0,0.0,0.0,7,7,,,0,0,,,0,0,,,0,0,,,0,0,,,0,0,,,0,0,1.0,7.0,7,7,,,0,0,1.0,6.0,6,6,1.0,6.0,6,6,,,0,0,,,0,0,,,0,0,,,0,0,,,0,0,,,0,0,COMMON_SUPPORTED,METRIC,,,,,,,,,,,,,,,,,,
NEW7,A,0,C_NO_H,BE_ROUTE_R0,fit,H,STRICT_BASE,320,False,micro,7,7,2,UNKNOWN,0.14285714285714285,1.0,7,7,,,0,0,0.14285714285714285,1.0,7,7,1.0,7.0,7,7,0.8571428571428571,6.0,7,7,0.14285714285714285,1.0,7,7,,,0,0,,,0,0,0.8571428571428571,6.0,7,7,0.0,0.0,7,7,0.8571428571428571,6.0,7,7,0.8571428571428571,6.0,7,7,0.14285714285714285,1.0,7,7,,,0,0,0.0,0.0,7,7,,,0,0,,,0,0,,,0,0,,,0,0,,,0,0,,,0,0,1.0,7.0,7,7,,,0,0,1.0,6.0,6,6,1.0,6.0,6,6,,,0,0,,,0,0,,,0,0,,,0,0,,,0,0,,,0,0,COMMON_SUPPORTED,METRIC,,,,,,,,,,,,,,,,,,
NEW7,A,0,C_NO_H,BE_ROUTE_R0,fit,U,STRICT_BASE,320,False,macro,7,7,1,UNKNOWN,1.0,7.0,7,7,,,0,0,1.0,7.0,7,7,1.0,7.0,7,7,0.0,0.0,7,7,1.0,7.0,7,7,,,0,0,,,0,0,0.7142857142857143,5.0,7,7,0.7142857142857143,5.0,7,7,0.7142857142857143,5.0,7,7,0.0,0.0,7,7,0.8571428571428571,6.0,7,7,,,0,0,1.0,7.0,7,7,,,0,0,,,0,0,,,0,0,,,0,0,,,0,0,,,0,0,1.0,7.0,7,7,,,0,0,0.0,0.0,5,5,0.0,0.0,5,5,,,0,0,,,0,0,,,0,0,,,0,0,,,0,0,,,0,0,COMMON_SUPPORTED,METRIC,,,,,,,,,,,,,,,,,,
NEW7,A,0,C_NO_H,BE_ROUTE_R0,fit,U,STRICT_BASE,320,False,micro,7,7,1,UNKNOWN,1.0,7.0,7,7,,,0,0,1.0,7.0,7,7,1.0,7.0,7,7,0.0,0.0,7,7,1.0,7.0,7,7,,,0,0,,,0,0,0.7142857142857143,5.0,7,7,0.7142857142857143,5.0,7,7,0.7142857142857143,5.0,7,7,0.0,0.0,7,7,0.8571428571428571,6.0,7,7,,,0,0,1.0,7.0,7,7,,,0,0,,,0,0,,,0,0,,,0,0,,,0,0,,,0,0,1.0,7.0,7,7,,,0,0,0.0,0.0,5,5,0.0,0.0,5,5,,,0,0,,,0,0,,,0,0,,,0,0,,,0,0,,,0,0,COMMON_SUPPORTED,METRIC,,,,,,,,,,,,,,,,,,
NEW7,A,0,C_NO_H,BE_ROUTE_R0,fit,positive,EDIT_TARGET,320,False,macro,28,7,7,UNKNOWN,0.9642857142857143,27.0,28,7,,,0,0,0.9642857142857143,27.0,28,7,0.35714285714285715,10.0,28,7,,,0,0,,,0,0,0.9583333333333334,17.0,18,6,1.0,18.0,18,6,1.0,28.0,28,7,0.9642857142857143,27.0,28,7,,,0,0,,,0,0,0.0,0.0,28,7,,,0,0,0.9642857142857143,27.0,28,7,,,0,0,,,0,0,,,0,0,,,0,0,,,0,0,,,0,0,1.0,28.0,28,7,,,0,0,,,0,0,,,0,0,0.0,0.0,28,7,,,0,0,,,0,0,,,0,0,,,0,0,,,0,0,COMMON_SUPPORTED,METRIC,,,,,,,,,,,,,,,,,,
NEW7,A,0,C_NO_H,BE_ROUTE_R0,fit,positive,EDIT_TARGET,320,False,micro,28,7,7,UNKNOWN,0.9642857142857143,27.0,28,7,,,0,0,0.9642857142857143,27.0,28,7,0.35714285714285715,10.0,28,7,,,0,0,,,0,0,0.9444444444444444,17.0,18,6,1.0,18.0,18,6,1.0,28.0,28,7,0.9642857142857143,27.0,28,7,,,0,0,,,0,0,0.0,0.0,28,7,,,0,0,0.9642857142857143,27.0,28,7,,,0,0,,,0,0,,,0,0,,,0,0,,,0,0,,,0,0,1.0,28.0,28,7,,,0,0,,,0,0,,,0,0,0.0,0.0,28,7,,,0,0,,,0,0,,,0,0,,,0,0,,,0,0,COMMON_SUPPORTED,METRIC,,,,,,,,,,,,,,,,,,
NEW7,A,0,C_NO_H,BE_ROUTE_R0,native,T0,EDIT_TARGET,320,False,macro,7,7,7,UNKNOWN,0.8571428571428571,6.0,7,7,0.8571428571428571,6.0,7,7,0.8571428571428571,6.0,7,7,0.0,0.0,7,7,,,0,0,,,0,0,0.8571428571428571,6.0,7,7,1.0,7.0,7,7,1.0,7.0,7,7,0.8571428571428571,6.0,7,7,,,0,0,,,0,0,0.0,0.0,7,7,,,0,0,0.8571428571428571,6.0,7,7,,,0,0,,,0,0,,,0,0,,,0,0,,,0,0,,,0,0,1.0,7.0,7,7,,,0,0,,,0,0,,,0,0,0.0,0.0,7,7,,,0,0,,,0,0,,,0,0,,,0,0,,,0,0,COMMON_SUPPORTED,METRIC,,,,,,,,,,,,,,,,,,
NEW7,A,0,C_NO_H,BE_ROUTE_R0,native,T0,EDIT_TARGET,320,False,micro,7,7,7,UNKNOWN,0.8571428571428571,6.0,7,7,0.8571428571428571,6.0,7,7,0.8571428571428571,6.0,7,7,0.0,0.0,7,7,,,0,0,,,0,0,0.8571428571428571,6.0,7,7,1.0,7.0,7,7,1.0,7.0,7,7,0.8571428571428571,6.0,7,7,,,0,0,,,0,0,0.0,0.0,7,7,,,0,0,0.8571428571428571,6.0,7,7,,,0,0,,,0,0,,,0,0,,,0,0,,,0,0,,,0,0,1.0,7.0,7,7,,,0,0,,,0,0,,,0,0,0.0,0.0,7,7,,,0,0,,,0,0,,,0,0,,,0,0,,,0,0,COMMON_SUPPORTED,METRIC,,,,,,,,,,,,,,,,,,
NEW7,A,0,C_NO_H,RC_FIXED_OLD16,challenge,challenge,STRICT_BASE,320,False,macro,12,4,3,UNKNOWN,0.3333333333333333,4.0,12,4,,,0,0,0.3333333333333333,4.0,12,4,0.3333333333333333,4.0,12,4,0.0,0.0,4,4,1.0,4.0,4,4,0.0,0.0,8,4,0.0,0.0,8,4,0.0,0.0,12,4,0.0,0.0,12,4,0.0,0.0,12,4,0.0,0.0,4,4,1.0,12.0,12,4,,,0,0,1.0,12.0,12,4,,,0,0,,,0,0,,,0,0,,,0,0,,,0,0,,,0,0,1.0,12.0,12,4,,,0,0,,,0,0,,,0,0,,,0,0,,,0,0,,,0,0,,,0,0,,,0,0,,,0,0,COMMON_SUPPORTED,METRIC,,,,,,,,,,,,,,,,,,
NEW7,A,0,C_NO_H,RC_FIXED_OLD16,challenge,challenge,STRICT_BASE,320,False,micro,12,4,3,UNKNOWN,0.3333333333333333,4.0,12,4,,,0,0,0.3333333333333333,4.0,12,4,0.3333333333333333,4.0,12,4,0.0,0.0,4,4,1.0,4.0,4,4,0.0,0.0,8,4,0.0,0.0,8,4,0.0,0.0,12,4,0.0,0.0,12,4,0.0,0.0,12,4,0.0,0.0,4,4,1.0,12.0,12,4,,,0,0,1.0,12.0,12,4,,,0,0,,,0,0,,,0,0,,,0,0,,,0,0,,,0,0,1.0,12.0,12,4,,,0,0,,,0,0,,,0,0,,,0,0,,,0,0,,,0,0,,,0,0,,,0,0,,,0,0,COMMON_SUPPORTED,METRIC,,,,,,,,,,,,,,,,,,
NEW7,A,0,C_NO_H,RC_FIXED_OLD16,evaluation,H,STRICT_BASE,320,False,macro,9,7,3,UNKNOWN,0.6428571428571429,5.0,9,7,,,0,0,0.6428571428571429,5.0,9,7,0.6428571428571429,5.0,9,7,0.0,0.0,5,5,1.0,5.0,5,5,0.0,0.0,4,3,0.0,0.0,4,3,0.0,0.0,9,7,0.0,0.0,9,7,0.0,0.0,9,7,0.0,0.0,5,5,1.0,9.0,9,7,,,0,0,0.0,0.0,9,7,,,0,0,,,0,0,,,0,0,,,0,0,,,0,0,,,0,0,1.0,9.0,9,7,,,0,0,,,0,0,,,0,0,,,0,0,,,0,0,,,0,0,,,0,0,,,0,0,,,0,0,COMMON_SUPPORTED,METRIC,,,,,,,,,,,,,,,,,,
NEW7,A,0,C_NO_H,RC_FIXED_OLD16,evaluation,H,STRICT_BASE,320,False,micro,9,7,3,UNKNOWN,0.5555555555555556,5.0,9,7,,,0,0,0.5555555555555556,5.0,9,7,0.5555555555555556,5.0,9,7,0.0,0.0,5,5,1.0,5.0,5,5,0.0,0.0,4,3,0.0,0.0,4,3,0.0,0.0,9,7,0.0,0.0,9,7,0.0,0.0,9,7,0.0,0.0,5,5,1.0,9.0,9,7,,,0,0,0.0,0.0,9,7,,,0,0,,,0,0,,,0,0,,,0,0,,,0,0,,,0,0,1.0,9.0,9,7,,,0,0,,,0,0,,,0,0,,,0,0,,,0,0,,,0,0,,,0,0,,,0,0,,,0,0,COMMON_SUPPORTED,METRIC,,,,,,,,,,,,,,,,,,
NEW7,A,0,C_NO_H,RC_FIXED_OLD16,evaluation,U,STRICT_BASE,320,False,macro,28,7,2,UNKNOWN,0.8452380952380952,22.0,28,7,,,0,0,0.8452380952380952,22.0,28,7,0.8452380952380952,22.0,28,7,0.0,0.0,22,7,1.0,22.0,22,7,0.0,0.0,6,6,0.0,0.0,6,6,0.0,0.0,28,7,0.0,0.0,28,7,0.0,0.0,28,7,0.0,0.0,22,7,1.0,28.0,28,7,,,0,0,0.5,13.0,28,7,,,0,0,,,0,0,,,0,0,,,0,0,,,0,0,,,0,0,1.0,28.0,28,7,,,0,0,,,0,0,,,0,0,,,0,0,,,0,0,,,0,0,,,0,0,,,0,0,,,0,0,COMMON_SUPPORTED,METRIC,,,,,,,,,,,,,,,,,,
NEW7,A,0,C_NO_H,RC_FIXED_OLD16,evaluation,U,STRICT_BASE,320,False,micro,28,7,2,UNKNOWN,0.7857142857142857,22.0,28,7,,,0,0,0.7857142857142857,22.0,28,7,0.7857142857142857,22.0,28,7,0.0,0.0,22,7,1.0,22.0,22,7,0.0,0.0,6,6,0.0,0.0,6,6,0.0,0.0,28,7,0.0,0.0,28,7,0.0,0.0,28,7,0.0,0.0,22,7,1.0,28.0,28,7,,,0,0,0.4642857142857143,13.0,28,7,,,0,0,,,0,0,,,0,0,,,0,0,,,0,0,,,0,0,1.0,28.0,28,7,,,0,0,,,0,0,,,0,0,,,0,0,,,0,0,,,0,0,,,0,0,,,0,0,,,0,0,COMMON_SUPPORTED,METRIC,,,,,,,,,,,,,,,,,,
NEW7,A,0,C_NO_H,RC_FIXED_OLD16,evaluation,cross_family_confirmation,EDIT_TARGET,320,False,macro,14,7,7,UNKNOWN,0.8571428571428571,12.0,14,7,,,0,0,0.8571428571428571,12.0,14,7,0.42857142857142855,6.0,14,7,,,0,0,,,0,0,0.75,6.0,8,4,1.0,8.0,8,4,1.0,14.0,14,7,0.8571428571428571,12.0,14,7,,,0,0,,,0,0,0.0,0.0,14,7,,,0,0,0.8571428571428571,12.0,14,7,,,0,0,,,0,0,,,0,0,,,0,0,,,0,0,,,0,0,1.0,14.0,14,7,,,0,0,,,0,0,,,0,0,0.0,0.0,14,7,,,0,0,,,0,0,,,0,0,,,0,0,,,0,0,COMMON_SUPPORTED,METRIC,,,,,,,,,,,,,,,,,,
NEW7,A,0,C_NO_H,RC_FIXED_OLD16,evaluation,cross_family_confirmation,EDIT_TARGET,320,False,micro,14,7,7,UNKNOWN,0.8571428571428571,12.0,14,7,,,0,0,0.8571428571428571,12.0,14,7,0.42857142857142855,6.0,14,7,,,0,0,,,0,0,0.75,6.0,8,4,1.0,8.0,8,4,1.0,14.0,14,7,0.8571428571428571,12.0,14,7,,,0,0,,,0,0,0.0,0.0,14,7,,,0,0,0.8571428571428571,12.0,14,7,,,0,0,,,0,0,,,0,0,,,0,0,,,0,0,,,0,0,1.0,14.0,14,7,,,0,0,,,0,0,,,0,0,0.0,0.0,14,7,,,0,0,,,0,0,,,0,0,,,0,0,,,0,0,COMMON_SUPPORTED,METRIC,,,,,,,,,,,,,,,,,,
NEW7,A,0,C_NO_H,RC_FIXED_OLD16,evaluation,source_style_confirmation,EDIT_TARGET,320,False,macro,14,7,7,UNKNOWN,1.0,14.0,14,7,,,0,0,1.0,14.0,14,7,0.5714285714285714,8.0,14,7,,,0,0,,,0,0,1.0,6.0,6,3,1.0,6.0,6,3,1.0,14.0,14,7,1.0,14.0,14,7,,,0,0,,,0,0,0.0,0.0,14,7,,,0,0,1.0,14.0,14,7,,,0,0,,,0,0,,,0,0,,,0,0,,,0,0,,,0,0,1.0,14.0,14,7,,,0,0,,,0,0,,,0,0,0.0,0.0,14,7,,,0,0,,,0,0,,,0,0,,,0,0,,,0,0,COMMON_SUPPORTED,METRIC,,,,,,,,,,,,,,,,,,
NEW7,A,0,C_NO_H,RC_FIXED_OLD16,evaluation,source_style_confirmation,EDIT_TARGET,320,False,micro,14,7,7,UNKNOWN,1.0,14.0,14,7,,,0,0,1.0,14.0,14,7,0.5714285714285714,8.0,14,7,,,0,0,,,0,0,1.0,6.0,6,3,1.0,6.0,6,3,1.0,14.0,14,7,1.0,14.0,14,7,,,0,0,,,0,0,0.0,0.0,14,7,,,0,0,1.0,14.0,14,7,,,0,0,,,0,0,,,0,0,,,0,0,,,0,0,,,0,0,1.0,14.0,14,7,,,0,0,,,0,0,,,0,0,0.0,0.0,14,7,,,0,0,,,0,0,,,0,0,,,0,0,,,0,0,COMMON_SUPPORTED,METRIC,,,,,,,,,,,,,,,,,,
NEW7,A,0,C_NO_H,RC_FIXED_OLD16,fit,H,STRICT_BASE,320,False,macro,7,7,2,UNKNOWN,1.0,7.0,7,7,,,0,0,1.0,7.0,7,7,1.0,7.0,7,7,0.0,0.0,7,7,1.0,7.0,7,7,,,0,0,,,0,0,0.0,0.0,7,7,0.0,0.0,7,7,0.0,0.0,7,7,0.0,0.0,7,7,1.0,7.0,7,7,,,0,0,0.0,0.0,7,7,,,0,0,,,0,0,,,0,0,,,0,0,,,0,0,,,0,0,1.0,7.0,7,7,,,0,0,,,0,0,,,0,0,,,0,0,,,0,0,,,0,0,,,0,0,,,0,0,,,0,0,COMMON_SUPPORTED,METRIC,,,,,,,,,,,,,,,,,,
NEW7,A,0,C_NO_H,RC_FIXED_OLD16,fit,H,STRICT_BASE,320,False,micro,7,7,2,UNKNOWN,1.0,7.0,7,7,,,0,0,1.0,7.0,7,7,1.0,7.0,7,7,0.0,0.0,7,7,1.0,7.0,7,7,,,0,0,,,0,0,0.0,0.0,7,7,0.0,0.0,7,7,0.0,0.0,7,7,0.0,0.0,7,7,1.0,7.0,7,7,,,0,0,0.0,0.0,7,7,,,0,0,,,0,0,,,0,0,,,0,0,,,0,0,,,0,0,1.0,7.0,7,7,,,0,0,,,0,0,,,0,0,,,0,0,,,0,0,,,0,0,,,0,0,,,0,0,,,0,0,COMMON_SUPPORTED,METRIC,,,,,,,,,,,,,,,,,,
NEW7,A,0,C_NO_H,RC_FIXED_OLD16,fit,U,STRICT_BASE,320,False,macro,7,7,1,UNKNOWN,1.0,7.0,7,7,,,0,0,1.0,7.0,7,7,1.0,7.0,7,7,0.0,0.0,7,7,1.0,7.0,7,7,,,0,0,,,0,0,0.0,0.0,7,7,0.0,0.0,7,7,0.0,0.0,7,7,0.0,0.0,7,7,1.0,7.0,7,7,,,0,0,1.0,7.0,7,7,,,0,0,,,0,0,,,0,0,,,0,0,,,0,0,,,0,0,1.0,7.0,7,7,,,0,0,,,0,0,,,0,0,,,0,0,,,0,0,,,0,0,,,0,0,,,0,0,,,0,0,COMMON_SUPPORTED,METRIC,,,,,,,,,,,,,,,,,,
NEW7,A,0,C_NO_H,RC_FIXED_OLD16,fit,U,STRICT_BASE,320,False,micro,7,7,1,UNKNOWN,1.0,7.0,7,7,,,0,0,1.0,7.0,7,7,1.0,7.0,7,7,0.0,0.0,7,7,1.0,7.0,7,7,,,0,0,,,0,0,0.0,0.0,7,7,0.0,0.0,7,7,0.0,0.0,7,7,0.0,0.0,7,7,1.0,7.0,7,7,,,0,0,1.0,7.0,7,7,,,0,0,,,0,0,,,0,0,,,0,0,,,0,0,,,0,0,1.0,7.0,7,7,,,0,0,,,0,0,,,0,0,,,0,0,,,0,0,,,0,0,,,0,0,,,0,0,,,0,0,COMMON_SUPPORTED,METRIC,,,,,,,,,,,,,,,,,,
NEW7,A,0,C_NO_H,RC_FIXED_OLD16,fit,positive,EDIT_TARGET,320,False,macro,28,7,7,UNKNOWN,0.9642857142857143,27.0,28,7,,,0,0,0.9642857142857143,27.0,28,7,0.35714285714285715,10.0,28,7,,,0,0,,,0,0,0.9583333333333334,17.0,18,6,1.0,18.0,18,6,1.0,28.0,28,7,0.9642857142857143,27.0,28,7,,,0,0,,,0,0,0.0,0.0,28,7,,,0,0,0.9642857142857143,27.0,28,7,,,0,0,,,0,0,,,0,0,,,0,0,,,0,0,,,0,0,1.0,28.0,28,7,,,0,0,,,0,0,,,0,0,0.0,0.0,28,7,,,0,0,,,0,0,,,0,0,,,0,0,,,0,0,COMMON_SUPPORTED,METRIC,,,,,,,,,,,,,,,,,,
NEW7,A,0,C_NO_H,RC_FIXED_OLD16,fit,positive,EDIT_TARGET,320,False,micro,28,7,7,UNKNOWN,0.9642857142857143,27.0,28,7,,,0,0,0.9642857142857143,27.0,28,7,0.35714285714285715,10.0,28,7,,,0,0,,,0,0,0.9444444444444444,17.0,18,6,1.0,18.0,18,6,1.0,28.0,28,7,0.9642857142857143,27.0,28,7,,,0,0,,,0,0,0.0,0.0,28,7,,,0,0,0.9642857142857143,27.0,28,7,,,0,0,,,0,0,,,0,0,,,0,0,,,0,0,,,0,0,1.0,28.0,28,7,,,0,0,,,0,0,,,0,0,0.0,0.0,28,7,,,0,0,,,0,0,,,0,0,,,0,0,,,0,0,COMMON_SUPPORTED,METRIC,,,,,,,,,,,,,,,,,,
NEW7,A,0,C_NO_H,RC_FIXED_OLD16,native,T0,EDIT_TARGET,320,False,macro,7,7,7,UNKNOWN,0.8571428571428571,6.0,7,7,0.8571428571428571,6.0,7,7,0.8571428571428571,6.0,7,7,0.0,0.0,7,7,,,0,0,,,0,0,0.8571428571428571,6.0,7,7,1.0,7.0,7,7,1.0,7.0,7,7,0.8571428571428571,6.0,7,7,,,0,0,,,0,0,0.0,0.0,7,7,,,0,0,0.8571428571428571,6.0,7,7,,,0,0,,,0,0,,,0,0,,,0,0,,,0,0,,,0,0,1.0,7.0,7,7,,,0,0,,,0,0,,,0,0,0.0,0.0,7,7,,,0,0,,,0,0,,,0,0,,,0,0,,,0,0,COMMON_SUPPORTED,METRIC,,,,,,,,,,,,,,,,,,
NEW7,A,0,C_NO_H,RC_FIXED_OLD16,native,T0,EDIT_TARGET,320,False,micro,7,7,7,UNKNOWN,0.8571428571428571,6.0,7,7,0.8571428571428571,6.0,7,7,0.8571428571428571,6.0,7,7,0.0,0.0,7,7,,,0,0,,,0,0,0.8571428571428571,6.0,7,7,1.0,7.0,7,7,1.0,7.0,7,7,0.8571428571428571,6.0,7,7,,,0,0,,,0,0,0.0,0.0,7,7,,,0,0,0.8571428571428571,6.0,7,7,,,0,0,,,0,0,,,0,0,,,0,0,,,0,0,,,0,0,1.0,7.0,7,7,,,0,0,,,0,0,,,0,0,0.0,0.0,7,7,,,0,0,,,0,0,,,0,0,,,0,0,,,0,0,COMMON_SUPPORTED,METRIC,,,,,,,,,,,,,,,,,,
NEW7,A,0,BE,BE_ROUTE_R0,challenge,challenge,STRICT_BASE,320,False,macro,12,4,3,UNKNOWN,1.0,12.0,12,4,,,0,0,1.0,12.0,12,4,0.3333333333333333,4.0,12,4,0.0,0.0,4,4,1.0,4.0,4,4,1.0,8.0,8,4,1.0,8.0,8,4,1.0,12.0,12,4,1.0,12.0,12,4,1.0,12.0,12,4,0.0,0.0,4,4,0.0,0.0,12,4,,,0,0,1.0,12.0,12,4,,,0,0,,,0,0,,,0,0,,,0,0,,,0,0,,,0,0,1.0,12.0,12,4,,,0,0,0.0,0.0,4,4,0.0,0.0,12,4,,,0,0,,,0,0,,,0,0,,,0,0,,,0,0,,,0,0,SAME_H_IMAGE,METRIC,,,,,,,,,,,,,,,,,,
NEW7,A,0,BE,BE_ROUTE_R0,challenge,challenge,STRICT_BASE,320,False,micro,12,4,3,UNKNOWN,1.0,12.0,12,4,,,0,0,1.0,12.0,12,4,0.3333333333333333,4.0,12,4,0.0,0.0,4,4,1.0,4.0,4,4,1.0,8.0,8,4,1.0,8.0,8,4,1.0,12.0,12,4,1.0,12.0,12,4,1.0,12.0,12,4,0.0,0.0,4,4,0.0,0.0,12,4,,,0,0,1.0,12.0,12,4,,,0,0,,,0,0,,,0,0,,,0,0,,,0,0,,,0,0,1.0,12.0,12,4,,,0,0,0.0,0.0,4,4,0.0,0.0,12,4,,,0,0,,,0,0,,,0,0,,,0,0,,,0,0,,,0,0,SAME_H_IMAGE,METRIC,,,,,,,,,,,,,,,,,,
NEW7,A,0,BE,BE_ROUTE_R0,evaluation,H,STRICT_BASE,320,False,macro,9,7,3,UNKNOWN,0.07142857142857142,1.0,9,7,,,0,0,0.07142857142857142,1.0,9,7,0.6428571428571429,5.0,9,7,0.8,4.0,5,5,0.2,1.0,5,5,0.0,0.0,4,3,0.6666666666666666,3.0,4,3,0.8571428571428571,7.0,9,7,0.0,0.0,9,7,0.8571428571428571,7.0,9,7,0.8,4.0,5,5,0.14285714285714285,2.0,9,7,,,0,0,0.0,0.0,9,7,,,0,0,,,0,0,,,0,0,,,0,0,,,0,0,,,0,0,1.0,9.0,9,7,,,0,0,1.0,4.0,4,4,1.0,7.0,7,6,,,0,0,,,0,0,,,0,0,,,0,0,,,0,0,,,0,0,SAME_H_IMAGE,METRIC,,,,,,,,,,,,,,,,,,
NEW7,A,0,BE,BE_ROUTE_R0,evaluation,H,STRICT_BASE,320,False,micro,9,7,3,UNKNOWN,0.1111111111111111,1.0,9,7,,,0,0,0.1111111111111111,1.0,9,7,0.5555555555555556,5.0,9,7,0.8,4.0,5,5,0.2,1.0,5,5,0.0,0.0,4,3,0.75,3.0,4,3,0.7777777777777778,7.0,9,7,0.0,0.0,9,7,0.7777777777777778,7.0,9,7,0.8,4.0,5,5,0.2222222222222222,2.0,9,7,,,0,0,0.0,0.0,9,7,,,0,0,,,0,0,,,0,0,,,0,0,,,0,0,,,0,0,1.0,9.0,9,7,,,0,0,1.0,4.0,4,4,1.0,7.0,7,6,,,0,0,,,0,0,,,0,0,,,0,0,,,0,0,,,0,0,SAME_H_IMAGE,METRIC,,,,,,,,,,,,,,,,,,
NEW7,A,0,BE,BE_ROUTE_R0,evaluation,U,STRICT_BASE,320,False,macro,28,7,2,UNKNOWN,0.2261904761904762,6.0,28,7,,,0,0,0.2261904761904762,6.0,28,7,0.8452380952380952,22.0,28,7,0.7142857142857143,16.0,22,7,0.2857142857142857,6.0,22,7,0.0,0.0,6,6,0.6666666666666666,4.0,6,6,0.7142857142857143,20.0,28,7,0.0,0.0,28,7,0.7142857142857143,20.0,28,7,0.7142857142857143,16.0,22,7,0.2857142857142857,8.0,28,7,,,0,0,0.03571428571428571,1.0,28,7,,,0,0,,,0,0,,,0,0,,,0,0,,,0,0,,,0,0,0.9047619047619048,26.0,28,7,,,0,0,1.0,16.0,16,5,1.0,20.0,20,5,,,0,0,,,0,0,,,0,0,,,0,0,,,0,0,,,0,0,SAME_H_IMAGE,METRIC,,,,,,,,,,,,,,,,,,
NEW7,A,0,BE,BE_ROUTE_R0,evaluation,U,STRICT_BASE,320,False,micro,28,7,2,UNKNOWN,0.21428571428571427,6.0,28,7,,,0,0,0.21428571428571427,6.0,28,7,0.7857142857142857,22.0,28,7,0.7272727272727273,16.0,22,7,0.2727272727272727,6.0,22,7,0.0,0.0,6,6,0.6666666666666666,4.0,6,6,0.7142857142857143,20.0,28,7,0.0,0.0,28,7,0.7142857142857143,20.0,28,7,0.7272727272727273,16.0,22,7,0.2857142857142857,8.0,28,7,,,0,0,0.03571428571428571,1.0,28,7,,,0,0,,,0,0,,,0,0,,,0,0,,,0,0,,,0,0,0.9285714285714286,26.0,28,7,,,0,0,1.0,16.0,16,5,1.0,20.0,20,5,,,0,0,,,0,0,,,0,0,,,0,0,,,0,0,,,0,0,SAME_H_IMAGE,METRIC,,,,,,,,,,,,,,,,,,
NEW7,A,0,BE,BE_ROUTE_R0,evaluation,cross_family_confirmation,EDIT_TARGET,320,False,macro,14,7,7,UNKNOWN,0.8571428571428571,12.0,14,7,,,0,0,0.8571428571428571,12.0,14,7,0.42857142857142855,6.0,14,7,,,0,0,,,0,0,0.75,6.0,8,4,1.0,8.0,8,4,1.0,14.0,14,7,0.8571428571428571,12.0,14,7,,,0,0,,,0,0,0.0,0.0,14,7,,,0,0,0.8571428571428571,12.0,14,7,,,0,0,,,0,0,,,0,0,,,0,0,,,0,0,,,0,0,1.0,14.0,14,7,,,0,0,,,0,0,,,0,0,0.0,0.0,14,7,,,0,0,,,0,0,,,0,0,,,0,0,,,0,0,SAME_H_IMAGE,METRIC,,,,,,,,,,,,,,,,,,
NEW7,A,0,BE,BE_ROUTE_R0,evaluation,cross_family_confirmation,EDIT_TARGET,320,False,micro,14,7,7,UNKNOWN,0.8571428571428571,12.0,14,7,,,0,0,0.8571428571428571,12.0,14,7,0.42857142857142855,6.0,14,7,,,0,0,,,0,0,0.75,6.0,8,4,1.0,8.0,8,4,1.0,14.0,14,7,0.8571428571428571,12.0,14,7,,,0,0,,,0,0,0.0,0.0,14,7,,,0,0,0.8571428571428571,12.0,14,7,,,0,0,,,0,0,,,0,0,,,0,0,,,0,0,,,0,0,1.0,14.0,14,7,,,0,0,,,0,0,,,0,0,0.0,0.0,14,7,,,0,0,,,0,0,,,0,0,,,0,0,,,0,0,SAME_H_IMAGE,METRIC,,,,,,,,,,,,,,,,,,
NEW7,A,0,BE,BE_ROUTE_R0,evaluation,source_style_confirmation,EDIT_TARGET,320,False,macro,14,7,7,UNKNOWN,1.0,14.0,14,7,,,0,0,1.0,14.0,14,7,0.5714285714285714,8.0,14,7,,,0,0,,,0,0,1.0,6.0,6,3,1.0,6.0,6,3,1.0,14.0,14,7,1.0,14.0,14,7,,,0,0,,,0,0,0.0,0.0,14,7,,,0,0,1.0,14.0,14,7,,,0,0,,,0,0,,,0,0,,,0,0,,,0,0,,,0,0,1.0,14.0,14,7,,,0,0,,,0,0,,,0,0,0.0,0.0,14,7,,,0,0,,,0,0,,,0,0,,,0,0,,,0,0,SAME_H_IMAGE,METRIC,,,,,,,,,,,,,,,,,,
NEW7,A,0,BE,BE_ROUTE_R0,evaluation,source_style_confirmation,EDIT_TARGET,320,False,micro,14,7,7,UNKNOWN,1.0,14.0,14,7,,,0,0,1.0,14.0,14,7,0.5714285714285714,8.0,14,7,,,0,0,,,0,0,1.0,6.0,6,3,1.0,6.0,6,3,1.0,14.0,14,7,1.0,14.0,14,7,,,0,0,,,0,0,0.0,0.0,14,7,,,0,0,1.0,14.0,14,7,,,0,0,,,0,0,,,0,0,,,0,0,,,0,0,,,0,0,1.0,14.0,14,7,,,0,0,,,0,0,,,0,0,0.0,0.0,14,7,,,0,0,,,0,0,,,0,0,,,0,0,,,0,0,SAME_H_IMAGE,METRIC,,,,,,,,,,,,,,,,,,
NEW7,A,0,BE,BE_ROUTE_R0,fit,H,STRICT_BASE,320,False,macro,7,7,2,UNKNOWN,0.14285714285714285,1.0,7,7,,,0,0,0.14285714285714285,1.0,7,7,1.0,7.0,7,7,0.8571428571428571,6.0,7,7,0.14285714285714285,1.0,7,7,,,0,0,,,0,0,0.8571428571428571,6.0,7,7,0.0,0.0,7,7,0.8571428571428571,6.0,7,7,0.8571428571428571,6.0,7,7,0.14285714285714285,1.0,7,7,,,0,0,0.0,0.0,7,7,,,0,0,,,0,0,,,0,0,,,0,0,,,0,0,,,0,0,1.0,7.0,7,7,,,0,0,1.0,6.0,6,6,1.0,6.0,6,6,,,0,0,,,0,0,,,0,0,,,0,0,,,0,0,,,0,0,SAME_H_IMAGE,METRIC,,,,,,,,,,,,,,,,,,
NEW7,A,0,BE,BE_ROUTE_R0,fit,H,STRICT_BASE,320,False,micro,7,7,2,UNKNOWN,0.14285714285714285,1.0,7,7,,,0,0,0.14285714285714285,1.0,7,7,1.0,7.0,7,7,0.8571428571428571,6.0,7,7,0.14285714285714285,1.0,7,7,,,0,0,,,0,0,0.8571428571428571,6.0,7,7,0.0,0.0,7,7,0.8571428571428571,6.0,7,7,0.8571428571428571,6.0,7,7,0.14285714285714285,1.0,7,7,,,0,0,0.0,0.0,7,7,,,0,0,,,0,0,,,0,0,,,0,0,,,0,0,,,0,0,1.0,7.0,7,7,,,0,0,1.0,6.0,6,6,1.0,6.0,6,6,,,0,0,,,0,0,,,0,0,,,0,0,,,0,0,,,0,0,SAME_H_IMAGE,METRIC,,,,,,,,,,,,,,,,,,
NEW7,A,0,BE,BE_ROUTE_R0,fit,U,STRICT_BASE,320,False,macro,7,7,1,UNKNOWN,0.2857142857142857,2.0,7,7,,,0,0,0.2857142857142857,2.0,7,7,1.0,7.0,7,7,0.7142857142857143,5.0,7,7,0.2857142857142857,2.0,7,7,,,0,0,,,0,0,0.7142857142857143,5.0,7,7,0.0,0.0,7,7,0.7142857142857143,5.0,7,7,0.7142857142857143,5.0,7,7,0.2857142857142857,2.0,7,7,,,0,0,0.0,0.0,7,7,,,0,0,,,0,0,,,0,0,,,0,0,,,0,0,,,0,0,0.8571428571428571,6.0,7,7,,,0,0,1.0,5.0,5,5,1.0,5.0,5,5,,,0,0,,,0,0,,,0,0,,,0,0,,,0,0,,,0,0,SAME_H_IMAGE,METRIC,,,,,,,,,,,,,,,,,,
NEW7,A,0,BE,BE_ROUTE_R0,fit,U,STRICT_BASE,320,False,micro,7,7,1,UNKNOWN,0.2857142857142857,2.0,7,7,,,0,0,0.2857142857142857,2.0,7,7,1.0,7.0,7,7,0.7142857142857143,5.0,7,7,0.2857142857142857,2.0,7,7,,,0,0,,,0,0,0.7142857142857143,5.0,7,7,0.0,0.0,7,7,0.7142857142857143,5.0,7,7,0.7142857142857143,5.0,7,7,0.2857142857142857,2.0,7,7,,,0,0,0.0,0.0,7,7,,,0,0,,,0,0,,,0,0,,,0,0,,,0,0,,,0,0,0.8571428571428571,6.0,7,7,,,0,0,1.0,5.0,5,5,1.0,5.0,5,5,,,0,0,,,0,0,,,0,0,,,0,0,,,0,0,,,0,0,SAME_H_IMAGE,METRIC,,,,,,,,,,,,,,,,,,
NEW7,A,0,BE,BE_ROUTE_R0,fit,positive,EDIT_TARGET,320,False,macro,28,7,7,UNKNOWN,0.9642857142857143,27.0,28,7,,,0,0,0.9642857142857143,27.0,28,7,0.35714285714285715,10.0,28,7,,,0,0,,,0,0,0.9583333333333334,17.0,18,6,1.0,18.0,18,6,1.0,28.0,28,7,0.9642857142857143,27.0,28,7,,,0,0,,,0,0,0.0,0.0,28,7,,,0,0,0.9642857142857143,27.0,28,7,,,0,0,,,0,0,,,0,0,,,0,0,,,0,0,,,0,0,1.0,28.0,28,7,,,0,0,,,0,0,,,0,0,0.0,0.0,28,7,,,0,0,,,0,0,,,0,0,,,0,0,,,0,0,SAME_H_IMAGE,METRIC,,,,,,,,,,,,,,,,,,
NEW7,A,0,BE,BE_ROUTE_R0,fit,positive,EDIT_TARGET,320,False,micro,28,7,7,UNKNOWN,0.9642857142857143,27.0,28,7,,,0,0,0.9642857142857143,27.0,28,7,0.35714285714285715,10.0,28,7,,,0,0,,,0,0,0.9444444444444444,17.0,18,6,1.0,18.0,18,6,1.0,28.0,28,7,0.9642857142857143,27.0,28,7,,,0,0,,,0,0,0.0,0.0,28,7,,,0,0,0.9642857142857143,27.0,28,7,,,0,0,,,0,0,,,0,0,,,0,0,,,0,0,,,0,0,1.0,28.0,28,7,,,0,0,,,0,0,,,0,0,0.0,0.0,28,7,,,0,0,,,0,0,,,0,0,,,0,0,,,0,0,SAME_H_IMAGE,METRIC,,,,,,,,,,,,,,,,,,
NEW7,A,0,BE,BE_ROUTE_R0,native,T0,EDIT_TARGET,320,False,macro,7,7,7,UNKNOWN,0.8571428571428571,6.0,7,7,0.8571428571428571,6.0,7,7,0.8571428571428571,6.0,7,7,0.0,0.0,7,7,,,0,0,,,0,0,0.8571428571428571,6.0,7,7,1.0,7.0,7,7,1.0,7.0,7,7,0.8571428571428571,6.0,7,7,,,0,0,,,0,0,0.0,0.0,7,7,,,0,0,0.8571428571428571,6.0,7,7,,,0,0,,,0,0,,,0,0,,,0,0,,,0,0,,,0,0,1.0,7.0,7,7,,,0,0,,,0,0,,,0,0,0.0,0.0,7,7,,,0,0,,,0,0,,,0,0,,,0,0,,,0,0,SAME_H_IMAGE,METRIC,,,,,,,,,,,,,,,,,,
NEW7,A,0,BE,BE_ROUTE_R0,native,T0,EDIT_TARGET,320,False,micro,7,7,7,UNKNOWN,0.8571428571428571,6.0,7,7,0.8571428571428571,6.0,7,7,0.8571428571428571,6.0,7,7,0.0,0.0,7,7,,,0,0,,,0,0,0.8571428571428571,6.0,7,7,1.0,7.0,7,7,1.0,7.0,7,7,0.8571428571428571,6.0,7,7,,,0,0,,,0,0,0.0,0.0,7,7,,,0,0,0.8571428571428571,6.0,7,7,,,0,0,,,0,0,,,0,0,,,0,0,,,0,0,,,0,0,1.0,7.0,7,7,,,0,0,,,0,0,,,0,0,0.0,0.0,7,7,,,0,0,,,0,0,,,0,0,,,0,0,,,0,0,SAME_H_IMAGE,METRIC,,,,,,,,,,,,,,,,,,
NEW7,A,0,BE,RC_FIXED_OLD16,challenge,challenge,STRICT_BASE,320,False,macro,12,4,3,UNKNOWN,0.3333333333333333,4.0,12,4,,,0,0,0.3333333333333333,4.0,12,4,0.3333333333333333,4.0,12,4,0.0,0.0,4,4,1.0,4.0,4,4,0.0,0.0,8,4,0.0,0.0,8,4,0.0,0.0,12,4,0.0,0.0,12,4,0.0,0.0,12,4,0.0,0.0,4,4,1.0,12.0,12,4,,,0,0,1.0,12.0,12,4,,,0,0,,,0,0,,,0,0,,,0,0,,,0,0,,,0,0,1.0,12.0,12,4,,,0,0,,,0,0,,,0,0,,,0,0,,,0,0,,,0,0,,,0,0,,,0,0,,,0,0,SAME_H_IMAGE,METRIC,,,,,,,,,,,,,,,,,,
NEW7,A,0,BE,RC_FIXED_OLD16,challenge,challenge,STRICT_BASE,320,False,micro,12,4,3,UNKNOWN,0.3333333333333333,4.0,12,4,,,0,0,0.3333333333333333,4.0,12,4,0.3333333333333333,4.0,12,4,0.0,0.0,4,4,1.0,4.0,4,4,0.0,0.0,8,4,0.0,0.0,8,4,0.0,0.0,12,4,0.0,0.0,12,4,0.0,0.0,12,4,0.0,0.0,4,4,1.0,12.0,12,4,,,0,0,1.0,12.0,12,4,,,0,0,,,0,0,,,0,0,,,0,0,,,0,0,,,0,0,1.0,12.0,12,4,,,0,0,,,0,0,,,0,0,,,0,0,,,0,0,,,0,0,,,0,0,,,0,0,,,0,0,SAME_H_IMAGE,METRIC,,,,,,,,,,,,,,,,,,
NEW7,A,0,BE,RC_FIXED_OLD16,evaluation,H,STRICT_BASE,320,False,macro,9,7,3,UNKNOWN,0.6428571428571429,5.0,9,7,,,0,0,0.6428571428571429,5.0,9,7,0.6428571428571429,5.0,9,7,0.0,0.0,5,5,1.0,5.0,5,5,0.0,0.0,4,3,0.0,0.0,4,3,0.0,0.0,9,7,0.0,0.0,9,7,0.0,0.0,9,7,0.0,0.0,5,5,1.0,9.0,9,7,,,0,0,0.0,0.0,9,7,,,0,0,,,0,0,,,0,0,,,0,0,,,0,0,,,0,0,1.0,9.0,9,7,,,0,0,,,0,0,,,0,0,,,0,0,,,0,0,,,0,0,,,0,0,,,0,0,,,0,0,SAME_H_IMAGE,METRIC,,,,,,,,,,,,,,,,,,
NEW7,A,0,BE,RC_FIXED_OLD16,evaluation,H,STRICT_BASE,320,False,micro,9,7,3,UNKNOWN,0.5555555555555556,5.0,9,7,,,0,0,0.5555555555555556,5.0,9,7,0.5555555555555556,5.0,9,7,0.0,0.0,5,5,1.0,5.0,5,5,0.0,0.0,4,3,0.0,0.0,4,3,0.0,0.0,9,7,0.0,0.0,9,7,0.0,0.0,9,7,0.0,0.0,5,5,1.0,9.0,9,7,,,0,0,0.0,0.0,9,7,,,0,0,,,0,0,,,0,0,,,0,0,,,0,0,,,0,0,1.0,9.0,9,7,,,0,0,,,0,0,,,0,0,,,0,0,,,0,0,,,0,0,,,0,0,,,0,0,,,0,0,SAME_H_IMAGE,METRIC,,,,,,,,,,,,,,,,,,
NEW7,A,0,BE,RC_FIXED_OLD16,evaluation,U,STRICT_BASE,320,False,macro,28,7,2,UNKNOWN,0.8452380952380952,22.0,28,7,,,0,0,0.8452380952380952,22.0,28,7,0.8452380952380952,22.0,28,7,0.0,0.0,22,7,1.0,22.0,22,7,0.0,0.0,6,6,0.0,0.0,6,6,0.0,0.0,28,7,0.0,0.0,28,7,0.0,0.0,28,7,0.0,0.0,22,7,1.0,28.0,28,7,,,0,0,0.03571428571428571,1.0,28,7,,,0,0,,,0,0,,,0,0,,,0,0,,,0,0,,,0,0,1.0,28.0,28,7,,,0,0,,,0,0,,,0,0,,,0,0,,,0,0,,,0,0,,,0,0,,,0,0,,,0,0,SAME_H_IMAGE,METRIC,,,,,,,,,,,,,,,,,,
NEW7,A,0,BE,RC_FIXED_OLD16,evaluation,U,STRICT_BASE,320,False,micro,28,7,2,UNKNOWN,0.7857142857142857,22.0,28,7,,,0,0,0.7857142857142857,22.0,28,7,0.7857142857142857,22.0,28,7,0.0,0.0,22,7,1.0,22.0,22,7,0.0,0.0,6,6,0.0,0.0,6,6,0.0,0.0,28,7,0.0,0.0,28,7,0.0,0.0,28,7,0.0,0.0,22,7,1.0,28.0,28,7,,,0,0,0.03571428571428571,1.0,28,7,,,0,0,,,0,0,,,0,0,,,0,0,,,0,0,,,0,0,1.0,28.0,28,7,,,0,0,,,0,0,,,0,0,,,0,0,,,0,0,,,0,0,,,0,0,,,0,0,,,0,0,SAME_H_IMAGE,METRIC,,,,,,,,,,,,,,,,,,
NEW7,A,0,BE,RC_FIXED_OLD16,evaluation,cross_family_confirmation,EDIT_TARGET,320,False,macro,14,7,7,UNKNOWN,0.8571428571428571,12.0,14,7,,,0,0,0.8571428571428571,12.0,14,7,0.42857142857142855,6.0,14,7,,,0,0,,,0,0,0.75,6.0,8,4,1.0,8.0,8,4,1.0,14.0,14,7,0.8571428571428571,12.0,14,7,,,0,0,,,0,0,0.0,0.0,14,7,,,0,0,0.8571428571428571,12.0,14,7,,,0,0,,,0,0,,,0,0,,,0,0,,,0,0,,,0,0,1.0,14.0,14,7,,,0,0,,,0,0,,,0,0,0.0,0.0,14,7,,,0,0,,,0,0,,,0,0,,,0,0,,,0,0,SAME_H_IMAGE,METRIC,,,,,,,,,,,,,,,,,,
NEW7,A,0,BE,RC_FIXED_OLD16,evaluation,cross_family_confirmation,EDIT_TARGET,320,False,micro,14,7,7,UNKNOWN,0.8571428571428571,12.0,14,7,,,0,0,0.8571428571428571,12.0,14,7,0.42857142857142855,6.0,14,7,,,0,0,,,0,0,0.75,6.0,8,4,1.0,8.0,8,4,1.0,14.0,14,7,0.8571428571428571,12.0,14,7,,,0,0,,,0,0,0.0,0.0,14,7,,,0,0,0.8571428571428571,12.0,14,7,,,0,0,,,0,0,,,0,0,,,0,0,,,0,0,,,0,0,1.0,14.0,14,7,,,0,0,,,0,0,,,0,0,0.0,0.0,14,7,,,0,0,,,0,0,,,0,0,,,0,0,,,0,0,SAME_H_IMAGE,METRIC,,,,,,,,,,,,,,,,,,
NEW7,A,0,BE,RC_FIXED_OLD16,evaluation,source_style_confirmation,EDIT_TARGET,320,False,macro,14,7,7,UNKNOWN,1.0,14.0,14,7,,,0,0,1.0,14.0,14,7,0.5714285714285714,8.0,14,7,,,0,0,,,0,0,1.0,6.0,6,3,1.0,6.0,6,3,1.0,14.0,14,7,1.0,14.0,14,7,,,0,0,,,0,0,0.0,0.0,14,7,,,0,0,1.0,14.0,14,7,,,0,0,,,0,0,,,0,0,,,0,0,,,0,0,,,0,0,1.0,14.0,14,7,,,0,0,,,0,0,,,0,0,0.0,0.0,14,7,,,0,0,,,0,0,,,0,0,,,0,0,,,0,0,SAME_H_IMAGE,METRIC,,,,,,,,,,,,,,,,,,
NEW7,A,0,BE,RC_FIXED_OLD16,evaluation,source_style_confirmation,EDIT_TARGET,320,False,micro,14,7,7,UNKNOWN,1.0,14.0,14,7,,,0,0,1.0,14.0,14,7,0.5714285714285714,8.0,14,7,,,0,0,,,0,0,1.0,6.0,6,3,1.0,6.0,6,3,1.0,14.0,14,7,1.0,14.0,14,7,,,0,0,,,0,0,0.0,0.0,14,7,,,0,0,1.0,14.0,14,7,,,0,0,,,0,0,,,0,0,,,0,0,,,0,0,,,0,0,1.0,14.0,14,7,,,0,0,,,0,0,,,0,0,0.0,0.0,14,7,,,0,0,,,0,0,,,0,0,,,0,0,,,0,0,SAME_H_IMAGE,METRIC,,,,,,,,,,,,,,,,,,
NEW7,A,0,BE,RC_FIXED_OLD16,fit,H,STRICT_BASE,320,False,macro,7,7,2,UNKNOWN,1.0,7.0,7,7,,,0,0,1.0,7.0,7,7,1.0,7.0,7,7,0.0,0.0,7,7,1.0,7.0,7,7,,,0,0,,,0,0,0.0,0.0,7,7,0.0,0.0,7,7,0.0,0.0,7,7,0.0,0.0,7,7,1.0,7.0,7,7,,,0,0,0.0,0.0,7,7,,,0,0,,,0,0,,,0,0,,,0,0,,,0,0,,,0,0,1.0,7.0,7,7,,,0,0,,,0,0,,,0,0,,,0,0,,,0,0,,,0,0,,,0,0,,,0,0,,,0,0,SAME_H_IMAGE,METRIC,,,,,,,,,,,,,,,,,,
NEW7,A,0,BE,RC_FIXED_OLD16,fit,H,STRICT_BASE,320,False,micro,7,7,2,UNKNOWN,1.0,7.0,7,7,,,0,0,1.0,7.0,7,7,1.0,7.0,7,7,0.0,0.0,7,7,1.0,7.0,7,7,,,0,0,,,0,0,0.0,0.0,7,7,0.0,0.0,7,7,0.0,0.0,7,7,0.0,0.0,7,7,1.0,7.0,7,7,,,0,0,0.0,0.0,7,7,,,0,0,,,0,0,,,0,0,,,0,0,,,0,0,,,0,0,1.0,7.0,7,7,,,0,0,,,0,0,,,0,0,,,0,0,,,0,0,,,0,0,,,0,0,,,0,0,,,0,0,SAME_H_IMAGE,METRIC,,,,,,,,,,,,,,,,,,
NEW7,A,0,BE,RC_FIXED_OLD16,fit,U,STRICT_BASE,320,False,macro,7,7,1,UNKNOWN,1.0,7.0,7,7,,,0,0,1.0,7.0,7,7,1.0,7.0,7,7,0.0,0.0,7,7,1.0,7.0,7,7,,,0,0,,,0,0,0.0,0.0,7,7,0.0,0.0,7,7,0.0,0.0,7,7,0.0,0.0,7,7,1.0,7.0,7,7,,,0,0,0.0,0.0,7,7,,,0,0,,,0,0,,,0,0,,,0,0,,,0,0,,,0,0,1.0,7.0,7,7,,,0,0,,,0,0,,,0,0,,,0,0,,,0,0,,,0,0,,,0,0,,,0,0,,,0,0,SAME_H_IMAGE,METRIC,,,,,,,,,,,,,,,,,,
NEW7,A,0,BE,RC_FIXED_OLD16,fit,U,STRICT_BASE,320,False,micro,7,7,1,UNKNOWN,1.0,7.0,7,7,,,0,0,1.0,7.0,7,7,1.0,7.0,7,7,0.0,0.0,7,7,1.0,7.0,7,7,,,0,0,,,0,0,0.0,0.0,7,7,0.0,0.0,7,7,0.0,0.0,7,7,0.0,0.0,7,7,1.0,7.0,7,7,,,0,0,0.0,0.0,7,7,,,0,0,,,0,0,,,0,0,,,0,0,,,0,0,,,0,0,1.0,7.0,7,7,,,0,0,,,0,0,,,0,0,,,0,0,,,0,0,,,0,0,,,0,0,,,0,0,,,0,0,SAME_H_IMAGE,METRIC,,,,,,,,,,,,,,,,,,
NEW7,A,0,BE,RC_FIXED_OLD16,fit,positive,EDIT_TARGET,320,False,macro,28,7,7,UNKNOWN,0.9642857142857143,27.0,28,7,,,0,0,0.9642857142857143,27.0,28,7,0.35714285714285715,10.0,28,7,,,0,0,,,0,0,0.9583333333333334,17.0,18,6,1.0,18.0,18,6,1.0,28.0,28,7,0.9642857142857143,27.0,28,7,,,0,0,,,0,0,0.0,0.0,28,7,,,0,0,0.9642857142857143,27.0,28,7,,,0,0,,,0,0,,,0,0,,,0,0,,,0,0,,,0,0,1.0,28.0,28,7,,,0,0,,,0,0,,,0,0,0.0,0.0,28,7,,,0,0,,,0,0,,,0,0,,,0,0,,,0,0,SAME_H_IMAGE,METRIC,,,,,,,,,,,,,,,,,,
NEW7,A,0,BE,RC_FIXED_OLD16,fit,positive,EDIT_TARGET,320,False,micro,28,7,7,UNKNOWN,0.9642857142857143,27.0,28,7,,,0,0,0.9642857142857143,27.0,28,7,0.35714285714285715,10.0,28,7,,,0,0,,,0,0,0.9444444444444444,17.0,18,6,1.0,18.0,18,6,1.0,28.0,28,7,0.9642857142857143,27.0,28,7,,,0,0,,,0,0,0.0,0.0,28,7,,,0,0,0.9642857142857143,27.0,28,7,,,0,0,,,0,0,,,0,0,,,0,0,,,0,0,,,0,0,1.0,28.0,28,7,,,0,0,,,0,0,,,0,0,0.0,0.0,28,7,,,0,0,,,0,0,,,0,0,,,0,0,,,0,0,SAME_H_IMAGE,METRIC,,,,,,,,,,,,,,,,,,
NEW7,A,0,BE,RC_FIXED_OLD16,native,T0,EDIT_TARGET,320,False,macro,7,7,7,UNKNOWN,0.8571428571428571,6.0,7,7,0.8571428571428571,6.0,7,7,0.8571428571428571,6.0,7,7,0.0,0.0,7,7,,,0,0,,,0,0,0.8571428571428571,6.0,7,7,1.0,7.0,7,7,1.0,7.0,7,7,0.8571428571428571,6.0,7,7,,,0,0,,,0,0,0.0,0.0,7,7,,,0,0,0.8571428571428571,6.0,7,7,,,0,0,,,0,0,,,0,0,,,0,0,,,0,0,,,0,0,1.0,7.0,7,7,,,0,0,,,0,0,,,0,0,0.0,0.0,7,7,,,0,0,,,0,0,,,0,0,,,0,0,,,0,0,SAME_H_IMAGE,METRIC,,,,,,,,,,,,,,,,,,
NEW7,A,0,BE,RC_FIXED_OLD16,native,T0,EDIT_TARGET,320,False,micro,7,7,7,UNKNOWN,0.8571428571428571,6.0,7,7,0.8571428571428571,6.0,7,7,0.8571428571428571,6.0,7,7,0.0,0.0,7,7,,,0,0,,,0,0,0.8571428571428571,6.0,7,7,1.0,7.0,7,7,1.0,7.0,7,7,0.8571428571428571,6.0,7,7,,,0,0,,,0,0,0.0,0.0,7,7,,,0,0,0.8571428571428571,6.0,7,7,,,0,0,,,0,0,,,0,0,,,0,0,,,0,0,,,0,0,1.0,7.0,7,7,,,0,0,,,0,0,,,0,0,0.0,0.0,7,7,,,0,0,,,0,0,,,0,0,,,0,0,,,0,0,SAME_H_IMAGE,METRIC,,,,,,,,,,,,,,,,,,
NEW7,A,0,C_EXTRA_QA,BE_ROUTE_R0,challenge,challenge,STRICT_BASE,320,False,macro,12,4,3,UNKNOWN,1.0,12.0,12,4,,,0,0,1.0,12.0,12,4,0.3333333333333333,4.0,12,4,0.0,0.0,4,4,1.0,4.0,4,4,1.0,8.0,8,4,1.0,8.0,8,4,1.0,12.0,12,4,1.0,12.0,12,4,1.0,12.0,12,4,0.0,0.0,4,4,0.0,0.0,12,4,,,0,0,1.0,12.0,12,4,,,0,0,,,0,0,,,0,0,,,0,0,,,0,0,,,0,0,1.0,12.0,12,4,,,0,0,0.0,0.0,4,4,0.0,0.0,12,4,,,0,0,,,0,0,,,0,0,,,0,0,,,0,0,,,0,0,SAME_H_IMAGE,METRIC,,,,,,,,,,,,,,,,,,
NEW7,A,0,C_EXTRA_QA,BE_ROUTE_R0,challenge,challenge,STRICT_BASE,320,False,micro,12,4,3,UNKNOWN,1.0,12.0,12,4,,,0,0,1.0,12.0,12,4,0.3333333333333333,4.0,12,4,0.0,0.0,4,4,1.0,4.0,4,4,1.0,8.0,8,4,1.0,8.0,8,4,1.0,12.0,12,4,1.0,12.0,12,4,1.0,12.0,12,4,0.0,0.0,4,4,0.0,0.0,12,4,,,0,0,1.0,12.0,12,4,,,0,0,,,0,0,,,0,0,,,0,0,,,0,0,,,0,0,1.0,12.0,12,4,,,0,0,0.0,0.0,4,4,0.0,0.0,12,4,,,0,0,,,0,0,,,0,0,,,0,0,,,0,0,,,0,0,SAME_H_IMAGE,METRIC,,,,,,,,,,,,,,,,,,
NEW7,A,0,C_EXTRA_QA,BE_ROUTE_R0,evaluation,H,STRICT_BASE,320,False,macro,9,7,3,UNKNOWN,0.07142857142857142,1.0,9,7,,,0,0,0.07142857142857142,1.0,9,7,0.6428571428571429,5.0,9,7,0.8,4.0,5,5,0.2,1.0,5,5,0.0,0.0,4,3,0.6666666666666666,3.0,4,3,0.8571428571428571,7.0,9,7,0.0,0.0,9,7,0.8571428571428571,7.0,9,7,0.8,4.0,5,5,0.14285714285714285,2.0,9,7,,,0,0,0.0,0.0,9,7,,,0,0,,,0,0,,,0,0,,,0,0,,,0,0,,,0,0,1.0,9.0,9,7,,,0,0,1.0,4.0,4,4,1.0,7.0,7,6,,,0,0,,,0,0,,,0,0,,,0,0,,,0,0,,,0,0,SAME_H_IMAGE,METRIC,,,,,,,,,,,,,,,,,,
NEW7,A,0,C_EXTRA_QA,BE_ROUTE_R0,evaluation,H,STRICT_BASE,320,False,micro,9,7,3,UNKNOWN,0.1111111111111111,1.0,9,7,,,0,0,0.1111111111111111,1.0,9,7,0.5555555555555556,5.0,9,7,0.8,4.0,5,5,0.2,1.0,5,5,0.0,0.0,4,3,0.75,3.0,4,3,0.7777777777777778,7.0,9,7,0.0,0.0,9,7,0.7777777777777778,7.0,9,7,0.8,4.0,5,5,0.2222222222222222,2.0,9,7,,,0,0,0.0,0.0,9,7,,,0,0,,,0,0,,,0,0,,,0,0,,,0,0,,,0,0,1.0,9.0,9,7,,,0,0,1.0,4.0,4,4,1.0,7.0,7,6,,,0,0,,,0,0,,,0,0,,,0,0,,,0,0,,,0,0,SAME_H_IMAGE,METRIC,,,,,,,,,,,,,,,,,,
NEW7,A,0,C_EXTRA_QA,BE_ROUTE_R0,evaluation,U,STRICT_BASE,320,False,macro,28,7,2,UNKNOWN,0.75,18.0,28,7,,,0,0,0.75,18.0,28,7,0.8452380952380952,22.0,28,7,0.13095238095238096,4.0,22,7,0.8690476190476191,18.0,22,7,0.0,0.0,6,6,0.6666666666666666,4.0,6,6,0.7142857142857143,20.0,28,7,0.5238095238095237,12.0,28,7,0.7142857142857143,20.0,28,7,0.13095238095238096,4.0,22,7,0.35714285714285715,11.0,28,7,,,0,0,0.7261904761904762,17.0,28,7,,,0,0,,,0,0,,,0,0,,,0,0,,,0,0,,,0,0,1.0,28.0,28,7,,,0,0,0.18333333333333332,4.0,16,5,0.26666666666666666,8.0,20,5,,,0,0,,,0,0,,,0,0,,,0,0,,,0,0,,,0,0,SAME_H_IMAGE,METRIC,,,,,,,,,,,,,,,,,,
NEW7,A,0,C_EXTRA_QA,BE_ROUTE_R0,evaluation,U,STRICT_BASE,320,False,micro,28,7,2,UNKNOWN,0.6428571428571429,18.0,28,7,,,0,0,0.6428571428571429,18.0,28,7,0.7857142857142857,22.0,28,7,0.18181818181818182,4.0,22,7,0.8181818181818182,18.0,22,7,0.0,0.0,6,6,0.6666666666666666,4.0,6,6,0.7142857142857143,20.0,28,7,0.42857142857142855,12.0,28,7,0.7142857142857143,20.0,28,7,0.18181818181818182,4.0,22,7,0.39285714285714285,11.0,28,7,,,0,0,0.6071428571428571,17.0,28,7,,,0,0,,,0,0,,,0,0,,,0,0,,,0,0,,,0,0,1.0,28.0,28,7,,,0,0,0.25,4.0,16,5,0.4,8.0,20,5,,,0,0,,,0,0,,,0,0,,,0,0,,,0,0,,,0,0,SAME_H_IMAGE,METRIC,,,,,,,,,,,,,,,,,,
NEW7,A,0,C_EXTRA_QA,BE_ROUTE_R0,evaluation,cross_family_confirmation,EDIT_TARGET,320,False,macro,14,7,7,UNKNOWN,0.8571428571428571,12.0,14,7,,,0,0,0.8571428571428571,12.0,14,7,0.42857142857142855,6.0,14,7,,,0,0,,,0,0,0.75,6.0,8,4,1.0,8.0,8,4,1.0,14.0,14,7,0.8571428571428571,12.0,14,7,,,0,0,,,0,0,0.0,0.0,14,7,,,0,0,0.8571428571428571,12.0,14,7,,,0,0,,,0,0,,,0,0,,,0,0,,,0,0,,,0,0,1.0,14.0,14,7,,,0,0,,,0,0,,,0,0,0.0,0.0,14,7,,,0,0,,,0,0,,,0,0,,,0,0,,,0,0,SAME_H_IMAGE,METRIC,,,,,,,,,,,,,,,,,,
NEW7,A,0,C_EXTRA_QA,BE_ROUTE_R0,evaluation,cross_family_confirmation,EDIT_TARGET,320,False,micro,14,7,7,UNKNOWN,0.8571428571428571,12.0,14,7,,,0,0,0.8571428571428571,12.0,14,7,0.42857142857142855,6.0,14,7,,,0,0,,,0,0,0.75,6.0,8,4,1.0,8.0,8,4,1.0,14.0,14,7,0.8571428571428571,12.0,14,7,,,0,0,,,0,0,0.0,0.0,14,7,,,0,0,0.8571428571428571,12.0,14,7,,,0,0,,,0,0,,,0,0,,,0,0,,,0,0,,,0,0,1.0,14.0,14,7,,,0,0,,,0,0,,,0,0,0.0,0.0,14,7,,,0,0,,,0,0,,,0,0,,,0,0,,,0,0,SAME_H_IMAGE,METRIC,,,,,,,,,,,,,,,,,,
NEW7,A,0,C_EXTRA_QA,BE_ROUTE_R0,evaluation,source_style_confirmation,EDIT_TARGET,320,False,macro,14,7,7,UNKNOWN,1.0,14.0,14,7,,,0,0,1.0,14.0,14,7,0.5714285714285714,8.0,14,7,,,0,0,,,0,0,1.0,6.0,6,3,1.0,6.0,6,3,1.0,14.0,14,7,1.0,14.0,14,7,,,0,0,,,0,0,0.0,0.0,14,7,,,0,0,1.0,14.0,14,7,,,0,0,,,0,0,,,0,0,,,0,0,,,0,0,,,0,0,1.0,14.0,14,7,,,0,0,,,0,0,,,0,0,0.0,0.0,14,7,,,0,0,,,0,0,,,0,0,,,0,0,,,0,0,SAME_H_IMAGE,METRIC,,,,,,,,,,,,,,,,,,
NEW7,A,0,C_EXTRA_QA,BE_ROUTE_R0,evaluation,source_style_confirmation,EDIT_TARGET,320,False,micro,14,7,7,UNKNOWN,1.0,14.0,14,7,,,0,0,1.0,14.0,14,7,0.5714285714285714,8.0,14,7,,,0,0,,,0,0,1.0,6.0,6,3,1.0,6.0,6,3,1.0,14.0,14,7,1.0,14.0,14,7,,,0,0,,,0,0,0.0,0.0,14,7,,,0,0,1.0,14.0,14,7,,,0,0,,,0,0,,,0,0,,,0,0,,,0,0,,,0,0,1.0,14.0,14,7,,,0,0,,,0,0,,,0,0,0.0,0.0,14,7,,,0,0,,,0,0,,,0,0,,,0,0,,,0,0,SAME_H_IMAGE,METRIC,,,,,,,,,,,,,,,,,,
NEW7,A,0,C_EXTRA_QA,BE_ROUTE_R0,fit,H,STRICT_BASE,320,False,macro,7,7,2,UNKNOWN,0.14285714285714285,1.0,7,7,,,0,0,0.14285714285714285,1.0,7,7,1.0,7.0,7,7,0.8571428571428571,6.0,7,7,0.14285714285714285,1.0,7,7,,,0,0,,,0,0,0.8571428571428571,6.0,7,7,0.0,0.0,7,7,0.8571428571428571,6.0,7,7,0.8571428571428571,6.0,7,7,0.14285714285714285,1.0,7,7,,,0,0,0.0,0.0,7,7,,,0,0,,,0,0,,,0,0,,,0,0,,,0,0,,,0,0,1.0,7.0,7,7,,,0,0,1.0,6.0,6,6,1.0,6.0,6,6,,,0,0,,,0,0,,,0,0,,,0,0,,,0,0,,,0,0,SAME_H_IMAGE,METRIC,,,,,,,,,,,,,,,,,,
NEW7,A,0,C_EXTRA_QA,BE_ROUTE_R0,fit,H,STRICT_BASE,320,False,micro,7,7,2,UNKNOWN,0.14285714285714285,1.0,7,7,,,0,0,0.14285714285714285,1.0,7,7,1.0,7.0,7,7,0.8571428571428571,6.0,7,7,0.14285714285714285,1.0,7,7,,,0,0,,,0,0,0.8571428571428571,6.0,7,7,0.0,0.0,7,7,0.8571428571428571,6.0,7,7,0.8571428571428571,6.0,7,7,0.14285714285714285,1.0,7,7,,,0,0,0.0,0.0,7,7,,,0,0,,,0,0,,,0,0,,,0,0,,,0,0,,,0,0,1.0,7.0,7,7,,,0,0,1.0,6.0,6,6,1.0,6.0,6,6,,,0,0,,,0,0,,,0,0,,,0,0,,,0,0,,,0,0,SAME_H_IMAGE,METRIC,,,,,,,,,,,,,,,,,,
NEW7,A,0,C_EXTRA_QA,BE_ROUTE_R0,fit,U,STRICT_BASE,320,False,macro,7,7,1,UNKNOWN,1.0,7.0,7,7,,,0,0,1.0,7.0,7,7,1.0,7.0,7,7,0.0,0.0,7,7,1.0,7.0,7,7,,,0,0,,,0,0,0.7142857142857143,5.0,7,7,0.7142857142857143,5.0,7,7,0.7142857142857143,5.0,7,7,0.0,0.0,7,7,0.7142857142857143,5.0,7,7,,,0,0,1.0,7.0,7,7,,,0,0,,,0,0,,,0,0,,,0,0,,,0,0,,,0,0,1.0,7.0,7,7,,,0,0,0.0,0.0,5,5,0.0,0.0,5,5,,,0,0,,,0,0,,,0,0,,,0,0,,,0,0,,,0,0,SAME_H_IMAGE,METRIC,,,,,,,,,,,,,,,,,,
NEW7,A,0,C_EXTRA_QA,BE_ROUTE_R0,fit,U,STRICT_BASE,320,False,micro,7,7,1,UNKNOWN,1.0,7.0,7,7,,,0,0,1.0,7.0,7,7,1.0,7.0,7,7,0.0,0.0,7,7,1.0,7.0,7,7,,,0,0,,,0,0,0.7142857142857143,5.0,7,7,0.7142857142857143,5.0,7,7,0.7142857142857143,5.0,7,7,0.0,0.0,7,7,0.7142857142857143,5.0,7,7,,,0,0,1.0,7.0,7,7,,,0,0,,,0,0,,,0,0,,,0,0,,,0,0,,,0,0,1.0,7.0,7,7,,,0,0,0.0,0.0,5,5,0.0,0.0,5,5,,,0,0,,,0,0,,,0,0,,,0,0,,,0,0,,,0,0,SAME_H_IMAGE,METRIC,,,,,,,,,,,,,,,,,,
NEW7,A,0,C_EXTRA_QA,BE_ROUTE_R0,fit,positive,EDIT_TARGET,320,False,macro,28,7,7,UNKNOWN,0.9642857142857143,27.0,28,7,,,0,0,0.9642857142857143,27.0,28,7,0.35714285714285715,10.0,28,7,,,0,0,,,0,0,0.9583333333333334,17.0,18,6,1.0,18.0,18,6,1.0,28.0,28,7,0.9642857142857143,27.0,28,7,,,0,0,,,0,0,0.0,0.0,28,7,,,0,0,0.9642857142857143,27.0,28,7,,,0,0,,,0,0,,,0,0,,,0,0,,,0,0,,,0,0,1.0,28.0,28,7,,,0,0,,,0,0,,,0,0,0.0,0.0,28,7,,,0,0,,,0,0,,,0,0,,,0,0,,,0,0,SAME_H_IMAGE,METRIC,,,,,,,,,,,,,,,,,,
NEW7,A,0,C_EXTRA_QA,BE_ROUTE_R0,fit,positive,EDIT_TARGET,320,False,micro,28,7,7,UNKNOWN,0.9642857142857143,27.0,28,7,,,0,0,0.9642857142857143,27.0,28,7,0.35714285714285715,10.0,28,7,,,0,0,,,0,0,0.9444444444444444,17.0,18,6,1.0,18.0,18,6,1.0,28.0,28,7,0.9642857142857143,27.0,28,7,,,0,0,,,0,0,0.0,0.0,28,7,,,0,0,0.9642857142857143,27.0,28,7,,,0,0,,,0,0,,,0,0,,,0,0,,,0,0,,,0,0,1.0,28.0,28,7,,,0,0,,,0,0,,,0,0,0.0,0.0,28,7,,,0,0,,,0,0,,,0,0,,,0,0,,,0,0,SAME_H_IMAGE,METRIC,,,,,,,,,,,,,,,,,,
NEW7,A,0,C_EXTRA_QA,BE_ROUTE_R0,native,T0,EDIT_TARGET,320,False,macro,7,7,7,UNKNOWN,0.8571428571428571,6.0,7,7,0.8571428571428571,6.0,7,7,0.8571428571428571,6.0,7,7,0.0,0.0,7,7,,,0,0,,,0,0,0.8571428571428571,6.0,7,7,1.0,7.0,7,7,1.0,7.0,7,7,0.8571428571428571,6.0,7,7,,,0,0,,,0,0,0.0,0.0,7,7,,,0,0,0.8571428571428571,6.0,7,7,,,0,0,,,0,0,,,0,0,,,0,0,,,0,0,,,0,0,1.0,7.0,7,7,,,0,0,,,0,0,,,0,0,0.0,0.0,7,7,,,0,0,,,0,0,,,0,0,,,0,0,,,0,0,SAME_H_IMAGE,METRIC,,,,,,,,,,,,,,,,,,
NEW7,A,0,C_EXTRA_QA,BE_ROUTE_R0,native,T0,EDIT_TARGET,320,False,micro,7,7,7,UNKNOWN,0.8571428571428571,6.0,7,7,0.8571428571428571,6.0,7,7,0.8571428571428571,6.0,7,7,0.0,0.0,7,7,,,0,0,,,0,0,0.8571428571428571,6.0,7,7,1.0,7.0,7,7,1.0,7.0,7,7,0.8571428571428571,6.0,7,7,,,0,0,,,0,0,0.0,0.0,7,7,,,0,0,0.8571428571428571,6.0,7,7,,,0,0,,,0,0,,,0,0,,,0,0,,,0,0,,,0,0,1.0,7.0,7,7,,,0,0,,,0,0,,,0,0,0.0,0.0,7,7,,,0,0,,,0,0,,,0,0,,,0,0,,,0,0,SAME_H_IMAGE,METRIC,,,,,,,,,,,,,,,,,,
NEW7,A,0,C_EXTRA_QA,RC_FIXED_OLD16,challenge,challenge,STRICT_BASE,320,False,macro,12,4,3,UNKNOWN,0.3333333333333333,4.0,12,4,,,0,0,0.3333333333333333,4.0,12,4,0.3333333333333333,4.0,12,4,0.0,0.0,4,4,1.0,4.0,4,4,0.0,0.0,8,4,0.0,0.0,8,4,0.0,0.0,12,4,0.0,0.0,12,4,0.0,0.0,12,4,0.0,0.0,4,4,1.0,12.0,12,4,,,0,0,1.0,12.0,12,4,,,0,0,,,0,0,,,0,0,,,0,0,,,0,0,,,0,0,1.0,12.0,12,4,,,0,0,,,0,0,,,0,0,,,0,0,,,0,0,,,0,0,,,0,0,,,0,0,,,0,0,SAME_H_IMAGE,METRIC,,,,,,,,,,,,,,,,,,
NEW7,A,0,C_EXTRA_QA,RC_FIXED_OLD16,challenge,challenge,STRICT_BASE,320,False,micro,12,4,3,UNKNOWN,0.3333333333333333,4.0,12,4,,,0,0,0.3333333333333333,4.0,12,4,0.3333333333333333,4.0,12,4,0.0,0.0,4,4,1.0,4.0,4,4,0.0,0.0,8,4,0.0,0.0,8,4,0.0,0.0,12,4,0.0,0.0,12,4,0.0,0.0,12,4,0.0,0.0,4,4,1.0,12.0,12,4,,,0,0,1.0,12.0,12,4,,,0,0,,,0,0,,,0,0,,,0,0,,,0,0,,,0,0,1.0,12.0,12,4,,,0,0,,,0,0,,,0,0,,,0,0,,,0,0,,,0,0,,,0,0,,,0,0,,,0,0,SAME_H_IMAGE,METRIC,,,,,,,,,,,,,,,,,,
NEW7,A,0,C_EXTRA_QA,RC_FIXED_OLD16,evaluation,H,STRICT_BASE,320,False,macro,9,7,3,UNKNOWN,0.6428571428571429,5.0,9,7,,,0,0,0.6428571428571429,5.0,9,7,0.6428571428571429,5.0,9,7,0.0,0.0,5,5,1.0,5.0,5,5,0.0,0.0,4,3,0.0,0.0,4,3,0.0,0.0,9,7,0.0,0.0,9,7,0.0,0.0,9,7,0.0,0.0,5,5,1.0,9.0,9,7,,,0,0,0.0,0.0,9,7,,,0,0,,,0,0,,,0,0,,,0,0,,,0,0,,,0,0,1.0,9.0,9,7,,,0,0,,,0,0,,,0,0,,,0,0,,,0,0,,,0,0,,,0,0,,,0,0,,,0,0,SAME_H_IMAGE,METRIC,,,,,,,,,,,,,,,,,,
NEW7,A,0,C_EXTRA_QA,RC_FIXED_OLD16,evaluation,H,STRICT_BASE,320,False,micro,9,7,3,UNKNOWN,0.5555555555555556,5.0,9,7,,,0,0,0.5555555555555556,5.0,9,7,0.5555555555555556,5.0,9,7,0.0,0.0,5,5,1.0,5.0,5,5,0.0,0.0,4,3,0.0,0.0,4,3,0.0,0.0,9,7,0.0,0.0,9,7,0.0,0.0,9,7,0.0,0.0,5,5,1.0,9.0,9,7,,,0,0,0.0,0.0,9,7,,,0,0,,,0,0,,,0,0,,,0,0,,,0,0,,,0,0,1.0,9.0,9,7,,,0,0,,,0,0,,,0,0,,,0,0,,,0,0,,,0,0,,,0,0,,,0,0,,,0,0,SAME_H_IMAGE,METRIC,,,,,,,,,,,,,,,,,,
NEW7,A,0,C_EXTRA_QA,RC_FIXED_OLD16,evaluation,U,STRICT_BASE,320,False,macro,28,7,2,UNKNOWN,0.8452380952380952,22.0,28,7,,,0,0,0.8452380952380952,22.0,28,7,0.8452380952380952,22.0,28,7,0.0,0.0,22,7,1.0,22.0,22,7,0.0,0.0,6,6,0.0,0.0,6,6,0.0,0.0,28,7,0.0,0.0,28,7,0.0,0.0,28,7,0.0,0.0,22,7,1.0,28.0,28,7,,,0,0,0.7261904761904762,17.0,28,7,,,0,0,,,0,0,,,0,0,,,0,0,,,0,0,,,0,0,1.0,28.0,28,7,,,0,0,,,0,0,,,0,0,,,0,0,,,0,0,,,0,0,,,0,0,,,0,0,,,0,0,SAME_H_IMAGE,METRIC,,,,,,,,,,,,,,,,,,
NEW7,A,0,C_EXTRA_QA,RC_FIXED_OLD16,evaluation,U,STRICT_BASE,320,False,micro,28,7,2,UNKNOWN,0.7857142857142857,22.0,28,7,,,0,0,0.7857142857142857,22.0,28,7,0.7857142857142857,22.0,28,7,0.0,0.0,22,7,1.0,22.0,22,7,0.0,0.0,6,6,0.0,0.0,6,6,0.0,0.0,28,7,0.0,0.0,28,7,0.0,0.0,28,7,0.0,0.0,22,7,1.0,28.0,28,7,,,0,0,0.6071428571428571,17.0,28,7,,,0,0,,,0,0,,,0,0,,,0,0,,,0,0,,,0,0,1.0,28.0,28,7,,,0,0,,,0,0,,,0,0,,,0,0,,,0,0,,,0,0,,,0,0,,,0,0,,,0,0,SAME_H_IMAGE,METRIC,,,,,,,,,,,,,,,,,,
NEW7,A,0,C_EXTRA_QA,RC_FIXED_OLD16,evaluation,cross_family_confirmation,EDIT_TARGET,320,False,macro,14,7,7,UNKNOWN,0.8571428571428571,12.0,14,7,,,0,0,0.8571428571428571,12.0,14,7,0.42857142857142855,6.0,14,7,,,0,0,,,0,0,0.75,6.0,8,4,1.0,8.0,8,4,1.0,14.0,14,7,0.8571428571428571,12.0,14,7,,,0,0,,,0,0,0.0,0.0,14,7,,,0,0,0.8571428571428571,12.0,14,7,,,0,0,,,0,0,,,0,0,,,0,0,,,0,0,,,0,0,1.0,14.0,14,7,,,0,0,,,0,0,,,0,0,0.0,0.0,14,7,,,0,0,,,0,0,,,0,0,,,0,0,,,0,0,SAME_H_IMAGE,METRIC,,,,,,,,,,,,,,,,,,
NEW7,A,0,C_EXTRA_QA,RC_FIXED_OLD16,evaluation,cross_family_confirmation,EDIT_TARGET,320,False,micro,14,7,7,UNKNOWN,0.8571428571428571,12.0,14,7,,,0,0,0.8571428571428571,12.0,14,7,0.42857142857142855,6.0,14,7,,,0,0,,,0,0,0.75,6.0,8,4,1.0,8.0,8,4,1.0,14.0,14,7,0.8571428571428571,12.0,14,7,,,0,0,,,0,0,0.0,0.0,14,7,,,0,0,0.8571428571428571,12.0,14,7,,,0,0,,,0,0,,,0,0,,,0,0,,,0,0,,,0,0,1.0,14.0,14,7,,,0,0,,,0,0,,,0,0,0.0,0.0,14,7,,,0,0,,,0,0,,,0,0,,,0,0,,,0,0,SAME_H_IMAGE,METRIC,,,,,,,,,,,,,,,,,,
NEW7,A,0,C_EXTRA_QA,RC_FIXED_OLD16,evaluation,source_style_confirmation,EDIT_TARGET,320,False,macro,14,7,7,UNKNOWN,1.0,14.0,14,7,,,0,0,1.0,14.0,14,7,0.5714285714285714,8.0,14,7,,,0,0,,,0,0,1.0,6.0,6,3,1.0,6.0,6,3,1.0,14.0,14,7,1.0,14.0,14,7,,,0,0,,,0,0,0.0,0.0,14,7,,,0,0,1.0,14.0,14,7,,,0,0,,,0,0,,,0,0,,,0,0,,,0,0,,,0,0,1.0,14.0,14,7,,,0,0,,,0,0,,,0,0,0.0,0.0,14,7,,,0,0,,,0,0,,,0,0,,,0,0,,,0,0,SAME_H_IMAGE,METRIC,,,,,,,,,,,,,,,,,,
NEW7,A,0,C_EXTRA_QA,RC_FIXED_OLD16,evaluation,source_style_confirmation,EDIT_TARGET,320,False,micro,14,7,7,UNKNOWN,1.0,14.0,14,7,,,0,0,1.0,14.0,14,7,0.5714285714285714,8.0,14,7,,,0,0,,,0,0,1.0,6.0,6,3,1.0,6.0,6,3,1.0,14.0,14,7,1.0,14.0,14,7,,,0,0,,,0,0,0.0,0.0,14,7,,,0,0,1.0,14.0,14,7,,,0,0,,,0,0,,,0,0,,,0,0,,,0,0,,,0,0,1.0,14.0,14,7,,,0,0,,,0,0,,,0,0,0.0,0.0,14,7,,,0,0,,,0,0,,,0,0,,,0,0,,,0,0,SAME_H_IMAGE,METRIC,,,,,,,,,,,,,,,,,,
NEW7,A,0,C_EXTRA_QA,RC_FIXED_OLD16,fit,H,STRICT_BASE,320,False,macro,7,7,2,UNKNOWN,1.0,7.0,7,7,,,0,0,1.0,7.0,7,7,1.0,7.0,7,7,0.0,0.0,7,7,1.0,7.0,7,7,,,0,0,,,0,0,0.0,0.0,7,7,0.0,0.0,7,7,0.0,0.0,7,7,0.0,0.0,7,7,1.0,7.0,7,7,,,0,0,0.0,0.0,7,7,,,0,0,,,0,0,,,0,0,,,0,0,,,0,0,,,0,0,1.0,7.0,7,7,,,0,0,,,0,0,,,0,0,,,0,0,,,0,0,,,0,0,,,0,0,,,0,0,,,0,0,SAME_H_IMAGE,METRIC,,,,,,,,,,,,,,,,,,
NEW7,A,0,C_EXTRA_QA,RC_FIXED_OLD16,fit,H,STRICT_BASE,320,False,micro,7,7,2,UNKNOWN,1.0,7.0,7,7,,,0,0,1.0,7.0,7,7,1.0,7.0,7,7,0.0,0.0,7,7,1.0,7.0,7,7,,,0,0,,,0,0,0.0,0.0,7,7,0.0,0.0,7,7,0.0,0.0,7,7,0.0,0.0,7,7,1.0,7.0,7,7,,,0,0,0.0,0.0,7,7,,,0,0,,,0,0,,,0,0,,,0,0,,,0,0,,,0,0,1.0,7.0,7,7,,,0,0,,,0,0,,,0,0,,,0,0,,,0,0,,,0,0,,,0,0,,,0,0,,,0,0,SAME_H_IMAGE,METRIC,,,,,,,,,,,,,,,,,,
NEW7,A,0,C_EXTRA_QA,RC_FIXED_OLD16,fit,U,STRICT_BASE,320,False,macro,7,7,1,UNKNOWN,1.0,7.0,7,7,,,0,0,1.0,7.0,7,7,1.0,7.0,7,7,0.0,0.0,7,7,1.0,7.0,7,7,,,0,0,,,0,0,0.0,0.0,7,7,0.0,0.0,7,7,0.0,0.0,7,7,0.0,0.0,7,7,1.0,7.0,7,7,,,0,0,1.0,7.0,7,7,,,0,0,,,0,0,,,0,0,,,0,0,,,0,0,,,0,0,1.0,7.0,7,7,,,0,0,,,0,0,,,0,0,,,0,0,,,0,0,,,0,0,,,0,0,,,0,0,,,0,0,SAME_H_IMAGE,METRIC,,,,,,,,,,,,,,,,,,
NEW7,A,0,C_EXTRA_QA,RC_FIXED_OLD16,fit,U,STRICT_BASE,320,False,micro,7,7,1,UNKNOWN,1.0,7.0,7,7,,,0,0,1.0,7.0,7,7,1.0,7.0,7,7,0.0,0.0,7,7,1.0,7.0,7,7,,,0,0,,,0,0,0.0,0.0,7,7,0.0,0.0,7,7,0.0,0.0,7,7,0.0,0.0,7,7,1.0,7.0,7,7,,,0,0,1.0,7.0,7,7,,,0,0,,,0,0,,,0,0,,,0,0,,,0,0,,,0,0,1.0,7.0,7,7,,,0,0,,,0,0,,,0,0,,,0,0,,,0,0,,,0,0,,,0,0,,,0,0,,,0,0,SAME_H_IMAGE,METRIC,,,,,,,,,,,,,,,,,,
NEW7,A,0,C_EXTRA_QA,RC_FIXED_OLD16,fit,positive,EDIT_TARGET,320,False,macro,28,7,7,UNKNOWN,0.9642857142857143,27.0,28,7,,,0,0,0.9642857142857143,27.0,28,7,0.35714285714285715,10.0,28,7,,,0,0,,,0,0,0.9583333333333334,17.0,18,6,1.0,18.0,18,6,1.0,28.0,28,7,0.9642857142857143,27.0,28,7,,,0,0,,,0,0,0.0,0.0,28,7,,,0,0,0.9642857142857143,27.0,28,7,,,0,0,,,0,0,,,0,0,,,0,0,,,0,0,,,0,0,1.0,28.0,28,7,,,0,0,,,0,0,,,0,0,0.0,0.0,28,7,,,0,0,,,0,0,,,0,0,,,0,0,,,0,0,SAME_H_IMAGE,METRIC,,,,,,,,,,,,,,,,,,
NEW7,A,0,C_EXTRA_QA,RC_FIXED_OLD16,fit,positive,EDIT_TARGET,320,False,micro,28,7,7,UNKNOWN,0.9642857142857143,27.0,28,7,,,0,0,0.9642857142857143,27.0,28,7,0.35714285714285715,10.0,28,7,,,0,0,,,0,0,0.9444444444444444,17.0,18,6,1.0,18.0,18,6,1.0,28.0,28,7,0.9642857142857143,27.0,28,7,,,0,0,,,0,0,0.0,0.0,28,7,,,0,0,0.9642857142857143,27.0,28,7,,,0,0,,,0,0,,,0,0,,,0,0,,,0,0,,,0,0,1.0,28.0,28,7,,,0,0,,,0,0,,,0,0,0.0,0.0,28,7,,,0,0,,,0,0,,,0,0,,,0,0,,,0,0,SAME_H_IMAGE,METRIC,,,,,,,,,,,,,,,,,,
NEW7,A,0,C_EXTRA_QA,RC_FIXED_OLD16,native,T0,EDIT_TARGET,320,False,macro,7,7,7,UNKNOWN,0.8571428571428571,6.0,7,7,0.8571428571428571,6.0,7,7,0.8571428571428571,6.0,7,7,0.0,0.0,7,7,,,0,0,,,0,0,0.8571428571428571,6.0,7,7,1.0,7.0,7,7,1.0,7.0,7,7,0.8571428571428571,6.0,7,7,,,0,0,,,0,0,0.0,0.0,7,7,,,0,0,0.8571428571428571,6.0,7,7,,,0,0,,,0,0,,,0,0,,,0,0,,,0,0,,,0,0,1.0,7.0,7,7,,,0,0,,,0,0,,,0,0,0.0,0.0,7,7,,,0,0,,,0,0,,,0,0,,,0,0,,,0,0,SAME_H_IMAGE,METRIC,,,,,,,,,,,,,,,,,,
NEW7,A,0,C_EXTRA_QA,RC_FIXED_OLD16,native,T0,EDIT_TARGET,320,False,micro,7,7,7,UNKNOWN,0.8571428571428571,6.0,7,7,0.8571428571428571,6.0,7,7,0.8571428571428571,6.0,7,7,0.0,0.0,7,7,,,0,0,,,0,0,0.8571428571428571,6.0,7,7,1.0,7.0,7,7,1.0,7.0,7,7,0.8571428571428571,6.0,7,7,,,0,0,,,0,0,0.0,0.0,7,7,,,0,0,0.8571428571428571,6.0,7,7,,,0,0,,,0,0,,,0,0,,,0,0,,,0,0,,,0,0,1.0,7.0,7,7,,,0,0,,,0,0,,,0,0,0.0,0.0,7,7,,,0,0,,,0,0,,,0,0,,,0,0,,,0,0,SAME_H_IMAGE,METRIC,,,,,,,,,,,,,,,,,,
NEW7,A,0,C_FACT,BE_ROUTE_R0,challenge,challenge,STRICT_BASE,320,False,macro,12,4,3,UNKNOWN,0.75,9.0,12,4,,,0,0,0.75,9.0,12,4,0.3333333333333333,4.0,12,4,0.0,0.0,4,4,1.0,4.0,4,4,0.625,5.0,8,4,1.0,8.0,8,4,1.0,12.0,12,4,0.75,9.0,12,4,1.0,12.0,12,4,0.0,0.0,4,4,0.0,0.0,12,4,,,0,0,0.75,9.0,12,4,,,0,0,,,0,0,,,0,0,,,0,0,,,0,0,,,0,0,1.0,12.0,12,4,,,0,0,0.0,0.0,4,4,0.25,3.0,12,4,,,0,0,,,0,0,,,0,0,,,0,0,,,0,0,,,0,0,SAME_H_IMAGE,METRIC,,,,,,,,,,,,,,,,,,
NEW7,A,0,C_FACT,BE_ROUTE_R0,challenge,challenge,STRICT_BASE,320,False,micro,12,4,3,UNKNOWN,0.75,9.0,12,4,,,0,0,0.75,9.0,12,4,0.3333333333333333,4.0,12,4,0.0,0.0,4,4,1.0,4.0,4,4,0.625,5.0,8,4,1.0,8.0,8,4,1.0,12.0,12,4,0.75,9.0,12,4,1.0,12.0,12,4,0.0,0.0,4,4,0.0,0.0,12,4,,,0,0,0.75,9.0,12,4,,,0,0,,,0,0,,,0,0,,,0,0,,,0,0,,,0,0,1.0,12.0,12,4,,,0,0,0.0,0.0,4,4,0.25,3.0,12,4,,,0,0,,,0,0,,,0,0,,,0,0,,,0,0,,,0,0,SAME_H_IMAGE,METRIC,,,,,,,,,,,,,,,,,,
NEW7,A,0,C_FACT,BE_ROUTE_R0,evaluation,H,STRICT_BASE,320,False,macro,9,7,3,UNKNOWN,0.7857142857142857,6.0,9,7,,,0,0,0.7857142857142857,6.0,9,7,0.6428571428571429,5.0,9,7,0.0,0.0,5,5,1.0,5.0,5,5,0.3333333333333333,1.0,4,3,0.6666666666666666,3.0,4,3,0.8571428571428571,7.0,9,7,0.7142857142857143,5.0,9,7,0.8571428571428571,7.0,9,7,0.0,0.0,5,5,0.14285714285714285,2.0,9,7,,,0,0,0.8571428571428571,7.0,9,7,,,0,0,,,0,0,,,0,0,,,0,0,,,0,0,,,0,0,1.0,9.0,9,7,,,0,0,0.0,0.0,4,4,0.16666666666666666,2.0,7,6,,,0,0,,,0,0,,,0,0,,,0,0,,,0,0,,,0,0,SAME_H_IMAGE,METRIC,,,,,,,,,,,,,,,,,,
NEW7,A,0,C_FACT,BE_ROUTE_R0,evaluation,H,STRICT_BASE,320,False,micro,9,7,3,UNKNOWN,0.6666666666666666,6.0,9,7,,,0,0,0.6666666666666666,6.0,9,7,0.5555555555555556,5.0,9,7,0.0,0.0,5,5,1.0,5.0,5,5,0.25,1.0,4,3,0.75,3.0,4,3,0.7777777777777778,7.0,9,7,0.5555555555555556,5.0,9,7,0.7777777777777778,7.0,9,7,0.0,0.0,5,5,0.2222222222222222,2.0,9,7,,,0,0,0.7777777777777778,7.0,9,7,,,0,0,,,0,0,,,0,0,,,0,0,,,0,0,,,0,0,1.0,9.0,9,7,,,0,0,0.0,0.0,4,4,0.2857142857142857,2.0,7,6,,,0,0,,,0,0,,,0,0,,,0,0,,,0,0,,,0,0,SAME_H_IMAGE,METRIC,,,,,,,,,,,,,,,,,,
NEW7,A,0,C_FACT,BE_ROUTE_R0,evaluation,U,STRICT_BASE,320,False,macro,28,7,2,UNKNOWN,0.869047619047619,23.0,28,7,,,0,0,0.869047619047619,23.0,28,7,0.8452380952380952,22.0,28,7,0.0,0.0,22,7,1.0,22.0,22,7,0.16666666666666666,1.0,6,6,0.5,3.0,6,6,0.7142857142857143,20.0,28,7,0.6428571428571428,17.0,28,7,0.7142857142857143,20.0,28,7,0.0,0.0,22,7,0.47619047619047616,14.0,28,7,,,0,0,0.8333333333333333,22.0,28,7,,,0,0,,,0,0,,,0,0,,,0,0,,,0,0,,,0,0,1.0,28.0,28,7,,,0,0,0.0,0.0,16,5,0.09999999999999999,3.0,20,5,,,0,0,,,0,0,,,0,0,,,0,0,,,0,0,,,0,0,SAME_H_IMAGE,METRIC,,,,,,,,,,,,,,,,,,
NEW7,A,0,C_FACT,BE_ROUTE_R0,evaluation,U,STRICT_BASE,320,False,micro,28,7,2,UNKNOWN,0.8214285714285714,23.0,28,7,,,0,0,0.8214285714285714,23.0,28,7,0.7857142857142857,22.0,28,7,0.0,0.0,22,7,1.0,22.0,22,7,0.16666666666666666,1.0,6,6,0.5,3.0,6,6,0.7142857142857143,20.0,28,7,0.6071428571428571,17.0,28,7,0.7142857142857143,20.0,28,7,0.0,0.0,22,7,0.5,14.0,28,7,,,0,0,0.7857142857142857,22.0,28,7,,,0,0,,,0,0,,,0,0,,,0,0,,,0,0,,,0,0,1.0,28.0,28,7,,,0,0,0.0,0.0,16,5,0.15,3.0,20,5,,,0,0,,,0,0,,,0,0,,,0,0,,,0,0,,,0,0,SAME_H_IMAGE,METRIC,,,,,,,,,,,,,,,,,,
NEW7,A,0,C_FACT,BE_ROUTE_R0,evaluation,cross_family_confirmation,EDIT_TARGET,320,False,macro,14,7,7,UNKNOWN,0.8571428571428571,12.0,14,7,,,0,0,0.8571428571428571,12.0,14,7,0.42857142857142855,6.0,14,7,,,0,0,,,0,0,0.75,6.0,8,4,1.0,8.0,8,4,1.0,14.0,14,7,0.8571428571428571,12.0,14,7,,,0,0,,,0,0,0.0,0.0,14,7,,,0,0,0.8571428571428571,12.0,14,7,,,0,0,,,0,0,,,0,0,,,0,0,,,0,0,,,0,0,1.0,14.0,14,7,,,0,0,,,0,0,,,0,0,0.0,0.0,14,7,,,0,0,,,0,0,,,0,0,,,0,0,,,0,0,SAME_H_IMAGE,METRIC,,,,,,,,,,,,,,,,,,
NEW7,A,0,C_FACT,BE_ROUTE_R0,evaluation,cross_family_confirmation,EDIT_TARGET,320,False,micro,14,7,7,UNKNOWN,0.8571428571428571,12.0,14,7,,,0,0,0.8571428571428571,12.0,14,7,0.42857142857142855,6.0,14,7,,,0,0,,,0,0,0.75,6.0,8,4,1.0,8.0,8,4,1.0,14.0,14,7,0.8571428571428571,12.0,14,7,,,0,0,,,0,0,0.0,0.0,14,7,,,0,0,0.8571428571428571,12.0,14,7,,,0,0,,,0,0,,,0,0,,,0,0,,,0,0,,,0,0,1.0,14.0,14,7,,,0,0,,,0,0,,,0,0,0.0,0.0,14,7,,,0,0,,,0,0,,,0,0,,,0,0,,,0,0,SAME_H_IMAGE,METRIC,,,,,,,,,,,,,,,,,,
NEW7,A,0,C_FACT,BE_ROUTE_R0,evaluation,source_style_confirmation,EDIT_TARGET,320,False,macro,14,7,7,UNKNOWN,1.0,14.0,14,7,,,0,0,1.0,14.0,14,7,0.5714285714285714,8.0,14,7,,,0,0,,,0,0,1.0,6.0,6,3,1.0,6.0,6,3,1.0,14.0,14,7,1.0,14.0,14,7,,,0,0,,,0,0,0.0,0.0,14,7,,,0,0,1.0,14.0,14,7,,,0,0,,,0,0,,,0,0,,,0,0,,,0,0,,,0,0,1.0,14.0,14,7,,,0,0,,,0,0,,,0,0,0.0,0.0,14,7,,,0,0,,,0,0,,,0,0,,,0,0,,,0,0,SAME_H_IMAGE,METRIC,,,,,,,,,,,,,,,,,,
NEW7,A,0,C_FACT,BE_ROUTE_R0,evaluation,source_style_confirmation,EDIT_TARGET,320,False,micro,14,7,7,UNKNOWN,1.0,14.0,14,7,,,0,0,1.0,14.0,14,7,0.5714285714285714,8.0,14,7,,,0,0,,,0,0,1.0,6.0,6,3,1.0,6.0,6,3,1.0,14.0,14,7,1.0,14.0,14,7,,,0,0,,,0,0,0.0,0.0,14,7,,,0,0,1.0,14.0,14,7,,,0,0,,,0,0,,,0,0,,,0,0,,,0,0,,,0,0,1.0,14.0,14,7,,,0,0,,,0,0,,,0,0,0.0,0.0,14,7,,,0,0,,,0,0,,,0,0,,,0,0,,,0,0,SAME_H_IMAGE,METRIC,,,,,,,,,,,,,,,,,,
NEW7,A,0,C_FACT,BE_ROUTE_R0,fit,H,STRICT_BASE,320,False,macro,7,7,2,UNKNOWN,1.0,7.0,7,7,,,0,0,1.0,7.0,7,7,1.0,7.0,7,7,0.0,0.0,7,7,1.0,7.0,7,7,,,0,0,,,0,0,0.8571428571428571,6.0,7,7,0.8571428571428571,6.0,7,7,0.8571428571428571,6.0,7,7,0.0,0.0,7,7,0.14285714285714285,1.0,7,7,,,0,0,1.0,7.0,7,7,,,0,0,,,0,0,,,0,0,,,0,0,,,0,0,,,0,0,1.0,7.0,7,7,,,0,0,0.0,0.0,6,6,0.0,0.0,6,6,,,0,0,,,0,0,,,0,0,,,0,0,,,0,0,,,0,0,SAME_H_IMAGE,METRIC,,,,,,,,,,,,,,,,,,
NEW7,A,0,C_FACT,BE_ROUTE_R0,fit,H,STRICT_BASE,320,False,micro,7,7,2,UNKNOWN,1.0,7.0,7,7,,,0,0,1.0,7.0,7,7,1.0,7.0,7,7,0.0,0.0,7,7,1.0,7.0,7,7,,,0,0,,,0,0,0.8571428571428571,6.0,7,7,0.8571428571428571,6.0,7,7,0.8571428571428571,6.0,7,7,0.0,0.0,7,7,0.14285714285714285,1.0,7,7,,,0,0,1.0,7.0,7,7,,,0,0,,,0,0,,,0,0,,,0,0,,,0,0,,,0,0,1.0,7.0,7,7,,,0,0,0.0,0.0,6,6,0.0,0.0,6,6,,,0,0,,,0,0,,,0,0,,,0,0,,,0,0,,,0,0,SAME_H_IMAGE,METRIC,,,,,,,,,,,,,,,,,,
NEW7,A,0,C_FACT,BE_ROUTE_R0,fit,U,STRICT_BASE,320,False,macro,7,7,1,UNKNOWN,1.0,7.0,7,7,,,0,0,1.0,7.0,7,7,1.0,7.0,7,7,0.0,0.0,7,7,1.0,7.0,7,7,,,0,0,,,0,0,0.7142857142857143,5.0,7,7,0.7142857142857143,5.0,7,7,0.7142857142857143,5.0,7,7,0.0,0.0,7,7,0.7142857142857143,5.0,7,7,,,0,0,1.0,7.0,7,7,,,0,0,,,0,0,,,0,0,,,0,0,,,0,0,,,0,0,1.0,7.0,7,7,,,0,0,0.0,0.0,5,5,0.0,0.0,5,5,,,0,0,,,0,0,,,0,0,,,0,0,,,0,0,,,0,0,SAME_H_IMAGE,METRIC,,,,,,,,,,,,,,,,,,
NEW7,A,0,C_FACT,BE_ROUTE_R0,fit,U,STRICT_BASE,320,False,micro,7,7,1,UNKNOWN,1.0,7.0,7,7,,,0,0,1.0,7.0,7,7,1.0,7.0,7,7,0.0,0.0,7,7,1.0,7.0,7,7,,,0,0,,,0,0,0.7142857142857143,5.0,7,7,0.7142857142857143,5.0,7,7,0.7142857142857143,5.0,7,7,0.0,0.0,7,7,0.7142857142857143,5.0,7,7,,,0,0,1.0,7.0,7,7,,,0,0,,,0,0,,,0,0,,,0,0,,,0,0,,,0,0,1.0,7.0,7,7,,,0,0,0.0,0.0,5,5,0.0,0.0,5,5,,,0,0,,,0,0,,,0,0,,,0,0,,,0,0,,,0,0,SAME_H_IMAGE,METRIC,,,,,,,,,,,,,,,,,,
NEW7,A,0,C_FACT,BE_ROUTE_R0,fit,positive,EDIT_TARGET,320,False,macro,28,7,7,UNKNOWN,0.9642857142857143,27.0,28,7,,,0,0,0.9642857142857143,27.0,28,7,0.35714285714285715,10.0,28,7,,,0,0,,,0,0,0.9583333333333334,17.0,18,6,1.0,18.0,18,6,1.0,28.0,28,7,0.9642857142857143,27.0,28,7,,,0,0,,,0,0,0.0,0.0,28,7,,,0,0,0.9642857142857143,27.0,28,7,,,0,0,,,0,0,,,0,0,,,0,0,,,0,0,,,0,0,1.0,28.0,28,7,,,0,0,,,0,0,,,0,0,0.0,0.0,28,7,,,0,0,,,0,0,,,0,0,,,0,0,,,0,0,SAME_H_IMAGE,METRIC,,,,,,,,,,,,,,,,,,
NEW7,A,0,C_FACT,BE_ROUTE_R0,fit,positive,EDIT_TARGET,320,False,micro,28,7,7,UNKNOWN,0.9642857142857143,27.0,28,7,,,0,0,0.9642857142857143,27.0,28,7,0.35714285714285715,10.0,28,7,,,0,0,,,0,0,0.9444444444444444,17.0,18,6,1.0,18.0,18,6,1.0,28.0,28,7,0.9642857142857143,27.0,28,7,,,0,0,,,0,0,0.0,0.0,28,7,,,0,0,0.9642857142857143,27.0,28,7,,,0,0,,,0,0,,,0,0,,,0,0,,,0,0,,,0,0,1.0,28.0,28,7,,,0,0,,,0,0,,,0,0,0.0,0.0,28,7,,,0,0,,,0,0,,,0,0,,,0,0,,,0,0,SAME_H_IMAGE,METRIC,,,,,,,,,,,,,,,,,,
NEW7,A,0,C_FACT,BE_ROUTE_R0,native,T0,EDIT_TARGET,320,False,macro,7,7,7,UNKNOWN,0.8571428571428571,6.0,7,7,0.8571428571428571,6.0,7,7,0.8571428571428571,6.0,7,7,0.0,0.0,7,7,,,0,0,,,0,0,0.8571428571428571,6.0,7,7,1.0,7.0,7,7,1.0,7.0,7,7,0.8571428571428571,6.0,7,7,,,0,0,,,0,0,0.0,0.0,7,7,,,0,0,0.8571428571428571,6.0,7,7,,,0,0,,,0,0,,,0,0,,,0,0,,,0,0,,,0,0,1.0,7.0,7,7,,,0,0,,,0,0,,,0,0,0.0,0.0,7,7,,,0,0,,,0,0,,,0,0,,,0,0,,,0,0,SAME_H_IMAGE,METRIC,,,,,,,,,,,,,,,,,,
NEW7,A,0,C_FACT,BE_ROUTE_R0,native,T0,EDIT_TARGET,320,False,micro,7,7,7,UNKNOWN,0.8571428571428571,6.0,7,7,0.8571428571428571,6.0,7,7,0.8571428571428571,6.0,7,7,0.0,0.0,7,7,,,0,0,,,0,0,0.8571428571428571,6.0,7,7,1.0,7.0,7,7,1.0,7.0,7,7,0.8571428571428571,6.0,7,7,,,0,0,,,0,0,0.0,0.0,7,7,,,0,0,0.8571428571428571,6.0,7,7,,,0,0,,,0,0,,,0,0,,,0,0,,,0,0,,,0,0,1.0,7.0,7,7,,,0,0,,,0,0,,,0,0,0.0,0.0,7,7,,,0,0,,,0,0,,,0,0,,,0,0,,,0,0,SAME_H_IMAGE,METRIC,,,,,,,,,,,,,,,,,,
NEW7,A,0,C_FACT,RC_FIXED_OLD16,challenge,challenge,STRICT_BASE,320,False,macro,12,4,3,UNKNOWN,0.3333333333333333,4.0,12,4,,,0,0,0.3333333333333333,4.0,12,4,0.3333333333333333,4.0,12,4,0.0,0.0,4,4,1.0,4.0,4,4,0.0,0.0,8,4,0.0,0.0,8,4,0.0,0.0,12,4,0.0,0.0,12,4,0.0,0.0,12,4,0.0,0.0,4,4,1.0,12.0,12,4,,,0,0,0.75,9.0,12,4,,,0,0,,,0,0,,,0,0,,,0,0,,,0,0,,,0,0,1.0,12.0,12,4,,,0,0,,,0,0,,,0,0,,,0,0,,,0,0,,,0,0,,,0,0,,,0,0,,,0,0,SAME_H_IMAGE,METRIC,,,,,,,,,,,,,,,,,,
NEW7,A,0,C_FACT,RC_FIXED_OLD16,challenge,challenge,STRICT_BASE,320,False,micro,12,4,3,UNKNOWN,0.3333333333333333,4.0,12,4,,,0,0,0.3333333333333333,4.0,12,4,0.3333333333333333,4.0,12,4,0.0,0.0,4,4,1.0,4.0,4,4,0.0,0.0,8,4,0.0,0.0,8,4,0.0,0.0,12,4,0.0,0.0,12,4,0.0,0.0,12,4,0.0,0.0,4,4,1.0,12.0,12,4,,,0,0,0.75,9.0,12,4,,,0,0,,,0,0,,,0,0,,,0,0,,,0,0,,,0,0,1.0,12.0,12,4,,,0,0,,,0,0,,,0,0,,,0,0,,,0,0,,,0,0,,,0,0,,,0,0,,,0,0,SAME_H_IMAGE,METRIC,,,,,,,,,,,,,,,,,,
NEW7,A,0,C_FACT,RC_FIXED_OLD16,evaluation,H,STRICT_BASE,320,False,macro,9,7,3,UNKNOWN,0.6428571428571429,5.0,9,7,,,0,0,0.6428571428571429,5.0,9,7,0.6428571428571429,5.0,9,7,0.0,0.0,5,5,1.0,5.0,5,5,0.0,0.0,4,3,0.0,0.0,4,3,0.0,0.0,9,7,0.0,0.0,9,7,0.0,0.0,9,7,0.0,0.0,5,5,1.0,9.0,9,7,,,0,0,0.8571428571428571,7.0,9,7,,,0,0,,,0,0,,,0,0,,,0,0,,,0,0,,,0,0,1.0,9.0,9,7,,,0,0,,,0,0,,,0,0,,,0,0,,,0,0,,,0,0,,,0,0,,,0,0,,,0,0,SAME_H_IMAGE,METRIC,,,,,,,,,,,,,,,,,,
NEW7,A,0,C_FACT,RC_FIXED_OLD16,evaluation,H,STRICT_BASE,320,False,micro,9,7,3,UNKNOWN,0.5555555555555556,5.0,9,7,,,0,0,0.5555555555555556,5.0,9,7,0.5555555555555556,5.0,9,7,0.0,0.0,5,5,1.0,5.0,5,5,0.0,0.0,4,3,0.0,0.0,4,3,0.0,0.0,9,7,0.0,0.0,9,7,0.0,0.0,9,7,0.0,0.0,5,5,1.0,9.0,9,7,,,0,0,0.7777777777777778,7.0,9,7,,,0,0,,,0,0,,,0,0,,,0,0,,,0,0,,,0,0,1.0,9.0,9,7,,,0,0,,,0,0,,,0,0,,,0,0,,,0,0,,,0,0,,,0,0,,,0,0,,,0,0,SAME_H_IMAGE,METRIC,,,,,,,,,,,,,,,,,,
NEW7,A,0,C_FACT,RC_FIXED_OLD16,evaluation,U,STRICT_BASE,320,False,macro,28,7,2,UNKNOWN,0.8452380952380952,22.0,28,7,,,0,0,0.8452380952380952,22.0,28,7,0.8452380952380952,22.0,28,7,0.0,0.0,22,7,1.0,22.0,22,7,0.0,0.0,6,6,0.0,0.0,6,6,0.0,0.0,28,7,0.0,0.0,28,7,0.0,0.0,28,7,0.0,0.0,22,7,1.0,28.0,28,7,,,0,0,0.8333333333333333,22.0,28,7,,,0,0,,,0,0,,,0,0,,,0,0,,,0,0,,,0,0,1.0,28.0,28,7,,,0,0,,,0,0,,,0,0,,,0,0,,,0,0,,,0,0,,,0,0,,,0,0,,,0,0,SAME_H_IMAGE,METRIC,,,,,,,,,,,,,,,,,,
NEW7,A,0,C_FACT,RC_FIXED_OLD16,evaluation,U,STRICT_BASE,320,False,micro,28,7,2,UNKNOWN,0.7857142857142857,22.0,28,7,,,0,0,0.7857142857142857,22.0,28,7,0.7857142857142857,22.0,28,7,0.0,0.0,22,7,1.0,22.0,22,7,0.0,0.0,6,6,0.0,0.0,6,6,0.0,0.0,28,7,0.0,0.0,28,7,0.0,0.0,28,7,0.0,0.0,22,7,1.0,28.0,28,7,,,0,0,0.7857142857142857,22.0,28,7,,,0,0,,,0,0,,,0,0,,,0,0,,,0,0,,,0,0,1.0,28.0,28,7,,,0,0,,,0,0,,,0,0,,,0,0,,,0,0,,,0,0,,,0,0,,,0,0,,,0,0,SAME_H_IMAGE,METRIC,,,,,,,,,,,,,,,,,,
NEW7,A,0,C_FACT,RC_FIXED_OLD16,evaluation,cross_family_confirmation,EDIT_TARGET,320,False,macro,14,7,7,UNKNOWN,0.8571428571428571,12.0,14,7,,,0,0,0.8571428571428571,12.0,14,7,0.42857142857142855,6.0,14,7,,,0,0,,,0,0,0.75,6.0,8,4,1.0,8.0,8,4,1.0,14.0,14,7,0.8571428571428571,12.0,14,7,,,0,0,,,0,0,0.0,0.0,14,7,,,0,0,0.8571428571428571,12.0,14,7,,,0,0,,,0,0,,,0,0,,,0,0,,,0,0,,,0,0,1.0,14.0,14,7,,,0,0,,,0,0,,,0,0,0.0,0.0,14,7,,,0,0,,,0,0,,,0,0,,,0,0,,,0,0,SAME_H_IMAGE,METRIC,,,,,,,,,,,,,,,,,,
NEW7,A,0,C_FACT,RC_FIXED_OLD16,evaluation,cross_family_confirmation,EDIT_TARGET,320,False,micro,14,7,7,UNKNOWN,0.8571428571428571,12.0,14,7,,,0,0,0.8571428571428571,12.0,14,7,0.42857142857142855,6.0,14,7,,,0,0,,,0,0,0.75,6.0,8,4,1.0,8.0,8,4,1.0,14.0,14,7,0.8571428571428571,12.0,14,7,,,0,0,,,0,0,0.0,0.0,14,7,,,0,0,0.8571428571428571,12.0,14,7,,,0,0,,,0,0,,,0,0,,,0,0,,,0,0,,,0,0,1.0,14.0,14,7,,,0,0,,,0,0,,,0,0,0.0,0.0,14,7,,,0,0,,,0,0,,,0,0,,,0,0,,,0,0,SAME_H_IMAGE,METRIC,,,,,,,,,,,,,,,,,,
NEW7,A,0,C_FACT,RC_FIXED_OLD16,evaluation,source_style_confirmation,EDIT_TARGET,320,False,macro,14,7,7,UNKNOWN,1.0,14.0,14,7,,,0,0,1.0,14.0,14,7,0.5714285714285714,8.0,14,7,,,0,0,,,0,0,1.0,6.0,6,3,1.0,6.0,6,3,1.0,14.0,14,7,1.0,14.0,14,7,,,0,0,,,0,0,0.0,0.0,14,7,,,0,0,1.0,14.0,14,7,,,0,0,,,0,0,,,0,0,,,0,0,,,0,0,,,0,0,1.0,14.0,14,7,,,0,0,,,0,0,,,0,0,0.0,0.0,14,7,,,0,0,,,0,0,,,0,0,,,0,0,,,0,0,SAME_H_IMAGE,METRIC,,,,,,,,,,,,,,,,,,
NEW7,A,0,C_FACT,RC_FIXED_OLD16,evaluation,source_style_confirmation,EDIT_TARGET,320,False,micro,14,7,7,UNKNOWN,1.0,14.0,14,7,,,0,0,1.0,14.0,14,7,0.5714285714285714,8.0,14,7,,,0,0,,,0,0,1.0,6.0,6,3,1.0,6.0,6,3,1.0,14.0,14,7,1.0,14.0,14,7,,,0,0,,,0,0,0.0,0.0,14,7,,,0,0,1.0,14.0,14,7,,,0,0,,,0,0,,,0,0,,,0,0,,,0,0,,,0,0,1.0,14.0,14,7,,,0,0,,,0,0,,,0,0,0.0,0.0,14,7,,,0,0,,,0,0,,,0,0,,,0,0,,,0,0,SAME_H_IMAGE,METRIC,,,,,,,,,,,,,,,,,,
NEW7,A,0,C_FACT,RC_FIXED_OLD16,fit,H,STRICT_BASE,320,False,macro,7,7,2,UNKNOWN,1.0,7.0,7,7,,,0,0,1.0,7.0,7,7,1.0,7.0,7,7,0.0,0.0,7,7,1.0,7.0,7,7,,,0,0,,,0,0,0.0,0.0,7,7,0.0,0.0,7,7,0.0,0.0,7,7,0.0,0.0,7,7,1.0,7.0,7,7,,,0,0,1.0,7.0,7,7,,,0,0,,,0,0,,,0,0,,,0,0,,,0,0,,,0,0,1.0,7.0,7,7,,,0,0,,,0,0,,,0,0,,,0,0,,,0,0,,,0,0,,,0,0,,,0,0,,,0,0,SAME_H_IMAGE,METRIC,,,,,,,,,,,,,,,,,,
NEW7,A,0,C_FACT,RC_FIXED_OLD16,fit,H,STRICT_BASE,320,False,micro,7,7,2,UNKNOWN,1.0,7.0,7,7,,,0,0,1.0,7.0,7,7,1.0,7.0,7,7,0.0,0.0,7,7,1.0,7.0,7,7,,,0,0,,,0,0,0.0,0.0,7,7,0.0,0.0,7,7,0.0,0.0,7,7,0.0,0.0,7,7,1.0,7.0,7,7,,,0,0,1.0,7.0,7,7,,,0,0,,,0,0,,,0,0,,,0,0,,,0,0,,,0,0,1.0,7.0,7,7,,,0,0,,,0,0,,,0,0,,,0,0,,,0,0,,,0,0,,,0,0,,,0,0,,,0,0,SAME_H_IMAGE,METRIC,,,,,,,,,,,,,,,,,,
NEW7,A,0,C_FACT,RC_FIXED_OLD16,fit,U,STRICT_BASE,320,False,macro,7,7,1,UNKNOWN,1.0,7.0,7,7,,,0,0,1.0,7.0,7,7,1.0,7.0,7,7,0.0,0.0,7,7,1.0,7.0,7,7,,,0,0,,,0,0,0.0,0.0,7,7,0.0,0.0,7,7,0.0,0.0,7,7,0.0,0.0,7,7,1.0,7.0,7,7,,,0,0,1.0,7.0,7,7,,,0,0,,,0,0,,,0,0,,,0,0,,,0,0,,,0,0,1.0,7.0,7,7,,,0,0,,,0,0,,,0,0,,,0,0,,,0,0,,,0,0,,,0,0,,,0,0,,,0,0,SAME_H_IMAGE,METRIC,,,,,,,,,,,,,,,,,,
NEW7,A,0,C_FACT,RC_FIXED_OLD16,fit,U,STRICT_BASE,320,False,micro,7,7,1,UNKNOWN,1.0,7.0,7,7,,,0,0,1.0,7.0,7,7,1.0,7.0,7,7,0.0,0.0,7,7,1.0,7.0,7,7,,,0,0,,,0,0,0.0,0.0,7,7,0.0,0.0,7,7,0.0,0.0,7,7,0.0,0.0,7,7,1.0,7.0,7,7,,,0,0,1.0,7.0,7,7,,,0,0,,,0,0,,,0,0,,,0,0,,,0,0,,,0,0,1.0,7.0,7,7,,,0,0,,,0,0,,,0,0,,,0,0,,,0,0,,,0,0,,,0,0,,,0,0,,,0,0,SAME_H_IMAGE,METRIC,,,,,,,,,,,,,,,,,,
NEW7,A,0,C_FACT,RC_FIXED_OLD16,fit,positive,EDIT_TARGET,320,False,macro,28,7,7,UNKNOWN,0.9642857142857143,27.0,28,7,,,0,0,0.9642857142857143,27.0,28,7,0.35714285714285715,10.0,28,7,,,0,0,,,0,0,0.9583333333333334,17.0,18,6,1.0,18.0,18,6,1.0,28.0,28,7,0.9642857142857143,27.0,28,7,,,0,0,,,0,0,0.0,0.0,28,7,,,0,0,0.9642857142857143,27.0,28,7,,,0,0,,,0,0,,,0,0,,,0,0,,,0,0,,,0,0,1.0,28.0,28,7,,,0,0,,,0,0,,,0,0,0.0,0.0,28,7,,,0,0,,,0,0,,,0,0,,,0,0,,,0,0,SAME_H_IMAGE,METRIC,,,,,,,,,,,,,,,,,,
NEW7,A,0,C_FACT,RC_FIXED_OLD16,fit,positive,EDIT_TARGET,320,False,micro,28,7,7,UNKNOWN,0.9642857142857143,27.0,28,7,,,0,0,0.9642857142857143,27.0,28,7,0.35714285714285715,10.0,28,7,,,0,0,,,0,0,0.9444444444444444,17.0,18,6,1.0,18.0,18,6,1.0,28.0,28,7,0.9642857142857143,27.0,28,7,,,0,0,,,0,0,0.0,0.0,28,7,,,0,0,0.9642857142857143,27.0,28,7,,,0,0,,,0,0,,,0,0,,,0,0,,,0,0,,,0,0,1.0,28.0,28,7,,,0,0,,,0,0,,,0,0,0.0,0.0,28,7,,,0,0,,,0,0,,,0,0,,,0,0,,,0,0,SAME_H_IMAGE,METRIC,,,,,,,,,,,,,,,,,,
NEW7,A,0,C_FACT,RC_FIXED_OLD16,native,T0,EDIT_TARGET,320,False,macro,7,7,7,UNKNOWN,0.8571428571428571,6.0,7,7,0.8571428571428571,6.0,7,7,0.8571428571428571,6.0,7,7,0.0,0.0,7,7,,,0,0,,,0,0,0.8571428571428571,6.0,7,7,1.0,7.0,7,7,1.0,7.0,7,7,0.8571428571428571,6.0,7,7,,,0,0,,,0,0,0.0,0.0,7,7,,,0,0,0.8571428571428571,6.0,7,7,,,0,0,,,0,0,,,0,0,,,0,0,,,0,0,,,0,0,1.0,7.0,7,7,,,0,0,,,0,0,,,0,0,0.0,0.0,7,7,,,0,0,,,0,0,,,0,0,,,0,0,,,0,0,SAME_H_IMAGE,METRIC,,,,,,,,,,,,,,,,,,
NEW7,A,0,C_FACT,RC_FIXED_OLD16,native,T0,EDIT_TARGET,320,False,micro,7,7,7,UNKNOWN,0.8571428571428571,6.0,7,7,0.8571428571428571,6.0,7,7,0.8571428571428571,6.0,7,7,0.0,0.0,7,7,,,0,0,,,0,0,0.8571428571428571,6.0,7,7,1.0,7.0,7,7,1.0,7.0,7,7,0.8571428571428571,6.0,7,7,,,0,0,,,0,0,0.0,0.0,7,7,,,0,0,0.8571428571428571,6.0,7,7,,,0,0,,,0,0,,,0,0,,,0,0,,,0,0,,,0,0,1.0,7.0,7,7,,,0,0,,,0,0,,,0,0,0.0,0.0,7,7,,,0,0,,,0,0,,,0,0,,,0,0,,,0,0,SAME_H_IMAGE,METRIC,,,,,,,,,,,,,,,,,,
NEW7,A,0,C_NO_H,BE_ROUTE_R0,challenge,challenge,STRICT_BASE,320,False,macro,12,4,3,UNKNOWN,1.0,12.0,12,4,,,0,0,1.0,12.0,12,4,0.3333333333333333,4.0,12,4,0.0,0.0,4,4,1.0,4.0,4,4,1.0,8.0,8,4,1.0,8.0,8,4,1.0,12.0,12,4,1.0,12.0,12,4,1.0,12.0,12,4,0.0,0.0,4,4,0.0,0.0,12,4,,,0,0,1.0,12.0,12,4,,,0,0,,,0,0,,,0,0,,,0,0,,,0,0,,,0,0,1.0,12.0,12,4,,,0,0,0.0,0.0,4,4,0.0,0.0,12,4,,,0,0,,,0,0,,,0,0,,,0,0,,,0,0,,,0,0,SAME_H_IMAGE,METRIC,,,,,,,,,,,,,,,,,,
NEW7,A,0,C_NO_H,BE_ROUTE_R0,challenge,challenge,STRICT_BASE,320,False,micro,12,4,3,UNKNOWN,1.0,12.0,12,4,,,0,0,1.0,12.0,12,4,0.3333333333333333,4.0,12,4,0.0,0.0,4,4,1.0,4.0,4,4,1.0,8.0,8,4,1.0,8.0,8,4,1.0,12.0,12,4,1.0,12.0,12,4,1.0,12.0,12,4,0.0,0.0,4,4,0.0,0.0,12,4,,,0,0,1.0,12.0,12,4,,,0,0,,,0,0,,,0,0,,,0,0,,,0,0,,,0,0,1.0,12.0,12,4,,,0,0,0.0,0.0,4,4,0.0,0.0,12,4,,,0,0,,,0,0,,,0,0,,,0,0,,,0,0,,,0,0,SAME_H_IMAGE,METRIC,,,,,,,,,,,,,,,,,,
NEW7,A,0,C_NO_H,BE_ROUTE_R0,evaluation,H,STRICT_BASE,320,False,macro,9,7,3,UNKNOWN,0.07142857142857142,1.0,9,7,,,0,0,0.07142857142857142,1.0,9,7,0.6428571428571429,5.0,9,7,0.8,4.0,5,5,0.2,1.0,5,5,0.0,0.0,4,3,0.6666666666666666,3.0,4,3,0.8571428571428571,7.0,9,7,0.0,0.0,9,7,0.8571428571428571,7.0,9,7,0.8,4.0,5,5,0.14285714285714285,2.0,9,7,,,0,0,0.0,0.0,9,7,,,0,0,,,0,0,,,0,0,,,0,0,,,0,0,,,0,0,1.0,9.0,9,7,,,0,0,1.0,4.0,4,4,1.0,7.0,7,6,,,0,0,,,0,0,,,0,0,,,0,0,,,0,0,,,0,0,SAME_H_IMAGE,METRIC,,,,,,,,,,,,,,,,,,
NEW7,A,0,C_NO_H,BE_ROUTE_R0,evaluation,H,STRICT_BASE,320,False,micro,9,7,3,UNKNOWN,0.1111111111111111,1.0,9,7,,,0,0,0.1111111111111111,1.0,9,7,0.5555555555555556,5.0,9,7,0.8,4.0,5,5,0.2,1.0,5,5,0.0,0.0,4,3,0.75,3.0,4,3,0.7777777777777778,7.0,9,7,0.0,0.0,9,7,0.7777777777777778,7.0,9,7,0.8,4.0,5,5,0.2222222222222222,2.0,9,7,,,0,0,0.0,0.0,9,7,,,0,0,,,0,0,,,0,0,,,0,0,,,0,0,,,0,0,1.0,9.0,9,7,,,0,0,1.0,4.0,4,4,1.0,7.0,7,6,,,0,0,,,0,0,,,0,0,,,0,0,,,0,0,,,0,0,SAME_H_IMAGE,METRIC,,,,,,,,,,,,,,,,,,
NEW7,A,0,C_NO_H,BE_ROUTE_R0,evaluation,U,STRICT_BASE,320,False,macro,28,7,2,UNKNOWN,0.4880952380952381,13.0,28,7,,,0,0,0.4880952380952381,13.0,28,7,0.8452380952380952,22.0,28,7,0.40476190476190477,9.0,22,7,0.5952380952380952,13.0,22,7,0.0,0.0,6,6,0.6666666666666666,4.0,6,6,0.7142857142857143,20.0,28,7,0.26190476190476186,7.0,28,7,0.7142857142857143,20.0,28,7,0.40476190476190477,9.0,22,7,0.30952380952380953,9.0,28,7,,,0,0,0.5,13.0,28,7,,,0,0,,,0,0,,,0,0,,,0,0,,,0,0,,,0,0,1.0,28.0,28,7,,,0,0,0.5666666666666667,9.0,16,5,0.6333333333333333,13.0,20,5,,,0,0,,,0,0,,,0,0,,,0,0,,,0,0,,,0,0,SAME_H_IMAGE,METRIC,,,,,,,,,,,,,,,,,,
NEW7,A,0,C_NO_H,BE_ROUTE_R0,evaluation,U,STRICT_BASE,320,False,micro,28,7,2,UNKNOWN,0.4642857142857143,13.0,28,7,,,0,0,0.4642857142857143,13.0,28,7,0.7857142857142857,22.0,28,7,0.4090909090909091,9.0,22,7,0.5909090909090909,13.0,22,7,0.0,0.0,6,6,0.6666666666666666,4.0,6,6,0.7142857142857143,20.0,28,7,0.25,7.0,28,7,0.7142857142857143,20.0,28,7,0.4090909090909091,9.0,22,7,0.32142857142857145,9.0,28,7,,,0,0,0.4642857142857143,13.0,28,7,,,0,0,,,0,0,,,0,0,,,0,0,,,0,0,,,0,0,1.0,28.0,28,7,,,0,0,0.5625,9.0,16,5,0.65,13.0,20,5,,,0,0,,,0,0,,,0,0,,,0,0,,,0,0,,,0,0,SAME_H_IMAGE,METRIC,,,,,,,,,,,,,,,,,,
NEW7,A,0,C_NO_H,BE_ROUTE_R0,evaluation,cross_family_confirmation,EDIT_TARGET,320,False,macro,14,7,7,UNKNOWN,0.8571428571428571,12.0,14,7,,,0,0,0.8571428571428571,12.0,14,7,0.42857142857142855,6.0,14,7,,,0,0,,,0,0,0.75,6.0,8,4,1.0,8.0,8,4,1.0,14.0,14,7,0.8571428571428571,12.0,14,7,,,0,0,,,0,0,0.0,0.0,14,7,,,0,0,0.8571428571428571,12.0,14,7,,,0,0,,,0,0,,,0,0,,,0,0,,,0,0,,,0,0,1.0,14.0,14,7,,,0,0,,,0,0,,,0,0,0.0,0.0,14,7,,,0,0,,,0,0,,,0,0,,,0,0,,,0,0,SAME_H_IMAGE,METRIC,,,,,,,,,,,,,,,,,,
NEW7,A,0,C_NO_H,BE_ROUTE_R0,evaluation,cross_family_confirmation,EDIT_TARGET,320,False,micro,14,7,7,UNKNOWN,0.8571428571428571,12.0,14,7,,,0,0,0.8571428571428571,12.0,14,7,0.42857142857142855,6.0,14,7,,,0,0,,,0,0,0.75,6.0,8,4,1.0,8.0,8,4,1.0,14.0,14,7,0.8571428571428571,12.0,14,7,,,0,0,,,0,0,0.0,0.0,14,7,,,0,0,0.8571428571428571,12.0,14,7,,,0,0,,,0,0,,,0,0,,,0,0,,,0,0,,,0,0,1.0,14.0,14,7,,,0,0,,,0,0,,,0,0,0.0,0.0,14,7,,,0,0,,,0,0,,,0,0,,,0,0,,,0,0,SAME_H_IMAGE,METRIC,,,,,,,,,,,,,,,,,,
NEW7,A,0,C_NO_H,BE_ROUTE_R0,evaluation,source_style_confirmation,EDIT_TARGET,320,False,macro,14,7,7,UNKNOWN,1.0,14.0,14,7,,,0,0,1.0,14.0,14,7,0.5714285714285714,8.0,14,7,,,0,0,,,0,0,1.0,6.0,6,3,1.0,6.0,6,3,1.0,14.0,14,7,1.0,14.0,14,7,,,0,0,,,0,0,0.0,0.0,14,7,,,0,0,1.0,14.0,14,7,,,0,0,,,0,0,,,0,0,,,0,0,,,0,0,,,0,0,1.0,14.0,14,7,,,0,0,,,0,0,,,0,0,0.0,0.0,14,7,,,0,0,,,0,0,,,0,0,,,0,0,,,0,0,SAME_H_IMAGE,METRIC,,,,,,,,,,,,,,,,,,
NEW7,A,0,C_NO_H,BE_ROUTE_R0,evaluation,source_style_confirmation,EDIT_TARGET,320,False,micro,14,7,7,UNKNOWN,1.0,14.0,14,7,,,0,0,1.0,14.0,14,7,0.5714285714285714,8.0,14,7,,,0,0,,,0,0,1.0,6.0,6,3,1.0,6.0,6,3,1.0,14.0,14,7,1.0,14.0,14,7,,,0,0,,,0,0,0.0,0.0,14,7,,,0,0,1.0,14.0,14,7,,,0,0,,,0,0,,,0,0,,,0,0,,,0,0,,,0,0,1.0,14.0,14,7,,,0,0,,,0,0,,,0,0,0.0,0.0,14,7,,,0,0,,,0,0,,,0,0,,,0,0,,,0,0,SAME_H_IMAGE,METRIC,,,,,,,,,,,,,,,,,,
NEW7,A,0,C_NO_H,BE_ROUTE_R0,fit,H,STRICT_BASE,320,False,macro,7,7,2,UNKNOWN,0.14285714285714285,1.0,7,7,,,0,0,0.14285714285714285,1.0,7,7,1.0,7.0,7,7,0.8571428571428571,6.0,7,7,0.14285714285714285,1.0,7,7,,,0,0,,,0,0,0.8571428571428571,6.0,7,7,0.0,0.0,7,7,0.8571428571428571,6.0,7,7,0.8571428571428571,6.0,7,7,0.14285714285714285,1.0,7,7,,,0,0,0.0,0.0,7,7,,,0,0,,,0,0,,,0,0,,,0,0,,,0,0,,,0,0,1.0,7.0,7,7,,,0,0,1.0,6.0,6,6,1.0,6.0,6,6,,,0,0,,,0,0,,,0,0,,,0,0,,,0,0,,,0,0,SAME_H_IMAGE,METRIC,,,,,,,,,,,,,,,,,,
NEW7,A,0,C_NO_H,BE_ROUTE_R0,fit,H,STRICT_BASE,320,False,micro,7,7,2,UNKNOWN,0.14285714285714285,1.0,7,7,,,0,0,0.14285714285714285,1.0,7,7,1.0,7.0,7,7,0.8571428571428571,6.0,7,7,0.14285714285714285,1.0,7,7,,,0,0,,,0,0,0.8571428571428571,6.0,7,7,0.0,0.0,7,7,0.8571428571428571,6.0,7,7,0.8571428571428571,6.0,7,7,0.14285714285714285,1.0,7,7,,,0,0,0.0,0.0,7,7,,,0,0,,,0,0,,,0,0,,,0,0,,,0,0,,,0,0,1.0,7.0,7,7,,,0,0,1.0,6.0,6,6,1.0,6.0,6,6,,,0,0,,,0,0,,,0,0,,,0,0,,,0,0,,,0,0,SAME_H_IMAGE,METRIC,,,,,,,,,,,,,,,,,,
NEW7,A,0,C_NO_H,BE_ROUTE_R0,fit,U,STRICT_BASE,320,False,macro,7,7,1,UNKNOWN,1.0,7.0,7,7,,,0,0,1.0,7.0,7,7,1.0,7.0,7,7,0.0,0.0,7,7,1.0,7.0,7,7,,,0,0,,,0,0,0.7142857142857143,5.0,7,7,0.7142857142857143,5.0,7,7,0.7142857142857143,5.0,7,7,0.0,0.0,7,7,0.8571428571428571,6.0,7,7,,,0,0,1.0,7.0,7,7,,,0,0,,,0,0,,,0,0,,,0,0,,,0,0,,,0,0,1.0,7.0,7,7,,,0,0,0.0,0.0,5,5,0.0,0.0,5,5,,,0,0,,,0,0,,,0,0,,,0,0,,,0,0,,,0,0,SAME_H_IMAGE,METRIC,,,,,,,,,,,,,,,,,,
NEW7,A,0,C_NO_H,BE_ROUTE_R0,fit,U,STRICT_BASE,320,False,micro,7,7,1,UNKNOWN,1.0,7.0,7,7,,,0,0,1.0,7.0,7,7,1.0,7.0,7,7,0.0,0.0,7,7,1.0,7.0,7,7,,,0,0,,,0,0,0.7142857142857143,5.0,7,7,0.7142857142857143,5.0,7,7,0.7142857142857143,5.0,7,7,0.0,0.0,7,7,0.8571428571428571,6.0,7,7,,,0,0,1.0,7.0,7,7,,,0,0,,,0,0,,,0,0,,,0,0,,,0,0,,,0,0,1.0,7.0,7,7,,,0,0,0.0,0.0,5,5,0.0,0.0,5,5,,,0,0,,,0,0,,,0,0,,,0,0,,,0,0,,,0,0,SAME_H_IMAGE,METRIC,,,,,,,,,,,,,,,,,,
NEW7,A,0,C_NO_H,BE_ROUTE_R0,fit,positive,EDIT_TARGET,320,False,macro,28,7,7,UNKNOWN,0.9642857142857143,27.0,28,7,,,0,0,0.9642857142857143,27.0,28,7,0.35714285714285715,10.0,28,7,,,0,0,,,0,0,0.9583333333333334,17.0,18,6,1.0,18.0,18,6,1.0,28.0,28,7,0.9642857142857143,27.0,28,7,,,0,0,,,0,0,0.0,0.0,28,7,,,0,0,0.9642857142857143,27.0,28,7,,,0,0,,,0,0,,,0,0,,,0,0,,,0,0,,,0,0,1.0,28.0,28,7,,,0,0,,,0,0,,,0,0,0.0,0.0,28,7,,,0,0,,,0,0,,,0,0,,,0,0,,,0,0,SAME_H_IMAGE,METRIC,,,,,,,,,,,,,,,,,,
NEW7,A,0,C_NO_H,BE_ROUTE_R0,fit,positive,EDIT_TARGET,320,False,micro,28,7,7,UNKNOWN,0.9642857142857143,27.0,28,7,,,0,0,0.9642857142857143,27.0,28,7,0.35714285714285715,10.0,28,7,,,0,0,,,0,0,0.9444444444444444,17.0,18,6,1.0,18.0,18,6,1.0,28.0,28,7,0.9642857142857143,27.0,28,7,,,0,0,,,0,0,0.0,0.0,28,7,,,0,0,0.9642857142857143,27.0,28,7,,,0,0,,,0,0,,,0,0,,,0,0,,,0,0,,,0,0,1.0,28.0,28,7,,,0,0,,,0,0,,,0,0,0.0,0.0,28,7,,,0,0,,,0,0,,,0,0,,,0,0,,,0,0,SAME_H_IMAGE,METRIC,,,,,,,,,,,,,,,,,,
NEW7,A,0,C_NO_H,BE_ROUTE_R0,native,T0,EDIT_TARGET,320,False,macro,7,7,7,UNKNOWN,0.8571428571428571,6.0,7,7,0.8571428571428571,6.0,7,7,0.8571428571428571,6.0,7,7,0.0,0.0,7,7,,,0,0,,,0,0,0.8571428571428571,6.0,7,7,1.0,7.0,7,7,1.0,7.0,7,7,0.8571428571428571,6.0,7,7,,,0,0,,,0,0,0.0,0.0,7,7,,,0,0,0.8571428571428571,6.0,7,7,,,0,0,,,0,0,,,0,0,,,0,0,,,0,0,,,0,0,1.0,7.0,7,7,,,0,0,,,0,0,,,0,0,0.0,0.0,7,7,,,0,0,,,0,0,,,0,0,,,0,0,,,0,0,SAME_H_IMAGE,METRIC,,,,,,,,,,,,,,,,,,
NEW7,A,0,C_NO_H,BE_ROUTE_R0,native,T0,EDIT_TARGET,320,False,micro,7,7,7,UNKNOWN,0.8571428571428571,6.0,7,7,0.8571428571428571,6.0,7,7,0.8571428571428571,6.0,7,7,0.0,0.0,7,7,,,0,0,,,0,0,0.8571428571428571,6.0,7,7,1.0,7.0,7,7,1.0,7.0,7,7,0.8571428571428571,6.0,7,7,,,0,0,,,0,0,0.0,0.0,7,7,,,0,0,0.8571428571428571,6.0,7,7,,,0,0,,,0,0,,,0,0,,,0,0,,,0,0,,,0,0,1.0,7.0,7,7,,,0,0,,,0,0,,,0,0,0.0,0.0,7,7,,,0,0,,,0,0,,,0,0,,,0,0,,,0,0,SAME_H_IMAGE,METRIC,,,,,,,,,,,,,,,,,,
NEW7,A,0,C_NO_H,RC_FIXED_OLD16,challenge,challenge,STRICT_BASE,320,False,macro,12,4,3,UNKNOWN,0.3333333333333333,4.0,12,4,,,0,0,0.3333333333333333,4.0,12,4,0.3333333333333333,4.0,12,4,0.0,0.0,4,4,1.0,4.0,4,4,0.0,0.0,8,4,0.0,0.0,8,4,0.0,0.0,12,4,0.0,0.0,12,4,0.0,0.0,12,4,0.0,0.0,4,4,1.0,12.0,12,4,,,0,0,1.0,12.0,12,4,,,0,0,,,0,0,,,0,0,,,0,0,,,0,0,,,0,0,1.0,12.0,12,4,,,0,0,,,0,0,,,0,0,,,0,0,,,0,0,,,0,0,,,0,0,,,0,0,,,0,0,SAME_H_IMAGE,METRIC,,,,,,,,,,,,,,,,,,
NEW7,A,0,C_NO_H,RC_FIXED_OLD16,challenge,challenge,STRICT_BASE,320,False,micro,12,4,3,UNKNOWN,0.3333333333333333,4.0,12,4,,,0,0,0.3333333333333333,4.0,12,4,0.3333333333333333,4.0,12,4,0.0,0.0,4,4,1.0,4.0,4,4,0.0,0.0,8,4,0.0,0.0,8,4,0.0,0.0,12,4,0.0,0.0,12,4,0.0,0.0,12,4,0.0,0.0,4,4,1.0,12.0,12,4,,,0,0,1.0,12.0,12,4,,,0,0,,,0,0,,,0,0,,,0,0,,,0,0,,,0,0,1.0,12.0,12,4,,,0,0,,,0,0,,,0,0,,,0,0,,,0,0,,,0,0,,,0,0,,,0,0,,,0,0,SAME_H_IMAGE,METRIC,,,,,,,,,,,,,,,,,,
NEW7,A,0,C_NO_H,RC_FIXED_OLD16,evaluation,H,STRICT_BASE,320,False,macro,9,7,3,UNKNOWN,0.6428571428571429,5.0,9,7,,,0,0,0.6428571428571429,5.0,9,7,0.6428571428571429,5.0,9,7,0.0,0.0,5,5,1.0,5.0,5,5,0.0,0.0,4,3,0.0,0.0,4,3,0.0,0.0,9,7,0.0,0.0,9,7,0.0,0.0,9,7,0.0,0.0,5,5,1.0,9.0,9,7,,,0,0,0.0,0.0,9,7,,,0,0,,,0,0,,,0,0,,,0,0,,,0,0,,,0,0,1.0,9.0,9,7,,,0,0,,,0,0,,,0,0,,,0,0,,,0,0,,,0,0,,,0,0,,,0,0,,,0,0,SAME_H_IMAGE,METRIC,,,,,,,,,,,,,,,,,,
NEW7,A,0,C_NO_H,RC_FIXED_OLD16,evaluation,H,STRICT_BASE,320,False,micro,9,7,3,UNKNOWN,0.5555555555555556,5.0,9,7,,,0,0,0.5555555555555556,5.0,9,7,0.5555555555555556,5.0,9,7,0.0,0.0,5,5,1.0,5.0,5,5,0.0,0.0,4,3,0.0,0.0,4,3,0.0,0.0,9,7,0.0,0.0,9,7,0.0,0.0,9,7,0.0,0.0,5,5,1.0,9.0,9,7,,,0,0,0.0,0.0,9,7,,,0,0,,,0,0,,,0,0,,,0,0,,,0,0,,,0,0,1.0,9.0,9,7,,,0,0,,,0,0,,,0,0,,,0,0,,,0,0,,,0,0,,,0,0,,,0,0,,,0,0,SAME_H_IMAGE,METRIC,,,,,,,,,,,,,,,,,,
NEW7,A,0,C_NO_H,RC_FIXED_OLD16,evaluation,U,STRICT_BASE,320,False,macro,28,7,2,UNKNOWN,0.8452380952380952,22.0,28,7,,,0,0,0.8452380952380952,22.0,28,7,0.8452380952380952,22.0,28,7,0.0,0.0,22,7,1.0,22.0,22,7,0.0,0.0,6,6,0.0,0.0,6,6,0.0,0.0,28,7,0.0,0.0,28,7,0.0,0.0,28,7,0.0,0.0,22,7,1.0,28.0,28,7,,,0,0,0.5,13.0,28,7,,,0,0,,,0,0,,,0,0,,,0,0,,,0,0,,,0,0,1.0,28.0,28,7,,,0,0,,,0,0,,,0,0,,,0,0,,,0,0,,,0,0,,,0,0,,,0,0,,,0,0,SAME_H_IMAGE,METRIC,,,,,,,,,,,,,,,,,,
NEW7,A,0,C_NO_H,RC_FIXED_OLD16,evaluation,U,STRICT_BASE,320,False,micro,28,7,2,UNKNOWN,0.7857142857142857,22.0,28,7,,,0,0,0.7857142857142857,22.0,28,7,0.7857142857142857,22.0,28,7,0.0,0.0,22,7,1.0,22.0,22,7,0.0,0.0,6,6,0.0,0.0,6,6,0.0,0.0,28,7,0.0,0.0,28,7,0.0,0.0,28,7,0.0,0.0,22,7,1.0,28.0,28,7,,,0,0,0.4642857142857143,13.0,28,7,,,0,0,,,0,0,,,0,0,,,0,0,,,0,0,,,0,0,1.0,28.0,28,7,,,0,0,,,0,0,,,0,0,,,0,0,,,0,0,,,0,0,,,0,0,,,0,0,,,0,0,SAME_H_IMAGE,METRIC,,,,,,,,,,,,,,,,,,
NEW7,A,0,C_NO_H,RC_FIXED_OLD16,evaluation,cross_family_confirmation,EDIT_TARGET,320,False,macro,14,7,7,UNKNOWN,0.8571428571428571,12.0,14,7,,,0,0,0.8571428571428571,12.0,14,7,0.42857142857142855,6.0,14,7,,,0,0,,,0,0,0.75,6.0,8,4,1.0,8.0,8,4,1.0,14.0,14,7,0.8571428571428571,12.0,14,7,,,0,0,,,0,0,0.0,0.0,14,7,,,0,0,0.8571428571428571,12.0,14,7,,,0,0,,,0,0,,,0,0,,,0,0,,,0,0,,,0,0,1.0,14.0,14,7,,,0,0,,,0,0,,,0,0,0.0,0.0,14,7,,,0,0,,,0,0,,,0,0,,,0,0,,,0,0,SAME_H_IMAGE,METRIC,,,,,,,,,,,,,,,,,,
NEW7,A,0,C_NO_H,RC_FIXED_OLD16,evaluation,cross_family_confirmation,EDIT_TARGET,320,False,micro,14,7,7,UNKNOWN,0.8571428571428571,12.0,14,7,,,0,0,0.8571428571428571,12.0,14,7,0.42857142857142855,6.0,14,7,,,0,0,,,0,0,0.75,6.0,8,4,1.0,8.0,8,4,1.0,14.0,14,7,0.8571428571428571,12.0,14,7,,,0,0,,,0,0,0.0,0.0,14,7,,,0,0,0.8571428571428571,12.0,14,7,,,0,0,,,0,0,,,0,0,,,0,0,,,0,0,,,0,0,1.0,14.0,14,7,,,0,0,,,0,0,,,0,0,0.0,0.0,14,7,,,0,0,,,0,0,,,0,0,,,0,0,,,0,0,SAME_H_IMAGE,METRIC,,,,,,,,,,,,,,,,,,
NEW7,A,0,C_NO_H,RC_FIXED_OLD16,evaluation,source_style_confirmation,EDIT_TARGET,320,False,macro,14,7,7,UNKNOWN,1.0,14.0,14,7,,,0,0,1.0,14.0,14,7,0.5714285714285714,8.0,14,7,,,0,0,,,0,0,1.0,6.0,6,3,1.0,6.0,6,3,1.0,14.0,14,7,1.0,14.0,14,7,,,0,0,,,0,0,0.0,0.0,14,7,,,0,0,1.0,14.0,14,7,,,0,0,,,0,0,,,0,0,,,0,0,,,0,0,,,0,0,1.0,14.0,14,7,,,0,0,,,0,0,,,0,0,0.0,0.0,14,7,,,0,0,,,0,0,,,0,0,,,0,0,,,0,0,SAME_H_IMAGE,METRIC,,,,,,,,,,,,,,,,,,
NEW7,A,0,C_NO_H,RC_FIXED_OLD16,evaluation,source_style_confirmation,EDIT_TARGET,320,False,micro,14,7,7,UNKNOWN,1.0,14.0,14,7,,,0,0,1.0,14.0,14,7,0.5714285714285714,8.0,14,7,,,0,0,,,0,0,1.0,6.0,6,3,1.0,6.0,6,3,1.0,14.0,14,7,1.0,14.0,14,7,,,0,0,,,0,0,0.0,0.0,14,7,,,0,0,1.0,14.0,14,7,,,0,0,,,0,0,,,0,0,,,0,0,,,0,0,,,0,0,1.0,14.0,14,7,,,0,0,,,0,0,,,0,0,0.0,0.0,14,7,,,0,0,,,0,0,,,0,0,,,0,0,,,0,0,SAME_H_IMAGE,METRIC,,,,,,,,,,,,,,,,,,
NEW7,A,0,C_NO_H,RC_FIXED_OLD16,fit,H,STRICT_BASE,320,False,macro,7,7,2,UNKNOWN,1.0,7.0,7,7,,,0,0,1.0,7.0,7,7,1.0,7.0,7,7,0.0,0.0,7,7,1.0,7.0,7,7,,,0,0,,,0,0,0.0,0.0,7,7,0.0,0.0,7,7,0.0,0.0,7,7,0.0,0.0,7,7,1.0,7.0,7,7,,,0,0,0.0,0.0,7,7,,,0,0,,,0,0,,,0,0,,,0,0,,,0,0,,,0,0,1.0,7.0,7,7,,,0,0,,,0,0,,,0,0,,,0,0,,,0,0,,,0,0,,,0,0,,,0,0,,,0,0,SAME_H_IMAGE,METRIC,,,,,,,,,,,,,,,,,,
NEW7,A,0,C_NO_H,RC_FIXED_OLD16,fit,H,STRICT_BASE,320,False,micro,7,7,2,UNKNOWN,1.0,7.0,7,7,,,0,0,1.0,7.0,7,7,1.0,7.0,7,7,0.0,0.0,7,7,1.0,7.0,7,7,,,0,0,,,0,0,0.0,0.0,7,7,0.0,0.0,7,7,0.0,0.0,7,7,0.0,0.0,7,7,1.0,7.0,7,7,,,0,0,0.0,0.0,7,7,,,0,0,,,0,0,,,0,0,,,0,0,,,0,0,,,0,0,1.0,7.0,7,7,,,0,0,,,0,0,,,0,0,,,0,0,,,0,0,,,0,0,,,0,0,,,0,0,,,0,0,SAME_H_IMAGE,METRIC,,,,,,,,,,,,,,,,,,
NEW7,A,0,C_NO_H,RC_FIXED_OLD16,fit,U,STRICT_BASE,320,False,macro,7,7,1,UNKNOWN,1.0,7.0,7,7,,,0,0,1.0,7.0,7,7,1.0,7.0,7,7,0.0,0.0,7,7,1.0,7.0,7,7,,,0,0,,,0,0,0.0,0.0,7,7,0.0,0.0,7,7,0.0,0.0,7,7,0.0,0.0,7,7,1.0,7.0,7,7,,,0,0,1.0,7.0,7,7,,,0,0,,,0,0,,,0,0,,,0,0,,,0,0,,,0,0,1.0,7.0,7,7,,,0,0,,,0,0,,,0,0,,,0,0,,,0,0,,,0,0,,,0,0,,,0,0,,,0,0,SAME_H_IMAGE,METRIC,,,,,,,,,,,,,,,,,,
NEW7,A,0,C_NO_H,RC_FIXED_OLD16,fit,U,STRICT_BASE,320,False,micro,7,7,1,UNKNOWN,1.0,7.0,7,7,,,0,0,1.0,7.0,7,7,1.0,7.0,7,7,0.0,0.0,7,7,1.0,7.0,7,7,,,0,0,,,0,0,0.0,0.0,7,7,0.0,0.0,7,7,0.0,0.0,7,7,0.0,0.0,7,7,1.0,7.0,7,7,,,0,0,1.0,7.0,7,7,,,0,0,,,0,0,,,0,0,,,0,0,,,0,0,,,0,0,1.0,7.0,7,7,,,0,0,,,0,0,,,0,0,,,0,0,,,0,0,,,0,0,,,0,0,,,0,0,,,0,0,SAME_H_IMAGE,METRIC,,,,,,,,,,,,,,,,,,
NEW7,A,0,C_NO_H,RC_FIXED_OLD16,fit,positive,EDIT_TARGET,320,False,macro,28,7,7,UNKNOWN,0.9642857142857143,27.0,28,7,,,0,0,0.9642857142857143,27.0,28,7,0.35714285714285715,10.0,28,7,,,0,0,,,0,0,0.9583333333333334,17.0,18,6,1.0,18.0,18,6,1.0,28.0,28,7,0.9642857142857143,27.0,28,7,,,0,0,,,0,0,0.0,0.0,28,7,,,0,0,0.9642857142857143,27.0,28,7,,,0,0,,,0,0,,,0,0,,,0,0,,,0,0,,,0,0,1.0,28.0,28,7,,,0,0,,,0,0,,,0,0,0.0,0.0,28,7,,,0,0,,,0,0,,,0,0,,,0,0,,,0,0,SAME_H_IMAGE,METRIC,,,,,,,,,,,,,,,,,,
NEW7,A,0,C_NO_H,RC_FIXED_OLD16,fit,positive,EDIT_TARGET,320,False,micro,28,7,7,UNKNOWN,0.9642857142857143,27.0,28,7,,,0,0,0.9642857142857143,27.0,28,7,0.35714285714285715,10.0,28,7,,,0,0,,,0,0,0.9444444444444444,17.0,18,6,1.0,18.0,18,6,1.0,28.0,28,7,0.9642857142857143,27.0,28,7,,,0,0,,,0,0,0.0,0.0,28,7,,,0,0,0.9642857142857143,27.0,28,7,,,0,0,,,0,0,,,0,0,,,0,0,,,0,0,,,0,0,1.0,28.0,28,7,,,0,0,,,0,0,,,0,0,0.0,0.0,28,7,,,0,0,,,0,0,,,0,0,,,0,0,,,0,0,SAME_H_IMAGE,METRIC,,,,,,,,,,,,,,,,,,
NEW7,A,0,C_NO_H,RC_FIXED_OLD16,native,T0,EDIT_TARGET,320,False,macro,7,7,7,UNKNOWN,0.8571428571428571,6.0,7,7,0.8571428571428571,6.0,7,7,0.8571428571428571,6.0,7,7,0.0,0.0,7,7,,,0,0,,,0,0,0.8571428571428571,6.0,7,7,1.0,7.0,7,7,1.0,7.0,7,7,0.8571428571428571,6.0,7,7,,,0,0,,,0,0,0.0,0.0,7,7,,,0,0,0.8571428571428571,6.0,7,7,,,0,0,,,0,0,,,0,0,,,0,0,,,0,0,,,0,0,1.0,7.0,7,7,,,0,0,,,0,0,,,0,0,0.0,0.0,7,7,,,0,0,,,0,0,,,0,0,,,0,0,,,0,0,SAME_H_IMAGE,METRIC,,,,,,,,,,,,,,,,,,
NEW7,A,0,C_NO_H,RC_FIXED_OLD16,native,T0,EDIT_TARGET,320,False,micro,7,7,7,UNKNOWN,0.8571428571428571,6.0,7,7,0.8571428571428571,6.0,7,7,0.8571428571428571,6.0,7,7,0.0,0.0,7,7,,,0,0,,,0,0,0.8571428571428571,6.0,7,7,1.0,7.0,7,7,1.0,7.0,7,7,0.8571428571428571,6.0,7,7,,,0,0,,,0,0,0.0,0.0,7,7,,,0,0,0.8571428571428571,6.0,7,7,,,0,0,,,0,0,,,0,0,,,0,0,,,0,0,,,0,0,1.0,7.0,7,7,,,0,0,,,0,0,,,0,0,0.0,0.0,7,7,,,0,0,,,0,0,,,0,0,,,0,0,,,0,0,SAME_H_IMAGE,METRIC,,,,,,,,,,,,,,,,,,
OLD15,,,C_FACT,BE_ROUTE_R0,fit,,,,,,,,,,,,,,,,,,,,,,,,,,,,,,,,,,,,,,,,,,,,,,,,,,,,,,,,,,,,,,,,,,,,,,,,,,,,,,,,,,,,,,,,,,,,,,,,,,,,,,,,,,,,,,,,,,,,,,,,,,,,,,,,,,,,,,FULL_COHORT,PAIR_CORRECT,15,15,1.0,15,27,0.9777777777777777,0.9629629629629629,AVAILABLE,26,1,0,0,,,,,,
OLD15,,,C_NO_H,BE_ROUTE_R0,fit,,,,,,,,,,,,,,,,,,,,,,,,,,,,,,,,,,,,,,,,,,,,,,,,,,,,,,,,,,,,,,,,,,,,,,,,,,,,,,,,,,,,,,,,,,,,,,,,,,,,,,,,,,,,,,,,,,,,,,,,,,,,,,,,,,,,,,FULL_COHORT,PAIR_CORRECT,15,15,1.0,15,27,0.04444444444444444,0.07407407407407407,AVAILABLE,2,25,0,0,,,,,,
OLD15,,,C_EXTRA_QA,BE_ROUTE_R0,fit,,,,,,,,,,,,,,,,,,,,,,,,,,,,,,,,,,,,,,,,,,,,,,,,,,,,,,,,,,,,,,,,,,,,,,,,,,,,,,,,,,,,,,,,,,,,,,,,,,,,,,,,,,,,,,,,,,,,,,,,,,,,,,,,,,,,,,FULL_COHORT,PAIR_CORRECT,15,0,,0,0,,,UNSUPPORTED,0,0,0,0,,,,,,
OLD15,,,BE,BE_ROUTE_R0,fit,,,,,,,,,,,,,,,,,,,,,,,,,,,,,,,,,,,,,,,,,,,,,,,,,,,,,,,,,,,,,,,,,,,,,,,,,,,,,,,,,,,,,,,,,,,,,,,,,,,,,,,,,,,,,,,,,,,,,,,,,,,,,,,,,,,,,,FULL_COHORT,PAIR_CORRECT,15,15,1.0,15,27,0.04444444444444444,0.07407407407407407,AVAILABLE,2,25,0,0,,,,,,
OLD15,,,C_FACT,BE_ROUTE_R0,evaluation,,,,,,,,,,,,,,,,,,,,,,,,,,,,,,,,,,,,,,,,,,,,,,,,,,,,,,,,,,,,,,,,,,,,,,,,,,,,,,,,,,,,,,,,,,,,,,,,,,,,,,,,,,,,,,,,,,,,,,,,,,,,,,,,,,,,,,FULL_COHORT,PAIR_CORRECT,15,15,1.0,14,19,0.5357142857142857,0.5789473684210527,AVAILABLE,11,8,0,0,,,,,,
OLD15,,,C_NO_H,BE_ROUTE_R0,evaluation,,,,,,,,,,,,,,,,,,,,,,,,,,,,,,,,,,,,,,,,,,,,,,,,,,,,,,,,,,,,,,,,,,,,,,,,,,,,,,,,,,,,,,,,,,,,,,,,,,,,,,,,,,,,,,,,,,,,,,,,,,,,,,,,,,,,,,FULL_COHORT,PAIR_CORRECT,15,15,1.0,14,19,0.03571428571428571,0.05263157894736842,AVAILABLE,1,18,0,0,,,,,,
OLD15,,,C_EXTRA_QA,BE_ROUTE_R0,evaluation,,,,,,,,,,,,,,,,,,,,,,,,,,,,,,,,,,,,,,,,,,,,,,,,,,,,,,,,,,,,,,,,,,,,,,,,,,,,,,,,,,,,,,,,,,,,,,,,,,,,,,,,,,,,,,,,,,,,,,,,,,,,,,,,,,,,,,FULL_COHORT,PAIR_CORRECT,15,0,,0,0,,,UNSUPPORTED,0,0,0,0,,,,,,
OLD15,,,BE,BE_ROUTE_R0,evaluation,,,,,,,,,,,,,,,,,,,,,,,,,,,,,,,,,,,,,,,,,,,,,,,,,,,,,,,,,,,,,,,,,,,,,,,,,,,,,,,,,,,,,,,,,,,,,,,,,,,,,,,,,,,,,,,,,,,,,,,,,,,,,,,,,,,,,,FULL_COHORT,PAIR_CORRECT,15,15,1.0,14,19,0.03571428571428571,0.05263157894736842,AVAILABLE,1,18,0,0,,,,,,
OLD15,,,C_FACT,RC_FIXED_OLD16,fit,,,,,,,,,,,,,,,,,,,,,,,,,,,,,,,,,,,,,,,,,,,,,,,,,,,,,,,,,,,,,,,,,,,,,,,,,,,,,,,,,,,,,,,,,,,,,,,,,,,,,,,,,,,,,,,,,,,,,,,,,,,,,,,,,,,,,,FULL_COHORT,PAIR_CORRECT,15,15,1.0,15,27,0.9777777777777777,0.9629629629629629,AVAILABLE,26,1,0,0,,,,,,
OLD15,,,C_NO_H,RC_FIXED_OLD16,fit,,,,,,,,,,,,,,,,,,,,,,,,,,,,,,,,,,,,,,,,,,,,,,,,,,,,,,,,,,,,,,,,,,,,,,,,,,,,,,,,,,,,,,,,,,,,,,,,,,,,,,,,,,,,,,,,,,,,,,,,,,,,,,,,,,,,,,FULL_COHORT,PAIR_CORRECT,15,15,1.0,15,27,0.9777777777777777,0.9629629629629629,AVAILABLE,26,1,0,0,,,,,,
OLD15,,,C_EXTRA_QA,RC_FIXED_OLD16,fit,,,,,,,,,,,,,,,,,,,,,,,,,,,,,,,,,,,,,,,,,,,,,,,,,,,,,,,,,,,,,,,,,,,,,,,,,,,,,,,,,,,,,,,,,,,,,,,,,,,,,,,,,,,,,,,,,,,,,,,,,,,,,,,,,,,,,,FULL_COHORT,PAIR_CORRECT,15,0,,0,0,,,UNSUPPORTED,0,0,0,0,,,,,,
OLD15,,,BE,RC_FIXED_OLD16,fit,,,,,,,,,,,,,,,,,,,,,,,,,,,,,,,,,,,,,,,,,,,,,,,,,,,,,,,,,,,,,,,,,,,,,,,,,,,,,,,,,,,,,,,,,,,,,,,,,,,,,,,,,,,,,,,,,,,,,,,,,,,,,,,,,,,,,,FULL_COHORT,PAIR_CORRECT,15,15,1.0,15,27,0.9777777777777777,0.9629629629629629,AVAILABLE,26,1,0,0,,,,,,
OLD15,,,C_FACT,RC_FIXED_OLD16,evaluation,,,,,,,,,,,,,,,,,,,,,,,,,,,,,,,,,,,,,,,,,,,,,,,,,,,,,,,,,,,,,,,,,,,,,,,,,,,,,,,,,,,,,,,,,,,,,,,,,,,,,,,,,,,,,,,,,,,,,,,,,,,,,,,,,,,,,,FULL_COHORT,PAIR_CORRECT,15,15,1.0,14,19,0.8214285714285714,0.7894736842105263,AVAILABLE,15,4,0,0,,,,,,
OLD15,,,C_NO_H,RC_FIXED_OLD16,evaluation,,,,,,,,,,,,,,,,,,,,,,,,,,,,,,,,,,,,,,,,,,,,,,,,,,,,,,,,,,,,,,,,,,,,,,,,,,,,,,,,,,,,,,,,,,,,,,,,,,,,,,,,,,,,,,,,,,,,,,,,,,,,,,,,,,,,,,FULL_COHORT,PAIR_CORRECT,15,15,1.0,14,19,0.8214285714285714,0.7894736842105263,AVAILABLE,15,4,0,0,,,,,,
OLD15,,,C_EXTRA_QA,RC_FIXED_OLD16,evaluation,,,,,,,,,,,,,,,,,,,,,,,,,,,,,,,,,,,,,,,,,,,,,,,,,,,,,,,,,,,,,,,,,,,,,,,,,,,,,,,,,,,,,,,,,,,,,,,,,,,,,,,,,,,,,,,,,,,,,,,,,,,,,,,,,,,,,,FULL_COHORT,PAIR_CORRECT,15,0,,0,0,,,UNSUPPORTED,0,0,0,0,,,,,,
OLD15,,,BE,RC_FIXED_OLD16,evaluation,,,,,,,,,,,,,,,,,,,,,,,,,,,,,,,,,,,,,,,,,,,,,,,,,,,,,,,,,,,,,,,,,,,,,,,,,,,,,,,,,,,,,,,,,,,,,,,,,,,,,,,,,,,,,,,,,,,,,,,,,,,,,,,,,,,,,,FULL_COHORT,PAIR_CORRECT,15,15,1.0,14,19,0.8214285714285714,0.7894736842105263,AVAILABLE,15,4,0,0,,,,,,
OLD15,,,C_FACT,BE_ROUTE_R0,fit,,,,,,,,,,,,,,,,,,,,,,,,,,,,,,,,,,,,,,,,,,,,,,,,,,,,,,,,,,,,,,,,,,,,,,,,,,,,,,,,,,,,,,,,,,,,,,,,,,,,,,,,,,,,,,,,,,,,,,,,,,,,,,,,,,,,,,COMMON_SUPPORTED,PAIR_CORRECT,0,0,,0,0,,,UNSUPPORTED,0,0,0,0,,,,,,
OLD15,,,C_NO_H,BE_ROUTE_R0,fit,,,,,,,,,,,,,,,,,,,,,,,,,,,,,,,,,,,,,,,,,,,,,,,,,,,,,,,,,,,,,,,,,,,,,,,,,,,,,,,,,,,,,,,,,,,,,,,,,,,,,,,,,,,,,,,,,,,,,,,,,,,,,,,,,,,,,,COMMON_SUPPORTED,PAIR_CORRECT,0,0,,0,0,,,UNSUPPORTED,0,0,0,0,,,,,,
OLD15,,,C_EXTRA_QA,BE_ROUTE_R0,fit,,,,,,,,,,,,,,,,,,,,,,,,,,,,,,,,,,,,,,,,,,,,,,,,,,,,,,,,,,,,,,,,,,,,,,,,,,,,,,,,,,,,,,,,,,,,,,,,,,,,,,,,,,,,,,,,,,,,,,,,,,,,,,,,,,,,,,COMMON_SUPPORTED,PAIR_CORRECT,0,0,,0,0,,,UNSUPPORTED,0,0,0,0,,,,,,
OLD15,,,BE,BE_ROUTE_R0,fit,,,,,,,,,,,,,,,,,,,,,,,,,,,,,,,,,,,,,,,,,,,,,,,,,,,,,,,,,,,,,,,,,,,,,,,,,,,,,,,,,,,,,,,,,,,,,,,,,,,,,,,,,,,,,,,,,,,,,,,,,,,,,,,,,,,,,,COMMON_SUPPORTED,PAIR_CORRECT,0,0,,0,0,,,UNSUPPORTED,0,0,0,0,,,,,,
OLD15,,,C_FACT,BE_ROUTE_R0,evaluation,,,,,,,,,,,,,,,,,,,,,,,,,,,,,,,,,,,,,,,,,,,,,,,,,,,,,,,,,,,,,,,,,,,,,,,,,,,,,,,,,,,,,,,,,,,,,,,,,,,,,,,,,,,,,,,,,,,,,,,,,,,,,,,,,,,,,,COMMON_SUPPORTED,PAIR_CORRECT,0,0,,0,0,,,UNSUPPORTED,0,0,0,0,,,,,,
OLD15,,,C_NO_H,BE_ROUTE_R0,evaluation,,,,,,,,,,,,,,,,,,,,,,,,,,,,,,,,,,,,,,,,,,,,,,,,,,,,,,,,,,,,,,,,,,,,,,,,,,,,,,,,,,,,,,,,,,,,,,,,,,,,,,,,,,,,,,,,,,,,,,,,,,,,,,,,,,,,,,COMMON_SUPPORTED,PAIR_CORRECT,0,0,,0,0,,,UNSUPPORTED,0,0,0,0,,,,,,
OLD15,,,C_EXTRA_QA,BE_ROUTE_R0,evaluation,,,,,,,,,,,,,,,,,,,,,,,,,,,,,,,,,,,,,,,,,,,,,,,,,,,,,,,,,,,,,,,,,,,,,,,,,,,,,,,,,,,,,,,,,,,,,,,,,,,,,,,,,,,,,,,,,,,,,,,,,,,,,,,,,,,,,,COMMON_SUPPORTED,PAIR_CORRECT,0,0,,0,0,,,UNSUPPORTED,0,0,0,0,,,,,,
OLD15,,,BE,BE_ROUTE_R0,evaluation,,,,,,,,,,,,,,,,,,,,,,,,,,,,,,,,,,,,,,,,,,,,,,,,,,,,,,,,,,,,,,,,,,,,,,,,,,,,,,,,,,,,,,,,,,,,,,,,,,,,,,,,,,,,,,,,,,,,,,,,,,,,,,,,,,,,,,COMMON_SUPPORTED,PAIR_CORRECT,0,0,,0,0,,,UNSUPPORTED,0,0,0,0,,,,,,
OLD15,,,C_FACT,RC_FIXED_OLD16,fit,,,,,,,,,,,,,,,,,,,,,,,,,,,,,,,,,,,,,,,,,,,,,,,,,,,,,,,,,,,,,,,,,,,,,,,,,,,,,,,,,,,,,,,,,,,,,,,,,,,,,,,,,,,,,,,,,,,,,,,,,,,,,,,,,,,,,,COMMON_SUPPORTED,PAIR_CORRECT,0,0,,0,0,,,UNSUPPORTED,0,0,0,0,,,,,,
OLD15,,,C_NO_H,RC_FIXED_OLD16,fit,,,,,,,,,,,,,,,,,,,,,,,,,,,,,,,,,,,,,,,,,,,,,,,,,,,,,,,,,,,,,,,,,,,,,,,,,,,,,,,,,,,,,,,,,,,,,,,,,,,,,,,,,,,,,,,,,,,,,,,,,,,,,,,,,,,,,,COMMON_SUPPORTED,PAIR_CORRECT,0,0,,0,0,,,UNSUPPORTED,0,0,0,0,,,,,,
OLD15,,,C_EXTRA_QA,RC_FIXED_OLD16,fit,,,,,,,,,,,,,,,,,,,,,,,,,,,,,,,,,,,,,,,,,,,,,,,,,,,,,,,,,,,,,,,,,,,,,,,,,,,,,,,,,,,,,,,,,,,,,,,,,,,,,,,,,,,,,,,,,,,,,,,,,,,,,,,,,,,,,,COMMON_SUPPORTED,PAIR_CORRECT,0,0,,0,0,,,UNSUPPORTED,0,0,0,0,,,,,,
OLD15,,,BE,RC_FIXED_OLD16,fit,,,,,,,,,,,,,,,,,,,,,,,,,,,,,,,,,,,,,,,,,,,,,,,,,,,,,,,,,,,,,,,,,,,,,,,,,,,,,,,,,,,,,,,,,,,,,,,,,,,,,,,,,,,,,,,,,,,,,,,,,,,,,,,,,,,,,,COMMON_SUPPORTED,PAIR_CORRECT,0,0,,0,0,,,UNSUPPORTED,0,0,0,0,,,,,,
OLD15,,,C_FACT,RC_FIXED_OLD16,evaluation,,,,,,,,,,,,,,,,,,,,,,,,,,,,,,,,,,,,,,,,,,,,,,,,,,,,,,,,,,,,,,,,,,,,,,,,,,,,,,,,,,,,,,,,,,,,,,,,,,,,,,,,,,,,,,,,,,,,,,,,,,,,,,,,,,,,,,COMMON_SUPPORTED,PAIR_CORRECT,0,0,,0,0,,,UNSUPPORTED,0,0,0,0,,,,,,
OLD15,,,C_NO_H,RC_FIXED_OLD16,evaluation,,,,,,,,,,,,,,,,,,,,,,,,,,,,,,,,,,,,,,,,,,,,,,,,,,,,,,,,,,,,,,,,,,,,,,,,,,,,,,,,,,,,,,,,,,,,,,,,,,,,,,,,,,,,,,,,,,,,,,,,,,,,,,,,,,,,,,COMMON_SUPPORTED,PAIR_CORRECT,0,0,,0,0,,,UNSUPPORTED,0,0,0,0,,,,,,
OLD15,,,C_EXTRA_QA,RC_FIXED_OLD16,evaluation,,,,,,,,,,,,,,,,,,,,,,,,,,,,,,,,,,,,,,,,,,,,,,,,,,,,,,,,,,,,,,,,,,,,,,,,,,,,,,,,,,,,,,,,,,,,,,,,,,,,,,,,,,,,,,,,,,,,,,,,,,,,,,,,,,,,,,COMMON_SUPPORTED,PAIR_CORRECT,0,0,,0,0,,,UNSUPPORTED,0,0,0,0,,,,,,
OLD15,,,BE,RC_FIXED_OLD16,evaluation,,,,,,,,,,,,,,,,,,,,,,,,,,,,,,,,,,,,,,,,,,,,,,,,,,,,,,,,,,,,,,,,,,,,,,,,,,,,,,,,,,,,,,,,,,,,,,,,,,,,,,,,,,,,,,,,,,,,,,,,,,,,,,,,,,,,,,COMMON_SUPPORTED,PAIR_CORRECT,0,0,,0,0,,,UNSUPPORTED,0,0,0,0,,,,,,
OLD15,,,C_FACT,BE_ROUTE_R0,fit,,,,,,,,,,,,,,,,,,,,,,,,,,,,,,,,,,,,,,,,,,,,,,,,,,,,,,,,,,,,,,,,,,,,,,,,,,,,,,,,,,,,,,,,,,,,,,,,,,,,,,,,,,,,,,,,,,,,,,,,,,,,,,,,,,,,,,SAME_H_IMAGE,PAIR_CORRECT,0,0,,0,0,,,UNSUPPORTED,0,0,0,0,,,,,,
OLD15,,,C_NO_H,BE_ROUTE_R0,fit,,,,,,,,,,,,,,,,,,,,,,,,,,,,,,,,,,,,,,,,,,,,,,,,,,,,,,,,,,,,,,,,,,,,,,,,,,,,,,,,,,,,,,,,,,,,,,,,,,,,,,,,,,,,,,,,,,,,,,,,,,,,,,,,,,,,,,SAME_H_IMAGE,PAIR_CORRECT,0,0,,0,0,,,UNSUPPORTED,0,0,0,0,,,,,,
OLD15,,,C_EXTRA_QA,BE_ROUTE_R0,fit,,,,,,,,,,,,,,,,,,,,,,,,,,,,,,,,,,,,,,,,,,,,,,,,,,,,,,,,,,,,,,,,,,,,,,,,,,,,,,,,,,,,,,,,,,,,,,,,,,,,,,,,,,,,,,,,,,,,,,,,,,,,,,,,,,,,,,SAME_H_IMAGE,PAIR_CORRECT,0,0,,0,0,,,UNSUPPORTED,0,0,0,0,,,,,,
OLD15,,,BE,BE_ROUTE_R0,fit,,,,,,,,,,,,,,,,,,,,,,,,,,,,,,,,,,,,,,,,,,,,,,,,,,,,,,,,,,,,,,,,,,,,,,,,,,,,,,,,,,,,,,,,,,,,,,,,,,,,,,,,,,,,,,,,,,,,,,,,,,,,,,,,,,,,,,SAME_H_IMAGE,PAIR_CORRECT,0,0,,0,0,,,UNSUPPORTED,0,0,0,0,,,,,,
OLD15,,,C_FACT,BE_ROUTE_R0,evaluation,,,,,,,,,,,,,,,,,,,,,,,,,,,,,,,,,,,,,,,,,,,,,,,,,,,,,,,,,,,,,,,,,,,,,,,,,,,,,,,,,,,,,,,,,,,,,,,,,,,,,,,,,,,,,,,,,,,,,,,,,,,,,,,,,,,,,,SAME_H_IMAGE,PAIR_CORRECT,0,0,,0,0,,,UNSUPPORTED,0,0,0,0,,,,,,
OLD15,,,C_NO_H,BE_ROUTE_R0,evaluation,,,,,,,,,,,,,,,,,,,,,,,,,,,,,,,,,,,,,,,,,,,,,,,,,,,,,,,,,,,,,,,,,,,,,,,,,,,,,,,,,,,,,,,,,,,,,,,,,,,,,,,,,,,,,,,,,,,,,,,,,,,,,,,,,,,,,,SAME_H_IMAGE,PAIR_CORRECT,0,0,,0,0,,,UNSUPPORTED,0,0,0,0,,,,,,
OLD15,,,C_EXTRA_QA,BE_ROUTE_R0,evaluation,,,,,,,,,,,,,,,,,,,,,,,,,,,,,,,,,,,,,,,,,,,,,,,,,,,,,,,,,,,,,,,,,,,,,,,,,,,,,,,,,,,,,,,,,,,,,,,,,,,,,,,,,,,,,,,,,,,,,,,,,,,,,,,,,,,,,,SAME_H_IMAGE,PAIR_CORRECT,0,0,,0,0,,,UNSUPPORTED,0,0,0,0,,,,,,
OLD15,,,BE,BE_ROUTE_R0,evaluation,,,,,,,,,,,,,,,,,,,,,,,,,,,,,,,,,,,,,,,,,,,,,,,,,,,,,,,,,,,,,,,,,,,,,,,,,,,,,,,,,,,,,,,,,,,,,,,,,,,,,,,,,,,,,,,,,,,,,,,,,,,,,,,,,,,,,,SAME_H_IMAGE,PAIR_CORRECT,0,0,,0,0,,,UNSUPPORTED,0,0,0,0,,,,,,
OLD15,,,C_FACT,RC_FIXED_OLD16,fit,,,,,,,,,,,,,,,,,,,,,,,,,,,,,,,,,,,,,,,,,,,,,,,,,,,,,,,,,,,,,,,,,,,,,,,,,,,,,,,,,,,,,,,,,,,,,,,,,,,,,,,,,,,,,,,,,,,,,,,,,,,,,,,,,,,,,,SAME_H_IMAGE,PAIR_CORRECT,0,0,,0,0,,,UNSUPPORTED,0,0,0,0,,,,,,
OLD15,,,C_NO_H,RC_FIXED_OLD16,fit,,,,,,,,,,,,,,,,,,,,,,,,,,,,,,,,,,,,,,,,,,,,,,,,,,,,,,,,,,,,,,,,,,,,,,,,,,,,,,,,,,,,,,,,,,,,,,,,,,,,,,,,,,,,,,,,,,,,,,,,,,,,,,,,,,,,,,SAME_H_IMAGE,PAIR_CORRECT,0,0,,0,0,,,UNSUPPORTED,0,0,0,0,,,,,,
OLD15,,,C_EXTRA_QA,RC_FIXED_OLD16,fit,,,,,,,,,,,,,,,,,,,,,,,,,,,,,,,,,,,,,,,,,,,,,,,,,,,,,,,,,,,,,,,,,,,,,,,,,,,,,,,,,,,,,,,,,,,,,,,,,,,,,,,,,,,,,,,,,,,,,,,,,,,,,,,,,,,,,,SAME_H_IMAGE,PAIR_CORRECT,0,0,,0,0,,,UNSUPPORTED,0,0,0,0,,,,,,
OLD15,,,BE,RC_FIXED_OLD16,fit,,,,,,,,,,,,,,,,,,,,,,,,,,,,,,,,,,,,,,,,,,,,,,,,,,,,,,,,,,,,,,,,,,,,,,,,,,,,,,,,,,,,,,,,,,,,,,,,,,,,,,,,,,,,,,,,,,,,,,,,,,,,,,,,,,,,,,SAME_H_IMAGE,PAIR_CORRECT,0,0,,0,0,,,UNSUPPORTED,0,0,0,0,,,,,,
OLD15,,,C_FACT,RC_FIXED_OLD16,evaluation,,,,,,,,,,,,,,,,,,,,,,,,,,,,,,,,,,,,,,,,,,,,,,,,,,,,,,,,,,,,,,,,,,,,,,,,,,,,,,,,,,,,,,,,,,,,,,,,,,,,,,,,,,,,,,,,,,,,,,,,,,,,,,,,,,,,,,SAME_H_IMAGE,PAIR_CORRECT,0,0,,0,0,,,UNSUPPORTED,0,0,0,0,,,,,,
OLD15,,,C_NO_H,RC_FIXED_OLD16,evaluation,,,,,,,,,,,,,,,,,,,,,,,,,,,,,,,,,,,,,,,,,,,,,,,,,,,,,,,,,,,,,,,,,,,,,,,,,,,,,,,,,,,,,,,,,,,,,,,,,,,,,,,,,,,,,,,,,,,,,,,,,,,,,,,,,,,,,,SAME_H_IMAGE,PAIR_CORRECT,0,0,,0,0,,,UNSUPPORTED,0,0,0,0,,,,,,
OLD15,,,C_EXTRA_QA,RC_FIXED_OLD16,evaluation,,,,,,,,,,,,,,,,,,,,,,,,,,,,,,,,,,,,,,,,,,,,,,,,,,,,,,,,,,,,,,,,,,,,,,,,,,,,,,,,,,,,,,,,,,,,,,,,,,,,,,,,,,,,,,,,,,,,,,,,,,,,,,,,,,,,,,SAME_H_IMAGE,PAIR_CORRECT,0,0,,0,0,,,UNSUPPORTED,0,0,0,0,,,,,,
OLD15,,,BE,RC_FIXED_OLD16,evaluation,,,,,,,,,,,,,,,,,,,,,,,,,,,,,,,,,,,,,,,,,,,,,,,,,,,,,,,,,,,,,,,,,,,,,,,,,,,,,,,,,,,,,,,,,,,,,,,,,,,,,,,,,,,,,,,,,,,,,,,,,,,,,,,,,,,,,,SAME_H_IMAGE,PAIR_CORRECT,0,0,,0,0,,,UNSUPPORTED,0,0,0,0,,,,,,
OLD15,,,C_FACT,BE_ROUTE_R0,fit,,,,,,,,,,,,,,,,,,,,,,,,,,,,,,,,,,,,,,,,,,,,,,,,,,,,,,,,,,,,,,,,,,,,,,,,,,,,,,,,,,,,,,,,,,,,,,,,,,,,,,,,,,,,,,,,,,,,,,,,,,,,,,,,,,,,,,DIFFERENT_TRAIN_IMAGE,PAIR_CORRECT,0,0,,0,0,,,UNSUPPORTED,0,0,0,0,,,,,,
OLD15,,,C_NO_H,BE_ROUTE_R0,fit,,,,,,,,,,,,,,,,,,,,,,,,,,,,,,,,,,,,,,,,,,,,,,,,,,,,,,,,,,,,,,,,,,,,,,,,,,,,,,,,,,,,,,,,,,,,,,,,,,,,,,,,,,,,,,,,,,,,,,,,,,,,,,,,,,,,,,DIFFERENT_TRAIN_IMAGE,PAIR_CORRECT,0,0,,0,0,,,UNSUPPORTED,0,0,0,0,,,,,,
OLD15,,,C_EXTRA_QA,BE_ROUTE_R0,fit,,,,,,,,,,,,,,,,,,,,,,,,,,,,,,,,,,,,,,,,,,,,,,,,,,,,,,,,,,,,,,,,,,,,,,,,,,,,,,,,,,,,,,,,,,,,,,,,,,,,,,,,,,,,,,,,,,,,,,,,,,,,,,,,,,,,,,DIFFERENT_TRAIN_IMAGE,PAIR_CORRECT,0,0,,0,0,,,UNSUPPORTED,0,0,0,0,,,,,,
OLD15,,,BE,BE_ROUTE_R0,fit,,,,,,,,,,,,,,,,,,,,,,,,,,,,,,,,,,,,,,,,,,,,,,,,,,,,,,,,,,,,,,,,,,,,,,,,,,,,,,,,,,,,,,,,,,,,,,,,,,,,,,,,,,,,,,,,,,,,,,,,,,,,,,,,,,,,,,DIFFERENT_TRAIN_IMAGE,PAIR_CORRECT,0,0,,0,0,,,UNSUPPORTED,0,0,0,0,,,,,,
OLD15,,,C_FACT,BE_ROUTE_R0,evaluation,,,,,,,,,,,,,,,,,,,,,,,,,,,,,,,,,,,,,,,,,,,,,,,,,,,,,,,,,,,,,,,,,,,,,,,,,,,,,,,,,,,,,,,,,,,,,,,,,,,,,,,,,,,,,,,,,,,,,,,,,,,,,,,,,,,,,,DIFFERENT_TRAIN_IMAGE,PAIR_CORRECT,0,0,,0,0,,,UNSUPPORTED,0,0,0,0,,,,,,
OLD15,,,C_NO_H,BE_ROUTE_R0,evaluation,,,,,,,,,,,,,,,,,,,,,,,,,,,,,,,,,,,,,,,,,,,,,,,,,,,,,,,,,,,,,,,,,,,,,,,,,,,,,,,,,,,,,,,,,,,,,,,,,,,,,,,,,,,,,,,,,,,,,,,,,,,,,,,,,,,,,,DIFFERENT_TRAIN_IMAGE,PAIR_CORRECT,0,0,,0,0,,,UNSUPPORTED,0,0,0,0,,,,,,
OLD15,,,C_EXTRA_QA,BE_ROUTE_R0,evaluation,,,,,,,,,,,,,,,,,,,,,,,,,,,,,,,,,,,,,,,,,,,,,,,,,,,,,,,,,,,,,,,,,,,,,,,,,,,,,,,,,,,,,,,,,,,,,,,,,,,,,,,,,,,,,,,,,,,,,,,,,,,,,,,,,,,,,,DIFFERENT_TRAIN_IMAGE,PAIR_CORRECT,0,0,,0,0,,,UNSUPPORTED,0,0,0,0,,,,,,
OLD15,,,BE,BE_ROUTE_R0,evaluation,,,,,,,,,,,,,,,,,,,,,,,,,,,,,,,,,,,,,,,,,,,,,,,,,,,,,,,,,,,,,,,,,,,,,,,,,,,,,,,,,,,,,,,,,,,,,,,,,,,,,,,,,,,,,,,,,,,,,,,,,,,,,,,,,,,,,,DIFFERENT_TRAIN_IMAGE,PAIR_CORRECT,0,0,,0,0,,,UNSUPPORTED,0,0,0,0,,,,,,
OLD15,,,C_FACT,RC_FIXED_OLD16,fit,,,,,,,,,,,,,,,,,,,,,,,,,,,,,,,,,,,,,,,,,,,,,,,,,,,,,,,,,,,,,,,,,,,,,,,,,,,,,,,,,,,,,,,,,,,,,,,,,,,,,,,,,,,,,,,,,,,,,,,,,,,,,,,,,,,,,,DIFFERENT_TRAIN_IMAGE,PAIR_CORRECT,0,0,,0,0,,,UNSUPPORTED,0,0,0,0,,,,,,
OLD15,,,C_NO_H,RC_FIXED_OLD16,fit,,,,,,,,,,,,,,,,,,,,,,,,,,,,,,,,,,,,,,,,,,,,,,,,,,,,,,,,,,,,,,,,,,,,,,,,,,,,,,,,,,,,,,,,,,,,,,,,,,,,,,,,,,,,,,,,,,,,,,,,,,,,,,,,,,,,,,DIFFERENT_TRAIN_IMAGE,PAIR_CORRECT,0,0,,0,0,,,UNSUPPORTED,0,0,0,0,,,,,,
OLD15,,,C_EXTRA_QA,RC_FIXED_OLD16,fit,,,,,,,,,,,,,,,,,,,,,,,,,,,,,,,,,,,,,,,,,,,,,,,,,,,,,,,,,,,,,,,,,,,,,,,,,,,,,,,,,,,,,,,,,,,,,,,,,,,,,,,,,,,,,,,,,,,,,,,,,,,,,,,,,,,,,,DIFFERENT_TRAIN_IMAGE,PAIR_CORRECT,0,0,,0,0,,,UNSUPPORTED,0,0,0,0,,,,,,
OLD15,,,BE,RC_FIXED_OLD16,fit,,,,,,,,,,,,,,,,,,,,,,,,,,,,,,,,,,,,,,,,,,,,,,,,,,,,,,,,,,,,,,,,,,,,,,,,,,,,,,,,,,,,,,,,,,,,,,,,,,,,,,,,,,,,,,,,,,,,,,,,,,,,,,,,,,,,,,DIFFERENT_TRAIN_IMAGE,PAIR_CORRECT,0,0,,0,0,,,UNSUPPORTED,0,0,0,0,,,,,,
OLD15,,,C_FACT,RC_FIXED_OLD16,evaluation,,,,,,,,,,,,,,,,,,,,,,,,,,,,,,,,,,,,,,,,,,,,,,,,,,,,,,,,,,,,,,,,,,,,,,,,,,,,,,,,,,,,,,,,,,,,,,,,,,,,,,,,,,,,,,,,,,,,,,,,,,,,,,,,,,,,,,DIFFERENT_TRAIN_IMAGE,PAIR_CORRECT,0,0,,0,0,,,UNSUPPORTED,0,0,0,0,,,,,,
OLD15,,,C_NO_H,RC_FIXED_OLD16,evaluation,,,,,,,,,,,,,,,,,,,,,,,,,,,,,,,,,,,,,,,,,,,,,,,,,,,,,,,,,,,,,,,,,,,,,,,,,,,,,,,,,,,,,,,,,,,,,,,,,,,,,,,,,,,,,,,,,,,,,,,,,,,,,,,,,,,,,,DIFFERENT_TRAIN_IMAGE,PAIR_CORRECT,0,0,,0,0,,,UNSUPPORTED,0,0,0,0,,,,,,
OLD15,,,C_EXTRA_QA,RC_FIXED_OLD16,evaluation,,,,,,,,,,,,,,,,,,,,,,,,,,,,,,,,,,,,,,,,,,,,,,,,,,,,,,,,,,,,,,,,,,,,,,,,,,,,,,,,,,,,,,,,,,,,,,,,,,,,,,,,,,,,,,,,,,,,,,,,,,,,,,,,,,,,,,DIFFERENT_TRAIN_IMAGE,PAIR_CORRECT,0,0,,0,0,,,UNSUPPORTED,0,0,0,0,,,,,,
OLD15,,,BE,RC_FIXED_OLD16,evaluation,,,,,,,,,,,,,,,,,,,,,,,,,,,,,,,,,,,,,,,,,,,,,,,,,,,,,,,,,,,,,,,,,,,,,,,,,,,,,,,,,,,,,,,,,,,,,,,,,,,,,,,,,,,,,,,,,,,,,,,,,,,,,,,,,,,,,,DIFFERENT_TRAIN_IMAGE,PAIR_CORRECT,0,0,,0,0,,,UNSUPPORTED,0,0,0,0,,,,,,
NEW7,,,C_FACT,BE_ROUTE_R0,fit,,,,,,,,,,,,,,,,,,,,,,,,,,,,,,,,,,,,,,,,,,,,,,,,,,,,,,,,,,,,,,,,,,,,,,,,,,,,,,,,,,,,,,,,,,,,,,,,,,,,,,,,,,,,,,,,,,,,,,,,,,,,,,,,,,,,,,FULL_COHORT,PAIR_CORRECT,7,7,0.8571428571428571,7,7,0.8571428571428571,0.8571428571428571,AVAILABLE,6,0,1,0,,,,,,
NEW7,,,C_NO_H,BE_ROUTE_R0,fit,,,,,,,,,,,,,,,,,,,,,,,,,,,,,,,,,,,,,,,,,,,,,,,,,,,,,,,,,,,,,,,,,,,,,,,,,,,,,,,,,,,,,,,,,,,,,,,,,,,,,,,,,,,,,,,,,,,,,,,,,,,,,,,,,,,,,,FULL_COHORT,PAIR_CORRECT,7,7,0.8571428571428571,7,7,0.14285714285714285,0.14285714285714285,AVAILABLE,1,5,0,1,,,,,,
NEW7,,,C_EXTRA_QA,BE_ROUTE_R0,fit,,,,,,,,,,,,,,,,,,,,,,,,,,,,,,,,,,,,,,,,,,,,,,,,,,,,,,,,,,,,,,,,,,,,,,,,,,,,,,,,,,,,,,,,,,,,,,,,,,,,,,,,,,,,,,,,,,,,,,,,,,,,,,,,,,,,,,FULL_COHORT,PAIR_CORRECT,7,7,0.8571428571428571,7,7,0.14285714285714285,0.14285714285714285,AVAILABLE,1,5,0,1,,,,,,
NEW7,,,BE,BE_ROUTE_R0,fit,,,,,,,,,,,,,,,,,,,,,,,,,,,,,,,,,,,,,,,,,,,,,,,,,,,,,,,,,,,,,,,,,,,,,,,,,,,,,,,,,,,,,,,,,,,,,,,,,,,,,,,,,,,,,,,,,,,,,,,,,,,,,,,,,,,,,,FULL_COHORT,PAIR_CORRECT,7,7,0.8571428571428571,7,7,0.14285714285714285,0.14285714285714285,AVAILABLE,1,5,0,1,,,,,,
NEW7,,,C_FACT,BE_ROUTE_R0,evaluation,,,,,,,,,,,,,,,,,,,,,,,,,,,,,,,,,,,,,,,,,,,,,,,,,,,,,,,,,,,,,,,,,,,,,,,,,,,,,,,,,,,,,,,,,,,,,,,,,,,,,,,,,,,,,,,,,,,,,,,,,,,,,,,,,,,,,,FULL_COHORT,PAIR_CORRECT,7,7,0.8571428571428571,7,9,0.7857142857142857,0.6666666666666666,AVAILABLE,6,1,0,2,,,,,,
NEW7,,,C_NO_H,BE_ROUTE_R0,evaluation,,,,,,,,,,,,,,,,,,,,,,,,,,,,,,,,,,,,,,,,,,,,,,,,,,,,,,,,,,,,,,,,,,,,,,,,,,,,,,,,,,,,,,,,,,,,,,,,,,,,,,,,,,,,,,,,,,,,,,,,,,,,,,,,,,,,,,FULL_COHORT,PAIR_CORRECT,7,7,0.8571428571428571,7,9,0.07142857142857142,0.1111111111111111,AVAILABLE,1,6,0,2,,,,,,
NEW7,,,C_EXTRA_QA,BE_ROUTE_R0,evaluation,,,,,,,,,,,,,,,,,,,,,,,,,,,,,,,,,,,,,,,,,,,,,,,,,,,,,,,,,,,,,,,,,,,,,,,,,,,,,,,,,,,,,,,,,,,,,,,,,,,,,,,,,,,,,,,,,,,,,,,,,,,,,,,,,,,,,,FULL_COHORT,PAIR_CORRECT,7,7,0.8571428571428571,7,9,0.07142857142857142,0.1111111111111111,AVAILABLE,1,6,0,2,,,,,,
NEW7,,,BE,BE_ROUTE_R0,evaluation,,,,,,,,,,,,,,,,,,,,,,,,,,,,,,,,,,,,,,,,,,,,,,,,,,,,,,,,,,,,,,,,,,,,,,,,,,,,,,,,,,,,,,,,,,,,,,,,,,,,,,,,,,,,,,,,,,,,,,,,,,,,,,,,,,,,,,FULL_COHORT,PAIR_CORRECT,7,7,0.8571428571428571,7,9,0.07142857142857142,0.1111111111111111,AVAILABLE,1,6,0,2,,,,,,
NEW7,,,C_FACT,RC_FIXED_OLD16,fit,,,,,,,,,,,,,,,,,,,,,,,,,,,,,,,,,,,,,,,,,,,,,,,,,,,,,,,,,,,,,,,,,,,,,,,,,,,,,,,,,,,,,,,,,,,,,,,,,,,,,,,,,,,,,,,,,,,,,,,,,,,,,,,,,,,,,,FULL_COHORT,PAIR_CORRECT,7,7,0.8571428571428571,7,7,0.8571428571428571,0.8571428571428571,AVAILABLE,6,0,1,0,,,,,,
NEW7,,,C_NO_H,RC_FIXED_OLD16,fit,,,,,,,,,,,,,,,,,,,,,,,,,,,,,,,,,,,,,,,,,,,,,,,,,,,,,,,,,,,,,,,,,,,,,,,,,,,,,,,,,,,,,,,,,,,,,,,,,,,,,,,,,,,,,,,,,,,,,,,,,,,,,,,,,,,,,,FULL_COHORT,PAIR_CORRECT,7,7,0.8571428571428571,7,7,0.8571428571428571,0.8571428571428571,AVAILABLE,6,0,1,0,,,,,,
NEW7,,,C_EXTRA_QA,RC_FIXED_OLD16,fit,,,,,,,,,,,,,,,,,,,,,,,,,,,,,,,,,,,,,,,,,,,,,,,,,,,,,,,,,,,,,,,,,,,,,,,,,,,,,,,,,,,,,,,,,,,,,,,,,,,,,,,,,,,,,,,,,,,,,,,,,,,,,,,,,,,,,,FULL_COHORT,PAIR_CORRECT,7,7,0.8571428571428571,7,7,0.8571428571428571,0.8571428571428571,AVAILABLE,6,0,1,0,,,,,,
NEW7,,,BE,RC_FIXED_OLD16,fit,,,,,,,,,,,,,,,,,,,,,,,,,,,,,,,,,,,,,,,,,,,,,,,,,,,,,,,,,,,,,,,,,,,,,,,,,,,,,,,,,,,,,,,,,,,,,,,,,,,,,,,,,,,,,,,,,,,,,,,,,,,,,,,,,,,,,,FULL_COHORT,PAIR_CORRECT,7,7,0.8571428571428571,7,7,0.8571428571428571,0.8571428571428571,AVAILABLE,6,0,1,0,,,,,,
NEW7,,,C_FACT,RC_FIXED_OLD16,evaluation,,,,,,,,,,,,,,,,,,,,,,,,,,,,,,,,,,,,,,,,,,,,,,,,,,,,,,,,,,,,,,,,,,,,,,,,,,,,,,,,,,,,,,,,,,,,,,,,,,,,,,,,,,,,,,,,,,,,,,,,,,,,,,,,,,,,,,FULL_COHORT,PAIR_CORRECT,7,7,0.8571428571428571,7,9,0.6428571428571429,0.5555555555555556,AVAILABLE,5,2,0,2,,,,,,
NEW7,,,C_NO_H,RC_FIXED_OLD16,evaluation,,,,,,,,,,,,,,,,,,,,,,,,,,,,,,,,,,,,,,,,,,,,,,,,,,,,,,,,,,,,,,,,,,,,,,,,,,,,,,,,,,,,,,,,,,,,,,,,,,,,,,,,,,,,,,,,,,,,,,,,,,,,,,,,,,,,,,FULL_COHORT,PAIR_CORRECT,7,7,0.8571428571428571,7,9,0.6428571428571429,0.5555555555555556,AVAILABLE,5,2,0,2,,,,,,
NEW7,,,C_EXTRA_QA,RC_FIXED_OLD16,evaluation,,,,,,,,,,,,,,,,,,,,,,,,,,,,,,,,,,,,,,,,,,,,,,,,,,,,,,,,,,,,,,,,,,,,,,,,,,,,,,,,,,,,,,,,,,,,,,,,,,,,,,,,,,,,,,,,,,,,,,,,,,,,,,,,,,,,,,FULL_COHORT,PAIR_CORRECT,7,7,0.8571428571428571,7,9,0.6428571428571429,0.5555555555555556,AVAILABLE,5,2,0,2,,,,,,
NEW7,,,BE,RC_FIXED_OLD16,evaluation,,,,,,,,,,,,,,,,,,,,,,,,,,,,,,,,,,,,,,,,,,,,,,,,,,,,,,,,,,,,,,,,,,,,,,,,,,,,,,,,,,,,,,,,,,,,,,,,,,,,,,,,,,,,,,,,,,,,,,,,,,,,,,,,,,,,,,FULL_COHORT,PAIR_CORRECT,7,7,0.8571428571428571,7,9,0.6428571428571429,0.5555555555555556,AVAILABLE,5,2,0,2,,,,,,
NEW7,,,C_FACT,BE_ROUTE_R0,fit,,,,,,,,,,,,,,,,,,,,,,,,,,,,,,,,,,,,,,,,,,,,,,,,,,,,,,,,,,,,,,,,,,,,,,,,,,,,,,,,,,,,,,,,,,,,,,,,,,,,,,,,,,,,,,,,,,,,,,,,,,,,,,,,,,,,,,COMMON_SUPPORTED,PAIR_CORRECT,7,7,0.8571428571428571,7,7,0.8571428571428571,0.8571428571428571,AVAILABLE,6,0,1,0,,,,,,
NEW7,,,C_NO_H,BE_ROUTE_R0,fit,,,,,,,,,,,,,,,,,,,,,,,,,,,,,,,,,,,,,,,,,,,,,,,,,,,,,,,,,,,,,,,,,,,,,,,,,,,,,,,,,,,,,,,,,,,,,,,,,,,,,,,,,,,,,,,,,,,,,,,,,,,,,,,,,,,,,,COMMON_SUPPORTED,PAIR_CORRECT,7,7,0.8571428571428571,7,7,0.14285714285714285,0.14285714285714285,AVAILABLE,1,5,0,1,,,,,,
NEW7,,,C_EXTRA_QA,BE_ROUTE_R0,fit,,,,,,,,,,,,,,,,,,,,,,,,,,,,,,,,,,,,,,,,,,,,,,,,,,,,,,,,,,,,,,,,,,,,,,,,,,,,,,,,,,,,,,,,,,,,,,,,,,,,,,,,,,,,,,,,,,,,,,,,,,,,,,,,,,,,,,COMMON_SUPPORTED,PAIR_CORRECT,7,7,0.8571428571428571,7,7,0.14285714285714285,0.14285714285714285,AVAILABLE,1,5,0,1,,,,,,
NEW7,,,BE,BE_ROUTE_R0,fit,,,,,,,,,,,,,,,,,,,,,,,,,,,,,,,,,,,,,,,,,,,,,,,,,,,,,,,,,,,,,,,,,,,,,,,,,,,,,,,,,,,,,,,,,,,,,,,,,,,,,,,,,,,,,,,,,,,,,,,,,,,,,,,,,,,,,,COMMON_SUPPORTED,PAIR_CORRECT,7,7,0.8571428571428571,7,7,0.14285714285714285,0.14285714285714285,AVAILABLE,1,5,0,1,,,,,,
NEW7,,,C_FACT,BE_ROUTE_R0,evaluation,,,,,,,,,,,,,,,,,,,,,,,,,,,,,,,,,,,,,,,,,,,,,,,,,,,,,,,,,,,,,,,,,,,,,,,,,,,,,,,,,,,,,,,,,,,,,,,,,,,,,,,,,,,,,,,,,,,,,,,,,,,,,,,,,,,,,,COMMON_SUPPORTED,PAIR_CORRECT,7,7,0.8571428571428571,7,9,0.7857142857142857,0.6666666666666666,AVAILABLE,6,1,0,2,,,,,,
NEW7,,,C_NO_H,BE_ROUTE_R0,evaluation,,,,,,,,,,,,,,,,,,,,,,,,,,,,,,,,,,,,,,,,,,,,,,,,,,,,,,,,,,,,,,,,,,,,,,,,,,,,,,,,,,,,,,,,,,,,,,,,,,,,,,,,,,,,,,,,,,,,,,,,,,,,,,,,,,,,,,COMMON_SUPPORTED,PAIR_CORRECT,7,7,0.8571428571428571,7,9,0.07142857142857142,0.1111111111111111,AVAILABLE,1,6,0,2,,,,,,
NEW7,,,C_EXTRA_QA,BE_ROUTE_R0,evaluation,,,,,,,,,,,,,,,,,,,,,,,,,,,,,,,,,,,,,,,,,,,,,,,,,,,,,,,,,,,,,,,,,,,,,,,,,,,,,,,,,,,,,,,,,,,,,,,,,,,,,,,,,,,,,,,,,,,,,,,,,,,,,,,,,,,,,,COMMON_SUPPORTED,PAIR_CORRECT,7,7,0.8571428571428571,7,9,0.07142857142857142,0.1111111111111111,AVAILABLE,1,6,0,2,,,,,,
NEW7,,,BE,BE_ROUTE_R0,evaluation,,,,,,,,,,,,,,,,,,,,,,,,,,,,,,,,,,,,,,,,,,,,,,,,,,,,,,,,,,,,,,,,,,,,,,,,,,,,,,,,,,,,,,,,,,,,,,,,,,,,,,,,,,,,,,,,,,,,,,,,,,,,,,,,,,,,,,COMMON_SUPPORTED,PAIR_CORRECT,7,7,0.8571428571428571,7,9,0.07142857142857142,0.1111111111111111,AVAILABLE,1,6,0,2,,,,,,
NEW7,,,C_FACT,RC_FIXED_OLD16,fit,,,,,,,,,,,,,,,,,,,,,,,,,,,,,,,,,,,,,,,,,,,,,,,,,,,,,,,,,,,,,,,,,,,,,,,,,,,,,,,,,,,,,,,,,,,,,,,,,,,,,,,,,,,,,,,,,,,,,,,,,,,,,,,,,,,,,,COMMON_SUPPORTED,PAIR_CORRECT,7,7,0.8571428571428571,7,7,0.8571428571428571,0.8571428571428571,AVAILABLE,6,0,1,0,,,,,,
NEW7,,,C_NO_H,RC_FIXED_OLD16,fit,,,,,,,,,,,,,,,,,,,,,,,,,,,,,,,,,,,,,,,,,,,,,,,,,,,,,,,,,,,,,,,,,,,,,,,,,,,,,,,,,,,,,,,,,,,,,,,,,,,,,,,,,,,,,,,,,,,,,,,,,,,,,,,,,,,,,,COMMON_SUPPORTED,PAIR_CORRECT,7,7,0.8571428571428571,7,7,0.8571428571428571,0.8571428571428571,AVAILABLE,6,0,1,0,,,,,,
NEW7,,,C_EXTRA_QA,RC_FIXED_OLD16,fit,,,,,,,,,,,,,,,,,,,,,,,,,,,,,,,,,,,,,,,,,,,,,,,,,,,,,,,,,,,,,,,,,,,,,,,,,,,,,,,,,,,,,,,,,,,,,,,,,,,,,,,,,,,,,,,,,,,,,,,,,,,,,,,,,,,,,,COMMON_SUPPORTED,PAIR_CORRECT,7,7,0.8571428571428571,7,7,0.8571428571428571,0.8571428571428571,AVAILABLE,6,0,1,0,,,,,,
NEW7,,,BE,RC_FIXED_OLD16,fit,,,,,,,,,,,,,,,,,,,,,,,,,,,,,,,,,,,,,,,,,,,,,,,,,,,,,,,,,,,,,,,,,,,,,,,,,,,,,,,,,,,,,,,,,,,,,,,,,,,,,,,,,,,,,,,,,,,,,,,,,,,,,,,,,,,,,,COMMON_SUPPORTED,PAIR_CORRECT,7,7,0.8571428571428571,7,7,0.8571428571428571,0.8571428571428571,AVAILABLE,6,0,1,0,,,,,,
NEW7,,,C_FACT,RC_FIXED_OLD16,evaluation,,,,,,,,,,,,,,,,,,,,,,,,,,,,,,,,,,,,,,,,,,,,,,,,,,,,,,,,,,,,,,,,,,,,,,,,,,,,,,,,,,,,,,,,,,,,,,,,,,,,,,,,,,,,,,,,,,,,,,,,,,,,,,,,,,,,,,COMMON_SUPPORTED,PAIR_CORRECT,7,7,0.8571428571428571,7,9,0.6428571428571429,0.5555555555555556,AVAILABLE,5,2,0,2,,,,,,
NEW7,,,C_NO_H,RC_FIXED_OLD16,evaluation,,,,,,,,,,,,,,,,,,,,,,,,,,,,,,,,,,,,,,,,,,,,,,,,,,,,,,,,,,,,,,,,,,,,,,,,,,,,,,,,,,,,,,,,,,,,,,,,,,,,,,,,,,,,,,,,,,,,,,,,,,,,,,,,,,,,,,COMMON_SUPPORTED,PAIR_CORRECT,7,7,0.8571428571428571,7,9,0.6428571428571429,0.5555555555555556,AVAILABLE,5,2,0,2,,,,,,
NEW7,,,C_EXTRA_QA,RC_FIXED_OLD16,evaluation,,,,,,,,,,,,,,,,,,,,,,,,,,,,,,,,,,,,,,,,,,,,,,,,,,,,,,,,,,,,,,,,,,,,,,,,,,,,,,,,,,,,,,,,,,,,,,,,,,,,,,,,,,,,,,,,,,,,,,,,,,,,,,,,,,,,,,COMMON_SUPPORTED,PAIR_CORRECT,7,7,0.8571428571428571,7,9,0.6428571428571429,0.5555555555555556,AVAILABLE,5,2,0,2,,,,,,
NEW7,,,BE,RC_FIXED_OLD16,evaluation,,,,,,,,,,,,,,,,,,,,,,,,,,,,,,,,,,,,,,,,,,,,,,,,,,,,,,,,,,,,,,,,,,,,,,,,,,,,,,,,,,,,,,,,,,,,,,,,,,,,,,,,,,,,,,,,,,,,,,,,,,,,,,,,,,,,,,COMMON_SUPPORTED,PAIR_CORRECT,7,7,0.8571428571428571,7,9,0.6428571428571429,0.5555555555555556,AVAILABLE,5,2,0,2,,,,,,
NEW7,,,C_FACT,BE_ROUTE_R0,fit,,,,,,,,,,,,,,,,,,,,,,,,,,,,,,,,,,,,,,,,,,,,,,,,,,,,,,,,,,,,,,,,,,,,,,,,,,,,,,,,,,,,,,,,,,,,,,,,,,,,,,,,,,,,,,,,,,,,,,,,,,,,,,,,,,,,,,SAME_H_IMAGE,PAIR_CORRECT,7,7,0.8571428571428571,7,7,0.8571428571428571,0.8571428571428571,AVAILABLE,6,0,1,0,,,,,,
NEW7,,,C_NO_H,BE_ROUTE_R0,fit,,,,,,,,,,,,,,,,,,,,,,,,,,,,,,,,,,,,,,,,,,,,,,,,,,,,,,,,,,,,,,,,,,,,,,,,,,,,,,,,,,,,,,,,,,,,,,,,,,,,,,,,,,,,,,,,,,,,,,,,,,,,,,,,,,,,,,SAME_H_IMAGE,PAIR_CORRECT,7,7,0.8571428571428571,7,7,0.14285714285714285,0.14285714285714285,AVAILABLE,1,5,0,1,,,,,,
NEW7,,,C_EXTRA_QA,BE_ROUTE_R0,fit,,,,,,,,,,,,,,,,,,,,,,,,,,,,,,,,,,,,,,,,,,,,,,,,,,,,,,,,,,,,,,,,,,,,,,,,,,,,,,,,,,,,,,,,,,,,,,,,,,,,,,,,,,,,,,,,,,,,,,,,,,,,,,,,,,,,,,SAME_H_IMAGE,PAIR_CORRECT,7,7,0.8571428571428571,7,7,0.14285714285714285,0.14285714285714285,AVAILABLE,1,5,0,1,,,,,,
NEW7,,,BE,BE_ROUTE_R0,fit,,,,,,,,,,,,,,,,,,,,,,,,,,,,,,,,,,,,,,,,,,,,,,,,,,,,,,,,,,,,,,,,,,,,,,,,,,,,,,,,,,,,,,,,,,,,,,,,,,,,,,,,,,,,,,,,,,,,,,,,,,,,,,,,,,,,,,SAME_H_IMAGE,PAIR_CORRECT,7,7,0.8571428571428571,7,7,0.14285714285714285,0.14285714285714285,AVAILABLE,1,5,0,1,,,,,,
NEW7,,,C_FACT,BE_ROUTE_R0,evaluation,,,,,,,,,,,,,,,,,,,,,,,,,,,,,,,,,,,,,,,,,,,,,,,,,,,,,,,,,,,,,,,,,,,,,,,,,,,,,,,,,,,,,,,,,,,,,,,,,,,,,,,,,,,,,,,,,,,,,,,,,,,,,,,,,,,,,,SAME_H_IMAGE,PAIR_CORRECT,7,7,0.8571428571428571,7,9,0.7857142857142857,0.6666666666666666,AVAILABLE,6,1,0,2,,,,,,
NEW7,,,C_NO_H,BE_ROUTE_R0,evaluation,,,,,,,,,,,,,,,,,,,,,,,,,,,,,,,,,,,,,,,,,,,,,,,,,,,,,,,,,,,,,,,,,,,,,,,,,,,,,,,,,,,,,,,,,,,,,,,,,,,,,,,,,,,,,,,,,,,,,,,,,,,,,,,,,,,,,,SAME_H_IMAGE,PAIR_CORRECT,7,7,0.8571428571428571,7,9,0.07142857142857142,0.1111111111111111,AVAILABLE,1,6,0,2,,,,,,
NEW7,,,C_EXTRA_QA,BE_ROUTE_R0,evaluation,,,,,,,,,,,,,,,,,,,,,,,,,,,,,,,,,,,,,,,,,,,,,,,,,,,,,,,,,,,,,,,,,,,,,,,,,,,,,,,,,,,,,,,,,,,,,,,,,,,,,,,,,,,,,,,,,,,,,,,,,,,,,,,,,,,,,,SAME_H_IMAGE,PAIR_CORRECT,7,7,0.8571428571428571,7,9,0.07142857142857142,0.1111111111111111,AVAILABLE,1,6,0,2,,,,,,
NEW7,,,BE,BE_ROUTE_R0,evaluation,,,,,,,,,,,,,,,,,,,,,,,,,,,,,,,,,,,,,,,,,,,,,,,,,,,,,,,,,,,,,,,,,,,,,,,,,,,,,,,,,,,,,,,,,,,,,,,,,,,,,,,,,,,,,,,,,,,,,,,,,,,,,,,,,,,,,,SAME_H_IMAGE,PAIR_CORRECT,7,7,0.8571428571428571,7,9,0.07142857142857142,0.1111111111111111,AVAILABLE,1,6,0,2,,,,,,
NEW7,,,C_FACT,RC_FIXED_OLD16,fit,,,,,,,,,,,,,,,,,,,,,,,,,,,,,,,,,,,,,,,,,,,,,,,,,,,,,,,,,,,,,,,,,,,,,,,,,,,,,,,,,,,,,,,,,,,,,,,,,,,,,,,,,,,,,,,,,,,,,,,,,,,,,,,,,,,,,,SAME_H_IMAGE,PAIR_CORRECT,7,7,0.8571428571428571,7,7,0.8571428571428571,0.8571428571428571,AVAILABLE,6,0,1,0,,,,,,
NEW7,,,C_NO_H,RC_FIXED_OLD16,fit,,,,,,,,,,,,,,,,,,,,,,,,,,,,,,,,,,,,,,,,,,,,,,,,,,,,,,,,,,,,,,,,,,,,,,,,,,,,,,,,,,,,,,,,,,,,,,,,,,,,,,,,,,,,,,,,,,,,,,,,,,,,,,,,,,,,,,SAME_H_IMAGE,PAIR_CORRECT,7,7,0.8571428571428571,7,7,0.8571428571428571,0.8571428571428571,AVAILABLE,6,0,1,0,,,,,,
NEW7,,,C_EXTRA_QA,RC_FIXED_OLD16,fit,,,,,,,,,,,,,,,,,,,,,,,,,,,,,,,,,,,,,,,,,,,,,,,,,,,,,,,,,,,,,,,,,,,,,,,,,,,,,,,,,,,,,,,,,,,,,,,,,,,,,,,,,,,,,,,,,,,,,,,,,,,,,,,,,,,,,,SAME_H_IMAGE,PAIR_CORRECT,7,7,0.8571428571428571,7,7,0.8571428571428571,0.8571428571428571,AVAILABLE,6,0,1,0,,,,,,
NEW7,,,BE,RC_FIXED_OLD16,fit,,,,,,,,,,,,,,,,,,,,,,,,,,,,,,,,,,,,,,,,,,,,,,,,,,,,,,,,,,,,,,,,,,,,,,,,,,,,,,,,,,,,,,,,,,,,,,,,,,,,,,,,,,,,,,,,,,,,,,,,,,,,,,,,,,,,,,SAME_H_IMAGE,PAIR_CORRECT,7,7,0.8571428571428571,7,7,0.8571428571428571,0.8571428571428571,AVAILABLE,6,0,1,0,,,,,,
NEW7,,,C_FACT,RC_FIXED_OLD16,evaluation,,,,,,,,,,,,,,,,,,,,,,,,,,,,,,,,,,,,,,,,,,,,,,,,,,,,,,,,,,,,,,,,,,,,,,,,,,,,,,,,,,,,,,,,,,,,,,,,,,,,,,,,,,,,,,,,,,,,,,,,,,,,,,,,,,,,,,SAME_H_IMAGE,PAIR_CORRECT,7,7,0.8571428571428571,7,9,0.6428571428571429,0.5555555555555556,AVAILABLE,5,2,0,2,,,,,,
NEW7,,,C_NO_H,RC_FIXED_OLD16,evaluation,,,,,,,,,,,,,,,,,,,,,,,,,,,,,,,,,,,,,,,,,,,,,,,,,,,,,,,,,,,,,,,,,,,,,,,,,,,,,,,,,,,,,,,,,,,,,,,,,,,,,,,,,,,,,,,,,,,,,,,,,,,,,,,,,,,,,,SAME_H_IMAGE,PAIR_CORRECT,7,7,0.8571428571428571,7,9,0.6428571428571429,0.5555555555555556,AVAILABLE,5,2,0,2,,,,,,
NEW7,,,C_EXTRA_QA,RC_FIXED_OLD16,evaluation,,,,,,,,,,,,,,,,,,,,,,,,,,,,,,,,,,,,,,,,,,,,,,,,,,,,,,,,,,,,,,,,,,,,,,,,,,,,,,,,,,,,,,,,,,,,,,,,,,,,,,,,,,,,,,,,,,,,,,,,,,,,,,,,,,,,,,SAME_H_IMAGE,PAIR_CORRECT,7,7,0.8571428571428571,7,9,0.6428571428571429,0.5555555555555556,AVAILABLE,5,2,0,2,,,,,,
NEW7,,,BE,RC_FIXED_OLD16,evaluation,,,,,,,,,,,,,,,,,,,,,,,,,,,,,,,,,,,,,,,,,,,,,,,,,,,,,,,,,,,,,,,,,,,,,,,,,,,,,,,,,,,,,,,,,,,,,,,,,,,,,,,,,,,,,,,,,,,,,,,,,,,,,,,,,,,,,,SAME_H_IMAGE,PAIR_CORRECT,7,7,0.8571428571428571,7,9,0.6428571428571429,0.5555555555555556,AVAILABLE,5,2,0,2,,,,,,
NEW7,,,C_FACT,BE_ROUTE_R0,fit,,,,,,,,,,,,,,,,,,,,,,,,,,,,,,,,,,,,,,,,,,,,,,,,,,,,,,,,,,,,,,,,,,,,,,,,,,,,,,,,,,,,,,,,,,,,,,,,,,,,,,,,,,,,,,,,,,,,,,,,,,,,,,,,,,,,,,DIFFERENT_TRAIN_IMAGE,PAIR_CORRECT,0,0,,0,0,,,UNSUPPORTED,0,0,0,0,,,,,,
NEW7,,,C_NO_H,BE_ROUTE_R0,fit,,,,,,,,,,,,,,,,,,,,,,,,,,,,,,,,,,,,,,,,,,,,,,,,,,,,,,,,,,,,,,,,,,,,,,,,,,,,,,,,,,,,,,,,,,,,,,,,,,,,,,,,,,,,,,,,,,,,,,,,,,,,,,,,,,,,,,DIFFERENT_TRAIN_IMAGE,PAIR_CORRECT,0,0,,0,0,,,UNSUPPORTED,0,0,0,0,,,,,,
NEW7,,,C_EXTRA_QA,BE_ROUTE_R0,fit,,,,,,,,,,,,,,,,,,,,,,,,,,,,,,,,,,,,,,,,,,,,,,,,,,,,,,,,,,,,,,,,,,,,,,,,,,,,,,,,,,,,,,,,,,,,,,,,,,,,,,,,,,,,,,,,,,,,,,,,,,,,,,,,,,,,,,DIFFERENT_TRAIN_IMAGE,PAIR_CORRECT,0,0,,0,0,,,UNSUPPORTED,0,0,0,0,,,,,,
NEW7,,,BE,BE_ROUTE_R0,fit,,,,,,,,,,,,,,,,,,,,,,,,,,,,,,,,,,,,,,,,,,,,,,,,,,,,,,,,,,,,,,,,,,,,,,,,,,,,,,,,,,,,,,,,,,,,,,,,,,,,,,,,,,,,,,,,,,,,,,,,,,,,,,,,,,,,,,DIFFERENT_TRAIN_IMAGE,PAIR_CORRECT,0,0,,0,0,,,UNSUPPORTED,0,0,0,0,,,,,,
NEW7,,,C_FACT,BE_ROUTE_R0,evaluation,,,,,,,,,,,,,,,,,,,,,,,,,,,,,,,,,,,,,,,,,,,,,,,,,,,,,,,,,,,,,,,,,,,,,,,,,,,,,,,,,,,,,,,,,,,,,,,,,,,,,,,,,,,,,,,,,,,,,,,,,,,,,,,,,,,,,,DIFFERENT_TRAIN_IMAGE,PAIR_CORRECT,0,0,,0,0,,,UNSUPPORTED,0,0,0,0,,,,,,
NEW7,,,C_NO_H,BE_ROUTE_R0,evaluation,,,,,,,,,,,,,,,,,,,,,,,,,,,,,,,,,,,,,,,,,,,,,,,,,,,,,,,,,,,,,,,,,,,,,,,,,,,,,,,,,,,,,,,,,,,,,,,,,,,,,,,,,,,,,,,,,,,,,,,,,,,,,,,,,,,,,,DIFFERENT_TRAIN_IMAGE,PAIR_CORRECT,0,0,,0,0,,,UNSUPPORTED,0,0,0,0,,,,,,
NEW7,,,C_EXTRA_QA,BE_ROUTE_R0,evaluation,,,,,,,,,,,,,,,,,,,,,,,,,,,,,,,,,,,,,,,,,,,,,,,,,,,,,,,,,,,,,,,,,,,,,,,,,,,,,,,,,,,,,,,,,,,,,,,,,,,,,,,,,,,,,,,,,,,,,,,,,,,,,,,,,,,,,,DIFFERENT_TRAIN_IMAGE,PAIR_CORRECT,0,0,,0,0,,,UNSUPPORTED,0,0,0,0,,,,,,
NEW7,,,BE,BE_ROUTE_R0,evaluation,,,,,,,,,,,,,,,,,,,,,,,,,,,,,,,,,,,,,,,,,,,,,,,,,,,,,,,,,,,,,,,,,,,,,,,,,,,,,,,,,,,,,,,,,,,,,,,,,,,,,,,,,,,,,,,,,,,,,,,,,,,,,,,,,,,,,,DIFFERENT_TRAIN_IMAGE,PAIR_CORRECT,0,0,,0,0,,,UNSUPPORTED,0,0,0,0,,,,,,
NEW7,,,C_FACT,RC_FIXED_OLD16,fit,,,,,,,,,,,,,,,,,,,,,,,,,,,,,,,,,,,,,,,,,,,,,,,,,,,,,,,,,,,,,,,,,,,,,,,,,,,,,,,,,,,,,,,,,,,,,,,,,,,,,,,,,,,,,,,,,,,,,,,,,,,,,,,,,,,,,,DIFFERENT_TRAIN_IMAGE,PAIR_CORRECT,0,0,,0,0,,,UNSUPPORTED,0,0,0,0,,,,,,
NEW7,,,C_NO_H,RC_FIXED_OLD16,fit,,,,,,,,,,,,,,,,,,,,,,,,,,,,,,,,,,,,,,,,,,,,,,,,,,,,,,,,,,,,,,,,,,,,,,,,,,,,,,,,,,,,,,,,,,,,,,,,,,,,,,,,,,,,,,,,,,,,,,,,,,,,,,,,,,,,,,DIFFERENT_TRAIN_IMAGE,PAIR_CORRECT,0,0,,0,0,,,UNSUPPORTED,0,0,0,0,,,,,,
NEW7,,,C_EXTRA_QA,RC_FIXED_OLD16,fit,,,,,,,,,,,,,,,,,,,,,,,,,,,,,,,,,,,,,,,,,,,,,,,,,,,,,,,,,,,,,,,,,,,,,,,,,,,,,,,,,,,,,,,,,,,,,,,,,,,,,,,,,,,,,,,,,,,,,,,,,,,,,,,,,,,,,,DIFFERENT_TRAIN_IMAGE,PAIR_CORRECT,0,0,,0,0,,,UNSUPPORTED,0,0,0,0,,,,,,
NEW7,,,BE,RC_FIXED_OLD16,fit,,,,,,,,,,,,,,,,,,,,,,,,,,,,,,,,,,,,,,,,,,,,,,,,,,,,,,,,,,,,,,,,,,,,,,,,,,,,,,,,,,,,,,,,,,,,,,,,,,,,,,,,,,,,,,,,,,,,,,,,,,,,,,,,,,,,,,DIFFERENT_TRAIN_IMAGE,PAIR_CORRECT,0,0,,0,0,,,UNSUPPORTED,0,0,0,0,,,,,,
NEW7,,,C_FACT,RC_FIXED_OLD16,evaluation,,,,,,,,,,,,,,,,,,,,,,,,,,,,,,,,,,,,,,,,,,,,,,,,,,,,,,,,,,,,,,,,,,,,,,,,,,,,,,,,,,,,,,,,,,,,,,,,,,,,,,,,,,,,,,,,,,,,,,,,,,,,,,,,,,,,,,DIFFERENT_TRAIN_IMAGE,PAIR_CORRECT,0,0,,0,0,,,UNSUPPORTED,0,0,0,0,,,,,,
NEW7,,,C_NO_H,RC_FIXED_OLD16,evaluation,,,,,,,,,,,,,,,,,,,,,,,,,,,,,,,,,,,,,,,,,,,,,,,,,,,,,,,,,,,,,,,,,,,,,,,,,,,,,,,,,,,,,,,,,,,,,,,,,,,,,,,,,,,,,,,,,,,,,,,,,,,,,,,,,,,,,,DIFFERENT_TRAIN_IMAGE,PAIR_CORRECT,0,0,,0,0,,,UNSUPPORTED,0,0,0,0,,,,,,
NEW7,,,C_EXTRA_QA,RC_FIXED_OLD16,evaluation,,,,,,,,,,,,,,,,,,,,,,,,,,,,,,,,,,,,,,,,,,,,,,,,,,,,,,,,,,,,,,,,,,,,,,,,,,,,,,,,,,,,,,,,,,,,,,,,,,,,,,,,,,,,,,,,,,,,,,,,,,,,,,,,,,,,,,DIFFERENT_TRAIN_IMAGE,PAIR_CORRECT,0,0,,0,0,,,UNSUPPORTED,0,0,0,0,,,,,,
NEW7,,,BE,RC_FIXED_OLD16,evaluation,,,,,,,,,,,,,,,,,,,,,,,,,,,,,,,,,,,,,,,,,,,,,,,,,,,,,,,,,,,,,,,,,,,,,,,,,,,,,,,,,,,,,,,,,,,,,,,,,,,,,,,,,,,,,,,,,,,,,,,,,,,,,,,,,,,,,,DIFFERENT_TRAIN_IMAGE,PAIR_CORRECT,0,0,,0,0,,,UNSUPPORTED,0,0,0,0,,,,,,
OLD15,,,C_FACT,BE_ROUTE_R0,native,T0,,,,,15,,,,,,,,,,,,,,,,,,,,,,,,,,,,,,,,,,,,,,,,,,,,,,,,,,,,,,,,,,,,,,,,,,,,,,,,,,,,,,,,,,,,,,,,,,,,,,,,,,,,,,,,,,,,,,,,,,,,,,,,,,,,,,,,FULL_COHORT,REJECTION_ACCOUNTING,,,,,,,,,,,,,15,0,0,0,0,0
OLD15,,,BE,BE_ROUTE_R0,native,T0,,,,,15,,,,,,,,,,,,,,,,,,,,,,,,,,,,,,,,,,,,,,,,,,,,,,,,,,,,,,,,,,,,,,,,,,,,,,,,,,,,,,,,,,,,,,,,,,,,,,,,,,,,,,,,,,,,,,,,,,,,,,,,,,,,,,,,FULL_COHORT,REJECTION_ACCOUNTING,,,,,,,,,,,,,15,0,0,0,0,0
OLD15,,,C_FACT,BE_ROUTE_R0,fit,cross_family_confirmation,,,,,60,,,,,,,,,,,,,,,,,,,,,,,,,,,,,,,,,,,,,,,,,,,,,,,,,,,,,,,,,,,,,,,,,,,,,,,,,,,,,,,,,,,,,,,,,,,,,,,,,,,,,,,,,,,,,,,,,,,,,,,,,,,,,,,,FULL_COHORT,REJECTION_ACCOUNTING,,,,,,,,,,,,,60,0,0,0,0,0
OLD15,,,BE,BE_ROUTE_R0,fit,cross_family_confirmation,,,,,60,,,,,,,,,,,,,,,,,,,,,,,,,,,,,,,,,,,,,,,,,,,,,,,,,,,,,,,,,,,,,,,,,,,,,,,,,,,,,,,,,,,,,,,,,,,,,,,,,,,,,,,,,,,,,,,,,,,,,,,,,,,,,,,,FULL_COHORT,REJECTION_ACCOUNTING,,,,,,,,,,,,,60,0,0,0,0,0
OLD15,,,C_FACT,BE_ROUTE_R0,evaluation,source_style_confirmation,,,,,30,,,,,,,,,,,,,,,,,,,,,,,,,,,,,,,,,,,,,,,,,,,,,,,,,,,,,,,,,,,,,,,,,,,,,,,,,,,,,,,,,,,,,,,,,,,,,,,,,,,,,,,,,,,,,,,,,,,,,,,,,,,,,,,,FULL_COHORT,REJECTION_ACCOUNTING,,,,,,,,,,,,,30,0,0,0,0,0
OLD15,,,BE,BE_ROUTE_R0,evaluation,source_style_confirmation,,,,,30,,,,,,,,,,,,,,,,,,,,,,,,,,,,,,,,,,,,,,,,,,,,,,,,,,,,,,,,,,,,,,,,,,,,,,,,,,,,,,,,,,,,,,,,,,,,,,,,,,,,,,,,,,,,,,,,,,,,,,,,,,,,,,,,FULL_COHORT,REJECTION_ACCOUNTING,,,,,,,,,,,,,30,0,0,0,0,0
OLD15,,,C_FACT,BE_ROUTE_R0,evaluation,cross_family_confirmation,,,,,30,,,,,,,,,,,,,,,,,,,,,,,,,,,,,,,,,,,,,,,,,,,,,,,,,,,,,,,,,,,,,,,,,,,,,,,,,,,,,,,,,,,,,,,,,,,,,,,,,,,,,,,,,,,,,,,,,,,,,,,,,,,,,,,,FULL_COHORT,REJECTION_ACCOUNTING,,,,,,,,,,,,,30,0,0,0,0,0
OLD15,,,BE,BE_ROUTE_R0,evaluation,cross_family_confirmation,,,,,30,,,,,,,,,,,,,,,,,,,,,,,,,,,,,,,,,,,,,,,,,,,,,,,,,,,,,,,,,,,,,,,,,,,,,,,,,,,,,,,,,,,,,,,,,,,,,,,,,,,,,,,,,,,,,,,,,,,,,,,,,,,,,,,,FULL_COHORT,REJECTION_ACCOUNTING,,,,,,,,,,,,,30,0,0,0,0,0
OLD15,,,C_FACT,BE_ROUTE_R0,fit,H,,,,,27,,,,,,,,,,,,,,,,,,,,,,,,,,,,,,,,,,,,,,,,,,,,,,,,,,,,,,,,,,,,,,,,,,,,,,,,,,,,,,,,,,,,,,,,,,,,,,,,,,,,,,,,,,,,,,,,,,,,,,,,,,,,,,,,FULL_COHORT,REJECTION_ACCOUNTING,,,,,,,,,,,,,24,3,2,1,1,0
OLD15,,,BE,BE_ROUTE_R0,fit,H,,,,,27,,,,,,,,,,,,,,,,,,,,,,,,,,,,,,,,,,,,,,,,,,,,,,,,,,,,,,,,,,,,,,,,,,,,,,,,,,,,,,,,,,,,,,,,,,,,,,,,,,,,,,,,,,,,,,,,,,,,,,,,,,,,,,,,FULL_COHORT,REJECTION_ACCOUNTING,,,,,,,,,,,,,24,3,3,2,2,0
OLD15,,,C_FACT,BE_ROUTE_R0,evaluation,H,,,,,19,,,,,,,,,,,,,,,,,,,,,,,,,,,,,,,,,,,,,,,,,,,,,,,,,,,,,,,,,,,,,,,,,,,,,,,,,,,,,,,,,,,,,,,,,,,,,,,,,,,,,,,,,,,,,,,,,,,,,,,,,,,,,,,,FULL_COHORT,REJECTION_ACCOUNTING,,,,,,,,,,,,,18,1,0,0,0,0
OLD15,,,BE,BE_ROUTE_R0,evaluation,H,,,,,19,,,,,,,,,,,,,,,,,,,,,,,,,,,,,,,,,,,,,,,,,,,,,,,,,,,,,,,,,,,,,,,,,,,,,,,,,,,,,,,,,,,,,,,,,,,,,,,,,,,,,,,,,,,,,,,,,,,,,,,,,,,,,,,,FULL_COHORT,REJECTION_ACCOUNTING,,,,,,,,,,,,,18,1,1,1,1,0
OLD15,,,C_FACT,BE_ROUTE_R0,fit,U,,,,,204,,,,,,,,,,,,,,,,,,,,,,,,,,,,,,,,,,,,,,,,,,,,,,,,,,,,,,,,,,,,,,,,,,,,,,,,,,,,,,,,,,,,,,,,,,,,,,,,,,,,,,,,,,,,,,,,,,,,,,,,,,,,,,,,FULL_COHORT,REJECTION_ACCOUNTING,,,,,,,,,,,,,146,58,31,7,7,2
OLD15,,,BE,BE_ROUTE_R0,fit,U,,,,,204,,,,,,,,,,,,,,,,,,,,,,,,,,,,,,,,,,,,,,,,,,,,,,,,,,,,,,,,,,,,,,,,,,,,,,,,,,,,,,,,,,,,,,,,,,,,,,,,,,,,,,,,,,,,,,,,,,,,,,,,,,,,,,,,FULL_COHORT,REJECTION_ACCOUNTING,,,,,,,,,,,,,146,58,49,31,31,8
OLD15,,,C_FACT,BE_ROUTE_R0,evaluation,U,,,,,190,,,,,,,,,,,,,,,,,,,,,,,,,,,,,,,,,,,,,,,,,,,,,,,,,,,,,,,,,,,,,,,,,,,,,,,,,,,,,,,,,,,,,,,,,,,,,,,,,,,,,,,,,,,,,,,,,,,,,,,,,,,,,,,,FULL_COHORT,REJECTION_ACCOUNTING,,,,,,,,,,,,,130,60,25,12,12,4
OLD15,,,BE,BE_ROUTE_R0,evaluation,U,,,,,190,,,,,,,,,,,,,,,,,,,,,,,,,,,,,,,,,,,,,,,,,,,,,,,,,,,,,,,,,,,,,,,,,,,,,,,,,,,,,,,,,,,,,,,,,,,,,,,,,,,,,,,,,,,,,,,,,,,,,,,,,,,,,,,,FULL_COHORT,REJECTION_ACCOUNTING,,,,,,,,,,,,,130,60,54,43,43,6
OLD15,,,C_FACT,BE_ROUTE_R0,challenge,same_answer_context_not_conflict,,,,,27,,,,,,,,,,,,,,,,,,,,,,,,,,,,,,,,,,,,,,,,,,,,,,,,,,,,,,,,,,,,,,,,,,,,,,,,,,,,,,,,,,,,,,,,,,,,,,,,,,,,,,,,,,,,,,,,,,,,,,,,,,,,,,,,FULL_COHORT,REJECTION_ACCOUNTING,,,,,,,,,,,,,26,1,1,1,1,0
OLD15,,,BE,BE_ROUTE_R0,challenge,same_answer_context_not_conflict,,,,,27,,,,,,,,,,,,,,,,,,,,,,,,,,,,,,,,,,,,,,,,,,,,,,,,,,,,,,,,,,,,,,,,,,,,,,,,,,,,,,,,,,,,,,,,,,,,,,,,,,,,,,,,,,,,,,,,,,,,,,,,,,,,,,,,FULL_COHORT,REJECTION_ACCOUNTING,,,,,,,,,,,,,26,1,0,0,0,0
OLD15,,,C_NO_H,BE_ROUTE_R0,native,T0,,,,,15,,,,,,,,,,,,,,,,,,,,,,,,,,,,,,,,,,,,,,,,,,,,,,,,,,,,,,,,,,,,,,,,,,,,,,,,,,,,,,,,,,,,,,,,,,,,,,,,,,,,,,,,,,,,,,,,,,,,,,,,,,,,,,,,FULL_COHORT,REJECTION_ACCOUNTING,,,,,,,,,,,,,15,0,0,0,0,0
OLD15,,,C_NO_H,BE_ROUTE_R0,fit,cross_family_confirmation,,,,,60,,,,,,,,,,,,,,,,,,,,,,,,,,,,,,,,,,,,,,,,,,,,,,,,,,,,,,,,,,,,,,,,,,,,,,,,,,,,,,,,,,,,,,,,,,,,,,,,,,,,,,,,,,,,,,,,,,,,,,,,,,,,,,,,FULL_COHORT,REJECTION_ACCOUNTING,,,,,,,,,,,,,60,0,0,0,0,0
OLD15,,,C_NO_H,BE_ROUTE_R0,evaluation,source_style_confirmation,,,,,30,,,,,,,,,,,,,,,,,,,,,,,,,,,,,,,,,,,,,,,,,,,,,,,,,,,,,,,,,,,,,,,,,,,,,,,,,,,,,,,,,,,,,,,,,,,,,,,,,,,,,,,,,,,,,,,,,,,,,,,,,,,,,,,,FULL_COHORT,REJECTION_ACCOUNTING,,,,,,,,,,,,,30,0,0,0,0,0
OLD15,,,C_NO_H,BE_ROUTE_R0,evaluation,cross_family_confirmation,,,,,30,,,,,,,,,,,,,,,,,,,,,,,,,,,,,,,,,,,,,,,,,,,,,,,,,,,,,,,,,,,,,,,,,,,,,,,,,,,,,,,,,,,,,,,,,,,,,,,,,,,,,,,,,,,,,,,,,,,,,,,,,,,,,,,,FULL_COHORT,REJECTION_ACCOUNTING,,,,,,,,,,,,,30,0,0,0,0,0
OLD15,,,C_NO_H,BE_ROUTE_R0,fit,H,,,,,27,,,,,,,,,,,,,,,,,,,,,,,,,,,,,,,,,,,,,,,,,,,,,,,,,,,,,,,,,,,,,,,,,,,,,,,,,,,,,,,,,,,,,,,,,,,,,,,,,,,,,,,,,,,,,,,,,,,,,,,,,,,,,,,,FULL_COHORT,REJECTION_ACCOUNTING,,,,,,,,,,,,,24,3,3,2,2,0
OLD15,,,C_NO_H,BE_ROUTE_R0,evaluation,H,,,,,19,,,,,,,,,,,,,,,,,,,,,,,,,,,,,,,,,,,,,,,,,,,,,,,,,,,,,,,,,,,,,,,,,,,,,,,,,,,,,,,,,,,,,,,,,,,,,,,,,,,,,,,,,,,,,,,,,,,,,,,,,,,,,,,,FULL_COHORT,REJECTION_ACCOUNTING,,,,,,,,,,,,,18,1,1,1,1,0
OLD15,,,C_NO_H,BE_ROUTE_R0,fit,U,,,,,204,,,,,,,,,,,,,,,,,,,,,,,,,,,,,,,,,,,,,,,,,,,,,,,,,,,,,,,,,,,,,,,,,,,,,,,,,,,,,,,,,,,,,,,,,,,,,,,,,,,,,,,,,,,,,,,,,,,,,,,,,,,,,,,,FULL_COHORT,REJECTION_ACCOUNTING,,,,,,,,,,,,,146,58,31,7,7,2
OLD15,,,C_NO_H,BE_ROUTE_R0,evaluation,U,,,,,190,,,,,,,,,,,,,,,,,,,,,,,,,,,,,,,,,,,,,,,,,,,,,,,,,,,,,,,,,,,,,,,,,,,,,,,,,,,,,,,,,,,,,,,,,,,,,,,,,,,,,,,,,,,,,,,,,,,,,,,,,,,,,,,,FULL_COHORT,REJECTION_ACCOUNTING,,,,,,,,,,,,,130,60,28,16,16,5
OLD15,,,C_NO_H,BE_ROUTE_R0,challenge,same_answer_context_not_conflict,,,,,27,,,,,,,,,,,,,,,,,,,,,,,,,,,,,,,,,,,,,,,,,,,,,,,,,,,,,,,,,,,,,,,,,,,,,,,,,,,,,,,,,,,,,,,,,,,,,,,,,,,,,,,,,,,,,,,,,,,,,,,,,,,,,,,,FULL_COHORT,REJECTION_ACCOUNTING,,,,,,,,,,,,,26,1,0,0,0,0
OLD15,,,C_FACT,RC_FIXED_OLD16,native,T0,,,,,15,,,,,,,,,,,,,,,,,,,,,,,,,,,,,,,,,,,,,,,,,,,,,,,,,,,,,,,,,,,,,,,,,,,,,,,,,,,,,,,,,,,,,,,,,,,,,,,,,,,,,,,,,,,,,,,,,,,,,,,,,,,,,,,,FULL_COHORT,REJECTION_ACCOUNTING,,,,,,,,,,,,,15,0,0,0,0,0
OLD15,,,BE,RC_FIXED_OLD16,native,T0,,,,,15,,,,,,,,,,,,,,,,,,,,,,,,,,,,,,,,,,,,,,,,,,,,,,,,,,,,,,,,,,,,,,,,,,,,,,,,,,,,,,,,,,,,,,,,,,,,,,,,,,,,,,,,,,,,,,,,,,,,,,,,,,,,,,,,FULL_COHORT,REJECTION_ACCOUNTING,,,,,,,,,,,,,15,0,0,0,0,0
OLD15,,,C_FACT,RC_FIXED_OLD16,fit,cross_family_confirmation,,,,,60,,,,,,,,,,,,,,,,,,,,,,,,,,,,,,,,,,,,,,,,,,,,,,,,,,,,,,,,,,,,,,,,,,,,,,,,,,,,,,,,,,,,,,,,,,,,,,,,,,,,,,,,,,,,,,,,,,,,,,,,,,,,,,,,FULL_COHORT,REJECTION_ACCOUNTING,,,,,,,,,,,,,60,0,0,0,0,0
OLD15,,,BE,RC_FIXED_OLD16,fit,cross_family_confirmation,,,,,60,,,,,,,,,,,,,,,,,,,,,,,,,,,,,,,,,,,,,,,,,,,,,,,,,,,,,,,,,,,,,,,,,,,,,,,,,,,,,,,,,,,,,,,,,,,,,,,,,,,,,,,,,,,,,,,,,,,,,,,,,,,,,,,,FULL_COHORT,REJECTION_ACCOUNTING,,,,,,,,,,,,,60,0,0,0,0,0
OLD15,,,C_FACT,RC_FIXED_OLD16,evaluation,source_style_confirmation,,,,,30,,,,,,,,,,,,,,,,,,,,,,,,,,,,,,,,,,,,,,,,,,,,,,,,,,,,,,,,,,,,,,,,,,,,,,,,,,,,,,,,,,,,,,,,,,,,,,,,,,,,,,,,,,,,,,,,,,,,,,,,,,,,,,,,FULL_COHORT,REJECTION_ACCOUNTING,,,,,,,,,,,,,30,0,0,0,0,0
OLD15,,,BE,RC_FIXED_OLD16,evaluation,source_style_confirmation,,,,,30,,,,,,,,,,,,,,,,,,,,,,,,,,,,,,,,,,,,,,,,,,,,,,,,,,,,,,,,,,,,,,,,,,,,,,,,,,,,,,,,,,,,,,,,,,,,,,,,,,,,,,,,,,,,,,,,,,,,,,,,,,,,,,,,FULL_COHORT,REJECTION_ACCOUNTING,,,,,,,,,,,,,30,0,0,0,0,0
OLD15,,,C_FACT,RC_FIXED_OLD16,evaluation,cross_family_confirmation,,,,,30,,,,,,,,,,,,,,,,,,,,,,,,,,,,,,,,,,,,,,,,,,,,,,,,,,,,,,,,,,,,,,,,,,,,,,,,,,,,,,,,,,,,,,,,,,,,,,,,,,,,,,,,,,,,,,,,,,,,,,,,,,,,,,,,FULL_COHORT,REJECTION_ACCOUNTING,,,,,,,,,,,,,30,0,0,0,0,0
OLD15,,,BE,RC_FIXED_OLD16,evaluation,cross_family_confirmation,,,,,30,,,,,,,,,,,,,,,,,,,,,,,,,,,,,,,,,,,,,,,,,,,,,,,,,,,,,,,,,,,,,,,,,,,,,,,,,,,,,,,,,,,,,,,,,,,,,,,,,,,,,,,,,,,,,,,,,,,,,,,,,,,,,,,,FULL_COHORT,REJECTION_ACCOUNTING,,,,,,,,,,,,,30,0,0,0,0,0
OLD15,,,C_FACT,RC_FIXED_OLD16,fit,H,,,,,27,,,,,,,,,,,,,,,,,,,,,,,,,,,,,,,,,,,,,,,,,,,,,,,,,,,,,,,,,,,,,,,,,,,,,,,,,,,,,,,,,,,,,,,,,,,,,,,,,,,,,,,,,,,,,,,,,,,,,,,,,,,,,,,,FULL_COHORT,REJECTION_ACCOUNTING,,,,,,,,,,,,,0,27,2,1,1,0
OLD15,,,BE,RC_FIXED_OLD16,fit,H,,,,,27,,,,,,,,,,,,,,,,,,,,,,,,,,,,,,,,,,,,,,,,,,,,,,,,,,,,,,,,,,,,,,,,,,,,,,,,,,,,,,,,,,,,,,,,,,,,,,,,,,,,,,,,,,,,,,,,,,,,,,,,,,,,,,,,FULL_COHORT,REJECTION_ACCOUNTING,,,,,,,,,,,,,0,27,27,26,26,0
OLD15,,,C_FACT,RC_FIXED_OLD16,evaluation,H,,,,,19,,,,,,,,,,,,,,,,,,,,,,,,,,,,,,,,,,,,,,,,,,,,,,,,,,,,,,,,,,,,,,,,,,,,,,,,,,,,,,,,,,,,,,,,,,,,,,,,,,,,,,,,,,,,,,,,,,,,,,,,,,,,,,,,FULL_COHORT,REJECTION_ACCOUNTING,,,,,,,,,,,,,0,19,8,4,4,0
OLD15,,,BE,RC_FIXED_OLD16,evaluation,H,,,,,19,,,,,,,,,,,,,,,,,,,,,,,,,,,,,,,,,,,,,,,,,,,,,,,,,,,,,,,,,,,,,,,,,,,,,,,,,,,,,,,,,,,,,,,,,,,,,,,,,,,,,,,,,,,,,,,,,,,,,,,,,,,,,,,,FULL_COHORT,REJECTION_ACCOUNTING,,,,,,,,,,,,,0,19,19,15,15,0
OLD15,,,C_FACT,RC_FIXED_OLD16,fit,U,,,,,204,,,,,,,,,,,,,,,,,,,,,,,,,,,,,,,,,,,,,,,,,,,,,,,,,,,,,,,,,,,,,,,,,,,,,,,,,,,,,,,,,,,,,,,,,,,,,,,,,,,,,,,,,,,,,,,,,,,,,,,,,,,,,,,,FULL_COHORT,REJECTION_ACCOUNTING,,,,,,,,,,,,,0,204,103,25,25,7
OLD15,,,BE,RC_FIXED_OLD16,fit,U,,,,,204,,,,,,,,,,,,,,,,,,,,,,,,,,,,,,,,,,,,,,,,,,,,,,,,,,,,,,,,,,,,,,,,,,,,,,,,,,,,,,,,,,,,,,,,,,,,,,,,,,,,,,,,,,,,,,,,,,,,,,,,,,,,,,,,FULL_COHORT,REJECTION_ACCOUNTING,,,,,,,,,,,,,0,204,191,116,116,10
OLD15,,,C_FACT,RC_FIXED_OLD16,evaluation,U,,,,,190,,,,,,,,,,,,,,,,,,,,,,,,,,,,,,,,,,,,,,,,,,,,,,,,,,,,,,,,,,,,,,,,,,,,,,,,,,,,,,,,,,,,,,,,,,,,,,,,,,,,,,,,,,,,,,,,,,,,,,,,,,,,,,,,FULL_COHORT,REJECTION_ACCOUNTING,,,,,,,,,,,,,0,190,91,33,33,9
OLD15,,,BE,RC_FIXED_OLD16,evaluation,U,,,,,190,,,,,,,,,,,,,,,,,,,,,,,,,,,,,,,,,,,,,,,,,,,,,,,,,,,,,,,,,,,,,,,,,,,,,,,,,,,,,,,,,,,,,,,,,,,,,,,,,,,,,,,,,,,,,,,,,,,,,,,,,,,,,,,,FULL_COHORT,REJECTION_ACCOUNTING,,,,,,,,,,,,,0,190,179,121,121,9
OLD15,,,C_FACT,RC_FIXED_OLD16,challenge,same_answer_context_not_conflict,,,,,27,,,,,,,,,,,,,,,,,,,,,,,,,,,,,,,,,,,,,,,,,,,,,,,,,,,,,,,,,,,,,,,,,,,,,,,,,,,,,,,,,,,,,,,,,,,,,,,,,,,,,,,,,,,,,,,,,,,,,,,,,,,,,,,,FULL_COHORT,REJECTION_ACCOUNTING,,,,,,,,,,,,,0,27,7,3,3,8
OLD15,,,BE,RC_FIXED_OLD16,challenge,same_answer_context_not_conflict,,,,,27,,,,,,,,,,,,,,,,,,,,,,,,,,,,,,,,,,,,,,,,,,,,,,,,,,,,,,,,,,,,,,,,,,,,,,,,,,,,,,,,,,,,,,,,,,,,,,,,,,,,,,,,,,,,,,,,,,,,,,,,,,,,,,,,FULL_COHORT,REJECTION_ACCOUNTING,,,,,,,,,,,,,0,27,0,0,0,12
OLD15,,,C_NO_H,RC_FIXED_OLD16,native,T0,,,,,15,,,,,,,,,,,,,,,,,,,,,,,,,,,,,,,,,,,,,,,,,,,,,,,,,,,,,,,,,,,,,,,,,,,,,,,,,,,,,,,,,,,,,,,,,,,,,,,,,,,,,,,,,,,,,,,,,,,,,,,,,,,,,,,,FULL_COHORT,REJECTION_ACCOUNTING,,,,,,,,,,,,,15,0,0,0,0,0
OLD15,,,C_NO_H,RC_FIXED_OLD16,fit,cross_family_confirmation,,,,,60,,,,,,,,,,,,,,,,,,,,,,,,,,,,,,,,,,,,,,,,,,,,,,,,,,,,,,,,,,,,,,,,,,,,,,,,,,,,,,,,,,,,,,,,,,,,,,,,,,,,,,,,,,,,,,,,,,,,,,,,,,,,,,,,FULL_COHORT,REJECTION_ACCOUNTING,,,,,,,,,,,,,60,0,0,0,0,0
OLD15,,,C_NO_H,RC_FIXED_OLD16,evaluation,source_style_confirmation,,,,,30,,,,,,,,,,,,,,,,,,,,,,,,,,,,,,,,,,,,,,,,,,,,,,,,,,,,,,,,,,,,,,,,,,,,,,,,,,,,,,,,,,,,,,,,,,,,,,,,,,,,,,,,,,,,,,,,,,,,,,,,,,,,,,,,FULL_COHORT,REJECTION_ACCOUNTING,,,,,,,,,,,,,30,0,0,0,0,0
OLD15,,,C_NO_H,RC_FIXED_OLD16,evaluation,cross_family_confirmation,,,,,30,,,,,,,,,,,,,,,,,,,,,,,,,,,,,,,,,,,,,,,,,,,,,,,,,,,,,,,,,,,,,,,,,,,,,,,,,,,,,,,,,,,,,,,,,,,,,,,,,,,,,,,,,,,,,,,,,,,,,,,,,,,,,,,,FULL_COHORT,REJECTION_ACCOUNTING,,,,,,,,,,,,,30,0,0,0,0,0
OLD15,,,C_NO_H,RC_FIXED_OLD16,fit,H,,,,,27,,,,,,,,,,,,,,,,,,,,,,,,,,,,,,,,,,,,,,,,,,,,,,,,,,,,,,,,,,,,,,,,,,,,,,,,,,,,,,,,,,,,,,,,,,,,,,,,,,,,,,,,,,,,,,,,,,,,,,,,,,,,,,,,FULL_COHORT,REJECTION_ACCOUNTING,,,,,,,,,,,,,0,27,27,26,26,0
OLD15,,,C_NO_H,RC_FIXED_OLD16,evaluation,H,,,,,19,,,,,,,,,,,,,,,,,,,,,,,,,,,,,,,,,,,,,,,,,,,,,,,,,,,,,,,,,,,,,,,,,,,,,,,,,,,,,,,,,,,,,,,,,,,,,,,,,,,,,,,,,,,,,,,,,,,,,,,,,,,,,,,,FULL_COHORT,REJECTION_ACCOUNTING,,,,,,,,,,,,,0,19,19,15,15,0
OLD15,,,C_NO_H,RC_FIXED_OLD16,fit,U,,,,,204,,,,,,,,,,,,,,,,,,,,,,,,,,,,,,,,,,,,,,,,,,,,,,,,,,,,,,,,,,,,,,,,,,,,,,,,,,,,,,,,,,,,,,,,,,,,,,,,,,,,,,,,,,,,,,,,,,,,,,,,,,,,,,,,FULL_COHORT,REJECTION_ACCOUNTING,,,,,,,,,,,,,0,204,105,24,24,4
OLD15,,,C_NO_H,RC_FIXED_OLD16,evaluation,U,,,,,190,,,,,,,,,,,,,,,,,,,,,,,,,,,,,,,,,,,,,,,,,,,,,,,,,,,,,,,,,,,,,,,,,,,,,,,,,,,,,,,,,,,,,,,,,,,,,,,,,,,,,,,,,,,,,,,,,,,,,,,,,,,,,,,,FULL_COHORT,REJECTION_ACCOUNTING,,,,,,,,,,,,,0,190,92,35,35,10
OLD15,,,C_NO_H,RC_FIXED_OLD16,challenge,same_answer_context_not_conflict,,,,,27,,,,,,,,,,,,,,,,,,,,,,,,,,,,,,,,,,,,,,,,,,,,,,,,,,,,,,,,,,,,,,,,,,,,,,,,,,,,,,,,,,,,,,,,,,,,,,,,,,,,,,,,,,,,,,,,,,,,,,,,,,,,,,,,FULL_COHORT,REJECTION_ACCOUNTING,,,,,,,,,,,,,0,27,0,0,0,12
NEW7,,,C_FACT,BE_ROUTE_R0,native,T0,,,,,7,,,,,,,,,,,,,,,,,,,,,,,,,,,,,,,,,,,,,,,,,,,,,,,,,,,,,,,,,,,,,,,,,,,,,,,,,,,,,,,,,,,,,,,,,,,,,,,,,,,,,,,,,,,,,,,,,,,,,,,,,,,,,,,,FULL_COHORT,REJECTION_ACCOUNTING,,,,,,,,,,,,,7,0,0,0,0,0
NEW7,,,C_NO_H,BE_ROUTE_R0,native,T0,,,,,7,,,,,,,,,,,,,,,,,,,,,,,,,,,,,,,,,,,,,,,,,,,,,,,,,,,,,,,,,,,,,,,,,,,,,,,,,,,,,,,,,,,,,,,,,,,,,,,,,,,,,,,,,,,,,,,,,,,,,,,,,,,,,,,,FULL_COHORT,REJECTION_ACCOUNTING,,,,,,,,,,,,,7,0,0,0,0,0
NEW7,,,BE,BE_ROUTE_R0,native,T0,,,,,7,,,,,,,,,,,,,,,,,,,,,,,,,,,,,,,,,,,,,,,,,,,,,,,,,,,,,,,,,,,,,,,,,,,,,,,,,,,,,,,,,,,,,,,,,,,,,,,,,,,,,,,,,,,,,,,,,,,,,,,,,,,,,,,,FULL_COHORT,REJECTION_ACCOUNTING,,,,,,,,,,,,,7,0,0,0,0,0
NEW7,,,C_FACT,BE_ROUTE_R0,fit,positive,,,,,28,,,,,,,,,,,,,,,,,,,,,,,,,,,,,,,,,,,,,,,,,,,,,,,,,,,,,,,,,,,,,,,,,,,,,,,,,,,,,,,,,,,,,,,,,,,,,,,,,,,,,,,,,,,,,,,,,,,,,,,,,,,,,,,,FULL_COHORT,REJECTION_ACCOUNTING,,,,,,,,,,,,,28,0,0,0,0,0
NEW7,,,C_NO_H,BE_ROUTE_R0,fit,positive,,,,,28,,,,,,,,,,,,,,,,,,,,,,,,,,,,,,,,,,,,,,,,,,,,,,,,,,,,,,,,,,,,,,,,,,,,,,,,,,,,,,,,,,,,,,,,,,,,,,,,,,,,,,,,,,,,,,,,,,,,,,,,,,,,,,,,FULL_COHORT,REJECTION_ACCOUNTING,,,,,,,,,,,,,28,0,0,0,0,0
NEW7,,,BE,BE_ROUTE_R0,fit,positive,,,,,28,,,,,,,,,,,,,,,,,,,,,,,,,,,,,,,,,,,,,,,,,,,,,,,,,,,,,,,,,,,,,,,,,,,,,,,,,,,,,,,,,,,,,,,,,,,,,,,,,,,,,,,,,,,,,,,,,,,,,,,,,,,,,,,,FULL_COHORT,REJECTION_ACCOUNTING,,,,,,,,,,,,,28,0,0,0,0,0
NEW7,,,C_FACT,BE_ROUTE_R0,fit,H,,,,,7,,,,,,,,,,,,,,,,,,,,,,,,,,,,,,,,,,,,,,,,,,,,,,,,,,,,,,,,,,,,,,,,,,,,,,,,,,,,,,,,,,,,,,,,,,,,,,,,,,,,,,,,,,,,,,,,,,,,,,,,,,,,,,,,FULL_COHORT,REJECTION_ACCOUNTING,,,,,,,,,,,,,6,1,0,0,0,0
NEW7,,,C_NO_H,BE_ROUTE_R0,fit,H,,,,,7,,,,,,,,,,,,,,,,,,,,,,,,,,,,,,,,,,,,,,,,,,,,,,,,,,,,,,,,,,,,,,,,,,,,,,,,,,,,,,,,,,,,,,,,,,,,,,,,,,,,,,,,,,,,,,,,,,,,,,,,,,,,,,,,FULL_COHORT,REJECTION_ACCOUNTING,,,,,,,,,,,,,6,1,1,1,1,0
NEW7,,,BE,BE_ROUTE_R0,fit,H,,,,,7,,,,,,,,,,,,,,,,,,,,,,,,,,,,,,,,,,,,,,,,,,,,,,,,,,,,,,,,,,,,,,,,,,,,,,,,,,,,,,,,,,,,,,,,,,,,,,,,,,,,,,,,,,,,,,,,,,,,,,,,,,,,,,,,FULL_COHORT,REJECTION_ACCOUNTING,,,,,,,,,,,,,6,1,1,1,1,0
NEW7,,,C_FACT,BE_ROUTE_R0,fit,U,,,,,7,,,,,,,,,,,,,,,,,,,,,,,,,,,,,,,,,,,,,,,,,,,,,,,,,,,,,,,,,,,,,,,,,,,,,,,,,,,,,,,,,,,,,,,,,,,,,,,,,,,,,,,,,,,,,,,,,,,,,,,,,,,,,,,,FULL_COHORT,REJECTION_ACCOUNTING,,,,,,,,,,,,,5,2,0,0,0,0
NEW7,,,C_NO_H,BE_ROUTE_R0,fit,U,,,,,7,,,,,,,,,,,,,,,,,,,,,,,,,,,,,,,,,,,,,,,,,,,,,,,,,,,,,,,,,,,,,,,,,,,,,,,,,,,,,,,,,,,,,,,,,,,,,,,,,,,,,,,,,,,,,,,,,,,,,,,,,,,,,,,,FULL_COHORT,REJECTION_ACCOUNTING,,,,,,,,,,,,,5,2,0,0,0,0
NEW7,,,BE,BE_ROUTE_R0,fit,U,,,,,7,,,,,,,,,,,,,,,,,,,,,,,,,,,,,,,,,,,,,,,,,,,,,,,,,,,,,,,,,,,,,,,,,,,,,,,,,,,,,,,,,,,,,,,,,,,,,,,,,,,,,,,,,,,,,,,,,,,,,,,,,,,,,,,,FULL_COHORT,REJECTION_ACCOUNTING,,,,,,,,,,,,,5,2,2,2,2,0
NEW7,,,C_FACT,BE_ROUTE_R0,evaluation,source_style_confirmation,,,,,14,,,,,,,,,,,,,,,,,,,,,,,,,,,,,,,,,,,,,,,,,,,,,,,,,,,,,,,,,,,,,,,,,,,,,,,,,,,,,,,,,,,,,,,,,,,,,,,,,,,,,,,,,,,,,,,,,,,,,,,,,,,,,,,,FULL_COHORT,REJECTION_ACCOUNTING,,,,,,,,,,,,,14,0,0,0,0,0
NEW7,,,C_NO_H,BE_ROUTE_R0,evaluation,source_style_confirmation,,,,,14,,,,,,,,,,,,,,,,,,,,,,,,,,,,,,,,,,,,,,,,,,,,,,,,,,,,,,,,,,,,,,,,,,,,,,,,,,,,,,,,,,,,,,,,,,,,,,,,,,,,,,,,,,,,,,,,,,,,,,,,,,,,,,,,FULL_COHORT,REJECTION_ACCOUNTING,,,,,,,,,,,,,14,0,0,0,0,0
NEW7,,,BE,BE_ROUTE_R0,evaluation,source_style_confirmation,,,,,14,,,,,,,,,,,,,,,,,,,,,,,,,,,,,,,,,,,,,,,,,,,,,,,,,,,,,,,,,,,,,,,,,,,,,,,,,,,,,,,,,,,,,,,,,,,,,,,,,,,,,,,,,,,,,,,,,,,,,,,,,,,,,,,,FULL_COHORT,REJECTION_ACCOUNTING,,,,,,,,,,,,,14,0,0,0,0,0
NEW7,,,C_FACT,BE_ROUTE_R0,evaluation,cross_family_confirmation,,,,,14,,,,,,,,,,,,,,,,,,,,,,,,,,,,,,,,,,,,,,,,,,,,,,,,,,,,,,,,,,,,,,,,,,,,,,,,,,,,,,,,,,,,,,,,,,,,,,,,,,,,,,,,,,,,,,,,,,,,,,,,,,,,,,,,FULL_COHORT,REJECTION_ACCOUNTING,,,,,,,,,,,,,14,0,0,0,0,0
NEW7,,,C_NO_H,BE_ROUTE_R0,evaluation,cross_family_confirmation,,,,,14,,,,,,,,,,,,,,,,,,,,,,,,,,,,,,,,,,,,,,,,,,,,,,,,,,,,,,,,,,,,,,,,,,,,,,,,,,,,,,,,,,,,,,,,,,,,,,,,,,,,,,,,,,,,,,,,,,,,,,,,,,,,,,,,FULL_COHORT,REJECTION_ACCOUNTING,,,,,,,,,,,,,14,0,0,0,0,0
NEW7,,,BE,BE_ROUTE_R0,evaluation,cross_family_confirmation,,,,,14,,,,,,,,,,,,,,,,,,,,,,,,,,,,,,,,,,,,,,,,,,,,,,,,,,,,,,,,,,,,,,,,,,,,,,,,,,,,,,,,,,,,,,,,,,,,,,,,,,,,,,,,,,,,,,,,,,,,,,,,,,,,,,,,FULL_COHORT,REJECTION_ACCOUNTING,,,,,,,,,,,,,14,0,0,0,0,0
NEW7,,,C_FACT,BE_ROUTE_R0,evaluation,H,,,,,9,,,,,,,,,,,,,,,,,,,,,,,,,,,,,,,,,,,,,,,,,,,,,,,,,,,,,,,,,,,,,,,,,,,,,,,,,,,,,,,,,,,,,,,,,,,,,,,,,,,,,,,,,,,,,,,,,,,,,,,,,,,,,,,,FULL_COHORT,REJECTION_ACCOUNTING,,,,,,,,,,,,,7,2,0,0,0,1
NEW7,,,C_NO_H,BE_ROUTE_R0,evaluation,H,,,,,9,,,,,,,,,,,,,,,,,,,,,,,,,,,,,,,,,,,,,,,,,,,,,,,,,,,,,,,,,,,,,,,,,,,,,,,,,,,,,,,,,,,,,,,,,,,,,,,,,,,,,,,,,,,,,,,,,,,,,,,,,,,,,,,,FULL_COHORT,REJECTION_ACCOUNTING,,,,,,,,,,,,,7,2,2,1,1,0
NEW7,,,BE,BE_ROUTE_R0,evaluation,H,,,,,9,,,,,,,,,,,,,,,,,,,,,,,,,,,,,,,,,,,,,,,,,,,,,,,,,,,,,,,,,,,,,,,,,,,,,,,,,,,,,,,,,,,,,,,,,,,,,,,,,,,,,,,,,,,,,,,,,,,,,,,,,,,,,,,,FULL_COHORT,REJECTION_ACCOUNTING,,,,,,,,,,,,,7,2,2,1,1,0
NEW7,,,C_FACT,BE_ROUTE_R0,evaluation,U,,,,,28,,,,,,,,,,,,,,,,,,,,,,,,,,,,,,,,,,,,,,,,,,,,,,,,,,,,,,,,,,,,,,,,,,,,,,,,,,,,,,,,,,,,,,,,,,,,,,,,,,,,,,,,,,,,,,,,,,,,,,,,,,,,,,,,FULL_COHORT,REJECTION_ACCOUNTING,,,,,,,,,,,,,20,8,3,1,1,0
NEW7,,,C_NO_H,BE_ROUTE_R0,evaluation,U,,,,,28,,,,,,,,,,,,,,,,,,,,,,,,,,,,,,,,,,,,,,,,,,,,,,,,,,,,,,,,,,,,,,,,,,,,,,,,,,,,,,,,,,,,,,,,,,,,,,,,,,,,,,,,,,,,,,,,,,,,,,,,,,,,,,,,FULL_COHORT,REJECTION_ACCOUNTING,,,,,,,,,,,,,20,8,2,1,1,1
NEW7,,,BE,BE_ROUTE_R0,evaluation,U,,,,,28,,,,,,,,,,,,,,,,,,,,,,,,,,,,,,,,,,,,,,,,,,,,,,,,,,,,,,,,,,,,,,,,,,,,,,,,,,,,,,,,,,,,,,,,,,,,,,,,,,,,,,,,,,,,,,,,,,,,,,,,,,,,,,,,FULL_COHORT,REJECTION_ACCOUNTING,,,,,,,,,,,,,20,8,7,5,5,0
NEW7,,,C_FACT,BE_ROUTE_R0,challenge,challenge,,,,,12,,,,,,,,,,,,,,,,,,,,,,,,,,,,,,,,,,,,,,,,,,,,,,,,,,,,,,,,,,,,,,,,,,,,,,,,,,,,,,,,,,,,,,,,,,,,,,,,,,,,,,,,,,,,,,,,,,,,,,,,,,,,,,,,FULL_COHORT,REJECTION_ACCOUNTING,,,,,,,,,,,,,12,0,0,0,0,0
NEW7,,,C_NO_H,BE_ROUTE_R0,challenge,challenge,,,,,12,,,,,,,,,,,,,,,,,,,,,,,,,,,,,,,,,,,,,,,,,,,,,,,,,,,,,,,,,,,,,,,,,,,,,,,,,,,,,,,,,,,,,,,,,,,,,,,,,,,,,,,,,,,,,,,,,,,,,,,,,,,,,,,,FULL_COHORT,REJECTION_ACCOUNTING,,,,,,,,,,,,,12,0,0,0,0,0
NEW7,,,BE,BE_ROUTE_R0,challenge,challenge,,,,,12,,,,,,,,,,,,,,,,,,,,,,,,,,,,,,,,,,,,,,,,,,,,,,,,,,,,,,,,,,,,,,,,,,,,,,,,,,,,,,,,,,,,,,,,,,,,,,,,,,,,,,,,,,,,,,,,,,,,,,,,,,,,,,,,FULL_COHORT,REJECTION_ACCOUNTING,,,,,,,,,,,,,12,0,0,0,0,0
NEW7,,,C_EXTRA_QA,BE_ROUTE_R0,native,T0,,,,,7,,,,,,,,,,,,,,,,,,,,,,,,,,,,,,,,,,,,,,,,,,,,,,,,,,,,,,,,,,,,,,,,,,,,,,,,,,,,,,,,,,,,,,,,,,,,,,,,,,,,,,,,,,,,,,,,,,,,,,,,,,,,,,,,FULL_COHORT,REJECTION_ACCOUNTING,,,,,,,,,,,,,7,0,0,0,0,0
NEW7,,,C_EXTRA_QA,BE_ROUTE_R0,fit,positive,,,,,28,,,,,,,,,,,,,,,,,,,,,,,,,,,,,,,,,,,,,,,,,,,,,,,,,,,,,,,,,,,,,,,,,,,,,,,,,,,,,,,,,,,,,,,,,,,,,,,,,,,,,,,,,,,,,,,,,,,,,,,,,,,,,,,,FULL_COHORT,REJECTION_ACCOUNTING,,,,,,,,,,,,,28,0,0,0,0,0
NEW7,,,C_EXTRA_QA,BE_ROUTE_R0,fit,H,,,,,7,,,,,,,,,,,,,,,,,,,,,,,,,,,,,,,,,,,,,,,,,,,,,,,,,,,,,,,,,,,,,,,,,,,,,,,,,,,,,,,,,,,,,,,,,,,,,,,,,,,,,,,,,,,,,,,,,,,,,,,,,,,,,,,,FULL_COHORT,REJECTION_ACCOUNTING,,,,,,,,,,,,,6,1,1,1,1,0
NEW7,,,C_EXTRA_QA,BE_ROUTE_R0,fit,U,,,,,7,,,,,,,,,,,,,,,,,,,,,,,,,,,,,,,,,,,,,,,,,,,,,,,,,,,,,,,,,,,,,,,,,,,,,,,,,,,,,,,,,,,,,,,,,,,,,,,,,,,,,,,,,,,,,,,,,,,,,,,,,,,,,,,,FULL_COHORT,REJECTION_ACCOUNTING,,,,,,,,,,,,,5,2,0,0,0,0
NEW7,,,C_EXTRA_QA,BE_ROUTE_R0,evaluation,source_style_confirmation,,,,,14,,,,,,,,,,,,,,,,,,,,,,,,,,,,,,,,,,,,,,,,,,,,,,,,,,,,,,,,,,,,,,,,,,,,,,,,,,,,,,,,,,,,,,,,,,,,,,,,,,,,,,,,,,,,,,,,,,,,,,,,,,,,,,,,FULL_COHORT,REJECTION_ACCOUNTING,,,,,,,,,,,,,14,0,0,0,0,0
NEW7,,,C_EXTRA_QA,BE_ROUTE_R0,evaluation,cross_family_confirmation,,,,,14,,,,,,,,,,,,,,,,,,,,,,,,,,,,,,,,,,,,,,,,,,,,,,,,,,,,,,,,,,,,,,,,,,,,,,,,,,,,,,,,,,,,,,,,,,,,,,,,,,,,,,,,,,,,,,,,,,,,,,,,,,,,,,,,FULL_COHORT,REJECTION_ACCOUNTING,,,,,,,,,,,,,14,0,0,0,0,0
NEW7,,,C_EXTRA_QA,BE_ROUTE_R0,evaluation,H,,,,,9,,,,,,,,,,,,,,,,,,,,,,,,,,,,,,,,,,,,,,,,,,,,,,,,,,,,,,,,,,,,,,,,,,,,,,,,,,,,,,,,,,,,,,,,,,,,,,,,,,,,,,,,,,,,,,,,,,,,,,,,,,,,,,,,FULL_COHORT,REJECTION_ACCOUNTING,,,,,,,,,,,,,7,2,2,1,1,0
NEW7,,,C_EXTRA_QA,BE_ROUTE_R0,evaluation,U,,,,,28,,,,,,,,,,,,,,,,,,,,,,,,,,,,,,,,,,,,,,,,,,,,,,,,,,,,,,,,,,,,,,,,,,,,,,,,,,,,,,,,,,,,,,,,,,,,,,,,,,,,,,,,,,,,,,,,,,,,,,,,,,,,,,,,FULL_COHORT,REJECTION_ACCOUNTING,,,,,,,,,,,,,20,8,3,1,1,0
NEW7,,,C_EXTRA_QA,BE_ROUTE_R0,challenge,challenge,,,,,12,,,,,,,,,,,,,,,,,,,,,,,,,,,,,,,,,,,,,,,,,,,,,,,,,,,,,,,,,,,,,,,,,,,,,,,,,,,,,,,,,,,,,,,,,,,,,,,,,,,,,,,,,,,,,,,,,,,,,,,,,,,,,,,,FULL_COHORT,REJECTION_ACCOUNTING,,,,,,,,,,,,,12,0,0,0,0,0
NEW7,,,C_FACT,RC_FIXED_OLD16,native,T0,,,,,7,,,,,,,,,,,,,,,,,,,,,,,,,,,,,,,,,,,,,,,,,,,,,,,,,,,,,,,,,,,,,,,,,,,,,,,,,,,,,,,,,,,,,,,,,,,,,,,,,,,,,,,,,,,,,,,,,,,,,,,,,,,,,,,,FULL_COHORT,REJECTION_ACCOUNTING,,,,,,,,,,,,,7,0,0,0,0,0
NEW7,,,C_NO_H,RC_FIXED_OLD16,native,T0,,,,,7,,,,,,,,,,,,,,,,,,,,,,,,,,,,,,,,,,,,,,,,,,,,,,,,,,,,,,,,,,,,,,,,,,,,,,,,,,,,,,,,,,,,,,,,,,,,,,,,,,,,,,,,,,,,,,,,,,,,,,,,,,,,,,,,FULL_COHORT,REJECTION_ACCOUNTING,,,,,,,,,,,,,7,0,0,0,0,0
NEW7,,,BE,RC_FIXED_OLD16,native,T0,,,,,7,,,,,,,,,,,,,,,,,,,,,,,,,,,,,,,,,,,,,,,,,,,,,,,,,,,,,,,,,,,,,,,,,,,,,,,,,,,,,,,,,,,,,,,,,,,,,,,,,,,,,,,,,,,,,,,,,,,,,,,,,,,,,,,,FULL_COHORT,REJECTION_ACCOUNTING,,,,,,,,,,,,,7,0,0,0,0,0
NEW7,,,C_FACT,RC_FIXED_OLD16,fit,positive,,,,,28,,,,,,,,,,,,,,,,,,,,,,,,,,,,,,,,,,,,,,,,,,,,,,,,,,,,,,,,,,,,,,,,,,,,,,,,,,,,,,,,,,,,,,,,,,,,,,,,,,,,,,,,,,,,,,,,,,,,,,,,,,,,,,,,FULL_COHORT,REJECTION_ACCOUNTING,,,,,,,,,,,,,28,0,0,0,0,0
NEW7,,,C_NO_H,RC_FIXED_OLD16,fit,positive,,,,,28,,,,,,,,,,,,,,,,,,,,,,,,,,,,,,,,,,,,,,,,,,,,,,,,,,,,,,,,,,,,,,,,,,,,,,,,,,,,,,,,,,,,,,,,,,,,,,,,,,,,,,,,,,,,,,,,,,,,,,,,,,,,,,,,FULL_COHORT,REJECTION_ACCOUNTING,,,,,,,,,,,,,28,0,0,0,0,0
NEW7,,,BE,RC_FIXED_OLD16,fit,positive,,,,,28,,,,,,,,,,,,,,,,,,,,,,,,,,,,,,,,,,,,,,,,,,,,,,,,,,,,,,,,,,,,,,,,,,,,,,,,,,,,,,,,,,,,,,,,,,,,,,,,,,,,,,,,,,,,,,,,,,,,,,,,,,,,,,,,FULL_COHORT,REJECTION_ACCOUNTING,,,,,,,,,,,,,28,0,0,0,0,0
NEW7,,,C_FACT,RC_FIXED_OLD16,fit,H,,,,,7,,,,,,,,,,,,,,,,,,,,,,,,,,,,,,,,,,,,,,,,,,,,,,,,,,,,,,,,,,,,,,,,,,,,,,,,,,,,,,,,,,,,,,,,,,,,,,,,,,,,,,,,,,,,,,,,,,,,,,,,,,,,,,,,FULL_COHORT,REJECTION_ACCOUNTING,,,,,,,,,,,,,0,7,0,0,0,0
NEW7,,,C_NO_H,RC_FIXED_OLD16,fit,H,,,,,7,,,,,,,,,,,,,,,,,,,,,,,,,,,,,,,,,,,,,,,,,,,,,,,,,,,,,,,,,,,,,,,,,,,,,,,,,,,,,,,,,,,,,,,,,,,,,,,,,,,,,,,,,,,,,,,,,,,,,,,,,,,,,,,,FULL_COHORT,REJECTION_ACCOUNTING,,,,,,,,,,,,,0,7,7,7,7,0
NEW7,,,BE,RC_FIXED_OLD16,fit,H,,,,,7,,,,,,,,,,,,,,,,,,,,,,,,,,,,,,,,,,,,,,,,,,,,,,,,,,,,,,,,,,,,,,,,,,,,,,,,,,,,,,,,,,,,,,,,,,,,,,,,,,,,,,,,,,,,,,,,,,,,,,,,,,,,,,,,FULL_COHORT,REJECTION_ACCOUNTING,,,,,,,,,,,,,0,7,7,7,7,0
NEW7,,,C_FACT,RC_FIXED_OLD16,fit,U,,,,,7,,,,,,,,,,,,,,,,,,,,,,,,,,,,,,,,,,,,,,,,,,,,,,,,,,,,,,,,,,,,,,,,,,,,,,,,,,,,,,,,,,,,,,,,,,,,,,,,,,,,,,,,,,,,,,,,,,,,,,,,,,,,,,,,FULL_COHORT,REJECTION_ACCOUNTING,,,,,,,,,,,,,0,7,0,0,0,0
NEW7,,,C_NO_H,RC_FIXED_OLD16,fit,U,,,,,7,,,,,,,,,,,,,,,,,,,,,,,,,,,,,,,,,,,,,,,,,,,,,,,,,,,,,,,,,,,,,,,,,,,,,,,,,,,,,,,,,,,,,,,,,,,,,,,,,,,,,,,,,,,,,,,,,,,,,,,,,,,,,,,,FULL_COHORT,REJECTION_ACCOUNTING,,,,,,,,,,,,,0,7,0,0,0,0
NEW7,,,BE,RC_FIXED_OLD16,fit,U,,,,,7,,,,,,,,,,,,,,,,,,,,,,,,,,,,,,,,,,,,,,,,,,,,,,,,,,,,,,,,,,,,,,,,,,,,,,,,,,,,,,,,,,,,,,,,,,,,,,,,,,,,,,,,,,,,,,,,,,,,,,,,,,,,,,,,FULL_COHORT,REJECTION_ACCOUNTING,,,,,,,,,,,,,0,7,7,7,7,0
NEW7,,,C_FACT,RC_FIXED_OLD16,evaluation,source_style_confirmation,,,,,14,,,,,,,,,,,,,,,,,,,,,,,,,,,,,,,,,,,,,,,,,,,,,,,,,,,,,,,,,,,,,,,,,,,,,,,,,,,,,,,,,,,,,,,,,,,,,,,,,,,,,,,,,,,,,,,,,,,,,,,,,,,,,,,,FULL_COHORT,REJECTION_ACCOUNTING,,,,,,,,,,,,,14,0,0,0,0,0
NEW7,,,C_NO_H,RC_FIXED_OLD16,evaluation,source_style_confirmation,,,,,14,,,,,,,,,,,,,,,,,,,,,,,,,,,,,,,,,,,,,,,,,,,,,,,,,,,,,,,,,,,,,,,,,,,,,,,,,,,,,,,,,,,,,,,,,,,,,,,,,,,,,,,,,,,,,,,,,,,,,,,,,,,,,,,,FULL_COHORT,REJECTION_ACCOUNTING,,,,,,,,,,,,,14,0,0,0,0,0
NEW7,,,BE,RC_FIXED_OLD16,evaluation,source_style_confirmation,,,,,14,,,,,,,,,,,,,,,,,,,,,,,,,,,,,,,,,,,,,,,,,,,,,,,,,,,,,,,,,,,,,,,,,,,,,,,,,,,,,,,,,,,,,,,,,,,,,,,,,,,,,,,,,,,,,,,,,,,,,,,,,,,,,,,,FULL_COHORT,REJECTION_ACCOUNTING,,,,,,,,,,,,,14,0,0,0,0,0
NEW7,,,C_FACT,RC_FIXED_OLD16,evaluation,cross_family_confirmation,,,,,14,,,,,,,,,,,,,,,,,,,,,,,,,,,,,,,,,,,,,,,,,,,,,,,,,,,,,,,,,,,,,,,,,,,,,,,,,,,,,,,,,,,,,,,,,,,,,,,,,,,,,,,,,,,,,,,,,,,,,,,,,,,,,,,,FULL_COHORT,REJECTION_ACCOUNTING,,,,,,,,,,,,,14,0,0,0,0,0
NEW7,,,C_NO_H,RC_FIXED_OLD16,evaluation,cross_family_confirmation,,,,,14,,,,,,,,,,,,,,,,,,,,,,,,,,,,,,,,,,,,,,,,,,,,,,,,,,,,,,,,,,,,,,,,,,,,,,,,,,,,,,,,,,,,,,,,,,,,,,,,,,,,,,,,,,,,,,,,,,,,,,,,,,,,,,,,FULL_COHORT,REJECTION_ACCOUNTING,,,,,,,,,,,,,14,0,0,0,0,0
NEW7,,,BE,RC_FIXED_OLD16,evaluation,cross_family_confirmation,,,,,14,,,,,,,,,,,,,,,,,,,,,,,,,,,,,,,,,,,,,,,,,,,,,,,,,,,,,,,,,,,,,,,,,,,,,,,,,,,,,,,,,,,,,,,,,,,,,,,,,,,,,,,,,,,,,,,,,,,,,,,,,,,,,,,,FULL_COHORT,REJECTION_ACCOUNTING,,,,,,,,,,,,,14,0,0,0,0,0
NEW7,,,C_FACT,RC_FIXED_OLD16,evaluation,H,,,,,9,,,,,,,,,,,,,,,,,,,,,,,,,,,,,,,,,,,,,,,,,,,,,,,,,,,,,,,,,,,,,,,,,,,,,,,,,,,,,,,,,,,,,,,,,,,,,,,,,,,,,,,,,,,,,,,,,,,,,,,,,,,,,,,,FULL_COHORT,REJECTION_ACCOUNTING,,,,,,,,,,,,,0,9,2,0,0,2
NEW7,,,C_NO_H,RC_FIXED_OLD16,evaluation,H,,,,,9,,,,,,,,,,,,,,,,,,,,,,,,,,,,,,,,,,,,,,,,,,,,,,,,,,,,,,,,,,,,,,,,,,,,,,,,,,,,,,,,,,,,,,,,,,,,,,,,,,,,,,,,,,,,,,,,,,,,,,,,,,,,,,,,FULL_COHORT,REJECTION_ACCOUNTING,,,,,,,,,,,,,0,9,9,5,5,0
NEW7,,,BE,RC_FIXED_OLD16,evaluation,H,,,,,9,,,,,,,,,,,,,,,,,,,,,,,,,,,,,,,,,,,,,,,,,,,,,,,,,,,,,,,,,,,,,,,,,,,,,,,,,,,,,,,,,,,,,,,,,,,,,,,,,,,,,,,,,,,,,,,,,,,,,,,,,,,,,,,,FULL_COHORT,REJECTION_ACCOUNTING,,,,,,,,,,,,,0,9,9,5,5,0
NEW7,,,C_FACT,RC_FIXED_OLD16,evaluation,U,,,,,28,,,,,,,,,,,,,,,,,,,,,,,,,,,,,,,,,,,,,,,,,,,,,,,,,,,,,,,,,,,,,,,,,,,,,,,,,,,,,,,,,,,,,,,,,,,,,,,,,,,,,,,,,,,,,,,,,,,,,,,,,,,,,,,,FULL_COHORT,REJECTION_ACCOUNTING,,,,,,,,,,,,,0,28,6,1,1,1
NEW7,,,C_NO_H,RC_FIXED_OLD16,evaluation,U,,,,,28,,,,,,,,,,,,,,,,,,,,,,,,,,,,,,,,,,,,,,,,,,,,,,,,,,,,,,,,,,,,,,,,,,,,,,,,,,,,,,,,,,,,,,,,,,,,,,,,,,,,,,,,,,,,,,,,,,,,,,,,,,,,,,,,FULL_COHORT,REJECTION_ACCOUNTING,,,,,,,,,,,,,0,28,15,10,10,1
NEW7,,,BE,RC_FIXED_OLD16,evaluation,U,,,,,28,,,,,,,,,,,,,,,,,,,,,,,,,,,,,,,,,,,,,,,,,,,,,,,,,,,,,,,,,,,,,,,,,,,,,,,,,,,,,,,,,,,,,,,,,,,,,,,,,,,,,,,,,,,,,,,,,,,,,,,,,,,,,,,,FULL_COHORT,REJECTION_ACCOUNTING,,,,,,,,,,,,,0,28,27,21,21,0
NEW7,,,C_FACT,RC_FIXED_OLD16,challenge,challenge,,,,,12,,,,,,,,,,,,,,,,,,,,,,,,,,,,,,,,,,,,,,,,,,,,,,,,,,,,,,,,,,,,,,,,,,,,,,,,,,,,,,,,,,,,,,,,,,,,,,,,,,,,,,,,,,,,,,,,,,,,,,,,,,,,,,,,FULL_COHORT,REJECTION_ACCOUNTING,,,,,,,,,,,,,0,12,3,0,0,5
NEW7,,,C_NO_H,RC_FIXED_OLD16,challenge,challenge,,,,,12,,,,,,,,,,,,,,,,,,,,,,,,,,,,,,,,,,,,,,,,,,,,,,,,,,,,,,,,,,,,,,,,,,,,,,,,,,,,,,,,,,,,,,,,,,,,,,,,,,,,,,,,,,,,,,,,,,,,,,,,,,,,,,,,FULL_COHORT,REJECTION_ACCOUNTING,,,,,,,,,,,,,0,12,0,0,0,8
NEW7,,,BE,RC_FIXED_OLD16,challenge,challenge,,,,,12,,,,,,,,,,,,,,,,,,,,,,,,,,,,,,,,,,,,,,,,,,,,,,,,,,,,,,,,,,,,,,,,,,,,,,,,,,,,,,,,,,,,,,,,,,,,,,,,,,,,,,,,,,,,,,,,,,,,,,,,,,,,,,,,FULL_COHORT,REJECTION_ACCOUNTING,,,,,,,,,,,,,0,12,0,0,0,8
NEW7,,,C_EXTRA_QA,RC_FIXED_OLD16,native,T0,,,,,7,,,,,,,,,,,,,,,,,,,,,,,,,,,,,,,,,,,,,,,,,,,,,,,,,,,,,,,,,,,,,,,,,,,,,,,,,,,,,,,,,,,,,,,,,,,,,,,,,,,,,,,,,,,,,,,,,,,,,,,,,,,,,,,,FULL_COHORT,REJECTION_ACCOUNTING,,,,,,,,,,,,,7,0,0,0,0,0
NEW7,,,C_EXTRA_QA,RC_FIXED_OLD16,fit,positive,,,,,28,,,,,,,,,,,,,,,,,,,,,,,,,,,,,,,,,,,,,,,,,,,,,,,,,,,,,,,,,,,,,,,,,,,,,,,,,,,,,,,,,,,,,,,,,,,,,,,,,,,,,,,,,,,,,,,,,,,,,,,,,,,,,,,,FULL_COHORT,REJECTION_ACCOUNTING,,,,,,,,,,,,,28,0,0,0,0,0
NEW7,,,C_EXTRA_QA,RC_FIXED_OLD16,fit,H,,,,,7,,,,,,,,,,,,,,,,,,,,,,,,,,,,,,,,,,,,,,,,,,,,,,,,,,,,,,,,,,,,,,,,,,,,,,,,,,,,,,,,,,,,,,,,,,,,,,,,,,,,,,,,,,,,,,,,,,,,,,,,,,,,,,,,FULL_COHORT,REJECTION_ACCOUNTING,,,,,,,,,,,,,0,7,7,7,7,0
NEW7,,,C_EXTRA_QA,RC_FIXED_OLD16,fit,U,,,,,7,,,,,,,,,,,,,,,,,,,,,,,,,,,,,,,,,,,,,,,,,,,,,,,,,,,,,,,,,,,,,,,,,,,,,,,,,,,,,,,,,,,,,,,,,,,,,,,,,,,,,,,,,,,,,,,,,,,,,,,,,,,,,,,,FULL_COHORT,REJECTION_ACCOUNTING,,,,,,,,,,,,,0,7,0,0,0,0
NEW7,,,C_EXTRA_QA,RC_FIXED_OLD16,evaluation,source_style_confirmation,,,,,14,,,,,,,,,,,,,,,,,,,,,,,,,,,,,,,,,,,,,,,,,,,,,,,,,,,,,,,,,,,,,,,,,,,,,,,,,,,,,,,,,,,,,,,,,,,,,,,,,,,,,,,,,,,,,,,,,,,,,,,,,,,,,,,,FULL_COHORT,REJECTION_ACCOUNTING,,,,,,,,,,,,,14,0,0,0,0,0
NEW7,,,C_EXTRA_QA,RC_FIXED_OLD16,evaluation,cross_family_confirmation,,,,,14,,,,,,,,,,,,,,,,,,,,,,,,,,,,,,,,,,,,,,,,,,,,,,,,,,,,,,,,,,,,,,,,,,,,,,,,,,,,,,,,,,,,,,,,,,,,,,,,,,,,,,,,,,,,,,,,,,,,,,,,,,,,,,,,FULL_COHORT,REJECTION_ACCOUNTING,,,,,,,,,,,,,14,0,0,0,0,0
NEW7,,,C_EXTRA_QA,RC_FIXED_OLD16,evaluation,H,,,,,9,,,,,,,,,,,,,,,,,,,,,,,,,,,,,,,,,,,,,,,,,,,,,,,,,,,,,,,,,,,,,,,,,,,,,,,,,,,,,,,,,,,,,,,,,,,,,,,,,,,,,,,,,,,,,,,,,,,,,,,,,,,,,,,,FULL_COHORT,REJECTION_ACCOUNTING,,,,,,,,,,,,,0,9,9,5,5,0
NEW7,,,C_EXTRA_QA,RC_FIXED_OLD16,evaluation,U,,,,,28,,,,,,,,,,,,,,,,,,,,,,,,,,,,,,,,,,,,,,,,,,,,,,,,,,,,,,,,,,,,,,,,,,,,,,,,,,,,,,,,,,,,,,,,,,,,,,,,,,,,,,,,,,,,,,,,,,,,,,,,,,,,,,,,FULL_COHORT,REJECTION_ACCOUNTING,,,,,,,,,,,,,0,28,11,5,5,0
NEW7,,,C_EXTRA_QA,RC_FIXED_OLD16,challenge,challenge,,,,,12,,,,,,,,,,,,,,,,,,,,,,,,,,,,,,,,,,,,,,,,,,,,,,,,,,,,,,,,,,,,,,,,,,,,,,,,,,,,,,,,,,,,,,,,,,,,,,,,,,,,,,,,,,,,,,,,,,,,,,,,,,,,,,,,FULL_COHORT,REJECTION_ACCOUNTING,,,,,,,,,,,,,0,12,0,0,0,8
NEW7,,,C_FACT,BE_ROUTE_R0,native,T0,,,,,7,,,,,,,,,,,,,,,,,,,,,,,,,,,,,,,,,,,,,,,,,,,,,,,,,,,,,,,,,,,,,,,,,,,,,,,,,,,,,,,,,,,,,,,,,,,,,,,,,,,,,,,,,,,,,,,,,,,,,,,,,,,,,,,,COMMON_SUPPORTED,REJECTION_ACCOUNTING,,,,,,,,,,,,,7,0,0,0,0,0
NEW7,,,C_NO_H,BE_ROUTE_R0,native,T0,,,,,7,,,,,,,,,,,,,,,,,,,,,,,,,,,,,,,,,,,,,,,,,,,,,,,,,,,,,,,,,,,,,,,,,,,,,,,,,,,,,,,,,,,,,,,,,,,,,,,,,,,,,,,,,,,,,,,,,,,,,,,,,,,,,,,,COMMON_SUPPORTED,REJECTION_ACCOUNTING,,,,,,,,,,,,,7,0,0,0,0,0
NEW7,,,BE,BE_ROUTE_R0,native,T0,,,,,7,,,,,,,,,,,,,,,,,,,,,,,,,,,,,,,,,,,,,,,,,,,,,,,,,,,,,,,,,,,,,,,,,,,,,,,,,,,,,,,,,,,,,,,,,,,,,,,,,,,,,,,,,,,,,,,,,,,,,,,,,,,,,,,,COMMON_SUPPORTED,REJECTION_ACCOUNTING,,,,,,,,,,,,,7,0,0,0,0,0
NEW7,,,C_FACT,BE_ROUTE_R0,fit,positive,,,,,28,,,,,,,,,,,,,,,,,,,,,,,,,,,,,,,,,,,,,,,,,,,,,,,,,,,,,,,,,,,,,,,,,,,,,,,,,,,,,,,,,,,,,,,,,,,,,,,,,,,,,,,,,,,,,,,,,,,,,,,,,,,,,,,,COMMON_SUPPORTED,REJECTION_ACCOUNTING,,,,,,,,,,,,,28,0,0,0,0,0
NEW7,,,C_NO_H,BE_ROUTE_R0,fit,positive,,,,,28,,,,,,,,,,,,,,,,,,,,,,,,,,,,,,,,,,,,,,,,,,,,,,,,,,,,,,,,,,,,,,,,,,,,,,,,,,,,,,,,,,,,,,,,,,,,,,,,,,,,,,,,,,,,,,,,,,,,,,,,,,,,,,,,COMMON_SUPPORTED,REJECTION_ACCOUNTING,,,,,,,,,,,,,28,0,0,0,0,0
NEW7,,,BE,BE_ROUTE_R0,fit,positive,,,,,28,,,,,,,,,,,,,,,,,,,,,,,,,,,,,,,,,,,,,,,,,,,,,,,,,,,,,,,,,,,,,,,,,,,,,,,,,,,,,,,,,,,,,,,,,,,,,,,,,,,,,,,,,,,,,,,,,,,,,,,,,,,,,,,,COMMON_SUPPORTED,REJECTION_ACCOUNTING,,,,,,,,,,,,,28,0,0,0,0,0
NEW7,,,C_FACT,BE_ROUTE_R0,fit,H,,,,,7,,,,,,,,,,,,,,,,,,,,,,,,,,,,,,,,,,,,,,,,,,,,,,,,,,,,,,,,,,,,,,,,,,,,,,,,,,,,,,,,,,,,,,,,,,,,,,,,,,,,,,,,,,,,,,,,,,,,,,,,,,,,,,,,COMMON_SUPPORTED,REJECTION_ACCOUNTING,,,,,,,,,,,,,6,1,0,0,0,0
NEW7,,,C_NO_H,BE_ROUTE_R0,fit,H,,,,,7,,,,,,,,,,,,,,,,,,,,,,,,,,,,,,,,,,,,,,,,,,,,,,,,,,,,,,,,,,,,,,,,,,,,,,,,,,,,,,,,,,,,,,,,,,,,,,,,,,,,,,,,,,,,,,,,,,,,,,,,,,,,,,,,COMMON_SUPPORTED,REJECTION_ACCOUNTING,,,,,,,,,,,,,6,1,1,1,1,0
NEW7,,,BE,BE_ROUTE_R0,fit,H,,,,,7,,,,,,,,,,,,,,,,,,,,,,,,,,,,,,,,,,,,,,,,,,,,,,,,,,,,,,,,,,,,,,,,,,,,,,,,,,,,,,,,,,,,,,,,,,,,,,,,,,,,,,,,,,,,,,,,,,,,,,,,,,,,,,,,COMMON_SUPPORTED,REJECTION_ACCOUNTING,,,,,,,,,,,,,6,1,1,1,1,0
NEW7,,,C_FACT,BE_ROUTE_R0,fit,U,,,,,7,,,,,,,,,,,,,,,,,,,,,,,,,,,,,,,,,,,,,,,,,,,,,,,,,,,,,,,,,,,,,,,,,,,,,,,,,,,,,,,,,,,,,,,,,,,,,,,,,,,,,,,,,,,,,,,,,,,,,,,,,,,,,,,,COMMON_SUPPORTED,REJECTION_ACCOUNTING,,,,,,,,,,,,,5,2,0,0,0,0
NEW7,,,C_NO_H,BE_ROUTE_R0,fit,U,,,,,7,,,,,,,,,,,,,,,,,,,,,,,,,,,,,,,,,,,,,,,,,,,,,,,,,,,,,,,,,,,,,,,,,,,,,,,,,,,,,,,,,,,,,,,,,,,,,,,,,,,,,,,,,,,,,,,,,,,,,,,,,,,,,,,,COMMON_SUPPORTED,REJECTION_ACCOUNTING,,,,,,,,,,,,,5,2,0,0,0,0
NEW7,,,BE,BE_ROUTE_R0,fit,U,,,,,7,,,,,,,,,,,,,,,,,,,,,,,,,,,,,,,,,,,,,,,,,,,,,,,,,,,,,,,,,,,,,,,,,,,,,,,,,,,,,,,,,,,,,,,,,,,,,,,,,,,,,,,,,,,,,,,,,,,,,,,,,,,,,,,,COMMON_SUPPORTED,REJECTION_ACCOUNTING,,,,,,,,,,,,,5,2,2,2,2,0
NEW7,,,C_FACT,BE_ROUTE_R0,evaluation,source_style_confirmation,,,,,14,,,,,,,,,,,,,,,,,,,,,,,,,,,,,,,,,,,,,,,,,,,,,,,,,,,,,,,,,,,,,,,,,,,,,,,,,,,,,,,,,,,,,,,,,,,,,,,,,,,,,,,,,,,,,,,,,,,,,,,,,,,,,,,,COMMON_SUPPORTED,REJECTION_ACCOUNTING,,,,,,,,,,,,,14,0,0,0,0,0
NEW7,,,C_NO_H,BE_ROUTE_R0,evaluation,source_style_confirmation,,,,,14,,,,,,,,,,,,,,,,,,,,,,,,,,,,,,,,,,,,,,,,,,,,,,,,,,,,,,,,,,,,,,,,,,,,,,,,,,,,,,,,,,,,,,,,,,,,,,,,,,,,,,,,,,,,,,,,,,,,,,,,,,,,,,,,COMMON_SUPPORTED,REJECTION_ACCOUNTING,,,,,,,,,,,,,14,0,0,0,0,0
NEW7,,,BE,BE_ROUTE_R0,evaluation,source_style_confirmation,,,,,14,,,,,,,,,,,,,,,,,,,,,,,,,,,,,,,,,,,,,,,,,,,,,,,,,,,,,,,,,,,,,,,,,,,,,,,,,,,,,,,,,,,,,,,,,,,,,,,,,,,,,,,,,,,,,,,,,,,,,,,,,,,,,,,,COMMON_SUPPORTED,REJECTION_ACCOUNTING,,,,,,,,,,,,,14,0,0,0,0,0
NEW7,,,C_FACT,BE_ROUTE_R0,evaluation,cross_family_confirmation,,,,,14,,,,,,,,,,,,,,,,,,,,,,,,,,,,,,,,,,,,,,,,,,,,,,,,,,,,,,,,,,,,,,,,,,,,,,,,,,,,,,,,,,,,,,,,,,,,,,,,,,,,,,,,,,,,,,,,,,,,,,,,,,,,,,,,COMMON_SUPPORTED,REJECTION_ACCOUNTING,,,,,,,,,,,,,14,0,0,0,0,0
NEW7,,,C_NO_H,BE_ROUTE_R0,evaluation,cross_family_confirmation,,,,,14,,,,,,,,,,,,,,,,,,,,,,,,,,,,,,,,,,,,,,,,,,,,,,,,,,,,,,,,,,,,,,,,,,,,,,,,,,,,,,,,,,,,,,,,,,,,,,,,,,,,,,,,,,,,,,,,,,,,,,,,,,,,,,,,COMMON_SUPPORTED,REJECTION_ACCOUNTING,,,,,,,,,,,,,14,0,0,0,0,0
NEW7,,,BE,BE_ROUTE_R0,evaluation,cross_family_confirmation,,,,,14,,,,,,,,,,,,,,,,,,,,,,,,,,,,,,,,,,,,,,,,,,,,,,,,,,,,,,,,,,,,,,,,,,,,,,,,,,,,,,,,,,,,,,,,,,,,,,,,,,,,,,,,,,,,,,,,,,,,,,,,,,,,,,,,COMMON_SUPPORTED,REJECTION_ACCOUNTING,,,,,,,,,,,,,14,0,0,0,0,0
NEW7,,,C_FACT,BE_ROUTE_R0,evaluation,H,,,,,9,,,,,,,,,,,,,,,,,,,,,,,,,,,,,,,,,,,,,,,,,,,,,,,,,,,,,,,,,,,,,,,,,,,,,,,,,,,,,,,,,,,,,,,,,,,,,,,,,,,,,,,,,,,,,,,,,,,,,,,,,,,,,,,,COMMON_SUPPORTED,REJECTION_ACCOUNTING,,,,,,,,,,,,,7,2,0,0,0,1
NEW7,,,C_NO_H,BE_ROUTE_R0,evaluation,H,,,,,9,,,,,,,,,,,,,,,,,,,,,,,,,,,,,,,,,,,,,,,,,,,,,,,,,,,,,,,,,,,,,,,,,,,,,,,,,,,,,,,,,,,,,,,,,,,,,,,,,,,,,,,,,,,,,,,,,,,,,,,,,,,,,,,,COMMON_SUPPORTED,REJECTION_ACCOUNTING,,,,,,,,,,,,,7,2,2,1,1,0
NEW7,,,BE,BE_ROUTE_R0,evaluation,H,,,,,9,,,,,,,,,,,,,,,,,,,,,,,,,,,,,,,,,,,,,,,,,,,,,,,,,,,,,,,,,,,,,,,,,,,,,,,,,,,,,,,,,,,,,,,,,,,,,,,,,,,,,,,,,,,,,,,,,,,,,,,,,,,,,,,,COMMON_SUPPORTED,REJECTION_ACCOUNTING,,,,,,,,,,,,,7,2,2,1,1,0
NEW7,,,C_FACT,BE_ROUTE_R0,evaluation,U,,,,,28,,,,,,,,,,,,,,,,,,,,,,,,,,,,,,,,,,,,,,,,,,,,,,,,,,,,,,,,,,,,,,,,,,,,,,,,,,,,,,,,,,,,,,,,,,,,,,,,,,,,,,,,,,,,,,,,,,,,,,,,,,,,,,,,COMMON_SUPPORTED,REJECTION_ACCOUNTING,,,,,,,,,,,,,20,8,3,1,1,0
NEW7,,,C_NO_H,BE_ROUTE_R0,evaluation,U,,,,,28,,,,,,,,,,,,,,,,,,,,,,,,,,,,,,,,,,,,,,,,,,,,,,,,,,,,,,,,,,,,,,,,,,,,,,,,,,,,,,,,,,,,,,,,,,,,,,,,,,,,,,,,,,,,,,,,,,,,,,,,,,,,,,,,COMMON_SUPPORTED,REJECTION_ACCOUNTING,,,,,,,,,,,,,20,8,2,1,1,1
NEW7,,,BE,BE_ROUTE_R0,evaluation,U,,,,,28,,,,,,,,,,,,,,,,,,,,,,,,,,,,,,,,,,,,,,,,,,,,,,,,,,,,,,,,,,,,,,,,,,,,,,,,,,,,,,,,,,,,,,,,,,,,,,,,,,,,,,,,,,,,,,,,,,,,,,,,,,,,,,,,COMMON_SUPPORTED,REJECTION_ACCOUNTING,,,,,,,,,,,,,20,8,7,5,5,0
NEW7,,,C_FACT,BE_ROUTE_R0,challenge,challenge,,,,,12,,,,,,,,,,,,,,,,,,,,,,,,,,,,,,,,,,,,,,,,,,,,,,,,,,,,,,,,,,,,,,,,,,,,,,,,,,,,,,,,,,,,,,,,,,,,,,,,,,,,,,,,,,,,,,,,,,,,,,,,,,,,,,,,COMMON_SUPPORTED,REJECTION_ACCOUNTING,,,,,,,,,,,,,12,0,0,0,0,0
NEW7,,,C_NO_H,BE_ROUTE_R0,challenge,challenge,,,,,12,,,,,,,,,,,,,,,,,,,,,,,,,,,,,,,,,,,,,,,,,,,,,,,,,,,,,,,,,,,,,,,,,,,,,,,,,,,,,,,,,,,,,,,,,,,,,,,,,,,,,,,,,,,,,,,,,,,,,,,,,,,,,,,,COMMON_SUPPORTED,REJECTION_ACCOUNTING,,,,,,,,,,,,,12,0,0,0,0,0
NEW7,,,BE,BE_ROUTE_R0,challenge,challenge,,,,,12,,,,,,,,,,,,,,,,,,,,,,,,,,,,,,,,,,,,,,,,,,,,,,,,,,,,,,,,,,,,,,,,,,,,,,,,,,,,,,,,,,,,,,,,,,,,,,,,,,,,,,,,,,,,,,,,,,,,,,,,,,,,,,,,COMMON_SUPPORTED,REJECTION_ACCOUNTING,,,,,,,,,,,,,12,0,0,0,0,0
NEW7,,,C_EXTRA_QA,BE_ROUTE_R0,native,T0,,,,,7,,,,,,,,,,,,,,,,,,,,,,,,,,,,,,,,,,,,,,,,,,,,,,,,,,,,,,,,,,,,,,,,,,,,,,,,,,,,,,,,,,,,,,,,,,,,,,,,,,,,,,,,,,,,,,,,,,,,,,,,,,,,,,,,COMMON_SUPPORTED,REJECTION_ACCOUNTING,,,,,,,,,,,,,7,0,0,0,0,0
NEW7,,,C_EXTRA_QA,BE_ROUTE_R0,fit,positive,,,,,28,,,,,,,,,,,,,,,,,,,,,,,,,,,,,,,,,,,,,,,,,,,,,,,,,,,,,,,,,,,,,,,,,,,,,,,,,,,,,,,,,,,,,,,,,,,,,,,,,,,,,,,,,,,,,,,,,,,,,,,,,,,,,,,,COMMON_SUPPORTED,REJECTION_ACCOUNTING,,,,,,,,,,,,,28,0,0,0,0,0
NEW7,,,C_EXTRA_QA,BE_ROUTE_R0,fit,H,,,,,7,,,,,,,,,,,,,,,,,,,,,,,,,,,,,,,,,,,,,,,,,,,,,,,,,,,,,,,,,,,,,,,,,,,,,,,,,,,,,,,,,,,,,,,,,,,,,,,,,,,,,,,,,,,,,,,,,,,,,,,,,,,,,,,,COMMON_SUPPORTED,REJECTION_ACCOUNTING,,,,,,,,,,,,,6,1,1,1,1,0
NEW7,,,C_EXTRA_QA,BE_ROUTE_R0,fit,U,,,,,7,,,,,,,,,,,,,,,,,,,,,,,,,,,,,,,,,,,,,,,,,,,,,,,,,,,,,,,,,,,,,,,,,,,,,,,,,,,,,,,,,,,,,,,,,,,,,,,,,,,,,,,,,,,,,,,,,,,,,,,,,,,,,,,,COMMON_SUPPORTED,REJECTION_ACCOUNTING,,,,,,,,,,,,,5,2,0,0,0,0
NEW7,,,C_EXTRA_QA,BE_ROUTE_R0,evaluation,source_style_confirmation,,,,,14,,,,,,,,,,,,,,,,,,,,,,,,,,,,,,,,,,,,,,,,,,,,,,,,,,,,,,,,,,,,,,,,,,,,,,,,,,,,,,,,,,,,,,,,,,,,,,,,,,,,,,,,,,,,,,,,,,,,,,,,,,,,,,,,COMMON_SUPPORTED,REJECTION_ACCOUNTING,,,,,,,,,,,,,14,0,0,0,0,0
NEW7,,,C_EXTRA_QA,BE_ROUTE_R0,evaluation,cross_family_confirmation,,,,,14,,,,,,,,,,,,,,,,,,,,,,,,,,,,,,,,,,,,,,,,,,,,,,,,,,,,,,,,,,,,,,,,,,,,,,,,,,,,,,,,,,,,,,,,,,,,,,,,,,,,,,,,,,,,,,,,,,,,,,,,,,,,,,,,COMMON_SUPPORTED,REJECTION_ACCOUNTING,,,,,,,,,,,,,14,0,0,0,0,0
NEW7,,,C_EXTRA_QA,BE_ROUTE_R0,evaluation,H,,,,,9,,,,,,,,,,,,,,,,,,,,,,,,,,,,,,,,,,,,,,,,,,,,,,,,,,,,,,,,,,,,,,,,,,,,,,,,,,,,,,,,,,,,,,,,,,,,,,,,,,,,,,,,,,,,,,,,,,,,,,,,,,,,,,,,COMMON_SUPPORTED,REJECTION_ACCOUNTING,,,,,,,,,,,,,7,2,2,1,1,0
NEW7,,,C_EXTRA_QA,BE_ROUTE_R0,evaluation,U,,,,,28,,,,,,,,,,,,,,,,,,,,,,,,,,,,,,,,,,,,,,,,,,,,,,,,,,,,,,,,,,,,,,,,,,,,,,,,,,,,,,,,,,,,,,,,,,,,,,,,,,,,,,,,,,,,,,,,,,,,,,,,,,,,,,,,COMMON_SUPPORTED,REJECTION_ACCOUNTING,,,,,,,,,,,,,20,8,3,1,1,0
NEW7,,,C_EXTRA_QA,BE_ROUTE_R0,challenge,challenge,,,,,12,,,,,,,,,,,,,,,,,,,,,,,,,,,,,,,,,,,,,,,,,,,,,,,,,,,,,,,,,,,,,,,,,,,,,,,,,,,,,,,,,,,,,,,,,,,,,,,,,,,,,,,,,,,,,,,,,,,,,,,,,,,,,,,,COMMON_SUPPORTED,REJECTION_ACCOUNTING,,,,,,,,,,,,,12,0,0,0,0,0
NEW7,,,C_FACT,RC_FIXED_OLD16,native,T0,,,,,7,,,,,,,,,,,,,,,,,,,,,,,,,,,,,,,,,,,,,,,,,,,,,,,,,,,,,,,,,,,,,,,,,,,,,,,,,,,,,,,,,,,,,,,,,,,,,,,,,,,,,,,,,,,,,,,,,,,,,,,,,,,,,,,,COMMON_SUPPORTED,REJECTION_ACCOUNTING,,,,,,,,,,,,,7,0,0,0,0,0
NEW7,,,C_NO_H,RC_FIXED_OLD16,native,T0,,,,,7,,,,,,,,,,,,,,,,,,,,,,,,,,,,,,,,,,,,,,,,,,,,,,,,,,,,,,,,,,,,,,,,,,,,,,,,,,,,,,,,,,,,,,,,,,,,,,,,,,,,,,,,,,,,,,,,,,,,,,,,,,,,,,,,COMMON_SUPPORTED,REJECTION_ACCOUNTING,,,,,,,,,,,,,7,0,0,0,0,0
NEW7,,,BE,RC_FIXED_OLD16,native,T0,,,,,7,,,,,,,,,,,,,,,,,,,,,,,,,,,,,,,,,,,,,,,,,,,,,,,,,,,,,,,,,,,,,,,,,,,,,,,,,,,,,,,,,,,,,,,,,,,,,,,,,,,,,,,,,,,,,,,,,,,,,,,,,,,,,,,,COMMON_SUPPORTED,REJECTION_ACCOUNTING,,,,,,,,,,,,,7,0,0,0,0,0
NEW7,,,C_FACT,RC_FIXED_OLD16,fit,positive,,,,,28,,,,,,,,,,,,,,,,,,,,,,,,,,,,,,,,,,,,,,,,,,,,,,,,,,,,,,,,,,,,,,,,,,,,,,,,,,,,,,,,,,,,,,,,,,,,,,,,,,,,,,,,,,,,,,,,,,,,,,,,,,,,,,,,COMMON_SUPPORTED,REJECTION_ACCOUNTING,,,,,,,,,,,,,28,0,0,0,0,0
NEW7,,,C_NO_H,RC_FIXED_OLD16,fit,positive,,,,,28,,,,,,,,,,,,,,,,,,,,,,,,,,,,,,,,,,,,,,,,,,,,,,,,,,,,,,,,,,,,,,,,,,,,,,,,,,,,,,,,,,,,,,,,,,,,,,,,,,,,,,,,,,,,,,,,,,,,,,,,,,,,,,,,COMMON_SUPPORTED,REJECTION_ACCOUNTING,,,,,,,,,,,,,28,0,0,0,0,0
NEW7,,,BE,RC_FIXED_OLD16,fit,positive,,,,,28,,,,,,,,,,,,,,,,,,,,,,,,,,,,,,,,,,,,,,,,,,,,,,,,,,,,,,,,,,,,,,,,,,,,,,,,,,,,,,,,,,,,,,,,,,,,,,,,,,,,,,,,,,,,,,,,,,,,,,,,,,,,,,,,COMMON_SUPPORTED,REJECTION_ACCOUNTING,,,,,,,,,,,,,28,0,0,0,0,0
NEW7,,,C_FACT,RC_FIXED_OLD16,fit,H,,,,,7,,,,,,,,,,,,,,,,,,,,,,,,,,,,,,,,,,,,,,,,,,,,,,,,,,,,,,,,,,,,,,,,,,,,,,,,,,,,,,,,,,,,,,,,,,,,,,,,,,,,,,,,,,,,,,,,,,,,,,,,,,,,,,,,COMMON_SUPPORTED,REJECTION_ACCOUNTING,,,,,,,,,,,,,0,7,0,0,0,0
NEW7,,,C_NO_H,RC_FIXED_OLD16,fit,H,,,,,7,,,,,,,,,,,,,,,,,,,,,,,,,,,,,,,,,,,,,,,,,,,,,,,,,,,,,,,,,,,,,,,,,,,,,,,,,,,,,,,,,,,,,,,,,,,,,,,,,,,,,,,,,,,,,,,,,,,,,,,,,,,,,,,,COMMON_SUPPORTED,REJECTION_ACCOUNTING,,,,,,,,,,,,,0,7,7,7,7,0
NEW7,,,BE,RC_FIXED_OLD16,fit,H,,,,,7,,,,,,,,,,,,,,,,,,,,,,,,,,,,,,,,,,,,,,,,,,,,,,,,,,,,,,,,,,,,,,,,,,,,,,,,,,,,,,,,,,,,,,,,,,,,,,,,,,,,,,,,,,,,,,,,,,,,,,,,,,,,,,,,COMMON_SUPPORTED,REJECTION_ACCOUNTING,,,,,,,,,,,,,0,7,7,7,7,0
NEW7,,,C_FACT,RC_FIXED_OLD16,fit,U,,,,,7,,,,,,,,,,,,,,,,,,,,,,,,,,,,,,,,,,,,,,,,,,,,,,,,,,,,,,,,,,,,,,,,,,,,,,,,,,,,,,,,,,,,,,,,,,,,,,,,,,,,,,,,,,,,,,,,,,,,,,,,,,,,,,,,COMMON_SUPPORTED,REJECTION_ACCOUNTING,,,,,,,,,,,,,0,7,0,0,0,0
NEW7,,,C_NO_H,RC_FIXED_OLD16,fit,U,,,,,7,,,,,,,,,,,,,,,,,,,,,,,,,,,,,,,,,,,,,,,,,,,,,,,,,,,,,,,,,,,,,,,,,,,,,,,,,,,,,,,,,,,,,,,,,,,,,,,,,,,,,,,,,,,,,,,,,,,,,,,,,,,,,,,,COMMON_SUPPORTED,REJECTION_ACCOUNTING,,,,,,,,,,,,,0,7,0,0,0,0
NEW7,,,BE,RC_FIXED_OLD16,fit,U,,,,,7,,,,,,,,,,,,,,,,,,,,,,,,,,,,,,,,,,,,,,,,,,,,,,,,,,,,,,,,,,,,,,,,,,,,,,,,,,,,,,,,,,,,,,,,,,,,,,,,,,,,,,,,,,,,,,,,,,,,,,,,,,,,,,,,COMMON_SUPPORTED,REJECTION_ACCOUNTING,,,,,,,,,,,,,0,7,7,7,7,0
NEW7,,,C_FACT,RC_FIXED_OLD16,evaluation,source_style_confirmation,,,,,14,,,,,,,,,,,,,,,,,,,,,,,,,,,,,,,,,,,,,,,,,,,,,,,,,,,,,,,,,,,,,,,,,,,,,,,,,,,,,,,,,,,,,,,,,,,,,,,,,,,,,,,,,,,,,,,,,,,,,,,,,,,,,,,,COMMON_SUPPORTED,REJECTION_ACCOUNTING,,,,,,,,,,,,,14,0,0,0,0,0
NEW7,,,C_NO_H,RC_FIXED_OLD16,evaluation,source_style_confirmation,,,,,14,,,,,,,,,,,,,,,,,,,,,,,,,,,,,,,,,,,,,,,,,,,,,,,,,,,,,,,,,,,,,,,,,,,,,,,,,,,,,,,,,,,,,,,,,,,,,,,,,,,,,,,,,,,,,,,,,,,,,,,,,,,,,,,,COMMON_SUPPORTED,REJECTION_ACCOUNTING,,,,,,,,,,,,,14,0,0,0,0,0
NEW7,,,BE,RC_FIXED_OLD16,evaluation,source_style_confirmation,,,,,14,,,,,,,,,,,,,,,,,,,,,,,,,,,,,,,,,,,,,,,,,,,,,,,,,,,,,,,,,,,,,,,,,,,,,,,,,,,,,,,,,,,,,,,,,,,,,,,,,,,,,,,,,,,,,,,,,,,,,,,,,,,,,,,,COMMON_SUPPORTED,REJECTION_ACCOUNTING,,,,,,,,,,,,,14,0,0,0,0,0
NEW7,,,C_FACT,RC_FIXED_OLD16,evaluation,cross_family_confirmation,,,,,14,,,,,,,,,,,,,,,,,,,,,,,,,,,,,,,,,,,,,,,,,,,,,,,,,,,,,,,,,,,,,,,,,,,,,,,,,,,,,,,,,,,,,,,,,,,,,,,,,,,,,,,,,,,,,,,,,,,,,,,,,,,,,,,,COMMON_SUPPORTED,REJECTION_ACCOUNTING,,,,,,,,,,,,,14,0,0,0,0,0
NEW7,,,C_NO_H,RC_FIXED_OLD16,evaluation,cross_family_confirmation,,,,,14,,,,,,,,,,,,,,,,,,,,,,,,,,,,,,,,,,,,,,,,,,,,,,,,,,,,,,,,,,,,,,,,,,,,,,,,,,,,,,,,,,,,,,,,,,,,,,,,,,,,,,,,,,,,,,,,,,,,,,,,,,,,,,,,COMMON_SUPPORTED,REJECTION_ACCOUNTING,,,,,,,,,,,,,14,0,0,0,0,0
NEW7,,,BE,RC_FIXED_OLD16,evaluation,cross_family_confirmation,,,,,14,,,,,,,,,,,,,,,,,,,,,,,,,,,,,,,,,,,,,,,,,,,,,,,,,,,,,,,,,,,,,,,,,,,,,,,,,,,,,,,,,,,,,,,,,,,,,,,,,,,,,,,,,,,,,,,,,,,,,,,,,,,,,,,,COMMON_SUPPORTED,REJECTION_ACCOUNTING,,,,,,,,,,,,,14,0,0,0,0,0
NEW7,,,C_FACT,RC_FIXED_OLD16,evaluation,H,,,,,9,,,,,,,,,,,,,,,,,,,,,,,,,,,,,,,,,,,,,,,,,,,,,,,,,,,,,,,,,,,,,,,,,,,,,,,,,,,,,,,,,,,,,,,,,,,,,,,,,,,,,,,,,,,,,,,,,,,,,,,,,,,,,,,,COMMON_SUPPORTED,REJECTION_ACCOUNTING,,,,,,,,,,,,,0,9,2,0,0,2
NEW7,,,C_NO_H,RC_FIXED_OLD16,evaluation,H,,,,,9,,,,,,,,,,,,,,,,,,,,,,,,,,,,,,,,,,,,,,,,,,,,,,,,,,,,,,,,,,,,,,,,,,,,,,,,,,,,,,,,,,,,,,,,,,,,,,,,,,,,,,,,,,,,,,,,,,,,,,,,,,,,,,,,COMMON_SUPPORTED,REJECTION_ACCOUNTING,,,,,,,,,,,,,0,9,9,5,5,0
NEW7,,,BE,RC_FIXED_OLD16,evaluation,H,,,,,9,,,,,,,,,,,,,,,,,,,,,,,,,,,,,,,,,,,,,,,,,,,,,,,,,,,,,,,,,,,,,,,,,,,,,,,,,,,,,,,,,,,,,,,,,,,,,,,,,,,,,,,,,,,,,,,,,,,,,,,,,,,,,,,,COMMON_SUPPORTED,REJECTION_ACCOUNTING,,,,,,,,,,,,,0,9,9,5,5,0
NEW7,,,C_FACT,RC_FIXED_OLD16,evaluation,U,,,,,28,,,,,,,,,,,,,,,,,,,,,,,,,,,,,,,,,,,,,,,,,,,,,,,,,,,,,,,,,,,,,,,,,,,,,,,,,,,,,,,,,,,,,,,,,,,,,,,,,,,,,,,,,,,,,,,,,,,,,,,,,,,,,,,,COMMON_SUPPORTED,REJECTION_ACCOUNTING,,,,,,,,,,,,,0,28,6,1,1,1
NEW7,,,C_NO_H,RC_FIXED_OLD16,evaluation,U,,,,,28,,,,,,,,,,,,,,,,,,,,,,,,,,,,,,,,,,,,,,,,,,,,,,,,,,,,,,,,,,,,,,,,,,,,,,,,,,,,,,,,,,,,,,,,,,,,,,,,,,,,,,,,,,,,,,,,,,,,,,,,,,,,,,,,COMMON_SUPPORTED,REJECTION_ACCOUNTING,,,,,,,,,,,,,0,28,15,10,10,1
NEW7,,,BE,RC_FIXED_OLD16,evaluation,U,,,,,28,,,,,,,,,,,,,,,,,,,,,,,,,,,,,,,,,,,,,,,,,,,,,,,,,,,,,,,,,,,,,,,,,,,,,,,,,,,,,,,,,,,,,,,,,,,,,,,,,,,,,,,,,,,,,,,,,,,,,,,,,,,,,,,,COMMON_SUPPORTED,REJECTION_ACCOUNTING,,,,,,,,,,,,,0,28,27,21,21,0
NEW7,,,C_FACT,RC_FIXED_OLD16,challenge,challenge,,,,,12,,,,,,,,,,,,,,,,,,,,,,,,,,,,,,,,,,,,,,,,,,,,,,,,,,,,,,,,,,,,,,,,,,,,,,,,,,,,,,,,,,,,,,,,,,,,,,,,,,,,,,,,,,,,,,,,,,,,,,,,,,,,,,,,COMMON_SUPPORTED,REJECTION_ACCOUNTING,,,,,,,,,,,,,0,12,3,0,0,5
NEW7,,,C_NO_H,RC_FIXED_OLD16,challenge,challenge,,,,,12,,,,,,,,,,,,,,,,,,,,,,,,,,,,,,,,,,,,,,,,,,,,,,,,,,,,,,,,,,,,,,,,,,,,,,,,,,,,,,,,,,,,,,,,,,,,,,,,,,,,,,,,,,,,,,,,,,,,,,,,,,,,,,,,COMMON_SUPPORTED,REJECTION_ACCOUNTING,,,,,,,,,,,,,0,12,0,0,0,8
NEW7,,,BE,RC_FIXED_OLD16,challenge,challenge,,,,,12,,,,,,,,,,,,,,,,,,,,,,,,,,,,,,,,,,,,,,,,,,,,,,,,,,,,,,,,,,,,,,,,,,,,,,,,,,,,,,,,,,,,,,,,,,,,,,,,,,,,,,,,,,,,,,,,,,,,,,,,,,,,,,,,COMMON_SUPPORTED,REJECTION_ACCOUNTING,,,,,,,,,,,,,0,12,0,0,0,8
NEW7,,,C_EXTRA_QA,RC_FIXED_OLD16,native,T0,,,,,7,,,,,,,,,,,,,,,,,,,,,,,,,,,,,,,,,,,,,,,,,,,,,,,,,,,,,,,,,,,,,,,,,,,,,,,,,,,,,,,,,,,,,,,,,,,,,,,,,,,,,,,,,,,,,,,,,,,,,,,,,,,,,,,,COMMON_SUPPORTED,REJECTION_ACCOUNTING,,,,,,,,,,,,,7,0,0,0,0,0
NEW7,,,C_EXTRA_QA,RC_FIXED_OLD16,fit,positive,,,,,28,,,,,,,,,,,,,,,,,,,,,,,,,,,,,,,,,,,,,,,,,,,,,,,,,,,,,,,,,,,,,,,,,,,,,,,,,,,,,,,,,,,,,,,,,,,,,,,,,,,,,,,,,,,,,,,,,,,,,,,,,,,,,,,,COMMON_SUPPORTED,REJECTION_ACCOUNTING,,,,,,,,,,,,,28,0,0,0,0,0
NEW7,,,C_EXTRA_QA,RC_FIXED_OLD16,fit,H,,,,,7,,,,,,,,,,,,,,,,,,,,,,,,,,,,,,,,,,,,,,,,,,,,,,,,,,,,,,,,,,,,,,,,,,,,,,,,,,,,,,,,,,,,,,,,,,,,,,,,,,,,,,,,,,,,,,,,,,,,,,,,,,,,,,,,COMMON_SUPPORTED,REJECTION_ACCOUNTING,,,,,,,,,,,,,0,7,7,7,7,0
NEW7,,,C_EXTRA_QA,RC_FIXED_OLD16,fit,U,,,,,7,,,,,,,,,,,,,,,,,,,,,,,,,,,,,,,,,,,,,,,,,,,,,,,,,,,,,,,,,,,,,,,,,,,,,,,,,,,,,,,,,,,,,,,,,,,,,,,,,,,,,,,,,,,,,,,,,,,,,,,,,,,,,,,,COMMON_SUPPORTED,REJECTION_ACCOUNTING,,,,,,,,,,,,,0,7,0,0,0,0
NEW7,,,C_EXTRA_QA,RC_FIXED_OLD16,evaluation,source_style_confirmation,,,,,14,,,,,,,,,,,,,,,,,,,,,,,,,,,,,,,,,,,,,,,,,,,,,,,,,,,,,,,,,,,,,,,,,,,,,,,,,,,,,,,,,,,,,,,,,,,,,,,,,,,,,,,,,,,,,,,,,,,,,,,,,,,,,,,,COMMON_SUPPORTED,REJECTION_ACCOUNTING,,,,,,,,,,,,,14,0,0,0,0,0
NEW7,,,C_EXTRA_QA,RC_FIXED_OLD16,evaluation,cross_family_confirmation,,,,,14,,,,,,,,,,,,,,,,,,,,,,,,,,,,,,,,,,,,,,,,,,,,,,,,,,,,,,,,,,,,,,,,,,,,,,,,,,,,,,,,,,,,,,,,,,,,,,,,,,,,,,,,,,,,,,,,,,,,,,,,,,,,,,,,COMMON_SUPPORTED,REJECTION_ACCOUNTING,,,,,,,,,,,,,14,0,0,0,0,0
NEW7,,,C_EXTRA_QA,RC_FIXED_OLD16,evaluation,H,,,,,9,,,,,,,,,,,,,,,,,,,,,,,,,,,,,,,,,,,,,,,,,,,,,,,,,,,,,,,,,,,,,,,,,,,,,,,,,,,,,,,,,,,,,,,,,,,,,,,,,,,,,,,,,,,,,,,,,,,,,,,,,,,,,,,,COMMON_SUPPORTED,REJECTION_ACCOUNTING,,,,,,,,,,,,,0,9,9,5,5,0
NEW7,,,C_EXTRA_QA,RC_FIXED_OLD16,evaluation,U,,,,,28,,,,,,,,,,,,,,,,,,,,,,,,,,,,,,,,,,,,,,,,,,,,,,,,,,,,,,,,,,,,,,,,,,,,,,,,,,,,,,,,,,,,,,,,,,,,,,,,,,,,,,,,,,,,,,,,,,,,,,,,,,,,,,,,COMMON_SUPPORTED,REJECTION_ACCOUNTING,,,,,,,,,,,,,0,28,11,5,5,0
NEW7,,,C_EXTRA_QA,RC_FIXED_OLD16,challenge,challenge,,,,,12,,,,,,,,,,,,,,,,,,,,,,,,,,,,,,,,,,,,,,,,,,,,,,,,,,,,,,,,,,,,,,,,,,,,,,,,,,,,,,,,,,,,,,,,,,,,,,,,,,,,,,,,,,,,,,,,,,,,,,,,,,,,,,,,COMMON_SUPPORTED,REJECTION_ACCOUNTING,,,,,,,,,,,,,0,12,0,0,0,8
NEW7,,,C_FACT,BE_ROUTE_R0,native,T0,,,,,7,,,,,,,,,,,,,,,,,,,,,,,,,,,,,,,,,,,,,,,,,,,,,,,,,,,,,,,,,,,,,,,,,,,,,,,,,,,,,,,,,,,,,,,,,,,,,,,,,,,,,,,,,,,,,,,,,,,,,,,,,,,,,,,,SAME_H_IMAGE,REJECTION_ACCOUNTING,,,,,,,,,,,,,7,0,0,0,0,0
NEW7,,,C_NO_H,BE_ROUTE_R0,native,T0,,,,,7,,,,,,,,,,,,,,,,,,,,,,,,,,,,,,,,,,,,,,,,,,,,,,,,,,,,,,,,,,,,,,,,,,,,,,,,,,,,,,,,,,,,,,,,,,,,,,,,,,,,,,,,,,,,,,,,,,,,,,,,,,,,,,,,SAME_H_IMAGE,REJECTION_ACCOUNTING,,,,,,,,,,,,,7,0,0,0,0,0
NEW7,,,BE,BE_ROUTE_R0,native,T0,,,,,7,,,,,,,,,,,,,,,,,,,,,,,,,,,,,,,,,,,,,,,,,,,,,,,,,,,,,,,,,,,,,,,,,,,,,,,,,,,,,,,,,,,,,,,,,,,,,,,,,,,,,,,,,,,,,,,,,,,,,,,,,,,,,,,,SAME_H_IMAGE,REJECTION_ACCOUNTING,,,,,,,,,,,,,7,0,0,0,0,0
NEW7,,,C_FACT,BE_ROUTE_R0,fit,positive,,,,,28,,,,,,,,,,,,,,,,,,,,,,,,,,,,,,,,,,,,,,,,,,,,,,,,,,,,,,,,,,,,,,,,,,,,,,,,,,,,,,,,,,,,,,,,,,,,,,,,,,,,,,,,,,,,,,,,,,,,,,,,,,,,,,,,SAME_H_IMAGE,REJECTION_ACCOUNTING,,,,,,,,,,,,,28,0,0,0,0,0
NEW7,,,C_NO_H,BE_ROUTE_R0,fit,positive,,,,,28,,,,,,,,,,,,,,,,,,,,,,,,,,,,,,,,,,,,,,,,,,,,,,,,,,,,,,,,,,,,,,,,,,,,,,,,,,,,,,,,,,,,,,,,,,,,,,,,,,,,,,,,,,,,,,,,,,,,,,,,,,,,,,,,SAME_H_IMAGE,REJECTION_ACCOUNTING,,,,,,,,,,,,,28,0,0,0,0,0
NEW7,,,BE,BE_ROUTE_R0,fit,positive,,,,,28,,,,,,,,,,,,,,,,,,,,,,,,,,,,,,,,,,,,,,,,,,,,,,,,,,,,,,,,,,,,,,,,,,,,,,,,,,,,,,,,,,,,,,,,,,,,,,,,,,,,,,,,,,,,,,,,,,,,,,,,,,,,,,,,SAME_H_IMAGE,REJECTION_ACCOUNTING,,,,,,,,,,,,,28,0,0,0,0,0
NEW7,,,C_FACT,BE_ROUTE_R0,fit,H,,,,,7,,,,,,,,,,,,,,,,,,,,,,,,,,,,,,,,,,,,,,,,,,,,,,,,,,,,,,,,,,,,,,,,,,,,,,,,,,,,,,,,,,,,,,,,,,,,,,,,,,,,,,,,,,,,,,,,,,,,,,,,,,,,,,,,SAME_H_IMAGE,REJECTION_ACCOUNTING,,,,,,,,,,,,,6,1,0,0,0,0
NEW7,,,C_NO_H,BE_ROUTE_R0,fit,H,,,,,7,,,,,,,,,,,,,,,,,,,,,,,,,,,,,,,,,,,,,,,,,,,,,,,,,,,,,,,,,,,,,,,,,,,,,,,,,,,,,,,,,,,,,,,,,,,,,,,,,,,,,,,,,,,,,,,,,,,,,,,,,,,,,,,,SAME_H_IMAGE,REJECTION_ACCOUNTING,,,,,,,,,,,,,6,1,1,1,1,0
NEW7,,,BE,BE_ROUTE_R0,fit,H,,,,,7,,,,,,,,,,,,,,,,,,,,,,,,,,,,,,,,,,,,,,,,,,,,,,,,,,,,,,,,,,,,,,,,,,,,,,,,,,,,,,,,,,,,,,,,,,,,,,,,,,,,,,,,,,,,,,,,,,,,,,,,,,,,,,,,SAME_H_IMAGE,REJECTION_ACCOUNTING,,,,,,,,,,,,,6,1,1,1,1,0
NEW7,,,C_FACT,BE_ROUTE_R0,fit,U,,,,,7,,,,,,,,,,,,,,,,,,,,,,,,,,,,,,,,,,,,,,,,,,,,,,,,,,,,,,,,,,,,,,,,,,,,,,,,,,,,,,,,,,,,,,,,,,,,,,,,,,,,,,,,,,,,,,,,,,,,,,,,,,,,,,,,SAME_H_IMAGE,REJECTION_ACCOUNTING,,,,,,,,,,,,,5,2,0,0,0,0
NEW7,,,C_NO_H,BE_ROUTE_R0,fit,U,,,,,7,,,,,,,,,,,,,,,,,,,,,,,,,,,,,,,,,,,,,,,,,,,,,,,,,,,,,,,,,,,,,,,,,,,,,,,,,,,,,,,,,,,,,,,,,,,,,,,,,,,,,,,,,,,,,,,,,,,,,,,,,,,,,,,,SAME_H_IMAGE,REJECTION_ACCOUNTING,,,,,,,,,,,,,5,2,0,0,0,0
NEW7,,,BE,BE_ROUTE_R0,fit,U,,,,,7,,,,,,,,,,,,,,,,,,,,,,,,,,,,,,,,,,,,,,,,,,,,,,,,,,,,,,,,,,,,,,,,,,,,,,,,,,,,,,,,,,,,,,,,,,,,,,,,,,,,,,,,,,,,,,,,,,,,,,,,,,,,,,,,SAME_H_IMAGE,REJECTION_ACCOUNTING,,,,,,,,,,,,,5,2,2,2,2,0
NEW7,,,C_FACT,BE_ROUTE_R0,evaluation,source_style_confirmation,,,,,14,,,,,,,,,,,,,,,,,,,,,,,,,,,,,,,,,,,,,,,,,,,,,,,,,,,,,,,,,,,,,,,,,,,,,,,,,,,,,,,,,,,,,,,,,,,,,,,,,,,,,,,,,,,,,,,,,,,,,,,,,,,,,,,,SAME_H_IMAGE,REJECTION_ACCOUNTING,,,,,,,,,,,,,14,0,0,0,0,0
NEW7,,,C_NO_H,BE_ROUTE_R0,evaluation,source_style_confirmation,,,,,14,,,,,,,,,,,,,,,,,,,,,,,,,,,,,,,,,,,,,,,,,,,,,,,,,,,,,,,,,,,,,,,,,,,,,,,,,,,,,,,,,,,,,,,,,,,,,,,,,,,,,,,,,,,,,,,,,,,,,,,,,,,,,,,,SAME_H_IMAGE,REJECTION_ACCOUNTING,,,,,,,,,,,,,14,0,0,0,0,0
NEW7,,,BE,BE_ROUTE_R0,evaluation,source_style_confirmation,,,,,14,,,,,,,,,,,,,,,,,,,,,,,,,,,,,,,,,,,,,,,,,,,,,,,,,,,,,,,,,,,,,,,,,,,,,,,,,,,,,,,,,,,,,,,,,,,,,,,,,,,,,,,,,,,,,,,,,,,,,,,,,,,,,,,,SAME_H_IMAGE,REJECTION_ACCOUNTING,,,,,,,,,,,,,14,0,0,0,0,0
NEW7,,,C_FACT,BE_ROUTE_R0,evaluation,cross_family_confirmation,,,,,14,,,,,,,,,,,,,,,,,,,,,,,,,,,,,,,,,,,,,,,,,,,,,,,,,,,,,,,,,,,,,,,,,,,,,,,,,,,,,,,,,,,,,,,,,,,,,,,,,,,,,,,,,,,,,,,,,,,,,,,,,,,,,,,,SAME_H_IMAGE,REJECTION_ACCOUNTING,,,,,,,,,,,,,14,0,0,0,0,0
NEW7,,,C_NO_H,BE_ROUTE_R0,evaluation,cross_family_confirmation,,,,,14,,,,,,,,,,,,,,,,,,,,,,,,,,,,,,,,,,,,,,,,,,,,,,,,,,,,,,,,,,,,,,,,,,,,,,,,,,,,,,,,,,,,,,,,,,,,,,,,,,,,,,,,,,,,,,,,,,,,,,,,,,,,,,,,SAME_H_IMAGE,REJECTION_ACCOUNTING,,,,,,,,,,,,,14,0,0,0,0,0
NEW7,,,BE,BE_ROUTE_R0,evaluation,cross_family_confirmation,,,,,14,,,,,,,,,,,,,,,,,,,,,,,,,,,,,,,,,,,,,,,,,,,,,,,,,,,,,,,,,,,,,,,,,,,,,,,,,,,,,,,,,,,,,,,,,,,,,,,,,,,,,,,,,,,,,,,,,,,,,,,,,,,,,,,,SAME_H_IMAGE,REJECTION_ACCOUNTING,,,,,,,,,,,,,14,0,0,0,0,0
NEW7,,,C_FACT,BE_ROUTE_R0,evaluation,H,,,,,9,,,,,,,,,,,,,,,,,,,,,,,,,,,,,,,,,,,,,,,,,,,,,,,,,,,,,,,,,,,,,,,,,,,,,,,,,,,,,,,,,,,,,,,,,,,,,,,,,,,,,,,,,,,,,,,,,,,,,,,,,,,,,,,,SAME_H_IMAGE,REJECTION_ACCOUNTING,,,,,,,,,,,,,7,2,0,0,0,1
NEW7,,,C_NO_H,BE_ROUTE_R0,evaluation,H,,,,,9,,,,,,,,,,,,,,,,,,,,,,,,,,,,,,,,,,,,,,,,,,,,,,,,,,,,,,,,,,,,,,,,,,,,,,,,,,,,,,,,,,,,,,,,,,,,,,,,,,,,,,,,,,,,,,,,,,,,,,,,,,,,,,,,SAME_H_IMAGE,REJECTION_ACCOUNTING,,,,,,,,,,,,,7,2,2,1,1,0
NEW7,,,BE,BE_ROUTE_R0,evaluation,H,,,,,9,,,,,,,,,,,,,,,,,,,,,,,,,,,,,,,,,,,,,,,,,,,,,,,,,,,,,,,,,,,,,,,,,,,,,,,,,,,,,,,,,,,,,,,,,,,,,,,,,,,,,,,,,,,,,,,,,,,,,,,,,,,,,,,,SAME_H_IMAGE,REJECTION_ACCOUNTING,,,,,,,,,,,,,7,2,2,1,1,0
NEW7,,,C_FACT,BE_ROUTE_R0,evaluation,U,,,,,28,,,,,,,,,,,,,,,,,,,,,,,,,,,,,,,,,,,,,,,,,,,,,,,,,,,,,,,,,,,,,,,,,,,,,,,,,,,,,,,,,,,,,,,,,,,,,,,,,,,,,,,,,,,,,,,,,,,,,,,,,,,,,,,,SAME_H_IMAGE,REJECTION_ACCOUNTING,,,,,,,,,,,,,20,8,3,1,1,0
NEW7,,,C_NO_H,BE_ROUTE_R0,evaluation,U,,,,,28,,,,,,,,,,,,,,,,,,,,,,,,,,,,,,,,,,,,,,,,,,,,,,,,,,,,,,,,,,,,,,,,,,,,,,,,,,,,,,,,,,,,,,,,,,,,,,,,,,,,,,,,,,,,,,,,,,,,,,,,,,,,,,,,SAME_H_IMAGE,REJECTION_ACCOUNTING,,,,,,,,,,,,,20,8,2,1,1,1
NEW7,,,BE,BE_ROUTE_R0,evaluation,U,,,,,28,,,,,,,,,,,,,,,,,,,,,,,,,,,,,,,,,,,,,,,,,,,,,,,,,,,,,,,,,,,,,,,,,,,,,,,,,,,,,,,,,,,,,,,,,,,,,,,,,,,,,,,,,,,,,,,,,,,,,,,,,,,,,,,,SAME_H_IMAGE,REJECTION_ACCOUNTING,,,,,,,,,,,,,20,8,7,5,5,0
NEW7,,,C_FACT,BE_ROUTE_R0,challenge,challenge,,,,,12,,,,,,,,,,,,,,,,,,,,,,,,,,,,,,,,,,,,,,,,,,,,,,,,,,,,,,,,,,,,,,,,,,,,,,,,,,,,,,,,,,,,,,,,,,,,,,,,,,,,,,,,,,,,,,,,,,,,,,,,,,,,,,,,SAME_H_IMAGE,REJECTION_ACCOUNTING,,,,,,,,,,,,,12,0,0,0,0,0
NEW7,,,C_NO_H,BE_ROUTE_R0,challenge,challenge,,,,,12,,,,,,,,,,,,,,,,,,,,,,,,,,,,,,,,,,,,,,,,,,,,,,,,,,,,,,,,,,,,,,,,,,,,,,,,,,,,,,,,,,,,,,,,,,,,,,,,,,,,,,,,,,,,,,,,,,,,,,,,,,,,,,,,SAME_H_IMAGE,REJECTION_ACCOUNTING,,,,,,,,,,,,,12,0,0,0,0,0
NEW7,,,BE,BE_ROUTE_R0,challenge,challenge,,,,,12,,,,,,,,,,,,,,,,,,,,,,,,,,,,,,,,,,,,,,,,,,,,,,,,,,,,,,,,,,,,,,,,,,,,,,,,,,,,,,,,,,,,,,,,,,,,,,,,,,,,,,,,,,,,,,,,,,,,,,,,,,,,,,,,SAME_H_IMAGE,REJECTION_ACCOUNTING,,,,,,,,,,,,,12,0,0,0,0,0
NEW7,,,C_EXTRA_QA,BE_ROUTE_R0,native,T0,,,,,7,,,,,,,,,,,,,,,,,,,,,,,,,,,,,,,,,,,,,,,,,,,,,,,,,,,,,,,,,,,,,,,,,,,,,,,,,,,,,,,,,,,,,,,,,,,,,,,,,,,,,,,,,,,,,,,,,,,,,,,,,,,,,,,,SAME_H_IMAGE,REJECTION_ACCOUNTING,,,,,,,,,,,,,7,0,0,0,0,0
NEW7,,,C_EXTRA_QA,BE_ROUTE_R0,fit,positive,,,,,28,,,,,,,,,,,,,,,,,,,,,,,,,,,,,,,,,,,,,,,,,,,,,,,,,,,,,,,,,,,,,,,,,,,,,,,,,,,,,,,,,,,,,,,,,,,,,,,,,,,,,,,,,,,,,,,,,,,,,,,,,,,,,,,,SAME_H_IMAGE,REJECTION_ACCOUNTING,,,,,,,,,,,,,28,0,0,0,0,0
NEW7,,,C_EXTRA_QA,BE_ROUTE_R0,fit,H,,,,,7,,,,,,,,,,,,,,,,,,,,,,,,,,,,,,,,,,,,,,,,,,,,,,,,,,,,,,,,,,,,,,,,,,,,,,,,,,,,,,,,,,,,,,,,,,,,,,,,,,,,,,,,,,,,,,,,,,,,,,,,,,,,,,,,SAME_H_IMAGE,REJECTION_ACCOUNTING,,,,,,,,,,,,,6,1,1,1,1,0
NEW7,,,C_EXTRA_QA,BE_ROUTE_R0,fit,U,,,,,7,,,,,,,,,,,,,,,,,,,,,,,,,,,,,,,,,,,,,,,,,,,,,,,,,,,,,,,,,,,,,,,,,,,,,,,,,,,,,,,,,,,,,,,,,,,,,,,,,,,,,,,,,,,,,,,,,,,,,,,,,,,,,,,,SAME_H_IMAGE,REJECTION_ACCOUNTING,,,,,,,,,,,,,5,2,0,0,0,0
NEW7,,,C_EXTRA_QA,BE_ROUTE_R0,evaluation,source_style_confirmation,,,,,14,,,,,,,,,,,,,,,,,,,,,,,,,,,,,,,,,,,,,,,,,,,,,,,,,,,,,,,,,,,,,,,,,,,,,,,,,,,,,,,,,,,,,,,,,,,,,,,,,,,,,,,,,,,,,,,,,,,,,,,,,,,,,,,,SAME_H_IMAGE,REJECTION_ACCOUNTING,,,,,,,,,,,,,14,0,0,0,0,0
NEW7,,,C_EXTRA_QA,BE_ROUTE_R0,evaluation,cross_family_confirmation,,,,,14,,,,,,,,,,,,,,,,,,,,,,,,,,,,,,,,,,,,,,,,,,,,,,,,,,,,,,,,,,,,,,,,,,,,,,,,,,,,,,,,,,,,,,,,,,,,,,,,,,,,,,,,,,,,,,,,,,,,,,,,,,,,,,,,SAME_H_IMAGE,REJECTION_ACCOUNTING,,,,,,,,,,,,,14,0,0,0,0,0
NEW7,,,C_EXTRA_QA,BE_ROUTE_R0,evaluation,H,,,,,9,,,,,,,,,,,,,,,,,,,,,,,,,,,,,,,,,,,,,,,,,,,,,,,,,,,,,,,,,,,,,,,,,,,,,,,,,,,,,,,,,,,,,,,,,,,,,,,,,,,,,,,,,,,,,,,,,,,,,,,,,,,,,,,,SAME_H_IMAGE,REJECTION_ACCOUNTING,,,,,,,,,,,,,7,2,2,1,1,0
NEW7,,,C_EXTRA_QA,BE_ROUTE_R0,evaluation,U,,,,,28,,,,,,,,,,,,,,,,,,,,,,,,,,,,,,,,,,,,,,,,,,,,,,,,,,,,,,,,,,,,,,,,,,,,,,,,,,,,,,,,,,,,,,,,,,,,,,,,,,,,,,,,,,,,,,,,,,,,,,,,,,,,,,,,SAME_H_IMAGE,REJECTION_ACCOUNTING,,,,,,,,,,,,,20,8,3,1,1,0
NEW7,,,C_EXTRA_QA,BE_ROUTE_R0,challenge,challenge,,,,,12,,,,,,,,,,,,,,,,,,,,,,,,,,,,,,,,,,,,,,,,,,,,,,,,,,,,,,,,,,,,,,,,,,,,,,,,,,,,,,,,,,,,,,,,,,,,,,,,,,,,,,,,,,,,,,,,,,,,,,,,,,,,,,,,SAME_H_IMAGE,REJECTION_ACCOUNTING,,,,,,,,,,,,,12,0,0,0,0,0
NEW7,,,C_FACT,RC_FIXED_OLD16,native,T0,,,,,7,,,,,,,,,,,,,,,,,,,,,,,,,,,,,,,,,,,,,,,,,,,,,,,,,,,,,,,,,,,,,,,,,,,,,,,,,,,,,,,,,,,,,,,,,,,,,,,,,,,,,,,,,,,,,,,,,,,,,,,,,,,,,,,,SAME_H_IMAGE,REJECTION_ACCOUNTING,,,,,,,,,,,,,7,0,0,0,0,0
NEW7,,,C_NO_H,RC_FIXED_OLD16,native,T0,,,,,7,,,,,,,,,,,,,,,,,,,,,,,,,,,,,,,,,,,,,,,,,,,,,,,,,,,,,,,,,,,,,,,,,,,,,,,,,,,,,,,,,,,,,,,,,,,,,,,,,,,,,,,,,,,,,,,,,,,,,,,,,,,,,,,,SAME_H_IMAGE,REJECTION_ACCOUNTING,,,,,,,,,,,,,7,0,0,0,0,0
NEW7,,,BE,RC_FIXED_OLD16,native,T0,,,,,7,,,,,,,,,,,,,,,,,,,,,,,,,,,,,,,,,,,,,,,,,,,,,,,,,,,,,,,,,,,,,,,,,,,,,,,,,,,,,,,,,,,,,,,,,,,,,,,,,,,,,,,,,,,,,,,,,,,,,,,,,,,,,,,,SAME_H_IMAGE,REJECTION_ACCOUNTING,,,,,,,,,,,,,7,0,0,0,0,0
NEW7,,,C_FACT,RC_FIXED_OLD16,fit,positive,,,,,28,,,,,,,,,,,,,,,,,,,,,,,,,,,,,,,,,,,,,,,,,,,,,,,,,,,,,,,,,,,,,,,,,,,,,,,,,,,,,,,,,,,,,,,,,,,,,,,,,,,,,,,,,,,,,,,,,,,,,,,,,,,,,,,,SAME_H_IMAGE,REJECTION_ACCOUNTING,,,,,,,,,,,,,28,0,0,0,0,0
NEW7,,,C_NO_H,RC_FIXED_OLD16,fit,positive,,,,,28,,,,,,,,,,,,,,,,,,,,,,,,,,,,,,,,,,,,,,,,,,,,,,,,,,,,,,,,,,,,,,,,,,,,,,,,,,,,,,,,,,,,,,,,,,,,,,,,,,,,,,,,,,,,,,,,,,,,,,,,,,,,,,,,SAME_H_IMAGE,REJECTION_ACCOUNTING,,,,,,,,,,,,,28,0,0,0,0,0
NEW7,,,BE,RC_FIXED_OLD16,fit,positive,,,,,28,,,,,,,,,,,,,,,,,,,,,,,,,,,,,,,,,,,,,,,,,,,,,,,,,,,,,,,,,,,,,,,,,,,,,,,,,,,,,,,,,,,,,,,,,,,,,,,,,,,,,,,,,,,,,,,,,,,,,,,,,,,,,,,,SAME_H_IMAGE,REJECTION_ACCOUNTING,,,,,,,,,,,,,28,0,0,0,0,0
NEW7,,,C_FACT,RC_FIXED_OLD16,fit,H,,,,,7,,,,,,,,,,,,,,,,,,,,,,,,,,,,,,,,,,,,,,,,,,,,,,,,,,,,,,,,,,,,,,,,,,,,,,,,,,,,,,,,,,,,,,,,,,,,,,,,,,,,,,,,,,,,,,,,,,,,,,,,,,,,,,,,SAME_H_IMAGE,REJECTION_ACCOUNTING,,,,,,,,,,,,,0,7,0,0,0,0
NEW7,,,C_NO_H,RC_FIXED_OLD16,fit,H,,,,,7,,,,,,,,,,,,,,,,,,,,,,,,,,,,,,,,,,,,,,,,,,,,,,,,,,,,,,,,,,,,,,,,,,,,,,,,,,,,,,,,,,,,,,,,,,,,,,,,,,,,,,,,,,,,,,,,,,,,,,,,,,,,,,,,SAME_H_IMAGE,REJECTION_ACCOUNTING,,,,,,,,,,,,,0,7,7,7,7,0
NEW7,,,BE,RC_FIXED_OLD16,fit,H,,,,,7,,,,,,,,,,,,,,,,,,,,,,,,,,,,,,,,,,,,,,,,,,,,,,,,,,,,,,,,,,,,,,,,,,,,,,,,,,,,,,,,,,,,,,,,,,,,,,,,,,,,,,,,,,,,,,,,,,,,,,,,,,,,,,,,SAME_H_IMAGE,REJECTION_ACCOUNTING,,,,,,,,,,,,,0,7,7,7,7,0
NEW7,,,C_FACT,RC_FIXED_OLD16,fit,U,,,,,7,,,,,,,,,,,,,,,,,,,,,,,,,,,,,,,,,,,,,,,,,,,,,,,,,,,,,,,,,,,,,,,,,,,,,,,,,,,,,,,,,,,,,,,,,,,,,,,,,,,,,,,,,,,,,,,,,,,,,,,,,,,,,,,,SAME_H_IMAGE,REJECTION_ACCOUNTING,,,,,,,,,,,,,0,7,0,0,0,0
NEW7,,,C_NO_H,RC_FIXED_OLD16,fit,U,,,,,7,,,,,,,,,,,,,,,,,,,,,,,,,,,,,,,,,,,,,,,,,,,,,,,,,,,,,,,,,,,,,,,,,,,,,,,,,,,,,,,,,,,,,,,,,,,,,,,,,,,,,,,,,,,,,,,,,,,,,,,,,,,,,,,,SAME_H_IMAGE,REJECTION_ACCOUNTING,,,,,,,,,,,,,0,7,0,0,0,0
NEW7,,,BE,RC_FIXED_OLD16,fit,U,,,,,7,,,,,,,,,,,,,,,,,,,,,,,,,,,,,,,,,,,,,,,,,,,,,,,,,,,,,,,,,,,,,,,,,,,,,,,,,,,,,,,,,,,,,,,,,,,,,,,,,,,,,,,,,,,,,,,,,,,,,,,,,,,,,,,,SAME_H_IMAGE,REJECTION_ACCOUNTING,,,,,,,,,,,,,0,7,7,7,7,0
NEW7,,,C_FACT,RC_FIXED_OLD16,evaluation,source_style_confirmation,,,,,14,,,,,,,,,,,,,,,,,,,,,,,,,,,,,,,,,,,,,,,,,,,,,,,,,,,,,,,,,,,,,,,,,,,,,,,,,,,,,,,,,,,,,,,,,,,,,,,,,,,,,,,,,,,,,,,,,,,,,,,,,,,,,,,,SAME_H_IMAGE,REJECTION_ACCOUNTING,,,,,,,,,,,,,14,0,0,0,0,0
NEW7,,,C_NO_H,RC_FIXED_OLD16,evaluation,source_style_confirmation,,,,,14,,,,,,,,,,,,,,,,,,,,,,,,,,,,,,,,,,,,,,,,,,,,,,,,,,,,,,,,,,,,,,,,,,,,,,,,,,,,,,,,,,,,,,,,,,,,,,,,,,,,,,,,,,,,,,,,,,,,,,,,,,,,,,,,SAME_H_IMAGE,REJECTION_ACCOUNTING,,,,,,,,,,,,,14,0,0,0,0,0
NEW7,,,BE,RC_FIXED_OLD16,evaluation,source_style_confirmation,,,,,14,,,,,,,,,,,,,,,,,,,,,,,,,,,,,,,,,,,,,,,,,,,,,,,,,,,,,,,,,,,,,,,,,,,,,,,,,,,,,,,,,,,,,,,,,,,,,,,,,,,,,,,,,,,,,,,,,,,,,,,,,,,,,,,,SAME_H_IMAGE,REJECTION_ACCOUNTING,,,,,,,,,,,,,14,0,0,0,0,0
NEW7,,,C_FACT,RC_FIXED_OLD16,evaluation,cross_family_confirmation,,,,,14,,,,,,,,,,,,,,,,,,,,,,,,,,,,,,,,,,,,,,,,,,,,,,,,,,,,,,,,,,,,,,,,,,,,,,,,,,,,,,,,,,,,,,,,,,,,,,,,,,,,,,,,,,,,,,,,,,,,,,,,,,,,,,,,SAME_H_IMAGE,REJECTION_ACCOUNTING,,,,,,,,,,,,,14,0,0,0,0,0
NEW7,,,C_NO_H,RC_FIXED_OLD16,evaluation,cross_family_confirmation,,,,,14,,,,,,,,,,,,,,,,,,,,,,,,,,,,,,,,,,,,,,,,,,,,,,,,,,,,,,,,,,,,,,,,,,,,,,,,,,,,,,,,,,,,,,,,,,,,,,,,,,,,,,,,,,,,,,,,,,,,,,,,,,,,,,,,SAME_H_IMAGE,REJECTION_ACCOUNTING,,,,,,,,,,,,,14,0,0,0,0,0
NEW7,,,BE,RC_FIXED_OLD16,evaluation,cross_family_confirmation,,,,,14,,,,,,,,,,,,,,,,,,,,,,,,,,,,,,,,,,,,,,,,,,,,,,,,,,,,,,,,,,,,,,,,,,,,,,,,,,,,,,,,,,,,,,,,,,,,,,,,,,,,,,,,,,,,,,,,,,,,,,,,,,,,,,,,SAME_H_IMAGE,REJECTION_ACCOUNTING,,,,,,,,,,,,,14,0,0,0,0,0
NEW7,,,C_FACT,RC_FIXED_OLD16,evaluation,H,,,,,9,,,,,,,,,,,,,,,,,,,,,,,,,,,,,,,,,,,,,,,,,,,,,,,,,,,,,,,,,,,,,,,,,,,,,,,,,,,,,,,,,,,,,,,,,,,,,,,,,,,,,,,,,,,,,,,,,,,,,,,,,,,,,,,,SAME_H_IMAGE,REJECTION_ACCOUNTING,,,,,,,,,,,,,0,9,2,0,0,2
NEW7,,,C_NO_H,RC_FIXED_OLD16,evaluation,H,,,,,9,,,,,,,,,,,,,,,,,,,,,,,,,,,,,,,,,,,,,,,,,,,,,,,,,,,,,,,,,,,,,,,,,,,,,,,,,,,,,,,,,,,,,,,,,,,,,,,,,,,,,,,,,,,,,,,,,,,,,,,,,,,,,,,,SAME_H_IMAGE,REJECTION_ACCOUNTING,,,,,,,,,,,,,0,9,9,5,5,0
NEW7,,,BE,RC_FIXED_OLD16,evaluation,H,,,,,9,,,,,,,,,,,,,,,,,,,,,,,,,,,,,,,,,,,,,,,,,,,,,,,,,,,,,,,,,,,,,,,,,,,,,,,,,,,,,,,,,,,,,,,,,,,,,,,,,,,,,,,,,,,,,,,,,,,,,,,,,,,,,,,,SAME_H_IMAGE,REJECTION_ACCOUNTING,,,,,,,,,,,,,0,9,9,5,5,0
NEW7,,,C_FACT,RC_FIXED_OLD16,evaluation,U,,,,,28,,,,,,,,,,,,,,,,,,,,,,,,,,,,,,,,,,,,,,,,,,,,,,,,,,,,,,,,,,,,,,,,,,,,,,,,,,,,,,,,,,,,,,,,,,,,,,,,,,,,,,,,,,,,,,,,,,,,,,,,,,,,,,,,SAME_H_IMAGE,REJECTION_ACCOUNTING,,,,,,,,,,,,,0,28,6,1,1,1
NEW7,,,C_NO_H,RC_FIXED_OLD16,evaluation,U,,,,,28,,,,,,,,,,,,,,,,,,,,,,,,,,,,,,,,,,,,,,,,,,,,,,,,,,,,,,,,,,,,,,,,,,,,,,,,,,,,,,,,,,,,,,,,,,,,,,,,,,,,,,,,,,,,,,,,,,,,,,,,,,,,,,,,SAME_H_IMAGE,REJECTION_ACCOUNTING,,,,,,,,,,,,,0,28,15,10,10,1
NEW7,,,BE,RC_FIXED_OLD16,evaluation,U,,,,,28,,,,,,,,,,,,,,,,,,,,,,,,,,,,,,,,,,,,,,,,,,,,,,,,,,,,,,,,,,,,,,,,,,,,,,,,,,,,,,,,,,,,,,,,,,,,,,,,,,,,,,,,,,,,,,,,,,,,,,,,,,,,,,,,SAME_H_IMAGE,REJECTION_ACCOUNTING,,,,,,,,,,,,,0,28,27,21,21,0
NEW7,,,C_FACT,RC_FIXED_OLD16,challenge,challenge,,,,,12,,,,,,,,,,,,,,,,,,,,,,,,,,,,,,,,,,,,,,,,,,,,,,,,,,,,,,,,,,,,,,,,,,,,,,,,,,,,,,,,,,,,,,,,,,,,,,,,,,,,,,,,,,,,,,,,,,,,,,,,,,,,,,,,SAME_H_IMAGE,REJECTION_ACCOUNTING,,,,,,,,,,,,,0,12,3,0,0,5
NEW7,,,C_NO_H,RC_FIXED_OLD16,challenge,challenge,,,,,12,,,,,,,,,,,,,,,,,,,,,,,,,,,,,,,,,,,,,,,,,,,,,,,,,,,,,,,,,,,,,,,,,,,,,,,,,,,,,,,,,,,,,,,,,,,,,,,,,,,,,,,,,,,,,,,,,,,,,,,,,,,,,,,,SAME_H_IMAGE,REJECTION_ACCOUNTING,,,,,,,,,,,,,0,12,0,0,0,8
NEW7,,,BE,RC_FIXED_OLD16,challenge,challenge,,,,,12,,,,,,,,,,,,,,,,,,,,,,,,,,,,,,,,,,,,,,,,,,,,,,,,,,,,,,,,,,,,,,,,,,,,,,,,,,,,,,,,,,,,,,,,,,,,,,,,,,,,,,,,,,,,,,,,,,,,,,,,,,,,,,,,SAME_H_IMAGE,REJECTION_ACCOUNTING,,,,,,,,,,,,,0,12,0,0,0,8
NEW7,,,C_EXTRA_QA,RC_FIXED_OLD16,native,T0,,,,,7,,,,,,,,,,,,,,,,,,,,,,,,,,,,,,,,,,,,,,,,,,,,,,,,,,,,,,,,,,,,,,,,,,,,,,,,,,,,,,,,,,,,,,,,,,,,,,,,,,,,,,,,,,,,,,,,,,,,,,,,,,,,,,,,SAME_H_IMAGE,REJECTION_ACCOUNTING,,,,,,,,,,,,,7,0,0,0,0,0
NEW7,,,C_EXTRA_QA,RC_FIXED_OLD16,fit,positive,,,,,28,,,,,,,,,,,,,,,,,,,,,,,,,,,,,,,,,,,,,,,,,,,,,,,,,,,,,,,,,,,,,,,,,,,,,,,,,,,,,,,,,,,,,,,,,,,,,,,,,,,,,,,,,,,,,,,,,,,,,,,,,,,,,,,,SAME_H_IMAGE,REJECTION_ACCOUNTING,,,,,,,,,,,,,28,0,0,0,0,0
NEW7,,,C_EXTRA_QA,RC_FIXED_OLD16,fit,H,,,,,7,,,,,,,,,,,,,,,,,,,,,,,,,,,,,,,,,,,,,,,,,,,,,,,,,,,,,,,,,,,,,,,,,,,,,,,,,,,,,,,,,,,,,,,,,,,,,,,,,,,,,,,,,,,,,,,,,,,,,,,,,,,,,,,,SAME_H_IMAGE,REJECTION_ACCOUNTING,,,,,,,,,,,,,0,7,7,7,7,0
NEW7,,,C_EXTRA_QA,RC_FIXED_OLD16,fit,U,,,,,7,,,,,,,,,,,,,,,,,,,,,,,,,,,,,,,,,,,,,,,,,,,,,,,,,,,,,,,,,,,,,,,,,,,,,,,,,,,,,,,,,,,,,,,,,,,,,,,,,,,,,,,,,,,,,,,,,,,,,,,,,,,,,,,,SAME_H_IMAGE,REJECTION_ACCOUNTING,,,,,,,,,,,,,0,7,0,0,0,0
NEW7,,,C_EXTRA_QA,RC_FIXED_OLD16,evaluation,source_style_confirmation,,,,,14,,,,,,,,,,,,,,,,,,,,,,,,,,,,,,,,,,,,,,,,,,,,,,,,,,,,,,,,,,,,,,,,,,,,,,,,,,,,,,,,,,,,,,,,,,,,,,,,,,,,,,,,,,,,,,,,,,,,,,,,,,,,,,,,SAME_H_IMAGE,REJECTION_ACCOUNTING,,,,,,,,,,,,,14,0,0,0,0,0
NEW7,,,C_EXTRA_QA,RC_FIXED_OLD16,evaluation,cross_family_confirmation,,,,,14,,,,,,,,,,,,,,,,,,,,,,,,,,,,,,,,,,,,,,,,,,,,,,,,,,,,,,,,,,,,,,,,,,,,,,,,,,,,,,,,,,,,,,,,,,,,,,,,,,,,,,,,,,,,,,,,,,,,,,,,,,,,,,,,SAME_H_IMAGE,REJECTION_ACCOUNTING,,,,,,,,,,,,,14,0,0,0,0,0
NEW7,,,C_EXTRA_QA,RC_FIXED_OLD16,evaluation,H,,,,,9,,,,,,,,,,,,,,,,,,,,,,,,,,,,,,,,,,,,,,,,,,,,,,,,,,,,,,,,,,,,,,,,,,,,,,,,,,,,,,,,,,,,,,,,,,,,,,,,,,,,,,,,,,,,,,,,,,,,,,,,,,,,,,,,SAME_H_IMAGE,REJECTION_ACCOUNTING,,,,,,,,,,,,,0,9,9,5,5,0
NEW7,,,C_EXTRA_QA,RC_FIXED_OLD16,evaluation,U,,,,,28,,,,,,,,,,,,,,,,,,,,,,,,,,,,,,,,,,,,,,,,,,,,,,,,,,,,,,,,,,,,,,,,,,,,,,,,,,,,,,,,,,,,,,,,,,,,,,,,,,,,,,,,,,,,,,,,,,,,,,,,,,,,,,,,SAME_H_IMAGE,REJECTION_ACCOUNTING,,,,,,,,,,,,,0,28,11,5,5,0
NEW7,,,C_EXTRA_QA,RC_FIXED_OLD16,challenge,challenge,,,,,12,,,,,,,,,,,,,,,,,,,,,,,,,,,,,,,,,,,,,,,,,,,,,,,,,,,,,,,,,,,,,,,,,,,,,,,,,,,,,,,,,,,,,,,,,,,,,,,,,,,,,,,,,,,,,,,,,,,,,,,,,,,,,,,,SAME_H_IMAGE,REJECTION_ACCOUNTING,,,,,,,,,,,,,0,12,0,0,0,8
