edit,parameterization,condition,mode,role,stratum,n,source_groups,semantic_group_mean,semantic_micro,semantic_den,exact_group_mean,exact_micro,exact_den,token_parity_group_mean,token_parity_micro,token_parity_den,kl_group_mean,kl_micro,kl_den,base_correct_group_mean,base_correct_micro,base_correct_den,base_correct_preserved_group_mean,base_correct_preserved_micro,base_correct_preserved_den,base_correct_damage_group_mean,base_correct_damage_micro,base_correct_damage_den,base_wrong_became_correct_group_mean,base_wrong_became_correct_micro,base_wrong_became_correct_den,base_wrong_changed_group_mean,base_wrong_changed_micro,base_wrong_changed_den,target_consistency_group_mean,target_consistency_micro,target_consistency_den,fixed_on_group_mean,fixed_on_micro,fixed_on_den,source_unknown_group_mean,source_unknown_micro,source_unknown_den
1,L16,W0_TASK_ONLY,DISABLED,calibration,H,16,4,0.0,0.0,16,0.0,0.0,16,1.0,1.0,16,0.0,0.0,16,0.0,0.0,16,,,0,,,0,0.0,0.0,16,0.0,0.0,16,0.0,0.0,16,0.0,0.0,16,0.0,0.0,16
1,L16,W0_TASK_ONLY,DISABLED,calibration,U,16,16,0.8125,0.8125,16,0.0,0.0,16,1.0,1.0,16,0.0,0.0,16,0.8125,0.8125,16,1.0,1.0,13,0.0,0.0,13,0.0,0.0,3,0.0,0.0,3,0.125,0.125,16,0.0,0.0,16,0.0,0.0,16
1,L16,W0_TASK_ONLY,DISABLED,calibration,positive,4,1,0.5,0.5,4,0.0,0.0,4,1.0,1.0,4,,,0,0.5,0.5,4,1.0,1.0,2,0.0,0.0,2,0.0,0.0,2,0.0,0.0,2,0.5,0.5,4,1.0,1.0,4,0.0,0.0,4
1,L16,W0_TASK_ONLY,DISABLED,challenge,same_image_other_fact_challenge,12,1,0.25,0.25,12,0.0,0.0,12,1.0,1.0,12,0.0,0.0,12,0.25,0.25,12,1.0,1.0,3,0.0,0.0,3,0.0,0.0,9,0.0,0.0,9,0.25,0.25,12,0.16666666666666666,0.16666666666666666,12,0.0,0.0,12
1,L16,W0_TASK_ONLY,DISABLED,evaluation,H,20,5,0.2,0.2,20,0.0,0.0,20,1.0,1.0,20,0.0,0.0,20,0.2,0.2,20,1.0,1.0,4,0.0,0.0,4,0.0,0.0,16,0.0,0.0,16,0.15,0.15,20,0.05,0.05,20,0.0,0.0,20
1,L16,W0_TASK_ONLY,DISABLED,evaluation,U,15,15,0.8,0.8,15,0.0,0.0,15,1.0,1.0,15,0.0,0.0,15,0.8,0.8,15,1.0,1.0,12,0.0,0.0,12,0.0,0.0,3,0.0,0.0,3,0.2,0.2,15,0.0,0.0,15,0.0,0.0,15
1,L16,W0_TASK_ONLY,DISABLED,evaluation,positive,4,1,0.0,0.0,4,0.0,0.0,4,1.0,1.0,4,,,0,0.0,0.0,4,,,0,,,0,0.0,0.0,4,0.0,0.0,4,0.0,0.0,4,0.75,0.75,4,0.0,0.0,4
1,L16,W0_TASK_ONLY,DISABLED,fit,H,20,4,0.35,0.35,20,0.0,0.0,20,1.0,1.0,20,0.0,0.0,20,0.35,0.35,20,1.0,1.0,7,0.0,0.0,7,0.0,0.0,13,0.0,0.0,13,0.0,0.0,20,0.0,0.0,20,0.0,0.0,20
1,L16,W0_TASK_ONLY,DISABLED,fit,U,16,16,0.875,0.875,16,0.0,0.0,16,1.0,1.0,16,0.0,0.0,16,0.875,0.875,16,1.0,1.0,14,0.0,0.0,14,0.0,0.0,2,0.0,0.0,2,0.1875,0.1875,16,0.0,0.0,16,0.0,0.0,16
1,L16,W0_TASK_ONLY,DISABLED,fit,positive,5,2,0.0,0.0,5,0.0,0.0,5,1.0,1.0,5,,,0,0.0,0.0,5,,,0,,,0,0.0,0.0,5,0.0,0.0,5,0.0,0.0,5,1.0,1.0,5,0.0,0.0,5
1,L16,W0_TASK_ONLY,DISABLED,fit,scope_fit_positive_not_used_for_positive_CE,4,1,0.0,0.0,4,0.0,0.0,4,1.0,1.0,4,,,0,0.0,0.0,4,,,0,,,0,0.0,0.0,4,0.0,0.0,4,0.0,0.0,4,1.0,1.0,4,0.0,0.0,4
1,L16,W0_TASK_ONLY,DISABLED,formal_development,T1G,4,4,0.0,0.0,4,0.0,0.0,4,1.0,1.0,4,,,0,0.0,0.0,4,,,0,,,0,0.0,0.0,4,0.0,0.0,4,0.0,0.0,4,0.0,0.0,4,0.0,0.0,4
1,L16,W0_TASK_ONLY,DISABLED,formal_development,T2G,3,1,0.0,0.0,3,0.0,0.0,3,1.0,1.0,3,,,0,0.0,0.0,3,,,0,,,0,0.0,0.0,3,0.0,0.0,3,0.0,0.0,3,0.6666666666666666,0.6666666666666666,3,0.0,0.0,3
1,L16,W0_TASK_ONLY,DISABLED,native,positive,1,1,0.0,0.0,1,0.0,0.0,1,1.0,1.0,1,,,0,0.0,0.0,1,,,0,,,0,0.0,0.0,1,0.0,0.0,1,0.0,0.0,1,1.0,1.0,1,0.0,0.0,1
1,L16,W0_TASK_ONLY,FIXED_ROUTER,calibration,H,16,4,0.0,0.0,16,0.0,0.0,16,1.0,1.0,16,0.0,0.0,16,0.0,0.0,16,,,0,,,0,0.0,0.0,16,0.0,0.0,16,0.0,0.0,16,0.0,0.0,16,0.0,0.0,16
1,L16,W0_TASK_ONLY,FIXED_ROUTER,calibration,U,16,16,0.8125,0.8125,16,0.0,0.0,16,1.0,1.0,16,0.0,0.0,16,0.8125,0.8125,16,1.0,1.0,13,0.0,0.0,13,0.0,0.0,3,0.0,0.0,3,0.125,0.125,16,0.0,0.0,16,0.0,0.0,16
1,L16,W0_TASK_ONLY,FIXED_ROUTER,calibration,positive,4,1,1.0,1.0,4,1.0,1.0,4,0.0,0.0,4,,,0,0.5,0.5,4,1.0,1.0,2,0.0,0.0,2,1.0,1.0,2,1.0,1.0,2,1.0,1.0,4,1.0,1.0,4,0.0,0.0,4
1,L16,W0_TASK_ONLY,FIXED_ROUTER,challenge,same_image_other_fact_challenge,12,1,0.25,0.25,12,0.0,0.0,12,0.8333333333333334,0.8333333333333334,12,0.15871321658293405,0.15871321658293405,12,0.25,0.25,12,1.0,1.0,3,0.0,0.0,3,0.0,0.0,9,0.2222222222222222,0.2222222222222222,9,0.3333333333333333,0.3333333333333333,12,0.16666666666666666,0.16666666666666666,12,0.0,0.0,12
1,L16,W0_TASK_ONLY,FIXED_ROUTER,evaluation,H,20,5,0.2,0.2,20,0.0,0.0,20,0.95,0.95,20,0.06446819305419922,0.06446819305419922,20,0.2,0.2,20,1.0,1.0,4,0.0,0.0,4,0.0,0.0,16,0.0,0.0,16,0.15,0.15,20,0.05,0.05,20,0.0,0.0,20
1,L16,W0_TASK_ONLY,FIXED_ROUTER,evaluation,U,15,15,0.8,0.8,15,0.0,0.0,15,1.0,1.0,15,0.0,0.0,15,0.8,0.8,15,1.0,1.0,12,0.0,0.0,12,0.0,0.0,3,0.0,0.0,3,0.2,0.2,15,0.0,0.0,15,0.0,0.0,15
1,L16,W0_TASK_ONLY,FIXED_ROUTER,evaluation,positive,4,1,0.75,0.75,4,0.75,0.75,4,0.25,0.25,4,,,0,0.0,0.0,4,,,0,,,0,0.75,0.75,4,0.75,0.75,4,0.75,0.75,4,0.75,0.75,4,0.0,0.0,4
1,L16,W0_TASK_ONLY,FIXED_ROUTER,fit,H,20,4,0.35,0.35,20,0.0,0.0,20,1.0,1.0,20,0.0,0.0,20,0.35,0.35,20,1.0,1.0,7,0.0,0.0,7,0.0,0.0,13,0.0,0.0,13,0.0,0.0,20,0.0,0.0,20,0.0,0.0,20
1,L16,W0_TASK_ONLY,FIXED_ROUTER,fit,U,16,16,0.875,0.875,16,0.0,0.0,16,1.0,1.0,16,0.0,0.0,16,0.875,0.875,16,1.0,1.0,14,0.0,0.0,14,0.0,0.0,2,0.0,0.0,2,0.1875,0.1875,16,0.0,0.0,16,0.0,0.0,16
1,L16,W0_TASK_ONLY,FIXED_ROUTER,fit,positive,5,2,1.0,1.0,5,1.0,1.0,5,0.0,0.0,5,,,0,0.0,0.0,5,,,0,,,0,1.0,1.0,5,1.0,1.0,5,1.0,1.0,5,1.0,1.0,5,0.0,0.0,5
1,L16,W0_TASK_ONLY,FIXED_ROUTER,fit,scope_fit_positive_not_used_for_positive_CE,4,1,1.0,1.0,4,1.0,1.0,4,0.0,0.0,4,,,0,0.0,0.0,4,,,0,,,0,1.0,1.0,4,1.0,1.0,4,1.0,1.0,4,1.0,1.0,4,0.0,0.0,4
1,L16,W0_TASK_ONLY,FIXED_ROUTER,formal_development,T1G,4,4,0.0,0.0,4,0.0,0.0,4,1.0,1.0,4,,,0,0.0,0.0,4,,,0,,,0,0.0,0.0,4,0.0,0.0,4,0.0,0.0,4,0.0,0.0,4,0.0,0.0,4
1,L16,W0_TASK_ONLY,FIXED_ROUTER,formal_development,T2G,3,1,0.6666666666666666,0.6666666666666666,3,0.6666666666666666,0.6666666666666666,3,0.3333333333333333,0.3333333333333333,3,,,0,0.0,0.0,3,,,0,,,0,0.6666666666666666,0.6666666666666666,3,0.6666666666666666,0.6666666666666666,3,0.6666666666666666,0.6666666666666666,3,0.6666666666666666,0.6666666666666666,3,0.0,0.0,3
1,L16,W0_TASK_ONLY,FIXED_ROUTER,native,positive,1,1,1.0,1.0,1,1.0,1.0,1,0.0,0.0,1,,,0,0.0,0.0,1,,,0,,,0,1.0,1.0,1,1.0,1.0,1,1.0,1.0,1,1.0,1.0,1,0.0,0.0,1
1,L16,W0_TASK_ONLY,FORCED_ON,calibration,H,16,4,0.125,0.125,16,0.0,0.0,16,0.0,0.0,16,1.4158698469400406,1.4158698469400406,16,0.0,0.0,16,,,0,,,0,0.125,0.125,16,1.0,1.0,16,1.0,1.0,16,0.0,0.0,16,0.0,0.0,16
1,L16,W0_TASK_ONLY,FORCED_ON,calibration,U,16,16,0.4375,0.4375,16,0.0,0.0,16,0.0625,0.0625,16,0.29570868849987164,0.29570868849987164,16,0.8125,0.8125,16,0.46153846153846156,0.46153846153846156,13,0.5384615384615384,0.5384615384615384,13,0.3333333333333333,0.3333333333333333,3,1.0,1.0,3,0.1875,0.1875,16,0.0,0.0,16,0.0,0.0,16
1,L16,W0_TASK_ONLY,FORCED_ON,calibration,positive,4,1,1.0,1.0,4,1.0,1.0,4,0.0,0.0,4,,,0,0.5,0.5,4,1.0,1.0,2,0.0,0.0,2,1.0,1.0,2,1.0,1.0,2,1.0,1.0,4,1.0,1.0,4,0.0,0.0,4
1,L16,W0_TASK_ONLY,FORCED_ON,challenge,same_image_other_fact_challenge,12,1,0.25,0.25,12,0.0,0.0,12,0.0,0.0,12,0.7158940453082323,0.7158940453082323,12,0.25,0.25,12,0.3333333333333333,0.3333333333333333,3,0.6666666666666666,0.6666666666666666,3,0.2222222222222222,0.2222222222222222,9,1.0,1.0,9,0.5,0.5,12,0.16666666666666666,0.16666666666666666,12,0.0,0.0,12
1,L16,W0_TASK_ONLY,FORCED_ON,evaluation,H,20,5,0.55,0.55,20,0.0,0.0,20,0.0,0.0,20,1.4163899838924408,1.4163899838924408,20,0.2,0.2,20,1.0,1.0,4,0.0,0.0,4,0.5333333333333333,0.4375,16,1.0,1.0,16,1.0,1.0,20,0.05,0.05,20,0.0,0.0,20
1,L16,W0_TASK_ONLY,FORCED_ON,evaluation,U,15,15,0.3333333333333333,0.3333333333333333,15,0.0,0.0,15,0.13333333333333333,0.13333333333333333,15,0.37327782505502305,0.37327782505502305,15,0.8,0.8,15,0.4166666666666667,0.4166666666666667,12,0.5833333333333334,0.5833333333333334,12,0.0,0.0,3,0.6666666666666666,0.6666666666666666,3,0.26666666666666666,0.26666666666666666,15,0.0,0.0,15,0.0,0.0,15
1,L16,W0_TASK_ONLY,FORCED_ON,evaluation,positive,4,1,1.0,1.0,4,1.0,1.0,4,0.0,0.0,4,,,0,0.0,0.0,4,,,0,,,0,1.0,1.0,4,1.0,1.0,4,1.0,1.0,4,0.75,0.75,4,0.0,0.0,4
1,L16,W0_TASK_ONLY,FORCED_ON,fit,H,20,4,0.3,0.3,20,0.0,0.0,20,0.0,0.0,20,1.5858158707618712,1.5858158707618712,20,0.35,0.35,20,0.5,0.2857142857142857,7,0.5,0.7142857142857143,7,0.3111111111111111,0.3076923076923077,13,1.0,1.0,13,1.0,1.0,20,0.0,0.0,20,0.0,0.0,20
1,L16,W0_TASK_ONLY,FORCED_ON,fit,U,16,16,0.3125,0.3125,16,0.0,0.0,16,0.0625,0.0625,16,0.36081310122972354,0.36081310122972354,16,0.875,0.875,16,0.35714285714285715,0.35714285714285715,14,0.6428571428571429,0.6428571428571429,14,0.0,0.0,2,1.0,1.0,2,0.0625,0.0625,16,0.0,0.0,16,0.0,0.0,16
1,L16,W0_TASK_ONLY,FORCED_ON,fit,positive,5,2,1.0,1.0,5,1.0,1.0,5,0.0,0.0,5,,,0,0.0,0.0,5,,,0,,,0,1.0,1.0,5,1.0,1.0,5,1.0,1.0,5,1.0,1.0,5,0.0,0.0,5
1,L16,W0_TASK_ONLY,FORCED_ON,fit,scope_fit_positive_not_used_for_positive_CE,4,1,1.0,1.0,4,1.0,1.0,4,0.0,0.0,4,,,0,0.0,0.0,4,,,0,,,0,1.0,1.0,4,1.0,1.0,4,1.0,1.0,4,1.0,1.0,4,0.0,0.0,4
1,L16,W0_TASK_ONLY,FORCED_ON,formal_development,T1G,4,4,1.0,1.0,4,1.0,1.0,4,0.0,0.0,4,,,0,0.0,0.0,4,,,0,,,0,1.0,1.0,4,1.0,1.0,4,1.0,1.0,4,0.0,0.0,4,0.0,0.0,4
1,L16,W0_TASK_ONLY,FORCED_ON,formal_development,T2G,3,1,1.0,1.0,3,1.0,1.0,3,0.0,0.0,3,,,0,0.0,0.0,3,,,0,,,0,1.0,1.0,3,1.0,1.0,3,1.0,1.0,3,0.6666666666666666,0.6666666666666666,3,0.0,0.0,3
1,L16,W0_TASK_ONLY,FORCED_ON,native,positive,1,1,1.0,1.0,1,1.0,1.0,1,0.0,0.0,1,,,0,0.0,0.0,1,,,0,,,0,1.0,1.0,1,1.0,1.0,1,1.0,1.0,1,1.0,1.0,1,0.0,0.0,1
1,L16,W1_KL_0.1,DISABLED,calibration,H,16,4,0.0,0.0,16,0.0,0.0,16,1.0,1.0,16,0.0,0.0,16,0.0,0.0,16,,,0,,,0,0.0,0.0,16,0.0,0.0,16,0.0,0.0,16,0.0,0.0,16,0.0,0.0,16
1,L16,W1_KL_0.1,DISABLED,calibration,U,16,16,0.8125,0.8125,16,0.0,0.0,16,1.0,1.0,16,0.0,0.0,16,0.8125,0.8125,16,1.0,1.0,13,0.0,0.0,13,0.0,0.0,3,0.0,0.0,3,0.125,0.125,16,0.0,0.0,16,0.0,0.0,16
1,L16,W1_KL_0.1,DISABLED,calibration,positive,4,1,0.5,0.5,4,0.0,0.0,4,1.0,1.0,4,,,0,0.5,0.5,4,1.0,1.0,2,0.0,0.0,2,0.0,0.0,2,0.0,0.0,2,0.5,0.5,4,1.0,1.0,4,0.0,0.0,4
1,L16,W1_KL_0.1,DISABLED,challenge,same_image_other_fact_challenge,12,1,0.25,0.25,12,0.0,0.0,12,1.0,1.0,12,0.0,0.0,12,0.25,0.25,12,1.0,1.0,3,0.0,0.0,3,0.0,0.0,9,0.0,0.0,9,0.25,0.25,12,0.16666666666666666,0.16666666666666666,12,0.0,0.0,12
1,L16,W1_KL_0.1,DISABLED,evaluation,H,20,5,0.2,0.2,20,0.0,0.0,20,1.0,1.0,20,0.0,0.0,20,0.2,0.2,20,1.0,1.0,4,0.0,0.0,4,0.0,0.0,16,0.0,0.0,16,0.15,0.15,20,0.05,0.05,20,0.0,0.0,20
1,L16,W1_KL_0.1,DISABLED,evaluation,U,15,15,0.8,0.8,15,0.0,0.0,15,1.0,1.0,15,0.0,0.0,15,0.8,0.8,15,1.0,1.0,12,0.0,0.0,12,0.0,0.0,3,0.0,0.0,3,0.2,0.2,15,0.0,0.0,15,0.0,0.0,15
1,L16,W1_KL_0.1,DISABLED,evaluation,positive,4,1,0.0,0.0,4,0.0,0.0,4,1.0,1.0,4,,,0,0.0,0.0,4,,,0,,,0,0.0,0.0,4,0.0,0.0,4,0.0,0.0,4,0.75,0.75,4,0.0,0.0,4
1,L16,W1_KL_0.1,DISABLED,fit,H,20,4,0.35,0.35,20,0.0,0.0,20,1.0,1.0,20,0.0,0.0,20,0.35,0.35,20,1.0,1.0,7,0.0,0.0,7,0.0,0.0,13,0.0,0.0,13,0.0,0.0,20,0.0,0.0,20,0.0,0.0,20
1,L16,W1_KL_0.1,DISABLED,fit,U,16,16,0.875,0.875,16,0.0,0.0,16,1.0,1.0,16,0.0,0.0,16,0.875,0.875,16,1.0,1.0,14,0.0,0.0,14,0.0,0.0,2,0.0,0.0,2,0.1875,0.1875,16,0.0,0.0,16,0.0,0.0,16
1,L16,W1_KL_0.1,DISABLED,fit,positive,5,2,0.0,0.0,5,0.0,0.0,5,1.0,1.0,5,,,0,0.0,0.0,5,,,0,,,0,0.0,0.0,5,0.0,0.0,5,0.0,0.0,5,1.0,1.0,5,0.0,0.0,5
1,L16,W1_KL_0.1,DISABLED,fit,scope_fit_positive_not_used_for_positive_CE,4,1,0.0,0.0,4,0.0,0.0,4,1.0,1.0,4,,,0,0.0,0.0,4,,,0,,,0,0.0,0.0,4,0.0,0.0,4,0.0,0.0,4,1.0,1.0,4,0.0,0.0,4
1,L16,W1_KL_0.1,DISABLED,formal_development,T1G,4,4,0.0,0.0,4,0.0,0.0,4,1.0,1.0,4,,,0,0.0,0.0,4,,,0,,,0,0.0,0.0,4,0.0,0.0,4,0.0,0.0,4,0.0,0.0,4,0.0,0.0,4
1,L16,W1_KL_0.1,DISABLED,formal_development,T2G,3,1,0.0,0.0,3,0.0,0.0,3,1.0,1.0,3,,,0,0.0,0.0,3,,,0,,,0,0.0,0.0,3,0.0,0.0,3,0.0,0.0,3,0.6666666666666666,0.6666666666666666,3,0.0,0.0,3
1,L16,W1_KL_0.1,DISABLED,native,positive,1,1,0.0,0.0,1,0.0,0.0,1,1.0,1.0,1,,,0,0.0,0.0,1,,,0,,,0,0.0,0.0,1,0.0,0.0,1,0.0,0.0,1,1.0,1.0,1,0.0,0.0,1
1,L16,W1_KL_0.1,FIXED_ROUTER,calibration,H,16,4,0.0,0.0,16,0.0,0.0,16,1.0,1.0,16,0.0,0.0,16,0.0,0.0,16,,,0,,,0,0.0,0.0,16,0.0,0.0,16,0.0,0.0,16,0.0,0.0,16,0.0,0.0,16
1,L16,W1_KL_0.1,FIXED_ROUTER,calibration,U,16,16,0.8125,0.8125,16,0.0,0.0,16,1.0,1.0,16,0.0,0.0,16,0.8125,0.8125,16,1.0,1.0,13,0.0,0.0,13,0.0,0.0,3,0.0,0.0,3,0.125,0.125,16,0.0,0.0,16,0.0,0.0,16
1,L16,W1_KL_0.1,FIXED_ROUTER,calibration,positive,4,1,0.5,0.5,4,0.0,0.0,4,1.0,1.0,4,,,0,0.5,0.5,4,1.0,1.0,2,0.0,0.0,2,0.0,0.0,2,0.0,0.0,2,0.5,0.5,4,1.0,1.0,4,0.0,0.0,4
1,L16,W1_KL_0.1,FIXED_ROUTER,challenge,same_image_other_fact_challenge,12,1,0.25,0.25,12,0.0,0.0,12,0.8333333333333334,0.8333333333333334,12,0.005457523123671611,0.005457523123671611,12,0.25,0.25,12,1.0,1.0,3,0.0,0.0,3,0.0,0.0,9,0.2222222222222222,0.2222222222222222,9,0.3333333333333333,0.3333333333333333,12,0.16666666666666666,0.16666666666666666,12,0.0,0.0,12
1,L16,W1_KL_0.1,FIXED_ROUTER,evaluation,H,20,5,0.2,0.2,20,0.0,0.0,20,0.95,0.95,20,0.020749111473560334,0.020749111473560334,20,0.2,0.2,20,1.0,1.0,4,0.0,0.0,4,0.0,0.0,16,0.0,0.0,16,0.15,0.15,20,0.05,0.05,20,0.0,0.0,20
1,L16,W1_KL_0.1,FIXED_ROUTER,evaluation,U,15,15,0.8,0.8,15,0.0,0.0,15,1.0,1.0,15,0.0,0.0,15,0.8,0.8,15,1.0,1.0,12,0.0,0.0,12,0.0,0.0,3,0.0,0.0,3,0.2,0.2,15,0.0,0.0,15,0.0,0.0,15
1,L16,W1_KL_0.1,FIXED_ROUTER,evaluation,positive,4,1,0.75,0.75,4,0.75,0.75,4,0.25,0.25,4,,,0,0.0,0.0,4,,,0,,,0,0.75,0.75,4,0.75,0.75,4,0.75,0.75,4,0.75,0.75,4,0.0,0.0,4
1,L16,W1_KL_0.1,FIXED_ROUTER,fit,H,20,4,0.35,0.35,20,0.0,0.0,20,1.0,1.0,20,0.0,0.0,20,0.35,0.35,20,1.0,1.0,7,0.0,0.0,7,0.0,0.0,13,0.0,0.0,13,0.0,0.0,20,0.0,0.0,20,0.0,0.0,20
1,L16,W1_KL_0.1,FIXED_ROUTER,fit,U,16,16,0.875,0.875,16,0.0,0.0,16,1.0,1.0,16,0.0,0.0,16,0.875,0.875,16,1.0,1.0,14,0.0,0.0,14,0.0,0.0,2,0.0,0.0,2,0.1875,0.1875,16,0.0,0.0,16,0.0,0.0,16
1,L16,W1_KL_0.1,FIXED_ROUTER,fit,positive,5,2,1.0,1.0,5,1.0,1.0,5,0.0,0.0,5,,,0,0.0,0.0,5,,,0,,,0,1.0,1.0,5,1.0,1.0,5,1.0,1.0,5,1.0,1.0,5,0.0,0.0,5
1,L16,W1_KL_0.1,FIXED_ROUTER,fit,scope_fit_positive_not_used_for_positive_CE,4,1,0.0,0.0,4,0.0,0.0,4,0.75,0.75,4,,,0,0.0,0.0,4,,,0,,,0,0.0,0.0,4,0.25,0.25,4,0.0,0.0,4,1.0,1.0,4,0.0,0.0,4
1,L16,W1_KL_0.1,FIXED_ROUTER,formal_development,T1G,4,4,0.0,0.0,4,0.0,0.0,4,1.0,1.0,4,,,0,0.0,0.0,4,,,0,,,0,0.0,0.0,4,0.0,0.0,4,0.0,0.0,4,0.0,0.0,4,0.0,0.0,4
1,L16,W1_KL_0.1,FIXED_ROUTER,formal_development,T2G,3,1,0.3333333333333333,0.3333333333333333,3,0.0,0.0,3,0.6666666666666666,0.6666666666666666,3,,,0,0.0,0.0,3,,,0,,,0,0.3333333333333333,0.3333333333333333,3,0.3333333333333333,0.3333333333333333,3,0.3333333333333333,0.3333333333333333,3,0.6666666666666666,0.6666666666666666,3,0.0,0.0,3
1,L16,W1_KL_0.1,FIXED_ROUTER,native,positive,1,1,1.0,1.0,1,1.0,1.0,1,0.0,0.0,1,,,0,0.0,0.0,1,,,0,,,0,1.0,1.0,1,1.0,1.0,1,1.0,1.0,1,1.0,1.0,1,0.0,0.0,1
1,L16,W1_KL_0.1,FORCED_ON,calibration,H,16,4,0.0,0.0,16,0.0,0.0,16,0.8125,0.8125,16,0.0012365419242996722,0.0012365419242996722,16,0.0,0.0,16,,,0,,,0,0.0,0.0,16,0.1875,0.1875,16,0.0,0.0,16,0.0,0.0,16,0.0,0.0,16
1,L16,W1_KL_0.1,FORCED_ON,calibration,U,16,16,0.8125,0.8125,16,0.0,0.0,16,0.75,0.75,16,0.0017641153153817868,0.0017641153153817868,16,0.8125,0.8125,16,1.0,1.0,13,0.0,0.0,13,0.0,0.0,3,0.3333333333333333,0.3333333333333333,3,0.125,0.125,16,0.0,0.0,16,0.0,0.0,16
1,L16,W1_KL_0.1,FORCED_ON,calibration,positive,4,1,0.5,0.5,4,0.0,0.0,4,1.0,1.0,4,,,0,0.5,0.5,4,1.0,1.0,2,0.0,0.0,2,0.0,0.0,2,0.0,0.0,2,0.5,0.5,4,1.0,1.0,4,0.0,0.0,4
1,L16,W1_KL_0.1,FORCED_ON,challenge,same_image_other_fact_challenge,12,1,0.16666666666666666,0.16666666666666666,12,0.0,0.0,12,0.5833333333333334,0.5833333333333334,12,0.010565355732978787,0.010565355732978787,12,0.25,0.25,12,0.6666666666666666,0.6666666666666666,3,0.3333333333333333,0.3333333333333333,3,0.0,0.0,9,0.4444444444444444,0.4444444444444444,9,0.3333333333333333,0.3333333333333333,12,0.16666666666666666,0.16666666666666666,12,0.0,0.0,12
1,L16,W1_KL_0.1,FORCED_ON,evaluation,H,20,5,0.55,0.55,20,0.0,0.0,20,0.0,0.0,20,0.3113832093775272,0.3113832093775272,20,0.2,0.2,20,1.0,1.0,4,0.0,0.0,4,0.5333333333333333,0.4375,16,1.0,1.0,16,1.0,1.0,20,0.05,0.05,20,0.0,0.0,20
1,L16,W1_KL_0.1,FORCED_ON,evaluation,U,15,15,0.8,0.8,15,0.0,0.0,15,0.8666666666666667,0.8666666666666667,15,0.0024623114247030267,0.0024623114247030267,15,0.8,0.8,15,1.0,1.0,12,0.0,0.0,12,0.0,0.0,3,0.6666666666666666,0.6666666666666666,3,0.2,0.2,15,0.0,0.0,15,0.0,0.0,15
1,L16,W1_KL_0.1,FORCED_ON,evaluation,positive,4,1,1.0,1.0,4,1.0,1.0,4,0.0,0.0,4,,,0,0.0,0.0,4,,,0,,,0,1.0,1.0,4,1.0,1.0,4,1.0,1.0,4,0.75,0.75,4,0.0,0.0,4
1,L16,W1_KL_0.1,FORCED_ON,fit,H,20,4,0.4,0.4,20,0.0,0.0,20,0.85,0.85,20,0.006775864871451631,0.006775864871451631,20,0.35,0.35,20,1.0,1.0,7,0.0,0.0,7,0.1111111111111111,0.07692307692307693,13,0.2222222222222222,0.15384615384615385,13,0.05,0.05,20,0.0,0.0,20,0.0,0.0,20
1,L16,W1_KL_0.1,FORCED_ON,fit,U,16,16,0.875,0.875,16,0.0,0.0,16,0.75,0.75,16,0.0021244495560495125,0.0021244495560495125,16,0.875,0.875,16,1.0,1.0,14,0.0,0.0,14,0.0,0.0,2,0.5,0.5,2,0.1875,0.1875,16,0.0,0.0,16,0.0,0.0,16
1,L16,W1_KL_0.1,FORCED_ON,fit,positive,5,2,1.0,1.0,5,1.0,1.0,5,0.0,0.0,5,,,0,0.0,0.0,5,,,0,,,0,1.0,1.0,5,1.0,1.0,5,1.0,1.0,5,1.0,1.0,5,0.0,0.0,5
1,L16,W1_KL_0.1,FORCED_ON,fit,scope_fit_positive_not_used_for_positive_CE,4,1,0.0,0.0,4,0.0,0.0,4,0.75,0.75,4,,,0,0.0,0.0,4,,,0,,,0,0.0,0.0,4,0.25,0.25,4,0.0,0.0,4,1.0,1.0,4,0.0,0.0,4
1,L16,W1_KL_0.1,FORCED_ON,formal_development,T1G,4,4,1.0,1.0,4,1.0,1.0,4,0.0,0.0,4,,,0,0.0,0.0,4,,,0,,,0,1.0,1.0,4,1.0,1.0,4,1.0,1.0,4,0.0,0.0,4,0.0,0.0,4
1,L16,W1_KL_0.1,FORCED_ON,formal_development,T2G,3,1,0.6666666666666666,0.6666666666666666,3,0.3333333333333333,0.3333333333333333,3,0.3333333333333333,0.3333333333333333,3,,,0,0.0,0.0,3,,,0,,,0,0.6666666666666666,0.6666666666666666,3,0.6666666666666666,0.6666666666666666,3,0.6666666666666666,0.6666666666666666,3,0.6666666666666666,0.6666666666666666,3,0.0,0.0,3
1,L16,W1_KL_0.1,FORCED_ON,native,positive,1,1,1.0,1.0,1,1.0,1.0,1,0.0,0.0,1,,,0,0.0,0.0,1,,,0,,,0,1.0,1.0,1,1.0,1.0,1,1.0,1.0,1,1.0,1.0,1,0.0,0.0,1
1,L16,W1_KL_1,DISABLED,calibration,H,16,4,0.0,0.0,16,0.0,0.0,16,1.0,1.0,16,0.0,0.0,16,0.0,0.0,16,,,0,,,0,0.0,0.0,16,0.0,0.0,16,0.0,0.0,16,0.0,0.0,16,0.0,0.0,16
1,L16,W1_KL_1,DISABLED,calibration,U,16,16,0.8125,0.8125,16,0.0,0.0,16,1.0,1.0,16,0.0,0.0,16,0.8125,0.8125,16,1.0,1.0,13,0.0,0.0,13,0.0,0.0,3,0.0,0.0,3,0.125,0.125,16,0.0,0.0,16,0.0,0.0,16
1,L16,W1_KL_1,DISABLED,calibration,positive,4,1,0.5,0.5,4,0.0,0.0,4,1.0,1.0,4,,,0,0.5,0.5,4,1.0,1.0,2,0.0,0.0,2,0.0,0.0,2,0.0,0.0,2,0.5,0.5,4,1.0,1.0,4,0.0,0.0,4
1,L16,W1_KL_1,DISABLED,challenge,same_image_other_fact_challenge,12,1,0.25,0.25,12,0.0,0.0,12,1.0,1.0,12,0.0,0.0,12,0.25,0.25,12,1.0,1.0,3,0.0,0.0,3,0.0,0.0,9,0.0,0.0,9,0.25,0.25,12,0.16666666666666666,0.16666666666666666,12,0.0,0.0,12
1,L16,W1_KL_1,DISABLED,evaluation,H,20,5,0.2,0.2,20,0.0,0.0,20,1.0,1.0,20,0.0,0.0,20,0.2,0.2,20,1.0,1.0,4,0.0,0.0,4,0.0,0.0,16,0.0,0.0,16,0.15,0.15,20,0.05,0.05,20,0.0,0.0,20
1,L16,W1_KL_1,DISABLED,evaluation,U,15,15,0.8,0.8,15,0.0,0.0,15,1.0,1.0,15,0.0,0.0,15,0.8,0.8,15,1.0,1.0,12,0.0,0.0,12,0.0,0.0,3,0.0,0.0,3,0.2,0.2,15,0.0,0.0,15,0.0,0.0,15
1,L16,W1_KL_1,DISABLED,evaluation,positive,4,1,0.0,0.0,4,0.0,0.0,4,1.0,1.0,4,,,0,0.0,0.0,4,,,0,,,0,0.0,0.0,4,0.0,0.0,4,0.0,0.0,4,0.75,0.75,4,0.0,0.0,4
1,L16,W1_KL_1,DISABLED,fit,H,20,4,0.35,0.35,20,0.0,0.0,20,1.0,1.0,20,0.0,0.0,20,0.35,0.35,20,1.0,1.0,7,0.0,0.0,7,0.0,0.0,13,0.0,0.0,13,0.0,0.0,20,0.0,0.0,20,0.0,0.0,20
1,L16,W1_KL_1,DISABLED,fit,U,16,16,0.875,0.875,16,0.0,0.0,16,1.0,1.0,16,0.0,0.0,16,0.875,0.875,16,1.0,1.0,14,0.0,0.0,14,0.0,0.0,2,0.0,0.0,2,0.1875,0.1875,16,0.0,0.0,16,0.0,0.0,16
1,L16,W1_KL_1,DISABLED,fit,positive,5,2,0.0,0.0,5,0.0,0.0,5,1.0,1.0,5,,,0,0.0,0.0,5,,,0,,,0,0.0,0.0,5,0.0,0.0,5,0.0,0.0,5,1.0,1.0,5,0.0,0.0,5
1,L16,W1_KL_1,DISABLED,fit,scope_fit_positive_not_used_for_positive_CE,4,1,0.0,0.0,4,0.0,0.0,4,1.0,1.0,4,,,0,0.0,0.0,4,,,0,,,0,0.0,0.0,4,0.0,0.0,4,0.0,0.0,4,1.0,1.0,4,0.0,0.0,4
1,L16,W1_KL_1,DISABLED,formal_development,T1G,4,4,0.0,0.0,4,0.0,0.0,4,1.0,1.0,4,,,0,0.0,0.0,4,,,0,,,0,0.0,0.0,4,0.0,0.0,4,0.0,0.0,4,0.0,0.0,4,0.0,0.0,4
1,L16,W1_KL_1,DISABLED,formal_development,T2G,3,1,0.0,0.0,3,0.0,0.0,3,1.0,1.0,3,,,0,0.0,0.0,3,,,0,,,0,0.0,0.0,3,0.0,0.0,3,0.0,0.0,3,0.6666666666666666,0.6666666666666666,3,0.0,0.0,3
1,L16,W1_KL_1,DISABLED,native,positive,1,1,0.0,0.0,1,0.0,0.0,1,1.0,1.0,1,,,0,0.0,0.0,1,,,0,,,0,0.0,0.0,1,0.0,0.0,1,0.0,0.0,1,1.0,1.0,1,0.0,0.0,1
1,L16,W1_KL_1,FIXED_ROUTER,calibration,H,16,4,0.0,0.0,16,0.0,0.0,16,1.0,1.0,16,0.0,0.0,16,0.0,0.0,16,,,0,,,0,0.0,0.0,16,0.0,0.0,16,0.0,0.0,16,0.0,0.0,16,0.0,0.0,16
1,L16,W1_KL_1,FIXED_ROUTER,calibration,U,16,16,0.8125,0.8125,16,0.0,0.0,16,1.0,1.0,16,0.0,0.0,16,0.8125,0.8125,16,1.0,1.0,13,0.0,0.0,13,0.0,0.0,3,0.0,0.0,3,0.125,0.125,16,0.0,0.0,16,0.0,0.0,16
1,L16,W1_KL_1,FIXED_ROUTER,calibration,positive,4,1,0.5,0.5,4,0.0,0.0,4,0.75,0.75,4,,,0,0.5,0.5,4,1.0,1.0,2,0.0,0.0,2,0.0,0.0,2,0.0,0.0,2,0.5,0.5,4,1.0,1.0,4,0.0,0.0,4
1,L16,W1_KL_1,FIXED_ROUTER,challenge,same_image_other_fact_challenge,12,1,0.25,0.25,12,0.0,0.0,12,0.9166666666666666,0.9166666666666666,12,0.0008541765079523126,0.0008541765079523126,12,0.25,0.25,12,1.0,1.0,3,0.0,0.0,3,0.0,0.0,9,0.1111111111111111,0.1111111111111111,9,0.25,0.25,12,0.16666666666666666,0.16666666666666666,12,0.0,0.0,12
1,L16,W1_KL_1,FIXED_ROUTER,evaluation,H,20,5,0.2,0.2,20,0.0,0.0,20,0.95,0.95,20,0.01851038634777069,0.01851038634777069,20,0.2,0.2,20,1.0,1.0,4,0.0,0.0,4,0.0,0.0,16,0.0,0.0,16,0.15,0.15,20,0.05,0.05,20,0.0,0.0,20
1,L16,W1_KL_1,FIXED_ROUTER,evaluation,U,15,15,0.8,0.8,15,0.0,0.0,15,1.0,1.0,15,0.0,0.0,15,0.8,0.8,15,1.0,1.0,12,0.0,0.0,12,0.0,0.0,3,0.0,0.0,3,0.2,0.2,15,0.0,0.0,15,0.0,0.0,15
1,L16,W1_KL_1,FIXED_ROUTER,evaluation,positive,4,1,0.75,0.75,4,0.75,0.75,4,0.25,0.25,4,,,0,0.0,0.0,4,,,0,,,0,0.75,0.75,4,0.75,0.75,4,0.75,0.75,4,0.75,0.75,4,0.0,0.0,4
1,L16,W1_KL_1,FIXED_ROUTER,fit,H,20,4,0.35,0.35,20,0.0,0.0,20,1.0,1.0,20,0.0,0.0,20,0.35,0.35,20,1.0,1.0,7,0.0,0.0,7,0.0,0.0,13,0.0,0.0,13,0.0,0.0,20,0.0,0.0,20,0.0,0.0,20
1,L16,W1_KL_1,FIXED_ROUTER,fit,U,16,16,0.875,0.875,16,0.0,0.0,16,1.0,1.0,16,0.0,0.0,16,0.875,0.875,16,1.0,1.0,14,0.0,0.0,14,0.0,0.0,2,0.0,0.0,2,0.1875,0.1875,16,0.0,0.0,16,0.0,0.0,16
1,L16,W1_KL_1,FIXED_ROUTER,fit,positive,5,2,1.0,1.0,5,1.0,1.0,5,0.0,0.0,5,,,0,0.0,0.0,5,,,0,,,0,1.0,1.0,5,1.0,1.0,5,1.0,1.0,5,1.0,1.0,5,0.0,0.0,5
1,L16,W1_KL_1,FIXED_ROUTER,fit,scope_fit_positive_not_used_for_positive_CE,4,1,0.0,0.0,4,0.0,0.0,4,0.75,0.75,4,,,0,0.0,0.0,4,,,0,,,0,0.0,0.0,4,0.25,0.25,4,0.0,0.0,4,1.0,1.0,4,0.0,0.0,4
1,L16,W1_KL_1,FIXED_ROUTER,formal_development,T1G,4,4,0.0,0.0,4,0.0,0.0,4,1.0,1.0,4,,,0,0.0,0.0,4,,,0,,,0,0.0,0.0,4,0.0,0.0,4,0.0,0.0,4,0.0,0.0,4,0.0,0.0,4
1,L16,W1_KL_1,FIXED_ROUTER,formal_development,T2G,3,1,0.0,0.0,3,0.0,0.0,3,0.6666666666666666,0.6666666666666666,3,,,0,0.0,0.0,3,,,0,,,0,0.0,0.0,3,0.3333333333333333,0.3333333333333333,3,0.0,0.0,3,0.6666666666666666,0.6666666666666666,3,0.0,0.0,3
1,L16,W1_KL_1,FIXED_ROUTER,native,positive,1,1,1.0,1.0,1,1.0,1.0,1,0.0,0.0,1,,,0,0.0,0.0,1,,,0,,,0,1.0,1.0,1,1.0,1.0,1,1.0,1.0,1,1.0,1.0,1,0.0,0.0,1
1,L16,W1_KL_1,FORCED_ON,calibration,H,16,4,0.0,0.0,16,0.0,0.0,16,0.8125,0.8125,16,0.0009014775132527575,0.0009014775132527575,16,0.0,0.0,16,,,0,,,0,0.0,0.0,16,0.1875,0.1875,16,0.0,0.0,16,0.0,0.0,16,0.0,0.0,16
1,L16,W1_KL_1,FORCED_ON,calibration,U,16,16,0.8125,0.8125,16,0.0,0.0,16,0.75,0.75,16,0.00416156773280818,0.00416156773280818,16,0.8125,0.8125,16,1.0,1.0,13,0.0,0.0,13,0.0,0.0,3,0.3333333333333333,0.3333333333333333,3,0.125,0.125,16,0.0,0.0,16,0.0,0.0,16
1,L16,W1_KL_1,FORCED_ON,calibration,positive,4,1,0.5,0.5,4,0.0,0.0,4,0.75,0.75,4,,,0,0.5,0.5,4,1.0,1.0,2,0.0,0.0,2,0.0,0.0,2,0.0,0.0,2,0.5,0.5,4,1.0,1.0,4,0.0,0.0,4
1,L16,W1_KL_1,FORCED_ON,challenge,same_image_other_fact_challenge,12,1,0.16666666666666666,0.16666666666666666,12,0.0,0.0,12,0.6666666666666666,0.6666666666666666,12,0.005533885559998453,0.005533885559998453,12,0.25,0.25,12,0.6666666666666666,0.6666666666666666,3,0.3333333333333333,0.3333333333333333,3,0.0,0.0,9,0.3333333333333333,0.3333333333333333,9,0.25,0.25,12,0.16666666666666666,0.16666666666666666,12,0.0,0.0,12
1,L16,W1_KL_1,FORCED_ON,evaluation,H,20,5,0.55,0.55,20,0.0,0.0,20,0.0,0.0,20,0.277324777841568,0.277324777841568,20,0.2,0.2,20,1.0,1.0,4,0.0,0.0,4,0.5333333333333333,0.4375,16,1.0,1.0,16,1.0,1.0,20,0.05,0.05,20,0.0,0.0,20
1,L16,W1_KL_1,FORCED_ON,evaluation,U,15,15,0.8,0.8,15,0.0,0.0,15,0.8666666666666667,0.8666666666666667,15,0.004692077677464113,0.004692077677464113,15,0.8,0.8,15,1.0,1.0,12,0.0,0.0,12,0.0,0.0,3,0.6666666666666666,0.6666666666666666,3,0.26666666666666666,0.26666666666666666,15,0.0,0.0,15,0.0,0.0,15
1,L16,W1_KL_1,FORCED_ON,evaluation,positive,4,1,1.0,1.0,4,1.0,1.0,4,0.0,0.0,4,,,0,0.0,0.0,4,,,0,,,0,1.0,1.0,4,1.0,1.0,4,1.0,1.0,4,0.75,0.75,4,0.0,0.0,4
1,L16,W1_KL_1,FORCED_ON,fit,H,20,4,0.4,0.4,20,0.0,0.0,20,0.9,0.9,20,0.0019512304512318223,0.0019512304512318223,20,0.35,0.35,20,1.0,1.0,7,0.0,0.0,7,0.1111111111111111,0.07692307692307693,13,0.2222222222222222,0.15384615384615385,13,0.0,0.0,20,0.0,0.0,20,0.0,0.0,20
1,L16,W1_KL_1,FORCED_ON,fit,U,16,16,0.875,0.875,16,0.0,0.0,16,0.5625,0.5625,16,0.006841435664682649,0.006841435664682649,16,0.875,0.875,16,1.0,1.0,14,0.0,0.0,14,0.0,0.0,2,0.5,0.5,2,0.1875,0.1875,16,0.0,0.0,16,0.0,0.0,16
1,L16,W1_KL_1,FORCED_ON,fit,positive,5,2,1.0,1.0,5,1.0,1.0,5,0.0,0.0,5,,,0,0.0,0.0,5,,,0,,,0,1.0,1.0,5,1.0,1.0,5,1.0,1.0,5,1.0,1.0,5,0.0,0.0,5
1,L16,W1_KL_1,FORCED_ON,fit,scope_fit_positive_not_used_for_positive_CE,4,1,0.0,0.0,4,0.0,0.0,4,0.75,0.75,4,,,0,0.0,0.0,4,,,0,,,0,0.0,0.0,4,0.25,0.25,4,0.0,0.0,4,1.0,1.0,4,0.0,0.0,4
1,L16,W1_KL_1,FORCED_ON,formal_development,T1G,4,4,0.75,0.75,4,0.75,0.75,4,0.25,0.25,4,,,0,0.0,0.0,4,,,0,,,0,0.75,0.75,4,0.75,0.75,4,0.75,0.75,4,0.0,0.0,4,0.0,0.0,4
1,L16,W1_KL_1,FORCED_ON,formal_development,T2G,3,1,0.0,0.0,3,0.0,0.0,3,0.6666666666666666,0.6666666666666666,3,,,0,0.0,0.0,3,,,0,,,0,0.0,0.0,3,0.3333333333333333,0.3333333333333333,3,0.0,0.0,3,0.6666666666666666,0.6666666666666666,3,0.0,0.0,3
1,L16,W1_KL_1,FORCED_ON,native,positive,1,1,1.0,1.0,1,1.0,1.0,1,0.0,0.0,1,,,0,0.0,0.0,1,,,0,,,0,1.0,1.0,1,1.0,1.0,1,1.0,1.0,1,1.0,1.0,1,0.0,0.0,1
1,L16,W1_KL_10,DISABLED,calibration,H,16,4,0.0,0.0,16,0.0,0.0,16,1.0,1.0,16,0.0,0.0,16,0.0,0.0,16,,,0,,,0,0.0,0.0,16,0.0,0.0,16,0.0,0.0,16,0.0,0.0,16,0.0,0.0,16
1,L16,W1_KL_10,DISABLED,calibration,U,16,16,0.8125,0.8125,16,0.0,0.0,16,1.0,1.0,16,0.0,0.0,16,0.8125,0.8125,16,1.0,1.0,13,0.0,0.0,13,0.0,0.0,3,0.0,0.0,3,0.125,0.125,16,0.0,0.0,16,0.0,0.0,16
1,L16,W1_KL_10,DISABLED,calibration,positive,4,1,0.5,0.5,4,0.0,0.0,4,1.0,1.0,4,,,0,0.5,0.5,4,1.0,1.0,2,0.0,0.0,2,0.0,0.0,2,0.0,0.0,2,0.5,0.5,4,1.0,1.0,4,0.0,0.0,4
1,L16,W1_KL_10,DISABLED,challenge,same_image_other_fact_challenge,12,1,0.25,0.25,12,0.0,0.0,12,1.0,1.0,12,0.0,0.0,12,0.25,0.25,12,1.0,1.0,3,0.0,0.0,3,0.0,0.0,9,0.0,0.0,9,0.25,0.25,12,0.16666666666666666,0.16666666666666666,12,0.0,0.0,12
1,L16,W1_KL_10,DISABLED,evaluation,H,20,5,0.2,0.2,20,0.0,0.0,20,1.0,1.0,20,0.0,0.0,20,0.2,0.2,20,1.0,1.0,4,0.0,0.0,4,0.0,0.0,16,0.0,0.0,16,0.15,0.15,20,0.05,0.05,20,0.0,0.0,20
1,L16,W1_KL_10,DISABLED,evaluation,U,15,15,0.8,0.8,15,0.0,0.0,15,1.0,1.0,15,0.0,0.0,15,0.8,0.8,15,1.0,1.0,12,0.0,0.0,12,0.0,0.0,3,0.0,0.0,3,0.2,0.2,15,0.0,0.0,15,0.0,0.0,15
1,L16,W1_KL_10,DISABLED,evaluation,positive,4,1,0.0,0.0,4,0.0,0.0,4,1.0,1.0,4,,,0,0.0,0.0,4,,,0,,,0,0.0,0.0,4,0.0,0.0,4,0.0,0.0,4,0.75,0.75,4,0.0,0.0,4
1,L16,W1_KL_10,DISABLED,fit,H,20,4,0.35,0.35,20,0.0,0.0,20,1.0,1.0,20,0.0,0.0,20,0.35,0.35,20,1.0,1.0,7,0.0,0.0,7,0.0,0.0,13,0.0,0.0,13,0.0,0.0,20,0.0,0.0,20,0.0,0.0,20
1,L16,W1_KL_10,DISABLED,fit,U,16,16,0.875,0.875,16,0.0,0.0,16,1.0,1.0,16,0.0,0.0,16,0.875,0.875,16,1.0,1.0,14,0.0,0.0,14,0.0,0.0,2,0.0,0.0,2,0.1875,0.1875,16,0.0,0.0,16,0.0,0.0,16
1,L16,W1_KL_10,DISABLED,fit,positive,5,2,0.0,0.0,5,0.0,0.0,5,1.0,1.0,5,,,0,0.0,0.0,5,,,0,,,0,0.0,0.0,5,0.0,0.0,5,0.0,0.0,5,1.0,1.0,5,0.0,0.0,5
1,L16,W1_KL_10,DISABLED,fit,scope_fit_positive_not_used_for_positive_CE,4,1,0.0,0.0,4,0.0,0.0,4,1.0,1.0,4,,,0,0.0,0.0,4,,,0,,,0,0.0,0.0,4,0.0,0.0,4,0.0,0.0,4,1.0,1.0,4,0.0,0.0,4
1,L16,W1_KL_10,DISABLED,formal_development,T1G,4,4,0.0,0.0,4,0.0,0.0,4,1.0,1.0,4,,,0,0.0,0.0,4,,,0,,,0,0.0,0.0,4,0.0,0.0,4,0.0,0.0,4,0.0,0.0,4,0.0,0.0,4
1,L16,W1_KL_10,DISABLED,formal_development,T2G,3,1,0.0,0.0,3,0.0,0.0,3,1.0,1.0,3,,,0,0.0,0.0,3,,,0,,,0,0.0,0.0,3,0.0,0.0,3,0.0,0.0,3,0.6666666666666666,0.6666666666666666,3,0.0,0.0,3
1,L16,W1_KL_10,DISABLED,native,positive,1,1,0.0,0.0,1,0.0,0.0,1,1.0,1.0,1,,,0,0.0,0.0,1,,,0,,,0,0.0,0.0,1,0.0,0.0,1,0.0,0.0,1,1.0,1.0,1,0.0,0.0,1
1,L16,W1_KL_10,FIXED_ROUTER,calibration,H,16,4,0.0,0.0,16,0.0,0.0,16,1.0,1.0,16,0.0,0.0,16,0.0,0.0,16,,,0,,,0,0.0,0.0,16,0.0,0.0,16,0.0,0.0,16,0.0,0.0,16,0.0,0.0,16
1,L16,W1_KL_10,FIXED_ROUTER,calibration,U,16,16,0.8125,0.8125,16,0.0,0.0,16,1.0,1.0,16,0.0,0.0,16,0.8125,0.8125,16,1.0,1.0,13,0.0,0.0,13,0.0,0.0,3,0.0,0.0,3,0.125,0.125,16,0.0,0.0,16,0.0,0.0,16
1,L16,W1_KL_10,FIXED_ROUTER,calibration,positive,4,1,0.5,0.5,4,0.0,0.0,4,1.0,1.0,4,,,0,0.5,0.5,4,1.0,1.0,2,0.0,0.0,2,0.0,0.0,2,0.0,0.0,2,0.5,0.5,4,1.0,1.0,4,0.0,0.0,4
1,L16,W1_KL_10,FIXED_ROUTER,challenge,same_image_other_fact_challenge,12,1,0.25,0.25,12,0.0,0.0,12,0.9166666666666666,0.9166666666666666,12,0.0007120131437356273,0.0007120131437356273,12,0.25,0.25,12,1.0,1.0,3,0.0,0.0,3,0.0,0.0,9,0.1111111111111111,0.1111111111111111,9,0.25,0.25,12,0.16666666666666666,0.16666666666666666,12,0.0,0.0,12
1,L16,W1_KL_10,FIXED_ROUTER,evaluation,H,20,5,0.2,0.2,20,0.0,0.0,20,0.95,0.95,20,0.009177589416503906,0.009177589416503906,20,0.2,0.2,20,1.0,1.0,4,0.0,0.0,4,0.0,0.0,16,0.0,0.0,16,0.15,0.15,20,0.05,0.05,20,0.0,0.0,20
1,L16,W1_KL_10,FIXED_ROUTER,evaluation,U,15,15,0.8,0.8,15,0.0,0.0,15,1.0,1.0,15,0.0,0.0,15,0.8,0.8,15,1.0,1.0,12,0.0,0.0,12,0.0,0.0,3,0.0,0.0,3,0.2,0.2,15,0.0,0.0,15,0.0,0.0,15
1,L16,W1_KL_10,FIXED_ROUTER,evaluation,positive,4,1,0.75,0.75,4,0.75,0.75,4,0.25,0.25,4,,,0,0.0,0.0,4,,,0,,,0,0.75,0.75,4,0.75,0.75,4,0.75,0.75,4,0.75,0.75,4,0.0,0.0,4
1,L16,W1_KL_10,FIXED_ROUTER,fit,H,20,4,0.35,0.35,20,0.0,0.0,20,1.0,1.0,20,0.0,0.0,20,0.35,0.35,20,1.0,1.0,7,0.0,0.0,7,0.0,0.0,13,0.0,0.0,13,0.0,0.0,20,0.0,0.0,20,0.0,0.0,20
1,L16,W1_KL_10,FIXED_ROUTER,fit,U,16,16,0.875,0.875,16,0.0,0.0,16,1.0,1.0,16,0.0,0.0,16,0.875,0.875,16,1.0,1.0,14,0.0,0.0,14,0.0,0.0,2,0.0,0.0,2,0.1875,0.1875,16,0.0,0.0,16,0.0,0.0,16
1,L16,W1_KL_10,FIXED_ROUTER,fit,positive,5,2,0.5,0.8,5,0.5,0.8,5,0.5,0.2,5,,,0,0.0,0.0,5,,,0,,,0,0.5,0.8,5,0.5,0.8,5,0.5,0.8,5,1.0,1.0,5,0.0,0.0,5
1,L16,W1_KL_10,FIXED_ROUTER,fit,scope_fit_positive_not_used_for_positive_CE,4,1,0.0,0.0,4,0.0,0.0,4,1.0,1.0,4,,,0,0.0,0.0,4,,,0,,,0,0.0,0.0,4,0.0,0.0,4,0.0,0.0,4,1.0,1.0,4,0.0,0.0,4
1,L16,W1_KL_10,FIXED_ROUTER,formal_development,T1G,4,4,0.0,0.0,4,0.0,0.0,4,1.0,1.0,4,,,0,0.0,0.0,4,,,0,,,0,0.0,0.0,4,0.0,0.0,4,0.0,0.0,4,0.0,0.0,4,0.0,0.0,4
1,L16,W1_KL_10,FIXED_ROUTER,formal_development,T2G,3,1,0.3333333333333333,0.3333333333333333,3,0.0,0.0,3,0.6666666666666666,0.6666666666666666,3,,,0,0.0,0.0,3,,,0,,,0,0.3333333333333333,0.3333333333333333,3,0.3333333333333333,0.3333333333333333,3,0.3333333333333333,0.3333333333333333,3,0.6666666666666666,0.6666666666666666,3,0.0,0.0,3
1,L16,W1_KL_10,FIXED_ROUTER,native,positive,1,1,0.0,0.0,1,0.0,0.0,1,1.0,1.0,1,,,0,0.0,0.0,1,,,0,,,0,0.0,0.0,1,0.0,0.0,1,0.0,0.0,1,1.0,1.0,1,0.0,0.0,1
1,L16,W1_KL_10,FORCED_ON,calibration,H,16,4,0.0,0.0,16,0.0,0.0,16,0.6875,0.6875,16,0.0008338498519151472,0.0008338498519151472,16,0.0,0.0,16,,,0,,,0,0.0,0.0,16,0.3125,0.3125,16,0.0625,0.0625,16,0.0,0.0,16,0.0,0.0,16
1,L16,W1_KL_10,FORCED_ON,calibration,U,16,16,0.8125,0.8125,16,0.0,0.0,16,0.4375,0.4375,16,0.006173767360451166,0.006173767360451166,16,0.8125,0.8125,16,1.0,1.0,13,0.0,0.0,13,0.0,0.0,3,0.6666666666666666,0.6666666666666666,3,0.125,0.125,16,0.0,0.0,16,0.0,0.0,16
1,L16,W1_KL_10,FORCED_ON,calibration,positive,4,1,0.5,0.5,4,0.0,0.0,4,1.0,1.0,4,,,0,0.5,0.5,4,1.0,1.0,2,0.0,0.0,2,0.0,0.0,2,0.0,0.0,2,0.5,0.5,4,1.0,1.0,4,0.0,0.0,4
1,L16,W1_KL_10,FORCED_ON,challenge,same_image_other_fact_challenge,12,1,0.3333333333333333,0.3333333333333333,12,0.0,0.0,12,0.6666666666666666,0.6666666666666666,12,0.004433535645754698,0.004433535645754698,12,0.25,0.25,12,1.0,1.0,3,0.0,0.0,3,0.1111111111111111,0.1111111111111111,9,0.4444444444444444,0.4444444444444444,9,0.25,0.25,12,0.16666666666666666,0.16666666666666666,12,0.0,0.0,12
1,L16,W1_KL_10,FORCED_ON,evaluation,H,20,5,0.55,0.55,20,0.0,0.0,20,0.0,0.0,20,0.12784305177628993,0.12784305177628993,20,0.2,0.2,20,1.0,1.0,4,0.0,0.0,4,0.5333333333333333,0.4375,16,1.0,1.0,16,1.0,1.0,20,0.05,0.05,20,0.0,0.0,20
1,L16,W1_KL_10,FORCED_ON,evaluation,U,15,15,0.8,0.8,15,0.0,0.0,15,0.7333333333333333,0.7333333333333333,15,0.006343577437413235,0.006343577437413235,15,0.8,0.8,15,1.0,1.0,12,0.0,0.0,12,0.0,0.0,3,0.3333333333333333,0.3333333333333333,3,0.2,0.2,15,0.0,0.0,15,0.0,0.0,15
1,L16,W1_KL_10,FORCED_ON,evaluation,positive,4,1,1.0,1.0,4,1.0,1.0,4,0.0,0.0,4,,,0,0.0,0.0,4,,,0,,,0,1.0,1.0,4,1.0,1.0,4,1.0,1.0,4,0.75,0.75,4,0.0,0.0,4
1,L16,W1_KL_10,FORCED_ON,fit,H,20,4,0.35,0.35,20,0.0,0.0,20,0.95,0.95,20,0.0009598215605365112,0.0009598215605365112,20,0.35,0.35,20,1.0,1.0,7,0.0,0.0,7,0.0,0.0,13,0.0,0.0,13,0.0,0.0,20,0.0,0.0,20,0.0,0.0,20
1,L16,W1_KL_10,FORCED_ON,fit,U,16,16,0.875,0.875,16,0.0,0.0,16,0.625,0.625,16,0.005892952920476091,0.005892952920476091,16,0.875,0.875,16,1.0,1.0,14,0.0,0.0,14,0.0,0.0,2,0.5,0.5,2,0.1875,0.1875,16,0.0,0.0,16,0.0,0.0,16
1,L16,W1_KL_10,FORCED_ON,fit,positive,5,2,0.5,0.8,5,0.5,0.8,5,0.5,0.2,5,,,0,0.0,0.0,5,,,0,,,0,0.5,0.8,5,0.5,0.8,5,0.5,0.8,5,1.0,1.0,5,0.0,0.0,5
1,L16,W1_KL_10,FORCED_ON,fit,scope_fit_positive_not_used_for_positive_CE,4,1,0.0,0.0,4,0.0,0.0,4,1.0,1.0,4,,,0,0.0,0.0,4,,,0,,,0,0.0,0.0,4,0.0,0.0,4,0.0,0.0,4,1.0,1.0,4,0.0,0.0,4
1,L16,W1_KL_10,FORCED_ON,formal_development,T1G,4,4,0.0,0.0,4,0.0,0.0,4,1.0,1.0,4,,,0,0.0,0.0,4,,,0,,,0,0.0,0.0,4,0.0,0.0,4,0.0,0.0,4,0.0,0.0,4,0.0,0.0,4
1,L16,W1_KL_10,FORCED_ON,formal_development,T2G,3,1,0.3333333333333333,0.3333333333333333,3,0.0,0.0,3,0.6666666666666666,0.6666666666666666,3,,,0,0.0,0.0,3,,,0,,,0,0.3333333333333333,0.3333333333333333,3,0.3333333333333333,0.3333333333333333,3,0.3333333333333333,0.3333333333333333,3,0.6666666666666666,0.6666666666666666,3,0.0,0.0,3
1,L16,W1_KL_10,FORCED_ON,native,positive,1,1,0.0,0.0,1,0.0,0.0,1,1.0,1.0,1,,,0,0.0,0.0,1,,,0,,,0,0.0,0.0,1,0.0,0.0,1,0.0,0.0,1,1.0,1.0,1,0.0,0.0,1
1,L16,W2_GROUP_CONSTRAINED,DISABLED,calibration,H,16,4,0.0,0.0,16,0.0,0.0,16,1.0,1.0,16,0.0,0.0,16,0.0,0.0,16,,,0,,,0,0.0,0.0,16,0.0,0.0,16,0.0,0.0,16,0.0,0.0,16,0.0,0.0,16
1,L16,W2_GROUP_CONSTRAINED,DISABLED,calibration,U,16,16,0.8125,0.8125,16,0.0,0.0,16,1.0,1.0,16,0.0,0.0,16,0.8125,0.8125,16,1.0,1.0,13,0.0,0.0,13,0.0,0.0,3,0.0,0.0,3,0.125,0.125,16,0.0,0.0,16,0.0,0.0,16
1,L16,W2_GROUP_CONSTRAINED,DISABLED,calibration,positive,4,1,0.5,0.5,4,0.0,0.0,4,1.0,1.0,4,,,0,0.5,0.5,4,1.0,1.0,2,0.0,0.0,2,0.0,0.0,2,0.0,0.0,2,0.5,0.5,4,1.0,1.0,4,0.0,0.0,4
1,L16,W2_GROUP_CONSTRAINED,DISABLED,challenge,same_image_other_fact_challenge,12,1,0.25,0.25,12,0.0,0.0,12,1.0,1.0,12,0.0,0.0,12,0.25,0.25,12,1.0,1.0,3,0.0,0.0,3,0.0,0.0,9,0.0,0.0,9,0.25,0.25,12,0.16666666666666666,0.16666666666666666,12,0.0,0.0,12
1,L16,W2_GROUP_CONSTRAINED,DISABLED,evaluation,H,20,5,0.2,0.2,20,0.0,0.0,20,1.0,1.0,20,0.0,0.0,20,0.2,0.2,20,1.0,1.0,4,0.0,0.0,4,0.0,0.0,16,0.0,0.0,16,0.15,0.15,20,0.05,0.05,20,0.0,0.0,20
1,L16,W2_GROUP_CONSTRAINED,DISABLED,evaluation,U,15,15,0.8,0.8,15,0.0,0.0,15,1.0,1.0,15,0.0,0.0,15,0.8,0.8,15,1.0,1.0,12,0.0,0.0,12,0.0,0.0,3,0.0,0.0,3,0.2,0.2,15,0.0,0.0,15,0.0,0.0,15
1,L16,W2_GROUP_CONSTRAINED,DISABLED,evaluation,positive,4,1,0.0,0.0,4,0.0,0.0,4,1.0,1.0,4,,,0,0.0,0.0,4,,,0,,,0,0.0,0.0,4,0.0,0.0,4,0.0,0.0,4,0.75,0.75,4,0.0,0.0,4
1,L16,W2_GROUP_CONSTRAINED,DISABLED,fit,H,20,4,0.35,0.35,20,0.0,0.0,20,1.0,1.0,20,0.0,0.0,20,0.35,0.35,20,1.0,1.0,7,0.0,0.0,7,0.0,0.0,13,0.0,0.0,13,0.0,0.0,20,0.0,0.0,20,0.0,0.0,20
1,L16,W2_GROUP_CONSTRAINED,DISABLED,fit,U,16,16,0.875,0.875,16,0.0,0.0,16,1.0,1.0,16,0.0,0.0,16,0.875,0.875,16,1.0,1.0,14,0.0,0.0,14,0.0,0.0,2,0.0,0.0,2,0.1875,0.1875,16,0.0,0.0,16,0.0,0.0,16
1,L16,W2_GROUP_CONSTRAINED,DISABLED,fit,positive,5,2,0.0,0.0,5,0.0,0.0,5,1.0,1.0,5,,,0,0.0,0.0,5,,,0,,,0,0.0,0.0,5,0.0,0.0,5,0.0,0.0,5,1.0,1.0,5,0.0,0.0,5
1,L16,W2_GROUP_CONSTRAINED,DISABLED,fit,scope_fit_positive_not_used_for_positive_CE,4,1,0.0,0.0,4,0.0,0.0,4,1.0,1.0,4,,,0,0.0,0.0,4,,,0,,,0,0.0,0.0,4,0.0,0.0,4,0.0,0.0,4,1.0,1.0,4,0.0,0.0,4
1,L16,W2_GROUP_CONSTRAINED,DISABLED,formal_development,T1G,4,4,0.0,0.0,4,0.0,0.0,4,1.0,1.0,4,,,0,0.0,0.0,4,,,0,,,0,0.0,0.0,4,0.0,0.0,4,0.0,0.0,4,0.0,0.0,4,0.0,0.0,4
1,L16,W2_GROUP_CONSTRAINED,DISABLED,formal_development,T2G,3,1,0.0,0.0,3,0.0,0.0,3,1.0,1.0,3,,,0,0.0,0.0,3,,,0,,,0,0.0,0.0,3,0.0,0.0,3,0.0,0.0,3,0.6666666666666666,0.6666666666666666,3,0.0,0.0,3
1,L16,W2_GROUP_CONSTRAINED,DISABLED,native,positive,1,1,0.0,0.0,1,0.0,0.0,1,1.0,1.0,1,,,0,0.0,0.0,1,,,0,,,0,0.0,0.0,1,0.0,0.0,1,0.0,0.0,1,1.0,1.0,1,0.0,0.0,1
1,L16,W2_GROUP_CONSTRAINED,FIXED_ROUTER,calibration,H,16,4,0.0,0.0,16,0.0,0.0,16,1.0,1.0,16,0.0,0.0,16,0.0,0.0,16,,,0,,,0,0.0,0.0,16,0.0,0.0,16,0.0,0.0,16,0.0,0.0,16,0.0,0.0,16
1,L16,W2_GROUP_CONSTRAINED,FIXED_ROUTER,calibration,U,16,16,0.8125,0.8125,16,0.0,0.0,16,1.0,1.0,16,0.0,0.0,16,0.8125,0.8125,16,1.0,1.0,13,0.0,0.0,13,0.0,0.0,3,0.0,0.0,3,0.125,0.125,16,0.0,0.0,16,0.0,0.0,16
1,L16,W2_GROUP_CONSTRAINED,FIXED_ROUTER,calibration,positive,4,1,1.0,1.0,4,0.75,0.75,4,0.25,0.25,4,,,0,0.5,0.5,4,1.0,1.0,2,0.0,0.0,2,1.0,1.0,2,1.0,1.0,2,1.0,1.0,4,1.0,1.0,4,0.0,0.0,4
1,L16,W2_GROUP_CONSTRAINED,FIXED_ROUTER,challenge,same_image_other_fact_challenge,12,1,0.25,0.25,12,0.0,0.0,12,0.8333333333333334,0.8333333333333334,12,0.01918579711734007,0.01918579711734007,12,0.25,0.25,12,1.0,1.0,3,0.0,0.0,3,0.0,0.0,9,0.2222222222222222,0.2222222222222222,9,0.3333333333333333,0.3333333333333333,12,0.16666666666666666,0.16666666666666666,12,0.0,0.0,12
1,L16,W2_GROUP_CONSTRAINED,FIXED_ROUTER,evaluation,H,20,5,0.2,0.2,20,0.0,0.0,20,0.95,0.95,20,0.022288714349269868,0.022288714349269868,20,0.2,0.2,20,1.0,1.0,4,0.0,0.0,4,0.0,0.0,16,0.0,0.0,16,0.15,0.15,20,0.05,0.05,20,0.0,0.0,20
1,L16,W2_GROUP_CONSTRAINED,FIXED_ROUTER,evaluation,U,15,15,0.8,0.8,15,0.0,0.0,15,1.0,1.0,15,0.0,0.0,15,0.8,0.8,15,1.0,1.0,12,0.0,0.0,12,0.0,0.0,3,0.0,0.0,3,0.2,0.2,15,0.0,0.0,15,0.0,0.0,15
1,L16,W2_GROUP_CONSTRAINED,FIXED_ROUTER,evaluation,positive,4,1,0.75,0.75,4,0.75,0.75,4,0.25,0.25,4,,,0,0.0,0.0,4,,,0,,,0,0.75,0.75,4,0.75,0.75,4,0.75,0.75,4,0.75,0.75,4,0.0,0.0,4
1,L16,W2_GROUP_CONSTRAINED,FIXED_ROUTER,fit,H,20,4,0.35,0.35,20,0.0,0.0,20,1.0,1.0,20,0.0,0.0,20,0.35,0.35,20,1.0,1.0,7,0.0,0.0,7,0.0,0.0,13,0.0,0.0,13,0.0,0.0,20,0.0,0.0,20,0.0,0.0,20
1,L16,W2_GROUP_CONSTRAINED,FIXED_ROUTER,fit,U,16,16,0.875,0.875,16,0.0,0.0,16,1.0,1.0,16,0.0,0.0,16,0.875,0.875,16,1.0,1.0,14,0.0,0.0,14,0.0,0.0,2,0.0,0.0,2,0.1875,0.1875,16,0.0,0.0,16,0.0,0.0,16
1,L16,W2_GROUP_CONSTRAINED,FIXED_ROUTER,fit,positive,5,2,1.0,1.0,5,1.0,1.0,5,0.0,0.0,5,,,0,0.0,0.0,5,,,0,,,0,1.0,1.0,5,1.0,1.0,5,1.0,1.0,5,1.0,1.0,5,0.0,0.0,5
1,L16,W2_GROUP_CONSTRAINED,FIXED_ROUTER,fit,scope_fit_positive_not_used_for_positive_CE,4,1,1.0,1.0,4,1.0,1.0,4,0.0,0.0,4,,,0,0.0,0.0,4,,,0,,,0,1.0,1.0,4,1.0,1.0,4,1.0,1.0,4,1.0,1.0,4,0.0,0.0,4
1,L16,W2_GROUP_CONSTRAINED,FIXED_ROUTER,formal_development,T1G,4,4,0.0,0.0,4,0.0,0.0,4,1.0,1.0,4,,,0,0.0,0.0,4,,,0,,,0,0.0,0.0,4,0.0,0.0,4,0.0,0.0,4,0.0,0.0,4,0.0,0.0,4
1,L16,W2_GROUP_CONSTRAINED,FIXED_ROUTER,formal_development,T2G,3,1,0.6666666666666666,0.6666666666666666,3,0.3333333333333333,0.3333333333333333,3,0.3333333333333333,0.3333333333333333,3,,,0,0.0,0.0,3,,,0,,,0,0.6666666666666666,0.6666666666666666,3,0.6666666666666666,0.6666666666666666,3,0.6666666666666666,0.6666666666666666,3,0.6666666666666666,0.6666666666666666,3,0.0,0.0,3
1,L16,W2_GROUP_CONSTRAINED,FIXED_ROUTER,native,positive,1,1,1.0,1.0,1,1.0,1.0,1,0.0,0.0,1,,,0,0.0,0.0,1,,,0,,,0,1.0,1.0,1,1.0,1.0,1,1.0,1.0,1,1.0,1.0,1,0.0,0.0,1
1,L16,W2_GROUP_CONSTRAINED,FORCED_ON,calibration,H,16,4,0.0625,0.0625,16,0.0,0.0,16,0.375,0.375,16,0.11556903607561253,0.11556903607561253,16,0.0,0.0,16,,,0,,,0,0.0625,0.0625,16,0.625,0.625,16,0.625,0.625,16,0.0,0.0,16,0.0,0.0,16
1,L16,W2_GROUP_CONSTRAINED,FORCED_ON,calibration,U,16,16,0.8125,0.8125,16,0.0,0.0,16,0.5,0.5,16,0.00506819961083238,0.00506819961083238,16,0.8125,0.8125,16,1.0,1.0,13,0.0,0.0,13,0.0,0.0,3,0.6666666666666666,0.6666666666666666,3,0.125,0.125,16,0.0,0.0,16,0.0,0.0,16
1,L16,W2_GROUP_CONSTRAINED,FORCED_ON,calibration,positive,4,1,1.0,1.0,4,0.75,0.75,4,0.25,0.25,4,,,0,0.5,0.5,4,1.0,1.0,2,0.0,0.0,2,1.0,1.0,2,1.0,1.0,2,1.0,1.0,4,1.0,1.0,4,0.0,0.0,4
1,L16,W2_GROUP_CONSTRAINED,FORCED_ON,challenge,same_image_other_fact_challenge,12,1,0.16666666666666666,0.16666666666666666,12,0.0,0.0,12,0.4166666666666667,0.4166666666666667,12,0.025831309496425092,0.025831309496425092,12,0.25,0.25,12,0.6666666666666666,0.6666666666666666,3,0.3333333333333333,0.3333333333333333,3,0.0,0.0,9,0.6666666666666666,0.6666666666666666,9,0.3333333333333333,0.3333333333333333,12,0.16666666666666666,0.16666666666666666,12,0.0,0.0,12
1,L16,W2_GROUP_CONSTRAINED,FORCED_ON,evaluation,H,20,5,0.55,0.55,20,0.0,0.0,20,0.0,0.0,20,0.4439147114753723,0.4439147114753723,20,0.2,0.2,20,1.0,1.0,4,0.0,0.0,4,0.5333333333333333,0.4375,16,1.0,1.0,16,1.0,1.0,20,0.05,0.05,20,0.0,0.0,20
1,L16,W2_GROUP_CONSTRAINED,FORCED_ON,evaluation,U,15,15,0.8,0.8,15,0.0,0.0,15,0.5333333333333333,0.5333333333333333,15,0.0053464682074263695,0.0053464682074263695,15,0.8,0.8,15,1.0,1.0,12,0.0,0.0,12,0.0,0.0,3,1.0,1.0,3,0.26666666666666666,0.26666666666666666,15,0.0,0.0,15,0.0,0.0,15
1,L16,W2_GROUP_CONSTRAINED,FORCED_ON,evaluation,positive,4,1,1.0,1.0,4,1.0,1.0,4,0.0,0.0,4,,,0,0.0,0.0,4,,,0,,,0,1.0,1.0,4,1.0,1.0,4,1.0,1.0,4,0.75,0.75,4,0.0,0.0,4
1,L16,W2_GROUP_CONSTRAINED,FORCED_ON,fit,H,20,4,0.4,0.4,20,0.0,0.0,20,0.15000000000000002,0.15,20,0.1587258036714047,0.1587258036714047,20,0.35,0.35,20,0.7,0.5714285714285714,7,0.3,0.42857142857142855,7,0.3111111111111111,0.3076923076923077,13,0.9333333333333333,0.9230769230769231,13,0.85,0.85,20,0.0,0.0,20,0.0,0.0,20
1,L16,W2_GROUP_CONSTRAINED,FORCED_ON,fit,U,16,16,0.875,0.875,16,0.0,0.0,16,0.6875,0.6875,16,0.0051976126596855465,0.0051976126596855465,16,0.875,0.875,16,1.0,1.0,14,0.0,0.0,14,0.0,0.0,2,0.0,0.0,2,0.1875,0.1875,16,0.0,0.0,16,0.0,0.0,16
1,L16,W2_GROUP_CONSTRAINED,FORCED_ON,fit,positive,5,2,1.0,1.0,5,1.0,1.0,5,0.0,0.0,5,,,0,0.0,0.0,5,,,0,,,0,1.0,1.0,5,1.0,1.0,5,1.0,1.0,5,1.0,1.0,5,0.0,0.0,5
1,L16,W2_GROUP_CONSTRAINED,FORCED_ON,fit,scope_fit_positive_not_used_for_positive_CE,4,1,1.0,1.0,4,1.0,1.0,4,0.0,0.0,4,,,0,0.0,0.0,4,,,0,,,0,1.0,1.0,4,1.0,1.0,4,1.0,1.0,4,1.0,1.0,4,0.0,0.0,4
1,L16,W2_GROUP_CONSTRAINED,FORCED_ON,formal_development,T1G,4,4,1.0,1.0,4,1.0,1.0,4,0.0,0.0,4,,,0,0.0,0.0,4,,,0,,,0,1.0,1.0,4,1.0,1.0,4,1.0,1.0,4,0.0,0.0,4,0.0,0.0,4
1,L16,W2_GROUP_CONSTRAINED,FORCED_ON,formal_development,T2G,3,1,0.6666666666666666,0.6666666666666666,3,0.3333333333333333,0.3333333333333333,3,0.3333333333333333,0.3333333333333333,3,,,0,0.0,0.0,3,,,0,,,0,0.6666666666666666,0.6666666666666666,3,0.6666666666666666,0.6666666666666666,3,0.6666666666666666,0.6666666666666666,3,0.6666666666666666,0.6666666666666666,3,0.0,0.0,3
1,L16,W2_GROUP_CONSTRAINED,FORCED_ON,native,positive,1,1,1.0,1.0,1,1.0,1.0,1,0.0,0.0,1,,,0,0.0,0.0,1,,,0,,,0,1.0,1.0,1,1.0,1.0,1,1.0,1.0,1,1.0,1.0,1,0.0,0.0,1
1,P4,W0_TASK_ONLY,DISABLED,calibration,H,16,4,0.0,0.0,16,0.0,0.0,16,1.0,1.0,16,0.0,0.0,16,0.0,0.0,16,,,0,,,0,0.0,0.0,16,0.0,0.0,16,0.0,0.0,16,0.0,0.0,16,0.0,0.0,16
1,P4,W0_TASK_ONLY,DISABLED,calibration,U,16,16,0.8125,0.8125,16,0.0,0.0,16,1.0,1.0,16,0.0,0.0,16,0.8125,0.8125,16,1.0,1.0,13,0.0,0.0,13,0.0,0.0,3,0.0,0.0,3,0.125,0.125,16,0.0,0.0,16,0.0,0.0,16
1,P4,W0_TASK_ONLY,DISABLED,calibration,positive,4,1,0.5,0.5,4,0.0,0.0,4,1.0,1.0,4,,,0,0.5,0.5,4,1.0,1.0,2,0.0,0.0,2,0.0,0.0,2,0.0,0.0,2,0.5,0.5,4,1.0,1.0,4,0.0,0.0,4
1,P4,W0_TASK_ONLY,DISABLED,challenge,same_image_other_fact_challenge,12,1,0.25,0.25,12,0.0,0.0,12,1.0,1.0,12,0.0,0.0,12,0.25,0.25,12,1.0,1.0,3,0.0,0.0,3,0.0,0.0,9,0.0,0.0,9,0.25,0.25,12,0.16666666666666666,0.16666666666666666,12,0.0,0.0,12
1,P4,W0_TASK_ONLY,DISABLED,evaluation,H,20,5,0.2,0.2,20,0.0,0.0,20,1.0,1.0,20,0.0,0.0,20,0.2,0.2,20,1.0,1.0,4,0.0,0.0,4,0.0,0.0,16,0.0,0.0,16,0.15,0.15,20,0.05,0.05,20,0.0,0.0,20
1,P4,W0_TASK_ONLY,DISABLED,evaluation,U,15,15,0.8,0.8,15,0.0,0.0,15,1.0,1.0,15,0.0,0.0,15,0.8,0.8,15,1.0,1.0,12,0.0,0.0,12,0.0,0.0,3,0.0,0.0,3,0.2,0.2,15,0.0,0.0,15,0.0,0.0,15
1,P4,W0_TASK_ONLY,DISABLED,evaluation,positive,4,1,0.0,0.0,4,0.0,0.0,4,1.0,1.0,4,,,0,0.0,0.0,4,,,0,,,0,0.0,0.0,4,0.0,0.0,4,0.0,0.0,4,0.75,0.75,4,0.0,0.0,4
1,P4,W0_TASK_ONLY,DISABLED,fit,H,20,4,0.35,0.35,20,0.0,0.0,20,1.0,1.0,20,0.0,0.0,20,0.35,0.35,20,1.0,1.0,7,0.0,0.0,7,0.0,0.0,13,0.0,0.0,13,0.0,0.0,20,0.0,0.0,20,0.0,0.0,20
1,P4,W0_TASK_ONLY,DISABLED,fit,U,16,16,0.875,0.875,16,0.0,0.0,16,1.0,1.0,16,0.0,0.0,16,0.875,0.875,16,1.0,1.0,14,0.0,0.0,14,0.0,0.0,2,0.0,0.0,2,0.1875,0.1875,16,0.0,0.0,16,0.0,0.0,16
1,P4,W0_TASK_ONLY,DISABLED,fit,positive,5,2,0.0,0.0,5,0.0,0.0,5,1.0,1.0,5,,,0,0.0,0.0,5,,,0,,,0,0.0,0.0,5,0.0,0.0,5,0.0,0.0,5,1.0,1.0,5,0.0,0.0,5
1,P4,W0_TASK_ONLY,DISABLED,fit,scope_fit_positive_not_used_for_positive_CE,4,1,0.0,0.0,4,0.0,0.0,4,1.0,1.0,4,,,0,0.0,0.0,4,,,0,,,0,0.0,0.0,4,0.0,0.0,4,0.0,0.0,4,1.0,1.0,4,0.0,0.0,4
1,P4,W0_TASK_ONLY,DISABLED,formal_development,T1G,4,4,0.0,0.0,4,0.0,0.0,4,1.0,1.0,4,,,0,0.0,0.0,4,,,0,,,0,0.0,0.0,4,0.0,0.0,4,0.0,0.0,4,0.0,0.0,4,0.0,0.0,4
1,P4,W0_TASK_ONLY,DISABLED,formal_development,T2G,3,1,0.0,0.0,3,0.0,0.0,3,1.0,1.0,3,,,0,0.0,0.0,3,,,0,,,0,0.0,0.0,3,0.0,0.0,3,0.0,0.0,3,0.6666666666666666,0.6666666666666666,3,0.0,0.0,3
1,P4,W0_TASK_ONLY,DISABLED,native,positive,1,1,0.0,0.0,1,0.0,0.0,1,1.0,1.0,1,,,0,0.0,0.0,1,,,0,,,0,0.0,0.0,1,0.0,0.0,1,0.0,0.0,1,1.0,1.0,1,0.0,0.0,1
1,P4,W0_TASK_ONLY,FIXED_ROUTER,calibration,H,16,4,0.0,0.0,16,0.0,0.0,16,1.0,1.0,16,0.0,0.0,16,0.0,0.0,16,,,0,,,0,0.0,0.0,16,0.0,0.0,16,0.0,0.0,16,0.0,0.0,16,0.0,0.0,16
1,P4,W0_TASK_ONLY,FIXED_ROUTER,calibration,U,16,16,0.8125,0.8125,16,0.0,0.0,16,1.0,1.0,16,0.0,0.0,16,0.8125,0.8125,16,1.0,1.0,13,0.0,0.0,13,0.0,0.0,3,0.0,0.0,3,0.125,0.125,16,0.0,0.0,16,0.0,0.0,16
1,P4,W0_TASK_ONLY,FIXED_ROUTER,calibration,positive,4,1,1.0,1.0,4,1.0,1.0,4,0.0,0.0,4,,,0,0.5,0.5,4,1.0,1.0,2,0.0,0.0,2,1.0,1.0,2,1.0,1.0,2,1.0,1.0,4,1.0,1.0,4,0.0,0.0,4
1,P4,W0_TASK_ONLY,FIXED_ROUTER,challenge,same_image_other_fact_challenge,12,1,0.25,0.25,12,0.0,0.0,12,0.8333333333333334,0.8333333333333334,12,0.048102062195539474,0.048102062195539474,12,0.25,0.25,12,1.0,1.0,3,0.0,0.0,3,0.0,0.0,9,0.2222222222222222,0.2222222222222222,9,0.3333333333333333,0.3333333333333333,12,0.16666666666666666,0.16666666666666666,12,0.0,0.0,12
1,P4,W0_TASK_ONLY,FIXED_ROUTER,evaluation,H,20,5,0.2,0.2,20,0.0,0.0,20,0.95,0.95,20,0.02137954980134964,0.02137954980134964,20,0.2,0.2,20,1.0,1.0,4,0.0,0.0,4,0.0,0.0,16,0.0,0.0,16,0.15,0.15,20,0.05,0.05,20,0.0,0.0,20
1,P4,W0_TASK_ONLY,FIXED_ROUTER,evaluation,U,15,15,0.8,0.8,15,0.0,0.0,15,1.0,1.0,15,0.0,0.0,15,0.8,0.8,15,1.0,1.0,12,0.0,0.0,12,0.0,0.0,3,0.0,0.0,3,0.2,0.2,15,0.0,0.0,15,0.0,0.0,15
1,P4,W0_TASK_ONLY,FIXED_ROUTER,evaluation,positive,4,1,0.75,0.75,4,0.75,0.75,4,0.25,0.25,4,,,0,0.0,0.0,4,,,0,,,0,0.75,0.75,4,0.75,0.75,4,0.75,0.75,4,0.75,0.75,4,0.0,0.0,4
1,P4,W0_TASK_ONLY,FIXED_ROUTER,fit,H,20,4,0.35,0.35,20,0.0,0.0,20,1.0,1.0,20,0.0,0.0,20,0.35,0.35,20,1.0,1.0,7,0.0,0.0,7,0.0,0.0,13,0.0,0.0,13,0.0,0.0,20,0.0,0.0,20,0.0,0.0,20
1,P4,W0_TASK_ONLY,FIXED_ROUTER,fit,U,16,16,0.875,0.875,16,0.0,0.0,16,1.0,1.0,16,0.0,0.0,16,0.875,0.875,16,1.0,1.0,14,0.0,0.0,14,0.0,0.0,2,0.0,0.0,2,0.1875,0.1875,16,0.0,0.0,16,0.0,0.0,16
1,P4,W0_TASK_ONLY,FIXED_ROUTER,fit,positive,5,2,1.0,1.0,5,1.0,1.0,5,0.0,0.0,5,,,0,0.0,0.0,5,,,0,,,0,1.0,1.0,5,1.0,1.0,5,1.0,1.0,5,1.0,1.0,5,0.0,0.0,5
1,P4,W0_TASK_ONLY,FIXED_ROUTER,fit,scope_fit_positive_not_used_for_positive_CE,4,1,1.0,1.0,4,1.0,1.0,4,0.0,0.0,4,,,0,0.0,0.0,4,,,0,,,0,1.0,1.0,4,1.0,1.0,4,1.0,1.0,4,1.0,1.0,4,0.0,0.0,4
1,P4,W0_TASK_ONLY,FIXED_ROUTER,formal_development,T1G,4,4,0.0,0.0,4,0.0,0.0,4,1.0,1.0,4,,,0,0.0,0.0,4,,,0,,,0,0.0,0.0,4,0.0,0.0,4,0.0,0.0,4,0.0,0.0,4,0.0,0.0,4
1,P4,W0_TASK_ONLY,FIXED_ROUTER,formal_development,T2G,3,1,0.6666666666666666,0.6666666666666666,3,0.6666666666666666,0.6666666666666666,3,0.3333333333333333,0.3333333333333333,3,,,0,0.0,0.0,3,,,0,,,0,0.6666666666666666,0.6666666666666666,3,0.6666666666666666,0.6666666666666666,3,0.6666666666666666,0.6666666666666666,3,0.6666666666666666,0.6666666666666666,3,0.0,0.0,3
1,P4,W0_TASK_ONLY,FIXED_ROUTER,native,positive,1,1,1.0,1.0,1,1.0,1.0,1,0.0,0.0,1,,,0,0.0,0.0,1,,,0,,,0,1.0,1.0,1,1.0,1.0,1,1.0,1.0,1,1.0,1.0,1,0.0,0.0,1
1,P4,W0_TASK_ONLY,FORCED_ON,calibration,H,16,4,0.125,0.125,16,0.0,0.0,16,0.0,0.0,16,0.48348711244761944,0.48348711244761944,16,0.0,0.0,16,,,0,,,0,0.125,0.125,16,1.0,1.0,16,1.0,1.0,16,0.0,0.0,16,0.0,0.0,16
1,P4,W0_TASK_ONLY,FORCED_ON,calibration,U,16,16,0.6875,0.6875,16,0.0,0.0,16,0.25,0.25,16,0.025347752874949947,0.025347752874949947,16,0.8125,0.8125,16,0.8461538461538461,0.8461538461538461,13,0.15384615384615385,0.15384615384615385,13,0.0,0.0,3,0.6666666666666666,0.6666666666666666,3,0.0625,0.0625,16,0.0,0.0,16,0.0,0.0,16
1,P4,W0_TASK_ONLY,FORCED_ON,calibration,positive,4,1,1.0,1.0,4,1.0,1.0,4,0.0,0.0,4,,,0,0.5,0.5,4,1.0,1.0,2,0.0,0.0,2,1.0,1.0,2,1.0,1.0,2,1.0,1.0,4,1.0,1.0,4,0.0,0.0,4
1,P4,W0_TASK_ONLY,FORCED_ON,challenge,same_image_other_fact_challenge,12,1,0.16666666666666666,0.16666666666666666,12,0.0,0.0,12,0.0,0.0,12,0.1378494567858676,0.1378494567858676,12,0.25,0.25,12,0.3333333333333333,0.3333333333333333,3,0.6666666666666666,0.6666666666666666,3,0.1111111111111111,0.1111111111111111,9,1.0,1.0,9,0.4166666666666667,0.4166666666666667,12,0.16666666666666666,0.16666666666666666,12,0.0,0.0,12
1,P4,W0_TASK_ONLY,FORCED_ON,evaluation,H,20,5,0.55,0.55,20,0.0,0.0,20,0.0,0.0,20,0.43894524350762365,0.43894524350762365,20,0.2,0.2,20,1.0,1.0,4,0.0,0.0,4,0.5333333333333333,0.4375,16,1.0,1.0,16,1.0,1.0,20,0.05,0.05,20,0.0,0.0,20
1,P4,W0_TASK_ONLY,FORCED_ON,evaluation,U,15,15,0.8,0.8,15,0.0,0.0,15,0.4666666666666667,0.4666666666666667,15,0.04819807612026731,0.04819807612026731,15,0.8,0.8,15,0.9166666666666666,0.9166666666666666,12,0.08333333333333333,0.08333333333333333,12,0.3333333333333333,0.3333333333333333,3,1.0,1.0,3,0.26666666666666666,0.26666666666666666,15,0.0,0.0,15,0.0,0.0,15
1,P4,W0_TASK_ONLY,FORCED_ON,evaluation,positive,4,1,1.0,1.0,4,1.0,1.0,4,0.0,0.0,4,,,0,0.0,0.0,4,,,0,,,0,1.0,1.0,4,1.0,1.0,4,1.0,1.0,4,0.75,0.75,4,0.0,0.0,4
1,P4,W0_TASK_ONLY,FORCED_ON,fit,H,20,4,0.3,0.3,20,0.0,0.0,20,0.0,0.0,20,0.5517826959490776,0.5517826959490776,20,0.35,0.35,20,0.5,0.2857142857142857,7,0.5,0.7142857142857143,7,0.3111111111111111,0.3076923076923077,13,1.0,1.0,13,1.0,1.0,20,0.0,0.0,20,0.0,0.0,20
1,P4,W0_TASK_ONLY,FORCED_ON,fit,U,16,16,0.875,0.875,16,0.0,0.0,16,0.1875,0.1875,16,0.040436878363834694,0.040436878363834694,16,0.875,0.875,16,0.8571428571428571,0.8571428571428571,14,0.14285714285714285,0.14285714285714285,14,1.0,1.0,2,1.0,1.0,2,0.0625,0.0625,16,0.0,0.0,16,0.0,0.0,16
1,P4,W0_TASK_ONLY,FORCED_ON,fit,positive,5,2,1.0,1.0,5,1.0,1.0,5,0.0,0.0,5,,,0,0.0,0.0,5,,,0,,,0,1.0,1.0,5,1.0,1.0,5,1.0,1.0,5,1.0,1.0,5,0.0,0.0,5
1,P4,W0_TASK_ONLY,FORCED_ON,fit,scope_fit_positive_not_used_for_positive_CE,4,1,1.0,1.0,4,1.0,1.0,4,0.0,0.0,4,,,0,0.0,0.0,4,,,0,,,0,1.0,1.0,4,1.0,1.0,4,1.0,1.0,4,1.0,1.0,4,0.0,0.0,4
1,P4,W0_TASK_ONLY,FORCED_ON,formal_development,T1G,4,4,1.0,1.0,4,1.0,1.0,4,0.0,0.0,4,,,0,0.0,0.0,4,,,0,,,0,1.0,1.0,4,1.0,1.0,4,1.0,1.0,4,0.0,0.0,4,0.0,0.0,4
1,P4,W0_TASK_ONLY,FORCED_ON,formal_development,T2G,3,1,1.0,1.0,3,1.0,1.0,3,0.0,0.0,3,,,0,0.0,0.0,3,,,0,,,0,1.0,1.0,3,1.0,1.0,3,1.0,1.0,3,0.6666666666666666,0.6666666666666666,3,0.0,0.0,3
1,P4,W0_TASK_ONLY,FORCED_ON,native,positive,1,1,1.0,1.0,1,1.0,1.0,1,0.0,0.0,1,,,0,0.0,0.0,1,,,0,,,0,1.0,1.0,1,1.0,1.0,1,1.0,1.0,1,1.0,1.0,1,0.0,0.0,1
1,P4,W1_KL_0.1,DISABLED,calibration,H,16,4,0.0,0.0,16,0.0,0.0,16,1.0,1.0,16,0.0,0.0,16,0.0,0.0,16,,,0,,,0,0.0,0.0,16,0.0,0.0,16,0.0,0.0,16,0.0,0.0,16,0.0,0.0,16
1,P4,W1_KL_0.1,DISABLED,calibration,U,16,16,0.8125,0.8125,16,0.0,0.0,16,1.0,1.0,16,0.0,0.0,16,0.8125,0.8125,16,1.0,1.0,13,0.0,0.0,13,0.0,0.0,3,0.0,0.0,3,0.125,0.125,16,0.0,0.0,16,0.0,0.0,16
1,P4,W1_KL_0.1,DISABLED,calibration,positive,4,1,0.5,0.5,4,0.0,0.0,4,1.0,1.0,4,,,0,0.5,0.5,4,1.0,1.0,2,0.0,0.0,2,0.0,0.0,2,0.0,0.0,2,0.5,0.5,4,1.0,1.0,4,0.0,0.0,4
1,P4,W1_KL_0.1,DISABLED,challenge,same_image_other_fact_challenge,12,1,0.25,0.25,12,0.0,0.0,12,1.0,1.0,12,0.0,0.0,12,0.25,0.25,12,1.0,1.0,3,0.0,0.0,3,0.0,0.0,9,0.0,0.0,9,0.25,0.25,12,0.16666666666666666,0.16666666666666666,12,0.0,0.0,12
1,P4,W1_KL_0.1,DISABLED,evaluation,H,20,5,0.2,0.2,20,0.0,0.0,20,1.0,1.0,20,0.0,0.0,20,0.2,0.2,20,1.0,1.0,4,0.0,0.0,4,0.0,0.0,16,0.0,0.0,16,0.15,0.15,20,0.05,0.05,20,0.0,0.0,20
1,P4,W1_KL_0.1,DISABLED,evaluation,U,15,15,0.8,0.8,15,0.0,0.0,15,1.0,1.0,15,0.0,0.0,15,0.8,0.8,15,1.0,1.0,12,0.0,0.0,12,0.0,0.0,3,0.0,0.0,3,0.2,0.2,15,0.0,0.0,15,0.0,0.0,15
1,P4,W1_KL_0.1,DISABLED,evaluation,positive,4,1,0.0,0.0,4,0.0,0.0,4,1.0,1.0,4,,,0,0.0,0.0,4,,,0,,,0,0.0,0.0,4,0.0,0.0,4,0.0,0.0,4,0.75,0.75,4,0.0,0.0,4
1,P4,W1_KL_0.1,DISABLED,fit,H,20,4,0.35,0.35,20,0.0,0.0,20,1.0,1.0,20,0.0,0.0,20,0.35,0.35,20,1.0,1.0,7,0.0,0.0,7,0.0,0.0,13,0.0,0.0,13,0.0,0.0,20,0.0,0.0,20,0.0,0.0,20
1,P4,W1_KL_0.1,DISABLED,fit,U,16,16,0.875,0.875,16,0.0,0.0,16,1.0,1.0,16,0.0,0.0,16,0.875,0.875,16,1.0,1.0,14,0.0,0.0,14,0.0,0.0,2,0.0,0.0,2,0.1875,0.1875,16,0.0,0.0,16,0.0,0.0,16
1,P4,W1_KL_0.1,DISABLED,fit,positive,5,2,0.0,0.0,5,0.0,0.0,5,1.0,1.0,5,,,0,0.0,0.0,5,,,0,,,0,0.0,0.0,5,0.0,0.0,5,0.0,0.0,5,1.0,1.0,5,0.0,0.0,5
1,P4,W1_KL_0.1,DISABLED,fit,scope_fit_positive_not_used_for_positive_CE,4,1,0.0,0.0,4,0.0,0.0,4,1.0,1.0,4,,,0,0.0,0.0,4,,,0,,,0,0.0,0.0,4,0.0,0.0,4,0.0,0.0,4,1.0,1.0,4,0.0,0.0,4
1,P4,W1_KL_0.1,DISABLED,formal_development,T1G,4,4,0.0,0.0,4,0.0,0.0,4,1.0,1.0,4,,,0,0.0,0.0,4,,,0,,,0,0.0,0.0,4,0.0,0.0,4,0.0,0.0,4,0.0,0.0,4,0.0,0.0,4
1,P4,W1_KL_0.1,DISABLED,formal_development,T2G,3,1,0.0,0.0,3,0.0,0.0,3,1.0,1.0,3,,,0,0.0,0.0,3,,,0,,,0,0.0,0.0,3,0.0,0.0,3,0.0,0.0,3,0.6666666666666666,0.6666666666666666,3,0.0,0.0,3
1,P4,W1_KL_0.1,DISABLED,native,positive,1,1,0.0,0.0,1,0.0,0.0,1,1.0,1.0,1,,,0,0.0,0.0,1,,,0,,,0,0.0,0.0,1,0.0,0.0,1,0.0,0.0,1,1.0,1.0,1,0.0,0.0,1
1,P4,W1_KL_0.1,FIXED_ROUTER,calibration,H,16,4,0.0,0.0,16,0.0,0.0,16,1.0,1.0,16,0.0,0.0,16,0.0,0.0,16,,,0,,,0,0.0,0.0,16,0.0,0.0,16,0.0,0.0,16,0.0,0.0,16,0.0,0.0,16
1,P4,W1_KL_0.1,FIXED_ROUTER,calibration,U,16,16,0.8125,0.8125,16,0.0,0.0,16,1.0,1.0,16,0.0,0.0,16,0.8125,0.8125,16,1.0,1.0,13,0.0,0.0,13,0.0,0.0,3,0.0,0.0,3,0.125,0.125,16,0.0,0.0,16,0.0,0.0,16
1,P4,W1_KL_0.1,FIXED_ROUTER,calibration,positive,4,1,0.75,0.75,4,0.5,0.5,4,0.0,0.0,4,,,0,0.5,0.5,4,1.0,1.0,2,0.0,0.0,2,0.5,0.5,2,1.0,1.0,2,0.75,0.75,4,1.0,1.0,4,0.0,0.0,4
1,P4,W1_KL_0.1,FIXED_ROUTER,challenge,same_image_other_fact_challenge,12,1,0.25,0.25,12,0.0,0.0,12,0.8333333333333334,0.8333333333333334,12,0.009719618285695711,0.009719618285695711,12,0.25,0.25,12,1.0,1.0,3,0.0,0.0,3,0.0,0.0,9,0.2222222222222222,0.2222222222222222,9,0.3333333333333333,0.3333333333333333,12,0.16666666666666666,0.16666666666666666,12,0.0,0.0,12
1,P4,W1_KL_0.1,FIXED_ROUTER,evaluation,H,20,5,0.2,0.2,20,0.0,0.0,20,0.95,0.95,20,0.005067931488156319,0.005067931488156319,20,0.2,0.2,20,1.0,1.0,4,0.0,0.0,4,0.0,0.0,16,0.0,0.0,16,0.15,0.15,20,0.05,0.05,20,0.0,0.0,20
1,P4,W1_KL_0.1,FIXED_ROUTER,evaluation,U,15,15,0.8,0.8,15,0.0,0.0,15,1.0,1.0,15,0.0,0.0,15,0.8,0.8,15,1.0,1.0,12,0.0,0.0,12,0.0,0.0,3,0.0,0.0,3,0.2,0.2,15,0.0,0.0,15,0.0,0.0,15
1,P4,W1_KL_0.1,FIXED_ROUTER,evaluation,positive,4,1,0.75,0.75,4,0.75,0.75,4,0.25,0.25,4,,,0,0.0,0.0,4,,,0,,,0,0.75,0.75,4,0.75,0.75,4,0.75,0.75,4,0.75,0.75,4,0.0,0.0,4
1,P4,W1_KL_0.1,FIXED_ROUTER,fit,H,20,4,0.35,0.35,20,0.0,0.0,20,1.0,1.0,20,0.0,0.0,20,0.35,0.35,20,1.0,1.0,7,0.0,0.0,7,0.0,0.0,13,0.0,0.0,13,0.0,0.0,20,0.0,0.0,20,0.0,0.0,20
1,P4,W1_KL_0.1,FIXED_ROUTER,fit,U,16,16,0.875,0.875,16,0.0,0.0,16,1.0,1.0,16,0.0,0.0,16,0.875,0.875,16,1.0,1.0,14,0.0,0.0,14,0.0,0.0,2,0.0,0.0,2,0.1875,0.1875,16,0.0,0.0,16,0.0,0.0,16
1,P4,W1_KL_0.1,FIXED_ROUTER,fit,positive,5,2,1.0,1.0,5,1.0,1.0,5,0.0,0.0,5,,,0,0.0,0.0,5,,,0,,,0,1.0,1.0,5,1.0,1.0,5,1.0,1.0,5,1.0,1.0,5,0.0,0.0,5
1,P4,W1_KL_0.1,FIXED_ROUTER,fit,scope_fit_positive_not_used_for_positive_CE,4,1,1.0,1.0,4,1.0,1.0,4,0.0,0.0,4,,,0,0.0,0.0,4,,,0,,,0,1.0,1.0,4,1.0,1.0,4,1.0,1.0,4,1.0,1.0,4,0.0,0.0,4
1,P4,W1_KL_0.1,FIXED_ROUTER,formal_development,T1G,4,4,0.0,0.0,4,0.0,0.0,4,1.0,1.0,4,,,0,0.0,0.0,4,,,0,,,0,0.0,0.0,4,0.0,0.0,4,0.0,0.0,4,0.0,0.0,4,0.0,0.0,4
1,P4,W1_KL_0.1,FIXED_ROUTER,formal_development,T2G,3,1,0.0,0.0,3,0.0,0.0,3,1.0,1.0,3,,,0,0.0,0.0,3,,,0,,,0,0.0,0.0,3,0.0,0.0,3,0.0,0.0,3,0.6666666666666666,0.6666666666666666,3,0.0,0.0,3
1,P4,W1_KL_0.1,FIXED_ROUTER,native,positive,1,1,1.0,1.0,1,1.0,1.0,1,0.0,0.0,1,,,0,0.0,0.0,1,,,0,,,0,1.0,1.0,1,1.0,1.0,1,1.0,1.0,1,1.0,1.0,1,0.0,0.0,1
1,P4,W1_KL_0.1,FORCED_ON,calibration,H,16,4,0.0625,0.0625,16,0.0,0.0,16,0.4375,0.4375,16,0.061757087358273566,0.061757087358273566,16,0.0,0.0,16,,,0,,,0,0.0625,0.0625,16,0.5625,0.5625,16,0.5,0.5,16,0.0,0.0,16,0.0,0.0,16
1,P4,W1_KL_0.1,FORCED_ON,calibration,U,16,16,0.75,0.75,16,0.0,0.0,16,0.625,0.625,16,0.0019307713828311535,0.0019307713828311535,16,0.8125,0.8125,16,0.9230769230769231,0.9230769230769231,13,0.07692307692307693,0.07692307692307693,13,0.0,0.0,3,0.6666666666666666,0.6666666666666666,3,0.125,0.125,16,0.0,0.0,16,0.0,0.0,16
1,P4,W1_KL_0.1,FORCED_ON,calibration,positive,4,1,0.75,0.75,4,0.5,0.5,4,0.0,0.0,4,,,0,0.5,0.5,4,1.0,1.0,2,0.0,0.0,2,0.5,0.5,2,1.0,1.0,2,0.75,0.75,4,1.0,1.0,4,0.0,0.0,4
1,P4,W1_KL_0.1,FORCED_ON,challenge,same_image_other_fact_challenge,12,1,0.16666666666666666,0.16666666666666666,12,0.0,0.0,12,0.25,0.25,12,0.01879803485159452,0.01879803485159452,12,0.25,0.25,12,0.6666666666666666,0.6666666666666666,3,0.3333333333333333,0.3333333333333333,3,0.0,0.0,9,0.8888888888888888,0.8888888888888888,9,0.3333333333333333,0.3333333333333333,12,0.16666666666666666,0.16666666666666666,12,0.0,0.0,12
1,P4,W1_KL_0.1,FORCED_ON,evaluation,H,20,5,0.55,0.55,20,0.0,0.0,20,0.0,0.0,20,0.12092063799500466,0.12092063799500466,20,0.2,0.2,20,1.0,1.0,4,0.0,0.0,4,0.5333333333333333,0.4375,16,1.0,1.0,16,1.0,1.0,20,0.05,0.05,20,0.0,0.0,20
1,P4,W1_KL_0.1,FORCED_ON,evaluation,U,15,15,0.8,0.8,15,0.0,0.0,15,0.9333333333333333,0.9333333333333333,15,0.00474140999528269,0.00474140999528269,15,0.8,0.8,15,1.0,1.0,12,0.0,0.0,12,0.0,0.0,3,0.3333333333333333,0.3333333333333333,3,0.2,0.2,15,0.0,0.0,15,0.0,0.0,15
1,P4,W1_KL_0.1,FORCED_ON,evaluation,positive,4,1,1.0,1.0,4,1.0,1.0,4,0.0,0.0,4,,,0,0.0,0.0,4,,,0,,,0,1.0,1.0,4,1.0,1.0,4,1.0,1.0,4,0.75,0.75,4,0.0,0.0,4
1,P4,W1_KL_0.1,FORCED_ON,fit,H,20,4,0.35,0.35,20,0.0,0.0,20,0.3,0.3,20,0.0680382588878274,0.0680382588878274,20,0.35,0.35,20,0.8,0.7142857142857143,7,0.2,0.2857142857142857,7,0.13333333333333333,0.15384615384615385,13,0.7555555555555555,0.7692307692307693,13,0.65,0.65,20,0.0,0.0,20,0.0,0.0,20
1,P4,W1_KL_0.1,FORCED_ON,fit,U,16,16,0.875,0.875,16,0.0,0.0,16,0.9375,0.9375,16,0.0013064975701126968,0.0013064975701126968,16,0.875,0.875,16,1.0,1.0,14,0.0,0.0,14,0.0,0.0,2,0.0,0.0,2,0.1875,0.1875,16,0.0,0.0,16,0.0,0.0,16
1,P4,W1_KL_0.1,FORCED_ON,fit,positive,5,2,1.0,1.0,5,1.0,1.0,5,0.0,0.0,5,,,0,0.0,0.0,5,,,0,,,0,1.0,1.0,5,1.0,1.0,5,1.0,1.0,5,1.0,1.0,5,0.0,0.0,5
1,P4,W1_KL_0.1,FORCED_ON,fit,scope_fit_positive_not_used_for_positive_CE,4,1,1.0,1.0,4,1.0,1.0,4,0.0,0.0,4,,,0,0.0,0.0,4,,,0,,,0,1.0,1.0,4,1.0,1.0,4,1.0,1.0,4,1.0,1.0,4,0.0,0.0,4
1,P4,W1_KL_0.1,FORCED_ON,formal_development,T1G,4,4,1.0,1.0,4,1.0,1.0,4,0.0,0.0,4,,,0,0.0,0.0,4,,,0,,,0,1.0,1.0,4,1.0,1.0,4,1.0,1.0,4,0.0,0.0,4,0.0,0.0,4
1,P4,W1_KL_0.1,FORCED_ON,formal_development,T2G,3,1,0.0,0.0,3,0.0,0.0,3,1.0,1.0,3,,,0,0.0,0.0,3,,,0,,,0,0.0,0.0,3,0.0,0.0,3,0.0,0.0,3,0.6666666666666666,0.6666666666666666,3,0.0,0.0,3
1,P4,W1_KL_0.1,FORCED_ON,native,positive,1,1,1.0,1.0,1,1.0,1.0,1,0.0,0.0,1,,,0,0.0,0.0,1,,,0,,,0,1.0,1.0,1,1.0,1.0,1,1.0,1.0,1,1.0,1.0,1,0.0,0.0,1
1,P4,W1_KL_1,DISABLED,calibration,H,16,4,0.0,0.0,16,0.0,0.0,16,1.0,1.0,16,0.0,0.0,16,0.0,0.0,16,,,0,,,0,0.0,0.0,16,0.0,0.0,16,0.0,0.0,16,0.0,0.0,16,0.0,0.0,16
1,P4,W1_KL_1,DISABLED,calibration,U,16,16,0.8125,0.8125,16,0.0,0.0,16,1.0,1.0,16,0.0,0.0,16,0.8125,0.8125,16,1.0,1.0,13,0.0,0.0,13,0.0,0.0,3,0.0,0.0,3,0.125,0.125,16,0.0,0.0,16,0.0,0.0,16
1,P4,W1_KL_1,DISABLED,calibration,positive,4,1,0.5,0.5,4,0.0,0.0,4,1.0,1.0,4,,,0,0.5,0.5,4,1.0,1.0,2,0.0,0.0,2,0.0,0.0,2,0.0,0.0,2,0.5,0.5,4,1.0,1.0,4,0.0,0.0,4
1,P4,W1_KL_1,DISABLED,challenge,same_image_other_fact_challenge,12,1,0.25,0.25,12,0.0,0.0,12,1.0,1.0,12,0.0,0.0,12,0.25,0.25,12,1.0,1.0,3,0.0,0.0,3,0.0,0.0,9,0.0,0.0,9,0.25,0.25,12,0.16666666666666666,0.16666666666666666,12,0.0,0.0,12
1,P4,W1_KL_1,DISABLED,evaluation,H,20,5,0.2,0.2,20,0.0,0.0,20,1.0,1.0,20,0.0,0.0,20,0.2,0.2,20,1.0,1.0,4,0.0,0.0,4,0.0,0.0,16,0.0,0.0,16,0.15,0.15,20,0.05,0.05,20,0.0,0.0,20
1,P4,W1_KL_1,DISABLED,evaluation,U,15,15,0.8,0.8,15,0.0,0.0,15,1.0,1.0,15,0.0,0.0,15,0.8,0.8,15,1.0,1.0,12,0.0,0.0,12,0.0,0.0,3,0.0,0.0,3,0.2,0.2,15,0.0,0.0,15,0.0,0.0,15
1,P4,W1_KL_1,DISABLED,evaluation,positive,4,1,0.0,0.0,4,0.0,0.0,4,1.0,1.0,4,,,0,0.0,0.0,4,,,0,,,0,0.0,0.0,4,0.0,0.0,4,0.0,0.0,4,0.75,0.75,4,0.0,0.0,4
1,P4,W1_KL_1,DISABLED,fit,H,20,4,0.35,0.35,20,0.0,0.0,20,1.0,1.0,20,0.0,0.0,20,0.35,0.35,20,1.0,1.0,7,0.0,0.0,7,0.0,0.0,13,0.0,0.0,13,0.0,0.0,20,0.0,0.0,20,0.0,0.0,20
1,P4,W1_KL_1,DISABLED,fit,U,16,16,0.875,0.875,16,0.0,0.0,16,1.0,1.0,16,0.0,0.0,16,0.875,0.875,16,1.0,1.0,14,0.0,0.0,14,0.0,0.0,2,0.0,0.0,2,0.1875,0.1875,16,0.0,0.0,16,0.0,0.0,16
1,P4,W1_KL_1,DISABLED,fit,positive,5,2,0.0,0.0,5,0.0,0.0,5,1.0,1.0,5,,,0,0.0,0.0,5,,,0,,,0,0.0,0.0,5,0.0,0.0,5,0.0,0.0,5,1.0,1.0,5,0.0,0.0,5
1,P4,W1_KL_1,DISABLED,fit,scope_fit_positive_not_used_for_positive_CE,4,1,0.0,0.0,4,0.0,0.0,4,1.0,1.0,4,,,0,0.0,0.0,4,,,0,,,0,0.0,0.0,4,0.0,0.0,4,0.0,0.0,4,1.0,1.0,4,0.0,0.0,4
1,P4,W1_KL_1,DISABLED,formal_development,T1G,4,4,0.0,0.0,4,0.0,0.0,4,1.0,1.0,4,,,0,0.0,0.0,4,,,0,,,0,0.0,0.0,4,0.0,0.0,4,0.0,0.0,4,0.0,0.0,4,0.0,0.0,4
1,P4,W1_KL_1,DISABLED,formal_development,T2G,3,1,0.0,0.0,3,0.0,0.0,3,1.0,1.0,3,,,0,0.0,0.0,3,,,0,,,0,0.0,0.0,3,0.0,0.0,3,0.0,0.0,3,0.6666666666666666,0.6666666666666666,3,0.0,0.0,3
1,P4,W1_KL_1,DISABLED,native,positive,1,1,0.0,0.0,1,0.0,0.0,1,1.0,1.0,1,,,0,0.0,0.0,1,,,0,,,0,0.0,0.0,1,0.0,0.0,1,0.0,0.0,1,1.0,1.0,1,0.0,0.0,1
1,P4,W1_KL_1,FIXED_ROUTER,calibration,H,16,4,0.0,0.0,16,0.0,0.0,16,1.0,1.0,16,0.0,0.0,16,0.0,0.0,16,,,0,,,0,0.0,0.0,16,0.0,0.0,16,0.0,0.0,16,0.0,0.0,16,0.0,0.0,16
1,P4,W1_KL_1,FIXED_ROUTER,calibration,U,16,16,0.8125,0.8125,16,0.0,0.0,16,1.0,1.0,16,0.0,0.0,16,0.8125,0.8125,16,1.0,1.0,13,0.0,0.0,13,0.0,0.0,3,0.0,0.0,3,0.125,0.125,16,0.0,0.0,16,0.0,0.0,16
1,P4,W1_KL_1,FIXED_ROUTER,calibration,positive,4,1,0.5,0.5,4,0.25,0.25,4,0.5,0.5,4,,,0,0.5,0.5,4,1.0,1.0,2,0.0,0.0,2,0.0,0.0,2,0.0,0.0,2,0.5,0.5,4,1.0,1.0,4,0.0,0.0,4
1,P4,W1_KL_1,FIXED_ROUTER,challenge,same_image_other_fact_challenge,12,1,0.25,0.25,12,0.0,0.0,12,0.9166666666666666,0.9166666666666666,12,0.003601705189794302,0.003601705189794302,12,0.25,0.25,12,1.0,1.0,3,0.0,0.0,3,0.0,0.0,9,0.1111111111111111,0.1111111111111111,9,0.25,0.25,12,0.16666666666666666,0.16666666666666666,12,0.0,0.0,12
1,P4,W1_KL_1,FIXED_ROUTER,evaluation,H,20,5,0.2,0.2,20,0.0,0.0,20,0.95,0.95,20,0.002025846391916275,0.002025846391916275,20,0.2,0.2,20,1.0,1.0,4,0.0,0.0,4,0.0,0.0,16,0.0,0.0,16,0.15,0.15,20,0.05,0.05,20,0.0,0.0,20
1,P4,W1_KL_1,FIXED_ROUTER,evaluation,U,15,15,0.8,0.8,15,0.0,0.0,15,1.0,1.0,15,0.0,0.0,15,0.8,0.8,15,1.0,1.0,12,0.0,0.0,12,0.0,0.0,3,0.0,0.0,3,0.2,0.2,15,0.0,0.0,15,0.0,0.0,15
1,P4,W1_KL_1,FIXED_ROUTER,evaluation,positive,4,1,0.75,0.75,4,0.75,0.75,4,0.25,0.25,4,,,0,0.0,0.0,4,,,0,,,0,0.75,0.75,4,0.75,0.75,4,0.75,0.75,4,0.75,0.75,4,0.0,0.0,4
1,P4,W1_KL_1,FIXED_ROUTER,fit,H,20,4,0.35,0.35,20,0.0,0.0,20,1.0,1.0,20,0.0,0.0,20,0.35,0.35,20,1.0,1.0,7,0.0,0.0,7,0.0,0.0,13,0.0,0.0,13,0.0,0.0,20,0.0,0.0,20,0.0,0.0,20
1,P4,W1_KL_1,FIXED_ROUTER,fit,U,16,16,0.875,0.875,16,0.0,0.0,16,1.0,1.0,16,0.0,0.0,16,0.875,0.875,16,1.0,1.0,14,0.0,0.0,14,0.0,0.0,2,0.0,0.0,2,0.1875,0.1875,16,0.0,0.0,16,0.0,0.0,16
1,P4,W1_KL_1,FIXED_ROUTER,fit,positive,5,2,1.0,1.0,5,1.0,1.0,5,0.0,0.0,5,,,0,0.0,0.0,5,,,0,,,0,1.0,1.0,5,1.0,1.0,5,1.0,1.0,5,1.0,1.0,5,0.0,0.0,5
1,P4,W1_KL_1,FIXED_ROUTER,fit,scope_fit_positive_not_used_for_positive_CE,4,1,0.0,0.0,4,0.0,0.0,4,0.75,0.75,4,,,0,0.0,0.0,4,,,0,,,0,0.0,0.0,4,0.25,0.25,4,0.0,0.0,4,1.0,1.0,4,0.0,0.0,4
1,P4,W1_KL_1,FIXED_ROUTER,formal_development,T1G,4,4,0.0,0.0,4,0.0,0.0,4,1.0,1.0,4,,,0,0.0,0.0,4,,,0,,,0,0.0,0.0,4,0.0,0.0,4,0.0,0.0,4,0.0,0.0,4,0.0,0.0,4
1,P4,W1_KL_1,FIXED_ROUTER,formal_development,T2G,3,1,0.0,0.0,3,0.0,0.0,3,1.0,1.0,3,,,0,0.0,0.0,3,,,0,,,0,0.0,0.0,3,0.0,0.0,3,0.0,0.0,3,0.6666666666666666,0.6666666666666666,3,0.0,0.0,3
1,P4,W1_KL_1,FIXED_ROUTER,native,positive,1,1,1.0,1.0,1,1.0,1.0,1,0.0,0.0,1,,,0,0.0,0.0,1,,,0,,,0,1.0,1.0,1,1.0,1.0,1,1.0,1.0,1,1.0,1.0,1,0.0,0.0,1
1,P4,W1_KL_1,FORCED_ON,calibration,H,16,4,0.0,0.0,16,0.0,0.0,16,0.75,0.75,16,0.023199013696284965,0.023199013696284965,16,0.0,0.0,16,,,0,,,0,0.0,0.0,16,0.25,0.25,16,0.25,0.25,16,0.0,0.0,16,0.0,0.0,16
1,P4,W1_KL_1,FORCED_ON,calibration,U,16,16,0.8125,0.8125,16,0.0,0.0,16,0.6875,0.6875,16,0.0011471448706288356,0.0011471448706288356,16,0.8125,0.8125,16,1.0,1.0,13,0.0,0.0,13,0.0,0.0,3,0.6666666666666666,0.6666666666666666,3,0.125,0.125,16,0.0,0.0,16,0.0,0.0,16
1,P4,W1_KL_1,FORCED_ON,calibration,positive,4,1,0.5,0.5,4,0.25,0.25,4,0.5,0.5,4,,,0,0.5,0.5,4,1.0,1.0,2,0.0,0.0,2,0.0,0.0,2,0.0,0.0,2,0.5,0.5,4,1.0,1.0,4,0.0,0.0,4
1,P4,W1_KL_1,FORCED_ON,challenge,same_image_other_fact_challenge,12,1,0.16666666666666666,0.16666666666666666,12,0.0,0.0,12,0.3333333333333333,0.3333333333333333,12,0.009561212000941547,0.009561212000941547,12,0.25,0.25,12,0.6666666666666666,0.6666666666666666,3,0.3333333333333333,0.3333333333333333,3,0.0,0.0,9,0.7777777777777778,0.7777777777777778,9,0.25,0.25,12,0.16666666666666666,0.16666666666666666,12,0.0,0.0,12
1,P4,W1_KL_1,FORCED_ON,evaluation,H,20,5,0.4,0.4,20,0.0,0.0,20,0.1,0.1,20,0.058180935913696885,0.058180935913696885,20,0.2,0.2,20,1.0,1.0,4,0.0,0.0,4,0.21666666666666667,0.25,16,0.9,0.875,16,0.7,0.7,20,0.05,0.05,20,0.0,0.0,20
1,P4,W1_KL_1,FORCED_ON,evaluation,U,15,15,0.8,0.8,15,0.0,0.0,15,0.9333333333333333,0.9333333333333333,15,0.002826305686418588,0.002826305686418588,15,0.8,0.8,15,1.0,1.0,12,0.0,0.0,12,0.0,0.0,3,0.3333333333333333,0.3333333333333333,3,0.2,0.2,15,0.0,0.0,15,0.0,0.0,15
1,P4,W1_KL_1,FORCED_ON,evaluation,positive,4,1,0.75,0.75,4,0.75,0.75,4,0.0,0.0,4,,,0,0.0,0.0,4,,,0,,,0,0.75,0.75,4,1.0,1.0,4,0.75,0.75,4,0.75,0.75,4,0.0,0.0,4
1,P4,W1_KL_1,FORCED_ON,fit,H,20,4,0.30000000000000004,0.3,20,0.0,0.0,20,0.8,0.8,20,0.02293994384817779,0.02293994384817779,20,0.35,0.35,20,0.9,0.8571428571428571,7,0.1,0.14285714285714285,7,0.0,0.0,13,0.17777777777777778,0.15384615384615385,13,0.1,0.1,20,0.0,0.0,20,0.0,0.0,20
1,P4,W1_KL_1,FORCED_ON,fit,U,16,16,0.875,0.875,16,0.0,0.0,16,1.0,1.0,16,0.0007065658683131915,0.0007065658683131915,16,0.875,0.875,16,1.0,1.0,14,0.0,0.0,14,0.0,0.0,2,0.0,0.0,2,0.1875,0.1875,16,0.0,0.0,16,0.0,0.0,16
1,P4,W1_KL_1,FORCED_ON,fit,positive,5,2,1.0,1.0,5,1.0,1.0,5,0.0,0.0,5,,,0,0.0,0.0,5,,,0,,,0,1.0,1.0,5,1.0,1.0,5,1.0,1.0,5,1.0,1.0,5,0.0,0.0,5
1,P4,W1_KL_1,FORCED_ON,fit,scope_fit_positive_not_used_for_positive_CE,4,1,0.0,0.0,4,0.0,0.0,4,0.75,0.75,4,,,0,0.0,0.0,4,,,0,,,0,0.0,0.0,4,0.25,0.25,4,0.0,0.0,4,1.0,1.0,4,0.0,0.0,4
1,P4,W1_KL_1,FORCED_ON,formal_development,T1G,4,4,1.0,1.0,4,1.0,1.0,4,0.0,0.0,4,,,0,0.0,0.0,4,,,0,,,0,1.0,1.0,4,1.0,1.0,4,1.0,1.0,4,0.0,0.0,4,0.0,0.0,4
1,P4,W1_KL_1,FORCED_ON,formal_development,T2G,3,1,0.0,0.0,3,0.0,0.0,3,1.0,1.0,3,,,0,0.0,0.0,3,,,0,,,0,0.0,0.0,3,0.0,0.0,3,0.0,0.0,3,0.6666666666666666,0.6666666666666666,3,0.0,0.0,3
1,P4,W1_KL_1,FORCED_ON,native,positive,1,1,1.0,1.0,1,1.0,1.0,1,0.0,0.0,1,,,0,0.0,0.0,1,,,0,,,0,1.0,1.0,1,1.0,1.0,1,1.0,1.0,1,1.0,1.0,1,0.0,0.0,1
1,P4,W1_KL_10,DISABLED,calibration,H,16,4,0.0,0.0,16,0.0,0.0,16,1.0,1.0,16,0.0,0.0,16,0.0,0.0,16,,,0,,,0,0.0,0.0,16,0.0,0.0,16,0.0,0.0,16,0.0,0.0,16,0.0,0.0,16
1,P4,W1_KL_10,DISABLED,calibration,U,16,16,0.8125,0.8125,16,0.0,0.0,16,1.0,1.0,16,0.0,0.0,16,0.8125,0.8125,16,1.0,1.0,13,0.0,0.0,13,0.0,0.0,3,0.0,0.0,3,0.125,0.125,16,0.0,0.0,16,0.0,0.0,16
1,P4,W1_KL_10,DISABLED,calibration,positive,4,1,0.5,0.5,4,0.0,0.0,4,1.0,1.0,4,,,0,0.5,0.5,4,1.0,1.0,2,0.0,0.0,2,0.0,0.0,2,0.0,0.0,2,0.5,0.5,4,1.0,1.0,4,0.0,0.0,4
1,P4,W1_KL_10,DISABLED,challenge,same_image_other_fact_challenge,12,1,0.25,0.25,12,0.0,0.0,12,1.0,1.0,12,0.0,0.0,12,0.25,0.25,12,1.0,1.0,3,0.0,0.0,3,0.0,0.0,9,0.0,0.0,9,0.25,0.25,12,0.16666666666666666,0.16666666666666666,12,0.0,0.0,12
1,P4,W1_KL_10,DISABLED,evaluation,H,20,5,0.2,0.2,20,0.0,0.0,20,1.0,1.0,20,0.0,0.0,20,0.2,0.2,20,1.0,1.0,4,0.0,0.0,4,0.0,0.0,16,0.0,0.0,16,0.15,0.15,20,0.05,0.05,20,0.0,0.0,20
1,P4,W1_KL_10,DISABLED,evaluation,U,15,15,0.8,0.8,15,0.0,0.0,15,1.0,1.0,15,0.0,0.0,15,0.8,0.8,15,1.0,1.0,12,0.0,0.0,12,0.0,0.0,3,0.0,0.0,3,0.2,0.2,15,0.0,0.0,15,0.0,0.0,15
1,P4,W1_KL_10,DISABLED,evaluation,positive,4,1,0.0,0.0,4,0.0,0.0,4,1.0,1.0,4,,,0,0.0,0.0,4,,,0,,,0,0.0,0.0,4,0.0,0.0,4,0.0,0.0,4,0.75,0.75,4,0.0,0.0,4
1,P4,W1_KL_10,DISABLED,fit,H,20,4,0.35,0.35,20,0.0,0.0,20,1.0,1.0,20,0.0,0.0,20,0.35,0.35,20,1.0,1.0,7,0.0,0.0,7,0.0,0.0,13,0.0,0.0,13,0.0,0.0,20,0.0,0.0,20,0.0,0.0,20
1,P4,W1_KL_10,DISABLED,fit,U,16,16,0.875,0.875,16,0.0,0.0,16,1.0,1.0,16,0.0,0.0,16,0.875,0.875,16,1.0,1.0,14,0.0,0.0,14,0.0,0.0,2,0.0,0.0,2,0.1875,0.1875,16,0.0,0.0,16,0.0,0.0,16
1,P4,W1_KL_10,DISABLED,fit,positive,5,2,0.0,0.0,5,0.0,0.0,5,1.0,1.0,5,,,0,0.0,0.0,5,,,0,,,0,0.0,0.0,5,0.0,0.0,5,0.0,0.0,5,1.0,1.0,5,0.0,0.0,5
1,P4,W1_KL_10,DISABLED,fit,scope_fit_positive_not_used_for_positive_CE,4,1,0.0,0.0,4,0.0,0.0,4,1.0,1.0,4,,,0,0.0,0.0,4,,,0,,,0,0.0,0.0,4,0.0,0.0,4,0.0,0.0,4,1.0,1.0,4,0.0,0.0,4
1,P4,W1_KL_10,DISABLED,formal_development,T1G,4,4,0.0,0.0,4,0.0,0.0,4,1.0,1.0,4,,,0,0.0,0.0,4,,,0,,,0,0.0,0.0,4,0.0,0.0,4,0.0,0.0,4,0.0,0.0,4,0.0,0.0,4
1,P4,W1_KL_10,DISABLED,formal_development,T2G,3,1,0.0,0.0,3,0.0,0.0,3,1.0,1.0,3,,,0,0.0,0.0,3,,,0,,,0,0.0,0.0,3,0.0,0.0,3,0.0,0.0,3,0.6666666666666666,0.6666666666666666,3,0.0,0.0,3
1,P4,W1_KL_10,DISABLED,native,positive,1,1,0.0,0.0,1,0.0,0.0,1,1.0,1.0,1,,,0,0.0,0.0,1,,,0,,,0,0.0,0.0,1,0.0,0.0,1,0.0,0.0,1,1.0,1.0,1,0.0,0.0,1
1,P4,W1_KL_10,FIXED_ROUTER,calibration,H,16,4,0.0,0.0,16,0.0,0.0,16,1.0,1.0,16,0.0,0.0,16,0.0,0.0,16,,,0,,,0,0.0,0.0,16,0.0,0.0,16,0.0,0.0,16,0.0,0.0,16,0.0,0.0,16
1,P4,W1_KL_10,FIXED_ROUTER,calibration,U,16,16,0.8125,0.8125,16,0.0,0.0,16,1.0,1.0,16,0.0,0.0,16,0.8125,0.8125,16,1.0,1.0,13,0.0,0.0,13,0.0,0.0,3,0.0,0.0,3,0.125,0.125,16,0.0,0.0,16,0.0,0.0,16
1,P4,W1_KL_10,FIXED_ROUTER,calibration,positive,4,1,0.25,0.25,4,0.0,0.0,4,0.5,0.5,4,,,0,0.5,0.5,4,0.5,0.5,2,0.5,0.5,2,0.0,0.0,2,0.0,0.0,2,0.25,0.25,4,1.0,1.0,4,0.0,0.0,4
1,P4,W1_KL_10,FIXED_ROUTER,challenge,same_image_other_fact_challenge,12,1,0.25,0.25,12,0.0,0.0,12,0.9166666666666666,0.9166666666666666,12,0.0015338354278355837,0.0015338354278355837,12,0.25,0.25,12,1.0,1.0,3,0.0,0.0,3,0.0,0.0,9,0.1111111111111111,0.1111111111111111,9,0.25,0.25,12,0.16666666666666666,0.16666666666666666,12,0.0,0.0,12
1,P4,W1_KL_10,FIXED_ROUTER,evaluation,H,20,5,0.15,0.15,20,0.0,0.0,20,0.95,0.95,20,0.0005255757365375757,0.0005255757365375757,20,0.2,0.2,20,0.5,0.75,4,0.5,0.25,4,0.0,0.0,16,0.0,0.0,16,0.1,0.1,20,0.05,0.05,20,0.0,0.0,20
1,P4,W1_KL_10,FIXED_ROUTER,evaluation,U,15,15,0.8,0.8,15,0.0,0.0,15,1.0,1.0,15,0.0,0.0,15,0.8,0.8,15,1.0,1.0,12,0.0,0.0,12,0.0,0.0,3,0.0,0.0,3,0.2,0.2,15,0.0,0.0,15,0.0,0.0,15
1,P4,W1_KL_10,FIXED_ROUTER,evaluation,positive,4,1,0.25,0.25,4,0.25,0.25,4,0.5,0.5,4,,,0,0.0,0.0,4,,,0,,,0,0.25,0.25,4,0.5,0.5,4,0.25,0.25,4,0.75,0.75,4,0.0,0.0,4
1,P4,W1_KL_10,FIXED_ROUTER,fit,H,20,4,0.35,0.35,20,0.0,0.0,20,1.0,1.0,20,0.0,0.0,20,0.35,0.35,20,1.0,1.0,7,0.0,0.0,7,0.0,0.0,13,0.0,0.0,13,0.0,0.0,20,0.0,0.0,20,0.0,0.0,20
1,P4,W1_KL_10,FIXED_ROUTER,fit,U,16,16,0.875,0.875,16,0.0,0.0,16,1.0,1.0,16,0.0,0.0,16,0.875,0.875,16,1.0,1.0,14,0.0,0.0,14,0.0,0.0,2,0.0,0.0,2,0.1875,0.1875,16,0.0,0.0,16,0.0,0.0,16
1,P4,W1_KL_10,FIXED_ROUTER,fit,positive,5,2,0.125,0.2,5,0.125,0.2,5,0.375,0.6,5,,,0,0.0,0.0,5,,,0,,,0,0.125,0.2,5,0.625,0.4,5,0.125,0.2,5,1.0,1.0,5,0.0,0.0,5
1,P4,W1_KL_10,FIXED_ROUTER,fit,scope_fit_positive_not_used_for_positive_CE,4,1,0.0,0.0,4,0.0,0.0,4,1.0,1.0,4,,,0,0.0,0.0,4,,,0,,,0,0.0,0.0,4,0.0,0.0,4,0.0,0.0,4,1.0,1.0,4,0.0,0.0,4
1,P4,W1_KL_10,FIXED_ROUTER,formal_development,T1G,4,4,0.0,0.0,4,0.0,0.0,4,1.0,1.0,4,,,0,0.0,0.0,4,,,0,,,0,0.0,0.0,4,0.0,0.0,4,0.0,0.0,4,0.0,0.0,4,0.0,0.0,4
1,P4,W1_KL_10,FIXED_ROUTER,formal_development,T2G,3,1,0.3333333333333333,0.3333333333333333,3,0.0,0.0,3,0.6666666666666666,0.6666666666666666,3,,,0,0.0,0.0,3,,,0,,,0,0.3333333333333333,0.3333333333333333,3,0.3333333333333333,0.3333333333333333,3,0.3333333333333333,0.3333333333333333,3,0.6666666666666666,0.6666666666666666,3,0.0,0.0,3
1,P4,W1_KL_10,FIXED_ROUTER,native,positive,1,1,0.0,0.0,1,0.0,0.0,1,0.0,0.0,1,,,0,0.0,0.0,1,,,0,,,0,0.0,0.0,1,1.0,1.0,1,0.0,0.0,1,1.0,1.0,1,0.0,0.0,1
1,P4,W1_KL_10,FORCED_ON,calibration,H,16,4,0.0,0.0,16,0.0,0.0,16,1.0,1.0,16,0.00805134947586339,0.00805134947586339,16,0.0,0.0,16,,,0,,,0,0.0,0.0,16,0.0,0.0,16,0.0,0.0,16,0.0,0.0,16,0.0,0.0,16
1,P4,W1_KL_10,FORCED_ON,calibration,U,16,16,0.8125,0.8125,16,0.0,0.0,16,0.8125,0.8125,16,0.0006186347113725787,0.0006186347113725787,16,0.8125,0.8125,16,1.0,1.0,13,0.0,0.0,13,0.0,0.0,3,0.3333333333333333,0.3333333333333333,3,0.125,0.125,16,0.0,0.0,16,0.0,0.0,16
1,P4,W1_KL_10,FORCED_ON,calibration,positive,4,1,0.25,0.25,4,0.0,0.0,4,0.5,0.5,4,,,0,0.5,0.5,4,0.5,0.5,2,0.5,0.5,2,0.0,0.0,2,0.0,0.0,2,0.25,0.25,4,1.0,1.0,4,0.0,0.0,4
1,P4,W1_KL_10,FORCED_ON,challenge,same_image_other_fact_challenge,12,1,0.16666666666666666,0.16666666666666666,12,0.0,0.0,12,0.5,0.5,12,0.00476495445521626,0.00476495445521626,12,0.25,0.25,12,0.6666666666666666,0.6666666666666666,3,0.3333333333333333,0.3333333333333333,3,0.0,0.0,9,0.5555555555555556,0.5555555555555556,9,0.25,0.25,12,0.16666666666666666,0.16666666666666666,12,0.0,0.0,12
1,P4,W1_KL_10,FORCED_ON,evaluation,H,20,5,0.2,0.2,20,0.0,0.0,20,0.45,0.45,20,0.02051422551739961,0.02051422551739961,20,0.2,0.2,20,0.3333333333333333,0.5,4,0.6666666666666666,0.5,4,0.11666666666666667,0.125,16,0.6,0.5,16,0.25,0.25,20,0.05,0.05,20,0.0,0.0,20
1,P4,W1_KL_10,FORCED_ON,evaluation,U,15,15,0.8,0.8,15,0.0,0.0,15,1.0,1.0,15,0.0014382599154487252,0.0014382599154487252,15,0.8,0.8,15,1.0,1.0,12,0.0,0.0,12,0.0,0.0,3,0.0,0.0,3,0.2,0.2,15,0.0,0.0,15,0.0,0.0,15
1,P4,W1_KL_10,FORCED_ON,evaluation,positive,4,1,0.25,0.25,4,0.25,0.25,4,0.25,0.25,4,,,0,0.0,0.0,4,,,0,,,0,0.25,0.25,4,0.75,0.75,4,0.25,0.25,4,0.75,0.75,4,0.0,0.0,4
1,P4,W1_KL_10,FORCED_ON,fit,H,20,4,0.30000000000000004,0.3,20,0.0,0.0,20,0.8,0.8,20,0.008264767727814615,0.008264767727814615,20,0.35,0.35,20,0.9,0.8571428571428571,7,0.1,0.14285714285714285,7,0.0,0.0,13,0.13333333333333333,0.15384615384615385,13,0.1,0.1,20,0.0,0.0,20,0.0,0.0,20
1,P4,W1_KL_10,FORCED_ON,fit,U,16,16,0.875,0.875,16,0.0,0.0,16,1.0,1.0,16,0.0003304410693090176,0.0003304410693090176,16,0.875,0.875,16,1.0,1.0,14,0.0,0.0,14,0.0,0.0,2,0.0,0.0,2,0.1875,0.1875,16,0.0,0.0,16,0.0,0.0,16
1,P4,W1_KL_10,FORCED_ON,fit,positive,5,2,0.125,0.2,5,0.125,0.2,5,0.375,0.6,5,,,0,0.0,0.0,5,,,0,,,0,0.125,0.2,5,0.625,0.4,5,0.125,0.2,5,1.0,1.0,5,0.0,0.0,5
1,P4,W1_KL_10,FORCED_ON,fit,scope_fit_positive_not_used_for_positive_CE,4,1,0.0,0.0,4,0.0,0.0,4,1.0,1.0,4,,,0,0.0,0.0,4,,,0,,,0,0.0,0.0,4,0.0,0.0,4,0.0,0.0,4,1.0,1.0,4,0.0,0.0,4
1,P4,W1_KL_10,FORCED_ON,formal_development,T1G,4,4,0.25,0.25,4,0.25,0.25,4,0.75,0.75,4,,,0,0.0,0.0,4,,,0,,,0,0.25,0.25,4,0.25,0.25,4,0.25,0.25,4,0.0,0.0,4,0.0,0.0,4
1,P4,W1_KL_10,FORCED_ON,formal_development,T2G,3,1,0.3333333333333333,0.3333333333333333,3,0.0,0.0,3,0.6666666666666666,0.6666666666666666,3,,,0,0.0,0.0,3,,,0,,,0,0.3333333333333333,0.3333333333333333,3,0.3333333333333333,0.3333333333333333,3,0.3333333333333333,0.3333333333333333,3,0.6666666666666666,0.6666666666666666,3,0.0,0.0,3
1,P4,W1_KL_10,FORCED_ON,native,positive,1,1,0.0,0.0,1,0.0,0.0,1,0.0,0.0,1,,,0,0.0,0.0,1,,,0,,,0,0.0,0.0,1,1.0,1.0,1,0.0,0.0,1,1.0,1.0,1,0.0,0.0,1
1,P4,W2_GROUP_CONSTRAINED,DISABLED,calibration,H,16,4,0.0,0.0,16,0.0,0.0,16,1.0,1.0,16,0.0,0.0,16,0.0,0.0,16,,,0,,,0,0.0,0.0,16,0.0,0.0,16,0.0,0.0,16,0.0,0.0,16,0.0,0.0,16
1,P4,W2_GROUP_CONSTRAINED,DISABLED,calibration,U,16,16,0.8125,0.8125,16,0.0,0.0,16,1.0,1.0,16,0.0,0.0,16,0.8125,0.8125,16,1.0,1.0,13,0.0,0.0,13,0.0,0.0,3,0.0,0.0,3,0.125,0.125,16,0.0,0.0,16,0.0,0.0,16
1,P4,W2_GROUP_CONSTRAINED,DISABLED,calibration,positive,4,1,0.5,0.5,4,0.0,0.0,4,1.0,1.0,4,,,0,0.5,0.5,4,1.0,1.0,2,0.0,0.0,2,0.0,0.0,2,0.0,0.0,2,0.5,0.5,4,1.0,1.0,4,0.0,0.0,4
1,P4,W2_GROUP_CONSTRAINED,DISABLED,challenge,same_image_other_fact_challenge,12,1,0.25,0.25,12,0.0,0.0,12,1.0,1.0,12,0.0,0.0,12,0.25,0.25,12,1.0,1.0,3,0.0,0.0,3,0.0,0.0,9,0.0,0.0,9,0.25,0.25,12,0.16666666666666666,0.16666666666666666,12,0.0,0.0,12
1,P4,W2_GROUP_CONSTRAINED,DISABLED,evaluation,H,20,5,0.2,0.2,20,0.0,0.0,20,1.0,1.0,20,0.0,0.0,20,0.2,0.2,20,1.0,1.0,4,0.0,0.0,4,0.0,0.0,16,0.0,0.0,16,0.15,0.15,20,0.05,0.05,20,0.0,0.0,20
1,P4,W2_GROUP_CONSTRAINED,DISABLED,evaluation,U,15,15,0.8,0.8,15,0.0,0.0,15,1.0,1.0,15,0.0,0.0,15,0.8,0.8,15,1.0,1.0,12,0.0,0.0,12,0.0,0.0,3,0.0,0.0,3,0.2,0.2,15,0.0,0.0,15,0.0,0.0,15
1,P4,W2_GROUP_CONSTRAINED,DISABLED,evaluation,positive,4,1,0.0,0.0,4,0.0,0.0,4,1.0,1.0,4,,,0,0.0,0.0,4,,,0,,,0,0.0,0.0,4,0.0,0.0,4,0.0,0.0,4,0.75,0.75,4,0.0,0.0,4
1,P4,W2_GROUP_CONSTRAINED,DISABLED,fit,H,20,4,0.35,0.35,20,0.0,0.0,20,1.0,1.0,20,0.0,0.0,20,0.35,0.35,20,1.0,1.0,7,0.0,0.0,7,0.0,0.0,13,0.0,0.0,13,0.0,0.0,20,0.0,0.0,20,0.0,0.0,20
1,P4,W2_GROUP_CONSTRAINED,DISABLED,fit,U,16,16,0.875,0.875,16,0.0,0.0,16,1.0,1.0,16,0.0,0.0,16,0.875,0.875,16,1.0,1.0,14,0.0,0.0,14,0.0,0.0,2,0.0,0.0,2,0.1875,0.1875,16,0.0,0.0,16,0.0,0.0,16
1,P4,W2_GROUP_CONSTRAINED,DISABLED,fit,positive,5,2,0.0,0.0,5,0.0,0.0,5,1.0,1.0,5,,,0,0.0,0.0,5,,,0,,,0,0.0,0.0,5,0.0,0.0,5,0.0,0.0,5,1.0,1.0,5,0.0,0.0,5
1,P4,W2_GROUP_CONSTRAINED,DISABLED,fit,scope_fit_positive_not_used_for_positive_CE,4,1,0.0,0.0,4,0.0,0.0,4,1.0,1.0,4,,,0,0.0,0.0,4,,,0,,,0,0.0,0.0,4,0.0,0.0,4,0.0,0.0,4,1.0,1.0,4,0.0,0.0,4
1,P4,W2_GROUP_CONSTRAINED,DISABLED,formal_development,T1G,4,4,0.0,0.0,4,0.0,0.0,4,1.0,1.0,4,,,0,0.0,0.0,4,,,0,,,0,0.0,0.0,4,0.0,0.0,4,0.0,0.0,4,0.0,0.0,4,0.0,0.0,4
1,P4,W2_GROUP_CONSTRAINED,DISABLED,formal_development,T2G,3,1,0.0,0.0,3,0.0,0.0,3,1.0,1.0,3,,,0,0.0,0.0,3,,,0,,,0,0.0,0.0,3,0.0,0.0,3,0.0,0.0,3,0.6666666666666666,0.6666666666666666,3,0.0,0.0,3
1,P4,W2_GROUP_CONSTRAINED,DISABLED,native,positive,1,1,0.0,0.0,1,0.0,0.0,1,1.0,1.0,1,,,0,0.0,0.0,1,,,0,,,0,0.0,0.0,1,0.0,0.0,1,0.0,0.0,1,1.0,1.0,1,0.0,0.0,1
1,P4,W2_GROUP_CONSTRAINED,FIXED_ROUTER,calibration,H,16,4,0.0,0.0,16,0.0,0.0,16,1.0,1.0,16,0.0,0.0,16,0.0,0.0,16,,,0,,,0,0.0,0.0,16,0.0,0.0,16,0.0,0.0,16,0.0,0.0,16,0.0,0.0,16
1,P4,W2_GROUP_CONSTRAINED,FIXED_ROUTER,calibration,U,16,16,0.8125,0.8125,16,0.0,0.0,16,1.0,1.0,16,0.0,0.0,16,0.8125,0.8125,16,1.0,1.0,13,0.0,0.0,13,0.0,0.0,3,0.0,0.0,3,0.125,0.125,16,0.0,0.0,16,0.0,0.0,16
1,P4,W2_GROUP_CONSTRAINED,FIXED_ROUTER,calibration,positive,4,1,1.0,1.0,4,1.0,1.0,4,0.0,0.0,4,,,0,0.5,0.5,4,1.0,1.0,2,0.0,0.0,2,1.0,1.0,2,1.0,1.0,2,1.0,1.0,4,1.0,1.0,4,0.0,0.0,4
1,P4,W2_GROUP_CONSTRAINED,FIXED_ROUTER,challenge,same_image_other_fact_challenge,12,1,0.25,0.25,12,0.0,0.0,12,0.8333333333333334,0.8333333333333334,12,0.01996291211495797,0.01996291211495797,12,0.25,0.25,12,1.0,1.0,3,0.0,0.0,3,0.0,0.0,9,0.2222222222222222,0.2222222222222222,9,0.3333333333333333,0.3333333333333333,12,0.16666666666666666,0.16666666666666666,12,0.0,0.0,12
1,P4,W2_GROUP_CONSTRAINED,FIXED_ROUTER,evaluation,H,20,5,0.2,0.2,20,0.0,0.0,20,0.95,0.95,20,0.007660222053527832,0.007660222053527832,20,0.2,0.2,20,1.0,1.0,4,0.0,0.0,4,0.0,0.0,16,0.0,0.0,16,0.15,0.15,20,0.05,0.05,20,0.0,0.0,20
1,P4,W2_GROUP_CONSTRAINED,FIXED_ROUTER,evaluation,U,15,15,0.8,0.8,15,0.0,0.0,15,1.0,1.0,15,0.0,0.0,15,0.8,0.8,15,1.0,1.0,12,0.0,0.0,12,0.0,0.0,3,0.0,0.0,3,0.2,0.2,15,0.0,0.0,15,0.0,0.0,15
1,P4,W2_GROUP_CONSTRAINED,FIXED_ROUTER,evaluation,positive,4,1,0.75,0.75,4,0.75,0.75,4,0.25,0.25,4,,,0,0.0,0.0,4,,,0,,,0,0.75,0.75,4,0.75,0.75,4,0.75,0.75,4,0.75,0.75,4,0.0,0.0,4
1,P4,W2_GROUP_CONSTRAINED,FIXED_ROUTER,fit,H,20,4,0.35,0.35,20,0.0,0.0,20,1.0,1.0,20,0.0,0.0,20,0.35,0.35,20,1.0,1.0,7,0.0,0.0,7,0.0,0.0,13,0.0,0.0,13,0.0,0.0,20,0.0,0.0,20,0.0,0.0,20
1,P4,W2_GROUP_CONSTRAINED,FIXED_ROUTER,fit,U,16,16,0.875,0.875,16,0.0,0.0,16,1.0,1.0,16,0.0,0.0,16,0.875,0.875,16,1.0,1.0,14,0.0,0.0,14,0.0,0.0,2,0.0,0.0,2,0.1875,0.1875,16,0.0,0.0,16,0.0,0.0,16
1,P4,W2_GROUP_CONSTRAINED,FIXED_ROUTER,fit,positive,5,2,1.0,1.0,5,1.0,1.0,5,0.0,0.0,5,,,0,0.0,0.0,5,,,0,,,0,1.0,1.0,5,1.0,1.0,5,1.0,1.0,5,1.0,1.0,5,0.0,0.0,5
1,P4,W2_GROUP_CONSTRAINED,FIXED_ROUTER,fit,scope_fit_positive_not_used_for_positive_CE,4,1,1.0,1.0,4,1.0,1.0,4,0.0,0.0,4,,,0,0.0,0.0,4,,,0,,,0,1.0,1.0,4,1.0,1.0,4,1.0,1.0,4,1.0,1.0,4,0.0,0.0,4
1,P4,W2_GROUP_CONSTRAINED,FIXED_ROUTER,formal_development,T1G,4,4,0.0,0.0,4,0.0,0.0,4,1.0,1.0,4,,,0,0.0,0.0,4,,,0,,,0,0.0,0.0,4,0.0,0.0,4,0.0,0.0,4,0.0,0.0,4,0.0,0.0,4
1,P4,W2_GROUP_CONSTRAINED,FIXED_ROUTER,formal_development,T2G,3,1,0.6666666666666666,0.6666666666666666,3,0.6666666666666666,0.6666666666666666,3,0.3333333333333333,0.3333333333333333,3,,,0,0.0,0.0,3,,,0,,,0,0.6666666666666666,0.6666666666666666,3,0.6666666666666666,0.6666666666666666,3,0.6666666666666666,0.6666666666666666,3,0.6666666666666666,0.6666666666666666,3,0.0,0.0,3
1,P4,W2_GROUP_CONSTRAINED,FIXED_ROUTER,native,positive,1,1,1.0,1.0,1,1.0,1.0,1,0.0,0.0,1,,,0,0.0,0.0,1,,,0,,,0,1.0,1.0,1,1.0,1.0,1,1.0,1.0,1,1.0,1.0,1,0.0,0.0,1
1,P4,W2_GROUP_CONSTRAINED,FORCED_ON,calibration,H,16,4,0.125,0.125,16,0.0,0.0,16,0.0,0.0,16,0.14878454338759184,0.14878454338759184,16,0.0,0.0,16,,,0,,,0,0.125,0.125,16,1.0,1.0,16,1.0,1.0,16,0.0,0.0,16,0.0,0.0,16
1,P4,W2_GROUP_CONSTRAINED,FORCED_ON,calibration,U,16,16,0.75,0.75,16,0.0,0.0,16,0.375,0.375,16,0.004400593832542654,0.004400593832542654,16,0.8125,0.8125,16,0.9230769230769231,0.9230769230769231,13,0.07692307692307693,0.07692307692307693,13,0.0,0.0,3,0.6666666666666666,0.6666666666666666,3,0.125,0.125,16,0.0,0.0,16,0.0,0.0,16
1,P4,W2_GROUP_CONSTRAINED,FORCED_ON,calibration,positive,4,1,1.0,1.0,4,1.0,1.0,4,0.0,0.0,4,,,0,0.5,0.5,4,1.0,1.0,2,0.0,0.0,2,1.0,1.0,2,1.0,1.0,2,1.0,1.0,4,1.0,1.0,4,0.0,0.0,4
1,P4,W2_GROUP_CONSTRAINED,FORCED_ON,challenge,same_image_other_fact_challenge,12,1,0.25,0.25,12,0.0,0.0,12,0.25,0.25,12,0.03985141927842051,0.03985141927842051,12,0.25,0.25,12,1.0,1.0,3,0.0,0.0,3,0.0,0.0,9,0.8888888888888888,0.8888888888888888,9,0.3333333333333333,0.3333333333333333,12,0.16666666666666666,0.16666666666666666,12,0.0,0.0,12
1,P4,W2_GROUP_CONSTRAINED,FORCED_ON,evaluation,H,20,5,0.55,0.55,20,0.0,0.0,20,0.0,0.0,20,0.16334424279630183,0.16334424279630183,20,0.2,0.2,20,1.0,1.0,4,0.0,0.0,4,0.5333333333333333,0.4375,16,1.0,1.0,16,1.0,1.0,20,0.05,0.05,20,0.0,0.0,20
1,P4,W2_GROUP_CONSTRAINED,FORCED_ON,evaluation,U,15,15,0.8666666666666667,0.8666666666666667,15,0.0,0.0,15,0.8,0.8,15,0.008891503210179508,0.008891503210179508,15,0.8,0.8,15,1.0,1.0,12,0.0,0.0,12,0.3333333333333333,0.3333333333333333,3,0.6666666666666666,0.6666666666666666,3,0.2,0.2,15,0.0,0.0,15,0.0,0.0,15
1,P4,W2_GROUP_CONSTRAINED,FORCED_ON,evaluation,positive,4,1,1.0,1.0,4,1.0,1.0,4,0.0,0.0,4,,,0,0.0,0.0,4,,,0,,,0,1.0,1.0,4,1.0,1.0,4,1.0,1.0,4,0.75,0.75,4,0.0,0.0,4
1,P4,W2_GROUP_CONSTRAINED,FORCED_ON,fit,H,20,4,0.3,0.3,20,0.0,0.0,20,0.0,0.0,20,0.1867806814610958,0.1867806814610958,20,0.35,0.35,20,0.5,0.2857142857142857,7,0.5,0.7142857142857143,7,0.3111111111111111,0.3076923076923077,13,1.0,1.0,13,1.0,1.0,20,0.0,0.0,20,0.0,0.0,20
1,P4,W2_GROUP_CONSTRAINED,FORCED_ON,fit,U,16,16,0.9375,0.9375,16,0.0,0.0,16,0.5625,0.5625,16,0.003916889101674315,0.003916889101674315,16,0.875,0.875,16,1.0,1.0,14,0.0,0.0,14,0.5,0.5,2,0.5,0.5,2,0.25,0.25,16,0.0,0.0,16,0.0,0.0,16
1,P4,W2_GROUP_CONSTRAINED,FORCED_ON,fit,positive,5,2,1.0,1.0,5,1.0,1.0,5,0.0,0.0,5,,,0,0.0,0.0,5,,,0,,,0,1.0,1.0,5,1.0,1.0,5,1.0,1.0,5,1.0,1.0,5,0.0,0.0,5
1,P4,W2_GROUP_CONSTRAINED,FORCED_ON,fit,scope_fit_positive_not_used_for_positive_CE,4,1,1.0,1.0,4,1.0,1.0,4,0.0,0.0,4,,,0,0.0,0.0,4,,,0,,,0,1.0,1.0,4,1.0,1.0,4,1.0,1.0,4,1.0,1.0,4,0.0,0.0,4
1,P4,W2_GROUP_CONSTRAINED,FORCED_ON,formal_development,T1G,4,4,1.0,1.0,4,1.0,1.0,4,0.0,0.0,4,,,0,0.0,0.0,4,,,0,,,0,1.0,1.0,4,1.0,1.0,4,1.0,1.0,4,0.0,0.0,4,0.0,0.0,4
1,P4,W2_GROUP_CONSTRAINED,FORCED_ON,formal_development,T2G,3,1,0.6666666666666666,0.6666666666666666,3,0.6666666666666666,0.6666666666666666,3,0.3333333333333333,0.3333333333333333,3,,,0,0.0,0.0,3,,,0,,,0,0.6666666666666666,0.6666666666666666,3,0.6666666666666666,0.6666666666666666,3,0.6666666666666666,0.6666666666666666,3,0.6666666666666666,0.6666666666666666,3,0.0,0.0,3
1,P4,W2_GROUP_CONSTRAINED,FORCED_ON,native,positive,1,1,1.0,1.0,1,1.0,1.0,1,0.0,0.0,1,,,0,0.0,0.0,1,,,0,,,0,1.0,1.0,1,1.0,1.0,1,1.0,1.0,1,1.0,1.0,1,0.0,0.0,1
1,REFERENCE,A2,DISABLED,calibration,H,16,4,0.0,0.0,16,0.0,0.0,16,1.0,1.0,16,0.0,0.0,16,0.0,0.0,16,,,0,,,0,0.0,0.0,16,0.0,0.0,16,0.0,0.0,16,0.0,0.0,16,0.0,0.0,16
1,REFERENCE,A2,DISABLED,calibration,U,16,16,0.8125,0.8125,16,0.0,0.0,16,1.0,1.0,16,0.0,0.0,16,0.8125,0.8125,16,1.0,1.0,13,0.0,0.0,13,0.0,0.0,3,0.0,0.0,3,0.125,0.125,16,0.0,0.0,16,0.0,0.0,16
1,REFERENCE,A2,DISABLED,calibration,positive,4,1,0.5,0.5,4,0.0,0.0,4,1.0,1.0,4,,,0,0.5,0.5,4,1.0,1.0,2,0.0,0.0,2,0.0,0.0,2,0.0,0.0,2,0.5,0.5,4,1.0,1.0,4,0.0,0.0,4
1,REFERENCE,A2,DISABLED,challenge,same_image_other_fact_challenge,12,1,0.25,0.25,12,0.0,0.0,12,1.0,1.0,12,0.0,0.0,12,0.25,0.25,12,1.0,1.0,3,0.0,0.0,3,0.0,0.0,9,0.0,0.0,9,0.25,0.25,12,0.16666666666666666,0.16666666666666666,12,0.0,0.0,12
1,REFERENCE,A2,DISABLED,evaluation,H,20,5,0.2,0.2,20,0.0,0.0,20,1.0,1.0,20,0.0,0.0,20,0.2,0.2,20,1.0,1.0,4,0.0,0.0,4,0.0,0.0,16,0.0,0.0,16,0.15,0.15,20,0.05,0.05,20,0.0,0.0,20
1,REFERENCE,A2,DISABLED,evaluation,U,15,15,0.8,0.8,15,0.0,0.0,15,1.0,1.0,15,0.0,0.0,15,0.8,0.8,15,1.0,1.0,12,0.0,0.0,12,0.0,0.0,3,0.0,0.0,3,0.2,0.2,15,0.0,0.0,15,0.0,0.0,15
1,REFERENCE,A2,DISABLED,evaluation,positive,4,1,0.0,0.0,4,0.0,0.0,4,1.0,1.0,4,,,0,0.0,0.0,4,,,0,,,0,0.0,0.0,4,0.0,0.0,4,0.0,0.0,4,0.75,0.75,4,0.0,0.0,4
1,REFERENCE,A2,DISABLED,fit,H,20,4,0.35,0.35,20,0.0,0.0,20,1.0,1.0,20,0.0,0.0,20,0.35,0.35,20,1.0,1.0,7,0.0,0.0,7,0.0,0.0,13,0.0,0.0,13,0.0,0.0,20,0.0,0.0,20,0.0,0.0,20
1,REFERENCE,A2,DISABLED,fit,U,16,16,0.875,0.875,16,0.0,0.0,16,1.0,1.0,16,0.0,0.0,16,0.875,0.875,16,1.0,1.0,14,0.0,0.0,14,0.0,0.0,2,0.0,0.0,2,0.1875,0.1875,16,0.0,0.0,16,0.0,0.0,16
1,REFERENCE,A2,DISABLED,fit,positive,5,2,0.0,0.0,5,0.0,0.0,5,1.0,1.0,5,,,0,0.0,0.0,5,,,0,,,0,0.0,0.0,5,0.0,0.0,5,0.0,0.0,5,1.0,1.0,5,0.0,0.0,5
1,REFERENCE,A2,DISABLED,fit,scope_fit_positive_not_used_for_positive_CE,4,1,0.0,0.0,4,0.0,0.0,4,1.0,1.0,4,,,0,0.0,0.0,4,,,0,,,0,0.0,0.0,4,0.0,0.0,4,0.0,0.0,4,1.0,1.0,4,0.0,0.0,4
1,REFERENCE,A2,DISABLED,formal_development,T1G,4,4,0.0,0.0,4,0.0,0.0,4,1.0,1.0,4,,,0,0.0,0.0,4,,,0,,,0,0.0,0.0,4,0.0,0.0,4,0.0,0.0,4,0.0,0.0,4,0.0,0.0,4
1,REFERENCE,A2,DISABLED,formal_development,T2G,3,1,0.0,0.0,3,0.0,0.0,3,1.0,1.0,3,,,0,0.0,0.0,3,,,0,,,0,0.0,0.0,3,0.0,0.0,3,0.0,0.0,3,0.6666666666666666,0.6666666666666666,3,0.0,0.0,3
1,REFERENCE,A2,DISABLED,native,positive,1,1,0.0,0.0,1,0.0,0.0,1,1.0,1.0,1,,,0,0.0,0.0,1,,,0,,,0,0.0,0.0,1,0.0,0.0,1,0.0,0.0,1,1.0,1.0,1,0.0,0.0,1
1,REFERENCE,A2,FIXED_ROUTER,calibration,H,16,4,0.0,0.0,16,0.0,0.0,16,1.0,1.0,16,0.0,0.0,16,0.0,0.0,16,,,0,,,0,0.0,0.0,16,0.0,0.0,16,0.0,0.0,16,0.0,0.0,16,0.0,0.0,16
1,REFERENCE,A2,FIXED_ROUTER,calibration,U,16,16,0.8125,0.8125,16,0.0,0.0,16,1.0,1.0,16,0.0,0.0,16,0.8125,0.8125,16,1.0,1.0,13,0.0,0.0,13,0.0,0.0,3,0.0,0.0,3,0.125,0.125,16,0.0,0.0,16,0.0,0.0,16
1,REFERENCE,A2,FIXED_ROUTER,calibration,positive,4,1,1.0,1.0,4,1.0,1.0,4,0.0,0.0,4,,,0,0.5,0.5,4,1.0,1.0,2,0.0,0.0,2,1.0,1.0,2,1.0,1.0,2,1.0,1.0,4,1.0,1.0,4,0.0,0.0,4
1,REFERENCE,A2,FIXED_ROUTER,challenge,same_image_other_fact_challenge,12,1,0.25,0.25,12,0.0,0.0,12,0.8333333333333334,0.8333333333333334,12,0.03688539875050386,0.03688539875050386,12,0.25,0.25,12,1.0,1.0,3,0.0,0.0,3,0.0,0.0,9,0.2222222222222222,0.2222222222222222,9,0.3333333333333333,0.3333333333333333,12,0.16666666666666666,0.16666666666666666,12,0.0,0.0,12
1,REFERENCE,A2,FIXED_ROUTER,evaluation,H,20,5,0.2,0.2,20,0.0,0.0,20,0.95,0.95,20,0.01765778660774231,0.01765778660774231,20,0.2,0.2,20,1.0,1.0,4,0.0,0.0,4,0.0,0.0,16,0.0,0.0,16,0.15,0.15,20,0.05,0.05,20,0.0,0.0,20
1,REFERENCE,A2,FIXED_ROUTER,evaluation,U,15,15,0.8,0.8,15,0.0,0.0,15,1.0,1.0,15,0.0,0.0,15,0.8,0.8,15,1.0,1.0,12,0.0,0.0,12,0.0,0.0,3,0.0,0.0,3,0.2,0.2,15,0.0,0.0,15,0.0,0.0,15
1,REFERENCE,A2,FIXED_ROUTER,evaluation,positive,4,1,0.75,0.75,4,0.75,0.75,4,0.25,0.25,4,,,0,0.0,0.0,4,,,0,,,0,0.75,0.75,4,0.75,0.75,4,0.75,0.75,4,0.75,0.75,4,0.0,0.0,4
1,REFERENCE,A2,FIXED_ROUTER,fit,H,20,4,0.35,0.35,20,0.0,0.0,20,1.0,1.0,20,0.0,0.0,20,0.35,0.35,20,1.0,1.0,7,0.0,0.0,7,0.0,0.0,13,0.0,0.0,13,0.0,0.0,20,0.0,0.0,20,0.0,0.0,20
1,REFERENCE,A2,FIXED_ROUTER,fit,U,16,16,0.875,0.875,16,0.0,0.0,16,1.0,1.0,16,0.0,0.0,16,0.875,0.875,16,1.0,1.0,14,0.0,0.0,14,0.0,0.0,2,0.0,0.0,2,0.1875,0.1875,16,0.0,0.0,16,0.0,0.0,16
1,REFERENCE,A2,FIXED_ROUTER,fit,positive,5,2,1.0,1.0,5,1.0,1.0,5,0.0,0.0,5,,,0,0.0,0.0,5,,,0,,,0,1.0,1.0,5,1.0,1.0,5,1.0,1.0,5,1.0,1.0,5,0.0,0.0,5
1,REFERENCE,A2,FIXED_ROUTER,fit,scope_fit_positive_not_used_for_positive_CE,4,1,1.0,1.0,4,1.0,1.0,4,0.0,0.0,4,,,0,0.0,0.0,4,,,0,,,0,1.0,1.0,4,1.0,1.0,4,1.0,1.0,4,1.0,1.0,4,0.0,0.0,4
1,REFERENCE,A2,FIXED_ROUTER,formal_development,T1G,4,4,0.0,0.0,4,0.0,0.0,4,1.0,1.0,4,,,0,0.0,0.0,4,,,0,,,0,0.0,0.0,4,0.0,0.0,4,0.0,0.0,4,0.0,0.0,4,0.0,0.0,4
1,REFERENCE,A2,FIXED_ROUTER,formal_development,T2G,3,1,0.6666666666666666,0.6666666666666666,3,0.6666666666666666,0.6666666666666666,3,0.3333333333333333,0.3333333333333333,3,,,0,0.0,0.0,3,,,0,,,0,0.6666666666666666,0.6666666666666666,3,0.6666666666666666,0.6666666666666666,3,0.6666666666666666,0.6666666666666666,3,0.6666666666666666,0.6666666666666666,3,0.0,0.0,3
1,REFERENCE,A2,FIXED_ROUTER,native,positive,1,1,1.0,1.0,1,1.0,1.0,1,0.0,0.0,1,,,0,0.0,0.0,1,,,0,,,0,1.0,1.0,1,1.0,1.0,1,1.0,1.0,1,1.0,1.0,1,0.0,0.0,1
1,REFERENCE,A2,FORCED_ON,calibration,H,16,4,0.125,0.125,16,0.0,0.0,16,0.0,0.0,16,0.3453535232692957,0.3453535232692957,16,0.0,0.0,16,,,0,,,0,0.125,0.125,16,1.0,1.0,16,1.0,1.0,16,0.0,0.0,16,0.0,0.0,16
1,REFERENCE,A2,FORCED_ON,calibration,U,16,16,0.75,0.75,16,0.0,0.0,16,0.3125,0.3125,16,0.017753371270373464,0.017753371270373464,16,0.8125,0.8125,16,0.9230769230769231,0.9230769230769231,13,0.07692307692307693,0.07692307692307693,13,0.0,0.0,3,0.6666666666666666,0.6666666666666666,3,0.0625,0.0625,16,0.0,0.0,16,0.0,0.0,16
1,REFERENCE,A2,FORCED_ON,calibration,positive,4,1,1.0,1.0,4,1.0,1.0,4,0.0,0.0,4,,,0,0.5,0.5,4,1.0,1.0,2,0.0,0.0,2,1.0,1.0,2,1.0,1.0,2,1.0,1.0,4,1.0,1.0,4,0.0,0.0,4
1,REFERENCE,A2,FORCED_ON,challenge,same_image_other_fact_challenge,12,1,0.25,0.25,12,0.0,0.0,12,0.08333333333333333,0.08333333333333333,12,0.10136274015530944,0.10136274015530944,12,0.25,0.25,12,0.6666666666666666,0.6666666666666666,3,0.3333333333333333,0.3333333333333333,3,0.1111111111111111,0.1111111111111111,9,0.8888888888888888,0.8888888888888888,9,0.4166666666666667,0.4166666666666667,12,0.16666666666666666,0.16666666666666666,12,0.0,0.0,12
1,REFERENCE,A2,FORCED_ON,evaluation,H,20,5,0.55,0.55,20,0.0,0.0,20,0.0,0.0,20,0.3348696753382683,0.3348696753382683,20,0.2,0.2,20,1.0,1.0,4,0.0,0.0,4,0.5333333333333333,0.4375,16,1.0,1.0,16,1.0,1.0,20,0.05,0.05,20,0.0,0.0,20
1,REFERENCE,A2,FORCED_ON,evaluation,U,15,15,0.7333333333333333,0.7333333333333333,15,0.0,0.0,15,0.4666666666666667,0.4666666666666667,15,0.030919465857247513,0.030919465857247513,15,0.8,0.8,15,0.9166666666666666,0.9166666666666666,12,0.08333333333333333,0.08333333333333333,12,0.0,0.0,3,1.0,1.0,3,0.3333333333333333,0.3333333333333333,15,0.0,0.0,15,0.0,0.0,15
1,REFERENCE,A2,FORCED_ON,evaluation,positive,4,1,1.0,1.0,4,1.0,1.0,4,0.0,0.0,4,,,0,0.0,0.0,4,,,0,,,0,1.0,1.0,4,1.0,1.0,4,1.0,1.0,4,0.75,0.75,4,0.0,0.0,4
1,REFERENCE,A2,FORCED_ON,fit,H,20,4,0.3,0.3,20,0.0,0.0,20,0.0,0.0,20,0.43317430913448335,0.43317430913448335,20,0.35,0.35,20,0.5,0.2857142857142857,7,0.5,0.7142857142857143,7,0.3111111111111111,0.3076923076923077,13,1.0,1.0,13,1.0,1.0,20,0.0,0.0,20,0.0,0.0,20
1,REFERENCE,A2,FORCED_ON,fit,U,16,16,1.0,1.0,16,0.0,0.0,16,0.25,0.25,16,0.02232136545353569,0.02232136545353569,16,0.875,0.875,16,1.0,1.0,14,0.0,0.0,14,1.0,1.0,2,1.0,1.0,2,0.1875,0.1875,16,0.0,0.0,16,0.0,0.0,16
1,REFERENCE,A2,FORCED_ON,fit,positive,5,2,1.0,1.0,5,1.0,1.0,5,0.0,0.0,5,,,0,0.0,0.0,5,,,0,,,0,1.0,1.0,5,1.0,1.0,5,1.0,1.0,5,1.0,1.0,5,0.0,0.0,5
1,REFERENCE,A2,FORCED_ON,fit,scope_fit_positive_not_used_for_positive_CE,4,1,1.0,1.0,4,1.0,1.0,4,0.0,0.0,4,,,0,0.0,0.0,4,,,0,,,0,1.0,1.0,4,1.0,1.0,4,1.0,1.0,4,1.0,1.0,4,0.0,0.0,4
1,REFERENCE,A2,FORCED_ON,formal_development,T1G,4,4,1.0,1.0,4,1.0,1.0,4,0.0,0.0,4,,,0,0.0,0.0,4,,,0,,,0,1.0,1.0,4,1.0,1.0,4,1.0,1.0,4,0.0,0.0,4,0.0,0.0,4
1,REFERENCE,A2,FORCED_ON,formal_development,T2G,3,1,0.6666666666666666,0.6666666666666666,3,0.6666666666666666,0.6666666666666666,3,0.0,0.0,3,,,0,0.0,0.0,3,,,0,,,0,0.6666666666666666,0.6666666666666666,3,1.0,1.0,3,0.6666666666666666,0.6666666666666666,3,0.6666666666666666,0.6666666666666666,3,0.0,0.0,3
1,REFERENCE,A2,FORCED_ON,native,positive,1,1,1.0,1.0,1,1.0,1.0,1,0.0,0.0,1,,,0,0.0,0.0,1,,,0,,,0,1.0,1.0,1,1.0,1.0,1,1.0,1.0,1,1.0,1.0,1,0.0,0.0,1
2,L16,W0_TASK_ONLY,DISABLED,calibration,H,16,4,0.0,0.0,16,0.0,0.0,16,1.0,1.0,16,0.0,0.0,16,0.0,0.0,16,,,0,,,0,0.0,0.0,16,0.0,0.0,16,0.0,0.0,16,0.0,0.0,16,0.0,0.0,16
2,L16,W0_TASK_ONLY,DISABLED,calibration,U,16,16,0.3125,0.3125,16,0.0,0.0,16,1.0,1.0,16,0.0,0.0,16,0.3125,0.3125,16,1.0,1.0,5,0.0,0.0,5,0.0,0.0,11,0.0,0.0,11,0.125,0.125,16,0.0,0.0,16,0.0,0.0,16
2,L16,W0_TASK_ONLY,DISABLED,calibration,positive,4,1,0.0,0.0,4,0.0,0.0,4,1.0,1.0,4,,,0,0.0,0.0,4,,,0,,,0,0.0,0.0,4,0.0,0.0,4,0.0,0.0,4,1.0,1.0,4,0.0,0.0,4
2,L16,W0_TASK_ONLY,DISABLED,challenge,same_image_other_fact_challenge,2,1,0.0,0.0,2,0.0,0.0,2,1.0,1.0,2,0.0,0.0,2,0.0,0.0,2,,,0,,,0,0.0,0.0,2,0.0,0.0,2,0.0,0.0,2,0.0,0.0,2,0.0,0.0,2
2,L16,W0_TASK_ONLY,DISABLED,evaluation,H,20,5,0.0,0.0,20,0.0,0.0,20,1.0,1.0,20,0.0,0.0,20,0.0,0.0,20,,,0,,,0,0.0,0.0,20,0.0,0.0,20,0.0,0.0,20,0.4,0.4,20,0.0,0.0,20
2,L16,W0_TASK_ONLY,DISABLED,evaluation,U,15,15,0.4666666666666667,0.4666666666666667,15,0.0,0.0,15,1.0,1.0,15,0.0,0.0,15,0.4666666666666667,0.4666666666666667,15,1.0,1.0,7,0.0,0.0,7,0.0,0.0,8,0.0,0.0,8,0.26666666666666666,0.26666666666666666,15,0.0,0.0,15,0.0,0.0,15
2,L16,W0_TASK_ONLY,DISABLED,evaluation,positive,4,1,0.0,0.0,4,0.0,0.0,4,1.0,1.0,4,,,0,0.0,0.0,4,,,0,,,0,0.0,0.0,4,0.0,0.0,4,0.0,0.0,4,1.0,1.0,4,0.0,0.0,4
2,L16,W0_TASK_ONLY,DISABLED,fit,H,20,4,0.0,0.0,20,0.0,0.0,20,1.0,1.0,20,0.0,0.0,20,0.0,0.0,20,,,0,,,0,0.0,0.0,20,0.0,0.0,20,0.0,0.0,20,0.95,0.95,20,0.0,0.0,20
2,L16,W0_TASK_ONLY,DISABLED,fit,U,16,16,0.3125,0.3125,16,0.0,0.0,16,1.0,1.0,16,0.0,0.0,16,0.3125,0.3125,16,1.0,1.0,5,0.0,0.0,5,0.0,0.0,11,0.0,0.0,11,0.1875,0.1875,16,0.0,0.0,16,0.0,0.0,16
2,L16,W0_TASK_ONLY,DISABLED,fit,positive,5,1,0.0,0.0,5,0.0,0.0,5,1.0,1.0,5,,,0,0.0,0.0,5,,,0,,,0,0.0,0.0,5,0.0,0.0,5,0.0,0.0,5,1.0,1.0,5,0.0,0.0,5
2,L16,W0_TASK_ONLY,DISABLED,formal_development,T1G,4,4,0.0,0.0,4,0.0,0.0,4,1.0,1.0,4,,,0,0.0,0.0,4,,,0,,,0,0.0,0.0,4,0.0,0.0,4,0.0,0.0,4,0.25,0.25,4,0.0,0.0,4
2,L16,W0_TASK_ONLY,DISABLED,formal_development,T2G,4,1,0.0,0.0,4,0.0,0.0,4,1.0,1.0,4,,,0,0.0,0.0,4,,,0,,,0,0.0,0.0,4,0.0,0.0,4,0.0,0.0,4,1.0,1.0,4,0.0,0.0,4
2,L16,W0_TASK_ONLY,DISABLED,native,positive,1,1,0.0,0.0,1,0.0,0.0,1,1.0,1.0,1,,,0,0.0,0.0,1,,,0,,,0,0.0,0.0,1,0.0,0.0,1,0.0,0.0,1,1.0,1.0,1,0.0,0.0,1
2,L16,W0_TASK_ONLY,FIXED_ROUTER,calibration,H,16,4,0.0,0.0,16,0.0,0.0,16,1.0,1.0,16,0.0,0.0,16,0.0,0.0,16,,,0,,,0,0.0,0.0,16,0.0,0.0,16,0.0,0.0,16,0.0,0.0,16,0.0,0.0,16
2,L16,W0_TASK_ONLY,FIXED_ROUTER,calibration,U,16,16,0.3125,0.3125,16,0.0,0.0,16,1.0,1.0,16,0.0,0.0,16,0.3125,0.3125,16,1.0,1.0,5,0.0,0.0,5,0.0,0.0,11,0.0,0.0,11,0.125,0.125,16,0.0,0.0,16,0.0,0.0,16
2,L16,W0_TASK_ONLY,FIXED_ROUTER,calibration,positive,4,1,1.0,1.0,4,1.0,1.0,4,0.0,0.0,4,,,0,0.0,0.0,4,,,0,,,0,1.0,1.0,4,1.0,1.0,4,1.0,1.0,4,1.0,1.0,4,0.0,0.0,4
2,L16,W0_TASK_ONLY,FIXED_ROUTER,challenge,same_image_other_fact_challenge,2,1,0.0,0.0,2,0.0,0.0,2,1.0,1.0,2,0.0,0.0,2,0.0,0.0,2,,,0,,,0,0.0,0.0,2,0.0,0.0,2,0.0,0.0,2,0.0,0.0,2,0.0,0.0,2
2,L16,W0_TASK_ONLY,FIXED_ROUTER,evaluation,H,20,5,0.0,0.0,20,0.0,0.0,20,0.6,0.6,20,0.1924771934747696,0.1924771934747696,20,0.0,0.0,20,,,0,,,0,0.0,0.0,20,0.4,0.4,20,0.4,0.4,20,0.4,0.4,20,0.0,0.0,20
2,L16,W0_TASK_ONLY,FIXED_ROUTER,evaluation,U,15,15,0.4666666666666667,0.4666666666666667,15,0.0,0.0,15,1.0,1.0,15,0.0,0.0,15,0.4666666666666667,0.4666666666666667,15,1.0,1.0,7,0.0,0.0,7,0.0,0.0,8,0.0,0.0,8,0.26666666666666666,0.26666666666666666,15,0.0,0.0,15,0.0,0.0,15
2,L16,W0_TASK_ONLY,FIXED_ROUTER,evaluation,positive,4,1,1.0,1.0,4,1.0,1.0,4,0.0,0.0,4,,,0,0.0,0.0,4,,,0,,,0,1.0,1.0,4,1.0,1.0,4,1.0,1.0,4,1.0,1.0,4,0.0,0.0,4
2,L16,W0_TASK_ONLY,FIXED_ROUTER,fit,H,20,4,0.0,0.0,20,0.0,0.0,20,0.05,0.05,20,0.6715500056743622,0.6715500056743622,20,0.0,0.0,20,,,0,,,0,0.0,0.0,20,0.95,0.95,20,0.9,0.9,20,0.95,0.95,20,0.0,0.0,20
2,L16,W0_TASK_ONLY,FIXED_ROUTER,fit,U,16,16,0.3125,0.3125,16,0.0,0.0,16,1.0,1.0,16,0.0,0.0,16,0.3125,0.3125,16,1.0,1.0,5,0.0,0.0,5,0.0,0.0,11,0.0,0.0,11,0.1875,0.1875,16,0.0,0.0,16,0.0,0.0,16
2,L16,W0_TASK_ONLY,FIXED_ROUTER,fit,positive,5,1,1.0,1.0,5,1.0,1.0,5,0.0,0.0,5,,,0,0.0,0.0,5,,,0,,,0,1.0,1.0,5,1.0,1.0,5,1.0,1.0,5,1.0,1.0,5,0.0,0.0,5
2,L16,W0_TASK_ONLY,FIXED_ROUTER,formal_development,T1G,4,4,0.25,0.25,4,0.25,0.25,4,0.75,0.75,4,,,0,0.0,0.0,4,,,0,,,0,0.25,0.25,4,0.25,0.25,4,0.25,0.25,4,0.25,0.25,4,0.0,0.0,4
2,L16,W0_TASK_ONLY,FIXED_ROUTER,formal_development,T2G,4,1,1.0,1.0,4,1.0,1.0,4,0.0,0.0,4,,,0,0.0,0.0,4,,,0,,,0,1.0,1.0,4,1.0,1.0,4,1.0,1.0,4,1.0,1.0,4,0.0,0.0,4
2,L16,W0_TASK_ONLY,FIXED_ROUTER,native,positive,1,1,1.0,1.0,1,1.0,1.0,1,0.0,0.0,1,,,0,0.0,0.0,1,,,0,,,0,1.0,1.0,1,1.0,1.0,1,1.0,1.0,1,1.0,1.0,1,0.0,0.0,1
2,L16,W0_TASK_ONLY,FORCED_ON,calibration,H,16,4,0.1875,0.1875,16,0.0,0.0,16,0.0,0.0,16,0.7401929646730423,0.7401929646730423,16,0.0,0.0,16,,,0,,,0,0.1875,0.1875,16,1.0,1.0,16,1.0,1.0,16,0.0,0.0,16,0.0,0.0,16
2,L16,W0_TASK_ONLY,FORCED_ON,calibration,U,16,16,0.0,0.0,16,0.0,0.0,16,0.0,0.0,16,0.32877334929071367,0.32877334929071367,16,0.3125,0.3125,16,0.0,0.0,5,1.0,1.0,5,0.0,0.0,11,1.0,1.0,11,0.0,0.0,16,0.0,0.0,16,0.0,0.0,16
2,L16,W0_TASK_ONLY,FORCED_ON,calibration,positive,4,1,1.0,1.0,4,1.0,1.0,4,0.0,0.0,4,,,0,0.0,0.0,4,,,0,,,0,1.0,1.0,4,1.0,1.0,4,1.0,1.0,4,1.0,1.0,4,0.0,0.0,4
2,L16,W0_TASK_ONLY,FORCED_ON,challenge,same_image_other_fact_challenge,2,1,0.0,0.0,2,0.0,0.0,2,0.0,0.0,2,0.24507034197449684,0.24507034197449684,2,0.0,0.0,2,,,0,,,0,0.0,0.0,2,1.0,1.0,2,0.0,0.0,2,0.0,0.0,2,0.0,0.0,2
2,L16,W0_TASK_ONLY,FORCED_ON,evaluation,H,20,5,0.2,0.2,20,0.0,0.0,20,0.0,0.0,20,0.5809538438916206,0.5809538438916206,20,0.0,0.0,20,,,0,,,0,0.2,0.2,20,1.0,1.0,20,1.0,1.0,20,0.4,0.4,20,0.0,0.0,20
2,L16,W0_TASK_ONLY,FORCED_ON,evaluation,U,15,15,0.06666666666666667,0.06666666666666667,15,0.0,0.0,15,0.0,0.0,15,0.33164878661433855,0.33164878661433855,15,0.4666666666666667,0.4666666666666667,15,0.14285714285714285,0.14285714285714285,7,0.8571428571428571,0.8571428571428571,7,0.0,0.0,8,1.0,1.0,8,0.0,0.0,15,0.0,0.0,15,0.0,0.0,15
2,L16,W0_TASK_ONLY,FORCED_ON,evaluation,positive,4,1,1.0,1.0,4,1.0,1.0,4,0.0,0.0,4,,,0,0.0,0.0,4,,,0,,,0,1.0,1.0,4,1.0,1.0,4,1.0,1.0,4,1.0,1.0,4,0.0,0.0,4
2,L16,W0_TASK_ONLY,FORCED_ON,fit,H,20,4,0.0,0.0,20,0.0,0.0,20,0.0,0.0,20,0.6978199422359467,0.6978199422359467,20,0.0,0.0,20,,,0,,,0,0.0,0.0,20,1.0,1.0,20,0.95,0.95,20,0.95,0.95,20,0.0,0.0,20
2,L16,W0_TASK_ONLY,FORCED_ON,fit,U,16,16,0.0,0.0,16,0.0,0.0,16,0.0,0.0,16,0.21968659642152488,0.21968659642152488,16,0.3125,0.3125,16,0.0,0.0,5,1.0,1.0,5,0.0,0.0,11,1.0,1.0,11,0.0,0.0,16,0.0,0.0,16,0.0,0.0,16
2,L16,W0_TASK_ONLY,FORCED_ON,fit,positive,5,1,1.0,1.0,5,1.0,1.0,5,0.0,0.0,5,,,0,0.0,0.0,5,,,0,,,0,1.0,1.0,5,1.0,1.0,5,1.0,1.0,5,1.0,1.0,5,0.0,0.0,5
2,L16,W0_TASK_ONLY,FORCED_ON,formal_development,T1G,4,4,1.0,1.0,4,1.0,1.0,4,0.0,0.0,4,,,0,0.0,0.0,4,,,0,,,0,1.0,1.0,4,1.0,1.0,4,1.0,1.0,4,0.25,0.25,4,0.0,0.0,4
2,L16,W0_TASK_ONLY,FORCED_ON,formal_development,T2G,4,1,1.0,1.0,4,1.0,1.0,4,0.0,0.0,4,,,0,0.0,0.0,4,,,0,,,0,1.0,1.0,4,1.0,1.0,4,1.0,1.0,4,1.0,1.0,4,0.0,0.0,4
2,L16,W0_TASK_ONLY,FORCED_ON,native,positive,1,1,1.0,1.0,1,1.0,1.0,1,0.0,0.0,1,,,0,0.0,0.0,1,,,0,,,0,1.0,1.0,1,1.0,1.0,1,1.0,1.0,1,1.0,1.0,1,0.0,0.0,1
2,L16,W1_KL_0.1,DISABLED,calibration,H,16,4,0.0,0.0,16,0.0,0.0,16,1.0,1.0,16,0.0,0.0,16,0.0,0.0,16,,,0,,,0,0.0,0.0,16,0.0,0.0,16,0.0,0.0,16,0.0,0.0,16,0.0,0.0,16
2,L16,W1_KL_0.1,DISABLED,calibration,U,16,16,0.3125,0.3125,16,0.0,0.0,16,1.0,1.0,16,0.0,0.0,16,0.3125,0.3125,16,1.0,1.0,5,0.0,0.0,5,0.0,0.0,11,0.0,0.0,11,0.125,0.125,16,0.0,0.0,16,0.0,0.0,16
2,L16,W1_KL_0.1,DISABLED,calibration,positive,4,1,0.0,0.0,4,0.0,0.0,4,1.0,1.0,4,,,0,0.0,0.0,4,,,0,,,0,0.0,0.0,4,0.0,0.0,4,0.0,0.0,4,1.0,1.0,4,0.0,0.0,4
2,L16,W1_KL_0.1,DISABLED,challenge,same_image_other_fact_challenge,2,1,0.0,0.0,2,0.0,0.0,2,1.0,1.0,2,0.0,0.0,2,0.0,0.0,2,,,0,,,0,0.0,0.0,2,0.0,0.0,2,0.0,0.0,2,0.0,0.0,2,0.0,0.0,2
2,L16,W1_KL_0.1,DISABLED,evaluation,H,20,5,0.0,0.0,20,0.0,0.0,20,1.0,1.0,20,0.0,0.0,20,0.0,0.0,20,,,0,,,0,0.0,0.0,20,0.0,0.0,20,0.0,0.0,20,0.4,0.4,20,0.0,0.0,20
2,L16,W1_KL_0.1,DISABLED,evaluation,U,15,15,0.4666666666666667,0.4666666666666667,15,0.0,0.0,15,1.0,1.0,15,0.0,0.0,15,0.4666666666666667,0.4666666666666667,15,1.0,1.0,7,0.0,0.0,7,0.0,0.0,8,0.0,0.0,8,0.26666666666666666,0.26666666666666666,15,0.0,0.0,15,0.0,0.0,15
2,L16,W1_KL_0.1,DISABLED,evaluation,positive,4,1,0.0,0.0,4,0.0,0.0,4,1.0,1.0,4,,,0,0.0,0.0,4,,,0,,,0,0.0,0.0,4,0.0,0.0,4,0.0,0.0,4,1.0,1.0,4,0.0,0.0,4
2,L16,W1_KL_0.1,DISABLED,fit,H,20,4,0.0,0.0,20,0.0,0.0,20,1.0,1.0,20,0.0,0.0,20,0.0,0.0,20,,,0,,,0,0.0,0.0,20,0.0,0.0,20,0.0,0.0,20,0.95,0.95,20,0.0,0.0,20
2,L16,W1_KL_0.1,DISABLED,fit,U,16,16,0.3125,0.3125,16,0.0,0.0,16,1.0,1.0,16,0.0,0.0,16,0.3125,0.3125,16,1.0,1.0,5,0.0,0.0,5,0.0,0.0,11,0.0,0.0,11,0.1875,0.1875,16,0.0,0.0,16,0.0,0.0,16
2,L16,W1_KL_0.1,DISABLED,fit,positive,5,1,0.0,0.0,5,0.0,0.0,5,1.0,1.0,5,,,0,0.0,0.0,5,,,0,,,0,0.0,0.0,5,0.0,0.0,5,0.0,0.0,5,1.0,1.0,5,0.0,0.0,5
2,L16,W1_KL_0.1,DISABLED,formal_development,T1G,4,4,0.0,0.0,4,0.0,0.0,4,1.0,1.0,4,,,0,0.0,0.0,4,,,0,,,0,0.0,0.0,4,0.0,0.0,4,0.0,0.0,4,0.25,0.25,4,0.0,0.0,4
2,L16,W1_KL_0.1,DISABLED,formal_development,T2G,4,1,0.0,0.0,4,0.0,0.0,4,1.0,1.0,4,,,0,0.0,0.0,4,,,0,,,0,0.0,0.0,4,0.0,0.0,4,0.0,0.0,4,1.0,1.0,4,0.0,0.0,4
2,L16,W1_KL_0.1,DISABLED,native,positive,1,1,0.0,0.0,1,0.0,0.0,1,1.0,1.0,1,,,0,0.0,0.0,1,,,0,,,0,0.0,0.0,1,0.0,0.0,1,0.0,0.0,1,1.0,1.0,1,0.0,0.0,1
2,L16,W1_KL_0.1,FIXED_ROUTER,calibration,H,16,4,0.0,0.0,16,0.0,0.0,16,1.0,1.0,16,0.0,0.0,16,0.0,0.0,16,,,0,,,0,0.0,0.0,16,0.0,0.0,16,0.0,0.0,16,0.0,0.0,16,0.0,0.0,16
2,L16,W1_KL_0.1,FIXED_ROUTER,calibration,U,16,16,0.3125,0.3125,16,0.0,0.0,16,1.0,1.0,16,0.0,0.0,16,0.3125,0.3125,16,1.0,1.0,5,0.0,0.0,5,0.0,0.0,11,0.0,0.0,11,0.125,0.125,16,0.0,0.0,16,0.0,0.0,16
2,L16,W1_KL_0.1,FIXED_ROUTER,calibration,positive,4,1,1.0,1.0,4,1.0,1.0,4,0.0,0.0,4,,,0,0.0,0.0,4,,,0,,,0,1.0,1.0,4,1.0,1.0,4,1.0,1.0,4,1.0,1.0,4,0.0,0.0,4
2,L16,W1_KL_0.1,FIXED_ROUTER,challenge,same_image_other_fact_challenge,2,1,0.0,0.0,2,0.0,0.0,2,1.0,1.0,2,0.0,0.0,2,0.0,0.0,2,,,0,,,0,0.0,0.0,2,0.0,0.0,2,0.0,0.0,2,0.0,0.0,2,0.0,0.0,2
2,L16,W1_KL_0.1,FIXED_ROUTER,evaluation,H,20,5,0.0,0.0,20,0.0,0.0,20,0.75,0.75,20,0.0030374628957360985,0.0030374628957360985,20,0.0,0.0,20,,,0,,,0,0.0,0.0,20,0.25,0.25,20,0.0,0.0,20,0.4,0.4,20,0.0,0.0,20
2,L16,W1_KL_0.1,FIXED_ROUTER,evaluation,U,15,15,0.4666666666666667,0.4666666666666667,15,0.0,0.0,15,1.0,1.0,15,0.0,0.0,15,0.4666666666666667,0.4666666666666667,15,1.0,1.0,7,0.0,0.0,7,0.0,0.0,8,0.0,0.0,8,0.26666666666666666,0.26666666666666666,15,0.0,0.0,15,0.0,0.0,15
2,L16,W1_KL_0.1,FIXED_ROUTER,evaluation,positive,4,1,1.0,1.0,4,1.0,1.0,4,0.0,0.0,4,,,0,0.0,0.0,4,,,0,,,0,1.0,1.0,4,1.0,1.0,4,1.0,1.0,4,1.0,1.0,4,0.0,0.0,4
2,L16,W1_KL_0.1,FIXED_ROUTER,fit,H,20,4,0.0,0.0,20,0.0,0.0,20,0.8,0.8,20,0.00045771262084599585,0.00045771262084599585,20,0.0,0.0,20,,,0,,,0,0.0,0.0,20,0.2,0.2,20,0.0,0.0,20,0.95,0.95,20,0.0,0.0,20
2,L16,W1_KL_0.1,FIXED_ROUTER,fit,U,16,16,0.3125,0.3125,16,0.0,0.0,16,1.0,1.0,16,0.0,0.0,16,0.3125,0.3125,16,1.0,1.0,5,0.0,0.0,5,0.0,0.0,11,0.0,0.0,11,0.1875,0.1875,16,0.0,0.0,16,0.0,0.0,16
2,L16,W1_KL_0.1,FIXED_ROUTER,fit,positive,5,1,1.0,1.0,5,1.0,1.0,5,0.0,0.0,5,,,0,0.0,0.0,5,,,0,,,0,1.0,1.0,5,1.0,1.0,5,1.0,1.0,5,1.0,1.0,5,0.0,0.0,5
2,L16,W1_KL_0.1,FIXED_ROUTER,formal_development,T1G,4,4,0.25,0.25,4,0.25,0.25,4,0.75,0.75,4,,,0,0.0,0.0,4,,,0,,,0,0.25,0.25,4,0.25,0.25,4,0.25,0.25,4,0.25,0.25,4,0.0,0.0,4
2,L16,W1_KL_0.1,FIXED_ROUTER,formal_development,T2G,4,1,0.75,0.75,4,0.5,0.5,4,0.0,0.0,4,,,0,0.0,0.0,4,,,0,,,0,0.75,0.75,4,1.0,1.0,4,0.75,0.75,4,1.0,1.0,4,0.0,0.0,4
2,L16,W1_KL_0.1,FIXED_ROUTER,native,positive,1,1,1.0,1.0,1,1.0,1.0,1,0.0,0.0,1,,,0,0.0,0.0,1,,,0,,,0,1.0,1.0,1,1.0,1.0,1,1.0,1.0,1,1.0,1.0,1,0.0,0.0,1
2,L16,W1_KL_0.1,FORCED_ON,calibration,H,16,4,0.1875,0.1875,16,0.0,0.0,16,0.4375,0.4375,16,0.129785029017512,0.129785029017512,16,0.0,0.0,16,,,0,,,0,0.1875,0.1875,16,0.5625,0.5625,16,0.5,0.5,16,0.0,0.0,16,0.0,0.0,16
2,L16,W1_KL_0.1,FORCED_ON,calibration,U,16,16,0.3125,0.3125,16,0.0,0.0,16,0.5625,0.5625,16,0.0065651677796267904,0.0065651677796267904,16,0.3125,0.3125,16,1.0,1.0,5,0.0,0.0,5,0.0,0.0,11,0.5454545454545454,0.5454545454545454,11,0.125,0.125,16,0.0,0.0,16,0.0,0.0,16
2,L16,W1_KL_0.1,FORCED_ON,calibration,positive,4,1,1.0,1.0,4,1.0,1.0,4,0.0,0.0,4,,,0,0.0,0.0,4,,,0,,,0,1.0,1.0,4,1.0,1.0,4,1.0,1.0,4,1.0,1.0,4,0.0,0.0,4
2,L16,W1_KL_0.1,FORCED_ON,challenge,same_image_other_fact_challenge,2,1,0.5,0.5,2,0.0,0.0,2,0.5,0.5,2,0.007029517786577344,0.007029517786577344,2,0.0,0.0,2,,,0,,,0,0.5,0.5,2,0.5,0.5,2,0.0,0.0,2,0.0,0.0,2,0.0,0.0,2
2,L16,W1_KL_0.1,FORCED_ON,evaluation,H,20,5,0.2,0.2,20,0.0,0.0,20,0.25,0.25,20,0.05096021105564432,0.05096021105564432,20,0.0,0.0,20,,,0,,,0,0.2,0.2,20,0.75,0.75,20,0.2,0.2,20,0.4,0.4,20,0.0,0.0,20
2,L16,W1_KL_0.1,FORCED_ON,evaluation,U,15,15,0.3333333333333333,0.3333333333333333,15,0.0,0.0,15,0.3333333333333333,0.3333333333333333,15,0.005892443556028108,0.005892443556028108,15,0.4666666666666667,0.4666666666666667,15,0.7142857142857143,0.7142857142857143,7,0.2857142857142857,0.2857142857142857,7,0.0,0.0,8,0.625,0.625,8,0.2,0.2,15,0.0,0.0,15,0.0,0.0,15
2,L16,W1_KL_0.1,FORCED_ON,evaluation,positive,4,1,1.0,1.0,4,1.0,1.0,4,0.0,0.0,4,,,0,0.0,0.0,4,,,0,,,0,1.0,1.0,4,1.0,1.0,4,1.0,1.0,4,1.0,1.0,4,0.0,0.0,4
2,L16,W1_KL_0.1,FORCED_ON,fit,H,20,4,0.0,0.0,20,0.0,0.0,20,0.8,0.8,20,0.0004825888725463301,0.0004825888725463301,20,0.0,0.0,20,,,0,,,0,0.0,0.0,20,0.2,0.2,20,0.0,0.0,20,0.95,0.95,20,0.0,0.0,20
2,L16,W1_KL_0.1,FORCED_ON,fit,U,16,16,0.3125,0.3125,16,0.0,0.0,16,0.625,0.625,16,0.000747608106394182,0.000747608106394182,16,0.3125,0.3125,16,1.0,1.0,5,0.0,0.0,5,0.0,0.0,11,0.45454545454545453,0.45454545454545453,11,0.1875,0.1875,16,0.0,0.0,16,0.0,0.0,16
2,L16,W1_KL_0.1,FORCED_ON,fit,positive,5,1,1.0,1.0,5,1.0,1.0,5,0.0,0.0,5,,,0,0.0,0.0,5,,,0,,,0,1.0,1.0,5,1.0,1.0,5,1.0,1.0,5,1.0,1.0,5,0.0,0.0,5
2,L16,W1_KL_0.1,FORCED_ON,formal_development,T1G,4,4,1.0,1.0,4,1.0,1.0,4,0.0,0.0,4,,,0,0.0,0.0,4,,,0,,,0,1.0,1.0,4,1.0,1.0,4,1.0,1.0,4,0.25,0.25,4,0.0,0.0,4
2,L16,W1_KL_0.1,FORCED_ON,formal_development,T2G,4,1,0.75,0.75,4,0.5,0.5,4,0.0,0.0,4,,,0,0.0,0.0,4,,,0,,,0,0.75,0.75,4,1.0,1.0,4,0.75,0.75,4,1.0,1.0,4,0.0,0.0,4
2,L16,W1_KL_0.1,FORCED_ON,native,positive,1,1,1.0,1.0,1,1.0,1.0,1,0.0,0.0,1,,,0,0.0,0.0,1,,,0,,,0,1.0,1.0,1,1.0,1.0,1,1.0,1.0,1,1.0,1.0,1,0.0,0.0,1
2,L16,W1_KL_1,DISABLED,calibration,H,16,4,0.0,0.0,16,0.0,0.0,16,1.0,1.0,16,0.0,0.0,16,0.0,0.0,16,,,0,,,0,0.0,0.0,16,0.0,0.0,16,0.0,0.0,16,0.0,0.0,16,0.0,0.0,16
2,L16,W1_KL_1,DISABLED,calibration,U,16,16,0.3125,0.3125,16,0.0,0.0,16,1.0,1.0,16,0.0,0.0,16,0.3125,0.3125,16,1.0,1.0,5,0.0,0.0,5,0.0,0.0,11,0.0,0.0,11,0.125,0.125,16,0.0,0.0,16,0.0,0.0,16
2,L16,W1_KL_1,DISABLED,calibration,positive,4,1,0.0,0.0,4,0.0,0.0,4,1.0,1.0,4,,,0,0.0,0.0,4,,,0,,,0,0.0,0.0,4,0.0,0.0,4,0.0,0.0,4,1.0,1.0,4,0.0,0.0,4
2,L16,W1_KL_1,DISABLED,challenge,same_image_other_fact_challenge,2,1,0.0,0.0,2,0.0,0.0,2,1.0,1.0,2,0.0,0.0,2,0.0,0.0,2,,,0,,,0,0.0,0.0,2,0.0,0.0,2,0.0,0.0,2,0.0,0.0,2,0.0,0.0,2
2,L16,W1_KL_1,DISABLED,evaluation,H,20,5,0.0,0.0,20,0.0,0.0,20,1.0,1.0,20,0.0,0.0,20,0.0,0.0,20,,,0,,,0,0.0,0.0,20,0.0,0.0,20,0.0,0.0,20,0.4,0.4,20,0.0,0.0,20
2,L16,W1_KL_1,DISABLED,evaluation,U,15,15,0.4666666666666667,0.4666666666666667,15,0.0,0.0,15,1.0,1.0,15,0.0,0.0,15,0.4666666666666667,0.4666666666666667,15,1.0,1.0,7,0.0,0.0,7,0.0,0.0,8,0.0,0.0,8,0.26666666666666666,0.26666666666666666,15,0.0,0.0,15,0.0,0.0,15
2,L16,W1_KL_1,DISABLED,evaluation,positive,4,1,0.0,0.0,4,0.0,0.0,4,1.0,1.0,4,,,0,0.0,0.0,4,,,0,,,0,0.0,0.0,4,0.0,0.0,4,0.0,0.0,4,1.0,1.0,4,0.0,0.0,4
2,L16,W1_KL_1,DISABLED,fit,H,20,4,0.0,0.0,20,0.0,0.0,20,1.0,1.0,20,0.0,0.0,20,0.0,0.0,20,,,0,,,0,0.0,0.0,20,0.0,0.0,20,0.0,0.0,20,0.95,0.95,20,0.0,0.0,20
2,L16,W1_KL_1,DISABLED,fit,U,16,16,0.3125,0.3125,16,0.0,0.0,16,1.0,1.0,16,0.0,0.0,16,0.3125,0.3125,16,1.0,1.0,5,0.0,0.0,5,0.0,0.0,11,0.0,0.0,11,0.1875,0.1875,16,0.0,0.0,16,0.0,0.0,16
2,L16,W1_KL_1,DISABLED,fit,positive,5,1,0.0,0.0,5,0.0,0.0,5,1.0,1.0,5,,,0,0.0,0.0,5,,,0,,,0,0.0,0.0,5,0.0,0.0,5,0.0,0.0,5,1.0,1.0,5,0.0,0.0,5
2,L16,W1_KL_1,DISABLED,formal_development,T1G,4,4,0.0,0.0,4,0.0,0.0,4,1.0,1.0,4,,,0,0.0,0.0,4,,,0,,,0,0.0,0.0,4,0.0,0.0,4,0.0,0.0,4,0.25,0.25,4,0.0,0.0,4
2,L16,W1_KL_1,DISABLED,formal_development,T2G,4,1,0.0,0.0,4,0.0,0.0,4,1.0,1.0,4,,,0,0.0,0.0,4,,,0,,,0,0.0,0.0,4,0.0,0.0,4,0.0,0.0,4,1.0,1.0,4,0.0,0.0,4
2,L16,W1_KL_1,DISABLED,native,positive,1,1,0.0,0.0,1,0.0,0.0,1,1.0,1.0,1,,,0,0.0,0.0,1,,,0,,,0,0.0,0.0,1,0.0,0.0,1,0.0,0.0,1,1.0,1.0,1,0.0,0.0,1
2,L16,W1_KL_1,FIXED_ROUTER,calibration,H,16,4,0.0,0.0,16,0.0,0.0,16,1.0,1.0,16,0.0,0.0,16,0.0,0.0,16,,,0,,,0,0.0,0.0,16,0.0,0.0,16,0.0,0.0,16,0.0,0.0,16,0.0,0.0,16
2,L16,W1_KL_1,FIXED_ROUTER,calibration,U,16,16,0.3125,0.3125,16,0.0,0.0,16,1.0,1.0,16,0.0,0.0,16,0.3125,0.3125,16,1.0,1.0,5,0.0,0.0,5,0.0,0.0,11,0.0,0.0,11,0.125,0.125,16,0.0,0.0,16,0.0,0.0,16
2,L16,W1_KL_1,FIXED_ROUTER,calibration,positive,4,1,1.0,1.0,4,1.0,1.0,4,0.0,0.0,4,,,0,0.0,0.0,4,,,0,,,0,1.0,1.0,4,1.0,1.0,4,1.0,1.0,4,1.0,1.0,4,0.0,0.0,4
2,L16,W1_KL_1,FIXED_ROUTER,challenge,same_image_other_fact_challenge,2,1,0.0,0.0,2,0.0,0.0,2,1.0,1.0,2,0.0,0.0,2,0.0,0.0,2,,,0,,,0,0.0,0.0,2,0.0,0.0,2,0.0,0.0,2,0.0,0.0,2,0.0,0.0,2
2,L16,W1_KL_1,FIXED_ROUTER,evaluation,H,20,5,0.0,0.0,20,0.0,0.0,20,0.75,0.75,20,0.0014711578784044831,0.0014711578784044831,20,0.0,0.0,20,,,0,,,0,0.0,0.0,20,0.25,0.25,20,0.0,0.0,20,0.4,0.4,20,0.0,0.0,20
2,L16,W1_KL_1,FIXED_ROUTER,evaluation,U,15,15,0.4666666666666667,0.4666666666666667,15,0.0,0.0,15,1.0,1.0,15,0.0,0.0,15,0.4666666666666667,0.4666666666666667,15,1.0,1.0,7,0.0,0.0,7,0.0,0.0,8,0.0,0.0,8,0.26666666666666666,0.26666666666666666,15,0.0,0.0,15,0.0,0.0,15
2,L16,W1_KL_1,FIXED_ROUTER,evaluation,positive,4,1,1.0,1.0,4,1.0,1.0,4,0.0,0.0,4,,,0,0.0,0.0,4,,,0,,,0,1.0,1.0,4,1.0,1.0,4,1.0,1.0,4,1.0,1.0,4,0.0,0.0,4
2,L16,W1_KL_1,FIXED_ROUTER,fit,H,20,4,0.0,0.0,20,0.0,0.0,20,0.8,0.8,20,0.0003301348740933463,0.0003301348740933463,20,0.0,0.0,20,,,0,,,0,0.0,0.0,20,0.2,0.2,20,0.0,0.0,20,0.95,0.95,20,0.0,0.0,20
2,L16,W1_KL_1,FIXED_ROUTER,fit,U,16,16,0.3125,0.3125,16,0.0,0.0,16,1.0,1.0,16,0.0,0.0,16,0.3125,0.3125,16,1.0,1.0,5,0.0,0.0,5,0.0,0.0,11,0.0,0.0,11,0.1875,0.1875,16,0.0,0.0,16,0.0,0.0,16
2,L16,W1_KL_1,FIXED_ROUTER,fit,positive,5,1,1.0,1.0,5,1.0,1.0,5,0.0,0.0,5,,,0,0.0,0.0,5,,,0,,,0,1.0,1.0,5,1.0,1.0,5,1.0,1.0,5,1.0,1.0,5,0.0,0.0,5
2,L16,W1_KL_1,FIXED_ROUTER,formal_development,T1G,4,4,0.25,0.25,4,0.25,0.25,4,0.75,0.75,4,,,0,0.0,0.0,4,,,0,,,0,0.25,0.25,4,0.25,0.25,4,0.25,0.25,4,0.25,0.25,4,0.0,0.0,4
2,L16,W1_KL_1,FIXED_ROUTER,formal_development,T2G,4,1,0.5,0.5,4,0.25,0.25,4,0.0,0.0,4,,,0,0.0,0.0,4,,,0,,,0,0.5,0.5,4,1.0,1.0,4,0.5,0.5,4,1.0,1.0,4,0.0,0.0,4
2,L16,W1_KL_1,FIXED_ROUTER,native,positive,1,1,1.0,1.0,1,1.0,1.0,1,0.0,0.0,1,,,0,0.0,0.0,1,,,0,,,0,1.0,1.0,1,1.0,1.0,1,1.0,1.0,1,1.0,1.0,1,0.0,0.0,1
2,L16,W1_KL_1,FORCED_ON,calibration,H,16,4,0.1875,0.1875,16,0.0,0.0,16,0.1875,0.1875,16,0.07562890721601434,0.07562890721601434,16,0.0,0.0,16,,,0,,,0,0.1875,0.1875,16,0.8125,0.8125,16,0.5,0.5,16,0.0,0.0,16,0.0,0.0,16
2,L16,W1_KL_1,FORCED_ON,calibration,U,16,16,0.3125,0.3125,16,0.0,0.0,16,0.5,0.5,16,0.004901372209133115,0.004901372209133115,16,0.3125,0.3125,16,1.0,1.0,5,0.0,0.0,5,0.0,0.0,11,0.6363636363636364,0.6363636363636364,11,0.125,0.125,16,0.0,0.0,16,0.0,0.0,16
2,L16,W1_KL_1,FORCED_ON,calibration,positive,4,1,1.0,1.0,4,1.0,1.0,4,0.0,0.0,4,,,0,0.0,0.0,4,,,0,,,0,1.0,1.0,4,1.0,1.0,4,1.0,1.0,4,1.0,1.0,4,0.0,0.0,4
2,L16,W1_KL_1,FORCED_ON,challenge,same_image_other_fact_challenge,2,1,0.5,0.5,2,0.0,0.0,2,0.5,0.5,2,0.005630267318338156,0.005630267318338156,2,0.0,0.0,2,,,0,,,0,0.5,0.5,2,0.5,0.5,2,0.0,0.0,2,0.0,0.0,2,0.0,0.0,2
2,L16,W1_KL_1,FORCED_ON,evaluation,H,20,5,0.2,0.2,20,0.0,0.0,20,0.35,0.35,20,0.028713393204088788,0.028713393204088788,20,0.0,0.0,20,,,0,,,0,0.2,0.2,20,0.65,0.65,20,0.2,0.2,20,0.4,0.4,20,0.0,0.0,20
2,L16,W1_KL_1,FORCED_ON,evaluation,U,15,15,0.26666666666666666,0.26666666666666666,15,0.0,0.0,15,0.26666666666666666,0.26666666666666666,15,0.005968064120194564,0.005968064120194564,15,0.4666666666666667,0.4666666666666667,15,0.5714285714285714,0.5714285714285714,7,0.42857142857142855,0.42857142857142855,7,0.0,0.0,8,0.75,0.75,8,0.2,0.2,15,0.0,0.0,15,0.0,0.0,15
2,L16,W1_KL_1,FORCED_ON,evaluation,positive,4,1,1.0,1.0,4,1.0,1.0,4,0.0,0.0,4,,,0,0.0,0.0,4,,,0,,,0,1.0,1.0,4,1.0,1.0,4,1.0,1.0,4,1.0,1.0,4,0.0,0.0,4
2,L16,W1_KL_1,FORCED_ON,fit,H,20,4,0.05,0.05,20,0.0,0.0,20,0.75,0.75,20,0.0003743036388186738,0.0003743036388186738,20,0.0,0.0,20,,,0,,,0,0.05,0.05,20,0.25,0.25,20,0.0,0.0,20,0.95,0.95,20,0.0,0.0,20
2,L16,W1_KL_1,FORCED_ON,fit,U,16,16,0.4375,0.4375,16,0.0,0.0,16,0.25,0.25,16,0.0018040146678686142,0.0018040146678686142,16,0.3125,0.3125,16,1.0,1.0,5,0.0,0.0,5,0.18181818181818182,0.18181818181818182,11,0.8181818181818182,0.8181818181818182,11,0.1875,0.1875,16,0.0,0.0,16,0.0,0.0,16
2,L16,W1_KL_1,FORCED_ON,fit,positive,5,1,1.0,1.0,5,1.0,1.0,5,0.0,0.0,5,,,0,0.0,0.0,5,,,0,,,0,1.0,1.0,5,1.0,1.0,5,1.0,1.0,5,1.0,1.0,5,0.0,0.0,5
2,L16,W1_KL_1,FORCED_ON,formal_development,T1G,4,4,1.0,1.0,4,1.0,1.0,4,0.0,0.0,4,,,0,0.0,0.0,4,,,0,,,0,1.0,1.0,4,1.0,1.0,4,1.0,1.0,4,0.25,0.25,4,0.0,0.0,4
2,L16,W1_KL_1,FORCED_ON,formal_development,T2G,4,1,0.5,0.5,4,0.25,0.25,4,0.0,0.0,4,,,0,0.0,0.0,4,,,0,,,0,0.5,0.5,4,1.0,1.0,4,0.5,0.5,4,1.0,1.0,4,0.0,0.0,4
2,L16,W1_KL_1,FORCED_ON,native,positive,1,1,1.0,1.0,1,1.0,1.0,1,0.0,0.0,1,,,0,0.0,0.0,1,,,0,,,0,1.0,1.0,1,1.0,1.0,1,1.0,1.0,1,1.0,1.0,1,0.0,0.0,1
2,L16,W1_KL_10,DISABLED,calibration,H,16,4,0.0,0.0,16,0.0,0.0,16,1.0,1.0,16,0.0,0.0,16,0.0,0.0,16,,,0,,,0,0.0,0.0,16,0.0,0.0,16,0.0,0.0,16,0.0,0.0,16,0.0,0.0,16
2,L16,W1_KL_10,DISABLED,calibration,U,16,16,0.3125,0.3125,16,0.0,0.0,16,1.0,1.0,16,0.0,0.0,16,0.3125,0.3125,16,1.0,1.0,5,0.0,0.0,5,0.0,0.0,11,0.0,0.0,11,0.125,0.125,16,0.0,0.0,16,0.0,0.0,16
2,L16,W1_KL_10,DISABLED,calibration,positive,4,1,0.0,0.0,4,0.0,0.0,4,1.0,1.0,4,,,0,0.0,0.0,4,,,0,,,0,0.0,0.0,4,0.0,0.0,4,0.0,0.0,4,1.0,1.0,4,0.0,0.0,4
2,L16,W1_KL_10,DISABLED,challenge,same_image_other_fact_challenge,2,1,0.0,0.0,2,0.0,0.0,2,1.0,1.0,2,0.0,0.0,2,0.0,0.0,2,,,0,,,0,0.0,0.0,2,0.0,0.0,2,0.0,0.0,2,0.0,0.0,2,0.0,0.0,2
2,L16,W1_KL_10,DISABLED,evaluation,H,20,5,0.0,0.0,20,0.0,0.0,20,1.0,1.0,20,0.0,0.0,20,0.0,0.0,20,,,0,,,0,0.0,0.0,20,0.0,0.0,20,0.0,0.0,20,0.4,0.4,20,0.0,0.0,20
2,L16,W1_KL_10,DISABLED,evaluation,U,15,15,0.4666666666666667,0.4666666666666667,15,0.0,0.0,15,1.0,1.0,15,0.0,0.0,15,0.4666666666666667,0.4666666666666667,15,1.0,1.0,7,0.0,0.0,7,0.0,0.0,8,0.0,0.0,8,0.26666666666666666,0.26666666666666666,15,0.0,0.0,15,0.0,0.0,15
2,L16,W1_KL_10,DISABLED,evaluation,positive,4,1,0.0,0.0,4,0.0,0.0,4,1.0,1.0,4,,,0,0.0,0.0,4,,,0,,,0,0.0,0.0,4,0.0,0.0,4,0.0,0.0,4,1.0,1.0,4,0.0,0.0,4
2,L16,W1_KL_10,DISABLED,fit,H,20,4,0.0,0.0,20,0.0,0.0,20,1.0,1.0,20,0.0,0.0,20,0.0,0.0,20,,,0,,,0,0.0,0.0,20,0.0,0.0,20,0.0,0.0,20,0.95,0.95,20,0.0,0.0,20
2,L16,W1_KL_10,DISABLED,fit,U,16,16,0.3125,0.3125,16,0.0,0.0,16,1.0,1.0,16,0.0,0.0,16,0.3125,0.3125,16,1.0,1.0,5,0.0,0.0,5,0.0,0.0,11,0.0,0.0,11,0.1875,0.1875,16,0.0,0.0,16,0.0,0.0,16
2,L16,W1_KL_10,DISABLED,fit,positive,5,1,0.0,0.0,5,0.0,0.0,5,1.0,1.0,5,,,0,0.0,0.0,5,,,0,,,0,0.0,0.0,5,0.0,0.0,5,0.0,0.0,5,1.0,1.0,5,0.0,0.0,5
2,L16,W1_KL_10,DISABLED,formal_development,T1G,4,4,0.0,0.0,4,0.0,0.0,4,1.0,1.0,4,,,0,0.0,0.0,4,,,0,,,0,0.0,0.0,4,0.0,0.0,4,0.0,0.0,4,0.25,0.25,4,0.0,0.0,4
2,L16,W1_KL_10,DISABLED,formal_development,T2G,4,1,0.0,0.0,4,0.0,0.0,4,1.0,1.0,4,,,0,0.0,0.0,4,,,0,,,0,0.0,0.0,4,0.0,0.0,4,0.0,0.0,4,1.0,1.0,4,0.0,0.0,4
2,L16,W1_KL_10,DISABLED,native,positive,1,1,0.0,0.0,1,0.0,0.0,1,1.0,1.0,1,,,0,0.0,0.0,1,,,0,,,0,0.0,0.0,1,0.0,0.0,1,0.0,0.0,1,1.0,1.0,1,0.0,0.0,1
2,L16,W1_KL_10,FIXED_ROUTER,calibration,H,16,4,0.0,0.0,16,0.0,0.0,16,1.0,1.0,16,0.0,0.0,16,0.0,0.0,16,,,0,,,0,0.0,0.0,16,0.0,0.0,16,0.0,0.0,16,0.0,0.0,16,0.0,0.0,16
2,L16,W1_KL_10,FIXED_ROUTER,calibration,U,16,16,0.3125,0.3125,16,0.0,0.0,16,1.0,1.0,16,0.0,0.0,16,0.3125,0.3125,16,1.0,1.0,5,0.0,0.0,5,0.0,0.0,11,0.0,0.0,11,0.125,0.125,16,0.0,0.0,16,0.0,0.0,16
2,L16,W1_KL_10,FIXED_ROUTER,calibration,positive,4,1,1.0,1.0,4,1.0,1.0,4,0.0,0.0,4,,,0,0.0,0.0,4,,,0,,,0,1.0,1.0,4,1.0,1.0,4,1.0,1.0,4,1.0,1.0,4,0.0,0.0,4
2,L16,W1_KL_10,FIXED_ROUTER,challenge,same_image_other_fact_challenge,2,1,0.0,0.0,2,0.0,0.0,2,1.0,1.0,2,0.0,0.0,2,0.0,0.0,2,,,0,,,0,0.0,0.0,2,0.0,0.0,2,0.0,0.0,2,0.0,0.0,2,0.0,0.0,2
2,L16,W1_KL_10,FIXED_ROUTER,evaluation,H,20,5,0.0,0.0,20,0.0,0.0,20,0.75,0.75,20,0.001138284127227962,0.001138284127227962,20,0.0,0.0,20,,,0,,,0,0.0,0.0,20,0.25,0.25,20,0.0,0.0,20,0.4,0.4,20,0.0,0.0,20
2,L16,W1_KL_10,FIXED_ROUTER,evaluation,U,15,15,0.4666666666666667,0.4666666666666667,15,0.0,0.0,15,1.0,1.0,15,0.0,0.0,15,0.4666666666666667,0.4666666666666667,15,1.0,1.0,7,0.0,0.0,7,0.0,0.0,8,0.0,0.0,8,0.26666666666666666,0.26666666666666666,15,0.0,0.0,15,0.0,0.0,15
2,L16,W1_KL_10,FIXED_ROUTER,evaluation,positive,4,1,1.0,1.0,4,1.0,1.0,4,0.0,0.0,4,,,0,0.0,0.0,4,,,0,,,0,1.0,1.0,4,1.0,1.0,4,1.0,1.0,4,1.0,1.0,4,0.0,0.0,4
2,L16,W1_KL_10,FIXED_ROUTER,fit,H,20,4,0.0,0.0,20,0.0,0.0,20,0.9,0.9,20,0.00045828449219698086,0.00045828449219698086,20,0.0,0.0,20,,,0,,,0,0.0,0.0,20,0.1,0.1,20,0.0,0.0,20,0.95,0.95,20,0.0,0.0,20
2,L16,W1_KL_10,FIXED_ROUTER,fit,U,16,16,0.3125,0.3125,16,0.0,0.0,16,1.0,1.0,16,0.0,0.0,16,0.3125,0.3125,16,1.0,1.0,5,0.0,0.0,5,0.0,0.0,11,0.0,0.0,11,0.1875,0.1875,16,0.0,0.0,16,0.0,0.0,16
2,L16,W1_KL_10,FIXED_ROUTER,fit,positive,5,1,1.0,1.0,5,1.0,1.0,5,0.0,0.0,5,,,0,0.0,0.0,5,,,0,,,0,1.0,1.0,5,1.0,1.0,5,1.0,1.0,5,1.0,1.0,5,0.0,0.0,5
2,L16,W1_KL_10,FIXED_ROUTER,formal_development,T1G,4,4,0.25,0.25,4,0.25,0.25,4,0.75,0.75,4,,,0,0.0,0.0,4,,,0,,,0,0.25,0.25,4,0.25,0.25,4,0.25,0.25,4,0.25,0.25,4,0.0,0.0,4
2,L16,W1_KL_10,FIXED_ROUTER,formal_development,T2G,4,1,0.25,0.25,4,0.25,0.25,4,0.0,0.0,4,,,0,0.0,0.0,4,,,0,,,0,0.25,0.25,4,1.0,1.0,4,0.25,0.25,4,1.0,1.0,4,0.0,0.0,4
2,L16,W1_KL_10,FIXED_ROUTER,native,positive,1,1,1.0,1.0,1,1.0,1.0,1,0.0,0.0,1,,,0,0.0,0.0,1,,,0,,,0,1.0,1.0,1,1.0,1.0,1,1.0,1.0,1,1.0,1.0,1,0.0,0.0,1
2,L16,W1_KL_10,FORCED_ON,calibration,H,16,4,0.1875,0.1875,16,0.0,0.0,16,0.4375,0.4375,16,0.030615232588388608,0.030615232588388608,16,0.0,0.0,16,,,0,,,0,0.1875,0.1875,16,0.5625,0.5625,16,0.5,0.5,16,0.0,0.0,16,0.0,0.0,16
2,L16,W1_KL_10,FORCED_ON,calibration,U,16,16,0.3125,0.3125,16,0.0,0.0,16,0.5,0.5,16,0.007636361966433469,0.007636361966433469,16,0.3125,0.3125,16,1.0,1.0,5,0.0,0.0,5,0.0,0.0,11,0.6363636363636364,0.6363636363636364,11,0.125,0.125,16,0.0,0.0,16,0.0,0.0,16
2,L16,W1_KL_10,FORCED_ON,calibration,positive,4,1,1.0,1.0,4,1.0,1.0,4,0.0,0.0,4,,,0,0.0,0.0,4,,,0,,,0,1.0,1.0,4,1.0,1.0,4,1.0,1.0,4,1.0,1.0,4,0.0,0.0,4
2,L16,W1_KL_10,FORCED_ON,challenge,same_image_other_fact_challenge,2,1,0.5,0.5,2,0.0,0.0,2,0.5,0.5,2,0.005543955368921161,0.005543955368921161,2,0.0,0.0,2,,,0,,,0,0.5,0.5,2,0.5,0.5,2,0.0,0.0,2,0.0,0.0,2,0.0,0.0,2
2,L16,W1_KL_10,FORCED_ON,evaluation,H,20,5,0.2,0.2,20,0.0,0.0,20,0.4,0.4,20,0.014481001287640538,0.014481001287640538,20,0.0,0.0,20,,,0,,,0,0.2,0.2,20,0.6,0.6,20,0.2,0.2,20,0.4,0.4,20,0.0,0.0,20
2,L16,W1_KL_10,FORCED_ON,evaluation,U,15,15,0.3333333333333333,0.3333333333333333,15,0.0,0.0,15,0.06666666666666667,0.06666666666666667,15,0.006163380621001124,0.006163380621001124,15,0.4666666666666667,0.4666666666666667,15,0.5714285714285714,0.5714285714285714,7,0.42857142857142855,0.42857142857142855,7,0.125,0.125,8,0.875,0.875,8,0.13333333333333333,0.13333333333333333,15,0.0,0.0,15,0.0,0.0,15
2,L16,W1_KL_10,FORCED_ON,evaluation,positive,4,1,1.0,1.0,4,1.0,1.0,4,0.0,0.0,4,,,0,0.0,0.0,4,,,0,,,0,1.0,1.0,4,1.0,1.0,4,1.0,1.0,4,1.0,1.0,4,0.0,0.0,4
2,L16,W1_KL_10,FORCED_ON,fit,H,20,4,0.0,0.0,20,0.0,0.0,20,0.9,0.9,20,0.00048438921658089384,0.00048438921658089384,20,0.0,0.0,20,,,0,,,0,0.0,0.0,20,0.1,0.1,20,0.0,0.0,20,0.95,0.95,20,0.0,0.0,20
2,L16,W1_KL_10,FORCED_ON,fit,U,16,16,0.3125,0.3125,16,0.0,0.0,16,0.375,0.375,16,0.006511441108159488,0.006511441108159488,16,0.3125,0.3125,16,1.0,1.0,5,0.0,0.0,5,0.0,0.0,11,0.5454545454545454,0.5454545454545454,11,0.125,0.125,16,0.0,0.0,16,0.0,0.0,16
2,L16,W1_KL_10,FORCED_ON,fit,positive,5,1,1.0,1.0,5,1.0,1.0,5,0.0,0.0,5,,,0,0.0,0.0,5,,,0,,,0,1.0,1.0,5,1.0,1.0,5,1.0,1.0,5,1.0,1.0,5,0.0,0.0,5
2,L16,W1_KL_10,FORCED_ON,formal_development,T1G,4,4,1.0,1.0,4,1.0,1.0,4,0.0,0.0,4,,,0,0.0,0.0,4,,,0,,,0,1.0,1.0,4,1.0,1.0,4,1.0,1.0,4,0.25,0.25,4,0.0,0.0,4
2,L16,W1_KL_10,FORCED_ON,formal_development,T2G,4,1,0.25,0.25,4,0.25,0.25,4,0.0,0.0,4,,,0,0.0,0.0,4,,,0,,,0,0.25,0.25,4,1.0,1.0,4,0.25,0.25,4,1.0,1.0,4,0.0,0.0,4
2,L16,W1_KL_10,FORCED_ON,native,positive,1,1,1.0,1.0,1,1.0,1.0,1,0.0,0.0,1,,,0,0.0,0.0,1,,,0,,,0,1.0,1.0,1,1.0,1.0,1,1.0,1.0,1,1.0,1.0,1,0.0,0.0,1
2,L16,W2_GROUP_CONSTRAINED,DISABLED,calibration,H,16,4,0.0,0.0,16,0.0,0.0,16,1.0,1.0,16,0.0,0.0,16,0.0,0.0,16,,,0,,,0,0.0,0.0,16,0.0,0.0,16,0.0,0.0,16,0.0,0.0,16,0.0,0.0,16
2,L16,W2_GROUP_CONSTRAINED,DISABLED,calibration,U,16,16,0.3125,0.3125,16,0.0,0.0,16,1.0,1.0,16,0.0,0.0,16,0.3125,0.3125,16,1.0,1.0,5,0.0,0.0,5,0.0,0.0,11,0.0,0.0,11,0.125,0.125,16,0.0,0.0,16,0.0,0.0,16
2,L16,W2_GROUP_CONSTRAINED,DISABLED,calibration,positive,4,1,0.0,0.0,4,0.0,0.0,4,1.0,1.0,4,,,0,0.0,0.0,4,,,0,,,0,0.0,0.0,4,0.0,0.0,4,0.0,0.0,4,1.0,1.0,4,0.0,0.0,4
2,L16,W2_GROUP_CONSTRAINED,DISABLED,challenge,same_image_other_fact_challenge,2,1,0.0,0.0,2,0.0,0.0,2,1.0,1.0,2,0.0,0.0,2,0.0,0.0,2,,,0,,,0,0.0,0.0,2,0.0,0.0,2,0.0,0.0,2,0.0,0.0,2,0.0,0.0,2
2,L16,W2_GROUP_CONSTRAINED,DISABLED,evaluation,H,20,5,0.0,0.0,20,0.0,0.0,20,1.0,1.0,20,0.0,0.0,20,0.0,0.0,20,,,0,,,0,0.0,0.0,20,0.0,0.0,20,0.0,0.0,20,0.4,0.4,20,0.0,0.0,20
2,L16,W2_GROUP_CONSTRAINED,DISABLED,evaluation,U,15,15,0.4666666666666667,0.4666666666666667,15,0.0,0.0,15,1.0,1.0,15,0.0,0.0,15,0.4666666666666667,0.4666666666666667,15,1.0,1.0,7,0.0,0.0,7,0.0,0.0,8,0.0,0.0,8,0.26666666666666666,0.26666666666666666,15,0.0,0.0,15,0.0,0.0,15
2,L16,W2_GROUP_CONSTRAINED,DISABLED,evaluation,positive,4,1,0.0,0.0,4,0.0,0.0,4,1.0,1.0,4,,,0,0.0,0.0,4,,,0,,,0,0.0,0.0,4,0.0,0.0,4,0.0,0.0,4,1.0,1.0,4,0.0,0.0,4
2,L16,W2_GROUP_CONSTRAINED,DISABLED,fit,H,20,4,0.0,0.0,20,0.0,0.0,20,1.0,1.0,20,0.0,0.0,20,0.0,0.0,20,,,0,,,0,0.0,0.0,20,0.0,0.0,20,0.0,0.0,20,0.95,0.95,20,0.0,0.0,20
2,L16,W2_GROUP_CONSTRAINED,DISABLED,fit,U,16,16,0.3125,0.3125,16,0.0,0.0,16,1.0,1.0,16,0.0,0.0,16,0.3125,0.3125,16,1.0,1.0,5,0.0,0.0,5,0.0,0.0,11,0.0,0.0,11,0.1875,0.1875,16,0.0,0.0,16,0.0,0.0,16
2,L16,W2_GROUP_CONSTRAINED,DISABLED,fit,positive,5,1,0.0,0.0,5,0.0,0.0,5,1.0,1.0,5,,,0,0.0,0.0,5,,,0,,,0,0.0,0.0,5,0.0,0.0,5,0.0,0.0,5,1.0,1.0,5,0.0,0.0,5
2,L16,W2_GROUP_CONSTRAINED,DISABLED,formal_development,T1G,4,4,0.0,0.0,4,0.0,0.0,4,1.0,1.0,4,,,0,0.0,0.0,4,,,0,,,0,0.0,0.0,4,0.0,0.0,4,0.0,0.0,4,0.25,0.25,4,0.0,0.0,4
2,L16,W2_GROUP_CONSTRAINED,DISABLED,formal_development,T2G,4,1,0.0,0.0,4,0.0,0.0,4,1.0,1.0,4,,,0,0.0,0.0,4,,,0,,,0,0.0,0.0,4,0.0,0.0,4,0.0,0.0,4,1.0,1.0,4,0.0,0.0,4
2,L16,W2_GROUP_CONSTRAINED,DISABLED,native,positive,1,1,0.0,0.0,1,0.0,0.0,1,1.0,1.0,1,,,0,0.0,0.0,1,,,0,,,0,0.0,0.0,1,0.0,0.0,1,0.0,0.0,1,1.0,1.0,1,0.0,0.0,1
2,L16,W2_GROUP_CONSTRAINED,FIXED_ROUTER,calibration,H,16,4,0.0,0.0,16,0.0,0.0,16,1.0,1.0,16,0.0,0.0,16,0.0,0.0,16,,,0,,,0,0.0,0.0,16,0.0,0.0,16,0.0,0.0,16,0.0,0.0,16,0.0,0.0,16
2,L16,W2_GROUP_CONSTRAINED,FIXED_ROUTER,calibration,U,16,16,0.3125,0.3125,16,0.0,0.0,16,1.0,1.0,16,0.0,0.0,16,0.3125,0.3125,16,1.0,1.0,5,0.0,0.0,5,0.0,0.0,11,0.0,0.0,11,0.125,0.125,16,0.0,0.0,16,0.0,0.0,16
2,L16,W2_GROUP_CONSTRAINED,FIXED_ROUTER,calibration,positive,4,1,1.0,1.0,4,1.0,1.0,4,0.0,0.0,4,,,0,0.0,0.0,4,,,0,,,0,1.0,1.0,4,1.0,1.0,4,1.0,1.0,4,1.0,1.0,4,0.0,0.0,4
2,L16,W2_GROUP_CONSTRAINED,FIXED_ROUTER,challenge,same_image_other_fact_challenge,2,1,0.0,0.0,2,0.0,0.0,2,1.0,1.0,2,0.0,0.0,2,0.0,0.0,2,,,0,,,0,0.0,0.0,2,0.0,0.0,2,0.0,0.0,2,0.0,0.0,2,0.0,0.0,2
2,L16,W2_GROUP_CONSTRAINED,FIXED_ROUTER,evaluation,H,20,5,0.0,0.0,20,0.0,0.0,20,0.6,0.6,20,0.028645932860672473,0.028645932860672473,20,0.0,0.0,20,,,0,,,0,0.0,0.0,20,0.4,0.4,20,0.0,0.0,20,0.4,0.4,20,0.0,0.0,20
2,L16,W2_GROUP_CONSTRAINED,FIXED_ROUTER,evaluation,U,15,15,0.4666666666666667,0.4666666666666667,15,0.0,0.0,15,1.0,1.0,15,0.0,0.0,15,0.4666666666666667,0.4666666666666667,15,1.0,1.0,7,0.0,0.0,7,0.0,0.0,8,0.0,0.0,8,0.26666666666666666,0.26666666666666666,15,0.0,0.0,15,0.0,0.0,15
2,L16,W2_GROUP_CONSTRAINED,FIXED_ROUTER,evaluation,positive,4,1,1.0,1.0,4,1.0,1.0,4,0.0,0.0,4,,,0,0.0,0.0,4,,,0,,,0,1.0,1.0,4,1.0,1.0,4,1.0,1.0,4,1.0,1.0,4,0.0,0.0,4
2,L16,W2_GROUP_CONSTRAINED,FIXED_ROUTER,fit,H,20,4,0.0,0.0,20,0.0,0.0,20,0.1,0.1,20,0.04635786223225295,0.04635786223225295,20,0.0,0.0,20,,,0,,,0,0.0,0.0,20,0.9,0.9,20,0.0,0.0,20,0.95,0.95,20,0.0,0.0,20
2,L16,W2_GROUP_CONSTRAINED,FIXED_ROUTER,fit,U,16,16,0.3125,0.3125,16,0.0,0.0,16,1.0,1.0,16,0.0,0.0,16,0.3125,0.3125,16,1.0,1.0,5,0.0,0.0,5,0.0,0.0,11,0.0,0.0,11,0.1875,0.1875,16,0.0,0.0,16,0.0,0.0,16
2,L16,W2_GROUP_CONSTRAINED,FIXED_ROUTER,fit,positive,5,1,1.0,1.0,5,1.0,1.0,5,0.0,0.0,5,,,0,0.0,0.0,5,,,0,,,0,1.0,1.0,5,1.0,1.0,5,1.0,1.0,5,1.0,1.0,5,0.0,0.0,5
2,L16,W2_GROUP_CONSTRAINED,FIXED_ROUTER,formal_development,T1G,4,4,0.25,0.25,4,0.25,0.25,4,0.75,0.75,4,,,0,0.0,0.0,4,,,0,,,0,0.25,0.25,4,0.25,0.25,4,0.25,0.25,4,0.25,0.25,4,0.0,0.0,4
2,L16,W2_GROUP_CONSTRAINED,FIXED_ROUTER,formal_development,T2G,4,1,1.0,1.0,4,0.75,0.75,4,0.0,0.0,4,,,0,0.0,0.0,4,,,0,,,0,1.0,1.0,4,1.0,1.0,4,1.0,1.0,4,1.0,1.0,4,0.0,0.0,4
2,L16,W2_GROUP_CONSTRAINED,FIXED_ROUTER,native,positive,1,1,1.0,1.0,1,1.0,1.0,1,0.0,0.0,1,,,0,0.0,0.0,1,,,0,,,0,1.0,1.0,1,1.0,1.0,1,1.0,1.0,1,1.0,1.0,1,0.0,0.0,1
2,L16,W2_GROUP_CONSTRAINED,FORCED_ON,calibration,H,16,4,0.1875,0.1875,16,0.0,0.0,16,0.0,0.0,16,0.15033185365609825,0.15033185365609825,16,0.0,0.0,16,,,0,,,0,0.1875,0.1875,16,1.0,1.0,16,0.5,0.5,16,0.0,0.0,16,0.0,0.0,16
2,L16,W2_GROUP_CONSTRAINED,FORCED_ON,calibration,U,16,16,0.3125,0.3125,16,0.0,0.0,16,0.375,0.375,16,0.009580251906299964,0.009580251906299964,16,0.3125,0.3125,16,1.0,1.0,5,0.0,0.0,5,0.0,0.0,11,0.7272727272727273,0.7272727272727273,11,0.125,0.125,16,0.0,0.0,16,0.0,0.0,16
2,L16,W2_GROUP_CONSTRAINED,FORCED_ON,calibration,positive,4,1,1.0,1.0,4,1.0,1.0,4,0.0,0.0,4,,,0,0.0,0.0,4,,,0,,,0,1.0,1.0,4,1.0,1.0,4,1.0,1.0,4,1.0,1.0,4,0.0,0.0,4
2,L16,W2_GROUP_CONSTRAINED,FORCED_ON,challenge,same_image_other_fact_challenge,2,1,0.5,0.5,2,0.0,0.0,2,0.0,0.0,2,0.011631937697529793,0.011631937697529793,2,0.0,0.0,2,,,0,,,0,0.5,0.5,2,1.0,1.0,2,0.0,0.0,2,0.0,0.0,2,0.0,0.0,2
2,L16,W2_GROUP_CONSTRAINED,FORCED_ON,evaluation,H,20,5,0.2,0.2,20,0.0,0.0,20,0.0,0.0,20,0.10421884190291167,0.10421884190291167,20,0.0,0.0,20,,,0,,,0,0.2,0.2,20,1.0,1.0,20,0.2,0.2,20,0.4,0.4,20,0.0,0.0,20
2,L16,W2_GROUP_CONSTRAINED,FORCED_ON,evaluation,U,15,15,0.3333333333333333,0.3333333333333333,15,0.0,0.0,15,0.13333333333333333,0.13333333333333333,15,0.009399843487578134,0.009399843487578134,15,0.4666666666666667,0.4666666666666667,15,0.7142857142857143,0.7142857142857143,7,0.2857142857142857,0.2857142857142857,7,0.0,0.0,8,0.875,0.875,8,0.2,0.2,15,0.0,0.0,15,0.0,0.0,15
2,L16,W2_GROUP_CONSTRAINED,FORCED_ON,evaluation,positive,4,1,1.0,1.0,4,1.0,1.0,4,0.0,0.0,4,,,0,0.0,0.0,4,,,0,,,0,1.0,1.0,4,1.0,1.0,4,1.0,1.0,4,1.0,1.0,4,0.0,0.0,4
2,L16,W2_GROUP_CONSTRAINED,FORCED_ON,fit,H,20,4,0.0,0.0,20,0.0,0.0,20,0.05,0.05,20,0.04937725174240768,0.04937725174240768,20,0.0,0.0,20,,,0,,,0,0.0,0.0,20,0.95,0.95,20,0.0,0.0,20,0.95,0.95,20,0.0,0.0,20
2,L16,W2_GROUP_CONSTRAINED,FORCED_ON,fit,U,16,16,0.375,0.375,16,0.0,0.0,16,0.25,0.25,16,0.0076723683887394145,0.0076723683887394145,16,0.3125,0.3125,16,1.0,1.0,5,0.0,0.0,5,0.09090909090909091,0.09090909090909091,11,0.8181818181818182,0.8181818181818182,11,0.1875,0.1875,16,0.0,0.0,16,0.0,0.0,16
2,L16,W2_GROUP_CONSTRAINED,FORCED_ON,fit,positive,5,1,1.0,1.0,5,1.0,1.0,5,0.0,0.0,5,,,0,0.0,0.0,5,,,0,,,0,1.0,1.0,5,1.0,1.0,5,1.0,1.0,5,1.0,1.0,5,0.0,0.0,5
2,L16,W2_GROUP_CONSTRAINED,FORCED_ON,formal_development,T1G,4,4,1.0,1.0,4,1.0,1.0,4,0.0,0.0,4,,,0,0.0,0.0,4,,,0,,,0,1.0,1.0,4,1.0,1.0,4,1.0,1.0,4,0.25,0.25,4,0.0,0.0,4
2,L16,W2_GROUP_CONSTRAINED,FORCED_ON,formal_development,T2G,4,1,1.0,1.0,4,0.75,0.75,4,0.0,0.0,4,,,0,0.0,0.0,4,,,0,,,0,1.0,1.0,4,1.0,1.0,4,1.0,1.0,4,1.0,1.0,4,0.0,0.0,4
2,L16,W2_GROUP_CONSTRAINED,FORCED_ON,native,positive,1,1,1.0,1.0,1,1.0,1.0,1,0.0,0.0,1,,,0,0.0,0.0,1,,,0,,,0,1.0,1.0,1,1.0,1.0,1,1.0,1.0,1,1.0,1.0,1,0.0,0.0,1
2,P4,W0_TASK_ONLY,DISABLED,calibration,H,16,4,0.0,0.0,16,0.0,0.0,16,1.0,1.0,16,0.0,0.0,16,0.0,0.0,16,,,0,,,0,0.0,0.0,16,0.0,0.0,16,0.0,0.0,16,0.0,0.0,16,0.0,0.0,16
2,P4,W0_TASK_ONLY,DISABLED,calibration,U,16,16,0.3125,0.3125,16,0.0,0.0,16,1.0,1.0,16,0.0,0.0,16,0.3125,0.3125,16,1.0,1.0,5,0.0,0.0,5,0.0,0.0,11,0.0,0.0,11,0.125,0.125,16,0.0,0.0,16,0.0,0.0,16
2,P4,W0_TASK_ONLY,DISABLED,calibration,positive,4,1,0.0,0.0,4,0.0,0.0,4,1.0,1.0,4,,,0,0.0,0.0,4,,,0,,,0,0.0,0.0,4,0.0,0.0,4,0.0,0.0,4,1.0,1.0,4,0.0,0.0,4
2,P4,W0_TASK_ONLY,DISABLED,challenge,same_image_other_fact_challenge,2,1,0.0,0.0,2,0.0,0.0,2,1.0,1.0,2,0.0,0.0,2,0.0,0.0,2,,,0,,,0,0.0,0.0,2,0.0,0.0,2,0.0,0.0,2,0.0,0.0,2,0.0,0.0,2
2,P4,W0_TASK_ONLY,DISABLED,evaluation,H,20,5,0.0,0.0,20,0.0,0.0,20,1.0,1.0,20,0.0,0.0,20,0.0,0.0,20,,,0,,,0,0.0,0.0,20,0.0,0.0,20,0.0,0.0,20,0.4,0.4,20,0.0,0.0,20
2,P4,W0_TASK_ONLY,DISABLED,evaluation,U,15,15,0.4666666666666667,0.4666666666666667,15,0.0,0.0,15,1.0,1.0,15,0.0,0.0,15,0.4666666666666667,0.4666666666666667,15,1.0,1.0,7,0.0,0.0,7,0.0,0.0,8,0.0,0.0,8,0.26666666666666666,0.26666666666666666,15,0.0,0.0,15,0.0,0.0,15
2,P4,W0_TASK_ONLY,DISABLED,evaluation,positive,4,1,0.0,0.0,4,0.0,0.0,4,1.0,1.0,4,,,0,0.0,0.0,4,,,0,,,0,0.0,0.0,4,0.0,0.0,4,0.0,0.0,4,1.0,1.0,4,0.0,0.0,4
2,P4,W0_TASK_ONLY,DISABLED,fit,H,20,4,0.0,0.0,20,0.0,0.0,20,1.0,1.0,20,0.0,0.0,20,0.0,0.0,20,,,0,,,0,0.0,0.0,20,0.0,0.0,20,0.0,0.0,20,0.95,0.95,20,0.0,0.0,20
2,P4,W0_TASK_ONLY,DISABLED,fit,U,16,16,0.3125,0.3125,16,0.0,0.0,16,1.0,1.0,16,0.0,0.0,16,0.3125,0.3125,16,1.0,1.0,5,0.0,0.0,5,0.0,0.0,11,0.0,0.0,11,0.1875,0.1875,16,0.0,0.0,16,0.0,0.0,16
2,P4,W0_TASK_ONLY,DISABLED,fit,positive,5,1,0.0,0.0,5,0.0,0.0,5,1.0,1.0,5,,,0,0.0,0.0,5,,,0,,,0,0.0,0.0,5,0.0,0.0,5,0.0,0.0,5,1.0,1.0,5,0.0,0.0,5
2,P4,W0_TASK_ONLY,DISABLED,formal_development,T1G,4,4,0.0,0.0,4,0.0,0.0,4,1.0,1.0,4,,,0,0.0,0.0,4,,,0,,,0,0.0,0.0,4,0.0,0.0,4,0.0,0.0,4,0.25,0.25,4,0.0,0.0,4
2,P4,W0_TASK_ONLY,DISABLED,formal_development,T2G,4,1,0.0,0.0,4,0.0,0.0,4,1.0,1.0,4,,,0,0.0,0.0,4,,,0,,,0,0.0,0.0,4,0.0,0.0,4,0.0,0.0,4,1.0,1.0,4,0.0,0.0,4
2,P4,W0_TASK_ONLY,DISABLED,native,positive,1,1,0.0,0.0,1,0.0,0.0,1,1.0,1.0,1,,,0,0.0,0.0,1,,,0,,,0,0.0,0.0,1,0.0,0.0,1,0.0,0.0,1,1.0,1.0,1,0.0,0.0,1
2,P4,W0_TASK_ONLY,FIXED_ROUTER,calibration,H,16,4,0.0,0.0,16,0.0,0.0,16,1.0,1.0,16,0.0,0.0,16,0.0,0.0,16,,,0,,,0,0.0,0.0,16,0.0,0.0,16,0.0,0.0,16,0.0,0.0,16,0.0,0.0,16
2,P4,W0_TASK_ONLY,FIXED_ROUTER,calibration,U,16,16,0.3125,0.3125,16,0.0,0.0,16,1.0,1.0,16,0.0,0.0,16,0.3125,0.3125,16,1.0,1.0,5,0.0,0.0,5,0.0,0.0,11,0.0,0.0,11,0.125,0.125,16,0.0,0.0,16,0.0,0.0,16
2,P4,W0_TASK_ONLY,FIXED_ROUTER,calibration,positive,4,1,1.0,1.0,4,1.0,1.0,4,0.0,0.0,4,,,0,0.0,0.0,4,,,0,,,0,1.0,1.0,4,1.0,1.0,4,1.0,1.0,4,1.0,1.0,4,0.0,0.0,4
2,P4,W0_TASK_ONLY,FIXED_ROUTER,challenge,same_image_other_fact_challenge,2,1,0.0,0.0,2,0.0,0.0,2,1.0,1.0,2,0.0,0.0,2,0.0,0.0,2,,,0,,,0,0.0,0.0,2,0.0,0.0,2,0.0,0.0,2,0.0,0.0,2,0.0,0.0,2
2,P4,W0_TASK_ONLY,FIXED_ROUTER,evaluation,H,20,5,0.0,0.0,20,0.0,0.0,20,0.6,0.6,20,0.09655855894088745,0.09655855894088745,20,0.0,0.0,20,,,0,,,0,0.0,0.0,20,0.4,0.4,20,0.35,0.35,20,0.4,0.4,20,0.0,0.0,20
2,P4,W0_TASK_ONLY,FIXED_ROUTER,evaluation,U,15,15,0.4666666666666667,0.4666666666666667,15,0.0,0.0,15,1.0,1.0,15,0.0,0.0,15,0.4666666666666667,0.4666666666666667,15,1.0,1.0,7,0.0,0.0,7,0.0,0.0,8,0.0,0.0,8,0.26666666666666666,0.26666666666666666,15,0.0,0.0,15,0.0,0.0,15
2,P4,W0_TASK_ONLY,FIXED_ROUTER,evaluation,positive,4,1,1.0,1.0,4,1.0,1.0,4,0.0,0.0,4,,,0,0.0,0.0,4,,,0,,,0,1.0,1.0,4,1.0,1.0,4,1.0,1.0,4,1.0,1.0,4,0.0,0.0,4
2,P4,W0_TASK_ONLY,FIXED_ROUTER,fit,H,20,4,0.0,0.0,20,0.0,0.0,20,0.05,0.05,20,0.30243608355522156,0.30243608355522156,20,0.0,0.0,20,,,0,,,0,0.0,0.0,20,0.95,0.95,20,0.7,0.7,20,0.95,0.95,20,0.0,0.0,20
2,P4,W0_TASK_ONLY,FIXED_ROUTER,fit,U,16,16,0.3125,0.3125,16,0.0,0.0,16,1.0,1.0,16,0.0,0.0,16,0.3125,0.3125,16,1.0,1.0,5,0.0,0.0,5,0.0,0.0,11,0.0,0.0,11,0.1875,0.1875,16,0.0,0.0,16,0.0,0.0,16
2,P4,W0_TASK_ONLY,FIXED_ROUTER,fit,positive,5,1,1.0,1.0,5,1.0,1.0,5,0.0,0.0,5,,,0,0.0,0.0,5,,,0,,,0,1.0,1.0,5,1.0,1.0,5,1.0,1.0,5,1.0,1.0,5,0.0,0.0,5
2,P4,W0_TASK_ONLY,FIXED_ROUTER,formal_development,T1G,4,4,0.25,0.25,4,0.25,0.25,4,0.75,0.75,4,,,0,0.0,0.0,4,,,0,,,0,0.25,0.25,4,0.25,0.25,4,0.25,0.25,4,0.25,0.25,4,0.0,0.0,4
2,P4,W0_TASK_ONLY,FIXED_ROUTER,formal_development,T2G,4,1,1.0,1.0,4,0.75,0.75,4,0.0,0.0,4,,,0,0.0,0.0,4,,,0,,,0,1.0,1.0,4,1.0,1.0,4,1.0,1.0,4,1.0,1.0,4,0.0,0.0,4
2,P4,W0_TASK_ONLY,FIXED_ROUTER,native,positive,1,1,1.0,1.0,1,1.0,1.0,1,0.0,0.0,1,,,0,0.0,0.0,1,,,0,,,0,1.0,1.0,1,1.0,1.0,1,1.0,1.0,1,1.0,1.0,1,0.0,0.0,1
2,P4,W0_TASK_ONLY,FORCED_ON,calibration,H,16,4,0.1875,0.1875,16,0.0,0.0,16,0.0,0.0,16,0.3293602131307125,0.3293602131307125,16,0.0,0.0,16,,,0,,,0,0.1875,0.1875,16,1.0,1.0,16,0.6875,0.6875,16,0.0,0.0,16,0.0,0.0,16
2,P4,W0_TASK_ONLY,FORCED_ON,calibration,U,16,16,0.4375,0.4375,16,0.0,0.0,16,0.1875,0.1875,16,0.03725273534655571,0.03725273534655571,16,0.3125,0.3125,16,1.0,1.0,5,0.0,0.0,5,0.18181818181818182,0.18181818181818182,11,0.8181818181818182,0.8181818181818182,11,0.125,0.125,16,0.0,0.0,16,0.0,0.0,16
2,P4,W0_TASK_ONLY,FORCED_ON,calibration,positive,4,1,1.0,1.0,4,1.0,1.0,4,0.0,0.0,4,,,0,0.0,0.0,4,,,0,,,0,1.0,1.0,4,1.0,1.0,4,1.0,1.0,4,1.0,1.0,4,0.0,0.0,4
2,P4,W0_TASK_ONLY,FORCED_ON,challenge,same_image_other_fact_challenge,2,1,0.5,0.5,2,0.0,0.0,2,0.0,0.0,2,0.04395542945712805,0.04395542945712805,2,0.0,0.0,2,,,0,,,0,0.5,0.5,2,1.0,1.0,2,0.0,0.0,2,0.0,0.0,2,0.0,0.0,2
2,P4,W0_TASK_ONLY,FORCED_ON,evaluation,H,20,5,0.2,0.2,20,0.0,0.0,20,0.0,0.0,20,0.27182382568717,0.27182382568717,20,0.0,0.0,20,,,0,,,0,0.2,0.2,20,1.0,1.0,20,0.85,0.85,20,0.4,0.4,20,0.0,0.0,20
2,P4,W0_TASK_ONLY,FORCED_ON,evaluation,U,15,15,0.4,0.4,15,0.0,0.0,15,0.06666666666666667,0.06666666666666667,15,0.05068795314679543,0.05068795314679543,15,0.4666666666666667,0.4666666666666667,15,0.7142857142857143,0.7142857142857143,7,0.2857142857142857,0.2857142857142857,7,0.125,0.125,8,1.0,1.0,8,0.2,0.2,15,0.0,0.0,15,0.0,0.0,15
2,P4,W0_TASK_ONLY,FORCED_ON,evaluation,positive,4,1,1.0,1.0,4,1.0,1.0,4,0.0,0.0,4,,,0,0.0,0.0,4,,,0,,,0,1.0,1.0,4,1.0,1.0,4,1.0,1.0,4,1.0,1.0,4,0.0,0.0,4
2,P4,W0_TASK_ONLY,FORCED_ON,fit,H,20,4,0.0,0.0,20,0.0,0.0,20,0.0,0.0,20,0.317175854742527,0.317175854742527,20,0.0,0.0,20,,,0,,,0,0.0,0.0,20,1.0,1.0,20,0.7,0.7,20,0.95,0.95,20,0.0,0.0,20
2,P4,W0_TASK_ONLY,FORCED_ON,fit,U,16,16,0.375,0.375,16,0.0,0.0,16,0.25,0.25,16,0.03432622889522463,0.03432622889522463,16,0.3125,0.3125,16,1.0,1.0,5,0.0,0.0,5,0.09090909090909091,0.09090909090909091,11,0.8181818181818182,0.8181818181818182,11,0.1875,0.1875,16,0.0,0.0,16,0.0,0.0,16
2,P4,W0_TASK_ONLY,FORCED_ON,fit,positive,5,1,1.0,1.0,5,1.0,1.0,5,0.0,0.0,5,,,0,0.0,0.0,5,,,0,,,0,1.0,1.0,5,1.0,1.0,5,1.0,1.0,5,1.0,1.0,5,0.0,0.0,5
2,P4,W0_TASK_ONLY,FORCED_ON,formal_development,T1G,4,4,1.0,1.0,4,1.0,1.0,4,0.0,0.0,4,,,0,0.0,0.0,4,,,0,,,0,1.0,1.0,4,1.0,1.0,4,1.0,1.0,4,0.25,0.25,4,0.0,0.0,4
2,P4,W0_TASK_ONLY,FORCED_ON,formal_development,T2G,4,1,1.0,1.0,4,0.75,0.75,4,0.0,0.0,4,,,0,0.0,0.0,4,,,0,,,0,1.0,1.0,4,1.0,1.0,4,1.0,1.0,4,1.0,1.0,4,0.0,0.0,4
2,P4,W0_TASK_ONLY,FORCED_ON,native,positive,1,1,1.0,1.0,1,1.0,1.0,1,0.0,0.0,1,,,0,0.0,0.0,1,,,0,,,0,1.0,1.0,1,1.0,1.0,1,1.0,1.0,1,1.0,1.0,1,0.0,0.0,1
2,P4,W1_KL_0.1,DISABLED,calibration,H,16,4,0.0,0.0,16,0.0,0.0,16,1.0,1.0,16,0.0,0.0,16,0.0,0.0,16,,,0,,,0,0.0,0.0,16,0.0,0.0,16,0.0,0.0,16,0.0,0.0,16,0.0,0.0,16
2,P4,W1_KL_0.1,DISABLED,calibration,U,16,16,0.3125,0.3125,16,0.0,0.0,16,1.0,1.0,16,0.0,0.0,16,0.3125,0.3125,16,1.0,1.0,5,0.0,0.0,5,0.0,0.0,11,0.0,0.0,11,0.125,0.125,16,0.0,0.0,16,0.0,0.0,16
2,P4,W1_KL_0.1,DISABLED,calibration,positive,4,1,0.0,0.0,4,0.0,0.0,4,1.0,1.0,4,,,0,0.0,0.0,4,,,0,,,0,0.0,0.0,4,0.0,0.0,4,0.0,0.0,4,1.0,1.0,4,0.0,0.0,4
2,P4,W1_KL_0.1,DISABLED,challenge,same_image_other_fact_challenge,2,1,0.0,0.0,2,0.0,0.0,2,1.0,1.0,2,0.0,0.0,2,0.0,0.0,2,,,0,,,0,0.0,0.0,2,0.0,0.0,2,0.0,0.0,2,0.0,0.0,2,0.0,0.0,2
2,P4,W1_KL_0.1,DISABLED,evaluation,H,20,5,0.0,0.0,20,0.0,0.0,20,1.0,1.0,20,0.0,0.0,20,0.0,0.0,20,,,0,,,0,0.0,0.0,20,0.0,0.0,20,0.0,0.0,20,0.4,0.4,20,0.0,0.0,20
2,P4,W1_KL_0.1,DISABLED,evaluation,U,15,15,0.4666666666666667,0.4666666666666667,15,0.0,0.0,15,1.0,1.0,15,0.0,0.0,15,0.4666666666666667,0.4666666666666667,15,1.0,1.0,7,0.0,0.0,7,0.0,0.0,8,0.0,0.0,8,0.26666666666666666,0.26666666666666666,15,0.0,0.0,15,0.0,0.0,15
2,P4,W1_KL_0.1,DISABLED,evaluation,positive,4,1,0.0,0.0,4,0.0,0.0,4,1.0,1.0,4,,,0,0.0,0.0,4,,,0,,,0,0.0,0.0,4,0.0,0.0,4,0.0,0.0,4,1.0,1.0,4,0.0,0.0,4
2,P4,W1_KL_0.1,DISABLED,fit,H,20,4,0.0,0.0,20,0.0,0.0,20,1.0,1.0,20,0.0,0.0,20,0.0,0.0,20,,,0,,,0,0.0,0.0,20,0.0,0.0,20,0.0,0.0,20,0.95,0.95,20,0.0,0.0,20
2,P4,W1_KL_0.1,DISABLED,fit,U,16,16,0.3125,0.3125,16,0.0,0.0,16,1.0,1.0,16,0.0,0.0,16,0.3125,0.3125,16,1.0,1.0,5,0.0,0.0,5,0.0,0.0,11,0.0,0.0,11,0.1875,0.1875,16,0.0,0.0,16,0.0,0.0,16
2,P4,W1_KL_0.1,DISABLED,fit,positive,5,1,0.0,0.0,5,0.0,0.0,5,1.0,1.0,5,,,0,0.0,0.0,5,,,0,,,0,0.0,0.0,5,0.0,0.0,5,0.0,0.0,5,1.0,1.0,5,0.0,0.0,5
2,P4,W1_KL_0.1,DISABLED,formal_development,T1G,4,4,0.0,0.0,4,0.0,0.0,4,1.0,1.0,4,,,0,0.0,0.0,4,,,0,,,0,0.0,0.0,4,0.0,0.0,4,0.0,0.0,4,0.25,0.25,4,0.0,0.0,4
2,P4,W1_KL_0.1,DISABLED,formal_development,T2G,4,1,0.0,0.0,4,0.0,0.0,4,1.0,1.0,4,,,0,0.0,0.0,4,,,0,,,0,0.0,0.0,4,0.0,0.0,4,0.0,0.0,4,1.0,1.0,4,0.0,0.0,4
2,P4,W1_KL_0.1,DISABLED,native,positive,1,1,0.0,0.0,1,0.0,0.0,1,1.0,1.0,1,,,0,0.0,0.0,1,,,0,,,0,0.0,0.0,1,0.0,0.0,1,0.0,0.0,1,1.0,1.0,1,0.0,0.0,1
2,P4,W1_KL_0.1,FIXED_ROUTER,calibration,H,16,4,0.0,0.0,16,0.0,0.0,16,1.0,1.0,16,0.0,0.0,16,0.0,0.0,16,,,0,,,0,0.0,0.0,16,0.0,0.0,16,0.0,0.0,16,0.0,0.0,16,0.0,0.0,16
2,P4,W1_KL_0.1,FIXED_ROUTER,calibration,U,16,16,0.3125,0.3125,16,0.0,0.0,16,1.0,1.0,16,0.0,0.0,16,0.3125,0.3125,16,1.0,1.0,5,0.0,0.0,5,0.0,0.0,11,0.0,0.0,11,0.125,0.125,16,0.0,0.0,16,0.0,0.0,16
2,P4,W1_KL_0.1,FIXED_ROUTER,calibration,positive,4,1,1.0,1.0,4,1.0,1.0,4,0.0,0.0,4,,,0,0.0,0.0,4,,,0,,,0,1.0,1.0,4,1.0,1.0,4,1.0,1.0,4,1.0,1.0,4,0.0,0.0,4
2,P4,W1_KL_0.1,FIXED_ROUTER,challenge,same_image_other_fact_challenge,2,1,0.0,0.0,2,0.0,0.0,2,1.0,1.0,2,0.0,0.0,2,0.0,0.0,2,,,0,,,0,0.0,0.0,2,0.0,0.0,2,0.0,0.0,2,0.0,0.0,2,0.0,0.0,2
2,P4,W1_KL_0.1,FIXED_ROUTER,evaluation,H,20,5,0.0,0.0,20,0.0,0.0,20,0.6,0.6,20,0.00850633718073368,0.00850633718073368,20,0.0,0.0,20,,,0,,,0,0.0,0.0,20,0.4,0.4,20,0.0,0.0,20,0.4,0.4,20,0.0,0.0,20
2,P4,W1_KL_0.1,FIXED_ROUTER,evaluation,U,15,15,0.4666666666666667,0.4666666666666667,15,0.0,0.0,15,1.0,1.0,15,0.0,0.0,15,0.4666666666666667,0.4666666666666667,15,1.0,1.0,7,0.0,0.0,7,0.0,0.0,8,0.0,0.0,8,0.26666666666666666,0.26666666666666666,15,0.0,0.0,15,0.0,0.0,15
2,P4,W1_KL_0.1,FIXED_ROUTER,evaluation,positive,4,1,1.0,1.0,4,1.0,1.0,4,0.0,0.0,4,,,0,0.0,0.0,4,,,0,,,0,1.0,1.0,4,1.0,1.0,4,1.0,1.0,4,1.0,1.0,4,0.0,0.0,4
2,P4,W1_KL_0.1,FIXED_ROUTER,fit,H,20,4,0.05,0.05,20,0.0,0.0,20,0.45,0.45,20,0.015381057560443879,0.015381057560443879,20,0.0,0.0,20,,,0,,,0,0.05,0.05,20,0.55,0.55,20,0.0,0.0,20,0.95,0.95,20,0.0,0.0,20
2,P4,W1_KL_0.1,FIXED_ROUTER,fit,U,16,16,0.3125,0.3125,16,0.0,0.0,16,1.0,1.0,16,0.0,0.0,16,0.3125,0.3125,16,1.0,1.0,5,0.0,0.0,5,0.0,0.0,11,0.0,0.0,11,0.1875,0.1875,16,0.0,0.0,16,0.0,0.0,16
2,P4,W1_KL_0.1,FIXED_ROUTER,fit,positive,5,1,1.0,1.0,5,1.0,1.0,5,0.0,0.0,5,,,0,0.0,0.0,5,,,0,,,0,1.0,1.0,5,1.0,1.0,5,1.0,1.0,5,1.0,1.0,5,0.0,0.0,5
2,P4,W1_KL_0.1,FIXED_ROUTER,formal_development,T1G,4,4,0.25,0.25,4,0.25,0.25,4,0.75,0.75,4,,,0,0.0,0.0,4,,,0,,,0,0.25,0.25,4,0.25,0.25,4,0.25,0.25,4,0.25,0.25,4,0.0,0.0,4
2,P4,W1_KL_0.1,FIXED_ROUTER,formal_development,T2G,4,1,0.5,0.5,4,0.25,0.25,4,0.0,0.0,4,,,0,0.0,0.0,4,,,0,,,0,0.5,0.5,4,1.0,1.0,4,0.5,0.5,4,1.0,1.0,4,0.0,0.0,4
2,P4,W1_KL_0.1,FIXED_ROUTER,native,positive,1,1,1.0,1.0,1,1.0,1.0,1,0.0,0.0,1,,,0,0.0,0.0,1,,,0,,,0,1.0,1.0,1,1.0,1.0,1,1.0,1.0,1,1.0,1.0,1,0.0,0.0,1
2,P4,W1_KL_0.1,FORCED_ON,calibration,H,16,4,0.1875,0.1875,16,0.0,0.0,16,0.3125,0.3125,16,0.044436955300625414,0.044436955300625414,16,0.0,0.0,16,,,0,,,0,0.1875,0.1875,16,0.6875,0.6875,16,0.5,0.5,16,0.0,0.0,16,0.0,0.0,16
2,P4,W1_KL_0.1,FORCED_ON,calibration,U,16,16,0.375,0.375,16,0.0,0.0,16,0.4375,0.4375,16,0.008287747434224002,0.008287747434224002,16,0.3125,0.3125,16,1.0,1.0,5,0.0,0.0,5,0.09090909090909091,0.09090909090909091,11,0.5454545454545454,0.5454545454545454,11,0.125,0.125,16,0.0,0.0,16,0.0,0.0,16
2,P4,W1_KL_0.1,FORCED_ON,calibration,positive,4,1,1.0,1.0,4,1.0,1.0,4,0.0,0.0,4,,,0,0.0,0.0,4,,,0,,,0,1.0,1.0,4,1.0,1.0,4,1.0,1.0,4,1.0,1.0,4,0.0,0.0,4
2,P4,W1_KL_0.1,FORCED_ON,challenge,same_image_other_fact_challenge,2,1,0.5,0.5,2,0.0,0.0,2,0.0,0.0,2,0.015423464588820934,0.015423464588820934,2,0.0,0.0,2,,,0,,,0,0.5,0.5,2,1.0,1.0,2,0.0,0.0,2,0.0,0.0,2,0.0,0.0,2
2,P4,W1_KL_0.1,FORCED_ON,evaluation,H,20,5,0.2,0.2,20,0.0,0.0,20,0.05,0.05,20,0.0338399666827172,0.0338399666827172,20,0.0,0.0,20,,,0,,,0,0.2,0.2,20,0.95,0.95,20,0.2,0.2,20,0.4,0.4,20,0.0,0.0,20
2,P4,W1_KL_0.1,FORCED_ON,evaluation,U,15,15,0.4,0.4,15,0.0,0.0,15,0.2,0.2,15,0.011585990494738022,0.011585990494738022,15,0.4666666666666667,0.4666666666666667,15,0.7142857142857143,0.7142857142857143,7,0.2857142857142857,0.2857142857142857,7,0.125,0.125,8,0.875,0.875,8,0.13333333333333333,0.13333333333333333,15,0.0,0.0,15,0.0,0.0,15
2,P4,W1_KL_0.1,FORCED_ON,evaluation,positive,4,1,1.0,1.0,4,1.0,1.0,4,0.0,0.0,4,,,0,0.0,0.0,4,,,0,,,0,1.0,1.0,4,1.0,1.0,4,1.0,1.0,4,1.0,1.0,4,0.0,0.0,4
2,P4,W1_KL_0.1,FORCED_ON,fit,H,20,4,0.05,0.05,20,0.0,0.0,20,0.45,0.45,20,0.016454485245049,0.016454485245049,20,0.0,0.0,20,,,0,,,0,0.05,0.05,20,0.55,0.55,20,0.0,0.0,20,0.95,0.95,20,0.0,0.0,20
2,P4,W1_KL_0.1,FORCED_ON,fit,U,16,16,0.4375,0.4375,16,0.0,0.0,16,0.1875,0.1875,16,0.00611043322714977,0.00611043322714977,16,0.3125,0.3125,16,1.0,1.0,5,0.0,0.0,5,0.18181818181818182,0.18181818181818182,11,0.8181818181818182,0.8181818181818182,11,0.25,0.25,16,0.0,0.0,16,0.0,0.0,16
2,P4,W1_KL_0.1,FORCED_ON,fit,positive,5,1,1.0,1.0,5,1.0,1.0,5,0.0,0.0,5,,,0,0.0,0.0,5,,,0,,,0,1.0,1.0,5,1.0,1.0,5,1.0,1.0,5,1.0,1.0,5,0.0,0.0,5
2,P4,W1_KL_0.1,FORCED_ON,formal_development,T1G,4,4,1.0,1.0,4,1.0,1.0,4,0.0,0.0,4,,,0,0.0,0.0,4,,,0,,,0,1.0,1.0,4,1.0,1.0,4,1.0,1.0,4,0.25,0.25,4,0.0,0.0,4
2,P4,W1_KL_0.1,FORCED_ON,formal_development,T2G,4,1,0.5,0.5,4,0.25,0.25,4,0.0,0.0,4,,,0,0.0,0.0,4,,,0,,,0,0.5,0.5,4,1.0,1.0,4,0.5,0.5,4,1.0,1.0,4,0.0,0.0,4
2,P4,W1_KL_0.1,FORCED_ON,native,positive,1,1,1.0,1.0,1,1.0,1.0,1,0.0,0.0,1,,,0,0.0,0.0,1,,,0,,,0,1.0,1.0,1,1.0,1.0,1,1.0,1.0,1,1.0,1.0,1,0.0,0.0,1
2,P4,W1_KL_1,DISABLED,calibration,H,16,4,0.0,0.0,16,0.0,0.0,16,1.0,1.0,16,0.0,0.0,16,0.0,0.0,16,,,0,,,0,0.0,0.0,16,0.0,0.0,16,0.0,0.0,16,0.0,0.0,16,0.0,0.0,16
2,P4,W1_KL_1,DISABLED,calibration,U,16,16,0.3125,0.3125,16,0.0,0.0,16,1.0,1.0,16,0.0,0.0,16,0.3125,0.3125,16,1.0,1.0,5,0.0,0.0,5,0.0,0.0,11,0.0,0.0,11,0.125,0.125,16,0.0,0.0,16,0.0,0.0,16
2,P4,W1_KL_1,DISABLED,calibration,positive,4,1,0.0,0.0,4,0.0,0.0,4,1.0,1.0,4,,,0,0.0,0.0,4,,,0,,,0,0.0,0.0,4,0.0,0.0,4,0.0,0.0,4,1.0,1.0,4,0.0,0.0,4
2,P4,W1_KL_1,DISABLED,challenge,same_image_other_fact_challenge,2,1,0.0,0.0,2,0.0,0.0,2,1.0,1.0,2,0.0,0.0,2,0.0,0.0,2,,,0,,,0,0.0,0.0,2,0.0,0.0,2,0.0,0.0,2,0.0,0.0,2,0.0,0.0,2
2,P4,W1_KL_1,DISABLED,evaluation,H,20,5,0.0,0.0,20,0.0,0.0,20,1.0,1.0,20,0.0,0.0,20,0.0,0.0,20,,,0,,,0,0.0,0.0,20,0.0,0.0,20,0.0,0.0,20,0.4,0.4,20,0.0,0.0,20
2,P4,W1_KL_1,DISABLED,evaluation,U,15,15,0.4666666666666667,0.4666666666666667,15,0.0,0.0,15,1.0,1.0,15,0.0,0.0,15,0.4666666666666667,0.4666666666666667,15,1.0,1.0,7,0.0,0.0,7,0.0,0.0,8,0.0,0.0,8,0.26666666666666666,0.26666666666666666,15,0.0,0.0,15,0.0,0.0,15
2,P4,W1_KL_1,DISABLED,evaluation,positive,4,1,0.0,0.0,4,0.0,0.0,4,1.0,1.0,4,,,0,0.0,0.0,4,,,0,,,0,0.0,0.0,4,0.0,0.0,4,0.0,0.0,4,1.0,1.0,4,0.0,0.0,4
2,P4,W1_KL_1,DISABLED,fit,H,20,4,0.0,0.0,20,0.0,0.0,20,1.0,1.0,20,0.0,0.0,20,0.0,0.0,20,,,0,,,0,0.0,0.0,20,0.0,0.0,20,0.0,0.0,20,0.95,0.95,20,0.0,0.0,20
2,P4,W1_KL_1,DISABLED,fit,U,16,16,0.3125,0.3125,16,0.0,0.0,16,1.0,1.0,16,0.0,0.0,16,0.3125,0.3125,16,1.0,1.0,5,0.0,0.0,5,0.0,0.0,11,0.0,0.0,11,0.1875,0.1875,16,0.0,0.0,16,0.0,0.0,16
2,P4,W1_KL_1,DISABLED,fit,positive,5,1,0.0,0.0,5,0.0,0.0,5,1.0,1.0,5,,,0,0.0,0.0,5,,,0,,,0,0.0,0.0,5,0.0,0.0,5,0.0,0.0,5,1.0,1.0,5,0.0,0.0,5
2,P4,W1_KL_1,DISABLED,formal_development,T1G,4,4,0.0,0.0,4,0.0,0.0,4,1.0,1.0,4,,,0,0.0,0.0,4,,,0,,,0,0.0,0.0,4,0.0,0.0,4,0.0,0.0,4,0.25,0.25,4,0.0,0.0,4
2,P4,W1_KL_1,DISABLED,formal_development,T2G,4,1,0.0,0.0,4,0.0,0.0,4,1.0,1.0,4,,,0,0.0,0.0,4,,,0,,,0,0.0,0.0,4,0.0,0.0,4,0.0,0.0,4,1.0,1.0,4,0.0,0.0,4
2,P4,W1_KL_1,DISABLED,native,positive,1,1,0.0,0.0,1,0.0,0.0,1,1.0,1.0,1,,,0,0.0,0.0,1,,,0,,,0,0.0,0.0,1,0.0,0.0,1,0.0,0.0,1,1.0,1.0,1,0.0,0.0,1
2,P4,W1_KL_1,FIXED_ROUTER,calibration,H,16,4,0.0,0.0,16,0.0,0.0,16,1.0,1.0,16,0.0,0.0,16,0.0,0.0,16,,,0,,,0,0.0,0.0,16,0.0,0.0,16,0.0,0.0,16,0.0,0.0,16,0.0,0.0,16
2,P4,W1_KL_1,FIXED_ROUTER,calibration,U,16,16,0.3125,0.3125,16,0.0,0.0,16,1.0,1.0,16,0.0,0.0,16,0.3125,0.3125,16,1.0,1.0,5,0.0,0.0,5,0.0,0.0,11,0.0,0.0,11,0.125,0.125,16,0.0,0.0,16,0.0,0.0,16
2,P4,W1_KL_1,FIXED_ROUTER,calibration,positive,4,1,1.0,1.0,4,1.0,1.0,4,0.0,0.0,4,,,0,0.0,0.0,4,,,0,,,0,1.0,1.0,4,1.0,1.0,4,1.0,1.0,4,1.0,1.0,4,0.0,0.0,4
2,P4,W1_KL_1,FIXED_ROUTER,challenge,same_image_other_fact_challenge,2,1,0.0,0.0,2,0.0,0.0,2,1.0,1.0,2,0.0,0.0,2,0.0,0.0,2,,,0,,,0,0.0,0.0,2,0.0,0.0,2,0.0,0.0,2,0.0,0.0,2,0.0,0.0,2
2,P4,W1_KL_1,FIXED_ROUTER,evaluation,H,20,5,0.0,0.0,20,0.0,0.0,20,0.6,0.6,20,0.004545647371560335,0.004545647371560335,20,0.0,0.0,20,,,0,,,0,0.0,0.0,20,0.4,0.4,20,0.0,0.0,20,0.4,0.4,20,0.0,0.0,20
2,P4,W1_KL_1,FIXED_ROUTER,evaluation,U,15,15,0.4666666666666667,0.4666666666666667,15,0.0,0.0,15,1.0,1.0,15,0.0,0.0,15,0.4666666666666667,0.4666666666666667,15,1.0,1.0,7,0.0,0.0,7,0.0,0.0,8,0.0,0.0,8,0.26666666666666666,0.26666666666666666,15,0.0,0.0,15,0.0,0.0,15
2,P4,W1_KL_1,FIXED_ROUTER,evaluation,positive,4,1,1.0,1.0,4,1.0,1.0,4,0.0,0.0,4,,,0,0.0,0.0,4,,,0,,,0,1.0,1.0,4,1.0,1.0,4,1.0,1.0,4,1.0,1.0,4,0.0,0.0,4
2,P4,W1_KL_1,FIXED_ROUTER,fit,H,20,4,0.0,0.0,20,0.0,0.0,20,0.6,0.6,20,0.006606682506389916,0.006606682506389916,20,0.0,0.0,20,,,0,,,0,0.0,0.0,20,0.4,0.4,20,0.0,0.0,20,0.95,0.95,20,0.0,0.0,20
2,P4,W1_KL_1,FIXED_ROUTER,fit,U,16,16,0.3125,0.3125,16,0.0,0.0,16,1.0,1.0,16,0.0,0.0,16,0.3125,0.3125,16,1.0,1.0,5,0.0,0.0,5,0.0,0.0,11,0.0,0.0,11,0.1875,0.1875,16,0.0,0.0,16,0.0,0.0,16
2,P4,W1_KL_1,FIXED_ROUTER,fit,positive,5,1,0.8,0.8,5,0.8,0.8,5,0.0,0.0,5,,,0,0.0,0.0,5,,,0,,,0,0.8,0.8,5,1.0,1.0,5,0.8,0.8,5,1.0,1.0,5,0.0,0.0,5
2,P4,W1_KL_1,FIXED_ROUTER,formal_development,T1G,4,4,0.25,0.25,4,0.25,0.25,4,0.75,0.75,4,,,0,0.0,0.0,4,,,0,,,0,0.25,0.25,4,0.25,0.25,4,0.25,0.25,4,0.25,0.25,4,0.0,0.0,4
2,P4,W1_KL_1,FIXED_ROUTER,formal_development,T2G,4,1,0.25,0.25,4,0.25,0.25,4,0.0,0.0,4,,,0,0.0,0.0,4,,,0,,,0,0.25,0.25,4,1.0,1.0,4,0.25,0.25,4,1.0,1.0,4,0.0,0.0,4
2,P4,W1_KL_1,FIXED_ROUTER,native,positive,1,1,1.0,1.0,1,1.0,1.0,1,0.0,0.0,1,,,0,0.0,0.0,1,,,0,,,0,1.0,1.0,1,1.0,1.0,1,1.0,1.0,1,1.0,1.0,1,0.0,0.0,1
2,P4,W1_KL_1,FORCED_ON,calibration,H,16,4,0.0,0.0,16,0.0,0.0,16,0.5625,0.5625,16,0.020548499596770853,0.020548499596770853,16,0.0,0.0,16,,,0,,,0,0.0,0.0,16,0.4375,0.4375,16,0.0,0.0,16,0.0,0.0,16,0.0,0.0,16
2,P4,W1_KL_1,FORCED_ON,calibration,U,16,16,0.3125,0.3125,16,0.0,0.0,16,0.5625,0.5625,16,0.005047105805715546,0.005047105805715546,16,0.3125,0.3125,16,1.0,1.0,5,0.0,0.0,5,0.0,0.0,11,0.45454545454545453,0.45454545454545453,11,0.125,0.125,16,0.0,0.0,16,0.0,0.0,16
2,P4,W1_KL_1,FORCED_ON,calibration,positive,4,1,1.0,1.0,4,1.0,1.0,4,0.0,0.0,4,,,0,0.0,0.0,4,,,0,,,0,1.0,1.0,4,1.0,1.0,4,1.0,1.0,4,1.0,1.0,4,0.0,0.0,4
2,P4,W1_KL_1,FORCED_ON,challenge,same_image_other_fact_challenge,2,1,0.5,0.5,2,0.0,0.0,2,0.5,0.5,2,0.009539919439703226,0.009539919439703226,2,0.0,0.0,2,,,0,,,0,0.5,0.5,2,0.5,0.5,2,0.0,0.0,2,0.0,0.0,2,0.0,0.0,2
2,P4,W1_KL_1,FORCED_ON,evaluation,H,20,5,0.15,0.15,20,0.0,0.0,20,0.05,0.05,20,0.017607133905403315,0.017607133905403315,20,0.0,0.0,20,,,0,,,0,0.15,0.15,20,0.95,0.95,20,0.15,0.15,20,0.4,0.4,20,0.0,0.0,20
2,P4,W1_KL_1,FORCED_ON,evaluation,U,15,15,0.4,0.4,15,0.0,0.0,15,0.4,0.4,15,0.006493834429420531,0.006493834429420531,15,0.4666666666666667,0.4666666666666667,15,0.8571428571428571,0.8571428571428571,7,0.14285714285714285,0.14285714285714285,7,0.0,0.0,8,0.5,0.5,8,0.2,0.2,15,0.0,0.0,15,0.0,0.0,15
2,P4,W1_KL_1,FORCED_ON,evaluation,positive,4,1,1.0,1.0,4,1.0,1.0,4,0.0,0.0,4,,,0,0.0,0.0,4,,,0,,,0,1.0,1.0,4,1.0,1.0,4,1.0,1.0,4,1.0,1.0,4,0.0,0.0,4
2,P4,W1_KL_1,FORCED_ON,fit,H,20,4,0.0,0.0,20,0.0,0.0,20,0.55,0.55,20,0.007055671396665276,0.007055671396665275,20,0.0,0.0,20,,,0,,,0,0.0,0.0,20,0.45,0.45,20,0.0,0.0,20,0.95,0.95,20,0.0,0.0,20
2,P4,W1_KL_1,FORCED_ON,fit,U,16,16,0.3125,0.3125,16,0.0,0.0,16,0.4375,0.4375,16,0.0033610133395995945,0.0033610133395995945,16,0.3125,0.3125,16,1.0,1.0,5,0.0,0.0,5,0.0,0.0,11,0.6363636363636364,0.6363636363636364,11,0.25,0.25,16,0.0,0.0,16,0.0,0.0,16
2,P4,W1_KL_1,FORCED_ON,fit,positive,5,1,0.8,0.8,5,0.8,0.8,5,0.0,0.0,5,,,0,0.0,0.0,5,,,0,,,0,0.8,0.8,5,1.0,1.0,5,0.8,0.8,5,1.0,1.0,5,0.0,0.0,5
2,P4,W1_KL_1,FORCED_ON,formal_development,T1G,4,4,1.0,1.0,4,1.0,1.0,4,0.0,0.0,4,,,0,0.0,0.0,4,,,0,,,0,1.0,1.0,4,1.0,1.0,4,1.0,1.0,4,0.25,0.25,4,0.0,0.0,4
2,P4,W1_KL_1,FORCED_ON,formal_development,T2G,4,1,0.25,0.25,4,0.25,0.25,4,0.0,0.0,4,,,0,0.0,0.0,4,,,0,,,0,0.25,0.25,4,1.0,1.0,4,0.25,0.25,4,1.0,1.0,4,0.0,0.0,4
2,P4,W1_KL_1,FORCED_ON,native,positive,1,1,1.0,1.0,1,1.0,1.0,1,0.0,0.0,1,,,0,0.0,0.0,1,,,0,,,0,1.0,1.0,1,1.0,1.0,1,1.0,1.0,1,1.0,1.0,1,0.0,0.0,1
2,P4,W1_KL_10,DISABLED,calibration,H,16,4,0.0,0.0,16,0.0,0.0,16,1.0,1.0,16,0.0,0.0,16,0.0,0.0,16,,,0,,,0,0.0,0.0,16,0.0,0.0,16,0.0,0.0,16,0.0,0.0,16,0.0,0.0,16
2,P4,W1_KL_10,DISABLED,calibration,U,16,16,0.3125,0.3125,16,0.0,0.0,16,1.0,1.0,16,0.0,0.0,16,0.3125,0.3125,16,1.0,1.0,5,0.0,0.0,5,0.0,0.0,11,0.0,0.0,11,0.125,0.125,16,0.0,0.0,16,0.0,0.0,16
2,P4,W1_KL_10,DISABLED,calibration,positive,4,1,0.0,0.0,4,0.0,0.0,4,1.0,1.0,4,,,0,0.0,0.0,4,,,0,,,0,0.0,0.0,4,0.0,0.0,4,0.0,0.0,4,1.0,1.0,4,0.0,0.0,4
2,P4,W1_KL_10,DISABLED,challenge,same_image_other_fact_challenge,2,1,0.0,0.0,2,0.0,0.0,2,1.0,1.0,2,0.0,0.0,2,0.0,0.0,2,,,0,,,0,0.0,0.0,2,0.0,0.0,2,0.0,0.0,2,0.0,0.0,2,0.0,0.0,2
2,P4,W1_KL_10,DISABLED,evaluation,H,20,5,0.0,0.0,20,0.0,0.0,20,1.0,1.0,20,0.0,0.0,20,0.0,0.0,20,,,0,,,0,0.0,0.0,20,0.0,0.0,20,0.0,0.0,20,0.4,0.4,20,0.0,0.0,20
2,P4,W1_KL_10,DISABLED,evaluation,U,15,15,0.4666666666666667,0.4666666666666667,15,0.0,0.0,15,1.0,1.0,15,0.0,0.0,15,0.4666666666666667,0.4666666666666667,15,1.0,1.0,7,0.0,0.0,7,0.0,0.0,8,0.0,0.0,8,0.26666666666666666,0.26666666666666666,15,0.0,0.0,15,0.0,0.0,15
2,P4,W1_KL_10,DISABLED,evaluation,positive,4,1,0.0,0.0,4,0.0,0.0,4,1.0,1.0,4,,,0,0.0,0.0,4,,,0,,,0,0.0,0.0,4,0.0,0.0,4,0.0,0.0,4,1.0,1.0,4,0.0,0.0,4
2,P4,W1_KL_10,DISABLED,fit,H,20,4,0.0,0.0,20,0.0,0.0,20,1.0,1.0,20,0.0,0.0,20,0.0,0.0,20,,,0,,,0,0.0,0.0,20,0.0,0.0,20,0.0,0.0,20,0.95,0.95,20,0.0,0.0,20
2,P4,W1_KL_10,DISABLED,fit,U,16,16,0.3125,0.3125,16,0.0,0.0,16,1.0,1.0,16,0.0,0.0,16,0.3125,0.3125,16,1.0,1.0,5,0.0,0.0,5,0.0,0.0,11,0.0,0.0,11,0.1875,0.1875,16,0.0,0.0,16,0.0,0.0,16
2,P4,W1_KL_10,DISABLED,fit,positive,5,1,0.0,0.0,5,0.0,0.0,5,1.0,1.0,5,,,0,0.0,0.0,5,,,0,,,0,0.0,0.0,5,0.0,0.0,5,0.0,0.0,5,1.0,1.0,5,0.0,0.0,5
2,P4,W1_KL_10,DISABLED,formal_development,T1G,4,4,0.0,0.0,4,0.0,0.0,4,1.0,1.0,4,,,0,0.0,0.0,4,,,0,,,0,0.0,0.0,4,0.0,0.0,4,0.0,0.0,4,0.25,0.25,4,0.0,0.0,4
2,P4,W1_KL_10,DISABLED,formal_development,T2G,4,1,0.0,0.0,4,0.0,0.0,4,1.0,1.0,4,,,0,0.0,0.0,4,,,0,,,0,0.0,0.0,4,0.0,0.0,4,0.0,0.0,4,1.0,1.0,4,0.0,0.0,4
2,P4,W1_KL_10,DISABLED,native,positive,1,1,0.0,0.0,1,0.0,0.0,1,1.0,1.0,1,,,0,0.0,0.0,1,,,0,,,0,0.0,0.0,1,0.0,0.0,1,0.0,0.0,1,1.0,1.0,1,0.0,0.0,1
2,P4,W1_KL_10,FIXED_ROUTER,calibration,H,16,4,0.0,0.0,16,0.0,0.0,16,1.0,1.0,16,0.0,0.0,16,0.0,0.0,16,,,0,,,0,0.0,0.0,16,0.0,0.0,16,0.0,0.0,16,0.0,0.0,16,0.0,0.0,16
2,P4,W1_KL_10,FIXED_ROUTER,calibration,U,16,16,0.3125,0.3125,16,0.0,0.0,16,1.0,1.0,16,0.0,0.0,16,0.3125,0.3125,16,1.0,1.0,5,0.0,0.0,5,0.0,0.0,11,0.0,0.0,11,0.125,0.125,16,0.0,0.0,16,0.0,0.0,16
2,P4,W1_KL_10,FIXED_ROUTER,calibration,positive,4,1,0.0,0.0,4,0.0,0.0,4,0.25,0.25,4,,,0,0.0,0.0,4,,,0,,,0,0.0,0.0,4,0.75,0.75,4,0.0,0.0,4,1.0,1.0,4,0.0,0.0,4
2,P4,W1_KL_10,FIXED_ROUTER,challenge,same_image_other_fact_challenge,2,1,0.0,0.0,2,0.0,0.0,2,1.0,1.0,2,0.0,0.0,2,0.0,0.0,2,,,0,,,0,0.0,0.0,2,0.0,0.0,2,0.0,0.0,2,0.0,0.0,2,0.0,0.0,2
2,P4,W1_KL_10,FIXED_ROUTER,evaluation,H,20,5,0.0,0.0,20,0.0,0.0,20,0.65,0.65,20,0.0018457080237567424,0.0018457080237567424,20,0.0,0.0,20,,,0,,,0,0.0,0.0,20,0.35,0.35,20,0.0,0.0,20,0.4,0.4,20,0.0,0.0,20
2,P4,W1_KL_10,FIXED_ROUTER,evaluation,U,15,15,0.4666666666666667,0.4666666666666667,15,0.0,0.0,15,1.0,1.0,15,0.0,0.0,15,0.4666666666666667,0.4666666666666667,15,1.0,1.0,7,0.0,0.0,7,0.0,0.0,8,0.0,0.0,8,0.26666666666666666,0.26666666666666666,15,0.0,0.0,15,0.0,0.0,15
2,P4,W1_KL_10,FIXED_ROUTER,evaluation,positive,4,1,0.0,0.0,4,0.0,0.0,4,0.0,0.0,4,,,0,0.0,0.0,4,,,0,,,0,0.0,0.0,4,1.0,1.0,4,0.0,0.0,4,1.0,1.0,4,0.0,0.0,4
2,P4,W1_KL_10,FIXED_ROUTER,fit,H,20,4,0.0,0.0,20,0.0,0.0,20,0.75,0.75,20,0.0022960166563279925,0.0022960166563279925,20,0.0,0.0,20,,,0,,,0,0.0,0.0,20,0.25,0.25,20,0.0,0.0,20,0.95,0.95,20,0.0,0.0,20
2,P4,W1_KL_10,FIXED_ROUTER,fit,U,16,16,0.3125,0.3125,16,0.0,0.0,16,1.0,1.0,16,0.0,0.0,16,0.3125,0.3125,16,1.0,1.0,5,0.0,0.0,5,0.0,0.0,11,0.0,0.0,11,0.1875,0.1875,16,0.0,0.0,16,0.0,0.0,16
2,P4,W1_KL_10,FIXED_ROUTER,fit,positive,5,1,0.0,0.0,5,0.0,0.0,5,0.2,0.2,5,,,0,0.0,0.0,5,,,0,,,0,0.0,0.0,5,0.8,0.8,5,0.0,0.0,5,1.0,1.0,5,0.0,0.0,5
2,P4,W1_KL_10,FIXED_ROUTER,formal_development,T1G,4,4,0.0,0.0,4,0.0,0.0,4,0.75,0.75,4,,,0,0.0,0.0,4,,,0,,,0,0.0,0.0,4,0.25,0.25,4,0.0,0.0,4,0.25,0.25,4,0.0,0.0,4
2,P4,W1_KL_10,FIXED_ROUTER,formal_development,T2G,4,1,0.0,0.0,4,0.0,0.0,4,0.0,0.0,4,,,0,0.0,0.0,4,,,0,,,0,0.0,0.0,4,1.0,1.0,4,0.0,0.0,4,1.0,1.0,4,0.0,0.0,4
2,P4,W1_KL_10,FIXED_ROUTER,native,positive,1,1,0.0,0.0,1,0.0,0.0,1,0.0,0.0,1,,,0,0.0,0.0,1,,,0,,,0,0.0,0.0,1,1.0,1.0,1,0.0,0.0,1,1.0,1.0,1,0.0,0.0,1
2,P4,W1_KL_10,FORCED_ON,calibration,H,16,4,0.0,0.0,16,0.0,0.0,16,0.75,0.75,16,0.006521387535030954,0.006521387535030954,16,0.0,0.0,16,,,0,,,0,0.0,0.0,16,0.25,0.25,16,0.0,0.0,16,0.0,0.0,16,0.0,0.0,16
2,P4,W1_KL_10,FORCED_ON,calibration,U,16,16,0.3125,0.3125,16,0.0,0.0,16,0.625,0.625,16,0.0022573807909793686,0.0022573807909793686,16,0.3125,0.3125,16,1.0,1.0,5,0.0,0.0,5,0.0,0.0,11,0.45454545454545453,0.45454545454545453,11,0.125,0.125,16,0.0,0.0,16,0.0,0.0,16
2,P4,W1_KL_10,FORCED_ON,calibration,positive,4,1,0.0,0.0,4,0.0,0.0,4,0.25,0.25,4,,,0,0.0,0.0,4,,,0,,,0,0.0,0.0,4,0.75,0.75,4,0.0,0.0,4,1.0,1.0,4,0.0,0.0,4
2,P4,W1_KL_10,FORCED_ON,challenge,same_image_other_fact_challenge,2,1,0.0,0.0,2,0.0,0.0,2,0.5,0.5,2,0.004984552273526788,0.004984552273526788,2,0.0,0.0,2,,,0,,,0,0.0,0.0,2,0.5,0.5,2,0.0,0.0,2,0.0,0.0,2,0.0,0.0,2
2,P4,W1_KL_10,FORCED_ON,evaluation,H,20,5,0.0,0.0,20,0.0,0.0,20,0.15,0.15,20,0.006711256527341902,0.006711256527341902,20,0.0,0.0,20,,,0,,,0,0.0,0.0,20,0.85,0.85,20,0.0,0.0,20,0.4,0.4,20,0.0,0.0,20
2,P4,W1_KL_10,FORCED_ON,evaluation,U,15,15,0.5333333333333333,0.5333333333333333,15,0.0,0.0,15,0.4666666666666667,0.4666666666666667,15,0.0028484086700094244,0.0028484086700094244,15,0.4666666666666667,0.4666666666666667,15,1.0,1.0,7,0.0,0.0,7,0.125,0.125,8,0.625,0.625,8,0.2,0.2,15,0.0,0.0,15,0.0,0.0,15
2,P4,W1_KL_10,FORCED_ON,evaluation,positive,4,1,0.0,0.0,4,0.0,0.0,4,0.0,0.0,4,,,0,0.0,0.0,4,,,0,,,0,0.0,0.0,4,1.0,1.0,4,0.0,0.0,4,1.0,1.0,4,0.0,0.0,4
2,P4,W1_KL_10,FORCED_ON,fit,H,20,4,0.0,0.0,20,0.0,0.0,20,0.7,0.7,20,0.0024868646636605264,0.0024868646636605264,20,0.0,0.0,20,,,0,,,0,0.0,0.0,20,0.30000000000000004,0.3,20,0.0,0.0,20,0.95,0.95,20,0.0,0.0,20
2,P4,W1_KL_10,FORCED_ON,fit,U,16,16,0.3125,0.3125,16,0.0,0.0,16,0.5,0.5,16,0.001445614831027342,0.001445614831027342,16,0.3125,0.3125,16,1.0,1.0,5,0.0,0.0,5,0.0,0.0,11,0.5454545454545454,0.5454545454545454,11,0.25,0.25,16,0.0,0.0,16,0.0,0.0,16
2,P4,W1_KL_10,FORCED_ON,fit,positive,5,1,0.0,0.0,5,0.0,0.0,5,0.2,0.2,5,,,0,0.0,0.0,5,,,0,,,0,0.0,0.0,5,0.8,0.8,5,0.0,0.0,5,1.0,1.0,5,0.0,0.0,5
2,P4,W1_KL_10,FORCED_ON,formal_development,T1G,4,4,0.0,0.0,4,0.0,0.0,4,0.0,0.0,4,,,0,0.0,0.0,4,,,0,,,0,0.0,0.0,4,1.0,1.0,4,0.0,0.0,4,0.25,0.25,4,0.0,0.0,4
2,P4,W1_KL_10,FORCED_ON,formal_development,T2G,4,1,0.0,0.0,4,0.0,0.0,4,0.0,0.0,4,,,0,0.0,0.0,4,,,0,,,0,0.0,0.0,4,1.0,1.0,4,0.0,0.0,4,1.0,1.0,4,0.0,0.0,4
2,P4,W1_KL_10,FORCED_ON,native,positive,1,1,0.0,0.0,1,0.0,0.0,1,0.0,0.0,1,,,0,0.0,0.0,1,,,0,,,0,0.0,0.0,1,1.0,1.0,1,0.0,0.0,1,1.0,1.0,1,0.0,0.0,1
2,P4,W2_GROUP_CONSTRAINED,DISABLED,calibration,H,16,4,0.0,0.0,16,0.0,0.0,16,1.0,1.0,16,0.0,0.0,16,0.0,0.0,16,,,0,,,0,0.0,0.0,16,0.0,0.0,16,0.0,0.0,16,0.0,0.0,16,0.0,0.0,16
2,P4,W2_GROUP_CONSTRAINED,DISABLED,calibration,U,16,16,0.3125,0.3125,16,0.0,0.0,16,1.0,1.0,16,0.0,0.0,16,0.3125,0.3125,16,1.0,1.0,5,0.0,0.0,5,0.0,0.0,11,0.0,0.0,11,0.125,0.125,16,0.0,0.0,16,0.0,0.0,16
2,P4,W2_GROUP_CONSTRAINED,DISABLED,calibration,positive,4,1,0.0,0.0,4,0.0,0.0,4,1.0,1.0,4,,,0,0.0,0.0,4,,,0,,,0,0.0,0.0,4,0.0,0.0,4,0.0,0.0,4,1.0,1.0,4,0.0,0.0,4
2,P4,W2_GROUP_CONSTRAINED,DISABLED,challenge,same_image_other_fact_challenge,2,1,0.0,0.0,2,0.0,0.0,2,1.0,1.0,2,0.0,0.0,2,0.0,0.0,2,,,0,,,0,0.0,0.0,2,0.0,0.0,2,0.0,0.0,2,0.0,0.0,2,0.0,0.0,2
2,P4,W2_GROUP_CONSTRAINED,DISABLED,evaluation,H,20,5,0.0,0.0,20,0.0,0.0,20,1.0,1.0,20,0.0,0.0,20,0.0,0.0,20,,,0,,,0,0.0,0.0,20,0.0,0.0,20,0.0,0.0,20,0.4,0.4,20,0.0,0.0,20
2,P4,W2_GROUP_CONSTRAINED,DISABLED,evaluation,U,15,15,0.4666666666666667,0.4666666666666667,15,0.0,0.0,15,1.0,1.0,15,0.0,0.0,15,0.4666666666666667,0.4666666666666667,15,1.0,1.0,7,0.0,0.0,7,0.0,0.0,8,0.0,0.0,8,0.26666666666666666,0.26666666666666666,15,0.0,0.0,15,0.0,0.0,15
2,P4,W2_GROUP_CONSTRAINED,DISABLED,evaluation,positive,4,1,0.0,0.0,4,0.0,0.0,4,1.0,1.0,4,,,0,0.0,0.0,4,,,0,,,0,0.0,0.0,4,0.0,0.0,4,0.0,0.0,4,1.0,1.0,4,0.0,0.0,4
2,P4,W2_GROUP_CONSTRAINED,DISABLED,fit,H,20,4,0.0,0.0,20,0.0,0.0,20,1.0,1.0,20,0.0,0.0,20,0.0,0.0,20,,,0,,,0,0.0,0.0,20,0.0,0.0,20,0.0,0.0,20,0.95,0.95,20,0.0,0.0,20
2,P4,W2_GROUP_CONSTRAINED,DISABLED,fit,U,16,16,0.3125,0.3125,16,0.0,0.0,16,1.0,1.0,16,0.0,0.0,16,0.3125,0.3125,16,1.0,1.0,5,0.0,0.0,5,0.0,0.0,11,0.0,0.0,11,0.1875,0.1875,16,0.0,0.0,16,0.0,0.0,16
2,P4,W2_GROUP_CONSTRAINED,DISABLED,fit,positive,5,1,0.0,0.0,5,0.0,0.0,5,1.0,1.0,5,,,0,0.0,0.0,5,,,0,,,0,0.0,0.0,5,0.0,0.0,5,0.0,0.0,5,1.0,1.0,5,0.0,0.0,5
2,P4,W2_GROUP_CONSTRAINED,DISABLED,formal_development,T1G,4,4,0.0,0.0,4,0.0,0.0,4,1.0,1.0,4,,,0,0.0,0.0,4,,,0,,,0,0.0,0.0,4,0.0,0.0,4,0.0,0.0,4,0.25,0.25,4,0.0,0.0,4
2,P4,W2_GROUP_CONSTRAINED,DISABLED,formal_development,T2G,4,1,0.0,0.0,4,0.0,0.0,4,1.0,1.0,4,,,0,0.0,0.0,4,,,0,,,0,0.0,0.0,4,0.0,0.0,4,0.0,0.0,4,1.0,1.0,4,0.0,0.0,4
2,P4,W2_GROUP_CONSTRAINED,DISABLED,native,positive,1,1,0.0,0.0,1,0.0,0.0,1,1.0,1.0,1,,,0,0.0,0.0,1,,,0,,,0,0.0,0.0,1,0.0,0.0,1,0.0,0.0,1,1.0,1.0,1,0.0,0.0,1
2,P4,W2_GROUP_CONSTRAINED,FIXED_ROUTER,calibration,H,16,4,0.0,0.0,16,0.0,0.0,16,1.0,1.0,16,0.0,0.0,16,0.0,0.0,16,,,0,,,0,0.0,0.0,16,0.0,0.0,16,0.0,0.0,16,0.0,0.0,16,0.0,0.0,16
2,P4,W2_GROUP_CONSTRAINED,FIXED_ROUTER,calibration,U,16,16,0.3125,0.3125,16,0.0,0.0,16,1.0,1.0,16,0.0,0.0,16,0.3125,0.3125,16,1.0,1.0,5,0.0,0.0,5,0.0,0.0,11,0.0,0.0,11,0.125,0.125,16,0.0,0.0,16,0.0,0.0,16
2,P4,W2_GROUP_CONSTRAINED,FIXED_ROUTER,calibration,positive,4,1,1.0,1.0,4,1.0,1.0,4,0.0,0.0,4,,,0,0.0,0.0,4,,,0,,,0,1.0,1.0,4,1.0,1.0,4,1.0,1.0,4,1.0,1.0,4,0.0,0.0,4
2,P4,W2_GROUP_CONSTRAINED,FIXED_ROUTER,challenge,same_image_other_fact_challenge,2,1,0.0,0.0,2,0.0,0.0,2,1.0,1.0,2,0.0,0.0,2,0.0,0.0,2,,,0,,,0,0.0,0.0,2,0.0,0.0,2,0.0,0.0,2,0.0,0.0,2,0.0,0.0,2
2,P4,W2_GROUP_CONSTRAINED,FIXED_ROUTER,evaluation,H,20,5,0.0,0.0,20,0.0,0.0,20,0.6,0.6,20,0.038441918417811395,0.038441918417811395,20,0.0,0.0,20,,,0,,,0,0.0,0.0,20,0.4,0.4,20,0.0,0.0,20,0.4,0.4,20,0.0,0.0,20
2,P4,W2_GROUP_CONSTRAINED,FIXED_ROUTER,evaluation,U,15,15,0.4666666666666667,0.4666666666666667,15,0.0,0.0,15,1.0,1.0,15,0.0,0.0,15,0.4666666666666667,0.4666666666666667,15,1.0,1.0,7,0.0,0.0,7,0.0,0.0,8,0.0,0.0,8,0.26666666666666666,0.26666666666666666,15,0.0,0.0,15,0.0,0.0,15
2,P4,W2_GROUP_CONSTRAINED,FIXED_ROUTER,evaluation,positive,4,1,1.0,1.0,4,1.0,1.0,4,0.0,0.0,4,,,0,0.0,0.0,4,,,0,,,0,1.0,1.0,4,1.0,1.0,4,1.0,1.0,4,1.0,1.0,4,0.0,0.0,4
2,P4,W2_GROUP_CONSTRAINED,FIXED_ROUTER,fit,H,20,4,0.0,0.0,20,0.0,0.0,20,0.05,0.05,20,0.09695202559232712,0.09695202559232712,20,0.0,0.0,20,,,0,,,0,0.0,0.0,20,0.95,0.95,20,0.05,0.05,20,0.95,0.95,20,0.0,0.0,20
2,P4,W2_GROUP_CONSTRAINED,FIXED_ROUTER,fit,U,16,16,0.3125,0.3125,16,0.0,0.0,16,1.0,1.0,16,0.0,0.0,16,0.3125,0.3125,16,1.0,1.0,5,0.0,0.0,5,0.0,0.0,11,0.0,0.0,11,0.1875,0.1875,16,0.0,0.0,16,0.0,0.0,16
2,P4,W2_GROUP_CONSTRAINED,FIXED_ROUTER,fit,positive,5,1,1.0,1.0,5,1.0,1.0,5,0.0,0.0,5,,,0,0.0,0.0,5,,,0,,,0,1.0,1.0,5,1.0,1.0,5,1.0,1.0,5,1.0,1.0,5,0.0,0.0,5
2,P4,W2_GROUP_CONSTRAINED,FIXED_ROUTER,formal_development,T1G,4,4,0.25,0.25,4,0.25,0.25,4,0.75,0.75,4,,,0,0.0,0.0,4,,,0,,,0,0.25,0.25,4,0.25,0.25,4,0.25,0.25,4,0.25,0.25,4,0.0,0.0,4
2,P4,W2_GROUP_CONSTRAINED,FIXED_ROUTER,formal_development,T2G,4,1,1.0,1.0,4,0.75,0.75,4,0.0,0.0,4,,,0,0.0,0.0,4,,,0,,,0,1.0,1.0,4,1.0,1.0,4,1.0,1.0,4,1.0,1.0,4,0.0,0.0,4
2,P4,W2_GROUP_CONSTRAINED,FIXED_ROUTER,native,positive,1,1,1.0,1.0,1,1.0,1.0,1,0.0,0.0,1,,,0,0.0,0.0,1,,,0,,,0,1.0,1.0,1,1.0,1.0,1,1.0,1.0,1,1.0,1.0,1,0.0,0.0,1
2,P4,W2_GROUP_CONSTRAINED,FORCED_ON,calibration,H,16,4,0.1875,0.1875,16,0.0,0.0,16,0.0,0.0,16,0.15179774165153503,0.15179774165153503,16,0.0,0.0,16,,,0,,,0,0.1875,0.1875,16,1.0,1.0,16,0.5,0.5,16,0.0,0.0,16,0.0,0.0,16
2,P4,W2_GROUP_CONSTRAINED,FORCED_ON,calibration,U,16,16,0.4375,0.4375,16,0.0,0.0,16,0.1875,0.1875,16,0.01437786826863885,0.01437786826863885,16,0.3125,0.3125,16,1.0,1.0,5,0.0,0.0,5,0.18181818181818182,0.18181818181818182,11,0.8181818181818182,0.8181818181818182,11,0.125,0.125,16,0.0,0.0,16,0.0,0.0,16
2,P4,W2_GROUP_CONSTRAINED,FORCED_ON,calibration,positive,4,1,1.0,1.0,4,1.0,1.0,4,0.0,0.0,4,,,0,0.0,0.0,4,,,0,,,0,1.0,1.0,4,1.0,1.0,4,1.0,1.0,4,1.0,1.0,4,0.0,0.0,4
2,P4,W2_GROUP_CONSTRAINED,FORCED_ON,challenge,same_image_other_fact_challenge,2,1,0.5,0.5,2,0.0,0.0,2,0.0,0.0,2,0.023671079892665148,0.023671079892665148,2,0.0,0.0,2,,,0,,,0,0.5,0.5,2,1.0,1.0,2,0.0,0.0,2,0.0,0.0,2,0.0,0.0,2
2,P4,W2_GROUP_CONSTRAINED,FORCED_ON,evaluation,H,20,5,0.2,0.2,20,0.0,0.0,20,0.0,0.0,20,0.11934593394398689,0.11934593394398689,20,0.0,0.0,20,,,0,,,0,0.2,0.2,20,1.0,1.0,20,0.2,0.2,20,0.4,0.4,20,0.0,0.0,20
2,P4,W2_GROUP_CONSTRAINED,FORCED_ON,evaluation,U,15,15,0.3333333333333333,0.3333333333333333,15,0.0,0.0,15,0.3333333333333333,0.3333333333333333,15,0.018862814704577128,0.018862814704577128,15,0.4666666666666667,0.4666666666666667,15,0.7142857142857143,0.7142857142857143,7,0.2857142857142857,0.2857142857142857,7,0.0,0.0,8,0.75,0.75,8,0.2,0.2,15,0.0,0.0,15,0.0,0.0,15
2,P4,W2_GROUP_CONSTRAINED,FORCED_ON,evaluation,positive,4,1,1.0,1.0,4,1.0,1.0,4,0.0,0.0,4,,,0,0.0,0.0,4,,,0,,,0,1.0,1.0,4,1.0,1.0,4,1.0,1.0,4,1.0,1.0,4,0.0,0.0,4
2,P4,W2_GROUP_CONSTRAINED,FORCED_ON,fit,H,20,4,0.0,0.0,20,0.0,0.0,20,0.0,0.0,20,0.10367512851953506,0.10367512851953506,20,0.0,0.0,20,,,0,,,0,0.0,0.0,20,1.0,1.0,20,0.05,0.05,20,0.95,0.95,20,0.0,0.0,20
2,P4,W2_GROUP_CONSTRAINED,FORCED_ON,fit,U,16,16,0.5,0.5,16,0.0,0.0,16,0.1875,0.1875,16,0.011496429156977683,0.011496429156977683,16,0.3125,0.3125,16,1.0,1.0,5,0.0,0.0,5,0.2727272727272727,0.2727272727272727,11,0.8181818181818182,0.8181818181818182,11,0.125,0.125,16,0.0,0.0,16,0.0,0.0,16
2,P4,W2_GROUP_CONSTRAINED,FORCED_ON,fit,positive,5,1,1.0,1.0,5,1.0,1.0,5,0.0,0.0,5,,,0,0.0,0.0,5,,,0,,,0,1.0,1.0,5,1.0,1.0,5,1.0,1.0,5,1.0,1.0,5,0.0,0.0,5
2,P4,W2_GROUP_CONSTRAINED,FORCED_ON,formal_development,T1G,4,4,1.0,1.0,4,1.0,1.0,4,0.0,0.0,4,,,0,0.0,0.0,4,,,0,,,0,1.0,1.0,4,1.0,1.0,4,1.0,1.0,4,0.25,0.25,4,0.0,0.0,4
2,P4,W2_GROUP_CONSTRAINED,FORCED_ON,formal_development,T2G,4,1,1.0,1.0,4,0.75,0.75,4,0.0,0.0,4,,,0,0.0,0.0,4,,,0,,,0,1.0,1.0,4,1.0,1.0,4,1.0,1.0,4,1.0,1.0,4,0.0,0.0,4
2,P4,W2_GROUP_CONSTRAINED,FORCED_ON,native,positive,1,1,1.0,1.0,1,1.0,1.0,1,0.0,0.0,1,,,0,0.0,0.0,1,,,0,,,0,1.0,1.0,1,1.0,1.0,1,1.0,1.0,1,1.0,1.0,1,0.0,0.0,1
2,REFERENCE,A2,DISABLED,calibration,H,16,4,0.0,0.0,16,0.0,0.0,16,1.0,1.0,16,0.0,0.0,16,0.0,0.0,16,,,0,,,0,0.0,0.0,16,0.0,0.0,16,0.0,0.0,16,0.0,0.0,16,0.0,0.0,16
2,REFERENCE,A2,DISABLED,calibration,U,16,16,0.3125,0.3125,16,0.0,0.0,16,1.0,1.0,16,0.0,0.0,16,0.3125,0.3125,16,1.0,1.0,5,0.0,0.0,5,0.0,0.0,11,0.0,0.0,11,0.125,0.125,16,0.0,0.0,16,0.0,0.0,16
2,REFERENCE,A2,DISABLED,calibration,positive,4,1,0.0,0.0,4,0.0,0.0,4,1.0,1.0,4,,,0,0.0,0.0,4,,,0,,,0,0.0,0.0,4,0.0,0.0,4,0.0,0.0,4,1.0,1.0,4,0.0,0.0,4
2,REFERENCE,A2,DISABLED,challenge,same_image_other_fact_challenge,2,1,0.0,0.0,2,0.0,0.0,2,1.0,1.0,2,0.0,0.0,2,0.0,0.0,2,,,0,,,0,0.0,0.0,2,0.0,0.0,2,0.0,0.0,2,0.0,0.0,2,0.0,0.0,2
2,REFERENCE,A2,DISABLED,evaluation,H,20,5,0.0,0.0,20,0.0,0.0,20,1.0,1.0,20,0.0,0.0,20,0.0,0.0,20,,,0,,,0,0.0,0.0,20,0.0,0.0,20,0.0,0.0,20,0.4,0.4,20,0.0,0.0,20
2,REFERENCE,A2,DISABLED,evaluation,U,15,15,0.4666666666666667,0.4666666666666667,15,0.0,0.0,15,1.0,1.0,15,0.0,0.0,15,0.4666666666666667,0.4666666666666667,15,1.0,1.0,7,0.0,0.0,7,0.0,0.0,8,0.0,0.0,8,0.26666666666666666,0.26666666666666666,15,0.0,0.0,15,0.0,0.0,15
2,REFERENCE,A2,DISABLED,evaluation,positive,4,1,0.0,0.0,4,0.0,0.0,4,1.0,1.0,4,,,0,0.0,0.0,4,,,0,,,0,0.0,0.0,4,0.0,0.0,4,0.0,0.0,4,1.0,1.0,4,0.0,0.0,4
2,REFERENCE,A2,DISABLED,fit,H,20,4,0.0,0.0,20,0.0,0.0,20,1.0,1.0,20,0.0,0.0,20,0.0,0.0,20,,,0,,,0,0.0,0.0,20,0.0,0.0,20,0.0,0.0,20,0.95,0.95,20,0.0,0.0,20
2,REFERENCE,A2,DISABLED,fit,U,16,16,0.3125,0.3125,16,0.0,0.0,16,1.0,1.0,16,0.0,0.0,16,0.3125,0.3125,16,1.0,1.0,5,0.0,0.0,5,0.0,0.0,11,0.0,0.0,11,0.1875,0.1875,16,0.0,0.0,16,0.0,0.0,16
2,REFERENCE,A2,DISABLED,fit,positive,5,1,0.0,0.0,5,0.0,0.0,5,1.0,1.0,5,,,0,0.0,0.0,5,,,0,,,0,0.0,0.0,5,0.0,0.0,5,0.0,0.0,5,1.0,1.0,5,0.0,0.0,5
2,REFERENCE,A2,DISABLED,formal_development,T1G,4,4,0.0,0.0,4,0.0,0.0,4,1.0,1.0,4,,,0,0.0,0.0,4,,,0,,,0,0.0,0.0,4,0.0,0.0,4,0.0,0.0,4,0.25,0.25,4,0.0,0.0,4
2,REFERENCE,A2,DISABLED,formal_development,T2G,4,1,0.0,0.0,4,0.0,0.0,4,1.0,1.0,4,,,0,0.0,0.0,4,,,0,,,0,0.0,0.0,4,0.0,0.0,4,0.0,0.0,4,1.0,1.0,4,0.0,0.0,4
2,REFERENCE,A2,DISABLED,native,positive,1,1,0.0,0.0,1,0.0,0.0,1,1.0,1.0,1,,,0,0.0,0.0,1,,,0,,,0,0.0,0.0,1,0.0,0.0,1,0.0,0.0,1,1.0,1.0,1,0.0,0.0,1
2,REFERENCE,A2,FIXED_ROUTER,calibration,H,16,4,0.0,0.0,16,0.0,0.0,16,1.0,1.0,16,0.0,0.0,16,0.0,0.0,16,,,0,,,0,0.0,0.0,16,0.0,0.0,16,0.0,0.0,16,0.0,0.0,16,0.0,0.0,16
2,REFERENCE,A2,FIXED_ROUTER,calibration,U,16,16,0.3125,0.3125,16,0.0,0.0,16,1.0,1.0,16,0.0,0.0,16,0.3125,0.3125,16,1.0,1.0,5,0.0,0.0,5,0.0,0.0,11,0.0,0.0,11,0.125,0.125,16,0.0,0.0,16,0.0,0.0,16
2,REFERENCE,A2,FIXED_ROUTER,calibration,positive,4,1,1.0,1.0,4,1.0,1.0,4,0.0,0.0,4,,,0,0.0,0.0,4,,,0,,,0,1.0,1.0,4,1.0,1.0,4,1.0,1.0,4,1.0,1.0,4,0.0,0.0,4
2,REFERENCE,A2,FIXED_ROUTER,challenge,same_image_other_fact_challenge,2,1,0.0,0.0,2,0.0,0.0,2,1.0,1.0,2,0.0,0.0,2,0.0,0.0,2,,,0,,,0,0.0,0.0,2,0.0,0.0,2,0.0,0.0,2,0.0,0.0,2,0.0,0.0,2
2,REFERENCE,A2,FIXED_ROUTER,evaluation,H,20,5,0.0,0.0,20,0.0,0.0,20,0.6,0.6,20,0.07841272130608559,0.07841272130608559,20,0.0,0.0,20,,,0,,,0,0.0,0.0,20,0.4,0.4,20,0.3,0.3,20,0.4,0.4,20,0.0,0.0,20
2,REFERENCE,A2,FIXED_ROUTER,evaluation,U,15,15,0.4666666666666667,0.4666666666666667,15,0.0,0.0,15,1.0,1.0,15,0.0,0.0,15,0.4666666666666667,0.4666666666666667,15,1.0,1.0,7,0.0,0.0,7,0.0,0.0,8,0.0,0.0,8,0.26666666666666666,0.26666666666666666,15,0.0,0.0,15,0.0,0.0,15
2,REFERENCE,A2,FIXED_ROUTER,evaluation,positive,4,1,1.0,1.0,4,1.0,1.0,4,0.0,0.0,4,,,0,0.0,0.0,4,,,0,,,0,1.0,1.0,4,1.0,1.0,4,1.0,1.0,4,1.0,1.0,4,0.0,0.0,4
2,REFERENCE,A2,FIXED_ROUTER,fit,H,20,4,0.0,0.0,20,0.0,0.0,20,0.05,0.05,20,0.19883935227990152,0.19883935227990152,20,0.0,0.0,20,,,0,,,0,0.0,0.0,20,0.95,0.95,20,0.95,0.95,20,0.95,0.95,20,0.0,0.0,20
2,REFERENCE,A2,FIXED_ROUTER,fit,U,16,16,0.3125,0.3125,16,0.0,0.0,16,1.0,1.0,16,0.0,0.0,16,0.3125,0.3125,16,1.0,1.0,5,0.0,0.0,5,0.0,0.0,11,0.0,0.0,11,0.1875,0.1875,16,0.0,0.0,16,0.0,0.0,16
2,REFERENCE,A2,FIXED_ROUTER,fit,positive,5,1,1.0,1.0,5,1.0,1.0,5,0.0,0.0,5,,,0,0.0,0.0,5,,,0,,,0,1.0,1.0,5,1.0,1.0,5,1.0,1.0,5,1.0,1.0,5,0.0,0.0,5
2,REFERENCE,A2,FIXED_ROUTER,formal_development,T1G,4,4,0.25,0.25,4,0.25,0.25,4,0.75,0.75,4,,,0,0.0,0.0,4,,,0,,,0,0.25,0.25,4,0.25,0.25,4,0.25,0.25,4,0.25,0.25,4,0.0,0.0,4
2,REFERENCE,A2,FIXED_ROUTER,formal_development,T2G,4,1,1.0,1.0,4,0.75,0.75,4,0.0,0.0,4,,,0,0.0,0.0,4,,,0,,,0,1.0,1.0,4,1.0,1.0,4,1.0,1.0,4,1.0,1.0,4,0.0,0.0,4
2,REFERENCE,A2,FIXED_ROUTER,native,positive,1,1,1.0,1.0,1,1.0,1.0,1,0.0,0.0,1,,,0,0.0,0.0,1,,,0,,,0,1.0,1.0,1,1.0,1.0,1,1.0,1.0,1,1.0,1.0,1,0.0,0.0,1
2,REFERENCE,A2,FORCED_ON,calibration,H,16,4,0.1875,0.1875,16,0.0,0.0,16,0.0,0.0,16,0.2593145649880171,0.2593145649880171,16,0.0,0.0,16,,,0,,,0,0.1875,0.1875,16,1.0,1.0,16,1.0,1.0,16,0.0,0.0,16,0.0,0.0,16
2,REFERENCE,A2,FORCED_ON,calibration,U,16,16,0.375,0.375,16,0.0,0.0,16,0.0625,0.0625,16,0.04535580019000918,0.04535580019000918,16,0.3125,0.3125,16,1.0,1.0,5,0.0,0.0,5,0.09090909090909091,0.09090909090909091,11,1.0,1.0,11,0.0625,0.0625,16,0.0,0.0,16,0.0,0.0,16
2,REFERENCE,A2,FORCED_ON,calibration,positive,4,1,1.0,1.0,4,1.0,1.0,4,0.0,0.0,4,,,0,0.0,0.0,4,,,0,,,0,1.0,1.0,4,1.0,1.0,4,1.0,1.0,4,1.0,1.0,4,0.0,0.0,4
2,REFERENCE,A2,FORCED_ON,challenge,same_image_other_fact_challenge,2,1,0.5,0.5,2,0.0,0.0,2,0.0,0.0,2,0.051870571449398994,0.051870571449398994,2,0.0,0.0,2,,,0,,,0,0.5,0.5,2,1.0,1.0,2,0.0,0.0,2,0.0,0.0,2,0.0,0.0,2
2,REFERENCE,A2,FORCED_ON,evaluation,H,20,5,0.2,0.2,20,0.0,0.0,20,0.0,0.0,20,0.22165024578571318,0.22165024578571318,20,0.0,0.0,20,,,0,,,0,0.2,0.2,20,1.0,1.0,20,0.9,0.9,20,0.4,0.4,20,0.0,0.0,20
2,REFERENCE,A2,FORCED_ON,evaluation,U,15,15,0.3333333333333333,0.3333333333333333,15,0.0,0.0,15,0.2,0.2,15,0.04958472761015097,0.04958472761015097,15,0.4666666666666667,0.4666666666666667,15,0.5714285714285714,0.5714285714285714,7,0.42857142857142855,0.42857142857142855,7,0.125,0.125,8,0.875,0.875,8,0.13333333333333333,0.13333333333333333,15,0.0,0.0,15,0.0,0.0,15
2,REFERENCE,A2,FORCED_ON,evaluation,positive,4,1,1.0,1.0,4,1.0,1.0,4,0.0,0.0,4,,,0,0.0,0.0,4,,,0,,,0,1.0,1.0,4,1.0,1.0,4,1.0,1.0,4,1.0,1.0,4,0.0,0.0,4
2,REFERENCE,A2,FORCED_ON,fit,H,20,4,0.0,0.0,20,0.0,0.0,20,0.0,0.0,20,0.20952726900577545,0.20952726900577545,20,0.0,0.0,20,,,0,,,0,0.0,0.0,20,1.0,1.0,20,1.0,1.0,20,0.95,0.95,20,0.0,0.0,20
2,REFERENCE,A2,FORCED_ON,fit,U,16,16,0.4375,0.4375,16,0.0,0.0,16,0.0,0.0,16,0.03768953122198582,0.03768953122198582,16,0.3125,0.3125,16,1.0,1.0,5,0.0,0.0,5,0.18181818181818182,0.18181818181818182,11,1.0,1.0,11,0.125,0.125,16,0.0,0.0,16,0.0,0.0,16
2,REFERENCE,A2,FORCED_ON,fit,positive,5,1,1.0,1.0,5,1.0,1.0,5,0.0,0.0,5,,,0,0.0,0.0,5,,,0,,,0,1.0,1.0,5,1.0,1.0,5,1.0,1.0,5,1.0,1.0,5,0.0,0.0,5
2,REFERENCE,A2,FORCED_ON,formal_development,T1G,4,4,1.0,1.0,4,1.0,1.0,4,0.0,0.0,4,,,0,0.0,0.0,4,,,0,,,0,1.0,1.0,4,1.0,1.0,4,1.0,1.0,4,0.25,0.25,4,0.0,0.0,4
2,REFERENCE,A2,FORCED_ON,formal_development,T2G,4,1,1.0,1.0,4,0.75,0.75,4,0.0,0.0,4,,,0,0.0,0.0,4,,,0,,,0,1.0,1.0,4,1.0,1.0,4,1.0,1.0,4,1.0,1.0,4,0.0,0.0,4
2,REFERENCE,A2,FORCED_ON,native,positive,1,1,1.0,1.0,1,1.0,1.0,1,0.0,0.0,1,,,0,0.0,0.0,1,,,0,,,0,1.0,1.0,1,1.0,1.0,1,1.0,1.0,1,1.0,1.0,1,0.0,0.0,1
3,L16,W0_TASK_ONLY,DISABLED,calibration,H,16,4,0.25,0.25,16,0.0,0.0,16,1.0,1.0,16,0.0,0.0,16,0.25,0.25,16,1.0,1.0,4,0.0,0.0,4,0.0,0.0,12,0.0,0.0,12,0.0,0.0,16,0.0,0.0,16,0.0,0.0,16
3,L16,W0_TASK_ONLY,DISABLED,calibration,U,16,16,0.1875,0.1875,16,0.0,0.0,16,1.0,1.0,16,0.0,0.0,16,0.1875,0.1875,16,1.0,1.0,3,0.0,0.0,3,0.0,0.0,13,0.0,0.0,13,0.125,0.125,16,0.0,0.0,16,0.0,0.0,16
3,L16,W0_TASK_ONLY,DISABLED,calibration,positive,4,1,0.0,0.0,4,0.0,0.0,4,1.0,1.0,4,,,0,0.0,0.0,4,,,0,,,0,0.0,0.0,4,0.0,0.0,4,0.0,0.0,4,1.0,1.0,4,0.0,0.0,4
3,L16,W0_TASK_ONLY,DISABLED,evaluation,H,20,5,0.0,0.0,20,0.0,0.0,20,1.0,1.0,20,0.0,0.0,20,0.0,0.0,20,,,0,,,0,0.0,0.0,20,0.0,0.0,20,0.0,0.0,20,0.0,0.0,20,0.0,0.0,20
3,L16,W0_TASK_ONLY,DISABLED,evaluation,U,15,15,0.26666666666666666,0.26666666666666666,15,0.0,0.0,15,1.0,1.0,15,0.0,0.0,15,0.26666666666666666,0.26666666666666666,15,1.0,1.0,4,0.0,0.0,4,0.0,0.0,11,0.0,0.0,11,0.06666666666666667,0.06666666666666667,15,0.0,0.0,15,0.0,0.0,15
3,L16,W0_TASK_ONLY,DISABLED,evaluation,positive,4,1,0.0,0.0,4,0.0,0.0,4,1.0,1.0,4,,,0,0.0,0.0,4,,,0,,,0,0.0,0.0,4,0.0,0.0,4,0.0,0.0,4,1.0,1.0,4,0.0,0.0,4
3,L16,W0_TASK_ONLY,DISABLED,fit,H,20,4,0.0,0.0,20,0.0,0.0,20,1.0,1.0,20,0.0,0.0,20,0.0,0.0,20,,,0,,,0,0.0,0.0,20,0.0,0.0,20,0.0,0.0,20,0.0,0.0,20,0.0,0.0,20
3,L16,W0_TASK_ONLY,DISABLED,fit,U,16,16,0.125,0.125,16,0.0,0.0,16,1.0,1.0,16,0.0,0.0,16,0.125,0.125,16,1.0,1.0,2,0.0,0.0,2,0.0,0.0,14,0.0,0.0,14,0.125,0.125,16,0.0,0.0,16,0.0,0.0,16
3,L16,W0_TASK_ONLY,DISABLED,fit,positive,5,1,0.0,0.0,5,0.0,0.0,5,1.0,1.0,5,,,0,0.0,0.0,5,,,0,,,0,0.0,0.0,5,0.0,0.0,5,0.0,0.0,5,1.0,1.0,5,0.0,0.0,5
3,L16,W0_TASK_ONLY,DISABLED,formal_development,T1G,4,4,0.0,0.0,4,0.0,0.0,4,1.0,1.0,4,,,0,0.0,0.0,4,,,0,,,0,0.0,0.0,4,0.0,0.0,4,0.0,0.0,4,0.75,0.75,4,0.0,0.0,4
3,L16,W0_TASK_ONLY,DISABLED,formal_development,T1L,5,5,0.6,0.6,5,0.0,0.0,5,1.0,1.0,5,,,0,0.6,0.6,5,1.0,1.0,3,0.0,0.0,3,0.0,0.0,2,0.0,0.0,2,0.0,0.0,5,0.4,0.4,5,0.0,0.0,5
3,L16,W0_TASK_ONLY,DISABLED,formal_development,T2G,3,1,0.0,0.0,3,0.0,0.0,3,1.0,1.0,3,,,0,0.0,0.0,3,,,0,,,0,0.0,0.0,3,0.0,0.0,3,0.0,0.0,3,0.3333333333333333,0.3333333333333333,3,0.0,0.0,3
3,L16,W0_TASK_ONLY,DISABLED,native,positive,1,1,0.0,0.0,1,0.0,0.0,1,1.0,1.0,1,,,0,0.0,0.0,1,,,0,,,0,0.0,0.0,1,0.0,0.0,1,0.0,0.0,1,1.0,1.0,1,0.0,0.0,1
3,L16,W0_TASK_ONLY,FIXED_ROUTER,calibration,H,16,4,0.25,0.25,16,0.0,0.0,16,1.0,1.0,16,0.0,0.0,16,0.25,0.25,16,1.0,1.0,4,0.0,0.0,4,0.0,0.0,12,0.0,0.0,12,0.0,0.0,16,0.0,0.0,16,0.0,0.0,16
3,L16,W0_TASK_ONLY,FIXED_ROUTER,calibration,U,16,16,0.1875,0.1875,16,0.0,0.0,16,1.0,1.0,16,0.0,0.0,16,0.1875,0.1875,16,1.0,1.0,3,0.0,0.0,3,0.0,0.0,13,0.0,0.0,13,0.125,0.125,16,0.0,0.0,16,0.0,0.0,16
3,L16,W0_TASK_ONLY,FIXED_ROUTER,calibration,positive,4,1,1.0,1.0,4,1.0,1.0,4,0.0,0.0,4,,,0,0.0,0.0,4,,,0,,,0,1.0,1.0,4,1.0,1.0,4,1.0,1.0,4,1.0,1.0,4,0.0,0.0,4
3,L16,W0_TASK_ONLY,FIXED_ROUTER,evaluation,H,20,5,0.0,0.0,20,0.0,0.0,20,1.0,1.0,20,0.0,0.0,20,0.0,0.0,20,,,0,,,0,0.0,0.0,20,0.0,0.0,20,0.0,0.0,20,0.0,0.0,20,0.0,0.0,20
3,L16,W0_TASK_ONLY,FIXED_ROUTER,evaluation,U,15,15,0.26666666666666666,0.26666666666666666,15,0.0,0.0,15,1.0,1.0,15,0.0,0.0,15,0.26666666666666666,0.26666666666666666,15,1.0,1.0,4,0.0,0.0,4,0.0,0.0,11,0.0,0.0,11,0.06666666666666667,0.06666666666666667,15,0.0,0.0,15,0.0,0.0,15
3,L16,W0_TASK_ONLY,FIXED_ROUTER,evaluation,positive,4,1,1.0,1.0,4,1.0,1.0,4,0.0,0.0,4,,,0,0.0,0.0,4,,,0,,,0,1.0,1.0,4,1.0,1.0,4,1.0,1.0,4,1.0,1.0,4,0.0,0.0,4
3,L16,W0_TASK_ONLY,FIXED_ROUTER,fit,H,20,4,0.0,0.0,20,0.0,0.0,20,1.0,1.0,20,0.0,0.0,20,0.0,0.0,20,,,0,,,0,0.0,0.0,20,0.0,0.0,20,0.0,0.0,20,0.0,0.0,20,0.0,0.0,20
3,L16,W0_TASK_ONLY,FIXED_ROUTER,fit,U,16,16,0.125,0.125,16,0.0,0.0,16,1.0,1.0,16,0.0,0.0,16,0.125,0.125,16,1.0,1.0,2,0.0,0.0,2,0.0,0.0,14,0.0,0.0,14,0.125,0.125,16,0.0,0.0,16,0.0,0.0,16
3,L16,W0_TASK_ONLY,FIXED_ROUTER,fit,positive,5,1,1.0,1.0,5,1.0,1.0,5,0.0,0.0,5,,,0,0.0,0.0,5,,,0,,,0,1.0,1.0,5,1.0,1.0,5,1.0,1.0,5,1.0,1.0,5,0.0,0.0,5
3,L16,W0_TASK_ONLY,FIXED_ROUTER,formal_development,T1G,4,4,0.75,0.75,4,0.75,0.75,4,0.25,0.25,4,,,0,0.0,0.0,4,,,0,,,0,0.75,0.75,4,0.75,0.75,4,0.75,0.75,4,0.75,0.75,4,0.0,0.0,4
3,L16,W0_TASK_ONLY,FIXED_ROUTER,formal_development,T1L,5,5,0.4,0.4,5,0.0,0.0,5,0.6,0.6,5,,,0,0.6,0.6,5,0.6666666666666666,0.6666666666666666,3,0.3333333333333333,0.3333333333333333,3,0.0,0.0,2,0.5,0.5,2,0.4,0.4,5,0.4,0.4,5,0.0,0.0,5
3,L16,W0_TASK_ONLY,FIXED_ROUTER,formal_development,T2G,3,1,0.3333333333333333,0.3333333333333333,3,0.3333333333333333,0.3333333333333333,3,0.6666666666666666,0.6666666666666666,3,,,0,0.0,0.0,3,,,0,,,0,0.3333333333333333,0.3333333333333333,3,0.3333333333333333,0.3333333333333333,3,0.3333333333333333,0.3333333333333333,3,0.3333333333333333,0.3333333333333333,3,0.0,0.0,3
3,L16,W0_TASK_ONLY,FIXED_ROUTER,native,positive,1,1,1.0,1.0,1,1.0,1.0,1,0.0,0.0,1,,,0,0.0,0.0,1,,,0,,,0,1.0,1.0,1,1.0,1.0,1,1.0,1.0,1,1.0,1.0,1,0.0,0.0,1
3,L16,W0_TASK_ONLY,FORCED_ON,calibration,H,16,4,0.25,0.25,16,0.0,0.0,16,0.0,0.0,16,0.9821462295949459,0.9821462295949459,16,0.25,0.25,16,1.0,1.0,4,0.0,0.0,4,0.0,0.0,12,1.0,1.0,12,0.1875,0.1875,16,0.0,0.0,16,0.0,0.0,16
3,L16,W0_TASK_ONLY,FORCED_ON,calibration,U,16,16,0.0,0.0,16,0.0,0.0,16,0.125,0.125,16,0.05310652407933958,0.05310652407933958,16,0.1875,0.1875,16,0.0,0.0,3,1.0,1.0,3,0.0,0.0,13,0.8461538461538461,0.8461538461538461,13,0.0625,0.0625,16,0.0,0.0,16,0.0,0.0,16
3,L16,W0_TASK_ONLY,FORCED_ON,calibration,positive,4,1,1.0,1.0,4,1.0,1.0,4,0.0,0.0,4,,,0,0.0,0.0,4,,,0,,,0,1.0,1.0,4,1.0,1.0,4,1.0,1.0,4,1.0,1.0,4,0.0,0.0,4
3,L16,W0_TASK_ONLY,FORCED_ON,evaluation,H,20,5,0.0,0.0,20,0.0,0.0,20,0.0,0.0,20,1.1615475356578826,1.1615475356578826,20,0.0,0.0,20,,,0,,,0,0.0,0.0,20,1.0,1.0,20,0.8,0.8,20,0.0,0.0,20,0.0,0.0,20
3,L16,W0_TASK_ONLY,FORCED_ON,evaluation,U,15,15,0.13333333333333333,0.13333333333333333,15,0.0,0.0,15,0.13333333333333333,0.13333333333333333,15,0.05666256283099453,0.05666256283099453,15,0.26666666666666666,0.26666666666666666,15,0.5,0.5,4,0.5,0.5,4,0.0,0.0,11,0.9090909090909091,0.9090909090909091,11,0.06666666666666667,0.06666666666666667,15,0.0,0.0,15,0.0,0.0,15
3,L16,W0_TASK_ONLY,FORCED_ON,evaluation,positive,4,1,1.0,1.0,4,1.0,1.0,4,0.0,0.0,4,,,0,0.0,0.0,4,,,0,,,0,1.0,1.0,4,1.0,1.0,4,1.0,1.0,4,1.0,1.0,4,0.0,0.0,4
3,L16,W0_TASK_ONLY,FORCED_ON,fit,H,20,4,0.0,0.0,20,0.0,0.0,20,0.0,0.0,20,0.9982130378484726,0.9982130378484726,20,0.0,0.0,20,,,0,,,0,0.0,0.0,20,1.0,1.0,20,0.25,0.25,20,0.0,0.0,20,0.0,0.0,20
3,L16,W0_TASK_ONLY,FORCED_ON,fit,U,16,16,0.25,0.25,16,0.0,0.0,16,0.1875,0.1875,16,0.036057304649148136,0.036057304649148136,16,0.125,0.125,16,1.0,1.0,2,0.0,0.0,2,0.14285714285714285,0.14285714285714285,14,0.8571428571428571,0.8571428571428571,14,0.0625,0.0625,16,0.0,0.0,16,0.0,0.0,16
3,L16,W0_TASK_ONLY,FORCED_ON,fit,positive,5,1,1.0,1.0,5,1.0,1.0,5,0.0,0.0,5,,,0,0.0,0.0,5,,,0,,,0,1.0,1.0,5,1.0,1.0,5,1.0,1.0,5,1.0,1.0,5,0.0,0.0,5
3,L16,W0_TASK_ONLY,FORCED_ON,formal_development,T1G,4,4,1.0,1.0,4,1.0,1.0,4,0.0,0.0,4,,,0,0.0,0.0,4,,,0,,,0,1.0,1.0,4,1.0,1.0,4,1.0,1.0,4,0.75,0.75,4,0.0,0.0,4
3,L16,W0_TASK_ONLY,FORCED_ON,formal_development,T1L,5,5,0.0,0.0,5,0.0,0.0,5,0.0,0.0,5,,,0,0.6,0.6,5,0.0,0.0,3,1.0,1.0,3,0.0,0.0,2,1.0,1.0,2,1.0,1.0,5,0.4,0.4,5,0.0,0.0,5
3,L16,W0_TASK_ONLY,FORCED_ON,formal_development,T2G,3,1,0.6666666666666666,0.6666666666666666,3,0.6666666666666666,0.6666666666666666,3,0.0,0.0,3,,,0,0.0,0.0,3,,,0,,,0,0.6666666666666666,0.6666666666666666,3,1.0,1.0,3,0.6666666666666666,0.6666666666666666,3,0.3333333333333333,0.3333333333333333,3,0.0,0.0,3
3,L16,W0_TASK_ONLY,FORCED_ON,native,positive,1,1,1.0,1.0,1,1.0,1.0,1,0.0,0.0,1,,,0,0.0,0.0,1,,,0,,,0,1.0,1.0,1,1.0,1.0,1,1.0,1.0,1,1.0,1.0,1,0.0,0.0,1
3,L16,W1_KL_0.1,DISABLED,calibration,H,16,4,0.25,0.25,16,0.0,0.0,16,1.0,1.0,16,0.0,0.0,16,0.25,0.25,16,1.0,1.0,4,0.0,0.0,4,0.0,0.0,12,0.0,0.0,12,0.0,0.0,16,0.0,0.0,16,0.0,0.0,16
3,L16,W1_KL_0.1,DISABLED,calibration,U,16,16,0.1875,0.1875,16,0.0,0.0,16,1.0,1.0,16,0.0,0.0,16,0.1875,0.1875,16,1.0,1.0,3,0.0,0.0,3,0.0,0.0,13,0.0,0.0,13,0.125,0.125,16,0.0,0.0,16,0.0,0.0,16
3,L16,W1_KL_0.1,DISABLED,calibration,positive,4,1,0.0,0.0,4,0.0,0.0,4,1.0,1.0,4,,,0,0.0,0.0,4,,,0,,,0,0.0,0.0,4,0.0,0.0,4,0.0,0.0,4,1.0,1.0,4,0.0,0.0,4
3,L16,W1_KL_0.1,DISABLED,evaluation,H,20,5,0.0,0.0,20,0.0,0.0,20,1.0,1.0,20,0.0,0.0,20,0.0,0.0,20,,,0,,,0,0.0,0.0,20,0.0,0.0,20,0.0,0.0,20,0.0,0.0,20,0.0,0.0,20
3,L16,W1_KL_0.1,DISABLED,evaluation,U,15,15,0.26666666666666666,0.26666666666666666,15,0.0,0.0,15,1.0,1.0,15,0.0,0.0,15,0.26666666666666666,0.26666666666666666,15,1.0,1.0,4,0.0,0.0,4,0.0,0.0,11,0.0,0.0,11,0.06666666666666667,0.06666666666666667,15,0.0,0.0,15,0.0,0.0,15
3,L16,W1_KL_0.1,DISABLED,evaluation,positive,4,1,0.0,0.0,4,0.0,0.0,4,1.0,1.0,4,,,0,0.0,0.0,4,,,0,,,0,0.0,0.0,4,0.0,0.0,4,0.0,0.0,4,1.0,1.0,4,0.0,0.0,4
3,L16,W1_KL_0.1,DISABLED,fit,H,20,4,0.0,0.0,20,0.0,0.0,20,1.0,1.0,20,0.0,0.0,20,0.0,0.0,20,,,0,,,0,0.0,0.0,20,0.0,0.0,20,0.0,0.0,20,0.0,0.0,20,0.0,0.0,20
3,L16,W1_KL_0.1,DISABLED,fit,U,16,16,0.125,0.125,16,0.0,0.0,16,1.0,1.0,16,0.0,0.0,16,0.125,0.125,16,1.0,1.0,2,0.0,0.0,2,0.0,0.0,14,0.0,0.0,14,0.125,0.125,16,0.0,0.0,16,0.0,0.0,16
3,L16,W1_KL_0.1,DISABLED,fit,positive,5,1,0.0,0.0,5,0.0,0.0,5,1.0,1.0,5,,,0,0.0,0.0,5,,,0,,,0,0.0,0.0,5,0.0,0.0,5,0.0,0.0,5,1.0,1.0,5,0.0,0.0,5
3,L16,W1_KL_0.1,DISABLED,formal_development,T1G,4,4,0.0,0.0,4,0.0,0.0,4,1.0,1.0,4,,,0,0.0,0.0,4,,,0,,,0,0.0,0.0,4,0.0,0.0,4,0.0,0.0,4,0.75,0.75,4,0.0,0.0,4
3,L16,W1_KL_0.1,DISABLED,formal_development,T1L,5,5,0.6,0.6,5,0.0,0.0,5,1.0,1.0,5,,,0,0.6,0.6,5,1.0,1.0,3,0.0,0.0,3,0.0,0.0,2,0.0,0.0,2,0.0,0.0,5,0.4,0.4,5,0.0,0.0,5
3,L16,W1_KL_0.1,DISABLED,formal_development,T2G,3,1,0.0,0.0,3,0.0,0.0,3,1.0,1.0,3,,,0,0.0,0.0,3,,,0,,,0,0.0,0.0,3,0.0,0.0,3,0.0,0.0,3,0.3333333333333333,0.3333333333333333,3,0.0,0.0,3
3,L16,W1_KL_0.1,DISABLED,native,positive,1,1,0.0,0.0,1,0.0,0.0,1,1.0,1.0,1,,,0,0.0,0.0,1,,,0,,,0,0.0,0.0,1,0.0,0.0,1,0.0,0.0,1,1.0,1.0,1,0.0,0.0,1
3,L16,W1_KL_0.1,FIXED_ROUTER,calibration,H,16,4,0.25,0.25,16,0.0,0.0,16,1.0,1.0,16,0.0,0.0,16,0.25,0.25,16,1.0,1.0,4,0.0,0.0,4,0.0,0.0,12,0.0,0.0,12,0.0,0.0,16,0.0,0.0,16,0.0,0.0,16
3,L16,W1_KL_0.1,FIXED_ROUTER,calibration,U,16,16,0.1875,0.1875,16,0.0,0.0,16,1.0,1.0,16,0.0,0.0,16,0.1875,0.1875,16,1.0,1.0,3,0.0,0.0,3,0.0,0.0,13,0.0,0.0,13,0.125,0.125,16,0.0,0.0,16,0.0,0.0,16
3,L16,W1_KL_0.1,FIXED_ROUTER,calibration,positive,4,1,1.0,1.0,4,1.0,1.0,4,0.0,0.0,4,,,0,0.0,0.0,4,,,0,,,0,1.0,1.0,4,1.0,1.0,4,1.0,1.0,4,1.0,1.0,4,0.0,0.0,4
3,L16,W1_KL_0.1,FIXED_ROUTER,evaluation,H,20,5,0.0,0.0,20,0.0,0.0,20,1.0,1.0,20,0.0,0.0,20,0.0,0.0,20,,,0,,,0,0.0,0.0,20,0.0,0.0,20,0.0,0.0,20,0.0,0.0,20,0.0,0.0,20
3,L16,W1_KL_0.1,FIXED_ROUTER,evaluation,U,15,15,0.26666666666666666,0.26666666666666666,15,0.0,0.0,15,1.0,1.0,15,0.0,0.0,15,0.26666666666666666,0.26666666666666666,15,1.0,1.0,4,0.0,0.0,4,0.0,0.0,11,0.0,0.0,11,0.06666666666666667,0.06666666666666667,15,0.0,0.0,15,0.0,0.0,15
3,L16,W1_KL_0.1,FIXED_ROUTER,evaluation,positive,4,1,1.0,1.0,4,1.0,1.0,4,0.0,0.0,4,,,0,0.0,0.0,4,,,0,,,0,1.0,1.0,4,1.0,1.0,4,1.0,1.0,4,1.0,1.0,4,0.0,0.0,4
3,L16,W1_KL_0.1,FIXED_ROUTER,fit,H,20,4,0.0,0.0,20,0.0,0.0,20,1.0,1.0,20,0.0,0.0,20,0.0,0.0,20,,,0,,,0,0.0,0.0,20,0.0,0.0,20,0.0,0.0,20,0.0,0.0,20,0.0,0.0,20
3,L16,W1_KL_0.1,FIXED_ROUTER,fit,U,16,16,0.125,0.125,16,0.0,0.0,16,1.0,1.0,16,0.0,0.0,16,0.125,0.125,16,1.0,1.0,2,0.0,0.0,2,0.0,0.0,14,0.0,0.0,14,0.125,0.125,16,0.0,0.0,16,0.0,0.0,16
3,L16,W1_KL_0.1,FIXED_ROUTER,fit,positive,5,1,1.0,1.0,5,1.0,1.0,5,0.0,0.0,5,,,0,0.0,0.0,5,,,0,,,0,1.0,1.0,5,1.0,1.0,5,1.0,1.0,5,1.0,1.0,5,0.0,0.0,5
3,L16,W1_KL_0.1,FIXED_ROUTER,formal_development,T1G,4,4,0.75,0.75,4,0.75,0.75,4,0.25,0.25,4,,,0,0.0,0.0,4,,,0,,,0,0.75,0.75,4,0.75,0.75,4,0.75,0.75,4,0.75,0.75,4,0.0,0.0,4
3,L16,W1_KL_0.1,FIXED_ROUTER,formal_development,T1L,5,5,0.4,0.4,5,0.0,0.0,5,0.6,0.6,5,,,0,0.6,0.6,5,0.6666666666666666,0.6666666666666666,3,0.3333333333333333,0.3333333333333333,3,0.0,0.0,2,0.5,0.5,2,0.4,0.4,5,0.4,0.4,5,0.0,0.0,5
3,L16,W1_KL_0.1,FIXED_ROUTER,formal_development,T2G,3,1,0.0,0.0,3,0.0,0.0,3,0.6666666666666666,0.6666666666666666,3,,,0,0.0,0.0,3,,,0,,,0,0.0,0.0,3,0.3333333333333333,0.3333333333333333,3,0.0,0.0,3,0.3333333333333333,0.3333333333333333,3,0.0,0.0,3
3,L16,W1_KL_0.1,FIXED_ROUTER,native,positive,1,1,1.0,1.0,1,1.0,1.0,1,0.0,0.0,1,,,0,0.0,0.0,1,,,0,,,0,1.0,1.0,1,1.0,1.0,1,1.0,1.0,1,1.0,1.0,1,0.0,0.0,1
3,L16,W1_KL_0.1,FORCED_ON,calibration,H,16,4,0.3125,0.3125,16,0.0,0.0,16,0.8125,0.8125,16,0.010003224482716178,0.010003224482716178,16,0.25,0.25,16,1.0,1.0,4,0.0,0.0,4,0.08333333333333333,0.08333333333333333,12,0.25,0.25,12,0.0,0.0,16,0.0,0.0,16,0.0,0.0,16
3,L16,W1_KL_0.1,FORCED_ON,calibration,U,16,16,0.3125,0.3125,16,0.0,0.0,16,0.5,0.5,16,0.003078241948969662,0.003078241948969662,16,0.1875,0.1875,16,1.0,1.0,3,0.0,0.0,3,0.15384615384615385,0.15384615384615385,13,0.46153846153846156,0.46153846153846156,13,0.125,0.125,16,0.0,0.0,16,0.0,0.0,16
3,L16,W1_KL_0.1,FORCED_ON,calibration,positive,4,1,1.0,1.0,4,1.0,1.0,4,0.0,0.0,4,,,0,0.0,0.0,4,,,0,,,0,1.0,1.0,4,1.0,1.0,4,1.0,1.0,4,1.0,1.0,4,0.0,0.0,4
3,L16,W1_KL_0.1,FORCED_ON,evaluation,H,20,5,0.0,0.0,20,0.0,0.0,20,0.45,0.45,20,0.14197155411820858,0.14197155411820858,20,0.0,0.0,20,,,0,,,0,0.0,0.0,20,0.55,0.55,20,0.5,0.5,20,0.0,0.0,20,0.0,0.0,20
3,L16,W1_KL_0.1,FORCED_ON,evaluation,U,15,15,0.3333333333333333,0.3333333333333333,15,0.0,0.0,15,0.26666666666666666,0.26666666666666666,15,0.003726383418931315,0.003726383418931315,15,0.26666666666666666,0.26666666666666666,15,1.0,1.0,4,0.0,0.0,4,0.09090909090909091,0.09090909090909091,11,0.8181818181818182,0.8181818181818182,11,0.06666666666666667,0.06666666666666667,15,0.0,0.0,15,0.0,0.0,15
3,L16,W1_KL_0.1,FORCED_ON,evaluation,positive,4,1,1.0,1.0,4,1.0,1.0,4,0.0,0.0,4,,,0,0.0,0.0,4,,,0,,,0,1.0,1.0,4,1.0,1.0,4,1.0,1.0,4,1.0,1.0,4,0.0,0.0,4
3,L16,W1_KL_0.1,FORCED_ON,fit,H,20,4,0.0,0.0,20,0.0,0.0,20,1.0,1.0,20,0.0005577365620411,0.0005577365620411002,20,0.0,0.0,20,,,0,,,0,0.0,0.0,20,0.0,0.0,20,0.0,0.0,20,0.0,0.0,20,0.0,0.0,20
3,L16,W1_KL_0.1,FORCED_ON,fit,U,16,16,0.125,0.125,16,0.0,0.0,16,0.625,0.625,16,0.0005881364281776769,0.0005881364281776769,16,0.125,0.125,16,1.0,1.0,2,0.0,0.0,2,0.0,0.0,14,0.42857142857142855,0.42857142857142855,14,0.0,0.0,16,0.0,0.0,16,0.0,0.0,16
3,L16,W1_KL_0.1,FORCED_ON,fit,positive,5,1,1.0,1.0,5,1.0,1.0,5,0.0,0.0,5,,,0,0.0,0.0,5,,,0,,,0,1.0,1.0,5,1.0,1.0,5,1.0,1.0,5,1.0,1.0,5,0.0,0.0,5
3,L16,W1_KL_0.1,FORCED_ON,formal_development,T1G,4,4,1.0,1.0,4,1.0,1.0,4,0.0,0.0,4,,,0,0.0,0.0,4,,,0,,,0,1.0,1.0,4,1.0,1.0,4,1.0,1.0,4,0.75,0.75,4,0.0,0.0,4
3,L16,W1_KL_0.1,FORCED_ON,formal_development,T1L,5,5,0.2,0.2,5,0.0,0.0,5,0.2,0.2,5,,,0,0.6,0.6,5,0.3333333333333333,0.3333333333333333,3,0.6666666666666666,0.6666666666666666,3,0.0,0.0,2,1.0,1.0,2,0.8,0.8,5,0.4,0.4,5,0.0,0.0,5
3,L16,W1_KL_0.1,FORCED_ON,formal_development,T2G,3,1,0.0,0.0,3,0.0,0.0,3,0.0,0.0,3,,,0,0.0,0.0,3,,,0,,,0,0.0,0.0,3,1.0,1.0,3,0.0,0.0,3,0.3333333333333333,0.3333333333333333,3,0.0,0.0,3
3,L16,W1_KL_0.1,FORCED_ON,native,positive,1,1,1.0,1.0,1,1.0,1.0,1,0.0,0.0,1,,,0,0.0,0.0,1,,,0,,,0,1.0,1.0,1,1.0,1.0,1,1.0,1.0,1,1.0,1.0,1,0.0,0.0,1
3,L16,W1_KL_1,DISABLED,calibration,H,16,4,0.25,0.25,16,0.0,0.0,16,1.0,1.0,16,0.0,0.0,16,0.25,0.25,16,1.0,1.0,4,0.0,0.0,4,0.0,0.0,12,0.0,0.0,12,0.0,0.0,16,0.0,0.0,16,0.0,0.0,16
3,L16,W1_KL_1,DISABLED,calibration,U,16,16,0.1875,0.1875,16,0.0,0.0,16,1.0,1.0,16,0.0,0.0,16,0.1875,0.1875,16,1.0,1.0,3,0.0,0.0,3,0.0,0.0,13,0.0,0.0,13,0.125,0.125,16,0.0,0.0,16,0.0,0.0,16
3,L16,W1_KL_1,DISABLED,calibration,positive,4,1,0.0,0.0,4,0.0,0.0,4,1.0,1.0,4,,,0,0.0,0.0,4,,,0,,,0,0.0,0.0,4,0.0,0.0,4,0.0,0.0,4,1.0,1.0,4,0.0,0.0,4
3,L16,W1_KL_1,DISABLED,evaluation,H,20,5,0.0,0.0,20,0.0,0.0,20,1.0,1.0,20,0.0,0.0,20,0.0,0.0,20,,,0,,,0,0.0,0.0,20,0.0,0.0,20,0.0,0.0,20,0.0,0.0,20,0.0,0.0,20
3,L16,W1_KL_1,DISABLED,evaluation,U,15,15,0.26666666666666666,0.26666666666666666,15,0.0,0.0,15,1.0,1.0,15,0.0,0.0,15,0.26666666666666666,0.26666666666666666,15,1.0,1.0,4,0.0,0.0,4,0.0,0.0,11,0.0,0.0,11,0.06666666666666667,0.06666666666666667,15,0.0,0.0,15,0.0,0.0,15
3,L16,W1_KL_1,DISABLED,evaluation,positive,4,1,0.0,0.0,4,0.0,0.0,4,1.0,1.0,4,,,0,0.0,0.0,4,,,0,,,0,0.0,0.0,4,0.0,0.0,4,0.0,0.0,4,1.0,1.0,4,0.0,0.0,4
3,L16,W1_KL_1,DISABLED,fit,H,20,4,0.0,0.0,20,0.0,0.0,20,1.0,1.0,20,0.0,0.0,20,0.0,0.0,20,,,0,,,0,0.0,0.0,20,0.0,0.0,20,0.0,0.0,20,0.0,0.0,20,0.0,0.0,20
3,L16,W1_KL_1,DISABLED,fit,U,16,16,0.125,0.125,16,0.0,0.0,16,1.0,1.0,16,0.0,0.0,16,0.125,0.125,16,1.0,1.0,2,0.0,0.0,2,0.0,0.0,14,0.0,0.0,14,0.125,0.125,16,0.0,0.0,16,0.0,0.0,16
3,L16,W1_KL_1,DISABLED,fit,positive,5,1,0.0,0.0,5,0.0,0.0,5,1.0,1.0,5,,,0,0.0,0.0,5,,,0,,,0,0.0,0.0,5,0.0,0.0,5,0.0,0.0,5,1.0,1.0,5,0.0,0.0,5
3,L16,W1_KL_1,DISABLED,formal_development,T1G,4,4,0.0,0.0,4,0.0,0.0,4,1.0,1.0,4,,,0,0.0,0.0,4,,,0,,,0,0.0,0.0,4,0.0,0.0,4,0.0,0.0,4,0.75,0.75,4,0.0,0.0,4
3,L16,W1_KL_1,DISABLED,formal_development,T1L,5,5,0.6,0.6,5,0.0,0.0,5,1.0,1.0,5,,,0,0.6,0.6,5,1.0,1.0,3,0.0,0.0,3,0.0,0.0,2,0.0,0.0,2,0.0,0.0,5,0.4,0.4,5,0.0,0.0,5
3,L16,W1_KL_1,DISABLED,formal_development,T2G,3,1,0.0,0.0,3,0.0,0.0,3,1.0,1.0,3,,,0,0.0,0.0,3,,,0,,,0,0.0,0.0,3,0.0,0.0,3,0.0,0.0,3,0.3333333333333333,0.3333333333333333,3,0.0,0.0,3
3,L16,W1_KL_1,DISABLED,native,positive,1,1,0.0,0.0,1,0.0,0.0,1,1.0,1.0,1,,,0,0.0,0.0,1,,,0,,,0,0.0,0.0,1,0.0,0.0,1,0.0,0.0,1,1.0,1.0,1,0.0,0.0,1
3,L16,W1_KL_1,FIXED_ROUTER,calibration,H,16,4,0.25,0.25,16,0.0,0.0,16,1.0,1.0,16,0.0,0.0,16,0.25,0.25,16,1.0,1.0,4,0.0,0.0,4,0.0,0.0,12,0.0,0.0,12,0.0,0.0,16,0.0,0.0,16,0.0,0.0,16
3,L16,W1_KL_1,FIXED_ROUTER,calibration,U,16,16,0.1875,0.1875,16,0.0,0.0,16,1.0,1.0,16,0.0,0.0,16,0.1875,0.1875,16,1.0,1.0,3,0.0,0.0,3,0.0,0.0,13,0.0,0.0,13,0.125,0.125,16,0.0,0.0,16,0.0,0.0,16
3,L16,W1_KL_1,FIXED_ROUTER,calibration,positive,4,1,1.0,1.0,4,1.0,1.0,4,0.0,0.0,4,,,0,0.0,0.0,4,,,0,,,0,1.0,1.0,4,1.0,1.0,4,1.0,1.0,4,1.0,1.0,4,0.0,0.0,4
3,L16,W1_KL_1,FIXED_ROUTER,evaluation,H,20,5,0.0,0.0,20,0.0,0.0,20,1.0,1.0,20,0.0,0.0,20,0.0,0.0,20,,,0,,,0,0.0,0.0,20,0.0,0.0,20,0.0,0.0,20,0.0,0.0,20,0.0,0.0,20
3,L16,W1_KL_1,FIXED_ROUTER,evaluation,U,15,15,0.26666666666666666,0.26666666666666666,15,0.0,0.0,15,1.0,1.0,15,0.0,0.0,15,0.26666666666666666,0.26666666666666666,15,1.0,1.0,4,0.0,0.0,4,0.0,0.0,11,0.0,0.0,11,0.06666666666666667,0.06666666666666667,15,0.0,0.0,15,0.0,0.0,15
3,L16,W1_KL_1,FIXED_ROUTER,evaluation,positive,4,1,1.0,1.0,4,1.0,1.0,4,0.0,0.0,4,,,0,0.0,0.0,4,,,0,,,0,1.0,1.0,4,1.0,1.0,4,1.0,1.0,4,1.0,1.0,4,0.0,0.0,4
3,L16,W1_KL_1,FIXED_ROUTER,fit,H,20,4,0.0,0.0,20,0.0,0.0,20,1.0,1.0,20,0.0,0.0,20,0.0,0.0,20,,,0,,,0,0.0,0.0,20,0.0,0.0,20,0.0,0.0,20,0.0,0.0,20,0.0,0.0,20
3,L16,W1_KL_1,FIXED_ROUTER,fit,U,16,16,0.125,0.125,16,0.0,0.0,16,1.0,1.0,16,0.0,0.0,16,0.125,0.125,16,1.0,1.0,2,0.0,0.0,2,0.0,0.0,14,0.0,0.0,14,0.125,0.125,16,0.0,0.0,16,0.0,0.0,16
3,L16,W1_KL_1,FIXED_ROUTER,fit,positive,5,1,1.0,1.0,5,1.0,1.0,5,0.0,0.0,5,,,0,0.0,0.0,5,,,0,,,0,1.0,1.0,5,1.0,1.0,5,1.0,1.0,5,1.0,1.0,5,0.0,0.0,5
3,L16,W1_KL_1,FIXED_ROUTER,formal_development,T1G,4,4,0.75,0.75,4,0.75,0.75,4,0.25,0.25,4,,,0,0.0,0.0,4,,,0,,,0,0.75,0.75,4,0.75,0.75,4,0.75,0.75,4,0.75,0.75,4,0.0,0.0,4
3,L16,W1_KL_1,FIXED_ROUTER,formal_development,T1L,5,5,0.4,0.4,5,0.0,0.0,5,0.6,0.6,5,,,0,0.6,0.6,5,0.6666666666666666,0.6666666666666666,3,0.3333333333333333,0.3333333333333333,3,0.0,0.0,2,0.5,0.5,2,0.4,0.4,5,0.4,0.4,5,0.0,0.0,5
3,L16,W1_KL_1,FIXED_ROUTER,formal_development,T2G,3,1,0.0,0.0,3,0.0,0.0,3,0.6666666666666666,0.6666666666666666,3,,,0,0.0,0.0,3,,,0,,,0,0.0,0.0,3,0.3333333333333333,0.3333333333333333,3,0.0,0.0,3,0.3333333333333333,0.3333333333333333,3,0.0,0.0,3
3,L16,W1_KL_1,FIXED_ROUTER,native,positive,1,1,1.0,1.0,1,1.0,1.0,1,0.0,0.0,1,,,0,0.0,0.0,1,,,0,,,0,1.0,1.0,1,1.0,1.0,1,1.0,1.0,1,1.0,1.0,1,0.0,0.0,1
3,L16,W1_KL_1,FORCED_ON,calibration,H,16,4,0.3125,0.3125,16,0.0,0.0,16,0.8125,0.8125,16,0.016634518441605906,0.016634518441605906,16,0.25,0.25,16,1.0,1.0,4,0.0,0.0,4,0.08333333333333333,0.08333333333333333,12,0.25,0.25,12,0.0,0.0,16,0.0,0.0,16,0.0,0.0,16
3,L16,W1_KL_1,FORCED_ON,calibration,U,16,16,0.25,0.25,16,0.0,0.0,16,0.4375,0.4375,16,0.0027570840939006303,0.0027570840939006303,16,0.1875,0.1875,16,0.6666666666666666,0.6666666666666666,3,0.3333333333333333,0.3333333333333333,3,0.15384615384615385,0.15384615384615385,13,0.5384615384615384,0.5384615384615384,13,0.125,0.125,16,0.0,0.0,16,0.0,0.0,16
3,L16,W1_KL_1,FORCED_ON,calibration,positive,4,1,1.0,1.0,4,1.0,1.0,4,0.0,0.0,4,,,0,0.0,0.0,4,,,0,,,0,1.0,1.0,4,1.0,1.0,4,1.0,1.0,4,1.0,1.0,4,0.0,0.0,4
3,L16,W1_KL_1,FORCED_ON,evaluation,H,20,5,0.0,0.0,20,0.0,0.0,20,0.35,0.35,20,0.18380333059467374,0.18380333059467374,20,0.0,0.0,20,,,0,,,0,0.0,0.0,20,0.65,0.65,20,0.6,0.6,20,0.0,0.0,20,0.0,0.0,20
3,L16,W1_KL_1,FORCED_ON,evaluation,U,15,15,0.4,0.4,15,0.0,0.0,15,0.4,0.4,15,0.006314655932753036,0.006314655932753036,15,0.26666666666666666,0.26666666666666666,15,1.0,1.0,4,0.0,0.0,4,0.18181818181818182,0.18181818181818182,11,0.7272727272727273,0.7272727272727273,11,0.06666666666666667,0.06666666666666667,15,0.0,0.0,15,0.0,0.0,15
3,L16,W1_KL_1,FORCED_ON,evaluation,positive,4,1,1.0,1.0,4,1.0,1.0,4,0.0,0.0,4,,,0,0.0,0.0,4,,,0,,,0,1.0,1.0,4,1.0,1.0,4,1.0,1.0,4,1.0,1.0,4,0.0,0.0,4
3,L16,W1_KL_1,FORCED_ON,fit,H,20,4,0.0,0.0,20,0.0,0.0,20,0.95,0.95,20,0.005374327394383726,0.005374327394383727,20,0.0,0.0,20,,,0,,,0,0.0,0.0,20,0.05,0.05,20,0.05,0.05,20,0.0,0.0,20,0.0,0.0,20
3,L16,W1_KL_1,FORCED_ON,fit,U,16,16,0.125,0.125,16,0.0,0.0,16,0.4375,0.4375,16,0.003996724979970168,0.003996724979970168,16,0.125,0.125,16,1.0,1.0,2,0.0,0.0,2,0.0,0.0,14,0.6428571428571429,0.6428571428571429,14,0.125,0.125,16,0.0,0.0,16,0.0,0.0,16
3,L16,W1_KL_1,FORCED_ON,fit,positive,5,1,1.0,1.0,5,1.0,1.0,5,0.0,0.0,5,,,0,0.0,0.0,5,,,0,,,0,1.0,1.0,5,1.0,1.0,5,1.0,1.0,5,1.0,1.0,5,0.0,0.0,5
3,L16,W1_KL_1,FORCED_ON,formal_development,T1G,4,4,1.0,1.0,4,1.0,1.0,4,0.0,0.0,4,,,0,0.0,0.0,4,,,0,,,0,1.0,1.0,4,1.0,1.0,4,1.0,1.0,4,0.75,0.75,4,0.0,0.0,4
3,L16,W1_KL_1,FORCED_ON,formal_development,T1L,5,5,0.0,0.0,5,0.0,0.0,5,0.0,0.0,5,,,0,0.6,0.6,5,0.0,0.0,3,1.0,1.0,3,0.0,0.0,2,1.0,1.0,2,1.0,1.0,5,0.4,0.4,5,0.0,0.0,5
3,L16,W1_KL_1,FORCED_ON,formal_development,T2G,3,1,0.0,0.0,3,0.0,0.0,3,0.3333333333333333,0.3333333333333333,3,,,0,0.0,0.0,3,,,0,,,0,0.0,0.0,3,0.6666666666666666,0.6666666666666666,3,0.0,0.0,3,0.3333333333333333,0.3333333333333333,3,0.0,0.0,3
3,L16,W1_KL_1,FORCED_ON,native,positive,1,1,1.0,1.0,1,1.0,1.0,1,0.0,0.0,1,,,0,0.0,0.0,1,,,0,,,0,1.0,1.0,1,1.0,1.0,1,1.0,1.0,1,1.0,1.0,1,0.0,0.0,1
3,L16,W1_KL_10,DISABLED,calibration,H,16,4,0.25,0.25,16,0.0,0.0,16,1.0,1.0,16,0.0,0.0,16,0.25,0.25,16,1.0,1.0,4,0.0,0.0,4,0.0,0.0,12,0.0,0.0,12,0.0,0.0,16,0.0,0.0,16,0.0,0.0,16
3,L16,W1_KL_10,DISABLED,calibration,U,16,16,0.1875,0.1875,16,0.0,0.0,16,1.0,1.0,16,0.0,0.0,16,0.1875,0.1875,16,1.0,1.0,3,0.0,0.0,3,0.0,0.0,13,0.0,0.0,13,0.125,0.125,16,0.0,0.0,16,0.0,0.0,16
3,L16,W1_KL_10,DISABLED,calibration,positive,4,1,0.0,0.0,4,0.0,0.0,4,1.0,1.0,4,,,0,0.0,0.0,4,,,0,,,0,0.0,0.0,4,0.0,0.0,4,0.0,0.0,4,1.0,1.0,4,0.0,0.0,4
3,L16,W1_KL_10,DISABLED,evaluation,H,20,5,0.0,0.0,20,0.0,0.0,20,1.0,1.0,20,0.0,0.0,20,0.0,0.0,20,,,0,,,0,0.0,0.0,20,0.0,0.0,20,0.0,0.0,20,0.0,0.0,20,0.0,0.0,20
3,L16,W1_KL_10,DISABLED,evaluation,U,15,15,0.26666666666666666,0.26666666666666666,15,0.0,0.0,15,1.0,1.0,15,0.0,0.0,15,0.26666666666666666,0.26666666666666666,15,1.0,1.0,4,0.0,0.0,4,0.0,0.0,11,0.0,0.0,11,0.06666666666666667,0.06666666666666667,15,0.0,0.0,15,0.0,0.0,15
3,L16,W1_KL_10,DISABLED,evaluation,positive,4,1,0.0,0.0,4,0.0,0.0,4,1.0,1.0,4,,,0,0.0,0.0,4,,,0,,,0,0.0,0.0,4,0.0,0.0,4,0.0,0.0,4,1.0,1.0,4,0.0,0.0,4
3,L16,W1_KL_10,DISABLED,fit,H,20,4,0.0,0.0,20,0.0,0.0,20,1.0,1.0,20,0.0,0.0,20,0.0,0.0,20,,,0,,,0,0.0,0.0,20,0.0,0.0,20,0.0,0.0,20,0.0,0.0,20,0.0,0.0,20
3,L16,W1_KL_10,DISABLED,fit,U,16,16,0.125,0.125,16,0.0,0.0,16,1.0,1.0,16,0.0,0.0,16,0.125,0.125,16,1.0,1.0,2,0.0,0.0,2,0.0,0.0,14,0.0,0.0,14,0.125,0.125,16,0.0,0.0,16,0.0,0.0,16
3,L16,W1_KL_10,DISABLED,fit,positive,5,1,0.0,0.0,5,0.0,0.0,5,1.0,1.0,5,,,0,0.0,0.0,5,,,0,,,0,0.0,0.0,5,0.0,0.0,5,0.0,0.0,5,1.0,1.0,5,0.0,0.0,5
3,L16,W1_KL_10,DISABLED,formal_development,T1G,4,4,0.0,0.0,4,0.0,0.0,4,1.0,1.0,4,,,0,0.0,0.0,4,,,0,,,0,0.0,0.0,4,0.0,0.0,4,0.0,0.0,4,0.75,0.75,4,0.0,0.0,4
3,L16,W1_KL_10,DISABLED,formal_development,T1L,5,5,0.6,0.6,5,0.0,0.0,5,1.0,1.0,5,,,0,0.6,0.6,5,1.0,1.0,3,0.0,0.0,3,0.0,0.0,2,0.0,0.0,2,0.0,0.0,5,0.4,0.4,5,0.0,0.0,5
3,L16,W1_KL_10,DISABLED,formal_development,T2G,3,1,0.0,0.0,3,0.0,0.0,3,1.0,1.0,3,,,0,0.0,0.0,3,,,0,,,0,0.0,0.0,3,0.0,0.0,3,0.0,0.0,3,0.3333333333333333,0.3333333333333333,3,0.0,0.0,3
3,L16,W1_KL_10,DISABLED,native,positive,1,1,0.0,0.0,1,0.0,0.0,1,1.0,1.0,1,,,0,0.0,0.0,1,,,0,,,0,0.0,0.0,1,0.0,0.0,1,0.0,0.0,1,1.0,1.0,1,0.0,0.0,1
3,L16,W1_KL_10,FIXED_ROUTER,calibration,H,16,4,0.25,0.25,16,0.0,0.0,16,1.0,1.0,16,0.0,0.0,16,0.25,0.25,16,1.0,1.0,4,0.0,0.0,4,0.0,0.0,12,0.0,0.0,12,0.0,0.0,16,0.0,0.0,16,0.0,0.0,16
3,L16,W1_KL_10,FIXED_ROUTER,calibration,U,16,16,0.1875,0.1875,16,0.0,0.0,16,1.0,1.0,16,0.0,0.0,16,0.1875,0.1875,16,1.0,1.0,3,0.0,0.0,3,0.0,0.0,13,0.0,0.0,13,0.125,0.125,16,0.0,0.0,16,0.0,0.0,16
3,L16,W1_KL_10,FIXED_ROUTER,calibration,positive,4,1,1.0,1.0,4,1.0,1.0,4,0.0,0.0,4,,,0,0.0,0.0,4,,,0,,,0,1.0,1.0,4,1.0,1.0,4,1.0,1.0,4,1.0,1.0,4,0.0,0.0,4
3,L16,W1_KL_10,FIXED_ROUTER,evaluation,H,20,5,0.0,0.0,20,0.0,0.0,20,1.0,1.0,20,0.0,0.0,20,0.0,0.0,20,,,0,,,0,0.0,0.0,20,0.0,0.0,20,0.0,0.0,20,0.0,0.0,20,0.0,0.0,20
3,L16,W1_KL_10,FIXED_ROUTER,evaluation,U,15,15,0.26666666666666666,0.26666666666666666,15,0.0,0.0,15,1.0,1.0,15,0.0,0.0,15,0.26666666666666666,0.26666666666666666,15,1.0,1.0,4,0.0,0.0,4,0.0,0.0,11,0.0,0.0,11,0.06666666666666667,0.06666666666666667,15,0.0,0.0,15,0.0,0.0,15
3,L16,W1_KL_10,FIXED_ROUTER,evaluation,positive,4,1,1.0,1.0,4,1.0,1.0,4,0.0,0.0,4,,,0,0.0,0.0,4,,,0,,,0,1.0,1.0,4,1.0,1.0,4,1.0,1.0,4,1.0,1.0,4,0.0,0.0,4
3,L16,W1_KL_10,FIXED_ROUTER,fit,H,20,4,0.0,0.0,20,0.0,0.0,20,1.0,1.0,20,0.0,0.0,20,0.0,0.0,20,,,0,,,0,0.0,0.0,20,0.0,0.0,20,0.0,0.0,20,0.0,0.0,20,0.0,0.0,20
3,L16,W1_KL_10,FIXED_ROUTER,fit,U,16,16,0.125,0.125,16,0.0,0.0,16,1.0,1.0,16,0.0,0.0,16,0.125,0.125,16,1.0,1.0,2,0.0,0.0,2,0.0,0.0,14,0.0,0.0,14,0.125,0.125,16,0.0,0.0,16,0.0,0.0,16
3,L16,W1_KL_10,FIXED_ROUTER,fit,positive,5,1,1.0,1.0,5,1.0,1.0,5,0.0,0.0,5,,,0,0.0,0.0,5,,,0,,,0,1.0,1.0,5,1.0,1.0,5,1.0,1.0,5,1.0,1.0,5,0.0,0.0,5
3,L16,W1_KL_10,FIXED_ROUTER,formal_development,T1G,4,4,0.75,0.75,4,0.75,0.75,4,0.25,0.25,4,,,0,0.0,0.0,4,,,0,,,0,0.75,0.75,4,0.75,0.75,4,0.75,0.75,4,0.75,0.75,4,0.0,0.0,4
3,L16,W1_KL_10,FIXED_ROUTER,formal_development,T1L,5,5,0.4,0.4,5,0.0,0.0,5,0.6,0.6,5,,,0,0.6,0.6,5,0.6666666666666666,0.6666666666666666,3,0.3333333333333333,0.3333333333333333,3,0.0,0.0,2,0.5,0.5,2,0.4,0.4,5,0.4,0.4,5,0.0,0.0,5
3,L16,W1_KL_10,FIXED_ROUTER,formal_development,T2G,3,1,0.0,0.0,3,0.0,0.0,3,1.0,1.0,3,,,0,0.0,0.0,3,,,0,,,0,0.0,0.0,3,0.0,0.0,3,0.0,0.0,3,0.3333333333333333,0.3333333333333333,3,0.0,0.0,3
3,L16,W1_KL_10,FIXED_ROUTER,native,positive,1,1,1.0,1.0,1,1.0,1.0,1,0.0,0.0,1,,,0,0.0,0.0,1,,,0,,,0,1.0,1.0,1,1.0,1.0,1,1.0,1.0,1,1.0,1.0,1,0.0,0.0,1
3,L16,W1_KL_10,FORCED_ON,calibration,H,16,4,0.25,0.25,16,0.0,0.0,16,1.0,1.0,16,0.0015590283956044004,0.0015590283956044004,16,0.25,0.25,16,1.0,1.0,4,0.0,0.0,4,0.0,0.0,12,0.0,0.0,12,0.0,0.0,16,0.0,0.0,16,0.0,0.0,16
3,L16,W1_KL_10,FORCED_ON,calibration,U,16,16,0.25,0.25,16,0.0,0.0,16,0.25,0.25,16,0.002657437418747577,0.002657437418747577,16,0.1875,0.1875,16,0.6666666666666666,0.6666666666666666,3,0.3333333333333333,0.3333333333333333,3,0.15384615384615385,0.15384615384615385,13,0.7692307692307693,0.7692307692307693,13,0.125,0.125,16,0.0,0.0,16,0.0,0.0,16
3,L16,W1_KL_10,FORCED_ON,calibration,positive,4,1,1.0,1.0,4,1.0,1.0,4,0.0,0.0,4,,,0,0.0,0.0,4,,,0,,,0,1.0,1.0,4,1.0,1.0,4,1.0,1.0,4,1.0,1.0,4,0.0,0.0,4
3,L16,W1_KL_10,FORCED_ON,evaluation,H,20,5,0.0,0.0,20,0.0,0.0,20,0.45,0.45,20,0.03695358942786697,0.03695358942786697,20,0.0,0.0,20,,,0,,,0,0.0,0.0,20,0.55,0.55,20,0.3,0.3,20,0.0,0.0,20,0.0,0.0,20
3,L16,W1_KL_10,FORCED_ON,evaluation,U,15,15,0.3333333333333333,0.3333333333333333,15,0.0,0.0,15,0.4,0.4,15,0.0031187941591876247,0.0031187941591876247,15,0.26666666666666666,0.26666666666666666,15,1.0,1.0,4,0.0,0.0,4,0.09090909090909091,0.09090909090909091,11,0.6363636363636364,0.6363636363636364,11,0.06666666666666667,0.06666666666666667,15,0.0,0.0,15,0.0,0.0,15
3,L16,W1_KL_10,FORCED_ON,evaluation,positive,4,1,1.0,1.0,4,1.0,1.0,4,0.0,0.0,4,,,0,0.0,0.0,4,,,0,,,0,1.0,1.0,4,1.0,1.0,4,1.0,1.0,4,1.0,1.0,4,0.0,0.0,4
3,L16,W1_KL_10,FORCED_ON,fit,H,20,4,0.0,0.0,20,0.0,0.0,20,0.95,0.95,20,0.00039220761900651265,0.0003922076190065127,20,0.0,0.0,20,,,0,,,0,0.0,0.0,20,0.05,0.05,20,0.0,0.0,20,0.0,0.0,20,0.0,0.0,20
3,L16,W1_KL_10,FORCED_ON,fit,U,16,16,0.1875,0.1875,16,0.0,0.0,16,0.5,0.5,16,0.0027370648977012024,0.0027370648977012024,16,0.125,0.125,16,1.0,1.0,2,0.0,0.0,2,0.07142857142857142,0.07142857142857142,14,0.5,0.5,14,0.125,0.125,16,0.0,0.0,16,0.0,0.0,16
3,L16,W1_KL_10,FORCED_ON,fit,positive,5,1,1.0,1.0,5,1.0,1.0,5,0.0,0.0,5,,,0,0.0,0.0,5,,,0,,,0,1.0,1.0,5,1.0,1.0,5,1.0,1.0,5,1.0,1.0,5,0.0,0.0,5
3,L16,W1_KL_10,FORCED_ON,formal_development,T1G,4,4,1.0,1.0,4,1.0,1.0,4,0.0,0.0,4,,,0,0.0,0.0,4,,,0,,,0,1.0,1.0,4,1.0,1.0,4,1.0,1.0,4,0.75,0.75,4,0.0,0.0,4
3,L16,W1_KL_10,FORCED_ON,formal_development,T1L,5,5,0.2,0.2,5,0.0,0.0,5,0.2,0.2,5,,,0,0.6,0.6,5,0.3333333333333333,0.3333333333333333,3,0.6666666666666666,0.6666666666666666,3,0.0,0.0,2,1.0,1.0,2,0.8,0.8,5,0.4,0.4,5,0.0,0.0,5
3,L16,W1_KL_10,FORCED_ON,formal_development,T2G,3,1,0.0,0.0,3,0.0,0.0,3,0.6666666666666666,0.6666666666666666,3,,,0,0.0,0.0,3,,,0,,,0,0.0,0.0,3,0.3333333333333333,0.3333333333333333,3,0.0,0.0,3,0.3333333333333333,0.3333333333333333,3,0.0,0.0,3
3,L16,W1_KL_10,FORCED_ON,native,positive,1,1,1.0,1.0,1,1.0,1.0,1,0.0,0.0,1,,,0,0.0,0.0,1,,,0,,,0,1.0,1.0,1,1.0,1.0,1,1.0,1.0,1,1.0,1.0,1,0.0,0.0,1
3,L16,W2_GROUP_CONSTRAINED,DISABLED,calibration,H,16,4,0.25,0.25,16,0.0,0.0,16,1.0,1.0,16,0.0,0.0,16,0.25,0.25,16,1.0,1.0,4,0.0,0.0,4,0.0,0.0,12,0.0,0.0,12,0.0,0.0,16,0.0,0.0,16,0.0,0.0,16
3,L16,W2_GROUP_CONSTRAINED,DISABLED,calibration,U,16,16,0.1875,0.1875,16,0.0,0.0,16,1.0,1.0,16,0.0,0.0,16,0.1875,0.1875,16,1.0,1.0,3,0.0,0.0,3,0.0,0.0,13,0.0,0.0,13,0.125,0.125,16,0.0,0.0,16,0.0,0.0,16
3,L16,W2_GROUP_CONSTRAINED,DISABLED,calibration,positive,4,1,0.0,0.0,4,0.0,0.0,4,1.0,1.0,4,,,0,0.0,0.0,4,,,0,,,0,0.0,0.0,4,0.0,0.0,4,0.0,0.0,4,1.0,1.0,4,0.0,0.0,4
3,L16,W2_GROUP_CONSTRAINED,DISABLED,evaluation,H,20,5,0.0,0.0,20,0.0,0.0,20,1.0,1.0,20,0.0,0.0,20,0.0,0.0,20,,,0,,,0,0.0,0.0,20,0.0,0.0,20,0.0,0.0,20,0.0,0.0,20,0.0,0.0,20
3,L16,W2_GROUP_CONSTRAINED,DISABLED,evaluation,U,15,15,0.26666666666666666,0.26666666666666666,15,0.0,0.0,15,1.0,1.0,15,0.0,0.0,15,0.26666666666666666,0.26666666666666666,15,1.0,1.0,4,0.0,0.0,4,0.0,0.0,11,0.0,0.0,11,0.06666666666666667,0.06666666666666667,15,0.0,0.0,15,0.0,0.0,15
3,L16,W2_GROUP_CONSTRAINED,DISABLED,evaluation,positive,4,1,0.0,0.0,4,0.0,0.0,4,1.0,1.0,4,,,0,0.0,0.0,4,,,0,,,0,0.0,0.0,4,0.0,0.0,4,0.0,0.0,4,1.0,1.0,4,0.0,0.0,4
3,L16,W2_GROUP_CONSTRAINED,DISABLED,fit,H,20,4,0.0,0.0,20,0.0,0.0,20,1.0,1.0,20,0.0,0.0,20,0.0,0.0,20,,,0,,,0,0.0,0.0,20,0.0,0.0,20,0.0,0.0,20,0.0,0.0,20,0.0,0.0,20
3,L16,W2_GROUP_CONSTRAINED,DISABLED,fit,U,16,16,0.125,0.125,16,0.0,0.0,16,1.0,1.0,16,0.0,0.0,16,0.125,0.125,16,1.0,1.0,2,0.0,0.0,2,0.0,0.0,14,0.0,0.0,14,0.125,0.125,16,0.0,0.0,16,0.0,0.0,16
3,L16,W2_GROUP_CONSTRAINED,DISABLED,fit,positive,5,1,0.0,0.0,5,0.0,0.0,5,1.0,1.0,5,,,0,0.0,0.0,5,,,0,,,0,0.0,0.0,5,0.0,0.0,5,0.0,0.0,5,1.0,1.0,5,0.0,0.0,5
3,L16,W2_GROUP_CONSTRAINED,DISABLED,formal_development,T1G,4,4,0.0,0.0,4,0.0,0.0,4,1.0,1.0,4,,,0,0.0,0.0,4,,,0,,,0,0.0,0.0,4,0.0,0.0,4,0.0,0.0,4,0.75,0.75,4,0.0,0.0,4
3,L16,W2_GROUP_CONSTRAINED,DISABLED,formal_development,T1L,5,5,0.6,0.6,5,0.0,0.0,5,1.0,1.0,5,,,0,0.6,0.6,5,1.0,1.0,3,0.0,0.0,3,0.0,0.0,2,0.0,0.0,2,0.0,0.0,5,0.4,0.4,5,0.0,0.0,5
3,L16,W2_GROUP_CONSTRAINED,DISABLED,formal_development,T2G,3,1,0.0,0.0,3,0.0,0.0,3,1.0,1.0,3,,,0,0.0,0.0,3,,,0,,,0,0.0,0.0,3,0.0,0.0,3,0.0,0.0,3,0.3333333333333333,0.3333333333333333,3,0.0,0.0,3
3,L16,W2_GROUP_CONSTRAINED,DISABLED,native,positive,1,1,0.0,0.0,1,0.0,0.0,1,1.0,1.0,1,,,0,0.0,0.0,1,,,0,,,0,0.0,0.0,1,0.0,0.0,1,0.0,0.0,1,1.0,1.0,1,0.0,0.0,1
3,L16,W2_GROUP_CONSTRAINED,FIXED_ROUTER,calibration,H,16,4,0.25,0.25,16,0.0,0.0,16,1.0,1.0,16,0.0,0.0,16,0.25,0.25,16,1.0,1.0,4,0.0,0.0,4,0.0,0.0,12,0.0,0.0,12,0.0,0.0,16,0.0,0.0,16,0.0,0.0,16
3,L16,W2_GROUP_CONSTRAINED,FIXED_ROUTER,calibration,U,16,16,0.1875,0.1875,16,0.0,0.0,16,1.0,1.0,16,0.0,0.0,16,0.1875,0.1875,16,1.0,1.0,3,0.0,0.0,3,0.0,0.0,13,0.0,0.0,13,0.125,0.125,16,0.0,0.0,16,0.0,0.0,16
3,L16,W2_GROUP_CONSTRAINED,FIXED_ROUTER,calibration,positive,4,1,1.0,1.0,4,1.0,1.0,4,0.0,0.0,4,,,0,0.0,0.0,4,,,0,,,0,1.0,1.0,4,1.0,1.0,4,1.0,1.0,4,1.0,1.0,4,0.0,0.0,4
3,L16,W2_GROUP_CONSTRAINED,FIXED_ROUTER,evaluation,H,20,5,0.0,0.0,20,0.0,0.0,20,1.0,1.0,20,0.0,0.0,20,0.0,0.0,20,,,0,,,0,0.0,0.0,20,0.0,0.0,20,0.0,0.0,20,0.0,0.0,20,0.0,0.0,20
3,L16,W2_GROUP_CONSTRAINED,FIXED_ROUTER,evaluation,U,15,15,0.26666666666666666,0.26666666666666666,15,0.0,0.0,15,1.0,1.0,15,0.0,0.0,15,0.26666666666666666,0.26666666666666666,15,1.0,1.0,4,0.0,0.0,4,0.0,0.0,11,0.0,0.0,11,0.06666666666666667,0.06666666666666667,15,0.0,0.0,15,0.0,0.0,15
3,L16,W2_GROUP_CONSTRAINED,FIXED_ROUTER,evaluation,positive,4,1,1.0,1.0,4,1.0,1.0,4,0.0,0.0,4,,,0,0.0,0.0,4,,,0,,,0,1.0,1.0,4,1.0,1.0,4,1.0,1.0,4,1.0,1.0,4,0.0,0.0,4
3,L16,W2_GROUP_CONSTRAINED,FIXED_ROUTER,fit,H,20,4,0.0,0.0,20,0.0,0.0,20,1.0,1.0,20,0.0,0.0,20,0.0,0.0,20,,,0,,,0,0.0,0.0,20,0.0,0.0,20,0.0,0.0,20,0.0,0.0,20,0.0,0.0,20
3,L16,W2_GROUP_CONSTRAINED,FIXED_ROUTER,fit,U,16,16,0.125,0.125,16,0.0,0.0,16,1.0,1.0,16,0.0,0.0,16,0.125,0.125,16,1.0,1.0,2,0.0,0.0,2,0.0,0.0,14,0.0,0.0,14,0.125,0.125,16,0.0,0.0,16,0.0,0.0,16
3,L16,W2_GROUP_CONSTRAINED,FIXED_ROUTER,fit,positive,5,1,1.0,1.0,5,1.0,1.0,5,0.0,0.0,5,,,0,0.0,0.0,5,,,0,,,0,1.0,1.0,5,1.0,1.0,5,1.0,1.0,5,1.0,1.0,5,0.0,0.0,5
3,L16,W2_GROUP_CONSTRAINED,FIXED_ROUTER,formal_development,T1G,4,4,0.75,0.75,4,0.75,0.75,4,0.25,0.25,4,,,0,0.0,0.0,4,,,0,,,0,0.75,0.75,4,0.75,0.75,4,0.75,0.75,4,0.75,0.75,4,0.0,0.0,4
3,L16,W2_GROUP_CONSTRAINED,FIXED_ROUTER,formal_development,T1L,5,5,0.4,0.4,5,0.0,0.0,5,0.6,0.6,5,,,0,0.6,0.6,5,0.6666666666666666,0.6666666666666666,3,0.3333333333333333,0.3333333333333333,3,0.0,0.0,2,0.5,0.5,2,0.4,0.4,5,0.4,0.4,5,0.0,0.0,5
3,L16,W2_GROUP_CONSTRAINED,FIXED_ROUTER,formal_development,T2G,3,1,0.3333333333333333,0.3333333333333333,3,0.3333333333333333,0.3333333333333333,3,0.6666666666666666,0.6666666666666666,3,,,0,0.0,0.0,3,,,0,,,0,0.3333333333333333,0.3333333333333333,3,0.3333333333333333,0.3333333333333333,3,0.3333333333333333,0.3333333333333333,3,0.3333333333333333,0.3333333333333333,3,0.0,0.0,3
3,L16,W2_GROUP_CONSTRAINED,FIXED_ROUTER,native,positive,1,1,1.0,1.0,1,1.0,1.0,1,0.0,0.0,1,,,0,0.0,0.0,1,,,0,,,0,1.0,1.0,1,1.0,1.0,1,1.0,1.0,1,1.0,1.0,1,0.0,0.0,1
3,L16,W2_GROUP_CONSTRAINED,FORCED_ON,calibration,H,16,4,0.4375,0.4375,16,0.0,0.0,16,0.0,0.0,16,0.12862843205220997,0.12862843205220997,16,0.25,0.25,16,0.75,0.75,4,0.25,0.25,4,0.3333333333333333,0.3333333333333333,12,1.0,1.0,12,0.0,0.0,16,0.0,0.0,16,0.0,0.0,16
3,L16,W2_GROUP_CONSTRAINED,FORCED_ON,calibration,U,16,16,0.25,0.25,16,0.0,0.0,16,0.25,0.25,16,0.0054814623144920915,0.0054814623144920915,16,0.1875,0.1875,16,1.0,1.0,3,0.0,0.0,3,0.07692307692307693,0.07692307692307693,13,0.8461538461538461,0.8461538461538461,13,0.125,0.125,16,0.0,0.0,16,0.0,0.0,16
3,L16,W2_GROUP_CONSTRAINED,FORCED_ON,calibration,positive,4,1,1.0,1.0,4,1.0,1.0,4,0.0,0.0,4,,,0,0.0,0.0,4,,,0,,,0,1.0,1.0,4,1.0,1.0,4,1.0,1.0,4,1.0,1.0,4,0.0,0.0,4
3,L16,W2_GROUP_CONSTRAINED,FORCED_ON,evaluation,H,20,5,0.2,0.2,20,0.0,0.0,20,0.0,0.0,20,0.4326749235391617,0.4326749235391617,20,0.0,0.0,20,,,0,,,0,0.2,0.2,20,1.0,1.0,20,0.8,0.8,20,0.0,0.0,20,0.0,0.0,20
3,L16,W2_GROUP_CONSTRAINED,FORCED_ON,evaluation,U,15,15,0.4,0.4,15,0.0,0.0,15,0.3333333333333333,0.3333333333333333,15,0.006748415952703605,0.006748415952703605,15,0.26666666666666666,0.26666666666666666,15,1.0,1.0,4,0.0,0.0,4,0.18181818181818182,0.18181818181818182,11,0.9090909090909091,0.9090909090909091,11,0.06666666666666667,0.06666666666666667,15,0.0,0.0,15,0.0,0.0,15
3,L16,W2_GROUP_CONSTRAINED,FORCED_ON,evaluation,positive,4,1,1.0,1.0,4,1.0,1.0,4,0.0,0.0,4,,,0,0.0,0.0,4,,,0,,,0,1.0,1.0,4,1.0,1.0,4,1.0,1.0,4,1.0,1.0,4,0.0,0.0,4
3,L16,W2_GROUP_CONSTRAINED,FORCED_ON,fit,H,20,4,0.0,0.0,20,0.0,0.0,20,0.2,0.2,20,0.12776765951421112,0.12776765951421112,20,0.0,0.0,20,,,0,,,0,0.0,0.0,20,0.8,0.8,20,0.25,0.25,20,0.0,0.0,20,0.0,0.0,20
3,L16,W2_GROUP_CONSTRAINED,FORCED_ON,fit,U,16,16,0.1875,0.1875,16,0.0,0.0,16,0.4375,0.4375,16,0.004562173729937058,0.004562173729937058,16,0.125,0.125,16,1.0,1.0,2,0.0,0.0,2,0.07142857142857142,0.07142857142857142,14,0.6428571428571429,0.6428571428571429,14,0.125,0.125,16,0.0,0.0,16,0.0,0.0,16
3,L16,W2_GROUP_CONSTRAINED,FORCED_ON,fit,positive,5,1,1.0,1.0,5,1.0,1.0,5,0.0,0.0,5,,,0,0.0,0.0,5,,,0,,,0,1.0,1.0,5,1.0,1.0,5,1.0,1.0,5,1.0,1.0,5,0.0,0.0,5
3,L16,W2_GROUP_CONSTRAINED,FORCED_ON,formal_development,T1G,4,4,1.0,1.0,4,1.0,1.0,4,0.0,0.0,4,,,0,0.0,0.0,4,,,0,,,0,1.0,1.0,4,1.0,1.0,4,1.0,1.0,4,0.75,0.75,4,0.0,0.0,4
3,L16,W2_GROUP_CONSTRAINED,FORCED_ON,formal_development,T1L,5,5,0.0,0.0,5,0.0,0.0,5,0.0,0.0,5,,,0,0.6,0.6,5,0.0,0.0,3,1.0,1.0,3,0.0,0.0,2,1.0,1.0,2,1.0,1.0,5,0.4,0.4,5,0.0,0.0,5
3,L16,W2_GROUP_CONSTRAINED,FORCED_ON,formal_development,T2G,3,1,0.6666666666666666,0.6666666666666666,3,0.6666666666666666,0.6666666666666666,3,0.0,0.0,3,,,0,0.0,0.0,3,,,0,,,0,0.6666666666666666,0.6666666666666666,3,1.0,1.0,3,0.6666666666666666,0.6666666666666666,3,0.3333333333333333,0.3333333333333333,3,0.0,0.0,3
3,L16,W2_GROUP_CONSTRAINED,FORCED_ON,native,positive,1,1,1.0,1.0,1,1.0,1.0,1,0.0,0.0,1,,,0,0.0,0.0,1,,,0,,,0,1.0,1.0,1,1.0,1.0,1,1.0,1.0,1,1.0,1.0,1,0.0,0.0,1
3,P4,W0_TASK_ONLY,DISABLED,calibration,H,16,4,0.25,0.25,16,0.0,0.0,16,1.0,1.0,16,0.0,0.0,16,0.25,0.25,16,1.0,1.0,4,0.0,0.0,4,0.0,0.0,12,0.0,0.0,12,0.0,0.0,16,0.0,0.0,16,0.0,0.0,16
3,P4,W0_TASK_ONLY,DISABLED,calibration,U,16,16,0.1875,0.1875,16,0.0,0.0,16,1.0,1.0,16,0.0,0.0,16,0.1875,0.1875,16,1.0,1.0,3,0.0,0.0,3,0.0,0.0,13,0.0,0.0,13,0.125,0.125,16,0.0,0.0,16,0.0,0.0,16
3,P4,W0_TASK_ONLY,DISABLED,calibration,positive,4,1,0.0,0.0,4,0.0,0.0,4,1.0,1.0,4,,,0,0.0,0.0,4,,,0,,,0,0.0,0.0,4,0.0,0.0,4,0.0,0.0,4,1.0,1.0,4,0.0,0.0,4
3,P4,W0_TASK_ONLY,DISABLED,evaluation,H,20,5,0.0,0.0,20,0.0,0.0,20,1.0,1.0,20,0.0,0.0,20,0.0,0.0,20,,,0,,,0,0.0,0.0,20,0.0,0.0,20,0.0,0.0,20,0.0,0.0,20,0.0,0.0,20
3,P4,W0_TASK_ONLY,DISABLED,evaluation,U,15,15,0.26666666666666666,0.26666666666666666,15,0.0,0.0,15,1.0,1.0,15,0.0,0.0,15,0.26666666666666666,0.26666666666666666,15,1.0,1.0,4,0.0,0.0,4,0.0,0.0,11,0.0,0.0,11,0.06666666666666667,0.06666666666666667,15,0.0,0.0,15,0.0,0.0,15
3,P4,W0_TASK_ONLY,DISABLED,evaluation,positive,4,1,0.0,0.0,4,0.0,0.0,4,1.0,1.0,4,,,0,0.0,0.0,4,,,0,,,0,0.0,0.0,4,0.0,0.0,4,0.0,0.0,4,1.0,1.0,4,0.0,0.0,4
3,P4,W0_TASK_ONLY,DISABLED,fit,H,20,4,0.0,0.0,20,0.0,0.0,20,1.0,1.0,20,0.0,0.0,20,0.0,0.0,20,,,0,,,0,0.0,0.0,20,0.0,0.0,20,0.0,0.0,20,0.0,0.0,20,0.0,0.0,20
3,P4,W0_TASK_ONLY,DISABLED,fit,U,16,16,0.125,0.125,16,0.0,0.0,16,1.0,1.0,16,0.0,0.0,16,0.125,0.125,16,1.0,1.0,2,0.0,0.0,2,0.0,0.0,14,0.0,0.0,14,0.125,0.125,16,0.0,0.0,16,0.0,0.0,16
3,P4,W0_TASK_ONLY,DISABLED,fit,positive,5,1,0.0,0.0,5,0.0,0.0,5,1.0,1.0,5,,,0,0.0,0.0,5,,,0,,,0,0.0,0.0,5,0.0,0.0,5,0.0,0.0,5,1.0,1.0,5,0.0,0.0,5
3,P4,W0_TASK_ONLY,DISABLED,formal_development,T1G,4,4,0.0,0.0,4,0.0,0.0,4,1.0,1.0,4,,,0,0.0,0.0,4,,,0,,,0,0.0,0.0,4,0.0,0.0,4,0.0,0.0,4,0.75,0.75,4,0.0,0.0,4
3,P4,W0_TASK_ONLY,DISABLED,formal_development,T1L,5,5,0.6,0.6,5,0.0,0.0,5,1.0,1.0,5,,,0,0.6,0.6,5,1.0,1.0,3,0.0,0.0,3,0.0,0.0,2,0.0,0.0,2,0.0,0.0,5,0.4,0.4,5,0.0,0.0,5
3,P4,W0_TASK_ONLY,DISABLED,formal_development,T2G,3,1,0.0,0.0,3,0.0,0.0,3,1.0,1.0,3,,,0,0.0,0.0,3,,,0,,,0,0.0,0.0,3,0.0,0.0,3,0.0,0.0,3,0.3333333333333333,0.3333333333333333,3,0.0,0.0,3
3,P4,W0_TASK_ONLY,DISABLED,native,positive,1,1,0.0,0.0,1,0.0,0.0,1,1.0,1.0,1,,,0,0.0,0.0,1,,,0,,,0,0.0,0.0,1,0.0,0.0,1,0.0,0.0,1,1.0,1.0,1,0.0,0.0,1
3,P4,W0_TASK_ONLY,FIXED_ROUTER,calibration,H,16,4,0.25,0.25,16,0.0,0.0,16,1.0,1.0,16,0.0,0.0,16,0.25,0.25,16,1.0,1.0,4,0.0,0.0,4,0.0,0.0,12,0.0,0.0,12,0.0,0.0,16,0.0,0.0,16,0.0,0.0,16
3,P4,W0_TASK_ONLY,FIXED_ROUTER,calibration,U,16,16,0.1875,0.1875,16,0.0,0.0,16,1.0,1.0,16,0.0,0.0,16,0.1875,0.1875,16,1.0,1.0,3,0.0,0.0,3,0.0,0.0,13,0.0,0.0,13,0.125,0.125,16,0.0,0.0,16,0.0,0.0,16
3,P4,W0_TASK_ONLY,FIXED_ROUTER,calibration,positive,4,1,1.0,1.0,4,1.0,1.0,4,0.0,0.0,4,,,0,0.0,0.0,4,,,0,,,0,1.0,1.0,4,1.0,1.0,4,1.0,1.0,4,1.0,1.0,4,0.0,0.0,4
3,P4,W0_TASK_ONLY,FIXED_ROUTER,evaluation,H,20,5,0.0,0.0,20,0.0,0.0,20,1.0,1.0,20,0.0,0.0,20,0.0,0.0,20,,,0,,,0,0.0,0.0,20,0.0,0.0,20,0.0,0.0,20,0.0,0.0,20,0.0,0.0,20
3,P4,W0_TASK_ONLY,FIXED_ROUTER,evaluation,U,15,15,0.26666666666666666,0.26666666666666666,15,0.0,0.0,15,1.0,1.0,15,0.0,0.0,15,0.26666666666666666,0.26666666666666666,15,1.0,1.0,4,0.0,0.0,4,0.0,0.0,11,0.0,0.0,11,0.06666666666666667,0.06666666666666667,15,0.0,0.0,15,0.0,0.0,15
3,P4,W0_TASK_ONLY,FIXED_ROUTER,evaluation,positive,4,1,1.0,1.0,4,1.0,1.0,4,0.0,0.0,4,,,0,0.0,0.0,4,,,0,,,0,1.0,1.0,4,1.0,1.0,4,1.0,1.0,4,1.0,1.0,4,0.0,0.0,4
3,P4,W0_TASK_ONLY,FIXED_ROUTER,fit,H,20,4,0.0,0.0,20,0.0,0.0,20,1.0,1.0,20,0.0,0.0,20,0.0,0.0,20,,,0,,,0,0.0,0.0,20,0.0,0.0,20,0.0,0.0,20,0.0,0.0,20,0.0,0.0,20
3,P4,W0_TASK_ONLY,FIXED_ROUTER,fit,U,16,16,0.125,0.125,16,0.0,0.0,16,1.0,1.0,16,0.0,0.0,16,0.125,0.125,16,1.0,1.0,2,0.0,0.0,2,0.0,0.0,14,0.0,0.0,14,0.125,0.125,16,0.0,0.0,16,0.0,0.0,16
3,P4,W0_TASK_ONLY,FIXED_ROUTER,fit,positive,5,1,1.0,1.0,5,1.0,1.0,5,0.0,0.0,5,,,0,0.0,0.0,5,,,0,,,0,1.0,1.0,5,1.0,1.0,5,1.0,1.0,5,1.0,1.0,5,0.0,0.0,5
3,P4,W0_TASK_ONLY,FIXED_ROUTER,formal_development,T1G,4,4,0.75,0.75,4,0.75,0.75,4,0.25,0.25,4,,,0,0.0,0.0,4,,,0,,,0,0.75,0.75,4,0.75,0.75,4,0.75,0.75,4,0.75,0.75,4,0.0,0.0,4
3,P4,W0_TASK_ONLY,FIXED_ROUTER,formal_development,T1L,5,5,0.4,0.4,5,0.0,0.0,5,0.6,0.6,5,,,0,0.6,0.6,5,0.6666666666666666,0.6666666666666666,3,0.3333333333333333,0.3333333333333333,3,0.0,0.0,2,0.5,0.5,2,0.4,0.4,5,0.4,0.4,5,0.0,0.0,5
3,P4,W0_TASK_ONLY,FIXED_ROUTER,formal_development,T2G,3,1,0.3333333333333333,0.3333333333333333,3,0.3333333333333333,0.3333333333333333,3,0.6666666666666666,0.6666666666666666,3,,,0,0.0,0.0,3,,,0,,,0,0.3333333333333333,0.3333333333333333,3,0.3333333333333333,0.3333333333333333,3,0.3333333333333333,0.3333333333333333,3,0.3333333333333333,0.3333333333333333,3,0.0,0.0,3
3,P4,W0_TASK_ONLY,FIXED_ROUTER,native,positive,1,1,1.0,1.0,1,1.0,1.0,1,0.0,0.0,1,,,0,0.0,0.0,1,,,0,,,0,1.0,1.0,1,1.0,1.0,1,1.0,1.0,1,1.0,1.0,1,0.0,0.0,1
3,P4,W0_TASK_ONLY,FORCED_ON,calibration,H,16,4,0.25,0.25,16,0.0,0.0,16,0.0,0.0,16,0.5022234413772821,0.5022234413772821,16,0.25,0.25,16,1.0,1.0,4,0.0,0.0,4,0.0,0.0,12,1.0,1.0,12,0.25,0.25,16,0.0,0.0,16,0.0,0.0,16
3,P4,W0_TASK_ONLY,FORCED_ON,calibration,U,16,16,0.25,0.25,16,0.0,0.0,16,0.3125,0.3125,16,0.025363863329403102,0.025363863329403102,16,0.1875,0.1875,16,0.6666666666666666,0.6666666666666666,3,0.3333333333333333,0.3333333333333333,3,0.15384615384615385,0.15384615384615385,13,0.6153846153846154,0.6153846153846154,13,0.0625,0.0625,16,0.0,0.0,16,0.0,0.0,16
3,P4,W0_TASK_ONLY,FORCED_ON,calibration,positive,4,1,1.0,1.0,4,1.0,1.0,4,0.0,0.0,4,,,0,0.0,0.0,4,,,0,,,0,1.0,1.0,4,1.0,1.0,4,1.0,1.0,4,1.0,1.0,4,0.0,0.0,4
3,P4,W0_TASK_ONLY,FORCED_ON,evaluation,H,20,5,0.0,0.0,20,0.0,0.0,20,0.0,0.0,20,0.6028319031000138,0.6028319031000138,20,0.0,0.0,20,,,0,,,0,0.0,0.0,20,1.0,1.0,20,1.0,1.0,20,0.0,0.0,20,0.0,0.0,20
3,P4,W0_TASK_ONLY,FORCED_ON,evaluation,U,15,15,0.26666666666666666,0.26666666666666666,15,0.0,0.0,15,0.13333333333333333,0.13333333333333333,15,0.028751465926567712,0.028751465926567712,15,0.26666666666666666,0.26666666666666666,15,0.5,0.5,4,0.5,0.5,4,0.18181818181818182,0.18181818181818182,11,0.9090909090909091,0.9090909090909091,11,0.0,0.0,15,0.0,0.0,15,0.0,0.0,15
3,P4,W0_TASK_ONLY,FORCED_ON,evaluation,positive,4,1,1.0,1.0,4,1.0,1.0,4,0.0,0.0,4,,,0,0.0,0.0,4,,,0,,,0,1.0,1.0,4,1.0,1.0,4,1.0,1.0,4,1.0,1.0,4,0.0,0.0,4
3,P4,W0_TASK_ONLY,FORCED_ON,fit,H,20,4,0.0,0.0,20,0.0,0.0,20,0.0,0.0,20,0.5250302150845527,0.5250302150845527,20,0.0,0.0,20,,,0,,,0,0.0,0.0,20,1.0,1.0,20,0.25,0.25,20,0.0,0.0,20,0.0,0.0,20
3,P4,W0_TASK_ONLY,FORCED_ON,fit,U,16,16,0.25,0.25,16,0.0,0.0,16,0.25,0.25,16,0.01847416954115033,0.01847416954115033,16,0.125,0.125,16,1.0,1.0,2,0.0,0.0,2,0.14285714285714285,0.14285714285714285,14,0.7857142857142857,0.7857142857142857,14,0.1875,0.1875,16,0.0,0.0,16,0.0,0.0,16
3,P4,W0_TASK_ONLY,FORCED_ON,fit,positive,5,1,1.0,1.0,5,1.0,1.0,5,0.0,0.0,5,,,0,0.0,0.0,5,,,0,,,0,1.0,1.0,5,1.0,1.0,5,1.0,1.0,5,1.0,1.0,5,0.0,0.0,5
3,P4,W0_TASK_ONLY,FORCED_ON,formal_development,T1G,4,4,1.0,1.0,4,1.0,1.0,4,0.0,0.0,4,,,0,0.0,0.0,4,,,0,,,0,1.0,1.0,4,1.0,1.0,4,1.0,1.0,4,0.75,0.75,4,0.0,0.0,4
3,P4,W0_TASK_ONLY,FORCED_ON,formal_development,T1L,5,5,0.0,0.0,5,0.0,0.0,5,0.0,0.0,5,,,0,0.6,0.6,5,0.0,0.0,3,1.0,1.0,3,0.0,0.0,2,1.0,1.0,2,1.0,1.0,5,0.4,0.4,5,0.0,0.0,5
3,P4,W0_TASK_ONLY,FORCED_ON,formal_development,T2G,3,1,0.6666666666666666,0.6666666666666666,3,0.6666666666666666,0.6666666666666666,3,0.0,0.0,3,,,0,0.0,0.0,3,,,0,,,0,0.6666666666666666,0.6666666666666666,3,1.0,1.0,3,0.6666666666666666,0.6666666666666666,3,0.3333333333333333,0.3333333333333333,3,0.0,0.0,3
3,P4,W0_TASK_ONLY,FORCED_ON,native,positive,1,1,1.0,1.0,1,1.0,1.0,1,0.0,0.0,1,,,0,0.0,0.0,1,,,0,,,0,1.0,1.0,1,1.0,1.0,1,1.0,1.0,1,1.0,1.0,1,0.0,0.0,1
3,P4,W1_KL_0.1,DISABLED,calibration,H,16,4,0.25,0.25,16,0.0,0.0,16,1.0,1.0,16,0.0,0.0,16,0.25,0.25,16,1.0,1.0,4,0.0,0.0,4,0.0,0.0,12,0.0,0.0,12,0.0,0.0,16,0.0,0.0,16,0.0,0.0,16
3,P4,W1_KL_0.1,DISABLED,calibration,U,16,16,0.1875,0.1875,16,0.0,0.0,16,1.0,1.0,16,0.0,0.0,16,0.1875,0.1875,16,1.0,1.0,3,0.0,0.0,3,0.0,0.0,13,0.0,0.0,13,0.125,0.125,16,0.0,0.0,16,0.0,0.0,16
3,P4,W1_KL_0.1,DISABLED,calibration,positive,4,1,0.0,0.0,4,0.0,0.0,4,1.0,1.0,4,,,0,0.0,0.0,4,,,0,,,0,0.0,0.0,4,0.0,0.0,4,0.0,0.0,4,1.0,1.0,4,0.0,0.0,4
3,P4,W1_KL_0.1,DISABLED,evaluation,H,20,5,0.0,0.0,20,0.0,0.0,20,1.0,1.0,20,0.0,0.0,20,0.0,0.0,20,,,0,,,0,0.0,0.0,20,0.0,0.0,20,0.0,0.0,20,0.0,0.0,20,0.0,0.0,20
3,P4,W1_KL_0.1,DISABLED,evaluation,U,15,15,0.26666666666666666,0.26666666666666666,15,0.0,0.0,15,1.0,1.0,15,0.0,0.0,15,0.26666666666666666,0.26666666666666666,15,1.0,1.0,4,0.0,0.0,4,0.0,0.0,11,0.0,0.0,11,0.06666666666666667,0.06666666666666667,15,0.0,0.0,15,0.0,0.0,15
3,P4,W1_KL_0.1,DISABLED,evaluation,positive,4,1,0.0,0.0,4,0.0,0.0,4,1.0,1.0,4,,,0,0.0,0.0,4,,,0,,,0,0.0,0.0,4,0.0,0.0,4,0.0,0.0,4,1.0,1.0,4,0.0,0.0,4
3,P4,W1_KL_0.1,DISABLED,fit,H,20,4,0.0,0.0,20,0.0,0.0,20,1.0,1.0,20,0.0,0.0,20,0.0,0.0,20,,,0,,,0,0.0,0.0,20,0.0,0.0,20,0.0,0.0,20,0.0,0.0,20,0.0,0.0,20
3,P4,W1_KL_0.1,DISABLED,fit,U,16,16,0.125,0.125,16,0.0,0.0,16,1.0,1.0,16,0.0,0.0,16,0.125,0.125,16,1.0,1.0,2,0.0,0.0,2,0.0,0.0,14,0.0,0.0,14,0.125,0.125,16,0.0,0.0,16,0.0,0.0,16
3,P4,W1_KL_0.1,DISABLED,fit,positive,5,1,0.0,0.0,5,0.0,0.0,5,1.0,1.0,5,,,0,0.0,0.0,5,,,0,,,0,0.0,0.0,5,0.0,0.0,5,0.0,0.0,5,1.0,1.0,5,0.0,0.0,5
3,P4,W1_KL_0.1,DISABLED,formal_development,T1G,4,4,0.0,0.0,4,0.0,0.0,4,1.0,1.0,4,,,0,0.0,0.0,4,,,0,,,0,0.0,0.0,4,0.0,0.0,4,0.0,0.0,4,0.75,0.75,4,0.0,0.0,4
3,P4,W1_KL_0.1,DISABLED,formal_development,T1L,5,5,0.6,0.6,5,0.0,0.0,5,1.0,1.0,5,,,0,0.6,0.6,5,1.0,1.0,3,0.0,0.0,3,0.0,0.0,2,0.0,0.0,2,0.0,0.0,5,0.4,0.4,5,0.0,0.0,5
3,P4,W1_KL_0.1,DISABLED,formal_development,T2G,3,1,0.0,0.0,3,0.0,0.0,3,1.0,1.0,3,,,0,0.0,0.0,3,,,0,,,0,0.0,0.0,3,0.0,0.0,3,0.0,0.0,3,0.3333333333333333,0.3333333333333333,3,0.0,0.0,3
3,P4,W1_KL_0.1,DISABLED,native,positive,1,1,0.0,0.0,1,0.0,0.0,1,1.0,1.0,1,,,0,0.0,0.0,1,,,0,,,0,0.0,0.0,1,0.0,0.0,1,0.0,0.0,1,1.0,1.0,1,0.0,0.0,1
3,P4,W1_KL_0.1,FIXED_ROUTER,calibration,H,16,4,0.25,0.25,16,0.0,0.0,16,1.0,1.0,16,0.0,0.0,16,0.25,0.25,16,1.0,1.0,4,0.0,0.0,4,0.0,0.0,12,0.0,0.0,12,0.0,0.0,16,0.0,0.0,16,0.0,0.0,16
3,P4,W1_KL_0.1,FIXED_ROUTER,calibration,U,16,16,0.1875,0.1875,16,0.0,0.0,16,1.0,1.0,16,0.0,0.0,16,0.1875,0.1875,16,1.0,1.0,3,0.0,0.0,3,0.0,0.0,13,0.0,0.0,13,0.125,0.125,16,0.0,0.0,16,0.0,0.0,16
3,P4,W1_KL_0.1,FIXED_ROUTER,calibration,positive,4,1,1.0,1.0,4,1.0,1.0,4,0.0,0.0,4,,,0,0.0,0.0,4,,,0,,,0,1.0,1.0,4,1.0,1.0,4,1.0,1.0,4,1.0,1.0,4,0.0,0.0,4
3,P4,W1_KL_0.1,FIXED_ROUTER,evaluation,H,20,5,0.0,0.0,20,0.0,0.0,20,1.0,1.0,20,0.0,0.0,20,0.0,0.0,20,,,0,,,0,0.0,0.0,20,0.0,0.0,20,0.0,0.0,20,0.0,0.0,20,0.0,0.0,20
3,P4,W1_KL_0.1,FIXED_ROUTER,evaluation,U,15,15,0.26666666666666666,0.26666666666666666,15,0.0,0.0,15,1.0,1.0,15,0.0,0.0,15,0.26666666666666666,0.26666666666666666,15,1.0,1.0,4,0.0,0.0,4,0.0,0.0,11,0.0,0.0,11,0.06666666666666667,0.06666666666666667,15,0.0,0.0,15,0.0,0.0,15
3,P4,W1_KL_0.1,FIXED_ROUTER,evaluation,positive,4,1,1.0,1.0,4,1.0,1.0,4,0.0,0.0,4,,,0,0.0,0.0,4,,,0,,,0,1.0,1.0,4,1.0,1.0,4,1.0,1.0,4,1.0,1.0,4,0.0,0.0,4
3,P4,W1_KL_0.1,FIXED_ROUTER,fit,H,20,4,0.0,0.0,20,0.0,0.0,20,1.0,1.0,20,0.0,0.0,20,0.0,0.0,20,,,0,,,0,0.0,0.0,20,0.0,0.0,20,0.0,0.0,20,0.0,0.0,20,0.0,0.0,20
3,P4,W1_KL_0.1,FIXED_ROUTER,fit,U,16,16,0.125,0.125,16,0.0,0.0,16,1.0,1.0,16,0.0,0.0,16,0.125,0.125,16,1.0,1.0,2,0.0,0.0,2,0.0,0.0,14,0.0,0.0,14,0.125,0.125,16,0.0,0.0,16,0.0,0.0,16
3,P4,W1_KL_0.1,FIXED_ROUTER,fit,positive,5,1,1.0,1.0,5,1.0,1.0,5,0.0,0.0,5,,,0,0.0,0.0,5,,,0,,,0,1.0,1.0,5,1.0,1.0,5,1.0,1.0,5,1.0,1.0,5,0.0,0.0,5
3,P4,W1_KL_0.1,FIXED_ROUTER,formal_development,T1G,4,4,0.75,0.75,4,0.75,0.75,4,0.25,0.25,4,,,0,0.0,0.0,4,,,0,,,0,0.75,0.75,4,0.75,0.75,4,0.75,0.75,4,0.75,0.75,4,0.0,0.0,4
3,P4,W1_KL_0.1,FIXED_ROUTER,formal_development,T1L,5,5,0.4,0.4,5,0.0,0.0,5,0.6,0.6,5,,,0,0.6,0.6,5,0.6666666666666666,0.6666666666666666,3,0.3333333333333333,0.3333333333333333,3,0.0,0.0,2,0.5,0.5,2,0.4,0.4,5,0.4,0.4,5,0.0,0.0,5
3,P4,W1_KL_0.1,FIXED_ROUTER,formal_development,T2G,3,1,0.0,0.0,3,0.0,0.0,3,0.6666666666666666,0.6666666666666666,3,,,0,0.0,0.0,3,,,0,,,0,0.0,0.0,3,0.3333333333333333,0.3333333333333333,3,0.0,0.0,3,0.3333333333333333,0.3333333333333333,3,0.0,0.0,3
3,P4,W1_KL_0.1,FIXED_ROUTER,native,positive,1,1,1.0,1.0,1,1.0,1.0,1,0.0,0.0,1,,,0,0.0,0.0,1,,,0,,,0,1.0,1.0,1,1.0,1.0,1,1.0,1.0,1,1.0,1.0,1,0.0,0.0,1
3,P4,W1_KL_0.1,FORCED_ON,calibration,H,16,4,0.375,0.375,16,0.0,0.0,16,0.875,0.875,16,0.023802486073691398,0.023802486073691398,16,0.25,0.25,16,1.0,1.0,4,0.0,0.0,4,0.16666666666666666,0.16666666666666666,12,0.16666666666666666,0.16666666666666666,12,0.0,0.0,16,0.0,0.0,16,0.0,0.0,16
3,P4,W1_KL_0.1,FORCED_ON,calibration,U,16,16,0.25,0.25,16,0.0,0.0,16,0.25,0.25,16,0.003452564458712004,0.003452564458712004,16,0.1875,0.1875,16,0.6666666666666666,0.6666666666666666,3,0.3333333333333333,0.3333333333333333,3,0.15384615384615385,0.15384615384615385,13,0.6923076923076923,0.6923076923076923,13,0.0625,0.0625,16,0.0,0.0,16,0.0,0.0,16
3,P4,W1_KL_0.1,FORCED_ON,calibration,positive,4,1,1.0,1.0,4,1.0,1.0,4,0.0,0.0,4,,,0,0.0,0.0,4,,,0,,,0,1.0,1.0,4,1.0,1.0,4,1.0,1.0,4,1.0,1.0,4,0.0,0.0,4
3,P4,W1_KL_0.1,FORCED_ON,evaluation,H,20,5,0.0,0.0,20,0.0,0.0,20,0.3,0.3,20,0.08310236791148781,0.08310236791148781,20,0.0,0.0,20,,,0,,,0,0.0,0.0,20,0.7,0.7,20,0.65,0.65,20,0.0,0.0,20,0.0,0.0,20
3,P4,W1_KL_0.1,FORCED_ON,evaluation,U,15,15,0.26666666666666666,0.26666666666666666,15,0.0,0.0,15,0.4,0.4,15,0.004045822091090182,0.004045822091090182,15,0.26666666666666666,0.26666666666666666,15,1.0,1.0,4,0.0,0.0,4,0.0,0.0,11,0.6363636363636364,0.6363636363636364,11,0.0,0.0,15,0.0,0.0,15,0.0,0.0,15
3,P4,W1_KL_0.1,FORCED_ON,evaluation,positive,4,1,1.0,1.0,4,1.0,1.0,4,0.0,0.0,4,,,0,0.0,0.0,4,,,0,,,0,1.0,1.0,4,1.0,1.0,4,1.0,1.0,4,1.0,1.0,4,0.0,0.0,4
3,P4,W1_KL_0.1,FORCED_ON,fit,H,20,4,0.0,0.0,20,0.0,0.0,20,0.4,0.4,20,0.046422899165190754,0.046422899165190754,20,0.0,0.0,20,,,0,,,0,0.0,0.0,20,0.6,0.6,20,0.25,0.25,20,0.0,0.0,20,0.0,0.0,20
3,P4,W1_KL_0.1,FORCED_ON,fit,U,16,16,0.125,0.125,16,0.0,0.0,16,0.375,0.375,16,0.0026728983648354188,0.0026728983648354188,16,0.125,0.125,16,1.0,1.0,2,0.0,0.0,2,0.0,0.0,14,0.6428571428571429,0.6428571428571429,14,0.125,0.125,16,0.0,0.0,16,0.0,0.0,16
3,P4,W1_KL_0.1,FORCED_ON,fit,positive,5,1,1.0,1.0,5,1.0,1.0,5,0.0,0.0,5,,,0,0.0,0.0,5,,,0,,,0,1.0,1.0,5,1.0,1.0,5,1.0,1.0,5,1.0,1.0,5,0.0,0.0,5
3,P4,W1_KL_0.1,FORCED_ON,formal_development,T1G,4,4,1.0,1.0,4,1.0,1.0,4,0.0,0.0,4,,,0,0.0,0.0,4,,,0,,,0,1.0,1.0,4,1.0,1.0,4,1.0,1.0,4,0.75,0.75,4,0.0,0.0,4
3,P4,W1_KL_0.1,FORCED_ON,formal_development,T1L,5,5,0.0,0.0,5,0.0,0.0,5,0.0,0.0,5,,,0,0.6,0.6,5,0.0,0.0,3,1.0,1.0,3,0.0,0.0,2,1.0,1.0,2,1.0,1.0,5,0.4,0.4,5,0.0,0.0,5
3,P4,W1_KL_0.1,FORCED_ON,formal_development,T2G,3,1,0.0,0.0,3,0.0,0.0,3,0.0,0.0,3,,,0,0.0,0.0,3,,,0,,,0,0.0,0.0,3,1.0,1.0,3,0.0,0.0,3,0.3333333333333333,0.3333333333333333,3,0.0,0.0,3
3,P4,W1_KL_0.1,FORCED_ON,native,positive,1,1,1.0,1.0,1,1.0,1.0,1,0.0,0.0,1,,,0,0.0,0.0,1,,,0,,,0,1.0,1.0,1,1.0,1.0,1,1.0,1.0,1,1.0,1.0,1,0.0,0.0,1
3,P4,W1_KL_1,DISABLED,calibration,H,16,4,0.25,0.25,16,0.0,0.0,16,1.0,1.0,16,0.0,0.0,16,0.25,0.25,16,1.0,1.0,4,0.0,0.0,4,0.0,0.0,12,0.0,0.0,12,0.0,0.0,16,0.0,0.0,16,0.0,0.0,16
3,P4,W1_KL_1,DISABLED,calibration,U,16,16,0.1875,0.1875,16,0.0,0.0,16,1.0,1.0,16,0.0,0.0,16,0.1875,0.1875,16,1.0,1.0,3,0.0,0.0,3,0.0,0.0,13,0.0,0.0,13,0.125,0.125,16,0.0,0.0,16,0.0,0.0,16
3,P4,W1_KL_1,DISABLED,calibration,positive,4,1,0.0,0.0,4,0.0,0.0,4,1.0,1.0,4,,,0,0.0,0.0,4,,,0,,,0,0.0,0.0,4,0.0,0.0,4,0.0,0.0,4,1.0,1.0,4,0.0,0.0,4
3,P4,W1_KL_1,DISABLED,evaluation,H,20,5,0.0,0.0,20,0.0,0.0,20,1.0,1.0,20,0.0,0.0,20,0.0,0.0,20,,,0,,,0,0.0,0.0,20,0.0,0.0,20,0.0,0.0,20,0.0,0.0,20,0.0,0.0,20
3,P4,W1_KL_1,DISABLED,evaluation,U,15,15,0.26666666666666666,0.26666666666666666,15,0.0,0.0,15,1.0,1.0,15,0.0,0.0,15,0.26666666666666666,0.26666666666666666,15,1.0,1.0,4,0.0,0.0,4,0.0,0.0,11,0.0,0.0,11,0.06666666666666667,0.06666666666666667,15,0.0,0.0,15,0.0,0.0,15
3,P4,W1_KL_1,DISABLED,evaluation,positive,4,1,0.0,0.0,4,0.0,0.0,4,1.0,1.0,4,,,0,0.0,0.0,4,,,0,,,0,0.0,0.0,4,0.0,0.0,4,0.0,0.0,4,1.0,1.0,4,0.0,0.0,4
3,P4,W1_KL_1,DISABLED,fit,H,20,4,0.0,0.0,20,0.0,0.0,20,1.0,1.0,20,0.0,0.0,20,0.0,0.0,20,,,0,,,0,0.0,0.0,20,0.0,0.0,20,0.0,0.0,20,0.0,0.0,20,0.0,0.0,20
3,P4,W1_KL_1,DISABLED,fit,U,16,16,0.125,0.125,16,0.0,0.0,16,1.0,1.0,16,0.0,0.0,16,0.125,0.125,16,1.0,1.0,2,0.0,0.0,2,0.0,0.0,14,0.0,0.0,14,0.125,0.125,16,0.0,0.0,16,0.0,0.0,16
3,P4,W1_KL_1,DISABLED,fit,positive,5,1,0.0,0.0,5,0.0,0.0,5,1.0,1.0,5,,,0,0.0,0.0,5,,,0,,,0,0.0,0.0,5,0.0,0.0,5,0.0,0.0,5,1.0,1.0,5,0.0,0.0,5
3,P4,W1_KL_1,DISABLED,formal_development,T1G,4,4,0.0,0.0,4,0.0,0.0,4,1.0,1.0,4,,,0,0.0,0.0,4,,,0,,,0,0.0,0.0,4,0.0,0.0,4,0.0,0.0,4,0.75,0.75,4,0.0,0.0,4
3,P4,W1_KL_1,DISABLED,formal_development,T1L,5,5,0.6,0.6,5,0.0,0.0,5,1.0,1.0,5,,,0,0.6,0.6,5,1.0,1.0,3,0.0,0.0,3,0.0,0.0,2,0.0,0.0,2,0.0,0.0,5,0.4,0.4,5,0.0,0.0,5
3,P4,W1_KL_1,DISABLED,formal_development,T2G,3,1,0.0,0.0,3,0.0,0.0,3,1.0,1.0,3,,,0,0.0,0.0,3,,,0,,,0,0.0,0.0,3,0.0,0.0,3,0.0,0.0,3,0.3333333333333333,0.3333333333333333,3,0.0,0.0,3
3,P4,W1_KL_1,DISABLED,native,positive,1,1,0.0,0.0,1,0.0,0.0,1,1.0,1.0,1,,,0,0.0,0.0,1,,,0,,,0,0.0,0.0,1,0.0,0.0,1,0.0,0.0,1,1.0,1.0,1,0.0,0.0,1
3,P4,W1_KL_1,FIXED_ROUTER,calibration,H,16,4,0.25,0.25,16,0.0,0.0,16,1.0,1.0,16,0.0,0.0,16,0.25,0.25,16,1.0,1.0,4,0.0,0.0,4,0.0,0.0,12,0.0,0.0,12,0.0,0.0,16,0.0,0.0,16,0.0,0.0,16
3,P4,W1_KL_1,FIXED_ROUTER,calibration,U,16,16,0.1875,0.1875,16,0.0,0.0,16,1.0,1.0,16,0.0,0.0,16,0.1875,0.1875,16,1.0,1.0,3,0.0,0.0,3,0.0,0.0,13,0.0,0.0,13,0.125,0.125,16,0.0,0.0,16,0.0,0.0,16
3,P4,W1_KL_1,FIXED_ROUTER,calibration,positive,4,1,1.0,1.0,4,1.0,1.0,4,0.0,0.0,4,,,0,0.0,0.0,4,,,0,,,0,1.0,1.0,4,1.0,1.0,4,1.0,1.0,4,1.0,1.0,4,0.0,0.0,4
3,P4,W1_KL_1,FIXED_ROUTER,evaluation,H,20,5,0.0,0.0,20,0.0,0.0,20,1.0,1.0,20,0.0,0.0,20,0.0,0.0,20,,,0,,,0,0.0,0.0,20,0.0,0.0,20,0.0,0.0,20,0.0,0.0,20,0.0,0.0,20
3,P4,W1_KL_1,FIXED_ROUTER,evaluation,U,15,15,0.26666666666666666,0.26666666666666666,15,0.0,0.0,15,1.0,1.0,15,0.0,0.0,15,0.26666666666666666,0.26666666666666666,15,1.0,1.0,4,0.0,0.0,4,0.0,0.0,11,0.0,0.0,11,0.06666666666666667,0.06666666666666667,15,0.0,0.0,15,0.0,0.0,15
3,P4,W1_KL_1,FIXED_ROUTER,evaluation,positive,4,1,1.0,1.0,4,1.0,1.0,4,0.0,0.0,4,,,0,0.0,0.0,4,,,0,,,0,1.0,1.0,4,1.0,1.0,4,1.0,1.0,4,1.0,1.0,4,0.0,0.0,4
3,P4,W1_KL_1,FIXED_ROUTER,fit,H,20,4,0.0,0.0,20,0.0,0.0,20,1.0,1.0,20,0.0,0.0,20,0.0,0.0,20,,,0,,,0,0.0,0.0,20,0.0,0.0,20,0.0,0.0,20,0.0,0.0,20,0.0,0.0,20
3,P4,W1_KL_1,FIXED_ROUTER,fit,U,16,16,0.125,0.125,16,0.0,0.0,16,1.0,1.0,16,0.0,0.0,16,0.125,0.125,16,1.0,1.0,2,0.0,0.0,2,0.0,0.0,14,0.0,0.0,14,0.125,0.125,16,0.0,0.0,16,0.0,0.0,16
3,P4,W1_KL_1,FIXED_ROUTER,fit,positive,5,1,1.0,1.0,5,1.0,1.0,5,0.0,0.0,5,,,0,0.0,0.0,5,,,0,,,0,1.0,1.0,5,1.0,1.0,5,1.0,1.0,5,1.0,1.0,5,0.0,0.0,5
3,P4,W1_KL_1,FIXED_ROUTER,formal_development,T1G,4,4,0.75,0.75,4,0.75,0.75,4,0.25,0.25,4,,,0,0.0,0.0,4,,,0,,,0,0.75,0.75,4,0.75,0.75,4,0.75,0.75,4,0.75,0.75,4,0.0,0.0,4
3,P4,W1_KL_1,FIXED_ROUTER,formal_development,T1L,5,5,0.4,0.4,5,0.0,0.0,5,0.6,0.6,5,,,0,0.6,0.6,5,0.6666666666666666,0.6666666666666666,3,0.3333333333333333,0.3333333333333333,3,0.0,0.0,2,0.5,0.5,2,0.4,0.4,5,0.4,0.4,5,0.0,0.0,5
3,P4,W1_KL_1,FIXED_ROUTER,formal_development,T2G,3,1,0.0,0.0,3,0.0,0.0,3,0.6666666666666666,0.6666666666666666,3,,,0,0.0,0.0,3,,,0,,,0,0.0,0.0,3,0.3333333333333333,0.3333333333333333,3,0.0,0.0,3,0.3333333333333333,0.3333333333333333,3,0.0,0.0,3
3,P4,W1_KL_1,FIXED_ROUTER,native,positive,1,1,1.0,1.0,1,1.0,1.0,1,0.0,0.0,1,,,0,0.0,0.0,1,,,0,,,0,1.0,1.0,1,1.0,1.0,1,1.0,1.0,1,1.0,1.0,1,0.0,0.0,1
3,P4,W1_KL_1,FORCED_ON,calibration,H,16,4,0.25,0.25,16,0.0,0.0,16,1.0,1.0,16,0.013946581690106541,0.013946581690106541,16,0.25,0.25,16,1.0,1.0,4,0.0,0.0,4,0.0,0.0,12,0.0,0.0,12,0.0,0.0,16,0.0,0.0,16,0.0,0.0,16
3,P4,W1_KL_1,FORCED_ON,calibration,U,16,16,0.25,0.25,16,0.0,0.0,16,0.3125,0.3125,16,0.002401834790362045,0.002401834790362045,16,0.1875,0.1875,16,0.6666666666666666,0.6666666666666666,3,0.3333333333333333,0.3333333333333333,3,0.15384615384615385,0.15384615384615385,13,0.6153846153846154,0.6153846153846154,13,0.0625,0.0625,16,0.0,0.0,16,0.0,0.0,16
3,P4,W1_KL_1,FORCED_ON,calibration,positive,4,1,1.0,1.0,4,1.0,1.0,4,0.0,0.0,4,,,0,0.0,0.0,4,,,0,,,0,1.0,1.0,4,1.0,1.0,4,1.0,1.0,4,1.0,1.0,4,0.0,0.0,4
3,P4,W1_KL_1,FORCED_ON,evaluation,H,20,5,0.0,0.0,20,0.0,0.0,20,0.45,0.45,20,0.045852270512841645,0.045852270512841645,20,0.0,0.0,20,,,0,,,0,0.0,0.0,20,0.55,0.55,20,0.5,0.5,20,0.0,0.0,20,0.0,0.0,20
3,P4,W1_KL_1,FORCED_ON,evaluation,U,15,15,0.26666666666666666,0.26666666666666666,15,0.0,0.0,15,0.4,0.4,15,0.002722781535703689,0.002722781535703689,15,0.26666666666666666,0.26666666666666666,15,1.0,1.0,4,0.0,0.0,4,0.0,0.0,11,0.6363636363636364,0.6363636363636364,11,0.0,0.0,15,0.0,0.0,15,0.0,0.0,15
3,P4,W1_KL_1,FORCED_ON,evaluation,positive,4,1,1.0,1.0,4,1.0,1.0,4,0.0,0.0,4,,,0,0.0,0.0,4,,,0,,,0,1.0,1.0,4,1.0,1.0,4,1.0,1.0,4,1.0,1.0,4,0.0,0.0,4
3,P4,W1_KL_1,FORCED_ON,fit,H,20,4,0.0,0.0,20,0.0,0.0,20,0.4,0.4,20,0.025407774839550257,0.025407774839550257,20,0.0,0.0,20,,,0,,,0,0.0,0.0,20,0.6,0.6,20,0.25,0.25,20,0.0,0.0,20,0.0,0.0,20
3,P4,W1_KL_1,FORCED_ON,fit,U,16,16,0.125,0.125,16,0.0,0.0,16,0.375,0.375,16,0.0017179498609039001,0.0017179498609039001,16,0.125,0.125,16,1.0,1.0,2,0.0,0.0,2,0.0,0.0,14,0.6428571428571429,0.6428571428571429,14,0.125,0.125,16,0.0,0.0,16,0.0,0.0,16
3,P4,W1_KL_1,FORCED_ON,fit,positive,5,1,1.0,1.0,5,1.0,1.0,5,0.0,0.0,5,,,0,0.0,0.0,5,,,0,,,0,1.0,1.0,5,1.0,1.0,5,1.0,1.0,5,1.0,1.0,5,0.0,0.0,5
3,P4,W1_KL_1,FORCED_ON,formal_development,T1G,4,4,1.0,1.0,4,1.0,1.0,4,0.0,0.0,4,,,0,0.0,0.0,4,,,0,,,0,1.0,1.0,4,1.0,1.0,4,1.0,1.0,4,0.75,0.75,4,0.0,0.0,4
3,P4,W1_KL_1,FORCED_ON,formal_development,T1L,5,5,0.0,0.0,5,0.0,0.0,5,0.0,0.0,5,,,0,0.6,0.6,5,0.0,0.0,3,1.0,1.0,3,0.0,0.0,2,1.0,1.0,2,1.0,1.0,5,0.4,0.4,5,0.0,0.0,5
3,P4,W1_KL_1,FORCED_ON,formal_development,T2G,3,1,0.0,0.0,3,0.0,0.0,3,0.3333333333333333,0.3333333333333333,3,,,0,0.0,0.0,3,,,0,,,0,0.0,0.0,3,0.6666666666666666,0.6666666666666666,3,0.0,0.0,3,0.3333333333333333,0.3333333333333333,3,0.0,0.0,3
3,P4,W1_KL_1,FORCED_ON,native,positive,1,1,1.0,1.0,1,1.0,1.0,1,0.0,0.0,1,,,0,0.0,0.0,1,,,0,,,0,1.0,1.0,1,1.0,1.0,1,1.0,1.0,1,1.0,1.0,1,0.0,0.0,1
3,P4,W1_KL_10,DISABLED,calibration,H,16,4,0.25,0.25,16,0.0,0.0,16,1.0,1.0,16,0.0,0.0,16,0.25,0.25,16,1.0,1.0,4,0.0,0.0,4,0.0,0.0,12,0.0,0.0,12,0.0,0.0,16,0.0,0.0,16,0.0,0.0,16
3,P4,W1_KL_10,DISABLED,calibration,U,16,16,0.1875,0.1875,16,0.0,0.0,16,1.0,1.0,16,0.0,0.0,16,0.1875,0.1875,16,1.0,1.0,3,0.0,0.0,3,0.0,0.0,13,0.0,0.0,13,0.125,0.125,16,0.0,0.0,16,0.0,0.0,16
3,P4,W1_KL_10,DISABLED,calibration,positive,4,1,0.0,0.0,4,0.0,0.0,4,1.0,1.0,4,,,0,0.0,0.0,4,,,0,,,0,0.0,0.0,4,0.0,0.0,4,0.0,0.0,4,1.0,1.0,4,0.0,0.0,4
3,P4,W1_KL_10,DISABLED,evaluation,H,20,5,0.0,0.0,20,0.0,0.0,20,1.0,1.0,20,0.0,0.0,20,0.0,0.0,20,,,0,,,0,0.0,0.0,20,0.0,0.0,20,0.0,0.0,20,0.0,0.0,20,0.0,0.0,20
3,P4,W1_KL_10,DISABLED,evaluation,U,15,15,0.26666666666666666,0.26666666666666666,15,0.0,0.0,15,1.0,1.0,15,0.0,0.0,15,0.26666666666666666,0.26666666666666666,15,1.0,1.0,4,0.0,0.0,4,0.0,0.0,11,0.0,0.0,11,0.06666666666666667,0.06666666666666667,15,0.0,0.0,15,0.0,0.0,15
3,P4,W1_KL_10,DISABLED,evaluation,positive,4,1,0.0,0.0,4,0.0,0.0,4,1.0,1.0,4,,,0,0.0,0.0,4,,,0,,,0,0.0,0.0,4,0.0,0.0,4,0.0,0.0,4,1.0,1.0,4,0.0,0.0,4
3,P4,W1_KL_10,DISABLED,fit,H,20,4,0.0,0.0,20,0.0,0.0,20,1.0,1.0,20,0.0,0.0,20,0.0,0.0,20,,,0,,,0,0.0,0.0,20,0.0,0.0,20,0.0,0.0,20,0.0,0.0,20,0.0,0.0,20
3,P4,W1_KL_10,DISABLED,fit,U,16,16,0.125,0.125,16,0.0,0.0,16,1.0,1.0,16,0.0,0.0,16,0.125,0.125,16,1.0,1.0,2,0.0,0.0,2,0.0,0.0,14,0.0,0.0,14,0.125,0.125,16,0.0,0.0,16,0.0,0.0,16
3,P4,W1_KL_10,DISABLED,fit,positive,5,1,0.0,0.0,5,0.0,0.0,5,1.0,1.0,5,,,0,0.0,0.0,5,,,0,,,0,0.0,0.0,5,0.0,0.0,5,0.0,0.0,5,1.0,1.0,5,0.0,0.0,5
3,P4,W1_KL_10,DISABLED,formal_development,T1G,4,4,0.0,0.0,4,0.0,0.0,4,1.0,1.0,4,,,0,0.0,0.0,4,,,0,,,0,0.0,0.0,4,0.0,0.0,4,0.0,0.0,4,0.75,0.75,4,0.0,0.0,4
3,P4,W1_KL_10,DISABLED,formal_development,T1L,5,5,0.6,0.6,5,0.0,0.0,5,1.0,1.0,5,,,0,0.6,0.6,5,1.0,1.0,3,0.0,0.0,3,0.0,0.0,2,0.0,0.0,2,0.0,0.0,5,0.4,0.4,5,0.0,0.0,5
3,P4,W1_KL_10,DISABLED,formal_development,T2G,3,1,0.0,0.0,3,0.0,0.0,3,1.0,1.0,3,,,0,0.0,0.0,3,,,0,,,0,0.0,0.0,3,0.0,0.0,3,0.0,0.0,3,0.3333333333333333,0.3333333333333333,3,0.0,0.0,3
3,P4,W1_KL_10,DISABLED,native,positive,1,1,0.0,0.0,1,0.0,0.0,1,1.0,1.0,1,,,0,0.0,0.0,1,,,0,,,0,0.0,0.0,1,0.0,0.0,1,0.0,0.0,1,1.0,1.0,1,0.0,0.0,1
3,P4,W1_KL_10,FIXED_ROUTER,calibration,H,16,4,0.25,0.25,16,0.0,0.0,16,1.0,1.0,16,0.0,0.0,16,0.25,0.25,16,1.0,1.0,4,0.0,0.0,4,0.0,0.0,12,0.0,0.0,12,0.0,0.0,16,0.0,0.0,16,0.0,0.0,16
3,P4,W1_KL_10,FIXED_ROUTER,calibration,U,16,16,0.1875,0.1875,16,0.0,0.0,16,1.0,1.0,16,0.0,0.0,16,0.1875,0.1875,16,1.0,1.0,3,0.0,0.0,3,0.0,0.0,13,0.0,0.0,13,0.125,0.125,16,0.0,0.0,16,0.0,0.0,16
3,P4,W1_KL_10,FIXED_ROUTER,calibration,positive,4,1,0.5,0.5,4,0.5,0.5,4,0.5,0.5,4,,,0,0.0,0.0,4,,,0,,,0,0.5,0.5,4,0.5,0.5,4,0.5,0.5,4,1.0,1.0,4,0.0,0.0,4
3,P4,W1_KL_10,FIXED_ROUTER,evaluation,H,20,5,0.0,0.0,20,0.0,0.0,20,1.0,1.0,20,0.0,0.0,20,0.0,0.0,20,,,0,,,0,0.0,0.0,20,0.0,0.0,20,0.0,0.0,20,0.0,0.0,20,0.0,0.0,20
3,P4,W1_KL_10,FIXED_ROUTER,evaluation,U,15,15,0.26666666666666666,0.26666666666666666,15,0.0,0.0,15,1.0,1.0,15,0.0,0.0,15,0.26666666666666666,0.26666666666666666,15,1.0,1.0,4,0.0,0.0,4,0.0,0.0,11,0.0,0.0,11,0.06666666666666667,0.06666666666666667,15,0.0,0.0,15,0.0,0.0,15
3,P4,W1_KL_10,FIXED_ROUTER,evaluation,positive,4,1,0.25,0.25,4,0.25,0.25,4,0.75,0.75,4,,,0,0.0,0.0,4,,,0,,,0,0.25,0.25,4,0.25,0.25,4,0.25,0.25,4,1.0,1.0,4,0.0,0.0,4
3,P4,W1_KL_10,FIXED_ROUTER,fit,H,20,4,0.0,0.0,20,0.0,0.0,20,1.0,1.0,20,0.0,0.0,20,0.0,0.0,20,,,0,,,0,0.0,0.0,20,0.0,0.0,20,0.0,0.0,20,0.0,0.0,20,0.0,0.0,20
3,P4,W1_KL_10,FIXED_ROUTER,fit,U,16,16,0.125,0.125,16,0.0,0.0,16,1.0,1.0,16,0.0,0.0,16,0.125,0.125,16,1.0,1.0,2,0.0,0.0,2,0.0,0.0,14,0.0,0.0,14,0.125,0.125,16,0.0,0.0,16,0.0,0.0,16
3,P4,W1_KL_10,FIXED_ROUTER,fit,positive,5,1,0.2,0.2,5,0.2,0.2,5,0.8,0.8,5,,,0,0.0,0.0,5,,,0,,,0,0.2,0.2,5,0.2,0.2,5,0.2,0.2,5,1.0,1.0,5,0.0,0.0,5
3,P4,W1_KL_10,FIXED_ROUTER,formal_development,T1G,4,4,0.75,0.75,4,0.75,0.75,4,0.25,0.25,4,,,0,0.0,0.0,4,,,0,,,0,0.75,0.75,4,0.75,0.75,4,0.75,0.75,4,0.75,0.75,4,0.0,0.0,4
3,P4,W1_KL_10,FIXED_ROUTER,formal_development,T1L,5,5,0.4,0.4,5,0.0,0.0,5,0.6,0.6,5,,,0,0.6,0.6,5,0.6666666666666666,0.6666666666666666,3,0.3333333333333333,0.3333333333333333,3,0.0,0.0,2,0.5,0.5,2,0.4,0.4,5,0.4,0.4,5,0.0,0.0,5
3,P4,W1_KL_10,FIXED_ROUTER,formal_development,T2G,3,1,0.0,0.0,3,0.0,0.0,3,0.6666666666666666,0.6666666666666666,3,,,0,0.0,0.0,3,,,0,,,0,0.0,0.0,3,0.3333333333333333,0.3333333333333333,3,0.0,0.0,3,0.3333333333333333,0.3333333333333333,3,0.0,0.0,3
3,P4,W1_KL_10,FIXED_ROUTER,native,positive,1,1,1.0,1.0,1,1.0,1.0,1,0.0,0.0,1,,,0,0.0,0.0,1,,,0,,,0,1.0,1.0,1,1.0,1.0,1,1.0,1.0,1,1.0,1.0,1,0.0,0.0,1
3,P4,W1_KL_10,FORCED_ON,calibration,H,16,4,0.25,0.25,16,0.0,0.0,16,1.0,1.0,16,0.011738573259208351,0.011738573259208351,16,0.25,0.25,16,1.0,1.0,4,0.0,0.0,4,0.0,0.0,12,0.0,0.0,12,0.0,0.0,16,0.0,0.0,16,0.0,0.0,16
3,P4,W1_KL_10,FORCED_ON,calibration,U,16,16,0.25,0.25,16,0.0,0.0,16,0.375,0.375,16,0.0013323053863132372,0.0013323053863132372,16,0.1875,0.1875,16,0.6666666666666666,0.6666666666666666,3,0.3333333333333333,0.3333333333333333,3,0.15384615384615385,0.15384615384615385,13,0.5384615384615384,0.5384615384615384,13,0.0625,0.0625,16,0.0,0.0,16,0.0,0.0,16
3,P4,W1_KL_10,FORCED_ON,calibration,positive,4,1,0.5,0.5,4,0.5,0.5,4,0.5,0.5,4,,,0,0.0,0.0,4,,,0,,,0,0.5,0.5,4,0.5,0.5,4,0.5,0.5,4,1.0,1.0,4,0.0,0.0,4
3,P4,W1_KL_10,FORCED_ON,evaluation,H,20,5,0.0,0.0,20,0.0,0.0,20,0.7,0.7,20,0.02435858719982207,0.02435858719982207,20,0.0,0.0,20,,,0,,,0,0.0,0.0,20,0.3,0.3,20,0.05,0.05,20,0.0,0.0,20,0.0,0.0,20
3,P4,W1_KL_10,FORCED_ON,evaluation,U,15,15,0.26666666666666666,0.26666666666666666,15,0.0,0.0,15,0.6666666666666666,0.6666666666666666,15,0.001572788702712084,0.001572788702712084,15,0.26666666666666666,0.26666666666666666,15,1.0,1.0,4,0.0,0.0,4,0.0,0.0,11,0.36363636363636365,0.36363636363636365,11,0.0,0.0,15,0.0,0.0,15,0.0,0.0,15
3,P4,W1_KL_10,FORCED_ON,evaluation,positive,4,1,0.25,0.25,4,0.25,0.25,4,0.75,0.75,4,,,0,0.0,0.0,4,,,0,,,0,0.25,0.25,4,0.25,0.25,4,0.25,0.25,4,1.0,1.0,4,0.0,0.0,4
3,P4,W1_KL_10,FORCED_ON,fit,H,20,4,0.0,0.0,20,0.0,0.0,20,0.65,0.65,20,0.010829723940696567,0.010829723940696567,20,0.0,0.0,20,,,0,,,0,0.0,0.0,20,0.35,0.35,20,0.05,0.05,20,0.0,0.0,20,0.0,0.0,20
3,P4,W1_KL_10,FORCED_ON,fit,U,16,16,0.125,0.125,16,0.0,0.0,16,0.5,0.5,16,0.0008462901096208952,0.0008462901096208952,16,0.125,0.125,16,1.0,1.0,2,0.0,0.0,2,0.0,0.0,14,0.5,0.5,14,0.125,0.125,16,0.0,0.0,16,0.0,0.0,16
3,P4,W1_KL_10,FORCED_ON,fit,positive,5,1,0.2,0.2,5,0.2,0.2,5,0.8,0.8,5,,,0,0.0,0.0,5,,,0,,,0,0.2,0.2,5,0.2,0.2,5,0.2,0.2,5,1.0,1.0,5,0.0,0.0,5
3,P4,W1_KL_10,FORCED_ON,formal_development,T1G,4,4,1.0,1.0,4,1.0,1.0,4,0.0,0.0,4,,,0,0.0,0.0,4,,,0,,,0,1.0,1.0,4,1.0,1.0,4,1.0,1.0,4,0.75,0.75,4,0.0,0.0,4
3,P4,W1_KL_10,FORCED_ON,formal_development,T1L,5,5,0.0,0.0,5,0.0,0.0,5,0.0,0.0,5,,,0,0.6,0.6,5,0.0,0.0,3,1.0,1.0,3,0.0,0.0,2,1.0,1.0,2,1.0,1.0,5,0.4,0.4,5,0.0,0.0,5
3,P4,W1_KL_10,FORCED_ON,formal_development,T2G,3,1,0.0,0.0,3,0.0,0.0,3,0.3333333333333333,0.3333333333333333,3,,,0,0.0,0.0,3,,,0,,,0,0.0,0.0,3,0.6666666666666666,0.6666666666666666,3,0.0,0.0,3,0.3333333333333333,0.3333333333333333,3,0.0,0.0,3
3,P4,W1_KL_10,FORCED_ON,native,positive,1,1,1.0,1.0,1,1.0,1.0,1,0.0,0.0,1,,,0,0.0,0.0,1,,,0,,,0,1.0,1.0,1,1.0,1.0,1,1.0,1.0,1,1.0,1.0,1,0.0,0.0,1
3,P4,W2_GROUP_CONSTRAINED,DISABLED,calibration,H,16,4,0.25,0.25,16,0.0,0.0,16,1.0,1.0,16,0.0,0.0,16,0.25,0.25,16,1.0,1.0,4,0.0,0.0,4,0.0,0.0,12,0.0,0.0,12,0.0,0.0,16,0.0,0.0,16,0.0,0.0,16
3,P4,W2_GROUP_CONSTRAINED,DISABLED,calibration,U,16,16,0.1875,0.1875,16,0.0,0.0,16,1.0,1.0,16,0.0,0.0,16,0.1875,0.1875,16,1.0,1.0,3,0.0,0.0,3,0.0,0.0,13,0.0,0.0,13,0.125,0.125,16,0.0,0.0,16,0.0,0.0,16
3,P4,W2_GROUP_CONSTRAINED,DISABLED,calibration,positive,4,1,0.0,0.0,4,0.0,0.0,4,1.0,1.0,4,,,0,0.0,0.0,4,,,0,,,0,0.0,0.0,4,0.0,0.0,4,0.0,0.0,4,1.0,1.0,4,0.0,0.0,4
3,P4,W2_GROUP_CONSTRAINED,DISABLED,evaluation,H,20,5,0.0,0.0,20,0.0,0.0,20,1.0,1.0,20,0.0,0.0,20,0.0,0.0,20,,,0,,,0,0.0,0.0,20,0.0,0.0,20,0.0,0.0,20,0.0,0.0,20,0.0,0.0,20
3,P4,W2_GROUP_CONSTRAINED,DISABLED,evaluation,U,15,15,0.26666666666666666,0.26666666666666666,15,0.0,0.0,15,1.0,1.0,15,0.0,0.0,15,0.26666666666666666,0.26666666666666666,15,1.0,1.0,4,0.0,0.0,4,0.0,0.0,11,0.0,0.0,11,0.06666666666666667,0.06666666666666667,15,0.0,0.0,15,0.0,0.0,15
3,P4,W2_GROUP_CONSTRAINED,DISABLED,evaluation,positive,4,1,0.0,0.0,4,0.0,0.0,4,1.0,1.0,4,,,0,0.0,0.0,4,,,0,,,0,0.0,0.0,4,0.0,0.0,4,0.0,0.0,4,1.0,1.0,4,0.0,0.0,4
3,P4,W2_GROUP_CONSTRAINED,DISABLED,fit,H,20,4,0.0,0.0,20,0.0,0.0,20,1.0,1.0,20,0.0,0.0,20,0.0,0.0,20,,,0,,,0,0.0,0.0,20,0.0,0.0,20,0.0,0.0,20,0.0,0.0,20,0.0,0.0,20
3,P4,W2_GROUP_CONSTRAINED,DISABLED,fit,U,16,16,0.125,0.125,16,0.0,0.0,16,1.0,1.0,16,0.0,0.0,16,0.125,0.125,16,1.0,1.0,2,0.0,0.0,2,0.0,0.0,14,0.0,0.0,14,0.125,0.125,16,0.0,0.0,16,0.0,0.0,16
3,P4,W2_GROUP_CONSTRAINED,DISABLED,fit,positive,5,1,0.0,0.0,5,0.0,0.0,5,1.0,1.0,5,,,0,0.0,0.0,5,,,0,,,0,0.0,0.0,5,0.0,0.0,5,0.0,0.0,5,1.0,1.0,5,0.0,0.0,5
3,P4,W2_GROUP_CONSTRAINED,DISABLED,formal_development,T1G,4,4,0.0,0.0,4,0.0,0.0,4,1.0,1.0,4,,,0,0.0,0.0,4,,,0,,,0,0.0,0.0,4,0.0,0.0,4,0.0,0.0,4,0.75,0.75,4,0.0,0.0,4
3,P4,W2_GROUP_CONSTRAINED,DISABLED,formal_development,T1L,5,5,0.6,0.6,5,0.0,0.0,5,1.0,1.0,5,,,0,0.6,0.6,5,1.0,1.0,3,0.0,0.0,3,0.0,0.0,2,0.0,0.0,2,0.0,0.0,5,0.4,0.4,5,0.0,0.0,5
3,P4,W2_GROUP_CONSTRAINED,DISABLED,formal_development,T2G,3,1,0.0,0.0,3,0.0,0.0,3,1.0,1.0,3,,,0,0.0,0.0,3,,,0,,,0,0.0,0.0,3,0.0,0.0,3,0.0,0.0,3,0.3333333333333333,0.3333333333333333,3,0.0,0.0,3
3,P4,W2_GROUP_CONSTRAINED,DISABLED,native,positive,1,1,0.0,0.0,1,0.0,0.0,1,1.0,1.0,1,,,0,0.0,0.0,1,,,0,,,0,0.0,0.0,1,0.0,0.0,1,0.0,0.0,1,1.0,1.0,1,0.0,0.0,1
3,P4,W2_GROUP_CONSTRAINED,FIXED_ROUTER,calibration,H,16,4,0.25,0.25,16,0.0,0.0,16,1.0,1.0,16,0.0,0.0,16,0.25,0.25,16,1.0,1.0,4,0.0,0.0,4,0.0,0.0,12,0.0,0.0,12,0.0,0.0,16,0.0,0.0,16,0.0,0.0,16
3,P4,W2_GROUP_CONSTRAINED,FIXED_ROUTER,calibration,U,16,16,0.1875,0.1875,16,0.0,0.0,16,1.0,1.0,16,0.0,0.0,16,0.1875,0.1875,16,1.0,1.0,3,0.0,0.0,3,0.0,0.0,13,0.0,0.0,13,0.125,0.125,16,0.0,0.0,16,0.0,0.0,16
3,P4,W2_GROUP_CONSTRAINED,FIXED_ROUTER,calibration,positive,4,1,1.0,1.0,4,1.0,1.0,4,0.0,0.0,4,,,0,0.0,0.0,4,,,0,,,0,1.0,1.0,4,1.0,1.0,4,1.0,1.0,4,1.0,1.0,4,0.0,0.0,4
3,P4,W2_GROUP_CONSTRAINED,FIXED_ROUTER,evaluation,H,20,5,0.0,0.0,20,0.0,0.0,20,1.0,1.0,20,0.0,0.0,20,0.0,0.0,20,,,0,,,0,0.0,0.0,20,0.0,0.0,20,0.0,0.0,20,0.0,0.0,20,0.0,0.0,20
3,P4,W2_GROUP_CONSTRAINED,FIXED_ROUTER,evaluation,U,15,15,0.26666666666666666,0.26666666666666666,15,0.0,0.0,15,1.0,1.0,15,0.0,0.0,15,0.26666666666666666,0.26666666666666666,15,1.0,1.0,4,0.0,0.0,4,0.0,0.0,11,0.0,0.0,11,0.06666666666666667,0.06666666666666667,15,0.0,0.0,15,0.0,0.0,15
3,P4,W2_GROUP_CONSTRAINED,FIXED_ROUTER,evaluation,positive,4,1,1.0,1.0,4,1.0,1.0,4,0.0,0.0,4,,,0,0.0,0.0,4,,,0,,,0,1.0,1.0,4,1.0,1.0,4,1.0,1.0,4,1.0,1.0,4,0.0,0.0,4
3,P4,W2_GROUP_CONSTRAINED,FIXED_ROUTER,fit,H,20,4,0.0,0.0,20,0.0,0.0,20,1.0,1.0,20,0.0,0.0,20,0.0,0.0,20,,,0,,,0,0.0,0.0,20,0.0,0.0,20,0.0,0.0,20,0.0,0.0,20,0.0,0.0,20
3,P4,W2_GROUP_CONSTRAINED,FIXED_ROUTER,fit,U,16,16,0.125,0.125,16,0.0,0.0,16,1.0,1.0,16,0.0,0.0,16,0.125,0.125,16,1.0,1.0,2,0.0,0.0,2,0.0,0.0,14,0.0,0.0,14,0.125,0.125,16,0.0,0.0,16,0.0,0.0,16
3,P4,W2_GROUP_CONSTRAINED,FIXED_ROUTER,fit,positive,5,1,1.0,1.0,5,1.0,1.0,5,0.0,0.0,5,,,0,0.0,0.0,5,,,0,,,0,1.0,1.0,5,1.0,1.0,5,1.0,1.0,5,1.0,1.0,5,0.0,0.0,5
3,P4,W2_GROUP_CONSTRAINED,FIXED_ROUTER,formal_development,T1G,4,4,0.75,0.75,4,0.75,0.75,4,0.25,0.25,4,,,0,0.0,0.0,4,,,0,,,0,0.75,0.75,4,0.75,0.75,4,0.75,0.75,4,0.75,0.75,4,0.0,0.0,4
3,P4,W2_GROUP_CONSTRAINED,FIXED_ROUTER,formal_development,T1L,5,5,0.4,0.4,5,0.0,0.0,5,0.6,0.6,5,,,0,0.6,0.6,5,0.6666666666666666,0.6666666666666666,3,0.3333333333333333,0.3333333333333333,3,0.0,0.0,2,0.5,0.5,2,0.4,0.4,5,0.4,0.4,5,0.0,0.0,5
3,P4,W2_GROUP_CONSTRAINED,FIXED_ROUTER,formal_development,T2G,3,1,0.3333333333333333,0.3333333333333333,3,0.3333333333333333,0.3333333333333333,3,0.6666666666666666,0.6666666666666666,3,,,0,0.0,0.0,3,,,0,,,0,0.3333333333333333,0.3333333333333333,3,0.3333333333333333,0.3333333333333333,3,0.3333333333333333,0.3333333333333333,3,0.3333333333333333,0.3333333333333333,3,0.0,0.0,3
3,P4,W2_GROUP_CONSTRAINED,FIXED_ROUTER,native,positive,1,1,1.0,1.0,1,1.0,1.0,1,0.0,0.0,1,,,0,0.0,0.0,1,,,0,,,0,1.0,1.0,1,1.0,1.0,1,1.0,1.0,1,1.0,1.0,1,0.0,0.0,1
3,P4,W2_GROUP_CONSTRAINED,FORCED_ON,calibration,H,16,4,0.5,0.5,16,0.0,0.0,16,0.0,0.0,16,0.1915601035580039,0.1915601035580039,16,0.25,0.25,16,1.0,1.0,4,0.0,0.0,4,0.3333333333333333,0.3333333333333333,12,1.0,1.0,12,0.0,0.0,16,0.0,0.0,16,0.0,0.0,16
3,P4,W2_GROUP_CONSTRAINED,FORCED_ON,calibration,U,16,16,0.25,0.25,16,0.0,0.0,16,0.3125,0.3125,16,0.006291237878031097,0.006291237878031097,16,0.1875,0.1875,16,0.6666666666666666,0.6666666666666666,3,0.3333333333333333,0.3333333333333333,3,0.15384615384615385,0.15384615384615385,13,0.6923076923076923,0.6923076923076923,13,0.125,0.125,16,0.0,0.0,16,0.0,0.0,16
3,P4,W2_GROUP_CONSTRAINED,FORCED_ON,calibration,positive,4,1,1.0,1.0,4,1.0,1.0,4,0.0,0.0,4,,,0,0.0,0.0,4,,,0,,,0,1.0,1.0,4,1.0,1.0,4,1.0,1.0,4,1.0,1.0,4,0.0,0.0,4
3,P4,W2_GROUP_CONSTRAINED,FORCED_ON,evaluation,H,20,5,0.2,0.2,20,0.0,0.0,20,0.0,0.0,20,0.2530513308942318,0.2530513308942318,20,0.0,0.0,20,,,0,,,0,0.2,0.2,20,1.0,1.0,20,0.8,0.8,20,0.0,0.0,20,0.0,0.0,20
3,P4,W2_GROUP_CONSTRAINED,FORCED_ON,evaluation,U,15,15,0.26666666666666666,0.26666666666666666,15,0.0,0.0,15,0.3333333333333333,0.3333333333333333,15,0.0073754701608171064,0.0073754701608171064,15,0.26666666666666666,0.26666666666666666,15,1.0,1.0,4,0.0,0.0,4,0.0,0.0,11,0.7272727272727273,0.7272727272727273,11,0.06666666666666667,0.06666666666666667,15,0.0,0.0,15,0.0,0.0,15
3,P4,W2_GROUP_CONSTRAINED,FORCED_ON,evaluation,positive,4,1,1.0,1.0,4,1.0,1.0,4,0.0,0.0,4,,,0,0.0,0.0,4,,,0,,,0,1.0,1.0,4,1.0,1.0,4,1.0,1.0,4,1.0,1.0,4,0.0,0.0,4
3,P4,W2_GROUP_CONSTRAINED,FORCED_ON,fit,H,20,4,0.0,0.0,20,0.0,0.0,20,0.0,0.0,20,0.19229526966810226,0.19229526966810226,20,0.0,0.0,20,,,0,,,0,0.0,0.0,20,1.0,1.0,20,0.25,0.25,20,0.0,0.0,20,0.0,0.0,20
3,P4,W2_GROUP_CONSTRAINED,FORCED_ON,fit,U,16,16,0.125,0.125,16,0.0,0.0,16,0.3125,0.3125,16,0.00478385339374654,0.00478385339374654,16,0.125,0.125,16,0.5,0.5,2,0.5,0.5,2,0.07142857142857142,0.07142857142857142,14,0.7142857142857143,0.7142857142857143,14,0.125,0.125,16,0.0,0.0,16,0.0,0.0,16
3,P4,W2_GROUP_CONSTRAINED,FORCED_ON,fit,positive,5,1,1.0,1.0,5,1.0,1.0,5,0.0,0.0,5,,,0,0.0,0.0,5,,,0,,,0,1.0,1.0,5,1.0,1.0,5,1.0,1.0,5,1.0,1.0,5,0.0,0.0,5
3,P4,W2_GROUP_CONSTRAINED,FORCED_ON,formal_development,T1G,4,4,1.0,1.0,4,1.0,1.0,4,0.0,0.0,4,,,0,0.0,0.0,4,,,0,,,0,1.0,1.0,4,1.0,1.0,4,1.0,1.0,4,0.75,0.75,4,0.0,0.0,4
3,P4,W2_GROUP_CONSTRAINED,FORCED_ON,formal_development,T1L,5,5,0.0,0.0,5,0.0,0.0,5,0.0,0.0,5,,,0,0.6,0.6,5,0.0,0.0,3,1.0,1.0,3,0.0,0.0,2,1.0,1.0,2,1.0,1.0,5,0.4,0.4,5,0.0,0.0,5
3,P4,W2_GROUP_CONSTRAINED,FORCED_ON,formal_development,T2G,3,1,0.6666666666666666,0.6666666666666666,3,0.6666666666666666,0.6666666666666666,3,0.0,0.0,3,,,0,0.0,0.0,3,,,0,,,0,0.6666666666666666,0.6666666666666666,3,1.0,1.0,3,0.6666666666666666,0.6666666666666666,3,0.3333333333333333,0.3333333333333333,3,0.0,0.0,3
3,P4,W2_GROUP_CONSTRAINED,FORCED_ON,native,positive,1,1,1.0,1.0,1,1.0,1.0,1,0.0,0.0,1,,,0,0.0,0.0,1,,,0,,,0,1.0,1.0,1,1.0,1.0,1,1.0,1.0,1,1.0,1.0,1,0.0,0.0,1
3,REFERENCE,A2,DISABLED,calibration,H,16,4,0.25,0.25,16,0.0,0.0,16,1.0,1.0,16,0.0,0.0,16,0.25,0.25,16,1.0,1.0,4,0.0,0.0,4,0.0,0.0,12,0.0,0.0,12,0.0,0.0,16,0.0,0.0,16,0.0,0.0,16
3,REFERENCE,A2,DISABLED,calibration,U,16,16,0.1875,0.1875,16,0.0,0.0,16,1.0,1.0,16,0.0,0.0,16,0.1875,0.1875,16,1.0,1.0,3,0.0,0.0,3,0.0,0.0,13,0.0,0.0,13,0.125,0.125,16,0.0,0.0,16,0.0,0.0,16
3,REFERENCE,A2,DISABLED,calibration,positive,4,1,0.0,0.0,4,0.0,0.0,4,1.0,1.0,4,,,0,0.0,0.0,4,,,0,,,0,0.0,0.0,4,0.0,0.0,4,0.0,0.0,4,1.0,1.0,4,0.0,0.0,4
3,REFERENCE,A2,DISABLED,evaluation,H,20,5,0.0,0.0,20,0.0,0.0,20,1.0,1.0,20,0.0,0.0,20,0.0,0.0,20,,,0,,,0,0.0,0.0,20,0.0,0.0,20,0.0,0.0,20,0.0,0.0,20,0.0,0.0,20
3,REFERENCE,A2,DISABLED,evaluation,U,15,15,0.26666666666666666,0.26666666666666666,15,0.0,0.0,15,1.0,1.0,15,0.0,0.0,15,0.26666666666666666,0.26666666666666666,15,1.0,1.0,4,0.0,0.0,4,0.0,0.0,11,0.0,0.0,11,0.06666666666666667,0.06666666666666667,15,0.0,0.0,15,0.0,0.0,15
3,REFERENCE,A2,DISABLED,evaluation,positive,4,1,0.0,0.0,4,0.0,0.0,4,1.0,1.0,4,,,0,0.0,0.0,4,,,0,,,0,0.0,0.0,4,0.0,0.0,4,0.0,0.0,4,1.0,1.0,4,0.0,0.0,4
3,REFERENCE,A2,DISABLED,fit,H,20,4,0.0,0.0,20,0.0,0.0,20,1.0,1.0,20,0.0,0.0,20,0.0,0.0,20,,,0,,,0,0.0,0.0,20,0.0,0.0,20,0.0,0.0,20,0.0,0.0,20,0.0,0.0,20
3,REFERENCE,A2,DISABLED,fit,U,16,16,0.125,0.125,16,0.0,0.0,16,1.0,1.0,16,0.0,0.0,16,0.125,0.125,16,1.0,1.0,2,0.0,0.0,2,0.0,0.0,14,0.0,0.0,14,0.125,0.125,16,0.0,0.0,16,0.0,0.0,16
3,REFERENCE,A2,DISABLED,fit,positive,5,1,0.0,0.0,5,0.0,0.0,5,1.0,1.0,5,,,0,0.0,0.0,5,,,0,,,0,0.0,0.0,5,0.0,0.0,5,0.0,0.0,5,1.0,1.0,5,0.0,0.0,5
3,REFERENCE,A2,DISABLED,formal_development,T1G,4,4,0.0,0.0,4,0.0,0.0,4,1.0,1.0,4,,,0,0.0,0.0,4,,,0,,,0,0.0,0.0,4,0.0,0.0,4,0.0,0.0,4,0.75,0.75,4,0.0,0.0,4
3,REFERENCE,A2,DISABLED,formal_development,T1L,5,5,0.6,0.6,5,0.0,0.0,5,1.0,1.0,5,,,0,0.6,0.6,5,1.0,1.0,3,0.0,0.0,3,0.0,0.0,2,0.0,0.0,2,0.0,0.0,5,0.4,0.4,5,0.0,0.0,5
3,REFERENCE,A2,DISABLED,formal_development,T2G,3,1,0.0,0.0,3,0.0,0.0,3,1.0,1.0,3,,,0,0.0,0.0,3,,,0,,,0,0.0,0.0,3,0.0,0.0,3,0.0,0.0,3,0.3333333333333333,0.3333333333333333,3,0.0,0.0,3
3,REFERENCE,A2,DISABLED,native,positive,1,1,0.0,0.0,1,0.0,0.0,1,1.0,1.0,1,,,0,0.0,0.0,1,,,0,,,0,0.0,0.0,1,0.0,0.0,1,0.0,0.0,1,1.0,1.0,1,0.0,0.0,1
3,REFERENCE,A2,FIXED_ROUTER,calibration,H,16,4,0.25,0.25,16,0.0,0.0,16,1.0,1.0,16,0.0,0.0,16,0.25,0.25,16,1.0,1.0,4,0.0,0.0,4,0.0,0.0,12,0.0,0.0,12,0.0,0.0,16,0.0,0.0,16,0.0,0.0,16
3,REFERENCE,A2,FIXED_ROUTER,calibration,U,16,16,0.1875,0.1875,16,0.0,0.0,16,1.0,1.0,16,0.0,0.0,16,0.1875,0.1875,16,1.0,1.0,3,0.0,0.0,3,0.0,0.0,13,0.0,0.0,13,0.125,0.125,16,0.0,0.0,16,0.0,0.0,16
3,REFERENCE,A2,FIXED_ROUTER,calibration,positive,4,1,1.0,1.0,4,1.0,1.0,4,0.0,0.0,4,,,0,0.0,0.0,4,,,0,,,0,1.0,1.0,4,1.0,1.0,4,1.0,1.0,4,1.0,1.0,4,0.0,0.0,4
3,REFERENCE,A2,FIXED_ROUTER,evaluation,H,20,5,0.0,0.0,20,0.0,0.0,20,1.0,1.0,20,0.0,0.0,20,0.0,0.0,20,,,0,,,0,0.0,0.0,20,0.0,0.0,20,0.0,0.0,20,0.0,0.0,20,0.0,0.0,20
3,REFERENCE,A2,FIXED_ROUTER,evaluation,U,15,15,0.26666666666666666,0.26666666666666666,15,0.0,0.0,15,1.0,1.0,15,0.0,0.0,15,0.26666666666666666,0.26666666666666666,15,1.0,1.0,4,0.0,0.0,4,0.0,0.0,11,0.0,0.0,11,0.06666666666666667,0.06666666666666667,15,0.0,0.0,15,0.0,0.0,15
3,REFERENCE,A2,FIXED_ROUTER,evaluation,positive,4,1,1.0,1.0,4,1.0,1.0,4,0.0,0.0,4,,,0,0.0,0.0,4,,,0,,,0,1.0,1.0,4,1.0,1.0,4,1.0,1.0,4,1.0,1.0,4,0.0,0.0,4
3,REFERENCE,A2,FIXED_ROUTER,fit,H,20,4,0.0,0.0,20,0.0,0.0,20,1.0,1.0,20,0.0,0.0,20,0.0,0.0,20,,,0,,,0,0.0,0.0,20,0.0,0.0,20,0.0,0.0,20,0.0,0.0,20,0.0,0.0,20
3,REFERENCE,A2,FIXED_ROUTER,fit,U,16,16,0.125,0.125,16,0.0,0.0,16,1.0,1.0,16,0.0,0.0,16,0.125,0.125,16,1.0,1.0,2,0.0,0.0,2,0.0,0.0,14,0.0,0.0,14,0.125,0.125,16,0.0,0.0,16,0.0,0.0,16
3,REFERENCE,A2,FIXED_ROUTER,fit,positive,5,1,1.0,1.0,5,1.0,1.0,5,0.0,0.0,5,,,0,0.0,0.0,5,,,0,,,0,1.0,1.0,5,1.0,1.0,5,1.0,1.0,5,1.0,1.0,5,0.0,0.0,5
3,REFERENCE,A2,FIXED_ROUTER,formal_development,T1G,4,4,0.75,0.75,4,0.75,0.75,4,0.25,0.25,4,,,0,0.0,0.0,4,,,0,,,0,0.75,0.75,4,0.75,0.75,4,0.75,0.75,4,0.75,0.75,4,0.0,0.0,4
3,REFERENCE,A2,FIXED_ROUTER,formal_development,T1L,5,5,0.4,0.4,5,0.0,0.0,5,0.6,0.6,5,,,0,0.6,0.6,5,0.6666666666666666,0.6666666666666666,3,0.3333333333333333,0.3333333333333333,3,0.0,0.0,2,0.5,0.5,2,0.4,0.4,5,0.4,0.4,5,0.0,0.0,5
3,REFERENCE,A2,FIXED_ROUTER,formal_development,T2G,3,1,0.3333333333333333,0.3333333333333333,3,0.3333333333333333,0.3333333333333333,3,0.6666666666666666,0.6666666666666666,3,,,0,0.0,0.0,3,,,0,,,0,0.3333333333333333,0.3333333333333333,3,0.3333333333333333,0.3333333333333333,3,0.3333333333333333,0.3333333333333333,3,0.3333333333333333,0.3333333333333333,3,0.0,0.0,3
3,REFERENCE,A2,FIXED_ROUTER,native,positive,1,1,1.0,1.0,1,1.0,1.0,1,0.0,0.0,1,,,0,0.0,0.0,1,,,0,,,0,1.0,1.0,1,1.0,1.0,1,1.0,1.0,1,1.0,1.0,1,0.0,0.0,1
3,REFERENCE,A2,FORCED_ON,calibration,H,16,4,0.5,0.5,16,0.0,0.0,16,0.0,0.0,16,0.32406017556786537,0.32406017556786537,16,0.25,0.25,16,1.0,1.0,4,0.0,0.0,4,0.3333333333333333,0.3333333333333333,12,1.0,1.0,12,0.0,0.0,16,0.0,0.0,16,0.0,0.0,16
3,REFERENCE,A2,FORCED_ON,calibration,U,16,16,0.25,0.25,16,0.0,0.0,16,0.3125,0.3125,16,0.024793258984573185,0.024793258984573185,16,0.1875,0.1875,16,1.0,1.0,3,0.0,0.0,3,0.07692307692307693,0.07692307692307693,13,0.6923076923076923,0.6923076923076923,13,0.125,0.125,16,0.0,0.0,16,0.0,0.0,16
3,REFERENCE,A2,FORCED_ON,calibration,positive,4,1,1.0,1.0,4,1.0,1.0,4,0.0,0.0,4,,,0,0.0,0.0,4,,,0,,,0,1.0,1.0,4,1.0,1.0,4,1.0,1.0,4,1.0,1.0,4,0.0,0.0,4
3,REFERENCE,A2,FORCED_ON,evaluation,H,20,5,0.2,0.2,20,0.0,0.0,20,0.0,0.0,20,0.40605761855840683,0.40605761855840683,20,0.0,0.0,20,,,0,,,0,0.2,0.2,20,1.0,1.0,20,0.8,0.8,20,0.0,0.0,20,0.0,0.0,20
3,REFERENCE,A2,FORCED_ON,evaluation,U,15,15,0.3333333333333333,0.3333333333333333,15,0.0,0.0,15,0.2,0.2,15,0.026934379246085882,0.026934379246085882,15,0.26666666666666666,0.26666666666666666,15,0.75,0.75,4,0.25,0.25,4,0.18181818181818182,0.18181818181818182,11,0.9090909090909091,0.9090909090909091,11,0.06666666666666667,0.06666666666666667,15,0.0,0.0,15,0.0,0.0,15
3,REFERENCE,A2,FORCED_ON,evaluation,positive,4,1,1.0,1.0,4,1.0,1.0,4,0.0,0.0,4,,,0,0.0,0.0,4,,,0,,,0,1.0,1.0,4,1.0,1.0,4,1.0,1.0,4,1.0,1.0,4,0.0,0.0,4
3,REFERENCE,A2,FORCED_ON,fit,H,20,4,0.0,0.0,20,0.0,0.0,20,0.0,0.0,20,0.3343181379139423,0.3343181379139423,20,0.0,0.0,20,,,0,,,0,0.0,0.0,20,1.0,1.0,20,0.25,0.25,20,0.0,0.0,20,0.0,0.0,20
3,REFERENCE,A2,FORCED_ON,fit,U,16,16,0.0625,0.0625,16,0.0,0.0,16,0.25,0.25,16,0.018943144590593874,0.018943144590593874,16,0.125,0.125,16,0.5,0.5,2,0.5,0.5,2,0.0,0.0,14,0.7857142857142857,0.7857142857142857,14,0.125,0.125,16,0.0,0.0,16,0.0,0.0,16
3,REFERENCE,A2,FORCED_ON,fit,positive,5,1,1.0,1.0,5,1.0,1.0,5,0.0,0.0,5,,,0,0.0,0.0,5,,,0,,,0,1.0,1.0,5,1.0,1.0,5,1.0,1.0,5,1.0,1.0,5,0.0,0.0,5
3,REFERENCE,A2,FORCED_ON,formal_development,T1G,4,4,1.0,1.0,4,1.0,1.0,4,0.0,0.0,4,,,0,0.0,0.0,4,,,0,,,0,1.0,1.0,4,1.0,1.0,4,1.0,1.0,4,0.75,0.75,4,0.0,0.0,4
3,REFERENCE,A2,FORCED_ON,formal_development,T1L,5,5,0.0,0.0,5,0.0,0.0,5,0.0,0.0,5,,,0,0.6,0.6,5,0.0,0.0,3,1.0,1.0,3,0.0,0.0,2,1.0,1.0,2,1.0,1.0,5,0.4,0.4,5,0.0,0.0,5
3,REFERENCE,A2,FORCED_ON,formal_development,T2G,3,1,0.6666666666666666,0.6666666666666666,3,0.6666666666666666,0.6666666666666666,3,0.0,0.0,3,,,0,0.0,0.0,3,,,0,,,0,0.6666666666666666,0.6666666666666666,3,1.0,1.0,3,0.6666666666666666,0.6666666666666666,3,0.3333333333333333,0.3333333333333333,3,0.0,0.0,3
3,REFERENCE,A2,FORCED_ON,native,positive,1,1,1.0,1.0,1,1.0,1.0,1,0.0,0.0,1,,,0,0.0,0.0,1,,,0,,,0,1.0,1.0,1,1.0,1.0,1,1.0,1.0,1,1.0,1.0,1,0.0,0.0,1
7,L16,W0_TASK_ONLY,DISABLED,calibration,H,8,2,0.0,0.0,8,0.0,0.0,8,1.0,1.0,8,0.0,0.0,8,0.0,0.0,8,,,0,,,0,0.0,0.0,8,0.0,0.0,8,0.0,0.0,8,0.0,0.0,8,0.0,0.0,8
7,L16,W0_TASK_ONLY,DISABLED,calibration,U,18,18,0.5,0.5,18,0.0,0.0,18,1.0,1.0,18,0.0,0.0,18,0.5,0.5,18,1.0,1.0,9,0.0,0.0,9,0.0,0.0,9,0.0,0.0,9,0.05555555555555555,0.05555555555555555,18,0.0,0.0,18,0.0,0.0,18
7,L16,W0_TASK_ONLY,DISABLED,calibration,positive,4,1,0.0,0.0,4,0.0,0.0,4,1.0,1.0,4,,,0,0.0,0.0,4,,,0,,,0,0.0,0.0,4,0.0,0.0,4,0.0,0.0,4,1.0,1.0,4,0.0,0.0,4
7,L16,W0_TASK_ONLY,DISABLED,challenge,same_image_other_fact_challenge,12,1,0.5,0.5,12,0.0,0.0,12,1.0,1.0,12,0.0,0.0,12,0.5,0.5,12,1.0,1.0,6,0.0,0.0,6,0.0,0.0,6,0.0,0.0,6,0.0,0.0,12,0.0,0.0,12,0.0,0.0,12
7,L16,W0_TASK_ONLY,DISABLED,evaluation,H,8,2,0.0,0.0,8,0.0,0.0,8,1.0,1.0,8,0.0,0.0,8,0.0,0.0,8,,,0,,,0,0.0,0.0,8,0.0,0.0,8,0.0,0.0,8,0.0,0.0,8,0.0,0.0,8
7,L16,W0_TASK_ONLY,DISABLED,evaluation,U,18,18,0.4444444444444444,0.4444444444444444,18,0.0,0.0,18,1.0,1.0,18,0.0,0.0,18,0.4444444444444444,0.4444444444444444,18,1.0,1.0,8,0.0,0.0,8,0.0,0.0,10,0.0,0.0,10,0.0,0.0,18,0.0,0.0,18,0.0,0.0,18
7,L16,W0_TASK_ONLY,DISABLED,evaluation,positive,4,1,0.0,0.0,4,0.0,0.0,4,1.0,1.0,4,,,0,0.0,0.0,4,,,0,,,0,0.0,0.0,4,0.0,0.0,4,0.0,0.0,4,1.0,1.0,4,0.0,0.0,4
7,L16,W0_TASK_ONLY,DISABLED,fit,H,10,2,0.4,0.4,10,0.0,0.0,10,1.0,1.0,10,0.0,0.0,10,0.4,0.4,10,1.0,1.0,4,0.0,0.0,4,0.0,0.0,6,0.0,0.0,6,0.0,0.0,10,0.4,0.4,10,0.0,0.0,10
7,L16,W0_TASK_ONLY,DISABLED,fit,U,18,18,0.4444444444444444,0.4444444444444444,18,0.0,0.0,18,1.0,1.0,18,0.0,0.0,18,0.4444444444444444,0.4444444444444444,18,1.0,1.0,8,0.0,0.0,8,0.0,0.0,10,0.0,0.0,10,0.05555555555555555,0.05555555555555555,18,0.0,0.0,18,0.0,0.0,18
7,L16,W0_TASK_ONLY,DISABLED,fit,positive,5,1,0.0,0.0,5,0.0,0.0,5,1.0,1.0,5,,,0,0.0,0.0,5,,,0,,,0,0.0,0.0,5,0.0,0.0,5,0.0,0.0,5,1.0,1.0,5,0.0,0.0,5
7,L16,W0_TASK_ONLY,DISABLED,formal_development,T1G,4,4,0.0,0.0,4,0.0,0.0,4,1.0,1.0,4,,,0,0.0,0.0,4,,,0,,,0,0.0,0.0,4,0.0,0.0,4,0.0,0.0,4,0.0,0.0,4,0.0,0.0,4
7,L16,W0_TASK_ONLY,DISABLED,formal_development,T2G,4,1,0.0,0.0,4,0.0,0.0,4,1.0,1.0,4,,,0,0.0,0.0,4,,,0,,,0,0.0,0.0,4,0.0,0.0,4,0.0,0.0,4,0.0,0.0,4,0.0,0.0,4
7,L16,W0_TASK_ONLY,DISABLED,native,positive,1,1,0.0,0.0,1,0.0,0.0,1,1.0,1.0,1,,,0,0.0,0.0,1,,,0,,,0,0.0,0.0,1,0.0,0.0,1,0.0,0.0,1,1.0,1.0,1,0.0,0.0,1
7,L16,W0_TASK_ONLY,FIXED_ROUTER,calibration,H,8,2,0.0,0.0,8,0.0,0.0,8,1.0,1.0,8,0.0,0.0,8,0.0,0.0,8,,,0,,,0,0.0,0.0,8,0.0,0.0,8,0.0,0.0,8,0.0,0.0,8,0.0,0.0,8
7,L16,W0_TASK_ONLY,FIXED_ROUTER,calibration,U,18,18,0.5,0.5,18,0.0,0.0,18,1.0,1.0,18,0.0,0.0,18,0.5,0.5,18,1.0,1.0,9,0.0,0.0,9,0.0,0.0,9,0.0,0.0,9,0.05555555555555555,0.05555555555555555,18,0.0,0.0,18,0.0,0.0,18
7,L16,W0_TASK_ONLY,FIXED_ROUTER,calibration,positive,4,1,1.0,1.0,4,1.0,1.0,4,0.0,0.0,4,,,0,0.0,0.0,4,,,0,,,0,1.0,1.0,4,1.0,1.0,4,1.0,1.0,4,1.0,1.0,4,0.0,0.0,4
7,L16,W0_TASK_ONLY,FIXED_ROUTER,challenge,same_image_other_fact_challenge,12,1,0.5,0.5,12,0.0,0.0,12,1.0,1.0,12,0.0,0.0,12,0.5,0.5,12,1.0,1.0,6,0.0,0.0,6,0.0,0.0,6,0.0,0.0,6,0.0,0.0,12,0.0,0.0,12,0.0,0.0,12
7,L16,W0_TASK_ONLY,FIXED_ROUTER,evaluation,H,8,2,0.0,0.0,8,0.0,0.0,8,1.0,1.0,8,0.0,0.0,8,0.0,0.0,8,,,0,,,0,0.0,0.0,8,0.0,0.0,8,0.0,0.0,8,0.0,0.0,8,0.0,0.0,8
7,L16,W0_TASK_ONLY,FIXED_ROUTER,evaluation,U,18,18,0.4444444444444444,0.4444444444444444,18,0.0,0.0,18,1.0,1.0,18,0.0,0.0,18,0.4444444444444444,0.4444444444444444,18,1.0,1.0,8,0.0,0.0,8,0.0,0.0,10,0.0,0.0,10,0.0,0.0,18,0.0,0.0,18,0.0,0.0,18
7,L16,W0_TASK_ONLY,FIXED_ROUTER,evaluation,positive,4,1,1.0,1.0,4,1.0,1.0,4,0.0,0.0,4,,,0,0.0,0.0,4,,,0,,,0,1.0,1.0,4,1.0,1.0,4,1.0,1.0,4,1.0,1.0,4,0.0,0.0,4
7,L16,W0_TASK_ONLY,FIXED_ROUTER,fit,H,10,2,0.5,0.5,10,0.0,0.0,10,0.6,0.6,10,0.3576603621244431,0.3576603621244431,10,0.4,0.4,10,1.0,1.0,4,0.0,0.0,4,0.5,0.16666666666666666,6,0.5,0.16666666666666666,6,0.4,0.4,10,0.4,0.4,10,0.0,0.0,10
7,L16,W0_TASK_ONLY,FIXED_ROUTER,fit,U,18,18,0.4444444444444444,0.4444444444444444,18,0.0,0.0,18,1.0,1.0,18,0.0,0.0,18,0.4444444444444444,0.4444444444444444,18,1.0,1.0,8,0.0,0.0,8,0.0,0.0,10,0.0,0.0,10,0.05555555555555555,0.05555555555555555,18,0.0,0.0,18,0.0,0.0,18
7,L16,W0_TASK_ONLY,FIXED_ROUTER,fit,positive,5,1,1.0,1.0,5,1.0,1.0,5,0.0,0.0,5,,,0,0.0,0.0,5,,,0,,,0,1.0,1.0,5,1.0,1.0,5,1.0,1.0,5,1.0,1.0,5,0.0,0.0,5
7,L16,W0_TASK_ONLY,FIXED_ROUTER,formal_development,T1G,4,4,0.0,0.0,4,0.0,0.0,4,1.0,1.0,4,,,0,0.0,0.0,4,,,0,,,0,0.0,0.0,4,0.0,0.0,4,0.0,0.0,4,0.0,0.0,4,0.0,0.0,4
7,L16,W0_TASK_ONLY,FIXED_ROUTER,formal_development,T2G,4,1,0.0,0.0,4,0.0,0.0,4,1.0,1.0,4,,,0,0.0,0.0,4,,,0,,,0,0.0,0.0,4,0.0,0.0,4,0.0,0.0,4,0.0,0.0,4,0.0,0.0,4
7,L16,W0_TASK_ONLY,FIXED_ROUTER,native,positive,1,1,1.0,1.0,1,1.0,1.0,1,0.0,0.0,1,,,0,0.0,0.0,1,,,0,,,0,1.0,1.0,1,1.0,1.0,1,1.0,1.0,1,1.0,1.0,1,0.0,0.0,1
7,L16,W0_TASK_ONLY,FORCED_ON,calibration,H,8,2,0.0,0.0,8,0.0,0.0,8,0.0,0.0,8,0.6481641680002213,0.6481641680002213,8,0.0,0.0,8,,,0,,,0,0.0,0.0,8,1.0,1.0,8,1.0,1.0,8,0.0,0.0,8,0.0,0.0,8
7,L16,W0_TASK_ONLY,FORCED_ON,calibration,U,18,18,0.05555555555555555,0.05555555555555555,18,0.0,0.0,18,0.0,0.0,18,0.6093069141109785,0.6093069141109785,18,0.5,0.5,18,0.1111111111111111,0.1111111111111111,9,0.8888888888888888,0.8888888888888888,9,0.0,0.0,9,1.0,1.0,9,0.0,0.0,18,0.0,0.0,18,0.0,0.0,18
7,L16,W0_TASK_ONLY,FORCED_ON,calibration,positive,4,1,1.0,1.0,4,1.0,1.0,4,0.0,0.0,4,,,0,0.0,0.0,4,,,0,,,0,1.0,1.0,4,1.0,1.0,4,1.0,1.0,4,1.0,1.0,4,0.0,0.0,4
7,L16,W0_TASK_ONLY,FORCED_ON,challenge,same_image_other_fact_challenge,12,1,0.0,0.0,12,0.0,0.0,12,0.0,0.0,12,0.5078696108733615,0.5078696108733615,12,0.5,0.5,12,0.0,0.0,6,1.0,1.0,6,0.0,0.0,6,1.0,1.0,6,0.0,0.0,12,0.0,0.0,12,0.0,0.0,12
7,L16,W0_TASK_ONLY,FORCED_ON,evaluation,H,8,2,0.0,0.0,8,0.0,0.0,8,0.0,0.0,8,0.6545888036489487,0.6545888036489487,8,0.0,0.0,8,,,0,,,0,0.0,0.0,8,1.0,1.0,8,1.0,1.0,8,0.0,0.0,8,0.0,0.0,8
7,L16,W0_TASK_ONLY,FORCED_ON,evaluation,U,18,18,0.0,0.0,18,0.0,0.0,18,0.0,0.0,18,0.4478926633795102,0.4478926633795102,18,0.4444444444444444,0.4444444444444444,18,0.0,0.0,8,1.0,1.0,8,0.0,0.0,10,1.0,1.0,10,0.05555555555555555,0.05555555555555555,18,0.0,0.0,18,0.0,0.0,18
7,L16,W0_TASK_ONLY,FORCED_ON,evaluation,positive,4,1,1.0,1.0,4,1.0,1.0,4,0.0,0.0,4,,,0,0.0,0.0,4,,,0,,,0,1.0,1.0,4,1.0,1.0,4,1.0,1.0,4,1.0,1.0,4,0.0,0.0,4
7,L16,W0_TASK_ONLY,FORCED_ON,fit,H,10,2,0.5,0.5,10,0.0,0.0,10,0.0,0.0,10,1.014089772105217,1.014089772105217,10,0.4,0.4,10,1.0,1.0,4,0.0,0.0,4,0.5,0.16666666666666666,6,1.0,1.0,6,1.0,1.0,10,0.4,0.4,10,0.0,0.0,10
7,L16,W0_TASK_ONLY,FORCED_ON,fit,U,18,18,0.05555555555555555,0.05555555555555555,18,0.0,0.0,18,0.0,0.0,18,0.6811359280513393,0.6811359280513393,18,0.4444444444444444,0.4444444444444444,18,0.125,0.125,8,0.875,0.875,8,0.0,0.0,10,1.0,1.0,10,0.0,0.0,18,0.0,0.0,18,0.0,0.0,18
7,L16,W0_TASK_ONLY,FORCED_ON,fit,positive,5,1,1.0,1.0,5,1.0,1.0,5,0.0,0.0,5,,,0,0.0,0.0,5,,,0,,,0,1.0,1.0,5,1.0,1.0,5,1.0,1.0,5,1.0,1.0,5,0.0,0.0,5
7,L16,W0_TASK_ONLY,FORCED_ON,formal_development,T1G,4,4,1.0,1.0,4,1.0,1.0,4,0.0,0.0,4,,,0,0.0,0.0,4,,,0,,,0,1.0,1.0,4,1.0,1.0,4,1.0,1.0,4,0.0,0.0,4,0.0,0.0,4
7,L16,W0_TASK_ONLY,FORCED_ON,formal_development,T2G,4,1,1.0,1.0,4,1.0,1.0,4,0.0,0.0,4,,,0,0.0,0.0,4,,,0,,,0,1.0,1.0,4,1.0,1.0,4,1.0,1.0,4,0.0,0.0,4,0.0,0.0,4
7,L16,W0_TASK_ONLY,FORCED_ON,native,positive,1,1,1.0,1.0,1,1.0,1.0,1,0.0,0.0,1,,,0,0.0,0.0,1,,,0,,,0,1.0,1.0,1,1.0,1.0,1,1.0,1.0,1,1.0,1.0,1,0.0,0.0,1
7,L16,W1_KL_0.1,DISABLED,calibration,H,8,2,0.0,0.0,8,0.0,0.0,8,1.0,1.0,8,0.0,0.0,8,0.0,0.0,8,,,0,,,0,0.0,0.0,8,0.0,0.0,8,0.0,0.0,8,0.0,0.0,8,0.0,0.0,8
7,L16,W1_KL_0.1,DISABLED,calibration,U,18,18,0.5,0.5,18,0.0,0.0,18,1.0,1.0,18,0.0,0.0,18,0.5,0.5,18,1.0,1.0,9,0.0,0.0,9,0.0,0.0,9,0.0,0.0,9,0.05555555555555555,0.05555555555555555,18,0.0,0.0,18,0.0,0.0,18
7,L16,W1_KL_0.1,DISABLED,calibration,positive,4,1,0.0,0.0,4,0.0,0.0,4,1.0,1.0,4,,,0,0.0,0.0,4,,,0,,,0,0.0,0.0,4,0.0,0.0,4,0.0,0.0,4,1.0,1.0,4,0.0,0.0,4
7,L16,W1_KL_0.1,DISABLED,challenge,same_image_other_fact_challenge,12,1,0.5,0.5,12,0.0,0.0,12,1.0,1.0,12,0.0,0.0,12,0.5,0.5,12,1.0,1.0,6,0.0,0.0,6,0.0,0.0,6,0.0,0.0,6,0.0,0.0,12,0.0,0.0,12,0.0,0.0,12
7,L16,W1_KL_0.1,DISABLED,evaluation,H,8,2,0.0,0.0,8,0.0,0.0,8,1.0,1.0,8,0.0,0.0,8,0.0,0.0,8,,,0,,,0,0.0,0.0,8,0.0,0.0,8,0.0,0.0,8,0.0,0.0,8,0.0,0.0,8
7,L16,W1_KL_0.1,DISABLED,evaluation,U,18,18,0.4444444444444444,0.4444444444444444,18,0.0,0.0,18,1.0,1.0,18,0.0,0.0,18,0.4444444444444444,0.4444444444444444,18,1.0,1.0,8,0.0,0.0,8,0.0,0.0,10,0.0,0.0,10,0.0,0.0,18,0.0,0.0,18,0.0,0.0,18
7,L16,W1_KL_0.1,DISABLED,evaluation,positive,4,1,0.0,0.0,4,0.0,0.0,4,1.0,1.0,4,,,0,0.0,0.0,4,,,0,,,0,0.0,0.0,4,0.0,0.0,4,0.0,0.0,4,1.0,1.0,4,0.0,0.0,4
7,L16,W1_KL_0.1,DISABLED,fit,H,10,2,0.4,0.4,10,0.0,0.0,10,1.0,1.0,10,0.0,0.0,10,0.4,0.4,10,1.0,1.0,4,0.0,0.0,4,0.0,0.0,6,0.0,0.0,6,0.0,0.0,10,0.4,0.4,10,0.0,0.0,10
7,L16,W1_KL_0.1,DISABLED,fit,U,18,18,0.4444444444444444,0.4444444444444444,18,0.0,0.0,18,1.0,1.0,18,0.0,0.0,18,0.4444444444444444,0.4444444444444444,18,1.0,1.0,8,0.0,0.0,8,0.0,0.0,10,0.0,0.0,10,0.05555555555555555,0.05555555555555555,18,0.0,0.0,18,0.0,0.0,18
7,L16,W1_KL_0.1,DISABLED,fit,positive,5,1,0.0,0.0,5,0.0,0.0,5,1.0,1.0,5,,,0,0.0,0.0,5,,,0,,,0,0.0,0.0,5,0.0,0.0,5,0.0,0.0,5,1.0,1.0,5,0.0,0.0,5
7,L16,W1_KL_0.1,DISABLED,formal_development,T1G,4,4,0.0,0.0,4,0.0,0.0,4,1.0,1.0,4,,,0,0.0,0.0,4,,,0,,,0,0.0,0.0,4,0.0,0.0,4,0.0,0.0,4,0.0,0.0,4,0.0,0.0,4
7,L16,W1_KL_0.1,DISABLED,formal_development,T2G,4,1,0.0,0.0,4,0.0,0.0,4,1.0,1.0,4,,,0,0.0,0.0,4,,,0,,,0,0.0,0.0,4,0.0,0.0,4,0.0,0.0,4,0.0,0.0,4,0.0,0.0,4
7,L16,W1_KL_0.1,DISABLED,native,positive,1,1,0.0,0.0,1,0.0,0.0,1,1.0,1.0,1,,,0,0.0,0.0,1,,,0,,,0,0.0,0.0,1,0.0,0.0,1,0.0,0.0,1,1.0,1.0,1,0.0,0.0,1
7,L16,W1_KL_0.1,FIXED_ROUTER,calibration,H,8,2,0.0,0.0,8,0.0,0.0,8,1.0,1.0,8,0.0,0.0,8,0.0,0.0,8,,,0,,,0,0.0,0.0,8,0.0,0.0,8,0.0,0.0,8,0.0,0.0,8,0.0,0.0,8
7,L16,W1_KL_0.1,FIXED_ROUTER,calibration,U,18,18,0.5,0.5,18,0.0,0.0,18,1.0,1.0,18,0.0,0.0,18,0.5,0.5,18,1.0,1.0,9,0.0,0.0,9,0.0,0.0,9,0.0,0.0,9,0.05555555555555555,0.05555555555555555,18,0.0,0.0,18,0.0,0.0,18
7,L16,W1_KL_0.1,FIXED_ROUTER,calibration,positive,4,1,1.0,1.0,4,1.0,1.0,4,0.0,0.0,4,,,0,0.0,0.0,4,,,0,,,0,1.0,1.0,4,1.0,1.0,4,1.0,1.0,4,1.0,1.0,4,0.0,0.0,4
7,L16,W1_KL_0.1,FIXED_ROUTER,challenge,same_image_other_fact_challenge,12,1,0.5,0.5,12,0.0,0.0,12,1.0,1.0,12,0.0,0.0,12,0.5,0.5,12,1.0,1.0,6,0.0,0.0,6,0.0,0.0,6,0.0,0.0,6,0.0,0.0,12,0.0,0.0,12,0.0,0.0,12
7,L16,W1_KL_0.1,FIXED_ROUTER,evaluation,H,8,2,0.0,0.0,8,0.0,0.0,8,1.0,1.0,8,0.0,0.0,8,0.0,0.0,8,,,0,,,0,0.0,0.0,8,0.0,0.0,8,0.0,0.0,8,0.0,0.0,8,0.0,0.0,8
7,L16,W1_KL_0.1,FIXED_ROUTER,evaluation,U,18,18,0.4444444444444444,0.4444444444444444,18,0.0,0.0,18,1.0,1.0,18,0.0,0.0,18,0.4444444444444444,0.4444444444444444,18,1.0,1.0,8,0.0,0.0,8,0.0,0.0,10,0.0,0.0,10,0.0,0.0,18,0.0,0.0,18,0.0,0.0,18
7,L16,W1_KL_0.1,FIXED_ROUTER,evaluation,positive,4,1,1.0,1.0,4,1.0,1.0,4,0.0,0.0,4,,,0,0.0,0.0,4,,,0,,,0,1.0,1.0,4,1.0,1.0,4,1.0,1.0,4,1.0,1.0,4,0.0,0.0,4
7,L16,W1_KL_0.1,FIXED_ROUTER,fit,H,10,2,0.5,0.5,10,0.0,0.0,10,0.6,0.6,10,0.04816133677959442,0.04816133677959442,10,0.4,0.4,10,1.0,1.0,4,0.0,0.0,4,0.5,0.16666666666666666,6,0.5,0.16666666666666666,6,0.4,0.4,10,0.4,0.4,10,0.0,0.0,10
7,L16,W1_KL_0.1,FIXED_ROUTER,fit,U,18,18,0.4444444444444444,0.4444444444444444,18,0.0,0.0,18,1.0,1.0,18,0.0,0.0,18,0.4444444444444444,0.4444444444444444,18,1.0,1.0,8,0.0,0.0,8,0.0,0.0,10,0.0,0.0,10,0.05555555555555555,0.05555555555555555,18,0.0,0.0,18,0.0,0.0,18
7,L16,W1_KL_0.1,FIXED_ROUTER,fit,positive,5,1,1.0,1.0,5,1.0,1.0,5,0.0,0.0,5,,,0,0.0,0.0,5,,,0,,,0,1.0,1.0,5,1.0,1.0,5,1.0,1.0,5,1.0,1.0,5,0.0,0.0,5
7,L16,W1_KL_0.1,FIXED_ROUTER,formal_development,T1G,4,4,0.0,0.0,4,0.0,0.0,4,1.0,1.0,4,,,0,0.0,0.0,4,,,0,,,0,0.0,0.0,4,0.0,0.0,4,0.0,0.0,4,0.0,0.0,4,0.0,0.0,4
7,L16,W1_KL_0.1,FIXED_ROUTER,formal_development,T2G,4,1,0.0,0.0,4,0.0,0.0,4,1.0,1.0,4,,,0,0.0,0.0,4,,,0,,,0,0.0,0.0,4,0.0,0.0,4,0.0,0.0,4,0.0,0.0,4,0.0,0.0,4
7,L16,W1_KL_0.1,FIXED_ROUTER,native,positive,1,1,1.0,1.0,1,1.0,1.0,1,0.0,0.0,1,,,0,0.0,0.0,1,,,0,,,0,1.0,1.0,1,1.0,1.0,1,1.0,1.0,1,1.0,1.0,1,0.0,0.0,1
7,L16,W1_KL_0.1,FORCED_ON,calibration,H,8,2,0.0,0.0,8,0.0,0.0,8,0.75,0.75,8,0.0013291317591210827,0.0013291317591210827,8,0.0,0.0,8,,,0,,,0,0.0,0.0,8,0.25,0.25,8,0.0,0.0,8,0.0,0.0,8,0.0,0.0,8
7,L16,W1_KL_0.1,FORCED_ON,calibration,U,18,18,0.4444444444444444,0.4444444444444444,18,0.0,0.0,18,0.5,0.5,18,0.003938316600397229,0.003938316600397229,18,0.5,0.5,18,0.7777777777777778,0.7777777777777778,9,0.2222222222222222,0.2222222222222222,9,0.1111111111111111,0.1111111111111111,9,0.4444444444444444,0.4444444444444444,9,0.1111111111111111,0.1111111111111111,18,0.0,0.0,18,0.0,0.0,18
7,L16,W1_KL_0.1,FORCED_ON,calibration,positive,4,1,1.0,1.0,4,1.0,1.0,4,0.0,0.0,4,,,0,0.0,0.0,4,,,0,,,0,1.0,1.0,4,1.0,1.0,4,1.0,1.0,4,1.0,1.0,4,0.0,0.0,4
7,L16,W1_KL_0.1,FORCED_ON,challenge,same_image_other_fact_challenge,12,1,0.5,0.5,12,0.0,0.0,12,0.75,0.75,12,0.002089559355226811,0.002089559355226811,12,0.5,0.5,12,1.0,1.0,6,0.0,0.0,6,0.0,0.0,6,0.16666666666666666,0.16666666666666666,6,0.0,0.0,12,0.0,0.0,12,0.0,0.0,12
7,L16,W1_KL_0.1,FORCED_ON,evaluation,H,8,2,0.0,0.0,8,0.0,0.0,8,1.0,1.0,8,0.0011997784895356745,0.0011997784895356745,8,0.0,0.0,8,,,0,,,0,0.0,0.0,8,0.0,0.0,8,0.0,0.0,8,0.0,0.0,8,0.0,0.0,8
7,L16,W1_KL_0.1,FORCED_ON,evaluation,U,18,18,0.3888888888888889,0.3888888888888889,18,0.0,0.0,18,0.6666666666666666,0.6666666666666666,18,0.003587294757987062,0.003587294757987062,18,0.4444444444444444,0.4444444444444444,18,0.875,0.875,8,0.125,0.125,8,0.0,0.0,10,0.3,0.3,10,0.0,0.0,18,0.0,0.0,18,0.0,0.0,18
7,L16,W1_KL_0.1,FORCED_ON,evaluation,positive,4,1,1.0,1.0,4,1.0,1.0,4,0.0,0.0,4,,,0,0.0,0.0,4,,,0,,,0,1.0,1.0,4,1.0,1.0,4,1.0,1.0,4,1.0,1.0,4,0.0,0.0,4
7,L16,W1_KL_0.1,FORCED_ON,fit,H,10,2,0.5,0.5,10,0.0,0.0,10,0.4,0.4,10,0.053610992879839614,0.053610992879839614,10,0.4,0.4,10,1.0,1.0,4,0.0,0.0,4,0.5,0.16666666666666666,6,0.7,0.5,6,0.5,0.5,10,0.4,0.4,10,0.0,0.0,10
7,L16,W1_KL_0.1,FORCED_ON,fit,U,18,18,0.4444444444444444,0.4444444444444444,18,0.0,0.0,18,0.6666666666666666,0.6666666666666666,18,0.006690410066868126,0.006690410066868126,18,0.4444444444444444,0.4444444444444444,18,1.0,1.0,8,0.0,0.0,8,0.0,0.0,10,0.3,0.3,10,0.05555555555555555,0.05555555555555555,18,0.0,0.0,18,0.0,0.0,18
7,L16,W1_KL_0.1,FORCED_ON,fit,positive,5,1,1.0,1.0,5,1.0,1.0,5,0.0,0.0,5,,,0,0.0,0.0,5,,,0,,,0,1.0,1.0,5,1.0,1.0,5,1.0,1.0,5,1.0,1.0,5,0.0,0.0,5
7,L16,W1_KL_0.1,FORCED_ON,formal_development,T1G,4,4,1.0,1.0,4,1.0,1.0,4,0.0,0.0,4,,,0,0.0,0.0,4,,,0,,,0,1.0,1.0,4,1.0,1.0,4,1.0,1.0,4,0.0,0.0,4,0.0,0.0,4
7,L16,W1_KL_0.1,FORCED_ON,formal_development,T2G,4,1,0.5,0.5,4,0.5,0.5,4,0.25,0.25,4,,,0,0.0,0.0,4,,,0,,,0,0.5,0.5,4,0.75,0.75,4,0.5,0.5,4,0.0,0.0,4,0.0,0.0,4
7,L16,W1_KL_0.1,FORCED_ON,native,positive,1,1,1.0,1.0,1,1.0,1.0,1,0.0,0.0,1,,,0,0.0,0.0,1,,,0,,,0,1.0,1.0,1,1.0,1.0,1,1.0,1.0,1,1.0,1.0,1,0.0,0.0,1
7,L16,W1_KL_1,DISABLED,calibration,H,8,2,0.0,0.0,8,0.0,0.0,8,1.0,1.0,8,0.0,0.0,8,0.0,0.0,8,,,0,,,0,0.0,0.0,8,0.0,0.0,8,0.0,0.0,8,0.0,0.0,8,0.0,0.0,8
7,L16,W1_KL_1,DISABLED,calibration,U,18,18,0.5,0.5,18,0.0,0.0,18,1.0,1.0,18,0.0,0.0,18,0.5,0.5,18,1.0,1.0,9,0.0,0.0,9,0.0,0.0,9,0.0,0.0,9,0.05555555555555555,0.05555555555555555,18,0.0,0.0,18,0.0,0.0,18
7,L16,W1_KL_1,DISABLED,calibration,positive,4,1,0.0,0.0,4,0.0,0.0,4,1.0,1.0,4,,,0,0.0,0.0,4,,,0,,,0,0.0,0.0,4,0.0,0.0,4,0.0,0.0,4,1.0,1.0,4,0.0,0.0,4
7,L16,W1_KL_1,DISABLED,challenge,same_image_other_fact_challenge,12,1,0.5,0.5,12,0.0,0.0,12,1.0,1.0,12,0.0,0.0,12,0.5,0.5,12,1.0,1.0,6,0.0,0.0,6,0.0,0.0,6,0.0,0.0,6,0.0,0.0,12,0.0,0.0,12,0.0,0.0,12
7,L16,W1_KL_1,DISABLED,evaluation,H,8,2,0.0,0.0,8,0.0,0.0,8,1.0,1.0,8,0.0,0.0,8,0.0,0.0,8,,,0,,,0,0.0,0.0,8,0.0,0.0,8,0.0,0.0,8,0.0,0.0,8,0.0,0.0,8
7,L16,W1_KL_1,DISABLED,evaluation,U,18,18,0.4444444444444444,0.4444444444444444,18,0.0,0.0,18,1.0,1.0,18,0.0,0.0,18,0.4444444444444444,0.4444444444444444,18,1.0,1.0,8,0.0,0.0,8,0.0,0.0,10,0.0,0.0,10,0.0,0.0,18,0.0,0.0,18,0.0,0.0,18
7,L16,W1_KL_1,DISABLED,evaluation,positive,4,1,0.0,0.0,4,0.0,0.0,4,1.0,1.0,4,,,0,0.0,0.0,4,,,0,,,0,0.0,0.0,4,0.0,0.0,4,0.0,0.0,4,1.0,1.0,4,0.0,0.0,4
7,L16,W1_KL_1,DISABLED,fit,H,10,2,0.4,0.4,10,0.0,0.0,10,1.0,1.0,10,0.0,0.0,10,0.4,0.4,10,1.0,1.0,4,0.0,0.0,4,0.0,0.0,6,0.0,0.0,6,0.0,0.0,10,0.4,0.4,10,0.0,0.0,10
7,L16,W1_KL_1,DISABLED,fit,U,18,18,0.4444444444444444,0.4444444444444444,18,0.0,0.0,18,1.0,1.0,18,0.0,0.0,18,0.4444444444444444,0.4444444444444444,18,1.0,1.0,8,0.0,0.0,8,0.0,0.0,10,0.0,0.0,10,0.05555555555555555,0.05555555555555555,18,0.0,0.0,18,0.0,0.0,18
7,L16,W1_KL_1,DISABLED,fit,positive,5,1,0.0,0.0,5,0.0,0.0,5,1.0,1.0,5,,,0,0.0,0.0,5,,,0,,,0,0.0,0.0,5,0.0,0.0,5,0.0,0.0,5,1.0,1.0,5,0.0,0.0,5
7,L16,W1_KL_1,DISABLED,formal_development,T1G,4,4,0.0,0.0,4,0.0,0.0,4,1.0,1.0,4,,,0,0.0,0.0,4,,,0,,,0,0.0,0.0,4,0.0,0.0,4,0.0,0.0,4,0.0,0.0,4,0.0,0.0,4
7,L16,W1_KL_1,DISABLED,formal_development,T2G,4,1,0.0,0.0,4,0.0,0.0,4,1.0,1.0,4,,,0,0.0,0.0,4,,,0,,,0,0.0,0.0,4,0.0,0.0,4,0.0,0.0,4,0.0,0.0,4,0.0,0.0,4
7,L16,W1_KL_1,DISABLED,native,positive,1,1,0.0,0.0,1,0.0,0.0,1,1.0,1.0,1,,,0,0.0,0.0,1,,,0,,,0,0.0,0.0,1,0.0,0.0,1,0.0,0.0,1,1.0,1.0,1,0.0,0.0,1
7,L16,W1_KL_1,FIXED_ROUTER,calibration,H,8,2,0.0,0.0,8,0.0,0.0,8,1.0,1.0,8,0.0,0.0,8,0.0,0.0,8,,,0,,,0,0.0,0.0,8,0.0,0.0,8,0.0,0.0,8,0.0,0.0,8,0.0,0.0,8
7,L16,W1_KL_1,FIXED_ROUTER,calibration,U,18,18,0.5,0.5,18,0.0,0.0,18,1.0,1.0,18,0.0,0.0,18,0.5,0.5,18,1.0,1.0,9,0.0,0.0,9,0.0,0.0,9,0.0,0.0,9,0.05555555555555555,0.05555555555555555,18,0.0,0.0,18,0.0,0.0,18
7,L16,W1_KL_1,FIXED_ROUTER,calibration,positive,4,1,0.0,0.0,4,0.0,0.0,4,1.0,1.0,4,,,0,0.0,0.0,4,,,0,,,0,0.0,0.0,4,0.0,0.0,4,0.0,0.0,4,1.0,1.0,4,0.0,0.0,4
7,L16,W1_KL_1,FIXED_ROUTER,challenge,same_image_other_fact_challenge,12,1,0.5,0.5,12,0.0,0.0,12,1.0,1.0,12,0.0,0.0,12,0.5,0.5,12,1.0,1.0,6,0.0,0.0,6,0.0,0.0,6,0.0,0.0,6,0.0,0.0,12,0.0,0.0,12,0.0,0.0,12
7,L16,W1_KL_1,FIXED_ROUTER,evaluation,H,8,2,0.0,0.0,8,0.0,0.0,8,1.0,1.0,8,0.0,0.0,8,0.0,0.0,8,,,0,,,0,0.0,0.0,8,0.0,0.0,8,0.0,0.0,8,0.0,0.0,8,0.0,0.0,8
7,L16,W1_KL_1,FIXED_ROUTER,evaluation,U,18,18,0.4444444444444444,0.4444444444444444,18,0.0,0.0,18,1.0,1.0,18,0.0,0.0,18,0.4444444444444444,0.4444444444444444,18,1.0,1.0,8,0.0,0.0,8,0.0,0.0,10,0.0,0.0,10,0.0,0.0,18,0.0,0.0,18,0.0,0.0,18
7,L16,W1_KL_1,FIXED_ROUTER,evaluation,positive,4,1,0.0,0.0,4,0.0,0.0,4,0.75,0.75,4,,,0,0.0,0.0,4,,,0,,,0,0.0,0.0,4,0.25,0.25,4,0.0,0.0,4,1.0,1.0,4,0.0,0.0,4
7,L16,W1_KL_1,FIXED_ROUTER,fit,H,10,2,0.4,0.4,10,0.0,0.0,10,0.8,0.8,10,0.0004404247156344354,0.0004404247156344354,10,0.4,0.4,10,1.0,1.0,4,0.0,0.0,4,0.0,0.0,6,0.5,0.16666666666666666,6,0.0,0.0,10,0.4,0.4,10,0.0,0.0,10
7,L16,W1_KL_1,FIXED_ROUTER,fit,U,18,18,0.4444444444444444,0.4444444444444444,18,0.0,0.0,18,1.0,1.0,18,0.0,0.0,18,0.4444444444444444,0.4444444444444444,18,1.0,1.0,8,0.0,0.0,8,0.0,0.0,10,0.0,0.0,10,0.05555555555555555,0.05555555555555555,18,0.0,0.0,18,0.0,0.0,18
7,L16,W1_KL_1,FIXED_ROUTER,fit,positive,5,1,0.6,0.6,5,0.6,0.6,5,0.4,0.4,5,,,0,0.0,0.0,5,,,0,,,0,0.6,0.6,5,0.6,0.6,5,0.6,0.6,5,1.0,1.0,5,0.0,0.0,5
7,L16,W1_KL_1,FIXED_ROUTER,formal_development,T1G,4,4,0.0,0.0,4,0.0,0.0,4,1.0,1.0,4,,,0,0.0,0.0,4,,,0,,,0,0.0,0.0,4,0.0,0.0,4,0.0,0.0,4,0.0,0.0,4,0.0,0.0,4
7,L16,W1_KL_1,FIXED_ROUTER,formal_development,T2G,4,1,0.0,0.0,4,0.0,0.0,4,1.0,1.0,4,,,0,0.0,0.0,4,,,0,,,0,0.0,0.0,4,0.0,0.0,4,0.0,0.0,4,0.0,0.0,4,0.0,0.0,4
7,L16,W1_KL_1,FIXED_ROUTER,native,positive,1,1,1.0,1.0,1,1.0,1.0,1,0.0,0.0,1,,,0,0.0,0.0,1,,,0,,,0,1.0,1.0,1,1.0,1.0,1,1.0,1.0,1,1.0,1.0,1,0.0,0.0,1
7,L16,W1_KL_1,FORCED_ON,calibration,H,8,2,0.0,0.0,8,0.0,0.0,8,0.75,0.75,8,0.0010707255132729188,0.0010707255132729188,8,0.0,0.0,8,,,0,,,0,0.0,0.0,8,0.25,0.25,8,0.0,0.0,8,0.0,0.0,8,0.0,0.0,8
7,L16,W1_KL_1,FORCED_ON,calibration,U,18,18,0.5,0.5,18,0.0,0.0,18,0.5555555555555556,0.5555555555555556,18,0.0032663271898248545,0.0032663271898248545,18,0.5,0.5,18,0.8888888888888888,0.8888888888888888,9,0.1111111111111111,0.1111111111111111,9,0.1111111111111111,0.1111111111111111,9,0.4444444444444444,0.4444444444444444,9,0.1111111111111111,0.1111111111111111,18,0.0,0.0,18,0.0,0.0,18
7,L16,W1_KL_1,FORCED_ON,calibration,positive,4,1,0.0,0.0,4,0.0,0.0,4,1.0,1.0,4,,,0,0.0,0.0,4,,,0,,,0,0.0,0.0,4,0.0,0.0,4,0.0,0.0,4,1.0,1.0,4,0.0,0.0,4
7,L16,W1_KL_1,FORCED_ON,challenge,same_image_other_fact_challenge,12,1,0.5,0.5,12,0.0,0.0,12,0.75,0.75,12,0.0020245233148064776,0.0020245233148064776,12,0.5,0.5,12,1.0,1.0,6,0.0,0.0,6,0.0,0.0,6,0.16666666666666666,0.16666666666666666,6,0.0,0.0,12,0.0,0.0,12,0.0,0.0,12
7,L16,W1_KL_1,FORCED_ON,evaluation,H,8,2,0.0,0.0,8,0.0,0.0,8,1.0,1.0,8,0.0010662852437235415,0.0010662852437235415,8,0.0,0.0,8,,,0,,,0,0.0,0.0,8,0.0,0.0,8,0.0,0.0,8,0.0,0.0,8,0.0,0.0,8
7,L16,W1_KL_1,FORCED_ON,evaluation,U,18,18,0.3888888888888889,0.3888888888888889,18,0.0,0.0,18,0.5555555555555556,0.5555555555555556,18,0.003258378911090808,0.003258378911090808,18,0.4444444444444444,0.4444444444444444,18,0.875,0.875,8,0.125,0.125,8,0.0,0.0,10,0.4,0.4,10,0.0,0.0,18,0.0,0.0,18,0.0,0.0,18
7,L16,W1_KL_1,FORCED_ON,evaluation,positive,4,1,0.0,0.0,4,0.0,0.0,4,0.75,0.75,4,,,0,0.0,0.0,4,,,0,,,0,0.0,0.0,4,0.25,0.25,4,0.0,0.0,4,1.0,1.0,4,0.0,0.0,4
7,L16,W1_KL_1,FORCED_ON,fit,H,10,2,0.4,0.4,10,0.0,0.0,10,0.7,0.7,10,0.00110283805988729,0.00110283805988729,10,0.4,0.4,10,1.0,1.0,4,0.0,0.0,4,0.0,0.0,6,0.6,0.3333333333333333,6,0.0,0.0,10,0.4,0.4,10,0.0,0.0,10
7,L16,W1_KL_1,FORCED_ON,fit,U,18,18,0.3888888888888889,0.3888888888888889,18,0.0,0.0,18,0.6111111111111112,0.6111111111111112,18,0.006085514614824206,0.006085514614824206,18,0.4444444444444444,0.4444444444444444,18,0.875,0.875,8,0.125,0.125,8,0.0,0.0,10,0.4,0.4,10,0.05555555555555555,0.05555555555555555,18,0.0,0.0,18,0.0,0.0,18
7,L16,W1_KL_1,FORCED_ON,fit,positive,5,1,0.6,0.6,5,0.6,0.6,5,0.4,0.4,5,,,0,0.0,0.0,5,,,0,,,0,0.6,0.6,5,0.6,0.6,5,0.6,0.6,5,1.0,1.0,5,0.0,0.0,5
7,L16,W1_KL_1,FORCED_ON,formal_development,T1G,4,4,1.0,1.0,4,1.0,1.0,4,0.0,0.0,4,,,0,0.0,0.0,4,,,0,,,0,1.0,1.0,4,1.0,1.0,4,1.0,1.0,4,0.0,0.0,4,0.0,0.0,4
7,L16,W1_KL_1,FORCED_ON,formal_development,T2G,4,1,0.25,0.25,4,0.25,0.25,4,0.25,0.25,4,,,0,0.0,0.0,4,,,0,,,0,0.25,0.25,4,0.75,0.75,4,0.25,0.25,4,0.0,0.0,4,0.0,0.0,4
7,L16,W1_KL_1,FORCED_ON,native,positive,1,1,1.0,1.0,1,1.0,1.0,1,0.0,0.0,1,,,0,0.0,0.0,1,,,0,,,0,1.0,1.0,1,1.0,1.0,1,1.0,1.0,1,1.0,1.0,1,0.0,0.0,1
7,L16,W1_KL_10,DISABLED,calibration,H,8,2,0.0,0.0,8,0.0,0.0,8,1.0,1.0,8,0.0,0.0,8,0.0,0.0,8,,,0,,,0,0.0,0.0,8,0.0,0.0,8,0.0,0.0,8,0.0,0.0,8,0.0,0.0,8
7,L16,W1_KL_10,DISABLED,calibration,U,18,18,0.5,0.5,18,0.0,0.0,18,1.0,1.0,18,0.0,0.0,18,0.5,0.5,18,1.0,1.0,9,0.0,0.0,9,0.0,0.0,9,0.0,0.0,9,0.05555555555555555,0.05555555555555555,18,0.0,0.0,18,0.0,0.0,18
7,L16,W1_KL_10,DISABLED,calibration,positive,4,1,0.0,0.0,4,0.0,0.0,4,1.0,1.0,4,,,0,0.0,0.0,4,,,0,,,0,0.0,0.0,4,0.0,0.0,4,0.0,0.0,4,1.0,1.0,4,0.0,0.0,4
7,L16,W1_KL_10,DISABLED,challenge,same_image_other_fact_challenge,12,1,0.5,0.5,12,0.0,0.0,12,1.0,1.0,12,0.0,0.0,12,0.5,0.5,12,1.0,1.0,6,0.0,0.0,6,0.0,0.0,6,0.0,0.0,6,0.0,0.0,12,0.0,0.0,12,0.0,0.0,12
7,L16,W1_KL_10,DISABLED,evaluation,H,8,2,0.0,0.0,8,0.0,0.0,8,1.0,1.0,8,0.0,0.0,8,0.0,0.0,8,,,0,,,0,0.0,0.0,8,0.0,0.0,8,0.0,0.0,8,0.0,0.0,8,0.0,0.0,8
7,L16,W1_KL_10,DISABLED,evaluation,U,18,18,0.4444444444444444,0.4444444444444444,18,0.0,0.0,18,1.0,1.0,18,0.0,0.0,18,0.4444444444444444,0.4444444444444444,18,1.0,1.0,8,0.0,0.0,8,0.0,0.0,10,0.0,0.0,10,0.0,0.0,18,0.0,0.0,18,0.0,0.0,18
7,L16,W1_KL_10,DISABLED,evaluation,positive,4,1,0.0,0.0,4,0.0,0.0,4,1.0,1.0,4,,,0,0.0,0.0,4,,,0,,,0,0.0,0.0,4,0.0,0.0,4,0.0,0.0,4,1.0,1.0,4,0.0,0.0,4
7,L16,W1_KL_10,DISABLED,fit,H,10,2,0.4,0.4,10,0.0,0.0,10,1.0,1.0,10,0.0,0.0,10,0.4,0.4,10,1.0,1.0,4,0.0,0.0,4,0.0,0.0,6,0.0,0.0,6,0.0,0.0,10,0.4,0.4,10,0.0,0.0,10
7,L16,W1_KL_10,DISABLED,fit,U,18,18,0.4444444444444444,0.4444444444444444,18,0.0,0.0,18,1.0,1.0,18,0.0,0.0,18,0.4444444444444444,0.4444444444444444,18,1.0,1.0,8,0.0,0.0,8,0.0,0.0,10,0.0,0.0,10,0.05555555555555555,0.05555555555555555,18,0.0,0.0,18,0.0,0.0,18
7,L16,W1_KL_10,DISABLED,fit,positive,5,1,0.0,0.0,5,0.0,0.0,5,1.0,1.0,5,,,0,0.0,0.0,5,,,0,,,0,0.0,0.0,5,0.0,0.0,5,0.0,0.0,5,1.0,1.0,5,0.0,0.0,5
7,L16,W1_KL_10,DISABLED,formal_development,T1G,4,4,0.0,0.0,4,0.0,0.0,4,1.0,1.0,4,,,0,0.0,0.0,4,,,0,,,0,0.0,0.0,4,0.0,0.0,4,0.0,0.0,4,0.0,0.0,4,0.0,0.0,4
7,L16,W1_KL_10,DISABLED,formal_development,T2G,4,1,0.0,0.0,4,0.0,0.0,4,1.0,1.0,4,,,0,0.0,0.0,4,,,0,,,0,0.0,0.0,4,0.0,0.0,4,0.0,0.0,4,0.0,0.0,4,0.0,0.0,4
7,L16,W1_KL_10,DISABLED,native,positive,1,1,0.0,0.0,1,0.0,0.0,1,1.0,1.0,1,,,0,0.0,0.0,1,,,0,,,0,0.0,0.0,1,0.0,0.0,1,0.0,0.0,1,1.0,1.0,1,0.0,0.0,1
7,L16,W1_KL_10,FIXED_ROUTER,calibration,H,8,2,0.0,0.0,8,0.0,0.0,8,1.0,1.0,8,0.0,0.0,8,0.0,0.0,8,,,0,,,0,0.0,0.0,8,0.0,0.0,8,0.0,0.0,8,0.0,0.0,8,0.0,0.0,8
7,L16,W1_KL_10,FIXED_ROUTER,calibration,U,18,18,0.5,0.5,18,0.0,0.0,18,1.0,1.0,18,0.0,0.0,18,0.5,0.5,18,1.0,1.0,9,0.0,0.0,9,0.0,0.0,9,0.0,0.0,9,0.05555555555555555,0.05555555555555555,18,0.0,0.0,18,0.0,0.0,18
7,L16,W1_KL_10,FIXED_ROUTER,calibration,positive,4,1,0.0,0.0,4,0.0,0.0,4,1.0,1.0,4,,,0,0.0,0.0,4,,,0,,,0,0.0,0.0,4,0.0,0.0,4,0.0,0.0,4,1.0,1.0,4,0.0,0.0,4
7,L16,W1_KL_10,FIXED_ROUTER,challenge,same_image_other_fact_challenge,12,1,0.5,0.5,12,0.0,0.0,12,1.0,1.0,12,0.0,0.0,12,0.5,0.5,12,1.0,1.0,6,0.0,0.0,6,0.0,0.0,6,0.0,0.0,6,0.0,0.0,12,0.0,0.0,12,0.0,0.0,12
7,L16,W1_KL_10,FIXED_ROUTER,evaluation,H,8,2,0.0,0.0,8,0.0,0.0,8,1.0,1.0,8,0.0,0.0,8,0.0,0.0,8,,,0,,,0,0.0,0.0,8,0.0,0.0,8,0.0,0.0,8,0.0,0.0,8,0.0,0.0,8
7,L16,W1_KL_10,FIXED_ROUTER,evaluation,U,18,18,0.4444444444444444,0.4444444444444444,18,0.0,0.0,18,1.0,1.0,18,0.0,0.0,18,0.4444444444444444,0.4444444444444444,18,1.0,1.0,8,0.0,0.0,8,0.0,0.0,10,0.0,0.0,10,0.0,0.0,18,0.0,0.0,18,0.0,0.0,18
7,L16,W1_KL_10,FIXED_ROUTER,evaluation,positive,4,1,0.0,0.0,4,0.0,0.0,4,0.75,0.75,4,,,0,0.0,0.0,4,,,0,,,0,0.0,0.0,4,0.25,0.25,4,0.0,0.0,4,1.0,1.0,4,0.0,0.0,4
7,L16,W1_KL_10,FIXED_ROUTER,fit,H,10,2,0.4,0.4,10,0.0,0.0,10,0.7,0.7,10,0.0003216706681996584,0.0003216706681996584,10,0.4,0.4,10,1.0,1.0,4,0.0,0.0,4,0.0,0.0,6,0.5,0.16666666666666666,6,0.1,0.1,10,0.4,0.4,10,0.0,0.0,10
7,L16,W1_KL_10,FIXED_ROUTER,fit,U,18,18,0.4444444444444444,0.4444444444444444,18,0.0,0.0,18,1.0,1.0,18,0.0,0.0,18,0.4444444444444444,0.4444444444444444,18,1.0,1.0,8,0.0,0.0,8,0.0,0.0,10,0.0,0.0,10,0.05555555555555555,0.05555555555555555,18,0.0,0.0,18,0.0,0.0,18
7,L16,W1_KL_10,FIXED_ROUTER,fit,positive,5,1,1.0,1.0,5,1.0,1.0,5,0.0,0.0,5,,,0,0.0,0.0,5,,,0,,,0,1.0,1.0,5,1.0,1.0,5,1.0,1.0,5,1.0,1.0,5,0.0,0.0,5
7,L16,W1_KL_10,FIXED_ROUTER,formal_development,T1G,4,4,0.0,0.0,4,0.0,0.0,4,1.0,1.0,4,,,0,0.0,0.0,4,,,0,,,0,0.0,0.0,4,0.0,0.0,4,0.0,0.0,4,0.0,0.0,4,0.0,0.0,4
7,L16,W1_KL_10,FIXED_ROUTER,formal_development,T2G,4,1,0.0,0.0,4,0.0,0.0,4,1.0,1.0,4,,,0,0.0,0.0,4,,,0,,,0,0.0,0.0,4,0.0,0.0,4,0.0,0.0,4,0.0,0.0,4,0.0,0.0,4
7,L16,W1_KL_10,FIXED_ROUTER,native,positive,1,1,1.0,1.0,1,1.0,1.0,1,0.0,0.0,1,,,0,0.0,0.0,1,,,0,,,0,1.0,1.0,1,1.0,1.0,1,1.0,1.0,1,1.0,1.0,1,0.0,0.0,1
7,L16,W1_KL_10,FORCED_ON,calibration,H,8,2,0.0,0.0,8,0.0,0.0,8,0.875,0.875,8,0.0007169402961153537,0.0007169402961153537,8,0.0,0.0,8,,,0,,,0,0.0,0.0,8,0.125,0.125,8,0.0,0.0,8,0.0,0.0,8,0.0,0.0,8
7,L16,W1_KL_10,FORCED_ON,calibration,U,18,18,0.4444444444444444,0.4444444444444444,18,0.0,0.0,18,0.5,0.5,18,0.0031623894578337464,0.0031623894578337464,18,0.5,0.5,18,0.7777777777777778,0.7777777777777778,9,0.2222222222222222,0.2222222222222222,9,0.1111111111111111,0.1111111111111111,9,0.4444444444444444,0.4444444444444444,9,0.05555555555555555,0.05555555555555555,18,0.0,0.0,18,0.0,0.0,18
7,L16,W1_KL_10,FORCED_ON,calibration,positive,4,1,0.0,0.0,4,0.0,0.0,4,1.0,1.0,4,,,0,0.0,0.0,4,,,0,,,0,0.0,0.0,4,0.0,0.0,4,0.0,0.0,4,1.0,1.0,4,0.0,0.0,4
7,L16,W1_KL_10,FORCED_ON,challenge,same_image_other_fact_challenge,12,1,0.5,0.5,12,0.0,0.0,12,0.75,0.75,12,0.002170220924502549,0.002170220924502549,12,0.5,0.5,12,1.0,1.0,6,0.0,0.0,6,0.0,0.0,6,0.16666666666666666,0.16666666666666666,6,0.0,0.0,12,0.0,0.0,12,0.0,0.0,12
7,L16,W1_KL_10,FORCED_ON,evaluation,H,8,2,0.0,0.0,8,0.0,0.0,8,1.0,1.0,8,0.0006748860614607111,0.0006748860614607111,8,0.0,0.0,8,,,0,,,0,0.0,0.0,8,0.0,0.0,8,0.0,0.0,8,0.0,0.0,8,0.0,0.0,8
7,L16,W1_KL_10,FORCED_ON,evaluation,U,18,18,0.3888888888888889,0.3888888888888889,18,0.0,0.0,18,0.6111111111111112,0.6111111111111112,18,0.0033759854656333723,0.0033759854656333723,18,0.4444444444444444,0.4444444444444444,18,0.875,0.875,8,0.125,0.125,8,0.0,0.0,10,0.2,0.2,10,0.0,0.0,18,0.0,0.0,18,0.0,0.0,18
7,L16,W1_KL_10,FORCED_ON,evaluation,positive,4,1,0.0,0.0,4,0.0,0.0,4,0.75,0.75,4,,,0,0.0,0.0,4,,,0,,,0,0.0,0.0,4,0.25,0.25,4,0.0,0.0,4,1.0,1.0,4,0.0,0.0,4
7,L16,W1_KL_10,FORCED_ON,fit,H,10,2,0.4,0.4,10,0.0,0.0,10,0.7,0.7,10,0.0007752720266580582,0.0007752720266580582,10,0.4,0.4,10,1.0,1.0,4,0.0,0.0,4,0.0,0.0,6,0.5,0.16666666666666666,6,0.1,0.1,10,0.4,0.4,10,0.0,0.0,10
7,L16,W1_KL_10,FORCED_ON,fit,U,18,18,0.4444444444444444,0.4444444444444444,18,0.0,0.0,18,0.5555555555555556,0.5555555555555556,18,0.003929517545556236,0.003929517545556236,18,0.4444444444444444,0.4444444444444444,18,0.875,0.875,8,0.125,0.125,8,0.1,0.1,10,0.6,0.6,10,0.05555555555555555,0.05555555555555555,18,0.0,0.0,18,0.0,0.0,18
7,L16,W1_KL_10,FORCED_ON,fit,positive,5,1,1.0,1.0,5,1.0,1.0,5,0.0,0.0,5,,,0,0.0,0.0,5,,,0,,,0,1.0,1.0,5,1.0,1.0,5,1.0,1.0,5,1.0,1.0,5,0.0,0.0,5
7,L16,W1_KL_10,FORCED_ON,formal_development,T1G,4,4,1.0,1.0,4,1.0,1.0,4,0.0,0.0,4,,,0,0.0,0.0,4,,,0,,,0,1.0,1.0,4,1.0,1.0,4,1.0,1.0,4,0.0,0.0,4,0.0,0.0,4
7,L16,W1_KL_10,FORCED_ON,formal_development,T2G,4,1,0.25,0.25,4,0.25,0.25,4,0.25,0.25,4,,,0,0.0,0.0,4,,,0,,,0,0.25,0.25,4,0.75,0.75,4,0.25,0.25,4,0.0,0.0,4,0.0,0.0,4
7,L16,W1_KL_10,FORCED_ON,native,positive,1,1,1.0,1.0,1,1.0,1.0,1,0.0,0.0,1,,,0,0.0,0.0,1,,,0,,,0,1.0,1.0,1,1.0,1.0,1,1.0,1.0,1,1.0,1.0,1,0.0,0.0,1
7,L16,W2_GROUP_CONSTRAINED,DISABLED,calibration,H,8,2,0.0,0.0,8,0.0,0.0,8,1.0,1.0,8,0.0,0.0,8,0.0,0.0,8,,,0,,,0,0.0,0.0,8,0.0,0.0,8,0.0,0.0,8,0.0,0.0,8,0.0,0.0,8
7,L16,W2_GROUP_CONSTRAINED,DISABLED,calibration,U,18,18,0.5,0.5,18,0.0,0.0,18,1.0,1.0,18,0.0,0.0,18,0.5,0.5,18,1.0,1.0,9,0.0,0.0,9,0.0,0.0,9,0.0,0.0,9,0.05555555555555555,0.05555555555555555,18,0.0,0.0,18,0.0,0.0,18
7,L16,W2_GROUP_CONSTRAINED,DISABLED,calibration,positive,4,1,0.0,0.0,4,0.0,0.0,4,1.0,1.0,4,,,0,0.0,0.0,4,,,0,,,0,0.0,0.0,4,0.0,0.0,4,0.0,0.0,4,1.0,1.0,4,0.0,0.0,4
7,L16,W2_GROUP_CONSTRAINED,DISABLED,challenge,same_image_other_fact_challenge,12,1,0.5,0.5,12,0.0,0.0,12,1.0,1.0,12,0.0,0.0,12,0.5,0.5,12,1.0,1.0,6,0.0,0.0,6,0.0,0.0,6,0.0,0.0,6,0.0,0.0,12,0.0,0.0,12,0.0,0.0,12
7,L16,W2_GROUP_CONSTRAINED,DISABLED,evaluation,H,8,2,0.0,0.0,8,0.0,0.0,8,1.0,1.0,8,0.0,0.0,8,0.0,0.0,8,,,0,,,0,0.0,0.0,8,0.0,0.0,8,0.0,0.0,8,0.0,0.0,8,0.0,0.0,8
7,L16,W2_GROUP_CONSTRAINED,DISABLED,evaluation,U,18,18,0.4444444444444444,0.4444444444444444,18,0.0,0.0,18,1.0,1.0,18,0.0,0.0,18,0.4444444444444444,0.4444444444444444,18,1.0,1.0,8,0.0,0.0,8,0.0,0.0,10,0.0,0.0,10,0.0,0.0,18,0.0,0.0,18,0.0,0.0,18
7,L16,W2_GROUP_CONSTRAINED,DISABLED,evaluation,positive,4,1,0.0,0.0,4,0.0,0.0,4,1.0,1.0,4,,,0,0.0,0.0,4,,,0,,,0,0.0,0.0,4,0.0,0.0,4,0.0,0.0,4,1.0,1.0,4,0.0,0.0,4
7,L16,W2_GROUP_CONSTRAINED,DISABLED,fit,H,10,2,0.4,0.4,10,0.0,0.0,10,1.0,1.0,10,0.0,0.0,10,0.4,0.4,10,1.0,1.0,4,0.0,0.0,4,0.0,0.0,6,0.0,0.0,6,0.0,0.0,10,0.4,0.4,10,0.0,0.0,10
7,L16,W2_GROUP_CONSTRAINED,DISABLED,fit,U,18,18,0.4444444444444444,0.4444444444444444,18,0.0,0.0,18,1.0,1.0,18,0.0,0.0,18,0.4444444444444444,0.4444444444444444,18,1.0,1.0,8,0.0,0.0,8,0.0,0.0,10,0.0,0.0,10,0.05555555555555555,0.05555555555555555,18,0.0,0.0,18,0.0,0.0,18
7,L16,W2_GROUP_CONSTRAINED,DISABLED,fit,positive,5,1,0.0,0.0,5,0.0,0.0,5,1.0,1.0,5,,,0,0.0,0.0,5,,,0,,,0,0.0,0.0,5,0.0,0.0,5,0.0,0.0,5,1.0,1.0,5,0.0,0.0,5
7,L16,W2_GROUP_CONSTRAINED,DISABLED,formal_development,T1G,4,4,0.0,0.0,4,0.0,0.0,4,1.0,1.0,4,,,0,0.0,0.0,4,,,0,,,0,0.0,0.0,4,0.0,0.0,4,0.0,0.0,4,0.0,0.0,4,0.0,0.0,4
7,L16,W2_GROUP_CONSTRAINED,DISABLED,formal_development,T2G,4,1,0.0,0.0,4,0.0,0.0,4,1.0,1.0,4,,,0,0.0,0.0,4,,,0,,,0,0.0,0.0,4,0.0,0.0,4,0.0,0.0,4,0.0,0.0,4,0.0,0.0,4
7,L16,W2_GROUP_CONSTRAINED,DISABLED,native,positive,1,1,0.0,0.0,1,0.0,0.0,1,1.0,1.0,1,,,0,0.0,0.0,1,,,0,,,0,0.0,0.0,1,0.0,0.0,1,0.0,0.0,1,1.0,1.0,1,0.0,0.0,1
7,L16,W2_GROUP_CONSTRAINED,FIXED_ROUTER,calibration,H,8,2,0.0,0.0,8,0.0,0.0,8,1.0,1.0,8,0.0,0.0,8,0.0,0.0,8,,,0,,,0,0.0,0.0,8,0.0,0.0,8,0.0,0.0,8,0.0,0.0,8,0.0,0.0,8
7,L16,W2_GROUP_CONSTRAINED,FIXED_ROUTER,calibration,U,18,18,0.5,0.5,18,0.0,0.0,18,1.0,1.0,18,0.0,0.0,18,0.5,0.5,18,1.0,1.0,9,0.0,0.0,9,0.0,0.0,9,0.0,0.0,9,0.05555555555555555,0.05555555555555555,18,0.0,0.0,18,0.0,0.0,18
7,L16,W2_GROUP_CONSTRAINED,FIXED_ROUTER,calibration,positive,4,1,1.0,1.0,4,1.0,1.0,4,0.0,0.0,4,,,0,0.0,0.0,4,,,0,,,0,1.0,1.0,4,1.0,1.0,4,1.0,1.0,4,1.0,1.0,4,0.0,0.0,4
7,L16,W2_GROUP_CONSTRAINED,FIXED_ROUTER,challenge,same_image_other_fact_challenge,12,1,0.5,0.5,12,0.0,0.0,12,1.0,1.0,12,0.0,0.0,12,0.5,0.5,12,1.0,1.0,6,0.0,0.0,6,0.0,0.0,6,0.0,0.0,6,0.0,0.0,12,0.0,0.0,12,0.0,0.0,12
7,L16,W2_GROUP_CONSTRAINED,FIXED_ROUTER,evaluation,H,8,2,0.0,0.0,8,0.0,0.0,8,1.0,1.0,8,0.0,0.0,8,0.0,0.0,8,,,0,,,0,0.0,0.0,8,0.0,0.0,8,0.0,0.0,8,0.0,0.0,8,0.0,0.0,8
7,L16,W2_GROUP_CONSTRAINED,FIXED_ROUTER,evaluation,U,18,18,0.4444444444444444,0.4444444444444444,18,0.0,0.0,18,1.0,1.0,18,0.0,0.0,18,0.4444444444444444,0.4444444444444444,18,1.0,1.0,8,0.0,0.0,8,0.0,0.0,10,0.0,0.0,10,0.0,0.0,18,0.0,0.0,18,0.0,0.0,18
7,L16,W2_GROUP_CONSTRAINED,FIXED_ROUTER,evaluation,positive,4,1,1.0,1.0,4,1.0,1.0,4,0.0,0.0,4,,,0,0.0,0.0,4,,,0,,,0,1.0,1.0,4,1.0,1.0,4,1.0,1.0,4,1.0,1.0,4,0.0,0.0,4
7,L16,W2_GROUP_CONSTRAINED,FIXED_ROUTER,fit,H,10,2,0.5,0.5,10,0.0,0.0,10,0.6,0.6,10,0.0328527644276619,0.0328527644276619,10,0.4,0.4,10,1.0,1.0,4,0.0,0.0,4,0.5,0.16666666666666666,6,0.5,0.16666666666666666,6,0.4,0.4,10,0.4,0.4,10,0.0,0.0,10
7,L16,W2_GROUP_CONSTRAINED,FIXED_ROUTER,fit,U,18,18,0.4444444444444444,0.4444444444444444,18,0.0,0.0,18,1.0,1.0,18,0.0,0.0,18,0.4444444444444444,0.4444444444444444,18,1.0,1.0,8,0.0,0.0,8,0.0,0.0,10,0.0,0.0,10,0.05555555555555555,0.05555555555555555,18,0.0,0.0,18,0.0,0.0,18
7,L16,W2_GROUP_CONSTRAINED,FIXED_ROUTER,fit,positive,5,1,1.0,1.0,5,1.0,1.0,5,0.0,0.0,5,,,0,0.0,0.0,5,,,0,,,0,1.0,1.0,5,1.0,1.0,5,1.0,1.0,5,1.0,1.0,5,0.0,0.0,5
7,L16,W2_GROUP_CONSTRAINED,FIXED_ROUTER,formal_development,T1G,4,4,0.0,0.0,4,0.0,0.0,4,1.0,1.0,4,,,0,0.0,0.0,4,,,0,,,0,0.0,0.0,4,0.0,0.0,4,0.0,0.0,4,0.0,0.0,4,0.0,0.0,4
7,L16,W2_GROUP_CONSTRAINED,FIXED_ROUTER,formal_development,T2G,4,1,0.0,0.0,4,0.0,0.0,4,1.0,1.0,4,,,0,0.0,0.0,4,,,0,,,0,0.0,0.0,4,0.0,0.0,4,0.0,0.0,4,0.0,0.0,4,0.0,0.0,4
7,L16,W2_GROUP_CONSTRAINED,FIXED_ROUTER,native,positive,1,1,1.0,1.0,1,1.0,1.0,1,0.0,0.0,1,,,0,0.0,0.0,1,,,0,,,0,1.0,1.0,1,1.0,1.0,1,1.0,1.0,1,1.0,1.0,1,0.0,0.0,1
7,L16,W2_GROUP_CONSTRAINED,FORCED_ON,calibration,H,8,2,0.0,0.0,8,0.0,0.0,8,0.0,0.0,8,0.06569794984534383,0.06569794984534383,8,0.0,0.0,8,,,0,,,0,0.0,0.0,8,1.0,1.0,8,1.0,1.0,8,0.0,0.0,8,0.0,0.0,8
7,L16,W2_GROUP_CONSTRAINED,FORCED_ON,calibration,U,18,18,0.4444444444444444,0.4444444444444444,18,0.0,0.0,18,0.6111111111111112,0.6111111111111112,18,0.0030354338151583862,0.0030354338151583862,18,0.5,0.5,18,0.8888888888888888,0.8888888888888888,9,0.1111111111111111,0.1111111111111111,9,0.0,0.0,9,0.2222222222222222,0.2222222222222222,9,0.05555555555555555,0.05555555555555555,18,0.0,0.0,18,0.0,0.0,18
7,L16,W2_GROUP_CONSTRAINED,FORCED_ON,calibration,positive,4,1,1.0,1.0,4,1.0,1.0,4,0.0,0.0,4,,,0,0.0,0.0,4,,,0,,,0,1.0,1.0,4,1.0,1.0,4,1.0,1.0,4,1.0,1.0,4,0.0,0.0,4
7,L16,W2_GROUP_CONSTRAINED,FORCED_ON,challenge,same_image_other_fact_challenge,12,1,0.5,0.5,12,0.0,0.0,12,0.75,0.75,12,0.001946864255539064,0.001946864255539064,12,0.5,0.5,12,1.0,1.0,6,0.0,0.0,6,0.0,0.0,6,0.16666666666666666,0.16666666666666666,6,0.0,0.0,12,0.0,0.0,12,0.0,0.0,12
7,L16,W2_GROUP_CONSTRAINED,FORCED_ON,evaluation,H,8,2,0.0,0.0,8,0.0,0.0,8,0.0,0.0,8,0.0625775302760303,0.0625775302760303,8,0.0,0.0,8,,,0,,,0,0.0,0.0,8,1.0,1.0,8,1.0,1.0,8,0.0,0.0,8,0.0,0.0,8
7,L16,W2_GROUP_CONSTRAINED,FORCED_ON,evaluation,U,18,18,0.3888888888888889,0.3888888888888889,18,0.0,0.0,18,0.5,0.5,18,0.003276362678863936,0.003276362678863936,18,0.4444444444444444,0.4444444444444444,18,0.875,0.875,8,0.125,0.125,8,0.0,0.0,10,0.4,0.4,10,0.0,0.0,18,0.0,0.0,18,0.0,0.0,18
7,L16,W2_GROUP_CONSTRAINED,FORCED_ON,evaluation,positive,4,1,1.0,1.0,4,1.0,1.0,4,0.0,0.0,4,,,0,0.0,0.0,4,,,0,,,0,1.0,1.0,4,1.0,1.0,4,1.0,1.0,4,1.0,1.0,4,0.0,0.0,4
7,L16,W2_GROUP_CONSTRAINED,FORCED_ON,fit,H,10,2,0.5,0.5,10,0.0,0.0,10,0.0,0.0,10,0.09151981770992279,0.09151981770992279,10,0.4,0.4,10,1.0,1.0,4,0.0,0.0,4,0.5,0.16666666666666666,6,1.0,1.0,6,1.0,1.0,10,0.4,0.4,10,0.0,0.0,10
7,L16,W2_GROUP_CONSTRAINED,FORCED_ON,fit,U,18,18,0.3888888888888889,0.3888888888888889,18,0.0,0.0,18,0.5,0.5,18,0.004032510882502215,0.004032510882502215,18,0.4444444444444444,0.4444444444444444,18,0.875,0.875,8,0.125,0.125,8,0.0,0.0,10,0.5,0.5,10,0.05555555555555555,0.05555555555555555,18,0.0,0.0,18,0.0,0.0,18
7,L16,W2_GROUP_CONSTRAINED,FORCED_ON,fit,positive,5,1,1.0,1.0,5,1.0,1.0,5,0.0,0.0,5,,,0,0.0,0.0,5,,,0,,,0,1.0,1.0,5,1.0,1.0,5,1.0,1.0,5,1.0,1.0,5,0.0,0.0,5
7,L16,W2_GROUP_CONSTRAINED,FORCED_ON,formal_development,T1G,4,4,1.0,1.0,4,1.0,1.0,4,0.0,0.0,4,,,0,0.0,0.0,4,,,0,,,0,1.0,1.0,4,1.0,1.0,4,1.0,1.0,4,0.0,0.0,4,0.0,0.0,4
7,L16,W2_GROUP_CONSTRAINED,FORCED_ON,formal_development,T2G,4,1,0.75,0.75,4,0.75,0.75,4,0.25,0.25,4,,,0,0.0,0.0,4,,,0,,,0,0.75,0.75,4,0.75,0.75,4,0.75,0.75,4,0.0,0.0,4,0.0,0.0,4
7,L16,W2_GROUP_CONSTRAINED,FORCED_ON,native,positive,1,1,1.0,1.0,1,1.0,1.0,1,0.0,0.0,1,,,0,0.0,0.0,1,,,0,,,0,1.0,1.0,1,1.0,1.0,1,1.0,1.0,1,1.0,1.0,1,0.0,0.0,1
7,P4,W0_TASK_ONLY,DISABLED,calibration,H,8,2,0.0,0.0,8,0.0,0.0,8,1.0,1.0,8,0.0,0.0,8,0.0,0.0,8,,,0,,,0,0.0,0.0,8,0.0,0.0,8,0.0,0.0,8,0.0,0.0,8,0.0,0.0,8
7,P4,W0_TASK_ONLY,DISABLED,calibration,U,18,18,0.5,0.5,18,0.0,0.0,18,1.0,1.0,18,0.0,0.0,18,0.5,0.5,18,1.0,1.0,9,0.0,0.0,9,0.0,0.0,9,0.0,0.0,9,0.05555555555555555,0.05555555555555555,18,0.0,0.0,18,0.0,0.0,18
7,P4,W0_TASK_ONLY,DISABLED,calibration,positive,4,1,0.0,0.0,4,0.0,0.0,4,1.0,1.0,4,,,0,0.0,0.0,4,,,0,,,0,0.0,0.0,4,0.0,0.0,4,0.0,0.0,4,1.0,1.0,4,0.0,0.0,4
7,P4,W0_TASK_ONLY,DISABLED,challenge,same_image_other_fact_challenge,12,1,0.5,0.5,12,0.0,0.0,12,1.0,1.0,12,0.0,0.0,12,0.5,0.5,12,1.0,1.0,6,0.0,0.0,6,0.0,0.0,6,0.0,0.0,6,0.0,0.0,12,0.0,0.0,12,0.0,0.0,12
7,P4,W0_TASK_ONLY,DISABLED,evaluation,H,8,2,0.0,0.0,8,0.0,0.0,8,1.0,1.0,8,0.0,0.0,8,0.0,0.0,8,,,0,,,0,0.0,0.0,8,0.0,0.0,8,0.0,0.0,8,0.0,0.0,8,0.0,0.0,8
7,P4,W0_TASK_ONLY,DISABLED,evaluation,U,18,18,0.4444444444444444,0.4444444444444444,18,0.0,0.0,18,1.0,1.0,18,0.0,0.0,18,0.4444444444444444,0.4444444444444444,18,1.0,1.0,8,0.0,0.0,8,0.0,0.0,10,0.0,0.0,10,0.0,0.0,18,0.0,0.0,18,0.0,0.0,18
7,P4,W0_TASK_ONLY,DISABLED,evaluation,positive,4,1,0.0,0.0,4,0.0,0.0,4,1.0,1.0,4,,,0,0.0,0.0,4,,,0,,,0,0.0,0.0,4,0.0,0.0,4,0.0,0.0,4,1.0,1.0,4,0.0,0.0,4
7,P4,W0_TASK_ONLY,DISABLED,fit,H,10,2,0.4,0.4,10,0.0,0.0,10,1.0,1.0,10,0.0,0.0,10,0.4,0.4,10,1.0,1.0,4,0.0,0.0,4,0.0,0.0,6,0.0,0.0,6,0.0,0.0,10,0.4,0.4,10,0.0,0.0,10
7,P4,W0_TASK_ONLY,DISABLED,fit,U,18,18,0.4444444444444444,0.4444444444444444,18,0.0,0.0,18,1.0,1.0,18,0.0,0.0,18,0.4444444444444444,0.4444444444444444,18,1.0,1.0,8,0.0,0.0,8,0.0,0.0,10,0.0,0.0,10,0.05555555555555555,0.05555555555555555,18,0.0,0.0,18,0.0,0.0,18
7,P4,W0_TASK_ONLY,DISABLED,fit,positive,5,1,0.0,0.0,5,0.0,0.0,5,1.0,1.0,5,,,0,0.0,0.0,5,,,0,,,0,0.0,0.0,5,0.0,0.0,5,0.0,0.0,5,1.0,1.0,5,0.0,0.0,5
7,P4,W0_TASK_ONLY,DISABLED,formal_development,T1G,4,4,0.0,0.0,4,0.0,0.0,4,1.0,1.0,4,,,0,0.0,0.0,4,,,0,,,0,0.0,0.0,4,0.0,0.0,4,0.0,0.0,4,0.0,0.0,4,0.0,0.0,4
7,P4,W0_TASK_ONLY,DISABLED,formal_development,T2G,4,1,0.0,0.0,4,0.0,0.0,4,1.0,1.0,4,,,0,0.0,0.0,4,,,0,,,0,0.0,0.0,4,0.0,0.0,4,0.0,0.0,4,0.0,0.0,4,0.0,0.0,4
7,P4,W0_TASK_ONLY,DISABLED,native,positive,1,1,0.0,0.0,1,0.0,0.0,1,1.0,1.0,1,,,0,0.0,0.0,1,,,0,,,0,0.0,0.0,1,0.0,0.0,1,0.0,0.0,1,1.0,1.0,1,0.0,0.0,1
7,P4,W0_TASK_ONLY,FIXED_ROUTER,calibration,H,8,2,0.0,0.0,8,0.0,0.0,8,1.0,1.0,8,0.0,0.0,8,0.0,0.0,8,,,0,,,0,0.0,0.0,8,0.0,0.0,8,0.0,0.0,8,0.0,0.0,8,0.0,0.0,8
7,P4,W0_TASK_ONLY,FIXED_ROUTER,calibration,U,18,18,0.5,0.5,18,0.0,0.0,18,1.0,1.0,18,0.0,0.0,18,0.5,0.5,18,1.0,1.0,9,0.0,0.0,9,0.0,0.0,9,0.0,0.0,9,0.05555555555555555,0.05555555555555555,18,0.0,0.0,18,0.0,0.0,18
7,P4,W0_TASK_ONLY,FIXED_ROUTER,calibration,positive,4,1,1.0,1.0,4,1.0,1.0,4,0.0,0.0,4,,,0,0.0,0.0,4,,,0,,,0,1.0,1.0,4,1.0,1.0,4,1.0,1.0,4,1.0,1.0,4,0.0,0.0,4
7,P4,W0_TASK_ONLY,FIXED_ROUTER,challenge,same_image_other_fact_challenge,12,1,0.5,0.5,12,0.0,0.0,12,1.0,1.0,12,0.0,0.0,12,0.5,0.5,12,1.0,1.0,6,0.0,0.0,6,0.0,0.0,6,0.0,0.0,6,0.0,0.0,12,0.0,0.0,12,0.0,0.0,12
7,P4,W0_TASK_ONLY,FIXED_ROUTER,evaluation,H,8,2,0.0,0.0,8,0.0,0.0,8,1.0,1.0,8,0.0,0.0,8,0.0,0.0,8,,,0,,,0,0.0,0.0,8,0.0,0.0,8,0.0,0.0,8,0.0,0.0,8,0.0,0.0,8
7,P4,W0_TASK_ONLY,FIXED_ROUTER,evaluation,U,18,18,0.4444444444444444,0.4444444444444444,18,0.0,0.0,18,1.0,1.0,18,0.0,0.0,18,0.4444444444444444,0.4444444444444444,18,1.0,1.0,8,0.0,0.0,8,0.0,0.0,10,0.0,0.0,10,0.0,0.0,18,0.0,0.0,18,0.0,0.0,18
7,P4,W0_TASK_ONLY,FIXED_ROUTER,evaluation,positive,4,1,1.0,1.0,4,1.0,1.0,4,0.0,0.0,4,,,0,0.0,0.0,4,,,0,,,0,1.0,1.0,4,1.0,1.0,4,1.0,1.0,4,1.0,1.0,4,0.0,0.0,4
7,P4,W0_TASK_ONLY,FIXED_ROUTER,fit,H,10,2,0.5,0.5,10,0.0,0.0,10,0.6,0.6,10,0.12806937992572784,0.12806937992572784,10,0.4,0.4,10,1.0,1.0,4,0.0,0.0,4,0.5,0.16666666666666666,6,0.5,0.16666666666666666,6,0.4,0.4,10,0.4,0.4,10,0.0,0.0,10
7,P4,W0_TASK_ONLY,FIXED_ROUTER,fit,U,18,18,0.4444444444444444,0.4444444444444444,18,0.0,0.0,18,1.0,1.0,18,0.0,0.0,18,0.4444444444444444,0.4444444444444444,18,1.0,1.0,8,0.0,0.0,8,0.0,0.0,10,0.0,0.0,10,0.05555555555555555,0.05555555555555555,18,0.0,0.0,18,0.0,0.0,18
7,P4,W0_TASK_ONLY,FIXED_ROUTER,fit,positive,5,1,1.0,1.0,5,1.0,1.0,5,0.0,0.0,5,,,0,0.0,0.0,5,,,0,,,0,1.0,1.0,5,1.0,1.0,5,1.0,1.0,5,1.0,1.0,5,0.0,0.0,5
7,P4,W0_TASK_ONLY,FIXED_ROUTER,formal_development,T1G,4,4,0.0,0.0,4,0.0,0.0,4,1.0,1.0,4,,,0,0.0,0.0,4,,,0,,,0,0.0,0.0,4,0.0,0.0,4,0.0,0.0,4,0.0,0.0,4,0.0,0.0,4
7,P4,W0_TASK_ONLY,FIXED_ROUTER,formal_development,T2G,4,1,0.0,0.0,4,0.0,0.0,4,1.0,1.0,4,,,0,0.0,0.0,4,,,0,,,0,0.0,0.0,4,0.0,0.0,4,0.0,0.0,4,0.0,0.0,4,0.0,0.0,4
7,P4,W0_TASK_ONLY,FIXED_ROUTER,native,positive,1,1,1.0,1.0,1,1.0,1.0,1,0.0,0.0,1,,,0,0.0,0.0,1,,,0,,,0,1.0,1.0,1,1.0,1.0,1,1.0,1.0,1,1.0,1.0,1,0.0,0.0,1
7,P4,W0_TASK_ONLY,FORCED_ON,calibration,H,8,2,0.0,0.0,8,0.0,0.0,8,0.0,0.0,8,0.22857477515935898,0.22857477515935898,8,0.0,0.0,8,,,0,,,0,0.0,0.0,8,1.0,1.0,8,1.0,1.0,8,0.0,0.0,8,0.0,0.0,8
7,P4,W0_TASK_ONLY,FORCED_ON,calibration,U,18,18,0.3888888888888889,0.3888888888888889,18,0.0,0.0,18,0.3888888888888889,0.3888888888888889,18,0.02030220093567752,0.02030220093567752,18,0.5,0.5,18,0.6666666666666666,0.6666666666666666,9,0.3333333333333333,0.3333333333333333,9,0.1111111111111111,0.1111111111111111,9,0.5555555555555556,0.5555555555555556,9,0.1111111111111111,0.1111111111111111,18,0.0,0.0,18,0.0,0.0,18
7,P4,W0_TASK_ONLY,FORCED_ON,calibration,positive,4,1,1.0,1.0,4,1.0,1.0,4,0.0,0.0,4,,,0,0.0,0.0,4,,,0,,,0,1.0,1.0,4,1.0,1.0,4,1.0,1.0,4,1.0,1.0,4,0.0,0.0,4
7,P4,W0_TASK_ONLY,FORCED_ON,challenge,same_image_other_fact_challenge,12,1,0.5,0.5,12,0.0,0.0,12,0.6666666666666666,0.6666666666666666,12,0.01319513206059734,0.01319513206059734,12,0.5,0.5,12,1.0,1.0,6,0.0,0.0,6,0.0,0.0,6,0.16666666666666666,0.16666666666666666,6,0.0,0.0,12,0.0,0.0,12,0.0,0.0,12
7,P4,W0_TASK_ONLY,FORCED_ON,evaluation,H,8,2,0.0,0.0,8,0.0,0.0,8,0.0,0.0,8,0.23011881671845913,0.23011881671845913,8,0.0,0.0,8,,,0,,,0,0.0,0.0,8,1.0,1.0,8,1.0,1.0,8,0.0,0.0,8,0.0,0.0,8
7,P4,W0_TASK_ONLY,FORCED_ON,evaluation,U,18,18,0.3888888888888889,0.3888888888888889,18,0.0,0.0,18,0.3333333333333333,0.3333333333333333,18,0.014528230634621449,0.014528230634621449,18,0.4444444444444444,0.4444444444444444,18,0.75,0.75,8,0.25,0.25,8,0.1,0.1,10,0.6,0.6,10,0.0,0.0,18,0.0,0.0,18,0.0,0.0,18
7,P4,W0_TASK_ONLY,FORCED_ON,evaluation,positive,4,1,1.0,1.0,4,1.0,1.0,4,0.0,0.0,4,,,0,0.0,0.0,4,,,0,,,0,1.0,1.0,4,1.0,1.0,4,1.0,1.0,4,1.0,1.0,4,0.0,0.0,4
7,P4,W0_TASK_ONLY,FORCED_ON,fit,H,10,2,0.5,0.5,10,0.0,0.0,10,0.0,0.0,10,0.37135925740003584,0.37135925740003584,10,0.4,0.4,10,1.0,1.0,4,0.0,0.0,4,0.5,0.16666666666666666,6,1.0,1.0,6,1.0,1.0,10,0.4,0.4,10,0.0,0.0,10
7,P4,W0_TASK_ONLY,FORCED_ON,fit,U,18,18,0.3888888888888889,0.3888888888888889,18,0.0,0.0,18,0.4444444444444444,0.4444444444444444,18,0.01850388554804441,0.01850388554804441,18,0.4444444444444444,0.4444444444444444,18,0.875,0.875,8,0.125,0.125,8,0.0,0.0,10,0.6,0.6,10,0.05555555555555555,0.05555555555555555,18,0.0,0.0,18,0.0,0.0,18
7,P4,W0_TASK_ONLY,FORCED_ON,fit,positive,5,1,1.0,1.0,5,1.0,1.0,5,0.0,0.0,5,,,0,0.0,0.0,5,,,0,,,0,1.0,1.0,5,1.0,1.0,5,1.0,1.0,5,1.0,1.0,5,0.0,0.0,5
7,P4,W0_TASK_ONLY,FORCED_ON,formal_development,T1G,4,4,1.0,1.0,4,1.0,1.0,4,0.0,0.0,4,,,0,0.0,0.0,4,,,0,,,0,1.0,1.0,4,1.0,1.0,4,1.0,1.0,4,0.0,0.0,4,0.0,0.0,4
7,P4,W0_TASK_ONLY,FORCED_ON,formal_development,T2G,4,1,1.0,1.0,4,1.0,1.0,4,0.0,0.0,4,,,0,0.0,0.0,4,,,0,,,0,1.0,1.0,4,1.0,1.0,4,1.0,1.0,4,0.0,0.0,4,0.0,0.0,4
7,P4,W0_TASK_ONLY,FORCED_ON,native,positive,1,1,1.0,1.0,1,1.0,1.0,1,0.0,0.0,1,,,0,0.0,0.0,1,,,0,,,0,1.0,1.0,1,1.0,1.0,1,1.0,1.0,1,1.0,1.0,1,0.0,0.0,1
7,P4,W1_KL_0.1,DISABLED,calibration,H,8,2,0.0,0.0,8,0.0,0.0,8,1.0,1.0,8,0.0,0.0,8,0.0,0.0,8,,,0,,,0,0.0,0.0,8,0.0,0.0,8,0.0,0.0,8,0.0,0.0,8,0.0,0.0,8
7,P4,W1_KL_0.1,DISABLED,calibration,U,18,18,0.5,0.5,18,0.0,0.0,18,1.0,1.0,18,0.0,0.0,18,0.5,0.5,18,1.0,1.0,9,0.0,0.0,9,0.0,0.0,9,0.0,0.0,9,0.05555555555555555,0.05555555555555555,18,0.0,0.0,18,0.0,0.0,18
7,P4,W1_KL_0.1,DISABLED,calibration,positive,4,1,0.0,0.0,4,0.0,0.0,4,1.0,1.0,4,,,0,0.0,0.0,4,,,0,,,0,0.0,0.0,4,0.0,0.0,4,0.0,0.0,4,1.0,1.0,4,0.0,0.0,4
7,P4,W1_KL_0.1,DISABLED,challenge,same_image_other_fact_challenge,12,1,0.5,0.5,12,0.0,0.0,12,1.0,1.0,12,0.0,0.0,12,0.5,0.5,12,1.0,1.0,6,0.0,0.0,6,0.0,0.0,6,0.0,0.0,6,0.0,0.0,12,0.0,0.0,12,0.0,0.0,12
7,P4,W1_KL_0.1,DISABLED,evaluation,H,8,2,0.0,0.0,8,0.0,0.0,8,1.0,1.0,8,0.0,0.0,8,0.0,0.0,8,,,0,,,0,0.0,0.0,8,0.0,0.0,8,0.0,0.0,8,0.0,0.0,8,0.0,0.0,8
7,P4,W1_KL_0.1,DISABLED,evaluation,U,18,18,0.4444444444444444,0.4444444444444444,18,0.0,0.0,18,1.0,1.0,18,0.0,0.0,18,0.4444444444444444,0.4444444444444444,18,1.0,1.0,8,0.0,0.0,8,0.0,0.0,10,0.0,0.0,10,0.0,0.0,18,0.0,0.0,18,0.0,0.0,18
7,P4,W1_KL_0.1,DISABLED,evaluation,positive,4,1,0.0,0.0,4,0.0,0.0,4,1.0,1.0,4,,,0,0.0,0.0,4,,,0,,,0,0.0,0.0,4,0.0,0.0,4,0.0,0.0,4,1.0,1.0,4,0.0,0.0,4
7,P4,W1_KL_0.1,DISABLED,fit,H,10,2,0.4,0.4,10,0.0,0.0,10,1.0,1.0,10,0.0,0.0,10,0.4,0.4,10,1.0,1.0,4,0.0,0.0,4,0.0,0.0,6,0.0,0.0,6,0.0,0.0,10,0.4,0.4,10,0.0,0.0,10
7,P4,W1_KL_0.1,DISABLED,fit,U,18,18,0.4444444444444444,0.4444444444444444,18,0.0,0.0,18,1.0,1.0,18,0.0,0.0,18,0.4444444444444444,0.4444444444444444,18,1.0,1.0,8,0.0,0.0,8,0.0,0.0,10,0.0,0.0,10,0.05555555555555555,0.05555555555555555,18,0.0,0.0,18,0.0,0.0,18
7,P4,W1_KL_0.1,DISABLED,fit,positive,5,1,0.0,0.0,5,0.0,0.0,5,1.0,1.0,5,,,0,0.0,0.0,5,,,0,,,0,0.0,0.0,5,0.0,0.0,5,0.0,0.0,5,1.0,1.0,5,0.0,0.0,5
7,P4,W1_KL_0.1,DISABLED,formal_development,T1G,4,4,0.0,0.0,4,0.0,0.0,4,1.0,1.0,4,,,0,0.0,0.0,4,,,0,,,0,0.0,0.0,4,0.0,0.0,4,0.0,0.0,4,0.0,0.0,4,0.0,0.0,4
7,P4,W1_KL_0.1,DISABLED,formal_development,T2G,4,1,0.0,0.0,4,0.0,0.0,4,1.0,1.0,4,,,0,0.0,0.0,4,,,0,,,0,0.0,0.0,4,0.0,0.0,4,0.0,0.0,4,0.0,0.0,4,0.0,0.0,4
7,P4,W1_KL_0.1,DISABLED,native,positive,1,1,0.0,0.0,1,0.0,0.0,1,1.0,1.0,1,,,0,0.0,0.0,1,,,0,,,0,0.0,0.0,1,0.0,0.0,1,0.0,0.0,1,1.0,1.0,1,0.0,0.0,1
7,P4,W1_KL_0.1,FIXED_ROUTER,calibration,H,8,2,0.0,0.0,8,0.0,0.0,8,1.0,1.0,8,0.0,0.0,8,0.0,0.0,8,,,0,,,0,0.0,0.0,8,0.0,0.0,8,0.0,0.0,8,0.0,0.0,8,0.0,0.0,8
7,P4,W1_KL_0.1,FIXED_ROUTER,calibration,U,18,18,0.5,0.5,18,0.0,0.0,18,1.0,1.0,18,0.0,0.0,18,0.5,0.5,18,1.0,1.0,9,0.0,0.0,9,0.0,0.0,9,0.0,0.0,9,0.05555555555555555,0.05555555555555555,18,0.0,0.0,18,0.0,0.0,18
7,P4,W1_KL_0.1,FIXED_ROUTER,calibration,positive,4,1,1.0,1.0,4,1.0,1.0,4,0.0,0.0,4,,,0,0.0,0.0,4,,,0,,,0,1.0,1.0,4,1.0,1.0,4,1.0,1.0,4,1.0,1.0,4,0.0,0.0,4
7,P4,W1_KL_0.1,FIXED_ROUTER,challenge,same_image_other_fact_challenge,12,1,0.5,0.5,12,0.0,0.0,12,1.0,1.0,12,0.0,0.0,12,0.5,0.5,12,1.0,1.0,6,0.0,0.0,6,0.0,0.0,6,0.0,0.0,6,0.0,0.0,12,0.0,0.0,12,0.0,0.0,12
7,P4,W1_KL_0.1,FIXED_ROUTER,evaluation,H,8,2,0.0,0.0,8,0.0,0.0,8,1.0,1.0,8,0.0,0.0,8,0.0,0.0,8,,,0,,,0,0.0,0.0,8,0.0,0.0,8,0.0,0.0,8,0.0,0.0,8,0.0,0.0,8
7,P4,W1_KL_0.1,FIXED_ROUTER,evaluation,U,18,18,0.4444444444444444,0.4444444444444444,18,0.0,0.0,18,1.0,1.0,18,0.0,0.0,18,0.4444444444444444,0.4444444444444444,18,1.0,1.0,8,0.0,0.0,8,0.0,0.0,10,0.0,0.0,10,0.0,0.0,18,0.0,0.0,18,0.0,0.0,18
7,P4,W1_KL_0.1,FIXED_ROUTER,evaluation,positive,4,1,1.0,1.0,4,1.0,1.0,4,0.0,0.0,4,,,0,0.0,0.0,4,,,0,,,0,1.0,1.0,4,1.0,1.0,4,1.0,1.0,4,1.0,1.0,4,0.0,0.0,4
7,P4,W1_KL_0.1,FIXED_ROUTER,fit,H,10,2,0.5,0.5,10,0.0,0.0,10,0.6,0.6,10,0.034115946665406224,0.034115946665406224,10,0.4,0.4,10,1.0,1.0,4,0.0,0.0,4,0.5,0.16666666666666666,6,0.5,0.16666666666666666,6,0.4,0.4,10,0.4,0.4,10,0.0,0.0,10
7,P4,W1_KL_0.1,FIXED_ROUTER,fit,U,18,18,0.4444444444444444,0.4444444444444444,18,0.0,0.0,18,1.0,1.0,18,0.0,0.0,18,0.4444444444444444,0.4444444444444444,18,1.0,1.0,8,0.0,0.0,8,0.0,0.0,10,0.0,0.0,10,0.05555555555555555,0.05555555555555555,18,0.0,0.0,18,0.0,0.0,18
7,P4,W1_KL_0.1,FIXED_ROUTER,fit,positive,5,1,1.0,1.0,5,1.0,1.0,5,0.0,0.0,5,,,0,0.0,0.0,5,,,0,,,0,1.0,1.0,5,1.0,1.0,5,1.0,1.0,5,1.0,1.0,5,0.0,0.0,5
7,P4,W1_KL_0.1,FIXED_ROUTER,formal_development,T1G,4,4,0.0,0.0,4,0.0,0.0,4,1.0,1.0,4,,,0,0.0,0.0,4,,,0,,,0,0.0,0.0,4,0.0,0.0,4,0.0,0.0,4,0.0,0.0,4,0.0,0.0,4
7,P4,W1_KL_0.1,FIXED_ROUTER,formal_development,T2G,4,1,0.0,0.0,4,0.0,0.0,4,1.0,1.0,4,,,0,0.0,0.0,4,,,0,,,0,0.0,0.0,4,0.0,0.0,4,0.0,0.0,4,0.0,0.0,4,0.0,0.0,4
7,P4,W1_KL_0.1,FIXED_ROUTER,native,positive,1,1,1.0,1.0,1,1.0,1.0,1,0.0,0.0,1,,,0,0.0,0.0,1,,,0,,,0,1.0,1.0,1,1.0,1.0,1,1.0,1.0,1,1.0,1.0,1,0.0,0.0,1
7,P4,W1_KL_0.1,FORCED_ON,calibration,H,8,2,0.0,0.0,8,0.0,0.0,8,0.0,0.0,8,0.05069489683955908,0.05069489683955908,8,0.0,0.0,8,,,0,,,0,0.0,0.0,8,1.0,1.0,8,1.0,1.0,8,0.0,0.0,8,0.0,0.0,8
7,P4,W1_KL_0.1,FORCED_ON,calibration,U,18,18,0.3888888888888889,0.3888888888888889,18,0.0,0.0,18,0.4444444444444444,0.4444444444444444,18,0.002875147379300971,0.002875147379300971,18,0.5,0.5,18,0.6666666666666666,0.6666666666666666,9,0.3333333333333333,0.3333333333333333,9,0.1111111111111111,0.1111111111111111,9,0.5555555555555556,0.5555555555555556,9,0.1111111111111111,0.1111111111111111,18,0.0,0.0,18,0.0,0.0,18
7,P4,W1_KL_0.1,FORCED_ON,calibration,positive,4,1,1.0,1.0,4,1.0,1.0,4,0.0,0.0,4,,,0,0.0,0.0,4,,,0,,,0,1.0,1.0,4,1.0,1.0,4,1.0,1.0,4,1.0,1.0,4,0.0,0.0,4
7,P4,W1_KL_0.1,FORCED_ON,challenge,same_image_other_fact_challenge,12,1,0.5,0.5,12,0.0,0.0,12,0.8333333333333334,0.8333333333333334,12,0.00239253769783924,0.00239253769783924,12,0.5,0.5,12,1.0,1.0,6,0.0,0.0,6,0.0,0.0,6,0.16666666666666666,0.16666666666666666,6,0.0,0.0,12,0.0,0.0,12,0.0,0.0,12
7,P4,W1_KL_0.1,FORCED_ON,evaluation,H,8,2,0.0,0.0,8,0.0,0.0,8,0.0,0.0,8,0.04969612369313836,0.04969612369313836,8,0.0,0.0,8,,,0,,,0,0.0,0.0,8,1.0,1.0,8,1.0,1.0,8,0.0,0.0,8,0.0,0.0,8
7,P4,W1_KL_0.1,FORCED_ON,evaluation,U,18,18,0.3888888888888889,0.3888888888888889,18,0.0,0.0,18,0.7222222222222222,0.7222222222222222,18,0.00322092438970382,0.00322092438970382,18,0.4444444444444444,0.4444444444444444,18,0.875,0.875,8,0.125,0.125,8,0.0,0.0,10,0.2,0.2,10,0.0,0.0,18,0.0,0.0,18,0.0,0.0,18
7,P4,W1_KL_0.1,FORCED_ON,evaluation,positive,4,1,1.0,1.0,4,1.0,1.0,4,0.0,0.0,4,,,0,0.0,0.0,4,,,0,,,0,1.0,1.0,4,1.0,1.0,4,1.0,1.0,4,1.0,1.0,4,0.0,0.0,4
7,P4,W1_KL_0.1,FORCED_ON,fit,H,10,2,0.5,0.5,10,0.0,0.0,10,0.0,0.0,10,0.08475934267044066,0.08475934267044068,10,0.4,0.4,10,1.0,1.0,4,0.0,0.0,4,0.5,0.16666666666666666,6,1.0,1.0,6,1.0,1.0,10,0.4,0.4,10,0.0,0.0,10
7,P4,W1_KL_0.1,FORCED_ON,fit,U,18,18,0.3888888888888889,0.3888888888888889,18,0.0,0.0,18,0.7222222222222222,0.7222222222222222,18,0.0020946245963892173,0.0020946245963892173,18,0.4444444444444444,0.4444444444444444,18,0.875,0.875,8,0.125,0.125,8,0.0,0.0,10,0.3,0.3,10,0.05555555555555555,0.05555555555555555,18,0.0,0.0,18,0.0,0.0,18
7,P4,W1_KL_0.1,FORCED_ON,fit,positive,5,1,1.0,1.0,5,1.0,1.0,5,0.0,0.0,5,,,0,0.0,0.0,5,,,0,,,0,1.0,1.0,5,1.0,1.0,5,1.0,1.0,5,1.0,1.0,5,0.0,0.0,5
7,P4,W1_KL_0.1,FORCED_ON,formal_development,T1G,4,4,1.0,1.0,4,1.0,1.0,4,0.0,0.0,4,,,0,0.0,0.0,4,,,0,,,0,1.0,1.0,4,1.0,1.0,4,1.0,1.0,4,0.0,0.0,4,0.0,0.0,4
7,P4,W1_KL_0.1,FORCED_ON,formal_development,T2G,4,1,0.5,0.5,4,0.5,0.5,4,0.25,0.25,4,,,0,0.0,0.0,4,,,0,,,0,0.5,0.5,4,0.75,0.75,4,0.5,0.5,4,0.0,0.0,4,0.0,0.0,4
7,P4,W1_KL_0.1,FORCED_ON,native,positive,1,1,1.0,1.0,1,1.0,1.0,1,0.0,0.0,1,,,0,0.0,0.0,1,,,0,,,0,1.0,1.0,1,1.0,1.0,1,1.0,1.0,1,1.0,1.0,1,0.0,0.0,1
7,P4,W1_KL_1,DISABLED,calibration,H,8,2,0.0,0.0,8,0.0,0.0,8,1.0,1.0,8,0.0,0.0,8,0.0,0.0,8,,,0,,,0,0.0,0.0,8,0.0,0.0,8,0.0,0.0,8,0.0,0.0,8,0.0,0.0,8
7,P4,W1_KL_1,DISABLED,calibration,U,18,18,0.5,0.5,18,0.0,0.0,18,1.0,1.0,18,0.0,0.0,18,0.5,0.5,18,1.0,1.0,9,0.0,0.0,9,0.0,0.0,9,0.0,0.0,9,0.05555555555555555,0.05555555555555555,18,0.0,0.0,18,0.0,0.0,18
7,P4,W1_KL_1,DISABLED,calibration,positive,4,1,0.0,0.0,4,0.0,0.0,4,1.0,1.0,4,,,0,0.0,0.0,4,,,0,,,0,0.0,0.0,4,0.0,0.0,4,0.0,0.0,4,1.0,1.0,4,0.0,0.0,4
7,P4,W1_KL_1,DISABLED,challenge,same_image_other_fact_challenge,12,1,0.5,0.5,12,0.0,0.0,12,1.0,1.0,12,0.0,0.0,12,0.5,0.5,12,1.0,1.0,6,0.0,0.0,6,0.0,0.0,6,0.0,0.0,6,0.0,0.0,12,0.0,0.0,12,0.0,0.0,12
7,P4,W1_KL_1,DISABLED,evaluation,H,8,2,0.0,0.0,8,0.0,0.0,8,1.0,1.0,8,0.0,0.0,8,0.0,0.0,8,,,0,,,0,0.0,0.0,8,0.0,0.0,8,0.0,0.0,8,0.0,0.0,8,0.0,0.0,8
7,P4,W1_KL_1,DISABLED,evaluation,U,18,18,0.4444444444444444,0.4444444444444444,18,0.0,0.0,18,1.0,1.0,18,0.0,0.0,18,0.4444444444444444,0.4444444444444444,18,1.0,1.0,8,0.0,0.0,8,0.0,0.0,10,0.0,0.0,10,0.0,0.0,18,0.0,0.0,18,0.0,0.0,18
7,P4,W1_KL_1,DISABLED,evaluation,positive,4,1,0.0,0.0,4,0.0,0.0,4,1.0,1.0,4,,,0,0.0,0.0,4,,,0,,,0,0.0,0.0,4,0.0,0.0,4,0.0,0.0,4,1.0,1.0,4,0.0,0.0,4
7,P4,W1_KL_1,DISABLED,fit,H,10,2,0.4,0.4,10,0.0,0.0,10,1.0,1.0,10,0.0,0.0,10,0.4,0.4,10,1.0,1.0,4,0.0,0.0,4,0.0,0.0,6,0.0,0.0,6,0.0,0.0,10,0.4,0.4,10,0.0,0.0,10
7,P4,W1_KL_1,DISABLED,fit,U,18,18,0.4444444444444444,0.4444444444444444,18,0.0,0.0,18,1.0,1.0,18,0.0,0.0,18,0.4444444444444444,0.4444444444444444,18,1.0,1.0,8,0.0,0.0,8,0.0,0.0,10,0.0,0.0,10,0.05555555555555555,0.05555555555555555,18,0.0,0.0,18,0.0,0.0,18
7,P4,W1_KL_1,DISABLED,fit,positive,5,1,0.0,0.0,5,0.0,0.0,5,1.0,1.0,5,,,0,0.0,0.0,5,,,0,,,0,0.0,0.0,5,0.0,0.0,5,0.0,0.0,5,1.0,1.0,5,0.0,0.0,5
7,P4,W1_KL_1,DISABLED,formal_development,T1G,4,4,0.0,0.0,4,0.0,0.0,4,1.0,1.0,4,,,0,0.0,0.0,4,,,0,,,0,0.0,0.0,4,0.0,0.0,4,0.0,0.0,4,0.0,0.0,4,0.0,0.0,4
7,P4,W1_KL_1,DISABLED,formal_development,T2G,4,1,0.0,0.0,4,0.0,0.0,4,1.0,1.0,4,,,0,0.0,0.0,4,,,0,,,0,0.0,0.0,4,0.0,0.0,4,0.0,0.0,4,0.0,0.0,4,0.0,0.0,4
7,P4,W1_KL_1,DISABLED,native,positive,1,1,0.0,0.0,1,0.0,0.0,1,1.0,1.0,1,,,0,0.0,0.0,1,,,0,,,0,0.0,0.0,1,0.0,0.0,1,0.0,0.0,1,1.0,1.0,1,0.0,0.0,1
7,P4,W1_KL_1,FIXED_ROUTER,calibration,H,8,2,0.0,0.0,8,0.0,0.0,8,1.0,1.0,8,0.0,0.0,8,0.0,0.0,8,,,0,,,0,0.0,0.0,8,0.0,0.0,8,0.0,0.0,8,0.0,0.0,8,0.0,0.0,8
7,P4,W1_KL_1,FIXED_ROUTER,calibration,U,18,18,0.5,0.5,18,0.0,0.0,18,1.0,1.0,18,0.0,0.0,18,0.5,0.5,18,1.0,1.0,9,0.0,0.0,9,0.0,0.0,9,0.0,0.0,9,0.05555555555555555,0.05555555555555555,18,0.0,0.0,18,0.0,0.0,18
7,P4,W1_KL_1,FIXED_ROUTER,calibration,positive,4,1,1.0,1.0,4,1.0,1.0,4,0.0,0.0,4,,,0,0.0,0.0,4,,,0,,,0,1.0,1.0,4,1.0,1.0,4,1.0,1.0,4,1.0,1.0,4,0.0,0.0,4
7,P4,W1_KL_1,FIXED_ROUTER,challenge,same_image_other_fact_challenge,12,1,0.5,0.5,12,0.0,0.0,12,1.0,1.0,12,0.0,0.0,12,0.5,0.5,12,1.0,1.0,6,0.0,0.0,6,0.0,0.0,6,0.0,0.0,6,0.0,0.0,12,0.0,0.0,12,0.0,0.0,12
7,P4,W1_KL_1,FIXED_ROUTER,evaluation,H,8,2,0.0,0.0,8,0.0,0.0,8,1.0,1.0,8,0.0,0.0,8,0.0,0.0,8,,,0,,,0,0.0,0.0,8,0.0,0.0,8,0.0,0.0,8,0.0,0.0,8,0.0,0.0,8
7,P4,W1_KL_1,FIXED_ROUTER,evaluation,U,18,18,0.4444444444444444,0.4444444444444444,18,0.0,0.0,18,1.0,1.0,18,0.0,0.0,18,0.4444444444444444,0.4444444444444444,18,1.0,1.0,8,0.0,0.0,8,0.0,0.0,10,0.0,0.0,10,0.0,0.0,18,0.0,0.0,18,0.0,0.0,18
7,P4,W1_KL_1,FIXED_ROUTER,evaluation,positive,4,1,1.0,1.0,4,1.0,1.0,4,0.0,0.0,4,,,0,0.0,0.0,4,,,0,,,0,1.0,1.0,4,1.0,1.0,4,1.0,1.0,4,1.0,1.0,4,0.0,0.0,4
7,P4,W1_KL_1,FIXED_ROUTER,fit,H,10,2,0.5,0.5,10,0.0,0.0,10,0.6,0.6,10,0.015032641962170601,0.015032641962170601,10,0.4,0.4,10,1.0,1.0,4,0.0,0.0,4,0.5,0.16666666666666666,6,0.5,0.16666666666666666,6,0.4,0.4,10,0.4,0.4,10,0.0,0.0,10
7,P4,W1_KL_1,FIXED_ROUTER,fit,U,18,18,0.4444444444444444,0.4444444444444444,18,0.0,0.0,18,1.0,1.0,18,0.0,0.0,18,0.4444444444444444,0.4444444444444444,18,1.0,1.0,8,0.0,0.0,8,0.0,0.0,10,0.0,0.0,10,0.05555555555555555,0.05555555555555555,18,0.0,0.0,18,0.0,0.0,18
7,P4,W1_KL_1,FIXED_ROUTER,fit,positive,5,1,1.0,1.0,5,1.0,1.0,5,0.0,0.0,5,,,0,0.0,0.0,5,,,0,,,0,1.0,1.0,5,1.0,1.0,5,1.0,1.0,5,1.0,1.0,5,0.0,0.0,5
7,P4,W1_KL_1,FIXED_ROUTER,formal_development,T1G,4,4,0.0,0.0,4,0.0,0.0,4,1.0,1.0,4,,,0,0.0,0.0,4,,,0,,,0,0.0,0.0,4,0.0,0.0,4,0.0,0.0,4,0.0,0.0,4,0.0,0.0,4
7,P4,W1_KL_1,FIXED_ROUTER,formal_development,T2G,4,1,0.0,0.0,4,0.0,0.0,4,1.0,1.0,4,,,0,0.0,0.0,4,,,0,,,0,0.0,0.0,4,0.0,0.0,4,0.0,0.0,4,0.0,0.0,4,0.0,0.0,4
7,P4,W1_KL_1,FIXED_ROUTER,native,positive,1,1,1.0,1.0,1,1.0,1.0,1,0.0,0.0,1,,,0,0.0,0.0,1,,,0,,,0,1.0,1.0,1,1.0,1.0,1,1.0,1.0,1,1.0,1.0,1,0.0,0.0,1
7,P4,W1_KL_1,FORCED_ON,calibration,H,8,2,0.0,0.0,8,0.0,0.0,8,0.0,0.0,8,0.018340295646339655,0.018340295646339655,8,0.0,0.0,8,,,0,,,0,0.0,0.0,8,1.0,1.0,8,1.0,1.0,8,0.0,0.0,8,0.0,0.0,8
7,P4,W1_KL_1,FORCED_ON,calibration,U,18,18,0.5,0.5,18,0.0,0.0,18,0.5555555555555556,0.5555555555555556,18,0.001834580922150053,0.001834580922150053,18,0.5,0.5,18,0.8888888888888888,0.8888888888888888,9,0.1111111111111111,0.1111111111111111,9,0.1111111111111111,0.1111111111111111,9,0.5555555555555556,0.5555555555555556,9,0.1111111111111111,0.1111111111111111,18,0.0,0.0,18,0.0,0.0,18
7,P4,W1_KL_1,FORCED_ON,calibration,positive,4,1,1.0,1.0,4,1.0,1.0,4,0.0,0.0,4,,,0,0.0,0.0,4,,,0,,,0,1.0,1.0,4,1.0,1.0,4,1.0,1.0,4,1.0,1.0,4,0.0,0.0,4
7,P4,W1_KL_1,FORCED_ON,challenge,same_image_other_fact_challenge,12,1,0.5,0.5,12,0.0,0.0,12,0.8333333333333334,0.8333333333333334,12,0.001451118698848101,0.001451118698848101,12,0.5,0.5,12,1.0,1.0,6,0.0,0.0,6,0.0,0.0,6,0.16666666666666666,0.16666666666666666,6,0.0,0.0,12,0.0,0.0,12,0.0,0.0,12
7,P4,W1_KL_1,FORCED_ON,evaluation,H,8,2,0.0,0.0,8,0.0,0.0,8,0.0,0.0,8,0.017197870882228017,0.017197870882228017,8,0.0,0.0,8,,,0,,,0,0.0,0.0,8,1.0,1.0,8,1.0,1.0,8,0.0,0.0,8,0.0,0.0,8
7,P4,W1_KL_1,FORCED_ON,evaluation,U,18,18,0.4444444444444444,0.4444444444444444,18,0.0,0.0,18,0.7777777777777778,0.7777777777777778,18,0.002118934380834819,0.002118934380834819,18,0.4444444444444444,0.4444444444444444,18,1.0,1.0,8,0.0,0.0,8,0.0,0.0,10,0.2,0.2,10,0.0,0.0,18,0.0,0.0,18,0.0,0.0,18
7,P4,W1_KL_1,FORCED_ON,evaluation,positive,4,1,1.0,1.0,4,1.0,1.0,4,0.0,0.0,4,,,0,0.0,0.0,4,,,0,,,0,1.0,1.0,4,1.0,1.0,4,1.0,1.0,4,1.0,1.0,4,0.0,0.0,4
7,P4,W1_KL_1,FORCED_ON,fit,H,10,2,0.4,0.4,10,0.0,0.0,10,0.0,0.0,10,0.03313190871849656,0.03313190871849656,10,0.4,0.4,10,0.75,0.75,4,0.25,0.25,4,0.5,0.16666666666666666,6,1.0,1.0,6,0.7,0.7,10,0.4,0.4,10,0.0,0.0,10
7,P4,W1_KL_1,FORCED_ON,fit,U,18,18,0.4444444444444444,0.4444444444444444,18,0.0,0.0,18,0.8333333333333334,0.8333333333333334,18,0.001194730811726509,0.001194730811726509,18,0.4444444444444444,0.4444444444444444,18,1.0,1.0,8,0.0,0.0,8,0.0,0.0,10,0.3,0.3,10,0.05555555555555555,0.05555555555555555,18,0.0,0.0,18,0.0,0.0,18
7,P4,W1_KL_1,FORCED_ON,fit,positive,5,1,1.0,1.0,5,1.0,1.0,5,0.0,0.0,5,,,0,0.0,0.0,5,,,0,,,0,1.0,1.0,5,1.0,1.0,5,1.0,1.0,5,1.0,1.0,5,0.0,0.0,5
7,P4,W1_KL_1,FORCED_ON,formal_development,T1G,4,4,1.0,1.0,4,1.0,1.0,4,0.0,0.0,4,,,0,0.0,0.0,4,,,0,,,0,1.0,1.0,4,1.0,1.0,4,1.0,1.0,4,0.0,0.0,4,0.0,0.0,4
7,P4,W1_KL_1,FORCED_ON,formal_development,T2G,4,1,0.5,0.5,4,0.5,0.5,4,0.25,0.25,4,,,0,0.0,0.0,4,,,0,,,0,0.5,0.5,4,0.75,0.75,4,0.5,0.5,4,0.0,0.0,4,0.0,0.0,4
7,P4,W1_KL_1,FORCED_ON,native,positive,1,1,1.0,1.0,1,1.0,1.0,1,0.0,0.0,1,,,0,0.0,0.0,1,,,0,,,0,1.0,1.0,1,1.0,1.0,1,1.0,1.0,1,1.0,1.0,1,0.0,0.0,1
7,P4,W1_KL_10,DISABLED,calibration,H,8,2,0.0,0.0,8,0.0,0.0,8,1.0,1.0,8,0.0,0.0,8,0.0,0.0,8,,,0,,,0,0.0,0.0,8,0.0,0.0,8,0.0,0.0,8,0.0,0.0,8,0.0,0.0,8
7,P4,W1_KL_10,DISABLED,calibration,U,18,18,0.5,0.5,18,0.0,0.0,18,1.0,1.0,18,0.0,0.0,18,0.5,0.5,18,1.0,1.0,9,0.0,0.0,9,0.0,0.0,9,0.0,0.0,9,0.05555555555555555,0.05555555555555555,18,0.0,0.0,18,0.0,0.0,18
7,P4,W1_KL_10,DISABLED,calibration,positive,4,1,0.0,0.0,4,0.0,0.0,4,1.0,1.0,4,,,0,0.0,0.0,4,,,0,,,0,0.0,0.0,4,0.0,0.0,4,0.0,0.0,4,1.0,1.0,4,0.0,0.0,4
7,P4,W1_KL_10,DISABLED,challenge,same_image_other_fact_challenge,12,1,0.5,0.5,12,0.0,0.0,12,1.0,1.0,12,0.0,0.0,12,0.5,0.5,12,1.0,1.0,6,0.0,0.0,6,0.0,0.0,6,0.0,0.0,6,0.0,0.0,12,0.0,0.0,12,0.0,0.0,12
7,P4,W1_KL_10,DISABLED,evaluation,H,8,2,0.0,0.0,8,0.0,0.0,8,1.0,1.0,8,0.0,0.0,8,0.0,0.0,8,,,0,,,0,0.0,0.0,8,0.0,0.0,8,0.0,0.0,8,0.0,0.0,8,0.0,0.0,8
7,P4,W1_KL_10,DISABLED,evaluation,U,18,18,0.4444444444444444,0.4444444444444444,18,0.0,0.0,18,1.0,1.0,18,0.0,0.0,18,0.4444444444444444,0.4444444444444444,18,1.0,1.0,8,0.0,0.0,8,0.0,0.0,10,0.0,0.0,10,0.0,0.0,18,0.0,0.0,18,0.0,0.0,18
7,P4,W1_KL_10,DISABLED,evaluation,positive,4,1,0.0,0.0,4,0.0,0.0,4,1.0,1.0,4,,,0,0.0,0.0,4,,,0,,,0,0.0,0.0,4,0.0,0.0,4,0.0,0.0,4,1.0,1.0,4,0.0,0.0,4
7,P4,W1_KL_10,DISABLED,fit,H,10,2,0.4,0.4,10,0.0,0.0,10,1.0,1.0,10,0.0,0.0,10,0.4,0.4,10,1.0,1.0,4,0.0,0.0,4,0.0,0.0,6,0.0,0.0,6,0.0,0.0,10,0.4,0.4,10,0.0,0.0,10
7,P4,W1_KL_10,DISABLED,fit,U,18,18,0.4444444444444444,0.4444444444444444,18,0.0,0.0,18,1.0,1.0,18,0.0,0.0,18,0.4444444444444444,0.4444444444444444,18,1.0,1.0,8,0.0,0.0,8,0.0,0.0,10,0.0,0.0,10,0.05555555555555555,0.05555555555555555,18,0.0,0.0,18,0.0,0.0,18
7,P4,W1_KL_10,DISABLED,fit,positive,5,1,0.0,0.0,5,0.0,0.0,5,1.0,1.0,5,,,0,0.0,0.0,5,,,0,,,0,0.0,0.0,5,0.0,0.0,5,0.0,0.0,5,1.0,1.0,5,0.0,0.0,5
7,P4,W1_KL_10,DISABLED,formal_development,T1G,4,4,0.0,0.0,4,0.0,0.0,4,1.0,1.0,4,,,0,0.0,0.0,4,,,0,,,0,0.0,0.0,4,0.0,0.0,4,0.0,0.0,4,0.0,0.0,4,0.0,0.0,4
7,P4,W1_KL_10,DISABLED,formal_development,T2G,4,1,0.0,0.0,4,0.0,0.0,4,1.0,1.0,4,,,0,0.0,0.0,4,,,0,,,0,0.0,0.0,4,0.0,0.0,4,0.0,0.0,4,0.0,0.0,4,0.0,0.0,4
7,P4,W1_KL_10,DISABLED,native,positive,1,1,0.0,0.0,1,0.0,0.0,1,1.0,1.0,1,,,0,0.0,0.0,1,,,0,,,0,0.0,0.0,1,0.0,0.0,1,0.0,0.0,1,1.0,1.0,1,0.0,0.0,1
7,P4,W1_KL_10,FIXED_ROUTER,calibration,H,8,2,0.0,0.0,8,0.0,0.0,8,1.0,1.0,8,0.0,0.0,8,0.0,0.0,8,,,0,,,0,0.0,0.0,8,0.0,0.0,8,0.0,0.0,8,0.0,0.0,8,0.0,0.0,8
7,P4,W1_KL_10,FIXED_ROUTER,calibration,U,18,18,0.5,0.5,18,0.0,0.0,18,1.0,1.0,18,0.0,0.0,18,0.5,0.5,18,1.0,1.0,9,0.0,0.0,9,0.0,0.0,9,0.0,0.0,9,0.05555555555555555,0.05555555555555555,18,0.0,0.0,18,0.0,0.0,18
7,P4,W1_KL_10,FIXED_ROUTER,calibration,positive,4,1,0.0,0.0,4,0.0,0.0,4,0.25,0.25,4,,,0,0.0,0.0,4,,,0,,,0,0.0,0.0,4,0.75,0.75,4,0.0,0.0,4,1.0,1.0,4,0.0,0.0,4
7,P4,W1_KL_10,FIXED_ROUTER,challenge,same_image_other_fact_challenge,12,1,0.5,0.5,12,0.0,0.0,12,1.0,1.0,12,0.0,0.0,12,0.5,0.5,12,1.0,1.0,6,0.0,0.0,6,0.0,0.0,6,0.0,0.0,6,0.0,0.0,12,0.0,0.0,12,0.0,0.0,12
7,P4,W1_KL_10,FIXED_ROUTER,evaluation,H,8,2,0.0,0.0,8,0.0,0.0,8,1.0,1.0,8,0.0,0.0,8,0.0,0.0,8,,,0,,,0,0.0,0.0,8,0.0,0.0,8,0.0,0.0,8,0.0,0.0,8,0.0,0.0,8
7,P4,W1_KL_10,FIXED_ROUTER,evaluation,U,18,18,0.4444444444444444,0.4444444444444444,18,0.0,0.0,18,1.0,1.0,18,0.0,0.0,18,0.4444444444444444,0.4444444444444444,18,1.0,1.0,8,0.0,0.0,8,0.0,0.0,10,0.0,0.0,10,0.0,0.0,18,0.0,0.0,18,0.0,0.0,18
7,P4,W1_KL_10,FIXED_ROUTER,evaluation,positive,4,1,0.0,0.0,4,0.0,0.0,4,0.25,0.25,4,,,0,0.0,0.0,4,,,0,,,0,0.0,0.0,4,0.75,0.75,4,0.0,0.0,4,1.0,1.0,4,0.0,0.0,4
7,P4,W1_KL_10,FIXED_ROUTER,fit,H,10,2,0.5,0.5,10,0.0,0.0,10,0.6,0.6,10,0.0037571214139461516,0.0037571214139461516,10,0.4,0.4,10,1.0,1.0,4,0.0,0.0,4,0.5,0.16666666666666666,6,0.5,0.16666666666666666,6,0.1,0.1,10,0.4,0.4,10,0.0,0.0,10
7,P4,W1_KL_10,FIXED_ROUTER,fit,U,18,18,0.4444444444444444,0.4444444444444444,18,0.0,0.0,18,1.0,1.0,18,0.0,0.0,18,0.4444444444444444,0.4444444444444444,18,1.0,1.0,8,0.0,0.0,8,0.0,0.0,10,0.0,0.0,10,0.05555555555555555,0.05555555555555555,18,0.0,0.0,18,0.0,0.0,18
7,P4,W1_KL_10,FIXED_ROUTER,fit,positive,5,1,0.4,0.4,5,0.2,0.2,5,0.2,0.2,5,,,0,0.0,0.0,5,,,0,,,0,0.4,0.4,5,0.8,0.8,5,0.4,0.4,5,1.0,1.0,5,0.0,0.0,5
7,P4,W1_KL_10,FIXED_ROUTER,formal_development,T1G,4,4,0.0,0.0,4,0.0,0.0,4,1.0,1.0,4,,,0,0.0,0.0,4,,,0,,,0,0.0,0.0,4,0.0,0.0,4,0.0,0.0,4,0.0,0.0,4,0.0,0.0,4
7,P4,W1_KL_10,FIXED_ROUTER,formal_development,T2G,4,1,0.0,0.0,4,0.0,0.0,4,1.0,1.0,4,,,0,0.0,0.0,4,,,0,,,0,0.0,0.0,4,0.0,0.0,4,0.0,0.0,4,0.0,0.0,4,0.0,0.0,4
7,P4,W1_KL_10,FIXED_ROUTER,native,positive,1,1,1.0,1.0,1,1.0,1.0,1,0.0,0.0,1,,,0,0.0,0.0,1,,,0,,,0,1.0,1.0,1,1.0,1.0,1,1.0,1.0,1,1.0,1.0,1,0.0,0.0,1
7,P4,W1_KL_10,FORCED_ON,calibration,H,8,2,0.0,0.0,8,0.0,0.0,8,0.375,0.375,8,0.00519416545284912,0.00519416545284912,8,0.0,0.0,8,,,0,,,0,0.0,0.0,8,0.625,0.625,8,0.0,0.0,8,0.0,0.0,8,0.0,0.0,8
7,P4,W1_KL_10,FORCED_ON,calibration,U,18,18,0.5555555555555556,0.5555555555555556,18,0.0,0.0,18,0.6666666666666666,0.6666666666666666,18,0.0010407369490066129,0.0010407369490066129,18,0.5,0.5,18,1.0,1.0,9,0.0,0.0,9,0.1111111111111111,0.1111111111111111,9,0.2222222222222222,0.2222222222222222,9,0.1111111111111111,0.1111111111111111,18,0.0,0.0,18,0.0,0.0,18
7,P4,W1_KL_10,FORCED_ON,calibration,positive,4,1,0.0,0.0,4,0.0,0.0,4,0.25,0.25,4,,,0,0.0,0.0,4,,,0,,,0,0.0,0.0,4,0.75,0.75,4,0.0,0.0,4,1.0,1.0,4,0.0,0.0,4
7,P4,W1_KL_10,FORCED_ON,challenge,same_image_other_fact_challenge,12,1,0.5,0.5,12,0.0,0.0,12,1.0,1.0,12,0.0007924259698484093,0.0007924259698484093,12,0.5,0.5,12,1.0,1.0,6,0.0,0.0,6,0.0,0.0,6,0.0,0.0,6,0.0,0.0,12,0.0,0.0,12,0.0,0.0,12
7,P4,W1_KL_10,FORCED_ON,evaluation,H,8,2,0.0,0.0,8,0.0,0.0,8,0.375,0.375,8,0.005103775823954493,0.005103775823954493,8,0.0,0.0,8,,,0,,,0,0.0,0.0,8,0.625,0.625,8,0.0,0.0,8,0.0,0.0,8,0.0,0.0,8
7,P4,W1_KL_10,FORCED_ON,evaluation,U,18,18,0.4444444444444444,0.4444444444444444,18,0.0,0.0,18,0.7777777777777778,0.7777777777777778,18,0.0012596675159228551,0.0012596675159228551,18,0.4444444444444444,0.4444444444444444,18,1.0,1.0,8,0.0,0.0,8,0.0,0.0,10,0.2,0.2,10,0.0,0.0,18,0.0,0.0,18,0.0,0.0,18
7,P4,W1_KL_10,FORCED_ON,evaluation,positive,4,1,0.0,0.0,4,0.0,0.0,4,0.25,0.25,4,,,0,0.0,0.0,4,,,0,,,0,0.0,0.0,4,0.75,0.75,4,0.0,0.0,4,1.0,1.0,4,0.0,0.0,4
7,P4,W1_KL_10,FORCED_ON,fit,H,10,2,0.5,0.5,10,0.0,0.0,10,0.1,0.1,10,0.008348282705992461,0.008348282705992461,10,0.4,0.4,10,1.0,1.0,4,0.0,0.0,4,0.5,0.16666666666666666,6,1.0,1.0,6,0.30000000000000004,0.3,10,0.4,0.4,10,0.0,0.0,10
7,P4,W1_KL_10,FORCED_ON,fit,U,18,18,0.4444444444444444,0.4444444444444444,18,0.0,0.0,18,0.8888888888888888,0.8888888888888888,18,0.0006190784390330211,0.0006190784390330211,18,0.4444444444444444,0.4444444444444444,18,1.0,1.0,8,0.0,0.0,8,0.0,0.0,10,0.2,0.2,10,0.05555555555555555,0.05555555555555555,18,0.0,0.0,18,0.0,0.0,18
7,P4,W1_KL_10,FORCED_ON,fit,positive,5,1,0.4,0.4,5,0.2,0.2,5,0.2,0.2,5,,,0,0.0,0.0,5,,,0,,,0,0.4,0.4,5,0.8,0.8,5,0.4,0.4,5,1.0,1.0,5,0.0,0.0,5
7,P4,W1_KL_10,FORCED_ON,formal_development,T1G,4,4,1.0,1.0,4,1.0,1.0,4,0.0,0.0,4,,,0,0.0,0.0,4,,,0,,,0,1.0,1.0,4,1.0,1.0,4,1.0,1.0,4,0.0,0.0,4,0.0,0.0,4
7,P4,W1_KL_10,FORCED_ON,formal_development,T2G,4,1,0.0,0.0,4,0.0,0.0,4,0.5,0.5,4,,,0,0.0,0.0,4,,,0,,,0,0.0,0.0,4,0.5,0.5,4,0.0,0.0,4,0.0,0.0,4,0.0,0.0,4
7,P4,W1_KL_10,FORCED_ON,native,positive,1,1,1.0,1.0,1,1.0,1.0,1,0.0,0.0,1,,,0,0.0,0.0,1,,,0,,,0,1.0,1.0,1,1.0,1.0,1,1.0,1.0,1,1.0,1.0,1,0.0,0.0,1
7,P4,W2_GROUP_CONSTRAINED,DISABLED,calibration,H,8,2,0.0,0.0,8,0.0,0.0,8,1.0,1.0,8,0.0,0.0,8,0.0,0.0,8,,,0,,,0,0.0,0.0,8,0.0,0.0,8,0.0,0.0,8,0.0,0.0,8,0.0,0.0,8
7,P4,W2_GROUP_CONSTRAINED,DISABLED,calibration,U,18,18,0.5,0.5,18,0.0,0.0,18,1.0,1.0,18,0.0,0.0,18,0.5,0.5,18,1.0,1.0,9,0.0,0.0,9,0.0,0.0,9,0.0,0.0,9,0.05555555555555555,0.05555555555555555,18,0.0,0.0,18,0.0,0.0,18
7,P4,W2_GROUP_CONSTRAINED,DISABLED,calibration,positive,4,1,0.0,0.0,4,0.0,0.0,4,1.0,1.0,4,,,0,0.0,0.0,4,,,0,,,0,0.0,0.0,4,0.0,0.0,4,0.0,0.0,4,1.0,1.0,4,0.0,0.0,4
7,P4,W2_GROUP_CONSTRAINED,DISABLED,challenge,same_image_other_fact_challenge,12,1,0.5,0.5,12,0.0,0.0,12,1.0,1.0,12,0.0,0.0,12,0.5,0.5,12,1.0,1.0,6,0.0,0.0,6,0.0,0.0,6,0.0,0.0,6,0.0,0.0,12,0.0,0.0,12,0.0,0.0,12
7,P4,W2_GROUP_CONSTRAINED,DISABLED,evaluation,H,8,2,0.0,0.0,8,0.0,0.0,8,1.0,1.0,8,0.0,0.0,8,0.0,0.0,8,,,0,,,0,0.0,0.0,8,0.0,0.0,8,0.0,0.0,8,0.0,0.0,8,0.0,0.0,8
7,P4,W2_GROUP_CONSTRAINED,DISABLED,evaluation,U,18,18,0.4444444444444444,0.4444444444444444,18,0.0,0.0,18,1.0,1.0,18,0.0,0.0,18,0.4444444444444444,0.4444444444444444,18,1.0,1.0,8,0.0,0.0,8,0.0,0.0,10,0.0,0.0,10,0.0,0.0,18,0.0,0.0,18,0.0,0.0,18
7,P4,W2_GROUP_CONSTRAINED,DISABLED,evaluation,positive,4,1,0.0,0.0,4,0.0,0.0,4,1.0,1.0,4,,,0,0.0,0.0,4,,,0,,,0,0.0,0.0,4,0.0,0.0,4,0.0,0.0,4,1.0,1.0,4,0.0,0.0,4
7,P4,W2_GROUP_CONSTRAINED,DISABLED,fit,H,10,2,0.4,0.4,10,0.0,0.0,10,1.0,1.0,10,0.0,0.0,10,0.4,0.4,10,1.0,1.0,4,0.0,0.0,4,0.0,0.0,6,0.0,0.0,6,0.0,0.0,10,0.4,0.4,10,0.0,0.0,10
7,P4,W2_GROUP_CONSTRAINED,DISABLED,fit,U,18,18,0.4444444444444444,0.4444444444444444,18,0.0,0.0,18,1.0,1.0,18,0.0,0.0,18,0.4444444444444444,0.4444444444444444,18,1.0,1.0,8,0.0,0.0,8,0.0,0.0,10,0.0,0.0,10,0.05555555555555555,0.05555555555555555,18,0.0,0.0,18,0.0,0.0,18
7,P4,W2_GROUP_CONSTRAINED,DISABLED,fit,positive,5,1,0.0,0.0,5,0.0,0.0,5,1.0,1.0,5,,,0,0.0,0.0,5,,,0,,,0,0.0,0.0,5,0.0,0.0,5,0.0,0.0,5,1.0,1.0,5,0.0,0.0,5
7,P4,W2_GROUP_CONSTRAINED,DISABLED,formal_development,T1G,4,4,0.0,0.0,4,0.0,0.0,4,1.0,1.0,4,,,0,0.0,0.0,4,,,0,,,0,0.0,0.0,4,0.0,0.0,4,0.0,0.0,4,0.0,0.0,4,0.0,0.0,4
7,P4,W2_GROUP_CONSTRAINED,DISABLED,formal_development,T2G,4,1,0.0,0.0,4,0.0,0.0,4,1.0,1.0,4,,,0,0.0,0.0,4,,,0,,,0,0.0,0.0,4,0.0,0.0,4,0.0,0.0,4,0.0,0.0,4,0.0,0.0,4
7,P4,W2_GROUP_CONSTRAINED,DISABLED,native,positive,1,1,0.0,0.0,1,0.0,0.0,1,1.0,1.0,1,,,0,0.0,0.0,1,,,0,,,0,0.0,0.0,1,0.0,0.0,1,0.0,0.0,1,1.0,1.0,1,0.0,0.0,1
7,P4,W2_GROUP_CONSTRAINED,FIXED_ROUTER,calibration,H,8,2,0.0,0.0,8,0.0,0.0,8,1.0,1.0,8,0.0,0.0,8,0.0,0.0,8,,,0,,,0,0.0,0.0,8,0.0,0.0,8,0.0,0.0,8,0.0,0.0,8,0.0,0.0,8
7,P4,W2_GROUP_CONSTRAINED,FIXED_ROUTER,calibration,U,18,18,0.5,0.5,18,0.0,0.0,18,1.0,1.0,18,0.0,0.0,18,0.5,0.5,18,1.0,1.0,9,0.0,0.0,9,0.0,0.0,9,0.0,0.0,9,0.05555555555555555,0.05555555555555555,18,0.0,0.0,18,0.0,0.0,18
7,P4,W2_GROUP_CONSTRAINED,FIXED_ROUTER,calibration,positive,4,1,1.0,1.0,4,1.0,1.0,4,0.0,0.0,4,,,0,0.0,0.0,4,,,0,,,0,1.0,1.0,4,1.0,1.0,4,1.0,1.0,4,1.0,1.0,4,0.0,0.0,4
7,P4,W2_GROUP_CONSTRAINED,FIXED_ROUTER,challenge,same_image_other_fact_challenge,12,1,0.5,0.5,12,0.0,0.0,12,1.0,1.0,12,0.0,0.0,12,0.5,0.5,12,1.0,1.0,6,0.0,0.0,6,0.0,0.0,6,0.0,0.0,6,0.0,0.0,12,0.0,0.0,12,0.0,0.0,12
7,P4,W2_GROUP_CONSTRAINED,FIXED_ROUTER,evaluation,H,8,2,0.0,0.0,8,0.0,0.0,8,1.0,1.0,8,0.0,0.0,8,0.0,0.0,8,,,0,,,0,0.0,0.0,8,0.0,0.0,8,0.0,0.0,8,0.0,0.0,8,0.0,0.0,8
7,P4,W2_GROUP_CONSTRAINED,FIXED_ROUTER,evaluation,U,18,18,0.4444444444444444,0.4444444444444444,18,0.0,0.0,18,1.0,1.0,18,0.0,0.0,18,0.4444444444444444,0.4444444444444444,18,1.0,1.0,8,0.0,0.0,8,0.0,0.0,10,0.0,0.0,10,0.0,0.0,18,0.0,0.0,18,0.0,0.0,18
7,P4,W2_GROUP_CONSTRAINED,FIXED_ROUTER,evaluation,positive,4,1,1.0,1.0,4,1.0,1.0,4,0.0,0.0,4,,,0,0.0,0.0,4,,,0,,,0,1.0,1.0,4,1.0,1.0,4,1.0,1.0,4,1.0,1.0,4,0.0,0.0,4
7,P4,W2_GROUP_CONSTRAINED,FIXED_ROUTER,fit,H,10,2,0.5,0.5,10,0.0,0.0,10,0.6,0.6,10,0.03398223631083965,0.03398223631083965,10,0.4,0.4,10,1.0,1.0,4,0.0,0.0,4,0.5,0.16666666666666666,6,0.5,0.16666666666666666,6,0.4,0.4,10,0.4,0.4,10,0.0,0.0,10
7,P4,W2_GROUP_CONSTRAINED,FIXED_ROUTER,fit,U,18,18,0.4444444444444444,0.4444444444444444,18,0.0,0.0,18,1.0,1.0,18,0.0,0.0,18,0.4444444444444444,0.4444444444444444,18,1.0,1.0,8,0.0,0.0,8,0.0,0.0,10,0.0,0.0,10,0.05555555555555555,0.05555555555555555,18,0.0,0.0,18,0.0,0.0,18
7,P4,W2_GROUP_CONSTRAINED,FIXED_ROUTER,fit,positive,5,1,1.0,1.0,5,1.0,1.0,5,0.0,0.0,5,,,0,0.0,0.0,5,,,0,,,0,1.0,1.0,5,1.0,1.0,5,1.0,1.0,5,1.0,1.0,5,0.0,0.0,5
7,P4,W2_GROUP_CONSTRAINED,FIXED_ROUTER,formal_development,T1G,4,4,0.0,0.0,4,0.0,0.0,4,1.0,1.0,4,,,0,0.0,0.0,4,,,0,,,0,0.0,0.0,4,0.0,0.0,4,0.0,0.0,4,0.0,0.0,4,0.0,0.0,4
7,P4,W2_GROUP_CONSTRAINED,FIXED_ROUTER,formal_development,T2G,4,1,0.0,0.0,4,0.0,0.0,4,1.0,1.0,4,,,0,0.0,0.0,4,,,0,,,0,0.0,0.0,4,0.0,0.0,4,0.0,0.0,4,0.0,0.0,4,0.0,0.0,4
7,P4,W2_GROUP_CONSTRAINED,FIXED_ROUTER,native,positive,1,1,1.0,1.0,1,1.0,1.0,1,0.0,0.0,1,,,0,0.0,0.0,1,,,0,,,0,1.0,1.0,1,1.0,1.0,1,1.0,1.0,1,1.0,1.0,1,0.0,0.0,1
7,P4,W2_GROUP_CONSTRAINED,FORCED_ON,calibration,H,8,2,0.0,0.0,8,0.0,0.0,8,0.0,0.0,8,0.055106233805418015,0.055106233805418015,8,0.0,0.0,8,,,0,,,0,0.0,0.0,8,1.0,1.0,8,1.0,1.0,8,0.0,0.0,8,0.0,0.0,8
7,P4,W2_GROUP_CONSTRAINED,FORCED_ON,calibration,U,18,18,0.3888888888888889,0.3888888888888889,18,0.0,0.0,18,0.5,0.5,18,0.003967068746634241,0.003967068746634241,18,0.5,0.5,18,0.6666666666666666,0.6666666666666666,9,0.3333333333333333,0.3333333333333333,9,0.1111111111111111,0.1111111111111111,9,0.4444444444444444,0.4444444444444444,9,0.1111111111111111,0.1111111111111111,18,0.0,0.0,18,0.0,0.0,18
7,P4,W2_GROUP_CONSTRAINED,FORCED_ON,calibration,positive,4,1,1.0,1.0,4,1.0,1.0,4,0.0,0.0,4,,,0,0.0,0.0,4,,,0,,,0,1.0,1.0,4,1.0,1.0,4,1.0,1.0,4,1.0,1.0,4,0.0,0.0,4
7,P4,W2_GROUP_CONSTRAINED,FORCED_ON,challenge,same_image_other_fact_challenge,12,1,0.5,0.5,12,0.0,0.0,12,0.8333333333333334,0.8333333333333334,12,0.003441424254560843,0.003441424254560843,12,0.5,0.5,12,1.0,1.0,6,0.0,0.0,6,0.0,0.0,6,0.0,0.0,6,0.0,0.0,12,0.0,0.0,12,0.0,0.0,12
7,P4,W2_GROUP_CONSTRAINED,FORCED_ON,evaluation,H,8,2,0.0,0.0,8,0.0,0.0,8,0.0,0.0,8,0.05446129385381937,0.05446129385381937,8,0.0,0.0,8,,,0,,,0,0.0,0.0,8,1.0,1.0,8,1.0,1.0,8,0.0,0.0,8,0.0,0.0,8
7,P4,W2_GROUP_CONSTRAINED,FORCED_ON,evaluation,U,18,18,0.3888888888888889,0.3888888888888889,18,0.0,0.0,18,0.5,0.5,18,0.004334816773835983,0.004334816773835983,18,0.4444444444444444,0.4444444444444444,18,0.875,0.875,8,0.125,0.125,8,0.0,0.0,10,0.3,0.3,10,0.0,0.0,18,0.0,0.0,18,0.0,0.0,18
7,P4,W2_GROUP_CONSTRAINED,FORCED_ON,evaluation,positive,4,1,1.0,1.0,4,1.0,1.0,4,0.0,0.0,4,,,0,0.0,0.0,4,,,0,,,0,1.0,1.0,4,1.0,1.0,4,1.0,1.0,4,1.0,1.0,4,0.0,0.0,4
7,P4,W2_GROUP_CONSTRAINED,FORCED_ON,fit,H,10,2,0.5,0.5,10,0.0,0.0,10,0.0,0.0,10,0.08849134668707848,0.08849134668707848,10,0.4,0.4,10,1.0,1.0,4,0.0,0.0,4,0.5,0.16666666666666666,6,1.0,1.0,6,1.0,1.0,10,0.4,0.4,10,0.0,0.0,10
7,P4,W2_GROUP_CONSTRAINED,FORCED_ON,fit,U,18,18,0.3888888888888889,0.3888888888888889,18,0.0,0.0,18,0.7777777777777778,0.7777777777777778,18,0.003483095241891634,0.003483095241891634,18,0.4444444444444444,0.4444444444444444,18,0.875,0.875,8,0.125,0.125,8,0.0,0.0,10,0.3,0.3,10,0.05555555555555555,0.05555555555555555,18,0.0,0.0,18,0.0,0.0,18
7,P4,W2_GROUP_CONSTRAINED,FORCED_ON,fit,positive,5,1,1.0,1.0,5,1.0,1.0,5,0.0,0.0,5,,,0,0.0,0.0,5,,,0,,,0,1.0,1.0,5,1.0,1.0,5,1.0,1.0,5,1.0,1.0,5,0.0,0.0,5
7,P4,W2_GROUP_CONSTRAINED,FORCED_ON,formal_development,T1G,4,4,1.0,1.0,4,1.0,1.0,4,0.0,0.0,4,,,0,0.0,0.0,4,,,0,,,0,1.0,1.0,4,1.0,1.0,4,1.0,1.0,4,0.0,0.0,4,0.0,0.0,4
7,P4,W2_GROUP_CONSTRAINED,FORCED_ON,formal_development,T2G,4,1,0.5,0.5,4,0.5,0.5,4,0.25,0.25,4,,,0,0.0,0.0,4,,,0,,,0,0.5,0.5,4,0.75,0.75,4,0.5,0.5,4,0.0,0.0,4,0.0,0.0,4
7,P4,W2_GROUP_CONSTRAINED,FORCED_ON,native,positive,1,1,1.0,1.0,1,1.0,1.0,1,0.0,0.0,1,,,0,0.0,0.0,1,,,0,,,0,1.0,1.0,1,1.0,1.0,1,1.0,1.0,1,1.0,1.0,1,0.0,0.0,1
7,REFERENCE,A2,DISABLED,calibration,H,8,2,0.0,0.0,8,0.0,0.0,8,1.0,1.0,8,0.0,0.0,8,0.0,0.0,8,,,0,,,0,0.0,0.0,8,0.0,0.0,8,0.0,0.0,8,0.0,0.0,8,0.0,0.0,8
7,REFERENCE,A2,DISABLED,calibration,U,18,18,0.5,0.5,18,0.0,0.0,18,1.0,1.0,18,0.0,0.0,18,0.5,0.5,18,1.0,1.0,9,0.0,0.0,9,0.0,0.0,9,0.0,0.0,9,0.05555555555555555,0.05555555555555555,18,0.0,0.0,18,0.0,0.0,18
7,REFERENCE,A2,DISABLED,calibration,positive,4,1,0.0,0.0,4,0.0,0.0,4,1.0,1.0,4,,,0,0.0,0.0,4,,,0,,,0,0.0,0.0,4,0.0,0.0,4,0.0,0.0,4,1.0,1.0,4,0.0,0.0,4
7,REFERENCE,A2,DISABLED,challenge,same_image_other_fact_challenge,12,1,0.5,0.5,12,0.0,0.0,12,1.0,1.0,12,0.0,0.0,12,0.5,0.5,12,1.0,1.0,6,0.0,0.0,6,0.0,0.0,6,0.0,0.0,6,0.0,0.0,12,0.0,0.0,12,0.0,0.0,12
7,REFERENCE,A2,DISABLED,evaluation,H,8,2,0.0,0.0,8,0.0,0.0,8,1.0,1.0,8,0.0,0.0,8,0.0,0.0,8,,,0,,,0,0.0,0.0,8,0.0,0.0,8,0.0,0.0,8,0.0,0.0,8,0.0,0.0,8
7,REFERENCE,A2,DISABLED,evaluation,U,18,18,0.4444444444444444,0.4444444444444444,18,0.0,0.0,18,1.0,1.0,18,0.0,0.0,18,0.4444444444444444,0.4444444444444444,18,1.0,1.0,8,0.0,0.0,8,0.0,0.0,10,0.0,0.0,10,0.0,0.0,18,0.0,0.0,18,0.0,0.0,18
7,REFERENCE,A2,DISABLED,evaluation,positive,4,1,0.0,0.0,4,0.0,0.0,4,1.0,1.0,4,,,0,0.0,0.0,4,,,0,,,0,0.0,0.0,4,0.0,0.0,4,0.0,0.0,4,1.0,1.0,4,0.0,0.0,4
7,REFERENCE,A2,DISABLED,fit,H,10,2,0.4,0.4,10,0.0,0.0,10,1.0,1.0,10,0.0,0.0,10,0.4,0.4,10,1.0,1.0,4,0.0,0.0,4,0.0,0.0,6,0.0,0.0,6,0.0,0.0,10,0.4,0.4,10,0.0,0.0,10
7,REFERENCE,A2,DISABLED,fit,U,18,18,0.4444444444444444,0.4444444444444444,18,0.0,0.0,18,1.0,1.0,18,0.0,0.0,18,0.4444444444444444,0.4444444444444444,18,1.0,1.0,8,0.0,0.0,8,0.0,0.0,10,0.0,0.0,10,0.05555555555555555,0.05555555555555555,18,0.0,0.0,18,0.0,0.0,18
7,REFERENCE,A2,DISABLED,fit,positive,5,1,0.0,0.0,5,0.0,0.0,5,1.0,1.0,5,,,0,0.0,0.0,5,,,0,,,0,0.0,0.0,5,0.0,0.0,5,0.0,0.0,5,1.0,1.0,5,0.0,0.0,5
7,REFERENCE,A2,DISABLED,formal_development,T1G,4,4,0.0,0.0,4,0.0,0.0,4,1.0,1.0,4,,,0,0.0,0.0,4,,,0,,,0,0.0,0.0,4,0.0,0.0,4,0.0,0.0,4,0.0,0.0,4,0.0,0.0,4
7,REFERENCE,A2,DISABLED,formal_development,T2G,4,1,0.0,0.0,4,0.0,0.0,4,1.0,1.0,4,,,0,0.0,0.0,4,,,0,,,0,0.0,0.0,4,0.0,0.0,4,0.0,0.0,4,0.0,0.0,4,0.0,0.0,4
7,REFERENCE,A2,DISABLED,native,positive,1,1,0.0,0.0,1,0.0,0.0,1,1.0,1.0,1,,,0,0.0,0.0,1,,,0,,,0,0.0,0.0,1,0.0,0.0,1,0.0,0.0,1,1.0,1.0,1,0.0,0.0,1
7,REFERENCE,A2,FIXED_ROUTER,calibration,H,8,2,0.0,0.0,8,0.0,0.0,8,1.0,1.0,8,0.0,0.0,8,0.0,0.0,8,,,0,,,0,0.0,0.0,8,0.0,0.0,8,0.0,0.0,8,0.0,0.0,8,0.0,0.0,8
7,REFERENCE,A2,FIXED_ROUTER,calibration,U,18,18,0.5,0.5,18,0.0,0.0,18,1.0,1.0,18,0.0,0.0,18,0.5,0.5,18,1.0,1.0,9,0.0,0.0,9,0.0,0.0,9,0.0,0.0,9,0.05555555555555555,0.05555555555555555,18,0.0,0.0,18,0.0,0.0,18
7,REFERENCE,A2,FIXED_ROUTER,calibration,positive,4,1,1.0,1.0,4,1.0,1.0,4,0.0,0.0,4,,,0,0.0,0.0,4,,,0,,,0,1.0,1.0,4,1.0,1.0,4,1.0,1.0,4,1.0,1.0,4,0.0,0.0,4
7,REFERENCE,A2,FIXED_ROUTER,challenge,same_image_other_fact_challenge,12,1,0.5,0.5,12,0.0,0.0,12,1.0,1.0,12,0.0,0.0,12,0.5,0.5,12,1.0,1.0,6,0.0,0.0,6,0.0,0.0,6,0.0,0.0,6,0.0,0.0,12,0.0,0.0,12,0.0,0.0,12
7,REFERENCE,A2,FIXED_ROUTER,evaluation,H,8,2,0.0,0.0,8,0.0,0.0,8,1.0,1.0,8,0.0,0.0,8,0.0,0.0,8,,,0,,,0,0.0,0.0,8,0.0,0.0,8,0.0,0.0,8,0.0,0.0,8,0.0,0.0,8
7,REFERENCE,A2,FIXED_ROUTER,evaluation,U,18,18,0.4444444444444444,0.4444444444444444,18,0.0,0.0,18,1.0,1.0,18,0.0,0.0,18,0.4444444444444444,0.4444444444444444,18,1.0,1.0,8,0.0,0.0,8,0.0,0.0,10,0.0,0.0,10,0.0,0.0,18,0.0,0.0,18,0.0,0.0,18
7,REFERENCE,A2,FIXED_ROUTER,evaluation,positive,4,1,1.0,1.0,4,1.0,1.0,4,0.0,0.0,4,,,0,0.0,0.0,4,,,0,,,0,1.0,1.0,4,1.0,1.0,4,1.0,1.0,4,1.0,1.0,4,0.0,0.0,4
7,REFERENCE,A2,FIXED_ROUTER,fit,H,10,2,0.5,0.5,10,0.0,0.0,10,0.6,0.6,10,0.09104271456599236,0.09104271456599236,10,0.4,0.4,10,1.0,1.0,4,0.0,0.0,4,0.5,0.16666666666666666,6,0.5,0.16666666666666666,6,0.4,0.4,10,0.4,0.4,10,0.0,0.0,10
7,REFERENCE,A2,FIXED_ROUTER,fit,U,18,18,0.4444444444444444,0.4444444444444444,18,0.0,0.0,18,1.0,1.0,18,0.0,0.0,18,0.4444444444444444,0.4444444444444444,18,1.0,1.0,8,0.0,0.0,8,0.0,0.0,10,0.0,0.0,10,0.05555555555555555,0.05555555555555555,18,0.0,0.0,18,0.0,0.0,18
7,REFERENCE,A2,FIXED_ROUTER,fit,positive,5,1,1.0,1.0,5,1.0,1.0,5,0.0,0.0,5,,,0,0.0,0.0,5,,,0,,,0,1.0,1.0,5,1.0,1.0,5,1.0,1.0,5,1.0,1.0,5,0.0,0.0,5
7,REFERENCE,A2,FIXED_ROUTER,formal_development,T1G,4,4,0.0,0.0,4,0.0,0.0,4,1.0,1.0,4,,,0,0.0,0.0,4,,,0,,,0,0.0,0.0,4,0.0,0.0,4,0.0,0.0,4,0.0,0.0,4,0.0,0.0,4
7,REFERENCE,A2,FIXED_ROUTER,formal_development,T2G,4,1,0.0,0.0,4,0.0,0.0,4,1.0,1.0,4,,,0,0.0,0.0,4,,,0,,,0,0.0,0.0,4,0.0,0.0,4,0.0,0.0,4,0.0,0.0,4,0.0,0.0,4
7,REFERENCE,A2,FIXED_ROUTER,native,positive,1,1,1.0,1.0,1,1.0,1.0,1,0.0,0.0,1,,,0,0.0,0.0,1,,,0,,,0,1.0,1.0,1,1.0,1.0,1,1.0,1.0,1,1.0,1.0,1,0.0,0.0,1
7,REFERENCE,A2,FORCED_ON,calibration,H,8,2,0.0,0.0,8,0.0,0.0,8,0.0,0.0,8,0.1653357744216919,0.1653357744216919,8,0.0,0.0,8,,,0,,,0,0.0,0.0,8,1.0,1.0,8,1.0,1.0,8,0.0,0.0,8,0.0,0.0,8
7,REFERENCE,A2,FORCED_ON,calibration,U,18,18,0.5,0.5,18,0.0,0.0,18,0.5,0.5,18,0.018731159429686766,0.018731159429686766,18,0.5,0.5,18,0.8888888888888888,0.8888888888888888,9,0.1111111111111111,0.1111111111111111,9,0.1111111111111111,0.1111111111111111,9,0.4444444444444444,0.4444444444444444,9,0.05555555555555555,0.05555555555555555,18,0.0,0.0,18,0.0,0.0,18
7,REFERENCE,A2,FORCED_ON,calibration,positive,4,1,1.0,1.0,4,1.0,1.0,4,0.0,0.0,4,,,0,0.0,0.0,4,,,0,,,0,1.0,1.0,4,1.0,1.0,4,1.0,1.0,4,1.0,1.0,4,0.0,0.0,4
7,REFERENCE,A2,FORCED_ON,challenge,same_image_other_fact_challenge,12,1,0.5,0.5,12,0.0,0.0,12,0.6666666666666666,0.6666666666666666,12,0.016033993801102042,0.016033993801102042,12,0.5,0.5,12,1.0,1.0,6,0.0,0.0,6,0.0,0.0,6,0.16666666666666666,0.16666666666666666,6,0.0,0.0,12,0.0,0.0,12,0.0,0.0,12
7,REFERENCE,A2,FORCED_ON,evaluation,H,8,2,0.0,0.0,8,0.0,0.0,8,0.0,0.0,8,0.16555605456233025,0.16555605456233025,8,0.0,0.0,8,,,0,,,0,0.0,0.0,8,1.0,1.0,8,1.0,1.0,8,0.0,0.0,8,0.0,0.0,8
7,REFERENCE,A2,FORCED_ON,evaluation,U,18,18,0.4444444444444444,0.4444444444444444,18,0.0,0.0,18,0.3888888888888889,0.3888888888888889,18,0.01694237888376746,0.01694237888376746,18,0.4444444444444444,0.4444444444444444,18,0.875,0.875,8,0.125,0.125,8,0.1,0.1,10,0.5,0.5,10,0.0,0.0,18,0.0,0.0,18,0.0,0.0,18
7,REFERENCE,A2,FORCED_ON,evaluation,positive,4,1,1.0,1.0,4,1.0,1.0,4,0.0,0.0,4,,,0,0.0,0.0,4,,,0,,,0,1.0,1.0,4,1.0,1.0,4,1.0,1.0,4,1.0,1.0,4,0.0,0.0,4
7,REFERENCE,A2,FORCED_ON,fit,H,10,2,0.5,0.5,10,0.0,0.0,10,0.0,0.0,10,0.2522725656628609,0.2522725656628609,10,0.4,0.4,10,1.0,1.0,4,0.0,0.0,4,0.5,0.16666666666666666,6,1.0,1.0,6,1.0,1.0,10,0.4,0.4,10,0.0,0.0,10
7,REFERENCE,A2,FORCED_ON,fit,U,18,18,0.4444444444444444,0.4444444444444444,18,0.0,0.0,18,0.4444444444444444,0.4444444444444444,18,0.022511054321916565,0.022511054321916565,18,0.4444444444444444,0.4444444444444444,18,0.875,0.875,8,0.125,0.125,8,0.1,0.1,10,0.6,0.6,10,0.05555555555555555,0.05555555555555555,18,0.0,0.0,18,0.0,0.0,18
7,REFERENCE,A2,FORCED_ON,fit,positive,5,1,1.0,1.0,5,1.0,1.0,5,0.0,0.0,5,,,0,0.0,0.0,5,,,0,,,0,1.0,1.0,5,1.0,1.0,5,1.0,1.0,5,1.0,1.0,5,0.0,0.0,5
7,REFERENCE,A2,FORCED_ON,formal_development,T1G,4,4,1.0,1.0,4,1.0,1.0,4,0.0,0.0,4,,,0,0.0,0.0,4,,,0,,,0,1.0,1.0,4,1.0,1.0,4,1.0,1.0,4,0.0,0.0,4,0.0,0.0,4
7,REFERENCE,A2,FORCED_ON,formal_development,T2G,4,1,1.0,1.0,4,1.0,1.0,4,0.0,0.0,4,,,0,0.0,0.0,4,,,0,,,0,1.0,1.0,4,1.0,1.0,4,1.0,1.0,4,0.0,0.0,4,0.0,0.0,4
7,REFERENCE,A2,FORCED_ON,native,positive,1,1,1.0,1.0,1,1.0,1.0,1,0.0,0.0,1,,,0,0.0,0.0,1,,,0,,,0,1.0,1.0,1,1.0,1.0,1,1.0,1.0,1,1.0,1.0,1,0.0,0.0,1
13,L16,W0_TASK_ONLY,DISABLED,calibration,H,8,2,0.0,0.0,8,0.0,0.0,8,1.0,1.0,8,0.0,0.0,8,0.0,0.0,8,,,0,,,0,0.0,0.0,8,0.0,0.0,8,0.0,0.0,8,0.0,0.0,8,0.0,0.0,8
13,L16,W0_TASK_ONLY,DISABLED,calibration,U,18,18,0.2777777777777778,0.2777777777777778,18,0.0,0.0,18,1.0,1.0,18,0.0,0.0,18,0.2777777777777778,0.2777777777777778,18,1.0,1.0,5,0.0,0.0,5,0.0,0.0,13,0.0,0.0,13,0.1111111111111111,0.1111111111111111,18,0.0,0.0,18,0.0,0.0,18
13,L16,W0_TASK_ONLY,DISABLED,calibration,positive,4,1,0.0,0.0,4,0.0,0.0,4,1.0,1.0,4,,,0,0.0,0.0,4,,,0,,,0,0.0,0.0,4,0.0,0.0,4,0.0,0.0,4,1.0,1.0,4,0.0,0.0,4
13,L16,W0_TASK_ONLY,DISABLED,evaluation,H,4,1,0.0,0.0,4,0.0,0.0,4,1.0,1.0,4,0.0,0.0,4,0.0,0.0,4,,,0,,,0,0.0,0.0,4,0.0,0.0,4,0.0,0.0,4,0.25,0.25,4,0.0,0.0,4
13,L16,W0_TASK_ONLY,DISABLED,evaluation,U,19,19,0.21052631578947367,0.21052631578947367,19,0.0,0.0,19,1.0,1.0,19,0.0,0.0,19,0.21052631578947367,0.21052631578947367,19,1.0,1.0,4,0.0,0.0,4,0.0,0.0,15,0.0,0.0,15,0.05263157894736842,0.05263157894736842,19,0.0,0.0,19,0.0,0.0,19
13,L16,W0_TASK_ONLY,DISABLED,evaluation,positive,4,1,0.0,0.0,4,0.0,0.0,4,1.0,1.0,4,,,0,0.0,0.0,4,,,0,,,0,0.0,0.0,4,0.0,0.0,4,0.0,0.0,4,1.0,1.0,4,0.0,0.0,4
13,L16,W0_TASK_ONLY,DISABLED,fit,H,10,2,0.0,0.0,10,0.0,0.0,10,1.0,1.0,10,0.0,0.0,10,0.0,0.0,10,,,0,,,0,0.0,0.0,10,0.0,0.0,10,0.0,0.0,10,0.5,0.5,10,0.0,0.0,10
13,L16,W0_TASK_ONLY,DISABLED,fit,U,18,18,0.16666666666666666,0.16666666666666666,18,0.0,0.0,18,1.0,1.0,18,0.0,0.0,18,0.16666666666666666,0.16666666666666666,18,1.0,1.0,3,0.0,0.0,3,0.0,0.0,15,0.0,0.0,15,0.1111111111111111,0.1111111111111111,18,0.0,0.0,18,0.0,0.0,18
13,L16,W0_TASK_ONLY,DISABLED,fit,positive,5,1,0.0,0.0,5,0.0,0.0,5,1.0,1.0,5,,,0,0.0,0.0,5,,,0,,,0,0.0,0.0,5,0.0,0.0,5,0.0,0.0,5,1.0,1.0,5,0.0,0.0,5
13,L16,W0_TASK_ONLY,DISABLED,formal_development,T1G,4,4,0.0,0.0,4,0.0,0.0,4,1.0,1.0,4,,,0,0.0,0.0,4,,,0,,,0,0.0,0.0,4,0.0,0.0,4,0.0,0.0,4,0.25,0.25,4,0.0,0.0,4
13,L16,W0_TASK_ONLY,DISABLED,formal_development,T2G,4,1,0.0,0.0,4,0.0,0.0,4,1.0,1.0,4,,,0,0.0,0.0,4,,,0,,,0,0.0,0.0,4,0.0,0.0,4,0.0,0.0,4,0.25,0.25,4,0.0,0.0,4
13,L16,W0_TASK_ONLY,DISABLED,native,positive,1,1,0.0,0.0,1,0.0,0.0,1,1.0,1.0,1,,,0,0.0,0.0,1,,,0,,,0,0.0,0.0,1,0.0,0.0,1,0.0,0.0,1,1.0,1.0,1,0.0,0.0,1
13,L16,W0_TASK_ONLY,FIXED_ROUTER,calibration,H,8,2,0.0,0.0,8,0.0,0.0,8,1.0,1.0,8,0.0,0.0,8,0.0,0.0,8,,,0,,,0,0.0,0.0,8,0.0,0.0,8,0.0,0.0,8,0.0,0.0,8,0.0,0.0,8
13,L16,W0_TASK_ONLY,FIXED_ROUTER,calibration,U,18,18,0.2777777777777778,0.2777777777777778,18,0.0,0.0,18,1.0,1.0,18,0.0,0.0,18,0.2777777777777778,0.2777777777777778,18,1.0,1.0,5,0.0,0.0,5,0.0,0.0,13,0.0,0.0,13,0.1111111111111111,0.1111111111111111,18,0.0,0.0,18,0.0,0.0,18
13,L16,W0_TASK_ONLY,FIXED_ROUTER,calibration,positive,4,1,1.0,1.0,4,1.0,1.0,4,0.0,0.0,4,,,0,0.0,0.0,4,,,0,,,0,1.0,1.0,4,1.0,1.0,4,1.0,1.0,4,1.0,1.0,4,0.0,0.0,4
13,L16,W0_TASK_ONLY,FIXED_ROUTER,evaluation,H,4,1,0.0,0.0,4,0.0,0.0,4,0.75,0.75,4,0.8614213466644287,0.8614213466644287,4,0.0,0.0,4,,,0,,,0,0.0,0.0,4,0.25,0.25,4,0.25,0.25,4,0.25,0.25,4,0.0,0.0,4
13,L16,W0_TASK_ONLY,FIXED_ROUTER,evaluation,U,19,19,0.21052631578947367,0.21052631578947367,19,0.0,0.0,19,1.0,1.0,19,0.0,0.0,19,0.21052631578947367,0.21052631578947367,19,1.0,1.0,4,0.0,0.0,4,0.0,0.0,15,0.0,0.0,15,0.05263157894736842,0.05263157894736842,19,0.0,0.0,19,0.0,0.0,19
13,L16,W0_TASK_ONLY,FIXED_ROUTER,evaluation,positive,4,1,1.0,1.0,4,1.0,1.0,4,0.0,0.0,4,,,0,0.0,0.0,4,,,0,,,0,1.0,1.0,4,1.0,1.0,4,1.0,1.0,4,1.0,1.0,4,0.0,0.0,4
13,L16,W0_TASK_ONLY,FIXED_ROUTER,fit,H,10,2,0.0,0.0,10,0.0,0.0,10,0.5,0.5,10,1.1588019013404847,1.1588019013404847,10,0.0,0.0,10,,,0,,,0,0.0,0.0,10,0.5,0.5,10,0.3,0.3,10,0.5,0.5,10,0.0,0.0,10
13,L16,W0_TASK_ONLY,FIXED_ROUTER,fit,U,18,18,0.16666666666666666,0.16666666666666666,18,0.0,0.0,18,1.0,1.0,18,0.0,0.0,18,0.16666666666666666,0.16666666666666666,18,1.0,1.0,3,0.0,0.0,3,0.0,0.0,15,0.0,0.0,15,0.1111111111111111,0.1111111111111111,18,0.0,0.0,18,0.0,0.0,18
13,L16,W0_TASK_ONLY,FIXED_ROUTER,fit,positive,5,1,0.6,0.6,5,1.0,1.0,5,0.0,0.0,5,,,0,0.0,0.0,5,,,0,,,0,0.6,0.6,5,1.0,1.0,5,0.6,0.6,5,1.0,1.0,5,0.0,0.0,5
13,L16,W0_TASK_ONLY,FIXED_ROUTER,formal_development,T1G,4,4,0.25,0.25,4,0.25,0.25,4,0.75,0.75,4,,,0,0.0,0.0,4,,,0,,,0,0.25,0.25,4,0.25,0.25,4,0.25,0.25,4,0.25,0.25,4,0.0,0.0,4
13,L16,W0_TASK_ONLY,FIXED_ROUTER,formal_development,T2G,4,1,0.0,0.0,4,0.25,0.25,4,0.75,0.75,4,,,0,0.0,0.0,4,,,0,,,0,0.0,0.0,4,0.25,0.25,4,0.0,0.0,4,0.25,0.25,4,0.0,0.0,4
13,L16,W0_TASK_ONLY,FIXED_ROUTER,native,positive,1,1,1.0,1.0,1,1.0,1.0,1,0.0,0.0,1,,,0,0.0,0.0,1,,,0,,,0,1.0,1.0,1,1.0,1.0,1,1.0,1.0,1,1.0,1.0,1,0.0,0.0,1
13,L16,W0_TASK_ONLY,FORCED_ON,calibration,H,8,2,0.0,0.0,8,0.0,0.0,8,0.0,0.0,8,3.458730310201645,3.458730310201645,8,0.0,0.0,8,,,0,,,0,0.0,0.0,8,1.0,1.0,8,1.0,1.0,8,0.0,0.0,8,0.0,0.0,8
13,L16,W0_TASK_ONLY,FORCED_ON,calibration,U,18,18,0.05555555555555555,0.05555555555555555,18,0.0,0.0,18,0.0,0.0,18,0.36242573780732024,0.36242573780732024,18,0.2777777777777778,0.2777777777777778,18,0.0,0.0,5,1.0,1.0,5,0.07692307692307693,0.07692307692307693,13,1.0,1.0,13,0.0,0.0,18,0.0,0.0,18,0.0,0.0,18
13,L16,W0_TASK_ONLY,FORCED_ON,calibration,positive,4,1,1.0,1.0,4,1.0,1.0,4,0.0,0.0,4,,,0,0.0,0.0,4,,,0,,,0,1.0,1.0,4,1.0,1.0,4,1.0,1.0,4,1.0,1.0,4,0.0,0.0,4
13,L16,W0_TASK_ONLY,FORCED_ON,evaluation,H,4,1,0.0,0.0,4,0.0,0.0,4,0.0,0.0,4,3.577487051486969,3.577487051486969,4,0.0,0.0,4,,,0,,,0,0.0,0.0,4,1.0,1.0,4,1.0,1.0,4,0.25,0.25,4,0.0,0.0,4
13,L16,W0_TASK_ONLY,FORCED_ON,evaluation,U,19,19,0.0,0.0,19,0.0,0.0,19,0.0,0.0,19,0.3315626741632035,0.3315626741632035,19,0.21052631578947367,0.21052631578947367,19,0.0,0.0,4,1.0,1.0,4,0.0,0.0,15,1.0,1.0,15,0.0,0.0,19,0.0,0.0,19,0.0,0.0,19
13,L16,W0_TASK_ONLY,FORCED_ON,evaluation,positive,4,1,1.0,1.0,4,1.0,1.0,4,0.0,0.0,4,,,0,0.0,0.0,4,,,0,,,0,1.0,1.0,4,1.0,1.0,4,1.0,1.0,4,1.0,1.0,4,0.0,0.0,4
13,L16,W0_TASK_ONLY,FORCED_ON,fit,H,10,2,0.0,0.0,10,0.0,0.0,10,0.0,0.0,10,2.359208130836487,2.3592081308364867,10,0.0,0.0,10,,,0,,,0,0.0,0.0,10,1.0,1.0,10,0.6,0.6,10,0.5,0.5,10,0.0,0.0,10
13,L16,W0_TASK_ONLY,FORCED_ON,fit,U,18,18,0.0,0.0,18,0.0,0.0,18,0.0,0.0,18,0.24115870805043313,0.24115870805043313,18,0.16666666666666666,0.16666666666666666,18,0.0,0.0,3,1.0,1.0,3,0.0,0.0,15,1.0,1.0,15,0.0,0.0,18,0.0,0.0,18,0.0,0.0,18
13,L16,W0_TASK_ONLY,FORCED_ON,fit,positive,5,1,0.6,0.6,5,1.0,1.0,5,0.0,0.0,5,,,0,0.0,0.0,5,,,0,,,0,0.6,0.6,5,1.0,1.0,5,0.6,0.6,5,1.0,1.0,5,0.0,0.0,5
13,L16,W0_TASK_ONLY,FORCED_ON,formal_development,T1G,4,4,1.0,1.0,4,1.0,1.0,4,0.0,0.0,4,,,0,0.0,0.0,4,,,0,,,0,1.0,1.0,4,1.0,1.0,4,1.0,1.0,4,0.25,0.25,4,0.0,0.0,4
13,L16,W0_TASK_ONLY,FORCED_ON,formal_development,T2G,4,1,0.25,0.25,4,1.0,1.0,4,0.0,0.0,4,,,0,0.0,0.0,4,,,0,,,0,0.25,0.25,4,1.0,1.0,4,0.25,0.25,4,0.25,0.25,4,0.0,0.0,4
13,L16,W0_TASK_ONLY,FORCED_ON,native,positive,1,1,1.0,1.0,1,1.0,1.0,1,0.0,0.0,1,,,0,0.0,0.0,1,,,0,,,0,1.0,1.0,1,1.0,1.0,1,1.0,1.0,1,1.0,1.0,1,0.0,0.0,1
13,L16,W1_KL_0.1,DISABLED,calibration,H,8,2,0.0,0.0,8,0.0,0.0,8,1.0,1.0,8,0.0,0.0,8,0.0,0.0,8,,,0,,,0,0.0,0.0,8,0.0,0.0,8,0.0,0.0,8,0.0,0.0,8,0.0,0.0,8
13,L16,W1_KL_0.1,DISABLED,calibration,U,18,18,0.2777777777777778,0.2777777777777778,18,0.0,0.0,18,1.0,1.0,18,0.0,0.0,18,0.2777777777777778,0.2777777777777778,18,1.0,1.0,5,0.0,0.0,5,0.0,0.0,13,0.0,0.0,13,0.1111111111111111,0.1111111111111111,18,0.0,0.0,18,0.0,0.0,18
13,L16,W1_KL_0.1,DISABLED,calibration,positive,4,1,0.0,0.0,4,0.0,0.0,4,1.0,1.0,4,,,0,0.0,0.0,4,,,0,,,0,0.0,0.0,4,0.0,0.0,4,0.0,0.0,4,1.0,1.0,4,0.0,0.0,4
13,L16,W1_KL_0.1,DISABLED,evaluation,H,4,1,0.0,0.0,4,0.0,0.0,4,1.0,1.0,4,0.0,0.0,4,0.0,0.0,4,,,0,,,0,0.0,0.0,4,0.0,0.0,4,0.0,0.0,4,0.25,0.25,4,0.0,0.0,4
13,L16,W1_KL_0.1,DISABLED,evaluation,U,19,19,0.21052631578947367,0.21052631578947367,19,0.0,0.0,19,1.0,1.0,19,0.0,0.0,19,0.21052631578947367,0.21052631578947367,19,1.0,1.0,4,0.0,0.0,4,0.0,0.0,15,0.0,0.0,15,0.05263157894736842,0.05263157894736842,19,0.0,0.0,19,0.0,0.0,19
13,L16,W1_KL_0.1,DISABLED,evaluation,positive,4,1,0.0,0.0,4,0.0,0.0,4,1.0,1.0,4,,,0,0.0,0.0,4,,,0,,,0,0.0,0.0,4,0.0,0.0,4,0.0,0.0,4,1.0,1.0,4,0.0,0.0,4
13,L16,W1_KL_0.1,DISABLED,fit,H,10,2,0.0,0.0,10,0.0,0.0,10,1.0,1.0,10,0.0,0.0,10,0.0,0.0,10,,,0,,,0,0.0,0.0,10,0.0,0.0,10,0.0,0.0,10,0.5,0.5,10,0.0,0.0,10
13,L16,W1_KL_0.1,DISABLED,fit,U,18,18,0.16666666666666666,0.16666666666666666,18,0.0,0.0,18,1.0,1.0,18,0.0,0.0,18,0.16666666666666666,0.16666666666666666,18,1.0,1.0,3,0.0,0.0,3,0.0,0.0,15,0.0,0.0,15,0.1111111111111111,0.1111111111111111,18,0.0,0.0,18,0.0,0.0,18
13,L16,W1_KL_0.1,DISABLED,fit,positive,5,1,0.0,0.0,5,0.0,0.0,5,1.0,1.0,5,,,0,0.0,0.0,5,,,0,,,0,0.0,0.0,5,0.0,0.0,5,0.0,0.0,5,1.0,1.0,5,0.0,0.0,5
13,L16,W1_KL_0.1,DISABLED,formal_development,T1G,4,4,0.0,0.0,4,0.0,0.0,4,1.0,1.0,4,,,0,0.0,0.0,4,,,0,,,0,0.0,0.0,4,0.0,0.0,4,0.0,0.0,4,0.25,0.25,4,0.0,0.0,4
13,L16,W1_KL_0.1,DISABLED,formal_development,T2G,4,1,0.0,0.0,4,0.0,0.0,4,1.0,1.0,4,,,0,0.0,0.0,4,,,0,,,0,0.0,0.0,4,0.0,0.0,4,0.0,0.0,4,0.25,0.25,4,0.0,0.0,4
13,L16,W1_KL_0.1,DISABLED,native,positive,1,1,0.0,0.0,1,0.0,0.0,1,1.0,1.0,1,,,0,0.0,0.0,1,,,0,,,0,0.0,0.0,1,0.0,0.0,1,0.0,0.0,1,1.0,1.0,1,0.0,0.0,1
13,L16,W1_KL_0.1,FIXED_ROUTER,calibration,H,8,2,0.0,0.0,8,0.0,0.0,8,1.0,1.0,8,0.0,0.0,8,0.0,0.0,8,,,0,,,0,0.0,0.0,8,0.0,0.0,8,0.0,0.0,8,0.0,0.0,8,0.0,0.0,8
13,L16,W1_KL_0.1,FIXED_ROUTER,calibration,U,18,18,0.2777777777777778,0.2777777777777778,18,0.0,0.0,18,1.0,1.0,18,0.0,0.0,18,0.2777777777777778,0.2777777777777778,18,1.0,1.0,5,0.0,0.0,5,0.0,0.0,13,0.0,0.0,13,0.1111111111111111,0.1111111111111111,18,0.0,0.0,18,0.0,0.0,18
13,L16,W1_KL_0.1,FIXED_ROUTER,calibration,positive,4,1,0.0,0.0,4,0.0,0.0,4,1.0,1.0,4,,,0,0.0,0.0,4,,,0,,,0,0.0,0.0,4,0.0,0.0,4,0.0,0.0,4,1.0,1.0,4,0.0,0.0,4
13,L16,W1_KL_0.1,FIXED_ROUTER,evaluation,H,4,1,0.0,0.0,4,0.0,0.0,4,1.0,1.0,4,0.00020991507335565984,0.00020991507335565984,4,0.0,0.0,4,,,0,,,0,0.0,0.0,4,0.0,0.0,4,0.0,0.0,4,0.25,0.25,4,0.0,0.0,4
13,L16,W1_KL_0.1,FIXED_ROUTER,evaluation,U,19,19,0.21052631578947367,0.21052631578947367,19,0.0,0.0,19,1.0,1.0,19,0.0,0.0,19,0.21052631578947367,0.21052631578947367,19,1.0,1.0,4,0.0,0.0,4,0.0,0.0,15,0.0,0.0,15,0.05263157894736842,0.05263157894736842,19,0.0,0.0,19,0.0,0.0,19
13,L16,W1_KL_0.1,FIXED_ROUTER,evaluation,positive,4,1,0.5,0.5,4,0.5,0.5,4,0.5,0.5,4,,,0,0.0,0.0,4,,,0,,,0,0.5,0.5,4,0.5,0.5,4,0.5,0.5,4,1.0,1.0,4,0.0,0.0,4
13,L16,W1_KL_0.1,FIXED_ROUTER,fit,H,10,2,0.0,0.0,10,0.0,0.0,10,0.9,0.9,10,0.0004070032679010183,0.0004070032679010183,10,0.0,0.0,10,,,0,,,0,0.0,0.0,10,0.1,0.1,10,0.0,0.0,10,0.5,0.5,10,0.0,0.0,10
13,L16,W1_KL_0.1,FIXED_ROUTER,fit,U,18,18,0.16666666666666666,0.16666666666666666,18,0.0,0.0,18,1.0,1.0,18,0.0,0.0,18,0.16666666666666666,0.16666666666666666,18,1.0,1.0,3,0.0,0.0,3,0.0,0.0,15,0.0,0.0,15,0.1111111111111111,0.1111111111111111,18,0.0,0.0,18,0.0,0.0,18
13,L16,W1_KL_0.1,FIXED_ROUTER,fit,positive,5,1,0.6,0.6,5,1.0,1.0,5,0.0,0.0,5,,,0,0.0,0.0,5,,,0,,,0,0.6,0.6,5,1.0,1.0,5,0.6,0.6,5,1.0,1.0,5,0.0,0.0,5
13,L16,W1_KL_0.1,FIXED_ROUTER,formal_development,T1G,4,4,0.25,0.25,4,0.25,0.25,4,0.75,0.75,4,,,0,0.0,0.0,4,,,0,,,0,0.25,0.25,4,0.25,0.25,4,0.25,0.25,4,0.25,0.25,4,0.0,0.0,4
13,L16,W1_KL_0.1,FIXED_ROUTER,formal_development,T2G,4,1,0.0,0.0,4,0.25,0.25,4,0.75,0.75,4,,,0,0.0,0.0,4,,,0,,,0,0.0,0.0,4,0.25,0.25,4,0.0,0.0,4,0.25,0.25,4,0.0,0.0,4
13,L16,W1_KL_0.1,FIXED_ROUTER,native,positive,1,1,1.0,1.0,1,1.0,1.0,1,0.0,0.0,1,,,0,0.0,0.0,1,,,0,,,0,1.0,1.0,1,1.0,1.0,1,1.0,1.0,1,1.0,1.0,1,0.0,0.0,1
13,L16,W1_KL_0.1,FORCED_ON,calibration,H,8,2,0.0,0.0,8,0.0,0.0,8,1.0,1.0,8,0.001220019519678317,0.001220019519678317,8,0.0,0.0,8,,,0,,,0,0.0,0.0,8,0.0,0.0,8,0.0,0.0,8,0.0,0.0,8,0.0,0.0,8
13,L16,W1_KL_0.1,FORCED_ON,calibration,U,18,18,0.3888888888888889,0.3888888888888889,18,0.0,0.0,18,0.2222222222222222,0.2222222222222222,18,0.004885023742746044,0.004885023742746044,18,0.2777777777777778,0.2777777777777778,18,0.8,0.8,5,0.2,0.2,5,0.23076923076923078,0.23076923076923078,13,0.9230769230769231,0.9230769230769231,13,0.05555555555555555,0.05555555555555555,18,0.0,0.0,18,0.0,0.0,18
13,L16,W1_KL_0.1,FORCED_ON,calibration,positive,4,1,0.0,0.0,4,0.0,0.0,4,1.0,1.0,4,,,0,0.0,0.0,4,,,0,,,0,0.0,0.0,4,0.0,0.0,4,0.0,0.0,4,1.0,1.0,4,0.0,0.0,4
13,L16,W1_KL_0.1,FORCED_ON,evaluation,H,4,1,0.0,0.0,4,0.0,0.0,4,1.0,1.0,4,0.0010725899774115533,0.0010725899774115533,4,0.0,0.0,4,,,0,,,0,0.0,0.0,4,0.0,0.0,4,0.0,0.0,4,0.25,0.25,4,0.0,0.0,4
13,L16,W1_KL_0.1,FORCED_ON,evaluation,U,19,19,0.21052631578947367,0.21052631578947367,19,0.0,0.0,19,0.3684210526315789,0.3684210526315789,19,0.004461629689965201,0.004461629689965201,19,0.21052631578947367,0.21052631578947367,19,1.0,1.0,4,0.0,0.0,4,0.0,0.0,15,0.7333333333333333,0.7333333333333333,15,0.05263157894736842,0.05263157894736842,19,0.0,0.0,19,0.0,0.0,19
13,L16,W1_KL_0.1,FORCED_ON,evaluation,positive,4,1,0.5,0.5,4,0.5,0.5,4,0.5,0.5,4,,,0,0.0,0.0,4,,,0,,,0,0.5,0.5,4,0.5,0.5,4,0.5,0.5,4,1.0,1.0,4,0.0,0.0,4
13,L16,W1_KL_0.1,FORCED_ON,fit,H,10,2,0.0,0.0,10,0.0,0.0,10,0.7,0.7,10,0.0009326089289970696,0.0009326089289970696,10,0.0,0.0,10,,,0,,,0,0.0,0.0,10,0.30000000000000004,0.3,10,0.0,0.0,10,0.5,0.5,10,0.0,0.0,10
13,L16,W1_KL_0.1,FORCED_ON,fit,U,18,18,0.1111111111111111,0.1111111111111111,18,0.0,0.0,18,0.4444444444444444,0.4444444444444444,18,0.009104844514190013,0.009104844514190013,18,0.16666666666666666,0.16666666666666666,18,0.6666666666666666,0.6666666666666666,3,0.3333333333333333,0.3333333333333333,3,0.0,0.0,15,0.4666666666666667,0.4666666666666667,15,0.1111111111111111,0.1111111111111111,18,0.0,0.0,18,0.0,0.0,18
13,L16,W1_KL_0.1,FORCED_ON,fit,positive,5,1,0.6,0.6,5,1.0,1.0,5,0.0,0.0,5,,,0,0.0,0.0,5,,,0,,,0,0.6,0.6,5,1.0,1.0,5,0.6,0.6,5,1.0,1.0,5,0.0,0.0,5
13,L16,W1_KL_0.1,FORCED_ON,formal_development,T1G,4,4,1.0,1.0,4,1.0,1.0,4,0.0,0.0,4,,,0,0.0,0.0,4,,,0,,,0,1.0,1.0,4,1.0,1.0,4,1.0,1.0,4,0.25,0.25,4,0.0,0.0,4
13,L16,W1_KL_0.1,FORCED_ON,formal_development,T2G,4,1,0.0,0.0,4,0.25,0.25,4,0.25,0.25,4,,,0,0.0,0.0,4,,,0,,,0,0.0,0.0,4,0.75,0.75,4,0.0,0.0,4,0.25,0.25,4,0.0,0.0,4
13,L16,W1_KL_0.1,FORCED_ON,native,positive,1,1,1.0,1.0,1,1.0,1.0,1,0.0,0.0,1,,,0,0.0,0.0,1,,,0,,,0,1.0,1.0,1,1.0,1.0,1,1.0,1.0,1,1.0,1.0,1,0.0,0.0,1
13,L16,W1_KL_1,DISABLED,calibration,H,8,2,0.0,0.0,8,0.0,0.0,8,1.0,1.0,8,0.0,0.0,8,0.0,0.0,8,,,0,,,0,0.0,0.0,8,0.0,0.0,8,0.0,0.0,8,0.0,0.0,8,0.0,0.0,8
13,L16,W1_KL_1,DISABLED,calibration,U,18,18,0.2777777777777778,0.2777777777777778,18,0.0,0.0,18,1.0,1.0,18,0.0,0.0,18,0.2777777777777778,0.2777777777777778,18,1.0,1.0,5,0.0,0.0,5,0.0,0.0,13,0.0,0.0,13,0.1111111111111111,0.1111111111111111,18,0.0,0.0,18,0.0,0.0,18
13,L16,W1_KL_1,DISABLED,calibration,positive,4,1,0.0,0.0,4,0.0,0.0,4,1.0,1.0,4,,,0,0.0,0.0,4,,,0,,,0,0.0,0.0,4,0.0,0.0,4,0.0,0.0,4,1.0,1.0,4,0.0,0.0,4
13,L16,W1_KL_1,DISABLED,evaluation,H,4,1,0.0,0.0,4,0.0,0.0,4,1.0,1.0,4,0.0,0.0,4,0.0,0.0,4,,,0,,,0,0.0,0.0,4,0.0,0.0,4,0.0,0.0,4,0.25,0.25,4,0.0,0.0,4
13,L16,W1_KL_1,DISABLED,evaluation,U,19,19,0.21052631578947367,0.21052631578947367,19,0.0,0.0,19,1.0,1.0,19,0.0,0.0,19,0.21052631578947367,0.21052631578947367,19,1.0,1.0,4,0.0,0.0,4,0.0,0.0,15,0.0,0.0,15,0.05263157894736842,0.05263157894736842,19,0.0,0.0,19,0.0,0.0,19
13,L16,W1_KL_1,DISABLED,evaluation,positive,4,1,0.0,0.0,4,0.0,0.0,4,1.0,1.0,4,,,0,0.0,0.0,4,,,0,,,0,0.0,0.0,4,0.0,0.0,4,0.0,0.0,4,1.0,1.0,4,0.0,0.0,4
13,L16,W1_KL_1,DISABLED,fit,H,10,2,0.0,0.0,10,0.0,0.0,10,1.0,1.0,10,0.0,0.0,10,0.0,0.0,10,,,0,,,0,0.0,0.0,10,0.0,0.0,10,0.0,0.0,10,0.5,0.5,10,0.0,0.0,10
13,L16,W1_KL_1,DISABLED,fit,U,18,18,0.16666666666666666,0.16666666666666666,18,0.0,0.0,18,1.0,1.0,18,0.0,0.0,18,0.16666666666666666,0.16666666666666666,18,1.0,1.0,3,0.0,0.0,3,0.0,0.0,15,0.0,0.0,15,0.1111111111111111,0.1111111111111111,18,0.0,0.0,18,0.0,0.0,18
13,L16,W1_KL_1,DISABLED,fit,positive,5,1,0.0,0.0,5,0.0,0.0,5,1.0,1.0,5,,,0,0.0,0.0,5,,,0,,,0,0.0,0.0,5,0.0,0.0,5,0.0,0.0,5,1.0,1.0,5,0.0,0.0,5
13,L16,W1_KL_1,DISABLED,formal_development,T1G,4,4,0.0,0.0,4,0.0,0.0,4,1.0,1.0,4,,,0,0.0,0.0,4,,,0,,,0,0.0,0.0,4,0.0,0.0,4,0.0,0.0,4,0.25,0.25,4,0.0,0.0,4
13,L16,W1_KL_1,DISABLED,formal_development,T2G,4,1,0.0,0.0,4,0.0,0.0,4,1.0,1.0,4,,,0,0.0,0.0,4,,,0,,,0,0.0,0.0,4,0.0,0.0,4,0.0,0.0,4,0.25,0.25,4,0.0,0.0,4
13,L16,W1_KL_1,DISABLED,native,positive,1,1,0.0,0.0,1,0.0,0.0,1,1.0,1.0,1,,,0,0.0,0.0,1,,,0,,,0,0.0,0.0,1,0.0,0.0,1,0.0,0.0,1,1.0,1.0,1,0.0,0.0,1
13,L16,W1_KL_1,FIXED_ROUTER,calibration,H,8,2,0.0,0.0,8,0.0,0.0,8,1.0,1.0,8,0.0,0.0,8,0.0,0.0,8,,,0,,,0,0.0,0.0,8,0.0,0.0,8,0.0,0.0,8,0.0,0.0,8,0.0,0.0,8
13,L16,W1_KL_1,FIXED_ROUTER,calibration,U,18,18,0.2777777777777778,0.2777777777777778,18,0.0,0.0,18,1.0,1.0,18,0.0,0.0,18,0.2777777777777778,0.2777777777777778,18,1.0,1.0,5,0.0,0.0,5,0.0,0.0,13,0.0,0.0,13,0.1111111111111111,0.1111111111111111,18,0.0,0.0,18,0.0,0.0,18
13,L16,W1_KL_1,FIXED_ROUTER,calibration,positive,4,1,0.0,0.0,4,0.0,0.0,4,1.0,1.0,4,,,0,0.0,0.0,4,,,0,,,0,0.0,0.0,4,0.0,0.0,4,0.0,0.0,4,1.0,1.0,4,0.0,0.0,4
13,L16,W1_KL_1,FIXED_ROUTER,evaluation,H,4,1,0.0,0.0,4,0.0,0.0,4,1.0,1.0,4,0.00012687285197898746,0.00012687285197898746,4,0.0,0.0,4,,,0,,,0,0.0,0.0,4,0.0,0.0,4,0.0,0.0,4,0.25,0.25,4,0.0,0.0,4
13,L16,W1_KL_1,FIXED_ROUTER,evaluation,U,19,19,0.21052631578947367,0.21052631578947367,19,0.0,0.0,19,1.0,1.0,19,0.0,0.0,19,0.21052631578947367,0.21052631578947367,19,1.0,1.0,4,0.0,0.0,4,0.0,0.0,15,0.0,0.0,15,0.05263157894736842,0.05263157894736842,19,0.0,0.0,19,0.0,0.0,19
13,L16,W1_KL_1,FIXED_ROUTER,evaluation,positive,4,1,0.0,0.0,4,0.0,0.0,4,1.0,1.0,4,,,0,0.0,0.0,4,,,0,,,0,0.0,0.0,4,0.0,0.0,4,0.0,0.0,4,1.0,1.0,4,0.0,0.0,4
13,L16,W1_KL_1,FIXED_ROUTER,fit,H,10,2,0.0,0.0,10,0.0,0.0,10,0.9,0.9,10,0.00043396973051130773,0.00043396973051130773,10,0.0,0.0,10,,,0,,,0,0.0,0.0,10,0.1,0.1,10,0.0,0.0,10,0.5,0.5,10,0.0,0.0,10
13,L16,W1_KL_1,FIXED_ROUTER,fit,U,18,18,0.16666666666666666,0.16666666666666666,18,0.0,0.0,18,1.0,1.0,18,0.0,0.0,18,0.16666666666666666,0.16666666666666666,18,1.0,1.0,3,0.0,0.0,3,0.0,0.0,15,0.0,0.0,15,0.1111111111111111,0.1111111111111111,18,0.0,0.0,18,0.0,0.0,18
13,L16,W1_KL_1,FIXED_ROUTER,fit,positive,5,1,0.6,0.6,5,1.0,1.0,5,0.0,0.0,5,,,0,0.0,0.0,5,,,0,,,0,0.6,0.6,5,1.0,1.0,5,0.6,0.6,5,1.0,1.0,5,0.0,0.0,5
13,L16,W1_KL_1,FIXED_ROUTER,formal_development,T1G,4,4,0.25,0.25,4,0.25,0.25,4,0.75,0.75,4,,,0,0.0,0.0,4,,,0,,,0,0.25,0.25,4,0.25,0.25,4,0.25,0.25,4,0.25,0.25,4,0.0,0.0,4
13,L16,W1_KL_1,FIXED_ROUTER,formal_development,T2G,4,1,0.0,0.0,4,0.25,0.25,4,0.75,0.75,4,,,0,0.0,0.0,4,,,0,,,0,0.0,0.0,4,0.25,0.25,4,0.0,0.0,4,0.25,0.25,4,0.0,0.0,4
13,L16,W1_KL_1,FIXED_ROUTER,native,positive,1,1,1.0,1.0,1,1.0,1.0,1,0.0,0.0,1,,,0,0.0,0.0,1,,,0,,,0,1.0,1.0,1,1.0,1.0,1,1.0,1.0,1,1.0,1.0,1,0.0,0.0,1
13,L16,W1_KL_1,FORCED_ON,calibration,H,8,2,0.0,0.0,8,0.0,0.0,8,1.0,1.0,8,0.0007322096716961823,0.0007322096716961823,8,0.0,0.0,8,,,0,,,0,0.0,0.0,8,0.0,0.0,8,0.0,0.0,8,0.0,0.0,8,0.0,0.0,8
13,L16,W1_KL_1,FORCED_ON,calibration,U,18,18,0.3333333333333333,0.3333333333333333,18,0.0,0.0,18,0.5555555555555556,0.5555555555555556,18,0.002969898904363314,0.002969898904363314,18,0.2777777777777778,0.2777777777777778,18,1.0,1.0,5,0.0,0.0,5,0.07692307692307693,0.07692307692307693,13,0.5384615384615384,0.5384615384615384,13,0.1111111111111111,0.1111111111111111,18,0.0,0.0,18,0.0,0.0,18
13,L16,W1_KL_1,FORCED_ON,calibration,positive,4,1,0.0,0.0,4,0.0,0.0,4,1.0,1.0,4,,,0,0.0,0.0,4,,,0,,,0,0.0,0.0,4,0.0,0.0,4,0.0,0.0,4,1.0,1.0,4,0.0,0.0,4
13,L16,W1_KL_1,FORCED_ON,evaluation,H,4,1,0.0,0.0,4,0.0,0.0,4,1.0,1.0,4,0.0006106217770138755,0.0006106217770138755,4,0.0,0.0,4,,,0,,,0,0.0,0.0,4,0.0,0.0,4,0.0,0.0,4,0.25,0.25,4,0.0,0.0,4
13,L16,W1_KL_1,FORCED_ON,evaluation,U,19,19,0.21052631578947367,0.21052631578947367,19,0.0,0.0,19,0.3684210526315789,0.3684210526315789,19,0.003913192216331433,0.003913192216331433,19,0.21052631578947367,0.21052631578947367,19,1.0,1.0,4,0.0,0.0,4,0.0,0.0,15,0.6666666666666666,0.6666666666666666,15,0.05263157894736842,0.05263157894736842,19,0.0,0.0,19,0.0,0.0,19
13,L16,W1_KL_1,FORCED_ON,evaluation,positive,4,1,0.0,0.0,4,0.0,0.0,4,1.0,1.0,4,,,0,0.0,0.0,4,,,0,,,0,0.0,0.0,4,0.0,0.0,4,0.0,0.0,4,1.0,1.0,4,0.0,0.0,4
13,L16,W1_KL_1,FORCED_ON,fit,H,10,2,0.0,0.0,10,0.0,0.0,10,0.7,0.7,10,0.0008813970460323616,0.0008813970460323616,10,0.0,0.0,10,,,0,,,0,0.0,0.0,10,0.30000000000000004,0.3,10,0.0,0.0,10,0.5,0.5,10,0.0,0.0,10
13,L16,W1_KL_1,FORCED_ON,fit,U,18,18,0.16666666666666666,0.16666666666666666,18,0.0,0.0,18,0.3888888888888889,0.3888888888888889,18,0.0033731147608098886,0.0033731147608098886,18,0.16666666666666666,0.16666666666666666,18,1.0,1.0,3,0.0,0.0,3,0.0,0.0,15,0.6,0.6,15,0.1111111111111111,0.1111111111111111,18,0.0,0.0,18,0.0,0.0,18
13,L16,W1_KL_1,FORCED_ON,fit,positive,5,1,0.6,0.6,5,1.0,1.0,5,0.0,0.0,5,,,0,0.0,0.0,5,,,0,,,0,0.6,0.6,5,1.0,1.0,5,0.6,0.6,5,1.0,1.0,5,0.0,0.0,5
13,L16,W1_KL_1,FORCED_ON,formal_development,T1G,4,4,1.0,1.0,4,1.0,1.0,4,0.0,0.0,4,,,0,0.0,0.0,4,,,0,,,0,1.0,1.0,4,1.0,1.0,4,1.0,1.0,4,0.25,0.25,4,0.0,0.0,4
13,L16,W1_KL_1,FORCED_ON,formal_development,T2G,4,1,0.0,0.0,4,0.25,0.25,4,0.25,0.25,4,,,0,0.0,0.0,4,,,0,,,0,0.0,0.0,4,0.75,0.75,4,0.0,0.0,4,0.25,0.25,4,0.0,0.0,4
13,L16,W1_KL_1,FORCED_ON,native,positive,1,1,1.0,1.0,1,1.0,1.0,1,0.0,0.0,1,,,0,0.0,0.0,1,,,0,,,0,1.0,1.0,1,1.0,1.0,1,1.0,1.0,1,1.0,1.0,1,0.0,0.0,1
13,L16,W1_KL_10,DISABLED,calibration,H,8,2,0.0,0.0,8,0.0,0.0,8,1.0,1.0,8,0.0,0.0,8,0.0,0.0,8,,,0,,,0,0.0,0.0,8,0.0,0.0,8,0.0,0.0,8,0.0,0.0,8,0.0,0.0,8
13,L16,W1_KL_10,DISABLED,calibration,U,18,18,0.2777777777777778,0.2777777777777778,18,0.0,0.0,18,1.0,1.0,18,0.0,0.0,18,0.2777777777777778,0.2777777777777778,18,1.0,1.0,5,0.0,0.0,5,0.0,0.0,13,0.0,0.0,13,0.1111111111111111,0.1111111111111111,18,0.0,0.0,18,0.0,0.0,18
13,L16,W1_KL_10,DISABLED,calibration,positive,4,1,0.0,0.0,4,0.0,0.0,4,1.0,1.0,4,,,0,0.0,0.0,4,,,0,,,0,0.0,0.0,4,0.0,0.0,4,0.0,0.0,4,1.0,1.0,4,0.0,0.0,4
13,L16,W1_KL_10,DISABLED,evaluation,H,4,1,0.0,0.0,4,0.0,0.0,4,1.0,1.0,4,0.0,0.0,4,0.0,0.0,4,,,0,,,0,0.0,0.0,4,0.0,0.0,4,0.0,0.0,4,0.25,0.25,4,0.0,0.0,4
13,L16,W1_KL_10,DISABLED,evaluation,U,19,19,0.21052631578947367,0.21052631578947367,19,0.0,0.0,19,1.0,1.0,19,0.0,0.0,19,0.21052631578947367,0.21052631578947367,19,1.0,1.0,4,0.0,0.0,4,0.0,0.0,15,0.0,0.0,15,0.05263157894736842,0.05263157894736842,19,0.0,0.0,19,0.0,0.0,19
13,L16,W1_KL_10,DISABLED,evaluation,positive,4,1,0.0,0.0,4,0.0,0.0,4,1.0,1.0,4,,,0,0.0,0.0,4,,,0,,,0,0.0,0.0,4,0.0,0.0,4,0.0,0.0,4,1.0,1.0,4,0.0,0.0,4
13,L16,W1_KL_10,DISABLED,fit,H,10,2,0.0,0.0,10,0.0,0.0,10,1.0,1.0,10,0.0,0.0,10,0.0,0.0,10,,,0,,,0,0.0,0.0,10,0.0,0.0,10,0.0,0.0,10,0.5,0.5,10,0.0,0.0,10
13,L16,W1_KL_10,DISABLED,fit,U,18,18,0.16666666666666666,0.16666666666666666,18,0.0,0.0,18,1.0,1.0,18,0.0,0.0,18,0.16666666666666666,0.16666666666666666,18,1.0,1.0,3,0.0,0.0,3,0.0,0.0,15,0.0,0.0,15,0.1111111111111111,0.1111111111111111,18,0.0,0.0,18,0.0,0.0,18
13,L16,W1_KL_10,DISABLED,fit,positive,5,1,0.0,0.0,5,0.0,0.0,5,1.0,1.0,5,,,0,0.0,0.0,5,,,0,,,0,0.0,0.0,5,0.0,0.0,5,0.0,0.0,5,1.0,1.0,5,0.0,0.0,5
13,L16,W1_KL_10,DISABLED,formal_development,T1G,4,4,0.0,0.0,4,0.0,0.0,4,1.0,1.0,4,,,0,0.0,0.0,4,,,0,,,0,0.0,0.0,4,0.0,0.0,4,0.0,0.0,4,0.25,0.25,4,0.0,0.0,4
13,L16,W1_KL_10,DISABLED,formal_development,T2G,4,1,0.0,0.0,4,0.0,0.0,4,1.0,1.0,4,,,0,0.0,0.0,4,,,0,,,0,0.0,0.0,4,0.0,0.0,4,0.0,0.0,4,0.25,0.25,4,0.0,0.0,4
13,L16,W1_KL_10,DISABLED,native,positive,1,1,0.0,0.0,1,0.0,0.0,1,1.0,1.0,1,,,0,0.0,0.0,1,,,0,,,0,0.0,0.0,1,0.0,0.0,1,0.0,0.0,1,1.0,1.0,1,0.0,0.0,1
13,L16,W1_KL_10,FIXED_ROUTER,calibration,H,8,2,0.0,0.0,8,0.0,0.0,8,1.0,1.0,8,0.0,0.0,8,0.0,0.0,8,,,0,,,0,0.0,0.0,8,0.0,0.0,8,0.0,0.0,8,0.0,0.0,8,0.0,0.0,8
13,L16,W1_KL_10,FIXED_ROUTER,calibration,U,18,18,0.2777777777777778,0.2777777777777778,18,0.0,0.0,18,1.0,1.0,18,0.0,0.0,18,0.2777777777777778,0.2777777777777778,18,1.0,1.0,5,0.0,0.0,5,0.0,0.0,13,0.0,0.0,13,0.1111111111111111,0.1111111111111111,18,0.0,0.0,18,0.0,0.0,18
13,L16,W1_KL_10,FIXED_ROUTER,calibration,positive,4,1,0.0,0.0,4,0.0,0.0,4,1.0,1.0,4,,,0,0.0,0.0,4,,,0,,,0,0.0,0.0,4,0.0,0.0,4,0.0,0.0,4,1.0,1.0,4,0.0,0.0,4
13,L16,W1_KL_10,FIXED_ROUTER,evaluation,H,4,1,0.0,0.0,4,0.0,0.0,4,1.0,1.0,4,0.00012077329301973805,0.00012077329301973805,4,0.0,0.0,4,,,0,,,0,0.0,0.0,4,0.0,0.0,4,0.0,0.0,4,0.25,0.25,4,0.0,0.0,4
13,L16,W1_KL_10,FIXED_ROUTER,evaluation,U,19,19,0.21052631578947367,0.21052631578947367,19,0.0,0.0,19,1.0,1.0,19,0.0,0.0,19,0.21052631578947367,0.21052631578947367,19,1.0,1.0,4,0.0,0.0,4,0.0,0.0,15,0.0,0.0,15,0.05263157894736842,0.05263157894736842,19,0.0,0.0,19,0.0,0.0,19
13,L16,W1_KL_10,FIXED_ROUTER,evaluation,positive,4,1,0.0,0.0,4,0.0,0.0,4,1.0,1.0,4,,,0,0.0,0.0,4,,,0,,,0,0.0,0.0,4,0.0,0.0,4,0.0,0.0,4,1.0,1.0,4,0.0,0.0,4
13,L16,W1_KL_10,FIXED_ROUTER,fit,H,10,2,0.0,0.0,10,0.0,0.0,10,0.8,0.8,10,0.0002911821036832407,0.0002911821036832407,10,0.0,0.0,10,,,0,,,0,0.0,0.0,10,0.2,0.2,10,0.0,0.0,10,0.5,0.5,10,0.0,0.0,10
13,L16,W1_KL_10,FIXED_ROUTER,fit,U,18,18,0.16666666666666666,0.16666666666666666,18,0.0,0.0,18,1.0,1.0,18,0.0,0.0,18,0.16666666666666666,0.16666666666666666,18,1.0,1.0,3,0.0,0.0,3,0.0,0.0,15,0.0,0.0,15,0.1111111111111111,0.1111111111111111,18,0.0,0.0,18,0.0,0.0,18
13,L16,W1_KL_10,FIXED_ROUTER,fit,positive,5,1,0.6,0.6,5,1.0,1.0,5,0.0,0.0,5,,,0,0.0,0.0,5,,,0,,,0,0.6,0.6,5,1.0,1.0,5,0.6,0.6,5,1.0,1.0,5,0.0,0.0,5
13,L16,W1_KL_10,FIXED_ROUTER,formal_development,T1G,4,4,0.25,0.25,4,0.25,0.25,4,0.75,0.75,4,,,0,0.0,0.0,4,,,0,,,0,0.25,0.25,4,0.25,0.25,4,0.25,0.25,4,0.25,0.25,4,0.0,0.0,4
13,L16,W1_KL_10,FIXED_ROUTER,formal_development,T2G,4,1,0.0,0.0,4,0.0,0.0,4,1.0,1.0,4,,,0,0.0,0.0,4,,,0,,,0,0.0,0.0,4,0.0,0.0,4,0.0,0.0,4,0.25,0.25,4,0.0,0.0,4
13,L16,W1_KL_10,FIXED_ROUTER,native,positive,1,1,1.0,1.0,1,1.0,1.0,1,0.0,0.0,1,,,0,0.0,0.0,1,,,0,,,0,1.0,1.0,1,1.0,1.0,1,1.0,1.0,1,1.0,1.0,1,0.0,0.0,1
13,L16,W1_KL_10,FORCED_ON,calibration,H,8,2,0.0,0.0,8,0.0,0.0,8,1.0,1.0,8,0.0007065347672323696,0.0007065347672323696,8,0.0,0.0,8,,,0,,,0,0.0,0.0,8,0.0,0.0,8,0.0,0.0,8,0.0,0.0,8,0.0,0.0,8
13,L16,W1_KL_10,FORCED_ON,calibration,U,18,18,0.2777777777777778,0.2777777777777778,18,0.0,0.0,18,0.5,0.5,18,0.0026997829166551432,0.0026997829166551432,18,0.2777777777777778,0.2777777777777778,18,1.0,1.0,5,0.0,0.0,5,0.0,0.0,13,0.6923076923076923,0.6923076923076923,13,0.1111111111111111,0.1111111111111111,18,0.0,0.0,18,0.0,0.0,18
13,L16,W1_KL_10,FORCED_ON,calibration,positive,4,1,0.0,0.0,4,0.0,0.0,4,1.0,1.0,4,,,0,0.0,0.0,4,,,0,,,0,0.0,0.0,4,0.0,0.0,4,0.0,0.0,4,1.0,1.0,4,0.0,0.0,4
13,L16,W1_KL_10,FORCED_ON,evaluation,H,4,1,0.0,0.0,4,0.0,0.0,4,1.0,1.0,4,0.0005597575582214631,0.0005597575582214631,4,0.0,0.0,4,,,0,,,0,0.0,0.0,4,0.0,0.0,4,0.0,0.0,4,0.25,0.25,4,0.0,0.0,4
13,L16,W1_KL_10,FORCED_ON,evaluation,U,19,19,0.21052631578947367,0.21052631578947367,19,0.0,0.0,19,0.2631578947368421,0.2631578947368421,19,0.002914710524859593,0.002914710524859593,19,0.21052631578947367,0.21052631578947367,19,1.0,1.0,4,0.0,0.0,4,0.0,0.0,15,0.8666666666666667,0.8666666666666667,15,0.05263157894736842,0.05263157894736842,19,0.0,0.0,19,0.0,0.0,19
13,L16,W1_KL_10,FORCED_ON,evaluation,positive,4,1,0.0,0.0,4,0.0,0.0,4,1.0,1.0,4,,,0,0.0,0.0,4,,,0,,,0,0.0,0.0,4,0.0,0.0,4,0.0,0.0,4,1.0,1.0,4,0.0,0.0,4
13,L16,W1_KL_10,FORCED_ON,fit,H,10,2,0.0,0.0,10,0.0,0.0,10,0.6,0.6,10,0.0006175334769068287,0.0006175334769068286,10,0.0,0.0,10,,,0,,,0,0.0,0.0,10,0.4,0.4,10,0.0,0.0,10,0.5,0.5,10,0.0,0.0,10
13,L16,W1_KL_10,FORCED_ON,fit,U,18,18,0.16666666666666666,0.16666666666666666,18,0.0,0.0,18,0.3333333333333333,0.3333333333333333,18,0.002803412809347113,0.002803412809347113,18,0.16666666666666666,0.16666666666666666,18,1.0,1.0,3,0.0,0.0,3,0.0,0.0,15,0.8,0.8,15,0.05555555555555555,0.05555555555555555,18,0.0,0.0,18,0.0,0.0,18
13,L16,W1_KL_10,FORCED_ON,fit,positive,5,1,0.6,0.6,5,1.0,1.0,5,0.0,0.0,5,,,0,0.0,0.0,5,,,0,,,0,0.6,0.6,5,1.0,1.0,5,0.6,0.6,5,1.0,1.0,5,0.0,0.0,5
13,L16,W1_KL_10,FORCED_ON,formal_development,T1G,4,4,1.0,1.0,4,1.0,1.0,4,0.0,0.0,4,,,0,0.0,0.0,4,,,0,,,0,1.0,1.0,4,1.0,1.0,4,1.0,1.0,4,0.25,0.25,4,0.0,0.0,4
13,L16,W1_KL_10,FORCED_ON,formal_development,T2G,4,1,0.0,0.0,4,0.0,0.0,4,0.5,0.5,4,,,0,0.0,0.0,4,,,0,,,0,0.0,0.0,4,0.5,0.5,4,0.0,0.0,4,0.25,0.25,4,0.0,0.0,4
13,L16,W1_KL_10,FORCED_ON,native,positive,1,1,1.0,1.0,1,1.0,1.0,1,0.0,0.0,1,,,0,0.0,0.0,1,,,0,,,0,1.0,1.0,1,1.0,1.0,1,1.0,1.0,1,1.0,1.0,1,0.0,0.0,1
13,L16,W2_GROUP_CONSTRAINED,DISABLED,calibration,H,8,2,0.0,0.0,8,0.0,0.0,8,1.0,1.0,8,0.0,0.0,8,0.0,0.0,8,,,0,,,0,0.0,0.0,8,0.0,0.0,8,0.0,0.0,8,0.0,0.0,8,0.0,0.0,8
13,L16,W2_GROUP_CONSTRAINED,DISABLED,calibration,U,18,18,0.2777777777777778,0.2777777777777778,18,0.0,0.0,18,1.0,1.0,18,0.0,0.0,18,0.2777777777777778,0.2777777777777778,18,1.0,1.0,5,0.0,0.0,5,0.0,0.0,13,0.0,0.0,13,0.1111111111111111,0.1111111111111111,18,0.0,0.0,18,0.0,0.0,18
13,L16,W2_GROUP_CONSTRAINED,DISABLED,calibration,positive,4,1,0.0,0.0,4,0.0,0.0,4,1.0,1.0,4,,,0,0.0,0.0,4,,,0,,,0,0.0,0.0,4,0.0,0.0,4,0.0,0.0,4,1.0,1.0,4,0.0,0.0,4
13,L16,W2_GROUP_CONSTRAINED,DISABLED,evaluation,H,4,1,0.0,0.0,4,0.0,0.0,4,1.0,1.0,4,0.0,0.0,4,0.0,0.0,4,,,0,,,0,0.0,0.0,4,0.0,0.0,4,0.0,0.0,4,0.25,0.25,4,0.0,0.0,4
13,L16,W2_GROUP_CONSTRAINED,DISABLED,evaluation,U,19,19,0.21052631578947367,0.21052631578947367,19,0.0,0.0,19,1.0,1.0,19,0.0,0.0,19,0.21052631578947367,0.21052631578947367,19,1.0,1.0,4,0.0,0.0,4,0.0,0.0,15,0.0,0.0,15,0.05263157894736842,0.05263157894736842,19,0.0,0.0,19,0.0,0.0,19
13,L16,W2_GROUP_CONSTRAINED,DISABLED,evaluation,positive,4,1,0.0,0.0,4,0.0,0.0,4,1.0,1.0,4,,,0,0.0,0.0,4,,,0,,,0,0.0,0.0,4,0.0,0.0,4,0.0,0.0,4,1.0,1.0,4,0.0,0.0,4
13,L16,W2_GROUP_CONSTRAINED,DISABLED,fit,H,10,2,0.0,0.0,10,0.0,0.0,10,1.0,1.0,10,0.0,0.0,10,0.0,0.0,10,,,0,,,0,0.0,0.0,10,0.0,0.0,10,0.0,0.0,10,0.5,0.5,10,0.0,0.0,10
13,L16,W2_GROUP_CONSTRAINED,DISABLED,fit,U,18,18,0.16666666666666666,0.16666666666666666,18,0.0,0.0,18,1.0,1.0,18,0.0,0.0,18,0.16666666666666666,0.16666666666666666,18,1.0,1.0,3,0.0,0.0,3,0.0,0.0,15,0.0,0.0,15,0.1111111111111111,0.1111111111111111,18,0.0,0.0,18,0.0,0.0,18
13,L16,W2_GROUP_CONSTRAINED,DISABLED,fit,positive,5,1,0.0,0.0,5,0.0,0.0,5,1.0,1.0,5,,,0,0.0,0.0,5,,,0,,,0,0.0,0.0,5,0.0,0.0,5,0.0,0.0,5,1.0,1.0,5,0.0,0.0,5
13,L16,W2_GROUP_CONSTRAINED,DISABLED,formal_development,T1G,4,4,0.0,0.0,4,0.0,0.0,4,1.0,1.0,4,,,0,0.0,0.0,4,,,0,,,0,0.0,0.0,4,0.0,0.0,4,0.0,0.0,4,0.25,0.25,4,0.0,0.0,4
13,L16,W2_GROUP_CONSTRAINED,DISABLED,formal_development,T2G,4,1,0.0,0.0,4,0.0,0.0,4,1.0,1.0,4,,,0,0.0,0.0,4,,,0,,,0,0.0,0.0,4,0.0,0.0,4,0.0,0.0,4,0.25,0.25,4,0.0,0.0,4
13,L16,W2_GROUP_CONSTRAINED,DISABLED,native,positive,1,1,0.0,0.0,1,0.0,0.0,1,1.0,1.0,1,,,0,0.0,0.0,1,,,0,,,0,0.0,0.0,1,0.0,0.0,1,0.0,0.0,1,1.0,1.0,1,0.0,0.0,1
13,L16,W2_GROUP_CONSTRAINED,FIXED_ROUTER,calibration,H,8,2,0.0,0.0,8,0.0,0.0,8,1.0,1.0,8,0.0,0.0,8,0.0,0.0,8,,,0,,,0,0.0,0.0,8,0.0,0.0,8,0.0,0.0,8,0.0,0.0,8,0.0,0.0,8
13,L16,W2_GROUP_CONSTRAINED,FIXED_ROUTER,calibration,U,18,18,0.2777777777777778,0.2777777777777778,18,0.0,0.0,18,1.0,1.0,18,0.0,0.0,18,0.2777777777777778,0.2777777777777778,18,1.0,1.0,5,0.0,0.0,5,0.0,0.0,13,0.0,0.0,13,0.1111111111111111,0.1111111111111111,18,0.0,0.0,18,0.0,0.0,18
13,L16,W2_GROUP_CONSTRAINED,FIXED_ROUTER,calibration,positive,4,1,1.0,1.0,4,1.0,1.0,4,0.0,0.0,4,,,0,0.0,0.0,4,,,0,,,0,1.0,1.0,4,1.0,1.0,4,1.0,1.0,4,1.0,1.0,4,0.0,0.0,4
13,L16,W2_GROUP_CONSTRAINED,FIXED_ROUTER,evaluation,H,4,1,0.0,0.0,4,0.0,0.0,4,0.75,0.75,4,0.04005433991551399,0.04005433991551399,4,0.0,0.0,4,,,0,,,0,0.0,0.0,4,0.25,0.25,4,0.25,0.25,4,0.25,0.25,4,0.0,0.0,4
13,L16,W2_GROUP_CONSTRAINED,FIXED_ROUTER,evaluation,U,19,19,0.21052631578947367,0.21052631578947367,19,0.0,0.0,19,1.0,1.0,19,0.0,0.0,19,0.21052631578947367,0.21052631578947367,19,1.0,1.0,4,0.0,0.0,4,0.0,0.0,15,0.0,0.0,15,0.05263157894736842,0.05263157894736842,19,0.0,0.0,19,0.0,0.0,19
13,L16,W2_GROUP_CONSTRAINED,FIXED_ROUTER,evaluation,positive,4,1,1.0,1.0,4,1.0,1.0,4,0.0,0.0,4,,,0,0.0,0.0,4,,,0,,,0,1.0,1.0,4,1.0,1.0,4,1.0,1.0,4,1.0,1.0,4,0.0,0.0,4
13,L16,W2_GROUP_CONSTRAINED,FIXED_ROUTER,fit,H,10,2,0.0,0.0,10,0.0,0.0,10,0.5,0.5,10,0.06841062903404235,0.06841062903404235,10,0.0,0.0,10,,,0,,,0,0.0,0.0,10,0.5,0.5,10,0.3,0.3,10,0.5,0.5,10,0.0,0.0,10
13,L16,W2_GROUP_CONSTRAINED,FIXED_ROUTER,fit,U,18,18,0.16666666666666666,0.16666666666666666,18,0.0,0.0,18,1.0,1.0,18,0.0,0.0,18,0.16666666666666666,0.16666666666666666,18,1.0,1.0,3,0.0,0.0,3,0.0,0.0,15,0.0,0.0,15,0.1111111111111111,0.1111111111111111,18,0.0,0.0,18,0.0,0.0,18
13,L16,W2_GROUP_CONSTRAINED,FIXED_ROUTER,fit,positive,5,1,0.6,0.6,5,1.0,1.0,5,0.0,0.0,5,,,0,0.0,0.0,5,,,0,,,0,0.6,0.6,5,1.0,1.0,5,0.6,0.6,5,1.0,1.0,5,0.0,0.0,5
13,L16,W2_GROUP_CONSTRAINED,FIXED_ROUTER,formal_development,T1G,4,4,0.25,0.25,4,0.25,0.25,4,0.75,0.75,4,,,0,0.0,0.0,4,,,0,,,0,0.25,0.25,4,0.25,0.25,4,0.25,0.25,4,0.25,0.25,4,0.0,0.0,4
13,L16,W2_GROUP_CONSTRAINED,FIXED_ROUTER,formal_development,T2G,4,1,0.0,0.0,4,0.25,0.25,4,0.75,0.75,4,,,0,0.0,0.0,4,,,0,,,0,0.0,0.0,4,0.25,0.25,4,0.0,0.0,4,0.25,0.25,4,0.0,0.0,4
13,L16,W2_GROUP_CONSTRAINED,FIXED_ROUTER,native,positive,1,1,1.0,1.0,1,1.0,1.0,1,0.0,0.0,1,,,0,0.0,0.0,1,,,0,,,0,1.0,1.0,1,1.0,1.0,1,1.0,1.0,1,1.0,1.0,1,0.0,0.0,1
13,L16,W2_GROUP_CONSTRAINED,FORCED_ON,calibration,H,8,2,0.0,0.0,8,0.0,0.0,8,0.0,0.0,8,0.17412839457392693,0.17412839457392693,8,0.0,0.0,8,,,0,,,0,0.0,0.0,8,1.0,1.0,8,1.0,1.0,8,0.0,0.0,8,0.0,0.0,8
13,L16,W2_GROUP_CONSTRAINED,FORCED_ON,calibration,U,18,18,0.2777777777777778,0.2777777777777778,18,0.0,0.0,18,0.4444444444444444,0.4444444444444444,18,0.0061879544648238355,0.0061879544648238355,18,0.2777777777777778,0.2777777777777778,18,1.0,1.0,5,0.0,0.0,5,0.0,0.0,13,0.6923076923076923,0.6923076923076923,13,0.1111111111111111,0.1111111111111111,18,0.0,0.0,18,0.0,0.0,18
13,L16,W2_GROUP_CONSTRAINED,FORCED_ON,calibration,positive,4,1,1.0,1.0,4,1.0,1.0,4,0.0,0.0,4,,,0,0.0,0.0,4,,,0,,,0,1.0,1.0,4,1.0,1.0,4,1.0,1.0,4,1.0,1.0,4,0.0,0.0,4
13,L16,W2_GROUP_CONSTRAINED,FORCED_ON,evaluation,H,4,1,0.0,0.0,4,0.0,0.0,4,0.0,0.0,4,0.1721368320286274,0.1721368320286274,4,0.0,0.0,4,,,0,,,0,0.0,0.0,4,1.0,1.0,4,1.0,1.0,4,0.25,0.25,4,0.0,0.0,4
13,L16,W2_GROUP_CONSTRAINED,FORCED_ON,evaluation,U,19,19,0.21052631578947367,0.21052631578947367,19,0.0,0.0,19,0.3684210526315789,0.3684210526315789,19,0.005538608079261489,0.005538608079261489,19,0.21052631578947367,0.21052631578947367,19,1.0,1.0,4,0.0,0.0,4,0.0,0.0,15,0.7333333333333333,0.7333333333333333,15,0.05263157894736842,0.05263157894736842,19,0.0,0.0,19,0.0,0.0,19
13,L16,W2_GROUP_CONSTRAINED,FORCED_ON,evaluation,positive,4,1,1.0,1.0,4,1.0,1.0,4,0.0,0.0,4,,,0,0.0,0.0,4,,,0,,,0,1.0,1.0,4,1.0,1.0,4,1.0,1.0,4,1.0,1.0,4,0.0,0.0,4
13,L16,W2_GROUP_CONSTRAINED,FORCED_ON,fit,H,10,2,0.0,0.0,10,0.0,0.0,10,0.0,0.0,10,0.12576029896736146,0.12576029896736146,10,0.0,0.0,10,,,0,,,0,0.0,0.0,10,1.0,1.0,10,0.6,0.6,10,0.5,0.5,10,0.0,0.0,10
13,L16,W2_GROUP_CONSTRAINED,FORCED_ON,fit,U,18,18,0.1111111111111111,0.1111111111111111,18,0.0,0.0,18,0.3333333333333333,0.3333333333333333,18,0.005028744984883815,0.005028744984883815,18,0.16666666666666666,0.16666666666666666,18,0.6666666666666666,0.6666666666666666,3,0.3333333333333333,0.3333333333333333,3,0.0,0.0,15,0.6666666666666666,0.6666666666666666,15,0.16666666666666666,0.16666666666666666,18,0.0,0.0,18,0.0,0.0,18
13,L16,W2_GROUP_CONSTRAINED,FORCED_ON,fit,positive,5,1,0.6,0.6,5,1.0,1.0,5,0.0,0.0,5,,,0,0.0,0.0,5,,,0,,,0,0.6,0.6,5,1.0,1.0,5,0.6,0.6,5,1.0,1.0,5,0.0,0.0,5
13,L16,W2_GROUP_CONSTRAINED,FORCED_ON,formal_development,T1G,4,4,1.0,1.0,4,1.0,1.0,4,0.0,0.0,4,,,0,0.0,0.0,4,,,0,,,0,1.0,1.0,4,1.0,1.0,4,1.0,1.0,4,0.25,0.25,4,0.0,0.0,4
13,L16,W2_GROUP_CONSTRAINED,FORCED_ON,formal_development,T2G,4,1,0.25,0.25,4,1.0,1.0,4,0.0,0.0,4,,,0,0.0,0.0,4,,,0,,,0,0.25,0.25,4,1.0,1.0,4,0.25,0.25,4,0.25,0.25,4,0.0,0.0,4
13,L16,W2_GROUP_CONSTRAINED,FORCED_ON,native,positive,1,1,1.0,1.0,1,1.0,1.0,1,0.0,0.0,1,,,0,0.0,0.0,1,,,0,,,0,1.0,1.0,1,1.0,1.0,1,1.0,1.0,1,1.0,1.0,1,0.0,0.0,1
13,P4,W0_TASK_ONLY,DISABLED,calibration,H,8,2,0.0,0.0,8,0.0,0.0,8,1.0,1.0,8,0.0,0.0,8,0.0,0.0,8,,,0,,,0,0.0,0.0,8,0.0,0.0,8,0.0,0.0,8,0.0,0.0,8,0.0,0.0,8
13,P4,W0_TASK_ONLY,DISABLED,calibration,U,18,18,0.2777777777777778,0.2777777777777778,18,0.0,0.0,18,1.0,1.0,18,0.0,0.0,18,0.2777777777777778,0.2777777777777778,18,1.0,1.0,5,0.0,0.0,5,0.0,0.0,13,0.0,0.0,13,0.1111111111111111,0.1111111111111111,18,0.0,0.0,18,0.0,0.0,18
13,P4,W0_TASK_ONLY,DISABLED,calibration,positive,4,1,0.0,0.0,4,0.0,0.0,4,1.0,1.0,4,,,0,0.0,0.0,4,,,0,,,0,0.0,0.0,4,0.0,0.0,4,0.0,0.0,4,1.0,1.0,4,0.0,0.0,4
13,P4,W0_TASK_ONLY,DISABLED,evaluation,H,4,1,0.0,0.0,4,0.0,0.0,4,1.0,1.0,4,0.0,0.0,4,0.0,0.0,4,,,0,,,0,0.0,0.0,4,0.0,0.0,4,0.0,0.0,4,0.25,0.25,4,0.0,0.0,4
13,P4,W0_TASK_ONLY,DISABLED,evaluation,U,19,19,0.21052631578947367,0.21052631578947367,19,0.0,0.0,19,1.0,1.0,19,0.0,0.0,19,0.21052631578947367,0.21052631578947367,19,1.0,1.0,4,0.0,0.0,4,0.0,0.0,15,0.0,0.0,15,0.05263157894736842,0.05263157894736842,19,0.0,0.0,19,0.0,0.0,19
13,P4,W0_TASK_ONLY,DISABLED,evaluation,positive,4,1,0.0,0.0,4,0.0,0.0,4,1.0,1.0,4,,,0,0.0,0.0,4,,,0,,,0,0.0,0.0,4,0.0,0.0,4,0.0,0.0,4,1.0,1.0,4,0.0,0.0,4
13,P4,W0_TASK_ONLY,DISABLED,fit,H,10,2,0.0,0.0,10,0.0,0.0,10,1.0,1.0,10,0.0,0.0,10,0.0,0.0,10,,,0,,,0,0.0,0.0,10,0.0,0.0,10,0.0,0.0,10,0.5,0.5,10,0.0,0.0,10
13,P4,W0_TASK_ONLY,DISABLED,fit,U,18,18,0.16666666666666666,0.16666666666666666,18,0.0,0.0,18,1.0,1.0,18,0.0,0.0,18,0.16666666666666666,0.16666666666666666,18,1.0,1.0,3,0.0,0.0,3,0.0,0.0,15,0.0,0.0,15,0.1111111111111111,0.1111111111111111,18,0.0,0.0,18,0.0,0.0,18
13,P4,W0_TASK_ONLY,DISABLED,fit,positive,5,1,0.0,0.0,5,0.0,0.0,5,1.0,1.0,5,,,0,0.0,0.0,5,,,0,,,0,0.0,0.0,5,0.0,0.0,5,0.0,0.0,5,1.0,1.0,5,0.0,0.0,5
13,P4,W0_TASK_ONLY,DISABLED,formal_development,T1G,4,4,0.0,0.0,4,0.0,0.0,4,1.0,1.0,4,,,0,0.0,0.0,4,,,0,,,0,0.0,0.0,4,0.0,0.0,4,0.0,0.0,4,0.25,0.25,4,0.0,0.0,4
13,P4,W0_TASK_ONLY,DISABLED,formal_development,T2G,4,1,0.0,0.0,4,0.0,0.0,4,1.0,1.0,4,,,0,0.0,0.0,4,,,0,,,0,0.0,0.0,4,0.0,0.0,4,0.0,0.0,4,0.25,0.25,4,0.0,0.0,4
13,P4,W0_TASK_ONLY,DISABLED,native,positive,1,1,0.0,0.0,1,0.0,0.0,1,1.0,1.0,1,,,0,0.0,0.0,1,,,0,,,0,0.0,0.0,1,0.0,0.0,1,0.0,0.0,1,1.0,1.0,1,0.0,0.0,1
13,P4,W0_TASK_ONLY,FIXED_ROUTER,calibration,H,8,2,0.0,0.0,8,0.0,0.0,8,1.0,1.0,8,0.0,0.0,8,0.0,0.0,8,,,0,,,0,0.0,0.0,8,0.0,0.0,8,0.0,0.0,8,0.0,0.0,8,0.0,0.0,8
13,P4,W0_TASK_ONLY,FIXED_ROUTER,calibration,U,18,18,0.2777777777777778,0.2777777777777778,18,0.0,0.0,18,1.0,1.0,18,0.0,0.0,18,0.2777777777777778,0.2777777777777778,18,1.0,1.0,5,0.0,0.0,5,0.0,0.0,13,0.0,0.0,13,0.1111111111111111,0.1111111111111111,18,0.0,0.0,18,0.0,0.0,18
13,P4,W0_TASK_ONLY,FIXED_ROUTER,calibration,positive,4,1,1.0,1.0,4,1.0,1.0,4,0.0,0.0,4,,,0,0.0,0.0,4,,,0,,,0,1.0,1.0,4,1.0,1.0,4,1.0,1.0,4,1.0,1.0,4,0.0,0.0,4
13,P4,W0_TASK_ONLY,FIXED_ROUTER,evaluation,H,4,1,0.0,0.0,4,0.0,0.0,4,0.75,0.75,4,0.258550763130188,0.258550763130188,4,0.0,0.0,4,,,0,,,0,0.0,0.0,4,0.25,0.25,4,0.25,0.25,4,0.25,0.25,4,0.0,0.0,4
13,P4,W0_TASK_ONLY,FIXED_ROUTER,evaluation,U,19,19,0.21052631578947367,0.21052631578947367,19,0.0,0.0,19,1.0,1.0,19,0.0,0.0,19,0.21052631578947367,0.21052631578947367,19,1.0,1.0,4,0.0,0.0,4,0.0,0.0,15,0.0,0.0,15,0.05263157894736842,0.05263157894736842,19,0.0,0.0,19,0.0,0.0,19
13,P4,W0_TASK_ONLY,FIXED_ROUTER,evaluation,positive,4,1,1.0,1.0,4,1.0,1.0,4,0.0,0.0,4,,,0,0.0,0.0,4,,,0,,,0,1.0,1.0,4,1.0,1.0,4,1.0,1.0,4,1.0,1.0,4,0.0,0.0,4
13,P4,W0_TASK_ONLY,FIXED_ROUTER,fit,H,10,2,0.0,0.0,10,0.0,0.0,10,0.5,0.5,10,0.39647428393363954,0.39647428393363954,10,0.0,0.0,10,,,0,,,0,0.0,0.0,10,0.5,0.5,10,0.3,0.3,10,0.5,0.5,10,0.0,0.0,10
13,P4,W0_TASK_ONLY,FIXED_ROUTER,fit,U,18,18,0.16666666666666666,0.16666666666666666,18,0.0,0.0,18,1.0,1.0,18,0.0,0.0,18,0.16666666666666666,0.16666666666666666,18,1.0,1.0,3,0.0,0.0,3,0.0,0.0,15,0.0,0.0,15,0.1111111111111111,0.1111111111111111,18,0.0,0.0,18,0.0,0.0,18
13,P4,W0_TASK_ONLY,FIXED_ROUTER,fit,positive,5,1,0.6,0.6,5,1.0,1.0,5,0.0,0.0,5,,,0,0.0,0.0,5,,,0,,,0,0.6,0.6,5,1.0,1.0,5,0.6,0.6,5,1.0,1.0,5,0.0,0.0,5
13,P4,W0_TASK_ONLY,FIXED_ROUTER,formal_development,T1G,4,4,0.25,0.25,4,0.25,0.25,4,0.75,0.75,4,,,0,0.0,0.0,4,,,0,,,0,0.25,0.25,4,0.25,0.25,4,0.25,0.25,4,0.25,0.25,4,0.0,0.0,4
13,P4,W0_TASK_ONLY,FIXED_ROUTER,formal_development,T2G,4,1,0.0,0.0,4,0.25,0.25,4,0.75,0.75,4,,,0,0.0,0.0,4,,,0,,,0,0.0,0.0,4,0.25,0.25,4,0.0,0.0,4,0.25,0.25,4,0.0,0.0,4
13,P4,W0_TASK_ONLY,FIXED_ROUTER,native,positive,1,1,1.0,1.0,1,1.0,1.0,1,0.0,0.0,1,,,0,0.0,0.0,1,,,0,,,0,1.0,1.0,1,1.0,1.0,1,1.0,1.0,1,1.0,1.0,1,0.0,0.0,1
13,P4,W0_TASK_ONLY,FORCED_ON,calibration,H,8,2,0.0,0.0,8,0.0,0.0,8,0.0,0.0,8,1.032497763633728,1.032497763633728,8,0.0,0.0,8,,,0,,,0,0.0,0.0,8,1.0,1.0,8,1.0,1.0,8,0.0,0.0,8,0.0,0.0,8
13,P4,W0_TASK_ONLY,FORCED_ON,calibration,U,18,18,0.1111111111111111,0.1111111111111111,18,0.0,0.0,18,0.05555555555555555,0.05555555555555555,18,0.08595960090557735,0.08595960090557735,18,0.2777777777777778,0.2777777777777778,18,0.2,0.2,5,0.8,0.8,5,0.07692307692307693,0.07692307692307693,13,0.9230769230769231,0.9230769230769231,13,0.0,0.0,18,0.0,0.0,18,0.0,0.0,18
13,P4,W0_TASK_ONLY,FORCED_ON,calibration,positive,4,1,1.0,1.0,4,1.0,1.0,4,0.0,0.0,4,,,0,0.0,0.0,4,,,0,,,0,1.0,1.0,4,1.0,1.0,4,1.0,1.0,4,1.0,1.0,4,0.0,0.0,4
13,P4,W0_TASK_ONLY,FORCED_ON,evaluation,H,4,1,0.0,0.0,4,0.0,0.0,4,0.0,0.0,4,1.0588475465774536,1.0588475465774536,4,0.0,0.0,4,,,0,,,0,0.0,0.0,4,1.0,1.0,4,1.0,1.0,4,0.25,0.25,4,0.0,0.0,4
13,P4,W0_TASK_ONLY,FORCED_ON,evaluation,U,19,19,0.15789473684210525,0.15789473684210525,19,0.0,0.0,19,0.15789473684210525,0.15789473684210525,19,0.04290981921612432,0.04290981921612432,19,0.21052631578947367,0.21052631578947367,19,0.75,0.75,4,0.25,0.25,4,0.0,0.0,15,0.8666666666666667,0.8666666666666667,15,0.0,0.0,19,0.0,0.0,19,0.0,0.0,19
13,P4,W0_TASK_ONLY,FORCED_ON,evaluation,positive,4,1,1.0,1.0,4,1.0,1.0,4,0.0,0.0,4,,,0,0.0,0.0,4,,,0,,,0,1.0,1.0,4,1.0,1.0,4,1.0,1.0,4,1.0,1.0,4,0.0,0.0,4
13,P4,W0_TASK_ONLY,FORCED_ON,fit,H,10,2,0.0,0.0,10,0.0,0.0,10,0.0,0.0,10,0.779143214225769,0.779143214225769,10,0.0,0.0,10,,,0,,,0,0.0,0.0,10,1.0,1.0,10,0.6,0.6,10,0.5,0.5,10,0.0,0.0,10
13,P4,W0_TASK_ONLY,FORCED_ON,fit,U,18,18,0.16666666666666666,0.16666666666666666,18,0.0,0.0,18,0.05555555555555555,0.05555555555555555,18,0.04588677589264181,0.04588677589264181,18,0.16666666666666666,0.16666666666666666,18,0.6666666666666666,0.6666666666666666,3,0.3333333333333333,0.3333333333333333,3,0.06666666666666667,0.06666666666666667,15,1.0,1.0,15,0.05555555555555555,0.05555555555555555,18,0.0,0.0,18,0.0,0.0,18
13,P4,W0_TASK_ONLY,FORCED_ON,fit,positive,5,1,0.6,0.6,5,1.0,1.0,5,0.0,0.0,5,,,0,0.0,0.0,5,,,0,,,0,0.6,0.6,5,1.0,1.0,5,0.6,0.6,5,1.0,1.0,5,0.0,0.0,5
13,P4,W0_TASK_ONLY,FORCED_ON,formal_development,T1G,4,4,1.0,1.0,4,1.0,1.0,4,0.0,0.0,4,,,0,0.0,0.0,4,,,0,,,0,1.0,1.0,4,1.0,1.0,4,1.0,1.0,4,0.25,0.25,4,0.0,0.0,4
13,P4,W0_TASK_ONLY,FORCED_ON,formal_development,T2G,4,1,0.25,0.25,4,1.0,1.0,4,0.0,0.0,4,,,0,0.0,0.0,4,,,0,,,0,0.25,0.25,4,1.0,1.0,4,0.25,0.25,4,0.25,0.25,4,0.0,0.0,4
13,P4,W0_TASK_ONLY,FORCED_ON,native,positive,1,1,1.0,1.0,1,1.0,1.0,1,0.0,0.0,1,,,0,0.0,0.0,1,,,0,,,0,1.0,1.0,1,1.0,1.0,1,1.0,1.0,1,1.0,1.0,1,0.0,0.0,1
13,P4,W1_KL_0.1,DISABLED,calibration,H,8,2,0.0,0.0,8,0.0,0.0,8,1.0,1.0,8,0.0,0.0,8,0.0,0.0,8,,,0,,,0,0.0,0.0,8,0.0,0.0,8,0.0,0.0,8,0.0,0.0,8,0.0,0.0,8
13,P4,W1_KL_0.1,DISABLED,calibration,U,18,18,0.2777777777777778,0.2777777777777778,18,0.0,0.0,18,1.0,1.0,18,0.0,0.0,18,0.2777777777777778,0.2777777777777778,18,1.0,1.0,5,0.0,0.0,5,0.0,0.0,13,0.0,0.0,13,0.1111111111111111,0.1111111111111111,18,0.0,0.0,18,0.0,0.0,18
13,P4,W1_KL_0.1,DISABLED,calibration,positive,4,1,0.0,0.0,4,0.0,0.0,4,1.0,1.0,4,,,0,0.0,0.0,4,,,0,,,0,0.0,0.0,4,0.0,0.0,4,0.0,0.0,4,1.0,1.0,4,0.0,0.0,4
13,P4,W1_KL_0.1,DISABLED,evaluation,H,4,1,0.0,0.0,4,0.0,0.0,4,1.0,1.0,4,0.0,0.0,4,0.0,0.0,4,,,0,,,0,0.0,0.0,4,0.0,0.0,4,0.0,0.0,4,0.25,0.25,4,0.0,0.0,4
13,P4,W1_KL_0.1,DISABLED,evaluation,U,19,19,0.21052631578947367,0.21052631578947367,19,0.0,0.0,19,1.0,1.0,19,0.0,0.0,19,0.21052631578947367,0.21052631578947367,19,1.0,1.0,4,0.0,0.0,4,0.0,0.0,15,0.0,0.0,15,0.05263157894736842,0.05263157894736842,19,0.0,0.0,19,0.0,0.0,19
13,P4,W1_KL_0.1,DISABLED,evaluation,positive,4,1,0.0,0.0,4,0.0,0.0,4,1.0,1.0,4,,,0,0.0,0.0,4,,,0,,,0,0.0,0.0,4,0.0,0.0,4,0.0,0.0,4,1.0,1.0,4,0.0,0.0,4
13,P4,W1_KL_0.1,DISABLED,fit,H,10,2,0.0,0.0,10,0.0,0.0,10,1.0,1.0,10,0.0,0.0,10,0.0,0.0,10,,,0,,,0,0.0,0.0,10,0.0,0.0,10,0.0,0.0,10,0.5,0.5,10,0.0,0.0,10
13,P4,W1_KL_0.1,DISABLED,fit,U,18,18,0.16666666666666666,0.16666666666666666,18,0.0,0.0,18,1.0,1.0,18,0.0,0.0,18,0.16666666666666666,0.16666666666666666,18,1.0,1.0,3,0.0,0.0,3,0.0,0.0,15,0.0,0.0,15,0.1111111111111111,0.1111111111111111,18,0.0,0.0,18,0.0,0.0,18
13,P4,W1_KL_0.1,DISABLED,fit,positive,5,1,0.0,0.0,5,0.0,0.0,5,1.0,1.0,5,,,0,0.0,0.0,5,,,0,,,0,0.0,0.0,5,0.0,0.0,5,0.0,0.0,5,1.0,1.0,5,0.0,0.0,5
13,P4,W1_KL_0.1,DISABLED,formal_development,T1G,4,4,0.0,0.0,4,0.0,0.0,4,1.0,1.0,4,,,0,0.0,0.0,4,,,0,,,0,0.0,0.0,4,0.0,0.0,4,0.0,0.0,4,0.25,0.25,4,0.0,0.0,4
13,P4,W1_KL_0.1,DISABLED,formal_development,T2G,4,1,0.0,0.0,4,0.0,0.0,4,1.0,1.0,4,,,0,0.0,0.0,4,,,0,,,0,0.0,0.0,4,0.0,0.0,4,0.0,0.0,4,0.25,0.25,4,0.0,0.0,4
13,P4,W1_KL_0.1,DISABLED,native,positive,1,1,0.0,0.0,1,0.0,0.0,1,1.0,1.0,1,,,0,0.0,0.0,1,,,0,,,0,0.0,0.0,1,0.0,0.0,1,0.0,0.0,1,1.0,1.0,1,0.0,0.0,1
13,P4,W1_KL_0.1,FIXED_ROUTER,calibration,H,8,2,0.0,0.0,8,0.0,0.0,8,1.0,1.0,8,0.0,0.0,8,0.0,0.0,8,,,0,,,0,0.0,0.0,8,0.0,0.0,8,0.0,0.0,8,0.0,0.0,8,0.0,0.0,8
13,P4,W1_KL_0.1,FIXED_ROUTER,calibration,U,18,18,0.2777777777777778,0.2777777777777778,18,0.0,0.0,18,1.0,1.0,18,0.0,0.0,18,0.2777777777777778,0.2777777777777778,18,1.0,1.0,5,0.0,0.0,5,0.0,0.0,13,0.0,0.0,13,0.1111111111111111,0.1111111111111111,18,0.0,0.0,18,0.0,0.0,18
13,P4,W1_KL_0.1,FIXED_ROUTER,calibration,positive,4,1,1.0,1.0,4,1.0,1.0,4,0.0,0.0,4,,,0,0.0,0.0,4,,,0,,,0,1.0,1.0,4,1.0,1.0,4,1.0,1.0,4,1.0,1.0,4,0.0,0.0,4
13,P4,W1_KL_0.1,FIXED_ROUTER,evaluation,H,4,1,0.0,0.0,4,0.0,0.0,4,0.75,0.75,4,0.06996507942676544,0.06996507942676544,4,0.0,0.0,4,,,0,,,0,0.0,0.0,4,0.25,0.25,4,0.25,0.25,4,0.25,0.25,4,0.0,0.0,4
13,P4,W1_KL_0.1,FIXED_ROUTER,evaluation,U,19,19,0.21052631578947367,0.21052631578947367,19,0.0,0.0,19,1.0,1.0,19,0.0,0.0,19,0.21052631578947367,0.21052631578947367,19,1.0,1.0,4,0.0,0.0,4,0.0,0.0,15,0.0,0.0,15,0.05263157894736842,0.05263157894736842,19,0.0,0.0,19,0.0,0.0,19
13,P4,W1_KL_0.1,FIXED_ROUTER,evaluation,positive,4,1,1.0,1.0,4,1.0,1.0,4,0.0,0.0,4,,,0,0.0,0.0,4,,,0,,,0,1.0,1.0,4,1.0,1.0,4,1.0,1.0,4,1.0,1.0,4,0.0,0.0,4
13,P4,W1_KL_0.1,FIXED_ROUTER,fit,H,10,2,0.0,0.0,10,0.0,0.0,10,0.5,0.5,10,0.09665249437093734,0.09665249437093734,10,0.0,0.0,10,,,0,,,0,0.0,0.0,10,0.5,0.5,10,0.3,0.3,10,0.5,0.5,10,0.0,0.0,10
13,P4,W1_KL_0.1,FIXED_ROUTER,fit,U,18,18,0.16666666666666666,0.16666666666666666,18,0.0,0.0,18,1.0,1.0,18,0.0,0.0,18,0.16666666666666666,0.16666666666666666,18,1.0,1.0,3,0.0,0.0,3,0.0,0.0,15,0.0,0.0,15,0.1111111111111111,0.1111111111111111,18,0.0,0.0,18,0.0,0.0,18
13,P4,W1_KL_0.1,FIXED_ROUTER,fit,positive,5,1,0.6,0.6,5,1.0,1.0,5,0.0,0.0,5,,,0,0.0,0.0,5,,,0,,,0,0.6,0.6,5,1.0,1.0,5,0.6,0.6,5,1.0,1.0,5,0.0,0.0,5
13,P4,W1_KL_0.1,FIXED_ROUTER,formal_development,T1G,4,4,0.25,0.25,4,0.25,0.25,4,0.75,0.75,4,,,0,0.0,0.0,4,,,0,,,0,0.25,0.25,4,0.25,0.25,4,0.25,0.25,4,0.25,0.25,4,0.0,0.0,4
13,P4,W1_KL_0.1,FIXED_ROUTER,formal_development,T2G,4,1,0.0,0.0,4,0.25,0.25,4,0.75,0.75,4,,,0,0.0,0.0,4,,,0,,,0,0.0,0.0,4,0.25,0.25,4,0.0,0.0,4,0.25,0.25,4,0.0,0.0,4
13,P4,W1_KL_0.1,FIXED_ROUTER,native,positive,1,1,1.0,1.0,1,1.0,1.0,1,0.0,0.0,1,,,0,0.0,0.0,1,,,0,,,0,1.0,1.0,1,1.0,1.0,1,1.0,1.0,1,1.0,1.0,1,0.0,0.0,1
13,P4,W1_KL_0.1,FORCED_ON,calibration,H,8,2,0.0,0.0,8,0.0,0.0,8,0.0,0.0,8,0.271400548517704,0.271400548517704,8,0.0,0.0,8,,,0,,,0,0.0,0.0,8,1.0,1.0,8,1.0,1.0,8,0.0,0.0,8,0.0,0.0,8
13,P4,W1_KL_0.1,FORCED_ON,calibration,U,18,18,0.3333333333333333,0.3333333333333333,18,0.0,0.0,18,0.3333333333333333,0.3333333333333333,18,0.003832694168926941,0.003832694168926941,18,0.2777777777777778,0.2777777777777778,18,1.0,1.0,5,0.0,0.0,5,0.07692307692307693,0.07692307692307693,13,0.6923076923076923,0.6923076923076923,13,0.1111111111111111,0.1111111111111111,18,0.0,0.0,18,0.0,0.0,18
13,P4,W1_KL_0.1,FORCED_ON,calibration,positive,4,1,1.0,1.0,4,1.0,1.0,4,0.0,0.0,4,,,0,0.0,0.0,4,,,0,,,0,1.0,1.0,4,1.0,1.0,4,1.0,1.0,4,1.0,1.0,4,0.0,0.0,4
13,P4,W1_KL_0.1,FORCED_ON,evaluation,H,4,1,0.0,0.0,4,0.0,0.0,4,0.0,0.0,4,0.2841261178255081,0.2841261178255081,4,0.0,0.0,4,,,0,,,0,0.0,0.0,4,1.0,1.0,4,1.0,1.0,4,0.25,0.25,4,0.0,0.0,4
13,P4,W1_KL_0.1,FORCED_ON,evaluation,U,19,19,0.21052631578947367,0.21052631578947367,19,0.0,0.0,19,0.2631578947368421,0.2631578947368421,19,0.005781129927766558,0.005781129927766558,19,0.21052631578947367,0.21052631578947367,19,1.0,1.0,4,0.0,0.0,4,0.0,0.0,15,0.8,0.8,15,0.05263157894736842,0.05263157894736842,19,0.0,0.0,19,0.0,0.0,19
13,P4,W1_KL_0.1,FORCED_ON,evaluation,positive,4,1,1.0,1.0,4,1.0,1.0,4,0.0,0.0,4,,,0,0.0,0.0,4,,,0,,,0,1.0,1.0,4,1.0,1.0,4,1.0,1.0,4,1.0,1.0,4,0.0,0.0,4
13,P4,W1_KL_0.1,FORCED_ON,fit,H,10,2,0.0,0.0,10,0.0,0.0,10,0.0,0.0,10,0.19056506156921388,0.19056506156921388,10,0.0,0.0,10,,,0,,,0,0.0,0.0,10,1.0,1.0,10,0.6,0.6,10,0.5,0.5,10,0.0,0.0,10
13,P4,W1_KL_0.1,FORCED_ON,fit,U,18,18,0.16666666666666666,0.16666666666666666,18,0.0,0.0,18,0.2222222222222222,0.2222222222222222,18,0.003327877739340895,0.003327877739340895,18,0.16666666666666666,0.16666666666666666,18,0.6666666666666666,0.6666666666666666,3,0.3333333333333333,0.3333333333333333,3,0.06666666666666667,0.06666666666666667,15,0.8,0.8,15,0.16666666666666666,0.16666666666666666,18,0.0,0.0,18,0.0,0.0,18
13,P4,W1_KL_0.1,FORCED_ON,fit,positive,5,1,0.6,0.6,5,1.0,1.0,5,0.0,0.0,5,,,0,0.0,0.0,5,,,0,,,0,0.6,0.6,5,1.0,1.0,5,0.6,0.6,5,1.0,1.0,5,0.0,0.0,5
13,P4,W1_KL_0.1,FORCED_ON,formal_development,T1G,4,4,1.0,1.0,4,1.0,1.0,4,0.0,0.0,4,,,0,0.0,0.0,4,,,0,,,0,1.0,1.0,4,1.0,1.0,4,1.0,1.0,4,0.25,0.25,4,0.0,0.0,4
13,P4,W1_KL_0.1,FORCED_ON,formal_development,T2G,4,1,0.25,0.25,4,0.5,0.5,4,0.0,0.0,4,,,0,0.0,0.0,4,,,0,,,0,0.25,0.25,4,1.0,1.0,4,0.25,0.25,4,0.25,0.25,4,0.0,0.0,4
13,P4,W1_KL_0.1,FORCED_ON,native,positive,1,1,1.0,1.0,1,1.0,1.0,1,0.0,0.0,1,,,0,0.0,0.0,1,,,0,,,0,1.0,1.0,1,1.0,1.0,1,1.0,1.0,1,1.0,1.0,1,0.0,0.0,1
13,P4,W1_KL_1,DISABLED,calibration,H,8,2,0.0,0.0,8,0.0,0.0,8,1.0,1.0,8,0.0,0.0,8,0.0,0.0,8,,,0,,,0,0.0,0.0,8,0.0,0.0,8,0.0,0.0,8,0.0,0.0,8,0.0,0.0,8
13,P4,W1_KL_1,DISABLED,calibration,U,18,18,0.2777777777777778,0.2777777777777778,18,0.0,0.0,18,1.0,1.0,18,0.0,0.0,18,0.2777777777777778,0.2777777777777778,18,1.0,1.0,5,0.0,0.0,5,0.0,0.0,13,0.0,0.0,13,0.1111111111111111,0.1111111111111111,18,0.0,0.0,18,0.0,0.0,18
13,P4,W1_KL_1,DISABLED,calibration,positive,4,1,0.0,0.0,4,0.0,0.0,4,1.0,1.0,4,,,0,0.0,0.0,4,,,0,,,0,0.0,0.0,4,0.0,0.0,4,0.0,0.0,4,1.0,1.0,4,0.0,0.0,4
13,P4,W1_KL_1,DISABLED,evaluation,H,4,1,0.0,0.0,4,0.0,0.0,4,1.0,1.0,4,0.0,0.0,4,0.0,0.0,4,,,0,,,0,0.0,0.0,4,0.0,0.0,4,0.0,0.0,4,0.25,0.25,4,0.0,0.0,4
13,P4,W1_KL_1,DISABLED,evaluation,U,19,19,0.21052631578947367,0.21052631578947367,19,0.0,0.0,19,1.0,1.0,19,0.0,0.0,19,0.21052631578947367,0.21052631578947367,19,1.0,1.0,4,0.0,0.0,4,0.0,0.0,15,0.0,0.0,15,0.05263157894736842,0.05263157894736842,19,0.0,0.0,19,0.0,0.0,19
13,P4,W1_KL_1,DISABLED,evaluation,positive,4,1,0.0,0.0,4,0.0,0.0,4,1.0,1.0,4,,,0,0.0,0.0,4,,,0,,,0,0.0,0.0,4,0.0,0.0,4,0.0,0.0,4,1.0,1.0,4,0.0,0.0,4
13,P4,W1_KL_1,DISABLED,fit,H,10,2,0.0,0.0,10,0.0,0.0,10,1.0,1.0,10,0.0,0.0,10,0.0,0.0,10,,,0,,,0,0.0,0.0,10,0.0,0.0,10,0.0,0.0,10,0.5,0.5,10,0.0,0.0,10
13,P4,W1_KL_1,DISABLED,fit,U,18,18,0.16666666666666666,0.16666666666666666,18,0.0,0.0,18,1.0,1.0,18,0.0,0.0,18,0.16666666666666666,0.16666666666666666,18,1.0,1.0,3,0.0,0.0,3,0.0,0.0,15,0.0,0.0,15,0.1111111111111111,0.1111111111111111,18,0.0,0.0,18,0.0,0.0,18
13,P4,W1_KL_1,DISABLED,fit,positive,5,1,0.0,0.0,5,0.0,0.0,5,1.0,1.0,5,,,0,0.0,0.0,5,,,0,,,0,0.0,0.0,5,0.0,0.0,5,0.0,0.0,5,1.0,1.0,5,0.0,0.0,5
13,P4,W1_KL_1,DISABLED,formal_development,T1G,4,4,0.0,0.0,4,0.0,0.0,4,1.0,1.0,4,,,0,0.0,0.0,4,,,0,,,0,0.0,0.0,4,0.0,0.0,4,0.0,0.0,4,0.25,0.25,4,0.0,0.0,4
13,P4,W1_KL_1,DISABLED,formal_development,T2G,4,1,0.0,0.0,4,0.0,0.0,4,1.0,1.0,4,,,0,0.0,0.0,4,,,0,,,0,0.0,0.0,4,0.0,0.0,4,0.0,0.0,4,0.25,0.25,4,0.0,0.0,4
13,P4,W1_KL_1,DISABLED,native,positive,1,1,0.0,0.0,1,0.0,0.0,1,1.0,1.0,1,,,0,0.0,0.0,1,,,0,,,0,0.0,0.0,1,0.0,0.0,1,0.0,0.0,1,1.0,1.0,1,0.0,0.0,1
13,P4,W1_KL_1,FIXED_ROUTER,calibration,H,8,2,0.0,0.0,8,0.0,0.0,8,1.0,1.0,8,0.0,0.0,8,0.0,0.0,8,,,0,,,0,0.0,0.0,8,0.0,0.0,8,0.0,0.0,8,0.0,0.0,8,0.0,0.0,8
13,P4,W1_KL_1,FIXED_ROUTER,calibration,U,18,18,0.2777777777777778,0.2777777777777778,18,0.0,0.0,18,1.0,1.0,18,0.0,0.0,18,0.2777777777777778,0.2777777777777778,18,1.0,1.0,5,0.0,0.0,5,0.0,0.0,13,0.0,0.0,13,0.1111111111111111,0.1111111111111111,18,0.0,0.0,18,0.0,0.0,18
13,P4,W1_KL_1,FIXED_ROUTER,calibration,positive,4,1,1.0,1.0,4,1.0,1.0,4,0.0,0.0,4,,,0,0.0,0.0,4,,,0,,,0,1.0,1.0,4,1.0,1.0,4,1.0,1.0,4,1.0,1.0,4,0.0,0.0,4
13,P4,W1_KL_1,FIXED_ROUTER,evaluation,H,4,1,0.0,0.0,4,0.0,0.0,4,0.75,0.75,4,0.033202581107616425,0.033202581107616425,4,0.0,0.0,4,,,0,,,0,0.0,0.0,4,0.25,0.25,4,0.25,0.25,4,0.25,0.25,4,0.0,0.0,4
13,P4,W1_KL_1,FIXED_ROUTER,evaluation,U,19,19,0.21052631578947367,0.21052631578947367,19,0.0,0.0,19,1.0,1.0,19,0.0,0.0,19,0.21052631578947367,0.21052631578947367,19,1.0,1.0,4,0.0,0.0,4,0.0,0.0,15,0.0,0.0,15,0.05263157894736842,0.05263157894736842,19,0.0,0.0,19,0.0,0.0,19
13,P4,W1_KL_1,FIXED_ROUTER,evaluation,positive,4,1,1.0,1.0,4,1.0,1.0,4,0.0,0.0,4,,,0,0.0,0.0,4,,,0,,,0,1.0,1.0,4,1.0,1.0,4,1.0,1.0,4,1.0,1.0,4,0.0,0.0,4
13,P4,W1_KL_1,FIXED_ROUTER,fit,H,10,2,0.0,0.0,10,0.0,0.0,10,0.6,0.6,10,0.03645188063383102,0.03645188063383102,10,0.0,0.0,10,,,0,,,0,0.0,0.0,10,0.4,0.4,10,0.3,0.3,10,0.5,0.5,10,0.0,0.0,10
13,P4,W1_KL_1,FIXED_ROUTER,fit,U,18,18,0.16666666666666666,0.16666666666666666,18,0.0,0.0,18,1.0,1.0,18,0.0,0.0,18,0.16666666666666666,0.16666666666666666,18,1.0,1.0,3,0.0,0.0,3,0.0,0.0,15,0.0,0.0,15,0.1111111111111111,0.1111111111111111,18,0.0,0.0,18,0.0,0.0,18
13,P4,W1_KL_1,FIXED_ROUTER,fit,positive,5,1,0.6,0.6,5,1.0,1.0,5,0.0,0.0,5,,,0,0.0,0.0,5,,,0,,,0,0.6,0.6,5,1.0,1.0,5,0.6,0.6,5,1.0,1.0,5,0.0,0.0,5
13,P4,W1_KL_1,FIXED_ROUTER,formal_development,T1G,4,4,0.25,0.25,4,0.25,0.25,4,0.75,0.75,4,,,0,0.0,0.0,4,,,0,,,0,0.25,0.25,4,0.25,0.25,4,0.25,0.25,4,0.25,0.25,4,0.0,0.0,4
13,P4,W1_KL_1,FIXED_ROUTER,formal_development,T2G,4,1,0.0,0.0,4,0.0,0.0,4,1.0,1.0,4,,,0,0.0,0.0,4,,,0,,,0,0.0,0.0,4,0.0,0.0,4,0.0,0.0,4,0.25,0.25,4,0.0,0.0,4
13,P4,W1_KL_1,FIXED_ROUTER,native,positive,1,1,1.0,1.0,1,1.0,1.0,1,0.0,0.0,1,,,0,0.0,0.0,1,,,0,,,0,1.0,1.0,1,1.0,1.0,1,1.0,1.0,1,1.0,1.0,1,0.0,0.0,1
13,P4,W1_KL_1,FORCED_ON,calibration,H,8,2,0.0,0.0,8,0.0,0.0,8,0.0,0.0,8,0.12371600233018398,0.12371600233018398,8,0.0,0.0,8,,,0,,,0,0.0,0.0,8,1.0,1.0,8,1.0,1.0,8,0.0,0.0,8,0.0,0.0,8
13,P4,W1_KL_1,FORCED_ON,calibration,U,18,18,0.2222222222222222,0.2222222222222222,18,0.0,0.0,18,0.5,0.5,18,0.0023593950900249183,0.0023593950900249183,18,0.2777777777777778,0.2777777777777778,18,0.8,0.8,5,0.2,0.2,5,0.0,0.0,13,0.6153846153846154,0.6153846153846154,13,0.05555555555555555,0.05555555555555555,18,0.0,0.0,18,0.0,0.0,18
13,P4,W1_KL_1,FORCED_ON,calibration,positive,4,1,1.0,1.0,4,1.0,1.0,4,0.0,0.0,4,,,0,0.0,0.0,4,,,0,,,0,1.0,1.0,4,1.0,1.0,4,1.0,1.0,4,1.0,1.0,4,0.0,0.0,4
13,P4,W1_KL_1,FORCED_ON,evaluation,H,4,1,0.0,0.0,4,0.0,0.0,4,0.0,0.0,4,0.13336900249123573,0.13336900249123573,4,0.0,0.0,4,,,0,,,0,0.0,0.0,4,1.0,1.0,4,1.0,1.0,4,0.25,0.25,4,0.0,0.0,4
13,P4,W1_KL_1,FORCED_ON,evaluation,U,19,19,0.21052631578947367,0.21052631578947367,19,0.0,0.0,19,0.3157894736842105,0.3157894736842105,19,0.0033851423987040392,0.0033851423987040392,19,0.21052631578947367,0.21052631578947367,19,1.0,1.0,4,0.0,0.0,4,0.0,0.0,15,0.7333333333333333,0.7333333333333333,15,0.05263157894736842,0.05263157894736842,19,0.0,0.0,19,0.0,0.0,19
13,P4,W1_KL_1,FORCED_ON,evaluation,positive,4,1,1.0,1.0,4,1.0,1.0,4,0.0,0.0,4,,,0,0.0,0.0,4,,,0,,,0,1.0,1.0,4,1.0,1.0,4,1.0,1.0,4,1.0,1.0,4,0.0,0.0,4
13,P4,W1_KL_1,FORCED_ON,fit,H,10,2,0.0,0.0,10,0.0,0.0,10,0.2,0.2,10,0.07217618115246296,0.07217618115246296,10,0.0,0.0,10,,,0,,,0,0.0,0.0,10,0.8,0.8,10,0.6,0.6,10,0.5,0.5,10,0.0,0.0,10
13,P4,W1_KL_1,FORCED_ON,fit,U,18,18,0.2222222222222222,0.2222222222222222,18,0.0,0.0,18,0.2777777777777778,0.2777777777777778,18,0.0019320206322138095,0.0019320206322138095,18,0.16666666666666666,0.16666666666666666,18,0.6666666666666666,0.6666666666666666,3,0.3333333333333333,0.3333333333333333,3,0.13333333333333333,0.13333333333333333,15,0.7333333333333333,0.7333333333333333,15,0.1111111111111111,0.1111111111111111,18,0.0,0.0,18,0.0,0.0,18
13,P4,W1_KL_1,FORCED_ON,fit,positive,5,1,0.6,0.6,5,1.0,1.0,5,0.0,0.0,5,,,0,0.0,0.0,5,,,0,,,0,0.6,0.6,5,1.0,1.0,5,0.6,0.6,5,1.0,1.0,5,0.0,0.0,5
13,P4,W1_KL_1,FORCED_ON,formal_development,T1G,4,4,1.0,1.0,4,1.0,1.0,4,0.0,0.0,4,,,0,0.0,0.0,4,,,0,,,0,1.0,1.0,4,1.0,1.0,4,1.0,1.0,4,0.25,0.25,4,0.0,0.0,4
13,P4,W1_KL_1,FORCED_ON,formal_development,T2G,4,1,0.25,0.25,4,0.25,0.25,4,0.25,0.25,4,,,0,0.0,0.0,4,,,0,,,0,0.25,0.25,4,0.75,0.75,4,0.25,0.25,4,0.25,0.25,4,0.0,0.0,4
13,P4,W1_KL_1,FORCED_ON,native,positive,1,1,1.0,1.0,1,1.0,1.0,1,0.0,0.0,1,,,0,0.0,0.0,1,,,0,,,0,1.0,1.0,1,1.0,1.0,1,1.0,1.0,1,1.0,1.0,1,0.0,0.0,1
13,P4,W1_KL_10,DISABLED,calibration,H,8,2,0.0,0.0,8,0.0,0.0,8,1.0,1.0,8,0.0,0.0,8,0.0,0.0,8,,,0,,,0,0.0,0.0,8,0.0,0.0,8,0.0,0.0,8,0.0,0.0,8,0.0,0.0,8
13,P4,W1_KL_10,DISABLED,calibration,U,18,18,0.2777777777777778,0.2777777777777778,18,0.0,0.0,18,1.0,1.0,18,0.0,0.0,18,0.2777777777777778,0.2777777777777778,18,1.0,1.0,5,0.0,0.0,5,0.0,0.0,13,0.0,0.0,13,0.1111111111111111,0.1111111111111111,18,0.0,0.0,18,0.0,0.0,18
13,P4,W1_KL_10,DISABLED,calibration,positive,4,1,0.0,0.0,4,0.0,0.0,4,1.0,1.0,4,,,0,0.0,0.0,4,,,0,,,0,0.0,0.0,4,0.0,0.0,4,0.0,0.0,4,1.0,1.0,4,0.0,0.0,4
13,P4,W1_KL_10,DISABLED,evaluation,H,4,1,0.0,0.0,4,0.0,0.0,4,1.0,1.0,4,0.0,0.0,4,0.0,0.0,4,,,0,,,0,0.0,0.0,4,0.0,0.0,4,0.0,0.0,4,0.25,0.25,4,0.0,0.0,4
13,P4,W1_KL_10,DISABLED,evaluation,U,19,19,0.21052631578947367,0.21052631578947367,19,0.0,0.0,19,1.0,1.0,19,0.0,0.0,19,0.21052631578947367,0.21052631578947367,19,1.0,1.0,4,0.0,0.0,4,0.0,0.0,15,0.0,0.0,15,0.05263157894736842,0.05263157894736842,19,0.0,0.0,19,0.0,0.0,19
13,P4,W1_KL_10,DISABLED,evaluation,positive,4,1,0.0,0.0,4,0.0,0.0,4,1.0,1.0,4,,,0,0.0,0.0,4,,,0,,,0,0.0,0.0,4,0.0,0.0,4,0.0,0.0,4,1.0,1.0,4,0.0,0.0,4
13,P4,W1_KL_10,DISABLED,fit,H,10,2,0.0,0.0,10,0.0,0.0,10,1.0,1.0,10,0.0,0.0,10,0.0,0.0,10,,,0,,,0,0.0,0.0,10,0.0,0.0,10,0.0,0.0,10,0.5,0.5,10,0.0,0.0,10
13,P4,W1_KL_10,DISABLED,fit,U,18,18,0.16666666666666666,0.16666666666666666,18,0.0,0.0,18,1.0,1.0,18,0.0,0.0,18,0.16666666666666666,0.16666666666666666,18,1.0,1.0,3,0.0,0.0,3,0.0,0.0,15,0.0,0.0,15,0.1111111111111111,0.1111111111111111,18,0.0,0.0,18,0.0,0.0,18
13,P4,W1_KL_10,DISABLED,fit,positive,5,1,0.0,0.0,5,0.0,0.0,5,1.0,1.0,5,,,0,0.0,0.0,5,,,0,,,0,0.0,0.0,5,0.0,0.0,5,0.0,0.0,5,1.0,1.0,5,0.0,0.0,5
13,P4,W1_KL_10,DISABLED,formal_development,T1G,4,4,0.0,0.0,4,0.0,0.0,4,1.0,1.0,4,,,0,0.0,0.0,4,,,0,,,0,0.0,0.0,4,0.0,0.0,4,0.0,0.0,4,0.25,0.25,4,0.0,0.0,4
13,P4,W1_KL_10,DISABLED,formal_development,T2G,4,1,0.0,0.0,4,0.0,0.0,4,1.0,1.0,4,,,0,0.0,0.0,4,,,0,,,0,0.0,0.0,4,0.0,0.0,4,0.0,0.0,4,0.25,0.25,4,0.0,0.0,4
13,P4,W1_KL_10,DISABLED,native,positive,1,1,0.0,0.0,1,0.0,0.0,1,1.0,1.0,1,,,0,0.0,0.0,1,,,0,,,0,0.0,0.0,1,0.0,0.0,1,0.0,0.0,1,1.0,1.0,1,0.0,0.0,1
13,P4,W1_KL_10,FIXED_ROUTER,calibration,H,8,2,0.0,0.0,8,0.0,0.0,8,1.0,1.0,8,0.0,0.0,8,0.0,0.0,8,,,0,,,0,0.0,0.0,8,0.0,0.0,8,0.0,0.0,8,0.0,0.0,8,0.0,0.0,8
13,P4,W1_KL_10,FIXED_ROUTER,calibration,U,18,18,0.2777777777777778,0.2777777777777778,18,0.0,0.0,18,1.0,1.0,18,0.0,0.0,18,0.2777777777777778,0.2777777777777778,18,1.0,1.0,5,0.0,0.0,5,0.0,0.0,13,0.0,0.0,13,0.1111111111111111,0.1111111111111111,18,0.0,0.0,18,0.0,0.0,18
13,P4,W1_KL_10,FIXED_ROUTER,calibration,positive,4,1,0.0,0.0,4,0.0,0.0,4,1.0,1.0,4,,,0,0.0,0.0,4,,,0,,,0,0.0,0.0,4,0.0,0.0,4,0.0,0.0,4,1.0,1.0,4,0.0,0.0,4
13,P4,W1_KL_10,FIXED_ROUTER,evaluation,H,4,1,0.0,0.0,4,0.0,0.0,4,1.0,1.0,4,0.010140466503798962,0.010140466503798962,4,0.0,0.0,4,,,0,,,0,0.0,0.0,4,0.0,0.0,4,0.0,0.0,4,0.25,0.25,4,0.0,0.0,4
13,P4,W1_KL_10,FIXED_ROUTER,evaluation,U,19,19,0.21052631578947367,0.21052631578947367,19,0.0,0.0,19,1.0,1.0,19,0.0,0.0,19,0.21052631578947367,0.21052631578947367,19,1.0,1.0,4,0.0,0.0,4,0.0,0.0,15,0.0,0.0,15,0.05263157894736842,0.05263157894736842,19,0.0,0.0,19,0.0,0.0,19
13,P4,W1_KL_10,FIXED_ROUTER,evaluation,positive,4,1,0.25,0.25,4,0.25,0.25,4,0.75,0.75,4,,,0,0.0,0.0,4,,,0,,,0,0.25,0.25,4,0.25,0.25,4,0.25,0.25,4,1.0,1.0,4,0.0,0.0,4
13,P4,W1_KL_10,FIXED_ROUTER,fit,H,10,2,0.0,0.0,10,0.0,0.0,10,0.8,0.8,10,0.008230760064907371,0.008230760064907371,10,0.0,0.0,10,,,0,,,0,0.0,0.0,10,0.2,0.2,10,0.0,0.0,10,0.5,0.5,10,0.0,0.0,10
13,P4,W1_KL_10,FIXED_ROUTER,fit,U,18,18,0.16666666666666666,0.16666666666666666,18,0.0,0.0,18,1.0,1.0,18,0.0,0.0,18,0.16666666666666666,0.16666666666666666,18,1.0,1.0,3,0.0,0.0,3,0.0,0.0,15,0.0,0.0,15,0.1111111111111111,0.1111111111111111,18,0.0,0.0,18,0.0,0.0,18
13,P4,W1_KL_10,FIXED_ROUTER,fit,positive,5,1,0.2,0.2,5,0.2,0.2,5,0.6,0.6,5,,,0,0.0,0.0,5,,,0,,,0,0.2,0.2,5,0.4,0.4,5,0.2,0.2,5,1.0,1.0,5,0.0,0.0,5
13,P4,W1_KL_10,FIXED_ROUTER,formal_development,T1G,4,4,0.25,0.25,4,0.25,0.25,4,0.75,0.75,4,,,0,0.0,0.0,4,,,0,,,0,0.25,0.25,4,0.25,0.25,4,0.25,0.25,4,0.25,0.25,4,0.0,0.0,4
13,P4,W1_KL_10,FIXED_ROUTER,formal_development,T2G,4,1,0.0,0.0,4,0.0,0.0,4,1.0,1.0,4,,,0,0.0,0.0,4,,,0,,,0,0.0,0.0,4,0.0,0.0,4,0.0,0.0,4,0.25,0.25,4,0.0,0.0,4
13,P4,W1_KL_10,FIXED_ROUTER,native,positive,1,1,1.0,1.0,1,1.0,1.0,1,0.0,0.0,1,,,0,0.0,0.0,1,,,0,,,0,1.0,1.0,1,1.0,1.0,1,1.0,1.0,1,1.0,1.0,1,0.0,0.0,1
13,P4,W1_KL_10,FORCED_ON,calibration,H,8,2,0.0,0.0,8,0.0,0.0,8,1.0,1.0,8,0.0366486799903214,0.0366486799903214,8,0.0,0.0,8,,,0,,,0,0.0,0.0,8,0.0,0.0,8,0.0,0.0,8,0.0,0.0,8,0.0,0.0,8
13,P4,W1_KL_10,FORCED_ON,calibration,U,18,18,0.2777777777777778,0.2777777777777778,18,0.0,0.0,18,0.5,0.5,18,0.0012816430244129151,0.0012816430244129151,18,0.2777777777777778,0.2777777777777778,18,1.0,1.0,5,0.0,0.0,5,0.0,0.0,13,0.5384615384615384,0.5384615384615384,13,0.1111111111111111,0.1111111111111111,18,0.0,0.0,18,0.0,0.0,18
13,P4,W1_KL_10,FORCED_ON,calibration,positive,4,1,0.0,0.0,4,0.0,0.0,4,1.0,1.0,4,,,0,0.0,0.0,4,,,0,,,0,0.0,0.0,4,0.0,0.0,4,0.0,0.0,4,1.0,1.0,4,0.0,0.0,4
13,P4,W1_KL_10,FORCED_ON,evaluation,H,4,1,0.0,0.0,4,0.0,0.0,4,0.75,0.75,4,0.04091233666986227,0.04091233666986227,4,0.0,0.0,4,,,0,,,0,0.0,0.0,4,0.25,0.25,4,0.25,0.25,4,0.25,0.25,4,0.0,0.0,4
13,P4,W1_KL_10,FORCED_ON,evaluation,U,19,19,0.2631578947368421,0.2631578947368421,19,0.0,0.0,19,0.42105263157894735,0.42105263157894735,19,0.0017939938652010536,0.0017939938652010536,19,0.21052631578947367,0.21052631578947367,19,1.0,1.0,4,0.0,0.0,4,0.06666666666666667,0.06666666666666667,15,0.6666666666666666,0.6666666666666666,15,0.10526315789473684,0.10526315789473684,19,0.0,0.0,19,0.0,0.0,19
13,P4,W1_KL_10,FORCED_ON,evaluation,positive,4,1,0.25,0.25,4,0.25,0.25,4,0.75,0.75,4,,,0,0.0,0.0,4,,,0,,,0,0.25,0.25,4,0.25,0.25,4,0.25,0.25,4,1.0,1.0,4,0.0,0.0,4
13,P4,W1_KL_10,FORCED_ON,fit,H,10,2,0.0,0.0,10,0.0,0.0,10,0.6,0.6,10,0.016460580797865984,0.016460580797865988,10,0.0,0.0,10,,,0,,,0,0.0,0.0,10,0.4,0.4,10,0.0,0.0,10,0.5,0.5,10,0.0,0.0,10
13,P4,W1_KL_10,FORCED_ON,fit,U,18,18,0.1111111111111111,0.1111111111111111,18,0.0,0.0,18,0.3888888888888889,0.3888888888888889,18,0.0009955912941626997,0.0009955912941626997,18,0.16666666666666666,0.16666666666666666,18,0.6666666666666666,0.6666666666666666,3,0.3333333333333333,0.3333333333333333,3,0.0,0.0,15,0.6666666666666666,0.6666666666666666,15,0.1111111111111111,0.1111111111111111,18,0.0,0.0,18,0.0,0.0,18
13,P4,W1_KL_10,FORCED_ON,fit,positive,5,1,0.2,0.2,5,0.2,0.2,5,0.6,0.6,5,,,0,0.0,0.0,5,,,0,,,0,0.2,0.2,5,0.4,0.4,5,0.2,0.2,5,1.0,1.0,5,0.0,0.0,5
13,P4,W1_KL_10,FORCED_ON,formal_development,T1G,4,4,0.75,0.75,4,0.75,0.75,4,0.25,0.25,4,,,0,0.0,0.0,4,,,0,,,0,0.75,0.75,4,0.75,0.75,4,0.75,0.75,4,0.25,0.25,4,0.0,0.0,4
13,P4,W1_KL_10,FORCED_ON,formal_development,T2G,4,1,0.0,0.0,4,0.0,0.0,4,0.25,0.25,4,,,0,0.0,0.0,4,,,0,,,0,0.0,0.0,4,0.75,0.75,4,0.0,0.0,4,0.25,0.25,4,0.0,0.0,4
13,P4,W1_KL_10,FORCED_ON,native,positive,1,1,1.0,1.0,1,1.0,1.0,1,0.0,0.0,1,,,0,0.0,0.0,1,,,0,,,0,1.0,1.0,1,1.0,1.0,1,1.0,1.0,1,1.0,1.0,1,0.0,0.0,1
13,P4,W2_GROUP_CONSTRAINED,DISABLED,calibration,H,8,2,0.0,0.0,8,0.0,0.0,8,1.0,1.0,8,0.0,0.0,8,0.0,0.0,8,,,0,,,0,0.0,0.0,8,0.0,0.0,8,0.0,0.0,8,0.0,0.0,8,0.0,0.0,8
13,P4,W2_GROUP_CONSTRAINED,DISABLED,calibration,U,18,18,0.2777777777777778,0.2777777777777778,18,0.0,0.0,18,1.0,1.0,18,0.0,0.0,18,0.2777777777777778,0.2777777777777778,18,1.0,1.0,5,0.0,0.0,5,0.0,0.0,13,0.0,0.0,13,0.1111111111111111,0.1111111111111111,18,0.0,0.0,18,0.0,0.0,18
13,P4,W2_GROUP_CONSTRAINED,DISABLED,calibration,positive,4,1,0.0,0.0,4,0.0,0.0,4,1.0,1.0,4,,,0,0.0,0.0,4,,,0,,,0,0.0,0.0,4,0.0,0.0,4,0.0,0.0,4,1.0,1.0,4,0.0,0.0,4
13,P4,W2_GROUP_CONSTRAINED,DISABLED,evaluation,H,4,1,0.0,0.0,4,0.0,0.0,4,1.0,1.0,4,0.0,0.0,4,0.0,0.0,4,,,0,,,0,0.0,0.0,4,0.0,0.0,4,0.0,0.0,4,0.25,0.25,4,0.0,0.0,4
13,P4,W2_GROUP_CONSTRAINED,DISABLED,evaluation,U,19,19,0.21052631578947367,0.21052631578947367,19,0.0,0.0,19,1.0,1.0,19,0.0,0.0,19,0.21052631578947367,0.21052631578947367,19,1.0,1.0,4,0.0,0.0,4,0.0,0.0,15,0.0,0.0,15,0.05263157894736842,0.05263157894736842,19,0.0,0.0,19,0.0,0.0,19
13,P4,W2_GROUP_CONSTRAINED,DISABLED,evaluation,positive,4,1,0.0,0.0,4,0.0,0.0,4,1.0,1.0,4,,,0,0.0,0.0,4,,,0,,,0,0.0,0.0,4,0.0,0.0,4,0.0,0.0,4,1.0,1.0,4,0.0,0.0,4
13,P4,W2_GROUP_CONSTRAINED,DISABLED,fit,H,10,2,0.0,0.0,10,0.0,0.0,10,1.0,1.0,10,0.0,0.0,10,0.0,0.0,10,,,0,,,0,0.0,0.0,10,0.0,0.0,10,0.0,0.0,10,0.5,0.5,10,0.0,0.0,10
13,P4,W2_GROUP_CONSTRAINED,DISABLED,fit,U,18,18,0.16666666666666666,0.16666666666666666,18,0.0,0.0,18,1.0,1.0,18,0.0,0.0,18,0.16666666666666666,0.16666666666666666,18,1.0,1.0,3,0.0,0.0,3,0.0,0.0,15,0.0,0.0,15,0.1111111111111111,0.1111111111111111,18,0.0,0.0,18,0.0,0.0,18
13,P4,W2_GROUP_CONSTRAINED,DISABLED,fit,positive,5,1,0.0,0.0,5,0.0,0.0,5,1.0,1.0,5,,,0,0.0,0.0,5,,,0,,,0,0.0,0.0,5,0.0,0.0,5,0.0,0.0,5,1.0,1.0,5,0.0,0.0,5
13,P4,W2_GROUP_CONSTRAINED,DISABLED,formal_development,T1G,4,4,0.0,0.0,4,0.0,0.0,4,1.0,1.0,4,,,0,0.0,0.0,4,,,0,,,0,0.0,0.0,4,0.0,0.0,4,0.0,0.0,4,0.25,0.25,4,0.0,0.0,4
13,P4,W2_GROUP_CONSTRAINED,DISABLED,formal_development,T2G,4,1,0.0,0.0,4,0.0,0.0,4,1.0,1.0,4,,,0,0.0,0.0,4,,,0,,,0,0.0,0.0,4,0.0,0.0,4,0.0,0.0,4,0.25,0.25,4,0.0,0.0,4
13,P4,W2_GROUP_CONSTRAINED,DISABLED,native,positive,1,1,0.0,0.0,1,0.0,0.0,1,1.0,1.0,1,,,0,0.0,0.0,1,,,0,,,0,0.0,0.0,1,0.0,0.0,1,0.0,0.0,1,1.0,1.0,1,0.0,0.0,1
13,P4,W2_GROUP_CONSTRAINED,FIXED_ROUTER,calibration,H,8,2,0.0,0.0,8,0.0,0.0,8,1.0,1.0,8,0.0,0.0,8,0.0,0.0,8,,,0,,,0,0.0,0.0,8,0.0,0.0,8,0.0,0.0,8,0.0,0.0,8,0.0,0.0,8
13,P4,W2_GROUP_CONSTRAINED,FIXED_ROUTER,calibration,U,18,18,0.2777777777777778,0.2777777777777778,18,0.0,0.0,18,1.0,1.0,18,0.0,0.0,18,0.2777777777777778,0.2777777777777778,18,1.0,1.0,5,0.0,0.0,5,0.0,0.0,13,0.0,0.0,13,0.1111111111111111,0.1111111111111111,18,0.0,0.0,18,0.0,0.0,18
13,P4,W2_GROUP_CONSTRAINED,FIXED_ROUTER,calibration,positive,4,1,1.0,1.0,4,1.0,1.0,4,0.0,0.0,4,,,0,0.0,0.0,4,,,0,,,0,1.0,1.0,4,1.0,1.0,4,1.0,1.0,4,1.0,1.0,4,0.0,0.0,4
13,P4,W2_GROUP_CONSTRAINED,FIXED_ROUTER,evaluation,H,4,1,0.0,0.0,4,0.0,0.0,4,0.75,0.75,4,0.11993023753166199,0.11993023753166199,4,0.0,0.0,4,,,0,,,0,0.0,0.0,4,0.25,0.25,4,0.25,0.25,4,0.25,0.25,4,0.0,0.0,4
13,P4,W2_GROUP_CONSTRAINED,FIXED_ROUTER,evaluation,U,19,19,0.21052631578947367,0.21052631578947367,19,0.0,0.0,19,1.0,1.0,19,0.0,0.0,19,0.21052631578947367,0.21052631578947367,19,1.0,1.0,4,0.0,0.0,4,0.0,0.0,15,0.0,0.0,15,0.05263157894736842,0.05263157894736842,19,0.0,0.0,19,0.0,0.0,19
13,P4,W2_GROUP_CONSTRAINED,FIXED_ROUTER,evaluation,positive,4,1,1.0,1.0,4,1.0,1.0,4,0.0,0.0,4,,,0,0.0,0.0,4,,,0,,,0,1.0,1.0,4,1.0,1.0,4,1.0,1.0,4,1.0,1.0,4,0.0,0.0,4
13,P4,W2_GROUP_CONSTRAINED,FIXED_ROUTER,fit,H,10,2,0.0,0.0,10,0.0,0.0,10,0.5,0.5,10,0.16745124906301498,0.16745124906301498,10,0.0,0.0,10,,,0,,,0,0.0,0.0,10,0.5,0.5,10,0.3,0.3,10,0.5,0.5,10,0.0,0.0,10
13,P4,W2_GROUP_CONSTRAINED,FIXED_ROUTER,fit,U,18,18,0.16666666666666666,0.16666666666666666,18,0.0,0.0,18,1.0,1.0,18,0.0,0.0,18,0.16666666666666666,0.16666666666666666,18,1.0,1.0,3,0.0,0.0,3,0.0,0.0,15,0.0,0.0,15,0.1111111111111111,0.1111111111111111,18,0.0,0.0,18,0.0,0.0,18
13,P4,W2_GROUP_CONSTRAINED,FIXED_ROUTER,fit,positive,5,1,0.6,0.6,5,1.0,1.0,5,0.0,0.0,5,,,0,0.0,0.0,5,,,0,,,0,0.6,0.6,5,1.0,1.0,5,0.6,0.6,5,1.0,1.0,5,0.0,0.0,5
13,P4,W2_GROUP_CONSTRAINED,FIXED_ROUTER,formal_development,T1G,4,4,0.25,0.25,4,0.25,0.25,4,0.75,0.75,4,,,0,0.0,0.0,4,,,0,,,0,0.25,0.25,4,0.25,0.25,4,0.25,0.25,4,0.25,0.25,4,0.0,0.0,4
13,P4,W2_GROUP_CONSTRAINED,FIXED_ROUTER,formal_development,T2G,4,1,0.0,0.0,4,0.25,0.25,4,0.75,0.75,4,,,0,0.0,0.0,4,,,0,,,0,0.0,0.0,4,0.25,0.25,4,0.0,0.0,4,0.25,0.25,4,0.0,0.0,4
13,P4,W2_GROUP_CONSTRAINED,FIXED_ROUTER,native,positive,1,1,1.0,1.0,1,1.0,1.0,1,0.0,0.0,1,,,0,0.0,0.0,1,,,0,,,0,1.0,1.0,1,1.0,1.0,1,1.0,1.0,1,1.0,1.0,1,0.0,0.0,1
13,P4,W2_GROUP_CONSTRAINED,FORCED_ON,calibration,H,8,2,0.0,0.0,8,0.0,0.0,8,0.0,0.0,8,0.4780535064637661,0.4780535064637661,8,0.0,0.0,8,,,0,,,0,0.0,0.0,8,1.0,1.0,8,1.0,1.0,8,0.0,0.0,8,0.0,0.0,8
13,P4,W2_GROUP_CONSTRAINED,FORCED_ON,calibration,U,18,18,0.2222222222222222,0.2222222222222222,18,0.0,0.0,18,0.05555555555555555,0.05555555555555555,18,0.014739330418200957,0.014739330418200957,18,0.2777777777777778,0.2777777777777778,18,0.6,0.6,5,0.4,0.4,5,0.07692307692307693,0.07692307692307693,13,0.9230769230769231,0.9230769230769231,13,0.1111111111111111,0.1111111111111111,18,0.0,0.0,18,0.0,0.0,18
13,P4,W2_GROUP_CONSTRAINED,FORCED_ON,calibration,positive,4,1,1.0,1.0,4,1.0,1.0,4,0.0,0.0,4,,,0,0.0,0.0,4,,,0,,,0,1.0,1.0,4,1.0,1.0,4,1.0,1.0,4,1.0,1.0,4,0.0,0.0,4
13,P4,W2_GROUP_CONSTRAINED,FORCED_ON,evaluation,H,4,1,0.0,0.0,4,0.0,0.0,4,0.0,0.0,4,0.4890243411064148,0.4890243411064148,4,0.0,0.0,4,,,0,,,0,0.0,0.0,4,1.0,1.0,4,1.0,1.0,4,0.25,0.25,4,0.0,0.0,4
13,P4,W2_GROUP_CONSTRAINED,FORCED_ON,evaluation,U,19,19,0.21052631578947367,0.21052631578947367,19,0.0,0.0,19,0.21052631578947367,0.21052631578947367,19,0.012004671673486499,0.012004671673486499,19,0.21052631578947367,0.21052631578947367,19,1.0,1.0,4,0.0,0.0,4,0.0,0.0,15,0.8666666666666667,0.8666666666666667,15,0.05263157894736842,0.05263157894736842,19,0.0,0.0,19,0.0,0.0,19
13,P4,W2_GROUP_CONSTRAINED,FORCED_ON,evaluation,positive,4,1,1.0,1.0,4,1.0,1.0,4,0.0,0.0,4,,,0,0.0,0.0,4,,,0,,,0,1.0,1.0,4,1.0,1.0,4,1.0,1.0,4,1.0,1.0,4,0.0,0.0,4
13,P4,W2_GROUP_CONSTRAINED,FORCED_ON,fit,H,10,2,0.0,0.0,10,0.0,0.0,10,0.0,0.0,10,0.3274736762046814,0.3274736762046814,10,0.0,0.0,10,,,0,,,0,0.0,0.0,10,1.0,1.0,10,0.6,0.6,10,0.5,0.5,10,0.0,0.0,10
13,P4,W2_GROUP_CONSTRAINED,FORCED_ON,fit,U,18,18,0.16666666666666666,0.16666666666666666,18,0.0,0.0,18,0.1111111111111111,0.1111111111111111,18,0.010023538566504916,0.010023538566504916,18,0.16666666666666666,0.16666666666666666,18,0.6666666666666666,0.6666666666666666,3,0.3333333333333333,0.3333333333333333,3,0.06666666666666667,0.06666666666666667,15,0.9333333333333333,0.9333333333333333,15,0.1111111111111111,0.1111111111111111,18,0.0,0.0,18,0.0,0.0,18
13,P4,W2_GROUP_CONSTRAINED,FORCED_ON,fit,positive,5,1,0.6,0.6,5,1.0,1.0,5,0.0,0.0,5,,,0,0.0,0.0,5,,,0,,,0,0.6,0.6,5,1.0,1.0,5,0.6,0.6,5,1.0,1.0,5,0.0,0.0,5
13,P4,W2_GROUP_CONSTRAINED,FORCED_ON,formal_development,T1G,4,4,1.0,1.0,4,1.0,1.0,4,0.0,0.0,4,,,0,0.0,0.0,4,,,0,,,0,1.0,1.0,4,1.0,1.0,4,1.0,1.0,4,0.25,0.25,4,0.0,0.0,4
13,P4,W2_GROUP_CONSTRAINED,FORCED_ON,formal_development,T2G,4,1,0.25,0.25,4,0.5,0.5,4,0.0,0.0,4,,,0,0.0,0.0,4,,,0,,,0,0.25,0.25,4,1.0,1.0,4,0.25,0.25,4,0.25,0.25,4,0.0,0.0,4
13,P4,W2_GROUP_CONSTRAINED,FORCED_ON,native,positive,1,1,1.0,1.0,1,1.0,1.0,1,0.0,0.0,1,,,0,0.0,0.0,1,,,0,,,0,1.0,1.0,1,1.0,1.0,1,1.0,1.0,1,1.0,1.0,1,0.0,0.0,1
13,REFERENCE,A2,DISABLED,calibration,H,8,2,0.0,0.0,8,0.0,0.0,8,1.0,1.0,8,0.0,0.0,8,0.0,0.0,8,,,0,,,0,0.0,0.0,8,0.0,0.0,8,0.0,0.0,8,0.0,0.0,8,0.0,0.0,8
13,REFERENCE,A2,DISABLED,calibration,U,18,18,0.2777777777777778,0.2777777777777778,18,0.0,0.0,18,1.0,1.0,18,0.0,0.0,18,0.2777777777777778,0.2777777777777778,18,1.0,1.0,5,0.0,0.0,5,0.0,0.0,13,0.0,0.0,13,0.1111111111111111,0.1111111111111111,18,0.0,0.0,18,0.0,0.0,18
13,REFERENCE,A2,DISABLED,calibration,positive,4,1,0.0,0.0,4,0.0,0.0,4,1.0,1.0,4,,,0,0.0,0.0,4,,,0,,,0,0.0,0.0,4,0.0,0.0,4,0.0,0.0,4,1.0,1.0,4,0.0,0.0,4
13,REFERENCE,A2,DISABLED,evaluation,H,4,1,0.0,0.0,4,0.0,0.0,4,1.0,1.0,4,0.0,0.0,4,0.0,0.0,4,,,0,,,0,0.0,0.0,4,0.0,0.0,4,0.0,0.0,4,0.25,0.25,4,0.0,0.0,4
13,REFERENCE,A2,DISABLED,evaluation,U,19,19,0.21052631578947367,0.21052631578947367,19,0.0,0.0,19,1.0,1.0,19,0.0,0.0,19,0.21052631578947367,0.21052631578947367,19,1.0,1.0,4,0.0,0.0,4,0.0,0.0,15,0.0,0.0,15,0.05263157894736842,0.05263157894736842,19,0.0,0.0,19,0.0,0.0,19
13,REFERENCE,A2,DISABLED,evaluation,positive,4,1,0.0,0.0,4,0.0,0.0,4,1.0,1.0,4,,,0,0.0,0.0,4,,,0,,,0,0.0,0.0,4,0.0,0.0,4,0.0,0.0,4,1.0,1.0,4,0.0,0.0,4
13,REFERENCE,A2,DISABLED,fit,H,10,2,0.0,0.0,10,0.0,0.0,10,1.0,1.0,10,0.0,0.0,10,0.0,0.0,10,,,0,,,0,0.0,0.0,10,0.0,0.0,10,0.0,0.0,10,0.5,0.5,10,0.0,0.0,10
13,REFERENCE,A2,DISABLED,fit,U,18,18,0.16666666666666666,0.16666666666666666,18,0.0,0.0,18,1.0,1.0,18,0.0,0.0,18,0.16666666666666666,0.16666666666666666,18,1.0,1.0,3,0.0,0.0,3,0.0,0.0,15,0.0,0.0,15,0.1111111111111111,0.1111111111111111,18,0.0,0.0,18,0.0,0.0,18
13,REFERENCE,A2,DISABLED,fit,positive,5,1,0.0,0.0,5,0.0,0.0,5,1.0,1.0,5,,,0,0.0,0.0,5,,,0,,,0,0.0,0.0,5,0.0,0.0,5,0.0,0.0,5,1.0,1.0,5,0.0,0.0,5
13,REFERENCE,A2,DISABLED,formal_development,T1G,4,4,0.0,0.0,4,0.0,0.0,4,1.0,1.0,4,,,0,0.0,0.0,4,,,0,,,0,0.0,0.0,4,0.0,0.0,4,0.0,0.0,4,0.25,0.25,4,0.0,0.0,4
13,REFERENCE,A2,DISABLED,formal_development,T2G,4,1,0.0,0.0,4,0.0,0.0,4,1.0,1.0,4,,,0,0.0,0.0,4,,,0,,,0,0.0,0.0,4,0.0,0.0,4,0.0,0.0,4,0.25,0.25,4,0.0,0.0,4
13,REFERENCE,A2,DISABLED,native,positive,1,1,0.0,0.0,1,0.0,0.0,1,1.0,1.0,1,,,0,0.0,0.0,1,,,0,,,0,0.0,0.0,1,0.0,0.0,1,0.0,0.0,1,1.0,1.0,1,0.0,0.0,1
13,REFERENCE,A2,FIXED_ROUTER,calibration,H,8,2,0.0,0.0,8,0.0,0.0,8,1.0,1.0,8,0.0,0.0,8,0.0,0.0,8,,,0,,,0,0.0,0.0,8,0.0,0.0,8,0.0,0.0,8,0.0,0.0,8,0.0,0.0,8
13,REFERENCE,A2,FIXED_ROUTER,calibration,U,18,18,0.2777777777777778,0.2777777777777778,18,0.0,0.0,18,1.0,1.0,18,0.0,0.0,18,0.2777777777777778,0.2777777777777778,18,1.0,1.0,5,0.0,0.0,5,0.0,0.0,13,0.0,0.0,13,0.1111111111111111,0.1111111111111111,18,0.0,0.0,18,0.0,0.0,18
13,REFERENCE,A2,FIXED_ROUTER,calibration,positive,4,1,1.0,1.0,4,1.0,1.0,4,0.0,0.0,4,,,0,0.0,0.0,4,,,0,,,0,1.0,1.0,4,1.0,1.0,4,1.0,1.0,4,1.0,1.0,4,0.0,0.0,4
13,REFERENCE,A2,FIXED_ROUTER,evaluation,H,4,1,0.0,0.0,4,0.0,0.0,4,0.75,0.75,4,0.1944359838962555,0.1944359838962555,4,0.0,0.0,4,,,0,,,0,0.0,0.0,4,0.25,0.25,4,0.25,0.25,4,0.25,0.25,4,0.0,0.0,4
13,REFERENCE,A2,FIXED_ROUTER,evaluation,U,19,19,0.21052631578947367,0.21052631578947367,19,0.0,0.0,19,1.0,1.0,19,0.0,0.0,19,0.21052631578947367,0.21052631578947367,19,1.0,1.0,4,0.0,0.0,4,0.0,0.0,15,0.0,0.0,15,0.05263157894736842,0.05263157894736842,19,0.0,0.0,19,0.0,0.0,19
13,REFERENCE,A2,FIXED_ROUTER,evaluation,positive,4,1,1.0,1.0,4,1.0,1.0,4,0.0,0.0,4,,,0,0.0,0.0,4,,,0,,,0,1.0,1.0,4,1.0,1.0,4,1.0,1.0,4,1.0,1.0,4,0.0,0.0,4
13,REFERENCE,A2,FIXED_ROUTER,fit,H,10,2,0.0,0.0,10,0.0,0.0,10,0.5,0.5,10,0.2739720314741135,0.2739720314741135,10,0.0,0.0,10,,,0,,,0,0.0,0.0,10,0.5,0.5,10,0.3,0.3,10,0.5,0.5,10,0.0,0.0,10
13,REFERENCE,A2,FIXED_ROUTER,fit,U,18,18,0.16666666666666666,0.16666666666666666,18,0.0,0.0,18,1.0,1.0,18,0.0,0.0,18,0.16666666666666666,0.16666666666666666,18,1.0,1.0,3,0.0,0.0,3,0.0,0.0,15,0.0,0.0,15,0.1111111111111111,0.1111111111111111,18,0.0,0.0,18,0.0,0.0,18
13,REFERENCE,A2,FIXED_ROUTER,fit,positive,5,1,0.6,0.6,5,1.0,1.0,5,0.0,0.0,5,,,0,0.0,0.0,5,,,0,,,0,0.6,0.6,5,1.0,1.0,5,0.6,0.6,5,1.0,1.0,5,0.0,0.0,5
13,REFERENCE,A2,FIXED_ROUTER,formal_development,T1G,4,4,0.25,0.25,4,0.25,0.25,4,0.75,0.75,4,,,0,0.0,0.0,4,,,0,,,0,0.25,0.25,4,0.25,0.25,4,0.25,0.25,4,0.25,0.25,4,0.0,0.0,4
13,REFERENCE,A2,FIXED_ROUTER,formal_development,T2G,4,1,0.0,0.0,4,0.25,0.25,4,0.75,0.75,4,,,0,0.0,0.0,4,,,0,,,0,0.0,0.0,4,0.25,0.25,4,0.0,0.0,4,0.25,0.25,4,0.0,0.0,4
13,REFERENCE,A2,FIXED_ROUTER,native,positive,1,1,1.0,1.0,1,1.0,1.0,1,0.0,0.0,1,,,0,0.0,0.0,1,,,0,,,0,1.0,1.0,1,1.0,1.0,1,1.0,1.0,1,1.0,1.0,1,0.0,0.0,1
13,REFERENCE,A2,FORCED_ON,calibration,H,8,2,0.0,0.0,8,0.0,0.0,8,0.0,0.0,8,0.7819736301898956,0.7819736301898956,8,0.0,0.0,8,,,0,,,0,0.0,0.0,8,1.0,1.0,8,1.0,1.0,8,0.0,0.0,8,0.0,0.0,8
13,REFERENCE,A2,FORCED_ON,calibration,U,18,18,0.2222222222222222,0.2222222222222222,18,0.0,0.0,18,0.05555555555555555,0.05555555555555555,18,0.047459288862430386,0.047459288862430386,18,0.2777777777777778,0.2777777777777778,18,0.4,0.4,5,0.6,0.6,5,0.15384615384615385,0.15384615384615385,13,1.0,1.0,13,0.05555555555555555,0.05555555555555555,18,0.0,0.0,18,0.0,0.0,18
13,REFERENCE,A2,FORCED_ON,calibration,positive,4,1,1.0,1.0,4,1.0,1.0,4,0.0,0.0,4,,,0,0.0,0.0,4,,,0,,,0,1.0,1.0,4,1.0,1.0,4,1.0,1.0,4,1.0,1.0,4,0.0,0.0,4
13,REFERENCE,A2,FORCED_ON,evaluation,H,4,1,0.0,0.0,4,0.0,0.0,4,0.0,0.0,4,0.7979916036128998,0.7979916036128998,4,0.0,0.0,4,,,0,,,0,0.0,0.0,4,1.0,1.0,4,1.0,1.0,4,0.25,0.25,4,0.0,0.0,4
13,REFERENCE,A2,FORCED_ON,evaluation,U,19,19,0.15789473684210525,0.15789473684210525,19,0.0,0.0,19,0.10526315789473684,0.10526315789473684,19,0.031987670147301334,0.031987670147301334,19,0.21052631578947367,0.21052631578947367,19,0.75,0.75,4,0.25,0.25,4,0.0,0.0,15,0.8666666666666667,0.8666666666666667,15,0.0,0.0,19,0.0,0.0,19,0.0,0.0,19
13,REFERENCE,A2,FORCED_ON,evaluation,positive,4,1,1.0,1.0,4,1.0,1.0,4,0.0,0.0,4,,,0,0.0,0.0,4,,,0,,,0,1.0,1.0,4,1.0,1.0,4,1.0,1.0,4,1.0,1.0,4,0.0,0.0,4
13,REFERENCE,A2,FORCED_ON,fit,H,10,2,0.0,0.0,10,0.0,0.0,10,0.0,0.0,10,0.5371550083160401,0.53715500831604,10,0.0,0.0,10,,,0,,,0,0.0,0.0,10,1.0,1.0,10,0.6,0.6,10,0.5,0.5,10,0.0,0.0,10
13,REFERENCE,A2,FORCED_ON,fit,U,18,18,0.05555555555555555,0.05555555555555555,18,0.0,0.0,18,0.05555555555555555,0.05555555555555555,18,0.030013001368691523,0.030013001368691523,18,0.16666666666666666,0.16666666666666666,18,0.3333333333333333,0.3333333333333333,3,0.6666666666666666,0.6666666666666666,3,0.0,0.0,15,0.9333333333333333,0.9333333333333333,15,0.0,0.0,18,0.0,0.0,18,0.0,0.0,18
13,REFERENCE,A2,FORCED_ON,fit,positive,5,1,0.6,0.6,5,1.0,1.0,5,0.0,0.0,5,,,0,0.0,0.0,5,,,0,,,0,0.6,0.6,5,1.0,1.0,5,0.6,0.6,5,1.0,1.0,5,0.0,0.0,5
13,REFERENCE,A2,FORCED_ON,formal_development,T1G,4,4,1.0,1.0,4,1.0,1.0,4,0.0,0.0,4,,,0,0.0,0.0,4,,,0,,,0,1.0,1.0,4,1.0,1.0,4,1.0,1.0,4,0.25,0.25,4,0.0,0.0,4
13,REFERENCE,A2,FORCED_ON,formal_development,T2G,4,1,0.25,0.25,4,0.75,0.75,4,0.0,0.0,4,,,0,0.0,0.0,4,,,0,,,0,0.25,0.25,4,1.0,1.0,4,0.25,0.25,4,0.25,0.25,4,0.0,0.0,4
13,REFERENCE,A2,FORCED_ON,native,positive,1,1,1.0,1.0,1,1.0,1.0,1,0.0,0.0,1,,,0,0.0,0.0,1,,,0,,,0,1.0,1.0,1,1.0,1.0,1,1.0,1.0,1,1.0,1.0,1,0.0,0.0,1
15,L16,W0_TASK_ONLY,DISABLED,calibration,H,16,4,0.125,0.125,16,0.0,0.0,16,1.0,1.0,16,0.0,0.0,16,0.125,0.125,16,1.0,1.0,2,0.0,0.0,2,0.0,0.0,14,0.0,0.0,14,0.0,0.0,16,0.0,0.0,16,0.0,0.0,16
15,L16,W0_TASK_ONLY,DISABLED,calibration,U,16,16,0.375,0.375,16,0.0,0.0,16,1.0,1.0,16,0.0,0.0,16,0.375,0.375,16,1.0,1.0,6,0.0,0.0,6,0.0,0.0,10,0.0,0.0,10,0.1875,0.1875,16,0.0,0.0,16,0.0,0.0,16
15,L16,W0_TASK_ONLY,DISABLED,calibration,positive,4,1,0.0,0.0,4,0.0,0.0,4,1.0,1.0,4,,,0,0.0,0.0,4,,,0,,,0,0.0,0.0,4,0.0,0.0,4,0.0,0.0,4,1.0,1.0,4,0.0,0.0,4
15,L16,W0_TASK_ONLY,DISABLED,evaluation,H,20,5,0.0,0.0,20,0.0,0.0,20,1.0,1.0,20,0.0,0.0,20,0.0,0.0,20,,,0,,,0,0.0,0.0,20,0.0,0.0,20,0.05,0.05,20,0.05,0.05,20,0.0,0.0,20
15,L16,W0_TASK_ONLY,DISABLED,evaluation,U,15,15,0.4,0.4,15,0.0,0.0,15,1.0,1.0,15,0.0,0.0,15,0.4,0.4,15,1.0,1.0,6,0.0,0.0,6,0.0,0.0,9,0.0,0.0,9,0.26666666666666666,0.26666666666666666,15,0.0,0.0,15,0.0,0.0,15
15,L16,W0_TASK_ONLY,DISABLED,evaluation,positive,4,1,0.0,0.0,4,0.0,0.0,4,1.0,1.0,4,,,0,0.0,0.0,4,,,0,,,0,0.0,0.0,4,0.0,0.0,4,0.0,0.0,4,1.0,1.0,4,0.0,0.0,4
15,L16,W0_TASK_ONLY,DISABLED,fit,H,20,4,0.05,0.05,20,0.0,0.0,20,1.0,1.0,20,0.0,0.0,20,0.05,0.05,20,1.0,1.0,1,0.0,0.0,1,0.0,0.0,19,0.0,0.0,19,0.05,0.05,20,0.0,0.0,20,0.0,0.0,20
15,L16,W0_TASK_ONLY,DISABLED,fit,U,16,16,0.1875,0.1875,16,0.0,0.0,16,1.0,1.0,16,0.0,0.0,16,0.1875,0.1875,16,1.0,1.0,3,0.0,0.0,3,0.0,0.0,13,0.0,0.0,13,0.0625,0.0625,16,0.0,0.0,16,0.0,0.0,16
15,L16,W0_TASK_ONLY,DISABLED,fit,positive,5,1,0.0,0.0,5,0.0,0.0,5,1.0,1.0,5,,,0,0.0,0.0,5,,,0,,,0,0.0,0.0,5,0.0,0.0,5,0.0,0.0,5,1.0,1.0,5,0.0,0.0,5
15,L16,W0_TASK_ONLY,DISABLED,formal_development,T1G,2,2,0.0,0.0,2,0.0,0.0,2,1.0,1.0,2,,,0,0.0,0.0,2,,,0,,,0,0.0,0.0,2,0.0,0.0,2,0.0,0.0,2,0.0,0.0,2,0.0,0.0,2
15,L16,W0_TASK_ONLY,DISABLED,formal_development,T1L,5,5,0.6,0.6,5,0.0,0.0,5,1.0,1.0,5,,,0,0.6,0.6,5,1.0,1.0,3,0.0,0.0,3,0.0,0.0,2,0.0,0.0,2,0.0,0.0,5,0.0,0.0,5,0.0,0.0,5
15,L16,W0_TASK_ONLY,DISABLED,formal_development,T2G,4,1,0.0,0.0,4,0.0,0.0,4,1.0,1.0,4,,,0,0.0,0.0,4,,,0,,,0,0.0,0.0,4,0.0,0.0,4,0.0,0.0,4,0.75,0.75,4,0.0,0.0,4
15,L16,W0_TASK_ONLY,DISABLED,native,positive,1,1,0.0,0.0,1,0.0,0.0,1,1.0,1.0,1,,,0,0.0,0.0,1,,,0,,,0,0.0,0.0,1,0.0,0.0,1,0.0,0.0,1,1.0,1.0,1,0.0,0.0,1
15,L16,W0_TASK_ONLY,FIXED_ROUTER,calibration,H,16,4,0.125,0.125,16,0.0,0.0,16,1.0,1.0,16,0.0,0.0,16,0.125,0.125,16,1.0,1.0,2,0.0,0.0,2,0.0,0.0,14,0.0,0.0,14,0.0,0.0,16,0.0,0.0,16,0.0,0.0,16
15,L16,W0_TASK_ONLY,FIXED_ROUTER,calibration,U,16,16,0.375,0.375,16,0.0,0.0,16,1.0,1.0,16,0.0,0.0,16,0.375,0.375,16,1.0,1.0,6,0.0,0.0,6,0.0,0.0,10,0.0,0.0,10,0.1875,0.1875,16,0.0,0.0,16,0.0,0.0,16
15,L16,W0_TASK_ONLY,FIXED_ROUTER,calibration,positive,4,1,1.0,1.0,4,1.0,1.0,4,0.0,0.0,4,,,0,0.0,0.0,4,,,0,,,0,1.0,1.0,4,1.0,1.0,4,1.0,1.0,4,1.0,1.0,4,0.0,0.0,4
15,L16,W0_TASK_ONLY,FIXED_ROUTER,evaluation,H,20,5,0.0,0.0,20,0.0,0.0,20,0.95,0.95,20,0.20742406845092773,0.20742406845092773,20,0.0,0.0,20,,,0,,,0,0.0,0.0,20,0.05,0.05,20,0.1,0.1,20,0.05,0.05,20,0.0,0.0,20
15,L16,W0_TASK_ONLY,FIXED_ROUTER,evaluation,U,15,15,0.4,0.4,15,0.0,0.0,15,1.0,1.0,15,0.0,0.0,15,0.4,0.4,15,1.0,1.0,6,0.0,0.0,6,0.0,0.0,9,0.0,0.0,9,0.26666666666666666,0.26666666666666666,15,0.0,0.0,15,0.0,0.0,15
15,L16,W0_TASK_ONLY,FIXED_ROUTER,evaluation,positive,4,1,1.0,1.0,4,1.0,1.0,4,0.0,0.0,4,,,0,0.0,0.0,4,,,0,,,0,1.0,1.0,4,1.0,1.0,4,1.0,1.0,4,1.0,1.0,4,0.0,0.0,4
15,L16,W0_TASK_ONLY,FIXED_ROUTER,fit,H,20,4,0.05,0.05,20,0.0,0.0,20,1.0,1.0,20,0.0,0.0,20,0.05,0.05,20,1.0,1.0,1,0.0,0.0,1,0.0,0.0,19,0.0,0.0,19,0.05,0.05,20,0.0,0.0,20,0.0,0.0,20
15,L16,W0_TASK_ONLY,FIXED_ROUTER,fit,U,16,16,0.1875,0.1875,16,0.0,0.0,16,1.0,1.0,16,0.0,0.0,16,0.1875,0.1875,16,1.0,1.0,3,0.0,0.0,3,0.0,0.0,13,0.0,0.0,13,0.0625,0.0625,16,0.0,0.0,16,0.0,0.0,16
15,L16,W0_TASK_ONLY,FIXED_ROUTER,fit,positive,5,1,1.0,1.0,5,1.0,1.0,5,0.0,0.0,5,,,0,0.0,0.0,5,,,0,,,0,1.0,1.0,5,1.0,1.0,5,1.0,1.0,5,1.0,1.0,5,0.0,0.0,5
15,L16,W0_TASK_ONLY,FIXED_ROUTER,formal_development,T1G,2,2,0.0,0.0,2,0.0,0.0,2,1.0,1.0,2,,,0,0.0,0.0,2,,,0,,,0,0.0,0.0,2,0.0,0.0,2,0.0,0.0,2,0.0,0.0,2,0.0,0.0,2
15,L16,W0_TASK_ONLY,FIXED_ROUTER,formal_development,T1L,5,5,0.6,0.6,5,0.0,0.0,5,1.0,1.0,5,,,0,0.6,0.6,5,1.0,1.0,3,0.0,0.0,3,0.0,0.0,2,0.0,0.0,2,0.0,0.0,5,0.0,0.0,5,0.0,0.0,5
15,L16,W0_TASK_ONLY,FIXED_ROUTER,formal_development,T2G,4,1,0.75,0.75,4,0.75,0.75,4,0.25,0.25,4,,,0,0.0,0.0,4,,,0,,,0,0.75,0.75,4,0.75,0.75,4,0.75,0.75,4,0.75,0.75,4,0.0,0.0,4
15,L16,W0_TASK_ONLY,FIXED_ROUTER,native,positive,1,1,1.0,1.0,1,1.0,1.0,1,0.0,0.0,1,,,0,0.0,0.0,1,,,0,,,0,1.0,1.0,1,1.0,1.0,1,1.0,1.0,1,1.0,1.0,1,0.0,0.0,1
15,L16,W0_TASK_ONLY,FORCED_ON,calibration,H,16,4,0.0,0.0,16,0.0,0.0,16,0.0,0.0,16,3.0708126723766327,3.0708126723766327,16,0.125,0.125,16,0.0,0.0,2,1.0,1.0,2,0.0,0.0,14,1.0,1.0,14,0.5,0.5,16,0.0,0.0,16,0.0,0.0,16
15,L16,W0_TASK_ONLY,FORCED_ON,calibration,U,16,16,0.0,0.0,16,0.0,0.0,16,0.0,0.0,16,0.6086977091617882,0.6086977091617882,16,0.375,0.375,16,0.0,0.0,6,1.0,1.0,6,0.0,0.0,10,1.0,1.0,10,0.0625,0.0625,16,0.0,0.0,16,0.0,0.0,16
15,L16,W0_TASK_ONLY,FORCED_ON,calibration,positive,4,1,1.0,1.0,4,1.0,1.0,4,0.0,0.0,4,,,0,0.0,0.0,4,,,0,,,0,1.0,1.0,4,1.0,1.0,4,1.0,1.0,4,1.0,1.0,4,0.0,0.0,4
15,L16,W0_TASK_ONLY,FORCED_ON,evaluation,H,20,5,0.0,0.0,20,0.0,0.0,20,0.0,0.0,20,3.2002025604248048,3.2002025604248048,20,0.0,0.0,20,,,0,,,0,0.0,0.0,20,1.0,1.0,20,0.8,0.8,20,0.05,0.05,20,0.0,0.0,20
15,L16,W0_TASK_ONLY,FORCED_ON,evaluation,U,15,15,0.06666666666666667,0.06666666666666667,15,0.0,0.0,15,0.0,0.0,15,0.9228672400116921,0.9228672400116921,15,0.4,0.4,15,0.16666666666666666,0.16666666666666666,6,0.8333333333333334,0.8333333333333334,6,0.0,0.0,9,1.0,1.0,9,0.13333333333333333,0.13333333333333333,15,0.0,0.0,15,0.0,0.0,15
15,L16,W0_TASK_ONLY,FORCED_ON,evaluation,positive,4,1,1.0,1.0,4,1.0,1.0,4,0.0,0.0,4,,,0,0.0,0.0,4,,,0,,,0,1.0,1.0,4,1.0,1.0,4,1.0,1.0,4,1.0,1.0,4,0.0,0.0,4
15,L16,W0_TASK_ONLY,FORCED_ON,fit,H,20,4,0.0,0.0,20,0.0,0.0,20,0.0,0.0,20,3.7077613055706022,3.7077613055706022,20,0.05,0.05,20,0.0,0.0,1,1.0,1.0,1,0.0,0.0,19,1.0,1.0,19,1.0,1.0,20,0.0,0.0,20,0.0,0.0,20
15,L16,W0_TASK_ONLY,FORCED_ON,fit,U,16,16,0.0,0.0,16,0.0,0.0,16,0.0,0.0,16,0.6352365221828222,0.6352365221828222,16,0.1875,0.1875,16,0.0,0.0,3,1.0,1.0,3,0.0,0.0,13,1.0,1.0,13,0.125,0.125,16,0.0,0.0,16,0.0,0.0,16
15,L16,W0_TASK_ONLY,FORCED_ON,fit,positive,5,1,1.0,1.0,5,1.0,1.0,5,0.0,0.0,5,,,0,0.0,0.0,5,,,0,,,0,1.0,1.0,5,1.0,1.0,5,1.0,1.0,5,1.0,1.0,5,0.0,0.0,5
15,L16,W0_TASK_ONLY,FORCED_ON,formal_development,T1G,2,2,1.0,1.0,2,1.0,1.0,2,0.0,0.0,2,,,0,0.0,0.0,2,,,0,,,0,1.0,1.0,2,1.0,1.0,2,1.0,1.0,2,0.0,0.0,2,0.0,0.0,2
15,L16,W0_TASK_ONLY,FORCED_ON,formal_development,T1L,5,5,0.4,0.4,5,0.4,0.4,5,0.0,0.0,5,,,0,0.6,0.6,5,0.0,0.0,3,1.0,1.0,3,1.0,1.0,2,1.0,1.0,2,1.0,1.0,5,0.0,0.0,5,0.0,0.0,5
15,L16,W0_TASK_ONLY,FORCED_ON,formal_development,T2G,4,1,1.0,1.0,4,1.0,1.0,4,0.0,0.0,4,,,0,0.0,0.0,4,,,0,,,0,1.0,1.0,4,1.0,1.0,4,1.0,1.0,4,0.75,0.75,4,0.0,0.0,4
15,L16,W0_TASK_ONLY,FORCED_ON,native,positive,1,1,1.0,1.0,1,1.0,1.0,1,0.0,0.0,1,,,0,0.0,0.0,1,,,0,,,0,1.0,1.0,1,1.0,1.0,1,1.0,1.0,1,1.0,1.0,1,0.0,0.0,1
15,L16,W1_KL_0.1,DISABLED,calibration,H,16,4,0.125,0.125,16,0.0,0.0,16,1.0,1.0,16,0.0,0.0,16,0.125,0.125,16,1.0,1.0,2,0.0,0.0,2,0.0,0.0,14,0.0,0.0,14,0.0,0.0,16,0.0,0.0,16,0.0,0.0,16
15,L16,W1_KL_0.1,DISABLED,calibration,U,16,16,0.375,0.375,16,0.0,0.0,16,1.0,1.0,16,0.0,0.0,16,0.375,0.375,16,1.0,1.0,6,0.0,0.0,6,0.0,0.0,10,0.0,0.0,10,0.1875,0.1875,16,0.0,0.0,16,0.0,0.0,16
15,L16,W1_KL_0.1,DISABLED,calibration,positive,4,1,0.0,0.0,4,0.0,0.0,4,1.0,1.0,4,,,0,0.0,0.0,4,,,0,,,0,0.0,0.0,4,0.0,0.0,4,0.0,0.0,4,1.0,1.0,4,0.0,0.0,4
15,L16,W1_KL_0.1,DISABLED,evaluation,H,20,5,0.0,0.0,20,0.0,0.0,20,1.0,1.0,20,0.0,0.0,20,0.0,0.0,20,,,0,,,0,0.0,0.0,20,0.0,0.0,20,0.05,0.05,20,0.05,0.05,20,0.0,0.0,20
15,L16,W1_KL_0.1,DISABLED,evaluation,U,15,15,0.4,0.4,15,0.0,0.0,15,1.0,1.0,15,0.0,0.0,15,0.4,0.4,15,1.0,1.0,6,0.0,0.0,6,0.0,0.0,9,0.0,0.0,9,0.26666666666666666,0.26666666666666666,15,0.0,0.0,15,0.0,0.0,15
15,L16,W1_KL_0.1,DISABLED,evaluation,positive,4,1,0.0,0.0,4,0.0,0.0,4,1.0,1.0,4,,,0,0.0,0.0,4,,,0,,,0,0.0,0.0,4,0.0,0.0,4,0.0,0.0,4,1.0,1.0,4,0.0,0.0,4
15,L16,W1_KL_0.1,DISABLED,fit,H,20,4,0.05,0.05,20,0.0,0.0,20,1.0,1.0,20,0.0,0.0,20,0.05,0.05,20,1.0,1.0,1,0.0,0.0,1,0.0,0.0,19,0.0,0.0,19,0.05,0.05,20,0.0,0.0,20,0.0,0.0,20
15,L16,W1_KL_0.1,DISABLED,fit,U,16,16,0.1875,0.1875,16,0.0,0.0,16,1.0,1.0,16,0.0,0.0,16,0.1875,0.1875,16,1.0,1.0,3,0.0,0.0,3,0.0,0.0,13,0.0,0.0,13,0.0625,0.0625,16,0.0,0.0,16,0.0,0.0,16
15,L16,W1_KL_0.1,DISABLED,fit,positive,5,1,0.0,0.0,5,0.0,0.0,5,1.0,1.0,5,,,0,0.0,0.0,5,,,0,,,0,0.0,0.0,5,0.0,0.0,5,0.0,0.0,5,1.0,1.0,5,0.0,0.0,5
15,L16,W1_KL_0.1,DISABLED,formal_development,T1G,2,2,0.0,0.0,2,0.0,0.0,2,1.0,1.0,2,,,0,0.0,0.0,2,,,0,,,0,0.0,0.0,2,0.0,0.0,2,0.0,0.0,2,0.0,0.0,2,0.0,0.0,2
15,L16,W1_KL_0.1,DISABLED,formal_development,T1L,5,5,0.6,0.6,5,0.0,0.0,5,1.0,1.0,5,,,0,0.6,0.6,5,1.0,1.0,3,0.0,0.0,3,0.0,0.0,2,0.0,0.0,2,0.0,0.0,5,0.0,0.0,5,0.0,0.0,5
15,L16,W1_KL_0.1,DISABLED,formal_development,T2G,4,1,0.0,0.0,4,0.0,0.0,4,1.0,1.0,4,,,0,0.0,0.0,4,,,0,,,0,0.0,0.0,4,0.0,0.0,4,0.0,0.0,4,0.75,0.75,4,0.0,0.0,4
15,L16,W1_KL_0.1,DISABLED,native,positive,1,1,0.0,0.0,1,0.0,0.0,1,1.0,1.0,1,,,0,0.0,0.0,1,,,0,,,0,0.0,0.0,1,0.0,0.0,1,0.0,0.0,1,1.0,1.0,1,0.0,0.0,1
15,L16,W1_KL_0.1,FIXED_ROUTER,calibration,H,16,4,0.125,0.125,16,0.0,0.0,16,1.0,1.0,16,0.0,0.0,16,0.125,0.125,16,1.0,1.0,2,0.0,0.0,2,0.0,0.0,14,0.0,0.0,14,0.0,0.0,16,0.0,0.0,16,0.0,0.0,16
15,L16,W1_KL_0.1,FIXED_ROUTER,calibration,U,16,16,0.375,0.375,16,0.0,0.0,16,1.0,1.0,16,0.0,0.0,16,0.375,0.375,16,1.0,1.0,6,0.0,0.0,6,0.0,0.0,10,0.0,0.0,10,0.1875,0.1875,16,0.0,0.0,16,0.0,0.0,16
15,L16,W1_KL_0.1,FIXED_ROUTER,calibration,positive,4,1,1.0,1.0,4,1.0,1.0,4,0.0,0.0,4,,,0,0.0,0.0,4,,,0,,,0,1.0,1.0,4,1.0,1.0,4,1.0,1.0,4,1.0,1.0,4,0.0,0.0,4
15,L16,W1_KL_0.1,FIXED_ROUTER,evaluation,H,20,5,0.0,0.0,20,0.0,0.0,20,0.95,0.95,20,0.015794813632965088,0.015794813632965088,20,0.0,0.0,20,,,0,,,0,0.0,0.0,20,0.05,0.05,20,0.1,0.1,20,0.05,0.05,20,0.0,0.0,20
15,L16,W1_KL_0.1,FIXED_ROUTER,evaluation,U,15,15,0.4,0.4,15,0.0,0.0,15,1.0,1.0,15,0.0,0.0,15,0.4,0.4,15,1.0,1.0,6,0.0,0.0,6,0.0,0.0,9,0.0,0.0,9,0.26666666666666666,0.26666666666666666,15,0.0,0.0,15,0.0,0.0,15
15,L16,W1_KL_0.1,FIXED_ROUTER,evaluation,positive,4,1,1.0,1.0,4,1.0,1.0,4,0.0,0.0,4,,,0,0.0,0.0,4,,,0,,,0,1.0,1.0,4,1.0,1.0,4,1.0,1.0,4,1.0,1.0,4,0.0,0.0,4
15,L16,W1_KL_0.1,FIXED_ROUTER,fit,H,20,4,0.05,0.05,20,0.0,0.0,20,1.0,1.0,20,0.0,0.0,20,0.05,0.05,20,1.0,1.0,1,0.0,0.0,1,0.0,0.0,19,0.0,0.0,19,0.05,0.05,20,0.0,0.0,20,0.0,0.0,20
15,L16,W1_KL_0.1,FIXED_ROUTER,fit,U,16,16,0.1875,0.1875,16,0.0,0.0,16,1.0,1.0,16,0.0,0.0,16,0.1875,0.1875,16,1.0,1.0,3,0.0,0.0,3,0.0,0.0,13,0.0,0.0,13,0.0625,0.0625,16,0.0,0.0,16,0.0,0.0,16
15,L16,W1_KL_0.1,FIXED_ROUTER,fit,positive,5,1,1.0,1.0,5,1.0,1.0,5,0.0,0.0,5,,,0,0.0,0.0,5,,,0,,,0,1.0,1.0,5,1.0,1.0,5,1.0,1.0,5,1.0,1.0,5,0.0,0.0,5
15,L16,W1_KL_0.1,FIXED_ROUTER,formal_development,T1G,2,2,0.0,0.0,2,0.0,0.0,2,1.0,1.0,2,,,0,0.0,0.0,2,,,0,,,0,0.0,0.0,2,0.0,0.0,2,0.0,0.0,2,0.0,0.0,2,0.0,0.0,2
15,L16,W1_KL_0.1,FIXED_ROUTER,formal_development,T1L,5,5,0.6,0.6,5,0.0,0.0,5,1.0,1.0,5,,,0,0.6,0.6,5,1.0,1.0,3,0.0,0.0,3,0.0,0.0,2,0.0,0.0,2,0.0,0.0,5,0.0,0.0,5,0.0,0.0,5
15,L16,W1_KL_0.1,FIXED_ROUTER,formal_development,T2G,4,1,0.25,0.25,4,0.25,0.25,4,0.5,0.5,4,,,0,0.0,0.0,4,,,0,,,0,0.25,0.25,4,0.5,0.5,4,0.25,0.25,4,0.75,0.75,4,0.0,0.0,4
15,L16,W1_KL_0.1,FIXED_ROUTER,native,positive,1,1,1.0,1.0,1,1.0,1.0,1,0.0,0.0,1,,,0,0.0,0.0,1,,,0,,,0,1.0,1.0,1,1.0,1.0,1,1.0,1.0,1,1.0,1.0,1,0.0,0.0,1
15,L16,W1_KL_0.1,FORCED_ON,calibration,H,16,4,0.25,0.25,16,0.0,0.0,16,0.1875,0.1875,16,0.1638496261803084,0.1638496261803084,16,0.125,0.125,16,0.5,0.5,2,0.5,0.5,2,0.3125,0.21428571428571427,14,0.8125,0.7857142857142857,14,0.3125,0.3125,16,0.0,0.0,16,0.0,0.0,16
15,L16,W1_KL_0.1,FORCED_ON,calibration,U,16,16,0.3125,0.3125,16,0.0,0.0,16,0.5,0.5,16,0.004900571802863851,0.004900571802863851,16,0.375,0.375,16,0.8333333333333334,0.8333333333333334,6,0.16666666666666666,0.16666666666666666,6,0.0,0.0,10,0.6,0.6,10,0.25,0.25,16,0.0,0.0,16,0.0,0.0,16
15,L16,W1_KL_0.1,FORCED_ON,calibration,positive,4,1,1.0,1.0,4,1.0,1.0,4,0.0,0.0,4,,,0,0.0,0.0,4,,,0,,,0,1.0,1.0,4,1.0,1.0,4,1.0,1.0,4,1.0,1.0,4,0.0,0.0,4
15,L16,W1_KL_0.1,FORCED_ON,evaluation,H,20,5,0.0,0.0,20,0.0,0.0,20,0.35,0.35,20,0.10648950798204168,0.10648950798204168,20,0.0,0.0,20,,,0,,,0,0.0,0.0,20,0.65,0.65,20,0.5,0.5,20,0.05,0.05,20,0.0,0.0,20
15,L16,W1_KL_0.1,FORCED_ON,evaluation,U,15,15,0.4,0.4,15,0.0,0.0,15,0.26666666666666666,0.26666666666666666,15,0.005850569205358624,0.005850569205358624,15,0.4,0.4,15,0.8333333333333334,0.8333333333333334,6,0.16666666666666666,0.16666666666666666,6,0.1111111111111111,0.1111111111111111,9,0.7777777777777778,0.7777777777777778,9,0.26666666666666666,0.26666666666666666,15,0.0,0.0,15,0.0,0.0,15
15,L16,W1_KL_0.1,FORCED_ON,evaluation,positive,4,1,1.0,1.0,4,1.0,1.0,4,0.0,0.0,4,,,0,0.0,0.0,4,,,0,,,0,1.0,1.0,4,1.0,1.0,4,1.0,1.0,4,1.0,1.0,4,0.0,0.0,4
15,L16,W1_KL_0.1,FORCED_ON,fit,H,20,4,0.05,0.05,20,0.0,0.0,20,0.8,0.8,20,0.011527284304611385,0.011527284304611385,20,0.05,0.05,20,1.0,1.0,1,0.0,0.0,1,0.0,0.0,19,0.2,0.21052631578947367,19,0.1,0.1,20,0.0,0.0,20,0.0,0.0,20
15,L16,W1_KL_0.1,FORCED_ON,fit,U,16,16,0.125,0.125,16,0.0,0.0,16,0.5,0.5,16,0.015448668420503964,0.015448668420503964,16,0.1875,0.1875,16,0.6666666666666666,0.6666666666666666,3,0.3333333333333333,0.3333333333333333,3,0.0,0.0,13,0.46153846153846156,0.46153846153846156,13,0.0625,0.0625,16,0.0,0.0,16,0.0,0.0,16
15,L16,W1_KL_0.1,FORCED_ON,fit,positive,5,1,1.0,1.0,5,1.0,1.0,5,0.0,0.0,5,,,0,0.0,0.0,5,,,0,,,0,1.0,1.0,5,1.0,1.0,5,1.0,1.0,5,1.0,1.0,5,0.0,0.0,5
15,L16,W1_KL_0.1,FORCED_ON,formal_development,T1G,2,2,1.0,1.0,2,1.0,1.0,2,0.0,0.0,2,,,0,0.0,0.0,2,,,0,,,0,1.0,1.0,2,1.0,1.0,2,1.0,1.0,2,0.0,0.0,2,0.0,0.0,2
15,L16,W1_KL_0.1,FORCED_ON,formal_development,T1L,5,5,0.4,0.4,5,0.4,0.4,5,0.0,0.0,5,,,0,0.6,0.6,5,0.0,0.0,3,1.0,1.0,3,1.0,1.0,2,1.0,1.0,2,0.8,0.8,5,0.0,0.0,5,0.0,0.0,5
15,L16,W1_KL_0.1,FORCED_ON,formal_development,T2G,4,1,0.5,0.5,4,0.5,0.5,4,0.25,0.25,4,,,0,0.0,0.0,4,,,0,,,0,0.5,0.5,4,0.75,0.75,4,0.5,0.5,4,0.75,0.75,4,0.0,0.0,4
15,L16,W1_KL_0.1,FORCED_ON,native,positive,1,1,1.0,1.0,1,1.0,1.0,1,0.0,0.0,1,,,0,0.0,0.0,1,,,0,,,0,1.0,1.0,1,1.0,1.0,1,1.0,1.0,1,1.0,1.0,1,0.0,0.0,1
15,L16,W1_KL_1,DISABLED,calibration,H,16,4,0.125,0.125,16,0.0,0.0,16,1.0,1.0,16,0.0,0.0,16,0.125,0.125,16,1.0,1.0,2,0.0,0.0,2,0.0,0.0,14,0.0,0.0,14,0.0,0.0,16,0.0,0.0,16,0.0,0.0,16
15,L16,W1_KL_1,DISABLED,calibration,U,16,16,0.375,0.375,16,0.0,0.0,16,1.0,1.0,16,0.0,0.0,16,0.375,0.375,16,1.0,1.0,6,0.0,0.0,6,0.0,0.0,10,0.0,0.0,10,0.1875,0.1875,16,0.0,0.0,16,0.0,0.0,16
15,L16,W1_KL_1,DISABLED,calibration,positive,4,1,0.0,0.0,4,0.0,0.0,4,1.0,1.0,4,,,0,0.0,0.0,4,,,0,,,0,0.0,0.0,4,0.0,0.0,4,0.0,0.0,4,1.0,1.0,4,0.0,0.0,4
15,L16,W1_KL_1,DISABLED,evaluation,H,20,5,0.0,0.0,20,0.0,0.0,20,1.0,1.0,20,0.0,0.0,20,0.0,0.0,20,,,0,,,0,0.0,0.0,20,0.0,0.0,20,0.05,0.05,20,0.05,0.05,20,0.0,0.0,20
15,L16,W1_KL_1,DISABLED,evaluation,U,15,15,0.4,0.4,15,0.0,0.0,15,1.0,1.0,15,0.0,0.0,15,0.4,0.4,15,1.0,1.0,6,0.0,0.0,6,0.0,0.0,9,0.0,0.0,9,0.26666666666666666,0.26666666666666666,15,0.0,0.0,15,0.0,0.0,15
15,L16,W1_KL_1,DISABLED,evaluation,positive,4,1,0.0,0.0,4,0.0,0.0,4,1.0,1.0,4,,,0,0.0,0.0,4,,,0,,,0,0.0,0.0,4,0.0,0.0,4,0.0,0.0,4,1.0,1.0,4,0.0,0.0,4
15,L16,W1_KL_1,DISABLED,fit,H,20,4,0.05,0.05,20,0.0,0.0,20,1.0,1.0,20,0.0,0.0,20,0.05,0.05,20,1.0,1.0,1,0.0,0.0,1,0.0,0.0,19,0.0,0.0,19,0.05,0.05,20,0.0,0.0,20,0.0,0.0,20
15,L16,W1_KL_1,DISABLED,fit,U,16,16,0.1875,0.1875,16,0.0,0.0,16,1.0,1.0,16,0.0,0.0,16,0.1875,0.1875,16,1.0,1.0,3,0.0,0.0,3,0.0,0.0,13,0.0,0.0,13,0.0625,0.0625,16,0.0,0.0,16,0.0,0.0,16
15,L16,W1_KL_1,DISABLED,fit,positive,5,1,0.0,0.0,5,0.0,0.0,5,1.0,1.0,5,,,0,0.0,0.0,5,,,0,,,0,0.0,0.0,5,0.0,0.0,5,0.0,0.0,5,1.0,1.0,5,0.0,0.0,5
15,L16,W1_KL_1,DISABLED,formal_development,T1G,2,2,0.0,0.0,2,0.0,0.0,2,1.0,1.0,2,,,0,0.0,0.0,2,,,0,,,0,0.0,0.0,2,0.0,0.0,2,0.0,0.0,2,0.0,0.0,2,0.0,0.0,2
15,L16,W1_KL_1,DISABLED,formal_development,T1L,5,5,0.6,0.6,5,0.0,0.0,5,1.0,1.0,5,,,0,0.6,0.6,5,1.0,1.0,3,0.0,0.0,3,0.0,0.0,2,0.0,0.0,2,0.0,0.0,5,0.0,0.0,5,0.0,0.0,5
15,L16,W1_KL_1,DISABLED,formal_development,T2G,4,1,0.0,0.0,4,0.0,0.0,4,1.0,1.0,4,,,0,0.0,0.0,4,,,0,,,0,0.0,0.0,4,0.0,0.0,4,0.0,0.0,4,0.75,0.75,4,0.0,0.0,4
15,L16,W1_KL_1,DISABLED,native,positive,1,1,0.0,0.0,1,0.0,0.0,1,1.0,1.0,1,,,0,0.0,0.0,1,,,0,,,0,0.0,0.0,1,0.0,0.0,1,0.0,0.0,1,1.0,1.0,1,0.0,0.0,1
15,L16,W1_KL_1,FIXED_ROUTER,calibration,H,16,4,0.125,0.125,16,0.0,0.0,16,1.0,1.0,16,0.0,0.0,16,0.125,0.125,16,1.0,1.0,2,0.0,0.0,2,0.0,0.0,14,0.0,0.0,14,0.0,0.0,16,0.0,0.0,16,0.0,0.0,16
15,L16,W1_KL_1,FIXED_ROUTER,calibration,U,16,16,0.375,0.375,16,0.0,0.0,16,1.0,1.0,16,0.0,0.0,16,0.375,0.375,16,1.0,1.0,6,0.0,0.0,6,0.0,0.0,10,0.0,0.0,10,0.1875,0.1875,16,0.0,0.0,16,0.0,0.0,16
15,L16,W1_KL_1,FIXED_ROUTER,calibration,positive,4,1,1.0,1.0,4,1.0,1.0,4,0.0,0.0,4,,,0,0.0,0.0,4,,,0,,,0,1.0,1.0,4,1.0,1.0,4,1.0,1.0,4,1.0,1.0,4,0.0,0.0,4
15,L16,W1_KL_1,FIXED_ROUTER,evaluation,H,20,5,0.0,0.0,20,0.0,0.0,20,0.95,0.95,20,0.01273752748966217,0.01273752748966217,20,0.0,0.0,20,,,0,,,0,0.0,0.0,20,0.05,0.05,20,0.1,0.1,20,0.05,0.05,20,0.0,0.0,20
15,L16,W1_KL_1,FIXED_ROUTER,evaluation,U,15,15,0.4,0.4,15,0.0,0.0,15,1.0,1.0,15,0.0,0.0,15,0.4,0.4,15,1.0,1.0,6,0.0,0.0,6,0.0,0.0,9,0.0,0.0,9,0.26666666666666666,0.26666666666666666,15,0.0,0.0,15,0.0,0.0,15
15,L16,W1_KL_1,FIXED_ROUTER,evaluation,positive,4,1,1.0,1.0,4,1.0,1.0,4,0.0,0.0,4,,,0,0.0,0.0,4,,,0,,,0,1.0,1.0,4,1.0,1.0,4,1.0,1.0,4,1.0,1.0,4,0.0,0.0,4
15,L16,W1_KL_1,FIXED_ROUTER,fit,H,20,4,0.05,0.05,20,0.0,0.0,20,1.0,1.0,20,0.0,0.0,20,0.05,0.05,20,1.0,1.0,1,0.0,0.0,1,0.0,0.0,19,0.0,0.0,19,0.05,0.05,20,0.0,0.0,20,0.0,0.0,20
15,L16,W1_KL_1,FIXED_ROUTER,fit,U,16,16,0.1875,0.1875,16,0.0,0.0,16,1.0,1.0,16,0.0,0.0,16,0.1875,0.1875,16,1.0,1.0,3,0.0,0.0,3,0.0,0.0,13,0.0,0.0,13,0.0625,0.0625,16,0.0,0.0,16,0.0,0.0,16
15,L16,W1_KL_1,FIXED_ROUTER,fit,positive,5,1,1.0,1.0,5,1.0,1.0,5,0.0,0.0,5,,,0,0.0,0.0,5,,,0,,,0,1.0,1.0,5,1.0,1.0,5,1.0,1.0,5,1.0,1.0,5,0.0,0.0,5
15,L16,W1_KL_1,FIXED_ROUTER,formal_development,T1G,2,2,0.0,0.0,2,0.0,0.0,2,1.0,1.0,2,,,0,0.0,0.0,2,,,0,,,0,0.0,0.0,2,0.0,0.0,2,0.0,0.0,2,0.0,0.0,2,0.0,0.0,2
15,L16,W1_KL_1,FIXED_ROUTER,formal_development,T1L,5,5,0.6,0.6,5,0.0,0.0,5,1.0,1.0,5,,,0,0.6,0.6,5,1.0,1.0,3,0.0,0.0,3,0.0,0.0,2,0.0,0.0,2,0.0,0.0,5,0.0,0.0,5,0.0,0.0,5
15,L16,W1_KL_1,FIXED_ROUTER,formal_development,T2G,4,1,0.5,0.5,4,0.5,0.5,4,0.25,0.25,4,,,0,0.0,0.0,4,,,0,,,0,0.5,0.5,4,0.75,0.75,4,0.5,0.5,4,0.75,0.75,4,0.0,0.0,4
15,L16,W1_KL_1,FIXED_ROUTER,native,positive,1,1,1.0,1.0,1,1.0,1.0,1,0.0,0.0,1,,,0,0.0,0.0,1,,,0,,,0,1.0,1.0,1,1.0,1.0,1,1.0,1.0,1,1.0,1.0,1,0.0,0.0,1
15,L16,W1_KL_1,FORCED_ON,calibration,H,16,4,0.3125,0.3125,16,0.0,0.0,16,0.375,0.375,16,0.09704234560194891,0.09704234560194891,16,0.125,0.125,16,1.0,1.0,2,0.0,0.0,2,0.1875,0.21428571428571427,14,0.6875,0.6428571428571429,14,0.25,0.25,16,0.0,0.0,16,0.0,0.0,16
15,L16,W1_KL_1,FORCED_ON,calibration,U,16,16,0.375,0.375,16,0.0,0.0,16,0.8125,0.8125,16,0.003287476491095731,0.003287476491095731,16,0.375,0.375,16,1.0,1.0,6,0.0,0.0,6,0.0,0.0,10,0.3,0.3,10,0.1875,0.1875,16,0.0,0.0,16,0.0,0.0,16
15,L16,W1_KL_1,FORCED_ON,calibration,positive,4,1,1.0,1.0,4,1.0,1.0,4,0.0,0.0,4,,,0,0.0,0.0,4,,,0,,,0,1.0,1.0,4,1.0,1.0,4,1.0,1.0,4,1.0,1.0,4,0.0,0.0,4
15,L16,W1_KL_1,FORCED_ON,evaluation,H,20,5,0.0,0.0,20,0.0,0.0,20,0.65,0.65,20,0.06668731107638451,0.06668731107638451,20,0.0,0.0,20,,,0,,,0,0.0,0.0,20,0.35,0.35,20,0.25,0.25,20,0.05,0.05,20,0.0,0.0,20
15,L16,W1_KL_1,FORCED_ON,evaluation,U,15,15,0.4,0.4,15,0.0,0.0,15,0.26666666666666666,0.26666666666666666,15,0.004358582765174409,0.004358582765174409,15,0.4,0.4,15,0.8333333333333334,0.8333333333333334,6,0.16666666666666666,0.16666666666666666,6,0.1111111111111111,0.1111111111111111,9,0.7777777777777778,0.7777777777777778,9,0.26666666666666666,0.26666666666666666,15,0.0,0.0,15,0.0,0.0,15
15,L16,W1_KL_1,FORCED_ON,evaluation,positive,4,1,1.0,1.0,4,1.0,1.0,4,0.0,0.0,4,,,0,0.0,0.0,4,,,0,,,0,1.0,1.0,4,1.0,1.0,4,1.0,1.0,4,1.0,1.0,4,0.0,0.0,4
15,L16,W1_KL_1,FORCED_ON,fit,H,20,4,0.0,0.0,20,0.0,0.0,20,0.65,0.65,20,0.019172342943784317,0.019172342943784317,20,0.05,0.05,20,0.0,0.0,1,1.0,1.0,1,0.0,0.0,19,0.30000000000000004,0.3157894736842105,19,0.2,0.2,20,0.0,0.0,20,0.0,0.0,20
15,L16,W1_KL_1,FORCED_ON,fit,U,16,16,0.25,0.25,16,0.0,0.0,16,0.625,0.625,16,0.00663698477728758,0.00663698477728758,16,0.1875,0.1875,16,1.0,1.0,3,0.0,0.0,3,0.07692307692307693,0.07692307692307693,13,0.38461538461538464,0.38461538461538464,13,0.0625,0.0625,16,0.0,0.0,16,0.0,0.0,16
15,L16,W1_KL_1,FORCED_ON,fit,positive,5,1,1.0,1.0,5,1.0,1.0,5,0.0,0.0,5,,,0,0.0,0.0,5,,,0,,,0,1.0,1.0,5,1.0,1.0,5,1.0,1.0,5,1.0,1.0,5,0.0,0.0,5
15,L16,W1_KL_1,FORCED_ON,formal_development,T1G,2,2,1.0,1.0,2,1.0,1.0,2,0.0,0.0,2,,,0,0.0,0.0,2,,,0,,,0,1.0,1.0,2,1.0,1.0,2,1.0,1.0,2,0.0,0.0,2,0.0,0.0,2
15,L16,W1_KL_1,FORCED_ON,formal_development,T1L,5,5,0.6,0.6,5,0.4,0.4,5,0.2,0.2,5,,,0,0.6,0.6,5,0.3333333333333333,0.3333333333333333,3,0.6666666666666666,0.6666666666666666,3,1.0,1.0,2,1.0,1.0,2,0.8,0.8,5,0.0,0.0,5,0.0,0.0,5
15,L16,W1_KL_1,FORCED_ON,formal_development,T2G,4,1,0.5,0.5,4,0.5,0.5,4,0.0,0.0,4,,,0,0.0,0.0,4,,,0,,,0,0.5,0.5,4,1.0,1.0,4,0.5,0.5,4,0.75,0.75,4,0.0,0.0,4
15,L16,W1_KL_1,FORCED_ON,native,positive,1,1,1.0,1.0,1,1.0,1.0,1,0.0,0.0,1,,,0,0.0,0.0,1,,,0,,,0,1.0,1.0,1,1.0,1.0,1,1.0,1.0,1,1.0,1.0,1,0.0,0.0,1
15,L16,W1_KL_10,DISABLED,calibration,H,16,4,0.125,0.125,16,0.0,0.0,16,1.0,1.0,16,0.0,0.0,16,0.125,0.125,16,1.0,1.0,2,0.0,0.0,2,0.0,0.0,14,0.0,0.0,14,0.0,0.0,16,0.0,0.0,16,0.0,0.0,16
15,L16,W1_KL_10,DISABLED,calibration,U,16,16,0.375,0.375,16,0.0,0.0,16,1.0,1.0,16,0.0,0.0,16,0.375,0.375,16,1.0,1.0,6,0.0,0.0,6,0.0,0.0,10,0.0,0.0,10,0.1875,0.1875,16,0.0,0.0,16,0.0,0.0,16
15,L16,W1_KL_10,DISABLED,calibration,positive,4,1,0.0,0.0,4,0.0,0.0,4,1.0,1.0,4,,,0,0.0,0.0,4,,,0,,,0,0.0,0.0,4,0.0,0.0,4,0.0,0.0,4,1.0,1.0,4,0.0,0.0,4
15,L16,W1_KL_10,DISABLED,evaluation,H,20,5,0.0,0.0,20,0.0,0.0,20,1.0,1.0,20,0.0,0.0,20,0.0,0.0,20,,,0,,,0,0.0,0.0,20,0.0,0.0,20,0.05,0.05,20,0.05,0.05,20,0.0,0.0,20
15,L16,W1_KL_10,DISABLED,evaluation,U,15,15,0.4,0.4,15,0.0,0.0,15,1.0,1.0,15,0.0,0.0,15,0.4,0.4,15,1.0,1.0,6,0.0,0.0,6,0.0,0.0,9,0.0,0.0,9,0.26666666666666666,0.26666666666666666,15,0.0,0.0,15,0.0,0.0,15
15,L16,W1_KL_10,DISABLED,evaluation,positive,4,1,0.0,0.0,4,0.0,0.0,4,1.0,1.0,4,,,0,0.0,0.0,4,,,0,,,0,0.0,0.0,4,0.0,0.0,4,0.0,0.0,4,1.0,1.0,4,0.0,0.0,4
15,L16,W1_KL_10,DISABLED,fit,H,20,4,0.05,0.05,20,0.0,0.0,20,1.0,1.0,20,0.0,0.0,20,0.05,0.05,20,1.0,1.0,1,0.0,0.0,1,0.0,0.0,19,0.0,0.0,19,0.05,0.05,20,0.0,0.0,20,0.0,0.0,20
15,L16,W1_KL_10,DISABLED,fit,U,16,16,0.1875,0.1875,16,0.0,0.0,16,1.0,1.0,16,0.0,0.0,16,0.1875,0.1875,16,1.0,1.0,3,0.0,0.0,3,0.0,0.0,13,0.0,0.0,13,0.0625,0.0625,16,0.0,0.0,16,0.0,0.0,16
15,L16,W1_KL_10,DISABLED,fit,positive,5,1,0.0,0.0,5,0.0,0.0,5,1.0,1.0,5,,,0,0.0,0.0,5,,,0,,,0,0.0,0.0,5,0.0,0.0,5,0.0,0.0,5,1.0,1.0,5,0.0,0.0,5
15,L16,W1_KL_10,DISABLED,formal_development,T1G,2,2,0.0,0.0,2,0.0,0.0,2,1.0,1.0,2,,,0,0.0,0.0,2,,,0,,,0,0.0,0.0,2,0.0,0.0,2,0.0,0.0,2,0.0,0.0,2,0.0,0.0,2
15,L16,W1_KL_10,DISABLED,formal_development,T1L,5,5,0.6,0.6,5,0.0,0.0,5,1.0,1.0,5,,,0,0.6,0.6,5,1.0,1.0,3,0.0,0.0,3,0.0,0.0,2,0.0,0.0,2,0.0,0.0,5,0.0,0.0,5,0.0,0.0,5
15,L16,W1_KL_10,DISABLED,formal_development,T2G,4,1,0.0,0.0,4,0.0,0.0,4,1.0,1.0,4,,,0,0.0,0.0,4,,,0,,,0,0.0,0.0,4,0.0,0.0,4,0.0,0.0,4,0.75,0.75,4,0.0,0.0,4
15,L16,W1_KL_10,DISABLED,native,positive,1,1,0.0,0.0,1,0.0,0.0,1,1.0,1.0,1,,,0,0.0,0.0,1,,,0,,,0,0.0,0.0,1,0.0,0.0,1,0.0,0.0,1,1.0,1.0,1,0.0,0.0,1
15,L16,W1_KL_10,FIXED_ROUTER,calibration,H,16,4,0.125,0.125,16,0.0,0.0,16,1.0,1.0,16,0.0,0.0,16,0.125,0.125,16,1.0,1.0,2,0.0,0.0,2,0.0,0.0,14,0.0,0.0,14,0.0,0.0,16,0.0,0.0,16,0.0,0.0,16
15,L16,W1_KL_10,FIXED_ROUTER,calibration,U,16,16,0.375,0.375,16,0.0,0.0,16,1.0,1.0,16,0.0,0.0,16,0.375,0.375,16,1.0,1.0,6,0.0,0.0,6,0.0,0.0,10,0.0,0.0,10,0.1875,0.1875,16,0.0,0.0,16,0.0,0.0,16
15,L16,W1_KL_10,FIXED_ROUTER,calibration,positive,4,1,0.5,0.5,4,0.5,0.5,4,0.5,0.5,4,,,0,0.0,0.0,4,,,0,,,0,0.5,0.5,4,0.5,0.5,4,0.5,0.5,4,1.0,1.0,4,0.0,0.0,4
15,L16,W1_KL_10,FIXED_ROUTER,evaluation,H,20,5,0.0,0.0,20,0.0,0.0,20,1.0,1.0,20,0.0010766735300421714,0.0010766735300421714,20,0.0,0.0,20,,,0,,,0,0.0,0.0,20,0.0,0.0,20,0.05,0.05,20,0.05,0.05,20,0.0,0.0,20
15,L16,W1_KL_10,FIXED_ROUTER,evaluation,U,15,15,0.4,0.4,15,0.0,0.0,15,1.0,1.0,15,0.0,0.0,15,0.4,0.4,15,1.0,1.0,6,0.0,0.0,6,0.0,0.0,9,0.0,0.0,9,0.26666666666666666,0.26666666666666666,15,0.0,0.0,15,0.0,0.0,15
15,L16,W1_KL_10,FIXED_ROUTER,evaluation,positive,4,1,0.25,0.25,4,0.25,0.25,4,0.75,0.75,4,,,0,0.0,0.0,4,,,0,,,0,0.25,0.25,4,0.25,0.25,4,0.25,0.25,4,1.0,1.0,4,0.0,0.0,4
15,L16,W1_KL_10,FIXED_ROUTER,fit,H,20,4,0.05,0.05,20,0.0,0.0,20,1.0,1.0,20,0.0,0.0,20,0.05,0.05,20,1.0,1.0,1,0.0,0.0,1,0.0,0.0,19,0.0,0.0,19,0.05,0.05,20,0.0,0.0,20,0.0,0.0,20
15,L16,W1_KL_10,FIXED_ROUTER,fit,U,16,16,0.1875,0.1875,16,0.0,0.0,16,1.0,1.0,16,0.0,0.0,16,0.1875,0.1875,16,1.0,1.0,3,0.0,0.0,3,0.0,0.0,13,0.0,0.0,13,0.0625,0.0625,16,0.0,0.0,16,0.0,0.0,16
15,L16,W1_KL_10,FIXED_ROUTER,fit,positive,5,1,0.0,0.0,5,0.0,0.0,5,1.0,1.0,5,,,0,0.0,0.0,5,,,0,,,0,0.0,0.0,5,0.0,0.0,5,0.0,0.0,5,1.0,1.0,5,0.0,0.0,5
15,L16,W1_KL_10,FIXED_ROUTER,formal_development,T1G,2,2,0.0,0.0,2,0.0,0.0,2,1.0,1.0,2,,,0,0.0,0.0,2,,,0,,,0,0.0,0.0,2,0.0,0.0,2,0.0,0.0,2,0.0,0.0,2,0.0,0.0,2
15,L16,W1_KL_10,FIXED_ROUTER,formal_development,T1L,5,5,0.6,0.6,5,0.0,0.0,5,1.0,1.0,5,,,0,0.6,0.6,5,1.0,1.0,3,0.0,0.0,3,0.0,0.0,2,0.0,0.0,2,0.0,0.0,5,0.0,0.0,5,0.0,0.0,5
15,L16,W1_KL_10,FIXED_ROUTER,formal_development,T2G,4,1,0.0,0.0,4,0.0,0.0,4,0.5,0.5,4,,,0,0.0,0.0,4,,,0,,,0,0.0,0.0,4,0.5,0.5,4,0.0,0.0,4,0.75,0.75,4,0.0,0.0,4
15,L16,W1_KL_10,FIXED_ROUTER,native,positive,1,1,0.0,0.0,1,0.0,0.0,1,1.0,1.0,1,,,0,0.0,0.0,1,,,0,,,0,0.0,0.0,1,0.0,0.0,1,0.0,0.0,1,1.0,1.0,1,0.0,0.0,1
15,L16,W1_KL_10,FORCED_ON,calibration,H,16,4,0.1875,0.1875,16,0.0,0.0,16,0.625,0.625,16,0.009208808492985554,0.009208808492985554,16,0.125,0.125,16,0.0,0.0,2,1.0,1.0,2,0.1875,0.21428571428571427,14,0.3125,0.2857142857142857,14,0.0,0.0,16,0.0,0.0,16,0.0,0.0,16
15,L16,W1_KL_10,FORCED_ON,calibration,U,16,16,0.375,0.375,16,0.0,0.0,16,0.625,0.625,16,0.002574615788034862,0.002574615788034862,16,0.375,0.375,16,1.0,1.0,6,0.0,0.0,6,0.0,0.0,10,0.6,0.6,10,0.1875,0.1875,16,0.0,0.0,16,0.0,0.0,16
15,L16,W1_KL_10,FORCED_ON,calibration,positive,4,1,0.5,0.5,4,0.5,0.5,4,0.5,0.5,4,,,0,0.0,0.0,4,,,0,,,0,0.5,0.5,4,0.5,0.5,4,0.5,0.5,4,1.0,1.0,4,0.0,0.0,4
15,L16,W1_KL_10,FORCED_ON,evaluation,H,20,5,0.0,0.0,20,0.0,0.0,20,0.95,0.95,20,0.006482935472740791,0.006482935472740791,20,0.0,0.0,20,,,0,,,0,0.0,0.0,20,0.05,0.05,20,0.0,0.0,20,0.05,0.05,20,0.0,0.0,20
15,L16,W1_KL_10,FORCED_ON,evaluation,U,15,15,0.3333333333333333,0.3333333333333333,15,0.0,0.0,15,0.4,0.4,15,0.0043864282740590475,0.0043864282740590475,15,0.4,0.4,15,0.6666666666666666,0.6666666666666666,6,0.3333333333333333,0.3333333333333333,6,0.1111111111111111,0.1111111111111111,9,0.4444444444444444,0.4444444444444444,9,0.2,0.2,15,0.0,0.0,15,0.0,0.0,15
15,L16,W1_KL_10,FORCED_ON,evaluation,positive,4,1,0.25,0.25,4,0.25,0.25,4,0.75,0.75,4,,,0,0.0,0.0,4,,,0,,,0,0.25,0.25,4,0.25,0.25,4,0.25,0.25,4,1.0,1.0,4,0.0,0.0,4
15,L16,W1_KL_10,FORCED_ON,fit,H,20,4,0.05,0.05,20,0.0,0.0,20,0.9,0.9,20,0.0016859579060110263,0.0016859579060110263,20,0.05,0.05,20,1.0,1.0,1,0.0,0.0,1,0.0,0.0,19,0.1,0.10526315789473684,19,0.0,0.0,20,0.0,0.0,20,0.0,0.0,20
15,L16,W1_KL_10,FORCED_ON,fit,U,16,16,0.125,0.125,16,0.0,0.0,16,0.375,0.375,16,0.002931568540589069,0.002931568540589069,16,0.1875,0.1875,16,0.6666666666666666,0.6666666666666666,3,0.3333333333333333,0.3333333333333333,3,0.0,0.0,13,0.5384615384615384,0.5384615384615384,13,0.0625,0.0625,16,0.0,0.0,16,0.0,0.0,16
15,L16,W1_KL_10,FORCED_ON,fit,positive,5,1,0.0,0.0,5,0.0,0.0,5,1.0,1.0,5,,,0,0.0,0.0,5,,,0,,,0,0.0,0.0,5,0.0,0.0,5,0.0,0.0,5,1.0,1.0,5,0.0,0.0,5
15,L16,W1_KL_10,FORCED_ON,formal_development,T1G,2,2,0.0,0.0,2,0.0,0.0,2,1.0,1.0,2,,,0,0.0,0.0,2,,,0,,,0,0.0,0.0,2,0.0,0.0,2,0.0,0.0,2,0.0,0.0,2,0.0,0.0,2
15,L16,W1_KL_10,FORCED_ON,formal_development,T1L,5,5,0.6,0.6,5,0.0,0.0,5,0.6,0.6,5,,,0,0.6,0.6,5,1.0,1.0,3,0.0,0.0,3,0.0,0.0,2,1.0,1.0,2,0.0,0.0,5,0.0,0.0,5,0.0,0.0,5
15,L16,W1_KL_10,FORCED_ON,formal_development,T2G,4,1,0.0,0.0,4,0.0,0.0,4,0.25,0.25,4,,,0,0.0,0.0,4,,,0,,,0,0.0,0.0,4,0.75,0.75,4,0.0,0.0,4,0.75,0.75,4,0.0,0.0,4
15,L16,W1_KL_10,FORCED_ON,native,positive,1,1,0.0,0.0,1,0.0,0.0,1,1.0,1.0,1,,,0,0.0,0.0,1,,,0,,,0,0.0,0.0,1,0.0,0.0,1,0.0,0.0,1,1.0,1.0,1,0.0,0.0,1
15,L16,W2_GROUP_CONSTRAINED,DISABLED,calibration,H,16,4,0.125,0.125,16,0.0,0.0,16,1.0,1.0,16,0.0,0.0,16,0.125,0.125,16,1.0,1.0,2,0.0,0.0,2,0.0,0.0,14,0.0,0.0,14,0.0,0.0,16,0.0,0.0,16,0.0,0.0,16
15,L16,W2_GROUP_CONSTRAINED,DISABLED,calibration,U,16,16,0.375,0.375,16,0.0,0.0,16,1.0,1.0,16,0.0,0.0,16,0.375,0.375,16,1.0,1.0,6,0.0,0.0,6,0.0,0.0,10,0.0,0.0,10,0.1875,0.1875,16,0.0,0.0,16,0.0,0.0,16
15,L16,W2_GROUP_CONSTRAINED,DISABLED,calibration,positive,4,1,0.0,0.0,4,0.0,0.0,4,1.0,1.0,4,,,0,0.0,0.0,4,,,0,,,0,0.0,0.0,4,0.0,0.0,4,0.0,0.0,4,1.0,1.0,4,0.0,0.0,4
15,L16,W2_GROUP_CONSTRAINED,DISABLED,evaluation,H,20,5,0.0,0.0,20,0.0,0.0,20,1.0,1.0,20,0.0,0.0,20,0.0,0.0,20,,,0,,,0,0.0,0.0,20,0.0,0.0,20,0.05,0.05,20,0.05,0.05,20,0.0,0.0,20
15,L16,W2_GROUP_CONSTRAINED,DISABLED,evaluation,U,15,15,0.4,0.4,15,0.0,0.0,15,1.0,1.0,15,0.0,0.0,15,0.4,0.4,15,1.0,1.0,6,0.0,0.0,6,0.0,0.0,9,0.0,0.0,9,0.26666666666666666,0.26666666666666666,15,0.0,0.0,15,0.0,0.0,15
15,L16,W2_GROUP_CONSTRAINED,DISABLED,evaluation,positive,4,1,0.0,0.0,4,0.0,0.0,4,1.0,1.0,4,,,0,0.0,0.0,4,,,0,,,0,0.0,0.0,4,0.0,0.0,4,0.0,0.0,4,1.0,1.0,4,0.0,0.0,4
15,L16,W2_GROUP_CONSTRAINED,DISABLED,fit,H,20,4,0.05,0.05,20,0.0,0.0,20,1.0,1.0,20,0.0,0.0,20,0.05,0.05,20,1.0,1.0,1,0.0,0.0,1,0.0,0.0,19,0.0,0.0,19,0.05,0.05,20,0.0,0.0,20,0.0,0.0,20
15,L16,W2_GROUP_CONSTRAINED,DISABLED,fit,U,16,16,0.1875,0.1875,16,0.0,0.0,16,1.0,1.0,16,0.0,0.0,16,0.1875,0.1875,16,1.0,1.0,3,0.0,0.0,3,0.0,0.0,13,0.0,0.0,13,0.0625,0.0625,16,0.0,0.0,16,0.0,0.0,16
15,L16,W2_GROUP_CONSTRAINED,DISABLED,fit,positive,5,1,0.0,0.0,5,0.0,0.0,5,1.0,1.0,5,,,0,0.0,0.0,5,,,0,,,0,0.0,0.0,5,0.0,0.0,5,0.0,0.0,5,1.0,1.0,5,0.0,0.0,5
15,L16,W2_GROUP_CONSTRAINED,DISABLED,formal_development,T1G,2,2,0.0,0.0,2,0.0,0.0,2,1.0,1.0,2,,,0,0.0,0.0,2,,,0,,,0,0.0,0.0,2,0.0,0.0,2,0.0,0.0,2,0.0,0.0,2,0.0,0.0,2
15,L16,W2_GROUP_CONSTRAINED,DISABLED,formal_development,T1L,5,5,0.6,0.6,5,0.0,0.0,5,1.0,1.0,5,,,0,0.6,0.6,5,1.0,1.0,3,0.0,0.0,3,0.0,0.0,2,0.0,0.0,2,0.0,0.0,5,0.0,0.0,5,0.0,0.0,5
15,L16,W2_GROUP_CONSTRAINED,DISABLED,formal_development,T2G,4,1,0.0,0.0,4,0.0,0.0,4,1.0,1.0,4,,,0,0.0,0.0,4,,,0,,,0,0.0,0.0,4,0.0,0.0,4,0.0,0.0,4,0.75,0.75,4,0.0,0.0,4
15,L16,W2_GROUP_CONSTRAINED,DISABLED,native,positive,1,1,0.0,0.0,1,0.0,0.0,1,1.0,1.0,1,,,0,0.0,0.0,1,,,0,,,0,0.0,0.0,1,0.0,0.0,1,0.0,0.0,1,1.0,1.0,1,0.0,0.0,1
15,L16,W2_GROUP_CONSTRAINED,FIXED_ROUTER,calibration,H,16,4,0.125,0.125,16,0.0,0.0,16,1.0,1.0,16,0.0,0.0,16,0.125,0.125,16,1.0,1.0,2,0.0,0.0,2,0.0,0.0,14,0.0,0.0,14,0.0,0.0,16,0.0,0.0,16,0.0,0.0,16
15,L16,W2_GROUP_CONSTRAINED,FIXED_ROUTER,calibration,U,16,16,0.375,0.375,16,0.0,0.0,16,1.0,1.0,16,0.0,0.0,16,0.375,0.375,16,1.0,1.0,6,0.0,0.0,6,0.0,0.0,10,0.0,0.0,10,0.1875,0.1875,16,0.0,0.0,16,0.0,0.0,16
15,L16,W2_GROUP_CONSTRAINED,FIXED_ROUTER,calibration,positive,4,1,1.0,1.0,4,1.0,1.0,4,0.0,0.0,4,,,0,0.0,0.0,4,,,0,,,0,1.0,1.0,4,1.0,1.0,4,1.0,1.0,4,1.0,1.0,4,0.0,0.0,4
15,L16,W2_GROUP_CONSTRAINED,FIXED_ROUTER,evaluation,H,20,5,0.0,0.0,20,0.0,0.0,20,0.95,0.95,20,0.012428963184356689,0.012428963184356689,20,0.0,0.0,20,,,0,,,0,0.0,0.0,20,0.05,0.05,20,0.1,0.1,20,0.05,0.05,20,0.0,0.0,20
15,L16,W2_GROUP_CONSTRAINED,FIXED_ROUTER,evaluation,U,15,15,0.4,0.4,15,0.0,0.0,15,1.0,1.0,15,0.0,0.0,15,0.4,0.4,15,1.0,1.0,6,0.0,0.0,6,0.0,0.0,9,0.0,0.0,9,0.26666666666666666,0.26666666666666666,15,0.0,0.0,15,0.0,0.0,15
15,L16,W2_GROUP_CONSTRAINED,FIXED_ROUTER,evaluation,positive,4,1,1.0,1.0,4,1.0,1.0,4,0.0,0.0,4,,,0,0.0,0.0,4,,,0,,,0,1.0,1.0,4,1.0,1.0,4,1.0,1.0,4,1.0,1.0,4,0.0,0.0,4
15,L16,W2_GROUP_CONSTRAINED,FIXED_ROUTER,fit,H,20,4,0.05,0.05,20,0.0,0.0,20,1.0,1.0,20,0.0,0.0,20,0.05,0.05,20,1.0,1.0,1,0.0,0.0,1,0.0,0.0,19,0.0,0.0,19,0.05,0.05,20,0.0,0.0,20,0.0,0.0,20
15,L16,W2_GROUP_CONSTRAINED,FIXED_ROUTER,fit,U,16,16,0.1875,0.1875,16,0.0,0.0,16,1.0,1.0,16,0.0,0.0,16,0.1875,0.1875,16,1.0,1.0,3,0.0,0.0,3,0.0,0.0,13,0.0,0.0,13,0.0625,0.0625,16,0.0,0.0,16,0.0,0.0,16
15,L16,W2_GROUP_CONSTRAINED,FIXED_ROUTER,fit,positive,5,1,1.0,1.0,5,1.0,1.0,5,0.0,0.0,5,,,0,0.0,0.0,5,,,0,,,0,1.0,1.0,5,1.0,1.0,5,1.0,1.0,5,1.0,1.0,5,0.0,0.0,5
15,L16,W2_GROUP_CONSTRAINED,FIXED_ROUTER,formal_development,T1G,2,2,0.0,0.0,2,0.0,0.0,2,1.0,1.0,2,,,0,0.0,0.0,2,,,0,,,0,0.0,0.0,2,0.0,0.0,2,0.0,0.0,2,0.0,0.0,2,0.0,0.0,2
15,L16,W2_GROUP_CONSTRAINED,FIXED_ROUTER,formal_development,T1L,5,5,0.6,0.6,5,0.0,0.0,5,1.0,1.0,5,,,0,0.6,0.6,5,1.0,1.0,3,0.0,0.0,3,0.0,0.0,2,0.0,0.0,2,0.0,0.0,5,0.0,0.0,5,0.0,0.0,5
15,L16,W2_GROUP_CONSTRAINED,FIXED_ROUTER,formal_development,T2G,4,1,0.75,0.75,4,0.75,0.75,4,0.25,0.25,4,,,0,0.0,0.0,4,,,0,,,0,0.75,0.75,4,0.75,0.75,4,0.75,0.75,4,0.75,0.75,4,0.0,0.0,4
15,L16,W2_GROUP_CONSTRAINED,FIXED_ROUTER,native,positive,1,1,1.0,1.0,1,1.0,1.0,1,0.0,0.0,1,,,0,0.0,0.0,1,,,0,,,0,1.0,1.0,1,1.0,1.0,1,1.0,1.0,1,1.0,1.0,1,0.0,0.0,1
15,L16,W2_GROUP_CONSTRAINED,FORCED_ON,calibration,H,16,4,0.25,0.25,16,0.0,0.0,16,0.0,0.0,16,0.18899432849138975,0.18899432849138975,16,0.125,0.125,16,1.0,1.0,2,0.0,0.0,2,0.25,0.14285714285714285,14,1.0,1.0,14,0.5,0.5,16,0.0,0.0,16,0.0,0.0,16
15,L16,W2_GROUP_CONSTRAINED,FORCED_ON,calibration,U,16,16,0.375,0.375,16,0.0,0.0,16,0.4375,0.4375,16,0.004704393810243346,0.004704393810243346,16,0.375,0.375,16,1.0,1.0,6,0.0,0.0,6,0.0,0.0,10,0.5,0.5,10,0.1875,0.1875,16,0.0,0.0,16,0.0,0.0,16
15,L16,W2_GROUP_CONSTRAINED,FORCED_ON,calibration,positive,4,1,1.0,1.0,4,1.0,1.0,4,0.0,0.0,4,,,0,0.0,0.0,4,,,0,,,0,1.0,1.0,4,1.0,1.0,4,1.0,1.0,4,1.0,1.0,4,0.0,0.0,4
15,L16,W2_GROUP_CONSTRAINED,FORCED_ON,evaluation,H,20,5,0.0,0.0,20,0.0,0.0,20,0.0,0.0,20,0.17297688573598863,0.17297688573598863,20,0.0,0.0,20,,,0,,,0,0.0,0.0,20,1.0,1.0,20,0.55,0.55,20,0.05,0.05,20,0.0,0.0,20
15,L16,W2_GROUP_CONSTRAINED,FORCED_ON,evaluation,U,15,15,0.3333333333333333,0.3333333333333333,15,0.0,0.0,15,0.2,0.2,15,0.006729278985100488,0.006729278985100488,15,0.4,0.4,15,0.6666666666666666,0.6666666666666666,6,0.3333333333333333,0.3333333333333333,6,0.1111111111111111,0.1111111111111111,9,0.7777777777777778,0.7777777777777778,9,0.2,0.2,15,0.0,0.0,15,0.0,0.0,15
15,L16,W2_GROUP_CONSTRAINED,FORCED_ON,evaluation,positive,4,1,1.0,1.0,4,1.0,1.0,4,0.0,0.0,4,,,0,0.0,0.0,4,,,0,,,0,1.0,1.0,4,1.0,1.0,4,1.0,1.0,4,1.0,1.0,4,0.0,0.0,4
15,L16,W2_GROUP_CONSTRAINED,FORCED_ON,fit,H,20,4,0.05,0.05,20,0.0,0.0,20,0.2,0.2,20,0.09964261604472995,0.09964261604472995,20,0.05,0.05,20,1.0,1.0,1,0.0,0.0,1,0.0,0.0,19,0.8375,0.8421052631578947,19,0.65,0.65,20,0.0,0.0,20,0.0,0.0,20
15,L16,W2_GROUP_CONSTRAINED,FORCED_ON,fit,U,16,16,0.1875,0.1875,16,0.0,0.0,16,0.4375,0.4375,16,0.005096101414892473,0.005096101414892473,16,0.1875,0.1875,16,1.0,1.0,3,0.0,0.0,3,0.0,0.0,13,0.5384615384615384,0.5384615384615384,13,0.0,0.0,16,0.0,0.0,16,0.0,0.0,16
15,L16,W2_GROUP_CONSTRAINED,FORCED_ON,fit,positive,5,1,1.0,1.0,5,1.0,1.0,5,0.0,0.0,5,,,0,0.0,0.0,5,,,0,,,0,1.0,1.0,5,1.0,1.0,5,1.0,1.0,5,1.0,1.0,5,0.0,0.0,5
15,L16,W2_GROUP_CONSTRAINED,FORCED_ON,formal_development,T1G,2,2,1.0,1.0,2,1.0,1.0,2,0.0,0.0,2,,,0,0.0,0.0,2,,,0,,,0,1.0,1.0,2,1.0,1.0,2,1.0,1.0,2,0.0,0.0,2,0.0,0.0,2
15,L16,W2_GROUP_CONSTRAINED,FORCED_ON,formal_development,T1L,5,5,0.4,0.4,5,0.4,0.4,5,0.0,0.0,5,,,0,0.6,0.6,5,0.0,0.0,3,1.0,1.0,3,1.0,1.0,2,1.0,1.0,2,1.0,1.0,5,0.0,0.0,5,0.0,0.0,5
15,L16,W2_GROUP_CONSTRAINED,FORCED_ON,formal_development,T2G,4,1,0.75,0.75,4,0.75,0.75,4,0.0,0.0,4,,,0,0.0,0.0,4,,,0,,,0,0.75,0.75,4,1.0,1.0,4,0.75,0.75,4,0.75,0.75,4,0.0,0.0,4
15,L16,W2_GROUP_CONSTRAINED,FORCED_ON,native,positive,1,1,1.0,1.0,1,1.0,1.0,1,0.0,0.0,1,,,0,0.0,0.0,1,,,0,,,0,1.0,1.0,1,1.0,1.0,1,1.0,1.0,1,1.0,1.0,1,0.0,0.0,1
15,P4,W0_TASK_ONLY,DISABLED,calibration,H,16,4,0.125,0.125,16,0.0,0.0,16,1.0,1.0,16,0.0,0.0,16,0.125,0.125,16,1.0,1.0,2,0.0,0.0,2,0.0,0.0,14,0.0,0.0,14,0.0,0.0,16,0.0,0.0,16,0.0,0.0,16
15,P4,W0_TASK_ONLY,DISABLED,calibration,U,16,16,0.375,0.375,16,0.0,0.0,16,1.0,1.0,16,0.0,0.0,16,0.375,0.375,16,1.0,1.0,6,0.0,0.0,6,0.0,0.0,10,0.0,0.0,10,0.1875,0.1875,16,0.0,0.0,16,0.0,0.0,16
15,P4,W0_TASK_ONLY,DISABLED,calibration,positive,4,1,0.0,0.0,4,0.0,0.0,4,1.0,1.0,4,,,0,0.0,0.0,4,,,0,,,0,0.0,0.0,4,0.0,0.0,4,0.0,0.0,4,1.0,1.0,4,0.0,0.0,4
15,P4,W0_TASK_ONLY,DISABLED,evaluation,H,20,5,0.0,0.0,20,0.0,0.0,20,1.0,1.0,20,0.0,0.0,20,0.0,0.0,20,,,0,,,0,0.0,0.0,20,0.0,0.0,20,0.05,0.05,20,0.05,0.05,20,0.0,0.0,20
15,P4,W0_TASK_ONLY,DISABLED,evaluation,U,15,15,0.4,0.4,15,0.0,0.0,15,1.0,1.0,15,0.0,0.0,15,0.4,0.4,15,1.0,1.0,6,0.0,0.0,6,0.0,0.0,9,0.0,0.0,9,0.26666666666666666,0.26666666666666666,15,0.0,0.0,15,0.0,0.0,15
15,P4,W0_TASK_ONLY,DISABLED,evaluation,positive,4,1,0.0,0.0,4,0.0,0.0,4,1.0,1.0,4,,,0,0.0,0.0,4,,,0,,,0,0.0,0.0,4,0.0,0.0,4,0.0,0.0,4,1.0,1.0,4,0.0,0.0,4
15,P4,W0_TASK_ONLY,DISABLED,fit,H,20,4,0.05,0.05,20,0.0,0.0,20,1.0,1.0,20,0.0,0.0,20,0.05,0.05,20,1.0,1.0,1,0.0,0.0,1,0.0,0.0,19,0.0,0.0,19,0.05,0.05,20,0.0,0.0,20,0.0,0.0,20
15,P4,W0_TASK_ONLY,DISABLED,fit,U,16,16,0.1875,0.1875,16,0.0,0.0,16,1.0,1.0,16,0.0,0.0,16,0.1875,0.1875,16,1.0,1.0,3,0.0,0.0,3,0.0,0.0,13,0.0,0.0,13,0.0625,0.0625,16,0.0,0.0,16,0.0,0.0,16
15,P4,W0_TASK_ONLY,DISABLED,fit,positive,5,1,0.0,0.0,5,0.0,0.0,5,1.0,1.0,5,,,0,0.0,0.0,5,,,0,,,0,0.0,0.0,5,0.0,0.0,5,0.0,0.0,5,1.0,1.0,5,0.0,0.0,5
15,P4,W0_TASK_ONLY,DISABLED,formal_development,T1G,2,2,0.0,0.0,2,0.0,0.0,2,1.0,1.0,2,,,0,0.0,0.0,2,,,0,,,0,0.0,0.0,2,0.0,0.0,2,0.0,0.0,2,0.0,0.0,2,0.0,0.0,2
15,P4,W0_TASK_ONLY,DISABLED,formal_development,T1L,5,5,0.6,0.6,5,0.0,0.0,5,1.0,1.0,5,,,0,0.6,0.6,5,1.0,1.0,3,0.0,0.0,3,0.0,0.0,2,0.0,0.0,2,0.0,0.0,5,0.0,0.0,5,0.0,0.0,5
15,P4,W0_TASK_ONLY,DISABLED,formal_development,T2G,4,1,0.0,0.0,4,0.0,0.0,4,1.0,1.0,4,,,0,0.0,0.0,4,,,0,,,0,0.0,0.0,4,0.0,0.0,4,0.0,0.0,4,0.75,0.75,4,0.0,0.0,4
15,P4,W0_TASK_ONLY,DISABLED,native,positive,1,1,0.0,0.0,1,0.0,0.0,1,1.0,1.0,1,,,0,0.0,0.0,1,,,0,,,0,0.0,0.0,1,0.0,0.0,1,0.0,0.0,1,1.0,1.0,1,0.0,0.0,1
15,P4,W0_TASK_ONLY,FIXED_ROUTER,calibration,H,16,4,0.125,0.125,16,0.0,0.0,16,1.0,1.0,16,0.0,0.0,16,0.125,0.125,16,1.0,1.0,2,0.0,0.0,2,0.0,0.0,14,0.0,0.0,14,0.0,0.0,16,0.0,0.0,16,0.0,0.0,16
15,P4,W0_TASK_ONLY,FIXED_ROUTER,calibration,U,16,16,0.375,0.375,16,0.0,0.0,16,1.0,1.0,16,0.0,0.0,16,0.375,0.375,16,1.0,1.0,6,0.0,0.0,6,0.0,0.0,10,0.0,0.0,10,0.1875,0.1875,16,0.0,0.0,16,0.0,0.0,16
15,P4,W0_TASK_ONLY,FIXED_ROUTER,calibration,positive,4,1,1.0,1.0,4,1.0,1.0,4,0.0,0.0,4,,,0,0.0,0.0,4,,,0,,,0,1.0,1.0,4,1.0,1.0,4,1.0,1.0,4,1.0,1.0,4,0.0,0.0,4
15,P4,W0_TASK_ONLY,FIXED_ROUTER,evaluation,H,20,5,0.0,0.0,20,0.0,0.0,20,0.95,0.95,20,0.03107031583786011,0.03107031583786011,20,0.0,0.0,20,,,0,,,0,0.0,0.0,20,0.05,0.05,20,0.1,0.1,20,0.05,0.05,20,0.0,0.0,20
15,P4,W0_TASK_ONLY,FIXED_ROUTER,evaluation,U,15,15,0.4,0.4,15,0.0,0.0,15,1.0,1.0,15,0.0,0.0,15,0.4,0.4,15,1.0,1.0,6,0.0,0.0,6,0.0,0.0,9,0.0,0.0,9,0.26666666666666666,0.26666666666666666,15,0.0,0.0,15,0.0,0.0,15
15,P4,W0_TASK_ONLY,FIXED_ROUTER,evaluation,positive,4,1,1.0,1.0,4,1.0,1.0,4,0.0,0.0,4,,,0,0.0,0.0,4,,,0,,,0,1.0,1.0,4,1.0,1.0,4,1.0,1.0,4,1.0,1.0,4,0.0,0.0,4
15,P4,W0_TASK_ONLY,FIXED_ROUTER,fit,H,20,4,0.05,0.05,20,0.0,0.0,20,1.0,1.0,20,0.0,0.0,20,0.05,0.05,20,1.0,1.0,1,0.0,0.0,1,0.0,0.0,19,0.0,0.0,19,0.05,0.05,20,0.0,0.0,20,0.0,0.0,20
15,P4,W0_TASK_ONLY,FIXED_ROUTER,fit,U,16,16,0.1875,0.1875,16,0.0,0.0,16,1.0,1.0,16,0.0,0.0,16,0.1875,0.1875,16,1.0,1.0,3,0.0,0.0,3,0.0,0.0,13,0.0,0.0,13,0.0625,0.0625,16,0.0,0.0,16,0.0,0.0,16
15,P4,W0_TASK_ONLY,FIXED_ROUTER,fit,positive,5,1,1.0,1.0,5,1.0,1.0,5,0.0,0.0,5,,,0,0.0,0.0,5,,,0,,,0,1.0,1.0,5,1.0,1.0,5,1.0,1.0,5,1.0,1.0,5,0.0,0.0,5
15,P4,W0_TASK_ONLY,FIXED_ROUTER,formal_development,T1G,2,2,0.0,0.0,2,0.0,0.0,2,1.0,1.0,2,,,0,0.0,0.0,2,,,0,,,0,0.0,0.0,2,0.0,0.0,2,0.0,0.0,2,0.0,0.0,2,0.0,0.0,2
15,P4,W0_TASK_ONLY,FIXED_ROUTER,formal_development,T1L,5,5,0.6,0.6,5,0.0,0.0,5,1.0,1.0,5,,,0,0.6,0.6,5,1.0,1.0,3,0.0,0.0,3,0.0,0.0,2,0.0,0.0,2,0.0,0.0,5,0.0,0.0,5,0.0,0.0,5
15,P4,W0_TASK_ONLY,FIXED_ROUTER,formal_development,T2G,4,1,0.75,0.75,4,0.75,0.75,4,0.25,0.25,4,,,0,0.0,0.0,4,,,0,,,0,0.75,0.75,4,0.75,0.75,4,0.75,0.75,4,0.75,0.75,4,0.0,0.0,4
15,P4,W0_TASK_ONLY,FIXED_ROUTER,native,positive,1,1,1.0,1.0,1,1.0,1.0,1,0.0,0.0,1,,,0,0.0,0.0,1,,,0,,,0,1.0,1.0,1,1.0,1.0,1,1.0,1.0,1,1.0,1.0,1,0.0,0.0,1
15,P4,W0_TASK_ONLY,FORCED_ON,calibration,H,16,4,0.25,0.25,16,0.0,0.0,16,0.0,0.0,16,0.550835445523262,0.550835445523262,16,0.125,0.125,16,1.0,1.0,2,0.0,0.0,2,0.25,0.14285714285714285,14,1.0,1.0,14,0.5,0.5,16,0.0,0.0,16,0.0,0.0,16
15,P4,W0_TASK_ONLY,FORCED_ON,calibration,U,16,16,0.1875,0.1875,16,0.0,0.0,16,0.1875,0.1875,16,0.020863903569988906,0.020863903569988906,16,0.375,0.375,16,0.5,0.5,6,0.5,0.5,6,0.0,0.0,10,0.8,0.8,10,0.0,0.0,16,0.0,0.0,16,0.0,0.0,16
15,P4,W0_TASK_ONLY,FORCED_ON,calibration,positive,4,1,1.0,1.0,4,1.0,1.0,4,0.0,0.0,4,,,0,0.0,0.0,4,,,0,,,0,1.0,1.0,4,1.0,1.0,4,1.0,1.0,4,1.0,1.0,4,0.0,0.0,4
15,P4,W0_TASK_ONLY,FORCED_ON,evaluation,H,20,5,0.0,0.0,20,0.0,0.0,20,0.0,0.0,20,0.5810606688261032,0.5810606688261032,20,0.0,0.0,20,,,0,,,0,0.0,0.0,20,1.0,1.0,20,0.6,0.6,20,0.05,0.05,20,0.0,0.0,20
15,P4,W0_TASK_ONLY,FORCED_ON,evaluation,U,15,15,0.13333333333333333,0.13333333333333333,15,0.0,0.0,15,0.0,0.0,15,0.031442409629623094,0.031442409629623094,15,0.4,0.4,15,0.16666666666666666,0.16666666666666666,6,0.8333333333333334,0.8333333333333334,6,0.1111111111111111,0.1111111111111111,9,1.0,1.0,9,0.13333333333333333,0.13333333333333333,15,0.0,0.0,15,0.0,0.0,15
15,P4,W0_TASK_ONLY,FORCED_ON,evaluation,positive,4,1,1.0,1.0,4,1.0,1.0,4,0.0,0.0,4,,,0,0.0,0.0,4,,,0,,,0,1.0,1.0,4,1.0,1.0,4,1.0,1.0,4,1.0,1.0,4,0.0,0.0,4
15,P4,W0_TASK_ONLY,FORCED_ON,fit,H,20,4,0.0,0.0,20,0.0,0.0,20,0.0,0.0,20,0.5910174876451493,0.5910174876451493,20,0.05,0.05,20,0.0,0.0,1,1.0,1.0,1,0.0,0.0,19,1.0,1.0,19,0.8,0.8,20,0.0,0.0,20,0.0,0.0,20
15,P4,W0_TASK_ONLY,FORCED_ON,fit,U,16,16,0.125,0.125,16,0.0,0.0,16,0.0,0.0,16,0.024425992072792724,0.024425992072792724,16,0.1875,0.1875,16,0.6666666666666666,0.6666666666666666,3,0.3333333333333333,0.3333333333333333,3,0.0,0.0,13,1.0,1.0,13,0.25,0.25,16,0.0,0.0,16,0.0,0.0,16
15,P4,W0_TASK_ONLY,FORCED_ON,fit,positive,5,1,1.0,1.0,5,1.0,1.0,5,0.0,0.0,5,,,0,0.0,0.0,5,,,0,,,0,1.0,1.0,5,1.0,1.0,5,1.0,1.0,5,1.0,1.0,5,0.0,0.0,5
15,P4,W0_TASK_ONLY,FORCED_ON,formal_development,T1G,2,2,1.0,1.0,2,1.0,1.0,2,0.0,0.0,2,,,0,0.0,0.0,2,,,0,,,0,1.0,1.0,2,1.0,1.0,2,1.0,1.0,2,0.0,0.0,2,0.0,0.0,2
15,P4,W0_TASK_ONLY,FORCED_ON,formal_development,T1L,5,5,0.4,0.4,5,0.4,0.4,5,0.0,0.0,5,,,0,0.6,0.6,5,0.0,0.0,3,1.0,1.0,3,1.0,1.0,2,1.0,1.0,2,1.0,1.0,5,0.0,0.0,5,0.0,0.0,5
15,P4,W0_TASK_ONLY,FORCED_ON,formal_development,T2G,4,1,1.0,1.0,4,0.75,0.75,4,0.0,0.0,4,,,0,0.0,0.0,4,,,0,,,0,1.0,1.0,4,1.0,1.0,4,1.0,1.0,4,0.75,0.75,4,0.0,0.0,4
15,P4,W0_TASK_ONLY,FORCED_ON,native,positive,1,1,1.0,1.0,1,1.0,1.0,1,0.0,0.0,1,,,0,0.0,0.0,1,,,0,,,0,1.0,1.0,1,1.0,1.0,1,1.0,1.0,1,1.0,1.0,1,0.0,0.0,1
15,P4,W1_KL_0.1,DISABLED,calibration,H,16,4,0.125,0.125,16,0.0,0.0,16,1.0,1.0,16,0.0,0.0,16,0.125,0.125,16,1.0,1.0,2,0.0,0.0,2,0.0,0.0,14,0.0,0.0,14,0.0,0.0,16,0.0,0.0,16,0.0,0.0,16
15,P4,W1_KL_0.1,DISABLED,calibration,U,16,16,0.375,0.375,16,0.0,0.0,16,1.0,1.0,16,0.0,0.0,16,0.375,0.375,16,1.0,1.0,6,0.0,0.0,6,0.0,0.0,10,0.0,0.0,10,0.1875,0.1875,16,0.0,0.0,16,0.0,0.0,16
15,P4,W1_KL_0.1,DISABLED,calibration,positive,4,1,0.0,0.0,4,0.0,0.0,4,1.0,1.0,4,,,0,0.0,0.0,4,,,0,,,0,0.0,0.0,4,0.0,0.0,4,0.0,0.0,4,1.0,1.0,4,0.0,0.0,4
15,P4,W1_KL_0.1,DISABLED,evaluation,H,20,5,0.0,0.0,20,0.0,0.0,20,1.0,1.0,20,0.0,0.0,20,0.0,0.0,20,,,0,,,0,0.0,0.0,20,0.0,0.0,20,0.05,0.05,20,0.05,0.05,20,0.0,0.0,20
15,P4,W1_KL_0.1,DISABLED,evaluation,U,15,15,0.4,0.4,15,0.0,0.0,15,1.0,1.0,15,0.0,0.0,15,0.4,0.4,15,1.0,1.0,6,0.0,0.0,6,0.0,0.0,9,0.0,0.0,9,0.26666666666666666,0.26666666666666666,15,0.0,0.0,15,0.0,0.0,15
15,P4,W1_KL_0.1,DISABLED,evaluation,positive,4,1,0.0,0.0,4,0.0,0.0,4,1.0,1.0,4,,,0,0.0,0.0,4,,,0,,,0,0.0,0.0,4,0.0,0.0,4,0.0,0.0,4,1.0,1.0,4,0.0,0.0,4
15,P4,W1_KL_0.1,DISABLED,fit,H,20,4,0.05,0.05,20,0.0,0.0,20,1.0,1.0,20,0.0,0.0,20,0.05,0.05,20,1.0,1.0,1,0.0,0.0,1,0.0,0.0,19,0.0,0.0,19,0.05,0.05,20,0.0,0.0,20,0.0,0.0,20
15,P4,W1_KL_0.1,DISABLED,fit,U,16,16,0.1875,0.1875,16,0.0,0.0,16,1.0,1.0,16,0.0,0.0,16,0.1875,0.1875,16,1.0,1.0,3,0.0,0.0,3,0.0,0.0,13,0.0,0.0,13,0.0625,0.0625,16,0.0,0.0,16,0.0,0.0,16
15,P4,W1_KL_0.1,DISABLED,fit,positive,5,1,0.0,0.0,5,0.0,0.0,5,1.0,1.0,5,,,0,0.0,0.0,5,,,0,,,0,0.0,0.0,5,0.0,0.0,5,0.0,0.0,5,1.0,1.0,5,0.0,0.0,5
15,P4,W1_KL_0.1,DISABLED,formal_development,T1G,2,2,0.0,0.0,2,0.0,0.0,2,1.0,1.0,2,,,0,0.0,0.0,2,,,0,,,0,0.0,0.0,2,0.0,0.0,2,0.0,0.0,2,0.0,0.0,2,0.0,0.0,2
15,P4,W1_KL_0.1,DISABLED,formal_development,T1L,5,5,0.6,0.6,5,0.0,0.0,5,1.0,1.0,5,,,0,0.6,0.6,5,1.0,1.0,3,0.0,0.0,3,0.0,0.0,2,0.0,0.0,2,0.0,0.0,5,0.0,0.0,5,0.0,0.0,5
15,P4,W1_KL_0.1,DISABLED,formal_development,T2G,4,1,0.0,0.0,4,0.0,0.0,4,1.0,1.0,4,,,0,0.0,0.0,4,,,0,,,0,0.0,0.0,4,0.0,0.0,4,0.0,0.0,4,0.75,0.75,4,0.0,0.0,4
15,P4,W1_KL_0.1,DISABLED,native,positive,1,1,0.0,0.0,1,0.0,0.0,1,1.0,1.0,1,,,0,0.0,0.0,1,,,0,,,0,0.0,0.0,1,0.0,0.0,1,0.0,0.0,1,1.0,1.0,1,0.0,0.0,1
15,P4,W1_KL_0.1,FIXED_ROUTER,calibration,H,16,4,0.125,0.125,16,0.0,0.0,16,1.0,1.0,16,0.0,0.0,16,0.125,0.125,16,1.0,1.0,2,0.0,0.0,2,0.0,0.0,14,0.0,0.0,14,0.0,0.0,16,0.0,0.0,16,0.0,0.0,16
15,P4,W1_KL_0.1,FIXED_ROUTER,calibration,U,16,16,0.375,0.375,16,0.0,0.0,16,1.0,1.0,16,0.0,0.0,16,0.375,0.375,16,1.0,1.0,6,0.0,0.0,6,0.0,0.0,10,0.0,0.0,10,0.1875,0.1875,16,0.0,0.0,16,0.0,0.0,16
15,P4,W1_KL_0.1,FIXED_ROUTER,calibration,positive,4,1,1.0,1.0,4,1.0,1.0,4,0.0,0.0,4,,,0,0.0,0.0,4,,,0,,,0,1.0,1.0,4,1.0,1.0,4,1.0,1.0,4,1.0,1.0,4,0.0,0.0,4
15,P4,W1_KL_0.1,FIXED_ROUTER,evaluation,H,20,5,0.0,0.0,20,0.0,0.0,20,0.95,0.95,20,0.009133726358413696,0.009133726358413696,20,0.0,0.0,20,,,0,,,0,0.0,0.0,20,0.05,0.05,20,0.1,0.1,20,0.05,0.05,20,0.0,0.0,20
15,P4,W1_KL_0.1,FIXED_ROUTER,evaluation,U,15,15,0.4,0.4,15,0.0,0.0,15,1.0,1.0,15,0.0,0.0,15,0.4,0.4,15,1.0,1.0,6,0.0,0.0,6,0.0,0.0,9,0.0,0.0,9,0.26666666666666666,0.26666666666666666,15,0.0,0.0,15,0.0,0.0,15
15,P4,W1_KL_0.1,FIXED_ROUTER,evaluation,positive,4,1,1.0,1.0,4,1.0,1.0,4,0.0,0.0,4,,,0,0.0,0.0,4,,,0,,,0,1.0,1.0,4,1.0,1.0,4,1.0,1.0,4,1.0,1.0,4,0.0,0.0,4
15,P4,W1_KL_0.1,FIXED_ROUTER,fit,H,20,4,0.05,0.05,20,0.0,0.0,20,1.0,1.0,20,0.0,0.0,20,0.05,0.05,20,1.0,1.0,1,0.0,0.0,1,0.0,0.0,19,0.0,0.0,19,0.05,0.05,20,0.0,0.0,20,0.0,0.0,20
15,P4,W1_KL_0.1,FIXED_ROUTER,fit,U,16,16,0.1875,0.1875,16,0.0,0.0,16,1.0,1.0,16,0.0,0.0,16,0.1875,0.1875,16,1.0,1.0,3,0.0,0.0,3,0.0,0.0,13,0.0,0.0,13,0.0625,0.0625,16,0.0,0.0,16,0.0,0.0,16
15,P4,W1_KL_0.1,FIXED_ROUTER,fit,positive,5,1,1.0,1.0,5,1.0,1.0,5,0.0,0.0,5,,,0,0.0,0.0,5,,,0,,,0,1.0,1.0,5,1.0,1.0,5,1.0,1.0,5,1.0,1.0,5,0.0,0.0,5
15,P4,W1_KL_0.1,FIXED_ROUTER,formal_development,T1G,2,2,0.0,0.0,2,0.0,0.0,2,1.0,1.0,2,,,0,0.0,0.0,2,,,0,,,0,0.0,0.0,2,0.0,0.0,2,0.0,0.0,2,0.0,0.0,2,0.0,0.0,2
15,P4,W1_KL_0.1,FIXED_ROUTER,formal_development,T1L,5,5,0.6,0.6,5,0.0,0.0,5,1.0,1.0,5,,,0,0.6,0.6,5,1.0,1.0,3,0.0,0.0,3,0.0,0.0,2,0.0,0.0,2,0.0,0.0,5,0.0,0.0,5,0.0,0.0,5
15,P4,W1_KL_0.1,FIXED_ROUTER,formal_development,T2G,4,1,0.5,0.5,4,0.5,0.5,4,0.25,0.25,4,,,0,0.0,0.0,4,,,0,,,0,0.5,0.5,4,0.75,0.75,4,0.5,0.5,4,0.75,0.75,4,0.0,0.0,4
15,P4,W1_KL_0.1,FIXED_ROUTER,native,positive,1,1,1.0,1.0,1,1.0,1.0,1,0.0,0.0,1,,,0,0.0,0.0,1,,,0,,,0,1.0,1.0,1,1.0,1.0,1,1.0,1.0,1,1.0,1.0,1,0.0,0.0,1
15,P4,W1_KL_0.1,FORCED_ON,calibration,H,16,4,0.25,0.25,16,0.0,0.0,16,0.0,0.0,16,0.11850227927789092,0.11850227927789092,16,0.125,0.125,16,1.0,1.0,2,0.0,0.0,2,0.25,0.14285714285714285,14,1.0,1.0,14,0.5,0.5,16,0.0,0.0,16,0.0,0.0,16
15,P4,W1_KL_0.1,FORCED_ON,calibration,U,16,16,0.375,0.375,16,0.0,0.0,16,0.75,0.75,16,0.0035215507523389533,0.0035215507523389533,16,0.375,0.375,16,1.0,1.0,6,0.0,0.0,6,0.0,0.0,10,0.4,0.4,10,0.1875,0.1875,16,0.0,0.0,16,0.0,0.0,16
15,P4,W1_KL_0.1,FORCED_ON,calibration,positive,4,1,1.0,1.0,4,1.0,1.0,4,0.0,0.0,4,,,0,0.0,0.0,4,,,0,,,0,1.0,1.0,4,1.0,1.0,4,1.0,1.0,4,1.0,1.0,4,0.0,0.0,4
15,P4,W1_KL_0.1,FORCED_ON,evaluation,H,20,5,0.0,0.0,20,0.0,0.0,20,0.0,0.0,20,0.11826350390911103,0.11826350390911103,20,0.0,0.0,20,,,0,,,0,0.0,0.0,20,1.0,1.0,20,0.6,0.6,20,0.05,0.05,20,0.0,0.0,20
15,P4,W1_KL_0.1,FORCED_ON,evaluation,U,15,15,0.26666666666666666,0.26666666666666666,15,0.0,0.0,15,0.4,0.4,15,0.004769379436038434,0.004769379436038434,15,0.4,0.4,15,0.6666666666666666,0.6666666666666666,6,0.3333333333333333,0.3333333333333333,6,0.0,0.0,9,0.6666666666666666,0.6666666666666666,9,0.2,0.2,15,0.0,0.0,15,0.0,0.0,15
15,P4,W1_KL_0.1,FORCED_ON,evaluation,positive,4,1,1.0,1.0,4,1.0,1.0,4,0.0,0.0,4,,,0,0.0,0.0,4,,,0,,,0,1.0,1.0,4,1.0,1.0,4,1.0,1.0,4,1.0,1.0,4,0.0,0.0,4
15,P4,W1_KL_0.1,FORCED_ON,fit,H,20,4,0.05,0.05,20,0.0,0.0,20,0.1,0.1,20,0.1018911387771368,0.1018911387771368,20,0.05,0.05,20,1.0,1.0,1,0.0,0.0,1,0.0,0.0,19,0.9375,0.9473684210526315,19,0.75,0.75,20,0.0,0.0,20,0.0,0.0,20
15,P4,W1_KL_0.1,FORCED_ON,fit,U,16,16,0.1875,0.1875,16,0.0,0.0,16,0.375,0.375,16,0.0026625519967637956,0.0026625519967637956,16,0.1875,0.1875,16,1.0,1.0,3,0.0,0.0,3,0.0,0.0,13,0.6153846153846154,0.6153846153846154,13,0.0625,0.0625,16,0.0,0.0,16,0.0,0.0,16
15,P4,W1_KL_0.1,FORCED_ON,fit,positive,5,1,1.0,1.0,5,1.0,1.0,5,0.0,0.0,5,,,0,0.0,0.0,5,,,0,,,0,1.0,1.0,5,1.0,1.0,5,1.0,1.0,5,1.0,1.0,5,0.0,0.0,5
15,P4,W1_KL_0.1,FORCED_ON,formal_development,T1G,2,2,1.0,1.0,2,1.0,1.0,2,0.0,0.0,2,,,0,0.0,0.0,2,,,0,,,0,1.0,1.0,2,1.0,1.0,2,1.0,1.0,2,0.0,0.0,2,0.0,0.0,2
15,P4,W1_KL_0.1,FORCED_ON,formal_development,T1L,5,5,0.4,0.4,5,0.4,0.4,5,0.0,0.0,5,,,0,0.6,0.6,5,0.0,0.0,3,1.0,1.0,3,1.0,1.0,2,1.0,1.0,2,1.0,1.0,5,0.0,0.0,5,0.0,0.0,5
15,P4,W1_KL_0.1,FORCED_ON,formal_development,T2G,4,1,0.5,0.5,4,0.5,0.5,4,0.0,0.0,4,,,0,0.0,0.0,4,,,0,,,0,0.5,0.5,4,1.0,1.0,4,0.5,0.5,4,0.75,0.75,4,0.0,0.0,4
15,P4,W1_KL_0.1,FORCED_ON,native,positive,1,1,1.0,1.0,1,1.0,1.0,1,0.0,0.0,1,,,0,0.0,0.0,1,,,0,,,0,1.0,1.0,1,1.0,1.0,1,1.0,1.0,1,1.0,1.0,1,0.0,0.0,1
15,P4,W1_KL_1,DISABLED,calibration,H,16,4,0.125,0.125,16,0.0,0.0,16,1.0,1.0,16,0.0,0.0,16,0.125,0.125,16,1.0,1.0,2,0.0,0.0,2,0.0,0.0,14,0.0,0.0,14,0.0,0.0,16,0.0,0.0,16,0.0,0.0,16
15,P4,W1_KL_1,DISABLED,calibration,U,16,16,0.375,0.375,16,0.0,0.0,16,1.0,1.0,16,0.0,0.0,16,0.375,0.375,16,1.0,1.0,6,0.0,0.0,6,0.0,0.0,10,0.0,0.0,10,0.1875,0.1875,16,0.0,0.0,16,0.0,0.0,16
15,P4,W1_KL_1,DISABLED,calibration,positive,4,1,0.0,0.0,4,0.0,0.0,4,1.0,1.0,4,,,0,0.0,0.0,4,,,0,,,0,0.0,0.0,4,0.0,0.0,4,0.0,0.0,4,1.0,1.0,4,0.0,0.0,4
15,P4,W1_KL_1,DISABLED,evaluation,H,20,5,0.0,0.0,20,0.0,0.0,20,1.0,1.0,20,0.0,0.0,20,0.0,0.0,20,,,0,,,0,0.0,0.0,20,0.0,0.0,20,0.05,0.05,20,0.05,0.05,20,0.0,0.0,20
15,P4,W1_KL_1,DISABLED,evaluation,U,15,15,0.4,0.4,15,0.0,0.0,15,1.0,1.0,15,0.0,0.0,15,0.4,0.4,15,1.0,1.0,6,0.0,0.0,6,0.0,0.0,9,0.0,0.0,9,0.26666666666666666,0.26666666666666666,15,0.0,0.0,15,0.0,0.0,15
15,P4,W1_KL_1,DISABLED,evaluation,positive,4,1,0.0,0.0,4,0.0,0.0,4,1.0,1.0,4,,,0,0.0,0.0,4,,,0,,,0,0.0,0.0,4,0.0,0.0,4,0.0,0.0,4,1.0,1.0,4,0.0,0.0,4
15,P4,W1_KL_1,DISABLED,fit,H,20,4,0.05,0.05,20,0.0,0.0,20,1.0,1.0,20,0.0,0.0,20,0.05,0.05,20,1.0,1.0,1,0.0,0.0,1,0.0,0.0,19,0.0,0.0,19,0.05,0.05,20,0.0,0.0,20,0.0,0.0,20
15,P4,W1_KL_1,DISABLED,fit,U,16,16,0.1875,0.1875,16,0.0,0.0,16,1.0,1.0,16,0.0,0.0,16,0.1875,0.1875,16,1.0,1.0,3,0.0,0.0,3,0.0,0.0,13,0.0,0.0,13,0.0625,0.0625,16,0.0,0.0,16,0.0,0.0,16
15,P4,W1_KL_1,DISABLED,fit,positive,5,1,0.0,0.0,5,0.0,0.0,5,1.0,1.0,5,,,0,0.0,0.0,5,,,0,,,0,0.0,0.0,5,0.0,0.0,5,0.0,0.0,5,1.0,1.0,5,0.0,0.0,5
15,P4,W1_KL_1,DISABLED,formal_development,T1G,2,2,0.0,0.0,2,0.0,0.0,2,1.0,1.0,2,,,0,0.0,0.0,2,,,0,,,0,0.0,0.0,2,0.0,0.0,2,0.0,0.0,2,0.0,0.0,2,0.0,0.0,2
15,P4,W1_KL_1,DISABLED,formal_development,T1L,5,5,0.6,0.6,5,0.0,0.0,5,1.0,1.0,5,,,0,0.6,0.6,5,1.0,1.0,3,0.0,0.0,3,0.0,0.0,2,0.0,0.0,2,0.0,0.0,5,0.0,0.0,5,0.0,0.0,5
15,P4,W1_KL_1,DISABLED,formal_development,T2G,4,1,0.0,0.0,4,0.0,0.0,4,1.0,1.0,4,,,0,0.0,0.0,4,,,0,,,0,0.0,0.0,4,0.0,0.0,4,0.0,0.0,4,0.75,0.75,4,0.0,0.0,4
15,P4,W1_KL_1,DISABLED,native,positive,1,1,0.0,0.0,1,0.0,0.0,1,1.0,1.0,1,,,0,0.0,0.0,1,,,0,,,0,0.0,0.0,1,0.0,0.0,1,0.0,0.0,1,1.0,1.0,1,0.0,0.0,1
15,P4,W1_KL_1,FIXED_ROUTER,calibration,H,16,4,0.125,0.125,16,0.0,0.0,16,1.0,1.0,16,0.0,0.0,16,0.125,0.125,16,1.0,1.0,2,0.0,0.0,2,0.0,0.0,14,0.0,0.0,14,0.0,0.0,16,0.0,0.0,16,0.0,0.0,16
15,P4,W1_KL_1,FIXED_ROUTER,calibration,U,16,16,0.375,0.375,16,0.0,0.0,16,1.0,1.0,16,0.0,0.0,16,0.375,0.375,16,1.0,1.0,6,0.0,0.0,6,0.0,0.0,10,0.0,0.0,10,0.1875,0.1875,16,0.0,0.0,16,0.0,0.0,16
15,P4,W1_KL_1,FIXED_ROUTER,calibration,positive,4,1,1.0,1.0,4,1.0,1.0,4,0.0,0.0,4,,,0,0.0,0.0,4,,,0,,,0,1.0,1.0,4,1.0,1.0,4,1.0,1.0,4,1.0,1.0,4,0.0,0.0,4
15,P4,W1_KL_1,FIXED_ROUTER,evaluation,H,20,5,0.0,0.0,20,0.0,0.0,20,0.95,0.95,20,0.00454285629093647,0.00454285629093647,20,0.0,0.0,20,,,0,,,0,0.0,0.0,20,0.05,0.05,20,0.1,0.1,20,0.05,0.05,20,0.0,0.0,20
15,P4,W1_KL_1,FIXED_ROUTER,evaluation,U,15,15,0.4,0.4,15,0.0,0.0,15,1.0,1.0,15,0.0,0.0,15,0.4,0.4,15,1.0,1.0,6,0.0,0.0,6,0.0,0.0,9,0.0,0.0,9,0.26666666666666666,0.26666666666666666,15,0.0,0.0,15,0.0,0.0,15
15,P4,W1_KL_1,FIXED_ROUTER,evaluation,positive,4,1,1.0,1.0,4,1.0,1.0,4,0.0,0.0,4,,,0,0.0,0.0,4,,,0,,,0,1.0,1.0,4,1.0,1.0,4,1.0,1.0,4,1.0,1.0,4,0.0,0.0,4
15,P4,W1_KL_1,FIXED_ROUTER,fit,H,20,4,0.05,0.05,20,0.0,0.0,20,1.0,1.0,20,0.0,0.0,20,0.05,0.05,20,1.0,1.0,1,0.0,0.0,1,0.0,0.0,19,0.0,0.0,19,0.05,0.05,20,0.0,0.0,20,0.0,0.0,20
15,P4,W1_KL_1,FIXED_ROUTER,fit,U,16,16,0.1875,0.1875,16,0.0,0.0,16,1.0,1.0,16,0.0,0.0,16,0.1875,0.1875,16,1.0,1.0,3,0.0,0.0,3,0.0,0.0,13,0.0,0.0,13,0.0625,0.0625,16,0.0,0.0,16,0.0,0.0,16
15,P4,W1_KL_1,FIXED_ROUTER,fit,positive,5,1,1.0,1.0,5,1.0,1.0,5,0.0,0.0,5,,,0,0.0,0.0,5,,,0,,,0,1.0,1.0,5,1.0,1.0,5,1.0,1.0,5,1.0,1.0,5,0.0,0.0,5
15,P4,W1_KL_1,FIXED_ROUTER,formal_development,T1G,2,2,0.0,0.0,2,0.0,0.0,2,1.0,1.0,2,,,0,0.0,0.0,2,,,0,,,0,0.0,0.0,2,0.0,0.0,2,0.0,0.0,2,0.0,0.0,2,0.0,0.0,2
15,P4,W1_KL_1,FIXED_ROUTER,formal_development,T1L,5,5,0.6,0.6,5,0.0,0.0,5,1.0,1.0,5,,,0,0.6,0.6,5,1.0,1.0,3,0.0,0.0,3,0.0,0.0,2,0.0,0.0,2,0.0,0.0,5,0.0,0.0,5,0.0,0.0,5
15,P4,W1_KL_1,FIXED_ROUTER,formal_development,T2G,4,1,0.0,0.0,4,0.0,0.0,4,0.5,0.5,4,,,0,0.0,0.0,4,,,0,,,0,0.0,0.0,4,0.5,0.5,4,0.0,0.0,4,0.75,0.75,4,0.0,0.0,4
15,P4,W1_KL_1,FIXED_ROUTER,native,positive,1,1,1.0,1.0,1,1.0,1.0,1,0.0,0.0,1,,,0,0.0,0.0,1,,,0,,,0,1.0,1.0,1,1.0,1.0,1,1.0,1.0,1,1.0,1.0,1,0.0,0.0,1
15,P4,W1_KL_1,FORCED_ON,calibration,H,16,4,0.25,0.25,16,0.0,0.0,16,0.125,0.125,16,0.048229210544377565,0.048229210544377565,16,0.125,0.125,16,0.5,0.5,2,0.5,0.5,2,0.1875,0.21428571428571427,14,0.75,0.8571428571428571,14,0.5,0.5,16,0.0,0.0,16,0.0,0.0,16
15,P4,W1_KL_1,FORCED_ON,calibration,U,16,16,0.3125,0.3125,16,0.0,0.0,16,0.6875,0.6875,16,0.0023648704373044893,0.0023648704373044893,16,0.375,0.375,16,0.8333333333333334,0.8333333333333334,6,0.16666666666666666,0.16666666666666666,6,0.0,0.0,10,0.4,0.4,10,0.1875,0.1875,16,0.0,0.0,16,0.0,0.0,16
15,P4,W1_KL_1,FORCED_ON,calibration,positive,4,1,1.0,1.0,4,1.0,1.0,4,0.0,0.0,4,,,0,0.0,0.0,4,,,0,,,0,1.0,1.0,4,1.0,1.0,4,1.0,1.0,4,1.0,1.0,4,0.0,0.0,4
15,P4,W1_KL_1,FORCED_ON,evaluation,H,20,5,0.0,0.0,20,0.0,0.0,20,0.35,0.35,20,0.049482323508709666,0.049482323508709666,20,0.0,0.0,20,,,0,,,0,0.0,0.0,20,0.65,0.65,20,0.5,0.5,20,0.05,0.05,20,0.0,0.0,20
15,P4,W1_KL_1,FORCED_ON,evaluation,U,15,15,0.26666666666666666,0.26666666666666666,15,0.0,0.0,15,0.4666666666666667,0.4666666666666667,15,0.0032009545286806923,0.0032009545286806923,15,0.4,0.4,15,0.6666666666666666,0.6666666666666666,6,0.3333333333333333,0.3333333333333333,6,0.0,0.0,9,0.5555555555555556,0.5555555555555556,9,0.2,0.2,15,0.0,0.0,15,0.0,0.0,15
15,P4,W1_KL_1,FORCED_ON,evaluation,positive,4,1,1.0,1.0,4,1.0,1.0,4,0.0,0.0,4,,,0,0.0,0.0,4,,,0,,,0,1.0,1.0,4,1.0,1.0,4,1.0,1.0,4,1.0,1.0,4,0.0,0.0,4
15,P4,W1_KL_1,FORCED_ON,fit,H,20,4,0.1,0.1,20,0.0,0.0,20,0.45,0.45,20,0.03927840823307634,0.03927840823307634,20,0.05,0.05,20,1.0,1.0,1,0.0,0.0,1,0.05,0.05263157894736842,19,0.55,0.5789473684210527,19,0.35,0.35,20,0.0,0.0,20,0.0,0.0,20
15,P4,W1_KL_1,FORCED_ON,fit,U,16,16,0.1875,0.1875,16,0.0,0.0,16,0.4375,0.4375,16,0.001636806278838776,0.001636806278838776,16,0.1875,0.1875,16,1.0,1.0,3,0.0,0.0,3,0.0,0.0,13,0.5384615384615384,0.5384615384615384,13,0.0625,0.0625,16,0.0,0.0,16,0.0,0.0,16
15,P4,W1_KL_1,FORCED_ON,fit,positive,5,1,1.0,1.0,5,1.0,1.0,5,0.0,0.0,5,,,0,0.0,0.0,5,,,0,,,0,1.0,1.0,5,1.0,1.0,5,1.0,1.0,5,1.0,1.0,5,0.0,0.0,5
15,P4,W1_KL_1,FORCED_ON,formal_development,T1G,2,2,1.0,1.0,2,1.0,1.0,2,0.0,0.0,2,,,0,0.0,0.0,2,,,0,,,0,1.0,1.0,2,1.0,1.0,2,1.0,1.0,2,0.0,0.0,2,0.0,0.0,2
15,P4,W1_KL_1,FORCED_ON,formal_development,T1L,5,5,0.4,0.4,5,0.4,0.4,5,0.0,0.0,5,,,0,0.6,0.6,5,0.0,0.0,3,1.0,1.0,3,1.0,1.0,2,1.0,1.0,2,1.0,1.0,5,0.0,0.0,5,0.0,0.0,5
15,P4,W1_KL_1,FORCED_ON,formal_development,T2G,4,1,0.0,0.0,4,0.0,0.0,4,0.25,0.25,4,,,0,0.0,0.0,4,,,0,,,0,0.0,0.0,4,0.75,0.75,4,0.0,0.0,4,0.75,0.75,4,0.0,0.0,4
15,P4,W1_KL_1,FORCED_ON,native,positive,1,1,1.0,1.0,1,1.0,1.0,1,0.0,0.0,1,,,0,0.0,0.0,1,,,0,,,0,1.0,1.0,1,1.0,1.0,1,1.0,1.0,1,1.0,1.0,1,0.0,0.0,1
15,P4,W1_KL_10,DISABLED,calibration,H,16,4,0.125,0.125,16,0.0,0.0,16,1.0,1.0,16,0.0,0.0,16,0.125,0.125,16,1.0,1.0,2,0.0,0.0,2,0.0,0.0,14,0.0,0.0,14,0.0,0.0,16,0.0,0.0,16,0.0,0.0,16
15,P4,W1_KL_10,DISABLED,calibration,U,16,16,0.375,0.375,16,0.0,0.0,16,1.0,1.0,16,0.0,0.0,16,0.375,0.375,16,1.0,1.0,6,0.0,0.0,6,0.0,0.0,10,0.0,0.0,10,0.1875,0.1875,16,0.0,0.0,16,0.0,0.0,16
15,P4,W1_KL_10,DISABLED,calibration,positive,4,1,0.0,0.0,4,0.0,0.0,4,1.0,1.0,4,,,0,0.0,0.0,4,,,0,,,0,0.0,0.0,4,0.0,0.0,4,0.0,0.0,4,1.0,1.0,4,0.0,0.0,4
15,P4,W1_KL_10,DISABLED,evaluation,H,20,5,0.0,0.0,20,0.0,0.0,20,1.0,1.0,20,0.0,0.0,20,0.0,0.0,20,,,0,,,0,0.0,0.0,20,0.0,0.0,20,0.05,0.05,20,0.05,0.05,20,0.0,0.0,20
15,P4,W1_KL_10,DISABLED,evaluation,U,15,15,0.4,0.4,15,0.0,0.0,15,1.0,1.0,15,0.0,0.0,15,0.4,0.4,15,1.0,1.0,6,0.0,0.0,6,0.0,0.0,9,0.0,0.0,9,0.26666666666666666,0.26666666666666666,15,0.0,0.0,15,0.0,0.0,15
15,P4,W1_KL_10,DISABLED,evaluation,positive,4,1,0.0,0.0,4,0.0,0.0,4,1.0,1.0,4,,,0,0.0,0.0,4,,,0,,,0,0.0,0.0,4,0.0,0.0,4,0.0,0.0,4,1.0,1.0,4,0.0,0.0,4
15,P4,W1_KL_10,DISABLED,fit,H,20,4,0.05,0.05,20,0.0,0.0,20,1.0,1.0,20,0.0,0.0,20,0.05,0.05,20,1.0,1.0,1,0.0,0.0,1,0.0,0.0,19,0.0,0.0,19,0.05,0.05,20,0.0,0.0,20,0.0,0.0,20
15,P4,W1_KL_10,DISABLED,fit,U,16,16,0.1875,0.1875,16,0.0,0.0,16,1.0,1.0,16,0.0,0.0,16,0.1875,0.1875,16,1.0,1.0,3,0.0,0.0,3,0.0,0.0,13,0.0,0.0,13,0.0625,0.0625,16,0.0,0.0,16,0.0,0.0,16
15,P4,W1_KL_10,DISABLED,fit,positive,5,1,0.0,0.0,5,0.0,0.0,5,1.0,1.0,5,,,0,0.0,0.0,5,,,0,,,0,0.0,0.0,5,0.0,0.0,5,0.0,0.0,5,1.0,1.0,5,0.0,0.0,5
15,P4,W1_KL_10,DISABLED,formal_development,T1G,2,2,0.0,0.0,2,0.0,0.0,2,1.0,1.0,2,,,0,0.0,0.0,2,,,0,,,0,0.0,0.0,2,0.0,0.0,2,0.0,0.0,2,0.0,0.0,2,0.0,0.0,2
15,P4,W1_KL_10,DISABLED,formal_development,T1L,5,5,0.6,0.6,5,0.0,0.0,5,1.0,1.0,5,,,0,0.6,0.6,5,1.0,1.0,3,0.0,0.0,3,0.0,0.0,2,0.0,0.0,2,0.0,0.0,5,0.0,0.0,5,0.0,0.0,5
15,P4,W1_KL_10,DISABLED,formal_development,T2G,4,1,0.0,0.0,4,0.0,0.0,4,1.0,1.0,4,,,0,0.0,0.0,4,,,0,,,0,0.0,0.0,4,0.0,0.0,4,0.0,0.0,4,0.75,0.75,4,0.0,0.0,4
15,P4,W1_KL_10,DISABLED,native,positive,1,1,0.0,0.0,1,0.0,0.0,1,1.0,1.0,1,,,0,0.0,0.0,1,,,0,,,0,0.0,0.0,1,0.0,0.0,1,0.0,0.0,1,1.0,1.0,1,0.0,0.0,1
15,P4,W1_KL_10,FIXED_ROUTER,calibration,H,16,4,0.125,0.125,16,0.0,0.0,16,1.0,1.0,16,0.0,0.0,16,0.125,0.125,16,1.0,1.0,2,0.0,0.0,2,0.0,0.0,14,0.0,0.0,14,0.0,0.0,16,0.0,0.0,16,0.0,0.0,16
15,P4,W1_KL_10,FIXED_ROUTER,calibration,U,16,16,0.375,0.375,16,0.0,0.0,16,1.0,1.0,16,0.0,0.0,16,0.375,0.375,16,1.0,1.0,6,0.0,0.0,6,0.0,0.0,10,0.0,0.0,10,0.1875,0.1875,16,0.0,0.0,16,0.0,0.0,16
15,P4,W1_KL_10,FIXED_ROUTER,calibration,positive,4,1,0.75,0.75,4,0.0,0.0,4,0.25,0.25,4,,,0,0.0,0.0,4,,,0,,,0,0.75,0.75,4,0.75,0.75,4,0.75,0.75,4,1.0,1.0,4,0.0,0.0,4
15,P4,W1_KL_10,FIXED_ROUTER,evaluation,H,20,5,0.0,0.0,20,0.0,0.0,20,1.0,1.0,20,0.0010941235348582267,0.0010941235348582267,20,0.0,0.0,20,,,0,,,0,0.0,0.0,20,0.0,0.0,20,0.05,0.05,20,0.05,0.05,20,0.0,0.0,20
15,P4,W1_KL_10,FIXED_ROUTER,evaluation,U,15,15,0.4,0.4,15,0.0,0.0,15,1.0,1.0,15,0.0,0.0,15,0.4,0.4,15,1.0,1.0,6,0.0,0.0,6,0.0,0.0,9,0.0,0.0,9,0.26666666666666666,0.26666666666666666,15,0.0,0.0,15,0.0,0.0,15
15,P4,W1_KL_10,FIXED_ROUTER,evaluation,positive,4,1,1.0,1.0,4,0.0,0.0,4,0.0,0.0,4,,,0,0.0,0.0,4,,,0,,,0,1.0,1.0,4,1.0,1.0,4,1.0,1.0,4,1.0,1.0,4,0.0,0.0,4
15,P4,W1_KL_10,FIXED_ROUTER,fit,H,20,4,0.05,0.05,20,0.0,0.0,20,1.0,1.0,20,0.0,0.0,20,0.05,0.05,20,1.0,1.0,1,0.0,0.0,1,0.0,0.0,19,0.0,0.0,19,0.05,0.05,20,0.0,0.0,20,0.0,0.0,20
15,P4,W1_KL_10,FIXED_ROUTER,fit,U,16,16,0.1875,0.1875,16,0.0,0.0,16,1.0,1.0,16,0.0,0.0,16,0.1875,0.1875,16,1.0,1.0,3,0.0,0.0,3,0.0,0.0,13,0.0,0.0,13,0.0625,0.0625,16,0.0,0.0,16,0.0,0.0,16
15,P4,W1_KL_10,FIXED_ROUTER,fit,positive,5,1,0.0,0.0,5,0.0,0.0,5,1.0,1.0,5,,,0,0.0,0.0,5,,,0,,,0,0.0,0.0,5,0.0,0.0,5,0.0,0.0,5,1.0,1.0,5,0.0,0.0,5
15,P4,W1_KL_10,FIXED_ROUTER,formal_development,T1G,2,2,0.0,0.0,2,0.0,0.0,2,1.0,1.0,2,,,0,0.0,0.0,2,,,0,,,0,0.0,0.0,2,0.0,0.0,2,0.0,0.0,2,0.0,0.0,2,0.0,0.0,2
15,P4,W1_KL_10,FIXED_ROUTER,formal_development,T1L,5,5,0.6,0.6,5,0.0,0.0,5,1.0,1.0,5,,,0,0.6,0.6,5,1.0,1.0,3,0.0,0.0,3,0.0,0.0,2,0.0,0.0,2,0.0,0.0,5,0.0,0.0,5,0.0,0.0,5
15,P4,W1_KL_10,FIXED_ROUTER,formal_development,T2G,4,1,0.0,0.0,4,0.0,0.0,4,0.5,0.5,4,,,0,0.0,0.0,4,,,0,,,0,0.0,0.0,4,0.5,0.5,4,0.0,0.0,4,0.75,0.75,4,0.0,0.0,4
15,P4,W1_KL_10,FIXED_ROUTER,native,positive,1,1,0.0,0.0,1,0.0,0.0,1,1.0,1.0,1,,,0,0.0,0.0,1,,,0,,,0,0.0,0.0,1,0.0,0.0,1,0.0,0.0,1,1.0,1.0,1,0.0,0.0,1
15,P4,W1_KL_10,FORCED_ON,calibration,H,16,4,0.1875,0.1875,16,0.0,0.0,16,0.6875,0.6875,16,0.00934889740892686,0.00934889740892686,16,0.125,0.125,16,0.0,0.0,2,1.0,1.0,2,0.1875,0.21428571428571427,14,0.1875,0.21428571428571427,14,0.0,0.0,16,0.0,0.0,16,0.0,0.0,16
15,P4,W1_KL_10,FORCED_ON,calibration,U,16,16,0.3125,0.3125,16,0.0,0.0,16,0.6875,0.6875,16,0.0012746034281008178,0.0012746034281008178,16,0.375,0.375,16,0.8333333333333334,0.8333333333333334,6,0.16666666666666666,0.16666666666666666,6,0.0,0.0,10,0.4,0.4,10,0.1875,0.1875,16,0.0,0.0,16,0.0,0.0,16
15,P4,W1_KL_10,FORCED_ON,calibration,positive,4,1,0.75,0.75,4,0.0,0.0,4,0.25,0.25,4,,,0,0.0,0.0,4,,,0,,,0,0.75,0.75,4,0.75,0.75,4,0.75,0.75,4,1.0,1.0,4,0.0,0.0,4
15,P4,W1_KL_10,FORCED_ON,evaluation,H,20,5,0.0,0.0,20,0.0,0.0,20,0.95,0.95,20,0.01044893921352923,0.01044893921352923,20,0.0,0.0,20,,,0,,,0,0.0,0.0,20,0.05,0.05,20,0.05,0.05,20,0.05,0.05,20,0.0,0.0,20
15,P4,W1_KL_10,FORCED_ON,evaluation,U,15,15,0.4,0.4,15,0.0,0.0,15,0.4666666666666667,0.4666666666666667,15,0.0017997876818602284,0.0017997876818602284,15,0.4,0.4,15,0.8333333333333334,0.8333333333333334,6,0.16666666666666666,0.16666666666666666,6,0.1111111111111111,0.1111111111111111,9,0.5555555555555556,0.5555555555555556,9,0.2,0.2,15,0.0,0.0,15,0.0,0.0,15
15,P4,W1_KL_10,FORCED_ON,evaluation,positive,4,1,1.0,1.0,4,0.0,0.0,4,0.0,0.0,4,,,0,0.0,0.0,4,,,0,,,0,1.0,1.0,4,1.0,1.0,4,1.0,1.0,4,1.0,1.0,4,0.0,0.0,4
15,P4,W1_KL_10,FORCED_ON,fit,H,20,4,0.05,0.05,20,0.0,0.0,20,0.85,0.85,20,0.008893386216368527,0.008893386216368527,20,0.05,0.05,20,1.0,1.0,1,0.0,0.0,1,0.0,0.0,19,0.15,0.15789473684210525,19,0.0,0.0,20,0.0,0.0,20,0.0,0.0,20
15,P4,W1_KL_10,FORCED_ON,fit,U,16,16,0.1875,0.1875,16,0.0,0.0,16,0.625,0.625,16,0.000786181904913974,0.000786181904913974,16,0.1875,0.1875,16,1.0,1.0,3,0.0,0.0,3,0.0,0.0,13,0.3076923076923077,0.3076923076923077,13,0.125,0.125,16,0.0,0.0,16,0.0,0.0,16
15,P4,W1_KL_10,FORCED_ON,fit,positive,5,1,0.0,0.0,5,0.0,0.0,5,1.0,1.0,5,,,0,0.0,0.0,5,,,0,,,0,0.0,0.0,5,0.0,0.0,5,0.0,0.0,5,1.0,1.0,5,0.0,0.0,5
15,P4,W1_KL_10,FORCED_ON,formal_development,T1G,2,2,0.0,0.0,2,0.0,0.0,2,1.0,1.0,2,,,0,0.0,0.0,2,,,0,,,0,0.0,0.0,2,0.0,0.0,2,0.0,0.0,2,0.0,0.0,2,0.0,0.0,2
15,P4,W1_KL_10,FORCED_ON,formal_development,T1L,5,5,0.4,0.4,5,0.0,0.0,5,0.6,0.6,5,,,0,0.6,0.6,5,0.6666666666666666,0.6666666666666666,3,0.3333333333333333,0.3333333333333333,3,0.0,0.0,2,0.5,0.5,2,0.0,0.0,5,0.0,0.0,5,0.0,0.0,5
15,P4,W1_KL_10,FORCED_ON,formal_development,T2G,4,1,0.0,0.0,4,0.0,0.0,4,0.25,0.25,4,,,0,0.0,0.0,4,,,0,,,0,0.0,0.0,4,0.75,0.75,4,0.0,0.0,4,0.75,0.75,4,0.0,0.0,4
15,P4,W1_KL_10,FORCED_ON,native,positive,1,1,0.0,0.0,1,0.0,0.0,1,1.0,1.0,1,,,0,0.0,0.0,1,,,0,,,0,0.0,0.0,1,0.0,0.0,1,0.0,0.0,1,1.0,1.0,1,0.0,0.0,1
15,P4,W2_GROUP_CONSTRAINED,DISABLED,calibration,H,16,4,0.125,0.125,16,0.0,0.0,16,1.0,1.0,16,0.0,0.0,16,0.125,0.125,16,1.0,1.0,2,0.0,0.0,2,0.0,0.0,14,0.0,0.0,14,0.0,0.0,16,0.0,0.0,16,0.0,0.0,16
15,P4,W2_GROUP_CONSTRAINED,DISABLED,calibration,U,16,16,0.375,0.375,16,0.0,0.0,16,1.0,1.0,16,0.0,0.0,16,0.375,0.375,16,1.0,1.0,6,0.0,0.0,6,0.0,0.0,10,0.0,0.0,10,0.1875,0.1875,16,0.0,0.0,16,0.0,0.0,16
15,P4,W2_GROUP_CONSTRAINED,DISABLED,calibration,positive,4,1,0.0,0.0,4,0.0,0.0,4,1.0,1.0,4,,,0,0.0,0.0,4,,,0,,,0,0.0,0.0,4,0.0,0.0,4,0.0,0.0,4,1.0,1.0,4,0.0,0.0,4
15,P4,W2_GROUP_CONSTRAINED,DISABLED,evaluation,H,20,5,0.0,0.0,20,0.0,0.0,20,1.0,1.0,20,0.0,0.0,20,0.0,0.0,20,,,0,,,0,0.0,0.0,20,0.0,0.0,20,0.05,0.05,20,0.05,0.05,20,0.0,0.0,20
15,P4,W2_GROUP_CONSTRAINED,DISABLED,evaluation,U,15,15,0.4,0.4,15,0.0,0.0,15,1.0,1.0,15,0.0,0.0,15,0.4,0.4,15,1.0,1.0,6,0.0,0.0,6,0.0,0.0,9,0.0,0.0,9,0.26666666666666666,0.26666666666666666,15,0.0,0.0,15,0.0,0.0,15
15,P4,W2_GROUP_CONSTRAINED,DISABLED,evaluation,positive,4,1,0.0,0.0,4,0.0,0.0,4,1.0,1.0,4,,,0,0.0,0.0,4,,,0,,,0,0.0,0.0,4,0.0,0.0,4,0.0,0.0,4,1.0,1.0,4,0.0,0.0,4
15,P4,W2_GROUP_CONSTRAINED,DISABLED,fit,H,20,4,0.05,0.05,20,0.0,0.0,20,1.0,1.0,20,0.0,0.0,20,0.05,0.05,20,1.0,1.0,1,0.0,0.0,1,0.0,0.0,19,0.0,0.0,19,0.05,0.05,20,0.0,0.0,20,0.0,0.0,20
15,P4,W2_GROUP_CONSTRAINED,DISABLED,fit,U,16,16,0.1875,0.1875,16,0.0,0.0,16,1.0,1.0,16,0.0,0.0,16,0.1875,0.1875,16,1.0,1.0,3,0.0,0.0,3,0.0,0.0,13,0.0,0.0,13,0.0625,0.0625,16,0.0,0.0,16,0.0,0.0,16
15,P4,W2_GROUP_CONSTRAINED,DISABLED,fit,positive,5,1,0.0,0.0,5,0.0,0.0,5,1.0,1.0,5,,,0,0.0,0.0,5,,,0,,,0,0.0,0.0,5,0.0,0.0,5,0.0,0.0,5,1.0,1.0,5,0.0,0.0,5
15,P4,W2_GROUP_CONSTRAINED,DISABLED,formal_development,T1G,2,2,0.0,0.0,2,0.0,0.0,2,1.0,1.0,2,,,0,0.0,0.0,2,,,0,,,0,0.0,0.0,2,0.0,0.0,2,0.0,0.0,2,0.0,0.0,2,0.0,0.0,2
15,P4,W2_GROUP_CONSTRAINED,DISABLED,formal_development,T1L,5,5,0.6,0.6,5,0.0,0.0,5,1.0,1.0,5,,,0,0.6,0.6,5,1.0,1.0,3,0.0,0.0,3,0.0,0.0,2,0.0,0.0,2,0.0,0.0,5,0.0,0.0,5,0.0,0.0,5
15,P4,W2_GROUP_CONSTRAINED,DISABLED,formal_development,T2G,4,1,0.0,0.0,4,0.0,0.0,4,1.0,1.0,4,,,0,0.0,0.0,4,,,0,,,0,0.0,0.0,4,0.0,0.0,4,0.0,0.0,4,0.75,0.75,4,0.0,0.0,4
15,P4,W2_GROUP_CONSTRAINED,DISABLED,native,positive,1,1,0.0,0.0,1,0.0,0.0,1,1.0,1.0,1,,,0,0.0,0.0,1,,,0,,,0,0.0,0.0,1,0.0,0.0,1,0.0,0.0,1,1.0,1.0,1,0.0,0.0,1
15,P4,W2_GROUP_CONSTRAINED,FIXED_ROUTER,calibration,H,16,4,0.125,0.125,16,0.0,0.0,16,1.0,1.0,16,0.0,0.0,16,0.125,0.125,16,1.0,1.0,2,0.0,0.0,2,0.0,0.0,14,0.0,0.0,14,0.0,0.0,16,0.0,0.0,16,0.0,0.0,16
15,P4,W2_GROUP_CONSTRAINED,FIXED_ROUTER,calibration,U,16,16,0.375,0.375,16,0.0,0.0,16,1.0,1.0,16,0.0,0.0,16,0.375,0.375,16,1.0,1.0,6,0.0,0.0,6,0.0,0.0,10,0.0,0.0,10,0.1875,0.1875,16,0.0,0.0,16,0.0,0.0,16
15,P4,W2_GROUP_CONSTRAINED,FIXED_ROUTER,calibration,positive,4,1,1.0,1.0,4,1.0,1.0,4,0.0,0.0,4,,,0,0.0,0.0,4,,,0,,,0,1.0,1.0,4,1.0,1.0,4,1.0,1.0,4,1.0,1.0,4,0.0,0.0,4
15,P4,W2_GROUP_CONSTRAINED,FIXED_ROUTER,evaluation,H,20,5,0.0,0.0,20,0.0,0.0,20,0.95,0.95,20,0.01290835440158844,0.01290835440158844,20,0.0,0.0,20,,,0,,,0,0.0,0.0,20,0.05,0.05,20,0.1,0.1,20,0.05,0.05,20,0.0,0.0,20
15,P4,W2_GROUP_CONSTRAINED,FIXED_ROUTER,evaluation,U,15,15,0.4,0.4,15,0.0,0.0,15,1.0,1.0,15,0.0,0.0,15,0.4,0.4,15,1.0,1.0,6,0.0,0.0,6,0.0,0.0,9,0.0,0.0,9,0.26666666666666666,0.26666666666666666,15,0.0,0.0,15,0.0,0.0,15
15,P4,W2_GROUP_CONSTRAINED,FIXED_ROUTER,evaluation,positive,4,1,1.0,1.0,4,1.0,1.0,4,0.0,0.0,4,,,0,0.0,0.0,4,,,0,,,0,1.0,1.0,4,1.0,1.0,4,1.0,1.0,4,1.0,1.0,4,0.0,0.0,4
15,P4,W2_GROUP_CONSTRAINED,FIXED_ROUTER,fit,H,20,4,0.05,0.05,20,0.0,0.0,20,1.0,1.0,20,0.0,0.0,20,0.05,0.05,20,1.0,1.0,1,0.0,0.0,1,0.0,0.0,19,0.0,0.0,19,0.05,0.05,20,0.0,0.0,20,0.0,0.0,20
15,P4,W2_GROUP_CONSTRAINED,FIXED_ROUTER,fit,U,16,16,0.1875,0.1875,16,0.0,0.0,16,1.0,1.0,16,0.0,0.0,16,0.1875,0.1875,16,1.0,1.0,3,0.0,0.0,3,0.0,0.0,13,0.0,0.0,13,0.0625,0.0625,16,0.0,0.0,16,0.0,0.0,16
15,P4,W2_GROUP_CONSTRAINED,FIXED_ROUTER,fit,positive,5,1,1.0,1.0,5,1.0,1.0,5,0.0,0.0,5,,,0,0.0,0.0,5,,,0,,,0,1.0,1.0,5,1.0,1.0,5,1.0,1.0,5,1.0,1.0,5,0.0,0.0,5
15,P4,W2_GROUP_CONSTRAINED,FIXED_ROUTER,formal_development,T1G,2,2,0.0,0.0,2,0.0,0.0,2,1.0,1.0,2,,,0,0.0,0.0,2,,,0,,,0,0.0,0.0,2,0.0,0.0,2,0.0,0.0,2,0.0,0.0,2,0.0,0.0,2
15,P4,W2_GROUP_CONSTRAINED,FIXED_ROUTER,formal_development,T1L,5,5,0.6,0.6,5,0.0,0.0,5,1.0,1.0,5,,,0,0.6,0.6,5,1.0,1.0,3,0.0,0.0,3,0.0,0.0,2,0.0,0.0,2,0.0,0.0,5,0.0,0.0,5,0.0,0.0,5
15,P4,W2_GROUP_CONSTRAINED,FIXED_ROUTER,formal_development,T2G,4,1,0.75,0.75,4,0.75,0.75,4,0.25,0.25,4,,,0,0.0,0.0,4,,,0,,,0,0.75,0.75,4,0.75,0.75,4,0.75,0.75,4,0.75,0.75,4,0.0,0.0,4
15,P4,W2_GROUP_CONSTRAINED,FIXED_ROUTER,native,positive,1,1,1.0,1.0,1,1.0,1.0,1,0.0,0.0,1,,,0,0.0,0.0,1,,,0,,,0,1.0,1.0,1,1.0,1.0,1,1.0,1.0,1,1.0,1.0,1,0.0,0.0,1
15,P4,W2_GROUP_CONSTRAINED,FORCED_ON,calibration,H,16,4,0.25,0.25,16,0.0,0.0,16,0.0,0.0,16,0.21270008571445942,0.21270008571445942,16,0.125,0.125,16,1.0,1.0,2,0.0,0.0,2,0.25,0.14285714285714285,14,1.0,1.0,14,0.5,0.5,16,0.0,0.0,16,0.0,0.0,16
15,P4,W2_GROUP_CONSTRAINED,FORCED_ON,calibration,U,16,16,0.375,0.375,16,0.0,0.0,16,0.5,0.5,16,0.006600991095183417,0.006600991095183417,16,0.375,0.375,16,1.0,1.0,6,0.0,0.0,6,0.0,0.0,10,0.7,0.7,10,0.125,0.125,16,0.0,0.0,16,0.0,0.0,16
15,P4,W2_GROUP_CONSTRAINED,FORCED_ON,calibration,positive,4,1,1.0,1.0,4,1.0,1.0,4,0.0,0.0,4,,,0,0.0,0.0,4,,,0,,,0,1.0,1.0,4,1.0,1.0,4,1.0,1.0,4,1.0,1.0,4,0.0,0.0,4
15,P4,W2_GROUP_CONSTRAINED,FORCED_ON,evaluation,H,20,5,0.0,0.0,20,0.0,0.0,20,0.0,0.0,20,0.2232437700033188,0.2232437700033188,20,0.0,0.0,20,,,0,,,0,0.0,0.0,20,1.0,1.0,20,0.6,0.6,20,0.05,0.05,20,0.0,0.0,20
15,P4,W2_GROUP_CONSTRAINED,FORCED_ON,evaluation,U,15,15,0.26666666666666666,0.26666666666666666,15,0.0,0.0,15,0.26666666666666666,0.26666666666666666,15,0.008887349239860972,0.008887349239860972,15,0.4,0.4,15,0.6666666666666666,0.6666666666666666,6,0.3333333333333333,0.3333333333333333,6,0.0,0.0,9,0.7777777777777778,0.7777777777777778,9,0.2,0.2,15,0.0,0.0,15,0.0,0.0,15
15,P4,W2_GROUP_CONSTRAINED,FORCED_ON,evaluation,positive,4,1,1.0,1.0,4,1.0,1.0,4,0.0,0.0,4,,,0,0.0,0.0,4,,,0,,,0,1.0,1.0,4,1.0,1.0,4,1.0,1.0,4,1.0,1.0,4,0.0,0.0,4
15,P4,W2_GROUP_CONSTRAINED,FORCED_ON,fit,H,20,4,0.0,0.0,20,0.0,0.0,20,0.0,0.0,20,0.20413502305746078,0.20413502305746078,20,0.05,0.05,20,0.0,0.0,1,1.0,1.0,1,0.0,0.0,19,1.0,1.0,19,0.75,0.75,20,0.0,0.0,20,0.0,0.0,20
15,P4,W2_GROUP_CONSTRAINED,FORCED_ON,fit,U,16,16,0.1875,0.1875,16,0.0,0.0,16,0.25,0.25,16,0.005773642362328246,0.005773642362328246,16,0.1875,0.1875,16,1.0,1.0,3,0.0,0.0,3,0.0,0.0,13,0.6923076923076923,0.6923076923076923,13,0.125,0.125,16,0.0,0.0,16,0.0,0.0,16
15,P4,W2_GROUP_CONSTRAINED,FORCED_ON,fit,positive,5,1,1.0,1.0,5,1.0,1.0,5,0.0,0.0,5,,,0,0.0,0.0,5,,,0,,,0,1.0,1.0,5,1.0,1.0,5,1.0,1.0,5,1.0,1.0,5,0.0,0.0,5
15,P4,W2_GROUP_CONSTRAINED,FORCED_ON,formal_development,T1G,2,2,1.0,1.0,2,1.0,1.0,2,0.0,0.0,2,,,0,0.0,0.0,2,,,0,,,0,1.0,1.0,2,1.0,1.0,2,1.0,1.0,2,0.0,0.0,2,0.0,0.0,2
15,P4,W2_GROUP_CONSTRAINED,FORCED_ON,formal_development,T1L,5,5,0.4,0.4,5,0.4,0.4,5,0.0,0.0,5,,,0,0.6,0.6,5,0.0,0.0,3,1.0,1.0,3,1.0,1.0,2,1.0,1.0,2,1.0,1.0,5,0.0,0.0,5,0.0,0.0,5
15,P4,W2_GROUP_CONSTRAINED,FORCED_ON,formal_development,T2G,4,1,0.75,0.75,4,0.75,0.75,4,0.0,0.0,4,,,0,0.0,0.0,4,,,0,,,0,0.75,0.75,4,1.0,1.0,4,0.75,0.75,4,0.75,0.75,4,0.0,0.0,4
15,P4,W2_GROUP_CONSTRAINED,FORCED_ON,native,positive,1,1,1.0,1.0,1,1.0,1.0,1,0.0,0.0,1,,,0,0.0,0.0,1,,,0,,,0,1.0,1.0,1,1.0,1.0,1,1.0,1.0,1,1.0,1.0,1,0.0,0.0,1
15,REFERENCE,A2,DISABLED,calibration,H,16,4,0.125,0.125,16,0.0,0.0,16,1.0,1.0,16,0.0,0.0,16,0.125,0.125,16,1.0,1.0,2,0.0,0.0,2,0.0,0.0,14,0.0,0.0,14,0.0,0.0,16,0.0,0.0,16,0.0,0.0,16
15,REFERENCE,A2,DISABLED,calibration,U,16,16,0.375,0.375,16,0.0,0.0,16,1.0,1.0,16,0.0,0.0,16,0.375,0.375,16,1.0,1.0,6,0.0,0.0,6,0.0,0.0,10,0.0,0.0,10,0.1875,0.1875,16,0.0,0.0,16,0.0,0.0,16
15,REFERENCE,A2,DISABLED,calibration,positive,4,1,0.0,0.0,4,0.0,0.0,4,1.0,1.0,4,,,0,0.0,0.0,4,,,0,,,0,0.0,0.0,4,0.0,0.0,4,0.0,0.0,4,1.0,1.0,4,0.0,0.0,4
15,REFERENCE,A2,DISABLED,evaluation,H,20,5,0.0,0.0,20,0.0,0.0,20,1.0,1.0,20,0.0,0.0,20,0.0,0.0,20,,,0,,,0,0.0,0.0,20,0.0,0.0,20,0.05,0.05,20,0.05,0.05,20,0.0,0.0,20
15,REFERENCE,A2,DISABLED,evaluation,U,15,15,0.4,0.4,15,0.0,0.0,15,1.0,1.0,15,0.0,0.0,15,0.4,0.4,15,1.0,1.0,6,0.0,0.0,6,0.0,0.0,9,0.0,0.0,9,0.26666666666666666,0.26666666666666666,15,0.0,0.0,15,0.0,0.0,15
15,REFERENCE,A2,DISABLED,evaluation,positive,4,1,0.0,0.0,4,0.0,0.0,4,1.0,1.0,4,,,0,0.0,0.0,4,,,0,,,0,0.0,0.0,4,0.0,0.0,4,0.0,0.0,4,1.0,1.0,4,0.0,0.0,4
15,REFERENCE,A2,DISABLED,fit,H,20,4,0.05,0.05,20,0.0,0.0,20,1.0,1.0,20,0.0,0.0,20,0.05,0.05,20,1.0,1.0,1,0.0,0.0,1,0.0,0.0,19,0.0,0.0,19,0.05,0.05,20,0.0,0.0,20,0.0,0.0,20
15,REFERENCE,A2,DISABLED,fit,U,16,16,0.1875,0.1875,16,0.0,0.0,16,1.0,1.0,16,0.0,0.0,16,0.1875,0.1875,16,1.0,1.0,3,0.0,0.0,3,0.0,0.0,13,0.0,0.0,13,0.0625,0.0625,16,0.0,0.0,16,0.0,0.0,16
15,REFERENCE,A2,DISABLED,fit,positive,5,1,0.0,0.0,5,0.0,0.0,5,1.0,1.0,5,,,0,0.0,0.0,5,,,0,,,0,0.0,0.0,5,0.0,0.0,5,0.0,0.0,5,1.0,1.0,5,0.0,0.0,5
15,REFERENCE,A2,DISABLED,formal_development,T1G,2,2,0.0,0.0,2,0.0,0.0,2,1.0,1.0,2,,,0,0.0,0.0,2,,,0,,,0,0.0,0.0,2,0.0,0.0,2,0.0,0.0,2,0.0,0.0,2,0.0,0.0,2
15,REFERENCE,A2,DISABLED,formal_development,T1L,5,5,0.6,0.6,5,0.0,0.0,5,1.0,1.0,5,,,0,0.6,0.6,5,1.0,1.0,3,0.0,0.0,3,0.0,0.0,2,0.0,0.0,2,0.0,0.0,5,0.0,0.0,5,0.0,0.0,5
15,REFERENCE,A2,DISABLED,formal_development,T2G,4,1,0.0,0.0,4,0.0,0.0,4,1.0,1.0,4,,,0,0.0,0.0,4,,,0,,,0,0.0,0.0,4,0.0,0.0,4,0.0,0.0,4,0.75,0.75,4,0.0,0.0,4
15,REFERENCE,A2,DISABLED,native,positive,1,1,0.0,0.0,1,0.0,0.0,1,1.0,1.0,1,,,0,0.0,0.0,1,,,0,,,0,0.0,0.0,1,0.0,0.0,1,0.0,0.0,1,1.0,1.0,1,0.0,0.0,1
15,REFERENCE,A2,FIXED_ROUTER,calibration,H,16,4,0.125,0.125,16,0.0,0.0,16,1.0,1.0,16,0.0,0.0,16,0.125,0.125,16,1.0,1.0,2,0.0,0.0,2,0.0,0.0,14,0.0,0.0,14,0.0,0.0,16,0.0,0.0,16,0.0,0.0,16
15,REFERENCE,A2,FIXED_ROUTER,calibration,U,16,16,0.375,0.375,16,0.0,0.0,16,1.0,1.0,16,0.0,0.0,16,0.375,0.375,16,1.0,1.0,6,0.0,0.0,6,0.0,0.0,10,0.0,0.0,10,0.1875,0.1875,16,0.0,0.0,16,0.0,0.0,16
15,REFERENCE,A2,FIXED_ROUTER,calibration,positive,4,1,1.0,1.0,4,1.0,1.0,4,0.0,0.0,4,,,0,0.0,0.0,4,,,0,,,0,1.0,1.0,4,1.0,1.0,4,1.0,1.0,4,1.0,1.0,4,0.0,0.0,4
15,REFERENCE,A2,FIXED_ROUTER,evaluation,H,20,5,0.0,0.0,20,0.0,0.0,20,0.95,0.95,20,0.01905560791492462,0.01905560791492462,20,0.0,0.0,20,,,0,,,0,0.0,0.0,20,0.05,0.05,20,0.1,0.1,20,0.05,0.05,20,0.0,0.0,20
15,REFERENCE,A2,FIXED_ROUTER,evaluation,U,15,15,0.4,0.4,15,0.0,0.0,15,1.0,1.0,15,0.0,0.0,15,0.4,0.4,15,1.0,1.0,6,0.0,0.0,6,0.0,0.0,9,0.0,0.0,9,0.26666666666666666,0.26666666666666666,15,0.0,0.0,15,0.0,0.0,15
15,REFERENCE,A2,FIXED_ROUTER,evaluation,positive,4,1,1.0,1.0,4,1.0,1.0,4,0.0,0.0,4,,,0,0.0,0.0,4,,,0,,,0,1.0,1.0,4,1.0,1.0,4,1.0,1.0,4,1.0,1.0,4,0.0,0.0,4
15,REFERENCE,A2,FIXED_ROUTER,fit,H,20,4,0.05,0.05,20,0.0,0.0,20,1.0,1.0,20,0.0,0.0,20,0.05,0.05,20,1.0,1.0,1,0.0,0.0,1,0.0,0.0,19,0.0,0.0,19,0.05,0.05,20,0.0,0.0,20,0.0,0.0,20
15,REFERENCE,A2,FIXED_ROUTER,fit,U,16,16,0.1875,0.1875,16,0.0,0.0,16,1.0,1.0,16,0.0,0.0,16,0.1875,0.1875,16,1.0,1.0,3,0.0,0.0,3,0.0,0.0,13,0.0,0.0,13,0.0625,0.0625,16,0.0,0.0,16,0.0,0.0,16
15,REFERENCE,A2,FIXED_ROUTER,fit,positive,5,1,1.0,1.0,5,1.0,1.0,5,0.0,0.0,5,,,0,0.0,0.0,5,,,0,,,0,1.0,1.0,5,1.0,1.0,5,1.0,1.0,5,1.0,1.0,5,0.0,0.0,5
15,REFERENCE,A2,FIXED_ROUTER,formal_development,T1G,2,2,0.0,0.0,2,0.0,0.0,2,1.0,1.0,2,,,0,0.0,0.0,2,,,0,,,0,0.0,0.0,2,0.0,0.0,2,0.0,0.0,2,0.0,0.0,2,0.0,0.0,2
15,REFERENCE,A2,FIXED_ROUTER,formal_development,T1L,5,5,0.6,0.6,5,0.0,0.0,5,1.0,1.0,5,,,0,0.6,0.6,5,1.0,1.0,3,0.0,0.0,3,0.0,0.0,2,0.0,0.0,2,0.0,0.0,5,0.0,0.0,5,0.0,0.0,5
15,REFERENCE,A2,FIXED_ROUTER,formal_development,T2G,4,1,0.75,0.75,4,0.75,0.75,4,0.25,0.25,4,,,0,0.0,0.0,4,,,0,,,0,0.75,0.75,4,0.75,0.75,4,0.75,0.75,4,0.75,0.75,4,0.0,0.0,4
15,REFERENCE,A2,FIXED_ROUTER,native,positive,1,1,1.0,1.0,1,1.0,1.0,1,0.0,0.0,1,,,0,0.0,0.0,1,,,0,,,0,1.0,1.0,1,1.0,1.0,1,1.0,1.0,1,1.0,1.0,1,0.0,0.0,1
15,REFERENCE,A2,FORCED_ON,calibration,H,16,4,0.1875,0.1875,16,0.0,0.0,16,0.0,0.0,16,0.32564759254455566,0.32564759254455566,16,0.125,0.125,16,0.5,0.5,2,0.5,0.5,2,0.25,0.14285714285714285,14,1.0,1.0,14,0.5,0.5,16,0.0,0.0,16,0.0,0.0,16
15,REFERENCE,A2,FORCED_ON,calibration,U,16,16,0.3125,0.3125,16,0.0,0.0,16,0.125,0.125,16,0.019585902424296364,0.019585902424296364,16,0.375,0.375,16,0.8333333333333334,0.8333333333333334,6,0.16666666666666666,0.16666666666666666,6,0.0,0.0,10,1.0,1.0,10,0.0625,0.0625,16,0.0,0.0,16,0.0,0.0,16
15,REFERENCE,A2,FORCED_ON,calibration,positive,4,1,1.0,1.0,4,1.0,1.0,4,0.0,0.0,4,,,0,0.0,0.0,4,,,0,,,0,1.0,1.0,4,1.0,1.0,4,1.0,1.0,4,1.0,1.0,4,0.0,0.0,4
15,REFERENCE,A2,FORCED_ON,evaluation,H,20,5,0.0,0.0,20,0.0,0.0,20,0.0,0.0,20,0.34364102929830553,0.34364102929830553,20,0.0,0.0,20,,,0,,,0,0.0,0.0,20,1.0,1.0,20,0.6,0.6,20,0.05,0.05,20,0.0,0.0,20
15,REFERENCE,A2,FORCED_ON,evaluation,U,15,15,0.13333333333333333,0.13333333333333333,15,0.0,0.0,15,0.06666666666666667,0.06666666666666667,15,0.02596657381703456,0.02596657381703456,15,0.4,0.4,15,0.3333333333333333,0.3333333333333333,6,0.6666666666666666,0.6666666666666666,6,0.0,0.0,9,0.8888888888888888,0.8888888888888888,9,0.06666666666666667,0.06666666666666667,15,0.0,0.0,15,0.0,0.0,15
15,REFERENCE,A2,FORCED_ON,evaluation,positive,4,1,1.0,1.0,4,1.0,1.0,4,0.0,0.0,4,,,0,0.0,0.0,4,,,0,,,0,1.0,1.0,4,1.0,1.0,4,1.0,1.0,4,1.0,1.0,4,0.0,0.0,4
15,REFERENCE,A2,FORCED_ON,fit,H,20,4,0.0,0.0,20,0.0,0.0,20,0.0,0.0,20,0.34855098724365235,0.34855098724365235,20,0.05,0.05,20,0.0,0.0,1,1.0,1.0,1,0.0,0.0,19,1.0,1.0,19,0.75,0.75,20,0.0,0.0,20,0.0,0.0,20
15,REFERENCE,A2,FORCED_ON,fit,U,16,16,0.1875,0.1875,16,0.0,0.0,16,0.0625,0.0625,16,0.019678464450407773,0.019678464450407773,16,0.1875,0.1875,16,0.6666666666666666,0.6666666666666666,3,0.3333333333333333,0.3333333333333333,3,0.07692307692307693,0.07692307692307693,13,0.9230769230769231,0.9230769230769231,13,0.125,0.125,16,0.0,0.0,16,0.0,0.0,16
15,REFERENCE,A2,FORCED_ON,fit,positive,5,1,1.0,1.0,5,1.0,1.0,5,0.0,0.0,5,,,0,0.0,0.0,5,,,0,,,0,1.0,1.0,5,1.0,1.0,5,1.0,1.0,5,1.0,1.0,5,0.0,0.0,5
15,REFERENCE,A2,FORCED_ON,formal_development,T1G,2,2,1.0,1.0,2,1.0,1.0,2,0.0,0.0,2,,,0,0.0,0.0,2,,,0,,,0,1.0,1.0,2,1.0,1.0,2,1.0,1.0,2,0.0,0.0,2,0.0,0.0,2
15,REFERENCE,A2,FORCED_ON,formal_development,T1L,5,5,0.4,0.4,5,0.4,0.4,5,0.0,0.0,5,,,0,0.6,0.6,5,0.0,0.0,3,1.0,1.0,3,1.0,1.0,2,1.0,1.0,2,1.0,1.0,5,0.0,0.0,5,0.0,0.0,5
15,REFERENCE,A2,FORCED_ON,formal_development,T2G,4,1,0.75,0.75,4,0.75,0.75,4,0.0,0.0,4,,,0,0.0,0.0,4,,,0,,,0,0.75,0.75,4,1.0,1.0,4,0.75,0.75,4,0.75,0.75,4,0.0,0.0,4
15,REFERENCE,A2,FORCED_ON,native,positive,1,1,1.0,1.0,1,1.0,1.0,1,0.0,0.0,1,,,0,0.0,0.0,1,,,0,,,0,1.0,1.0,1,1.0,1.0,1,1.0,1.0,1,1.0,1.0,1,0.0,0.0,1
16,L16,W0_TASK_ONLY,DISABLED,calibration,H,16,4,0.375,0.375,16,0.0,0.0,16,1.0,1.0,16,0.0,0.0,16,0.375,0.375,16,1.0,1.0,6,0.0,0.0,6,0.0,0.0,10,0.0,0.0,10,0.0,0.0,16,0.0,0.0,16,0.0,0.0,16
16,L16,W0_TASK_ONLY,DISABLED,calibration,U,16,16,0.1875,0.1875,16,0.0,0.0,16,1.0,1.0,16,0.0,0.0,16,0.1875,0.1875,16,1.0,1.0,3,0.0,0.0,3,0.0,0.0,13,0.0,0.0,13,0.25,0.25,16,0.0,0.0,16,0.0,0.0,16
16,L16,W0_TASK_ONLY,DISABLED,calibration,positive,4,1,0.0,0.0,4,0.0,0.0,4,1.0,1.0,4,,,0,0.0,0.0,4,,,0,,,0,0.0,0.0,4,0.0,0.0,4,0.0,0.0,4,1.0,1.0,4,0.0,0.0,4
16,L16,W0_TASK_ONLY,DISABLED,evaluation,H,20,5,0.0,0.0,20,0.0,0.0,20,1.0,1.0,20,0.0,0.0,20,0.0,0.0,20,,,0,,,0,0.0,0.0,20,0.0,0.0,20,0.0,0.0,20,0.2,0.2,20,0.0,0.0,20
16,L16,W0_TASK_ONLY,DISABLED,evaluation,U,15,15,0.2,0.2,15,0.0,0.0,15,1.0,1.0,15,0.0,0.0,15,0.2,0.2,15,1.0,1.0,3,0.0,0.0,3,0.0,0.0,12,0.0,0.0,12,0.06666666666666667,0.06666666666666667,15,0.0,0.0,15,0.0,0.0,15
16,L16,W0_TASK_ONLY,DISABLED,evaluation,positive,4,1,0.0,0.0,4,0.0,0.0,4,1.0,1.0,4,,,0,0.0,0.0,4,,,0,,,0,0.0,0.0,4,0.0,0.0,4,0.0,0.0,4,1.0,1.0,4,0.0,0.0,4
16,L16,W0_TASK_ONLY,DISABLED,fit,H,20,4,0.05,0.05,20,0.0,0.0,20,1.0,1.0,20,0.0,0.0,20,0.05,0.05,20,1.0,1.0,1,0.0,0.0,1,0.0,0.0,19,0.0,0.0,19,0.0,0.0,20,0.25,0.25,20,0.0,0.0,20
16,L16,W0_TASK_ONLY,DISABLED,fit,U,16,16,0.4375,0.4375,16,0.0,0.0,16,1.0,1.0,16,0.0,0.0,16,0.4375,0.4375,16,1.0,1.0,7,0.0,0.0,7,0.0,0.0,9,0.0,0.0,9,0.25,0.25,16,0.0,0.0,16,0.0,0.0,16
16,L16,W0_TASK_ONLY,DISABLED,fit,positive,5,1,0.0,0.0,5,0.0,0.0,5,1.0,1.0,5,,,0,0.0,0.0,5,,,0,,,0,0.0,0.0,5,0.0,0.0,5,0.0,0.0,5,1.0,1.0,5,0.0,0.0,5
16,L16,W0_TASK_ONLY,DISABLED,formal_development,T1G,4,4,0.0,0.0,4,0.0,0.0,4,1.0,1.0,4,,,0,0.0,0.0,4,,,0,,,0,0.0,0.0,4,0.0,0.0,4,0.0,0.0,4,0.5,0.5,4,0.0,0.0,4
16,L16,W0_TASK_ONLY,DISABLED,formal_development,T1L,5,5,0.6,0.6,5,0.0,0.0,5,1.0,1.0,5,,,0,0.6,0.6,5,1.0,1.0,3,0.0,0.0,3,0.0,0.0,2,0.0,0.0,2,0.0,0.0,5,0.8,0.8,5,0.0,0.0,5
16,L16,W0_TASK_ONLY,DISABLED,formal_development,T2G,4,1,0.0,0.0,4,0.0,0.0,4,1.0,1.0,4,,,0,0.0,0.0,4,,,0,,,0,0.0,0.0,4,0.0,0.0,4,0.0,0.0,4,0.75,0.75,4,0.0,0.0,4
16,L16,W0_TASK_ONLY,DISABLED,native,positive,1,1,0.0,0.0,1,0.0,0.0,1,1.0,1.0,1,,,0,0.0,0.0,1,,,0,,,0,0.0,0.0,1,0.0,0.0,1,0.0,0.0,1,1.0,1.0,1,0.0,0.0,1
16,L16,W0_TASK_ONLY,FIXED_ROUTER,calibration,H,16,4,0.375,0.375,16,0.0,0.0,16,1.0,1.0,16,0.0,0.0,16,0.375,0.375,16,1.0,1.0,6,0.0,0.0,6,0.0,0.0,10,0.0,0.0,10,0.0,0.0,16,0.0,0.0,16,0.0,0.0,16
16,L16,W0_TASK_ONLY,FIXED_ROUTER,calibration,U,16,16,0.1875,0.1875,16,0.0,0.0,16,1.0,1.0,16,0.0,0.0,16,0.1875,0.1875,16,1.0,1.0,3,0.0,0.0,3,0.0,0.0,13,0.0,0.0,13,0.25,0.25,16,0.0,0.0,16,0.0,0.0,16
16,L16,W0_TASK_ONLY,FIXED_ROUTER,calibration,positive,4,1,1.0,1.0,4,1.0,1.0,4,0.0,0.0,4,,,0,0.0,0.0,4,,,0,,,0,1.0,1.0,4,1.0,1.0,4,1.0,1.0,4,1.0,1.0,4,0.0,0.0,4
16,L16,W0_TASK_ONLY,FIXED_ROUTER,evaluation,H,20,5,0.0,0.0,20,0.0,0.0,20,0.8,0.8,20,0.6875463128089905,0.6875463128089905,20,0.0,0.0,20,,,0,,,0,0.0,0.0,20,0.2,0.2,20,0.2,0.2,20,0.2,0.2,20,0.0,0.0,20
16,L16,W0_TASK_ONLY,FIXED_ROUTER,evaluation,U,15,15,0.2,0.2,15,0.0,0.0,15,1.0,1.0,15,0.0,0.0,15,0.2,0.2,15,1.0,1.0,3,0.0,0.0,3,0.0,0.0,12,0.0,0.0,12,0.06666666666666667,0.06666666666666667,15,0.0,0.0,15,0.0,0.0,15
16,L16,W0_TASK_ONLY,FIXED_ROUTER,evaluation,positive,4,1,1.0,1.0,4,1.0,1.0,4,0.0,0.0,4,,,0,0.0,0.0,4,,,0,,,0,1.0,1.0,4,1.0,1.0,4,1.0,1.0,4,1.0,1.0,4,0.0,0.0,4
16,L16,W0_TASK_ONLY,FIXED_ROUTER,fit,H,20,4,0.05,0.05,20,0.0,0.0,20,0.75,0.75,20,0.8018441915512085,0.8018441915512085,20,0.05,0.05,20,1.0,1.0,1,0.0,0.0,1,0.0,0.0,19,0.25,0.2631578947368421,19,0.25,0.25,20,0.25,0.25,20,0.0,0.0,20
16,L16,W0_TASK_ONLY,FIXED_ROUTER,fit,U,16,16,0.4375,0.4375,16,0.0,0.0,16,1.0,1.0,16,0.0,0.0,16,0.4375,0.4375,16,1.0,1.0,7,0.0,0.0,7,0.0,0.0,9,0.0,0.0,9,0.25,0.25,16,0.0,0.0,16,0.0,0.0,16
16,L16,W0_TASK_ONLY,FIXED_ROUTER,fit,positive,5,1,1.0,1.0,5,1.0,1.0,5,0.0,0.0,5,,,0,0.0,0.0,5,,,0,,,0,1.0,1.0,5,1.0,1.0,5,1.0,1.0,5,1.0,1.0,5,0.0,0.0,5
16,L16,W0_TASK_ONLY,FIXED_ROUTER,formal_development,T1G,4,4,0.5,0.5,4,0.5,0.5,4,0.5,0.5,4,,,0,0.0,0.0,4,,,0,,,0,0.5,0.5,4,0.5,0.5,4,0.5,0.5,4,0.5,0.5,4,0.0,0.0,4
16,L16,W0_TASK_ONLY,FIXED_ROUTER,formal_development,T1L,5,5,0.2,0.2,5,0.0,0.0,5,0.2,0.2,5,,,0,0.6,0.6,5,0.3333333333333333,0.3333333333333333,3,0.6666666666666666,0.6666666666666666,3,0.0,0.0,2,1.0,1.0,2,0.8,0.8,5,0.8,0.8,5,0.0,0.0,5
16,L16,W0_TASK_ONLY,FIXED_ROUTER,formal_development,T2G,4,1,0.75,0.75,4,0.75,0.75,4,0.25,0.25,4,,,0,0.0,0.0,4,,,0,,,0,0.75,0.75,4,0.75,0.75,4,0.75,0.75,4,0.75,0.75,4,0.0,0.0,4
16,L16,W0_TASK_ONLY,FIXED_ROUTER,native,positive,1,1,1.0,1.0,1,1.0,1.0,1,0.0,0.0,1,,,0,0.0,0.0,1,,,0,,,0,1.0,1.0,1,1.0,1.0,1,1.0,1.0,1,1.0,1.0,1,0.0,0.0,1
16,L16,W0_TASK_ONLY,FORCED_ON,calibration,H,16,4,0.1875,0.1875,16,0.0,0.0,16,0.0,0.0,16,2.7509682923555374,2.7509682923555374,16,0.375,0.375,16,0.0,0.0,6,1.0,1.0,6,0.25,0.3,10,1.0,1.0,10,0.25,0.25,16,0.0,0.0,16,0.0,0.0,16
16,L16,W0_TASK_ONLY,FORCED_ON,calibration,U,16,16,0.0,0.0,16,0.0,0.0,16,0.0,0.0,16,0.7374565368518233,0.7374565368518233,16,0.1875,0.1875,16,0.0,0.0,3,1.0,1.0,3,0.0,0.0,13,1.0,1.0,13,0.0,0.0,16,0.0,0.0,16,0.0,0.0,16
16,L16,W0_TASK_ONLY,FORCED_ON,calibration,positive,4,1,1.0,1.0,4,1.0,1.0,4,0.0,0.0,4,,,0,0.0,0.0,4,,,0,,,0,1.0,1.0,4,1.0,1.0,4,1.0,1.0,4,1.0,1.0,4,0.0,0.0,4
16,L16,W0_TASK_ONLY,FORCED_ON,evaluation,H,20,5,0.0,0.0,20,0.0,0.0,20,0.0,0.0,20,3.2951802372932435,3.2951802372932435,20,0.0,0.0,20,,,0,,,0,0.0,0.0,20,1.0,1.0,20,0.6,0.6,20,0.2,0.2,20,0.0,0.0,20
16,L16,W0_TASK_ONLY,FORCED_ON,evaluation,U,15,15,0.06666666666666667,0.06666666666666667,15,0.0,0.0,15,0.0,0.0,15,0.5350732522706191,0.5350732522706191,15,0.2,0.2,15,0.3333333333333333,0.3333333333333333,3,0.6666666666666666,0.6666666666666666,3,0.0,0.0,12,1.0,1.0,12,0.06666666666666667,0.06666666666666667,15,0.0,0.0,15,0.0,0.0,15
16,L16,W0_TASK_ONLY,FORCED_ON,evaluation,positive,4,1,1.0,1.0,4,1.0,1.0,4,0.0,0.0,4,,,0,0.0,0.0,4,,,0,,,0,1.0,1.0,4,1.0,1.0,4,1.0,1.0,4,1.0,1.0,4,0.0,0.0,4
16,L16,W0_TASK_ONLY,FORCED_ON,fit,H,20,4,0.2,0.2,20,0.0,0.0,20,0.0,0.0,20,2.96025293469429,2.96025293469429,20,0.05,0.05,20,0.0,0.0,1,1.0,1.0,1,0.2,0.21052631578947367,19,1.0,1.0,19,0.75,0.75,20,0.25,0.25,20,0.0,0.0,20
16,L16,W0_TASK_ONLY,FORCED_ON,fit,U,16,16,0.0,0.0,16,0.0,0.0,16,0.0,0.0,16,0.4614988658577204,0.4614988658577204,16,0.4375,0.4375,16,0.0,0.0,7,1.0,1.0,7,0.0,0.0,9,1.0,1.0,9,0.0625,0.0625,16,0.0,0.0,16,0.0,0.0,16
16,L16,W0_TASK_ONLY,FORCED_ON,fit,positive,5,1,1.0,1.0,5,1.0,1.0,5,0.0,0.0,5,,,0,0.0,0.0,5,,,0,,,0,1.0,1.0,5,1.0,1.0,5,1.0,1.0,5,1.0,1.0,5,0.0,0.0,5
16,L16,W0_TASK_ONLY,FORCED_ON,formal_development,T1G,4,4,1.0,1.0,4,1.0,1.0,4,0.0,0.0,4,,,0,0.0,0.0,4,,,0,,,0,1.0,1.0,4,1.0,1.0,4,1.0,1.0,4,0.5,0.5,4,0.0,0.0,4
16,L16,W0_TASK_ONLY,FORCED_ON,formal_development,T1L,5,5,0.0,0.0,5,0.0,0.0,5,0.0,0.0,5,,,0,0.6,0.6,5,0.0,0.0,3,1.0,1.0,3,0.0,0.0,2,1.0,1.0,2,1.0,1.0,5,0.8,0.8,5,0.0,0.0,5
16,L16,W0_TASK_ONLY,FORCED_ON,formal_development,T2G,4,1,1.0,1.0,4,1.0,1.0,4,0.0,0.0,4,,,0,0.0,0.0,4,,,0,,,0,1.0,1.0,4,1.0,1.0,4,1.0,1.0,4,0.75,0.75,4,0.0,0.0,4
16,L16,W0_TASK_ONLY,FORCED_ON,native,positive,1,1,1.0,1.0,1,1.0,1.0,1,0.0,0.0,1,,,0,0.0,0.0,1,,,0,,,0,1.0,1.0,1,1.0,1.0,1,1.0,1.0,1,1.0,1.0,1,0.0,0.0,1
16,L16,W1_KL_0.1,DISABLED,calibration,H,16,4,0.375,0.375,16,0.0,0.0,16,1.0,1.0,16,0.0,0.0,16,0.375,0.375,16,1.0,1.0,6,0.0,0.0,6,0.0,0.0,10,0.0,0.0,10,0.0,0.0,16,0.0,0.0,16,0.0,0.0,16
16,L16,W1_KL_0.1,DISABLED,calibration,U,16,16,0.1875,0.1875,16,0.0,0.0,16,1.0,1.0,16,0.0,0.0,16,0.1875,0.1875,16,1.0,1.0,3,0.0,0.0,3,0.0,0.0,13,0.0,0.0,13,0.25,0.25,16,0.0,0.0,16,0.0,0.0,16
16,L16,W1_KL_0.1,DISABLED,calibration,positive,4,1,0.0,0.0,4,0.0,0.0,4,1.0,1.0,4,,,0,0.0,0.0,4,,,0,,,0,0.0,0.0,4,0.0,0.0,4,0.0,0.0,4,1.0,1.0,4,0.0,0.0,4
16,L16,W1_KL_0.1,DISABLED,evaluation,H,20,5,0.0,0.0,20,0.0,0.0,20,1.0,1.0,20,0.0,0.0,20,0.0,0.0,20,,,0,,,0,0.0,0.0,20,0.0,0.0,20,0.0,0.0,20,0.2,0.2,20,0.0,0.0,20
16,L16,W1_KL_0.1,DISABLED,evaluation,U,15,15,0.2,0.2,15,0.0,0.0,15,1.0,1.0,15,0.0,0.0,15,0.2,0.2,15,1.0,1.0,3,0.0,0.0,3,0.0,0.0,12,0.0,0.0,12,0.06666666666666667,0.06666666666666667,15,0.0,0.0,15,0.0,0.0,15
16,L16,W1_KL_0.1,DISABLED,evaluation,positive,4,1,0.0,0.0,4,0.0,0.0,4,1.0,1.0,4,,,0,0.0,0.0,4,,,0,,,0,0.0,0.0,4,0.0,0.0,4,0.0,0.0,4,1.0,1.0,4,0.0,0.0,4
16,L16,W1_KL_0.1,DISABLED,fit,H,20,4,0.05,0.05,20,0.0,0.0,20,1.0,1.0,20,0.0,0.0,20,0.05,0.05,20,1.0,1.0,1,0.0,0.0,1,0.0,0.0,19,0.0,0.0,19,0.0,0.0,20,0.25,0.25,20,0.0,0.0,20
16,L16,W1_KL_0.1,DISABLED,fit,U,16,16,0.4375,0.4375,16,0.0,0.0,16,1.0,1.0,16,0.0,0.0,16,0.4375,0.4375,16,1.0,1.0,7,0.0,0.0,7,0.0,0.0,9,0.0,0.0,9,0.25,0.25,16,0.0,0.0,16,0.0,0.0,16
16,L16,W1_KL_0.1,DISABLED,fit,positive,5,1,0.0,0.0,5,0.0,0.0,5,1.0,1.0,5,,,0,0.0,0.0,5,,,0,,,0,0.0,0.0,5,0.0,0.0,5,0.0,0.0,5,1.0,1.0,5,0.0,0.0,5
16,L16,W1_KL_0.1,DISABLED,formal_development,T1G,4,4,0.0,0.0,4,0.0,0.0,4,1.0,1.0,4,,,0,0.0,0.0,4,,,0,,,0,0.0,0.0,4,0.0,0.0,4,0.0,0.0,4,0.5,0.5,4,0.0,0.0,4
16,L16,W1_KL_0.1,DISABLED,formal_development,T1L,5,5,0.6,0.6,5,0.0,0.0,5,1.0,1.0,5,,,0,0.6,0.6,5,1.0,1.0,3,0.0,0.0,3,0.0,0.0,2,0.0,0.0,2,0.0,0.0,5,0.8,0.8,5,0.0,0.0,5
16,L16,W1_KL_0.1,DISABLED,formal_development,T2G,4,1,0.0,0.0,4,0.0,0.0,4,1.0,1.0,4,,,0,0.0,0.0,4,,,0,,,0,0.0,0.0,4,0.0,0.0,4,0.0,0.0,4,0.75,0.75,4,0.0,0.0,4
16,L16,W1_KL_0.1,DISABLED,native,positive,1,1,0.0,0.0,1,0.0,0.0,1,1.0,1.0,1,,,0,0.0,0.0,1,,,0,,,0,0.0,0.0,1,0.0,0.0,1,0.0,0.0,1,1.0,1.0,1,0.0,0.0,1
16,L16,W1_KL_0.1,FIXED_ROUTER,calibration,H,16,4,0.375,0.375,16,0.0,0.0,16,1.0,1.0,16,0.0,0.0,16,0.375,0.375,16,1.0,1.0,6,0.0,0.0,6,0.0,0.0,10,0.0,0.0,10,0.0,0.0,16,0.0,0.0,16,0.0,0.0,16
16,L16,W1_KL_0.1,FIXED_ROUTER,calibration,U,16,16,0.1875,0.1875,16,0.0,0.0,16,1.0,1.0,16,0.0,0.0,16,0.1875,0.1875,16,1.0,1.0,3,0.0,0.0,3,0.0,0.0,13,0.0,0.0,13,0.25,0.25,16,0.0,0.0,16,0.0,0.0,16
16,L16,W1_KL_0.1,FIXED_ROUTER,calibration,positive,4,1,0.5,0.5,4,0.5,0.5,4,0.5,0.5,4,,,0,0.0,0.0,4,,,0,,,0,0.5,0.5,4,0.5,0.5,4,0.5,0.5,4,1.0,1.0,4,0.0,0.0,4
16,L16,W1_KL_0.1,FIXED_ROUTER,evaluation,H,20,5,0.0,0.0,20,0.0,0.0,20,1.0,1.0,20,0.00035491654416546224,0.00035491654416546224,20,0.0,0.0,20,,,0,,,0,0.0,0.0,20,0.0,0.0,20,0.0,0.0,20,0.2,0.2,20,0.0,0.0,20
16,L16,W1_KL_0.1,FIXED_ROUTER,evaluation,U,15,15,0.2,0.2,15,0.0,0.0,15,1.0,1.0,15,0.0,0.0,15,0.2,0.2,15,1.0,1.0,3,0.0,0.0,3,0.0,0.0,12,0.0,0.0,12,0.06666666666666667,0.06666666666666667,15,0.0,0.0,15,0.0,0.0,15
16,L16,W1_KL_0.1,FIXED_ROUTER,evaluation,positive,4,1,0.0,0.0,4,0.0,0.0,4,1.0,1.0,4,,,0,0.0,0.0,4,,,0,,,0,0.0,0.0,4,0.0,0.0,4,0.0,0.0,4,1.0,1.0,4,0.0,0.0,4
16,L16,W1_KL_0.1,FIXED_ROUTER,fit,H,20,4,0.05,0.05,20,0.0,0.0,20,0.95,0.95,20,0.0003725136717548594,0.0003725136717548594,20,0.05,0.05,20,1.0,1.0,1,0.0,0.0,1,0.0,0.0,19,0.05,0.05263157894736842,19,0.0,0.0,20,0.25,0.25,20,0.0,0.0,20
16,L16,W1_KL_0.1,FIXED_ROUTER,fit,U,16,16,0.4375,0.4375,16,0.0,0.0,16,1.0,1.0,16,0.0,0.0,16,0.4375,0.4375,16,1.0,1.0,7,0.0,0.0,7,0.0,0.0,9,0.0,0.0,9,0.25,0.25,16,0.0,0.0,16,0.0,0.0,16
16,L16,W1_KL_0.1,FIXED_ROUTER,fit,positive,5,1,1.0,1.0,5,1.0,1.0,5,0.0,0.0,5,,,0,0.0,0.0,5,,,0,,,0,1.0,1.0,5,1.0,1.0,5,1.0,1.0,5,1.0,1.0,5,0.0,0.0,5
16,L16,W1_KL_0.1,FIXED_ROUTER,formal_development,T1G,4,4,0.5,0.5,4,0.5,0.5,4,0.5,0.5,4,,,0,0.0,0.0,4,,,0,,,0,0.5,0.5,4,0.5,0.5,4,0.5,0.5,4,0.5,0.5,4,0.0,0.0,4
16,L16,W1_KL_0.1,FIXED_ROUTER,formal_development,T1L,5,5,0.6,0.6,5,0.0,0.0,5,1.0,1.0,5,,,0,0.6,0.6,5,1.0,1.0,3,0.0,0.0,3,0.0,0.0,2,0.0,0.0,2,0.0,0.0,5,0.8,0.8,5,0.0,0.0,5
16,L16,W1_KL_0.1,FIXED_ROUTER,formal_development,T2G,4,1,0.25,0.25,4,0.0,0.0,4,0.5,0.5,4,,,0,0.0,0.0,4,,,0,,,0,0.25,0.25,4,0.5,0.5,4,0.25,0.25,4,0.75,0.75,4,0.0,0.0,4
16,L16,W1_KL_0.1,FIXED_ROUTER,native,positive,1,1,1.0,1.0,1,1.0,1.0,1,0.0,0.0,1,,,0,0.0,0.0,1,,,0,,,0,1.0,1.0,1,1.0,1.0,1,1.0,1.0,1,1.0,1.0,1,0.0,0.0,1
16,L16,W1_KL_0.1,FORCED_ON,calibration,H,16,4,0.5,0.5,16,0.0,0.0,16,0.75,0.75,16,0.002234339579445077,0.002234339579445077,16,0.375,0.375,16,1.0,1.0,6,0.0,0.0,6,0.3333333333333333,0.2,10,0.5,0.4,10,0.0,0.0,16,0.0,0.0,16,0.0,0.0,16
16,L16,W1_KL_0.1,FORCED_ON,calibration,U,16,16,0.3125,0.3125,16,0.0,0.0,16,0.25,0.25,16,0.003814111438259715,0.003814111438259715,16,0.1875,0.1875,16,1.0,1.0,3,0.0,0.0,3,0.15384615384615385,0.15384615384615385,13,0.8461538461538461,0.8461538461538461,13,0.125,0.125,16,0.0,0.0,16,0.0,0.0,16
16,L16,W1_KL_0.1,FORCED_ON,calibration,positive,4,1,0.5,0.5,4,0.5,0.5,4,0.5,0.5,4,,,0,0.0,0.0,4,,,0,,,0,0.5,0.5,4,0.5,0.5,4,0.5,0.5,4,1.0,1.0,4,0.0,0.0,4
16,L16,W1_KL_0.1,FORCED_ON,evaluation,H,20,5,0.0,0.0,20,0.0,0.0,20,0.95,0.95,20,0.0017786562602850609,0.0017786562602850609,20,0.0,0.0,20,,,0,,,0,0.0,0.0,20,0.05,0.05,20,0.0,0.0,20,0.2,0.2,20,0.0,0.0,20
16,L16,W1_KL_0.1,FORCED_ON,evaluation,U,15,15,0.2,0.2,15,0.0,0.0,15,0.6,0.6,15,0.002923212138315042,0.002923212138315042,15,0.2,0.2,15,1.0,1.0,3,0.0,0.0,3,0.0,0.0,12,0.4166666666666667,0.4166666666666667,12,0.06666666666666667,0.06666666666666667,15,0.0,0.0,15,0.0,0.0,15
16,L16,W1_KL_0.1,FORCED_ON,evaluation,positive,4,1,0.0,0.0,4,0.0,0.0,4,1.0,1.0,4,,,0,0.0,0.0,4,,,0,,,0,0.0,0.0,4,0.0,0.0,4,0.0,0.0,4,1.0,1.0,4,0.0,0.0,4
16,L16,W1_KL_0.1,FORCED_ON,fit,H,20,4,0.0,0.0,20,0.0,0.0,20,0.75,0.75,20,0.000852412985113915,0.000852412985113915,20,0.05,0.05,20,0.0,0.0,1,1.0,1.0,1,0.0,0.0,19,0.2,0.21052631578947367,19,0.0,0.0,20,0.25,0.25,20,0.0,0.0,20
16,L16,W1_KL_0.1,FORCED_ON,fit,U,16,16,0.375,0.375,16,0.0,0.0,16,0.5,0.5,16,0.007758997458950034,0.007758997458950034,16,0.4375,0.4375,16,0.7142857142857143,0.7142857142857143,7,0.2857142857142857,0.2857142857142857,7,0.1111111111111111,0.1111111111111111,9,0.6666666666666666,0.6666666666666666,9,0.25,0.25,16,0.0,0.0,16,0.0,0.0,16
16,L16,W1_KL_0.1,FORCED_ON,fit,positive,5,1,1.0,1.0,5,1.0,1.0,5,0.0,0.0,5,,,0,0.0,0.0,5,,,0,,,0,1.0,1.0,5,1.0,1.0,5,1.0,1.0,5,1.0,1.0,5,0.0,0.0,5
16,L16,W1_KL_0.1,FORCED_ON,formal_development,T1G,4,4,1.0,1.0,4,1.0,1.0,4,0.0,0.0,4,,,0,0.0,0.0,4,,,0,,,0,1.0,1.0,4,1.0,1.0,4,1.0,1.0,4,0.5,0.5,4,0.0,0.0,4
16,L16,W1_KL_0.1,FORCED_ON,formal_development,T1L,5,5,0.6,0.6,5,0.0,0.0,5,1.0,1.0,5,,,0,0.6,0.6,5,1.0,1.0,3,0.0,0.0,3,0.0,0.0,2,0.0,0.0,2,0.0,0.0,5,0.8,0.8,5,0.0,0.0,5
16,L16,W1_KL_0.1,FORCED_ON,formal_development,T2G,4,1,0.25,0.25,4,0.0,0.0,4,0.25,0.25,4,,,0,0.0,0.0,4,,,0,,,0,0.25,0.25,4,0.75,0.75,4,0.25,0.25,4,0.75,0.75,4,0.0,0.0,4
16,L16,W1_KL_0.1,FORCED_ON,native,positive,1,1,1.0,1.0,1,1.0,1.0,1,0.0,0.0,1,,,0,0.0,0.0,1,,,0,,,0,1.0,1.0,1,1.0,1.0,1,1.0,1.0,1,1.0,1.0,1,0.0,0.0,1
16,L16,W1_KL_1,DISABLED,calibration,H,16,4,0.375,0.375,16,0.0,0.0,16,1.0,1.0,16,0.0,0.0,16,0.375,0.375,16,1.0,1.0,6,0.0,0.0,6,0.0,0.0,10,0.0,0.0,10,0.0,0.0,16,0.0,0.0,16,0.0,0.0,16
16,L16,W1_KL_1,DISABLED,calibration,U,16,16,0.1875,0.1875,16,0.0,0.0,16,1.0,1.0,16,0.0,0.0,16,0.1875,0.1875,16,1.0,1.0,3,0.0,0.0,3,0.0,0.0,13,0.0,0.0,13,0.25,0.25,16,0.0,0.0,16,0.0,0.0,16
16,L16,W1_KL_1,DISABLED,calibration,positive,4,1,0.0,0.0,4,0.0,0.0,4,1.0,1.0,4,,,0,0.0,0.0,4,,,0,,,0,0.0,0.0,4,0.0,0.0,4,0.0,0.0,4,1.0,1.0,4,0.0,0.0,4
16,L16,W1_KL_1,DISABLED,evaluation,H,20,5,0.0,0.0,20,0.0,0.0,20,1.0,1.0,20,0.0,0.0,20,0.0,0.0,20,,,0,,,0,0.0,0.0,20,0.0,0.0,20,0.0,0.0,20,0.2,0.2,20,0.0,0.0,20
16,L16,W1_KL_1,DISABLED,evaluation,U,15,15,0.2,0.2,15,0.0,0.0,15,1.0,1.0,15,0.0,0.0,15,0.2,0.2,15,1.0,1.0,3,0.0,0.0,3,0.0,0.0,12,0.0,0.0,12,0.06666666666666667,0.06666666666666667,15,0.0,0.0,15,0.0,0.0,15
16,L16,W1_KL_1,DISABLED,evaluation,positive,4,1,0.0,0.0,4,0.0,0.0,4,1.0,1.0,4,,,0,0.0,0.0,4,,,0,,,0,0.0,0.0,4,0.0,0.0,4,0.0,0.0,4,1.0,1.0,4,0.0,0.0,4
16,L16,W1_KL_1,DISABLED,fit,H,20,4,0.05,0.05,20,0.0,0.0,20,1.0,1.0,20,0.0,0.0,20,0.05,0.05,20,1.0,1.0,1,0.0,0.0,1,0.0,0.0,19,0.0,0.0,19,0.0,0.0,20,0.25,0.25,20,0.0,0.0,20
16,L16,W1_KL_1,DISABLED,fit,U,16,16,0.4375,0.4375,16,0.0,0.0,16,1.0,1.0,16,0.0,0.0,16,0.4375,0.4375,16,1.0,1.0,7,0.0,0.0,7,0.0,0.0,9,0.0,0.0,9,0.25,0.25,16,0.0,0.0,16,0.0,0.0,16
16,L16,W1_KL_1,DISABLED,fit,positive,5,1,0.0,0.0,5,0.0,0.0,5,1.0,1.0,5,,,0,0.0,0.0,5,,,0,,,0,0.0,0.0,5,0.0,0.0,5,0.0,0.0,5,1.0,1.0,5,0.0,0.0,5
16,L16,W1_KL_1,DISABLED,formal_development,T1G,4,4,0.0,0.0,4,0.0,0.0,4,1.0,1.0,4,,,0,0.0,0.0,4,,,0,,,0,0.0,0.0,4,0.0,0.0,4,0.0,0.0,4,0.5,0.5,4,0.0,0.0,4
16,L16,W1_KL_1,DISABLED,formal_development,T1L,5,5,0.6,0.6,5,0.0,0.0,5,1.0,1.0,5,,,0,0.6,0.6,5,1.0,1.0,3,0.0,0.0,3,0.0,0.0,2,0.0,0.0,2,0.0,0.0,5,0.8,0.8,5,0.0,0.0,5
16,L16,W1_KL_1,DISABLED,formal_development,T2G,4,1,0.0,0.0,4,0.0,0.0,4,1.0,1.0,4,,,0,0.0,0.0,4,,,0,,,0,0.0,0.0,4,0.0,0.0,4,0.0,0.0,4,0.75,0.75,4,0.0,0.0,4
16,L16,W1_KL_1,DISABLED,native,positive,1,1,0.0,0.0,1,0.0,0.0,1,1.0,1.0,1,,,0,0.0,0.0,1,,,0,,,0,0.0,0.0,1,0.0,0.0,1,0.0,0.0,1,1.0,1.0,1,0.0,0.0,1
16,L16,W1_KL_1,FIXED_ROUTER,calibration,H,16,4,0.375,0.375,16,0.0,0.0,16,1.0,1.0,16,0.0,0.0,16,0.375,0.375,16,1.0,1.0,6,0.0,0.0,6,0.0,0.0,10,0.0,0.0,10,0.0,0.0,16,0.0,0.0,16,0.0,0.0,16
16,L16,W1_KL_1,FIXED_ROUTER,calibration,U,16,16,0.1875,0.1875,16,0.0,0.0,16,1.0,1.0,16,0.0,0.0,16,0.1875,0.1875,16,1.0,1.0,3,0.0,0.0,3,0.0,0.0,13,0.0,0.0,13,0.25,0.25,16,0.0,0.0,16,0.0,0.0,16
16,L16,W1_KL_1,FIXED_ROUTER,calibration,positive,4,1,0.25,0.25,4,0.25,0.25,4,0.75,0.75,4,,,0,0.0,0.0,4,,,0,,,0,0.25,0.25,4,0.25,0.25,4,0.25,0.25,4,1.0,1.0,4,0.0,0.0,4
16,L16,W1_KL_1,FIXED_ROUTER,evaluation,H,20,5,0.0,0.0,20,0.0,0.0,20,1.0,1.0,20,0.00020393224840518088,0.00020393224840518088,20,0.0,0.0,20,,,0,,,0,0.0,0.0,20,0.0,0.0,20,0.0,0.0,20,0.2,0.2,20,0.0,0.0,20
16,L16,W1_KL_1,FIXED_ROUTER,evaluation,U,15,15,0.2,0.2,15,0.0,0.0,15,1.0,1.0,15,0.0,0.0,15,0.2,0.2,15,1.0,1.0,3,0.0,0.0,3,0.0,0.0,12,0.0,0.0,12,0.06666666666666667,0.06666666666666667,15,0.0,0.0,15,0.0,0.0,15
16,L16,W1_KL_1,FIXED_ROUTER,evaluation,positive,4,1,0.0,0.0,4,0.0,0.0,4,1.0,1.0,4,,,0,0.0,0.0,4,,,0,,,0,0.0,0.0,4,0.0,0.0,4,0.0,0.0,4,1.0,1.0,4,0.0,0.0,4
16,L16,W1_KL_1,FIXED_ROUTER,fit,H,20,4,0.05,0.05,20,0.0,0.0,20,0.9,0.9,20,0.00015429574705194682,0.00015429574705194682,20,0.05,0.05,20,1.0,1.0,1,0.0,0.0,1,0.0,0.0,19,0.1,0.10526315789473684,19,0.0,0.0,20,0.25,0.25,20,0.0,0.0,20
16,L16,W1_KL_1,FIXED_ROUTER,fit,U,16,16,0.4375,0.4375,16,0.0,0.0,16,1.0,1.0,16,0.0,0.0,16,0.4375,0.4375,16,1.0,1.0,7,0.0,0.0,7,0.0,0.0,9,0.0,0.0,9,0.25,0.25,16,0.0,0.0,16,0.0,0.0,16
16,L16,W1_KL_1,FIXED_ROUTER,fit,positive,5,1,1.0,1.0,5,1.0,1.0,5,0.0,0.0,5,,,0,0.0,0.0,5,,,0,,,0,1.0,1.0,5,1.0,1.0,5,1.0,1.0,5,1.0,1.0,5,0.0,0.0,5
16,L16,W1_KL_1,FIXED_ROUTER,formal_development,T1G,4,4,0.5,0.5,4,0.5,0.5,4,0.5,0.5,4,,,0,0.0,0.0,4,,,0,,,0,0.5,0.5,4,0.5,0.5,4,0.5,0.5,4,0.5,0.5,4,0.0,0.0,4
16,L16,W1_KL_1,FIXED_ROUTER,formal_development,T1L,5,5,0.6,0.6,5,0.0,0.0,5,1.0,1.0,5,,,0,0.6,0.6,5,1.0,1.0,3,0.0,0.0,3,0.0,0.0,2,0.0,0.0,2,0.0,0.0,5,0.8,0.8,5,0.0,0.0,5
16,L16,W1_KL_1,FIXED_ROUTER,formal_development,T2G,4,1,0.0,0.0,4,0.0,0.0,4,0.5,0.5,4,,,0,0.0,0.0,4,,,0,,,0,0.0,0.0,4,0.5,0.5,4,0.0,0.0,4,0.75,0.75,4,0.0,0.0,4
16,L16,W1_KL_1,FIXED_ROUTER,native,positive,1,1,1.0,1.0,1,1.0,1.0,1,0.0,0.0,1,,,0,0.0,0.0,1,,,0,,,0,1.0,1.0,1,1.0,1.0,1,1.0,1.0,1,1.0,1.0,1,0.0,0.0,1
16,L16,W1_KL_1,FORCED_ON,calibration,H,16,4,0.5,0.5,16,0.0,0.0,16,0.75,0.75,16,0.001251194338692585,0.001251194338692585,16,0.375,0.375,16,1.0,1.0,6,0.0,0.0,6,0.3333333333333333,0.2,10,0.5,0.4,10,0.0,0.0,16,0.0,0.0,16,0.0,0.0,16
16,L16,W1_KL_1,FORCED_ON,calibration,U,16,16,0.25,0.25,16,0.0,0.0,16,0.4375,0.4375,16,0.003918269358109683,0.003918269358109683,16,0.1875,0.1875,16,1.0,1.0,3,0.0,0.0,3,0.07692307692307693,0.07692307692307693,13,0.6153846153846154,0.6153846153846154,13,0.1875,0.1875,16,0.0,0.0,16,0.0,0.0,16
16,L16,W1_KL_1,FORCED_ON,calibration,positive,4,1,0.25,0.25,4,0.25,0.25,4,0.75,0.75,4,,,0,0.0,0.0,4,,,0,,,0,0.25,0.25,4,0.25,0.25,4,0.25,0.25,4,1.0,1.0,4,0.0,0.0,4
16,L16,W1_KL_1,FORCED_ON,evaluation,H,20,5,0.0,0.0,20,0.0,0.0,20,1.0,1.0,20,0.0011445843148976565,0.0011445843148976565,20,0.0,0.0,20,,,0,,,0,0.0,0.0,20,0.0,0.0,20,0.0,0.0,20,0.2,0.2,20,0.0,0.0,20
16,L16,W1_KL_1,FORCED_ON,evaluation,U,15,15,0.2,0.2,15,0.0,0.0,15,0.4666666666666667,0.4666666666666667,15,0.0034947092179208996,0.0034947092179208996,15,0.2,0.2,15,1.0,1.0,3,0.0,0.0,3,0.0,0.0,12,0.5833333333333334,0.5833333333333334,12,0.06666666666666667,0.06666666666666667,15,0.0,0.0,15,0.0,0.0,15
16,L16,W1_KL_1,FORCED_ON,evaluation,positive,4,1,0.0,0.0,4,0.0,0.0,4,1.0,1.0,4,,,0,0.0,0.0,4,,,0,,,0,0.0,0.0,4,0.0,0.0,4,0.0,0.0,4,1.0,1.0,4,0.0,0.0,4
16,L16,W1_KL_1,FORCED_ON,fit,H,20,4,0.0,0.0,20,0.0,0.0,20,0.75,0.75,20,0.0004476678564969916,0.0004476678564969916,20,0.05,0.05,20,0.0,0.0,1,1.0,1.0,1,0.0,0.0,19,0.2,0.21052631578947367,19,0.0,0.0,20,0.25,0.25,20,0.0,0.0,20
16,L16,W1_KL_1,FORCED_ON,fit,U,16,16,0.375,0.375,16,0.0,0.0,16,0.6875,0.6875,16,0.004024309982014529,0.004024309982014529,16,0.4375,0.4375,16,0.8571428571428571,0.8571428571428571,7,0.14285714285714285,0.14285714285714285,7,0.0,0.0,9,0.4444444444444444,0.4444444444444444,9,0.25,0.25,16,0.0,0.0,16,0.0,0.0,16
16,L16,W1_KL_1,FORCED_ON,fit,positive,5,1,1.0,1.0,5,1.0,1.0,5,0.0,0.0,5,,,0,0.0,0.0,5,,,0,,,0,1.0,1.0,5,1.0,1.0,5,1.0,1.0,5,1.0,1.0,5,0.0,0.0,5
16,L16,W1_KL_1,FORCED_ON,formal_development,T1G,4,4,1.0,1.0,4,1.0,1.0,4,0.0,0.0,4,,,0,0.0,0.0,4,,,0,,,0,1.0,1.0,4,1.0,1.0,4,1.0,1.0,4,0.5,0.5,4,0.0,0.0,4
16,L16,W1_KL_1,FORCED_ON,formal_development,T1L,5,5,0.6,0.6,5,0.0,0.0,5,1.0,1.0,5,,,0,0.6,0.6,5,1.0,1.0,3,0.0,0.0,3,0.0,0.0,2,0.0,0.0,2,0.0,0.0,5,0.8,0.8,5,0.0,0.0,5
16,L16,W1_KL_1,FORCED_ON,formal_development,T2G,4,1,0.0,0.0,4,0.0,0.0,4,0.25,0.25,4,,,0,0.0,0.0,4,,,0,,,0,0.0,0.0,4,0.75,0.75,4,0.0,0.0,4,0.75,0.75,4,0.0,0.0,4
16,L16,W1_KL_1,FORCED_ON,native,positive,1,1,1.0,1.0,1,1.0,1.0,1,0.0,0.0,1,,,0,0.0,0.0,1,,,0,,,0,1.0,1.0,1,1.0,1.0,1,1.0,1.0,1,1.0,1.0,1,0.0,0.0,1
16,L16,W1_KL_10,DISABLED,calibration,H,16,4,0.375,0.375,16,0.0,0.0,16,1.0,1.0,16,0.0,0.0,16,0.375,0.375,16,1.0,1.0,6,0.0,0.0,6,0.0,0.0,10,0.0,0.0,10,0.0,0.0,16,0.0,0.0,16,0.0,0.0,16
16,L16,W1_KL_10,DISABLED,calibration,U,16,16,0.1875,0.1875,16,0.0,0.0,16,1.0,1.0,16,0.0,0.0,16,0.1875,0.1875,16,1.0,1.0,3,0.0,0.0,3,0.0,0.0,13,0.0,0.0,13,0.25,0.25,16,0.0,0.0,16,0.0,0.0,16
16,L16,W1_KL_10,DISABLED,calibration,positive,4,1,0.0,0.0,4,0.0,0.0,4,1.0,1.0,4,,,0,0.0,0.0,4,,,0,,,0,0.0,0.0,4,0.0,0.0,4,0.0,0.0,4,1.0,1.0,4,0.0,0.0,4
16,L16,W1_KL_10,DISABLED,evaluation,H,20,5,0.0,0.0,20,0.0,0.0,20,1.0,1.0,20,0.0,0.0,20,0.0,0.0,20,,,0,,,0,0.0,0.0,20,0.0,0.0,20,0.0,0.0,20,0.2,0.2,20,0.0,0.0,20
16,L16,W1_KL_10,DISABLED,evaluation,U,15,15,0.2,0.2,15,0.0,0.0,15,1.0,1.0,15,0.0,0.0,15,0.2,0.2,15,1.0,1.0,3,0.0,0.0,3,0.0,0.0,12,0.0,0.0,12,0.06666666666666667,0.06666666666666667,15,0.0,0.0,15,0.0,0.0,15
16,L16,W1_KL_10,DISABLED,evaluation,positive,4,1,0.0,0.0,4,0.0,0.0,4,1.0,1.0,4,,,0,0.0,0.0,4,,,0,,,0,0.0,0.0,4,0.0,0.0,4,0.0,0.0,4,1.0,1.0,4,0.0,0.0,4
16,L16,W1_KL_10,DISABLED,fit,H,20,4,0.05,0.05,20,0.0,0.0,20,1.0,1.0,20,0.0,0.0,20,0.05,0.05,20,1.0,1.0,1,0.0,0.0,1,0.0,0.0,19,0.0,0.0,19,0.0,0.0,20,0.25,0.25,20,0.0,0.0,20
16,L16,W1_KL_10,DISABLED,fit,U,16,16,0.4375,0.4375,16,0.0,0.0,16,1.0,1.0,16,0.0,0.0,16,0.4375,0.4375,16,1.0,1.0,7,0.0,0.0,7,0.0,0.0,9,0.0,0.0,9,0.25,0.25,16,0.0,0.0,16,0.0,0.0,16
16,L16,W1_KL_10,DISABLED,fit,positive,5,1,0.0,0.0,5,0.0,0.0,5,1.0,1.0,5,,,0,0.0,0.0,5,,,0,,,0,0.0,0.0,5,0.0,0.0,5,0.0,0.0,5,1.0,1.0,5,0.0,0.0,5
16,L16,W1_KL_10,DISABLED,formal_development,T1G,4,4,0.0,0.0,4,0.0,0.0,4,1.0,1.0,4,,,0,0.0,0.0,4,,,0,,,0,0.0,0.0,4,0.0,0.0,4,0.0,0.0,4,0.5,0.5,4,0.0,0.0,4
16,L16,W1_KL_10,DISABLED,formal_development,T1L,5,5,0.6,0.6,5,0.0,0.0,5,1.0,1.0,5,,,0,0.6,0.6,5,1.0,1.0,3,0.0,0.0,3,0.0,0.0,2,0.0,0.0,2,0.0,0.0,5,0.8,0.8,5,0.0,0.0,5
16,L16,W1_KL_10,DISABLED,formal_development,T2G,4,1,0.0,0.0,4,0.0,0.0,4,1.0,1.0,4,,,0,0.0,0.0,4,,,0,,,0,0.0,0.0,4,0.0,0.0,4,0.0,0.0,4,0.75,0.75,4,0.0,0.0,4
16,L16,W1_KL_10,DISABLED,native,positive,1,1,0.0,0.0,1,0.0,0.0,1,1.0,1.0,1,,,0,0.0,0.0,1,,,0,,,0,0.0,0.0,1,0.0,0.0,1,0.0,0.0,1,1.0,1.0,1,0.0,0.0,1
16,L16,W1_KL_10,FIXED_ROUTER,calibration,H,16,4,0.375,0.375,16,0.0,0.0,16,1.0,1.0,16,0.0,0.0,16,0.375,0.375,16,1.0,1.0,6,0.0,0.0,6,0.0,0.0,10,0.0,0.0,10,0.0,0.0,16,0.0,0.0,16,0.0,0.0,16
16,L16,W1_KL_10,FIXED_ROUTER,calibration,U,16,16,0.1875,0.1875,16,0.0,0.0,16,1.0,1.0,16,0.0,0.0,16,0.1875,0.1875,16,1.0,1.0,3,0.0,0.0,3,0.0,0.0,13,0.0,0.0,13,0.25,0.25,16,0.0,0.0,16,0.0,0.0,16
16,L16,W1_KL_10,FIXED_ROUTER,calibration,positive,4,1,0.0,0.0,4,0.0,0.0,4,1.0,1.0,4,,,0,0.0,0.0,4,,,0,,,0,0.0,0.0,4,0.0,0.0,4,0.0,0.0,4,1.0,1.0,4,0.0,0.0,4
16,L16,W1_KL_10,FIXED_ROUTER,evaluation,H,20,5,0.0,0.0,20,0.0,0.0,20,1.0,1.0,20,0.00041743823676370083,0.00041743823676370083,20,0.0,0.0,20,,,0,,,0,0.0,0.0,20,0.0,0.0,20,0.0,0.0,20,0.2,0.2,20,0.0,0.0,20
16,L16,W1_KL_10,FIXED_ROUTER,evaluation,U,15,15,0.2,0.2,15,0.0,0.0,15,1.0,1.0,15,0.0,0.0,15,0.2,0.2,15,1.0,1.0,3,0.0,0.0,3,0.0,0.0,12,0.0,0.0,12,0.06666666666666667,0.06666666666666667,15,0.0,0.0,15,0.0,0.0,15
16,L16,W1_KL_10,FIXED_ROUTER,evaluation,positive,4,1,0.0,0.0,4,0.0,0.0,4,1.0,1.0,4,,,0,0.0,0.0,4,,,0,,,0,0.0,0.0,4,0.0,0.0,4,0.0,0.0,4,1.0,1.0,4,0.0,0.0,4
16,L16,W1_KL_10,FIXED_ROUTER,fit,H,20,4,0.05,0.05,20,0.0,0.0,20,1.0,1.0,20,0.0004228500532917678,0.0004228500532917678,20,0.05,0.05,20,1.0,1.0,1,0.0,0.0,1,0.0,0.0,19,0.0,0.0,19,0.0,0.0,20,0.25,0.25,20,0.0,0.0,20
16,L16,W1_KL_10,FIXED_ROUTER,fit,U,16,16,0.4375,0.4375,16,0.0,0.0,16,1.0,1.0,16,0.0,0.0,16,0.4375,0.4375,16,1.0,1.0,7,0.0,0.0,7,0.0,0.0,9,0.0,0.0,9,0.25,0.25,16,0.0,0.0,16,0.0,0.0,16
16,L16,W1_KL_10,FIXED_ROUTER,fit,positive,5,1,0.6,0.6,5,0.6,0.6,5,0.4,0.4,5,,,0,0.0,0.0,5,,,0,,,0,0.6,0.6,5,0.6,0.6,5,0.6,0.6,5,1.0,1.0,5,0.0,0.0,5
16,L16,W1_KL_10,FIXED_ROUTER,formal_development,T1G,4,4,0.25,0.25,4,0.25,0.25,4,0.5,0.5,4,,,0,0.0,0.0,4,,,0,,,0,0.25,0.25,4,0.5,0.5,4,0.25,0.25,4,0.5,0.5,4,0.0,0.0,4
16,L16,W1_KL_10,FIXED_ROUTER,formal_development,T1L,5,5,0.6,0.6,5,0.0,0.0,5,0.8,0.8,5,,,0,0.6,0.6,5,1.0,1.0,3,0.0,0.0,3,0.0,0.0,2,0.5,0.5,2,0.0,0.0,5,0.8,0.8,5,0.0,0.0,5
16,L16,W1_KL_10,FIXED_ROUTER,formal_development,T2G,4,1,0.0,0.0,4,0.0,0.0,4,0.75,0.75,4,,,0,0.0,0.0,4,,,0,,,0,0.0,0.0,4,0.25,0.25,4,0.0,0.0,4,0.75,0.75,4,0.0,0.0,4
16,L16,W1_KL_10,FIXED_ROUTER,native,positive,1,1,1.0,1.0,1,1.0,1.0,1,0.0,0.0,1,,,0,0.0,0.0,1,,,0,,,0,1.0,1.0,1,1.0,1.0,1,1.0,1.0,1,1.0,1.0,1,0.0,0.0,1
16,L16,W1_KL_10,FORCED_ON,calibration,H,16,4,0.5,0.5,16,0.0,0.0,16,0.75,0.75,16,0.0016640003141219495,0.0016640003141219495,16,0.375,0.375,16,1.0,1.0,6,0.0,0.0,6,0.3333333333333333,0.2,10,0.5,0.4,10,0.0,0.0,16,0.0,0.0,16,0.0,0.0,16
16,L16,W1_KL_10,FORCED_ON,calibration,U,16,16,0.25,0.25,16,0.0,0.0,16,0.5625,0.5625,16,0.0036675398114311974,0.0036675398114311974,16,0.1875,0.1875,16,1.0,1.0,3,0.0,0.0,3,0.07692307692307693,0.07692307692307693,13,0.38461538461538464,0.38461538461538464,13,0.1875,0.1875,16,0.0,0.0,16,0.0,0.0,16
16,L16,W1_KL_10,FORCED_ON,calibration,positive,4,1,0.0,0.0,4,0.0,0.0,4,1.0,1.0,4,,,0,0.0,0.0,4,,,0,,,0,0.0,0.0,4,0.0,0.0,4,0.0,0.0,4,1.0,1.0,4,0.0,0.0,4
16,L16,W1_KL_10,FORCED_ON,evaluation,H,20,5,0.0,0.0,20,0.0,0.0,20,1.0,1.0,20,0.0014158226927975192,0.0014158226927975192,20,0.0,0.0,20,,,0,,,0,0.0,0.0,20,0.0,0.0,20,0.0,0.0,20,0.2,0.2,20,0.0,0.0,20
16,L16,W1_KL_10,FORCED_ON,evaluation,U,15,15,0.2,0.2,15,0.0,0.0,15,0.5333333333333333,0.5333333333333333,15,0.00289545819008102,0.00289545819008102,15,0.2,0.2,15,1.0,1.0,3,0.0,0.0,3,0.0,0.0,12,0.5,0.5,12,0.06666666666666667,0.06666666666666667,15,0.0,0.0,15,0.0,0.0,15
16,L16,W1_KL_10,FORCED_ON,evaluation,positive,4,1,0.0,0.0,4,0.0,0.0,4,1.0,1.0,4,,,0,0.0,0.0,4,,,0,,,0,0.0,0.0,4,0.0,0.0,4,0.0,0.0,4,1.0,1.0,4,0.0,0.0,4
16,L16,W1_KL_10,FORCED_ON,fit,H,20,4,0.05,0.05,20,0.0,0.0,20,0.95,0.95,20,0.00080820222501643,0.00080820222501643,20,0.05,0.05,20,1.0,1.0,1,0.0,0.0,1,0.0,0.0,19,0.05,0.05263157894736842,19,0.0,0.0,20,0.25,0.25,20,0.0,0.0,20
16,L16,W1_KL_10,FORCED_ON,fit,U,16,16,0.3125,0.3125,16,0.0,0.0,16,0.5,0.5,16,0.0028332095434961957,0.0028332095434961957,16,0.4375,0.4375,16,0.7142857142857143,0.7142857142857143,7,0.2857142857142857,0.2857142857142857,7,0.0,0.0,9,0.6666666666666666,0.6666666666666666,9,0.25,0.25,16,0.0,0.0,16,0.0,0.0,16
16,L16,W1_KL_10,FORCED_ON,fit,positive,5,1,0.6,0.6,5,0.6,0.6,5,0.4,0.4,5,,,0,0.0,0.0,5,,,0,,,0,0.6,0.6,5,0.6,0.6,5,0.6,0.6,5,1.0,1.0,5,0.0,0.0,5
16,L16,W1_KL_10,FORCED_ON,formal_development,T1G,4,4,0.75,0.75,4,0.75,0.75,4,0.0,0.0,4,,,0,0.0,0.0,4,,,0,,,0,0.75,0.75,4,1.0,1.0,4,0.75,0.75,4,0.5,0.5,4,0.0,0.0,4
16,L16,W1_KL_10,FORCED_ON,formal_development,T1L,5,5,0.6,0.6,5,0.0,0.0,5,0.8,0.8,5,,,0,0.6,0.6,5,1.0,1.0,3,0.0,0.0,3,0.0,0.0,2,0.5,0.5,2,0.0,0.0,5,0.8,0.8,5,0.0,0.0,5
16,L16,W1_KL_10,FORCED_ON,formal_development,T2G,4,1,0.0,0.0,4,0.0,0.0,4,0.5,0.5,4,,,0,0.0,0.0,4,,,0,,,0,0.0,0.0,4,0.5,0.5,4,0.0,0.0,4,0.75,0.75,4,0.0,0.0,4
16,L16,W1_KL_10,FORCED_ON,native,positive,1,1,1.0,1.0,1,1.0,1.0,1,0.0,0.0,1,,,0,0.0,0.0,1,,,0,,,0,1.0,1.0,1,1.0,1.0,1,1.0,1.0,1,1.0,1.0,1,0.0,0.0,1
16,L16,W2_GROUP_CONSTRAINED,DISABLED,calibration,H,16,4,0.375,0.375,16,0.0,0.0,16,1.0,1.0,16,0.0,0.0,16,0.375,0.375,16,1.0,1.0,6,0.0,0.0,6,0.0,0.0,10,0.0,0.0,10,0.0,0.0,16,0.0,0.0,16,0.0,0.0,16
16,L16,W2_GROUP_CONSTRAINED,DISABLED,calibration,U,16,16,0.1875,0.1875,16,0.0,0.0,16,1.0,1.0,16,0.0,0.0,16,0.1875,0.1875,16,1.0,1.0,3,0.0,0.0,3,0.0,0.0,13,0.0,0.0,13,0.25,0.25,16,0.0,0.0,16,0.0,0.0,16
16,L16,W2_GROUP_CONSTRAINED,DISABLED,calibration,positive,4,1,0.0,0.0,4,0.0,0.0,4,1.0,1.0,4,,,0,0.0,0.0,4,,,0,,,0,0.0,0.0,4,0.0,0.0,4,0.0,0.0,4,1.0,1.0,4,0.0,0.0,4
16,L16,W2_GROUP_CONSTRAINED,DISABLED,evaluation,H,20,5,0.0,0.0,20,0.0,0.0,20,1.0,1.0,20,0.0,0.0,20,0.0,0.0,20,,,0,,,0,0.0,0.0,20,0.0,0.0,20,0.0,0.0,20,0.2,0.2,20,0.0,0.0,20
16,L16,W2_GROUP_CONSTRAINED,DISABLED,evaluation,U,15,15,0.2,0.2,15,0.0,0.0,15,1.0,1.0,15,0.0,0.0,15,0.2,0.2,15,1.0,1.0,3,0.0,0.0,3,0.0,0.0,12,0.0,0.0,12,0.06666666666666667,0.06666666666666667,15,0.0,0.0,15,0.0,0.0,15
16,L16,W2_GROUP_CONSTRAINED,DISABLED,evaluation,positive,4,1,0.0,0.0,4,0.0,0.0,4,1.0,1.0,4,,,0,0.0,0.0,4,,,0,,,0,0.0,0.0,4,0.0,0.0,4,0.0,0.0,4,1.0,1.0,4,0.0,0.0,4
16,L16,W2_GROUP_CONSTRAINED,DISABLED,fit,H,20,4,0.05,0.05,20,0.0,0.0,20,1.0,1.0,20,0.0,0.0,20,0.05,0.05,20,1.0,1.0,1,0.0,0.0,1,0.0,0.0,19,0.0,0.0,19,0.0,0.0,20,0.25,0.25,20,0.0,0.0,20
16,L16,W2_GROUP_CONSTRAINED,DISABLED,fit,U,16,16,0.4375,0.4375,16,0.0,0.0,16,1.0,1.0,16,0.0,0.0,16,0.4375,0.4375,16,1.0,1.0,7,0.0,0.0,7,0.0,0.0,9,0.0,0.0,9,0.25,0.25,16,0.0,0.0,16,0.0,0.0,16
16,L16,W2_GROUP_CONSTRAINED,DISABLED,fit,positive,5,1,0.0,0.0,5,0.0,0.0,5,1.0,1.0,5,,,0,0.0,0.0,5,,,0,,,0,0.0,0.0,5,0.0,0.0,5,0.0,0.0,5,1.0,1.0,5,0.0,0.0,5
16,L16,W2_GROUP_CONSTRAINED,DISABLED,formal_development,T1G,4,4,0.0,0.0,4,0.0,0.0,4,1.0,1.0,4,,,0,0.0,0.0,4,,,0,,,0,0.0,0.0,4,0.0,0.0,4,0.0,0.0,4,0.5,0.5,4,0.0,0.0,4
16,L16,W2_GROUP_CONSTRAINED,DISABLED,formal_development,T1L,5,5,0.6,0.6,5,0.0,0.0,5,1.0,1.0,5,,,0,0.6,0.6,5,1.0,1.0,3,0.0,0.0,3,0.0,0.0,2,0.0,0.0,2,0.0,0.0,5,0.8,0.8,5,0.0,0.0,5
16,L16,W2_GROUP_CONSTRAINED,DISABLED,formal_development,T2G,4,1,0.0,0.0,4,0.0,0.0,4,1.0,1.0,4,,,0,0.0,0.0,4,,,0,,,0,0.0,0.0,4,0.0,0.0,4,0.0,0.0,4,0.75,0.75,4,0.0,0.0,4
16,L16,W2_GROUP_CONSTRAINED,DISABLED,native,positive,1,1,0.0,0.0,1,0.0,0.0,1,1.0,1.0,1,,,0,0.0,0.0,1,,,0,,,0,0.0,0.0,1,0.0,0.0,1,0.0,0.0,1,1.0,1.0,1,0.0,0.0,1
16,L16,W2_GROUP_CONSTRAINED,FIXED_ROUTER,calibration,H,16,4,0.375,0.375,16,0.0,0.0,16,1.0,1.0,16,0.0,0.0,16,0.375,0.375,16,1.0,1.0,6,0.0,0.0,6,0.0,0.0,10,0.0,0.0,10,0.0,0.0,16,0.0,0.0,16,0.0,0.0,16
16,L16,W2_GROUP_CONSTRAINED,FIXED_ROUTER,calibration,U,16,16,0.1875,0.1875,16,0.0,0.0,16,1.0,1.0,16,0.0,0.0,16,0.1875,0.1875,16,1.0,1.0,3,0.0,0.0,3,0.0,0.0,13,0.0,0.0,13,0.25,0.25,16,0.0,0.0,16,0.0,0.0,16
16,L16,W2_GROUP_CONSTRAINED,FIXED_ROUTER,calibration,positive,4,1,1.0,1.0,4,1.0,1.0,4,0.0,0.0,4,,,0,0.0,0.0,4,,,0,,,0,1.0,1.0,4,1.0,1.0,4,1.0,1.0,4,1.0,1.0,4,0.0,0.0,4
16,L16,W2_GROUP_CONSTRAINED,FIXED_ROUTER,evaluation,H,20,5,0.0,0.0,20,0.0,0.0,20,0.8,0.8,20,0.0754735141992569,0.0754735141992569,20,0.0,0.0,20,,,0,,,0,0.0,0.0,20,0.2,0.2,20,0.2,0.2,20,0.2,0.2,20,0.0,0.0,20
16,L16,W2_GROUP_CONSTRAINED,FIXED_ROUTER,evaluation,U,15,15,0.2,0.2,15,0.0,0.0,15,1.0,1.0,15,0.0,0.0,15,0.2,0.2,15,1.0,1.0,3,0.0,0.0,3,0.0,0.0,12,0.0,0.0,12,0.06666666666666667,0.06666666666666667,15,0.0,0.0,15,0.0,0.0,15
16,L16,W2_GROUP_CONSTRAINED,FIXED_ROUTER,evaluation,positive,4,1,1.0,1.0,4,1.0,1.0,4,0.0,0.0,4,,,0,0.0,0.0,4,,,0,,,0,1.0,1.0,4,1.0,1.0,4,1.0,1.0,4,1.0,1.0,4,0.0,0.0,4
16,L16,W2_GROUP_CONSTRAINED,FIXED_ROUTER,fit,H,20,4,0.05,0.05,20,0.0,0.0,20,0.75,0.75,20,0.09555405229330063,0.09555405229330063,20,0.05,0.05,20,1.0,1.0,1,0.0,0.0,1,0.0,0.0,19,0.25,0.2631578947368421,19,0.25,0.25,20,0.25,0.25,20,0.0,0.0,20
16,L16,W2_GROUP_CONSTRAINED,FIXED_ROUTER,fit,U,16,16,0.4375,0.4375,16,0.0,0.0,16,1.0,1.0,16,0.0,0.0,16,0.4375,0.4375,16,1.0,1.0,7,0.0,0.0,7,0.0,0.0,9,0.0,0.0,9,0.25,0.25,16,0.0,0.0,16,0.0,0.0,16
16,L16,W2_GROUP_CONSTRAINED,FIXED_ROUTER,fit,positive,5,1,1.0,1.0,5,1.0,1.0,5,0.0,0.0,5,,,0,0.0,0.0,5,,,0,,,0,1.0,1.0,5,1.0,1.0,5,1.0,1.0,5,1.0,1.0,5,0.0,0.0,5
16,L16,W2_GROUP_CONSTRAINED,FIXED_ROUTER,formal_development,T1G,4,4,0.5,0.5,4,0.5,0.5,4,0.5,0.5,4,,,0,0.0,0.0,4,,,0,,,0,0.5,0.5,4,0.5,0.5,4,0.5,0.5,4,0.5,0.5,4,0.0,0.0,4
16,L16,W2_GROUP_CONSTRAINED,FIXED_ROUTER,formal_development,T1L,5,5,0.2,0.2,5,0.0,0.0,5,0.2,0.2,5,,,0,0.6,0.6,5,0.3333333333333333,0.3333333333333333,3,0.6666666666666666,0.6666666666666666,3,0.0,0.0,2,1.0,1.0,2,0.8,0.8,5,0.8,0.8,5,0.0,0.0,5
16,L16,W2_GROUP_CONSTRAINED,FIXED_ROUTER,formal_development,T2G,4,1,0.75,0.75,4,0.75,0.75,4,0.25,0.25,4,,,0,0.0,0.0,4,,,0,,,0,0.75,0.75,4,0.75,0.75,4,0.75,0.75,4,0.75,0.75,4,0.0,0.0,4
16,L16,W2_GROUP_CONSTRAINED,FIXED_ROUTER,native,positive,1,1,1.0,1.0,1,1.0,1.0,1,0.0,0.0,1,,,0,0.0,0.0,1,,,0,,,0,1.0,1.0,1,1.0,1.0,1,1.0,1.0,1,1.0,1.0,1,0.0,0.0,1
16,L16,W2_GROUP_CONSTRAINED,FORCED_ON,calibration,H,16,4,0.0,0.0,16,0.0,0.0,16,0.0,0.0,16,0.3214943967759609,0.3214943967759609,16,0.375,0.375,16,0.0,0.0,6,1.0,1.0,6,0.0,0.0,10,1.0,1.0,10,0.25,0.25,16,0.0,0.0,16,0.0,0.0,16
16,L16,W2_GROUP_CONSTRAINED,FORCED_ON,calibration,U,16,16,0.25,0.25,16,0.0,0.0,16,0.25,0.25,16,0.003017068294866476,0.003017068294866476,16,0.1875,0.1875,16,1.0,1.0,3,0.0,0.0,3,0.07692307692307693,0.07692307692307693,13,0.7692307692307693,0.7692307692307693,13,0.0625,0.0625,16,0.0,0.0,16,0.0,0.0,16
16,L16,W2_GROUP_CONSTRAINED,FORCED_ON,calibration,positive,4,1,1.0,1.0,4,1.0,1.0,4,0.0,0.0,4,,,0,0.0,0.0,4,,,0,,,0,1.0,1.0,4,1.0,1.0,4,1.0,1.0,4,1.0,1.0,4,0.0,0.0,4
16,L16,W2_GROUP_CONSTRAINED,FORCED_ON,evaluation,H,20,5,0.0,0.0,20,0.0,0.0,20,0.0,0.0,20,0.36063180640339854,0.36063180640339854,20,0.0,0.0,20,,,0,,,0,0.0,0.0,20,1.0,1.0,20,0.6,0.6,20,0.2,0.2,20,0.0,0.0,20
16,L16,W2_GROUP_CONSTRAINED,FORCED_ON,evaluation,U,15,15,0.2,0.2,15,0.0,0.0,15,0.5333333333333333,0.5333333333333333,15,0.002261507142490397,0.002261507142490397,15,0.2,0.2,15,1.0,1.0,3,0.0,0.0,3,0.0,0.0,12,0.5833333333333334,0.5833333333333334,12,0.06666666666666667,0.06666666666666667,15,0.0,0.0,15,0.0,0.0,15
16,L16,W2_GROUP_CONSTRAINED,FORCED_ON,evaluation,positive,4,1,1.0,1.0,4,1.0,1.0,4,0.0,0.0,4,,,0,0.0,0.0,4,,,0,,,0,1.0,1.0,4,1.0,1.0,4,1.0,1.0,4,1.0,1.0,4,0.0,0.0,4
16,L16,W2_GROUP_CONSTRAINED,FORCED_ON,fit,H,20,4,0.0,0.0,20,0.0,0.0,20,0.0,0.0,20,0.3320527195930481,0.3320527195930481,20,0.05,0.05,20,0.0,0.0,1,1.0,1.0,1,0.0,0.0,19,1.0,1.0,19,0.75,0.75,20,0.25,0.25,20,0.0,0.0,20
16,L16,W2_GROUP_CONSTRAINED,FORCED_ON,fit,U,16,16,0.375,0.375,16,0.0,0.0,16,0.5625,0.5625,16,0.001481242908994318,0.001481242908994318,16,0.4375,0.4375,16,0.7142857142857143,0.7142857142857143,7,0.2857142857142857,0.2857142857142857,7,0.1111111111111111,0.1111111111111111,9,0.4444444444444444,0.4444444444444444,9,0.25,0.25,16,0.0,0.0,16,0.0,0.0,16
16,L16,W2_GROUP_CONSTRAINED,FORCED_ON,fit,positive,5,1,1.0,1.0,5,1.0,1.0,5,0.0,0.0,5,,,0,0.0,0.0,5,,,0,,,0,1.0,1.0,5,1.0,1.0,5,1.0,1.0,5,1.0,1.0,5,0.0,0.0,5
16,L16,W2_GROUP_CONSTRAINED,FORCED_ON,formal_development,T1G,4,4,1.0,1.0,4,1.0,1.0,4,0.0,0.0,4,,,0,0.0,0.0,4,,,0,,,0,1.0,1.0,4,1.0,1.0,4,1.0,1.0,4,0.5,0.5,4,0.0,0.0,4
16,L16,W2_GROUP_CONSTRAINED,FORCED_ON,formal_development,T1L,5,5,0.0,0.0,5,0.0,0.0,5,0.0,0.0,5,,,0,0.6,0.6,5,0.0,0.0,3,1.0,1.0,3,0.0,0.0,2,1.0,1.0,2,1.0,1.0,5,0.8,0.8,5,0.0,0.0,5
16,L16,W2_GROUP_CONSTRAINED,FORCED_ON,formal_development,T2G,4,1,0.75,0.75,4,0.75,0.75,4,0.0,0.0,4,,,0,0.0,0.0,4,,,0,,,0,0.75,0.75,4,1.0,1.0,4,0.75,0.75,4,0.75,0.75,4,0.0,0.0,4
16,L16,W2_GROUP_CONSTRAINED,FORCED_ON,native,positive,1,1,1.0,1.0,1,1.0,1.0,1,0.0,0.0,1,,,0,0.0,0.0,1,,,0,,,0,1.0,1.0,1,1.0,1.0,1,1.0,1.0,1,1.0,1.0,1,0.0,0.0,1
16,P4,W0_TASK_ONLY,DISABLED,calibration,H,16,4,0.375,0.375,16,0.0,0.0,16,1.0,1.0,16,0.0,0.0,16,0.375,0.375,16,1.0,1.0,6,0.0,0.0,6,0.0,0.0,10,0.0,0.0,10,0.0,0.0,16,0.0,0.0,16,0.0,0.0,16
16,P4,W0_TASK_ONLY,DISABLED,calibration,U,16,16,0.1875,0.1875,16,0.0,0.0,16,1.0,1.0,16,0.0,0.0,16,0.1875,0.1875,16,1.0,1.0,3,0.0,0.0,3,0.0,0.0,13,0.0,0.0,13,0.25,0.25,16,0.0,0.0,16,0.0,0.0,16
16,P4,W0_TASK_ONLY,DISABLED,calibration,positive,4,1,0.0,0.0,4,0.0,0.0,4,1.0,1.0,4,,,0,0.0,0.0,4,,,0,,,0,0.0,0.0,4,0.0,0.0,4,0.0,0.0,4,1.0,1.0,4,0.0,0.0,4
16,P4,W0_TASK_ONLY,DISABLED,evaluation,H,20,5,0.0,0.0,20,0.0,0.0,20,1.0,1.0,20,0.0,0.0,20,0.0,0.0,20,,,0,,,0,0.0,0.0,20,0.0,0.0,20,0.0,0.0,20,0.2,0.2,20,0.0,0.0,20
16,P4,W0_TASK_ONLY,DISABLED,evaluation,U,15,15,0.2,0.2,15,0.0,0.0,15,1.0,1.0,15,0.0,0.0,15,0.2,0.2,15,1.0,1.0,3,0.0,0.0,3,0.0,0.0,12,0.0,0.0,12,0.06666666666666667,0.06666666666666667,15,0.0,0.0,15,0.0,0.0,15
16,P4,W0_TASK_ONLY,DISABLED,evaluation,positive,4,1,0.0,0.0,4,0.0,0.0,4,1.0,1.0,4,,,0,0.0,0.0,4,,,0,,,0,0.0,0.0,4,0.0,0.0,4,0.0,0.0,4,1.0,1.0,4,0.0,0.0,4
16,P4,W0_TASK_ONLY,DISABLED,fit,H,20,4,0.05,0.05,20,0.0,0.0,20,1.0,1.0,20,0.0,0.0,20,0.05,0.05,20,1.0,1.0,1,0.0,0.0,1,0.0,0.0,19,0.0,0.0,19,0.0,0.0,20,0.25,0.25,20,0.0,0.0,20
16,P4,W0_TASK_ONLY,DISABLED,fit,U,16,16,0.4375,0.4375,16,0.0,0.0,16,1.0,1.0,16,0.0,0.0,16,0.4375,0.4375,16,1.0,1.0,7,0.0,0.0,7,0.0,0.0,9,0.0,0.0,9,0.25,0.25,16,0.0,0.0,16,0.0,0.0,16
16,P4,W0_TASK_ONLY,DISABLED,fit,positive,5,1,0.0,0.0,5,0.0,0.0,5,1.0,1.0,5,,,0,0.0,0.0,5,,,0,,,0,0.0,0.0,5,0.0,0.0,5,0.0,0.0,5,1.0,1.0,5,0.0,0.0,5
16,P4,W0_TASK_ONLY,DISABLED,formal_development,T1G,4,4,0.0,0.0,4,0.0,0.0,4,1.0,1.0,4,,,0,0.0,0.0,4,,,0,,,0,0.0,0.0,4,0.0,0.0,4,0.0,0.0,4,0.5,0.5,4,0.0,0.0,4
16,P4,W0_TASK_ONLY,DISABLED,formal_development,T1L,5,5,0.6,0.6,5,0.0,0.0,5,1.0,1.0,5,,,0,0.6,0.6,5,1.0,1.0,3,0.0,0.0,3,0.0,0.0,2,0.0,0.0,2,0.0,0.0,5,0.8,0.8,5,0.0,0.0,5
16,P4,W0_TASK_ONLY,DISABLED,formal_development,T2G,4,1,0.0,0.0,4,0.0,0.0,4,1.0,1.0,4,,,0,0.0,0.0,4,,,0,,,0,0.0,0.0,4,0.0,0.0,4,0.0,0.0,4,0.75,0.75,4,0.0,0.0,4
16,P4,W0_TASK_ONLY,DISABLED,native,positive,1,1,0.0,0.0,1,0.0,0.0,1,1.0,1.0,1,,,0,0.0,0.0,1,,,0,,,0,0.0,0.0,1,0.0,0.0,1,0.0,0.0,1,1.0,1.0,1,0.0,0.0,1
16,P4,W0_TASK_ONLY,FIXED_ROUTER,calibration,H,16,4,0.375,0.375,16,0.0,0.0,16,1.0,1.0,16,0.0,0.0,16,0.375,0.375,16,1.0,1.0,6,0.0,0.0,6,0.0,0.0,10,0.0,0.0,10,0.0,0.0,16,0.0,0.0,16,0.0,0.0,16
16,P4,W0_TASK_ONLY,FIXED_ROUTER,calibration,U,16,16,0.1875,0.1875,16,0.0,0.0,16,1.0,1.0,16,0.0,0.0,16,0.1875,0.1875,16,1.0,1.0,3,0.0,0.0,3,0.0,0.0,13,0.0,0.0,13,0.25,0.25,16,0.0,0.0,16,0.0,0.0,16
16,P4,W0_TASK_ONLY,FIXED_ROUTER,calibration,positive,4,1,1.0,1.0,4,1.0,1.0,4,0.0,0.0,4,,,0,0.0,0.0,4,,,0,,,0,1.0,1.0,4,1.0,1.0,4,1.0,1.0,4,1.0,1.0,4,0.0,0.0,4
16,P4,W0_TASK_ONLY,FIXED_ROUTER,evaluation,H,20,5,0.0,0.0,20,0.0,0.0,20,0.8,0.8,20,0.12587821185588838,0.12587821185588838,20,0.0,0.0,20,,,0,,,0,0.0,0.0,20,0.2,0.2,20,0.2,0.2,20,0.2,0.2,20,0.0,0.0,20
16,P4,W0_TASK_ONLY,FIXED_ROUTER,evaluation,U,15,15,0.2,0.2,15,0.0,0.0,15,1.0,1.0,15,0.0,0.0,15,0.2,0.2,15,1.0,1.0,3,0.0,0.0,3,0.0,0.0,12,0.0,0.0,12,0.06666666666666667,0.06666666666666667,15,0.0,0.0,15,0.0,0.0,15
16,P4,W0_TASK_ONLY,FIXED_ROUTER,evaluation,positive,4,1,1.0,1.0,4,1.0,1.0,4,0.0,0.0,4,,,0,0.0,0.0,4,,,0,,,0,1.0,1.0,4,1.0,1.0,4,1.0,1.0,4,1.0,1.0,4,0.0,0.0,4
16,P4,W0_TASK_ONLY,FIXED_ROUTER,fit,H,20,4,0.05,0.05,20,0.0,0.0,20,0.75,0.75,20,0.16553274393081666,0.16553274393081666,20,0.05,0.05,20,1.0,1.0,1,0.0,0.0,1,0.0,0.0,19,0.25,0.2631578947368421,19,0.25,0.25,20,0.25,0.25,20,0.0,0.0,20
16,P4,W0_TASK_ONLY,FIXED_ROUTER,fit,U,16,16,0.4375,0.4375,16,0.0,0.0,16,1.0,1.0,16,0.0,0.0,16,0.4375,0.4375,16,1.0,1.0,7,0.0,0.0,7,0.0,0.0,9,0.0,0.0,9,0.25,0.25,16,0.0,0.0,16,0.0,0.0,16
16,P4,W0_TASK_ONLY,FIXED_ROUTER,fit,positive,5,1,1.0,1.0,5,1.0,1.0,5,0.0,0.0,5,,,0,0.0,0.0,5,,,0,,,0,1.0,1.0,5,1.0,1.0,5,1.0,1.0,5,1.0,1.0,5,0.0,0.0,5
16,P4,W0_TASK_ONLY,FIXED_ROUTER,formal_development,T1G,4,4,0.5,0.5,4,0.5,0.5,4,0.5,0.5,4,,,0,0.0,0.0,4,,,0,,,0,0.5,0.5,4,0.5,0.5,4,0.5,0.5,4,0.5,0.5,4,0.0,0.0,4
16,P4,W0_TASK_ONLY,FIXED_ROUTER,formal_development,T1L,5,5,0.2,0.2,5,0.0,0.0,5,0.2,0.2,5,,,0,0.6,0.6,5,0.3333333333333333,0.3333333333333333,3,0.6666666666666666,0.6666666666666666,3,0.0,0.0,2,1.0,1.0,2,0.8,0.8,5,0.8,0.8,5,0.0,0.0,5
16,P4,W0_TASK_ONLY,FIXED_ROUTER,formal_development,T2G,4,1,0.75,0.75,4,0.75,0.75,4,0.25,0.25,4,,,0,0.0,0.0,4,,,0,,,0,0.75,0.75,4,0.75,0.75,4,0.75,0.75,4,0.75,0.75,4,0.0,0.0,4
16,P4,W0_TASK_ONLY,FIXED_ROUTER,native,positive,1,1,1.0,1.0,1,1.0,1.0,1,0.0,0.0,1,,,0,0.0,0.0,1,,,0,,,0,1.0,1.0,1,1.0,1.0,1,1.0,1.0,1,1.0,1.0,1,0.0,0.0,1
16,P4,W0_TASK_ONLY,FORCED_ON,calibration,H,16,4,0.1875,0.1875,16,0.0,0.0,16,0.0,0.0,16,0.46192196011543274,0.46192196011543274,16,0.375,0.375,16,0.0,0.0,6,1.0,1.0,6,0.25,0.3,10,1.0,1.0,10,0.25,0.25,16,0.0,0.0,16,0.0,0.0,16
16,P4,W0_TASK_ONLY,FORCED_ON,calibration,U,16,16,0.3125,0.3125,16,0.0,0.0,16,0.4375,0.4375,16,0.01742831288720481,0.01742831288720481,16,0.1875,0.1875,16,1.0,1.0,3,0.0,0.0,3,0.15384615384615385,0.15384615384615385,13,0.6153846153846154,0.6153846153846154,13,0.25,0.25,16,0.0,0.0,16,0.0,0.0,16
16,P4,W0_TASK_ONLY,FORCED_ON,calibration,positive,4,1,1.0,1.0,4,1.0,1.0,4,0.0,0.0,4,,,0,0.0,0.0,4,,,0,,,0,1.0,1.0,4,1.0,1.0,4,1.0,1.0,4,1.0,1.0,4,0.0,0.0,4
16,P4,W0_TASK_ONLY,FORCED_ON,evaluation,H,20,5,0.0,0.0,20,0.0,0.0,20,0.0,0.0,20,0.5787940502166748,0.5787940502166748,20,0.0,0.0,20,,,0,,,0,0.0,0.0,20,1.0,1.0,20,0.6,0.6,20,0.2,0.2,20,0.0,0.0,20
16,P4,W0_TASK_ONLY,FORCED_ON,evaluation,U,15,15,0.2,0.2,15,0.0,0.0,15,0.3333333333333333,0.3333333333333333,15,0.013564023685952028,0.013564023685952028,15,0.2,0.2,15,1.0,1.0,3,0.0,0.0,3,0.0,0.0,12,0.75,0.75,12,0.06666666666666667,0.06666666666666667,15,0.0,0.0,15,0.0,0.0,15
16,P4,W0_TASK_ONLY,FORCED_ON,evaluation,positive,4,1,1.0,1.0,4,1.0,1.0,4,0.0,0.0,4,,,0,0.0,0.0,4,,,0,,,0,1.0,1.0,4,1.0,1.0,4,1.0,1.0,4,1.0,1.0,4,0.0,0.0,4
16,P4,W0_TASK_ONLY,FORCED_ON,fit,H,20,4,0.0,0.0,20,0.0,0.0,20,0.0,0.0,20,0.5883786231279373,0.5883786231279373,20,0.05,0.05,20,0.0,0.0,1,1.0,1.0,1,0.0,0.0,19,1.0,1.0,19,0.75,0.75,20,0.25,0.25,20,0.0,0.0,20
16,P4,W0_TASK_ONLY,FORCED_ON,fit,U,16,16,0.4375,0.4375,16,0.0,0.0,16,0.25,0.25,16,0.014514393347781152,0.014514393347781152,16,0.4375,0.4375,16,0.7142857142857143,0.7142857142857143,7,0.2857142857142857,0.2857142857142857,7,0.2222222222222222,0.2222222222222222,9,1.0,1.0,9,0.375,0.375,16,0.0,0.0,16,0.0,0.0,16
16,P4,W0_TASK_ONLY,FORCED_ON,fit,positive,5,1,1.0,1.0,5,1.0,1.0,5,0.0,0.0,5,,,0,0.0,0.0,5,,,0,,,0,1.0,1.0,5,1.0,1.0,5,1.0,1.0,5,1.0,1.0,5,0.0,0.0,5
16,P4,W0_TASK_ONLY,FORCED_ON,formal_development,T1G,4,4,1.0,1.0,4,1.0,1.0,4,0.0,0.0,4,,,0,0.0,0.0,4,,,0,,,0,1.0,1.0,4,1.0,1.0,4,1.0,1.0,4,0.5,0.5,4,0.0,0.0,4
16,P4,W0_TASK_ONLY,FORCED_ON,formal_development,T1L,5,5,0.0,0.0,5,0.0,0.0,5,0.0,0.0,5,,,0,0.6,0.6,5,0.0,0.0,3,1.0,1.0,3,0.0,0.0,2,1.0,1.0,2,1.0,1.0,5,0.8,0.8,5,0.0,0.0,5
16,P4,W0_TASK_ONLY,FORCED_ON,formal_development,T2G,4,1,0.75,0.75,4,0.75,0.75,4,0.0,0.0,4,,,0,0.0,0.0,4,,,0,,,0,0.75,0.75,4,1.0,1.0,4,0.75,0.75,4,0.75,0.75,4,0.0,0.0,4
16,P4,W0_TASK_ONLY,FORCED_ON,native,positive,1,1,1.0,1.0,1,1.0,1.0,1,0.0,0.0,1,,,0,0.0,0.0,1,,,0,,,0,1.0,1.0,1,1.0,1.0,1,1.0,1.0,1,1.0,1.0,1,0.0,0.0,1
16,P4,W1_KL_0.1,DISABLED,calibration,H,16,4,0.375,0.375,16,0.0,0.0,16,1.0,1.0,16,0.0,0.0,16,0.375,0.375,16,1.0,1.0,6,0.0,0.0,6,0.0,0.0,10,0.0,0.0,10,0.0,0.0,16,0.0,0.0,16,0.0,0.0,16
16,P4,W1_KL_0.1,DISABLED,calibration,U,16,16,0.1875,0.1875,16,0.0,0.0,16,1.0,1.0,16,0.0,0.0,16,0.1875,0.1875,16,1.0,1.0,3,0.0,0.0,3,0.0,0.0,13,0.0,0.0,13,0.25,0.25,16,0.0,0.0,16,0.0,0.0,16
16,P4,W1_KL_0.1,DISABLED,calibration,positive,4,1,0.0,0.0,4,0.0,0.0,4,1.0,1.0,4,,,0,0.0,0.0,4,,,0,,,0,0.0,0.0,4,0.0,0.0,4,0.0,0.0,4,1.0,1.0,4,0.0,0.0,4
16,P4,W1_KL_0.1,DISABLED,evaluation,H,20,5,0.0,0.0,20,0.0,0.0,20,1.0,1.0,20,0.0,0.0,20,0.0,0.0,20,,,0,,,0,0.0,0.0,20,0.0,0.0,20,0.0,0.0,20,0.2,0.2,20,0.0,0.0,20
16,P4,W1_KL_0.1,DISABLED,evaluation,U,15,15,0.2,0.2,15,0.0,0.0,15,1.0,1.0,15,0.0,0.0,15,0.2,0.2,15,1.0,1.0,3,0.0,0.0,3,0.0,0.0,12,0.0,0.0,12,0.06666666666666667,0.06666666666666667,15,0.0,0.0,15,0.0,0.0,15
16,P4,W1_KL_0.1,DISABLED,evaluation,positive,4,1,0.0,0.0,4,0.0,0.0,4,1.0,1.0,4,,,0,0.0,0.0,4,,,0,,,0,0.0,0.0,4,0.0,0.0,4,0.0,0.0,4,1.0,1.0,4,0.0,0.0,4
16,P4,W1_KL_0.1,DISABLED,fit,H,20,4,0.05,0.05,20,0.0,0.0,20,1.0,1.0,20,0.0,0.0,20,0.05,0.05,20,1.0,1.0,1,0.0,0.0,1,0.0,0.0,19,0.0,0.0,19,0.0,0.0,20,0.25,0.25,20,0.0,0.0,20
16,P4,W1_KL_0.1,DISABLED,fit,U,16,16,0.4375,0.4375,16,0.0,0.0,16,1.0,1.0,16,0.0,0.0,16,0.4375,0.4375,16,1.0,1.0,7,0.0,0.0,7,0.0,0.0,9,0.0,0.0,9,0.25,0.25,16,0.0,0.0,16,0.0,0.0,16
16,P4,W1_KL_0.1,DISABLED,fit,positive,5,1,0.0,0.0,5,0.0,0.0,5,1.0,1.0,5,,,0,0.0,0.0,5,,,0,,,0,0.0,0.0,5,0.0,0.0,5,0.0,0.0,5,1.0,1.0,5,0.0,0.0,5
16,P4,W1_KL_0.1,DISABLED,formal_development,T1G,4,4,0.0,0.0,4,0.0,0.0,4,1.0,1.0,4,,,0,0.0,0.0,4,,,0,,,0,0.0,0.0,4,0.0,0.0,4,0.0,0.0,4,0.5,0.5,4,0.0,0.0,4
16,P4,W1_KL_0.1,DISABLED,formal_development,T1L,5,5,0.6,0.6,5,0.0,0.0,5,1.0,1.0,5,,,0,0.6,0.6,5,1.0,1.0,3,0.0,0.0,3,0.0,0.0,2,0.0,0.0,2,0.0,0.0,5,0.8,0.8,5,0.0,0.0,5
16,P4,W1_KL_0.1,DISABLED,formal_development,T2G,4,1,0.0,0.0,4,0.0,0.0,4,1.0,1.0,4,,,0,0.0,0.0,4,,,0,,,0,0.0,0.0,4,0.0,0.0,4,0.0,0.0,4,0.75,0.75,4,0.0,0.0,4
16,P4,W1_KL_0.1,DISABLED,native,positive,1,1,0.0,0.0,1,0.0,0.0,1,1.0,1.0,1,,,0,0.0,0.0,1,,,0,,,0,0.0,0.0,1,0.0,0.0,1,0.0,0.0,1,1.0,1.0,1,0.0,0.0,1
16,P4,W1_KL_0.1,FIXED_ROUTER,calibration,H,16,4,0.375,0.375,16,0.0,0.0,16,1.0,1.0,16,0.0,0.0,16,0.375,0.375,16,1.0,1.0,6,0.0,0.0,6,0.0,0.0,10,0.0,0.0,10,0.0,0.0,16,0.0,0.0,16,0.0,0.0,16
16,P4,W1_KL_0.1,FIXED_ROUTER,calibration,U,16,16,0.1875,0.1875,16,0.0,0.0,16,1.0,1.0,16,0.0,0.0,16,0.1875,0.1875,16,1.0,1.0,3,0.0,0.0,3,0.0,0.0,13,0.0,0.0,13,0.25,0.25,16,0.0,0.0,16,0.0,0.0,16
16,P4,W1_KL_0.1,FIXED_ROUTER,calibration,positive,4,1,1.0,1.0,4,1.0,1.0,4,0.0,0.0,4,,,0,0.0,0.0,4,,,0,,,0,1.0,1.0,4,1.0,1.0,4,1.0,1.0,4,1.0,1.0,4,0.0,0.0,4
16,P4,W1_KL_0.1,FIXED_ROUTER,evaluation,H,20,5,0.0,0.0,20,0.0,0.0,20,0.8,0.8,20,0.018267480283975603,0.018267480283975603,20,0.0,0.0,20,,,0,,,0,0.0,0.0,20,0.2,0.2,20,0.2,0.2,20,0.2,0.2,20,0.0,0.0,20
16,P4,W1_KL_0.1,FIXED_ROUTER,evaluation,U,15,15,0.2,0.2,15,0.0,0.0,15,1.0,1.0,15,0.0,0.0,15,0.2,0.2,15,1.0,1.0,3,0.0,0.0,3,0.0,0.0,12,0.0,0.0,12,0.06666666666666667,0.06666666666666667,15,0.0,0.0,15,0.0,0.0,15
16,P4,W1_KL_0.1,FIXED_ROUTER,evaluation,positive,4,1,1.0,1.0,4,1.0,1.0,4,0.0,0.0,4,,,0,0.0,0.0,4,,,0,,,0,1.0,1.0,4,1.0,1.0,4,1.0,1.0,4,1.0,1.0,4,0.0,0.0,4
16,P4,W1_KL_0.1,FIXED_ROUTER,fit,H,20,4,0.05,0.05,20,0.0,0.0,20,0.75,0.75,20,0.03829148635268211,0.03829148635268211,20,0.05,0.05,20,1.0,1.0,1,0.0,0.0,1,0.0,0.0,19,0.25,0.2631578947368421,19,0.25,0.25,20,0.25,0.25,20,0.0,0.0,20
16,P4,W1_KL_0.1,FIXED_ROUTER,fit,U,16,16,0.4375,0.4375,16,0.0,0.0,16,1.0,1.0,16,0.0,0.0,16,0.4375,0.4375,16,1.0,1.0,7,0.0,0.0,7,0.0,0.0,9,0.0,0.0,9,0.25,0.25,16,0.0,0.0,16,0.0,0.0,16
16,P4,W1_KL_0.1,FIXED_ROUTER,fit,positive,5,1,1.0,1.0,5,1.0,1.0,5,0.0,0.0,5,,,0,0.0,0.0,5,,,0,,,0,1.0,1.0,5,1.0,1.0,5,1.0,1.0,5,1.0,1.0,5,0.0,0.0,5
16,P4,W1_KL_0.1,FIXED_ROUTER,formal_development,T1G,4,4,0.5,0.5,4,0.5,0.5,4,0.5,0.5,4,,,0,0.0,0.0,4,,,0,,,0,0.5,0.5,4,0.5,0.5,4,0.5,0.5,4,0.5,0.5,4,0.0,0.0,4
16,P4,W1_KL_0.1,FIXED_ROUTER,formal_development,T1L,5,5,0.2,0.2,5,0.0,0.0,5,0.2,0.2,5,,,0,0.6,0.6,5,0.3333333333333333,0.3333333333333333,3,0.6666666666666666,0.6666666666666666,3,0.0,0.0,2,1.0,1.0,2,0.8,0.8,5,0.8,0.8,5,0.0,0.0,5
16,P4,W1_KL_0.1,FIXED_ROUTER,formal_development,T2G,4,1,0.0,0.0,4,0.0,0.0,4,0.75,0.75,4,,,0,0.0,0.0,4,,,0,,,0,0.0,0.0,4,0.25,0.25,4,0.0,0.0,4,0.75,0.75,4,0.0,0.0,4
16,P4,W1_KL_0.1,FIXED_ROUTER,native,positive,1,1,1.0,1.0,1,1.0,1.0,1,0.0,0.0,1,,,0,0.0,0.0,1,,,0,,,0,1.0,1.0,1,1.0,1.0,1,1.0,1.0,1,1.0,1.0,1,0.0,0.0,1
16,P4,W1_KL_0.1,FORCED_ON,calibration,H,16,4,0.0625,0.0625,16,0.0,0.0,16,0.4375,0.4375,16,0.0333973906817846,0.0333973906817846,16,0.375,0.375,16,0.0,0.0,6,1.0,1.0,6,0.08333333333333333,0.1,10,0.25,0.3,10,0.25,0.25,16,0.0,0.0,16,0.0,0.0,16
16,P4,W1_KL_0.1,FORCED_ON,calibration,U,16,16,0.25,0.25,16,0.0,0.0,16,0.5625,0.5625,16,0.004120553890970768,0.004120553890970768,16,0.1875,0.1875,16,1.0,1.0,3,0.0,0.0,3,0.07692307692307693,0.07692307692307693,13,0.5384615384615384,0.5384615384615384,13,0.25,0.25,16,0.0,0.0,16,0.0,0.0,16
16,P4,W1_KL_0.1,FORCED_ON,calibration,positive,4,1,1.0,1.0,4,1.0,1.0,4,0.0,0.0,4,,,0,0.0,0.0,4,,,0,,,0,1.0,1.0,4,1.0,1.0,4,1.0,1.0,4,1.0,1.0,4,0.0,0.0,4
16,P4,W1_KL_0.1,FORCED_ON,evaluation,H,20,5,0.0,0.0,20,0.0,0.0,20,0.1,0.1,20,0.05711996769532561,0.05711996769532561,20,0.0,0.0,20,,,0,,,0,0.0,0.0,20,0.9,0.9,20,0.5,0.5,20,0.2,0.2,20,0.0,0.0,20
16,P4,W1_KL_0.1,FORCED_ON,evaluation,U,15,15,0.2,0.2,15,0.0,0.0,15,0.4666666666666667,0.4666666666666667,15,0.0036205555855606994,0.0036205555855606994,15,0.2,0.2,15,1.0,1.0,3,0.0,0.0,3,0.0,0.0,12,0.6666666666666666,0.6666666666666666,12,0.06666666666666667,0.06666666666666667,15,0.0,0.0,15,0.0,0.0,15
16,P4,W1_KL_0.1,FORCED_ON,evaluation,positive,4,1,1.0,1.0,4,1.0,1.0,4,0.0,0.0,4,,,0,0.0,0.0,4,,,0,,,0,1.0,1.0,4,1.0,1.0,4,1.0,1.0,4,1.0,1.0,4,0.0,0.0,4
16,P4,W1_KL_0.1,FORCED_ON,fit,H,20,4,0.0,0.0,20,0.0,0.0,20,0.15,0.15,20,0.10029511130414903,0.10029511130414903,20,0.05,0.05,20,0.0,0.0,1,1.0,1.0,1,0.0,0.0,19,0.85,0.8421052631578947,19,0.75,0.75,20,0.25,0.25,20,0.0,0.0,20
16,P4,W1_KL_0.1,FORCED_ON,fit,U,16,16,0.5,0.5,16,0.0,0.0,16,0.4375,0.4375,16,0.0026196883045486175,0.0026196883045486175,16,0.4375,0.4375,16,0.8571428571428571,0.8571428571428571,7,0.14285714285714285,0.14285714285714285,7,0.2222222222222222,0.2222222222222222,9,0.8888888888888888,0.8888888888888888,9,0.375,0.375,16,0.0,0.0,16,0.0,0.0,16
16,P4,W1_KL_0.1,FORCED_ON,fit,positive,5,1,1.0,1.0,5,1.0,1.0,5,0.0,0.0,5,,,0,0.0,0.0,5,,,0,,,0,1.0,1.0,5,1.0,1.0,5,1.0,1.0,5,1.0,1.0,5,0.0,0.0,5
16,P4,W1_KL_0.1,FORCED_ON,formal_development,T1G,4,4,1.0,1.0,4,1.0,1.0,4,0.0,0.0,4,,,0,0.0,0.0,4,,,0,,,0,1.0,1.0,4,1.0,1.0,4,1.0,1.0,4,0.5,0.5,4,0.0,0.0,4
16,P4,W1_KL_0.1,FORCED_ON,formal_development,T1L,5,5,0.0,0.0,5,0.0,0.0,5,0.0,0.0,5,,,0,0.6,0.6,5,0.0,0.0,3,1.0,1.0,3,0.0,0.0,2,1.0,1.0,2,1.0,1.0,5,0.8,0.8,5,0.0,0.0,5
16,P4,W1_KL_0.1,FORCED_ON,formal_development,T2G,4,1,0.0,0.0,4,0.0,0.0,4,0.75,0.75,4,,,0,0.0,0.0,4,,,0,,,0,0.0,0.0,4,0.25,0.25,4,0.0,0.0,4,0.75,0.75,4,0.0,0.0,4
16,P4,W1_KL_0.1,FORCED_ON,native,positive,1,1,1.0,1.0,1,1.0,1.0,1,0.0,0.0,1,,,0,0.0,0.0,1,,,0,,,0,1.0,1.0,1,1.0,1.0,1,1.0,1.0,1,1.0,1.0,1,0.0,0.0,1
16,P4,W1_KL_1,DISABLED,calibration,H,16,4,0.375,0.375,16,0.0,0.0,16,1.0,1.0,16,0.0,0.0,16,0.375,0.375,16,1.0,1.0,6,0.0,0.0,6,0.0,0.0,10,0.0,0.0,10,0.0,0.0,16,0.0,0.0,16,0.0,0.0,16
16,P4,W1_KL_1,DISABLED,calibration,U,16,16,0.1875,0.1875,16,0.0,0.0,16,1.0,1.0,16,0.0,0.0,16,0.1875,0.1875,16,1.0,1.0,3,0.0,0.0,3,0.0,0.0,13,0.0,0.0,13,0.25,0.25,16,0.0,0.0,16,0.0,0.0,16
16,P4,W1_KL_1,DISABLED,calibration,positive,4,1,0.0,0.0,4,0.0,0.0,4,1.0,1.0,4,,,0,0.0,0.0,4,,,0,,,0,0.0,0.0,4,0.0,0.0,4,0.0,0.0,4,1.0,1.0,4,0.0,0.0,4
16,P4,W1_KL_1,DISABLED,evaluation,H,20,5,0.0,0.0,20,0.0,0.0,20,1.0,1.0,20,0.0,0.0,20,0.0,0.0,20,,,0,,,0,0.0,0.0,20,0.0,0.0,20,0.0,0.0,20,0.2,0.2,20,0.0,0.0,20
16,P4,W1_KL_1,DISABLED,evaluation,U,15,15,0.2,0.2,15,0.0,0.0,15,1.0,1.0,15,0.0,0.0,15,0.2,0.2,15,1.0,1.0,3,0.0,0.0,3,0.0,0.0,12,0.0,0.0,12,0.06666666666666667,0.06666666666666667,15,0.0,0.0,15,0.0,0.0,15
16,P4,W1_KL_1,DISABLED,evaluation,positive,4,1,0.0,0.0,4,0.0,0.0,4,1.0,1.0,4,,,0,0.0,0.0,4,,,0,,,0,0.0,0.0,4,0.0,0.0,4,0.0,0.0,4,1.0,1.0,4,0.0,0.0,4
16,P4,W1_KL_1,DISABLED,fit,H,20,4,0.05,0.05,20,0.0,0.0,20,1.0,1.0,20,0.0,0.0,20,0.05,0.05,20,1.0,1.0,1,0.0,0.0,1,0.0,0.0,19,0.0,0.0,19,0.0,0.0,20,0.25,0.25,20,0.0,0.0,20
16,P4,W1_KL_1,DISABLED,fit,U,16,16,0.4375,0.4375,16,0.0,0.0,16,1.0,1.0,16,0.0,0.0,16,0.4375,0.4375,16,1.0,1.0,7,0.0,0.0,7,0.0,0.0,9,0.0,0.0,9,0.25,0.25,16,0.0,0.0,16,0.0,0.0,16
16,P4,W1_KL_1,DISABLED,fit,positive,5,1,0.0,0.0,5,0.0,0.0,5,1.0,1.0,5,,,0,0.0,0.0,5,,,0,,,0,0.0,0.0,5,0.0,0.0,5,0.0,0.0,5,1.0,1.0,5,0.0,0.0,5
16,P4,W1_KL_1,DISABLED,formal_development,T1G,4,4,0.0,0.0,4,0.0,0.0,4,1.0,1.0,4,,,0,0.0,0.0,4,,,0,,,0,0.0,0.0,4,0.0,0.0,4,0.0,0.0,4,0.5,0.5,4,0.0,0.0,4
16,P4,W1_KL_1,DISABLED,formal_development,T1L,5,5,0.6,0.6,5,0.0,0.0,5,1.0,1.0,5,,,0,0.6,0.6,5,1.0,1.0,3,0.0,0.0,3,0.0,0.0,2,0.0,0.0,2,0.0,0.0,5,0.8,0.8,5,0.0,0.0,5
16,P4,W1_KL_1,DISABLED,formal_development,T2G,4,1,0.0,0.0,4,0.0,0.0,4,1.0,1.0,4,,,0,0.0,0.0,4,,,0,,,0,0.0,0.0,4,0.0,0.0,4,0.0,0.0,4,0.75,0.75,4,0.0,0.0,4
16,P4,W1_KL_1,DISABLED,native,positive,1,1,0.0,0.0,1,0.0,0.0,1,1.0,1.0,1,,,0,0.0,0.0,1,,,0,,,0,0.0,0.0,1,0.0,0.0,1,0.0,0.0,1,1.0,1.0,1,0.0,0.0,1
16,P4,W1_KL_1,FIXED_ROUTER,calibration,H,16,4,0.375,0.375,16,0.0,0.0,16,1.0,1.0,16,0.0,0.0,16,0.375,0.375,16,1.0,1.0,6,0.0,0.0,6,0.0,0.0,10,0.0,0.0,10,0.0,0.0,16,0.0,0.0,16,0.0,0.0,16
16,P4,W1_KL_1,FIXED_ROUTER,calibration,U,16,16,0.1875,0.1875,16,0.0,0.0,16,1.0,1.0,16,0.0,0.0,16,0.1875,0.1875,16,1.0,1.0,3,0.0,0.0,3,0.0,0.0,13,0.0,0.0,13,0.25,0.25,16,0.0,0.0,16,0.0,0.0,16
16,P4,W1_KL_1,FIXED_ROUTER,calibration,positive,4,1,0.0,0.0,4,0.0,0.0,4,1.0,1.0,4,,,0,0.0,0.0,4,,,0,,,0,0.0,0.0,4,0.0,0.0,4,0.0,0.0,4,1.0,1.0,4,0.0,0.0,4
16,P4,W1_KL_1,FIXED_ROUTER,evaluation,H,20,5,0.0,0.0,20,0.0,0.0,20,0.8,0.8,20,0.00430061649531126,0.00430061649531126,20,0.0,0.0,20,,,0,,,0,0.0,0.0,20,0.2,0.2,20,0.0,0.0,20,0.2,0.2,20,0.0,0.0,20
16,P4,W1_KL_1,FIXED_ROUTER,evaluation,U,15,15,0.2,0.2,15,0.0,0.0,15,1.0,1.0,15,0.0,0.0,15,0.2,0.2,15,1.0,1.0,3,0.0,0.0,3,0.0,0.0,12,0.0,0.0,12,0.06666666666666667,0.06666666666666667,15,0.0,0.0,15,0.0,0.0,15
16,P4,W1_KL_1,FIXED_ROUTER,evaluation,positive,4,1,0.0,0.0,4,0.0,0.0,4,1.0,1.0,4,,,0,0.0,0.0,4,,,0,,,0,0.0,0.0,4,0.0,0.0,4,0.0,0.0,4,1.0,1.0,4,0.0,0.0,4
16,P4,W1_KL_1,FIXED_ROUTER,fit,H,20,4,0.05,0.05,20,0.0,0.0,20,0.8,0.8,20,0.011706782877445221,0.011706782877445221,20,0.05,0.05,20,1.0,1.0,1,0.0,0.0,1,0.0,0.0,19,0.2,0.21052631578947367,19,0.05,0.05,20,0.25,0.25,20,0.0,0.0,20
16,P4,W1_KL_1,FIXED_ROUTER,fit,U,16,16,0.4375,0.4375,16,0.0,0.0,16,1.0,1.0,16,0.0,0.0,16,0.4375,0.4375,16,1.0,1.0,7,0.0,0.0,7,0.0,0.0,9,0.0,0.0,9,0.25,0.25,16,0.0,0.0,16,0.0,0.0,16
16,P4,W1_KL_1,FIXED_ROUTER,fit,positive,5,1,0.4,0.4,5,0.4,0.4,5,0.6,0.6,5,,,0,0.0,0.0,5,,,0,,,0,0.4,0.4,5,0.4,0.4,5,0.4,0.4,5,1.0,1.0,5,0.0,0.0,5
16,P4,W1_KL_1,FIXED_ROUTER,formal_development,T1G,4,4,0.5,0.5,4,0.5,0.5,4,0.5,0.5,4,,,0,0.0,0.0,4,,,0,,,0,0.5,0.5,4,0.5,0.5,4,0.5,0.5,4,0.5,0.5,4,0.0,0.0,4
16,P4,W1_KL_1,FIXED_ROUTER,formal_development,T1L,5,5,0.2,0.2,5,0.0,0.0,5,0.2,0.2,5,,,0,0.6,0.6,5,0.3333333333333333,0.3333333333333333,3,0.6666666666666666,0.6666666666666666,3,0.0,0.0,2,1.0,1.0,2,0.8,0.8,5,0.8,0.8,5,0.0,0.0,5
16,P4,W1_KL_1,FIXED_ROUTER,formal_development,T2G,4,1,0.0,0.0,4,0.0,0.0,4,0.75,0.75,4,,,0,0.0,0.0,4,,,0,,,0,0.0,0.0,4,0.25,0.25,4,0.0,0.0,4,0.75,0.75,4,0.0,0.0,4
16,P4,W1_KL_1,FIXED_ROUTER,native,positive,1,1,1.0,1.0,1,1.0,1.0,1,0.0,0.0,1,,,0,0.0,0.0,1,,,0,,,0,1.0,1.0,1,1.0,1.0,1,1.0,1.0,1,1.0,1.0,1,0.0,0.0,1
16,P4,W1_KL_1,FORCED_ON,calibration,H,16,4,0.0,0.0,16,0.0,0.0,16,0.4375,0.4375,16,0.007838485136744566,0.007838485136744566,16,0.375,0.375,16,0.0,0.0,6,1.0,1.0,6,0.0,0.0,10,0.3333333333333333,0.3,10,0.0,0.0,16,0.0,0.0,16,0.0,0.0,16
16,P4,W1_KL_1,FORCED_ON,calibration,U,16,16,0.25,0.25,16,0.0,0.0,16,0.75,0.75,16,0.0026599540360621177,0.0026599540360621177,16,0.1875,0.1875,16,1.0,1.0,3,0.0,0.0,3,0.07692307692307693,0.07692307692307693,13,0.3076923076923077,0.3076923076923077,13,0.25,0.25,16,0.0,0.0,16,0.0,0.0,16
16,P4,W1_KL_1,FORCED_ON,calibration,positive,4,1,0.0,0.0,4,0.0,0.0,4,1.0,1.0,4,,,0,0.0,0.0,4,,,0,,,0,0.0,0.0,4,0.0,0.0,4,0.0,0.0,4,1.0,1.0,4,0.0,0.0,4
16,P4,W1_KL_1,FORCED_ON,evaluation,H,20,5,0.0,0.0,20,0.0,0.0,20,0.2,0.2,20,0.013261346390936523,0.013261346390936523,20,0.0,0.0,20,,,0,,,0,0.0,0.0,20,0.8,0.8,20,0.0,0.0,20,0.2,0.2,20,0.0,0.0,20
16,P4,W1_KL_1,FORCED_ON,evaluation,U,15,15,0.2,0.2,15,0.0,0.0,15,0.5333333333333333,0.5333333333333333,15,0.0024929392306754987,0.0024929392306754987,15,0.2,0.2,15,1.0,1.0,3,0.0,0.0,3,0.0,0.0,12,0.5833333333333334,0.5833333333333334,12,0.06666666666666667,0.06666666666666667,15,0.0,0.0,15,0.0,0.0,15
16,P4,W1_KL_1,FORCED_ON,evaluation,positive,4,1,0.0,0.0,4,0.0,0.0,4,1.0,1.0,4,,,0,0.0,0.0,4,,,0,,,0,0.0,0.0,4,0.0,0.0,4,0.0,0.0,4,1.0,1.0,4,0.0,0.0,4
16,P4,W1_KL_1,FORCED_ON,fit,H,20,4,0.0,0.0,20,0.0,0.0,20,0.45,0.45,20,0.027917628118302673,0.027917628118302673,20,0.05,0.05,20,0.0,0.0,1,1.0,1.0,1,0.0,0.0,19,0.5375,0.5263157894736842,19,0.15000000000000002,0.15,20,0.25,0.25,20,0.0,0.0,20
16,P4,W1_KL_1,FORCED_ON,fit,U,16,16,0.4375,0.4375,16,0.0,0.0,16,0.5,0.5,16,0.0015314130032493267,0.0015314130032493267,16,0.4375,0.4375,16,0.8571428571428571,0.8571428571428571,7,0.14285714285714285,0.14285714285714285,7,0.1111111111111111,0.1111111111111111,9,0.7777777777777778,0.7777777777777778,9,0.375,0.375,16,0.0,0.0,16,0.0,0.0,16
16,P4,W1_KL_1,FORCED_ON,fit,positive,5,1,0.4,0.4,5,0.4,0.4,5,0.6,0.6,5,,,0,0.0,0.0,5,,,0,,,0,0.4,0.4,5,0.4,0.4,5,0.4,0.4,5,1.0,1.0,5,0.0,0.0,5
16,P4,W1_KL_1,FORCED_ON,formal_development,T1G,4,4,1.0,1.0,4,1.0,1.0,4,0.0,0.0,4,,,0,0.0,0.0,4,,,0,,,0,1.0,1.0,4,1.0,1.0,4,1.0,1.0,4,0.5,0.5,4,0.0,0.0,4
16,P4,W1_KL_1,FORCED_ON,formal_development,T1L,5,5,0.0,0.0,5,0.0,0.0,5,0.0,0.0,5,,,0,0.6,0.6,5,0.0,0.0,3,1.0,1.0,3,0.0,0.0,2,1.0,1.0,2,0.8,0.8,5,0.8,0.8,5,0.0,0.0,5
16,P4,W1_KL_1,FORCED_ON,formal_development,T2G,4,1,0.0,0.0,4,0.0,0.0,4,0.75,0.75,4,,,0,0.0,0.0,4,,,0,,,0,0.0,0.0,4,0.25,0.25,4,0.0,0.0,4,0.75,0.75,4,0.0,0.0,4
16,P4,W1_KL_1,FORCED_ON,native,positive,1,1,1.0,1.0,1,1.0,1.0,1,0.0,0.0,1,,,0,0.0,0.0,1,,,0,,,0,1.0,1.0,1,1.0,1.0,1,1.0,1.0,1,1.0,1.0,1,0.0,0.0,1
16,P4,W1_KL_10,DISABLED,calibration,H,16,4,0.375,0.375,16,0.0,0.0,16,1.0,1.0,16,0.0,0.0,16,0.375,0.375,16,1.0,1.0,6,0.0,0.0,6,0.0,0.0,10,0.0,0.0,10,0.0,0.0,16,0.0,0.0,16,0.0,0.0,16
16,P4,W1_KL_10,DISABLED,calibration,U,16,16,0.1875,0.1875,16,0.0,0.0,16,1.0,1.0,16,0.0,0.0,16,0.1875,0.1875,16,1.0,1.0,3,0.0,0.0,3,0.0,0.0,13,0.0,0.0,13,0.25,0.25,16,0.0,0.0,16,0.0,0.0,16
16,P4,W1_KL_10,DISABLED,calibration,positive,4,1,0.0,0.0,4,0.0,0.0,4,1.0,1.0,4,,,0,0.0,0.0,4,,,0,,,0,0.0,0.0,4,0.0,0.0,4,0.0,0.0,4,1.0,1.0,4,0.0,0.0,4
16,P4,W1_KL_10,DISABLED,evaluation,H,20,5,0.0,0.0,20,0.0,0.0,20,1.0,1.0,20,0.0,0.0,20,0.0,0.0,20,,,0,,,0,0.0,0.0,20,0.0,0.0,20,0.0,0.0,20,0.2,0.2,20,0.0,0.0,20
16,P4,W1_KL_10,DISABLED,evaluation,U,15,15,0.2,0.2,15,0.0,0.0,15,1.0,1.0,15,0.0,0.0,15,0.2,0.2,15,1.0,1.0,3,0.0,0.0,3,0.0,0.0,12,0.0,0.0,12,0.06666666666666667,0.06666666666666667,15,0.0,0.0,15,0.0,0.0,15
16,P4,W1_KL_10,DISABLED,evaluation,positive,4,1,0.0,0.0,4,0.0,0.0,4,1.0,1.0,4,,,0,0.0,0.0,4,,,0,,,0,0.0,0.0,4,0.0,0.0,4,0.0,0.0,4,1.0,1.0,4,0.0,0.0,4
16,P4,W1_KL_10,DISABLED,fit,H,20,4,0.05,0.05,20,0.0,0.0,20,1.0,1.0,20,0.0,0.0,20,0.05,0.05,20,1.0,1.0,1,0.0,0.0,1,0.0,0.0,19,0.0,0.0,19,0.0,0.0,20,0.25,0.25,20,0.0,0.0,20
16,P4,W1_KL_10,DISABLED,fit,U,16,16,0.4375,0.4375,16,0.0,0.0,16,1.0,1.0,16,0.0,0.0,16,0.4375,0.4375,16,1.0,1.0,7,0.0,0.0,7,0.0,0.0,9,0.0,0.0,9,0.25,0.25,16,0.0,0.0,16,0.0,0.0,16
16,P4,W1_KL_10,DISABLED,fit,positive,5,1,0.0,0.0,5,0.0,0.0,5,1.0,1.0,5,,,0,0.0,0.0,5,,,0,,,0,0.0,0.0,5,0.0,0.0,5,0.0,0.0,5,1.0,1.0,5,0.0,0.0,5
16,P4,W1_KL_10,DISABLED,formal_development,T1G,4,4,0.0,0.0,4,0.0,0.0,4,1.0,1.0,4,,,0,0.0,0.0,4,,,0,,,0,0.0,0.0,4,0.0,0.0,4,0.0,0.0,4,0.5,0.5,4,0.0,0.0,4
16,P4,W1_KL_10,DISABLED,formal_development,T1L,5,5,0.6,0.6,5,0.0,0.0,5,1.0,1.0,5,,,0,0.6,0.6,5,1.0,1.0,3,0.0,0.0,3,0.0,0.0,2,0.0,0.0,2,0.0,0.0,5,0.8,0.8,5,0.0,0.0,5
16,P4,W1_KL_10,DISABLED,formal_development,T2G,4,1,0.0,0.0,4,0.0,0.0,4,1.0,1.0,4,,,0,0.0,0.0,4,,,0,,,0,0.0,0.0,4,0.0,0.0,4,0.0,0.0,4,0.75,0.75,4,0.0,0.0,4
16,P4,W1_KL_10,DISABLED,native,positive,1,1,0.0,0.0,1,0.0,0.0,1,1.0,1.0,1,,,0,0.0,0.0,1,,,0,,,0,0.0,0.0,1,0.0,0.0,1,0.0,0.0,1,1.0,1.0,1,0.0,0.0,1
16,P4,W1_KL_10,FIXED_ROUTER,calibration,H,16,4,0.375,0.375,16,0.0,0.0,16,1.0,1.0,16,0.0,0.0,16,0.375,0.375,16,1.0,1.0,6,0.0,0.0,6,0.0,0.0,10,0.0,0.0,10,0.0,0.0,16,0.0,0.0,16,0.0,0.0,16
16,P4,W1_KL_10,FIXED_ROUTER,calibration,U,16,16,0.1875,0.1875,16,0.0,0.0,16,1.0,1.0,16,0.0,0.0,16,0.1875,0.1875,16,1.0,1.0,3,0.0,0.0,3,0.0,0.0,13,0.0,0.0,13,0.25,0.25,16,0.0,0.0,16,0.0,0.0,16
16,P4,W1_KL_10,FIXED_ROUTER,calibration,positive,4,1,0.0,0.0,4,0.0,0.0,4,1.0,1.0,4,,,0,0.0,0.0,4,,,0,,,0,0.0,0.0,4,0.0,0.0,4,0.0,0.0,4,1.0,1.0,4,0.0,0.0,4
16,P4,W1_KL_10,FIXED_ROUTER,evaluation,H,20,5,0.0,0.0,20,0.0,0.0,20,0.85,0.85,20,0.001989552332088351,0.001989552332088351,20,0.0,0.0,20,,,0,,,0,0.0,0.0,20,0.15,0.15,20,0.0,0.0,20,0.2,0.2,20,0.0,0.0,20
16,P4,W1_KL_10,FIXED_ROUTER,evaluation,U,15,15,0.2,0.2,15,0.0,0.0,15,1.0,1.0,15,0.0,0.0,15,0.2,0.2,15,1.0,1.0,3,0.0,0.0,3,0.0,0.0,12,0.0,0.0,12,0.06666666666666667,0.06666666666666667,15,0.0,0.0,15,0.0,0.0,15
16,P4,W1_KL_10,FIXED_ROUTER,evaluation,positive,4,1,0.0,0.0,4,0.0,0.0,4,1.0,1.0,4,,,0,0.0,0.0,4,,,0,,,0,0.0,0.0,4,0.0,0.0,4,0.0,0.0,4,1.0,1.0,4,0.0,0.0,4
16,P4,W1_KL_10,FIXED_ROUTER,fit,H,20,4,0.05,0.05,20,0.0,0.0,20,0.8,0.8,20,0.0052421051543205975,0.0052421051543205975,20,0.05,0.05,20,1.0,1.0,1,0.0,0.0,1,0.0,0.0,19,0.2,0.21052631578947367,19,0.05,0.05,20,0.25,0.25,20,0.0,0.0,20
16,P4,W1_KL_10,FIXED_ROUTER,fit,U,16,16,0.4375,0.4375,16,0.0,0.0,16,1.0,1.0,16,0.0,0.0,16,0.4375,0.4375,16,1.0,1.0,7,0.0,0.0,7,0.0,0.0,9,0.0,0.0,9,0.25,0.25,16,0.0,0.0,16,0.0,0.0,16
16,P4,W1_KL_10,FIXED_ROUTER,fit,positive,5,1,0.2,0.2,5,0.2,0.2,5,0.8,0.8,5,,,0,0.0,0.0,5,,,0,,,0,0.2,0.2,5,0.2,0.2,5,0.2,0.2,5,1.0,1.0,5,0.0,0.0,5
16,P4,W1_KL_10,FIXED_ROUTER,formal_development,T1G,4,4,0.5,0.5,4,0.5,0.5,4,0.5,0.5,4,,,0,0.0,0.0,4,,,0,,,0,0.5,0.5,4,0.5,0.5,4,0.5,0.5,4,0.5,0.5,4,0.0,0.0,4
16,P4,W1_KL_10,FIXED_ROUTER,formal_development,T1L,5,5,0.2,0.2,5,0.0,0.0,5,0.2,0.2,5,,,0,0.6,0.6,5,0.3333333333333333,0.3333333333333333,3,0.6666666666666666,0.6666666666666666,3,0.0,0.0,2,1.0,1.0,2,0.8,0.8,5,0.8,0.8,5,0.0,0.0,5
16,P4,W1_KL_10,FIXED_ROUTER,formal_development,T2G,4,1,0.0,0.0,4,0.0,0.0,4,0.5,0.5,4,,,0,0.0,0.0,4,,,0,,,0,0.0,0.0,4,0.5,0.5,4,0.0,0.0,4,0.75,0.75,4,0.0,0.0,4
16,P4,W1_KL_10,FIXED_ROUTER,native,positive,1,1,1.0,1.0,1,1.0,1.0,1,0.0,0.0,1,,,0,0.0,0.0,1,,,0,,,0,1.0,1.0,1,1.0,1.0,1,1.0,1.0,1,1.0,1.0,1,0.0,0.0,1
16,P4,W1_KL_10,FORCED_ON,calibration,H,16,4,0.1875,0.1875,16,0.0,0.0,16,0.625,0.625,16,0.00393871253618272,0.00393871253618272,16,0.375,0.375,16,0.375,0.5,6,0.625,0.5,6,0.0,0.0,10,0.3333333333333333,0.3,10,0.0,0.0,16,0.0,0.0,16,0.0,0.0,16
16,P4,W1_KL_10,FORCED_ON,calibration,U,16,16,0.25,0.25,16,0.0,0.0,16,0.6875,0.6875,16,0.0016071589525381569,0.0016071589525381569,16,0.1875,0.1875,16,1.0,1.0,3,0.0,0.0,3,0.07692307692307693,0.07692307692307693,13,0.38461538461538464,0.38461538461538464,13,0.25,0.25,16,0.0,0.0,16,0.0,0.0,16
16,P4,W1_KL_10,FORCED_ON,calibration,positive,4,1,0.0,0.0,4,0.0,0.0,4,1.0,1.0,4,,,0,0.0,0.0,4,,,0,,,0,0.0,0.0,4,0.0,0.0,4,0.0,0.0,4,1.0,1.0,4,0.0,0.0,4
16,P4,W1_KL_10,FORCED_ON,evaluation,H,20,5,0.0,0.0,20,0.0,0.0,20,0.25,0.25,20,0.00650300394045189,0.00650300394045189,20,0.0,0.0,20,,,0,,,0,0.0,0.0,20,0.75,0.75,20,0.0,0.0,20,0.2,0.2,20,0.0,0.0,20
16,P4,W1_KL_10,FORCED_ON,evaluation,U,15,15,0.2,0.2,15,0.0,0.0,15,0.5333333333333333,0.5333333333333333,15,0.0015406128290730218,0.0015406128290730218,15,0.2,0.2,15,1.0,1.0,3,0.0,0.0,3,0.0,0.0,12,0.5833333333333334,0.5833333333333334,12,0.06666666666666667,0.06666666666666667,15,0.0,0.0,15,0.0,0.0,15
16,P4,W1_KL_10,FORCED_ON,evaluation,positive,4,1,0.0,0.0,4,0.0,0.0,4,1.0,1.0,4,,,0,0.0,0.0,4,,,0,,,0,0.0,0.0,4,0.0,0.0,4,0.0,0.0,4,1.0,1.0,4,0.0,0.0,4
16,P4,W1_KL_10,FORCED_ON,fit,H,20,4,0.0,0.0,20,0.0,0.0,20,0.45,0.45,20,0.013626027386635542,0.013626027386635542,20,0.05,0.05,20,0.0,0.0,1,1.0,1.0,1,0.0,0.0,19,0.5375,0.5263157894736842,19,0.1,0.1,20,0.25,0.25,20,0.0,0.0,20
16,P4,W1_KL_10,FORCED_ON,fit,U,16,16,0.4375,0.4375,16,0.0,0.0,16,0.6875,0.6875,16,0.0008145284054990043,0.0008145284054990043,16,0.4375,0.4375,16,0.8571428571428571,0.8571428571428571,7,0.14285714285714285,0.14285714285714285,7,0.1111111111111111,0.1111111111111111,9,0.4444444444444444,0.4444444444444444,9,0.375,0.375,16,0.0,0.0,16,0.0,0.0,16
16,P4,W1_KL_10,FORCED_ON,fit,positive,5,1,0.2,0.2,5,0.2,0.2,5,0.8,0.8,5,,,0,0.0,0.0,5,,,0,,,0,0.2,0.2,5,0.2,0.2,5,0.2,0.2,5,1.0,1.0,5,0.0,0.0,5
16,P4,W1_KL_10,FORCED_ON,formal_development,T1G,4,4,1.0,1.0,4,1.0,1.0,4,0.0,0.0,4,,,0,0.0,0.0,4,,,0,,,0,1.0,1.0,4,1.0,1.0,4,1.0,1.0,4,0.5,0.5,4,0.0,0.0,4
16,P4,W1_KL_10,FORCED_ON,formal_development,T1L,5,5,0.0,0.0,5,0.0,0.0,5,0.0,0.0,5,,,0,0.6,0.6,5,0.0,0.0,3,1.0,1.0,3,0.0,0.0,2,1.0,1.0,2,0.8,0.8,5,0.8,0.8,5,0.0,0.0,5
16,P4,W1_KL_10,FORCED_ON,formal_development,T2G,4,1,0.0,0.0,4,0.0,0.0,4,0.5,0.5,4,,,0,0.0,0.0,4,,,0,,,0,0.0,0.0,4,0.5,0.5,4,0.0,0.0,4,0.75,0.75,4,0.0,0.0,4
16,P4,W1_KL_10,FORCED_ON,native,positive,1,1,1.0,1.0,1,1.0,1.0,1,0.0,0.0,1,,,0,0.0,0.0,1,,,0,,,0,1.0,1.0,1,1.0,1.0,1,1.0,1.0,1,1.0,1.0,1,0.0,0.0,1
16,P4,W2_GROUP_CONSTRAINED,DISABLED,calibration,H,16,4,0.375,0.375,16,0.0,0.0,16,1.0,1.0,16,0.0,0.0,16,0.375,0.375,16,1.0,1.0,6,0.0,0.0,6,0.0,0.0,10,0.0,0.0,10,0.0,0.0,16,0.0,0.0,16,0.0,0.0,16
16,P4,W2_GROUP_CONSTRAINED,DISABLED,calibration,U,16,16,0.1875,0.1875,16,0.0,0.0,16,1.0,1.0,16,0.0,0.0,16,0.1875,0.1875,16,1.0,1.0,3,0.0,0.0,3,0.0,0.0,13,0.0,0.0,13,0.25,0.25,16,0.0,0.0,16,0.0,0.0,16
16,P4,W2_GROUP_CONSTRAINED,DISABLED,calibration,positive,4,1,0.0,0.0,4,0.0,0.0,4,1.0,1.0,4,,,0,0.0,0.0,4,,,0,,,0,0.0,0.0,4,0.0,0.0,4,0.0,0.0,4,1.0,1.0,4,0.0,0.0,4
16,P4,W2_GROUP_CONSTRAINED,DISABLED,evaluation,H,20,5,0.0,0.0,20,0.0,0.0,20,1.0,1.0,20,0.0,0.0,20,0.0,0.0,20,,,0,,,0,0.0,0.0,20,0.0,0.0,20,0.0,0.0,20,0.2,0.2,20,0.0,0.0,20
16,P4,W2_GROUP_CONSTRAINED,DISABLED,evaluation,U,15,15,0.2,0.2,15,0.0,0.0,15,1.0,1.0,15,0.0,0.0,15,0.2,0.2,15,1.0,1.0,3,0.0,0.0,3,0.0,0.0,12,0.0,0.0,12,0.06666666666666667,0.06666666666666667,15,0.0,0.0,15,0.0,0.0,15
16,P4,W2_GROUP_CONSTRAINED,DISABLED,evaluation,positive,4,1,0.0,0.0,4,0.0,0.0,4,1.0,1.0,4,,,0,0.0,0.0,4,,,0,,,0,0.0,0.0,4,0.0,0.0,4,0.0,0.0,4,1.0,1.0,4,0.0,0.0,4
16,P4,W2_GROUP_CONSTRAINED,DISABLED,fit,H,20,4,0.05,0.05,20,0.0,0.0,20,1.0,1.0,20,0.0,0.0,20,0.05,0.05,20,1.0,1.0,1,0.0,0.0,1,0.0,0.0,19,0.0,0.0,19,0.0,0.0,20,0.25,0.25,20,0.0,0.0,20
16,P4,W2_GROUP_CONSTRAINED,DISABLED,fit,U,16,16,0.4375,0.4375,16,0.0,0.0,16,1.0,1.0,16,0.0,0.0,16,0.4375,0.4375,16,1.0,1.0,7,0.0,0.0,7,0.0,0.0,9,0.0,0.0,9,0.25,0.25,16,0.0,0.0,16,0.0,0.0,16
16,P4,W2_GROUP_CONSTRAINED,DISABLED,fit,positive,5,1,0.0,0.0,5,0.0,0.0,5,1.0,1.0,5,,,0,0.0,0.0,5,,,0,,,0,0.0,0.0,5,0.0,0.0,5,0.0,0.0,5,1.0,1.0,5,0.0,0.0,5
16,P4,W2_GROUP_CONSTRAINED,DISABLED,formal_development,T1G,4,4,0.0,0.0,4,0.0,0.0,4,1.0,1.0,4,,,0,0.0,0.0,4,,,0,,,0,0.0,0.0,4,0.0,0.0,4,0.0,0.0,4,0.5,0.5,4,0.0,0.0,4
16,P4,W2_GROUP_CONSTRAINED,DISABLED,formal_development,T1L,5,5,0.6,0.6,5,0.0,0.0,5,1.0,1.0,5,,,0,0.6,0.6,5,1.0,1.0,3,0.0,0.0,3,0.0,0.0,2,0.0,0.0,2,0.0,0.0,5,0.8,0.8,5,0.0,0.0,5
16,P4,W2_GROUP_CONSTRAINED,DISABLED,formal_development,T2G,4,1,0.0,0.0,4,0.0,0.0,4,1.0,1.0,4,,,0,0.0,0.0,4,,,0,,,0,0.0,0.0,4,0.0,0.0,4,0.0,0.0,4,0.75,0.75,4,0.0,0.0,4
16,P4,W2_GROUP_CONSTRAINED,DISABLED,native,positive,1,1,0.0,0.0,1,0.0,0.0,1,1.0,1.0,1,,,0,0.0,0.0,1,,,0,,,0,0.0,0.0,1,0.0,0.0,1,0.0,0.0,1,1.0,1.0,1,0.0,0.0,1
16,P4,W2_GROUP_CONSTRAINED,FIXED_ROUTER,calibration,H,16,4,0.375,0.375,16,0.0,0.0,16,1.0,1.0,16,0.0,0.0,16,0.375,0.375,16,1.0,1.0,6,0.0,0.0,6,0.0,0.0,10,0.0,0.0,10,0.0,0.0,16,0.0,0.0,16,0.0,0.0,16
16,P4,W2_GROUP_CONSTRAINED,FIXED_ROUTER,calibration,U,16,16,0.1875,0.1875,16,0.0,0.0,16,1.0,1.0,16,0.0,0.0,16,0.1875,0.1875,16,1.0,1.0,3,0.0,0.0,3,0.0,0.0,13,0.0,0.0,13,0.25,0.25,16,0.0,0.0,16,0.0,0.0,16
16,P4,W2_GROUP_CONSTRAINED,FIXED_ROUTER,calibration,positive,4,1,1.0,1.0,4,1.0,1.0,4,0.0,0.0,4,,,0,0.0,0.0,4,,,0,,,0,1.0,1.0,4,1.0,1.0,4,1.0,1.0,4,1.0,1.0,4,0.0,0.0,4
16,P4,W2_GROUP_CONSTRAINED,FIXED_ROUTER,evaluation,H,20,5,0.0,0.0,20,0.0,0.0,20,0.8,0.8,20,0.059414564073085784,0.059414564073085784,20,0.0,0.0,20,,,0,,,0,0.0,0.0,20,0.2,0.2,20,0.2,0.2,20,0.2,0.2,20,0.0,0.0,20
16,P4,W2_GROUP_CONSTRAINED,FIXED_ROUTER,evaluation,U,15,15,0.2,0.2,15,0.0,0.0,15,1.0,1.0,15,0.0,0.0,15,0.2,0.2,15,1.0,1.0,3,0.0,0.0,3,0.0,0.0,12,0.0,0.0,12,0.06666666666666667,0.06666666666666667,15,0.0,0.0,15,0.0,0.0,15
16,P4,W2_GROUP_CONSTRAINED,FIXED_ROUTER,evaluation,positive,4,1,1.0,1.0,4,1.0,1.0,4,0.0,0.0,4,,,0,0.0,0.0,4,,,0,,,0,1.0,1.0,4,1.0,1.0,4,1.0,1.0,4,1.0,1.0,4,0.0,0.0,4
16,P4,W2_GROUP_CONSTRAINED,FIXED_ROUTER,fit,H,20,4,0.05,0.05,20,0.0,0.0,20,0.75,0.75,20,0.07792748659849166,0.07792748659849166,20,0.05,0.05,20,1.0,1.0,1,0.0,0.0,1,0.0,0.0,19,0.25,0.2631578947368421,19,0.25,0.25,20,0.25,0.25,20,0.0,0.0,20
16,P4,W2_GROUP_CONSTRAINED,FIXED_ROUTER,fit,U,16,16,0.4375,0.4375,16,0.0,0.0,16,1.0,1.0,16,0.0,0.0,16,0.4375,0.4375,16,1.0,1.0,7,0.0,0.0,7,0.0,0.0,9,0.0,0.0,9,0.25,0.25,16,0.0,0.0,16,0.0,0.0,16
16,P4,W2_GROUP_CONSTRAINED,FIXED_ROUTER,fit,positive,5,1,1.0,1.0,5,1.0,1.0,5,0.0,0.0,5,,,0,0.0,0.0,5,,,0,,,0,1.0,1.0,5,1.0,1.0,5,1.0,1.0,5,1.0,1.0,5,0.0,0.0,5
16,P4,W2_GROUP_CONSTRAINED,FIXED_ROUTER,formal_development,T1G,4,4,0.5,0.5,4,0.5,0.5,4,0.5,0.5,4,,,0,0.0,0.0,4,,,0,,,0,0.5,0.5,4,0.5,0.5,4,0.5,0.5,4,0.5,0.5,4,0.0,0.0,4
16,P4,W2_GROUP_CONSTRAINED,FIXED_ROUTER,formal_development,T1L,5,5,0.2,0.2,5,0.0,0.0,5,0.2,0.2,5,,,0,0.6,0.6,5,0.3333333333333333,0.3333333333333333,3,0.6666666666666666,0.6666666666666666,3,0.0,0.0,2,1.0,1.0,2,0.8,0.8,5,0.8,0.8,5,0.0,0.0,5
16,P4,W2_GROUP_CONSTRAINED,FIXED_ROUTER,formal_development,T2G,4,1,0.5,0.5,4,0.5,0.5,4,0.5,0.5,4,,,0,0.0,0.0,4,,,0,,,0,0.5,0.5,4,0.5,0.5,4,0.5,0.5,4,0.75,0.75,4,0.0,0.0,4
16,P4,W2_GROUP_CONSTRAINED,FIXED_ROUTER,native,positive,1,1,1.0,1.0,1,1.0,1.0,1,0.0,0.0,1,,,0,0.0,0.0,1,,,0,,,0,1.0,1.0,1,1.0,1.0,1,1.0,1.0,1,1.0,1.0,1,0.0,0.0,1
16,P4,W2_GROUP_CONSTRAINED,FORCED_ON,calibration,H,16,4,0.0,0.0,16,0.0,0.0,16,0.0,0.0,16,0.24237630981951952,0.24237630981951952,16,0.375,0.375,16,0.0,0.0,6,1.0,1.0,6,0.0,0.0,10,1.0,1.0,10,0.25,0.25,16,0.0,0.0,16,0.0,0.0,16
16,P4,W2_GROUP_CONSTRAINED,FORCED_ON,calibration,U,16,16,0.25,0.25,16,0.0,0.0,16,0.4375,0.4375,16,0.006250644568353891,0.006250644568353891,16,0.1875,0.1875,16,1.0,1.0,3,0.0,0.0,3,0.07692307692307693,0.07692307692307693,13,0.6153846153846154,0.6153846153846154,13,0.125,0.125,16,0.0,0.0,16,0.0,0.0,16
16,P4,W2_GROUP_CONSTRAINED,FORCED_ON,calibration,positive,4,1,1.0,1.0,4,1.0,1.0,4,0.0,0.0,4,,,0,0.0,0.0,4,,,0,,,0,1.0,1.0,4,1.0,1.0,4,1.0,1.0,4,1.0,1.0,4,0.0,0.0,4
16,P4,W2_GROUP_CONSTRAINED,FORCED_ON,evaluation,H,20,5,0.0,0.0,20,0.0,0.0,20,0.0,0.0,20,0.2813843205571175,0.2813843205571175,20,0.0,0.0,20,,,0,,,0,0.0,0.0,20,1.0,1.0,20,0.6,0.6,20,0.2,0.2,20,0.0,0.0,20
16,P4,W2_GROUP_CONSTRAINED,FORCED_ON,evaluation,U,15,15,0.2,0.2,15,0.0,0.0,15,0.4666666666666667,0.4666666666666667,15,0.005299471210067471,0.005299471210067471,15,0.2,0.2,15,1.0,1.0,3,0.0,0.0,3,0.0,0.0,12,0.6666666666666666,0.6666666666666666,12,0.06666666666666667,0.06666666666666667,15,0.0,0.0,15,0.0,0.0,15
16,P4,W2_GROUP_CONSTRAINED,FORCED_ON,evaluation,positive,4,1,1.0,1.0,4,1.0,1.0,4,0.0,0.0,4,,,0,0.0,0.0,4,,,0,,,0,1.0,1.0,4,1.0,1.0,4,1.0,1.0,4,1.0,1.0,4,0.0,0.0,4
16,P4,W2_GROUP_CONSTRAINED,FORCED_ON,fit,H,20,4,0.0,0.0,20,0.0,0.0,20,0.0,0.0,20,0.27831986621022226,0.27831986621022226,20,0.05,0.05,20,0.0,0.0,1,1.0,1.0,1,0.0,0.0,19,1.0,1.0,19,0.75,0.75,20,0.25,0.25,20,0.0,0.0,20
16,P4,W2_GROUP_CONSTRAINED,FORCED_ON,fit,U,16,16,0.5,0.5,16,0.0,0.0,16,0.375,0.375,16,0.0041955027263611555,0.0041955027263611555,16,0.4375,0.4375,16,0.8571428571428571,0.8571428571428571,7,0.14285714285714285,0.14285714285714285,7,0.2222222222222222,0.2222222222222222,9,1.0,1.0,9,0.375,0.375,16,0.0,0.0,16,0.0,0.0,16
16,P4,W2_GROUP_CONSTRAINED,FORCED_ON,fit,positive,5,1,1.0,1.0,5,1.0,1.0,5,0.0,0.0,5,,,0,0.0,0.0,5,,,0,,,0,1.0,1.0,5,1.0,1.0,5,1.0,1.0,5,1.0,1.0,5,0.0,0.0,5
16,P4,W2_GROUP_CONSTRAINED,FORCED_ON,formal_development,T1G,4,4,1.0,1.0,4,1.0,1.0,4,0.0,0.0,4,,,0,0.0,0.0,4,,,0,,,0,1.0,1.0,4,1.0,1.0,4,1.0,1.0,4,0.5,0.5,4,0.0,0.0,4
16,P4,W2_GROUP_CONSTRAINED,FORCED_ON,formal_development,T1L,5,5,0.0,0.0,5,0.0,0.0,5,0.0,0.0,5,,,0,0.6,0.6,5,0.0,0.0,3,1.0,1.0,3,0.0,0.0,2,1.0,1.0,2,1.0,1.0,5,0.8,0.8,5,0.0,0.0,5
16,P4,W2_GROUP_CONSTRAINED,FORCED_ON,formal_development,T2G,4,1,0.5,0.5,4,0.5,0.5,4,0.5,0.5,4,,,0,0.0,0.0,4,,,0,,,0,0.5,0.5,4,0.5,0.5,4,0.5,0.5,4,0.75,0.75,4,0.0,0.0,4
16,P4,W2_GROUP_CONSTRAINED,FORCED_ON,native,positive,1,1,1.0,1.0,1,1.0,1.0,1,0.0,0.0,1,,,0,0.0,0.0,1,,,0,,,0,1.0,1.0,1,1.0,1.0,1,1.0,1.0,1,1.0,1.0,1,0.0,0.0,1
16,REFERENCE,A2,DISABLED,calibration,H,16,4,0.375,0.375,16,0.0,0.0,16,1.0,1.0,16,0.0,0.0,16,0.375,0.375,16,1.0,1.0,6,0.0,0.0,6,0.0,0.0,10,0.0,0.0,10,0.0,0.0,16,0.0,0.0,16,0.0,0.0,16
16,REFERENCE,A2,DISABLED,calibration,U,16,16,0.1875,0.1875,16,0.0,0.0,16,1.0,1.0,16,0.0,0.0,16,0.1875,0.1875,16,1.0,1.0,3,0.0,0.0,3,0.0,0.0,13,0.0,0.0,13,0.25,0.25,16,0.0,0.0,16,0.0,0.0,16
16,REFERENCE,A2,DISABLED,calibration,positive,4,1,0.0,0.0,4,0.0,0.0,4,1.0,1.0,4,,,0,0.0,0.0,4,,,0,,,0,0.0,0.0,4,0.0,0.0,4,0.0,0.0,4,1.0,1.0,4,0.0,0.0,4
16,REFERENCE,A2,DISABLED,evaluation,H,20,5,0.0,0.0,20,0.0,0.0,20,1.0,1.0,20,0.0,0.0,20,0.0,0.0,20,,,0,,,0,0.0,0.0,20,0.0,0.0,20,0.0,0.0,20,0.2,0.2,20,0.0,0.0,20
16,REFERENCE,A2,DISABLED,evaluation,U,15,15,0.2,0.2,15,0.0,0.0,15,1.0,1.0,15,0.0,0.0,15,0.2,0.2,15,1.0,1.0,3,0.0,0.0,3,0.0,0.0,12,0.0,0.0,12,0.06666666666666667,0.06666666666666667,15,0.0,0.0,15,0.0,0.0,15
16,REFERENCE,A2,DISABLED,evaluation,positive,4,1,0.0,0.0,4,0.0,0.0,4,1.0,1.0,4,,,0,0.0,0.0,4,,,0,,,0,0.0,0.0,4,0.0,0.0,4,0.0,0.0,4,1.0,1.0,4,0.0,0.0,4
16,REFERENCE,A2,DISABLED,fit,H,20,4,0.05,0.05,20,0.0,0.0,20,1.0,1.0,20,0.0,0.0,20,0.05,0.05,20,1.0,1.0,1,0.0,0.0,1,0.0,0.0,19,0.0,0.0,19,0.0,0.0,20,0.25,0.25,20,0.0,0.0,20
16,REFERENCE,A2,DISABLED,fit,U,16,16,0.4375,0.4375,16,0.0,0.0,16,1.0,1.0,16,0.0,0.0,16,0.4375,0.4375,16,1.0,1.0,7,0.0,0.0,7,0.0,0.0,9,0.0,0.0,9,0.25,0.25,16,0.0,0.0,16,0.0,0.0,16
16,REFERENCE,A2,DISABLED,fit,positive,5,1,0.0,0.0,5,0.0,0.0,5,1.0,1.0,5,,,0,0.0,0.0,5,,,0,,,0,0.0,0.0,5,0.0,0.0,5,0.0,0.0,5,1.0,1.0,5,0.0,0.0,5
16,REFERENCE,A2,DISABLED,formal_development,T1G,4,4,0.0,0.0,4,0.0,0.0,4,1.0,1.0,4,,,0,0.0,0.0,4,,,0,,,0,0.0,0.0,4,0.0,0.0,4,0.0,0.0,4,0.5,0.5,4,0.0,0.0,4
16,REFERENCE,A2,DISABLED,formal_development,T1L,5,5,0.6,0.6,5,0.0,0.0,5,1.0,1.0,5,,,0,0.6,0.6,5,1.0,1.0,3,0.0,0.0,3,0.0,0.0,2,0.0,0.0,2,0.0,0.0,5,0.8,0.8,5,0.0,0.0,5
16,REFERENCE,A2,DISABLED,formal_development,T2G,4,1,0.0,0.0,4,0.0,0.0,4,1.0,1.0,4,,,0,0.0,0.0,4,,,0,,,0,0.0,0.0,4,0.0,0.0,4,0.0,0.0,4,0.75,0.75,4,0.0,0.0,4
16,REFERENCE,A2,DISABLED,native,positive,1,1,0.0,0.0,1,0.0,0.0,1,1.0,1.0,1,,,0,0.0,0.0,1,,,0,,,0,0.0,0.0,1,0.0,0.0,1,0.0,0.0,1,1.0,1.0,1,0.0,0.0,1
16,REFERENCE,A2,FIXED_ROUTER,calibration,H,16,4,0.375,0.375,16,0.0,0.0,16,1.0,1.0,16,0.0,0.0,16,0.375,0.375,16,1.0,1.0,6,0.0,0.0,6,0.0,0.0,10,0.0,0.0,10,0.0,0.0,16,0.0,0.0,16,0.0,0.0,16
16,REFERENCE,A2,FIXED_ROUTER,calibration,U,16,16,0.1875,0.1875,16,0.0,0.0,16,1.0,1.0,16,0.0,0.0,16,0.1875,0.1875,16,1.0,1.0,3,0.0,0.0,3,0.0,0.0,13,0.0,0.0,13,0.25,0.25,16,0.0,0.0,16,0.0,0.0,16
16,REFERENCE,A2,FIXED_ROUTER,calibration,positive,4,1,1.0,1.0,4,1.0,1.0,4,0.0,0.0,4,,,0,0.0,0.0,4,,,0,,,0,1.0,1.0,4,1.0,1.0,4,1.0,1.0,4,1.0,1.0,4,0.0,0.0,4
16,REFERENCE,A2,FIXED_ROUTER,evaluation,H,20,5,0.0,0.0,20,0.0,0.0,20,0.8,0.8,20,0.08524593412876129,0.08524593412876129,20,0.0,0.0,20,,,0,,,0,0.0,0.0,20,0.2,0.2,20,0.2,0.2,20,0.2,0.2,20,0.0,0.0,20
16,REFERENCE,A2,FIXED_ROUTER,evaluation,U,15,15,0.2,0.2,15,0.0,0.0,15,1.0,1.0,15,0.0,0.0,15,0.2,0.2,15,1.0,1.0,3,0.0,0.0,3,0.0,0.0,12,0.0,0.0,12,0.06666666666666667,0.06666666666666667,15,0.0,0.0,15,0.0,0.0,15
16,REFERENCE,A2,FIXED_ROUTER,evaluation,positive,4,1,1.0,1.0,4,1.0,1.0,4,0.0,0.0,4,,,0,0.0,0.0,4,,,0,,,0,1.0,1.0,4,1.0,1.0,4,1.0,1.0,4,1.0,1.0,4,0.0,0.0,4
16,REFERENCE,A2,FIXED_ROUTER,fit,H,20,4,0.05,0.05,20,0.0,0.0,20,0.75,0.75,20,0.10926106721162795,0.10926106721162795,20,0.05,0.05,20,1.0,1.0,1,0.0,0.0,1,0.0,0.0,19,0.25,0.2631578947368421,19,0.25,0.25,20,0.25,0.25,20,0.0,0.0,20
16,REFERENCE,A2,FIXED_ROUTER,fit,U,16,16,0.4375,0.4375,16,0.0,0.0,16,1.0,1.0,16,0.0,0.0,16,0.4375,0.4375,16,1.0,1.0,7,0.0,0.0,7,0.0,0.0,9,0.0,0.0,9,0.25,0.25,16,0.0,0.0,16,0.0,0.0,16
16,REFERENCE,A2,FIXED_ROUTER,fit,positive,5,1,1.0,1.0,5,1.0,1.0,5,0.0,0.0,5,,,0,0.0,0.0,5,,,0,,,0,1.0,1.0,5,1.0,1.0,5,1.0,1.0,5,1.0,1.0,5,0.0,0.0,5
16,REFERENCE,A2,FIXED_ROUTER,formal_development,T1G,4,4,0.5,0.5,4,0.5,0.5,4,0.5,0.5,4,,,0,0.0,0.0,4,,,0,,,0,0.5,0.5,4,0.5,0.5,4,0.5,0.5,4,0.5,0.5,4,0.0,0.0,4
16,REFERENCE,A2,FIXED_ROUTER,formal_development,T1L,5,5,0.2,0.2,5,0.0,0.0,5,0.2,0.2,5,,,0,0.6,0.6,5,0.3333333333333333,0.3333333333333333,3,0.6666666666666666,0.6666666666666666,3,0.0,0.0,2,1.0,1.0,2,0.8,0.8,5,0.8,0.8,5,0.0,0.0,5
16,REFERENCE,A2,FIXED_ROUTER,formal_development,T2G,4,1,0.75,0.75,4,0.75,0.75,4,0.25,0.25,4,,,0,0.0,0.0,4,,,0,,,0,0.75,0.75,4,0.75,0.75,4,0.75,0.75,4,0.75,0.75,4,0.0,0.0,4
16,REFERENCE,A2,FIXED_ROUTER,native,positive,1,1,1.0,1.0,1,1.0,1.0,1,0.0,0.0,1,,,0,0.0,0.0,1,,,0,,,0,1.0,1.0,1,1.0,1.0,1,1.0,1.0,1,1.0,1.0,1,0.0,0.0,1
16,REFERENCE,A2,FORCED_ON,calibration,H,16,4,0.0,0.0,16,0.0,0.0,16,0.0,0.0,16,0.2666305545717478,0.2666305545717478,16,0.375,0.375,16,0.0,0.0,6,1.0,1.0,6,0.0,0.0,10,1.0,1.0,10,0.25,0.25,16,0.0,0.0,16,0.0,0.0,16
16,REFERENCE,A2,FORCED_ON,calibration,U,16,16,0.3125,0.3125,16,0.0,0.0,16,0.3125,0.3125,16,0.021788819634821266,0.021788819634821266,16,0.1875,0.1875,16,1.0,1.0,3,0.0,0.0,3,0.15384615384615385,0.15384615384615385,13,0.7692307692307693,0.7692307692307693,13,0.125,0.125,16,0.0,0.0,16,0.0,0.0,16
16,REFERENCE,A2,FORCED_ON,calibration,positive,4,1,1.0,1.0,4,1.0,1.0,4,0.0,0.0,4,,,0,0.0,0.0,4,,,0,,,0,1.0,1.0,4,1.0,1.0,4,1.0,1.0,4,1.0,1.0,4,0.0,0.0,4
16,REFERENCE,A2,FORCED_ON,evaluation,H,20,5,0.0,0.0,20,0.0,0.0,20,0.0,0.0,20,0.36739023476839067,0.36739023476839067,20,0.0,0.0,20,,,0,,,0,0.0,0.0,20,1.0,1.0,20,0.6,0.6,20,0.2,0.2,20,0.0,0.0,20
16,REFERENCE,A2,FORCED_ON,evaluation,U,15,15,0.2,0.2,15,0.0,0.0,15,0.4,0.4,15,0.016308170619110267,0.016308170619110267,15,0.2,0.2,15,1.0,1.0,3,0.0,0.0,3,0.0,0.0,12,0.75,0.75,12,0.06666666666666667,0.06666666666666667,15,0.0,0.0,15,0.0,0.0,15
16,REFERENCE,A2,FORCED_ON,evaluation,positive,4,1,1.0,1.0,4,1.0,1.0,4,0.0,0.0,4,,,0,0.0,0.0,4,,,0,,,0,1.0,1.0,4,1.0,1.0,4,1.0,1.0,4,1.0,1.0,4,0.0,0.0,4
16,REFERENCE,A2,FORCED_ON,fit,H,20,4,0.0,0.0,20,0.0,0.0,20,0.0,0.0,20,0.37595587223768234,0.37595587223768234,20,0.05,0.05,20,0.0,0.0,1,1.0,1.0,1,0.0,0.0,19,1.0,1.0,19,0.75,0.75,20,0.25,0.25,20,0.0,0.0,20
16,REFERENCE,A2,FORCED_ON,fit,U,16,16,0.5,0.5,16,0.0,0.0,16,0.1875,0.1875,16,0.01761897260439582,0.01761897260439582,16,0.4375,0.4375,16,0.8571428571428571,0.8571428571428571,7,0.14285714285714285,0.14285714285714285,7,0.2222222222222222,0.2222222222222222,9,1.0,1.0,9,0.375,0.375,16,0.0,0.0,16,0.0,0.0,16
16,REFERENCE,A2,FORCED_ON,fit,positive,5,1,1.0,1.0,5,1.0,1.0,5,0.0,0.0,5,,,0,0.0,0.0,5,,,0,,,0,1.0,1.0,5,1.0,1.0,5,1.0,1.0,5,1.0,1.0,5,0.0,0.0,5
16,REFERENCE,A2,FORCED_ON,formal_development,T1G,4,4,1.0,1.0,4,1.0,1.0,4,0.0,0.0,4,,,0,0.0,0.0,4,,,0,,,0,1.0,1.0,4,1.0,1.0,4,1.0,1.0,4,0.5,0.5,4,0.0,0.0,4
16,REFERENCE,A2,FORCED_ON,formal_development,T1L,5,5,0.0,0.0,5,0.0,0.0,5,0.0,0.0,5,,,0,0.6,0.6,5,0.0,0.0,3,1.0,1.0,3,0.0,0.0,2,1.0,1.0,2,1.0,1.0,5,0.8,0.8,5,0.0,0.0,5
16,REFERENCE,A2,FORCED_ON,formal_development,T2G,4,1,1.0,1.0,4,0.75,0.75,4,0.0,0.0,4,,,0,0.0,0.0,4,,,0,,,0,1.0,1.0,4,1.0,1.0,4,1.0,1.0,4,0.75,0.75,4,0.0,0.0,4
16,REFERENCE,A2,FORCED_ON,native,positive,1,1,1.0,1.0,1,1.0,1.0,1,0.0,0.0,1,,,0,0.0,0.0,1,,,0,,,0,1.0,1.0,1,1.0,1.0,1,1.0,1.0,1,1.0,1.0,1,0.0,0.0,1
