edit,condition,H_ce,U_kl,elapsed_seconds,evidence_ce,evidence_d,evidence_tokens,forward_tokens,grad_norm,pair_loss,pos_ce,sigma,step
102,E1,3.7514092922210693,0.20204931497573853,3.1849167346954346,3.632641077041626,0.019356727600097656,6,39,9.05762004852295,0.0,0.00012597448221640661,1,1
102,E1,3.6320323944091797,0.3857392370700836,5.128625869750977,3.279538869857788,0.38147926330566406,6,80,9.008028030395508,0.0,0.00014146946341497824,1,2
102,E1,3.5229854583740234,0.005925606470555067,6.178072452545166,3.4201548099517822,0.0033249855041503906,6,116,8.989781379699707,0.0,0.00018406765593681484,1,3
102,E1,3.4114112854003906,0.0018426888855174184,7.222317457199097,3.1737539768218994,0.20955514907836914,6,159,8.914920806884766,0.0,0.00013475488958647475,1,4
102,E1,3.2997987270355225,0.0018112981924787164,8.021198511123657,3.1813459396362305,0.027019023895263672,6,202,8.84044361114502,0.0,0.00013952067820355296,1,5
102,E1,3.1883385181427,0.36849838495254517,8.75090503692627,2.85188364982605,0.3578152656555176,6,243,8.711140632629395,0.0,0.00018782525148708373,1,6
102,E1,3.0821220874786377,0.13853028416633606,9.7702317237854,2.984757661819458,-0.0009517669677734375,6,282,8.626692771911621,0.0,0.0003576103408704512,1,7
102,E1,2.975796937942505,0.005277253221720457,11.053245067596436,2.751559257507324,0.1898026466369629,6,318,8.458720207214355,0.0,0.00018663455557543784,1,8
102,E1,2.8696529865264893,0.0017642028396949172,12.32502555847168,2.756770133972168,0.026667118072509766,6,361,8.334465026855469,0.0,0.00022819546575192362,1,9
102,E1,2.7660772800445557,0.00509503111243248,13.635158061981201,2.4460561275482178,0.34557509422302246,6,397,8.145049095153809,0.0,0.00036144446494290605,1,10
102,E1,2.6680119037628174,0.3480563163757324,14.920214176177979,2.5709948539733887,0.0030035972595214844,6,438,8.000344276428223,0.0,0.0009017538832267746,1,11
102,E1,2.567143440246582,0.09517031162977219,16.18725562095642,2.3590281009674072,0.18164443969726562,6,477,7.793257236480713,0.0,0.0003718022344401106,1,12
102,E1,2.4741342067718506,0.004779509734362364,17.5039279460907,2.369337797164917,0.02664494514465332,6,513,7.615231037139893,0.0,0.0005154404934728518,1,13
102,E1,2.38118577003479,0.0807337611913681,18.80244541168213,2.0774099826812744,0.3174629211425781,6,552,7.391146183013916,0.0,0.0008455018687527627,1,14
102,E1,2.2881951332092285,0.3352968394756317,20.104511260986328,2.1968979835510254,0.006695985794067383,6,593,7.1871113777160645,0.0,0.0023994080256670713,1,15
102,E1,2.2004730701446533,0.0015762909315526485,21.38699746131897,2.000896692276001,0.17707085609436035,6,636,6.958823204040527,0.0,0.0008953597280196846,1,16
102,E1,2.1128249168395996,0.3297066390514374,22.666739225387573,2.0136518478393555,0.026647567749023438,6,677,6.767641067504883,0.0,0.0013029464171268046,1,17
102,E1,2.030339241027832,0.001545456936582923,23.972848653793335,1.7465227842330933,0.30768251419067383,6,720,6.5121541023254395,0.0,0.002058433019556105,1,18
102,E1,1.9502869844436646,0.05098266154527664,25.250335454940796,1.8621784448623657,0.018581390380859375,6,759,6.27569580078125,0.0,0.005966930708382279,1,19
102,E1,1.8731716871261597,0.004142987076193094,26.53539204597473,1.6851472854614258,0.16048812866210938,6,795,6.074315071105957,0.0,0.0022050526458770037,1,20
102,E1,1.7961746454238892,0.0014706061920151114,27.849576473236084,1.7002897262573242,0.02619194984436035,6,838,5.868762493133545,0.0,0.0032040488440543413,1,21
102,E1,1.7216273546218872,0.004014092031866312,29.138747453689575,1.4446849822998047,0.3016633987426758,6,874,5.619450569152832,0.0,0.004700671648606658,1,22
102,E1,1.6496644020080566,0.035169217735528946,30.444618463516235,1.564164638519287,0.026324033737182617,6,913,5.323544979095459,0.0,0.013809136115014553,1,23
102,E1,1.5775903463363647,0.31738463044166565,31.721755027770996,1.4067583084106445,0.1588447093963623,6,954,5.197365760803223,0.0,0.005078636109828949,1,24
102,E1,1.5162545442581177,0.3164243698120117,33.006723165512085,1.4290050268173218,0.025837421417236328,6,995,4.9926958084106445,0.0,0.007201333297416568,1,25
102,E1,1.4497041702270508,0.0036948001943528652,34.313464641571045,1.1914809942245483,0.2897684574127197,6,1031,4.74857759475708,0.0,0.0096930842846632,1,26
102,E1,1.3880586624145508,0.02391595020890236,35.607402324676514,1.306540846824646,0.02187645435333252,6,1070,4.382595539093018,0.0,0.028376799076795578,1,27
102,E1,1.327086329460144,0.001385738025419414,36.8727707862854,1.161237359046936,0.15639734268188477,6,1113,4.3401103019714355,0.0,0.010859713889658451,1,28
102,E1,1.2714998722076416,0.0035727096255868673,38.18540334701538,1.1857964992523193,0.028494834899902344,6,1149,4.133708953857422,0.0,0.014956447761505842,1,29
102,E1,1.213120698928833,0.0013476429739966989,39.47952175140381,0.9676712155342102,0.28033292293548584,6,1192,3.911072254180908,0.0,0.018418603111058474,1,30
102,E1,1.1578946113586426,0.3160819709300995,40.79330039024353,1.079837441444397,0.029280424118041992,6,1233,3.4662203788757324,0.0,0.05270111653953791,1,31
102,E1,1.1025651693344116,0.015588442794978619,42.071953535079956,0.9486004710197449,0.14401662349700928,6,1272,3.5080854892730713,0.0,0.021033059805631638,1,32
102,E1,1.0578213930130005,0.003377156564965844,43.36044764518738,0.9766430258750916,0.03530991077423096,6,1308,3.3107330799102783,0.0,0.02774734888225794,1,33
102,E1,1.0036637783050537,0.3184982240200043,44.6739182472229,0.7763826251029968,0.26971864700317383,6,1349,3.1092514991760254,0.0,0.0321557866409421,1,34
102,E1,0.9593656659126282,0.0013089606072753668,45.970624685287476,0.8886058926582336,0.028017163276672363,6,1392,2.6239895820617676,0.0,0.08584413211792707,1,35
102,E1,0.9159741401672363,0.01208198070526123,47.28486728668213,0.7719523906707764,0.13821494579315186,6,1431,2.7220234870910645,0.0,0.037360046058893204,1,36
102,E1,0.8680510520935059,0.3226040303707123,48.55967092514038,0.8036043643951416,0.033637166023254395,6,1472,2.527115821838379,0.0,0.04749451205134392,1,37
102,E1,0.8345538973808289,0.0013365834020078182,49.84524750709534,0.6188239455223083,0.24780118465423584,6,1515,2.370197057723999,0.0,0.0519355945289135,1,38
102,E1,0.792452871799469,0.003211165778338909,51.11657738685608,0.7246837019920349,0.026506423950195312,6,1551,1.8810971975326538,0.0,0.13095463812351227,1,39
102,E1,0.7555546760559082,0.010541784577071667,52.43223762512207,0.6278283596038818,0.12404954433441162,6,1590,2.0158002376556396,0.0,0.06025055795907974,1,40
102,E1,0.7147495746612549,0.001326751778833568,53.72875928878784,0.6581075191497803,0.02485978603363037,6,1633,1.8436477184295654,0.0,0.07479173690080643,1,41
102,E1,0.6834397912025452,0.003163460409268737,55.042776107788086,0.4906053841114044,0.22354936599731445,6,1669,1.724989414215088,0.0,0.07862752676010132,1,42
102,E1,0.6483607888221741,0.010538289323449135,56.342824935913086,0.5887623429298401,0.03103959560394287,6,1708,1.282689094543457,0.0,0.18255702778697014,1,43
102,E1,0.6182172894477844,0.3376453220844269,57.651496171951294,0.5037522315979004,0.11394941806793213,6,1749,1.4134578704833984,0.0,0.09219326078891754,1,44
102,E1,0.5844727158546448,0.0013431045226752758,58.929441928863525,0.531679630279541,0.022733569145202637,6,1792,1.2745143175125122,0.0,0.11121412739157677,1,45
102,E1,0.5555538535118103,0.011748014017939568,60.21606636047363,0.3841438591480255,0.20770388841629028,6,1831,1.203016757965088,0.0,0.11179826408624649,1,46
102,E1,0.5275049209594727,0.3460693359375,61.267478942871094,0.47665420174598694,0.02760481834411621,6,1872,0.8174782395362854,0.0,0.24421348050236702,1,47
102,E1,0.5037946105003357,0.0030830486211925745,62.02842879295349,0.4032862186431885,0.10303044319152832,6,1908,0.9402430653572083,0.0,0.13155288994312286,1,48
102,E1,0.47704359889030457,0.0031105007510632277,62.818931341171265,0.4288654029369354,0.02536189556121826,6,1944,0.8314346671104431,0.0,0.15590055286884308,1,49
102,E1,0.45436105132102966,0.3559137284755707,63.591856479644775,0.30121877789497375,0.1788196563720703,6,1985,0.7760524749755859,0.0,0.15210305899381638,1,50
102,E1,0.43238458037376404,0.0013988857390359044,64.35406374931335,0.3828488886356354,0.024453461170196533,6,2028,0.5063406229019165,0.0,0.3112325444817543,1,51
102,E1,0.4109223783016205,0.018303634598851204,65.1561951637268,0.32417213916778564,0.08160048723220825,6,2067,0.5874077081680298,0.0,0.17773568630218506,1,52
102,E1,0.38984647393226624,0.0014338704058900476,65.91524386405945,0.34997907280921936,0.01787024736404419,6,2110,0.5211228728294373,0.0,0.20280011743307114,1,53
102,E1,0.36958304047584534,0.0031675896607339382,66.71324896812439,0.243039071559906,0.15336623787879944,6,2146,0.5068074464797974,0.0,0.19403861463069916,1,54
102,E1,0.35316726565361023,0.023642567917704582,67.46931409835815,0.314961701631546,0.0168265700340271,6,2185,0.35298952460289,0.0,0.3741569444537163,1,55
102,E1,0.34008121490478516,0.3758535087108612,68.2706344127655,0.26846250891685486,0.06784647703170776,6,2226,0.358280211687088,0.0,0.22212781012058258,1,56
102,E1,0.3240022361278534,0.003229451132938266,69.02587127685547,0.29125505685806274,0.015419334173202515,6,2262,0.3273549973964691,0.0,0.2491530030965805,1,57
102,E1,0.3115110695362091,0.03056684508919716,69.78300452232361,0.19904275238513947,0.1355527937412262,6,2301,0.35694143176078796,0.0,0.23115567862987518,1,58
102,E1,0.30206355452537537,0.001585999969393015,70.49279379844666,0.2673357427120209,0.019505709409713745,6,2344,0.3533707559108734,0.0,0.42699526995420456,1,59
102,E1,0.28994134068489075,0.38786497712135315,71.64662432670593,0.22789894044399261,0.06128010153770447,6,2385,0.24975842237472534,0.0,0.25979211926460266,1,60
102,E1,0.2836049497127533,0.03854935243725777,72.96751952171326,0.2507005035877228,0.013994008302688599,6,2424,0.2556490898132324,0.0,0.2841109037399292,1,61
102,E1,0.27451884746551514,0.0034033283591270447,74.24579882621765,0.17400550842285156,0.12010303139686584,6,2460,0.30220288038253784,0.0,0.25647417455911636,1,62
102,E1,0.26805996894836426,0.0017028417205438018,75.53501534461975,0.2363845705986023,0.013702183961868286,6,2503,0.39675793051719666,0.0,0.4603077322244644,1,63
102,E1,0.262187123298645,0.39906737208366394,76.8570876121521,0.20211322605609894,0.060137927532196045,6,2544,0.2325989454984665,0.0,0.28386299312114716,1,64
102,E1,0.2585793435573578,0.0017137766117230058,78.1380922794342,0.22756309807300568,0.013491719961166382,6,2587,0.24916276335716248,0.0,0.30531273782253265,1,65
102,E1,0.25504499673843384,0.40387850999832153,79.42682242393494,0.1580122858285904,0.11635468900203705,6,2628,0.2791764736175537,0.0,0.27203820645809174,1,66
102,E1,0.2516894042491913,0.05382058024406433,80.73935508728027,0.22091032564640045,0.017250418663024902,6,2667,0.4210734963417053,0.0,0.4754677265882492,1,67
102,E1,0.2482844591140747,0.003587423823773861,82.03461265563965,0.19240903854370117,0.055156320333480835,6,2703,0.22293369472026825,0.0,0.2898431867361069,1,68
102,E1,0.2473592907190323,0.0017715623835101724,83.34963750839233,0.21960677206516266,0.013428479433059692,6,2746,0.2383737713098526,0.0,0.30911046266555786,1,69
102,E1,0.2440260499715805,0.4118618667125702,84.63927888870239,0.15358300507068634,0.11124904453754425,6,2787,0.26214858889579773,0.0,0.272935226559639,1,70
102,E1,0.24318033456802368,0.0635393038392067,85.9189944267273,0.21322248876094818,0.017093122005462646,6,2826,0.4125088155269623,0.0,0.4712064266204834,1,71
102,E1,0.2449660450220108,0.0036630607210099697,87.2359733581543,0.18967397511005402,0.055106908082962036,6,2862,0.19978299736976624,0.0,0.2888815999031067,1,72
102,E1,0.24443374574184418,0.4162665009498596,88.53144192695618,0.21676631271839142,0.013249576091766357,6,2903,0.21486416459083557,0.0,0.30393293499946594,1,73
102,E1,0.24370305240154266,0.06919317692518234,89.84829449653625,0.15319274365901947,0.11143368482589722,6,2942,0.2403838336467743,0.0,0.2659684717655182,1,74
102,E1,0.24568520486354828,0.003780493512749672,91.14652681350708,0.21764720976352692,0.01762065291404724,6,2978,0.38291680812835693,0.0,0.4613517224788666,1,75
102,E1,0.24767224490642548,0.0018368627643212676,92.46978068351746,0.19162768125534058,0.059491097927093506,6,3021,0.1673942655324936,0.0,0.27952179312705994,1,76
102,E1,0.24966244399547577,0.07402630895376205,93.76903915405273,0.22155945003032684,0.013688594102859497,6,3060,0.18401093780994415,0.0,0.29295584559440613,1,77
102,E1,0.25179335474967957,0.4214622676372528,95.08776068687439,0.15683118999004364,0.11381688714027405,6,3101,0.2246420979499817,0.0,0.2555370107293129,1,78
102,E1,0.25397205352783203,0.0018180387560278177,96.3681812286377,0.22278861701488495,0.014224797487258911,6,3144,0.335170179605484,0.0,0.4432681202888489,1,79
102,E1,0.25619950890541077,0.0039289528504014015,97.65265083312988,0.19857442378997803,0.05369645357131958,6,3180,0.13866837322711945,0.0,0.26790928840637207,1,80
102,E1,0.2583862543106079,0.4235142469406128,98.98634815216064,0.22944976389408112,0.010570645332336426,6,3221,0.16503867506980896,0.0,0.27978596091270447,1,81
102,E1,0.2552362084388733,0.003929577302187681,100.27162075042725,0.16296826303005219,0.11355248093605042,6,3257,0.2213992029428482,0.0,0.24173510819673538,1,82
102,E1,0.25754961371421814,0.08186104148626328,101.59389734268188,0.23098242282867432,0.014834016561508179,6,3296,0.3014857769012451,0.0,0.4257723093032837,1,83
102,E1,0.2598741948604584,0.0018656672909855843,102.89755582809448,0.20385664701461792,0.05890282988548279,6,3339,0.1275845170021057,0.0,0.25685252249240875,1,84
102,E1,0.26229915022850037,0.0018749823793768883,104.2114326953888,0.23551970720291138,0.010958313941955566,6,3382,0.16198904812335968,0.0,0.26855967193841934,1,85
102,E1,0.26195451617240906,0.08415823429822922,105.51086235046387,0.16769510507583618,0.1161985695362091,6,3421,0.22927933931350708,0.0,0.23254287242889404,1,86
102,E1,0.26442766189575195,0.42552733421325684,106.83317494392395,0.23480886220932007,0.01513218879699707,6,3462,0.2748768925666809,0.0,0.4135886952280998,1,87
102,E1,0.26414915919303894,0.004045362118631601,108.13178658485413,0.2073325514793396,0.0598471462726593,6,3498,0.1308271735906601,0.0,0.24764926731586456,1,88
102,E1,0.269490122795105,0.42533978819847107,109.44968581199646,0.23955096304416656,0.01514965295791626,6,3539,0.1694420576095581,0.0,0.2606423571705818,1,89
102,E1,0.26916974782943726,0.08661647140979767,110.74665069580078,0.1729375123977661,0.11470887064933777,6,3578,0.2446451187133789,0.0,0.22625339031219482,1,90
102,E1,0.2689587473869324,0.0019040728220716119,112.06706857681274,0.23892486095428467,0.01545029878616333,6,3621,0.25604701042175293,0.0,0.4059757962822914,1,91
102,E1,0.26873067021369934,0.004166003782302141,113.34871506690979,0.21111901104450226,0.05683177709579468,6,3657,0.13894829154014587,0.0,0.24283280968666077,1,92
102,E1,0.26854515075683594,0.0019260626286268234,114.63424253463745,0.2412811666727066,0.011323511600494385,6,3700,0.17413070797920227,0.0,0.25443992018699646,1,93
102,E1,0.2683641016483307,0.4250451326370239,115.9124846458435,0.1722027063369751,0.11866164207458496,6,3741,0.24716661870479584,0.0,0.22168102860450745,1,94
102,E1,0.26818764209747314,0.088981494307518,117.18382811546326,0.23819947242736816,0.019417166709899902,6,3780,0.24748368561267853,0.0,0.39778247475624084,1,95
102,E1,0.2679878771305084,0.004245273768901825,118.49623584747314,0.21047477424144745,0.06077536940574646,6,3816,0.13809598982334137,0.0,0.24094164371490479,1,96
102,E1,0.26786813139915466,0.004262297414243221,119.79528665542603,0.24055926501750946,0.011436790227890015,6,3852,0.17372190952301025,0.0,0.2539406791329384,1,97
102,E1,0.26769551634788513,0.42384305596351624,121.11156988143921,0.17169122397899628,0.11457505822181702,6,3893,0.2496308833360672,0.0,0.2209310233592987,1,98
102,E1,0.26755884289741516,0.001982310088351369,122.40782451629639,0.23757709562778473,0.015531748533248901,6,3936,0.24683257937431335,0.0,0.3999928757548332,1,99
102,E1,0.26740652322769165,0.0897434875369072,123.2483115196228,0.2074943333864212,0.06044575572013855,6,3975,0.1327517032623291,0.0,0.2431061565876007,1,100
102,E1,0.2644345164299011,0.004347201436758041,124.03673529624939,0.23484738171100616,0.01926058530807495,6,4011,0.1670759916305542,0.0,0.2534251734614372,1,101
102,E1,0.2643819749355316,0.42299631237983704,124.7971670627594,0.1692482978105545,0.11339113116264343,6,4052,0.24263407289981842,0.0,0.2229050248861313,1,102
102,E1,0.2614363729953766,0.0019947513937950134,125.58320808410645,0.2319367676973343,0.01527819037437439,6,4095,0.25353479385375977,0.0,0.4009806290268898,1,103
102,E1,0.2613120377063751,0.0903373509645462,126.38709902763367,0.20471324026584625,0.05593547224998474,6,4134,0.12160146981477737,0.0,0.24405278265476227,1,104
102,E1,0.2584688067436218,0.42111313343048096,127.15720105171204,0.23184140026569366,0.0150870680809021,6,4175,0.15466980636119843,0.0,0.2585950270295143,1,105
102,E1,0.2583765685558319,0.004394866526126862,127.94768738746643,0.16690562665462494,0.10846027731895447,6,4211,0.23664402961730957,0.0,0.22379909455776215,1,106
102,E1,0.2555335462093353,0.002026905072852969,128.7142355442047,0.22897596657276154,0.015213429927825928,6,4254,0.26303228735923767,0.0,0.4041590988636017,1,107
102,E1,0.25544387102127075,0.09046696871519089,129.50755071640015,0.20203657448291779,0.05546054244041443,6,4293,0.1084163561463356,0.0,0.24778499454259872,1,108
102,E1,0.2553466558456421,0.002047107322141528,130.2683892250061,0.22891974449157715,0.011131495237350464,6,4336,0.1502334028482437,0.0,0.26111074537038803,1,109
102,E1,0.255230188369751,0.004568830132484436,131.0608353614807,0.16461962461471558,0.10742694139480591,6,4372,0.23212593793869019,0.0,0.22602298855781555,1,110
102,E1,0.2524513900279999,0.09046618640422821,131.7713816165924,0.2261122316122055,0.01505705714225769,6,4411,0.2687385678291321,0.0,0.40528786927461624,1,111
102,E1,0.252361923456192,0.4185640513896942,132.972674369812,0.1993914246559143,0.0511816143989563,6,4452,0.10049864649772644,0.0,0.2515900284051895,1,112
102,E1,0.252281129360199,0.4178547263145447,134.27148342132568,0.22603702545166016,0.011101067066192627,6,4493,0.14462003111839294,0.0,0.26360365748405457,1,113
102,E1,0.2495117038488388,0.004609451629221439,135.58916401863098,0.16238968074321747,0.10641996562480927,6,4529,0.225660040974617,0.0,0.2270454838871956,1,114
102,E1,0.24670051038265228,0.0020952285267412663,136.87133240699768,0.2208224982023239,0.014868319034576416,6,4572,0.2785153090953827,0.0,0.406458243727684,1,115
102,E1,0.24932624399662018,0.09118977189064026,138.05693221092224,0.19456744194030762,0.05413654446601868,6,4611,0.09461105614900589,0.0,0.25411467254161835,1,116
102,E1,0.2465886026620865,0.004620574414730072,139.37524962425232,0.2207735925912857,0.014714092016220093,6,4647,0.13972380757331848,0.0,0.26477958261966705,1,117
102,E1,0.24650941789150238,0.4155533015727997,140.6678524017334,0.16018904745578766,0.10545748472213745,6,4688,0.2221757471561432,0.0,0.2281223013997078,1,118
102,E1,0.2437899261713028,0.09122564643621445,141.98016452789307,0.21806924045085907,0.01476547122001648,6,4727,0.2855015695095062,0.0,0.4076324552297592,1,119
102,E1,0.2437085658311844,0.0021060900762677193,143.27770352363586,0.1943339705467224,0.05023905634880066,6,4770,0.0916946604847908,0.0,0.253902330994606,1,120
102,E1,0.2436399608850479,0.4146018326282501,144.5985586643219,0.22053001821041107,0.010838121175765991,6,4811,0.1388792246580124,0.0,0.26317310333251953,1,121
102,E1,0.24625533819198608,0.004750831983983517,145.87734532356262,0.16000117361545563,0.10539098083972931,6,4847,0.22684599459171295,0.0,0.22669066488742828,1,122
102,E1,0.2435297966003418,0.09130093455314636,147.21151041984558,0.21783827245235443,0.014752030372619629,6,4886,0.28356972336769104,0.0,0.40539760887622833,1,123
102,E1,0.24346227943897247,0.0021131031680852175,148.48656368255615,0.19410263001918793,0.05025923252105713,6,4929,0.09134025871753693,0.0,0.253727987408638,1,124
102,E1,0.24341344833374023,0.4124550223350525,149.77486968040466,0.217803493142128,0.014634877443313599,6,4970,0.14053568243980408,0.0,0.26163390278816223,1,125
102,E1,0.24603326618671417,0.004833354149013758,151.08778190612793,0.15983881056308746,0.10148938000202179,6,5006,0.2314305156469345,0.0,0.2253618836402893,1,126
102,E1,0.24331559240818024,0.09190189093351364,152.30106353759766,0.21763652563095093,0.01478266716003418,6,5045,0.28117361664772034,0.0,0.4031675457954407,1,127
102,E1,0.24326223134994507,0.002123868791386485,153.5784432888031,0.19163256883621216,0.053688377141952515,6,5088,0.09125835448503494,0.0,0.25362521409988403,1,128
102,E1,0.24320197105407715,0.09256284683942795,154.8664846420288,0.21760736405849457,0.014637976884841919,6,5127,0.14292611181735992,0.0,0.26010049879550934,1,129
102,E1,0.2458237260580063,0.410774290561676,156.1852672100067,0.15967583656311035,0.10144549608230591,6,5168,0.23492567241191864,0.0,0.22401783615350723,1,130
102,E1,0.24577529728412628,0.0021666535176336765,157.48496222496033,0.21743585169315338,0.014795005321502686,6,5211,0.27821144461631775,0.0,0.40307095646858215,1,131
102,E1,0.24306853115558624,0.004957104101777077,158.8056616783142,0.19373677670955658,0.050262123346328735,6,5247,0.09315474331378937,0.0,0.25075849890708923,1,132
102,E1,0.24300962686538696,0.0049556102603673935,160.09539079666138,0.21740086376667023,0.014691859483718872,6,5283,0.14515320956707,0.0,0.25856128334999084,1,133
102,E1,0.2429427057504654,0.09323441237211227,161.41269946098328,0.1595357209444046,0.10139425098896027,6,5322,0.23658332228660583,0.0,0.22275962680578232,1,134
102,E1,0.24295221269130707,0.0021827176678925753,162.71059250831604,0.21974855661392212,0.007231920957565308,6,5365,0.27711665630340576,0.0,0.39879973232746124,1,135
102,E1,0.24289585649967194,0.40863707661628723,164.0283236503601,0.1935749053955078,0.050275981426239014,6,5406,0.09269087016582489,0.0,0.2506927028298378,1,136
102,E1,0.24283467233181,0.09379515051841736,165.3311927318573,0.21974653005599976,0.01093590259552002,6,5445,0.14667457342147827,0.0,0.25985515117645264,1,137
102,E1,0.2428286224603653,0.004971077665686607,166.64539623260498,0.15941493213176727,0.1014411598443985,6,5481,0.24206461012363434,0.0,0.2215380221605301,1,138
102,E1,0.24278275668621063,0.0021828499156981707,167.92676663398743,0.2170858234167099,0.014826148748397827,6,5524,0.2798812985420227,0.0,0.39874082803726196,1,139
102,E1,0.24272818863391876,0.4083394706249237,169.21925902366638,0.1934247612953186,0.04650062322616577,6,5565,0.09358036518096924,0.0,0.25061196833848953,1,140
102,E1,0.24005383253097534,0.4078995883464813,170.5310297012329,0.21958120167255402,0.007187485694885254,6,5606,0.1473039835691452,0.0,0.2583671808242798,1,141
102,E1,0.24268056452274323,0.09497355669736862,171.81391835212708,0.16126884520053864,0.09843124449253082,6,5645,0.2516137957572937,0.0,0.2178783342242241,1,142
102,E1,0.2399941235780716,0.002216166816651821,173.0854287147522,0.21698671579360962,0.011021435260772705,6,5688,0.28172406554222107,0.0,0.3945210576057434,1,143
102,E1,0.23994410037994385,0.005079642403870821,174.37808084487915,0.19326935708522797,0.046510249376297,6,5724,0.09381885826587677,0.0,0.2505456283688545,1,144
102,E1,0.23991023004055023,0.0022328668273985386,175.69182562828064,0.21699051558971405,0.010866880416870117,6,5767,0.15274371206760406,0.0,0.254145011305809,1,145
102,E1,0.24253477156162262,0.005162871442735195,176.98075485229492,0.16114541888237,0.0946291834115982,6,5803,0.25626981258392334,0.0,0.21810303628444672,1,146
102,E1,0.2398442178964615,0.40627774596214294,178.26415538787842,0.21684741973876953,0.0110110342502594,6,5844,0.2843790650367737,0.0,0.3944629430770874,1,147
102,E1,0.24248875677585602,0.09657158702611923,179.58073663711548,0.19315610826015472,0.042751580476760864,6,5883,0.0968255028128624,0.0,0.2504846006631851,1,148
102,E1,0.23981446027755737,0.09689104557037354,180.87224125862122,0.216840460896492,0.010975509881973267,6,5922,0.1536596566438675,0.0,0.2554702162742615,1,149
102,E1,0.23976068198680878,0.0052276658825576305,182.1414875984192,0.15910206735134125,0.09749892354011536,6,5958,0.2558929920196533,0.0,0.21800940483808517,1,150
102,E1,0.23973028361797333,0.0022840171586722136,183.45792937278748,0.21429157257080078,0.010922402143478394,6,6001,0.2860018312931061,0.0,0.3937407582998276,1,151
102,E1,0.23972342908382416,0.4057828187942505,184.46900606155396,0.1907886415719986,0.04613736271858215,6,6042,0.09679048508405685,0.0,0.249113030731678,1,152
102,E1,0.23967261612415314,0.4053555130958557,185.2417025566101,0.21429722011089325,0.010858684778213501,6,6083,0.15581126511096954,0.0,0.2568152993917465,1,153
102,E1,0.23703183233737946,0.005226691719144583,186.00148034095764,0.1570749133825302,0.09662683308124542,6,6119,0.25610432028770447,0.0,0.21826430410146713,1,154
102,E1,0.2369903326034546,0.0022824190091341734,186.79377722740173,0.21176332235336304,0.010834068059921265,6,6162,0.2958216965198517,0.0,0.39579109847545624,1,155
102,E1,0.23698456585407257,0.09836426377296448,187.53921031951904,0.19071835279464722,0.0461193323135376,6,6201,0.09507052600383759,0.0,0.25182073563337326,1,156
102,E1,0.23694831132888794,0.09839146584272385,188.32347321510315,0.21417497098445892,0.01087874174118042,6,6240,0.1575659066438675,0.0,0.25539860129356384,1,157
102,E1,0.2369517683982849,0.005403784103691578,189.09304761886597,0.15698471665382385,0.0928909033536911,6,6276,0.2631974220275879,0.0,0.2171654924750328,1,158
102,E1,0.2343166023492813,0.4050188958644867,189.84445214271545,0.21409441530704498,0.007185876369476318,6,6317,0.30150559544563293,0.0,0.3936914652585983,1,159
102,E1,0.23428265750408173,0.0023340159095823765,190.6380753517151,0.18839795887470245,0.04574081301689148,6,6360,0.09742114692926407,0.0,0.25043826550245285,1,160
102,E2,3.7514092922210693,0.20204931497573853,1.3012950420379639,3.632641077041626,0.019356727600097656,6,39,9.057612419128418,0.0,0.00012597448221640661,1,1
102,E2,3.6320323944091797,0.38573941588401794,2.5992743968963623,3.279538869857788,0.38147926330566406,6,80,9.007972717285156,0.0,0.00014117147657088935,1,2
102,E2,3.5229852199554443,0.005936900619417429,3.914531946182251,3.4253623485565186,-0.004486083984375,6,116,8.989012718200684,0.0,0.000184127246029675,1,3
102,E2,3.4113528728485107,0.0018402731511741877,5.196295976638794,3.173607587814331,0.20967531204223633,6,159,8.925619125366211,0.0,0.00013499328633770347,-1,4
102,E2,3.2997992038726807,0.0018262092489749193,6.5294036865234375,3.1813459396362305,0.027019023895263672,6,202,8.841813087463379,0.0,0.00013940149801783264,-1,5
102,E2,3.1883389949798584,0.368502140045166,7.825815439224243,2.8520476818084717,0.35756969451904297,6,243,8.7127685546875,0.0,0.00018772594194160774,1,6
102,E2,3.0795183181762695,0.13856957852840424,9.095703840255737,2.9847571849823,-0.0007181167602539062,6,282,8.617402076721191,0.0,0.0003570739718270488,-1,7
102,E2,2.9759442806243896,0.0053053926676511765,10.371719121932983,2.751559257507324,0.1899271011352539,6,318,8.456317901611328,0.0,0.0001867140017566271,1,8
102,E2,2.8696534633636475,0.0017490587197244167,11.684836626052856,2.759373664855957,0.022761821746826172,6,361,8.330657958984375,0.0,0.0002279967739013955,-1,9
102,E2,2.7663257122039795,0.005132367834448814,12.969820261001587,2.4460561275482178,0.34557557106018066,6,397,8.143251419067383,0.0,0.00036025309964315966,1,10
102,E2,2.6678364276885986,0.34867948293685913,14.262047290802002,2.570791244506836,0.0072138309478759766,6,438,7.998859405517578,0.0,0.0008901215333025903,1,11
102,E2,2.567143201828003,0.09522739052772522,15.574504375457764,2.3590285778045654,0.1853926181793213,6,477,7.7915825843811035,0.0,0.0003697980137076229,1,12
102,E2,2.4741342067718506,0.004741407465189695,16.611689567565918,2.369337320327759,0.01884293556213379,6,513,7.6104207038879395,0.0,0.0005122652364661917,-1,13
102,E2,2.3811848163604736,0.08074243366718292,17.421534061431885,2.077284336090088,0.31748056411743164,6,552,7.4239726066589355,0.0,0.0008480235701426864,-1,14
102,E2,2.2881948947906494,0.33524125814437866,18.190372228622437,2.2020950317382812,-0.00500035285949707,6,593,7.170522689819336,0.0,0.0023681394814047962,-1,15
102,E2,2.200472593307495,0.0015892001101747155,18.975900173187256,2.0010318756103516,0.16888880729675293,6,636,6.958065032958984,0.0,0.0008943279972299933,1,16
102,E2,2.1128246784210205,0.3297431766986847,19.738166093826294,2.01365065574646,0.02664947509765625,6,677,6.7651777267456055,0.0,0.001297447830438614,1,17
102,E2,2.030339241027832,0.0015425441088154912,20.538978099822998,1.7463699579238892,0.30791187286376953,6,720,6.538058280944824,0.0,0.0020372869330458343,-1,18
102,E2,1.9505378007888794,0.05143904313445091,21.33538246154785,1.862033724784851,0.015119075775146484,6,759,6.267889022827148,0.0,0.006038027175236493,1,19
102,E2,1.8705743551254272,0.004144981037825346,22.09540891647339,1.6851438283920288,0.16825461387634277,6,795,6.071508407592773,0.0,0.0021883457666262984,1,20
102,E2,1.7961750030517578,0.001505455351434648,22.92376184463501,1.7054524421691895,0.01866602897644043,6,838,5.861832141876221,0.0,0.0032113840570673347,-1,21
102,E2,1.7217658758163452,0.004016021732240915,23.727686166763306,1.449806571006775,0.2944300174713135,6,874,5.618654251098633,0.0,0.004632302676327527,1,22
102,E2,1.649664282798767,0.03551911935210228,24.49725914001465,1.5693055391311646,0.011117935180664062,6,913,5.3241424560546875,0.0,0.013792510377243161,1,23
102,E2,1.5777238607406616,0.3173706531524658,25.253596544265747,1.4067493677139282,0.1588587760925293,6,954,5.193159580230713,0.0,0.005050634033977985,1,24
102,E2,1.513680338859558,0.3164021968841553,26.163920879364014,1.4290047883987427,0.025824308395385742,6,995,4.99214506149292,0.0,0.007201413623988628,1,25
102,E2,1.4471248388290405,0.003680492052808404,27.450231075286865,1.1914693117141724,0.2902524471282959,6,1031,4.773679733276367,0.0,0.009691201150417328,-1,26
102,E2,1.3883391618728638,0.02387443743646145,28.726398706436157,1.3119252920150757,0.013799309730529785,6,1070,4.3673224449157715,0.0,0.028374938759952784,-1,27
102,E2,1.3296245336532593,0.0014071044279262424,30.036114931106567,1.1612390279769897,0.15637147426605225,6,1113,4.371696949005127,0.0,0.010852953419089317,-1,28
102,E2,1.268938422203064,0.003571875859051943,31.336665868759155,1.190461277961731,0.021930575370788574,6,1149,4.134037971496582,0.0,0.014807469211518764,-1,29
102,E2,1.2133716344833374,0.0013722971780225635,32.6438205242157,0.9680370688438416,0.27220237255096436,6,1192,3.9094626903533936,0.0,0.018419343512505293,1,30
102,E2,1.1578692197799683,0.3157721757888794,33.94535803794861,1.079811453819275,0.02971792221069336,6,1233,3.4697062969207764,0.0,0.052082281559705734,1,31
102,E2,1.102817416191101,0.015584721229970455,35.262242555618286,0.9534554481506348,0.14407789707183838,6,1272,3.544855833053589,0.0,0.021020344458520412,-1,32
102,E2,1.058067798614502,0.0033584183547645807,36.56238150596619,0.9814323782920837,0.02812671661376953,6,1308,3.310302495956421,0.0,0.027717464603483677,1,33
102,E2,1.008471131324768,0.3183372914791107,37.882445096969604,0.7763777375221252,0.26971960067749023,6,1349,3.1093201637268066,0.0,0.032345158979296684,1,34
102,E2,0.9597815871238708,0.0013122365344315767,39.17610740661621,0.8886021971702576,0.02802586555480957,6,1392,2.624917507171631,0.0,0.08584514539688826,1,35
102,E2,0.915924608707428,0.011986578814685345,40.49590516090393,0.7764801383018494,0.13177156448364258,6,1431,2.758373975753784,0.0,0.037360820919275284,-1,36
102,E2,0.8774313926696777,0.32200539112091064,41.77936291694641,0.8035975098609924,0.02652597427368164,6,1472,2.5400571823120117,0.0,0.04744909144937992,-1,37
102,E2,0.8346495628356934,0.0013118820497766137,43.0726101398468,0.6187646985054016,0.247783362865448,6,1515,2.404315710067749,0.0,0.05193455517292023,-1,38
102,E2,0.7926366925239563,0.0032105958089232445,44.38757300376892,0.7248795032501221,0.02636432647705078,6,1551,1.8885639905929565,0.0,0.1293714176863432,-1,39
102,E2,0.7556317448616028,0.010435703210532665,45.66840386390686,0.6280293464660645,0.12376689910888672,6,1590,2.0159912109375,0.0,0.060186369344592094,1,40
102,E2,0.7148290276527405,0.0013326997868716717,46.95167541503906,0.6539289355278015,0.031010687351226807,6,1633,1.8450205326080322,0.0,0.07521357014775276,-1,41
102,E2,0.683430016040802,0.003141548251733184,48.2727735042572,0.49070510268211365,0.2297183871269226,6,1669,1.7613847255706787,0.0,0.07857651636004448,-1,42
102,E2,0.64827561378479,0.010453486815094948,49.571287631988525,0.593047559261322,0.030769050121307373,6,1708,1.28760826587677,0.0,0.1825207956135273,-1,43
102,E2,0.6183066368103027,0.3373869061470032,50.887664794921875,0.5037583112716675,0.11411136388778687,6,1749,1.4166442155838013,0.0,0.09151503443717957,1,44
102,E2,0.5885883569717407,0.0013495126040652394,52.188600301742554,0.5358940362930298,0.022381186485290527,6,1792,1.2820289134979248,0.0,0.11049789562821388,1,45
102,E2,0.5557133555412292,0.011520929634571075,53.51009249687195,0.3876744210720062,0.20222538709640503,6,1831,1.2045143842697144,0.0,0.1117144376039505,1,46
102,E2,0.5314628481864929,0.34575510025024414,54.804235219955444,0.4802218973636627,0.02233177423477173,6,1872,0.8242905735969543,0.0,0.24415357783436775,1,47
102,E2,0.5038830041885376,0.0030855995137244463,56.127904653549194,0.40344253182411194,0.09741377830505371,6,1908,0.9787530303001404,0.0,0.13148725777864456,-1,48
102,E2,0.476931095123291,0.0030678121838718653,57.423163175582886,0.4288249909877777,0.025597095489501953,6,1944,0.8311046957969666,0.0,0.15589678287506104,1,49
102,E2,0.4544644355773926,0.35500460863113403,58.72719740867615,0.30126434564590454,0.18402549624443054,6,1985,0.7750661969184875,0.0,0.15178357064723969,1,50
102,E2,0.4323965311050415,0.0014083987334743142,60.01902484893799,0.3860708177089691,0.019756615161895752,6,2028,0.5051664113998413,0.0,0.31221967190504074,1,51
102,E2,0.41081950068473816,0.017891814932227135,61.312429666519165,0.32425007224082947,0.0814058780670166,6,2067,0.5869994163513184,0.0,0.1776740401983261,1,52
102,E2,0.3899271786212921,0.0014589001657441258,62.63009595870972,0.34999048709869385,0.01778322458267212,6,2110,0.5232328176498413,0.0,0.20389457046985626,-1,53
102,E2,0.37314295768737793,0.0031630448065698147,63.907479763031006,0.24046896398067474,0.15726050734519958,6,2146,0.5702334046363831,0.0,0.19307996332645416,-1,54
102,E2,0.3532356917858124,0.02313677966594696,65.19587302207947,0.31498655676841736,0.02173963189125061,6,2185,0.353391170501709,0.0,0.3731214702129364,1,55
102,E2,0.3401751220226288,0.37484776973724365,66.46886205673218,0.2659960687160492,0.07162243127822876,6,2226,0.3575417697429657,0.0,0.22217944264411926,1,56
102,E2,0.3240799307823181,0.003233022755011916,67.79574918746948,0.2911868691444397,0.015411078929901123,6,2262,0.32864508032798767,0.0,0.24777130037546158,1,57
102,E2,0.3115744888782501,0.030202751979231834,69.09157490730286,0.19910140335559845,0.1354951560497284,6,2301,0.3567758798599243,0.0,0.23125918954610825,1,58
102,E2,0.29936644434928894,0.0015879225684329867,70.40437436103821,0.2648695409297943,0.01937165856361389,6,2344,0.35510629415512085,0.0,0.42584627866744995,-1,59
102,E2,0.28984811902046204,0.38788074254989624,71.69084525108337,0.2279459685087204,0.06127849221229553,6,2385,0.25010302662849426,0.0,0.25995126366615295,1,60
102,E2,0.28079429268836975,0.0378262884914875,73.02185797691345,0.25075504183769226,0.013908237218856812,6,2424,0.2555842101573944,0.0,0.2856910079717636,-1,61
102,E2,0.2745659649372101,0.003391380188986659,74.32053279876709,0.172100231051445,0.12297162413597107,6,2460,0.30111071467399597,0.0,0.2605695426464081,1,62
102,E2,0.26559147238731384,0.0017165999161079526,75.63609552383423,0.23638588190078735,0.013754010200500488,6,2503,0.4028013348579407,0.0,0.46179328858852386,1,63
102,E2,0.26204296946525574,0.3987264335155487,76.93144488334656,0.20225827395915985,0.05640605092048645,6,2544,0.2306753396987915,0.0,0.2824581116437912,1,64
102,E2,0.2585979402065277,0.0017245644703507423,77.96476030349731,0.2301715463399887,0.009639203548431396,6,2587,0.24802328646183014,0.0,0.3069499284029007,-1,65
102,E2,0.25519832968711853,0.4035942256450653,78.71837997436523,0.15804344415664673,0.11298802495002747,6,2628,0.2806839048862457,0.0,0.27209992706775665,1,66
102,E2,0.2517279386520386,0.05382306128740311,79.51548910140991,0.2186102420091629,0.017243534326553345,6,2667,0.42056068778038025,0.0,0.4755055755376816,1,67
102,E2,0.24830834567546844,0.0035676516126841307,80.31697392463684,0.1904047578573227,0.05817559361457825,6,2703,0.2266968935728073,0.0,0.2929227203130722,1,68
102,E2,0.24494467675685883,0.0017725799698382616,81.0923719406128,0.21738946437835693,0.012932956218719482,6,2746,0.23846733570098877,0.0,0.3090741038322449,-1,69
102,E2,0.2440481334924698,0.41154271364212036,81.87883043289185,0.1518941968679428,0.11378714442253113,6,2787,0.2640627324581146,0.0,0.2744573801755905,-1,70
102,E2,0.2434512823820114,0.06254351884126663,82.64455485343933,0.21562093496322632,0.01351204514503479,6,2826,0.41157066822052,0.0,0.47489017248153687,-1,71
102,E2,0.242528036236763,0.003656640648841858,83.40437698364258,0.18774886429309845,0.05802348256111145,6,2862,0.20357568562030792,0.0,0.28891316056251526,1,72
102,E2,0.2444448620080948,0.4156411290168762,84.20036768913269,0.21686816215515137,0.009621620178222656,6,2903,0.2141687572002411,0.0,0.3054179847240448,-1,73
102,E2,0.24370713531970978,0.06922483444213867,84.9591372013092,0.15327169001102448,0.11143718659877777,6,2942,0.24832157790660858,0.0,0.26748812198638916,-1,74
102,E2,0.24321188032627106,0.003731896635144949,85.74975275993347,0.2153087854385376,0.01758044958114624,6,2978,0.3879806101322174,0.0,0.463603213429451,1,75
102,E2,0.2451617568731308,0.0018250768771395087,86.48305892944336,0.18956653773784637,0.05524873733520508,6,3021,0.16329047083854675,0.0,0.2810070663690567,-1,76
102,E2,0.24722476303577423,0.07403603941202164,87.46287655830383,0.21925704181194305,0.013559699058532715,6,3060,0.18866796791553497,0.0,0.2960094213485718,1,77
102,E2,0.24658972024917603,0.42048877477645874,88.78486752510071,0.156899556517601,0.10649974644184113,6,3101,0.23911450803279877,0.0,0.2555198296904564,-1,78
102,E2,0.24867737293243408,0.0018516232958063483,90.07977056503296,0.2204912304878235,0.014140903949737549,6,3144,0.34727054834365845,0.0,0.44691453874111176,1,79
102,E2,0.2508336305618286,0.003881606739014387,91.39186573028564,0.19640283286571503,0.05328497290611267,6,3180,0.14030617475509644,0.0,0.26934073865413666,1,80
102,E2,0.25305259227752686,0.4223156273365021,92.6928288936615,0.2246638685464859,0.014152616262435913,6,3221,0.16521452367305756,0.0,0.28277280926704407,1,81
102,E2,0.2526421844959259,0.003964371047914028,94.00929474830627,0.16112348437309265,0.11266331374645233,6,3257,0.21948488056659698,0.0,0.24447742849588394,1,82
102,E2,0.25496551394462585,0.08079838007688522,95.30547904968262,0.22861874103546143,0.01462167501449585,6,3296,0.3078305423259735,0.0,0.43149296939373016,-1,83
102,E2,0.2572295367717743,0.0018615726148709655,96.62408804893494,0.2016587108373642,0.05840572714805603,6,3339,0.13635070621967316,0.0,0.25965848565101624,-1,84
102,E2,0.25962603092193604,0.0018875219393521547,97.92543339729309,0.2305864691734314,0.014555931091308594,6,3382,0.16031000018119812,0.0,0.27296802401542664,-1,85
102,E2,0.25932905077934265,0.08360408991575241,99.24338412284851,0.1678212434053421,0.1121838390827179,6,3421,0.224717378616333,0.0,0.23634660243988037,1,86
102,E2,0.26172977685928345,0.42386671900749207,100.54376339912415,0.2323269098997116,0.01501724123954773,6,3462,0.27919551730155945,0.0,0.41713225841522217,-1,87
102,E2,0.261453241109848,0.00401171064004302,101.86003136634827,0.20511417090892792,0.05932056903839111,6,3498,0.14332766830921173,0.0,0.25041553378105164,-1,88
102,E2,0.2639082372188568,0.4244382381439209,103.13928604125977,0.23452164232730865,0.014889687299728394,6,3539,0.16419269144535065,0.0,0.26348286122083664,-1,89
102,E2,0.2637020945549011,0.08599580824375153,104.41870284080505,0.17095427215099335,0.10988724231719971,6,3578,0.23428283631801605,0.0,0.22882158309221268,1,90
102,E2,0.2634870707988739,0.0018909620121121407,105.69309592247009,0.2364145666360855,0.015315443277359009,6,3621,0.262102335691452,0.0,0.40735649317502975,-1,91
102,E2,0.26598885655403137,0.004132916685193777,107.01325988769531,0.20881806313991547,0.05642661452293396,6,3657,0.13162219524383545,0.0,0.24555408209562302,1,92
102,E2,0.2658001780509949,0.001933259074576199,108.31275200843811,0.23873548209667206,0.011222243309020996,6,3700,0.16892477869987488,0.0,0.2585703060030937,-1,93
102,E2,0.26562297344207764,0.42395246028900146,109.62747001647949,0.1723049283027649,0.11061125993728638,6,3741,0.24168694019317627,0.0,0.22421494871377945,1,94
102,E2,0.26540637016296387,0.08841180801391602,110.92396473884583,0.23822607100009918,0.011473387479782104,6,3780,0.25151753425598145,0.0,0.40123044699430466,-1,95
102,E2,0.2652397155761719,0.004250409081578255,112.20179891586304,0.20813417434692383,0.060318201780319214,6,3816,0.15686678886413574,0.0,0.24232004582881927,-1,96
102,E2,0.2650735676288605,0.004215589724481106,113.51114511489868,0.23803605139255524,0.011284708976745605,6,3852,0.16969752311706543,0.0,0.2567252442240715,-1,97
102,E2,0.26494282484054565,0.42257606983184814,114.80057215690613,0.1717802733182907,0.11046844720840454,6,3893,0.2879309058189392,0.0,0.2222604975104332,-1,98
102,E2,0.26480573415756226,0.0019783186726272106,116.0784478187561,0.2350388616323471,0.015402555465698242,6,3936,0.24809321761131287,0.0,0.4000495970249176,-1,99
102,E2,0.26189905405044556,0.08911895006895065,117.39398550987244,0.20755469799041748,0.05641666054725647,6,3975,0.12323318421840668,0.0,0.24448230862617493,1,100
102,E2,0.2617785632610321,0.004340566229075193,118.68725228309631,0.23492419719696045,0.015157520771026611,6,4011,0.15983042120933533,0.0,0.25764869153499603,1,101
102,E2,0.2616354525089264,0.4205750524997711,120.00127267837524,0.16932564973831177,0.10948678851127625,6,4052,0.2825183570384979,0.0,0.22413881123065948,-1,102
102,E2,0.25868943333625793,0.0020043000113219023,121.30508136749268,0.232005313038826,0.011297613382339478,6,4095,0.2547336220741272,0.0,0.4010380730032921,-1,103
102,E2,0.25586608052253723,0.08975757658481598,122.56672430038452,0.20241707563400269,0.05549103021621704,6,4134,0.10907420516014099,0.0,0.24812226742506027,1,104
102,E2,0.25573599338531494,0.41990557312965393,123.83744955062866,0.2293103188276291,0.01496848464012146,6,4175,0.15389052033424377,0.0,0.25996407866477966,-1,105
102,E2,0.25563743710517883,0.004415573552250862,125.14936876296997,0.16494761407375336,0.10750150680541992,6,4211,0.2696405351161957,0.0,0.2276938408613205,-1,106
102,E2,0.25285670161247253,0.0020203213207423687,126.44398093223572,0.22905419766902924,0.011172652244567871,6,4254,0.2659876048564911,0.0,0.40552979707717896,-1,107
102,E2,0.252729207277298,0.0898614227771759,127.76137661933899,0.19981205463409424,0.05106911063194275,6,4293,0.12111183255910873,0.0,0.2505262568593025,-1,108
102,E2,0.24993745982646942,0.0020193036179989576,129.03877806663513,0.22393031418323517,0.014779776334762573,6,4336,0.14139345288276672,0.0,0.26530277729034424,1,109
102,E2,0.24987371265888214,0.004512415267527103,130.33314633369446,0.1626548320055008,0.10655465722084045,6,4372,0.2213948369026184,0.0,0.2285728082060814,1,110
102,E2,0.24978069961071014,0.09049408882856369,131.64623284339905,0.22369815409183502,0.011014968156814575,6,4411,0.273904949426651,0.0,0.4080560952425003,-1,111
102,E2,0.24966548383235931,0.41629546880722046,132.93686246871948,0.1948758214712143,0.05412900447845459,6,4452,0.09514518827199936,0.0,0.2543625980615616,1,112
102,E2,0.24692678451538086,0.415600448846817,134.2604992389679,0.22111524641513824,0.014632821083068848,6,4493,0.13922317326068878,0.0,0.2650023102760315,1,113
102,E2,0.2468348741531372,0.0045944261364638805,135.53979349136353,0.1604667454957962,0.10171644389629364,6,4529,0.25815579295158386,0.0,0.22960800677537918,-1,114
102,E2,0.24411605298519135,0.002114077564328909,136.82572722434998,0.21838514506816864,0.014717578887939453,6,4572,0.28542110323905945,0.0,0.4113414138555527,-1,115
102,E2,0.24400396645069122,0.09059487283229828,138.11759734153748,0.19461412727832794,0.05026024580001831,6,4611,0.09150724858045578,0.0,0.2555210739374161,1,116
102,E2,0.24663056433200836,0.0046065375208854675,139.15115451812744,0.22082306444644928,0.007090866565704346,6,4647,0.1406688541173935,0.0,0.26626116037368774,1,117
102,E2,0.24122589826583862,0.41348960995674133,139.9084815979004,0.1602470725774765,0.09780269861221313,6,4688,0.25215351581573486,0.0,0.22930938005447388,-1,118
102,E2,0.24383991956710815,0.09123304486274719,140.7219681739807,0.2181127667427063,0.014740318059921265,6,4727,0.2879844307899475,0.0,0.4111892879009247,1,119
102,E2,0.2437419444322586,0.002129168948158622,141.49050498008728,0.19437746703624725,0.04648187756538391,6,4770,0.09224680066108704,0.0,0.2567150145769119,1,120
102,E2,0.2410418540239334,0.4123944044113159,142.32025742530823,0.21807420253753662,0.010824441909790039,6,4811,0.13660281896591187,0.0,0.26747316122055054,1,121
102,E2,0.24097014963626862,0.004641474224627018,143.1045367717743,0.15811848640441895,0.10066452622413635,6,4847,0.21786779165267944,0.0,0.22927186638116837,1,122
102,E2,0.2409144788980484,0.09129634499549866,143.86574625968933,0.21788173913955688,0.010908812284469604,6,4886,0.2886446714401245,0.0,0.4068293124437332,1,123
102,E2,0.24082888662815094,0.0021403166465461254,144.671204328537,0.19187331199645996,0.0499245822429657,6,4929,0.09986495226621628,0.0,0.25656087696552277,-1,124
102,E2,0.24343876540660858,0.410180002450943,145.43453574180603,0.21784283220767975,0.010856389999389648,6,4970,0.14263348281383514,0.0,0.26451557874679565,-1,125
102,E2,0.24074506759643555,0.004771081730723381,146.23437571525574,0.15987077355384827,0.09773458540439606,6,5006,0.2629755437374115,0.0,0.22654549032449722,-1,126
102,E2,0.24067990481853485,0.0918993353843689,146.99798798561096,0.21765919029712677,0.010958731174468994,6,5045,0.28485357761383057,0.0,0.40459664165973663,-1,127
102,E2,0.24329425394535065,0.0021454053930938244,147.75812578201294,0.19167466461658478,0.046121567487716675,6,5088,0.09186961501836777,0.0,0.2550373524427414,1,128
102,E2,0.2405993491411209,0.09249963611364365,148.67099118232727,0.2176283597946167,0.010909408330917358,6,5127,0.1427413821220398,0.0,0.26294225454330444,-1,129
102,E2,0.2405332773923874,0.4080983102321625,150.00627946853638,0.15971562266349792,0.09768112003803253,6,5168,0.22560037672519684,0.0,0.2265789732336998,1,130
102,E2,0.2404865175485611,0.0021410370245575905,151.28670716285706,0.21504385769367218,0.01459348201751709,6,5211,0.28524401783943176,0.0,0.40449368953704834,-1,131
102,E2,0.24310602247714996,0.004884982947260141,152.5771942138672,0.19149260222911835,0.04992082715034485,6,5247,0.104222871363163,0.0,0.254929780960083,-1,132
102,E2,0.24039530754089355,0.0049575986340641975,153.89325428009033,0.21501660346984863,0.014531463384628296,6,5283,0.14560937881469727,0.0,0.2614138573408127,-1,133
102,E2,0.24035418033599854,0.09323831647634506,155.1865999698639,0.1576359122991562,0.10054503381252289,6,5322,0.23061099648475647,0.0,0.22530747205018997,1,134
102,E2,0.23768068850040436,0.002153037814423442,156.4592661857605,0.21486395597457886,0.010864675045013428,6,5365,0.2869585156440735,0.0,0.40021930634975433,-1,135
102,E2,0.2402854710817337,0.40674343705177307,157.77315616607666,0.19360221922397614,0.04649609327316284,6,5406,0.10268820822238922,0.0,0.2534593343734741,-1,136
102,E2,0.24024122953414917,0.09351105988025665,159.06292819976807,0.217312753200531,0.010845959186553955,6,5445,0.14644350111484528,0.0,0.26128365099430084,-1,137
102,E2,0.24016903340816498,0.005000278353691101,160.3357973098755,0.15943282842636108,0.09384384751319885,6,5481,0.2770996391773224,0.0,0.22407270967960358,-1,138
102,E2,0.2401724010705948,0.0021930679213255644,161.64354848861694,0.2146763801574707,0.014726907014846802,6,5524,0.28114211559295654,0.0,0.3980729877948761,-1,139
102,E2,0.24011598527431488,0.4056987464427948,162.92499685287476,0.19122087955474854,0.04607507586479187,6,5565,0.10363354533910751,0.0,0.253412202000618,-1,140
102,E2,0.2400568723678589,0.40544450283050537,164.26395845413208,0.2171470671892166,0.007118284702301025,6,5606,0.14808660745620728,0.0,0.26121558248996735,-1,141
102,E2,0.240070179104805,0.0947461649775505,165.55910444259644,0.15934684872627258,0.09374038875102997,6,5645,0.2458229809999466,0.0,0.22151323407888412,1,142
102,E2,0.24001507461071014,0.0022116859909147024,166.8748288154602,0.21457894146442413,0.01091235876083374,6,5688,0.28336358070373535,0.0,0.39803247153759,-1,143
102,E2,0.23734329640865326,0.005099206697195768,168.16063404083252,0.19106507301330566,0.046106040477752686,6,5724,0.09256815910339355,0.0,0.25334471464157104,1,144
102,E2,0.23731207847595215,0.002202009316533804,169.45125675201416,0.21457315981388092,0.010785996913909912,6,5767,0.1498631238937378,0.0,0.2597574293613434,-1,145
102,E2,0.23991437256336212,0.005266920663416386,170.75695133209229,0.15921945869922638,0.09380462765693665,6,5803,0.24960140883922577,0.0,0.22061382979154587,1,146
102,E2,0.23725838959217072,0.4045574367046356,172.04738879203796,0.21443401277065277,0.010896027088165283,6,5844,0.2935997247695923,0.0,0.3972954601049423,1,147
102,E2,0.23461735248565674,0.09627874195575714,173.34252285957336,0.18871118128299713,0.04572409391403198,6,5883,0.09212231636047363,0.0,0.2546846866607666,1,148
102,E2,0.23720450699329376,0.09655533730983734,174.6568992137909,0.21442413330078125,0.010866343975067139,6,5922,0.15087392926216125,0.0,0.2582988142967224,1,149
102,E2,0.23715077340602875,0.0052740806713700294,175.9581298828125,0.15911541879177094,0.09375861287117004,6,5958,0.2953680455684662,0.0,0.2194640263915062,-1,150
102,E2,0.23452897369861603,0.0022553359158337116,177.27315855026245,0.21189053356647491,0.010820984840393066,6,6001,0.2971995174884796,0.0,0.39724133908748627,-1,151
102,E2,0.23712654411792755,0.40315142273902893,178.5716154575348,0.1908302754163742,0.046138644218444824,6,6042,0.09460902959108353,0.0,0.25190144032239914,1,152
102,E2,0.2370743751525879,0.40325820446014404,179.88960981369019,0.21433357894420624,0.010816305875778198,6,6083,0.1529226452112198,0.0,0.2596505284309387,1,153
102,E2,0.23443441092967987,0.00536747183650732,181.16775250434875,0.15904484689235687,0.0899885892868042,6,6119,0.29686251282691956,0.0,0.21834133565425873,-1,154
102,E2,0.23703379929065704,0.0023090222384780645,182.46250343322754,0.21420913934707642,0.00716748833656311,6,6162,0.29055285453796387,0.0,0.39375627040863037,-1,155
102,E2,0.23440469801425934,0.09865119308233261,183.7749104499817,0.18850459158420563,0.045729488134384155,6,6201,0.09588637202978134,0.0,0.25461919605731964,1,156
102,E2,0.23435360193252563,0.09897620975971222,185.0563097000122,0.2142200618982315,0.007099568843841553,6,6240,0.15849347412586212,0.0,0.2568472623825073,-1,157
102,E2,0.23436079919338226,0.005447359289973974,186.35007905960083,0.15702775120735168,0.09287740290164948,6,6276,0.25816646218299866,0.0,0.21863681077957153,1,158
102,E2,0.23431165516376495,0.40290501713752747,187.6155219078064,0.21168075501918793,0.010845988988876343,6,6317,0.29960301518440247,0.0,0.39305660128593445,-1,159
102,E2,0.23170000314712524,0.0023078478407114744,188.93955516815186,0.18619680404663086,0.04534807801246643,6,6360,0.09851981699466705,0.0,0.25185178965330124,1,160
107,E1,4.688904285430908,0.004987741820514202,3.7263500690460205,4.569357395172119,-0.0012960433959960938,6,37,14.998233795166016,0.0,0.0001639772017369978,1,1
107,E1,4.519486904144287,0.004533306695520878,5.738907098770142,4.116395473480225,0.4124884605407715,6,71,15.612422943115234,0.0,0.0002049766990239732,1,2
107,E1,4.327759742736816,0.005172200035303831,7.2859485149383545,4.220236778259277,-0.015034198760986328,6,97,16.237117767333984,0.0,0.0002039177416008897,1,3
107,E1,4.140893459320068,0.3608362078666687,8.975958347320557,3.9321558475494385,0.1314525604248047,6,124,16.905677795410156,0.0,0.00017877589561976492,1,4
107,E1,3.9468977451324463,0.3521990478038788,10.243118286132812,3.8206024169921875,0.0058879852294921875,6,151,17.111156463623047,0.0,0.00017372925503877923,1,5
107,E1,3.751176595687866,0.004400347825139761,11.436208724975586,3.3615589141845703,0.41440725326538086,6,185,15.972419738769531,0.0,0.0002270803743158467,1,6
107,E1,3.569580316543579,0.005103366915136576,12.668674945831299,3.4669559001922607,0.011485099792480469,6,222,13.406425476074219,0.0,0.000253659462032374,1,7
107,E1,3.4199607372283936,0.005315700080245733,13.857042789459229,3.25589656829834,0.13360929489135742,6,248,9.879274368286133,0.0,0.00019694960792548954,1,8
107,E1,3.31162166595459,0.3229060173034668,15.107832193374634,3.2345869541168213,0.02151775360107422,6,275,8.0193452835083,0.0,0.0002017935912590474,1,9
107,E1,3.22531795501709,0.005284721497446299,16.368632793426514,2.914409637451172,0.38509273529052734,6,301,7.481164932250977,0.0,0.0002740647832979448,1,10
107,E1,3.143815040588379,0.0042046732269227505,17.636993646621704,3.072357177734375,0.03333139419555664,6,335,7.380573272705078,0.0,0.0003601178541430272,1,11
107,E1,3.0645463466644287,0.005124397575855255,18.902689933776855,2.9203357696533203,0.14411401748657227,6,372,7.314688682556152,0.0,0.0002416153220110573,1,12
107,E1,2.982091188430786,0.005218304693698883,20.1688334941864,2.919001817703247,0.0271453857421875,6,398,7.286401271820068,0.0,0.0002707622916204855,1,13
107,E1,2.900496244430542,0.005151816643774509,21.353618144989014,2.605656862258911,0.3711733818054199,6,435,7.210713863372803,0.0,0.00038648983172606677,1,14
107,E1,2.819272756576538,0.0037865345366299152,22.58879804611206,2.751452684402466,0.030909061431884766,6,469,7.145545959472656,0.0,0.0006504921620944515,1,15
107,E1,2.7330684661865234,0.25483596324920654,23.777679443359375,2.5922887325286865,0.14438128471374512,6,496,7.059096336364746,0.0,0.0003581069177016616,1,16
107,E1,2.646989583969116,0.0037205363623797894,25.0132052898407,2.5869579315185547,0.01941227912902832,6,530,6.974090099334717,0.0,0.00045412270992528647,1,17
107,E1,2.5635838508605957,0.23318693041801453,26.286051034927368,2.2796926498413086,0.35917234420776367,6,557,6.853330612182617,0.0,0.0006601651984965429,1,18
107,E1,2.4828269481658936,0.0049118222668766975,27.556679010391235,2.4151182174682617,0.034928083419799805,6,594,6.7248053550720215,0.0,0.0013841468608006835,1,19
107,E1,2.396918296813965,0.004820398986339569,28.744362831115723,2.2667083740234375,0.12481021881103516,6,620,6.585161209106445,0.0,0.000658944743918255,1,20
107,E1,2.318851947784424,0.20196591317653656,29.97523832321167,2.2537012100219727,0.031142473220825195,6,647,6.469336032867432,0.0,0.0008982095459941775,1,21
107,E1,2.2356033325195312,0.004632681608200073,31.155545473098755,1.9676979780197144,0.3353145122528076,6,673,6.287028789520264,0.0,0.0012914894032292068,1,22
107,E1,2.155019521713257,0.004637421574443579,32.400259494781494,2.095170259475708,0.02322673797607422,6,710,6.115321159362793,0.0,0.0030609991517849267,1,23
107,E1,2.0770556926727295,0.0030533841345459223,33.59237575531006,1.94964599609375,0.1246037483215332,6,744,5.959775924682617,0.0,0.001391540514305234,1,24
107,E1,2.0069568157196045,0.0029949189629405737,34.82685708999634,1.9470877647399902,0.023302078247070312,6,778,5.797813415527344,0.0,0.0019051902345381677,1,25
107,E1,1.926526427268982,0.004378852434456348,36.00631546974182,1.6748498678207397,0.31493711471557617,6,804,5.595911026000977,0.0,0.002597577986307442,1,26
107,E1,1.8591402769088745,0.0043425061739981174,37.25855803489685,1.7942439317703247,0.03478050231933594,6,841,5.382748603820801,0.0,0.006537560489960015,1,27
107,E1,1.789228916168213,0.1302586793899536,38.524341344833374,1.6647534370422363,0.12417030334472656,6,868,5.23898458480835,0.0,0.0029651023214682937,1,28
107,E1,1.7220200300216675,0.004175209905952215,39.719932317733765,1.6622962951660156,0.027047395706176758,6,894,5.058022975921631,0.0,0.00393646617885679,1,29
107,E1,1.6549038887023926,0.11310779303312302,40.94528794288635,1.4096927642822266,0.3053104877471924,6,921,4.8524041175842285,0.0,0.005116568878293037,1,30
107,E1,1.5905338525772095,0.0026026293635368347,42.13926696777344,1.531046986579895,0.02672863006591797,6,955,4.599079608917236,0.0,0.01310445019043982,1,31
107,E1,1.5288549661636353,0.004024432972073555,43.37467980384827,1.412737250328064,0.11560201644897461,6,992,4.478957653045654,0.0,0.006027586525306106,1,32
107,E1,1.4673782587051392,0.0039002944249659777,44.63108801841736,1.4130287170410156,0.022966384887695312,6,1018,4.30574369430542,0.0,0.00781896780245006,1,33
107,E1,1.4112982749938965,0.002365109510719776,45.86454176902771,1.178544521331787,0.286629319190979,6,1052,4.098610877990723,0.0,0.009613348636776209,1,34
107,E1,1.3553560972213745,0.07680467516183853,47.08231520652771,1.2962329387664795,0.030124187469482422,6,1079,3.8266637325286865,0.0,0.024041312281042337,1,35
107,E1,1.299774169921875,0.0038417158648371696,48.31896448135376,1.1871861219406128,0.11018705368041992,6,1116,3.7518768310546875,0.0,0.011479038745164871,1,36
107,E1,1.2521666288375854,0.0022052593994885683,49.5018105506897,1.1953030824661255,0.018838167190551758,6,1150,3.5897088050842285,0.0,0.014299083035439253,1,37
107,E1,1.2022799253463745,0.06015317142009735,50.753811836242676,0.9753552079200745,0.27381765842437744,6,1177,3.4130895137786865,0.0,0.016809270717203617,1,38
107,E1,1.1526662111282349,0.0034454476553946733,52.00681972503662,1.0964386463165283,0.02525198459625244,6,1203,3.1000001430511475,0.0,0.041556998156011105,1,39
107,E1,1.1034109592437744,0.0036117841955274343,53.18736219406128,0.9922276139259338,0.10761022567749023,6,1240,3.104501247406006,0.0,0.020390360616147518,1,40
107,E1,1.057167649269104,0.0465666763484478,54.42925763130188,1.0026880502700806,0.029627680778503418,6,1267,2.9741628170013428,0.0,0.024596527218818665,1,41
107,E1,1.0132657289505005,0.003252805443480611,55.60781693458557,0.8039319515228271,0.2548658847808838,6,1293,2.832895278930664,0.0,0.027838761918246746,1,42
107,E1,0.972416341304779,0.0034931323025375605,56.85757040977478,0.9119164347648621,0.02763199806213379,6,1330,2.5343382358551025,0.0,0.06707365065813065,1,43
107,E1,0.9290322661399841,0.0018860348500311375,58.12625312805176,0.8248534798622131,0.10042297840118408,6,1364,2.6032283306121826,0.0,0.03420671075582504,1,44
107,E1,0.895045280456543,0.03301364183425903,59.31969618797302,0.8392233848571777,0.021288275718688965,6,1391,2.493072509765625,0.0,0.03992551565170288,1,45
107,E1,0.8517022132873535,0.003414799924939871,60.55163550376892,0.6530776619911194,0.24334406852722168,6,1428,2.367201328277588,0.0,0.043918197974562645,1,46
107,E1,0.8129443526268005,0.0017226734198629856,61.735352516174316,0.7595980763435364,0.026232481002807617,6,1462,2.0155980587005615,0.0,0.10097867250442505,1,47
107,E1,0.7745578289031982,0.0029331233818084,62.97965049743652,0.6711912751197815,0.10237383842468262,6,1488,2.084987163543701,0.0,0.05396444350481033,1,48
107,E1,0.7410827279090881,0.0029121555853635073,64.158855676651,0.6886119842529297,0.027171969413757324,6,1514,1.9617013931274414,0.0,0.061798544600605965,1,49
107,E1,0.7081825733184814,0.0017013520700857043,65.36960554122925,0.5186637043952942,0.22690808773040771,6,1548,1.8442462682724,0.0,0.06618458032608032,1,50
107,E1,0.6712329387664795,0.01961604505777359,66.56235003471375,0.6169942021369934,0.0318753719329834,6,1575,1.4514700174331665,0.0,0.14608826488256454,1,51
107,E1,0.6393794417381287,0.003283665981143713,67.83483505249023,0.5391530394554138,0.09547173976898193,6,1612,1.5750731229782104,0.0,0.0816139429807663,1,52
107,E1,0.60807204246521,0.01682581566274166,69.10696172714233,0.5556033849716187,0.025133967399597168,6,1639,1.4770212173461914,0.0,0.09167252853512764,1,53
107,E1,0.5732744336128235,0.002715329872444272,70.29634857177734,0.4013916552066803,0.20559221506118774,6,1665,1.3755666017532349,0.0,0.09700238704681396,1,54
107,E1,0.5434637069702148,0.003331381594762206,71.53443670272827,0.4898981750011444,0.02944999933242798,6,1702,0.9668502807617188,0.0,0.20583771541714668,1,55
107,E1,0.5103675127029419,0.0015297516947612166,72.724116563797,0.4237058460712433,0.08053219318389893,6,1736,1.1168413162231445,0.0,0.1203114353120327,1,56
107,E1,0.48217764496803284,0.0026018943171948195,73.9726197719574,0.4350603520870209,0.022557973861694336,6,1762,1.0340207815170288,0.0,0.13339194655418396,1,57
107,E1,0.45474323630332947,0.003321398515254259,75.22998809814453,0.3035394251346588,0.17998796701431274,6,1799,0.9206319451332092,0.0,0.13867737352848053,1,58
107,E1,0.42435958981513977,0.011489912867546082,76.42763304710388,0.37697210907936096,0.025940775871276855,6,1826,0.556943953037262,0.0,0.27744410187005997,1,59
107,E1,0.3985949754714966,0.0014991281786933541,77.66577315330505,0.3197101354598999,0.07478106021881104,6,1860,0.6810201406478882,0.0,0.17316173017024994,1,60
107,E1,0.37379053235054016,0.0033320721704512835,78.90889739990234,0.3328181803226471,0.02439892292022705,6,1897,0.6104655861854553,0.0,0.1882864236831665,1,61
107,E1,0.3531583547592163,0.002479905728250742,80.10093021392822,0.2248055785894394,0.15187206864356995,6,1923,0.5208145976066589,0.0,0.19369862973690033,1,62
107,E1,0.33322659134864807,0.010205777361989021,81.36912298202515,0.28918296098709106,0.022196412086486816,6,1950,0.318847119808197,0.0,0.36110439896583557,1,63
107,E1,0.3108436167240143,0.0014808719279244542,82.64357495307922,0.2434920221567154,0.06346485018730164,6,1984,0.29415664076805115,0.0,0.2342512458562851,1,64
107,E1,0.29845231771469116,0.010209170170128345,83.91741704940796,0.2601134479045868,0.01661217212677002,6,2011,0.2756378650665283,0.0,0.24617818742990494,1,65
107,E1,0.283405601978302,0.0014693429693579674,85.1900405883789,0.17401863634586334,0.12460127472877502,6,2045,0.2416599541902542,0.0,0.24705997854471207,1,66
107,E1,0.26606032252311707,0.0033450371120125055,86.46413993835449,0.23072801530361176,0.019032925367355347,6,2082,0.41940683126449585,0.0,0.43334387242794037,1,67
107,E1,0.2575978636741638,0.0024390933103859425,87.72967457771301,0.19635671377182007,0.054874926805496216,6,2108,0.1343475580215454,0.0,0.28892460465431213,1,68
107,E1,0.24661807715892792,0.010876262560486794,88.9975221157074,0.21307985484600067,0.01441192626953125,6,2135,0.16010218858718872,0.0,0.29645638167858124,1,69
107,E1,0.23598407208919525,0.00146688602399081,90.26933240890503,0.14115352928638458,0.11476738750934601,6,2169,0.21772229671478271,0.0,0.2911260575056076,1,70
107,E1,0.23074971139431,0.003435499034821987,91.52094459533691,0.19886671006679535,0.013578206300735474,6,2206,0.5657374262809753,0.0,0.47932492196559906,1,71
107,E1,0.2255786508321762,0.0024050050415098667,92.71662640571594,0.17018671333789825,0.052982479333877563,6,2232,0.25356248021125793,0.0,0.32141509652137756,1,72
107,E1,0.22051595151424408,0.0014844337711110711,93.88413047790527,0.19187146425247192,0.013360053300857544,6,2266,0.2501276731491089,0.0,0.32298676669597626,1,73
107,E1,0.22045283019542694,0.003442212473601103,95.1120662689209,0.13068369030952454,0.10155032575130463,6,2303,0.2735103368759155,0.0,0.3093178868293762,1,74
107,E1,0.21545284986495972,0.002398824319243431,96.30740737915039,0.18517880141735077,0.019754558801651,6,2329,0.6271621584892273,0.0,0.49617739021778107,1,75
107,E1,0.21541160345077515,0.01309378445148468,97.54392218589783,0.16390188038349152,0.051595538854599,6,2356,0.29596221446990967,0.0,0.3310099095106125,1,76
107,E1,0.21778464317321777,0.0034594296012073755,98.73011779785156,0.1894124299287796,0.01327487826347351,6,2393,0.2560323476791382,0.0,0.3261026591062546,1,77
107,E1,0.21772825717926025,0.0015114890411496162,99.98813009262085,0.13218621909618378,0.10245853662490845,6,2427,0.26472511887550354,0.0,0.3061792254447937,1,78
107,E1,0.22013181447982788,0.014154337346553802,101.26134896278381,0.18932867050170898,0.016695618629455566,6,2454,0.5808200836181641,0.0,0.48554395139217377,1,79
107,E1,0.22259940207004547,0.0023469096049666405,102.44965267181396,0.16971349716186523,0.04951891303062439,6,2480,0.2424325942993164,0.0,0.32119935750961304,1,80
107,E1,0.2250385880470276,0.0014989777700975537,103.70313763618469,0.1982610821723938,0.010143101215362549,6,2514,0.19695726037025452,0.0,0.3100664019584656,1,81
107,E1,0.23003041744232178,0.002388716908171773,104.90870308876038,0.14062248170375824,0.10368485748767853,6,2540,0.20446039736270905,0.0,0.29077205061912537,1,82
107,E1,0.22999729216098785,0.0034484858624637127,106.10306572914124,0.2004675269126892,0.017465412616729736,6,2577,0.49575188755989075,0.0,0.4582863450050354,1,83
107,E1,0.23511309921741486,0.01605246588587761,107.36142468452454,0.1821761131286621,0.04844829440116882,6,2604,0.1589573621749878,0.0,0.3006950914859772,1,84
107,E1,0.23767495155334473,0.016401026397943497,108.56455206871033,0.20980912446975708,0.014335334300994873,6,2631,0.13641920685768127,0.0,0.2900337874889374,1,85
107,E1,0.24291086196899414,0.0035168183967471123,109.8079822063446,0.15329743921756744,0.10276277363300323,6,2668,0.16376440227031708,0.0,0.27300842106342316,1,86
107,E1,0.2482379674911499,0.0015127143124118447,110.994699716568,0.21456961333751678,0.018372029066085815,6,2702,0.39589187502861023,0.0,0.42814160883426666,1,87
107,E1,0.2508886158466339,0.002355503849685192,112.25002717971802,0.19533346593379974,0.05099251866340637,6,2728,0.09860244393348694,0.0,0.27952244877815247,1,88
107,E1,0.25355446338653564,0.0015038433484733105,113.51197743415833,0.22440190613269806,0.015083730220794678,6,2762,0.1265203058719635,0.0,0.2707694321870804,1,89
107,E1,0.25904712080955505,0.00349789229221642,114.69958853721619,0.1648319959640503,0.10827305912971497,6,2799,0.1654355376958847,0.0,0.2559361010789871,1,90
107,E1,0.2617935240268707,0.018483581021428108,115.9338755607605,0.22940915822982788,0.01928439736366272,6,2826,0.32343417406082153,0.0,0.40243494510650635,1,91
107,E1,0.26454660296440125,0.0023389204870909452,117.11984014511108,0.20923131704330444,0.04951000213623047,6,2852,0.10827291756868362,0.0,0.26357901096343994,1,92
107,E1,0.2673722803592682,0.018810903653502464,118.36392545700073,0.237105593085289,0.011645972728729248,6,2879,0.15904687345027924,0.0,0.2579102963209152,1,93
107,E1,0.2701664865016937,0.0015168958343565464,119.53551840782166,0.1749977022409439,0.10877472162246704,6,2913,0.1919015645980835,0.0,0.24349135905504227,1,94
107,E1,0.27013692259788513,0.0035448316484689713,120.68362712860107,0.23964576423168182,0.015827834606170654,6,2950,0.2842782437801361,0.0,0.38777706027030945,1,95
107,E1,0.2729557454586029,0.0023347740061581135,121.43276357650757,0.21637950837612152,0.0547698438167572,6,2976,0.1352497637271881,0.0,0.25367438793182373,1,96
107,E1,0.27292364835739136,0.0023386601824313402,122.2145881652832,0.24221952259540558,0.01596429944038391,6,3002,0.18203049898147583,0.0,0.2495443895459175,1,97
107,E1,0.2757534086704254,0.0015097135910764337,122.9908299446106,0.1791164129972458,0.11468282341957092,6,3036,0.2121421992778778,0.0,0.2341877669095993,1,98
107,E1,0.27572354674339294,0.020252317190170288,123.79194760322571,0.2421547770500183,0.02007552981376648,6,3063,0.25868159532546997,0.0,0.37540486454963684,1,99
107,E1,0.2756955027580261,0.0035495583433657885,124.56276822090149,0.2212120145559311,0.051447778940200806,6,3100,0.14600048959255219,0.0,0.25082991272211075,1,100
107,E1,0.27565309405326843,0.0023733507841825485,125.37857294082642,0.24473781883716583,0.016115516424179077,6,3126,0.19428549706935883,0.0,0.2454167827963829,1,101
107,E1,0.2756373882293701,0.0015599993057549,126.15362119674683,0.18116557598114014,0.11143815517425537,6,3160,0.21373893320560455,0.0,0.23282889276742935,1,102
107,E1,0.2756078839302063,0.02059279754757881,126.96486401557922,0.2420344352722168,0.015931159257888794,6,3187,0.25239279866218567,0.0,0.3726838678121567,1,103
107,E1,0.27265068888664246,0.003575493348762393,127.734304189682,0.2185835838317871,0.05106726288795471,6,3224,0.1418582648038864,0.0,0.24936797469854355,1,104
107,E1,0.2726198732852936,0.0015738981310278177,128.54302525520325,0.24193693697452545,0.015998870134353638,6,3258,0.18739385902881622,0.0,0.24530034512281418,1,105
107,E1,0.2726046144962311,0.0023626929614692926,129.3039219379425,0.1789170503616333,0.11050134897232056,6,3284,0.20549194514751434,0.0,0.23389192670583725,1,106
107,E1,0.27257785201072693,0.020567914471030235,130.03783702850342,0.23925815522670746,0.01581558585166931,6,3311,0.25082215666770935,0.0,0.3725990056991577,1,107
107,E1,0.27254027128219604,0.003609132720157504,131.10244846343994,0.21599994599819183,0.05067163705825806,6,3348,0.13254901766777039,0.0,0.25340596586465836,1,108
107,E1,0.2696181535720825,0.020298443734645844,132.3556387424469,0.2391638308763504,0.015884310007095337,6,3375,0.17325079441070557,0.0,0.24930381029844284,1,109
107,E1,0.2696057856082916,0.0023704946506768465,133.5561239719391,0.17671020328998566,0.10954013466835022,6,3401,0.19304390251636505,0.0,0.2377585992217064,1,110
107,E1,0.263887882232666,0.003622322343289852,134.79596996307373,0.23649774491786957,0.011705726385116577,6,3438,0.2601301968097687,0.0,0.3752989023923874,1,111
107,E1,0.2638629078865051,0.0016034861328080297,135.98501873016357,0.21102474629878998,0.04988539218902588,6,3472,0.10966894775629044,0.0,0.25747112929821014,1,112
107,E1,0.263842910528183,0.0016376014100387692,137.24093651771545,0.23381668329238892,0.015661031007766724,6,3506,0.15811195969581604,0.0,0.25196872651576996,1,113
107,E1,0.26098039746284485,0.0023740690667182207,138.50655937194824,0.17240220308303833,0.10370910167694092,6,3532,0.17678707838058472,0.0,0.23901929706335068,1,114
107,E1,0.2609461843967438,0.020229322835803032,139.7010896205902,0.2311944216489792,0.015477389097213745,6,3559,0.2673851251602173,0.0,0.380055770277977,1,115
107,E1,0.260920912027359,0.003634043736383319,140.93801879882812,0.20850490033626556,0.049484580755233765,6,3596,0.10063716024160385,0.0,0.26018574833869934,1,116
107,E1,0.2609047293663025,0.00242736772634089,142.13476133346558,0.23111207783222198,0.011543035507202148,6,3622,0.14433452486991882,0.0,0.25741633027791977,1,117
107,E1,0.25530681014060974,0.0016935502644628286,143.37576913833618,0.17232905328273773,0.09574997425079346,6,3656,0.16395851969718933,0.0,0.2429683580994606,1,118
107,E1,0.2552812993526459,0.0036675198934972286,144.6472246646881,0.22593851387500763,0.015304803848266602,6,3693,0.27477654814720154,0.0,0.3814218044281006,1,119
107,E1,0.255257785320282,0.020221222192049026,145.918598651886,0.20365466177463531,0.048700153827667236,6,3720,0.08696585893630981,0.0,0.26436030864715576,1,120
107,E1,0.25523439049720764,0.0016914047300815582,147.19263696670532,0.2258932739496231,0.01136276125907898,6,3754,0.1323590874671936,0.0,0.25877634435892105,1,121
107,E1,0.25243648886680603,0.002394644543528557,148.46575498580933,0.1681317836046219,0.09797635674476624,6,3780,0.15683215856552124,0.0,0.24428915232419968,1,122
107,E1,0.25241488218307495,0.0037243461702018976,149.71176528930664,0.22333747148513794,0.015133261680603027,6,3817,0.2760566174983978,0.0,0.3813624083995819,1,123
107,E1,0.25239500403404236,0.020523570477962494,151.005300283432,0.20121972262859344,0.04829144477844238,6,3844,0.08165080845355988,0.0,0.2671373188495636,1,124
107,E1,0.25237593054771423,0.0016601968090981245,152.28146290779114,0.22325481474399567,0.015207290649414062,6,3878,0.1255008727312088,0.0,0.26014599949121475,1,125
107,E1,0.25235146284103394,0.0024121601600199938,153.49290680885315,0.16601766645908356,0.09713201224803925,6,3904,0.15300406515598297,0.0,0.24687402695417404,1,126
107,E1,0.24958182871341705,0.0037374405656009912,154.72741961479187,0.22072292864322662,0.015031278133392334,6,3941,0.28079724311828613,0.0,0.38274097442626953,1,127
107,E1,0.24956093728542328,0.020486146211624146,155.94006657600403,0.2011450082063675,0.044364988803863525,6,3968,0.07926152646541595,0.0,0.2670785188674927,1,128
107,E1,0.24954253435134888,0.0037839545402675867,157.13261914253235,0.22318035364151,0.011282473802566528,6,4005,0.12069859355688095,0.0,0.2614528238773346,1,129
107,E1,0.24951128661632538,0.0016941766953095794,158.402672290802,0.1659533530473709,0.09709815680980682,6,4039,0.14976665377616882,0.0,0.24552268534898758,1,130
107,E1,0.24949471652507782,0.02117542177438736,159.5925853252411,0.22064441442489624,0.015034645795822144,6,4066,0.27516573667526245,0.0,0.3806866854429245,1,131
107,E1,0.2494756132364273,0.002430795691907406,160.83209443092346,0.20106996595859528,0.04437267780303955,6,4092,0.07897293567657471,0.0,0.2670256197452545,1,132
107,E1,0.24945497512817383,0.0024703415110707283,162.0196990966797,0.22310012578964233,0.011295974254608154,6,4118,0.12364329397678375,0.0,0.2586728557944298,1,133
107,E1,0.24943263828754425,0.003817986464127898,163.2722189426422,0.16792170703411102,0.09404873847961426,6,4155,0.15024185180664062,0.0,0.24544694274663925,1,134
107,E1,0.2494121938943863,0.021564310416579247,164.46984577178955,0.218068465590477,0.01879948377609253,6,4182,0.2697572410106659,0.0,0.3766527622938156,1,135
107,E1,0.2493976503610611,0.0017763691721484065,165.70788955688477,0.20099668204784393,0.04438519477844238,6,4216,0.07987239956855774,0.0,0.2641187459230423,1,136
107,E1,0.2493790239095688,0.0038616422098129988,166.89489698410034,0.2205062359571457,0.015092849731445312,6,4253,0.12214096635580063,0.0,0.2586232200264931,1,137
107,E1,0.249358668923378,0.002454325556755066,168.15575051307678,0.16786359250545502,0.09402716159820557,6,4279,0.1528216302394867,0.0,0.2426784709095955,1,138
107,E1,0.24933986365795135,0.021980836987495422,169.41747665405273,0.2204694300889969,0.015094786882400513,6,4306,0.2609817683696747,0.0,0.3731779307126999,1,139
107,E1,0.24932098388671875,0.0018042310839518905,170.59890246391296,0.20093999803066254,0.044372349977493286,6,4340,0.07823039591312408,0.0,0.2655181735754013,1,140
107,E1,0.249298557639122,0.001800316502340138,171.84826374053955,0.22043122351169586,0.01510012149810791,6,4374,0.12601988017559052,0.0,0.25577880442142487,1,141
107,E1,0.249287411570549,0.003865628270432353,173.035560131073,0.167814239859581,0.09400305151939392,6,4411,0.1512535959482193,0.0,0.24281144887208939,1,142
107,E1,0.24926845729351044,0.022434448823332787,174.28121376037598,0.22292916476726532,0.01131671667098999,6,4438,0.2548474073410034,0.0,0.37116555869579315,1,143
107,E1,0.2492479532957077,0.0024706260301172733,175.4560625553131,0.2008853554725647,0.044351428747177124,6,4464,0.07915300130844116,0.0,0.2626284062862396,1,144
107,E1,0.24923604726791382,0.0228587593883276,176.6199128627777,0.22289013862609863,0.011328339576721191,6,4491,0.12631089985370636,0.0,0.2557367831468582,1,145
107,E1,0.24921900033950806,0.0024689477868378162,177.85459756851196,0.16776466369628906,0.09399530291557312,6,4517,0.1535080075263977,0.0,0.24130193144083023,1,146
107,E1,0.2464720755815506,0.0018053745152428746,179.04635429382324,0.2203395962715149,0.015102893114089966,6,4551,0.2532076835632324,0.0,0.36720021069049835,1,147
107,E1,0.24645419418811798,0.003911930602043867,180.2825222015381,0.2008187621831894,0.044363200664520264,6,4588,0.07666012644767761,0.0,0.26258525252342224,1,148
107,E1,0.24917227029800415,0.003935537301003933,181.4674940109253,0.220295712351799,0.01511847972869873,6,4625,0.12604211270809174,0.0,0.2556927427649498,1,149
107,E1,0.24915273487567902,0.002451446605846286,182.71886706352234,0.16771598160266876,0.0939851701259613,6,4651,0.1545725017786026,0.0,0.24001164734363556,1,150
107,E1,0.24640536308288574,0.023778095841407776,183.89579510688782,0.22027777135372162,0.015113234519958496,6,4678,0.24901163578033447,0.0,0.36521562933921814,1,151
107,E1,0.24639345705509186,0.0018775643547996879,185.1058702468872,0.2007635086774826,0.04436567425727844,6,4712,0.07595884054899216,0.0,0.26254943013191223,1,152
107,E1,0.2491060495376587,0.001896588015370071,186.30035281181335,0.2202412486076355,0.011263221502304077,6,4746,0.1288444846868515,0.0,0.2543245702981949,1,153
107,E1,0.24635988473892212,0.0024932492524385452,187.57142114639282,0.16767223179340363,0.09396517276763916,6,4772,0.15104398131370544,0.0,0.2399570420384407,1,154
107,E1,0.24634422361850739,0.024066023528575897,188.76319217681885,0.2177426964044571,0.0188446044921875,6,4799,0.24647006392478943,0.0,0.36322854459285736,1,155
107,E1,0.24632592499256134,0.003971110098063946,190.00250911712646,0.20071370899677277,0.04436761140823364,6,4836,0.07552926987409592,0.0,0.262508288025856,1,156
107,E1,0.24631494283676147,0.003980007953941822,191.19853806495667,0.22271059453487396,0.007470309734344482,6,4873,0.12742139399051666,0.0,0.2529524192214012,1,157
107,E1,0.24630488455295563,0.002492003608494997,192.4431393146515,0.1696985960006714,0.08697125315666199,6,4899,0.152598574757576,0.0,0.23989836126565933,1,158
107,E1,0.24360579252243042,0.0018584724748507142,193.7119107246399,0.2176901251077652,0.014963775873184204,6,4933,0.2475479692220688,0.0,0.3631982058286667,1,159
107,E1,0.24627315998077393,0.02496970258653164,194.90140628814697,0.20066480338573456,0.04048231244087219,6,4960,0.07564980536699295,0.0,0.2624747008085251,1,160
107,E2,4.688904285430908,0.004987741820514202,1.2427115440368652,4.569357395172119,-0.0012960433959960938,6,37,14.99800968170166,0.0,0.0001639772017369978,1,1
107,E2,4.514688968658447,0.004490535706281662,2.436586618423462,4.113790988922119,0.4163956642150879,6,71,15.592254638671875,0.0,0.0002049766990239732,1,2
107,E2,4.33236837387085,0.005212934222072363,3.6799144744873047,4.220236778259277,-0.022844791412353516,6,97,16.263261795043945,0.0,0.00020365946693345904,1,3
107,E2,4.140892505645752,0.35960495471954346,4.869358062744141,3.9321563243865967,0.12754487991333008,6,124,16.859365463256836,0.0,0.00017891497554956004,-1,4
107,E2,3.9404456615448,0.35272669792175293,6.104292392730713,3.8206026554107666,0.005887508392333984,6,151,16.97849464416504,0.0,0.00017337167082587257,-1,5
107,E2,3.74596905708313,0.004405012354254723,7.289231300354004,3.3615591526031494,0.40659618377685547,6,185,15.958362579345703,0.0,0.00022737832478014752,1,6
107,E2,3.5669753551483154,0.005124724004417658,8.550044775009155,3.4669554233551025,0.00888681411743164,6,222,13.204475402832031,0.0,0.00025371903757331893,-1,7
107,E2,3.4199609756469727,0.005333183333277702,9.804267168045044,3.2523365020751953,0.14031410217285156,6,248,9.862066268920898,0.0,0.0001968303622561507,1,8
107,E2,3.3119029998779297,0.32291510701179504,10.993068933486938,3.234586715698242,0.02182626724243164,6,275,8.027539253234863,0.0,0.0002011778997257352,-1,9
107,E2,3.225445032119751,0.005246980581432581,12.157442569732666,2.911886215209961,0.3891563415527344,6,301,7.48105001449585,0.0,0.0002742036813287996,1,10
107,E2,3.1412742137908936,0.004189630039036274,13.39279580116272,3.072357177734375,0.03339862823486328,6,335,7.383803367614746,0.0,0.00036118904245086014,1,11
107,E2,3.061976671218872,0.00511846924200654,14.674886703491211,2.9177582263946533,0.14801931381225586,6,372,7.3136701583862305,0.0,0.00024217140162363648,1,12
107,E2,2.982111930847168,0.005215111188590527,15.865452527999878,2.916414499282837,0.031025409698486328,6,398,7.29899787902832,0.0,0.00027195380243938416,-1,13
107,E2,2.900524139404297,0.0050623309798538685,17.10594868659973,2.603062391281128,0.3751091957092285,6,435,7.246790885925293,0.0,0.00038766107172705233,-1,14
107,E2,2.8166885375976562,0.0039015847723931074,18.352283239364624,2.751498222351074,0.026957035064697266,6,469,7.160933971405029,0.0,0.0006510083912871778,-1,15
107,E2,2.73309326171875,0.2545066773891449,19.54277276992798,2.589691400527954,0.14440011978149414,6,496,7.058592319488525,0.0,0.00035963550908491015,1,16
107,E2,2.644392967224121,0.0037191486917436123,20.817391872406006,2.584355115890503,0.023323535919189453,6,530,6.969348430633545,0.0,0.00045525429595727473,1,17
107,E2,2.56359601020813,0.23300203680992126,22.0119526386261,2.279707670211792,0.3552510738372803,6,557,6.890997886657715,0.0,0.0006614952144445851,-1,18
107,E2,2.4802377223968506,0.004874890204519033,23.250865936279297,2.4151413440704346,0.031000375747680664,6,594,6.7224955558776855,0.0,0.0013843247725162655,1,19
107,E2,2.3969271183013916,0.004830941557884216,24.45921778678894,2.264113664627075,0.1287233829498291,6,620,6.584807872772217,0.0,0.000662713689962402,1,20
107,E2,2.3110570907592773,0.20178604125976562,25.688158988952637,2.2511067390441895,0.03113722801208496,6,647,6.474270820617676,0.0,0.0009037583658937365,-1,21
107,E2,2.2356150150299072,0.0047053261660039425,26.965872049331665,1.9677006006240845,0.3314354419708252,6,673,6.28419828414917,0.0,0.0012880621943622828,1,22
107,E2,2.1550300121307373,0.004610865842550993,28.234535217285156,2.095191240310669,0.02321028709411621,6,710,6.114140033721924,0.0,0.0030617102747783065,1,23
107,E2,2.0744802951812744,0.0030893238727003336,29.428041696548462,1.9470529556274414,0.12852025032043457,6,744,5.956424236297607,0.0,0.0013917576288804412,1,24
107,E2,1.9991763830184937,0.0030466995667666197,30.66945481300354,1.9419145584106445,0.023291349411010742,6,778,5.795740604400635,0.0,0.0019104485982097685,1,25
107,E2,1.931723952293396,0.0043818275444209576,31.86791706085205,1.674857497215271,0.31104564666748047,6,804,5.626953601837158,0.0,0.002614187076687813,-1,26
107,E2,1.8591517210006714,0.004340043757110834,33.100611448287964,1.7942484617233276,0.03478527069091797,6,841,5.387328147888184,0.0,0.0065279541304335,-1,27
107,E2,1.7892475128173828,0.13012191653251648,34.29231548309326,1.6647666692733765,0.12027835845947266,6,868,5.261932373046875,0.0,0.002964578219689429,-1,28
107,E2,1.7194534540176392,0.0041663008742034435,35.533045530319214,1.6623018980026245,0.02317333221435547,6,894,5.056485652923584,0.0,0.003964304109103978,-1,29
107,E2,1.6549201011657715,0.11195617914199829,36.7280158996582,1.409709095954895,0.3053104877471924,6,921,4.850762844085693,0.0,0.005137043073773384,1,30
107,E2,1.590551495552063,0.0025562080554664135,37.96998310089111,1.5310548543930054,0.026748180389404297,6,955,4.596175670623779,0.0,0.012963007902726531,1,31
107,E2,1.5288864374160767,0.004047239664942026,39.23607659339905,1.4127885103225708,0.11170077323913574,6,992,4.496181488037109,0.0,0.006049727322533727,-1,32
107,E2,1.4674468040466309,0.0038923677057027817,40.425966024398804,1.4104944467544556,0.026798486709594727,6,1018,4.3001708984375,0.0,0.007754234131425619,1,33
107,E2,1.408762812614441,0.0023183654993772507,41.63487696647644,1.1785743236541748,0.2905322313308716,6,1052,4.096378326416016,0.0,0.009612880647182465,1,34
107,E2,1.358022689819336,0.0768195390701294,42.8407986164093,1.2963179349899292,0.026187777519226074,6,1079,3.8214454650878906,0.0,0.024321365635842085,1,35
107,E2,1.3024345636367798,0.0038150963373482227,44.102691888809204,1.1847079992294312,0.11403381824493408,6,1116,3.769354820251465,0.0,0.011480077635496855,-1,36
107,E2,1.2496517896652222,0.0022132224403321743,45.36796808242798,1.1953240633010864,0.018867850303649902,6,1150,3.588437557220459,0.0,0.01430098945274949,-1,37
107,E2,1.1997849941253662,0.06012473255395889,46.63716959953308,0.9803596138954163,0.2739713191986084,6,1177,3.436096668243408,0.0,0.01687329215928912,-1,38
107,E2,1.1502685546875,0.0034473363775759935,47.83410453796387,1.0965789556503296,0.02522146701812744,6,1203,3.0993499755859375,0.0,0.041555111296474934,-1,39
107,E2,1.1036580801010132,0.0035830452106893063,49.074026107788086,0.9898301959037781,0.10761654376983643,6,1240,3.1030900478363037,0.0,0.02039186842739582,1,40
107,E2,1.0596548318862915,0.04652702063322067,50.31866717338562,1.0028501749038696,0.029567480087280273,6,1267,2.976318597793579,0.0,0.024594577960669994,-1,41
107,E2,1.018328309059143,0.003280150704085827,51.50714421272278,0.8039324283599854,0.2549999952316284,6,1293,2.8668994903564453,0.0,0.027838924899697304,-1,42
107,E2,0.9724862575531006,0.0034776455722749233,52.77383232116699,0.9120902419090271,0.0348280668258667,6,1330,2.534447193145752,0.0,0.06637831777334213,-1,43
107,E2,0.9290333390235901,0.001843390753492713,54.04594540596008,0.8202596306800842,0.10754191875457764,6,1364,2.604261636734009,0.0,0.03371516242623329,1,44
107,E2,0.8951926231384277,0.03339935094118118,55.240753173828125,0.8393827080726624,0.021434783935546875,6,1391,2.494605779647827,0.0,0.03991798497736454,1,45
107,E2,0.8516311049461365,0.003401372581720352,56.477802753448486,0.653166651725769,0.24313008785247803,6,1428,2.3647046089172363,0.0,0.04361453838646412,1,46
107,E2,0.8130777478218079,0.0017324903747066855,57.74855327606201,0.7597671151161194,0.02626478672027588,6,1462,2.0178277492523193,0.0,0.10097909532487392,1,47
107,E2,0.7793691158294678,0.0029477044008672237,58.93006634712219,0.671234130859375,0.10250163078308105,6,1488,2.1083104610443115,0.0,0.053983286023139954,-1,48
107,E2,0.7412919402122498,0.0029007582925260067,60.17949557304382,0.6886487603187561,0.020461678504943848,6,1514,1.968224048614502,0.0,0.061372218653559685,1,49
107,E2,0.7081833481788635,0.001665890566073358,61.372440338134766,0.5187538266181946,0.22691243886947632,6,1548,1.842567801475525,0.0,0.06619229540228844,1,50
107,E2,0.6713390350341797,0.019833439961075783,62.392459869384766,0.6171627640724182,0.0316658616065979,6,1575,1.4555960893630981,0.0,0.14556943252682686,1,51
107,E2,0.6393451690673828,0.0032862743828445673,63.165924072265625,0.5391945838928223,0.09542602300643921,6,1612,1.5732897520065308,0.0,0.08161414787173271,1,52
107,E2,0.6081058979034424,0.017039243131875992,63.94401669502258,0.5556465983390808,0.025073528289794922,6,1639,1.4808920621871948,0.0,0.09166667610406876,-1,53
107,E2,0.5775344967842102,0.0026779158506542444,64.71206331253052,0.40142586827278137,0.20551425218582153,6,1665,1.4138264656066895,0.0,0.0970005914568901,-1,54
107,E2,0.5434879064559937,0.0032964113634079695,65.490159034729,0.4899252951145172,0.029343783855438232,6,1702,0.9720303416252136,0.0,0.20359180495142937,1,55
107,E2,0.5143457055091858,0.0014821572694927454,66.24393916130066,0.41996583342552185,0.08608251810073853,6,1736,1.1186745166778564,0.0,0.12030642852187157,1,56
107,E2,0.48209843039512634,0.0026231801602989435,67.04161238670349,0.4387785494327545,0.01687180995941162,6,1762,1.0331552028656006,0.0,0.13338031619787216,1,57
107,E2,0.45471349358558655,0.0033269133418798447,67.84464406967163,0.3066352903842926,0.17531582713127136,6,1799,0.9207257628440857,0.0,0.13868224620819092,1,58
107,E2,0.428019255399704,0.011517557315528393,68.59800744056702,0.3804563283920288,0.026071786880493164,6,1826,0.5720551609992981,0.0,0.27647004276514053,-1,59
107,E2,0.4022056758403778,0.0014968557516112924,69.38674139976501,0.32285407185554504,0.07005190849304199,6,1860,0.687090277671814,0.0,0.17316323518753052,1,60
107,E2,0.3772382438182831,0.003299267962574959,70.21507143974304,0.3328014314174652,0.024431437253952026,6,1897,0.6305722594261169,0.0,0.18607158958911896,-1,61
107,E2,0.35318562388420105,0.002486028242856264,70.94237303733826,0.22481669485569,0.15184709429740906,6,1923,0.5230311751365662,0.0,0.19259384274482727,1,62
107,E2,0.33321836590766907,0.010178500786423683,71.89773297309875,0.29214027523994446,0.022346466779708862,6,1950,0.317521870136261,0.0,0.35909444838762283,1,63
107,E2,0.31397661566734314,0.0014748753746971488,73.08283638954163,0.2435024231672287,0.06785809993743896,6,1984,0.30306488275527954,0.0,0.2329351082444191,1,64
107,E2,0.298478364944458,0.01018618792295456,74.33509659767151,0.26014289259910583,0.016579866409301758,6,2011,0.2847641408443451,0.0,0.24482830613851547,-1,65
107,E2,0.28341612219810486,0.0014696615980938077,75.60802888870239,0.17402274906635284,0.12460654973983765,6,2045,0.23918601870536804,0.0,0.2483273223042488,1,66
107,E2,0.2660713493824005,0.0033797062933444977,76.88176822662354,0.2307485193014145,0.019029945135116577,6,2082,0.4186055064201355,0.0,0.4333498030900955,1,67
107,E2,0.2548377215862274,0.002432863228023052,78.07226419448853,0.19636709988117218,0.05095323920249939,6,2108,0.13590390980243683,0.0,0.28890398144721985,1,68
107,E2,0.24665026366710663,0.010878290049731731,79.30862402915955,0.21308623254299164,0.018154889345169067,6,2135,0.1589585542678833,0.0,0.2964511066675186,-1,69
107,E2,0.2360016107559204,0.0014779685297980905,80.50329613685608,0.14114946126937866,0.11479997634887695,6,2169,0.2001415342092514,0.0,0.2911180853843689,-1,70
107,E2,0.23074840009212494,0.0034364170860499144,81.73863649368286,0.1965562254190445,0.017044931650161743,6,2206,0.5647631287574768,0.0,0.4808953255414963,-1,71
107,E2,0.22557896375656128,0.002417018637061119,83.00825905799866,0.17018921673297882,0.04945465922355652,6,2232,0.2521984279155731,0.0,0.3214172273874283,1,72
107,E2,0.22053605318069458,0.0014755275333300233,84.20036363601685,0.1918923258781433,0.013332337141036987,6,2266,0.2447354942560196,0.0,0.32299019396305084,-1,73
107,E2,0.2180246263742447,0.003450332907959819,85.4367983341217,0.13070139288902283,0.10154207050800323,6,2303,0.24066638946533203,0.0,0.3109356015920639,-1,74
107,E2,0.21547383069992065,0.002402013633400202,86.62150931358337,0.18518394231796265,0.01629495620727539,6,2329,0.6257007122039795,0.0,0.4961857199668884,1,75
107,E2,0.21541614830493927,0.013016743585467339,87.87458825111389,0.1639128476381302,0.0481155663728714,6,2356,0.2709113359451294,0.0,0.3310151547193527,-1,76
107,E2,0.21537835896015167,0.003446253715083003,89.15232181549072,0.187241330742836,0.013053804636001587,6,2393,0.262607604265213,0.0,0.3261058032512665,1,77
107,E2,0.21773751080036163,0.001511528855189681,90.34407639503479,0.13055239617824554,0.09802232682704926,6,2427,0.22970187664031982,0.0,0.3076310455799103,-1,78
107,E2,0.21769823133945465,0.014150912873446941,91.58300065994263,0.18493936955928802,0.019793838262557983,6,2454,0.5892928838729858,0.0,0.48554621636867523,1,79
107,E2,0.22008001804351807,0.002371553797274828,92.76706790924072,0.16771532595157623,0.048990339040756226,6,2480,0.25342902541160583,0.0,0.32281190156936646,1,80
107,E2,0.22249968349933624,0.001465131645090878,94.03288435935974,0.19370140135288239,0.013408780097961426,6,2514,0.21259437501430511,0.0,0.31481601297855377,1,81
107,E2,0.22750894725322723,0.002383790910243988,95.2792420387268,0.13889247179031372,0.1026754081249237,6,2540,0.21648991107940674,0.0,0.2952117621898651,1,82
107,E2,0.2299831509590149,0.003460118779912591,96.47352862358093,0.19818174839019775,0.013668984174728394,6,2577,0.49826544523239136,0.0,0.46205104887485504,-1,83
107,E2,0.23249836266040802,0.015875613316893578,97.71419334411621,0.1778932362794876,0.054888367652893066,6,2604,0.15593551099300385,0.0,0.3053279221057892,-1,84
107,E2,0.23766852915287018,0.016189880669116974,98.90188646316528,0.20744158327579498,0.014142721891403198,6,2631,0.1419447362422943,0.0,0.296083927154541,-1,85
107,E2,0.24022559821605682,0.0034944266080856323,100.15668797492981,0.15140144526958466,0.10562315583229065,6,2668,0.16799838840961456,0.0,0.27739621698856354,1,86
107,E2,0.2455313801765442,0.0015019215643405914,101.42913746833801,0.21217085421085358,0.018146425485610962,6,2702,0.40084683895111084,0.0,0.42961980402469635,-1,87
107,E2,0.24816131591796875,0.002362684579566121,102.70062971115112,0.19305390119552612,0.05054044723510742,6,2728,0.10558898001909256,0.0,0.28543050587177277,-1,88
107,E2,0.2535671889781952,0.001502318074926734,103.97299933433533,0.22190755605697632,0.01488831639289856,6,2762,0.1260167360305786,0.0,0.27656279504299164,-1,89
107,E2,0.2535304129123688,0.0035304944030940533,105.16073417663574,0.16286234557628632,0.10734514892101288,6,2799,0.15899185836315155,0.0,0.26000312715768814,1,90
107,E2,0.2562209665775299,0.018048346042633057,106.39694786071777,0.2243165522813797,0.018985718488693237,6,2826,0.33515670895576477,0.0,0.4059472978115082,-1,91
107,E2,0.26176825165748596,0.0023303211200982332,107.59256100654602,0.20447270572185516,0.052624017000198364,6,2852,0.0996607169508934,0.0,0.2678157538175583,1,92
107,E2,0.26451149582862854,0.018503060564398766,108.8311779499054,0.2318972796201706,0.019452035427093506,6,2879,0.15395775437355042,0.0,0.26072803139686584,-1,93
107,E2,0.26449042558670044,0.0014963436406105757,110.10872006416321,0.17083978652954102,0.11099275946617126,6,2913,0.17938373982906342,0.0,0.24489250034093857,1,94
107,E2,0.2672695219516754,0.0035150456242263317,111.29597759246826,0.23703855276107788,0.015656888484954834,6,2950,0.2873515188694,0.0,0.3877773880958557,-1,95
107,E2,0.267238050699234,0.0023283176124095917,112.53437662124634,0.2115096002817154,0.05389922857284546,6,2976,0.1403704583644867,0.0,0.25784334540367126,-1,96
107,E2,0.27293023467063904,0.002318402985110879,113.72031378746033,0.24221481382846832,0.01597917079925537,6,3002,0.17910505831241608,0.0,0.2536828964948654,-1,97
107,E2,0.2728978991508484,0.0015268189599737525,114.97139239311218,0.17699970304965973,0.1096307635307312,6,3036,0.2504248023033142,0.0,0.23680757731199265,-1,98
107,E2,0.2728593647480011,0.01955711841583252,116.16611814498901,0.23952801525592804,0.019925206899642944,6,3063,0.26591554284095764,0.0,0.38019339740276337,-1,99
107,E2,0.272823691368103,0.0035528424195945263,117.40905594825745,0.21624112129211426,0.05479744076728821,6,3100,0.1329278200864792,0.0,0.25359515100717545,1,100
107,E2,0.27566924691200256,0.002309383125975728,118.6007297039032,0.24475501477718353,0.011940956115722656,6,3126,0.18695814907550812,0.0,0.24943817406892776,1,101
107,E2,0.2727186381816864,0.0015266985865309834,119.84972310066223,0.17902815341949463,0.11047744750976562,6,3160,0.2511425018310547,0.0,0.23542270809412003,-1,102
107,E2,0.2726916968822479,0.019728345796465874,121.12266302108765,0.24203525483608246,0.01593911647796631,6,3187,0.2563289701938629,0.0,0.3746718168258667,-1,103
107,E2,0.2726611793041229,0.003600388765335083,122.39398217201233,0.21613357961177826,0.05474361777305603,6,3224,0.13471034169197083,0.0,0.2521156296133995,1,104
107,E2,0.27263084053993225,0.00158148433547467,123.58507943153381,0.24194467067718506,0.015984535217285156,6,3258,0.1870914250612259,0.0,0.24801407009363174,-1,105
107,E2,0.27260375022888184,0.0023437843192368746,124.81913805007935,0.1789141744375229,0.1063690185546875,6,3284,0.24931997060775757,0.0,0.23526696860790253,-1,106
107,E2,0.2668435275554657,0.020051315426826477,126.02346563339233,0.23924201726913452,0.01583990454673767,6,3311,0.2592589557170868,0.0,0.37598320841789246,-1,107
107,E2,0.2668183743953705,0.0036173653788864613,127.25885343551636,0.21355940401554108,0.054329514503479004,6,3348,0.14209218323230743,0.0,0.25477829575538635,-1,108
107,E2,0.26679304242134094,0.020013315603137016,128.5162799358368,0.23654545843601227,0.01169586181640625,6,3375,0.1652931123971939,0.0,0.2506435438990593,1,109
107,E2,0.26391473412513733,0.0023598582483828068,129.69773197174072,0.17458397150039673,0.10461461544036865,6,3401,0.18336091935634613,0.0,0.23775487393140793,1,110
107,E2,0.26388224959373474,0.003631649073213339,130.9066767692566,0.23129649460315704,0.019509226083755493,6,3438,0.261552095413208,0.0,0.3773053288459778,-1,111
107,E2,0.2638688385486603,0.0016217856900766492,132.08971571922302,0.21102750301361084,0.04987636208534241,6,3472,0.10934355109930038,0.0,0.25747130811214447,1,112
107,E2,0.26100412011146545,0.0016081964131444693,133.28298211097717,0.23381783068180084,0.011612117290496826,6,3506,0.14848165214061737,0.0,0.2547212988138199,1,113
107,E2,0.25819334387779236,0.002352283801883459,134.51497220993042,0.17034073173999786,0.106810063123703,6,3532,0.20624800026416779,0.0,0.24308864772319794,-1,114
107,E2,0.2581756114959717,0.019687969237565994,135.69360089302063,0.22860276699066162,0.015407949686050415,6,3559,0.27176788449287415,0.0,0.38207343220710754,-1,115
107,E2,0.2581437826156616,0.0036464384756982327,136.95739030838013,0.20613382756710052,0.045106083154678345,6,3596,0.09335173666477203,0.0,0.2630133628845215,1,116
107,E2,0.2553325593471527,0.0023778744507580996,138.15239787101746,0.22855710983276367,0.011446118354797363,6,3622,0.1341005265712738,0.0,0.25741706043481827,1,117
107,E2,0.25530606508255005,0.0016861233161762357,139.39024305343628,0.16820202767848969,0.10193896293640137,6,3656,0.1954071819782257,0.0,0.2456425279378891,-1,118
107,E2,0.2552833557128906,0.0036686903331428766,140.57916688919067,0.2234281748533249,0.019069373607635498,6,3693,0.27688872814178467,0.0,0.383435994386673,1,119
107,E2,0.2524853050708771,0.019773749634623528,141.83600187301636,0.20132260024547577,0.04825490713119507,6,3720,0.08174806088209152,0.0,0.26722101867198944,1,120
107,E2,0.24974305927753448,0.00162862881552428,143.11412858963013,0.2259017676115036,0.0074841976165771484,6,3754,0.12121088057756424,0.0,0.26158788800239563,1,121
107,E2,0.24972935020923615,0.0023924459237605333,144.37910985946655,0.16608165204524994,0.09718625247478485,6,3780,0.14734536409378052,0.0,0.2496740147471428,1,122
107,E2,0.24970267713069916,0.0037213792093098164,145.57782769203186,0.22080624103546143,0.015088409185409546,6,3817,0.2864378094673157,0.0,0.3862636685371399,1,123
107,E2,0.24694858491420746,0.019998712465167046,146.81722855567932,0.19890852272510529,0.04788956046104431,6,3844,0.08743830770254135,0.0,0.27001142501831055,-1,124
107,E2,0.24692608416080475,0.0016702081775292754,148.0028805732727,0.22075551748275757,0.011202692985534668,6,3878,0.11625311523675919,0.0,0.2643423080444336,-1,125
107,E2,0.24689991772174835,0.0023936680518090725,149.25541830062866,0.1660194844007492,0.09327886998653412,6,3904,0.17569804191589355,0.0,0.2483188658952713,-1,126
107,E2,0.24687761068344116,0.003795608878135681,150.52799010276794,0.22072620689868927,0.011184394359588623,6,3941,0.2816319465637207,0.0,0.3821951150894165,-1,127
107,E2,0.2468561977148056,0.020281599834561348,151.8019461631775,0.19882027804851532,0.044016510248184204,6,3968,0.07685194164514542,0.0,0.2699549198150635,1,128
107,E2,0.24683605134487152,0.0037715910002589226,153.08024621009827,0.22317969799041748,0.007447868585586548,6,4005,0.1180310994386673,0.0,0.2614453583955765,-1,129
107,E2,0.24682515859603882,0.0017113713547587395,154.34727787971497,0.16595840454101562,0.09325098991394043,6,4039,0.14496909081935883,0.0,0.2480209842324257,1,130
107,E2,0.2468082457780838,0.020740080624818802,155.54050135612488,0.22064904868602753,0.01120564341545105,6,4066,0.2756575345993042,0.0,0.3801434636116028,-1,131
107,E2,0.24678701162338257,0.002382925944402814,156.77975940704346,0.19875085353851318,0.04401710629463196,6,4092,0.08790827542543411,0.0,0.2670251429080963,-1,132
107,E2,0.2467537522315979,0.0023810856509953737,157.97640299797058,0.2205989509820938,0.011224508285522461,6,4118,0.11851932108402252,0.0,0.2613932639360428,-1,133
107,E2,0.24674023687839508,0.003815039759501815,159.21125292778015,0.16590158641338348,0.09324367344379425,6,4155,0.14551661908626556,0.0,0.24544192105531693,1,134
107,E2,0.24671362340450287,0.021061895415186882,160.40589118003845,0.2180686593055725,0.014952480792999268,6,4182,0.2693506181240082,0.0,0.3766583204269409,-1,135
107,E2,0.249399796128273,0.0017345265951007605,161.6475396156311,0.19868433475494385,0.04785272479057312,6,4216,0.09041199833154678,0.0,0.26697805523872375,-1,136
107,E2,0.24937804043293,0.0038405652157962322,162.83440232276917,0.22302483022212982,0.007481247186660767,6,4253,0.12445342540740967,0.0,0.2586212828755379,-1,137
107,E2,0.24935835599899292,0.0024186691734939814,164.08332324028015,0.16788937151432037,0.09400063753128052,6,4279,0.18259476125240326,0.0,0.24536799639463425,-1,138
107,E2,0.24660980701446533,0.021273717284202576,165.274151802063,0.22050203382968903,0.015053540468215942,6,4306,0.26273325085639954,0.0,0.37462592124938965,-1,139
107,E2,0.24662496149539948,0.0018042463343590498,166.51242685317993,0.2009434700012207,0.04436999559402466,6,4340,0.08801471441984177,0.0,0.2655174285173416,-1,140
107,E2,0.24657858908176422,0.0017853814642876387,167.72353649139404,0.2204282283782959,0.015113025903701782,6,4374,0.12128786742687225,0.0,0.25857435911893845,-1,141
107,E2,0.24656111001968384,0.003901137737557292,168.9482650756836,0.1678154021501541,0.09401032328605652,6,4411,0.14575670659542084,0.0,0.2440430447459221,1,142
107,E2,0.24656589329242706,0.021944452077150345,170.14158296585083,0.21792955696582794,0.014966726303100586,6,4438,0.25702807307243347,0.0,0.37064455449581146,-1,143
107,E2,0.24654902517795563,0.002434018300846219,171.38098430633545,0.20088090002536774,0.0443669855594635,6,4464,0.07499431073665619,0.0,0.265472948551178,1,144
107,E2,0.24653053283691406,0.022134071215987206,172.56648230552673,0.2228837013244629,0.011346310377120972,6,4491,0.12076787650585175,0.0,0.2585308477282524,-1,145
107,E2,0.2465127557516098,0.0023969770409166813,173.81585574150085,0.16778616607189178,0.09396004676818848,6,4517,0.14677761495113373,0.0,0.24274253845214844,1,146
107,E2,0.24379588663578033,0.0018371592741459608,175.01229095458984,0.2203635424375534,0.011232644319534302,6,4551,0.25917086005210876,0.0,0.3706057071685791,1,147
107,E2,0.2437760978937149,0.003918778151273727,176.2597815990448,0.20081840455532074,0.040529340505599976,6,4588,0.07308226078748703,0.0,0.2654309421777725,1,148
107,E2,0.2464677095413208,0.003926046192646027,177.45793890953064,0.2228255420923233,0.0074943602085113525,6,4625,0.11952260136604309,0.0,0.25848793238401413,1,149
107,E2,0.24374239146709442,0.0024830016773194075,178.69934391975403,0.1697872430086136,0.0908791720867157,6,4651,0.17630116641521454,0.0,0.24267850071191788,-1,150
107,E2,0.24372483789920807,0.023006293922662735,179.9621298313141,0.22030334174633026,0.015078336000442505,6,4678,0.2511882483959198,0.0,0.3666539639234543,-1,151
107,E2,0.24370695650577545,0.001828000764362514,181.15237140655518,0.20076745748519897,0.04052114486694336,6,4712,0.0724676325917244,0.0,0.265389084815979,1,152
107,E2,0.2463976889848709,0.0018594370922073722,182.36414313316345,0.22277052700519562,0.011332482099533081,6,4746,0.11974584311246872,0.0,0.25710221379995346,1,153
107,E2,0.24368734657764435,0.0024589376989752054,183.5533242225647,0.16973890364170074,0.08702108263969421,6,4772,0.1759670376777649,0.0,0.24261575937271118,-1,154
107,E2,0.24366803467273712,0.023568015545606613,184.82380485534668,0.2177482396364212,0.014984935522079468,6,4799,0.24764041602611542,0.0,0.3646777272224426,-1,155
107,E2,0.24364537000656128,0.003980298060923815,186.01465225219727,0.19839435815811157,0.043969810009002686,6,4836,0.07194365561008453,0.0,0.26395152509212494,1,156
107,E2,0.24363356828689575,0.00398278096690774,187.2507119178772,0.22020597755908966,0.011229246854782104,6,4873,0.12019866704940796,0.0,0.2557257041335106,-1,157
107,E2,0.2436184138059616,0.002456439658999443,188.4383156299591,0.16969557106494904,0.08700966835021973,6,4899,0.14515472948551178,0.0,0.24133197218179703,1,158
107,E2,0.2436036318540573,0.0018923302413895726,189.68653225898743,0.21768684685230255,0.014993637800216675,6,4933,0.24350100755691528,0.0,0.36270561814308167,-1,159
107,E2,0.24359077215194702,0.024206653237342834,190.87965559959412,0.1983460932970047,0.043988198041915894,6,4960,0.07147157192230225,0.0,0.2639133930206299,1,160
109,E1,3.0660440921783447,0.35839152336120605,3.3745057582855225,3.0634686946868896,0.011729240417480469,6,39,7.722938537597656,0.0,0.0001320732044405304,1,1
109,E1,2.7149438858032227,0.005091202910989523,5.143990993499756,2.951843023300171,0.22254085540771484,6,65,7.992623805999756,0.0,0.00016878204769454896,1,2
109,E1,2.6082775592803955,0.39216119050979614,7.0232603549957275,2.8425607681274414,0.22641611099243164,6,92,7.9995198249816895,0.0,0.00014375206228578463,1,3
109,E1,2.745943307876587,0.004696293268352747,8.757917881011963,2.738126039505005,0.027400970458984375,6,153,7.706857204437256,0.0,0.00013652251800522208,1,4
109,E1,2.6444761753082275,0.004604152403771877,10.060017824172974,2.6318352222442627,0.22639799118041992,6,214,7.681407451629639,0.0,0.00014776428724871948,1,5
109,E1,2.285886287689209,0.005031446926295757,11.380612134933472,2.5304501056671143,0.23024845123291016,6,240,7.859107494354248,0.0,0.00023443380632670596,1,6
109,E1,2.433823347091675,0.24388712644577026,12.676281929016113,2.506685972213745,-0.09362673759460449,6,279,7.574141979217529,0.0,0.0002177082933485508,1,7
109,E1,2.080777406692505,0.28871166706085205,13.951072692871094,2.376664638519287,-0.058435678482055664,6,306,7.702394485473633,0.0,0.0001892150321509689,1,8
109,E1,1.979598879814148,0.004252529237419367,15.272618293762207,2.216050863265991,0.24956583976745605,6,367,7.599136829376221,0.0,0.00022027353406883776,1,9
109,E1,2.129852771759033,0.252934068441391,16.548850059509277,2.1298978328704834,0.011700868606567383,6,394,7.334175109863281,0.0,0.0004272704682080075,1,10
109,E1,1.780293345451355,0.004854895174503326,17.831957578659058,2.0240886211395264,0.24151968955993652,6,420,7.34846830368042,0.0,0.00045065135054755956,1,11
109,E1,1.9327279329299927,0.1726122498512268,19.142967700958252,1.9327541589736938,0.023496150970458984,6,459,7.098903179168701,0.0,0.00036036406527273357,1,12
109,E1,1.5919982194900513,0.2061002552509308,20.427701473236084,1.8325592279434204,0.24500012397766113,6,486,7.058293342590332,0.0,0.000432229702710174,1,13
109,E1,1.7516260147094727,0.1475018560886383,21.70762825012207,1.8293824195861816,-0.1047968864440918,6,525,6.8055901527404785,0.0,0.0009007589251268655,1,14
109,E1,1.6613394021987915,0.0046522775664925575,23.02748441696167,1.6571353673934937,0.24046921730041504,6,551,6.6431884765625,0.0,0.0010794799600262195,1,15
109,E1,1.3259587287902832,0.0039396691136062145,24.377649784088135,1.617598533630371,-0.05395102500915527,6,612,6.491358280181885,0.0,0.0008165177423506975,1,16
109,E1,1.486566185951233,0.004553898703306913,25.674581050872803,1.4825981855392456,0.23941540718078613,6,638,6.29888916015625,0.0,0.000962765741860494,1,17
109,E1,1.1619967222213745,0.0037990750279277563,26.99743914604187,1.40741765499115,0.015357494354248047,6,699,6.050950050354004,0.0,0.001990758813917637,1,18
109,E1,1.3257712125778198,0.0954972505569458,28.272467136383057,1.3232189416885376,0.019331693649291992,6,738,5.903266429901123,0.0,0.00259083736455068,1,19
109,E1,1.0132652521133423,0.12372535467147827,29.560962438583374,1.2438799142837524,0.2365589141845703,6,765,5.591633319854736,0.0,0.0019168410799466074,1,20
109,E1,1.1718283891677856,0.0036297107581049204,30.89629864692688,1.1685324907302856,0.2315521240234375,6,826,5.497729301452637,0.0,0.0021893701050430536,1,21
109,E1,0.8682646751403809,0.10507728159427643,32.17474555969238,1.098910927772522,0.22998321056365967,6,853,5.0569257736206055,0.0,0.004245061776600778,1,22
109,E1,1.0275990962982178,0.06503485143184662,33.49077224731445,1.1072717905044556,-0.10416245460510254,6,892,5.034067630767822,0.0,0.005828500376082957,1,23
109,E1,0.742466151714325,0.004340509418398142,34.76389002799988,1.0032213926315308,-0.04370152950286865,6,918,4.531792640686035,0.0,0.004322910448536277,1,24
109,E1,0.6795449256896973,0.0043080695904791355,36.048784494400024,0.9014903903007507,0.014510273933410645,6,944,4.241422176361084,0.0,0.004772233543917537,1,25
109,E1,0.8392801284790039,0.07606769353151321,37.363137006759644,0.8391569256782532,0.01483774185180664,6,971,4.319335460662842,0.0,0.008630707627162337,1,26
109,E1,0.5761080384254456,0.04445996508002281,38.646629333496094,0.7765412330627441,0.21350538730621338,6,1010,3.6333446502685547,0.0,0.012141779763624072,1,27
109,E1,0.7232627868652344,0.0033871280029416084,39.975008964538574,0.7879000306129456,-0.08971011638641357,6,1071,3.8734688758850098,0.0,0.008987979497760534,1,28
109,E1,0.6649295091629028,0.059630513191223145,41.25964140892029,0.6725418567657471,0.19861090183258057,6,1098,3.570619821548462,0.0,0.009734311141073704,1,29
109,E1,0.43816307187080383,0.003336735535413027,42.5930712223053,0.6201116442680359,0.18695950508117676,6,1159,2.799790382385254,0.0,0.016475794836878777,1,30
109,E1,0.39874351024627686,0.004159962292760611,43.866227865219116,0.599372148513794,-0.037566304206848145,6,1185,2.5401103496551514,0.0,0.023297650273889303,1,31
109,E1,0.5243390202522278,0.028950322419404984,45.15514063835144,0.5246259570121765,0.012179076671600342,6,1224,2.870600700378418,0.0,0.01756974682211876,1,32
109,E1,0.32539498805999756,0.04186172038316727,46.46951341629028,0.4802587926387787,0.012485027313232422,6,1251,2.1124672889709473,0.0,0.018401749432086945,1,33
109,E1,0.4420095980167389,0.004063154570758343,47.75863003730774,0.441648930311203,0.1706950068473816,6,1277,2.333228349685669,0.0,0.02926300372928381,1,34
109,E1,0.4015255868434906,0.003210024442523718,49.09059143066406,0.45286643505096436,-0.06592625379562378,6,1338,2.1022868156433105,0.0,0.04193408880382776,1,35
109,E1,0.236991748213768,0.02329840511083603,50.42313075065613,0.36994668841362,0.1511300802230835,6,1377,1.4067450761795044,0.0,0.03197547793388367,1,36
109,E1,0.21458476781845093,0.0040748026221990585,51.754910945892334,0.3557591438293457,-0.024081110954284668,6,1403,1.3083921670913696,0.0,0.03267683368176222,1,37
109,E1,0.30148985981941223,0.003143075853586197,53.10365915298462,0.30475151538848877,0.1311408281326294,6,1464,1.4837895631790161,0.0,0.04863980785012245,1,38
109,E1,0.2718850076198578,0.024791836738586426,54.1311514377594,0.2722444534301758,0.1326940655708313,6,1491,1.1735576391220093,0.0,0.06996784545481205,1,39
109,E1,0.15286672115325928,0.022486556321382523,54.91883945465088,0.247312530875206,0.12514108419418335,6,1530,0.7346551418304443,0.0,0.054597098380327225,1,40
109,E1,0.223586305975914,0.00307169696316123,55.70964765548706,0.22113758325576782,0.011088818311691284,6,1591,1.0416903495788574,0.0,0.054720329120755196,1,41
109,E1,0.12072265148162842,0.02001832239329815,56.45746111869812,0.20217178761959076,0.10969457030296326,6,1618,0.5326888561248779,0.0,0.07685062661767006,1,42
109,E1,0.10868554562330246,0.025086265057325363,57.26190185546875,0.18185095489025116,0.10217288136482239,6,1657,0.39450085163116455,0.0,0.10804691165685654,1,43
109,E1,0.16485169529914856,0.004151653964072466,58.01460838317871,0.1666826605796814,0.003338173031806946,6,1683,0.5639842748641968,0.0,0.08523604646325111,1,44
109,E1,0.08891550451517105,0.0031427100766450167,58.80799174308777,0.14968712627887726,0.08883011341094971,6,1744,0.3505360782146454,0.0,0.0829828679561615,1,45
109,E1,0.13851028680801392,0.031736910343170166,59.56345534324646,0.1371125429868698,0.0829562097787857,6,1783,0.41876134276390076,0.0,0.1089097298681736,1,46
109,E1,0.1267300695180893,0.004219598602503538,60.34885120391846,0.150379940867424,-0.030626818537712097,6,1809,0.2875894010066986,0.0,0.14951573684811592,1,47
109,E1,0.0666857659816742,0.017447248101234436,61.099881172180176,0.11600645631551743,0.07308350503444672,6,1836,0.4298536479473114,0.0,0.11896461993455887,1,48
109,E1,0.0612330324947834,0.017890017479658127,61.89325284957886,0.1086253821849823,0.06926131248474121,6,1863,0.4221794605255127,0.0,0.1105772964656353,1,49
109,E1,0.10280317068099976,0.004376641940325499,62.62549591064453,0.1029570922255516,0.0663750171661377,6,1889,0.3829366862773895,0.0,0.1359666883945465,1,50
109,E1,0.05381390079855919,0.0032248503994196653,63.534706830978394,0.10384551435709,-0.00769159197807312,6,1950,0.667858362197876,0.0,0.18269292265176773,1,51
109,E1,0.0922626182436943,0.052697502076625824,64.83630776405334,0.09223902225494385,0.005598157644271851,6,1989,0.3366885781288147,0.0,0.14163538068532944,1,52
109,E1,0.08968964964151382,0.0033008514437824488,66.16825222969055,0.08959608525037766,0.001935616135597229,6,2050,0.3206689655780792,0.0,0.12614067271351814,1,53
109,E1,0.04768264293670654,0.023638445883989334,67.4671459197998,0.10458594560623169,-0.024283036589622498,6,2077,0.5937864184379578,0.0,0.14909521490335464,1,54
109,E1,0.04621972516179085,0.06571860611438751,68.77600240707397,0.09175834059715271,-0.007108315825462341,6,2116,0.772362232208252,0.0,0.19665870815515518,1,55
109,E1,0.08346215635538101,0.00467419158667326,70.06746482849121,0.0834582969546318,0.003439396619796753,6,2142,0.3990821838378906,0.0,0.14751791954040527,1,56
109,E1,0.045266102999448776,0.029614977538585663,71.3862373828888,0.08219444006681442,0.06244995445013046,6,2169,0.5674988031387329,0.0,0.1265181116759777,1,57
109,E1,0.08318081498146057,0.07840386778116226,72.68054938316345,0.08307498693466187,0.06086774915456772,6,2208,0.455285906791687,0.0,0.14380259066820145,1,58
109,E1,0.04493767023086548,0.0034956831950694323,74.01652407646179,0.08290935307741165,0.06311754137277603,6,2269,0.8129240274429321,0.0,0.18861965835094452,1,59
109,E1,0.08629263192415237,0.0049179671332240105,75.30896306037903,0.08498170971870422,0.06457765400409698,6,2295,0.3736441731452942,0.0,0.1355322226881981,1,60
109,E1,0.08848169445991516,0.09131366014480591,76.621506690979,0.08703774958848953,0.06612995266914368,6,2334,0.3072824478149414,0.0,0.11241915449500084,1,61
109,E1,0.0470878928899765,0.042758312076330185,77.89915108680725,0.09186434000730515,0.0019493550062179565,6,2361,0.5354214906692505,0.0,0.12625431269407272,1,62
109,E1,0.09178421646356583,0.0036087140906602144,79.2408857345581,0.11456298828125,-0.028553470969200134,6,2422,0.39153337478637695,0.0,0.1660417653620243,1,63
109,E1,0.04947255924344063,0.005139483604580164,80.54075956344604,0.10318249464035034,-0.007833942770957947,6,2448,0.46045711636543274,0.0,0.11807380616664886,1,64
109,E1,0.05074222758412361,0.003657771972939372,81.8630723953247,0.09775689989328384,0.005991891026496887,6,2509,0.3712439239025116,0.0,0.09581831470131874,1,65
109,E1,0.10028732568025589,0.005331564228981733,83.13907670974731,0.10291668027639389,0.002136334776878357,6,2535,0.35114431381225586,0.0,0.1062563881278038,1,66
109,E1,0.05266324058175087,0.11351583898067474,84.46536684036255,0.12959355115890503,-0.03393840789794922,6,2574,0.5210704207420349,0.0,0.1434977613389492,1,67
109,E1,0.10686897486448288,0.06291249394416809,85.74873614311218,0.11698191612958908,-0.010942637920379639,6,2601,0.3008948266506195,0.0,0.09857671707868576,1,68
109,E1,0.055451005697250366,0.003783069085329771,87.0955262184143,0.10809135437011719,0.00878557562828064,6,2662,0.29318830370903015,0.0,0.07965556904673576,1,69
109,E1,0.11235827952623367,0.005607967730611563,88.38840222358704,0.11159610748291016,0.08496898412704468,6,2688,0.40746474266052246,0.0,0.08908557891845703,1,70
109,E1,0.11371474713087082,0.12526322901248932,89.70463347434998,0.11147402971982956,0.09108932316303253,6,2727,0.30247050523757935,0.0,0.12372664362192154,1,71
109,E1,0.056715067476034164,0.07446750998497009,90.99460434913635,0.11281436681747437,0.09203478693962097,6,2754,0.3290281295776367,0.0,0.08475163578987122,1,72
109,E1,0.11652117967605591,0.005865855608135462,92.31069278717041,0.11799634248018265,0.004747569561004639,6,2780,0.5198990106582642,0.0,0.06802849844098091,1,73
109,E1,0.056562792509794235,0.13221700489521027,93.59729480743408,0.11411973088979721,0.09292009472846985,6,2819,0.35242825746536255,0.0,0.078516386449337,1,74
109,E1,0.05571746826171875,0.08186055719852448,94.87059354782104,0.1139879897236824,0.09614719450473785,6,2846,0.48243269324302673,0.0,0.11466826498508453,1,75
109,E1,0.11781022697687149,0.003986414987593889,96.19815707206726,0.11542651057243347,0.09701798856258392,6,2907,0.4295126795768738,0.0,0.07784395664930344,1,76
109,E1,0.11773574352264404,0.13852143287658691,97.49845671653748,0.14970771968364716,-0.04325404763221741,6,2946,0.6477933526039124,0.0,0.06201832555234432,1,77
109,E1,0.05405352637171745,0.006229978054761887,98.81101107597351,0.12714509665966034,-0.011852025985717773,6,2972,0.3170948624610901,0.0,0.07160120457410812,1,78
109,E1,0.05252442881464958,0.004097902216017246,100.1158664226532,0.11165297776460648,0.00903920829296112,6,3033,0.4410054683685303,0.0,0.1086498536169529,1,79
109,E1,0.11163800954818726,0.09084777534008026,101.4355731010437,0.11308420449495316,0.004552170634269714,6,3060,0.4809782803058624,0.0,0.07504888251423836,1,80
109,E1,0.10871836543083191,0.006387776229530573,102.77997946739197,0.1404341161251068,-0.0410304069519043,6,3086,0.6287828087806702,0.0,0.06031375750899315,1,81
109,E1,0.04749033972620964,0.09240429848432541,104.0531907081604,0.1023106649518013,0.0943673700094223,6,3113,0.3573604226112366,0.0,0.06998119875788689,1,82
109,E1,0.044873058795928955,0.14504006505012512,105.34569358825684,0.09829064458608627,0.0973467081785202,6,3152,0.5834571719169617,0.0,0.11077344790101051,1,83
109,E1,0.09904927760362625,0.004294287879019976,106.67208170890808,0.11003106832504272,-0.00837869942188263,6,3213,0.42243537306785583,0.0,0.0764736458659172,1,84
109,E1,0.09644050151109695,0.0042612324468791485,107.97395539283752,0.0951179638504982,0.009892776608467102,6,3274,0.5056164264678955,0.0,0.06142161972820759,1,85
109,E1,0.04001365602016449,0.14850203692913055,109.24833035469055,0.09512099623680115,0.001959487795829773,6,3313,0.35010480880737305,0.0,0.06996212527155876,1,86
109,E1,0.03778861463069916,0.006756196264177561,110.55993700027466,0.1188308373093605,-0.037456214427948,6,3339,0.5718814730644226,0.0,0.11354174092411995,1,87
109,E1,0.08775641769170761,0.09776565432548523,111.83729863166809,0.08358871936798096,0.09072177112102509,6,3366,0.3104412853717804,0.0,0.07853582128882408,1,88
109,E1,0.08539802581071854,0.006936962250620127,113.10748386383057,0.0950394794344902,-0.009151101112365723,6,3392,0.47018173336982727,0.0,0.06134742125868797,1,89
109,E1,0.03416622802615166,0.15213586390018463,114.39696741104126,0.07807068526744843,0.09091858565807343,6,3431,0.45000341534614563,0.0,0.06953446194529533,1,90
109,E1,0.03272666409611702,0.004471512511372566,115.3750991821289,0.07597064226865768,0.08628810197114944,6,3492,0.7941526174545288,0.0,0.11438898742198944,1,91
109,E1,0.07976564019918442,0.10283489525318146,116.17384696006775,0.0786445364356041,0.0066838860511779785,6,3519,0.31297993659973145,0.0,0.07848465070128441,1,92
109,E1,0.031329721212387085,0.004565732553601265,116.93611860275269,0.08079994469881058,0.0017563849687576294,6,3580,0.32545167207717896,0.0,0.05919495411217213,1,93
109,E1,0.07758436352014542,0.007297334726899862,117.71897482872009,0.07384174317121506,0.09197390824556351,6,3606,0.3958873748779297,0.0,0.06332518346607685,1,94
109,E1,0.07652227580547333,0.1589641571044922,118.49436068534851,0.07281801849603653,0.09091039001941681,6,3645,0.3986004590988159,0.0,0.10755525901913643,1,95
109,E1,0.029133720323443413,0.10832684487104416,119.23738551139832,0.07280612736940384,0.09091756492853165,6,3672,0.5520259141921997,0.0,0.07228266820311546,1,96
109,E1,0.07651861757040024,0.11018451303243637,120.02087473869324,0.07280983775854111,0.09343164414167404,6,3699,0.4263591766357422,0.0,0.052647216245532036,1,97
109,E1,0.028682420030236244,0.007611776236444712,120.76997232437134,0.10552810877561569,-0.037052080035209656,6,3725,0.30430808663368225,0.0,0.05598955787718296,1,98
109,E1,0.028292333707213402,0.004747283179312944,121.55027222633362,0.07179316878318787,0.09494664520025253,6,3786,0.8088591694831848,0.0,0.09813499078154564,1,99
109,E1,0.07865756750106812,0.16523560881614685,122.3347065448761,0.07378260791301727,0.09976032376289368,6,3825,0.3614301085472107,0.0,0.06292052939534187,1,100
109,E1,0.07865918427705765,0.11605940759181976,123.08676481246948,0.09003470093011856,-0.010459661483764648,6,3852,0.6704832315444946,0.0,0.044520686380565166,1,101
109,E1,0.027881905436515808,0.007922007702291012,123.82335758209229,0.07279814034700394,0.10129503905773163,6,3878,0.35980483889579773,0.0,0.047781698405742645,1,102
109,E1,0.02709473855793476,0.004874164238572121,124.91166687011719,0.07655542343854904,0.006498344242572784,6,3939,0.6590850949287415,0.0,0.08706953935325146,1,103
109,E1,0.07870683819055557,0.16983872652053833,126.20326352119446,0.08192857354879379,0.0017820745706558228,6,3978,0.5405237674713135,0.0,0.05552438460290432,1,104
109,E1,0.07874870300292969,0.008142293430864811,127.4769778251648,0.07183869928121567,0.10812155157327652,6,4004,0.6254819631576538,0.0,0.03931086417287588,1,105
109,E1,0.025267569348216057,0.1213383600115776,128.79484462738037,0.06992851942777634,0.10568251460790634,6,4031,0.3379976749420166,0.0,0.04218508303165436,1,106
109,E1,0.02404559962451458,0.005059537943452597,130.0984332561493,0.10568971186876297,-0.04346826672554016,6,4092,0.5829369425773621,0.0,0.08134355582296848,1,107
109,E1,0.0726570338010788,0.17369985580444336,131.37948369979858,0.08437064290046692,-0.009860731661319733,6,4131,0.561552107334137,0.0,0.05208275094628334,1,108
109,E1,0.022922366857528687,0.00508325919508934,132.7064504623413,0.06492108106613159,0.10814521461725235,6,4192,0.3148225247859955,0.0,0.03690801840275526,1,109
109,E1,0.0702967718243599,0.123395636677742,133.98070883750916,0.06883443146944046,0.008915923535823822,6,4219,0.7211927175521851,0.0,0.03865251038223505,1,110
109,E1,0.06707447022199631,0.17454884946346283,135.27434062957764,0.06980505585670471,0.0023263469338417053,6,4258,0.3424622416496277,0.0,0.0787799283862114,1,111
109,E1,0.019545339047908783,0.008558309637010098,136.58493328094482,0.09406822174787521,-0.04109981656074524,6,4284,0.3680250942707062,0.0,0.05232265591621399,1,112
109,E1,0.06144028902053833,0.008641046471893787,137.86265873908997,0.07145459204912186,-0.009104534983634949,6,4310,0.654332160949707,0.0,0.036391849629580975,1,113
109,E1,0.017148081213235855,0.12180434912443161,139.14854502677917,0.05118059739470482,0.09549074620008469,6,4337,0.4383429288864136,0.0,0.0395768778398633,1,114
109,E1,0.05474287271499634,0.0053097400814294815,140.4800455570221,0.053938332945108414,0.006514109671115875,6,4398,0.3903994858264923,0.0,0.08259875141084194,1,115
109,E1,0.015503319911658764,0.1760636270046234,141.77457547187805,0.047517675906419754,0.09137432277202606,6,4437,0.7385093569755554,0.0,0.05407646857202053,1,116
109,E1,0.05372980237007141,0.12119364738464355,143.0470471382141,0.04822666943073273,0.09360954910516739,6,4464,0.4130163788795471,0.0,0.0351650370284915,1,117
109,E1,0.015096153132617474,0.008876340463757515,144.36185383796692,0.05635662004351616,0.0007439106702804565,6,4490,0.3046727180480957,0.0,0.03616440389305353,1,118
109,E1,0.015014585107564926,0.17635348439216614,145.6521234512329,0.0473012812435627,0.0972873717546463,6,4529,1.0691744089126587,0.0,0.07502036541700363,1,119
109,E1,0.056914087384939194,0.005425327457487583,146.99723434448242,0.05001428723335266,0.10215544700622559,6,4590,0.33482152223587036,0.0,0.044390929862856865,1,120
109,E1,0.01587710529565811,0.009062406606972218,148.3350727558136,0.052171725779771805,0.10707612335681915,6,4616,0.32475370168685913,0.0,0.027473093010485172,1,121
109,E1,0.06274767965078354,0.12097275257110596,149.6259527206421,0.09645851701498032,-0.04531855136156082,6,4643,1.0593904256820679,0.0,0.026656140573322773,1,122
109,E1,0.06148841604590416,0.17766073346138,150.94511890411377,0.053676921874284744,0.11583341658115387,6,4682,0.3265145421028137,0.0,0.05946016497910023,1,123
109,E1,0.015696773305535316,0.005588447209447622,152.30142998695374,0.05259129777550697,0.11755181103944778,6,4743,0.5315654873847961,0.0,0.03661266900599003,1,124
109,E1,0.061138223856687546,0.009233840741217136,153.57876706123352,0.053351372480392456,0.11762958765029907,6,4769,0.7599102854728699,0.0,0.022889468353241682,1,125
109,E1,0.01486374344676733,0.11565813422203064,154.87391686439514,0.05051150918006897,0.11702615022659302,6,4796,0.30082032084465027,0.0,0.023789056576788425,1,126
109,E1,0.014484766870737076,0.1761288046836853,156.1859211921692,0.049844130873680115,0.11684658378362656,6,4835,0.8855171799659729,0.0,0.055009002797305584,1,127
109,E1,0.06082269549369812,0.005671704653650522,157.4968776702881,0.07208564877510071,-0.01180361956357956,6,4896,0.8693447709083557,0.0,0.03184377681463957,1,128
109,E1,0.06004059314727783,0.17533108592033386,158.81704473495483,0.057934507727622986,0.008170165121555328,6,4935,1.043596625328064,0.0,0.020050130784511566,1,129
109,E1,0.012996881268918514,0.009417773224413395,160.1003601551056,0.04561991989612579,0.11493878811597824,6,4961,0.31862783432006836,0.0,0.021925932727754116,1,130
109,E1,0.051322076469659805,0.0056917727924883366,161.42838168144226,0.05407346785068512,0.0013614743947982788,6,5022,0.3560163676738739,0.0,0.05492365825921297,1,131
109,E1,0.011151522397994995,0.10513272136449814,162.71715998649597,0.07880522310733795,-0.04173719137907028,6,5049,0.30087733268737793,0.0,0.03419746831059456,1,132
109,E1,0.010592668317258358,0.10375422239303589,163.98675322532654,0.055031660944223404,-0.009122781455516815,6,5076,0.17405329644680023,0.0,0.021585486363619566,1,133
109,E1,0.04417087510228157,0.17012064158916473,165.30045104026794,0.03665687516331673,0.1012142151594162,6,5115,0.49249860644340515,0.0,0.022709190379828215,1,134
109,E1,0.040974270552396774,0.00577936228364706,166.61094856262207,0.03395397216081619,0.09343978762626648,6,5176,0.5090931057929993,0.0,0.05907293036580086,1,135
109,E1,0.008799144066870213,0.00952604878693819,167.91492319107056,0.03260868787765503,0.09358958899974823,6,5202,0.7586166262626648,0.0,0.03525250405073166,1,136
109,E1,0.008907729759812355,0.16664592921733856,169.20197010040283,0.03348992392420769,0.095993772149086,6,5241,0.41473403573036194,0.0,0.02065380336716771,1,137
109,E1,0.04265272244811058,0.09324753284454346,170.49766397476196,0.041396282613277435,0.005921449512243271,6,5268,0.7499396204948425,0.0,0.01983960997313261,1,138
109,E1,0.008806703612208366,0.005804217420518398,171.8230903148651,0.03411421552300453,0.10278519988059998,6,5329,1.1162633895874023,0.0,0.05151332542300224,1,139
109,E1,0.04437200725078583,0.00958835706114769,173.11400413513184,0.04738392308354378,-0.00031247735023498535,6,5355,0.6407829523086548,0.0,0.027392457239329815,1,140
109,E1,0.00917696300894022,0.009615572169423103,174.43948411941528,0.07655089348554611,-0.04261917620897293,6,5381,0.19677497446537018,0.0,0.01604761229828,1,141
109,E1,0.04494363069534302,0.16177015006542206,175.72164702415466,0.05522910878062248,-0.011170454323291779,6,5420,1.0019326210021973,0.0,0.015974419191479683,1,142
109,E1,0.008360194973647594,0.00594576820731163,176.59389472007751,0.03354991227388382,0.10744045674800873,6,5481,1.0493392944335938,0.0,0.04551880061626434,1,143
109,E1,0.04190152511000633,0.08221328258514404,177.3838653564453,0.04098623991012573,0.005330383777618408,6,5508,0.6400339007377625,0.0,0.02500244602560997,1,144
109,E1,0.04047137126326561,0.0059191263280808926,178.1708641052246,0.031679775565862656,0.10711061954498291,6,5569,0.5756354331970215,0.0,0.015168448677286506,1,145
109,E1,0.007127168122678995,0.07870221138000488,178.91854429244995,0.039473649114370346,-0.00026216357946395874,6,5596,0.15660060942173004,0.0,0.016126243863254786,1,146
109,E1,0.006646221037954092,0.009622504003345966,179.69407176971436,0.06067614629864693,-0.036033254116773605,6,5622,0.76966392993927,0.0,0.047518931329250336,1,147
109,E1,0.03421855345368385,0.15355272591114044,180.44791769981384,0.042378801852464676,-0.008998416364192963,6,5661,0.4939013719558716,0.0,0.02570656593888998,1,148
109,E1,0.03280390053987503,0.1520419418811798,181.23426365852356,0.025696881115436554,0.09420830011367798,6,5700,0.40161317586898804,0.0,0.015518662286922336,1,149
109,E1,0.005769813433289528,0.07093324512243271,181.99010848999023,0.02398805506527424,0.08812600374221802,6,5727,0.4331966042518616,0.0,0.01621057605370879,1,150
109,E1,0.029730595648288727,0.0060242051258683205,182.77644038200378,0.02887786738574505,0.004795055836439133,6,5788,0.4120159447193146,0.0,0.047296070493757725,1,151
109,E1,0.0055087837390601635,0.009627014398574829,183.5772910118103,0.022625766694545746,0.0883980393409729,6,5814,0.7227875590324402,0.0,0.02514796145260334,1,152
109,E1,0.031135400757193565,0.0096383485943079,184.33496570587158,0.02404762990772724,0.09552372992038727,6,5840,0.3995715379714966,0.0,0.013772640377283096,1,153
109,E1,0.0056070550344884396,0.06404586136341095,185.05969309806824,0.034372758120298386,-0.000561494380235672,6,5867,0.13753017783164978,0.0,0.013497422682121396,1,154
109,E1,0.005666860844939947,0.005973613355308771,186.0029013156891,0.024631641805171967,0.1016155406832695,6,5928,1.09536874294281,0.0,0.03871812950819731,1,155
109,E1,0.03638568893074989,0.14361539483070374,187.2717480659485,0.06636468321084976,-0.04151534661650658,6,5967,0.9461978077888489,0.0,0.0183384595438838,1,156
109,E1,0.03686867281794548,0.14207306504249573,188.59070348739624,0.027638165280222893,0.11542345583438873,6,6006,0.6448854804039001,0.0,0.010447175474837422,1,157
109,E1,0.005801191087812185,0.059149034321308136,189.871031999588,0.04445767030119896,-0.009920720010995865,6,6033,0.12059429287910461,0.0,0.010716767981648445,1,158
109,E1,0.0055188327096402645,0.009610387496650219,191.16467547416687,0.02504356950521469,0.11125298589468002,6,6059,1.0000934600830078,0.0,0.03298417944461107,1,159
109,E1,0.03554790839552879,0.006058808881789446,192.4843349456787,0.026073219254612923,0.11662875860929489,6,6120,0.46083059906959534,0.0,0.016176441218703985,1,160
109,E2,3.0660440921783447,0.35839152336120605,1.3080992698669434,3.0634686946868896,0.011729240417480469,6,39,7.722938537597656,0.0,0.0001320732044405304,1,1
109,E2,2.7149438858032227,0.005091202910989523,2.601440191268921,2.951843023300171,0.22254085540771484,6,65,7.95864725112915,0.0,0.00016878204769454896,-1,2
109,E2,2.6056745052337646,0.39213377237319946,3.927622079849243,2.8425416946411133,0.23035049438476562,6,92,7.9691267013549805,0.0,0.00014377192565007135,-1,3
109,E2,2.745943784713745,0.004660541657358408,5.242566823959351,2.7433388233184814,0.015676498413085938,6,153,7.707272529602051,0.0,0.00013664170546690002,1,4
109,E2,2.6418797969818115,0.00452074920758605,6.5640950202941895,2.6318461894989014,0.2341916561126709,6,214,7.68117618560791,0.0,0.00014768481923965737,1,5
109,E2,2.291088342666626,0.005031576845794916,7.850683212280273,2.5278356075286865,0.23417091369628906,6,240,7.830070972442627,0.0,0.00023500972019974142,-1,6
109,E2,2.433823347091675,0.24386732280254364,8.696675300598145,2.5066850185394287,-0.10141921043395996,6,279,7.57675313949585,0.0,0.00021778772497782484,1,7
109,E2,2.080763578414917,0.2887451648712158,9.455253839492798,2.376655340194702,-0.05842161178588867,6,306,7.703065872192383,0.0,0.00019010883988812566,1,8
109,E2,1.9795840978622437,0.004273192957043648,10.252968311309814,2.221250534057617,0.23786282539367676,6,367,7.599608898162842,0.0,0.00022057141177356243,1,9
109,E2,2.129852533340454,0.25315403938293457,11.04814863204956,2.1299097537994385,0.015582799911499023,6,394,7.335262298583984,0.0,0.0004272506048437208,-1,10
109,E2,1.7828474044799805,0.004853586666285992,11.802083015441895,2.0240886211395264,0.23761916160583496,6,420,7.349262237548828,0.0,0.00045057192619424313,1,11
109,E2,1.9379181861877441,0.17262457311153412,12.583325386047363,1.932725429534912,0.02347254753112793,6,459,7.102642059326172,0.0,0.00036147586070001125,-1,12
109,E2,1.589438796043396,0.20599006116390228,13.335952520370483,1.8377436399459839,0.23722362518310547,6,486,7.047125816345215,0.0,0.0004321105807321146,-1,13
109,E2,1.7516608238220215,0.14753413200378418,14.124216318130493,1.824198842048645,-0.09313511848449707,6,525,6.813943386077881,0.0,0.0009011563088279217,-1,14
109,E2,1.661339282989502,0.004686139523983002,14.91117262840271,1.657161831855774,0.23657798767089844,6,551,6.6411285400390625,0.0,0.001079420355381444,1,15
109,E2,1.325958490371704,0.003968761768192053,15.674244403839111,1.6176190376281738,-0.05394935607910156,6,612,6.4932332038879395,0.0,0.0008164977480191737,1,16
109,E2,1.4865655899047852,0.004611510783433914,16.453160285949707,1.4825981855392456,0.24329280853271484,6,638,6.300135135650635,0.0,0.0009669454593677074,1,17
109,E2,1.1619963645935059,0.0037957229651510715,17.168030261993408,1.4074171781539917,0.015317916870117188,6,699,6.052452564239502,0.0,0.001984670292586088,1,18
109,E2,1.3257713317871094,0.09549413621425629,18.39033555984497,1.3206075429916382,0.0233381986618042,6,738,5.908754348754883,0.0,0.0025637304643169045,-1,19
109,E2,1.0083261728286743,0.12376996129751205,19.709356546401978,1.2438799142837524,0.24052953720092773,6,765,5.58627462387085,0.0,0.0019177888752892613,1,20
109,E2,1.171826958656311,0.0036179402377456427,21.069010496139526,1.1685324907302856,0.23155176639556885,6,826,5.4973859786987305,0.0,0.002180689130909741,1,21
109,E2,0.8682647347450256,0.10508440434932709,22.33964991569519,1.0989102125167847,0.22990953922271729,6,853,5.056212902069092,0.0,0.00428727432154119,1,22
109,E2,1.0276826620101929,0.0650574266910553,23.638442039489746,1.1072661876678467,-0.10416197776794434,6,892,5.023082733154297,0.0,0.005789800081402063,-1,23
109,E2,0.7424564361572266,0.004366791341453791,24.95373845100403,1.0032209157943726,-0.04370152950286865,6,918,4.532467842102051,0.0,0.0043089487589895725,1,24
109,E2,0.6840490698814392,0.0043145776726305485,26.243255853652954,0.9014894366264343,0.007218122482299805,6,944,4.251269817352295,0.0,0.004774312023073435,-1,25
109,E2,0.8392793536186218,0.07607311755418777,27.562808752059937,0.8344051837921143,0.021963834762573242,6,971,4.326964855194092,0.0,0.008605547016486526,-1,26
109,E2,0.5761077404022217,0.04447442293167114,28.844865322113037,0.7812173962593079,0.2064915895462036,6,1010,3.6616051197052,0.0,0.012016028864309192,-1,27
109,E2,0.7232620120048523,0.003351976163685322,30.152668952941895,0.7879002094268799,-0.08970987796783447,6,1071,3.873206377029419,0.0,0.008986102882772684,1,28
109,E2,0.6694023013114929,0.059717558324337006,31.467366695404053,0.6725256443023682,0.19850373268127441,6,1098,3.6525824069976807,0.0,0.009707323275506496,-1,29
109,E2,0.43825292587280273,0.0033328314311802387,32.778271436691284,0.6201942563056946,0.18683481216430664,6,1159,2.867401599884033,0.0,0.016417594626545906,-1,30
109,E2,0.3987191617488861,0.004137752112001181,34.09004616737366,0.5994169116020203,-0.03743690252304077,6,1185,2.5390372276306152,0.0,0.02329310355708003,1,31
109,E2,0.5243397951126099,0.029163403436541557,35.391042947769165,0.5246269106864929,0.012149155139923096,6,1224,2.866753101348877,0.0,0.017699007876217365,1,32
109,E2,0.32539498805999756,0.04231003671884537,36.707799673080444,0.4801979959011078,0.012540578842163086,6,1251,2.110896587371826,0.0,0.01855326723307371,1,33
109,E2,0.4420684278011322,0.004060663748532534,37.999244928359985,0.4417308270931244,0.17090928554534912,6,1277,2.4252047538757324,0.0,0.02914900053292513,-1,34
109,E2,0.40152737498283386,0.0031852470710873604,39.32742524147034,0.4567699730396271,-0.07169240713119507,6,1338,2.0652382373809814,0.0,0.0415395749732852,-1,35
109,E2,0.2369953989982605,0.023129761219024658,40.62092566490173,0.36991190910339355,0.15128827095031738,6,1377,1.4808231592178345,0.0,0.032215338200330734,-1,36
109,E2,0.21236979961395264,0.004044248256832361,41.94142246246338,0.35581088066101074,-0.023909449577331543,6,1403,1.296865701675415,0.0,0.03266735840588808,1,37
109,E2,0.3015371859073639,0.0031104411464184523,43.25109124183655,0.3048851788043976,0.13103151321411133,6,1464,1.5689104795455933,0.0,0.04864337481558323,-1,38
109,E2,0.2749042809009552,0.025059044361114502,44.57582473754883,0.2751259207725525,0.12853875756263733,6,1491,1.1852291822433472,0.0,0.06996925175189972,1,39
109,E2,0.15130548179149628,0.022086389362812042,45.90845775604248,0.2474224716424942,0.12519890069961548,6,1530,0.7912784218788147,0.0,0.05499235726892948,-1,40
109,E2,0.223693385720253,0.003084826050326228,47.2575044631958,0.2212485522031784,0.011196702718734741,6,1591,1.0455588102340698,0.0,0.055128417909145355,-1,41
109,E2,0.12082058936357498,0.019762229174375534,48.53516101837158,0.20225845277309418,0.10556983947753906,6,1618,0.5670142769813538,0.0,0.07747779041528702,-1,42
109,E2,0.10897320508956909,0.02480676770210266,49.830488443374634,0.18204092979431152,0.0982465147972107,6,1657,0.39441177248954773,0.0,0.10808968544006348,-1,43
109,E2,0.16499300301074982,0.004173987545073032,51.137733459472656,0.16682042181491852,0.003347545862197876,6,1683,0.5580671429634094,0.0,0.08640151098370552,1,44
109,E2,0.08792740851640701,0.003113314975053072,52.45046329498291,0.1498987227678299,0.08866578340530396,6,1744,0.34874528646469116,0.0,0.08411779627203941,-1,45
109,E2,0.13527409732341766,0.03083135187625885,53.76316499710083,0.1372770518064499,0.07977837324142456,6,1783,0.43919241428375244,0.0,0.11098944023251534,-1,46
109,E2,0.1252579540014267,0.004195935092866421,55.03898239135742,0.15051491558551788,-0.0329485684633255,6,1809,0.2893564999103546,0.0,0.15251031517982483,1,47
109,E2,0.0659048929810524,0.017007969319820404,56.32199430465698,0.11474322527647018,0.07220204174518585,6,1836,0.38248810172080994,0.0,0.12208780646324158,-1,48
109,E2,0.06138433516025543,0.01741018332540989,57.58861589431763,0.10601512342691422,0.06784352660179138,6,1863,0.43488964438438416,0.0,0.11350002139806747,1,49
109,E2,0.10028126090765,0.004273424856364727,58.905378103256226,0.10045046359300613,0.0650024265050888,6,1889,0.36618855595588684,0.0,0.14014198631048203,-1,50
109,E2,0.052510056644678116,0.0032930439338088036,60.21119570732117,0.1012812927365303,-0.007486671209335327,6,1950,0.7034664154052734,0.0,0.18786410242319107,-1,51
109,E2,0.08996111899614334,0.050908416509628296,61.52051568031311,0.08993978053331375,0.005464598536491394,6,1989,0.35255366563796997,0.0,0.1452709212899208,-1,52
109,E2,0.08633638173341751,0.0032994847279042006,62.82784366607666,0.08734586834907532,0.00192984938621521,6,2050,0.3426571190357208,0.0,0.13104326650500298,-1,53
109,E2,0.046459075063467026,0.02269688807427883,64.14332509040833,0.10326894372701645,-0.025664091110229492,6,2077,0.6404041647911072,0.0,0.15376348793506622,-1,54
109,E2,0.04505567252635956,0.06371502578258514,65.443678855896,0.08943501114845276,-0.006941094994544983,6,2116,0.805545449256897,0.0,0.20214801281690598,-1,55
109,E2,0.08135709166526794,0.00464650010690093,66.75947117805481,0.08132302761077881,0.0033885538578033447,6,2142,0.42179906368255615,0.0,0.15217533707618713,-1,56
109,E2,0.04407479986548424,0.02868453972041607,68.09251666069031,0.08010709285736084,0.0610315278172493,6,2169,0.5249369144439697,0.0,0.13147518783807755,-1,57
109,E2,0.0821208655834198,0.0766897201538086,69.17074036598206,0.08099254220724106,0.059433236718177795,6,2208,0.42438653111457825,0.0,0.14836902171373367,-1,58
109,E2,0.0444004200398922,0.0034434630069881678,69.94727444648743,0.08186941593885422,0.06012130528688431,6,2269,0.8236286640167236,0.0,0.1926068738102913,1,59
109,E2,0.08409389108419418,0.004857922438532114,70.69571089744568,0.08387821167707443,0.06153187155723572,6,2295,0.3999357521533966,0.0,0.14075890183448792,1,60
109,E2,0.08504801243543625,0.0890623927116394,71.49019408226013,0.08480995893478394,0.06458507478237152,6,2334,0.2884911596775055,0.0,0.11689382791519165,-1,61
109,E2,0.046479806303977966,0.041752636432647705,72.26378870010376,0.08952116966247559,0.0019473731517791748,6,2361,0.5559843182563782,0.0,0.1311696693301201,1,62
109,E2,0.09063243120908737,0.0035851828288286924,73.01696372032166,0.11164247244596481,-0.029703989624977112,6,2422,0.41069522500038147,0.0,0.17088820040225983,1,63
109,E2,0.04818177595734596,0.005126384552568197,73.80361604690552,0.10057386755943298,-0.007750168442726135,6,2448,0.4925502836704254,0.0,0.12199284881353378,-1,64
109,E2,0.05007729306817055,0.003640280570834875,74.59680962562561,0.0940062627196312,0.00778689980506897,6,2509,0.3833896517753601,0.0,0.09973626956343651,-1,65
109,E2,0.09900634735822678,0.005274726543575525,75.37975430488586,0.10030709952116013,0.0020872801542282104,6,2535,0.34621289372444153,0.0,0.11054935678839684,1,66
109,E2,0.05194462463259697,0.11170505732297897,76.17436146736145,0.12642234563827515,-0.03118687868118286,6,2574,0.5361449122428894,0.0,0.14670954272150993,1,67
109,E2,0.10410735756158829,0.060924168676137924,76.92583870887756,0.11553456634283066,-0.010858654975891113,6,2601,0.27299171686172485,0.0,0.10193713754415512,-1,68
109,E2,0.05471661686897278,0.003779136575758457,77.67566299438477,0.1067376434803009,0.008657306432723999,6,2662,0.29474368691444397,0.0,0.08189680054783821,-1,69
109,E2,0.11093548685312271,0.005590896587818861,78.57596588134766,0.10876240581274033,0.08628217875957489,6,2688,0.4433230757713318,0.0,0.09153236448764801,-1,70
109,E2,0.11373626440763474,0.12408503890037537,79.90351700782776,0.11006776243448257,0.09019780158996582,6,2727,0.30057570338249207,0.0,0.12691884115338326,1,71
109,E2,0.05676789581775665,0.07311704754829407,81.18204736709595,0.11284419149160385,0.08895760774612427,6,2754,0.26894864439964294,0.0,0.08769657462835312,-1,72
109,E2,0.11503646522760391,0.00581085029989481,82.47131824493408,0.11801866441965103,0.0023847222328186035,6,2780,0.49037450551986694,0.0,0.07036183588206768,1,73
109,E2,0.05658409371972084,0.13097524642944336,83.78720307350159,0.11414854973554611,0.09295453131198883,6,2819,0.35635221004486084,0.0,0.08071136474609375,1,74
109,E2,0.05654413625597954,0.07962334901094437,85.08786106109619,0.11257194727659225,0.0920221358537674,6,2846,0.476144939661026,0.0,0.11578693613409996,1,75
109,E2,0.11633777618408203,0.004034950397908688,86.36915469169617,0.11394060403108597,0.09615467488765717,6,2907,0.403493195772171,0.0,0.07948089018464088,1,76
109,E2,0.11777535080909729,0.13696691393852234,87.68200278282166,0.1478739082813263,-0.0405401885509491,6,2946,0.5712327361106873,0.0,0.06416787393391132,-1,77
109,E2,0.054813727736473083,0.006174642592668533,88.97872376441956,0.12712137401103973,-0.011782392859458923,6,2972,0.31809261441230774,0.0,0.07361482456326485,1,78
109,E2,0.0532638318836689,0.004122380632907152,90.30293321609497,0.11167386919260025,0.006731852889060974,6,3033,0.42939311265945435,0.0,0.11008577048778534,-1,79
109,E2,0.11164779216051102,0.08864544332027435,91.60167932510376,0.11458175629377365,0.0022962838411331177,6,3060,0.47068819403648376,0.0,0.07611236348748207,-1,80
109,E2,0.11016765236854553,0.006405314430594444,92.98291897773743,0.14222495257854462,-0.041471198201179504,6,3086,0.5629086494445801,0.0,0.06204223446547985,-1,81
109,E2,0.04818069934844971,0.09085646271705627,94.28719997406006,0.10363546758890152,0.09543699026107788,6,3113,0.35791563987731934,0.0,0.07142630219459534,1,82
109,E2,0.046791329979896545,0.14443476498126984,95.59944105148315,0.10092451423406601,0.09338565170764923,6,3152,0.5616832971572876,0.0,0.11133980005979538,1,83
109,E2,0.10172351449728012,0.0042433361522853374,96.9066972732544,0.11295691132545471,-0.01072666049003601,6,3213,0.4337810277938843,0.0,0.07648779079318047,1,84
109,E2,0.09770754724740982,0.004293578676879406,98.23040843009949,0.0976845920085907,0.008036553859710693,6,3274,0.504771888256073,0.0,0.0617575328797102,1,85
109,E2,0.041735365986824036,0.14767049252986908,99.5295422077179,0.09764879196882248,0.0020616501569747925,6,3313,0.3416025936603546,0.0,0.07040182873606682,-1,86
109,E2,0.039405569434165955,0.006746315862983465,100.80138540267944,0.12035263329744339,-0.035910412669181824,6,3339,0.6040754914283752,0.0,0.11355997249484062,-1,87
109,E2,0.09010949730873108,0.09700743854045868,102.1104474067688,0.08701586723327637,0.09097321331501007,6,3366,0.31891942024230957,0.0,0.07799845933914185,1,88
109,E2,0.08769240975379944,0.00691948039457202,103.39194798469543,0.09890848398208618,-0.011361777782440186,6,3392,0.4596758782863617,0.0,0.061868125572800636,-1,89
109,E2,0.03564218059182167,0.15150022506713867,104.7241780757904,0.08238253742456436,0.08706601709127426,6,3431,0.33154430985450745,0.0,0.06909639202058315,-1,90
109,E2,0.034141045063734055,0.004485823679715395,106.02609729766846,0.07908766716718674,0.08937210589647293,6,3492,0.6119177341461182,0.0,0.11345989257097244,-1,91
109,E2,0.0819384828209877,0.1027769073843956,107.34588527679443,0.07971293479204178,0.008478246629238129,6,3519,0.32515570521354675,0.0,0.07846986502408981,-1,92
109,E2,0.032204922288656235,0.004564272239804268,108.6484603881836,0.08189471811056137,0.001738905906677246,6,3580,0.3242209553718567,0.0,0.06033416651189327,1,93
109,E2,0.07865253835916519,0.007211474701762199,109.97132515907288,0.07484892755746841,0.0879058688879013,6,3606,0.3907836675643921,0.0,0.0655906442552805,1,94
109,E2,0.07653697580099106,0.15769806504249573,111.26358318328857,0.07282588630914688,0.0883672684431076,6,3645,0.34245142340660095,0.0,0.10999059304594994,-1,95
109,E2,0.028708500787615776,0.10736062377691269,112.5789864063263,0.07085385173559189,0.08633159101009369,6,3672,0.42789480090141296,0.0,0.0763469934463501,-1,96
109,E2,0.07447167485952377,0.10839009284973145,113.87587285041809,0.06986808031797409,0.08782196044921875,6,3699,0.5117186903953552,0.0,0.05646444298326969,-1,97
109,E2,0.027120240032672882,0.0075170425698161125,115.1826708316803,0.10010814666748047,-0.036924540996551514,6,3725,0.35089877247810364,0.0,0.06169992871582508,1,98
109,E2,0.02635294944047928,0.00469633936882019,116.49528050422668,0.06614673137664795,0.08851192146539688,6,3786,0.7093574404716492,0.0,0.10616713389754295,-1,99
109,E2,0.07148803025484085,0.1633569747209549,117.81846284866333,0.06615250557661057,0.0909581258893013,6,3825,0.28750079870224,0.0,0.07082713395357132,1,100
109,E2,0.07149017602205276,0.11313347518444061,119.13961744308472,0.08080866187810898,-0.00947272777557373,6,3852,0.4830697476863861,0.0,0.05128606781363487,-1,101
109,E2,0.025068117305636406,0.007866617292165756,120.43497490882874,0.0643308237195015,0.09129056334495544,6,3878,0.30725306272506714,0.0,0.054971976205706596,-1,102
109,E2,0.02418350614607334,0.00495124189183116,121.73204898834229,0.06766334921121597,0.007277131080627441,6,3939,0.8113728761672974,0.0,0.09901934862136841,1,103
109,E2,0.06958942115306854,0.16738978028297424,123.05192446708679,0.07246752828359604,0.0016008466482162476,6,3978,0.3536522388458252,0.0,0.06389791890978813,1,104
109,E2,0.07058056443929672,0.008112942799925804,124.32560396194458,0.06527385115623474,0.09477817267179489,6,4004,0.6631333231925964,0.0,0.04468043800443411,-1,105
109,E2,0.023017434403300285,0.11793321371078491,125.61935830116272,0.06262963265180588,0.09632977843284607,6,4031,0.2705170512199402,0.0,0.048088978976011276,-1,106
109,E2,0.022555217146873474,0.00507831946015358,126.95396542549133,0.09762846678495407,-0.04045151174068451,6,4092,0.6978709101676941,0.0,0.09013190306723118,1,107
109,E2,0.06781605631113052,0.17114409804344177,128.24786067008972,0.07777372747659683,-0.009155966341495514,6,4131,0.4150697886943817,0.0,0.058704985305666924,1,108
109,E2,0.021952033042907715,0.005104586482048035,129.57071208953857,0.06099087372422218,0.09896701574325562,6,4192,0.36490073800086975,0.0,0.040860394947230816,1,109
109,E2,0.06744636595249176,0.12046396732330322,130.46810173988342,0.06647603958845139,0.006422907114028931,6,4219,0.6254479289054871,0.0,0.04207313247025013,1,110
109,E2,0.06565537303686142,0.1735377162694931,131.25750851631165,0.0678747221827507,0.0015255659818649292,6,4258,0.3322224020957947,0.0,0.0814510602504015,1,111
109,E2,0.019923610612750053,0.00855885911732912,132.0097303390503,0.095284104347229,-0.04161451756954193,6,4284,0.3787713646888733,0.0,0.054125990718603134,1,112
109,E2,0.06309222429990768,0.008544063195586205,132.79552817344666,0.07336846739053726,-0.00932292640209198,6,4310,0.6316641569137573,0.0,0.03678349871188402,-1,113
109,E2,0.018224479630589485,0.12156668305397034,133.5485439300537,0.054424915462732315,0.09615056961774826,6,4337,0.408153772354126,0.0,0.03926759213209152,1,114
109,E2,0.05900083854794502,0.0052964393980801105,134.34422612190247,0.05774073675274849,0.007568493485450745,6,4398,0.3398742079734802,0.0,0.07982431910932064,1,115
109,E2,0.016912449151277542,0.1749420166015625,135.12966966629028,0.05121633782982826,0.09550242871046066,6,4437,0.6622716188430786,0.0,0.05191229097545147,1,116
109,E2,0.059116628021001816,0.12183251976966858,135.90117168426514,0.052316147834062576,0.09841406345367432,6,4464,0.7881790995597839,0.0,0.03364675585180521,-1,117
109,E2,0.016380541026592255,0.00888507254421711,136.69061183929443,0.059894245117902756,0.0007775053381919861,6,4490,0.27086490392684937,0.0,0.03538038395345211,-1,118
109,E2,0.015727264806628227,0.17579948902130127,137.4828188419342,0.04960593581199646,0.09816870093345642,6,4529,1.0159186124801636,0.0,0.07413540966808796,1,119
109,E2,0.05845965817570686,0.0054704779759049416,138.2521059513092,0.05137064680457115,0.10236012190580368,6,4590,0.6130730509757996,0.0,0.0451508741825819,-1,120
109,E2,0.015976998955011368,0.009056078270077705,138.9888997077942,0.05105460062623024,0.10639775544404984,6,4616,0.3443105220794678,0.0,0.029021253809332848,1,121
109,E2,0.05977891385555267,0.12068995088338852,140.12703227996826,0.09147124737501144,-0.042509712278842926,6,4643,0.7894636392593384,0.0,0.02929900959134102,-1,122
109,E2,0.05740936100482941,0.17666363716125488,141.40454840660095,0.05044373869895935,0.10745711624622345,6,4682,0.3209807872772217,0.0,0.06381809525191784,1,123
109,E2,0.014865175820887089,0.0055623105727136135,142.7356231212616,0.0494680292904377,0.10320980846881866,6,4743,0.27884870767593384,0.0,0.040456149727106094,-1,124
109,E2,0.05557071790099144,0.00928778201341629,144.03581070899963,0.04814550653100014,0.10527459532022476,6,4769,0.5916141271591187,0.0,0.025982629507780075,1,125
109,E2,0.01362630445510149,0.11460474133491516,145.34868383407593,0.04557834938168526,0.10358105599880219,6,4796,0.37067192792892456,0.0,0.027366184629499912,1,126
109,E2,0.013082939200103283,0.17431679368019104,146.64610505104065,0.044361669570207596,0.10217130184173584,6,4835,0.6529385447502136,0.0,0.061963021755218506,-1,127
109,E2,0.0530896931886673,0.005709740333259106,147.96919798851013,0.06256791204214096,-0.009761199355125427,6,4896,0.5415531992912292,0.0,0.03756864555180073,-1,128
109,E2,0.051652926951646805,0.17409852147102356,149.26876831054688,0.050539810210466385,0.006632521748542786,6,4935,0.7694839239120483,0.0,0.02383294887840748,1,129
109,E2,0.011776957660913467,0.009455894120037556,150.5792007446289,0.04089586064219475,0.0989421159029007,6,4961,0.17662963271141052,0.0,0.025418062694370747,-1,130
109,E2,0.04540691897273064,0.00573408417403698,151.88521265983582,0.04817170277237892,-0.00032198429107666016,6,5022,0.33502548933029175,0.0,0.06226607598364353,-1,131
109,E2,0.010173069313168526,0.1042935699224472,153.20189332962036,0.06936832517385483,-0.035937391221523285,6,5049,0.4396420419216156,0.0,0.03947174549102783,1,132
109,E2,0.009848004207015038,0.10185196995735168,154.49953770637512,0.05036279186606407,-0.008805334568023682,6,5076,0.2592085003852844,0.0,0.024557527154684067,-1,133
109,E2,0.04184089973568916,0.1687411069869995,155.81474351882935,0.034958574920892715,0.09106119722127914,6,5115,0.41139137744903564,0.0,0.024840628262609243,1,134
109,E2,0.04013809561729431,0.00591510534286499,157.12121605873108,0.03352266922593117,0.08852066844701767,6,5176,0.3225348889827728,0.0,0.06035528518259525,-1,135
109,E2,0.00880493875592947,0.009524977765977383,158.43320775032043,0.03262288123369217,0.08806000649929047,6,5202,0.7820783257484436,0.0,0.037341129034757614,1,136
109,E2,0.008971103467047215,0.16584157943725586,159.72626543045044,0.033284518867731094,0.09258054196834564,6,5241,0.4235039949417114,0.0,0.021652357652783394,1,137
109,E2,0.04266849160194397,0.09308936446905136,161.0400824546814,0.04174218699336052,0.005431756377220154,6,5268,0.7489578127861023,0.0,0.0204431158490479,-1,138
109,E2,0.009109675884246826,0.0059532225131988525,162.350665807724,0.03459407761693001,0.09912392497062683,6,5329,1.0695394277572632,0.0,0.05081763584166765,1,139
109,E2,0.04564681276679039,0.009632447734475136,163.65753412246704,0.048740219324827194,-0.00031769275665283203,6,5355,0.6559802889823914,0.0,0.027583411894738674,1,140
109,E2,0.009555629454553127,0.009637625887989998,164.95352625846863,0.07867201417684555,-0.04324033111333847,6,5381,0.13645736873149872,0.0,0.016065371688455343,-1,141
109,E2,0.04717855527997017,0.16112087666988373,166.27682900428772,0.05755171552300453,-0.0111079141497612,6,5420,1.047485113143921,0.0,0.015829406213015318,1,142
109,E2,0.00891882088035345,0.006004511844366789,167.62495517730713,0.03569796308875084,0.11054594814777374,6,5481,0.4799928069114685,0.0,0.042944807559251785,-1,143
109,E2,0.043385785073041916,0.08129608631134033,168.9028298854828,0.04243539646267891,0.005532555282115936,6,5508,0.6655717492103577,0.0,0.025112062692642212,1,144
109,E2,0.0404818058013916,0.006003886461257935,170.2525143623352,0.03215039148926735,0.10443785786628723,6,5569,0.5633602142333984,0.0,0.01557542709633708,1,145
109,E2,0.007152476813644171,0.07594851404428482,171.54636764526367,0.03841209411621094,0.0006093047559261322,6,5596,0.17125405371189117,0.0,0.01696415012702346,-1,146
109,E2,0.006455348338931799,0.009701648727059364,172.82143378257751,0.057883504778146744,-0.0336134098470211,6,5622,0.8114284873008728,0.0,0.0489342175424099,1,147
109,E2,0.032427769154310226,0.1515260636806488,174.1330063343048,0.039872366935014725,-0.008115090429782867,6,5661,0.34755611419677734,0.0,0.028155365027487278,-1,148
109,E2,0.030871281400322914,0.1500982642173767,175.4381980895996,0.024198666214942932,0.08466224372386932,6,5700,0.3344489634037018,0.0,0.016721809282898903,1,149
109,E2,0.005571246612817049,0.06850244104862213,176.74944710731506,0.02288839779794216,0.08103303611278534,6,5727,0.4518080949783325,0.0,0.017434976529330015,1,150
109,E2,0.028561679646372795,0.006105971056967974,178.06787824630737,0.027739809826016426,0.004269849509000778,6,5788,0.4654797315597534,0.0,0.048962206579744816,1,151
109,E2,0.00535351550206542,0.009664434939622879,179.38898873329163,0.022213133051991463,0.08266176283359528,6,5814,0.7527252435684204,0.0,0.02684163860976696,1,152
109,E2,0.030506804585456848,0.009682265110313892,180.67710423469543,0.023721838369965553,0.09005142003297806,6,5840,0.8514987230300903,0.0,0.01428935513831675,-1,153
109,E2,0.0054788789711892605,0.06170181930065155,181.99949622154236,0.032768890261650085,-0.000531509518623352,6,5867,0.1559135615825653,0.0,0.014230672270059586,1,154
109,E2,0.00536167249083519,0.006034949794411659,183.30151462554932,0.023186059668660164,0.0923944041132927,6,5928,1.1109822988510132,0.0,0.04008692596107721,1,155
109,E2,0.03303312137722969,0.14102551341056824,184.61995601654053,0.06119140610098839,-0.038320932537317276,6,5967,0.5585097670555115,0.0,0.02008001133799553,-1,156
109,E2,0.03415961563587189,0.13940709829330444,185.90233540534973,0.026003114879131317,0.10606450587511063,6,6006,0.5498256683349609,0.0,0.011244680499657989,1,157
109,E2,0.005637515336275101,0.05669250711798668,187.1852388381958,0.04265834018588066,-0.009887155145406723,6,6033,0.10396916419267654,0.0,0.011234731413424015,-1,158
109,E2,0.005452960263937712,0.009660609066486359,188.45312356948853,0.025073133409023285,0.10452849417924881,6,6059,0.9730941653251648,0.0,0.0328948562964797,1,159
109,E2,0.0355442650616169,0.006130398716777563,189.78331184387207,0.02663942612707615,0.11276023089885712,6,6120,1.0787873268127441,0.0,0.01629458786919713,-1,160
110,E1,3.4457437992095947,0.0035869188141077757,2.064732074737549,3.3285131454467773,0.1015481948852539,6,68,9.308233261108398,0.0,0.0001098048232961446,1,1
110,E1,3.318166971206665,0.0015439464477822185,3.6146533489227295,3.2764780521392822,-0.011738300323486328,6,94,9.327797889709473,0.0,0.0001429998010280542,1,2
110,E1,3.1879940032958984,0.0015279535437002778,4.849625587463379,3.081183671951294,0.08591842651367188,6,120,9.329451560974121,0.0,0.00015928475477267057,1,3
110,E1,3.063044309616089,0.19433090090751648,5.919943809509277,2.977114677429199,0.054616451263427734,6,169,9.329985618591309,0.0,0.00013914510054746643,1,4
110,E1,2.9354991912841797,0.1814185231924057,6.691498279571533,2.820887804031372,0.10152816772460938,6,218,9.281807899475098,0.0,0.0001525520347058773,1,5
110,E1,2.810574769973755,0.0014169147470965981,7.506843090057373,2.7662951946258545,-0.00784158706665039,6,244,9.20425796508789,0.0,0.0002231629696325399,1,6
110,E1,2.683079481124878,0.0033007909078150988,8.307634592056274,2.576292037963867,0.08978271484375,6,312,9.086325645446777,0.0,0.0003536208168952726,1,7
110,E1,2.5608110427856445,0.0013703025178983808,9.088111400604248,2.482767105102539,0.050623178482055664,6,338,8.958578109741211,0.0,0.00026047190476674587,1,8
110,E1,2.441201686859131,0.13103266060352325,9.88326120376587,2.339665412902832,0.08583426475524902,6,387,8.789307594299316,0.0,0.0003335151122882962,1,9
110,E1,2.3242409229278564,0.001272242865525186,10.66879391670227,2.287813663482666,-0.003991127014160156,6,413,8.599213600158691,0.0,0.0005159772263141349,1,10
110,E1,2.2125697135925293,0.001277834759093821,11.435551166534424,2.1188948154449463,0.08574485778808594,6,439,8.350165367126465,0.0,0.001046350138494745,1,11
110,E1,2.098384141921997,0.0032135748770087957,12.24750280380249,2.0283379554748535,0.0503544807434082,6,507,8.122597694396973,0.0,0.0006922426691744477,1,12
110,E1,1.99214506149292,0.001160391722805798,13.007526874542236,1.903769612312317,0.08173203468322754,6,533,7.841728210449219,0.0,0.0009395325323566794,1,13
110,E1,1.891248345375061,0.0030655839946120977,13.729440450668335,1.860129952430725,-0.0002598762512207031,6,601,7.5746636390686035,0.0,0.0014088716707192361,1,14
110,E1,1.793149471282959,0.0012590194819495082,14.873025178909302,1.710166335105896,0.07755661010742188,6,627,7.2328338623046875,0.0,0.0031407373608089983,1,15
110,E1,1.6953388452529907,0.06375785917043686,16.11792254447937,1.6335374116897583,0.05353426933288574,6,676,6.965188026428223,0.0,0.001990778255276382,1,16
110,E1,1.6055954694747925,0.0011532611679285765,17.310980796813965,1.527997612953186,0.07712388038635254,6,702,6.632408142089844,0.0,0.0025872475234791636,1,17
110,E1,1.5213942527770996,0.05130218714475632,18.502731323242188,1.4930812120437622,0.007040739059448242,6,751,6.331688404083252,0.0,0.003704675007611513,1,18
110,E1,1.4350718259811401,0.0029035501647740602,19.757954597473145,1.3605159521102905,0.0840599536895752,6,819,5.928287029266357,0.0,0.008202392607927322,1,19
110,E1,1.35453462600708,0.0009697330533526838,20.94504475593567,1.2965425252914429,0.06298208236694336,6,845,5.669116020202637,0.0,0.005188342882320285,1,20
110,E1,1.2797173261642456,0.03828166425228119,22.111717700958252,1.2156273126602173,0.07198381423950195,6,894,5.338597774505615,0.0,0.006444430677220225,1,21
110,E1,1.210744023323059,0.0008959337137639523,23.34933829307556,1.187951922416687,0.013486623764038086,6,920,5.0295023918151855,0.0,0.00877936091274023,1,22
110,E1,1.1425445079803467,0.0026749048847705126,24.551281690597534,1.0790263414382935,0.07053232192993164,6,988,4.588347434997559,0.0,0.018918999936431646,1,23
110,E1,1.0780569314956665,0.0009160814224742353,25.80020308494568,1.0295066833496094,0.05470454692840576,6,1014,4.385969161987305,0.0,0.01189263490960002,1,24
110,E1,1.0163202285766602,0.0008973204530775547,27.062968492507935,0.9606304168701172,0.07267963886260986,6,1040,4.0912675857543945,0.0,0.013791137374937534,1,25
110,E1,0.9608104228973389,0.0008361148647964001,28.243985414505005,0.9412288665771484,0.010363221168518066,6,1066,3.8115460872650146,0.0,0.01832039002329111,1,26
110,E1,0.9056000709533691,0.002583846217021346,29.472254514694214,0.846355140209198,0.07657599449157715,6,1134,3.3742287158966064,0.0,0.037760027684271336,1,27
110,E1,0.8558619022369385,0.021276280283927917,30.659541368484497,0.8108870983123779,0.05472719669342041,6,1183,3.29809308052063,0.0,0.02381325513124466,1,28
110,E1,0.8064170479774475,0.0007770828669890761,31.849677085876465,0.752295196056366,0.06810355186462402,6,1209,3.075742721557617,0.0,0.026481952518224716,1,29
110,E1,0.7575832009315491,0.018147431313991547,33.08839988708496,0.7431669235229492,0.007737278938293457,6,1258,2.8717808723449707,0.0,0.0336047625169158,1,30
110,E1,0.7126662731170654,0.0007967284764163196,34.280670166015625,0.6652466654777527,0.058369576930999756,6,1284,2.4522204399108887,0.0,0.06726549752056599,1,31
110,E1,0.6726710796356201,0.002441072603687644,35.548659324645996,0.6357746720314026,0.04213547706604004,6,1352,2.4688823223114014,0.0,0.04278072528541088,1,32
110,E1,0.6284706592559814,0.0007324249600060284,36.81871008872986,0.5863668918609619,0.05711984634399414,6,1378,2.2808494567871094,0.0,0.04564693756401539,1,33
110,E1,0.58877032995224,0.00071584468241781,38.08967399597168,0.5762344002723694,0.006883978843688965,6,1404,2.103942632675171,0.0,0.05523612163960934,1,34
110,E1,0.5499414801597595,0.012672343291342258,39.2894868850708,0.511095404624939,0.05289989709854126,6,1453,1.6695189476013184,0.0,0.10674162954092026,1,35
110,E1,0.515994131565094,0.0023055002093315125,40.54689884185791,0.482425332069397,0.04588264226913452,6,1521,1.721415400505066,0.0,0.06856990419328213,1,36
110,E1,0.4829502999782562,0.0006668615969829261,41.72715640068054,0.44592031836509705,0.04469412565231323,6,1547,1.5769692659378052,0.0,0.07093413919210434,1,37
110,E1,0.45083877444267273,0.01071113720536232,42.99679970741272,0.43585988879203796,0.018052518367767334,6,1596,1.4148145914077759,0.0,0.08493412286043167,1,38
110,E1,0.41639968752861023,0.0007144372211769223,44.195985317230225,0.3829403221607208,0.05205953121185303,6,1622,0.9829028844833374,0.0,0.15708812698721886,1,39
110,E1,0.38684141635894775,0.002235208870843053,45.45193290710449,0.36402204632759094,0.036169350147247314,6,1690,1.0771217346191406,0.0,0.10380963236093521,1,40
110,E1,0.36207208037376404,0.009279310703277588,46.64969778060913,0.33081570267677307,0.043702661991119385,6,1739,0.9885993599891663,0.0,0.10423953458666801,1,41
110,E1,0.33833837509155273,0.000728389888536185,47.8860137462616,0.32528156042099,0.011902809143066406,6,1765,0.8663589358329773,0.0,0.12351863086223602,1,42
110,E1,0.3127046525478363,0.0022066107485443354,49.174360275268555,0.2845225930213928,0.04370373487472534,6,1833,0.4846211075782776,0.0,0.22082461416721344,1,43
110,E1,0.29092058539390564,0.0006264718249440193,50.38375520706177,0.2686409056186676,0.030914276838302612,6,1859,0.5895759463310242,0.0,0.14864566549658775,1,44
110,E1,0.2706318199634552,0.009059401229023933,51.62507724761963,0.24721890687942505,0.036680132150650024,6,1908,0.5463844537734985,0.0,0.14678112417459488,1,45
110,E1,0.25377213954925537,0.0021904304157942533,53.017088413238525,0.2452246993780136,0.010402470827102661,6,1976,0.48709046840667725,0.0,0.16840830445289612,1,46
110,E1,0.23520158231258392,0.0006496068672277033,54.28728270530701,0.21428942680358887,0.032629311084747314,6,2002,0.33265629410743713,0.0,0.28629662096500397,1,47
110,E1,0.2223856896162033,0.000743985699955374,55.55704975128174,0.20345176756381989,0.026160210371017456,6,2028,0.2987537980079651,0.0,0.1950216442346573,1,48
110,E1,0.20778660476207733,0.0007624910795129836,56.823668003082275,0.19032049179077148,0.02744525671005249,6,2054,0.29205796122550964,0.0,0.19007658958435059,1,49
110,E1,0.1981526017189026,0.0006747048464603722,58.09840679168701,0.19115518033504486,0.011968433856964111,6,2080,0.3288559019565582,0.0,0.21073929220438004,1,50
110,E1,0.18900363147258759,0.012283669784665108,59.37721633911133,0.16913126409053802,0.030839234590530396,6,2129,0.4731982350349426,0.0,0.3452514410018921,1,51
110,E1,0.1800551414489746,0.0021815225481987,60.65585684776306,0.1657852679491043,0.02285844087600708,6,2197,0.27377164363861084,0.0,0.23445819318294525,1,52
110,E1,0.17350761592388153,0.01435776799917221,61.930843114852905,0.1565692275762558,0.02658487856388092,6,2246,0.2572011649608612,0.0,0.2208326905965805,1,53
110,E1,0.16717730462551117,0.0008022328256629407,63.1999888420105,0.16069626808166504,0.013778746128082275,6,2272,0.3423266112804413,0.0,0.23841160535812378,1,54
110,E1,0.16278590261936188,0.002147548831999302,64.4872658252716,0.14503352344036102,0.0275280624628067,6,2340,0.5988329648971558,0.0,0.37907539308071136,1,55
110,E1,0.1584918349981308,0.0006948746158741415,65.76063776016235,0.1453913152217865,0.020943433046340942,6,2366,0.34123945236206055,0.0,0.2553986385464668,1,56
110,E1,0.1579897403717041,0.0008309991098940372,66.95302963256836,0.14055748283863068,0.027251720428466797,6,2392,0.29212287068367004,0.0,0.23636096715927124,1,57
110,E1,0.15564510226249695,0.002154313260689378,68.2109444141388,0.14953188598155975,0.010506391525268555,6,2460,0.3676398992538452,0.0,0.251270093023777,1,58
110,E1,0.1551312357187271,0.02460005134344101,69.41106033325195,0.13978390395641327,0.02407979965209961,6,2509,0.631292998790741,0.0,0.38633356988430023,1,59
110,E1,0.15286041796207428,0.0007542826351709664,70.65690636634827,0.14010252058506012,0.023511111736297607,6,2535,0.35213932394981384,0.0,0.2567199245095253,1,60
110,E1,0.15432600677013397,0.00225820136256516,71.95145750045776,0.14050500094890594,0.02469208836555481,6,2603,0.2802583575248718,0.0,0.23234178125858307,1,61
110,E1,0.1557340770959854,0.000884764944203198,73.20465016365051,0.14959578216075897,0.013428986072540283,6,2629,0.3409077823162079,0.0,0.24281248450279236,1,62
110,E1,0.15898267924785614,0.033538904041051865,74.39648485183716,0.1415443867444992,0.02733539044857025,6,2678,0.5977479219436646,0.0,0.37301047146320343,1,63
110,E1,0.16048932075500488,0.0007646617596037686,75.60965704917908,0.14538319408893585,0.024400532245635986,6,2704,0.29178228974342346,0.0,0.2435883730649948,1,64
110,E1,0.1638883501291275,0.038219939917325974,76.8040988445282,0.14777782559394836,0.02579614520072937,6,2753,0.21997502446174622,0.0,0.21788708120584488,1,65
110,E1,0.16544894874095917,0.0007143624243326485,78.07989978790283,0.16102948784828186,0.008533373475074768,6,2779,0.27848732471466064,0.0,0.2248276174068451,1,66
110,E1,0.17107152938842773,0.0022841538302600384,79.36969780921936,0.15261279046535492,0.02616618573665619,6,2847,0.510725736618042,0.0,0.34846025705337524,1,67
110,E1,0.17275363206863403,0.0009814981603994966,80.63870477676392,0.15849654376506805,0.023493409156799316,6,2873,0.20641759037971497,0.0,0.22217898070812225,1,68
110,E1,0.17644692957401276,0.04784466326236725,81.83073472976685,0.15945512056350708,0.027433469891548157,6,2922,0.18264172971248627,0.0,0.19967471808195114,1,69
110,E1,0.18032561242580414,0.0007315360126085579,83.07309436798096,0.17357714474201202,0.012414932250976562,6,2948,0.24152164161205292,0.0,0.2028646320104599,1,70
110,E1,0.1842384785413742,0.00238678976893425,84.2713258266449,0.16675718128681183,0.028192594647407532,6,3016,0.40899279713630676,0.0,0.32006825506687164,1,71
110,E1,0.18608202040195465,0.0010578082874417305,85.52647829055786,0.17099349200725555,0.02846628427505493,6,3042,0.16446442902088165,0.0,0.20451688021421432,1,72
110,E1,0.19240759313106537,0.0007216059602797031,86.71460890769958,0.1722632646560669,0.029229044914245605,6,3068,0.2214658111333847,0.0,0.18140458688139915,1,73
110,E1,0.19436679780483246,0.0024346387945115566,87.9682035446167,0.18509143590927124,0.013110458850860596,6,3136,0.2639659345149994,0.0,0.1874523162841797,1,74
110,E1,0.19635069370269775,0.0010885655647143722,89.1538302898407,0.1739203929901123,0.03258773684501648,6,3162,0.329590380191803,0.0,0.2995265796780586,1,75
110,E1,0.19835086166858673,0.0611441470682621,90.40304970741272,0.18040458858013153,0.029669135808944702,6,3211,0.19059889018535614,0.0,0.19019479304552078,1,76
110,E1,0.20043863356113434,0.0024454714730381966,91.60899639129639,0.18185435235500336,0.027027904987335205,6,3279,0.28013572096824646,0.0,0.16915855184197426,1,77
110,E1,0.20251405239105225,0.0007575108902528882,92.84720253944397,0.1930130273103714,0.013635784387588501,6,3305,0.3042498528957367,0.0,0.1771828643977642,1,78
110,E1,0.19999706745147705,0.06407854706048965,94.04906988143921,0.1815062016248703,0.03379088640213013,6,3354,0.29512396454811096,0.0,0.29004818946123123,1,79
110,E1,0.20211364328861237,0.0011419234797358513,95.2935836315155,0.18387705087661743,0.030247390270233154,6,3380,0.22145569324493408,0.0,0.18224040418863297,1,80
110,E1,0.20194321870803833,0.00075944495620206,96.5648729801178,0.18330304324626923,0.030695021152496338,6,3406,0.29943323135375977,0.0,0.16595106199383736,1,81
110,E1,0.2017510086297989,0.0011538121616467834,97.83164405822754,0.19227920472621918,0.013616383075714111,6,3432,0.3184276223182678,0.0,0.17150365933775902,1,82
110,E1,0.1992597132921219,0.002540945541113615,99.04827642440796,0.1787935346364975,0.03344625234603882,6,3500,0.30039268732070923,0.0,0.28797829896211624,1,83
110,E1,0.19912856817245483,0.06704804301261902,100.28256750106812,0.18110769987106323,0.02997639775276184,6,3549,0.2157011330127716,0.0,0.18224555253982544,1,84
110,E1,0.19670186936855316,0.06758017092943192,101.48036456108093,0.17846278846263885,0.030128419399261475,6,3598,0.27901309728622437,0.0,0.168109230697155,1,85
110,E1,0.19427840411663055,0.0025619249790906906,102.7389669418335,0.18509306013584137,0.02014249563217163,6,3666,0.29039594531059265,0.0,0.17410395294427872,1,86
110,E1,0.1918768286705017,0.0007879689219407737,104.01645708084106,0.17406876385211945,0.029402583837509155,6,3692,0.34190666675567627,0.0,0.2949511185288429,1,87
110,E1,0.1917763352394104,0.0012041922891512513,105.28629684448242,0.17426055669784546,0.029206395149230957,6,3718,0.1825445592403412,0.0,0.18842566013336182,1,88
110,E1,0.18941234052181244,0.0007833500276319683,106.48629450798035,0.16972315311431885,0.029032498598098755,6,3744,0.2426447868347168,0.0,0.17240121588110924,1,89
110,E1,0.1849261075258255,0.002650034846737981,107.74096465110779,0.17817442119121552,0.012970566749572754,6,3812,0.2569339871406555,0.0,0.17957796528935432,1,90
110,E1,0.1826273649930954,0.06831257045269012,108.94085383415222,0.1634909212589264,0.03135634958744049,6,3861,0.3978959023952484,0.0,0.30209096521139145,1,91
110,E1,0.18036912381649017,0.001226899679750204,110.18404221534729,0.16366733610630035,0.031182557344436646,6,3887,0.1580774188041687,0.0,0.19393139332532883,1,92
110,E1,0.18027319014072418,0.0691918283700943,111.2676751613617,0.163290873169899,0.028236210346221924,6,3936,0.20934370160102844,0.0,0.17549549415707588,1,93
110,E1,0.17802543938159943,0.0007923988741822541,112.54378652572632,0.17150968313217163,0.012605071067810059,6,3962,0.239870086312294,0.0,0.18254494294524193,1,94
110,E1,0.1758151650428772,0.002654887270182371,113.83282804489136,0.15728941559791565,0.030488908290863037,6,4030,0.44673967361450195,0.0,0.306304968893528,1,95
110,E1,0.17571501433849335,0.0012660026550292969,115.10554099082947,0.1593678742647171,0.027386918663978577,6,4056,0.15854716300964355,0.0,0.19638998806476593,1,96
110,E1,0.1756422370672226,0.0012756235664710402,116.38285088539124,0.15709947049617767,0.0274459570646286,6,4082,0.1912778615951538,0.0,0.1786494292318821,1,97
110,E1,0.17558632791042328,0.0008093214710243046,117.66011333465576,0.16711373627185822,0.012330472469329834,6,4108,0.238569438457489,0.0,0.1834791712462902,1,98
110,E1,0.1733950972557068,0.07084190845489502,118.92269086837769,0.15316830575466156,0.029907137155532837,6,4157,0.4689405858516693,0.0,0.3074939101934433,1,99
110,E1,0.17331098020076752,0.0028036271687597036,120.11314702033997,0.15521657466888428,0.02686266601085663,6,4225,0.16455078125,0.0,0.1975342258810997,1,100
110,E1,0.17324019968509674,0.0013280711136758327,121.36364912986755,0.15299053490161896,0.030039936304092407,6,4251,0.187946155667305,0.0,0.1783996820449829,1,101
110,E1,0.17316807806491852,0.0008108827751129866,122.56007671356201,0.16480714082717896,0.015391305088996887,6,4277,0.23962296545505524,0.0,0.18088335171341896,1,102
110,E1,0.17104041576385498,0.07397531718015671,123.8304214477539,0.1529119461774826,0.03302198648452759,6,4326,0.48426762223243713,0.0,0.30422843247652054,1,103
110,E1,0.17302723228931427,0.0028216184582561255,125.12594199180603,0.1549447923898697,0.03000292181968689,6,4394,0.1648186892271042,0.0,0.19195982068777084,1,104
110,E1,0.17295444011688232,0.0008321683271788061,126.39920115470886,0.15463633835315704,0.03029327094554901,6,4420,0.20002160966396332,0.0,0.17342118918895721,1,105
110,E1,0.1728927493095398,0.0013630138710141182,127.5900866985321,0.1665448248386383,0.012398630380630493,6,4446,0.2507091164588928,0.0,0.1749892607331276,1,106
110,E1,0.17282752692699432,0.07706177979707718,128.82923698425293,0.15457727015018463,0.030175521969795227,6,4495,0.46219250559806824,0.0,0.29494045674800873,1,107
110,E1,0.17487774789333344,0.0029289182275533676,130.08848977088928,0.15661756694316864,0.027151063084602356,6,4563,0.171522319316864,0.0,0.1873674839735031,1,108
110,E1,0.17481714487075806,0.07891948521137238,131.29991483688354,0.1563643366098404,0.030566662549972534,6,4612,0.22888164222240448,0.0,0.16661212965846062,1,109
110,E1,0.17476485669612885,0.0014405972324311733,132.54142308235168,0.16837947070598602,0.012508660554885864,6,4638,0.2721058130264282,0.0,0.16930661723017693,1,110
110,E1,0.17470061779022217,0.003005073871463537,133.8248209953308,0.15630686283111572,0.030457615852355957,6,4706,0.45516619086265564,0.0,0.2884686514735222,1,111
110,E1,0.1746453493833542,0.0008415207266807556,135.0142674446106,0.1583588719367981,0.02741129696369171,6,4732,0.18018916249275208,0.0,0.18123526871204376,1,112
110,E1,0.17672502994537354,0.0007933629094623029,136.2525234222412,0.15616463124752045,0.030563950538635254,6,4758,0.2533275783061981,0.0,0.16257679089903831,1,113
110,E1,0.17667029798030853,0.0014308026293292642,137.45252060890198,0.16818208992481232,0.012515932321548462,6,4784,0.29683151841163635,0.0,0.16384371370077133,1,114
110,E1,0.17452372610569,0.08260048180818558,138.6953089237213,0.15421538054943085,0.030164271593093872,6,4833,0.4539738893508911,0.0,0.28374023735523224,1,115
110,E1,0.17447300255298615,0.003111251164227724,139.97952699661255,0.15623146295547485,0.030317306518554688,6,4901,0.1891425997018814,0.0,0.17818018421530724,1,116
110,E1,0.1744236946105957,0.001455755322240293,141.24727272987366,0.15411363542079926,0.03341299295425415,6,4927,0.25578686594963074,0.0,0.16060955077409744,1,117
110,E1,0.17230282723903656,0.0008509033941663802,142.44094824790955,0.16600389778614044,0.012369319796562195,6,4953,0.2936960458755493,0.0,0.16238152235746384,1,118
110,E1,0.17225830256938934,0.003206502413377166,143.6930615901947,0.15216578543186188,0.029860258102416992,6,5021,0.47983285784721375,0.0,0.2820146679878235,1,119
110,E1,0.1722092479467392,0.08534713834524155,144.88399291038513,0.15226313471794128,0.02974638342857361,6,5070,0.19054941833019257,0.0,0.17728230357170105,1,120
110,E1,0.17010359466075897,0.0008710958063602448,146.12324619293213,0.15018415451049805,0.03592512011528015,6,5096,0.24517998099327087,0.0,0.15989812090992928,1,121
110,E1,0.17006230354309082,0.0014690952375531197,147.31491708755493,0.16185380518436432,0.015272930264472961,6,5122,0.29403743147850037,0.0,0.16169081255793571,1,122
110,E1,0.16798557341098785,0.0033122068271040916,148.56712198257446,0.1482992023229599,0.03238435089588165,6,5190,0.508722186088562,0.0,0.278691865503788,1,123
110,E1,0.1659214347600937,0.0876498594880104,149.75873041152954,0.1483929604291916,0.029196903109550476,6,5239,0.19046804308891296,0.0,0.17561207339167595,1,124
110,E1,0.16791997849941254,0.0008748773252591491,151.00346899032593,0.14637291431427002,0.0321255624294281,6,5265,0.24827726185321808,0.0,0.1586381234228611,1,125
110,E1,0.16586117446422577,0.001548347412608564,152.20124745368958,0.15778633952140808,0.011953353881835938,6,5291,0.29496026039123535,0.0,0.15905708447098732,1,126
110,E1,0.1638195663690567,0.0034581099171191454,153.4557285308838,0.14270846545696259,0.03445619344711304,6,5359,0.5464003086090088,0.0,0.27701975405216217,1,127
110,E1,0.1637796014547348,0.09035796672105789,154.70125889778137,0.14461731910705566,0.02860066294670105,6,5408,0.19517962634563446,0.0,0.17476341873407364,1,128
110,E1,0.16376440227031708,0.0034185617696493864,155.90934324264526,0.14444471895694733,0.03180763125419617,6,5476,0.24664954841136932,0.0,0.15610827133059502,1,129
110,E1,0.16174261271953583,0.0008967180619947612,157.10473489761353,0.15576528012752533,0.011801466345787048,6,5502,0.2982543110847473,0.0,0.15536152198910713,1,130
110,E1,0.16171588003635406,0.09128362685441971,158.34687495231628,0.1408194750547409,0.031132623553276062,6,5551,0.5569906830787659,0.0,0.2727561518549919,1,131
110,E1,0.16169916093349457,0.0015928870998322964,159.54463744163513,0.1427236795425415,0.03129976987838745,6,5577,0.20206090807914734,0.0,0.17113501951098442,1,132
110,E1,0.16366665065288544,0.001617204979993403,160.7875783443451,0.14076033234596252,0.031183764338493347,6,5603,0.26237791776657104,0.0,0.15308116003870964,1,133
110,E1,0.1616469770669937,0.0036318586207926273,162.07305240631104,0.15376737713813782,0.011681094765663147,6,5671,0.3164006471633911,0.0,0.15076922997832298,1,134
110,E1,0.15965180099010468,0.09369610995054245,163.34691739082336,0.1389697939157486,0.03377465903759003,6,5720,0.5641317367553711,0.0,0.26541148126125336,1,135
110,E1,0.15963226556777954,0.0008489965694025159,164.6172423362732,0.14084678888320923,0.03100314736366272,6,5746,0.2068156749010086,0.0,0.1656065732240677,1,136
110,E1,0.16159138083457947,0.0036958009004592896,165.90590572357178,0.13891388475894928,0.03381362557411194,6,5814,0.2741777300834656,0.0,0.1488700583577156,1,137
110,E1,0.15959897637367249,0.0016958186170086265,167.17681694030762,0.1517973691225052,0.01451517641544342,6,5840,0.3318060040473938,0.0,0.14564137905836105,1,138
110,E1,0.15958808362483978,0.0956716239452362,168.3688623905182,0.137155219912529,0.033432334661483765,6,5889,0.5645637512207031,0.0,0.2594584971666336,1,139
110,E1,0.15957503020763397,0.000892175710760057,169.6113362312317,0.1372731328010559,0.033292099833488464,6,5915,0.21557192504405975,0.0,0.16094764694571495,1,140
110,E1,0.15760059654712677,0.0008757116156630218,170.85506224632263,0.13710343837738037,0.03054577112197876,6,5941,0.2784416675567627,0.0,0.14550499245524406,1,141
110,E1,0.1575959324836731,0.003867974504828453,172.06051230430603,0.14800626039505005,0.014210864901542664,6,6009,0.34300634264945984,0.0,0.14197472110390663,1,142
110,E1,0.15564841032028198,0.09768473356962204,173.33872365951538,0.13536928594112396,0.03019404411315918,6,6058,0.5902987122535706,0.0,0.2551201358437538,1,143
110,E1,0.15564128756523132,0.0017437562346458435,174.60669088363647,0.1355200856924057,0.027111977338790894,6,6084,0.21812914311885834,0.0,0.1576351448893547,1,144
110,E1,0.1556374728679657,0.09947879612445831,175.8791024684906,0.1336153894662857,0.029925361275672913,6,6133,0.2931206226348877,0.0,0.14151392504572868,1,145
110,E1,0.15371043980121613,0.0017536337254568934,177.07540082931519,0.1443152278661728,0.013896241784095764,6,6159,0.3513590395450592,0.0,0.13682840019464493,1,146
110,E1,0.15180477499961853,0.0009205886744894087,178.24761700630188,0.1302332580089569,0.029277250170707703,6,6185,0.6265451312065125,0.0,0.250844806432724,1,147
110,E1,0.15180324018001556,0.004049377515912056,179.06543469429016,0.1304110735654831,0.02904975414276123,6,6253,0.21807706356048584,0.0,0.15507104247808456,1,148
110,E1,0.15180672705173492,0.0040689073503017426,179.84392881393433,0.12854258716106415,0.031821995973587036,6,6321,0.2873827815055847,0.0,0.13884089514613152,1,149
110,E1,0.1518125981092453,0.001813651411794126,180.65027928352356,0.1425173282623291,0.010888248682022095,6,6347,0.3718351721763611,0.0,0.1323221903294325,1,150
110,E1,0.1480739414691925,0.09976924955844879,181.42078137397766,0.12691177427768707,0.028668954968452454,6,6396,0.6577717065811157,0.0,0.24810389429330826,1,151
110,E1,0.14808128774166107,0.000888252048753202,182.2292537689209,0.12878035008907318,0.02869492769241333,6,6422,0.22011210024356842,0.0,0.15008175000548363,1,152
110,E1,0.1480873078107834,0.0009014775860123336,183.00194835662842,0.12366792559623718,0.036336734890937805,6,6448,0.28965654969215393,0.0,0.13458628207445145,1,153
110,E1,0.1481047421693802,0.0018996857106685638,183.80583691596985,0.13723796606063843,0.013231039047241211,6,6474,0.3718980550765991,0.0,0.12920123524963856,1,154
110,E1,0.1462622433900833,0.10039270669221878,184.57180261611938,0.12209471315145493,0.03317052125930786,6,6523,0.6587653160095215,0.0,0.23979821056127548,1,155
110,E1,0.146275594830513,0.004302950110286474,185.38417148590088,0.12394782155752182,0.030438140034675598,6,6591,0.2257011979818344,0.0,0.14585674926638603,1,156
110,E1,0.14629217982292175,0.004215288441628218,186.1566252708435,0.12053277343511581,0.03554987907409668,6,6659,0.3010033965110779,0.0,0.1316580157727003,1,157
110,E1,0.14447401463985443,0.0019321966683492064,186.95866227149963,0.133863165974617,0.012867525219917297,6,6685,0.3777780830860138,0.0,0.12554619275033474,1,158
110,E1,0.14089937508106232,0.0009346719598397613,187.66908645629883,0.11898546665906906,0.02982524037361145,6,6711,0.698107898235321,0.0,0.2345307692885399,1,159
110,E1,0.14091937243938446,0.1024060919880867,188.38949251174927,0.12085232883691788,0.02707567811012268,6,6760,0.22374694049358368,0.0,0.14234085753560066,1,160
110,E2,3.4457437992095947,0.0035869188141077757,1.2129554748535156,3.3285131454467773,0.1015481948852539,6,68,9.308234214782715,0.0,0.0001098048232961446,1,1
110,E2,3.318166971206665,0.0015439464477822185,2.481987714767456,3.2764780521392822,-0.011738300323486328,6,94,9.327360153198242,0.0,0.0001429998010280542,1,2
110,E2,3.187995195388794,0.0015360129764303565,3.7606608867645264,3.0811843872070312,0.08591604232788086,6,120,9.331274032592773,0.0,0.0001594237983226776,1,3
110,E2,3.063044309616089,0.19433768093585968,5.037471055984497,2.9771134853363037,0.05852174758911133,6,169,9.32460880279541,0.0,0.00013950267020845786,-1,4
110,E2,2.935499429702759,0.18100227415561676,6.229316711425781,2.820892095565796,0.10151958465576172,6,218,9.282816886901855,0.0,0.0001518369754194282,-1,5
110,E2,2.810574769973755,0.0014171396614983678,7.47361946105957,2.766296148300171,-0.007848262786865234,6,244,9.202422142028809,0.0,0.00022294442896964028,1,6
110,E2,2.6830759048461914,0.00330002186819911,8.71495509147644,2.5762977600097656,0.09758210182189941,6,312,9.090850830078125,0.0,0.0003536605363478884,-1,7
110,E2,2.5608108043670654,0.001335497829131782,9.924010515213013,2.4827654361724854,0.05062294006347656,6,338,8.958632469177246,0.0,0.00026041232922580093,1,8
110,E2,2.44120192527771,0.1309925615787506,11.19277024269104,2.3396663665771484,0.0897374153137207,6,387,8.796106338500977,0.0,0.00033317742054350674,-1,9
110,E2,2.3242409229278564,0.0012725903652608395,12.392613649368286,2.2878153324127197,-0.007892608642578125,6,413,8.598196983337402,0.0,0.000516295011038892,1,10
110,E2,2.212561845779419,0.0012731560273095965,13.635481834411621,2.113696813583374,0.08964896202087402,6,439,8.350825309753418,0.0,0.0010457349417265505,1,11
110,E2,2.098384141921997,0.0031546843238174915,14.847574949264526,2.0257389545440674,0.05814933776855469,6,507,8.122186660766602,0.0,0.0006924410117790103,1,12
110,E2,1.9921444654464722,0.0011861480306833982,16.094040393829346,1.9037694931030273,0.08170533180236816,6,533,7.852968692779541,0.0,0.0009397111716680229,-1,13
110,E2,1.891248345375061,0.0030647474341094494,17.378686666488647,1.8601311445236206,-0.00025963783264160156,6,601,7.560268402099609,0.0,0.0014088519383221865,-1,14
110,E2,1.7931480407714844,0.0012589384568855166,18.57715368270874,1.710166335105896,0.07751584053039551,6,627,7.241961479187012,0.0,0.0031407565693371,-1,15
110,E2,1.695339560508728,0.0637245923280716,19.820674180984497,1.6309542655944824,0.05738496780395508,6,676,6.963495254516602,0.0,0.0019854584825225174,1,16
110,E2,1.6055976152420044,0.0010681821731850505,21.021449089050293,1.5279755592346191,0.08101558685302734,6,702,6.633191108703613,0.0,0.002586970687843859,1,17
110,E2,1.52139413356781,0.05125937610864639,22.263977527618408,1.4930806159973145,0.0070421695709228516,6,751,6.3182501792907715,0.0,0.0037060013273730874,-1,18
110,E2,1.435068964958191,0.0028635577764362097,23.469991445541382,1.3605154752731323,0.08405804634094238,6,819,5.929444789886475,0.0,0.008200418902561069,1,19
110,E2,1.354535698890686,0.0009701441740617156,24.71243906021118,1.3016180992126465,0.05537617206573486,6,845,5.671299457550049,0.0,0.00518801249563694,1,20
110,E2,1.2797164916992188,0.0382557176053524,25.915920734405518,1.215627908706665,0.0719834566116333,6,894,5.355201721191406,0.0,0.006420268910005689,-1,21
110,E2,1.2107435464859009,0.0009176661842502654,27.155057430267334,1.1879549026489258,0.01348876953125,6,920,5.029262065887451,0.0,0.00879299221560359,1,22
110,E2,1.1398547887802124,0.0026794481091201305,28.434866905212402,1.0790382623672485,0.0780024528503418,6,988,4.588013172149658,0.0,0.01891764486208558,1,23
110,E2,1.0778425931930542,0.0009095400455407798,29.631088495254517,1.029274344444275,0.047296762466430664,6,1014,4.387408256530762,0.0,0.011892613023519516,1,24
110,E2,1.016320824623108,0.0008206911152228713,30.8750638961792,0.9606294631958008,0.07268106937408447,6,1040,4.091446399688721,0.0,0.013869164045900106,1,25
110,E2,0.9605169296264648,0.000835705257486552,32.07289505004883,0.9412238001823425,0.00998830795288086,6,1066,3.8094842433929443,0.0,0.018314735032618046,-1,26
110,E2,0.9056003093719482,0.002581398468464613,33.33279728889465,0.8511268496513367,0.06941795349121094,6,1134,3.391238212585449,0.0,0.03775156755000353,-1,27
110,E2,0.8558619618415833,0.02124609611928463,34.60232353210449,0.8108618259429932,0.05476534366607666,6,1183,3.305772066116333,0.0,0.023810978047549725,-1,28
110,E2,0.8068165183067322,0.0007906162063591182,35.79605746269226,0.7522952556610107,0.06862032413482666,6,1209,3.0951664447784424,0.0,0.026372878812253475,-1,29
110,E2,0.7575819492340088,0.018118537962436676,37.040173053741455,0.7436206936836243,0.007600069046020508,6,1258,2.869326591491699,0.0,0.03367159981280565,1,30
110,E2,0.7131277918815613,0.0007939647766761482,38.24138879776001,0.6656758189201355,0.057727694511413574,6,1284,2.458691358566284,0.0,0.066987294703722,1,31
110,E2,0.6730870604515076,0.002383987419307232,39.492552757263184,0.636229395866394,0.041995882987976074,6,1352,2.465994119644165,0.0,0.04279500991106033,-1,32
110,E2,0.628868043422699,0.0007384445634670556,40.75420355796814,0.5870820879936218,0.056040287017822266,6,1378,2.2869646549224854,0.0,0.0454097855836153,1,33
110,E2,0.5891923904418945,0.0007207731832750142,41.945597410202026,0.5766056180000305,0.006896793842315674,6,1404,2.103614091873169,0.0,0.05604298785328865,1,34
110,E2,0.554772675037384,0.012658660300076008,43.18626594543457,0.5114065408706665,0.05288350582122803,6,1453,1.684026837348938,0.0,0.10674988105893135,1,35
110,E2,0.5163058042526245,0.002315772697329521,44.387909173965454,0.4827679395675659,0.04535943269729614,6,1521,1.7239387035369873,0.0,0.06890908442437649,-1,36
110,E2,0.4832213222980499,0.0006624087109230459,45.637381076812744,0.4464188516139984,0.044741928577423096,6,1547,1.5942848920822144,0.0,0.07094071991741657,-1,37
110,E2,0.4510782063007355,0.010583586990833282,46.832074880599976,0.436108261346817,0.012888848781585693,6,1596,1.4126578569412231,0.0,0.08494460210204124,-1,38
110,E2,0.4168192446231842,0.0006996127776801586,48.0714852809906,0.38333654403686523,0.051451265811920166,6,1622,1.0027986764907837,0.0,0.15781928971409798,-1,39
110,E2,0.3870914876461029,0.002219007583335042,49.26981210708618,0.3642214834690094,0.03613269329071045,6,1690,1.0778167247772217,0.0,0.10381850227713585,1,40
110,E2,0.36236658692359924,0.009246504865586758,50.51244235038757,0.3311103582382202,0.04368329048156738,6,1739,1.0094959735870361,0.0,0.10424423962831497,-1,41
110,E2,0.3385426700115204,0.0007296481053344905,51.6956684589386,0.3254339396953583,0.016621440649032593,6,1765,0.8713512420654297,0.0,0.12289589270949364,-1,42
110,E2,0.3097282350063324,0.002207356970757246,52.92134118080139,0.2847539484500885,0.04367902874946594,6,1833,0.4967879056930542,0.0,0.21985284239053726,-1,43
110,E2,0.29121091961860657,0.0006950125098228455,54.114299297332764,0.26886674761772156,0.030963540077209473,6,1859,0.5918038487434387,0.0,0.14871208742260933,1,44
110,E2,0.2708684206008911,0.008957969956099987,55.39069104194641,0.2473960667848587,0.03667491674423218,6,1908,0.5483882427215576,0.0,0.14682529494166374,1,45
110,E2,0.25120440125465393,0.002146479208022356,56.67982840538025,0.24300962686538696,0.013839662075042725,6,1976,0.48087117075920105,0.0,0.16941075026988983,1,46
110,E2,0.23525850474834442,0.0006447958876378834,57.956225633621216,0.21448786556720734,0.032646894454956055,6,2002,0.33797335624694824,0.0,0.2892712205648422,1,47
110,E2,0.22250592708587646,0.0007538216304965317,59.14943480491638,0.20346492528915405,0.026297658681869507,6,2028,0.3010280132293701,0.0,0.1950686275959015,-1,48
110,E2,0.2078542858362198,0.000763820658903569,60.39029669761658,0.18845421075820923,0.030509203672409058,6,2054,0.2923887372016907,0.0,0.19008414447307587,1,49
110,E2,0.198311910033226,0.0006535922875627875,61.58840990066528,0.19102275371551514,0.01223251223564148,6,2080,0.3301110863685608,0.0,0.2107870727777481,1,50
110,E2,0.1891648918390274,0.012041939422488213,62.83472514152527,0.16928456723690033,0.030779242515563965,6,2129,0.47472816705703735,0.0,0.34531496465206146,1,51
110,E2,0.18016208708286285,0.0021877363324165344,64.12681746482849,0.16395427286624908,0.025593966245651245,6,2197,0.2774719297885895,0.0,0.23597941547632217,1,52
110,E2,0.17362503707408905,0.01435614749789238,65.40041971206665,0.15666775405406952,0.026490747928619385,6,2246,0.2524641156196594,0.0,0.2217596471309662,-1,53
110,E2,0.16726581752300262,0.0008230109815485775,66.48391032218933,0.16078753769397736,0.010868340730667114,6,2272,0.33980077505111694,0.0,0.24001433700323105,-1,54
110,E2,0.16087646782398224,0.0021494983229786158,67.75221920013428,0.14513389766216278,0.02751152217388153,6,2340,0.6052144169807434,0.0,0.37912803888320923,1,55
110,E2,0.15855057537555695,0.0007471488206647336,69.01901245117188,0.14544256031513214,0.020938441157341003,6,2366,0.3472142517566681,0.0,0.25816885381937027,1,56
110,E2,0.15628114342689514,0.0008417284116148949,70.29937553405762,0.14226584136486053,0.024729907512664795,6,2392,0.29794055223464966,0.0,0.23801005631685257,1,57
110,E2,0.15572315454483032,0.0022028335370123386,71.58306336402893,0.14953772723674774,0.010506868362426758,6,2460,0.3675658404827118,0.0,0.2513461783528328,1,58
110,E2,0.15344613790512085,0.02453790418803692,72.86121273040771,0.1382138729095459,0.02375715970993042,6,2509,0.6221890449523926,0.0,0.3863779306411743,-1,59
110,E2,0.15292499959468842,0.0007532049785368145,74.12874960899353,0.14010681211948395,0.02352990210056305,6,2535,0.350991427898407,0.0,0.25673890858888626,1,60
110,E2,0.15433825552463531,0.002205149969086051,75.41948533058167,0.1405676156282425,0.021926894783973694,6,2603,0.27243316173553467,0.0,0.2348613440990448,-1,61
110,E2,0.15580540895462036,0.0008877947693690658,76.53649592399597,0.14960052073001862,0.013484194874763489,6,2629,0.34048351645469666,0.0,0.24284914880990982,1,62
110,E2,0.15905356407165527,0.0335165336728096,77.75216770172119,0.14155428111553192,0.027391493320465088,6,2678,0.5964948534965515,0.0,0.37302258610725403,1,63
110,E2,0.16053207218647003,0.0007622023695148528,79.02254605293274,0.1454438716173172,0.024386554956436157,6,2704,0.29477447271347046,0.0,0.24517639726400375,1,64
110,E2,0.1620495319366455,0.038128890097141266,80.28666949272156,0.14781616628170013,0.025763273239135742,6,2753,0.2149316668510437,0.0,0.21879231184720993,-1,65
110,E2,0.16550135612487793,0.0007134686456993222,81.49773645401001,0.16107769310474396,0.008530780673027039,6,2779,0.2800784409046173,0.0,0.22574400901794434,1,66
110,E2,0.16903239488601685,0.002272355603054166,82.75609850883484,0.15083317458629608,0.028898626565933228,6,2847,0.5215007662773132,0.0,0.3503526449203491,1,67
110,E2,0.1728074550628662,0.0010073736775666475,83.96555781364441,0.15666626393795013,0.0262460857629776,6,2873,0.21169941127300262,0.0,0.22467029094696045,1,68
110,E2,0.17648644745349884,0.047168172895908356,85.16923332214355,0.15948805212974548,0.027439504861831665,6,2922,0.18282082676887512,0.0,0.19970078021287918,-1,69
110,E2,0.18037696182727814,0.0007523521780967712,86.43082642555237,0.17357777059078217,0.012417703866958618,6,2948,0.2408287078142166,0.0,0.20292158424854279,-1,70
110,E2,0.18429549038410187,0.002395755611360073,87.7164134979248,0.1648312360048294,0.03110310435295105,6,3016,0.397018700838089,0.0,0.3236229419708252,-1,71
110,E2,0.18613195419311523,0.001031674793921411,88.98955035209656,0.16903263330459595,0.028089940547943115,6,3042,0.16591419279575348,0.0,0.20592942088842392,1,72
110,E2,0.19026555120944977,0.0007745991460978985,90.26266980171204,0.1722974181175232,0.029230058193206787,6,3068,0.22743643820285797,0.0,0.18219701573252678,-1,73
110,E2,0.1943904161453247,0.0024291337467730045,91.5565710067749,0.18513692915439606,0.013109743595123291,6,3136,0.2669719159603119,0.0,0.1875043362379074,-1,74
110,E2,0.1941801756620407,0.0010877177119255066,92.82754349708557,0.17392747104167938,0.03257572650909424,6,3162,0.3389774560928345,0.0,0.3008812740445137,1,75
110,E2,0.19617684185504913,0.06033999100327492,94.03453207015991,0.1804531067609787,0.026269584894180298,6,3211,0.19351069629192352,0.0,0.19153152406215668,-1,76
110,E2,0.19821934401988983,0.0024365142453461885,95.27126026153564,0.17976301908493042,0.030227959156036377,6,3279,0.2640235424041748,0.0,0.1717914454638958,1,77
110,E2,0.2002861648797989,0.0007575917989015579,96.46751880645752,0.19304139912128448,0.01362311840057373,6,3305,0.3016335368156433,0.0,0.17797600105404854,-1,78
110,E2,0.20005042850971222,0.06367073953151703,97.7080409526825,0.18154370784759521,0.030236870050430298,6,3354,0.29486045241355896,0.0,0.2900678813457489,1,79
110,E2,0.20215344429016113,0.0011315251467749476,98.97597694396973,0.1817840337753296,0.02998533844947815,6,3380,0.21154236793518066,0.0,0.1857151985168457,1,80
110,E2,0.19963985681533813,0.0007609059102833271,100.25092673301697,0.17906583845615387,0.03713756799697876,6,3406,0.2832847535610199,0.0,0.16725704073905945,1,81
110,E2,0.19949863851070404,0.0011488493764773011,101.5222065448761,0.19230632483959198,0.013643771409988403,6,3432,0.3050820231437683,0.0,0.17431680485606194,1,82
110,E2,0.1970289796590805,0.0025568667333573103,102.72265815734863,0.1788129359483719,0.029955387115478516,6,3500,0.289643794298172,0.0,0.28799282759428024,-1,83
110,E2,0.19684548676013947,0.06740456074476242,103.96369099617004,0.18114149570465088,0.026552975177764893,6,3549,0.2184324711561203,0.0,0.18399815261363983,-1,84
110,E2,0.19672785699367523,0.06744552403688431,105.15208148956299,0.17639942467212677,0.02985873818397522,6,3598,0.29445669054985046,0.0,0.16883086040616035,-1,85
110,E2,0.19431042671203613,0.0025233938358724117,106.42065954208374,0.18511666357517242,0.013293713331222534,6,3666,0.28665363788604736,0.0,0.17623571678996086,1,86
110,E2,0.19191063940525055,0.0007864433573558927,107.61308741569519,0.17203815281391144,0.029140472412109375,6,3692,0.3252449929714203,0.0,0.29496674984693527,-1,87
110,E2,0.18736235797405243,0.0011968467151746154,108.85717105865479,0.17015968263149261,0.028678983449935913,6,3718,0.18248771131038666,0.0,0.1884540244936943,-1,88
110,E2,0.18725328147411346,0.0007867374806664884,110.04088163375854,0.1676752120256424,0.03213775157928467,6,3744,0.2504226863384247,0.0,0.17310941591858864,-1,89
110,E2,0.18496327102184296,0.002613446209579706,111.30499982833862,0.17819951474666595,0.012947946786880493,6,3812,0.2556070387363434,0.0,0.18112384900450706,1,90
110,E2,0.18265634775161743,0.06832163780927658,112.572181224823,0.16351859271526337,0.03135742247104645,6,3861,0.37520524859428406,0.0,0.3021038621664047,-1,91
110,E2,0.18040035665035248,0.0012162368511781096,113.77004742622375,0.16369269788265228,0.024685531854629517,6,3887,0.15868178009986877,0.0,0.19394315779209137,1,92
110,E2,0.17814527451992035,0.0687086433172226,115.00881695747375,0.15936227142810822,0.030893459916114807,6,3936,0.21009743213653564,0.0,0.17827888950705528,-1,93
110,E2,0.17805230617523193,0.0007924608653411269,116.2015118598938,0.16948996484279633,0.012500792741775513,6,3962,0.2386699765920639,0.0,0.18410566076636314,1,94
110,E2,0.17376594245433807,0.0026554360520094633,117.45711994171143,0.15537919104099274,0.03020523488521576,6,4030,0.4403049647808075,0.0,0.3094146251678467,-1,95
110,E2,0.1736711710691452,0.0012710518203675747,118.65131545066833,0.1555248647928238,0.030046269297599792,6,4056,0.1576867401599884,0.0,0.1995997205376625,-1,96
110,E2,0.17149443924427032,0.0012965425848960876,119.8922119140625,0.1551860123872757,0.027183622121810913,6,4082,0.18769364058971405,0.0,0.18075239658355713,-1,97
110,E2,0.1714390069246292,0.0008034284692257643,121.08133459091187,0.16510027647018433,0.0122700035572052,6,4108,0.23134635388851166,0.0,0.1870429776608944,-1,98
110,E2,0.16927117109298706,0.0704837515950203,122.33362126350403,0.1531914919614792,0.026771068572998047,6,4157,0.46906712651252747,0.0,0.31061118841171265,-1,99
110,E2,0.16920392215251923,0.0027841024566441774,123.53645038604736,0.15332002937793732,0.02661930024623871,6,4225,0.16882289946079254,0.0,0.19846271723508835,1,100
110,E2,0.16910956799983978,0.001324725802987814,124.77621841430664,0.15301421284675598,0.02688942849636078,6,4251,0.17818523943424225,0.0,0.17910749092698097,1,101
110,E2,0.16905033588409424,0.0008282580529339612,125.97283005714417,0.1628122180700302,0.01215660572052002,6,4277,0.23352420330047607,0.0,0.18375006690621376,-1,102
110,E2,0.1689908653497696,0.07357568293809891,127.21076369285583,0.15103669464588165,0.029615387320518494,6,4326,0.4699309170246124,0.0,0.30561675131320953,-1,103
110,E2,0.1730409860610962,0.0028408304788172245,128.17994260787964,0.15304522216320038,0.026630744338035583,6,4394,0.1669033169746399,0.0,0.19508778303861618,1,104
110,E2,0.172977015376091,0.0008289513061754405,128.9653878211975,0.15277330577373505,0.02997124195098877,6,4420,0.21164293587207794,0.0,0.17479176074266434,-1,105
110,E2,0.1729174256324768,0.00134900095872581,129.7410969734192,0.16456817090511322,0.01540122926235199,6,4446,0.2509520351886749,0.0,0.17777108028531075,-1,106
110,E2,0.17285235226154327,0.07707887142896652,130.5453817844391,0.15459831058979034,0.03016829490661621,6,4495,0.44569912552833557,0.0,0.29763493686914444,-1,107
110,E2,0.1727934330701828,0.0029649517964571714,131.31755566596985,0.1566241979598999,0.027147695422172546,6,4563,0.1708349883556366,0.0,0.18737874925136566,-1,108
110,E2,0.17484146356582642,0.07840874791145325,132.12330865859985,0.1563788205385208,0.027392089366912842,6,4612,0.22185379266738892,0.0,0.16923827305436134,1,109
110,E2,0.17266710102558136,0.0013640831457450986,132.89556789398193,0.16634352505207062,0.012404084205627441,6,4638,0.2604561746120453,0.0,0.17199695110321045,1,110
110,E2,0.17261379957199097,0.003037944668903947,133.71050763130188,0.1543837934732437,0.030179768800735474,6,4706,0.44225916266441345,0.0,0.28979773074388504,-1,111
110,E2,0.17465908825397491,0.0008051555487327278,134.48479437828064,0.15450839698314667,0.03321729600429535,6,4732,0.17632152140140533,0.0,0.18337463587522507,1,112
110,E2,0.17461268603801727,0.0008536105160601437,135.28546738624573,0.15619096159934998,0.030557185411453247,6,4758,0.2348548173904419,0.0,0.1658346839249134,1,113
110,E2,0.17455582320690155,0.0014250482199713588,136.04876279830933,0.16617165505886078,0.015559688210487366,6,4784,0.29035264253616333,0.0,0.1664627529680729,-1,114
110,E2,0.17242932319641113,0.08257856220006943,136.8181071281433,0.1542244702577591,0.030133157968521118,6,4833,0.4360717833042145,0.0,0.28374770283699036,-1,115
110,E2,0.17237363755702972,0.0030789345037192106,137.719633102417,0.1562528759241104,0.027157992124557495,6,4901,0.18255536258220673,0.0,0.18029272556304932,1,116
110,E2,0.1744316965341568,0.0014354366576299071,138.9125280380249,0.15410123765468597,0.03025558590888977,6,4927,0.2541915476322174,0.0,0.16121812537312508,1,117
110,E2,0.1743934005498886,0.0008573685772716999,140.15741300582886,0.16398398578166962,0.01541946828365326,6,4953,0.30493566393852234,0.0,0.1636524386703968,-1,118
110,E2,0.17019110918045044,0.003205368062481284,141.35866689682007,0.15217973291873932,0.029863744974136353,6,5021,0.48721086978912354,0.0,0.2820188030600548,1,119
110,E2,0.1722291260957718,0.08531086891889572,142.61851119995117,0.15227599442005157,0.029745787382125854,6,5070,0.18823131918907166,0.0,0.17938276380300522,1,120
110,E2,0.17011921107769012,0.0008926889859139919,143.89211249351501,0.15019455552101135,0.03276756405830383,6,5096,0.2459438592195511,0.0,0.15990324318408966,1,121
110,E2,0.17008177936077118,0.001494971220381558,145.08327054977417,0.1618584394454956,0.012145549058914185,6,5122,0.2925129532814026,0.0,0.16290823742747307,1,122
110,E2,0.16799475252628326,0.003230322152376175,146.3404505252838,0.1483006328344345,0.02929532527923584,6,5190,0.5109469890594482,0.0,0.28030677139759064,1,123
110,E2,0.1679515242576599,0.08807161450386047,147.53829264640808,0.14840130507946014,0.02916574478149414,6,5239,0.19937188923358917,0.0,0.1756172962486744,-1,124
110,E2,0.165883406996727,0.0008832891471683979,148.77498817443848,0.14636246860027313,0.0321570485830307,6,5265,0.2616732716560364,0.0,0.15922195091843605,-1,125
110,E2,0.16384592652320862,0.0015387444291263819,149.97216176986694,0.15779738128185272,0.014988109469413757,6,5291,0.29493412375450134,0.0,0.15965058654546738,-1,126
110,E2,0.16182319819927216,0.0033902416471391916,151.22696924209595,0.1445222944021225,0.028712138533592224,6,5359,0.5265044569969177,0.0,0.2786264270544052,-1,127
110,E2,0.1637914925813675,0.08991964906454086,152.4157693386078,0.14462733268737793,0.02860848605632782,6,5408,0.19504457712173462,0.0,0.1747700236737728,1,128
110,E2,0.16375507414340973,0.003494620556011796,153.68756675720215,0.14263537526130676,0.031498730182647705,6,5476,0.2680453360080719,0.0,0.15668323636054993,-1,129
110,E2,0.16173453629016876,0.0008745969389565289,154.9615993499756,0.1538458615541458,0.01168830692768097,6,5502,0.2927963435649872,0.0,0.15721924602985382,1,130
110,E2,0.1597318798303604,0.0917702168226242,156.2407968044281,0.14083100855350494,0.02815006673336029,6,5551,0.5447766184806824,0.0,0.2753584235906601,-1,131
110,E2,0.159718319773674,0.001619146205484867,157.43391799926758,0.1409199833869934,0.03101341426372528,6,5577,0.20293761789798737,0.0,0.17317808791995049,-1,132
110,E2,0.15968568623065948,0.001617036759853363,158.6768443584442,0.13898372650146484,0.03087306022644043,6,5603,0.26307258009910583,0.0,0.15491847321391106,-1,133
110,E2,0.1596764475107193,0.003605771344155073,159.9319519996643,0.1499762386083603,0.011458158493041992,6,5671,0.3015080690383911,0.0,0.15362847223877907,1,134
110,E2,0.15769951045513153,0.09324385225772858,161.12797260284424,0.13897158205509186,0.024964720010757446,6,5720,0.5630203485488892,0.0,0.27083345502614975,-1,135
110,E2,0.15768446028232574,0.0008662389009259641,162.39821362495422,0.13907630741596222,0.027745038270950317,6,5746,0.2074308693408966,0.0,0.16960952803492546,-1,136
110,E2,0.15961484611034393,0.0036554676480591297,163.60411667823792,0.13542138040065765,0.033169135451316833,6,5814,0.27873682975769043,0.0,0.15248293802142143,-1,137
110,E2,0.15764518082141876,0.0016367174685001373,164.8325207233429,0.14804233610630035,0.011333093047142029,6,5840,0.3228488564491272,0.0,0.14838137850165367,-1,138
110,E2,0.15568707883358002,0.09523303061723709,166.01306915283203,0.13369646668434143,0.029897451400756836,6,5889,0.57257479429245,0.0,0.26508066803216934,-1,139
110,E2,0.15566854178905487,0.0009133422281593084,167.2653293609619,0.13554176688194275,0.030033916234970093,6,5915,0.2145530879497528,0.0,0.16485944017767906,-1,140
110,E2,0.15566205978393555,0.0009382963180541992,168.53578734397888,0.13364608585834503,0.03283481299877167,6,5941,0.2842198312282562,0.0,0.1482960544526577,-1,141
110,E2,0.15372739732265472,0.003864553291350603,169.73943328857422,0.14432412385940552,0.013933449983596802,6,6009,0.3148112893104553,0.0,0.145078394562006,1,142
110,E2,0.15181495249271393,0.09750426560640335,170.97934079170227,0.13194333016872406,0.02958926558494568,6,6058,0.5996161699295044,0.0,0.26068366318941116,-1,143
110,E2,0.15180589258670807,0.0017596859252080321,172.1683042049408,0.1320885866880417,0.0294017493724823,6,6084,0.21140071749687195,0.0,0.1614847332239151,1,144
110,E2,0.1537122130393982,0.09904371947050095,173.4317398071289,0.13022346794605255,0.03215953707695007,6,6133,0.2981482446193695,0.0,0.14496473595499992,-1,145
110,E2,0.1518000215291977,0.001759346341714263,174.70248126983643,0.14250123500823975,0.010924696922302246,6,6159,0.3295266032218933,0.0,0.14058294333517551,1,146
110,E2,0.14991100132465363,0.0009173471480607986,175.9721930027008,0.12856163084506989,0.028983116149902344,6,6185,0.6462141871452332,0.0,0.2535781189799309,1,147
110,E2,0.15180020034313202,0.0039777071215212345,177.262633562088,0.13040758669376373,0.029057830572128296,6,6253,0.21668510138988495,0.0,0.1569523774087429,1,148
110,E2,0.1517997533082962,0.0040807537734508514,178.54582715034485,0.1285441666841507,0.03181874752044678,6,6321,0.2804749608039856,0.0,0.14052824303507805,1,149
110,E2,0.15180432796478271,0.0018022942822426558,179.7374804019928,0.1407121866941452,0.0135650634765625,6,6347,0.37114953994750977,0.0,0.13514830358326435,-1,150
110,E2,0.14991982281208038,0.10107390582561493,180.9785544872284,0.12690578401088715,0.02867664396762848,6,6396,0.597160279750824,0.0,0.24661851674318314,-1,151
110,E2,0.14992663264274597,0.0009455374674871564,182.21329188346863,0.12876681983470917,0.025922521948814392,6,6422,0.22519393265247345,0.0,0.15007800981402397,1,152
110,E2,0.1499338150024414,0.0009480073349550366,183.41956305503845,0.1269015073776245,0.028696328401565552,6,6448,0.30739864706993103,0.0,0.1345837265253067,1,153
110,E2,0.14994259178638458,0.0018962027970701456,184.68808841705322,0.1389729529619217,0.010622203350067139,6,6474,0.39657342433929443,0.0,0.12955857999622822,-1,154
110,E2,0.14625439047813416,0.10209723562002182,185.95931029319763,0.12367501109838486,0.028065532445907593,6,6523,0.6053333878517151,0.0,0.23835226148366928,-1,155
110,E2,0.14626739919185638,0.004296797327697277,187.2525622844696,0.1255369931459427,0.028044596314430237,6,6591,0.22441980242729187,0.0,0.14764327928423882,1,156
110,E2,0.14444516599178314,0.004303779918700457,188.45719051361084,0.12050867825746536,0.03285007178783417,6,6659,0.3310233950614929,0.0,0.1320765968412161,-1,157
110,E2,0.14446315169334412,0.0019385982304811478,189.69621443748474,0.13383041322231293,0.010202750563621521,6,6685,0.3756489157676697,0.0,0.12620637007057667,1,158
110,E2,0.13910634815692902,0.0009958638111129403,190.88865876197815,0.11743123084306717,0.029506325721740723,6,6711,0.6770666241645813,0.0,0.2369246929883957,-1,159
110,E2,0.13912297785282135,0.10235641151666641,192.14504480361938,0.11926386505365372,0.026812180876731873,6,6760,0.21661828458309174,0.0,0.14586792141199112,1,160
113,E1,3.853989601135254,0.00728882709518075,2.1737611293792725,3.806772470474243,0.03583526611328125,6,68,8.5883207321167,0.0,0.00011890313908224925,1,1
113,E1,3.7372357845306396,0.0018150287214666605,3.89113450050354,3.669400930404663,0.06285858154296875,6,94,8.502497673034668,0.0,0.00015110334061319008,1,2
113,E1,3.6180388927459717,0.003369769314303994,5.573678016662598,3.5598838329315186,0.052277565002441406,6,126,8.389419555664062,0.0,0.00015642530343029648,1,3
113,E1,3.504105806350708,0.170498788356781,7.309056043624878,3.4411888122558594,0.05942869186401367,6,175,8.288351058959961,0.0,0.00013161665992811322,1,4
113,E1,3.3954379558563232,0.16383792459964752,8.607294082641602,3.3478281497955322,0.02843761444091797,6,224,8.163444519042969,0.0,0.00012649099517147988,1,5
113,E1,3.286670684814453,0.0017551867058500648,9.925034999847412,3.2238495349884033,0.055155277252197266,6,250,8.01158332824707,0.0,0.00020122944988543168,1,6
113,E1,3.1779463291168213,0.006927185691893101,11.241262674331665,3.124582052230835,0.0412449836730957,6,318,7.850581169128418,0.0,0.00022640492534264922,1,7
113,E1,3.0720536708831787,0.00308472802862525,12.550865411758423,3.011446237564087,0.05575275421142578,6,350,7.700570583343506,0.0,0.00015712115418864414,1,8
113,E1,2.9686429500579834,0.1390257179737091,13.874994993209839,2.928640604019165,0.024843692779541016,6,399,7.54904842376709,0.0,0.0001685402457951568,1,9
113,E1,2.8704946041107178,0.0029995818622410297,15.014134645462036,2.817807197570801,0.0438694953918457,6,431,7.373352527618408,0.0,0.000350074922607746,1,10
113,E1,2.769580841064453,0.0016443032072857022,16.314409494400024,2.723690986633301,0.03759336471557617,6,457,7.1908721923828125,0.0,0.00044321515451883897,1,11
113,E1,2.6741409301757812,0.006505587138235569,17.618621587753296,2.6211819648742676,0.048195838928222656,6,525,7.025467395782471,0.0,0.00024690817372174934,1,12
113,E1,2.5813701152801514,0.002858883235603571,18.61394691467285,2.548954486846924,0.013476371765136719,6,557,6.855193138122559,0.0,0.0003020414733327925,1,13
113,E1,2.4910166263580322,0.006489057559520006,19.969993352890015,2.4408156871795654,0.04405975341796875,6,625,6.667577266693115,0.0,0.0007227253663586453,1,14
113,E1,2.405653953552246,0.0015653675654903054,21.251625299453735,2.362276792526245,0.03423881530761719,6,651,6.470755577087402,0.0,0.0010335539118386805,1,15
113,E1,2.3179967403411865,0.10222597420215607,22.542370080947876,2.27036452293396,0.04022789001464844,6,700,6.308043479919434,0.0,0.000495329819386825,1,16
113,E1,2.2304024696350098,0.0015490907244384289,23.816171169281006,2.200143575668335,0.021973371505737305,6,726,6.127194881439209,0.0,0.0006567654781974852,1,17
113,E1,2.1506762504577637,0.09325685352087021,25.092994689941406,2.107914924621582,0.040288448333740234,6,775,5.937279224395752,0.0,0.0015347840962931514,1,18
113,E1,2.0707151889801025,0.006050150375813246,26.429800271987915,2.0395281314849854,0.02683234214782715,6,843,5.7299723625183105,0.0,0.002479438902810216,1,19
113,E1,1.9927860498428345,0.002557931002229452,27.72479486465454,1.955229640007019,0.03296065330505371,6,875,5.577425479888916,0.0,0.0011112483334727585,1,20
113,E1,1.9207242727279663,0.08048393577337265,29.04328989982605,1.8932350873947144,0.017398595809936523,6,924,5.405285835266113,0.0,0.0014882251853123307,1,21
113,E1,1.843228816986084,0.002484565135091543,29.820600509643555,1.8059824705123901,0.043709754943847656,6,956,5.214956760406494,0.0,0.003163975430652499,1,22
113,E1,1.7732614278793335,0.005859660916030407,30.617729902267456,1.7475123405456543,0.022603988647460938,6,1024,5.004928112030029,0.0,0.005627646867651492,1,23
113,E1,1.7059601545333862,0.0014642378082498908,31.36976933479309,1.6713868379592896,0.03973817825317383,6,1050,4.877483367919922,0.0,0.002445288235321641,1,24
113,E1,1.6361689567565918,0.0014272741973400116,32.15930700302124,1.6142481565475464,0.020772457122802734,6,1076,4.709843158721924,0.0,0.0032967403531074524,1,25
113,E1,1.5739110708236694,0.0023895048070698977,32.92179560661316,1.5394617319107056,0.03232860565185547,6,1108,4.523405075073242,0.0,0.006305170361883938,1,26
113,E1,1.509516716003418,0.005721325520426035,33.724090337753296,1.4868067502975464,0.02587151527404785,6,1176,4.297399044036865,0.0,0.011836309684440494,1,27
113,E1,1.4423866271972656,0.05593010410666466,34.4836699962616,1.4106770753860474,0.0393979549407959,6,1225,4.216836452484131,0.0,0.005207812646403909,1,28
113,E1,1.3805772066116333,0.002293253317475319,35.284730195999146,1.3688397407531738,0.017139911651611328,6,1257,4.0516357421875,0.0,0.006910897325724363,1,29
113,E1,1.3288735151290894,0.050759170204401016,36.05562448501587,1.2973889112472534,0.03146493434906006,6,1306,3.8755080699920654,0.0,0.011694536777213216,1,30
113,E1,1.2674721479415894,0.0013795946724712849,36.86142945289612,1.2502422332763672,0.018219590187072754,6,1332,3.607414484024048,0.0,0.023537563625723124,1,31
113,E1,1.211413860321045,0.005474979057908058,37.62603950500488,1.1897698640823364,0.024438023567199707,6,1400,3.590773344039917,0.0,0.010351736098527908,1,32
113,E1,1.1550695896148682,0.0022004644852131605,38.358434200286865,1.143904209136963,0.016321897506713867,6,1432,3.4306535720825195,0.0,0.013656390365213156,1,33
113,E1,1.0993520021438599,0.0013611834729090333,39.50005316734314,1.0735747814178467,0.038245320320129395,6,1458,3.2618443965911865,0.0,0.020713810343295336,1,34
113,E1,1.0440256595611572,0.03859926015138626,40.80061745643616,1.037268042564392,0.01718282699584961,6,1507,2.9428939819335938,0.0,0.043364787474274635,1,35
113,E1,0.9990071654319763,0.005469832103699446,42.12074637413025,0.9736278653144836,0.03767526149749756,6,1575,3.0006961822509766,0.0,0.019741937518119812,1,36
113,E1,0.9445638656616211,0.00134513049852103,43.39858961105347,0.9335877299308777,0.023775815963745117,6,1601,2.8380634784698486,0.0,0.02560687344521284,1,37
113,E1,0.8955471515655518,0.03324653208255768,44.704259395599365,0.8755427002906799,0.036882877349853516,6,1650,2.6793811321258545,0.0,0.035807968117296696,1,38
113,E1,0.8468605875968933,0.002086395863443613,46.00726580619812,0.8454688191413879,0.009242534637451172,6,1682,2.2997493743896484,0.0,0.07534316089004278,1,39
113,E1,0.803767204284668,0.005358971189707518,47.35125470161438,0.7889559268951416,0.02894878387451172,6,1750,2.434328317642212,0.0,0.03570651262998581,1,40
113,E1,0.7563983798027039,0.02887546643614769,48.700063943862915,0.7508754730224609,0.014904499053955078,6,1799,2.26627516746521,0.0,0.045653196051716805,1,41
113,E1,0.7100446820259094,0.0020496014039963484,49.99568486213684,0.6957903504371643,0.034717559814453125,6,1831,2.121352195739746,0.0,0.058908624574542046,1,42
113,E1,0.6688699126243591,0.0053222328424453735,51.32341551780701,0.6674404144287109,0.015254497528076172,6,1899,1.679018497467041,0.0,0.12433618307113647,1,43
113,E1,0.6328970789909363,0.0013630749890580773,52.608702421188354,0.6193288564682007,0.026636600494384766,6,1925,1.8849653005599976,0.0,0.06173039227724075,1,44
113,E1,0.5848031044006348,0.025274455547332764,53.94712042808533,0.5882927775382996,0.013724684715270996,6,1974,1.6932018995285034,0.0,0.07830880582332611,1,45
113,E1,0.5504360795021057,0.005304302554577589,55.256227254867554,0.5333618521690369,0.03786200284957886,6,2042,1.5760527849197388,0.0,0.09510425850749016,1,46
113,E1,0.5090409517288208,0.001394214341416955,56.53410458564758,0.516030490398407,0.007453978061676025,6,2068,1.0990349054336548,0.0,0.1899615116417408,1,47
113,E1,0.47266682982444763,0.0020191094372421503,57.84770464897156,0.4685017168521881,0.023821592330932617,6,2100,1.3180509805679321,0.0,0.10203498229384422,1,48
113,E1,0.43770506978034973,0.002027597976848483,59.14192485809326,0.44459834694862366,0.0063849687576293945,6,2132,1.1136049032211304,0.0,0.1275407001376152,1,49
113,E1,0.4040991961956024,0.0014376286417245865,60.459527015686035,0.39650335907936096,0.0274505615234375,6,2158,1.028272271156311,0.0,0.14398295059800148,1,50
113,E1,0.3752666413784027,0.025202788412570953,61.93981599807739,0.3779139816761017,0.006197154521942139,6,2207,0.5712836384773254,0.0,0.2786988094449043,1,51
113,E1,0.3441900908946991,0.005484193097800016,63.244842290878296,0.34068331122398376,0.02014946937561035,6,2275,0.7382199168205261,0.0,0.16191691160202026,1,52
113,E1,0.31783100962638855,0.02687975764274597,64.57075524330139,0.32058456540107727,0.009914278984069824,6,2324,0.5261895060539246,0.0,0.19831733405590057,1,53
113,E1,0.2898000180721283,0.0020929735619574785,65.86921858787537,0.28365495800971985,0.027019858360290527,6,2356,0.48926717042922974,0.0,0.2128707468509674,1,54
113,E1,0.26620951294898987,0.005556673277169466,67.20229029655457,0.2739669382572174,0.005230545997619629,6,2424,0.39745864272117615,0.0,0.3789716437458992,1,55
113,E1,0.24918733537197113,0.0015612083952873945,68.50036907196045,0.2462020069360733,0.01651415228843689,6,2450,0.2415626347064972,0.0,0.23411933332681656,1,56
113,E1,0.23293836414813995,0.002102058846503496,69.81709384918213,0.23510052263736725,0.008247792720794678,6,2482,0.22841964662075043,0.0,0.27366460114717484,1,57
113,E1,0.21497900784015656,0.005739364307373762,71.13290762901306,0.21232293546199799,0.018577873706817627,6,2550,0.25204595923423767,0.0,0.2762414291501045,1,58
113,E1,0.2050340175628662,0.03729990869760513,72.44953680038452,0.209278404712677,0.0041741132736206055,6,2599,0.6623837351799011,0.0,0.45861922204494476,1,59
113,E1,0.1932179182767868,0.0016087951371446252,73.73071837425232,0.19526106119155884,0.010473459959030151,6,2625,0.3175741732120514,0.0,0.29181304574012756,1,60
113,E1,0.18833573162555695,0.005846315063536167,75.09387683868408,0.1902889460325241,0.010498851537704468,6,2693,0.4584067463874817,0.0,0.3290199041366577,1,61
113,E1,0.18153756856918335,0.0021718249190598726,76.43303179740906,0.17926187813282013,0.016416490077972412,6,2725,0.3827579915523529,0.0,0.31529155373573303,1,62
113,E1,0.17704497277736664,0.046849608421325684,77.71151685714722,0.18303902447223663,0.003738194704055786,6,2774,0.830123782157898,0.0,0.49645499885082245,1,63
113,E1,0.17675715684890747,0.001632585539482534,79.04473662376404,0.17662231624126434,0.012987375259399414,6,2800,0.4270452857017517,0.0,0.31333665549755096,1,64
113,E1,0.17656034231185913,0.05133989453315735,80.34436702728271,0.18273836374282837,0.003462165594100952,6,2849,0.5175392031669617,0.0,0.34025493264198303,1,65
113,E1,0.17636126279830933,0.0016322946175932884,81.66270279884338,0.17411263287067413,0.016086101531982422,6,2875,0.3951646685600281,0.0,0.31830617785453796,1,66
113,E1,0.180440291762352,0.005980587098747492,83.0195517539978,0.18444406986236572,0.003690183162689209,6,2943,0.7761815786361694,0.0,0.48428189754486084,1,67
113,E1,0.1824464201927185,0.0022056547459214926,84.32000780105591,0.18015332520008087,0.016543835401535034,6,2975,0.3617909252643585,0.0,0.30229297280311584,1,68
113,E1,0.18667782843112946,0.05974434316158295,85.64800810813904,0.1886884570121765,0.010338276624679565,6,3024,0.4143510162830353,0.0,0.32048675417900085,1,69
113,E1,0.19099177420139313,0.001611481886357069,86.9378731250763,0.18864071369171143,0.013679265975952148,6,3050,0.289882093667984,0.0,0.29795128107070923,1,70
113,E1,0.19541776180267334,0.005854321643710136,88.27760434150696,0.19974754750728607,0.0038202404975891113,6,3118,0.6337906718254089,0.0,0.44794701039791107,1,71
113,E1,0.19990886747837067,0.002204314572736621,89.57545256614685,0.19979269802570343,0.014291316270828247,6,3150,0.20498991012573242,0.0,0.2723189741373062,1,72
113,E1,0.2092868536710739,0.0015901463339105248,90.55155396461487,0.209125354886055,0.01108124852180481,6,3176,0.24224001169204712,0.0,0.28788644075393677,1,73
113,E1,0.21404440701007843,0.005854754708707333,91.35836672782898,0.2090948075056076,0.0184420645236969,6,3244,0.20014220476150513,0.0,0.26838356256484985,1,74
113,E1,0.21888534724712372,0.002173101529479027,92.11613655090332,0.2236601561307907,0.007921338081359863,6,3276,0.46674561500549316,0.0,0.4072607159614563,1,75
113,E1,0.22635875642299652,0.07174675911664963,92.91756010055542,0.22119754552841187,0.019261270761489868,6,3325,0.11694235354661942,0.0,0.24298497289419174,1,76
113,E1,0.23143094778060913,0.005775298457592726,93.72535800933838,0.23390145599842072,0.007972747087478638,6,3393,0.14347240328788757,0.0,0.2574332430958748,1,77
113,E1,0.23657162487506866,0.0015366165898740292,94.48569631576538,0.23129133880138397,0.015798240900039673,6,3419,0.2378171682357788,0.0,0.2420673742890358,1,78
113,E1,0.23916690051555634,0.0754728615283966,95.28324341773987,0.24426597356796265,0.004319906234741211,6,3468,0.3465539515018463,0.0,0.3745870068669319,1,79
113,E1,0.2417544573545456,0.0022049497347325087,96.07190942764282,0.24163635075092316,0.016345471143722534,6,3500,0.18599751591682434,0.0,0.22335310280323029,1,80
113,E1,0.24708126485347748,0.0015168192330747843,96.86171817779541,0.24968107044696808,0.004213601350784302,6,3526,0.17633524537086487,0.0,0.23819487541913986,1,81
113,E1,0.24976521730422974,0.0021988432854413986,97.65850186347961,0.24428993463516235,0.020525872707366943,6,3558,0.2985646426677704,0.0,0.22637230157852173,1,82
113,E1,0.24973267316818237,0.005651507992297411,98.4634919166565,0.25502505898475647,0.004378020763397217,6,3626,0.2928659915924072,0.0,0.3540973663330078,1,83
113,E1,0.2524084150791168,0.07970301806926727,99.17523860931396,0.2495814710855484,0.016701310873031616,6,3675,0.24342113733291626,0.0,0.21332526206970215,1,84
113,E1,0.2551518380641937,0.0805087462067604,100.27528619766235,0.25502002239227295,0.0085010826587677,6,3724,0.2125105857849121,0.0,0.2289237678050995,1,85
113,E1,0.2523484528064728,0.005649656057357788,101.6121814250946,0.24956394731998444,0.01662546396255493,6,3792,0.32191190123558044,0.0,0.21991820633411407,1,86
113,E1,0.25232622027397156,0.0014781522331759334,102.90928888320923,0.2576717436313629,0.004440397024154663,6,3818,0.2761324346065521,0.0,0.3468160778284073,1,87
113,E1,0.25229066610336304,0.002230024663731456,104.22469472885132,0.24946929514408112,0.012488096952438354,6,3850,0.24852782487869263,0.0,0.21198230236768723,1,88
113,E1,0.25226935744285583,0.001489844173192978,105.56302046775818,0.25491806864738464,0.004256904125213623,6,3876,0.21149908006191254,0.0,0.22747016698122025,1,89
113,E1,0.24951893091201782,0.005628025624901056,106.87858986854553,0.24405086040496826,0.02052512764930725,6,3944,0.3093157112598419,0.0,0.22100669890642166,1,90
113,E1,0.24676764011383057,0.08348260819911957,108.19479751586914,0.25204750895500183,0.0002270042896270752,6,3993,0.2796383202075958,0.0,0.3479240611195564,1,91
113,E1,0.24676086008548737,0.0022020218893885612,109.48960328102112,0.24396324157714844,0.012321531772613525,6,4025,0.21535800397396088,0.0,0.2180149108171463,1,92
113,E1,0.24137234687805176,0.0842517763376236,110.80543494224548,0.24661868810653687,0.008292317390441895,6,4074,0.17115595936775208,0.0,0.2337445691227913,1,93
113,E1,0.24134473502635956,0.001484936336055398,112.103435754776,0.2359960675239563,0.01601681113243103,6,4100,0.2747504413127899,0.0,0.22712793946266174,1,94
113,E1,0.2386631816625595,0.0055724577978253365,113.43331837654114,0.24116064608097076,0.004213184118270874,6,4168,0.3041274845600128,0.0,0.35672497004270554,1,95
113,E1,0.2360236495733261,0.002228835364803672,114.72991490364075,0.23332150280475616,0.011946558952331543,6,4200,0.16999149322509766,0.0,0.22424469143152237,1,96
113,E1,0.2333773523569107,0.002210227306932211,116.04568433761597,0.23589234054088593,0.008039891719818115,6,4232,0.14561372995376587,0.0,0.24157724529504776,1,97
113,E1,0.23077881336212158,0.0014782166108489037,117.34603929519653,0.22558587789535522,0.01946878433227539,6,4258,0.2343195080757141,0.0,0.23342766612768173,1,98
113,E1,0.22817395627498627,0.08586375415325165,118.67039942741394,0.23317347466945648,0.00020110607147216797,6,4307,0.335561603307724,0.0,0.36445046216249466,1,99
113,E1,0.22561295330524445,0.005614052526652813,120.02045702934265,0.22552062571048737,0.011654525995254517,6,4375,0.13481828570365906,0.0,0.23053786903619766,1,100
113,E1,0.22304648160934448,0.002238668967038393,121.36960172653198,0.22549068927764893,0.007809340953826904,6,4407,0.13553617894649506,0.0,0.2494361251592636,1,101
113,E1,0.2230250984430313,0.0014616422122344375,122.66303253173828,0.22047215700149536,0.011408567428588867,6,4433,0.21105556190013885,0.0,0.238488607108593,1,102
113,E1,0.2205067127943039,0.08663314580917358,123.98230361938477,0.22540731728076935,0.003995776176452637,6,4482,0.3637300133705139,0.0,0.37101101130247116,1,103
113,E1,0.22048747539520264,0.005536340177059174,125.29662322998047,0.21791668236255646,0.011390089988708496,6,4550,0.12115836888551712,0.0,0.2356845736503601,1,104
113,E1,0.21796542406082153,0.001446809503249824,126.61034202575684,0.22036921977996826,0.007685065269470215,6,4576,0.14021462202072144,0.0,0.2521163895726204,1,105
113,E1,0.21794277429580688,0.0022199172526597977,127.90732336044312,0.21543405950069427,0.015051126480102539,6,4608,0.19804386794567108,0.0,0.2410329207777977,1,106
113,E1,0.21792948246002197,0.08789382129907608,129.23251605033875,0.22028791904449463,0.00394284725189209,6,4657,0.37390080094337463,0.0,0.3714977502822876,1,107
113,E1,0.21545547246932983,0.005546205677092075,130.58700609207153,0.21291880309581757,0.018780946731567383,6,4725,0.11751246452331543,0.0,0.23691239207983017,1,108
113,E1,0.2154332548379898,0.0887434110045433,131.89088010787964,0.22030137479305267,0.0038863420486450195,6,4774,0.1415366232395172,0.0,0.25205980986356735,1,109
113,E1,0.215412899851799,0.002231589052826166,133.20958733558655,0.21291841566562653,0.014929890632629395,6,4806,0.19639939069747925,0.0,0.2382468655705452,1,110
113,E1,0.21538782119750977,0.005515261087566614,134.56696557998657,0.22021780908107758,0.003982454538345337,6,4874,0.37332355976104736,0.0,0.36812927573919296,1,111
113,E1,0.21786178648471832,0.0014207189669832587,135.85720419883728,0.21531318128108978,0.011294305324554443,6,4900,0.12207891792058945,0.0,0.23551200330257416,1,112
113,E1,0.21783669292926788,0.0014243728946894407,137.18100571632385,0.22024564445018768,0.007664471864700317,6,4926,0.13915789127349854,0.0,0.24783491343259811,1,113
113,E1,0.2178199142217636,0.0022377215791493654,138.48284459114075,0.21286194026470184,0.018712401390075684,6,4958,0.2052677869796753,0.0,0.2342192530632019,1,114
113,E1,0.21780169010162354,0.0904698446393013,139.7996380329132,0.22016941010951996,0.007739752531051636,6,5007,0.35437890887260437,0.0,0.3607415333390236,1,115
113,E1,0.2202831357717514,0.005499950610101223,141.11104655265808,0.2177237868309021,0.01138189435005188,6,5075,0.13043348491191864,0.0,0.23157542198896408,1,116
113,E1,0.22026272118091583,0.0022480280604213476,142.42245626449585,0.22270430624485016,0.003873288631439209,6,5107,0.1380607783794403,0.0,0.2422630488872528,1,117
113,E1,0.2177615612745285,0.0013936044415459037,143.70357942581177,0.21525681018829346,0.018848299980163574,6,5133,0.2108558565378189,0.0,0.23155678808689117,1,118
113,E1,0.22025145590305328,0.005503195337951183,145.04954290390015,0.22262327373027802,0.003981053829193115,6,5201,0.3359159529209137,0.0,0.35343147069215775,1,119
113,E1,0.2202313393354416,0.09280455857515335,146.34619855880737,0.21766740083694458,0.01138874888420105,6,5250,0.13563469052314758,0.0,0.22763404995203018,1,120
113,E1,0.22021733224391937,0.001379366614855826,147.68461847305298,0.22517652809619904,8.651614189147949e-05,6,5276,0.14123721420764923,0.0,0.23955179005861282,1,121
113,E1,0.22019964456558228,0.0022594104520976543,149.019526720047,0.2176702618598938,0.015163153409957886,6,5308,0.22838477790355682,0.0,0.22636418789625168,1,122
113,E1,0.22019915282726288,0.0054937987588346004,150.33136916160583,0.2251245528459549,0.003973275423049927,6,5376,0.32692310214042664,0.0,0.3488912805914879,1,123
113,E1,0.22268186509609222,0.09369878470897675,151.3786563873291,0.21762721240520477,0.015187174081802368,6,5425,0.14636538922786713,0.0,0.2250146120786667,1,124
113,E1,0.22017218172550201,0.0013598660007119179,152.12947177886963,0.22513441741466522,8.338689804077148e-05,6,5451,0.14410535991191864,0.0,0.23550261557102203,1,125
113,E1,0.220148965716362,0.002252379897981882,152.91368651390076,0.21761739253997803,0.015175879001617432,6,5483,0.2322482019662857,0.0,0.2250179499387741,1,126
113,E1,0.22265709936618805,0.005499257240444422,153.69270753860474,0.22253583371639252,0.007790893316268921,6,5551,0.31683674454689026,0.0,0.3449200615286827,1,127
113,E1,0.22013914585113525,0.09554260969161987,154.44288897514343,0.21758602559566498,0.01519128680229187,6,5600,0.14558279514312744,0.0,0.2237144559621811,1,128
113,E1,0.22012317180633545,0.00544813321903348,155.2533414363861,0.22509317100048065,8.031725883483887e-05,6,5668,0.14685414731502533,0.0,0.2341025397181511,1,129
113,E1,0.22010493278503418,0.0013326270272955298,156.03760600090027,0.21512149274349213,0.01500430703163147,6,5694,0.23658758401870728,0.0,0.2236638218164444,1,130
113,E1,0.21760891377925873,0.09592932462692261,156.7943193912506,0.22250168025493622,0.00015273690223693848,6,5743,0.3214612603187561,0.0,0.3409765735268593,1,131
113,E1,0.21759243309497833,0.0022643019910901785,157.5949308872223,0.21754615008831024,0.007564932107925415,6,5775,0.14625924825668335,0.0,0.22365641593933105,1,132
113,E1,0.2200833410024643,0.002256222767755389,158.34808778762817,0.22001558542251587,0.007638067007064819,6,5807,0.14960873126983643,0.0,0.2327088937163353,1,133
113,E1,0.21757982671260834,0.005519196391105652,159.14316844940186,0.21261417865753174,0.014928311109542847,6,5875,0.23262302577495575,0.0,0.22362374514341354,1,134
113,E1,0.2175682634115219,0.0973203182220459,159.88453340530396,0.21996177732944489,0.003908425569534302,6,5924,0.324802041053772,0.0,0.3409479260444641,1,135
113,E1,0.21508996188640594,0.0013116657501086593,160.8704652786255,0.2125757336616516,0.011206835508346558,6,5950,0.14623723924160004,0.0,0.22236856818199158,1,136
113,E1,0.21755772829055786,0.005508046597242355,162.1998929977417,0.2199706882238388,7.414817810058594e-05,6,6018,0.15134988725185394,0.0,0.2326783910393715,1,137
113,E1,0.21507932245731354,0.002273599151521921,163.49285984039307,0.21015852689743042,0.01104283332824707,6,6050,0.23263856768608093,0.0,0.22230790555477142,1,138
113,E1,0.21506835520267487,0.09774070233106613,164.82046842575073,0.2149563580751419,0.0038398802280426025,6,6099,0.3349493741989136,0.0,0.34023522585630417,1,139
113,E1,0.2126084715127945,0.0012999982573091984,166.1011860370636,0.21012158691883087,0.011099845170974731,6,6125,0.1469249576330185,0.0,0.22233892977237701,1,140
113,E1,0.2125939279794693,0.0012857981491833925,167.43397402763367,0.21745377779006958,6.553530693054199e-05,6,6151,0.1516343206167221,0.0,0.23390690982341766,1,141
113,E1,0.21259574592113495,0.005570719484239817,168.75216460227966,0.20771409571170807,0.018403172492980957,6,6219,0.2262914925813675,0.0,0.2222457155585289,1,142
113,E1,0.2125839740037918,0.09864021837711334,170.0663423538208,0.21248120069503784,0.007523566484451294,6,6268,0.34035882353782654,0.0,0.33701831847429276,1,143
113,E1,0.21013963222503662,0.0022763623856008053,171.15836095809937,0.20767903327941895,0.014704257249832153,6,6300,0.1463644802570343,0.0,0.2222958579659462,1,144
113,E1,0.21015161275863647,0.09915509074926376,172.4887673854828,0.21495074033737183,6.937980651855469e-05,6,6349,0.1535891592502594,0.0,0.2312774732708931,1,145
113,E1,0.21013201773166656,0.0022732745856046677,173.78444910049438,0.205291748046875,0.014560163021087646,6,6381,0.22868822515010834,0.0,0.21969519555568695,1,146
113,E1,0.2101413607597351,0.00128026376478374,175.10448837280273,0.21245913207530975,0.003802269697189331,6,6407,0.34553420543670654,0.0,0.3331504911184311,1,147
113,E1,0.21012069284915924,0.0055236537009477615,176.41985034942627,0.20765651762485504,0.011013895273208618,6,6475,0.1533513218164444,0.0,0.22102276235818863,1,148
113,E1,0.21011857688426971,0.0055317641235888,177.76068997383118,0.21493087708950043,5.805492401123047e-05,6,6543,0.15794791281223297,0.0,0.22859489172697067,1,149
113,E1,0.21012157201766968,0.0022514553274959326,179.0954110622406,0.20526988804340363,0.014558494091033936,6,6575,0.2358536422252655,0.0,0.218406543135643,1,150
113,E1,0.21010977029800415,0.10043114423751831,180.39596486091614,0.21243785321712494,0.00014030933380126953,6,6624,0.34566617012023926,0.0,0.33122143894433975,1,151
113,E1,0.2076912522315979,0.001260579563677311,181.71346759796143,0.20525383949279785,0.014586299657821655,6,6650,0.15754127502441406,0.0,0.21724360436201096,1,152
113,E1,0.20769564807415009,0.0012397784739732742,183.0072865486145,0.21246469020843506,6.160140037536621e-05,6,6676,0.1616372913122177,0.0,0.2260117083787918,1,153
113,E1,0.21010063588619232,0.002286035567522049,184.32722449302673,0.20288614928722382,0.014424890279769897,6,6708,0.24680635333061218,0.0,0.21465469151735306,1,154
113,E1,0.20768247544765472,0.1019248217344284,185.62463641166687,0.20998869836330414,0.0037870407104492188,6,6757,0.3491246700286865,0.0,0.3261633589863777,1,155
113,E1,0.20768947899341583,0.005634036846458912,186.95572900772095,0.20522622764110565,0.010918796062469482,6,6825,0.16561295092105865,0.0,0.21475668251514435,1,156
113,E1,0.2100909799337387,0.005571241024881601,188.26271724700928,0.21001039445400238,0.0037395060062408447,6,6893,0.16855093836784363,0.0,0.2221599966287613,1,157
113,E1,0.20767556130886078,0.002292956691235304,189.5840516090393,0.2028568536043167,0.010802298784255981,6,6925,0.251595675945282,0.0,0.21217969059944153,1,158
113,E1,0.2076822966337204,0.0012159772450104356,190.86353516578674,0.2099846750497818,0.0037803351879119873,6,6951,0.34447258710861206,0.0,0.3199197128415108,1,159
113,E1,0.20768648386001587,0.10301649570465088,192.15311455726624,0.20521831512451172,0.010923236608505249,6,7000,0.17219431698322296,0.0,0.2123013585805893,1,160
113,E2,3.853989601135254,0.00728882709518075,1.3423411846160889,3.806772470474243,0.03583526611328125,6,68,8.5883207321167,0.0,0.00011890313908224925,1,1
113,E2,3.7372357845306396,0.0018150287214666605,2.6354727745056152,3.669400930404663,0.06285858154296875,6,94,8.502474784851074,0.0,0.00015110334061319008,1,2
113,E2,3.620642900466919,0.0033349760342389345,3.9559450149536133,3.5597686767578125,0.05245018005371094,6,126,8.39142894744873,0.0,0.0001565643324283883,1,3
113,E2,3.506850242614746,0.1705036163330078,5.24793553352356,3.4437930583953857,0.05552244186401367,6,175,8.306745529174805,0.0,0.0001311994856223464,-1,4
113,E2,3.3954379558563232,0.16350923478603363,6.567715167999268,3.3478281497955322,0.032343387603759766,6,224,8.171220779418945,0.0,0.000126093698781915,-1,5
113,E2,3.2866709232330322,0.0017617257544770837,7.866818428039551,3.2238495349884033,0.055155277252197266,6,250,8.011098861694336,0.0,0.00020077256340300664,1,6
113,E2,3.1779463291168213,0.0069250124506652355,9.198785781860352,3.122131586074829,0.044921875,6,318,7.876210689544678,0.0,0.00022640494717052206,-1,7
113,E2,3.072053909301758,0.003078948939219117,10.49468731880188,3.0114471912384033,0.05575132369995117,6,350,7.69854211807251,0.0,0.00015720057854196057,1,8
113,E2,2.968449831008911,0.13888660073280334,11.809379577636719,2.928640604019165,0.02093791961669922,6,399,7.560262680053711,0.0,0.00016887796664377674,-1,9
113,E2,2.8730976581573486,0.0029980747494846582,13.1140775680542,2.8176114559173584,0.04416322708129883,6,431,7.373116493225098,0.0,0.0003500153907225467,1,10
113,E2,2.77240252494812,0.0016486013773828745,14.391468286514282,2.72369122505188,0.03759336471557617,6,457,7.189211368560791,0.0,0.00044315559352980927,1,11
113,E2,2.676744222640991,0.00651004770770669,15.719769954681396,2.6211819648742676,0.048195838928222656,6,525,7.024291038513184,0.0,0.000247404575929977,1,12
113,E2,2.5813703536987305,0.002841007197275758,17.015717267990112,2.54872989654541,0.021620512008666992,6,557,6.860068321228027,0.0,0.0003019024443347007,-1,13
113,E2,2.4910166263580322,0.00648024957627058,18.35092306137085,2.440575361251831,0.04442191123962402,6,625,6.675474166870117,0.0,0.0007147437572712079,-1,14
113,E2,2.4004502296447754,0.0015586353838443756,19.627318143844604,2.3620426654815674,0.03419327735900879,6,651,6.487986087799072,0.0,0.001040674003888853,-1,15
113,E2,2.3179969787597656,0.10241740942001343,20.921326637268066,2.2701051235198975,0.0406186580657959,6,700,6.307337760925293,0.0,0.0004968377179466188,1,16
113,E2,2.2304017543792725,0.001546376501210034,22.240676879882812,2.200408935546875,0.02115011215209961,6,726,6.127522945404053,0.0,0.0006514122651424259,1,17
113,E2,2.1503794193267822,0.09328813850879669,23.548108100891113,2.1076347827911377,0.04070878028869629,6,775,5.942974090576172,0.0,0.0015355368377640843,-1,18
113,E2,2.070408821105957,0.006072331685572863,24.871659994125366,2.0418591499328613,0.02333664894104004,6,843,5.7293782234191895,0.0,0.002479281829437241,1,19
113,E2,1.9930967092514038,0.002560714492574334,26.17721199989319,1.9500387907028198,0.04074692726135254,6,875,5.576049327850342,0.0,0.0011039584642276168,1,20
113,E2,1.9207243919372559,0.0805334746837616,27.501400470733643,1.8955379724502563,0.013945579528808594,6,924,5.4088263511657715,0.0,0.0014884437550790608,-1,21
113,E2,1.8480929136276245,0.0024975345004349947,28.797308683395386,1.808267593383789,0.040280818939208984,6,956,5.215601921081543,0.0,0.00316904135979712,1,22
113,E2,1.775851845741272,0.005842642392963171,30.135926723480225,1.7526893615722656,0.014838457107543945,6,1024,5.00471830368042,0.0,0.00562093366170302,1,23
113,E2,1.7088727951049805,0.0014645378105342388,31.431752920150757,1.6710807085037231,0.04019665718078613,6,1050,4.87813138961792,0.0,0.002454160712659359,1,24
113,E2,1.6361699104309082,0.0014371086144819856,32.741161584854126,1.6139464378356934,0.021223783493041992,6,1076,4.709904193878174,0.0,0.0032965042628347874,1,25
113,E2,1.573911190032959,0.0023709223605692387,34.04022789001465,1.539461612701416,0.031855106353759766,6,1108,4.524202346801758,0.0,0.0062414719723165035,-1,26
113,E2,1.5095157623291016,0.005714981816709042,35.376585721969604,1.4865217208862305,0.02629876136779785,6,1176,4.304444789886475,0.0,0.011805506655946374,-1,27
113,E2,1.4475222826004028,0.05632833018898964,36.66692900657654,1.4155082702636719,0.03985142707824707,6,1225,4.223256587982178,0.0,0.00518686231225729,-1,28
113,E2,1.3805772066116333,0.002273930935189128,37.9901909828186,1.3685554265975952,0.017113924026489258,6,1257,4.051565647125244,0.0,0.006929972441866994,-1,29
113,E2,1.3288724422454834,0.050412338227033615,39.327841997146606,1.2920149564743042,0.039524078369140625,6,1306,3.876082420349121,0.0,0.011692402884364128,1,30
113,E2,1.2671793699264526,0.001383921131491661,40.62848401069641,1.2499775886535645,0.017742037773132324,6,1332,3.6074771881103516,0.0,0.02353727864101529,1,31
113,E2,1.2108410596847534,0.0054642204195261,41.95411562919617,1.1847237348556519,0.031577467918395996,6,1400,3.595555067062378,0.0,0.010350034572184086,-1,32
113,E2,1.154791235923767,0.0021776428911834955,43.251659870147705,1.1436420679092407,0.016711950302124023,6,1432,3.4302356243133545,0.0,0.013620967045426369,1,33
113,E2,1.099348545074463,0.0013564724940806627,44.57796263694763,1.0733157396316528,0.038239359855651855,6,1458,3.257993698120117,0.0,0.0210075406357646,1,34
113,E2,1.0437620878219604,0.03865057975053787,45.87975478172302,1.037268042564392,0.009736418724060059,6,1507,2.942439317703247,0.0,0.043363272212445736,1,35
113,E2,0.9987545013427734,0.005418763961642981,47.204628467559814,0.9785414338111877,0.022921442985534668,6,1575,3.0064165592193604,0.0,0.019740495830774307,-1,36
113,E2,0.9494481682777405,0.0013526469701901078,48.29885125160217,0.9384672045707703,0.015726566314697266,6,1601,2.843402624130249,0.0,0.02560350112617016,-1,37
113,E2,0.8953055739402771,0.033210087567567825,49.094220876693726,0.8705177307128906,0.04441475868225098,6,1650,2.683243989944458,0.0,0.03596460726112127,-1,38
113,E2,0.8516426682472229,0.0021016413811594248,49.844836711883545,0.8454657196998596,0.009247183799743652,6,1682,2.303635597229004,0.0,0.07555190846323967,-1,39
113,E2,0.8035466074943542,0.0053975144401192665,50.64288258552551,0.7889561653137207,0.028621435165405273,6,1750,2.433180570602417,0.0,0.03570679947733879,1,40
113,E2,0.7563915252685547,0.02911471016705036,51.44630265235901,0.7555181384086609,0.007933497428894043,6,1799,2.265557050704956,0.0,0.04603593237698078,-1,41
113,E2,0.7146074771881104,0.0020461215171962976,52.20606541633606,0.6955865025520325,0.034740328788757324,6,1831,2.132956027984619,0.0,0.058907872065901756,-1,42
113,E2,0.6688640117645264,0.005389923229813576,53.006654500961304,0.6674359440803528,0.015259504318237305,6,1899,1.68953537940979,0.0,0.12318256311118603,-1,43
113,E2,0.6283308863639832,0.0013677641982212663,53.806230306625366,0.6191604733467102,0.026601076126098633,6,1925,1.8791162967681885,0.0,0.06172455660998821,1,44
113,E2,0.5931653380393982,0.025414153933525085,54.56448221206665,0.5838599801063538,0.02036309242248535,6,1974,1.70228910446167,0.0,0.07830198854207993,1,45
113,E2,0.5462841391563416,0.005291870795190334,55.36189889907837,0.5331929922103882,0.03810399770736694,6,2042,1.5723278522491455,0.0,0.09458473697304726,1,46
113,E2,0.5088788866996765,0.0013985931873321533,56.163294315338135,0.5160211324691772,0.007470548152923584,6,2068,1.0968906879425049,0.0,0.19092656672000885,1,47
113,E2,0.47264567017555237,0.002039431594312191,56.90033006668091,0.46850109100341797,0.023809969425201416,6,2100,1.326501727104187,0.0,0.10202318802475929,-1,48
113,E2,0.43755555152893066,0.00202795397490263,57.87805724143982,0.4445987939834595,0.006381511688232422,6,2132,1.1131330728530884,0.0,0.1275329813361168,1,49
113,E2,0.4075827896595001,0.0014300367329269648,59.14988613128662,0.39649295806884766,0.027465641498565674,6,2158,1.035351276397705,0.0,0.1439773328602314,1,50
113,E2,0.37513312697410583,0.025137146934866905,60.47400784492493,0.3778214752674103,0.011601746082305908,6,2207,0.5683998465538025,0.0,0.27869386225938797,1,51
113,E2,0.340799480676651,0.00543748727068305,61.795103788375854,0.3406723737716675,0.019981026649475098,6,2275,0.7292728424072266,0.0,0.16190724074840546,1,52
113,E2,0.3147064745426178,0.02723120152950287,63.11229991912842,0.3174174129962921,0.014663636684417725,6,2324,0.5292510986328125,0.0,0.19730135053396225,-1,53
113,E2,0.28979775309562683,0.0020797394681721926,64.41212511062622,0.28650692105293274,0.018216609954833984,6,2356,0.5049930810928345,0.0,0.2117743045091629,-1,54
113,E2,0.2661098539829254,0.005597793497145176,65.74165463447571,0.2740481495857239,0.004960536956787109,6,2424,0.39469918608665466,0.0,0.37687306851148605,1,55
113,E2,0.24917514622211456,0.001555621507577598,67.03758192062378,0.24888336658477783,0.01247355341911316,6,2450,0.24561315774917603,0.0,0.23286965489387512,1,56
113,E2,0.23039136826992035,0.0020944473799318075,68.35434007644653,0.23770199716091156,0.0043451786041259766,6,2482,0.23108284175395966,0.0,0.27394476532936096,1,57
113,E2,0.2149660736322403,0.005731701385229826,69.66809487342834,0.21230977773666382,0.018664658069610596,6,2550,0.25190383195877075,0.0,0.27622877806425095,1,58
113,E2,0.20265503227710724,0.03748374432325363,70.98728632926941,0.2092542052268982,0.004189997911453247,6,2599,0.6703013181686401,0.0,0.46002615988254547,-1,59
113,E2,0.19315356016159058,0.0016193657647818327,72.29152965545654,0.19301407039165497,0.01374998688697815,6,2625,0.31862571835517883,0.0,0.29180267453193665,1,60
113,E2,0.18837863206863403,0.005811839830130339,73.63119840621948,0.19256924092769623,0.003630012273788452,6,2693,0.44960692524909973,0.0,0.3272775560617447,-1,61
113,E2,0.18156379461288452,0.002172217471525073,74.92089700698853,0.1792142540216446,0.01641485095024109,6,2725,0.38266444206237793,0.0,0.31528595089912415,1,62
113,E2,0.17703129351139069,0.04693359136581421,76.24200582504272,0.18521888554096222,0.00040015578269958496,6,2774,0.8287675976753235,0.0,0.49645212292671204,1,63
113,E2,0.1767452210187912,0.0016415590653195977,77.53202939033508,0.17665165662765503,0.009643226861953735,6,2800,0.42994552850723267,0.0,0.3148608058691025,1,64
113,E2,0.17654754221439362,0.05161468684673309,78.85007166862488,0.18060337007045746,0.0033720433712005615,6,2849,0.5159339904785156,0.0,0.34025146067142487,-1,65
113,E2,0.17633800208568573,0.0016517668263986707,80.13390827178955,0.17413945496082306,0.016062498092651367,6,2875,0.3914395570755005,0.0,0.3166632354259491,1,66
113,E2,0.1783144325017929,0.005940998438745737,81.41510033607483,0.1844760626554489,0.003607630729675293,6,2943,0.789614200592041,0.0,0.4858044534921646,1,67
113,E2,0.18245719373226166,0.002198577858507633,82.75168752670288,0.18231356143951416,0.009980708360671997,6,2975,0.35855308175086975,0.0,0.302282452583313,1,68
113,E2,0.1866680383682251,0.059748195111751556,84.06001806259155,0.19094546139240265,0.003518402576446533,6,3024,0.40912672877311707,0.0,0.3204768896102905,-1,69
113,E2,0.19100771844387054,0.0016057497123256326,85.3769588470459,0.18646150827407837,0.01693028211593628,6,3050,0.28396061062812805,0.0,0.2979361414909363,-1,70
113,E2,0.195404052734375,0.005761588457971811,86.68842649459839,0.2020867019891739,0.0003021359443664551,6,3118,0.6351835131645203,0.0,0.4493735283613205,-1,71
113,E2,0.2022637277841568,0.0022040961775928736,87.99487900733948,0.19978034496307373,0.01431688666343689,6,3150,0.1987684816122055,0.0,0.2723287045955658,1,72
113,E2,0.2068897932767868,0.0015769358724355698,89.2959794998169,0.21154218912124634,0.003775954246520996,6,3176,0.24432750046253204,0.0,0.2878759205341339,-1,73
113,E2,0.21161620318889618,0.005799959413707256,90.63315391540527,0.20909251272678375,0.014706671237945557,6,3244,0.20070046186447144,0.0,0.2683704271912575,-1,74
113,E2,0.21641890704631805,0.0021882846485823393,91.92677688598633,0.22366295754909515,0.004107534885406494,6,3276,0.47235792875289917,0.0,0.4080727696418762,1,75
113,E2,0.22636137902736664,0.07168348878622055,93.25277900695801,0.223710834980011,0.011618286371231079,6,3325,0.11854241043329239,0.0,0.24427629262208939,-1,76
113,E2,0.23142109811306,0.005786502733826637,94.60116124153137,0.23389269411563873,0.0040343403816223145,6,3393,0.14417777955532074,0.0,0.2587251365184784,1,77
113,E2,0.23396770656108856,0.0015488541685044765,95.89909148216248,0.22871583700180054,0.01964026689529419,6,3419,0.2372332066297531,0.0,0.2434699907898903,-1,78
113,E2,0.2391638606786728,0.0750621035695076,97.225900888443,0.24160082638263702,0.00829547643661499,6,3468,0.3482714593410492,0.0,0.37457508593797684,1,79
113,E2,0.24444468319416046,0.0022000230383127928,98.55899047851562,0.24165813624858856,0.016320109367370605,6,3500,0.19286325573921204,0.0,0.22334158420562744,1,80
113,E2,0.24439533054828644,0.0015087189385667443,99.90900254249573,0.24966414272785187,0.004225879907608032,6,3526,0.1732097864151001,0.0,0.2369859367609024,1,81
113,E2,0.24975945055484772,0.0022022570483386517,101.20140504837036,0.24427442252635956,0.016394734382629395,6,3558,0.2972259223461151,0.0,0.2277136966586113,1,82
113,E2,0.2497132569551468,0.005661753471940756,102.5321798324585,0.25502336025238037,0.004379749298095703,6,3626,0.29418882727622986,0.0,0.35529399663209915,-1,83
113,E2,0.25242483615875244,0.08009521663188934,103.82581973075867,0.2523263394832611,0.012570947408676147,6,3675,0.2480722814798355,0.0,0.21450570225715637,-1,84
113,E2,0.25239476561546326,0.08084696531295776,105.15045261383057,0.25780418515205383,0.004280358552932739,6,3724,0.21157445013523102,0.0,0.22891049087047577,-1,85
113,E2,0.2523632347583771,0.00570721784606576,106.46505165100098,0.2468435913324356,0.020679742097854614,6,3792,0.31801262497901917,0.0,0.2212352231144905,1,86
113,E2,0.24958796799182892,0.0014938991516828537,107.78183627128601,0.25489920377731323,0.008574634790420532,6,3818,0.27828946709632874,0.0,0.3468024358153343,-1,87
113,E2,0.24955792725086212,0.002215244108811021,109.06268191337585,0.24947281181812286,0.016678154468536377,6,3850,0.24861682951450348,0.0,0.2119728848338127,-1,88
113,E2,0.2495279163122177,0.0014880417147651315,109.81712341308594,0.2521710693836212,0.0083560049533844,6,3876,0.20843198895454407,0.0,0.22746117413043976,-1,89
113,E2,0.24950231611728668,0.005705578718334436,110.62764286994934,0.24402834475040436,0.016395658254623413,6,3944,0.3107479214668274,0.0,0.22098641097545624,1,90
113,E2,0.24675868451595306,0.08389265090227127,111.38961100578308,0.24930612742900848,0.008453994989395142,6,3993,0.2811647057533264,0.0,0.3491275981068611,-1,91
113,E2,0.24405084550380707,0.0022067914251238108,112.19028854370117,0.24128489196300507,0.016305774450302124,6,4025,0.21015964448451996,0.0,0.21680493652820587,1,92
113,E2,0.24134518206119537,0.08469127118587494,112.98420023918152,0.2466287463903427,0.004170268774032593,6,4074,0.1726178675889969,0.0,0.23513640463352203,-1,93
113,E2,0.24131453037261963,0.0014795562019571662,113.75461673736572,0.23336642980575562,0.019925028085708618,6,4100,0.27346479892730713,0.0,0.22716402262449265,1,94
113,E2,0.2360181361436844,0.005696331150829792,114.55602097511292,0.24113953113555908,0.008267760276794434,6,4168,0.3078562617301941,0.0,0.35672808438539505,-1,95
113,E2,0.23600207269191742,0.0022119798231869936,115.36123514175415,0.23328734934329987,0.011964410543441772,6,4200,0.17646221816539764,0.0,0.22422851622104645,-1,96
113,E2,0.23077744245529175,0.002226375974714756,116.12530636787415,0.2358739972114563,0.00803452730178833,6,4232,0.14441272616386414,0.0,0.24283138662576675,-1,97
113,E2,0.2307516187429428,0.00146920932456851,116.90126395225525,0.22812922298908234,0.011697173118591309,6,4258,0.24234837293624878,0.0,0.23341339826583862,-1,98
113,E2,0.22560708224773407,0.08631832897663116,117.66137218475342,0.23057369887828827,0.008021682500839233,6,4307,0.3430321514606476,0.0,0.3657086715102196,-1,99
113,E2,0.22559116780757904,0.005678769201040268,118.40158772468567,0.2229730486869812,0.011575460433959961,6,4375,0.13027583062648773,0.0,0.23312891274690628,1,100
113,E2,0.22556143999099731,0.002223596442490816,119.71486520767212,0.22803610563278198,0.003932595252990723,6,4407,0.13616369664669037,0.0,0.2481517568230629,1,101
113,E2,0.22050265967845917,0.0014561600983142853,121.00626039505005,0.21796488761901855,0.019017845392227173,6,4433,0.21417175233364105,0.0,0.23718509078025818,-1,102
113,E2,0.2204819917678833,0.08714425563812256,122.31259894371033,0.22537575662136078,0.00019049644470214844,6,4482,0.3647637963294983,0.0,0.3702562153339386,-1,103
113,E2,0.2204635590314865,0.0056309145875275135,123.62449598312378,0.21789394319057465,0.011395663022994995,6,4550,0.11963740736246109,0.0,0.2369563803076744,1,104
113,E2,0.2179638147354126,0.0014614309184253216,124.9559371471405,0.22287309169769287,0.003896385431289673,6,4576,0.14084923267364502,0.0,0.2521103248000145,-1,105
113,E2,0.2179456353187561,0.002241460606455803,126.24401330947876,0.21296347677707672,0.01872032880783081,6,4608,0.2055502086877823,0.0,0.23966526985168457,-1,106
113,E2,0.2154400497674942,0.08825723081827164,127.57223224639893,0.22026340663433075,0.00396457314491272,6,4657,0.3753056824207306,0.0,0.37019967287778854,-1,107
113,E2,0.21541893482208252,0.005545666441321373,128.8784623146057,0.21536026895046234,0.011293262243270874,6,4725,0.11869122833013535,0.0,0.23824593424797058,-1,108
113,E2,0.2178880125284195,0.0892593041062355,130.20031118392944,0.2202998399734497,0.0038416385650634766,6,4774,0.13886170089244843,0.0,0.25059885531663895,1,109
113,E2,0.2178606390953064,0.002232604892924428,131.50310730934143,0.21291549503803253,0.01488405466079712,6,4806,0.20002998411655426,0.0,0.23958143591880798,1,110
113,E2,0.21539358794689178,0.005672047380357981,132.83798575401306,0.2202196568250656,0.003926575183868408,6,4874,0.3723178207874298,0.0,0.3673909232020378,-1,111
113,E2,0.21536745131015778,0.0014219573931768537,134.1346788406372,0.2128457874059677,0.014955192804336548,6,4900,0.11936749517917633,0.0,0.23555639386177063,1,112
113,E2,0.2153506726026535,0.0014161631697788835,135.44988417625427,0.22022993862628937,0.003870248794555664,6,4926,0.13971878588199615,0.0,0.24783367663621902,1,113
113,E2,0.2178102731704712,0.0022631536703556776,136.74125790596008,0.2128431797027588,0.014925897121429443,6,4958,0.2087264060974121,0.0,0.23682910203933716,-1,114
113,E2,0.21779794991016388,0.09153617918491364,138.06419610977173,0.2226678878068924,0.0001685023307800293,6,5007,0.3529152572154999,0.0,0.3607470318675041,-1,115
113,E2,0.21777896583080292,0.005587275605648756,139.37325072288513,0.21523092687129974,0.011295199394226074,6,5075,0.1251201182603836,0.0,0.23284898698329926,1,116
113,E2,0.21775458753108978,0.0022364649921655655,140.69512557983398,0.22017835080623627,0.007660210132598877,6,5107,0.13804152607917786,0.0,0.24365871399641037,1,117
113,E2,0.22023822367191315,0.0013992947060614824,141.99485111236572,0.21523155272006989,0.015040606260299683,6,5133,0.22396528720855713,0.0,0.2315424308180809,-1,118
113,E2,0.22022569179534912,0.005534900818020105,143.32235598564148,0.2226138561964035,0.003954261541366577,6,5201,0.33850759267807007,0.0,0.3554214611649513,1,119
113,E2,0.2177276611328125,0.09357990324497223,144.60310101509094,0.21518200635910034,0.018920332193374634,6,5250,0.12828978896141052,0.0,0.23020170629024506,1,120
113,E2,0.22020737826824188,0.001385405077598989,145.88952159881592,0.22517436742782593,0.003888547420501709,6,5276,0.14026302099227905,0.0,0.23955603688955307,1,121
113,E2,0.22018885612487793,0.0022555619943886995,147.21031546592712,0.2176569253206253,0.011331140995025635,6,5308,0.22551725804805756,0.0,0.22891011834144592,1,122
113,E2,0.2201704978942871,0.005518923047930002,148.52912425994873,0.22510045766830444,0.00016519427299499512,6,5376,0.32856905460357666,0.0,0.3501458317041397,1,123
113,E2,0.22015559673309326,0.094507597386837,149.8453438282013,0.22009801864624023,0.011480450630187988,6,5425,0.14677082002162933,0.0,0.22503527253866196,-1,124
113,E2,0.22015875577926636,0.001356963999569416,151.13534951210022,0.22513054311275482,0.003892958164215088,6,5451,0.1464151293039322,0.0,0.23548434674739838,-1,125
113,E2,0.22013580799102783,0.002278950298205018,152.456285238266,0.21513356268405914,0.018862396478652954,6,5483,0.2372308373451233,0.0,0.2262570708990097,-1,126
113,E2,0.22012944519519806,0.005595109891146421,153.76428031921387,0.22506175935268402,0.0001437067985534668,6,5551,0.31858959794044495,0.0,0.3429587632417679,-1,127
113,E2,0.22263438999652863,0.09592768549919128,155.0828413963318,0.22005654871463776,0.007623612880706787,6,5600,0.1533089578151703,0.0,0.22370538115501404,1,128
113,E2,0.22011806070804596,0.005561695899814367,156.39148569107056,0.22254513204097748,0.0038971900939941406,6,5668,0.14997641742229462,0.0,0.2340841144323349,-1,129
113,E2,0.22009648382663727,0.0013319121208041906,157.71120858192444,0.21509049832820892,0.01505240797996521,6,5694,0.23378406465053558,0.0,0.22492466121912003,1,130
113,E2,0.21760253608226776,0.0968509092926979,158.99355626106262,0.22249306738376617,0.003937780857086182,6,5743,0.3242812752723694,0.0,0.342925988137722,-1,131
113,E2,0.21759118139743805,0.0022698475513607264,160.28948616981506,0.21505163609981537,0.011295229196548462,6,5775,0.15164697170257568,0.0,0.22239269316196442,-1,132
113,E2,0.21757341921329498,0.002280977787449956,161.60191655158997,0.22000621259212494,0.003821820020675659,6,5807,0.1501336246728897,0.0,0.232699915766716,-1,133
113,E2,0.21757756173610687,0.005539142992347479,162.91661429405212,0.2126130610704422,0.011138767004013062,6,5875,0.23417595028877258,0.0,0.22360309958457947,1,134
113,E2,0.21508264541625977,0.09771689027547836,164.239426612854,0.21745245158672333,0.003870666027069092,6,5924,0.3303869068622589,0.0,0.34094706177711487,-1,135
113,E2,0.21508343517780304,0.0013061221688985825,165.53413939476013,0.21257717907428741,0.011186599731445312,6,5950,0.1493573933839798,0.0,0.22361677139997482,-1,136
113,E2,0.21506474912166595,0.00553463539108634,166.86844658851624,0.2199672907590866,6.80387020111084e-05,6,6018,0.15143342316150665,0.0,0.23392964154481888,-1,137
113,E2,0.2126077562570572,0.002287477720528841,168.17151808738708,0.21015210449695587,0.0147666335105896,6,6050,0.2328868955373764,0.0,0.2222839593887329,-1,138
113,E2,0.21505747735500336,0.09810303896665573,169.3515157699585,0.2149469405412674,0.0038473904132843018,6,6099,0.33401039242744446,0.0,0.34023628383874893,-1,139
113,E2,0.21259742975234985,0.0012868968769907951,170.50076174736023,0.21011221408843994,0.014824092388153076,6,6125,0.14960844814777374,0.0,0.22358933091163635,-1,140
113,E2,0.21258153021335602,0.001288731349632144,171.27770233154297,0.21744948625564575,7.140636444091797e-05,6,6151,0.15338420867919922,0.0,0.23390691727399826,-1,141
113,E2,0.21258671581745148,0.005622156895697117,172.07438778877258,0.20770764350891113,0.010949939489364624,6,6219,0.22862903773784637,0.0,0.22222843766212463,1,142
113,E2,0.21015064418315887,0.09946972876787186,172.87984418869019,0.2124701887369156,0.007525831460952759,6,6268,0.3444923460483551,0.0,0.33701928704977036,-1,143
113,E2,0.210134819149971,0.002280770568177104,173.65198516845703,0.20767027139663696,0.011012464761734009,6,6300,0.14822116494178772,0.0,0.22229217737913132,1,144
113,E2,0.21013318002223969,0.09992377460002899,174.4498963356018,0.2149379402399063,7.450580596923828e-05,6,6349,0.15548861026763916,0.0,0.23127630352973938,-1,145
113,E2,0.21012115478515625,0.0023032170720398426,175.24668979644775,0.20528317987918854,0.01455959677696228,6,6381,0.22544613480567932,0.0,0.22218622267246246,1,146
113,E2,0.21012665331363678,0.0012742551043629646,176.00325655937195,0.21244758367538452,0.0038129687309265137,6,6407,0.34589695930480957,0.0,0.33314981311559677,1,147
113,E2,0.2101091891527176,0.00561679108068347,176.80583310127258,0.20764613151550293,0.011019349098205566,6,6475,0.15276801586151123,0.0,0.22101550549268723,1,148
113,E2,0.21011410653591156,0.005613604560494423,177.61214756965637,0.2124761939048767,6.979703903198242e-05,6,6543,0.15822342038154602,0.0,0.22859406471252441,1,149
113,E2,0.20769111812114716,0.0022939941845834255,178.38749957084656,0.20525789260864258,0.01455765962600708,6,6575,0.23953136801719666,0.0,0.2171575427055359,-1,150
113,E2,0.2101043313741684,0.10183264315128326,179.1211452484131,0.2124294489622116,0.00013265013694763184,6,6624,0.3468981087207794,0.0,0.33122017979621887,-1,151
113,E2,0.20768272876739502,0.001245934166945517,180.14215970039368,0.2052372246980667,0.014593392610549927,6,6650,0.15733161568641663,0.0,0.2184881493449211,1,152
113,E2,0.20768655836582184,0.001250558183528483,181.42136764526367,0.21244974434375763,7.230043411254883e-05,6,6676,0.16211695969104767,0.0,0.2247055098414421,1,153
113,E2,0.21009398996829987,0.002309831092134118,182.71198296546936,0.2028721123933792,0.014437884092330933,6,6708,0.25470080971717834,0.0,0.2146611586213112,-1,154
113,E2,0.20767511427402496,0.10269057005643845,184.02878189086914,0.21241874992847443,0.00011682510375976562,6,6757,0.3488497734069824,0.0,0.32616087049245834,-1,155
113,E2,0.2076798677444458,0.005652857478708029,185.33589816093445,0.2052362561225891,0.010890960693359375,6,6825,0.16589821875095367,0.0,0.21475381404161453,1,156
113,E2,0.20768068730831146,0.005677604116499424,186.6687593460083,0.2100047618150711,0.0037297308444976807,6,6893,0.16999086737632751,0.0,0.22215620428323746,-1,157
113,E2,0.20768427848815918,0.002334308112040162,187.9559509754181,0.20286814868450165,0.014437645673751831,6,6925,0.2483609914779663,0.0,0.213380366563797,1,158
113,E2,0.20529372990131378,0.001214414369314909,189.23884844779968,0.20997492969036102,0.00013971328735351562,6,6951,0.35530441999435425,0.0,0.3211387023329735,-1,159
113,E2,0.2076774686574936,0.10422959923744202,190.55690574645996,0.2028481513261795,0.010838806629180908,6,7000,0.17480793595314026,0.0,0.21107777208089828,1,160
